species_a,species_b,n,n_regions,n_countries,n_both_damage,same_year,same_year_lo,same_year_hi,beyond_year,beyond_year_lo,beyond_year_hi,lag_ab,lag_ab_lo,lag_ab_hi,lag_ba,lag_ba_lo,lag_ba_hi,co_occur,co_occur_lo,co_occur_hi,n_co_occur,transferability,countries_n10,same_year_sure,beyond_year_sure,lag_ab_sure,lag_ba_sure,link
CambXyl_con&BB_con&BO,CambXyl_con&BB_con&SM,46,2,1,13,0.40042944557789645,NA,NA,-0.08893995324987732,NA,NA,0.027179211021502406,NA,NA,0.13129667079869248,NA,NA,0.588015015982931,0.40982889088474744,0.7215539086084302,345,insufficient data,DE,FALSE,FALSE,FALSE,FALSE,no clear link
CambXyl_con&BB_con&BO,CambXyl_con&BO,46,2,1,6,-0.015700260870400468,NA,NA,-0.15395261001477445,NA,NA,-0.25558735135433885,NA,NA,0.2453515710205368,NA,NA,0.33109291193103846,0.2456804888303349,0.4366363023205946,345,insufficient data,DE,FALSE,FALSE,FALSE,FALSE,no clear link
CambXyl_con&BB_con&BO,CambXyl_con&MD,23,1,1,8,-0.07276338550706798,NA,NA,-0.06057767382527122,NA,NA,0.010082161514269012,NA,NA,0.045072665597323626,NA,NA,0.37900137922512295,0.26379713405641664,0.5801020052700528,345,insufficient data,DE,FALSE,FALSE,FALSE,FALSE,no clear link
CambXyl_con&BB_con&BO,Def_dec,0,0,0,0,NA,NA,NA,NA,NA,NA,NA,NA,NA,NA,NA,NA,-0.021343368023828455,-0.039411856648126936,-0.008270290104793679,345,insufficient data,NA,FALSE,FALSE,FALSE,FALSE,not enough data
CambXyl_con&BB_con&BO,Def_dec&DB,195,9,2,87,0.15476225866383506,-0.05924409257155667,0.3845447311128171,0.12070218583510862,-0.08303530922815396,0.33412717784046514,-0.005106695328500696,-0.12931134050562426,0.11351467150502677,-0.04507851020426708,-0.17528469957917084,0.11288115365344069,0.4836485301313821,0.21338885676916283,0.7041237432801567,534,inconsistent,"AT,DE",FALSE,FALSE,FALSE,FALSE,no clear link
CambXyl_con&BB_con&BO,agr_big,69,3,1,21,-0.059048366597316694,NA,NA,0.0663828252348464,NA,NA,0.12249830863719251,NA,NA,0.06624457516621597,NA,NA,0.23580387363316013,-0.09004244490090751,0.39534894785767855,345,insufficient data,DE,FALSE,FALSE,FALSE,FALSE,no clear link
CambXyl_con&BB_con&BO,agr_vir,69,3,1,13,0.003370578998842854,NA,NA,0.1274076588091582,NA,NA,0.1341853374326257,NA,NA,0.12226684753261763,NA,NA,0.26701936653595587,-0.04955888123394637,0.47457085088539874,345,insufficient data,DE,FALSE,FALSE,FALSE,FALSE,no clear link
CambXyl_con&BB_con&BO,bup_pin,23,1,1,4,0.6177253516644907,NA,NA,0.35594379025100614,NA,NA,0.058548110741332864,NA,NA,-0.10114027124833959,NA,NA,4.42633894872819e-4,-0.15681157221618974,0.3529667007026508,345,insufficient data,DE,FALSE,FALSE,FALSE,FALSE,no clear link
CambXyl_con&BB_con&BO,cep_spp,0,0,0,0,NA,NA,NA,NA,NA,NA,NA,NA,NA,NA,NA,NA,NA,NA,NA,0,insufficient data,NA,FALSE,FALSE,FALSE,FALSE,not enough data
CambXyl_con&BB_con&BO,clo_ana,0,0,0,0,NA,NA,NA,NA,NA,NA,NA,NA,NA,NA,NA,NA,NA,NA,NA,0,insufficient data,NA,FALSE,FALSE,FALSE,FALSE,not enough data
CambXyl_con&BB_con&BO,den_mic,0,0,0,0,NA,NA,NA,NA,NA,NA,NA,NA,NA,NA,NA,NA,-0.015070088192825378,-0.03253227590559977,-0.005839472060845606,345,insufficient data,NA,FALSE,FALSE,FALSE,FALSE,not enough data
CambXyl_con&BB_con&BO,den_pin,0,0,0,0,NA,NA,NA,NA,NA,NA,NA,NA,NA,NA,NA,NA,-0.09241751340826,-0.1613267951961497,-0.03181659699201385,345,insufficient data,NA,FALSE,FALSE,FALSE,FALSE,not enough data
CambXyl_con&BB_con&BO,dip_sp,174,8,2,42,0.011583588251076467,-0.1903716646534728,0.24234480876946665,-0.015759747628889934,-0.1750182818245738,0.16178593815363185,0.0017223990886724876,-0.15706313325719812,0.15145584765332595,-0.023117625633853372,-0.2591341332525125,0.1654201756820802,0.1626106364025777,-0.1074210611929505,0.45703589624120444,534,inconsistent,"AT,DE",FALSE,FALSE,FALSE,FALSE,no clear link
CambXyl_con&BB_con&BO,era_def,69,3,1,0,-0.21755077437398868,NA,NA,-0.31690456981623105,NA,NA,0.017612475553607163,NA,NA,-0.09958718642075806,NA,NA,-0.10264791958309162,-0.1764328285491588,-0.040535914262091986,345,insufficient data,DE,FALSE,FALSE,FALSE,FALSE,no clear link
CambXyl_con&BB_con&BO,geo_db,69,3,2,21,0.0581314550260122,NA,NA,0.04695059409103419,NA,NA,-0.11117018166750378,NA,NA,0.06982507746699673,NA,NA,0.2735892447649849,-0.061603961502795734,0.5968218633660887,368,inconsistent,"DE,HR",FALSE,FALSE,FALSE,FALSE,no clear link
CambXyl_con&BB_con&BO,ips_acu,69,3,1,0,-0.20007759886663357,NA,NA,0.09564600189373257,NA,NA,0.11542874645846908,NA,NA,0.2786893148830645,NA,NA,-0.12565161171323033,-0.21423927333784393,-0.04351426495457103,345,insufficient data,DE,FALSE,FALSE,FALSE,FALSE,no clear link
CambXyl_con&BB_con&BO,ips_ami,0,0,0,0,NA,NA,NA,NA,NA,NA,NA,NA,NA,NA,NA,NA,-0.050724540825089454,-0.09720888324619543,-0.014495608269481172,345,insufficient data,NA,FALSE,FALSE,FALSE,FALSE,not enough data
CambXyl_con&BB_con&BO,ips_cem,69,3,1,22,0.02424894799108295,NA,NA,0.2699165751872373,NA,NA,0.1317317642478,NA,NA,0.14095062891129603,NA,NA,0.17898483294396095,0.041619757885001205,0.3483656750466593,345,insufficient data,DE,FALSE,FALSE,FALSE,FALSE,no clear link
CambXyl_con&BB_con&BO,ips_dup,0,0,0,0,NA,NA,NA,NA,NA,NA,NA,NA,NA,NA,NA,NA,NA,NA,NA,0,insufficient data,NA,FALSE,FALSE,FALSE,FALSE,not enough data
CambXyl_con&BB_con&BO,ips_sex,46,2,1,0,-0.2755842068346394,NA,NA,0.01405365252436329,NA,NA,0.3334015666526399,NA,NA,0.21149526186444295,NA,NA,-0.15357377920848778,-0.2684934173145342,-0.05756526376270165,345,insufficient data,DE,FALSE,FALSE,FALSE,FALSE,no clear link
CambXyl_con&BB_con&BO,ips_typ,260,12,3,160,0.2566538490750496,0.006775750391596776,0.47820797610525173,0.2543423860629971,0.03683729126133855,0.4662439189886969,0.007977664222460802,-0.12062479414493885,0.12691147613864392,0.20869422171782387,0.09631193351285802,0.32825366129528144,0.3509191058129436,0.17627367535977834,0.5300134088428932,557,inconsistent,"AT,DE,HR",TRUE,TRUE,FALSE,TRUE,weak but real
CambXyl_con&BB_con&BO,lym_dis,218,10,3,79,0.22208914189214224,0.06785054711708866,0.3798359674667928,0.21649966905335039,0.06939171165705578,0.34956964709812866,0.18154505016489336,0.05538611007893671,0.29233031168020923,0.017681051269579733,-0.13746519573915464,0.1436871490978608,0.3254764742607787,0.16005896258050073,0.47913877944115985,557,consistent,"AT,DE,HR",TRUE,TRUE,TRUE,FALSE,weak but real
CambXyl_con&BB_con&BO,lym_mon,23,1,1,4,0.7936260747343145,NA,NA,0.4920042539596617,NA,NA,0.48053563727602217,NA,NA,0.4876149240549565,NA,NA,4.42633894872819e-4,-0.16975939699639517,0.36573134355497267,345,insufficient data,DE,FALSE,FALSE,FALSE,FALSE,no clear link
CambXyl_con&BB_con&BO,mel_spp,69,3,1,25,0.3266384348023231,NA,NA,0.3258833570129733,NA,NA,0.018060832717432244,NA,NA,0.08436999303264052,NA,NA,0.4965998850011269,0.3076202645811875,0.6157559900231758,345,insufficient data,DE,FALSE,FALSE,FALSE,FALSE,no clear link
CambXyl_con&BB_con&BO,neo_ser,0,0,0,0,NA,NA,NA,NA,NA,NA,NA,NA,NA,NA,NA,NA,-0.05305954499725111,-0.11050299959180883,-0.01023503388902094,345,insufficient data,NA,FALSE,FALSE,FALSE,FALSE,not enough data
CambXyl_con&BB_con&BO,ope_spp,46,2,1,1,-0.18464281038198482,NA,NA,-0.19407490521894197,NA,NA,-0.06604160026235413,NA,NA,0.38108612377057993,NA,NA,-0.07841082762907134,-0.14300487684112445,-0.0043381513593177675,345,insufficient data,DE,FALSE,FALSE,FALSE,FALSE,no clear link
CambXyl_con&BB_con&BO,pan_fla,23,1,1,4,0.8048371230685313,NA,NA,0.7577233057616424,NA,NA,0.4321097149555742,NA,NA,-0.19075041304461432,NA,NA,0.07649864914946919,-0.10799515328868722,0.48958471719866037,345,insufficient data,DE,FALSE,FALSE,FALSE,FALSE,no clear link
CambXyl_con&BB_con&BO,pha_cya,216,10,2,98,0.2739529177734577,0.007792201919346552,0.5294351175189477,0.2787911674051678,0.018847980299311177,0.5413428573923235,0.05699050253771489,-0.09197783183364903,0.20471550037336567,0.13214871160711958,-0.025618281152718404,0.32486027269798334,0.24004564320059055,-0.019476110685174554,0.48443988841944274,534,consistent,"AT,DE",TRUE,TRUE,FALSE,FALSE,weak but real
CambXyl_con&BB_con&BO,pis_pin,46,2,1,5,0.4323093313081473,NA,NA,0.4804965214731647,NA,NA,0.2575912515067415,NA,NA,0.081851954839742,NA,NA,0.014770799147848741,-0.16253556546878908,0.36992920591004036,345,insufficient data,DE,FALSE,FALSE,FALSE,FALSE,no clear link
CambXyl_con&BB_con&BO,pit_bid,23,1,1,0,-0.22156513687916324,NA,NA,0.016404993318078494,NA,NA,0.15219309242655668,NA,NA,-0.10272025003387146,NA,NA,-0.13339263212805202,-0.23298490384078901,-0.04376208866475322,345,insufficient data,DE,FALSE,FALSE,FALSE,FALSE,no clear link
CambXyl_con&BB_con&BO,pit_cha,237,11,2,140,0.22251242611474137,-0.017807710065459545,0.45626272343606095,0.222892407101082,-0.005229657010735736,0.4617281695324762,0.014923231765396451,-0.1798702559902579,0.183435528535564,0.10470754944439054,-0.05233454309992202,0.251959383917166,0.345894814993627,0.1803065738625547,0.5286507485735502,534,consistent,"AT,DE",FALSE,FALSE,FALSE,FALSE,no clear link
CambXyl_con&BB_con&BO,pit_spp,195,9,3,133,0.24899967534917553,-0.02818751348963271,0.46203778922455446,0.2636896556194703,0.09561348597877743,0.42207575719582674,-0.037944091201944266,-0.19139913778952844,0.10031249675705686,0.058336486279042074,-0.08315250479999314,0.20998673984711552,0.5623567764011334,0.2711890939601001,0.7766475528181768,557,inconsistent,"AT,DE,HR",FALSE,TRUE,FALSE,FALSE,no clear link
CambXyl_con&BB_con&BO,pol_pol,0,0,0,0,NA,NA,NA,NA,NA,NA,NA,NA,NA,NA,NA,NA,NA,NA,NA,0,insufficient data,NA,FALSE,FALSE,FALSE,FALSE,not enough data
CambXyl_con&BB_con&BO,pri_abi,23,1,1,2,0.11332176360300306,NA,NA,0.08531931527476268,NA,NA,0.2671503765614707,NA,NA,0.06804170739962083,NA,NA,-0.05155217860230611,-0.13639176268922854,0.07097942751175976,345,insufficient data,DE,FALSE,FALSE,FALSE,FALSE,no clear link
CambXyl_con&BB_con&BO,sap_car,0,0,0,0,NA,NA,NA,NA,NA,NA,NA,NA,NA,NA,NA,NA,-0.015070088192825378,-0.03180382540710121,-0.005839472060845606,345,insufficient data,NA,FALSE,FALSE,FALSE,FALSE,not enough data
CambXyl_con&BB_con&BO,sco_int,46,2,1,10,0.3654961652028063,NA,NA,0.3842492877589892,NA,NA,0.3056765009217673,NA,NA,0.12412430202994537,NA,NA,0.15423523089806018,-0.06865839079304917,0.3977589904606369,345,insufficient data,DE,FALSE,FALSE,FALSE,FALSE,no clear link
CambXyl_con&BB_con&BO,sco_rat,0,0,0,0,NA,NA,NA,NA,NA,NA,NA,NA,NA,NA,NA,NA,-0.09687696374214101,-0.17790718909527975,-0.022339121489694466,345,insufficient data,NA,FALSE,FALSE,FALSE,FALSE,not enough data
CambXyl_con&BB_con&BO,sco_sco,23,1,1,2,0.2817473930476846,NA,NA,0.21666054546763264,NA,NA,-0.015295775300687634,NA,NA,-0.03204050792112754,NA,NA,0.001809884344846122,-0.09451269676755927,0.1973086627004875,345,insufficient data,DE,FALSE,FALSE,FALSE,FALSE,no clear link
CambXyl_con&BB_con&BO,tet_gab,174,8,2,94,0.07339287631937812,-0.17699816456861012,0.33469202606814336,0.10686101647611351,-0.12990974540471897,0.3727366298395402,0.08597922444378292,-0.05147775751677904,0.23391789205308666,-0.07410880118609371,-0.2518629933910906,0.09515222328073575,0.43936472539746074,0.19111064928389884,0.6407852017407565,534,consistent,"AT,DE",FALSE,FALSE,FALSE,FALSE,no clear link
CambXyl_con&BB_con&BO,tet_spp,69,3,1,21,0.1939588055413299,NA,NA,0.22738081723628253,NA,NA,0.07442346377199624,NA,NA,-0.042813672356783315,NA,NA,0.4102211416389174,0.21891379107595738,0.5973615742605322,345,insufficient data,DE,FALSE,FALSE,FALSE,FALSE,no clear link
CambXyl_con&BB_con&BO,tha_pit,23,1,1,19,-0.6217247719356802,NA,NA,-0.769112268048811,NA,NA,-0.4267874664265783,NA,NA,-0.11125515505548222,NA,NA,0.43195170120719634,-0.08529650365862232,0.8070347072083386,368,insufficient data,HR,FALSE,FALSE,FALSE,FALSE,no clear link
CambXyl_con&BB_con&BO,tha_pro,69,3,1,20,0.10777719946167566,NA,NA,0.1332644992369107,NA,NA,-0.10444176964193876,NA,NA,-0.055923665060037674,NA,NA,0.2910329998559122,0.058767085874561885,0.4594176976738243,345,insufficient data,DE,FALSE,FALSE,FALSE,FALSE,no clear link
CambXyl_con&BB_con&BO,tom_spp,237,11,2,142,0.5390441793261151,0.3638673795494074,0.6981370991375593,0.554048441713131,0.41335760271567384,0.6830641489299124,0.2568616169413509,0.12411359460478401,0.3707712456954394,0.3063506674231564,0.17503067409803727,0.42725614596961364,0.4816447741367284,0.29898297136758756,0.6774925274384074,534,consistent,"AT,DE",TRUE,TRUE,TRUE,TRUE,"strong, beyond shared bad years"
CambXyl_con&BB_con&BO,tor_vir,69,3,1,3,-0.07555506164483235,NA,NA,-0.1747487295018274,NA,NA,-0.14829560783161852,NA,NA,0.11710739009813914,NA,NA,-0.10905596674870725,-0.20117256226936603,-0.02030014243499798,345,insufficient data,DE,FALSE,FALSE,FALSE,FALSE,no clear link
CambXyl_con&BB_con&BO,uro_sir_spp,23,1,1,1,0.20163660776972783,NA,NA,0.2595494250083509,NA,NA,0.2741037119999459,NA,NA,-0.2733979026786325,NA,NA,0.003403645213800529,-0.06795675072522554,0.21177936240075526,345,insufficient data,DE,FALSE,FALSE,FALSE,FALSE,no clear link
CambXyl_con&BB_con&BO,xyl_lin,46,2,1,0,-0.38622899102215574,NA,NA,-0.3169061355818835,NA,NA,-0.24510775672632318,NA,NA,-0.08509518177882729,NA,NA,-0.24083582362139136,-0.39333333805247317,-0.10025139169424332,345,insufficient data,DE,FALSE,FALSE,FALSE,FALSE,no clear link
CambXyl_con&BB_con&BO,xyl_spp,69,3,1,4,0.018922301649942113,NA,NA,0.08090637722789795,NA,NA,-0.16830769534741918,NA,NA,0.11173473353174496,NA,NA,-0.11764787599983574,-0.2966213088030097,0.12524792914405658,345,insufficient data,DE,FALSE,FALSE,FALSE,FALSE,no clear link
CambXyl_con&BB_con&BO,zei_gri,0,0,0,0,NA,NA,NA,NA,NA,NA,NA,NA,NA,NA,NA,NA,-0.030272467481030168,-0.06864523154433279,-0.011730205278592375,345,insufficient data,NA,FALSE,FALSE,FALSE,FALSE,not enough data
CambXyl_con&BB_con&SM,CambXyl_con&BO,46,2,1,7,0.21620744598922761,NA,NA,-0.083810557557592,NA,NA,0.007763418420505709,NA,NA,0.2809981017672947,NA,NA,0.47674482578103317,0.44412606643572206,0.5056803214531421,345,insufficient data,DE,FALSE,FALSE,FALSE,FALSE,no clear link
CambXyl_con&BB_con&SM,CambXyl_con&MD,23,1,1,10,0.5425991896891499,NA,NA,0.09457499668105644,NA,NA,0.17249815870530266,NA,NA,-0.036786840160052924,NA,NA,0.589134412722316,0.40637321785111175,0.810380415552133,345,insufficient data,DE,FALSE,FALSE,FALSE,FALSE,no clear link
CambXyl_con&BB_con&SM,Def_dec,0,0,0,0,NA,NA,NA,NA,NA,NA,NA,NA,NA,NA,NA,NA,-0.01791555695773179,-0.03391779807375454,-0.00830712645927286,345,insufficient data,NA,FALSE,FALSE,FALSE,FALSE,not enough data
CambXyl_con&BB_con&SM,Def_dec&DB,46,2,1,14,0.44845796712858993,NA,NA,0.023719437662557127,NA,NA,-0.13008216729550406,NA,NA,-0.13441160015006112,NA,NA,0.3536187319911305,0.1852906896262793,0.5602742366784854,345,insufficient data,DE,FALSE,FALSE,FALSE,FALSE,no clear link
CambXyl_con&BB_con&SM,agr_big,46,2,1,18,-0.31814835511866024,NA,NA,0.05756456863647677,NA,NA,0.08252559415634322,NA,NA,0.08758480591082153,NA,NA,0.2739129003694694,0.16085077745584922,0.41199553833793234,345,insufficient data,DE,FALSE,FALSE,FALSE,FALSE,no clear link
CambXyl_con&BB_con&SM,agr_vir,46,2,1,13,0.24630907020242818,NA,NA,0.17259129800452452,NA,NA,0.10481718850330092,NA,NA,0.19258564460348354,NA,NA,0.35188986725921767,0.0870331992600498,0.5753968041505917,345,insufficient data,DE,FALSE,FALSE,FALSE,FALSE,no clear link
CambXyl_con&BB_con&SM,bup_pin,0,0,0,0,NA,NA,NA,NA,NA,NA,NA,NA,NA,NA,NA,NA,-0.10217501779451627,-0.16469802389960628,-0.058055922934323156,345,insufficient data,NA,FALSE,FALSE,FALSE,FALSE,not enough data
CambXyl_con&BB_con&SM,cep_spp,0,0,0,0,NA,NA,NA,NA,NA,NA,NA,NA,NA,NA,NA,NA,NA,NA,NA,0,insufficient data,NA,FALSE,FALSE,FALSE,FALSE,not enough data
CambXyl_con&BB_con&SM,clo_ana,0,0,0,0,NA,NA,NA,NA,NA,NA,NA,NA,NA,NA,NA,NA,NA,NA,NA,0,insufficient data,NA,FALSE,FALSE,FALSE,FALSE,not enough data
CambXyl_con&BB_con&SM,den_mic,0,0,0,0,NA,NA,NA,NA,NA,NA,NA,NA,NA,NA,NA,NA,-0.012649785313882023,-0.029950995334911953,-0.00830712645927286,345,insufficient data,NA,FALSE,FALSE,FALSE,FALSE,not enough data
CambXyl_con&BB_con&SM,den_pin,0,0,0,0,NA,NA,NA,NA,NA,NA,NA,NA,NA,NA,NA,NA,-0.07757497427346664,-0.14203235985359947,-0.028294226640430725,345,insufficient data,NA,FALSE,FALSE,FALSE,FALSE,not enough data
CambXyl_con&BB_con&SM,dip_sp,46,2,1,1,-0.26143808090395076,NA,NA,-0.041314228422543946,NA,NA,-0.04276580483707215,NA,NA,-0.45443796351986515,NA,NA,-0.0692792713511209,-0.15936224089026468,0.007997867519620916,345,insufficient data,DE,FALSE,FALSE,FALSE,FALSE,no clear link
CambXyl_con&BB_con&SM,era_def,46,2,1,0,-0.24549439001010348,NA,NA,-3.8058639201118917e-4,NA,NA,-2.2553722424357585e-4,NA,NA,-0.0011640872285804005,NA,NA,-0.08616234550378528,-0.1559322223970683,-0.040210560081130414,345,insufficient data,DE,FALSE,FALSE,FALSE,FALSE,no clear link
CambXyl_con&BB_con&SM,geo_db,46,2,1,3,0.04182563996401112,NA,NA,-0.24518767465487612,NA,NA,0.17659723756690623,NA,NA,0.16510094844319673,NA,NA,0.018667542044952298,-0.11225764711477003,0.22670205166958202,345,insufficient data,DE,FALSE,FALSE,FALSE,FALSE,no clear link
CambXyl_con&BB_con&SM,ips_acu,46,2,1,1,-0.051170256560591244,NA,NA,0.052656820806610966,NA,NA,-0.026979569584929274,NA,NA,-0.17891119159705404,NA,NA,-0.0706174614802075,-0.16802410097323497,0.04722932781308078,345,insufficient data,DE,FALSE,FALSE,FALSE,FALSE,no clear link
CambXyl_con&BB_con&SM,ips_ami,0,0,0,0,NA,NA,NA,NA,NA,NA,NA,NA,NA,NA,NA,NA,-0.042578022329564535,-0.08648619491133633,-0.013193059901131718,345,insufficient data,NA,FALSE,FALSE,FALSE,FALSE,not enough data
CambXyl_con&BB_con&SM,ips_cem,46,2,1,14,-0.5963053050449754,NA,NA,-0.1647162412218006,NA,NA,0.022279664654172644,NA,NA,0.12423826918007431,NA,NA,0.10189588506616769,-0.04567197009740018,0.24870315674744398,345,insufficient data,DE,FALSE,FALSE,FALSE,FALSE,no clear link
CambXyl_con&BB_con&SM,ips_dup,0,0,0,0,NA,NA,NA,NA,NA,NA,NA,NA,NA,NA,NA,NA,NA,NA,NA,0,insufficient data,NA,FALSE,FALSE,FALSE,FALSE,not enough data
CambXyl_con&BB_con&SM,ips_sex,46,2,1,0,-0.24389783284653566,NA,NA,1.9547325903180535e-4,NA,NA,2.6887697243533796e-4,NA,NA,0.007493298655319993,NA,NA,-0.128909354210267,-0.23521684122974074,-0.0573814397680442,345,insufficient data,DE,FALSE,FALSE,FALSE,FALSE,no clear link
CambXyl_con&BB_con&SM,ips_typ,46,2,1,14,-0.6208701363135091,NA,NA,-0.16793262141190318,NA,NA,0.06521824787560472,NA,NA,0.015505221816477559,NA,NA,0.09028279626526302,-0.07251222342449973,0.23702164306719045,345,insufficient data,DE,FALSE,FALSE,FALSE,FALSE,no clear link
CambXyl_con&BB_con&SM,lym_dis,46,2,1,14,0.08992415101059414,NA,NA,0.09909611084211056,NA,NA,-0.055305812289212226,NA,NA,0.2338406115724126,NA,NA,0.2948670339289611,0.13696466214619368,0.4720078336596305,345,insufficient data,DE,FALSE,FALSE,FALSE,FALSE,no clear link
CambXyl_con&BB_con&SM,lym_mon,0,0,0,0,NA,NA,NA,NA,NA,NA,NA,NA,NA,NA,NA,NA,-0.10217501779451627,-0.17374546107202396,-0.050943561916211064,345,insufficient data,NA,FALSE,FALSE,FALSE,FALSE,not enough data
CambXyl_con&BB_con&SM,mel_spp,46,2,1,18,0.22253800186976816,NA,NA,-0.06283869451574797,NA,NA,0.0796857201527782,NA,NA,-0.03495404762150696,NA,NA,0.4168444040794306,0.29233532228045755,0.5151338225884883,345,insufficient data,DE,FALSE,FALSE,FALSE,FALSE,no clear link
CambXyl_con&BB_con&SM,neo_ser,0,0,0,0,NA,NA,NA,NA,NA,NA,NA,NA,NA,NA,NA,NA,-0.044538017593489125,-0.10149460392297717,-0.009315332801332623,345,insufficient data,NA,FALSE,FALSE,FALSE,FALSE,not enough data
CambXyl_con&BB_con&SM,ope_spp,46,2,1,1,-0.15383990674347625,NA,NA,-0.0507679595307606,NA,NA,0.35424188342789376,NA,NA,-0.1433037062238129,NA,NA,-0.05517858204525622,-0.1296116417400389,0.025619757100898442,345,insufficient data,DE,FALSE,FALSE,FALSE,FALSE,no clear link
CambXyl_con&BB_con&SM,pan_fla,0,0,0,0,NA,NA,NA,NA,NA,NA,NA,NA,NA,NA,NA,NA,-0.07107515801015749,-0.11719060844620785,-0.03376393426649452,345,insufficient data,NA,FALSE,FALSE,FALSE,FALSE,not enough data
CambXyl_con&BB_con&SM,pha_cya,46,2,1,17,-0.15684754186581196,NA,NA,0.11306255304950975,NA,NA,0.1429790223827717,NA,NA,0.04355084481264834,NA,NA,0.1959261593810477,0.09698641816344811,0.3455427725654293,345,insufficient data,DE,FALSE,FALSE,FALSE,FALSE,no clear link
CambXyl_con&BB_con&SM,pis_pin,23,1,1,0,-0.2679619886936452,NA,NA,-0.05984406650627484,NA,NA,-0.09689098221488422,NA,NA,-0.035885458062226205,NA,NA,-0.10981584386736383,-0.20430188980307498,-0.046675126182199586,345,insufficient data,DE,FALSE,FALSE,FALSE,FALSE,no clear link
CambXyl_con&BB_con&SM,pit_bid,23,1,1,0,-0.18611254646236183,NA,NA,0.02952896384538219,NA,NA,0.03090116341678813,NA,NA,-0.03085735062928287,NA,NA,-0.1119693619096959,-0.21187656633796903,-0.037981062396740387,345,insufficient data,DE,FALSE,FALSE,FALSE,FALSE,no clear link
CambXyl_con&BB_con&SM,pit_cha,46,2,1,11,-0.6155328156771573,NA,NA,-0.1765715481343606,NA,NA,0.11664104675666148,NA,NA,-0.0395782643815567,NA,NA,0.01900751086618465,-0.09507178506561328,0.11315830706678294,345,insufficient data,DE,FALSE,FALSE,FALSE,FALSE,no clear link
CambXyl_con&BB_con&SM,pit_spp,46,2,1,14,-0.19485959984782372,NA,NA,0.08114723200154603,NA,NA,0.051467928387262205,NA,NA,-8.667473985607429e-4,NA,NA,0.37378604529088805,0.178691081130902,0.5678946490035122,345,insufficient data,DE,FALSE,FALSE,FALSE,FALSE,no clear link
CambXyl_con&BB_con&SM,pol_pol,0,0,0,0,NA,NA,NA,NA,NA,NA,NA,NA,NA,NA,NA,NA,NA,NA,NA,0,insufficient data,NA,FALSE,FALSE,FALSE,FALSE,not enough data
CambXyl_con&BB_con&SM,pri_abi,23,1,1,0,-0.3345684224604586,NA,NA,-0.02168193654453713,NA,NA,-0.15120903922650722,NA,NA,-0.0670684195817778,NA,NA,-0.09659093507633547,-0.17279502682837547,-0.046046638773357004,345,insufficient data,DE,FALSE,FALSE,FALSE,FALSE,no clear link
CambXyl_con&BB_con&SM,sap_car,0,0,0,0,NA,NA,NA,NA,NA,NA,NA,NA,NA,NA,NA,NA,-0.012649785313882023,-0.027835367460565877,-0.00830712645927286,345,insufficient data,NA,FALSE,FALSE,FALSE,FALSE,not enough data
CambXyl_con&BB_con&SM,sco_int,46,2,1,11,0.6154330250403487,NA,NA,-3.7955782067273754e-4,NA,NA,-0.007307725691359879,NA,NA,-0.02566017650367927,NA,NA,0.25688804125635967,0.1220069742883651,0.5609202352557172,345,insufficient data,DE,FALSE,FALSE,FALSE,FALSE,no clear link
CambXyl_con&BB_con&SM,sco_rat,0,0,0,0,NA,NA,NA,NA,NA,NA,NA,NA,NA,NA,NA,NA,-0.0813182230600511,-0.1625446879581265,-0.018712439217016007,345,insufficient data,NA,FALSE,FALSE,FALSE,FALSE,not enough data
CambXyl_con&BB_con&SM,sco_sco,23,1,1,0,-0.2676943929006886,NA,NA,-0.040926690131325175,NA,NA,-0.17088932245253802,NA,NA,-0.19071646824323374,NA,NA,-0.0683645088903438,-0.12931464786964894,-0.027961029148003056,345,insufficient data,DE,FALSE,FALSE,FALSE,FALSE,no clear link
CambXyl_con&BB_con&SM,tet_gab,46,2,1,13,-0.41562211067990973,NA,NA,-0.1919251605479994,NA,NA,-0.17694533255117587,NA,NA,0.06121840474014844,NA,NA,0.24169554437148766,0.11810773256232766,0.3676525762477373,345,insufficient data,DE,FALSE,FALSE,FALSE,FALSE,no clear link
CambXyl_con&BB_con&SM,tet_spp,46,2,1,14,-0.13533920230271942,NA,NA,-0.018434528880432594,NA,NA,-0.1654670865956747,NA,NA,0.11201707678221579,NA,NA,0.3094384647666484,0.17671501515628438,0.42788784232737226,345,insufficient data,DE,FALSE,FALSE,FALSE,FALSE,no clear link
CambXyl_con&BB_con&SM,tha_pit,0,0,0,0,NA,NA,NA,NA,NA,NA,NA,NA,NA,NA,NA,NA,-0.042578022329564535,-0.10149649809635358,-0.027961029148003056,345,insufficient data,NA,FALSE,FALSE,FALSE,FALSE,not enough data
CambXyl_con&BB_con&SM,tha_pro,46,2,1,18,0.3129135890893612,NA,NA,0.07748079672168286,NA,NA,-0.0047824632153594,NA,NA,0.16701506786582193,NA,NA,0.3452272976555372,0.2040106632199265,0.5102057390661305,345,insufficient data,DE,FALSE,FALSE,FALSE,FALSE,no clear link
CambXyl_con&BB_con&SM,tom_spp,46,2,1,15,0.12721567842373077,NA,NA,-0.17283661835419145,NA,NA,0.16205938701020223,NA,NA,-0.05802337473019092,NA,NA,0.16120594000762448,0.06393055539470063,0.3231881113652929,345,insufficient data,DE,FALSE,FALSE,FALSE,FALSE,no clear link
CambXyl_con&BB_con&SM,tor_vir,46,2,1,1,-0.21414762490728567,NA,NA,-0.021283002837393022,NA,NA,0.1522761435620117,NA,NA,-0.01758179004174762,NA,NA,-0.1245812877071593,-0.2320771417180585,-0.04533051527666235,345,insufficient data,DE,FALSE,FALSE,FALSE,FALSE,no clear link
CambXyl_con&BB_con&SM,uro_sir_spp,23,1,1,0,-0.18611254646236183,NA,NA,0.0037292912911681994,NA,NA,-0.007146504785441491,NA,NA,-0.005598755393506902,NA,NA,-0.04642640017661423,-0.09586357913980169,-0.011765163877750515,345,insufficient data,DE,FALSE,FALSE,FALSE,FALSE,no clear link
CambXyl_con&BB_con&SM,xyl_lin,46,2,1,0,-0.34003444818021533,NA,NA,-0.009622692023659776,NA,NA,-0.0013523910486940769,NA,NA,-0.017266082027085104,NA,NA,-0.20215684379026774,-0.3584271345559466,-0.09833057580173164,345,insufficient data,DE,FALSE,FALSE,FALSE,FALSE,no clear link
CambXyl_con&BB_con&SM,xyl_spp,46,2,1,1,-0.3103685696707953,NA,NA,-0.015208859256744162,NA,NA,-0.025673102119656364,NA,NA,-0.027606517803481497,NA,NA,-0.14973333724477525,-0.28259936325699003,-0.0690045721553712,345,insufficient data,DE,FALSE,FALSE,FALSE,FALSE,no clear link
CambXyl_con&BB_con&SM,zei_gri,0,0,0,0,NA,NA,NA,NA,NA,NA,NA,NA,NA,NA,NA,NA,-0.02541061536314155,-0.05837342324356676,-0.016687176105503295,345,insufficient data,NA,FALSE,FALSE,FALSE,FALSE,not enough data
CambXyl_con&BO,CambXyl_con&MD,23,1,1,6,0.4085899793736814,NA,NA,0.013006952294596101,NA,NA,-0.038583738240526126,NA,NA,-0.049677104085348645,NA,NA,0.44670704787197896,0.302407368379503,0.6240036305771396,345,insufficient data,DE,FALSE,FALSE,FALSE,FALSE,no clear link
CambXyl_con&BO,Def_dec,0,0,0,0,NA,NA,NA,NA,NA,NA,NA,NA,NA,NA,NA,NA,-0.013857696546170823,-0.027812618866380454,-0.006538322262074268,345,insufficient data,NA,FALSE,FALSE,FALSE,FALSE,not enough data
CambXyl_con&BO,Def_dec&DB,46,2,1,5,-0.14624997885919855,NA,NA,-0.207171860474128,NA,NA,0.11581453767167452,NA,NA,0.15310830171152728,NA,NA,0.12351397646198134,0.039507256729730655,0.23639038314553143,345,insufficient data,DE,FALSE,FALSE,FALSE,FALSE,no clear link
CambXyl_con&BO,agr_big,46,2,1,11,-0.48523093396203837,NA,NA,-0.3008511975850872,NA,NA,0.14414904898628816,NA,NA,-0.24441895826373577,NA,NA,0.2118718308538815,0.12739808710040984,0.3223291856101521,345,insufficient data,DE,FALSE,FALSE,FALSE,FALSE,no clear link
CambXyl_con&BO,agr_vir,46,2,1,5,-0.21028859099322655,NA,NA,-0.2259526802180518,NA,NA,-0.017076281942163745,NA,NA,-0.03608136712568351,NA,NA,0.14138361844628874,0.0025319072527760327,0.2663660152476286,345,insufficient data,DE,FALSE,FALSE,FALSE,FALSE,no clear link
CambXyl_con&BO,bup_pin,0,0,0,0,NA,NA,NA,NA,NA,NA,NA,NA,NA,NA,NA,NA,-0.0790324517700773,-0.12385092458049538,-0.04503531245171771,345,insufficient data,NA,FALSE,FALSE,FALSE,FALSE,not enough data
CambXyl_con&BO,cep_spp,0,0,0,0,NA,NA,NA,NA,NA,NA,NA,NA,NA,NA,NA,NA,NA,NA,NA,0,insufficient data,NA,FALSE,FALSE,FALSE,FALSE,not enough data
CambXyl_con&BO,clo_ana,0,0,0,0,NA,NA,NA,NA,NA,NA,NA,NA,NA,NA,NA,NA,NA,NA,NA,0,insufficient data,NA,FALSE,FALSE,FALSE,FALSE,not enough data
CambXyl_con&BO,den_mic,0,0,0,0,NA,NA,NA,NA,NA,NA,NA,NA,NA,NA,NA,NA,-0.009784618288315769,-0.023121100693891287,-0.006538322262074268,345,insufficient data,NA,FALSE,FALSE,FALSE,FALSE,not enough data
CambXyl_con&BO,den_pin,0,0,0,0,NA,NA,NA,NA,NA,NA,NA,NA,NA,NA,NA,NA,-0.06000429992743087,-0.11488341914602995,-0.02301871309486427,345,insufficient data,NA,FALSE,FALSE,FALSE,FALSE,not enough data
CambXyl_con&BO,dip_sp,46,2,1,0,-0.2197696264453036,NA,NA,-0.05563379794579508,NA,NA,-0.1662413290334256,NA,NA,-0.012105886566024281,NA,NA,-0.08073545424938347,-0.14325913295500475,-0.03471301263537148,345,insufficient data,DE,FALSE,FALSE,FALSE,FALSE,no clear link
CambXyl_con&BO,era_def,46,2,1,0,-0.17031205440760822,NA,NA,-0.142379693725984,NA,NA,-0.22936265948307222,NA,NA,0.053938303974837065,NA,NA,-0.06664663792003879,-0.11735333571083918,-0.030858629358262057,345,insufficient data,DE,FALSE,FALSE,FALSE,FALSE,no clear link
CambXyl_con&BO,geo_db,46,2,1,2,0.07504624600914299,NA,NA,0.3460024023588016,NA,NA,0.3243271947207677,NA,NA,-0.14618835016489676,NA,NA,0.022384458620369294,-0.0846062018854154,0.2074987369250999,345,insufficient data,DE,FALSE,FALSE,FALSE,FALSE,no clear link
CambXyl_con&BO,ips_acu,46,2,1,0,-0.14309502033855018,NA,NA,-0.1949610510568594,NA,NA,-0.1687510721241933,NA,NA,-0.10565317794359289,NA,NA,-0.08158233994350134,-0.15011777274190652,-0.03462078222226826,345,insufficient data,DE,FALSE,FALSE,FALSE,FALSE,no clear link
CambXyl_con&BO,ips_ami,0,0,0,0,NA,NA,NA,NA,NA,NA,NA,NA,NA,NA,NA,NA,-0.03293413173652694,-0.0663766377970045,-0.01015883049335397,345,insufficient data,NA,FALSE,FALSE,FALSE,FALSE,not enough data
CambXyl_con&BO,ips_cem,46,2,1,11,0.0690729314005082,NA,NA,0.23468678824502287,NA,NA,0.07775425249982194,NA,NA,-0.07397893649007077,NA,NA,0.1601071466658572,0.08527445430041806,0.26780497503284195,345,insufficient data,DE,FALSE,FALSE,FALSE,FALSE,no clear link
CambXyl_con&BO,ips_dup,0,0,0,0,NA,NA,NA,NA,NA,NA,NA,NA,NA,NA,NA,NA,NA,NA,NA,0,insufficient data,NA,FALSE,FALSE,FALSE,FALSE,not enough data
CambXyl_con&BO,ips_sex,46,2,1,0,-0.16923579078471165,NA,NA,-0.14869823675768834,NA,NA,-0.1420935318574257,NA,NA,-0.23144862171211567,NA,NA,-0.09971148074398996,-0.19176821854955373,-0.040124538433550266,345,insufficient data,DE,FALSE,FALSE,FALSE,FALSE,no clear link
CambXyl_con&BO,ips_typ,69,3,2,34,0.18233600948312736,NA,NA,0.023044881257053406,NA,NA,0.04173535826325405,NA,NA,-0.12222698657936218,NA,NA,0.2529042791776535,0.08977958919195687,0.4520835934605591,368,consistent,"DE,SI",FALSE,FALSE,FALSE,FALSE,no clear link
CambXyl_con&BO,lym_dis,46,2,1,7,-0.22368969366303829,NA,NA,-0.01295995522839349,NA,NA,-0.09609960897074864,NA,NA,0.25591424775533267,NA,NA,0.1680392230417434,0.08600555866913409,0.2655347268773155,345,insufficient data,DE,FALSE,FALSE,FALSE,FALSE,no clear link
CambXyl_con&BO,lym_mon,0,0,0,0,NA,NA,NA,NA,NA,NA,NA,NA,NA,NA,NA,NA,-0.0790324517700773,-0.13303178226193418,-0.040551767362951095,345,insufficient data,NA,FALSE,FALSE,FALSE,FALSE,not enough data
CambXyl_con&BO,mel_spp,46,2,1,11,-0.0670962167597237,NA,NA,-0.09143494053943993,NA,NA,0.22404376886928506,NA,NA,0.0800958360041137,NA,NA,0.32242945459807226,0.2284384303502312,0.3928167303752959,345,insufficient data,DE,FALSE,FALSE,FALSE,FALSE,no clear link
CambXyl_con&BO,neo_ser,0,0,0,0,NA,NA,NA,NA,NA,NA,NA,NA,NA,NA,NA,NA,-0.03445018952158382,-0.07319862541786679,-0.007172929375527248,345,insufficient data,NA,FALSE,FALSE,FALSE,FALSE,not enough data
CambXyl_con&BO,ope_spp,46,2,1,0,-0.19373954305906851,NA,NA,0.10068896159838756,NA,NA,-0.07536697535166971,NA,NA,-0.08702661474187275,NA,NA,-0.07207155727359787,-0.12523476952727905,-0.03673677270935802,345,insufficient data,DE,FALSE,FALSE,FALSE,FALSE,no clear link
CambXyl_con&BO,pan_fla,0,0,0,0,NA,NA,NA,NA,NA,NA,NA,NA,NA,NA,NA,NA,-0.054976687244480946,-0.0908830766521492,-0.027607881518711637,345,insufficient data,NA,FALSE,FALSE,FALSE,FALSE,not enough data
CambXyl_con&BO,pha_cya,46,2,1,10,-0.2775604572294517,NA,NA,-0.05396660984378443,NA,NA,0.2609528578546188,NA,NA,0.034771485094602435,NA,NA,0.13869777357463636,0.0550788327868227,0.24468645907679126,345,insufficient data,DE,FALSE,FALSE,FALSE,FALSE,no clear link
CambXyl_con&BO,pis_pin,23,1,1,0,-0.1818665055313,NA,NA,0.08003884202916925,NA,NA,0.0014382872723565907,NA,NA,-0.2847273226247388,NA,NA,-0.0849426363838967,-0.15876568086126308,-0.037327774189891486,345,insufficient data,DE,FALSE,FALSE,FALSE,FALSE,no clear link
CambXyl_con&BO,pit_bid,23,1,1,0,-0.126315074110525,NA,NA,-0.01783468698745733,NA,NA,-0.17300564795424334,NA,NA,-0.08719823241379447,NA,NA,-0.0866083841810626,-0.15518559471593826,-0.02845168028730595,345,insufficient data,DE,FALSE,FALSE,FALSE,FALSE,no clear link
CambXyl_con&BO,pit_cha,69,3,2,20,0.19946240844398355,NA,NA,-0.07288821490196253,NA,NA,-0.04967019967253819,NA,NA,-0.24779924807715645,NA,NA,0.018287156795865376,-0.1776454043398272,0.22803368049558087,368,consistent,"DE,SI",FALSE,FALSE,FALSE,FALSE,no clear link
CambXyl_con&BO,pit_spp,69,3,2,34,0.34232828647433744,NA,NA,0.21853039432021593,NA,NA,0.04560078277016707,NA,NA,0.05231624470433823,NA,NA,0.5912206695433029,0.27021494107511923,0.9114207758701964,368,consistent,"DE,SI",FALSE,FALSE,FALSE,FALSE,no clear link
CambXyl_con&BO,pol_pol,0,0,0,0,NA,NA,NA,NA,NA,NA,NA,NA,NA,NA,NA,NA,NA,NA,NA,0,insufficient data,NA,FALSE,FALSE,FALSE,FALSE,not enough data
CambXyl_con&BO,pri_abi,23,1,1,0,-0.22707246707132053,NA,NA,0.12623457908863728,NA,NA,-0.006063006144342947,NA,NA,0.10055053054382837,NA,NA,-0.07471315966099942,-0.1292962244268571,-0.03386982231986201,345,insufficient data,DE,FALSE,FALSE,FALSE,FALSE,no clear link
CambXyl_con&BO,sap_car,0,0,0,0,NA,NA,NA,NA,NA,NA,NA,NA,NA,NA,NA,NA,-0.009784618288315769,-0.02040816326530612,-0.006538322262074268,345,insufficient data,NA,FALSE,FALSE,FALSE,FALSE,not enough data
CambXyl_con&BO,sco_int,46,2,1,7,0.4226891249451951,NA,NA,-0.17574238748981547,NA,NA,0.044013644111551724,NA,NA,-0.1847554213923318,NA,NA,0.21049282007641779,0.09109169984814636,0.41744574843191484,345,insufficient data,DE,FALSE,FALSE,FALSE,FALSE,no clear link
CambXyl_con&BO,sco_rat,0,0,0,0,NA,NA,NA,NA,NA,NA,NA,NA,NA,NA,NA,NA,-0.06289970563006647,-0.11991324444008408,-0.013342603146265532,345,insufficient data,NA,FALSE,FALSE,FALSE,FALSE,not enough data
CambXyl_con&BO,sco_sco,23,1,1,0,-0.18168488756377726,NA,NA,0.18625486497746074,NA,NA,0.13020024290804907,NA,NA,0.48235943089465416,NA,NA,-0.05287999814717036,-0.0965704285223172,-0.02230081775644725,345,insufficient data,DE,FALSE,FALSE,FALSE,FALSE,no clear link
CambXyl_con&BO,tet_gab,46,2,1,10,-0.15084846095658896,NA,NA,-0.059278012036528084,NA,NA,0.004726098744541114,NA,NA,-0.10630132964743566,NA,NA,0.2636391793065717,0.13428734009129925,0.37899997799873575,345,insufficient data,DE,FALSE,FALSE,FALSE,FALSE,no clear link
CambXyl_con&BO,tet_spp,46,2,1,10,-0.06629566544783358,NA,NA,-0.07509168504343637,NA,NA,0.00973087317866656,NA,NA,-0.013140990270988138,NA,NA,0.29632103995583875,0.1949463537706903,0.4037529789310375,345,insufficient data,DE,FALSE,FALSE,FALSE,FALSE,no clear link
CambXyl_con&BO,tha_pit,0,0,0,0,NA,NA,NA,NA,NA,NA,NA,NA,NA,NA,NA,NA,-0.03293413173652694,-0.07136137079503502,-0.022007395727655546,345,insufficient data,NA,FALSE,FALSE,FALSE,FALSE,not enough data
CambXyl_con&BO,tha_pro,46,2,1,11,0.2753810185803453,NA,NA,0.22252890793156002,NA,NA,0.29551848102040373,NA,NA,0.27085637342743496,NA,NA,0.2670335698550738,0.15888098732508898,0.3919376131618402,345,insufficient data,DE,FALSE,FALSE,FALSE,FALSE,no clear link
CambXyl_con&BO,tom_spp,46,2,1,6,-0.2999851652308982,NA,NA,-0.1838659018966131,NA,NA,-0.10279996590919284,NA,NA,-0.2993427061343975,NA,NA,0.02018427679016206,-0.0901516202547227,0.10155098250847408,345,insufficient data,DE,FALSE,FALSE,FALSE,FALSE,no clear link
CambXyl_con&BO,tor_vir,46,2,1,1,-0.11718395903150548,NA,NA,-0.022676887654463716,NA,NA,-0.19720544860217676,NA,NA,-0.04818718981782299,NA,NA,-0.08234369405432346,-0.16169233136820638,-0.010650435392679854,345,insufficient data,DE,FALSE,FALSE,FALSE,FALSE,no clear link
CambXyl_con&BO,uro_sir_spp,23,1,1,0,-0.126315074110525,NA,NA,-0.3154546635555691,NA,NA,-0.02663595314227533,NA,NA,-0.3347409803474857,NA,NA,-0.03591085484512142,-0.07527431339492825,-0.009260053193602348,345,insufficient data,DE,FALSE,FALSE,FALSE,FALSE,no clear link
CambXyl_con&BO,xyl_lin,46,2,1,4,0.36282935360827007,NA,NA,0.40055765996309267,NA,NA,0.025603583517228957,NA,NA,0.43325438578815106,NA,NA,-0.022918569530579774,-0.09867449806844318,0.07828256752580731,345,insufficient data,DE,FALSE,FALSE,FALSE,FALSE,no clear link
CambXyl_con&BO,xyl_spp,46,2,1,4,0.25422927671137563,NA,NA,0.35834166855491945,NA,NA,0.24766935778326904,NA,NA,0.27637973969490204,NA,NA,4.974324137859843e-4,-0.07276827173793424,0.10030915296747728,345,insufficient data,DE,FALSE,FALSE,FALSE,FALSE,no clear link
CambXyl_con&BO,zei_gri,0,0,0,0,NA,NA,NA,NA,NA,NA,NA,NA,NA,NA,NA,NA,-0.019655129761506664,-0.043217142199785744,-0.013134040459920513,345,insufficient data,NA,FALSE,FALSE,FALSE,FALSE,not enough data
CambXyl_con&MD,Def_dec,0,0,0,0,NA,NA,NA,NA,NA,NA,NA,NA,NA,NA,NA,NA,-0.01628008235137685,-0.03742405942825599,-0.011495012246792571,345,insufficient data,NA,FALSE,FALSE,FALSE,FALSE,not enough data
CambXyl_con&MD,Def_dec&DB,207,9,2,88,-0.03172351110377995,-0.14549779036035007,0.07575737299304121,0.1373070320487957,-0.09175888637033994,0.3222336566260134,-0.0041230302118398345,-0.0932957980967265,0.11503306040439405,0.053414269928218724,-0.020535881436423244,0.133626044396986,0.353429812349044,0.11978701220554253,0.5556943173292609,529,inconsistent,"CZ,DE",FALSE,FALSE,FALSE,FALSE,no clear link
CambXyl_con&MD,agr_big,23,1,1,15,-0.5679302367098098,NA,NA,-0.03159396756151424,NA,NA,-0.19546570454299605,NA,NA,-0.08087386551431683,NA,NA,0.24890795109749242,0.1847933779230929,0.4571593912353863,345,insufficient data,DE,FALSE,FALSE,FALSE,FALSE,no clear link
CambXyl_con&MD,agr_vir,23,1,1,13,0.23955636739227198,NA,NA,0.24489034880065044,NA,NA,-0.008575807564966844,NA,NA,0.5642601206069141,NA,NA,0.4026895446813979,0.3095759560453791,0.6331054043095596,345,insufficient data,DE,FALSE,FALSE,FALSE,FALSE,no clear link
CambXyl_con&MD,bup_pin,0,0,0,0,NA,NA,NA,NA,NA,NA,NA,NA,NA,NA,NA,NA,-0.09284766908852594,-0.18301461662620228,-0.06582501983859451,345,insufficient data,NA,FALSE,FALSE,FALSE,FALSE,not enough data
CambXyl_con&MD,cep_spp,161,7,1,77,-0.08729467552807127,-0.3115591801590457,0.1516660834229203,0.04762577168463433,-0.12029281531477112,0.2036692051451885,0.1470879544102629,-0.10258465258946714,0.4106866179857464,-0.005168906815567222,-0.043839971544302914,0.035434883870981544,0.24159163799304015,-0.05842371292873525,0.5164139423804337,184,insufficient data,CZ,FALSE,FALSE,FALSE,FALSE,no clear link
CambXyl_con&MD,clo_ana,0,0,0,0,NA,NA,NA,NA,NA,NA,NA,NA,NA,NA,NA,NA,NA,NA,NA,0,insufficient data,NA,FALSE,FALSE,FALSE,FALSE,not enough data
CambXyl_con&MD,den_mic,23,1,1,1,-0.019165484321685695,NA,NA,0.07475747991834208,NA,NA,-0.16849902805075298,NA,NA,-0.06682066198517837,NA,NA,0.031858424671156065,-0.043657490583045855,0.1202180000527856,529,insufficient data,CZ,FALSE,FALSE,FALSE,FALSE,no clear link
CambXyl_con&MD,den_pin,0,0,0,0,NA,NA,NA,NA,NA,NA,NA,NA,NA,NA,NA,NA,-0.07049331330070306,-0.15768245405019468,-0.028363801389869985,345,insufficient data,NA,FALSE,FALSE,FALSE,FALSE,not enough data
CambXyl_con&MD,dip_sp,23,1,1,3,-0.15203047166365852,NA,NA,0.1324390075085736,NA,NA,-0.07152786466807477,NA,NA,-0.28145333997301475,NA,NA,0.019968076595771794,-0.06112009239889423,0.1351327922718727,345,insufficient data,DE,FALSE,FALSE,FALSE,FALSE,no clear link
CambXyl_con&MD,era_def,23,1,1,0,-0.41447166147635073,NA,NA,-0.28729320474455977,NA,NA,-0.15286611894146085,NA,NA,0.06758327492471379,NA,NA,-0.07829676094909431,-0.16683839949601456,-0.04781497515040803,345,insufficient data,DE,FALSE,FALSE,FALSE,FALSE,no clear link
CambXyl_con&MD,geo_db,23,1,1,4,0.2470975298187842,NA,NA,0.15396403869833664,NA,NA,-0.007502757568128501,NA,NA,0.022615283785107836,NA,NA,0.07856742013183861,-7.659661975155792e-4,0.32171085868470256,345,insufficient data,DE,FALSE,FALSE,FALSE,FALSE,no clear link
CambXyl_con&MD,ips_acu,207,9,2,119,0.39856366387056996,0.19900309646985623,0.5733238686864374,0.1173061757526707,-0.07378411828928967,0.3136198461950582,-0.02379096319055584,-0.10501387682266405,0.0707874957969308,0.063134189708515,-0.146980981112078,0.2171219529443477,0.5555117342434619,0.2977267264791468,0.7448274526246608,529,inconsistent,"CZ,DE",TRUE,FALSE,FALSE,FALSE,"strong, mostly shared bad years"
CambXyl_con&MD,ips_ami,0,0,0,0,NA,NA,NA,NA,NA,NA,NA,NA,NA,NA,NA,NA,-0.03869116162670685,-0.09549463074504894,-0.01628008235137685,345,insufficient data,NA,FALSE,FALSE,FALSE,FALSE,not enough data
CambXyl_con&MD,ips_cem,23,1,1,11,-0.5080285918640388,NA,NA,-0.4264493068742526,NA,NA,0.25240956254556096,NA,NA,0.1419027083217796,NA,NA,0.07349390651833496,-0.021758762721486177,0.19772089772463605,345,insufficient data,DE,FALSE,FALSE,FALSE,FALSE,no clear link
CambXyl_con&MD,ips_dup,184,8,1,120,0.32381019760645086,0.20246650668825872,0.4552028482188662,0.008906729338813138,-0.1760592621059423,0.19417188750266026,-0.005599990687149711,-0.2155357664418341,0.16686347077882066,-0.06382275513149016,-0.23675248484227257,0.12851493986621146,0.39462461570363744,-0.05271905938387984,0.6468951220189787,184,insufficient data,CZ,TRUE,FALSE,FALSE,FALSE,"strong, mostly shared bad years"
CambXyl_con&MD,ips_sex,207,9,2,115,0.2621792154650376,0.06154205252793609,0.4501817832379036,-0.011897130238536205,-0.23381450877911075,0.2183777541674665,0.02949579494138676,-0.09603649808134748,0.1418726799210912,-0.02593429236474274,-0.16520981747797434,0.10367026794766458,0.4742654040794041,0.1955584386459079,0.68404502555411,529,inconsistent,"CZ,DE",TRUE,FALSE,FALSE,FALSE,weak but real
CambXyl_con&MD,ips_typ,207,9,2,139,0.3074949946386806,0.11358347277572932,0.46317034925086936,-0.14360563725971032,-0.32094867900301877,0.059685766759741195,0.13629783919941124,-0.06838775177473214,0.2825446126634472,-0.06510850239549322,-0.16511689179101147,0.04765818571384325,0.3302717086780605,0.1607952438896686,0.506930175956549,529,inconsistent,"CZ,DE",TRUE,FALSE,FALSE,FALSE,"strong, mostly shared bad years"
CambXyl_con&MD,lym_dis,161,7,2,20,-0.06913806778621184,-0.22267295322296757,0.1229975468568678,0.01101708638892005,-0.20081451340857587,0.1924334365323332,-0.09995402264808298,-0.23184250009486987,0.04539852687797661,-0.1844234513293968,-0.34893113388004127,0.004645527587286757,-0.06299065696423012,-0.21882329557019609,0.13706369572743474,529,consistent,"CZ,DE",FALSE,FALSE,FALSE,FALSE,no clear link
CambXyl_con&MD,lym_mon,138,6,1,74,-7.701405872143058e-4,-0.11390322432190636,0.11534187203472807,0.07914154298291325,-0.03002461933655849,0.17885854999508813,-0.03180957262250517,-0.20468003628514117,0.12516013995619626,0.01706032233181192,-0.14211180891102004,0.1458289993706826,0.3420736114070731,0.06308024870667497,0.5491813756010127,529,insufficient data,CZ,FALSE,FALSE,FALSE,FALSE,no clear link
CambXyl_con&MD,mel_spp,23,1,1,15,-0.37181353861969174,NA,NA,0.09265681234435456,NA,NA,0.16354755701510876,NA,NA,-0.13701102704033463,NA,NA,0.37879152973779034,0.2864261009548606,0.6359106300068653,345,insufficient data,DE,FALSE,FALSE,FALSE,FALSE,no clear link
CambXyl_con&MD,neo_ser,46,2,1,1,-0.1385423290230635,NA,NA,-0.036105340250286194,NA,NA,-0.1156506610492105,NA,NA,0.015183082346422083,NA,NA,-0.073836898065091,-0.16369975328040381,0.0717293065726017,529,insufficient data,CZ,FALSE,FALSE,FALSE,FALSE,no clear link
CambXyl_con&MD,ope_spp,23,1,1,1,-0.27135129003727565,NA,NA,-0.042619187365732336,NA,NA,0.2897326029120916,NA,NA,0.3178026062769689,NA,NA,-0.04323573440160244,-0.11556274217338298,0.01539833627437831,345,insufficient data,DE,FALSE,FALSE,FALSE,FALSE,no clear link
CambXyl_con&MD,pan_fla,23,1,1,1,0.23224287580754416,NA,NA,-0.21849236697330093,NA,NA,0.02816713399991571,NA,NA,-0.7166487610809646,NA,NA,-0.1308370556376497,-0.20034803390150807,-0.04298801783146789,529,insufficient data,CZ,FALSE,FALSE,FALSE,FALSE,no clear link
CambXyl_con&MD,pha_cya,207,9,2,125,0.25558267964124454,0.024417459633653396,0.45931326311096193,-0.0057001762508264355,-0.21887927179113442,0.21743915545633172,-0.02310368143625074,-0.2362621221795286,0.1738217229948092,-0.05653104283359525,-0.2331587481138762,0.1179229304190818,0.3351773099788783,0.13118561368624448,0.5245468860521664,529,inconsistent,"CZ,DE",TRUE,FALSE,FALSE,FALSE,weak but real
CambXyl_con&MD,pis_pin,23,1,1,0,-0.4132447049303443,NA,NA,-0.2036313536740119,NA,NA,-0.42866403447791557,NA,NA,0.21085309320072376,NA,NA,-0.09979097975377552,-0.22487121609010152,-0.054278245606577465,345,insufficient data,DE,FALSE,FALSE,FALSE,FALSE,no clear link
CambXyl_con&MD,pit_bid,23,1,1,0,-0.287018411535239,NA,NA,-0.08949765619296925,NA,NA,-0.19319828335129316,NA,NA,0.49999353826595233,NA,NA,-0.10174790753207784,-0.23354968324845687,-0.04701654391854812,345,insufficient data,DE,FALSE,FALSE,FALSE,FALSE,no clear link
CambXyl_con&MD,pit_cha,23,1,1,11,-0.43752968401052406,NA,NA,-0.4819254747100671,NA,NA,0.23432237411168047,NA,NA,0.1196607481185581,NA,NA,0.06992181867360273,-0.02124080661694113,0.20217584658532553,345,insufficient data,DE,FALSE,FALSE,FALSE,FALSE,no clear link
CambXyl_con&MD,pit_spp,207,9,2,120,0.3868752957230249,0.27075000362833634,0.49444135004157663,0.059362568127733,-0.08055460954047097,0.22267091462496286,-0.16944223465818464,-0.30454986685483326,-0.012729970323852717,0.01864043620202785,-0.15119805307667414,0.16653822330524043,0.6151993015460121,0.3937876554005773,0.793732116122879,529,inconsistent,"CZ,DE",TRUE,FALSE,TRUE,FALSE,"strong, mostly shared bad years"
CambXyl_con&MD,pol_pol,184,8,1,111,0.2217338760347831,-0.04619699493910328,0.4487266682758215,0.11454135932901752,-0.012243457098131778,0.2399191815309846,0.04199144203540463,-0.07791629420944296,0.15785669313904885,0.07688439880527682,-0.12656687886473844,0.25269556656255693,0.34381790618131497,-0.020719945337501613,0.6055503538018088,184,insufficient data,CZ,FALSE,FALSE,FALSE,FALSE,no clear link
CambXyl_con&MD,pri_abi,184,8,2,77,-0.24169837052052556,-0.38736310035216487,-0.0835187844767863,0.03298186215325157,-0.037125750030297,0.1462699531227381,0.03109800893092308,-0.1387010292277004,0.139306252258883,-0.04600290930196932,-0.14745053149268605,0.12597364202366873,0.31888652760292746,0.05386109876819446,0.5529293826771527,529,inconsistent,"CZ,DE",TRUE,FALSE,FALSE,FALSE,weak but real
CambXyl_con&MD,sap_car,0,0,0,0,NA,NA,NA,NA,NA,NA,NA,NA,NA,NA,NA,NA,-0.011495012246792571,-0.029574238257529466,-0.011495012246792571,345,insufficient data,NA,FALSE,FALSE,FALSE,FALSE,not enough data
CambXyl_con&MD,sco_int,207,9,2,81,0.33711950666930385,0.17487492629670445,0.5213540173402408,0.32179871025987394,0.16646116952785758,0.4523161369081996,-0.030187164660906613,-0.2005900854744529,0.11788216987138139,0.09061429466203731,-0.06253762679920433,0.24344117878569044,0.36565474022665545,0.19463653727108002,0.5193664427286367,529,consistent,"CZ,DE",TRUE,TRUE,FALSE,FALSE,"strong, beyond shared bad years"
CambXyl_con&MD,sco_rat,184,8,1,67,0.3842897970706356,0.17711334463391495,0.5676032551444763,0.18534420113655634,0.03277000217159209,0.31631593171284456,0.0756442899466412,-0.05844715826184685,0.20773732204586806,0.16606914668992798,0.035289212425596114,0.2987366877223288,0.35889295273960237,0.14638385802131837,0.5627883300864114,529,insufficient data,CZ,TRUE,TRUE,FALSE,TRUE,"strong, mostly shared bad years"
CambXyl_con&MD,sco_sco,23,1,1,0,-0.41283202496390564,NA,NA,-0.24279978482950573,NA,NA,0.09408476810593525,NA,NA,-0.008695033901971938,NA,NA,-0.06212365249219367,-0.1475920305014381,-0.03068169366221022,345,insufficient data,DE,FALSE,FALSE,FALSE,FALSE,no clear link
CambXyl_con&MD,tet_gab,69,3,2,15,-0.28844313453319853,NA,NA,-0.14771344610169493,NA,NA,0.18460913405802393,NA,NA,0.07073481795488337,NA,NA,-0.12093786369070578,-0.2927712861876703,0.0795115861509709,529,inconsistent,"CZ,DE",FALSE,FALSE,FALSE,FALSE,no clear link
CambXyl_con&MD,tet_spp,23,1,1,12,-0.3141758054767339,NA,NA,-0.18896837048641504,NA,NA,-0.2510834433836747,NA,NA,0.0010113687844189136,NA,NA,0.2925168700673253,0.18781097219408266,0.5561053985186045,345,insufficient data,DE,FALSE,FALSE,FALSE,FALSE,no clear link
CambXyl_con&MD,tha_pit,0,0,0,0,NA,NA,NA,NA,NA,NA,NA,NA,NA,NA,NA,NA,-0.03869116162670685,-0.10107778324762504,-0.03869116162670684,345,insufficient data,NA,FALSE,FALSE,FALSE,FALSE,not enough data
CambXyl_con&MD,tha_pro,23,1,1,15,0.6669559593540159,NA,NA,0.3831203024115438,NA,NA,0.07608915432577852,NA,NA,0.39909139193141957,NA,NA,0.31371220269821853,0.2319428126811227,0.5704556145508595,345,insufficient data,DE,FALSE,FALSE,FALSE,FALSE,no clear link
CambXyl_con&MD,tom_spp,207,9,2,134,0.2396955642856203,0.006786153956321636,0.41254363664407867,-0.029991914752385898,-0.15094554833633356,0.10843132061020493,0.038126346026075966,-0.12031491520105496,0.19019962487387154,-0.03318656022718807,-0.15957903995564268,0.11188583653395053,0.38566546455570017,0.1775706722125854,0.5683202257496601,529,inconsistent,"CZ,DE",TRUE,FALSE,FALSE,FALSE,weak but real
CambXyl_con&MD,tor_vir,23,1,1,2,-0.1878748028105495,NA,NA,-0.2853682546719263,NA,NA,-0.17613854439551066,NA,NA,0.25055138262678567,NA,NA,-0.07697278847334425,-0.1955562041149136,-0.004484551009242179,345,insufficient data,DE,FALSE,FALSE,FALSE,FALSE,no clear link
CambXyl_con&MD,uro_sir_spp,23,1,1,0,-0.287018411535239,NA,NA,-0.08480658425202098,NA,NA,-0.41192625978434827,NA,NA,-0.2108175622628693,NA,NA,-0.04218822891950706,-0.10590067644273117,-0.01628008235137685,345,insufficient data,DE,FALSE,FALSE,FALSE,FALSE,no clear link
CambXyl_con&MD,xyl_lin,23,1,1,4,0.4395034611066269,NA,NA,0.16510921354732133,NA,NA,-0.06267802418641592,NA,NA,-0.16445803420766691,NA,NA,-0.06873217490352689,-0.2223550543139733,0.03278846748992088,345,insufficient data,DE,FALSE,FALSE,FALSE,FALSE,no clear link
CambXyl_con&MD,xyl_spp,23,1,1,5,0.3834003930964955,NA,NA,0.33519360088124883,NA,NA,0.011306928757501892,NA,NA,-0.40655410297362915,NA,NA,-0.0128564869306645,-0.12344258264681075,0.09881468323948144,345,insufficient data,DE,FALSE,FALSE,FALSE,FALSE,no clear link
CambXyl_con&MD,zei_gri,161,7,1,58,-0.0335578961466258,-0.12844818855998483,0.06955856015273455,0.022567776224732276,-0.138528382190128,0.19710894898935302,0.15334070513642278,0.009624345168515366,0.25483734038229594,-0.05899131560752831,-0.2734543434776141,0.14198517480330844,0.4545216665998356,0.2793262841781944,0.6120304781887425,529,insufficient data,CZ,FALSE,FALSE,TRUE,FALSE,no clear link
Def_dec,Def_dec&DB,46,2,1,1,0.005859444997207841,NA,NA,0.041688676860264055,NA,NA,0.021521995531457356,NA,NA,0.05961615491217896,NA,NA,0.06084721540225727,-0.035462840600894746,0.15323317123001523,345,insufficient data,DE,FALSE,FALSE,FALSE,FALSE,no clear link
Def_dec,agr_big,46,2,1,1,0.041005586539887035,NA,NA,-0.19738490494406433,NA,NA,0.15925924934249527,NA,NA,-0.09463461118626268,NA,NA,0.011871643477676082,-0.07946560988273271,0.11979827646256486,345,insufficient data,DE,FALSE,FALSE,FALSE,FALSE,no clear link
Def_dec,agr_vir,23,1,1,0,-0.06411037315974936,NA,NA,-0.02985191242914553,NA,NA,-0.06864705499744886,NA,NA,0.051235880638029,NA,NA,-0.033971061828976495,-0.056015891083557263,-0.01782707299358848,345,insufficient data,DE,FALSE,FALSE,FALSE,FALSE,no clear link
Def_dec,bup_pin,46,2,1,1,-0.002263108920180249,NA,NA,0.07879416376747848,NA,NA,0.13032255039860297,NA,NA,0.1399379603739994,NA,NA,0.07104368184804567,-0.0406380075695458,0.21389288954789448,345,insufficient data,DE,FALSE,FALSE,FALSE,FALSE,no clear link
Def_dec,cep_spp,0,0,0,0,NA,NA,NA,NA,NA,NA,NA,NA,NA,NA,NA,NA,NA,NA,NA,0,insufficient data,NA,FALSE,FALSE,FALSE,FALSE,not enough data
Def_dec,clo_ana,0,0,0,0,NA,NA,NA,NA,NA,NA,NA,NA,NA,NA,NA,NA,NA,NA,NA,0,insufficient data,NA,FALSE,FALSE,FALSE,FALSE,not enough data
Def_dec,den_mic,0,0,0,0,NA,NA,NA,NA,NA,NA,NA,NA,NA,NA,NA,NA,-0.0041170744121731065,-0.009260053193602348,-0.0029069767441860465,345,insufficient data,NA,FALSE,FALSE,FALSE,FALSE,not enough data
Def_dec,den_pin,23,1,1,0,-0.08850993486026422,NA,NA,0.02851016594869565,NA,NA,0.14195341805313172,NA,NA,-0.42089048585241445,NA,NA,-0.025248012806650802,-0.04946385271064235,-0.009260053193602348,345,insufficient data,DE,FALSE,FALSE,FALSE,FALSE,no clear link
Def_dec,dip_sp,23,1,1,0,-0.15123501397980835,NA,NA,-0.12096815130947329,NA,NA,0.20728745950299873,NA,NA,0.02941383815708453,NA,NA,-0.033971061828976495,-0.064991374914119,-0.01534422706848529,345,insufficient data,DE,FALSE,FALSE,FALSE,FALSE,no clear link
Def_dec,era_def,23,1,1,0,-0.04545454545454545,NA,NA,-0.025650650344387925,NA,NA,-0.04732139008463479,NA,NA,-0.08598291320539507,NA,NA,-0.028042909754141084,-0.0469123469692099,-0.014071190994818879,345,insufficient data,DE,FALSE,FALSE,FALSE,FALSE,no clear link
Def_dec,geo_db,23,1,1,1,0.1840790011792562,NA,NA,0.09587147610549109,NA,NA,-0.12474349832027591,NA,NA,0.055215767187822694,NA,NA,0.07962298335012684,-0.032284237515500705,0.21117977589997544,345,insufficient data,DE,FALSE,FALSE,FALSE,FALSE,no clear link
Def_dec,ips_acu,23,1,1,1,-0.05066524086339646,NA,NA,0.22587360627565123,NA,NA,0.1688430375125388,NA,NA,0.1271259868749983,NA,NA,0.06776703420385449,-0.036529570063584496,0.17118809414971126,345,insufficient data,DE,FALSE,FALSE,FALSE,FALSE,no clear link
Def_dec,ips_ami,0,0,0,0,NA,NA,NA,NA,NA,NA,NA,NA,NA,NA,NA,NA,-0.013857696546170823,-0.027653366771190128,-0.004117074412173107,345,insufficient data,NA,FALSE,FALSE,FALSE,FALSE,not enough data
Def_dec,ips_cem,46,2,1,2,-0.19007771378048055,NA,NA,-0.029321966133890466,NA,NA,0.10629738420153433,NA,NA,-0.18442266558789877,NA,NA,0.06736829351137735,0.037133828323932826,0.10625385063731471,345,insufficient data,DE,FALSE,FALSE,FALSE,FALSE,no clear link
Def_dec,ips_dup,0,0,0,0,NA,NA,NA,NA,NA,NA,NA,NA,NA,NA,NA,NA,NA,NA,NA,0,insufficient data,NA,FALSE,FALSE,FALSE,FALSE,not enough data
Def_dec,ips_sex,46,2,1,1,-0.05989375640280196,NA,NA,0.051748285059801544,NA,NA,0.048952857112553136,NA,NA,0.14194853484567033,NA,NA,0.04851116898916255,-0.04640471889012358,0.1545536604260733,345,insufficient data,DE,FALSE,FALSE,FALSE,FALSE,no clear link
Def_dec,ips_typ,46,2,1,2,0.06621435755806492,NA,NA,0.020450681273448387,NA,NA,0.5162098400762287,NA,NA,0.018991786055991007,NA,NA,0.06386517272083561,0.033308770191756716,0.10781178783064421,345,insufficient data,DE,FALSE,FALSE,FALSE,FALSE,no clear link
Def_dec,lym_dis,46,2,1,0,-0.1584249882659077,NA,NA,-0.20541442484819697,NA,NA,0.05030637389446822,NA,NA,-0.22739159358061262,NA,NA,-0.042979003154179185,-0.08121688331946747,-0.02061407582390508,345,insufficient data,DE,FALSE,FALSE,FALSE,FALSE,no clear link
Def_dec,lym_mon,46,2,1,1,-0.05536062331372908,NA,NA,-0.12411299161811214,NA,NA,-0.12372098221278531,NA,NA,-0.14925804719919272,NA,NA,0.07104368184804567,-0.036302035541754665,0.19715327607682004,345,insufficient data,DE,FALSE,FALSE,FALSE,FALSE,no clear link
Def_dec,mel_spp,46,2,1,0,-0.1150527484178654,NA,NA,-0.11305849079827777,NA,NA,-0.20392073602868557,NA,NA,-0.10876743434974337,NA,NA,-0.042979003154179185,-0.08010881176200588,-0.02061407582390508,345,insufficient data,DE,FALSE,FALSE,FALSE,FALSE,no clear link
Def_dec,neo_ser,23,1,1,0,-0.17030598012606962,NA,NA,-0.1162538909021103,NA,NA,-0.11267067053674111,NA,NA,-0.07041357181730352,NA,NA,-0.014495608269481172,-0.03943893842705954,-0.0029069767441860465,345,insufficient data,DE,FALSE,FALSE,FALSE,FALSE,no clear link
Def_dec,ope_spp,46,2,1,0,-0.0991952608416622,NA,NA,-9.12951371324264e-18,NA,NA,-9.359503392447819e-18,NA,NA,-4.206103920261439e-18,NA,NA,-0.030325553389336516,-0.05509788609588342,-0.0155992152718454,345,insufficient data,DE,FALSE,FALSE,FALSE,FALSE,no clear link
Def_dec,pan_fla,23,1,1,1,0.4349557387080115,NA,NA,0.22678741280816186,NA,NA,-0.11389832964008063,NA,NA,-0.003938198586449696,NA,NA,0.1144662087204296,-0.025248012806650805,0.31014249070016864,345,insufficient data,DE,FALSE,FALSE,FALSE,FALSE,no clear link
Def_dec,pha_cya,46,2,1,2,0.014916770907577396,NA,NA,0.13287419602586145,NA,NA,0.28815523217106925,NA,NA,-0.043083891378645274,NA,NA,0.07226467369848605,0.037381078695184956,0.13145666009765747,345,insufficient data,DE,FALSE,FALSE,FALSE,FALSE,no clear link
Def_dec,pis_pin,23,1,1,1,0.047935607440218034,NA,NA,0.013829421493162731,NA,NA,0.004796899742647015,NA,NA,0.11648009756138603,NA,NA,0.0637002524254243,-0.03535414899048452,0.1615556746535771,345,insufficient data,DE,FALSE,FALSE,FALSE,FALSE,no clear link
Def_dec,pit_bid,23,1,1,1,-0.0031573234898099527,NA,NA,0.1819986626335654,NA,NA,0.5127716915333633,NA,NA,-0.01381982291093149,NA,NA,0.06178094245012307,-0.04286478309185846,0.17565142496197683,345,insufficient data,DE,FALSE,FALSE,FALSE,FALSE,no clear link
Def_dec,pit_cha,46,2,1,2,-0.08651135198533992,NA,NA,-0.10598372714801071,NA,NA,0.4435380959114494,NA,NA,0.052885522859786246,NA,NA,0.06618593103269527,0.035937224830039353,0.11113188176551883,345,insufficient data,DE,FALSE,FALSE,FALSE,FALSE,no clear link
Def_dec,pit_spp,23,1,1,0,-0.06473165280672023,NA,NA,0.08392938583524885,NA,NA,0.12137630209905145,NA,NA,0.13943818820878828,NA,NA,-0.03503653368485519,-0.0643433947757491,-0.010143793054450196,345,insufficient data,DE,FALSE,FALSE,FALSE,FALSE,no clear link
Def_dec,pol_pol,0,0,0,0,NA,NA,NA,NA,NA,NA,NA,NA,NA,NA,NA,NA,NA,NA,NA,0,insufficient data,NA,FALSE,FALSE,FALSE,FALSE,not enough data
Def_dec,pri_abi,46,2,1,1,0.034752146176104705,NA,NA,-0.01689728153511007,NA,NA,0.10933828837147073,NA,NA,0.2505846742100722,NA,NA,0.07702079842374078,-0.0353181271350846,0.19952951863249802,345,insufficient data,DE,FALSE,FALSE,FALSE,FALSE,no clear link
Def_dec,sap_car,0,0,0,0,NA,NA,NA,NA,NA,NA,NA,NA,NA,NA,NA,NA,-0.0041170744121731065,-0.009260053193602348,-0.0029069767441860465,345,insufficient data,NA,FALSE,FALSE,FALSE,FALSE,not enough data
Def_dec,sco_int,46,2,1,1,0.0391640041483102,NA,NA,0.02804896777026468,NA,NA,0.25515405125381246,NA,NA,-0.2694123963880251,NA,NA,0.06178094245012307,-0.043484822647166355,0.18795481789934174,345,insufficient data,DE,FALSE,FALSE,FALSE,FALSE,no clear link
Def_dec,sco_rat,23,1,1,1,0.16704155744010196,NA,NA,0.0793890263491628,NA,NA,-0.06900467385821785,NA,NA,0.07590793655024275,NA,NA,0.09692392943371622,-0.027653366771190128,0.24743582965269678,345,insufficient data,DE,FALSE,FALSE,FALSE,FALSE,no clear link
Def_dec,sco_sco,23,1,1,0,-0.09494059709301478,NA,NA,0.03541375850492393,NA,NA,0.197502946984571,NA,NA,0.3061160926603189,NA,NA,-0.022250319927907068,-0.042343307804916616,-0.008286866464309312,345,insufficient data,DE,FALSE,FALSE,FALSE,FALSE,no clear link
Def_dec,tet_gab,46,2,1,1,-0.05760786018903338,NA,NA,0.012613023247094502,NA,NA,-0.09824285462133489,NA,NA,0.22664033373787734,NA,NA,0.040291148201269014,-0.0546485262667118,0.14213631596589935,345,insufficient data,DE,FALSE,FALSE,FALSE,FALSE,no clear link
Def_dec,tet_spp,46,2,1,0,-0.20132639388006474,NA,NA,-0.13661500617491146,NA,NA,-0.06729916757384737,NA,NA,-0.15486686708258574,NA,NA,-0.04127238902681316,-0.08318172531874894,-0.017243076984598867,345,insufficient data,DE,FALSE,FALSE,FALSE,FALSE,no clear link
Def_dec,tha_pit,0,0,0,0,NA,NA,NA,NA,NA,NA,NA,NA,NA,NA,NA,NA,-0.013857696546170823,-0.0304598140162663,-0.00978461828831577,345,insufficient data,NA,FALSE,FALSE,FALSE,FALSE,not enough data
Def_dec,tha_pro,23,1,1,1,0.024091422145301643,NA,NA,0.10753594578086585,NA,NA,-0.3480333509237578,NA,NA,0.1755562110526163,NA,NA,0.03023238521567236,-0.0558196065838588,0.12387081055308735,345,insufficient data,DE,FALSE,FALSE,FALSE,FALSE,no clear link
Def_dec,tom_spp,46,2,1,2,-0.2917135929147534,NA,NA,-0.11077547380719381,NA,NA,0.07299665717653095,NA,NA,0.1791105514400994,NA,NA,0.07792573718047632,0.04402254531628119,0.1226583404337138,345,insufficient data,DE,FALSE,FALSE,FALSE,FALSE,no clear link
Def_dec,tor_vir,23,1,1,1,-0.009021902171087948,NA,NA,-0.04625502763039444,NA,NA,-0.010043684648612545,NA,NA,-0.1002495144586614,NA,NA,0.033614483850200105,-0.05085362544311121,0.12830691728945937,345,insufficient data,DE,FALSE,FALSE,FALSE,FALSE,no clear link
Def_dec,uro_sir_spp,46,2,1,0,-0.1125868223752524,NA,NA,-0.1402302214835335,NA,NA,0.007865575765462844,NA,NA,-0.004552129261655136,NA,NA,-0.015110212503502892,-0.04009634698823127,-0.004117074412173107,345,insufficient data,DE,FALSE,FALSE,FALSE,FALSE,no clear link
Def_dec,xyl_lin,46,2,1,2,-0.15882600672809638,NA,NA,-0.0776690770645014,NA,NA,-0.07308095161140693,NA,NA,0.020441318546533024,NA,NA,0.08862206503539746,0.05149621340128288,0.135087922728747,345,insufficient data,DE,FALSE,FALSE,FALSE,FALSE,no clear link
Def_dec,xyl_spp,46,2,1,1,-0.04790893656529612,NA,NA,0.009412435917109276,NA,NA,0.14010314644905913,NA,NA,0.3600247592055485,NA,NA,0.021872337594974606,-0.06935199375716065,0.11452260395217578,345,insufficient data,DE,FALSE,FALSE,FALSE,FALSE,no clear link
Def_dec,zei_gri,23,1,1,0,-0.09766853508096923,NA,NA,-0.19945998088079495,NA,NA,-0.23382225820033495,NA,NA,-0.012201509213273893,NA,NA,-0.00827029010479368,-0.023128458453213548,-0.005839472060845606,345,insufficient data,DE,FALSE,FALSE,FALSE,FALSE,no clear link
Def_dec&DB,agr_big,161,7,1,43,0.19581356008786657,0.006842396708360539,0.42429675934900424,0.1929404632096448,-0.03643842889002776,0.4415028665235661,0.07071834701099343,-0.08243177947763969,0.19252238392464383,0.07129284843642866,-0.09021927614990283,0.26669173477813446,0.2324390273534893,-0.01586101531395818,0.47290388709952375,345,insufficient data,DE,TRUE,FALSE,FALSE,FALSE,weak but real
Def_dec&DB,agr_vir,138,6,1,20,0.160435637316341,-0.007211311242346301,0.3328372828681323,0.0992337866030503,-0.1221999231398243,0.29416373710763993,-0.06296732161305757,-0.20871060697035418,0.13443265582910324,0.12054687258451699,-0.08924931987408574,0.3368760947265087,0.1848423565908314,-0.06567330701404764,0.4474559325983797,345,insufficient data,DE,FALSE,FALSE,FALSE,FALSE,no clear link
Def_dec&DB,bup_pin,115,5,1,16,0.2651966072469017,-0.13061666889333748,0.624194347135674,0.31372819151160813,-0.0019760572010883008,0.4790082849267963,0.08197769124473579,-0.06830169713145723,0.20525262067925704,-0.03656433422060093,-0.3508575275337842,0.2919360196126913,0.114157268323976,-0.09563672041697494,0.39643171369652946,345,insufficient data,DE,FALSE,FALSE,FALSE,FALSE,no clear link
Def_dec&DB,cep_spp,161,7,1,74,0.0623217714086977,-0.11245292840830182,0.25094391989524784,-0.1396443899941075,-0.24018643432492612,-0.03653058478647764,0.08185598264822795,-0.09836063410737285,0.2196262860714373,-0.20352696554285438,-0.4072511653559407,-8.029587743478297e-4,0.3146266024828463,0.14174004906165766,0.4372376098404943,184,insufficient data,CZ,FALSE,TRUE,FALSE,TRUE,no clear link
Def_dec&DB,clo_ana,0,0,0,0,NA,NA,NA,NA,NA,NA,NA,NA,NA,NA,NA,NA,NA,NA,NA,0,insufficient data,NA,FALSE,FALSE,FALSE,FALSE,not enough data
Def_dec&DB,den_mic,23,1,1,1,0.44936409809977634,NA,NA,0.18521554826543662,NA,NA,0.21968863419086526,NA,NA,0.12267172084641104,NA,NA,0.020769088319202204,-0.05232114676023073,0.10408893849752249,529,insufficient data,CZ,FALSE,FALSE,FALSE,FALSE,no clear link
Def_dec&DB,den_pin,69,3,1,5,-0.10327541499752042,NA,NA,-0.06771424528629427,NA,NA,-0.08437867896564541,NA,NA,-0.03212872050633987,NA,NA,-0.034961204889269626,-0.1424043519953484,0.11059455811137278,345,insufficient data,DE,FALSE,FALSE,FALSE,FALSE,no clear link
Def_dec&DB,dip_sp,222,10,2,47,0.16396749339264585,-0.016581057923681013,0.3476225755984401,0.07070381776252063,-0.081793180211585,0.2359849105900887,0.10038889929188341,-0.017691843598060447,0.21287043809155176,-0.028826986948780633,-0.2200221845696137,0.19333135858174913,0.2346001313422077,0.008686798767553058,0.4905755245039458,534,inconsistent,"AT,DE",FALSE,FALSE,FALSE,FALSE,no clear link
Def_dec&DB,era_def,138,6,1,0,-0.4011728810889084,-0.6212706251584347,-0.22274724194557116,-0.47278623033362566,-0.7004428583510189,-0.1967246031310074,-0.0617537173383094,-0.2032079660307154,0.047240166218390216,-0.007198845362581708,-0.16926432764375934,0.20803408779163327,-0.17694276080558866,-0.2990402194430255,-0.07527210355884167,345,insufficient data,DE,TRUE,TRUE,FALSE,FALSE,"strong, beyond shared bad years"
Def_dec&DB,geo_db,115,5,1,0,-0.276865879437037,-0.37897517384507484,-0.20008833333528314,-0.046597522247154924,-0.14286229703596245,0.03636544166146965,0.11024541573478484,0.043248603516821464,0.16634427371152122,0.1544897486937385,0.015233694047217255,0.3489995986354915,-0.19369573438265883,-0.32398255326486514,-0.07684854699095549,345,insufficient data,DE,TRUE,FALSE,TRUE,TRUE,weak but real
Def_dec&DB,ips_acu,299,13,2,103,0.04818574082146784,-0.1108256507586487,0.18509949171625342,0.06655500976167975,-0.07355763316286408,0.20757133471545028,0.07493351194710993,-0.03570351797390724,0.1902431677171612,0.12320477142620842,-0.0015917482086489762,0.2389656344581391,0.2722659692631549,0.02257560890658265,0.4869319659060314,529,inconsistent,"CZ,DE",FALSE,FALSE,FALSE,FALSE,no clear link
Def_dec&DB,ips_ami,23,1,1,0,-0.1482438477178945,NA,NA,-0.04097756985519248,NA,NA,-0.1142971186740491,NA,NA,-0.025614054498370113,NA,NA,-0.08743811204981847,-0.16792053294345533,-0.026144861083148747,345,insufficient data,DE,FALSE,FALSE,FALSE,FALSE,no clear link
Def_dec&DB,ips_cem,161,7,1,60,0.14678734690646594,-0.15610949924934484,0.4651248209483147,0.14209879872884892,-0.08446856951472205,0.3926776929011132,0.10107183935011824,-0.10196015631340866,0.3042175799600793,0.09319198104609419,-0.027642119958629266,0.22949658156333863,0.35036723755524624,0.1711548182480375,0.5467537038728709,345,insufficient data,DE,FALSE,FALSE,FALSE,FALSE,no clear link
Def_dec&DB,ips_dup,184,8,1,96,-0.25020303855968506,-0.427181030922986,-0.10643221196862945,0.07316051201733129,-0.06482680428052667,0.18971692833900333,-0.04657450009428767,-0.18176932085032393,0.13004484309839093,-0.04187226843839397,-0.12505053542402184,0.03580444033513695,-0.02695799338767267,-0.18817706073887133,0.12221497737128233,184,insufficient data,CZ,TRUE,FALSE,FALSE,FALSE,weak but real
Def_dec&DB,ips_sex,322,14,2,101,4.4870607188378695e-4,-0.12978271285461773,0.11724947826914413,0.027951542688959045,-0.07148922718048442,0.13077736314715843,0.08561990521205413,-0.028785480844651747,0.1939900411482555,-0.002028215491894294,-0.14987600215863103,0.11587857257940432,0.20584518462558982,-0.05316475265975974,0.4262876660590813,529,inconsistent,"CZ,DE",FALSE,FALSE,FALSE,FALSE,no clear link
Def_dec&DB,ips_typ,471,21,3,244,-0.08836681490827927,-0.24958960550833248,0.08336058518936847,-0.05250444876781934,-0.22459185813172794,0.10347108356073055,0.024607703672841215,-0.07144246004804984,0.11874609265748468,-0.0133630487106589,-0.12674244329819523,0.09814969903099349,0.30827107602705434,0.14546897960198626,0.44268459698889306,718,inconsistent,"AT,CZ,DE",FALSE,FALSE,FALSE,FALSE,no clear link
Def_dec&DB,lym_dis,381,17,3,79,0.17696083288010994,0.045526993169284186,0.3266498717469239,0.14287759078724396,0.02575848444790156,0.2675457614857238,0.009762939921307766,-0.07139601245100861,0.09213050342403456,-0.03755911658006291,-0.11927551992483679,0.05738280562289648,0.21364195960538496,0.04895419984356151,0.368405073610624,718,inconsistent,"AT,CZ,DE",TRUE,TRUE,FALSE,FALSE,weak but real
Def_dec&DB,lym_mon,253,11,2,71,0.14194234738112996,-0.007133300730243099,0.33948700764601786,0.04914680736460121,-0.07628170476916842,0.19430732885301738,0.015415254201413865,-0.07929849938539313,0.1283555225015458,0.05395037401700501,-0.07122020841703995,0.17930912307200852,0.20421913512141,-0.017935894945575907,0.41566287965434895,529,consistent,"CZ,DE",FALSE,FALSE,FALSE,FALSE,no clear link
Def_dec&DB,mel_spp,161,7,1,40,0.08193908555152642,-0.13779307826688159,0.4099682221921444,0.07597890234912245,-0.1433559670382228,0.33458114471111955,0.1444335413278316,0.03129317047475071,0.2738910598482256,0.004752107986918267,-0.12023540592393686,0.14580785283255035,0.42248600944679593,0.16116231878485412,0.6306566609301202,345,insufficient data,DE,FALSE,FALSE,TRUE,FALSE,no clear link
Def_dec&DB,neo_ser,69,3,2,2,0.05722014899959021,NA,NA,-0.14147658770709526,NA,NA,-0.16900581846192161,NA,NA,-0.017618498270874916,NA,NA,-0.06869589312530985,-0.17793866146960774,0.10411034950868073,529,inconsistent,"CZ,DE",FALSE,FALSE,FALSE,FALSE,no clear link
Def_dec&DB,ope_spp,115,5,1,2,-0.10950511630780273,-0.34231925067160984,0.12330901805600428,-0.26178887641902426,-0.470392455426736,-0.09411827698888865,0.09858812201219172,-0.05263431217827691,0.28205770182881573,0.19402933355407487,-0.037412410512687275,0.47461695825745864,-0.14812841985743277,-0.2504506666987277,-0.030753371037845197,345,insufficient data,DE,FALSE,TRUE,FALSE,FALSE,no clear link
Def_dec&DB,pan_fla,92,4,2,9,0.28042437011146454,NA,NA,0.18148528207110967,NA,NA,0.029834893914142915,NA,NA,-0.008970978210479026,NA,NA,-0.02083727829079636,-0.1448175443652972,0.16549127321899879,529,consistent,"CZ,DE",FALSE,FALSE,FALSE,FALSE,no clear link
Def_dec&DB,pha_cya,450,20,3,185,0.09601879435748371,-0.019520322605698113,0.22268301245246033,0.07828063348173715,-0.04007813976821387,0.20585040224829343,0.029913703069899794,-0.07285870100530863,0.13384797436776974,0.028865613116238528,-0.08027418556675886,0.1484454196296278,0.2699883292000782,0.0774775330517147,0.4490781864399369,718,inconsistent,"AT,CZ,DE",FALSE,FALSE,FALSE,FALSE,no clear link
Def_dec&DB,pis_pin,115,5,1,14,0.2510610297675176,-0.20735527257940836,0.7094773321144431,0.28771212244629035,-0.09726214724470277,0.677001809628495,0.22047070786429387,0.02160904778231337,0.4732163035455113,0.19248450897582528,-0.11725460954363828,0.4414496613747353,0.04476774617915953,-0.18794596452821438,0.4110665372085068,345,insufficient data,DE,FALSE,FALSE,TRUE,FALSE,no clear link
Def_dec&DB,pit_bid,69,3,1,5,-0.0435202252672427,NA,NA,0.008325206409358698,NA,NA,-0.053409682553614134,NA,NA,0.31727569152517565,NA,NA,-0.1345922720833114,-0.31393557974680425,0.06337486477084206,345,insufficient data,DE,FALSE,FALSE,FALSE,FALSE,no clear link
Def_dec&DB,pit_cha,287,13,2,126,0.07875534760857462,-0.1130582214138013,0.2970146051570858,0.07263300636783174,-0.12238579273146392,0.25605511244027135,0.14089906150736223,0.07104291785405523,0.2212634377312312,-0.00841210817103803,-0.12727570803902802,0.10244833040754453,0.26603095915685415,0.09875843882913128,0.4219920769803328,534,inconsistent,"AT,DE",FALSE,FALSE,TRUE,FALSE,no clear link
Def_dec&DB,pit_spp,337,15,3,153,-0.15589839616354878,-0.2839235816259425,-0.010115368621221005,-0.07430782590517068,-0.22554920314506444,0.0965807343678765,-0.05263315922040596,-0.19522830734019483,0.08790553220166991,-0.04125288174225759,-0.14637162433692497,0.061035902752819574,0.2346196782896739,0.02473547607195533,0.4359518139720389,718,consistent,"AT,CZ,DE",TRUE,FALSE,FALSE,FALSE,weak but real
Def_dec&DB,pol_pol,184,8,1,90,-0.028681736429911037,-0.1928235060465625,0.14419782058590416,-0.034975316325477734,-0.2378453385695784,0.1803703222382285,-0.07113091654764536,-0.24414606909105888,0.11346493233151393,-0.10535013903524977,-0.21058401611453836,-0.0072729523972579965,0.03343378559520997,-0.2081480665592871,0.28298580353933145,184,insufficient data,CZ,FALSE,FALSE,FALSE,TRUE,no clear link
Def_dec&DB,pri_abi,276,12,2,86,0.21947170134934643,0.054045890555879876,0.3864223232321789,0.12026570945338196,0.004974858637934163,0.21090639803848676,0.11824033259760824,-0.0705113081321479,0.25016631629845637,0.0352352770667794,-0.13620807765683554,0.14081757144924298,0.28103589571142257,0.05488082533668358,0.47944741359441123,529,inconsistent,"CZ,DE",TRUE,TRUE,FALSE,FALSE,weak but real
Def_dec&DB,sap_car,23,1,1,1,0.3990765396574864,NA,NA,NA,NA,NA,NA,NA,NA,NA,NA,NA,0.11190335723100833,0.0795543036833425,0.25308942896256814,345,insufficient data,DE,FALSE,FALSE,FALSE,FALSE,no clear link
Def_dec&DB,sco_int,299,13,2,76,0.006714383265588024,-0.09980009915200927,0.11784968206172837,0.05578285561423956,-0.07237230023618892,0.1740369069486492,0.08147428652918987,-0.027579648058498017,0.18477049873458554,0.0887281458597157,-0.004533593398004795,0.1888201540615283,0.2038898968898908,0.06453576731291104,0.35157182611292476,529,inconsistent,"CZ,DE",FALSE,FALSE,FALSE,FALSE,no clear link
Def_dec&DB,sco_rat,230,10,2,55,-0.06150605990333788,-0.18189834782308276,0.07075720722431546,0.05724686650181605,-0.05459499727214072,0.18605724775293633,0.009224502990916367,-0.08407813980284179,0.09043133313459764,-0.026441860040748815,-0.1636538418933786,0.12473701128547553,0.1423099639883198,-0.05825350421871644,0.34950710862551027,529,consistent,"CZ,DE",FALSE,FALSE,FALSE,FALSE,no clear link
Def_dec&DB,sco_sco,69,3,1,4,0.017143124488312525,NA,NA,0.13646300587610935,NA,NA,0.1889909165855906,NA,NA,-0.014371445051504202,NA,NA,-0.029998540906454596,-0.13258475591146243,0.11508915089003856,345,insufficient data,DE,FALSE,FALSE,FALSE,FALSE,no clear link
Def_dec&DB,tet_gab,312,14,3,101,0.05257446473063327,-0.14231101531057905,0.26366776671236586,0.022425458103824875,-0.15423120123508444,0.23257189916283405,-0.0032128619302735054,-0.11847274728814858,0.12873999243233483,0.014430987315568876,-0.07793324822223564,0.11380948607690315,0.2748614228525132,0.08461471210631169,0.46713014365417066,718,inconsistent,"AT,CZ,DE",FALSE,FALSE,FALSE,FALSE,no clear link
Def_dec&DB,tet_spp,138,6,1,45,0.15548884580632624,-0.09902334742965649,0.5103972024228309,0.15034808460237473,-0.08792144425219019,0.4573571746858861,-0.047822898224388774,-0.22767852576181294,0.1671928710852843,-0.05397916533971819,-0.21390162002380805,0.1388170925660249,0.537013756644094,0.21600771444908326,0.7515959704714118,345,insufficient data,DE,FALSE,FALSE,FALSE,FALSE,no clear link
Def_dec&DB,tha_pit,23,1,1,6,0.4899013852018552,NA,NA,0.6912907041099254,NA,NA,0.5421482325666062,NA,NA,0.27567639894641804,NA,NA,0.16570439416434132,0.0855829930551668,0.43714149645048317,345,insufficient data,DE,FALSE,FALSE,FALSE,FALSE,no clear link
Def_dec&DB,tha_pro,138,6,1,47,0.1639678493720578,0.02375084435404449,0.29742237026392937,0.1583152394179912,-0.01219599488133414,0.35212057432603416,-0.018933881414458936,-0.1887245625863269,0.14729883920974646,-0.0027072898746484126,-0.13947814710487264,0.11665433805858415,0.421954704265487,0.1281884591231201,0.6105873615098872,345,insufficient data,DE,TRUE,FALSE,FALSE,FALSE,weak but real
Def_dec&DB,tom_spp,471,21,3,236,0.05980389685733547,-0.0624961668198543,0.20026074967668286,0.04333514479535955,-0.09333910431475258,0.18261091814584468,0.031302613258167813,-0.09031479632918302,0.14710953514070813,0.0837698278243098,-0.035731564465687385,0.219546921761135,0.4117056926457966,0.24358128511904634,0.5652326283369451,718,inconsistent,"AT,CZ,DE",FALSE,FALSE,FALSE,FALSE,no clear link
Def_dec&DB,tor_vir,138,6,1,0,-0.38151204577929937,-0.47924927460418726,-0.2729401768844165,-0.4090624076099985,-0.5386886705028382,-0.2713876922062723,-0.10186701475284018,-0.3081375077648502,0.15561167107998278,0.012193214093545504,-0.2544829243645226,0.23481793987473934,-0.31433199723607946,-0.488045706365357,-0.14973871582340567,345,insufficient data,DE,TRUE,TRUE,FALSE,FALSE,"strong, beyond shared bad years"
Def_dec&DB,uro_sir_spp,69,3,1,11,0.08141405594730934,NA,NA,0.1549511510253831,NA,NA,0.01111885218367332,NA,NA,-0.008588214014874718,NA,NA,0.33284773348156343,-0.03264555828334123,0.5091309532088383,345,insufficient data,DE,FALSE,FALSE,FALSE,FALSE,no clear link
Def_dec&DB,xyl_lin,138,6,1,34,-0.09314944036378515,-0.34154481329990477,0.194144709749912,-0.018327512319817947,-0.3288213906358868,0.3043393387164376,-0.15406553807956397,-0.3439499366048664,-0.01818810037846644,0.0815833407312623,-0.1495616296470333,0.35037503221357674,0.09450010798862743,-0.2465631691578029,0.4553226054983638,345,insufficient data,DE,FALSE,FALSE,TRUE,FALSE,no clear link
Def_dec&DB,xyl_spp,161,7,1,26,0.13987329415948246,-0.1455552963917669,0.41185046725321545,0.13580126093502698,-0.14545202260420212,0.3913262360771255,-0.1092056075249747,-0.315208003718602,0.08484797450047708,0.05989515547233243,-0.1293713750043341,0.3089271810028373,0.03777066820461847,-0.18275814299843757,0.2806836107105789,345,insufficient data,DE,FALSE,FALSE,FALSE,FALSE,no clear link
Def_dec&DB,zei_gri,184,8,2,55,-0.09056968796497658,-0.2762982980359756,0.08173256679776664,0.02163061807244473,-0.21890817707168203,0.25143499856193163,4.7800727565543757e-4,-0.12327029176891197,0.10491998119303202,0.0958780075316777,0.011305547167969594,0.181730523377608,0.3314657545853462,0.13040003077475304,0.4946145703385321,529,consistent,"CZ,DE",FALSE,FALSE,FALSE,TRUE,no clear link
agr_big,agr_vir,207,9,1,56,0.4023832540310443,0.17126100444936462,0.621209760059441,0.33162141450420557,0.092224313867062,0.5556291758893415,0.11869541412591557,-0.0259657524920463,0.3074124999994266,-0.005536331055721103,-0.11361222325527262,0.11939888234283996,0.5035899767868101,0.3513555511915256,0.6278213616327224,345,insufficient data,DE,TRUE,TRUE,FALSE,FALSE,"strong, beyond shared bad years"
agr_big,bup_pin,464,22,2,135,0.23914367957071236,0.07504870522500404,0.39337594848246027,0.12892119586338108,0.00811476764515493,0.23014951077611218,0.04245815625030317,-0.03335240788373606,0.1231808925763463,0.10782047522925027,-0.025128537483297884,0.2204859290067747,0.16901920395458125,0.022515395788701355,0.30256024553670907,685,inconsistent,"DE,PL",TRUE,TRUE,FALSE,FALSE,weak but real
agr_big,cep_spp,0,0,0,0,NA,NA,NA,NA,NA,NA,NA,NA,NA,NA,NA,NA,NA,NA,NA,0,insufficient data,NA,FALSE,FALSE,FALSE,FALSE,not enough data
agr_big,clo_ana,0,0,0,0,NA,NA,NA,NA,NA,NA,NA,NA,NA,NA,NA,NA,NA,NA,NA,0,insufficient data,NA,FALSE,FALSE,FALSE,FALSE,not enough data
agr_big,den_mic,23,1,1,1,0.24910932455580456,NA,NA,-0.06790179828938255,NA,NA,-0.2600886731034936,NA,NA,-0.07807117748218866,NA,NA,0.06294639881617388,0.04410244177161763,0.13393650030192583,345,insufficient data,DE,FALSE,FALSE,FALSE,FALSE,no clear link
agr_big,den_pin,395,19,2,163,0.17634488713423768,0.04350614811474272,0.30900095039527087,0.10925446319457996,-0.03274736228762914,0.23639275822445388,0.04085739646518089,-0.08893785862664556,0.1690264330346572,0.040259535133669706,-0.07960875128111325,0.1598669146702508,0.30378513397565193,0.16538146305641663,0.43391647508586106,685,consistent,"DE,PL",TRUE,FALSE,FALSE,FALSE,weak but real
agr_big,dip_sp,527,25,2,250,0.19068414044471008,0.06885419870167167,0.3118662574171116,0.11704764872379769,-0.03056888291308119,0.266571499238566,0.046488432969380274,-0.0739145313766047,0.15178623163691563,0.06747268694320097,-0.060406102161215475,0.19615591568506266,0.41422378770065543,0.2460555561233217,0.5592027107659971,685,consistent,"DE,PL",TRUE,FALSE,FALSE,FALSE,weak but real
agr_big,era_def,230,10,1,33,0.016872835582134572,-0.12012757682897666,0.16782847342835447,0.07487165963333885,-0.04423457944149819,0.20011337475589877,0.06441622963497927,-0.06929121270085226,0.20144262481385822,-0.05793897759305487,-0.14413195853723032,0.014276930757758014,0.2837145712385115,0.04751362797573057,0.4398163031013172,345,insufficient data,DE,FALSE,FALSE,FALSE,FALSE,no clear link
agr_big,geo_db,501,24,2,236,0.06485766920984902,-0.08701162518646997,0.21736135655409816,0.07747994104535572,-0.0642838747267938,0.22346648673854064,0.04065111766236795,-0.06425905905430974,0.15456359906394174,0.06142599763996181,-0.02413572161464668,0.14286591817343314,0.3764320577502664,0.22595945663176248,0.506969208610655,685,inconsistent,"DE,PL",FALSE,FALSE,FALSE,FALSE,no clear link
agr_big,ips_acu,481,23,2,130,-0.08324653033002702,-0.29898615986176746,0.13926763149908022,0.1262151501580865,-0.10064301067381966,0.3091249000746776,0.041405236464046556,-0.07714151169699127,0.13862618593529064,0.062125053438055425,-0.05693695795188865,0.16802785073313156,0.21965193690203869,0.023354924493792693,0.3488038913153926,685,inconsistent,"DE,PL",FALSE,FALSE,FALSE,FALSE,no clear link
agr_big,ips_ami,46,2,1,7,0.3081380685253343,NA,NA,0.3008706814354196,NA,NA,0.35379244490267325,NA,NA,-0.19310670379302258,NA,NA,0.07830256334435363,0.004104781637103725,0.1779930334893019,345,insufficient data,DE,FALSE,FALSE,FALSE,FALSE,no clear link
agr_big,ips_cem,253,11,1,136,0.3015366518934127,0.1407139596617716,0.48256185343390534,0.31487883988062465,0.2075073851001395,0.433737753050441,0.08966794655498003,-0.053437801704006437,0.22928791566018114,0.13961171942306144,0.008576159565230407,0.25880913758927393,0.6374222702869996,0.42710445130281804,0.8195522313866022,345,insufficient data,DE,TRUE,TRUE,FALSE,TRUE,"strong, beyond shared bad years"
agr_big,ips_dup,0,0,0,0,NA,NA,NA,NA,NA,NA,NA,NA,NA,NA,NA,NA,NA,NA,NA,0,insufficient data,NA,FALSE,FALSE,FALSE,FALSE,not enough data
agr_big,ips_sex,184,8,1,57,0.3202276000503943,0.1683000995568131,0.5345715008592279,0.1732738806903379,0.01736929011942991,0.3579398859969928,0.0909889896861776,-0.08283408567563828,0.29002555009539055,0.03343869943329584,-0.0553714053333384,0.10980701847778512,0.3217392342991634,0.07213567039936919,0.6018279912300483,345,insufficient data,DE,TRUE,TRUE,FALSE,FALSE,"strong, mostly shared bad years"
agr_big,ips_typ,593,28,2,479,0.21841834072505428,0.0832485888788954,0.34272404700625314,0.2483365137921285,0.13153004143203637,0.3645922789512718,0.03562827045876451,-0.086221335229197,0.14651944188135715,0.05888703913001864,-0.05010274604166949,0.15997712781170287,0.74363745026597206,0.5233867400261506,0.9020037868863271,685,consistent,"DE,PL",TRUE,TRUE,FALSE,FALSE,weak but real
agr_big,lym_dis,207,9,1,65,0.1718260569772289,-0.028892488636257176,0.3633147301364092,0.19476885370034328,-0.009836776344305331,0.40267043663943747,0.10673365372406014,-0.008291370934773714,0.24537527527138328,0.07856630424682752,-0.01971629428662784,0.19104929643331264,0.4100526454630222,0.1947608753979922,0.6197836400983969,345,insufficient data,DE,FALSE,FALSE,FALSE,FALSE,no clear link
agr_big,lym_mon,504,24,2,281,0.03586357942828582,-0.08552024084821234,0.17752191492139177,0.02547567775122825,-0.06588272283678483,0.1139690053129566,-0.049620878261943314,-0.13080802328696314,0.045033653369396416,0.03104695552955763,-0.07008280781644552,0.1309139398791021,0.4464791305839601,0.2620202812066185,0.6031114925010818,685,inconsistent,"DE,PL",FALSE,FALSE,FALSE,FALSE,no clear link
agr_big,mel_spp,547,26,2,369,0.14844897898179013,0.0064947308349958465,0.28199912873376,0.10062218729803193,-0.05837570743252264,0.2449234471131285,0.02883925062969611,-0.09756971484034217,0.1523632585064118,0.029350283944201833,-0.0818093715115508,0.1364362504308393,0.6299451368139471,0.48751845972289065,0.7495698980406423,685,consistent,"DE,PL",TRUE,FALSE,FALSE,FALSE,weak but real
agr_big,neo_ser,46,2,1,5,0.15933046984177585,NA,NA,0.12777475940564803,NA,NA,0.02982254915057086,NA,NA,-0.06910003783813148,NA,NA,-0.002505809539740373,-0.11046265805895134,0.11778595641351064,345,insufficient data,DE,FALSE,FALSE,FALSE,FALSE,no clear link
agr_big,ope_spp,207,9,1,31,0.027201630958977815,-0.22684510608099295,0.3161676739104898,0.10485239083557381,-0.15245307574814806,0.3404047083097132,0.09252463147659913,-0.02105915307643494,0.2193117069078483,0.0853334414661319,-0.04756555509319205,0.22999230362432554,0.19001102124647135,-0.1210747998427191,0.4671632800953311,345,insufficient data,DE,FALSE,FALSE,FALSE,FALSE,no clear link
agr_big,pan_fla,438,21,2,168,0.028126834762366708,-0.09138519634119227,0.18092907118279422,0.028568614052531985,-0.058224129430778856,0.13118219539111808,0.01931115888502579,-0.05469906652237715,0.09438753193483482,0.020916799111348687,-0.07689841999724029,0.13497605283076597,0.3000844177682758,0.17562578132083437,0.41052034078562843,685,inconsistent,"DE,PL",FALSE,FALSE,FALSE,FALSE,no clear link
agr_big,pha_cya,593,28,2,425,0.3929146419422751,0.29336213671315925,0.5024033620371936,0.326682826382897,0.22371733473293795,0.4248074000610194,0.08878669814381633,-0.010965551241156168,0.18195620817478997,0.11681629376257999,0.024180011937113187,0.20584801194483238,0.6178027562405636,0.3599576226741833,0.801619396632845,685,consistent,"DE,PL",TRUE,TRUE,FALSE,TRUE,"strong, beyond shared bad years"
agr_big,pis_pin,161,7,1,44,0.4044548598037905,0.24511742126172636,0.5796146172747632,0.40422006732041954,0.24525138728974272,0.5658255504510104,0.3388631826778502,0.24000117102216956,0.463313415849833,0.05673981519722119,-0.07053998013852614,0.23853957484605295,0.27141055181406387,0.016362112206600245,0.5670217065173426,345,insufficient data,DE,TRUE,TRUE,TRUE,FALSE,"strong, beyond shared bad years"
agr_big,pit_bid,115,5,1,45,0.3062203632781392,0.10597316249751507,0.5625128995025461,0.2944176027839035,0.16056694463884585,0.45641009774614444,0.3256067673497066,0.18849414972416914,0.45487520656193925,0.14740362168616505,-0.08495813720942817,0.3557230849346468,0.2704037004248428,0.011313717226931145,0.5452334093213586,345,insufficient data,DE,TRUE,TRUE,TRUE,FALSE,"strong, beyond shared bad years"
agr_big,pit_cha,253,11,1,134,0.24553837228852635,0.11460958266357499,0.4079822957338035,0.2710736157842711,0.1585792604222914,0.4102528500354692,0.08035820780049495,-0.14144591463922654,0.24134438932957172,0.062056975581072,-0.07484051437174338,0.21679065471643022,0.6001727131958229,0.37068333595473685,0.7979877974786882,345,insufficient data,DE,TRUE,TRUE,FALSE,FALSE,weak but real
agr_big,pit_spp,92,4,1,58,-0.004985416969537053,NA,NA,-0.015994789242274255,NA,NA,-0.018343598776139326,NA,NA,0.10120273251964537,NA,NA,0.5047211467707489,0.08460914517427748,0.7263790825282856,345,insufficient data,DE,FALSE,FALSE,FALSE,FALSE,no clear link
agr_big,pol_pol,0,0,0,0,NA,NA,NA,NA,NA,NA,NA,NA,NA,NA,NA,NA,NA,NA,NA,0,insufficient data,NA,FALSE,FALSE,FALSE,FALSE,not enough data
agr_big,pri_abi,184,8,1,31,-0.116906913128948,-0.397819815774579,0.19072166761811538,0.04488547445869386,-0.15937735792829888,0.2528968781812272,0.08495824508389319,-0.08427406638107496,0.23206085238587557,0.011755002680218365,-0.10529726815783655,0.1449370432804961,0.1639988498802883,-0.03174340571441452,0.36773526279583135,345,insufficient data,DE,FALSE,FALSE,FALSE,FALSE,no clear link
agr_big,sap_car,23,1,1,1,0.25395933013360983,NA,NA,NA,NA,NA,NA,NA,NA,NA,NA,NA,0.06294639881617388,0.04603128293581578,0.11596062771196347,345,insufficient data,DE,FALSE,FALSE,FALSE,FALSE,no clear link
agr_big,sco_int,184,8,1,58,0.3583582539819958,0.025043594284333597,0.6580044207404485,0.34152549497726237,0.10246177795805854,0.5593528904114976,0.08109671625536913,-0.048399676303914105,0.22100958100659443,0.02090831473068156,-0.1104602202577183,0.17199599295761986,0.4666115302914372,0.25468761680337054,0.6851199065625642,345,insufficient data,DE,TRUE,TRUE,FALSE,FALSE,"strong, beyond shared bad years"
agr_big,sco_rat,69,3,1,32,0.6533638926742446,NA,NA,0.5309023239202235,NA,NA,0.3324768258461171,NA,NA,-0.09195773861916508,NA,NA,0.3098459937344237,0.08162038083869676,0.5907528157806813,345,insufficient data,DE,FALSE,FALSE,FALSE,FALSE,no clear link
agr_big,sco_sco,115,5,1,24,0.25211305451952576,-0.05936796066029761,0.5735694007740926,0.21537128893488156,-0.03939566575851642,0.5186118990457418,0.027679719988093137,-0.24036294220926332,0.3163100591849276,0.2023723519630116,0.013820134392386035,0.39993996780790725,0.27465729561706254,0.09136595559497826,0.4589816767412704,345,insufficient data,DE,FALSE,FALSE,FALSE,TRUE,no clear link
agr_big,tet_gab,207,9,1,68,0.28818159823377065,0.13664251764177507,0.4321741006663401,0.21238532432616866,0.021828888194807466,0.3757058981338932,0.14723800125186123,0.025858639755425194,0.2585061337281419,0.09694964454062792,-0.06749575060323056,0.257858765997916,0.385617899743502,0.07837568074848596,0.6409852279364698,345,insufficient data,DE,TRUE,TRUE,TRUE,FALSE,weak but real
agr_big,tet_spp,184,8,1,57,0.061878490187534836,-0.14025535181272386,0.2507135024495431,0.06837982010067832,-0.11909894083706403,0.27202334914296206,0.05648903280005525,-0.06240451281230609,0.18732572179515516,0.0349368460366074,-0.07817855738027812,0.1306722502091485,0.33648604463209364,0.03979800680808884,0.5938849184514403,345,insufficient data,DE,FALSE,FALSE,FALSE,FALSE,no clear link
agr_big,tha_pit,23,1,1,10,0.22386911130466447,NA,NA,0.5795668056497473,NA,NA,0.08469607660509781,NA,NA,0.4902379996410794,NA,NA,0.17847951397649953,0.11356502504316997,0.34030461385887517,345,insufficient data,DE,FALSE,FALSE,FALSE,FALSE,no clear link
agr_big,tha_pro,230,10,1,87,0.0620513058985319,-0.20596262166433196,0.33949209192379165,0.09055792948185115,-0.1640222234369466,0.3163049963523539,0.03155416864967328,-0.10961805574072686,0.16855191320104093,0.041225780299816515,-0.08070560518955437,0.13621803837177912,0.5157956747918477,0.3106734797562269,0.7036562667427754,345,insufficient data,DE,FALSE,FALSE,FALSE,FALSE,no clear link
agr_big,tom_spp,533,25,2,263,0.33320232030004104,0.15141020314019585,0.49901934192751357,0.233725071952734,0.0604793447888322,0.39311781766157217,0.09725551285163173,-0.005930706493727496,0.18505415990997096,0.12446048417401766,0.012117801499912225,0.24626944624977004,0.2875007529217305,0.026616348552456728,0.4962704922761053,685,consistent,"DE,PL",TRUE,TRUE,FALSE,TRUE,"strong, beyond shared bad years"
agr_big,tor_vir,570,27,2,265,0.16928675351966008,0.02663038289938464,0.3154356472033603,0.08536637918379944,-0.06245402470533071,0.23293067538098258,0.008066466338739222,-0.09565209021753059,0.10537807512082863,0.07474169947114119,0.012634950698769213,0.13997959908300942,0.37124023064610545,0.18755008426332478,0.5258951506895114,685,consistent,"DE,PL",TRUE,FALSE,FALSE,TRUE,weak but real
agr_big,uro_sir_spp,92,4,1,6,0.22612088080254372,NA,NA,0.22394737402193512,NA,NA,0.14411114547249776,NA,NA,0.007836453279353417,NA,NA,0.015359771777756487,-0.07767951121537744,0.12505325474200055,345,insufficient data,DE,FALSE,FALSE,FALSE,FALSE,no clear link
agr_big,xyl_lin,230,10,1,103,0.0606327788079029,-0.21649986170929422,0.3654846955468095,0.04957011027923417,-0.24318074536260834,0.34356955454032845,-0.060924018058622124,-0.17668054985403672,0.06964617668651676,-0.0736331791684953,-0.25758860077880885,0.10324130280678781,0.4839410462482975,0.16312560893074102,0.769110381969398,345,insufficient data,DE,FALSE,FALSE,FALSE,FALSE,no clear link
agr_big,xyl_spp,253,11,1,93,0.09401765810216339,-0.13265798672996318,0.37514696948958304,0.0852122690137859,-0.15088482641218665,0.35171299750466073,0.026394681157616576,-0.09108725641363882,0.17685862034574754,-0.019417135571950118,-0.13653550317264404,0.08895136404550022,0.4894517103625092,0.22155181087829942,0.7448922469870638,345,insufficient data,DE,FALSE,FALSE,FALSE,FALSE,no clear link
agr_big,zei_gri,23,1,1,2,0.006149642809086199,NA,NA,-0.005466199135774032,NA,NA,0.0685319342019339,NA,NA,-0.15336486804211028,NA,NA,0.016838201952152295,-0.038188764250161794,0.08122955416108235,345,insufficient data,DE,FALSE,FALSE,FALSE,FALSE,no clear link
agr_vir,bup_pin,138,6,1,5,-0.15322996158086244,-0.3940548103274725,0.10842593728226964,0.09805573687825081,-0.060903817004162204,0.2330491667909687,-0.06197459276397998,-0.18566052794210997,0.04328176929801014,0.03798269462768015,-0.15346271593952285,0.2541731157037057,-0.08713750030063226,-0.2091367192966202,0.08412228205576257,345,insufficient data,DE,FALSE,FALSE,FALSE,FALSE,no clear link
agr_vir,cep_spp,0,0,0,0,NA,NA,NA,NA,NA,NA,NA,NA,NA,NA,NA,NA,NA,NA,NA,0,insufficient data,NA,FALSE,FALSE,FALSE,FALSE,not enough data
agr_vir,clo_ana,0,0,0,0,NA,NA,NA,NA,NA,NA,NA,NA,NA,NA,NA,NA,NA,NA,NA,0,insufficient data,NA,FALSE,FALSE,FALSE,FALSE,not enough data
agr_vir,den_mic,23,1,1,1,0.7693546402599964,NA,NA,0.46285670928406475,NA,NA,-0.25364124686987355,NA,NA,0.003758662028452784,NA,NA,0.12119357448701654,0.08941021220482383,0.30804204164756155,345,insufficient data,DE,FALSE,FALSE,FALSE,FALSE,no clear link
agr_vir,den_pin,92,4,1,4,-0.11679159435643065,NA,NA,0.015019603600368912,NA,NA,-0.07115332066636275,NA,NA,-0.009575964775668928,NA,NA,-0.04235267778547575,-0.14963640520985888,0.1104948272039154,345,insufficient data,DE,FALSE,FALSE,FALSE,FALSE,no clear link
agr_vir,dip_sp,184,8,1,13,-0.023275853826580244,-0.22197749620963797,0.2769314701919146,0.03601807195239929,-0.2004687684790449,0.3419452883094271,-0.034559548966250714,-0.18745744712205217,0.134775493457583,0.13429810289044675,-0.032875832181746986,0.32902371104370987,0.07529239766081873,-0.0913562767610978,0.30305215195931134,345,insufficient data,DE,FALSE,FALSE,FALSE,FALSE,no clear link
agr_vir,era_def,184,8,1,14,0.09436195187295861,-0.09777554240821627,0.3303849224128633,0.12987455214460447,-0.024712094825982023,0.33130128914809664,-0.05992771909871157,-0.242547737482075,0.10060730231065268,0.050848390489955105,-0.08543297425982842,0.1961739702415677,0.1742849501827744,-0.018358332379308426,0.40162390440535867,345,insufficient data,DE,FALSE,FALSE,FALSE,FALSE,no clear link
agr_vir,geo_db,161,7,1,10,-0.17486371436479012,-0.3417281484909593,-0.020231227799458143,-0.1592776872120035,-0.2990370095122231,-0.03175197081811766,-0.10968828728021361,-0.2186605503025312,0.005046528774487094,-0.10737535965121071,-0.1655721634617271,-0.056303192498467394,0.0466729978279609,-0.09486823913460189,0.19036097546509884,345,insufficient data,DE,TRUE,TRUE,FALSE,TRUE,weak but real
agr_vir,ips_acu,138,6,1,16,0.4701470767696961,0.1648612004811723,0.7806685103167734,0.40243732586009073,0.047847089312139206,0.7319250502915691,0.1369038452199531,0.0664134816353078,0.20807842549452696,0.21744278161903594,0.1282211762497595,0.32632578102251486,0.13393343263150687,-0.08081036513686413,0.43176715026371987,345,insufficient data,DE,TRUE,TRUE,TRUE,TRUE,"strong, beyond shared bad years"
agr_vir,ips_ami,46,2,1,1,-0.06261931301983985,NA,NA,-0.006283194520040653,NA,NA,0.075458950099967,NA,NA,-0.3814347761205925,NA,NA,-0.03631163971024902,-0.08659360972198817,0.027527262851470894,345,insufficient data,DE,FALSE,FALSE,FALSE,FALSE,no clear link
agr_vir,ips_cem,207,9,1,53,0.2848920006194881,0.11224671276391399,0.4458133939377129,0.2515308280070094,0.08393611580655702,0.46070684234336273,0.049858134573749366,-0.11266809971876321,0.23923724282810024,0.10600611826458711,0.040808278559927545,0.20241094641220533,0.3295604175176384,0.19426883302293943,0.4617421825238366,345,insufficient data,DE,TRUE,TRUE,FALSE,TRUE,weak but real
agr_vir,ips_dup,0,0,0,0,NA,NA,NA,NA,NA,NA,NA,NA,NA,NA,NA,NA,NA,NA,NA,0,insufficient data,NA,FALSE,FALSE,FALSE,FALSE,not enough data
agr_vir,ips_sex,138,6,1,15,0.25127795465337566,0.002795004975824105,0.47579258147579634,0.24590820535799007,0.11191634017387564,0.40627848343639156,0.2337236424359305,0.10098965770157427,0.3576112222941777,0.07032592288875159,-0.13621254884418468,0.2270446657906039,0.032966551036708036,-0.11884875947200281,0.21973067276998579,345,insufficient data,DE,TRUE,TRUE,TRUE,FALSE,weak but real
agr_vir,ips_typ,207,9,1,52,0.29213200593072136,0.06440128173073863,0.5082207511998781,0.1776987501180382,-0.09955573541848647,0.4608502444247139,0.08854757165647652,-0.08153047902460298,0.29217852762086677,0.1257805642060928,-0.002825006383409943,0.25668618635796964,0.2927826828442804,0.14733660409926108,0.418611436460678,345,insufficient data,DE,TRUE,FALSE,FALSE,FALSE,weak but real
agr_vir,lym_dis,161,7,1,43,0.36464002527305583,0.12954642526486154,0.6068835817541169,0.2787909495151251,0.039801908393364366,0.49285717435023474,0.18960446722231228,0.08040351218103171,0.3178810372416903,0.009362535406463635,-0.1633421674827014,0.2523925099768198,0.5347736179081523,0.22930694646963964,0.6891525605987785,345,insufficient data,DE,TRUE,TRUE,TRUE,FALSE,"strong, beyond shared bad years"
agr_vir,lym_mon,138,6,1,8,-0.17507862178476968,-0.30595789635645254,-0.047200577766900315,-0.026657691065684063,-0.16390004329641547,0.07821218965711439,-0.016408081227861897,-0.14325069960885697,0.11472206796417928,0.043477134144987245,-0.12360701045334666,0.21917252366561843,-0.023174867101231986,-0.1757899880757824,0.15110470539589116,345,insufficient data,DE,TRUE,FALSE,FALSE,FALSE,weak but real
agr_vir,mel_spp,161,7,1,37,0.11997315562944859,-0.06463584665151365,0.31404808707063686,0.18854726064956467,-0.09735603495545142,0.4267256333289817,0.09241121506494306,-0.08079128964548639,0.2801540141469875,-0.007439588971638786,-0.13504297721086017,0.116275939363445,0.42521488977376237,0.14171351947922795,0.6345672842192385,345,insufficient data,DE,FALSE,FALSE,FALSE,FALSE,no clear link
agr_vir,neo_ser,23,1,1,2,0.24284748902538117,NA,NA,0.2353435527567059,NA,NA,0.18169067520583476,NA,NA,-0.09131852846228666,NA,NA,7.408065931425902e-4,-0.05479892997024603,0.08950288209620802,345,insufficient data,DE,FALSE,FALSE,FALSE,FALSE,no clear link
agr_vir,ope_spp,161,7,1,16,0.0646994334318808,-0.09023352996684401,0.21670093981623678,0.1528275825878945,0.030060480495261943,0.30457398300656435,0.20708045273153566,0.0866144555131665,0.3419088149748006,0.010805334246229967,-0.0946820504999862,0.14440649363143482,0.18736156313112878,-0.06521895806989643,0.4258015462566352,345,insufficient data,DE,FALSE,TRUE,TRUE,FALSE,no clear link
agr_vir,pan_fla,115,5,1,4,-0.1259169781486554,-0.35723190076489475,0.14266382558548743,-0.011599509447898537,-0.16262715768536848,0.12441297089179355,0.03501604892033215,-0.0862047135477319,0.11461045785202217,0.014328336415979121,-0.17454027507211464,0.20293690762234065,-0.022258015221003232,-0.12916746118121544,0.12140311710223388,345,insufficient data,DE,FALSE,FALSE,FALSE,FALSE,no clear link
agr_vir,pha_cya,207,9,1,54,0.40813548237545116,0.22720504826143145,0.586056234827401,0.3794658619130994,0.2267519858819707,0.5250058817474826,0.1798052580329841,0.0592645230884846,0.29750279721600487,0.25925686827975314,0.11104064469963915,0.41523591697471984,0.374116201657526,0.21490305582228733,0.5313323224716395,345,insufficient data,DE,TRUE,TRUE,TRUE,TRUE,"strong, beyond shared bad years"
agr_vir,pis_pin,138,6,1,12,0.1481390221526748,-0.025257744829211424,0.3219152049377229,0.09069198672282153,-0.109403610886398,0.3215215795644537,0.0661595597578108,-0.11786106748042546,0.3183718298820277,0.016027409080967215,-0.10313200508643725,0.19860490993386035,0.03570671440677013,-0.11244955780422362,0.24056741282292243,345,insufficient data,DE,FALSE,FALSE,FALSE,FALSE,no clear link
agr_vir,pit_bid,92,4,1,14,0.4054515066097496,NA,NA,0.34178915012173816,NA,NA,0.1956921006536416,NA,NA,0.13571606254895394,NA,NA,0.0687924311557359,-0.07535071792206094,0.27964911700374084,345,insufficient data,DE,FALSE,FALSE,FALSE,FALSE,no clear link
agr_vir,pit_cha,207,9,1,50,0.17793386462787442,0.01021331275732959,0.3403544640914787,0.1399503250857518,-0.060563243750840566,0.3455648783788775,-0.006165880582134108,-0.16365557128241243,0.1913778032991687,0.18056459860565752,0.07025986056621451,0.32091125610318305,0.27521429292473115,0.13385150744787808,0.4093057767080094,345,insufficient data,DE,TRUE,FALSE,FALSE,TRUE,weak but real
agr_vir,pit_spp,69,3,1,35,0.08617441261279489,NA,NA,0.06663244294128964,NA,NA,-0.15091279554109346,NA,NA,-0.0452581598036703,NA,NA,0.5165773324509846,-0.016102663886697666,0.6620658278185476,345,insufficient data,DE,FALSE,FALSE,FALSE,FALSE,no clear link
agr_vir,pol_pol,0,0,0,0,NA,NA,NA,NA,NA,NA,NA,NA,NA,NA,NA,NA,NA,NA,NA,0,insufficient data,NA,FALSE,FALSE,FALSE,FALSE,not enough data
agr_vir,pri_abi,138,6,1,11,-0.21430461722681685,-0.35816389697326306,-0.11806020575952898,-0.010834130850596944,-0.06019565009952406,0.040507939123243644,-0.07509126094249104,-0.1826738592572329,0.025343311510520255,0.07177107323134138,0.018947674908898076,0.14989367522962957,0.060729838561483396,-0.05289784397776599,0.1733226837060703,345,insufficient data,DE,TRUE,FALSE,FALSE,TRUE,weak but real
agr_vir,sap_car,23,1,1,1,0.47273607767830916,NA,NA,NA,NA,NA,NA,NA,NA,NA,NA,NA,0.12119357448701654,0.08439249387982213,0.2832619955114614,345,insufficient data,DE,FALSE,FALSE,FALSE,FALSE,no clear link
agr_vir,sco_int,138,6,1,20,0.2533880052668425,-0.020914938305995907,0.5089885253797264,0.22293661903029585,0.02665027800675469,0.45400444330309087,0.10504797776859455,0.026579375104506874,0.223280485658392,0.23661238936470655,0.16958256064359442,0.3537633240219902,0.1892664857178115,0.006853610621397885,0.4190957426888229,345,insufficient data,DE,FALSE,TRUE,TRUE,TRUE,no clear link
agr_vir,sco_rat,46,2,1,6,0.44660997739058744,NA,NA,0.19301152878412017,NA,NA,-9.857803741598125e-5,NA,NA,0.022336201425475943,NA,NA,-0.0028513774785339043,-0.11033558335539115,0.16938381956715115,345,insufficient data,DE,FALSE,FALSE,FALSE,FALSE,no clear link
agr_vir,sco_sco,92,4,1,5,0.009041036574031498,NA,NA,0.07740053606862904,NA,NA,0.0057544150277513305,NA,NA,-0.07708112534517063,NA,NA,0.01566692738215823,-0.0779387191737961,0.14034646316552085,345,insufficient data,DE,FALSE,FALSE,FALSE,FALSE,no clear link
agr_vir,tet_gab,161,7,1,29,0.20557875517291666,-0.06462856110909838,0.4539612072947954,0.21108040226121846,-0.04338391652641738,0.42647840837874423,0.11611870785852836,-0.061370489695466365,0.28963713475234104,-0.051899488976138795,-0.18006021835031236,0.07127250844810472,0.2435624508501153,-0.02689028253814036,0.47850787460653565,345,insufficient data,DE,FALSE,FALSE,FALSE,FALSE,no clear link
agr_vir,tet_spp,161,7,1,28,0.08333191916871574,-0.09032008900220409,0.24163752671440952,0.13694253089971328,-0.005084995702117506,0.2668666106527339,0.12950273175173863,-0.044087073398936735,0.3230450275848433,0.01001592319879273,-0.07418815024362246,0.10719249518515156,0.28199046461527477,0.023796742632414956,0.5083790917349571,345,insufficient data,DE,FALSE,FALSE,FALSE,FALSE,no clear link
agr_vir,tha_pit,23,1,1,4,0.4819421532933191,NA,NA,0.5313339141218938,NA,NA,0.02222811982833995,NA,NA,0.14895784520289274,NA,NA,0.09695980390715431,0.03057665881238613,0.2974677551123029,345,insufficient data,DE,FALSE,FALSE,FALSE,FALSE,no clear link
agr_vir,tha_pro,184,8,1,42,0.22867607226968842,0.0192491097893213,0.4460319334567833,0.13703163228420426,-0.062217134102632576,0.3192677324549091,0.16671651102965324,-0.05234540545092937,0.3744025791057105,0.031175610575943372,-0.14487538007638037,0.20338690150775657,0.40278198050481806,0.06513980269391217,0.6395773851712356,345,insufficient data,DE,TRUE,FALSE,FALSE,FALSE,weak but real
agr_vir,tom_spp,207,9,1,47,0.17343652188604344,-0.018945537025075697,0.3624459628236569,0.20357189187931987,-0.004799917834901795,0.39169649746981655,-0.003978739633684785,-0.11659481282452125,0.13767009979469688,0.14005219820103534,-0.050670202903809955,0.2985504427441547,0.2978684599582792,0.13784077547295479,0.45304578639592136,345,insufficient data,DE,FALSE,FALSE,FALSE,FALSE,no clear link
agr_vir,tor_vir,207,9,1,27,-0.023473080572688366,-0.1947039336529156,0.1324435443612132,-0.011327915104073645,-0.14008917446814176,0.10979888620691314,-0.05485514078501991,-0.17536571799754103,0.07884801614062813,0.042690092081388485,-0.10532996446735067,0.17899910151675236,0.17025629397311223,-0.038718962078843136,0.3645968780605253,345,insufficient data,DE,FALSE,FALSE,FALSE,FALSE,no clear link
agr_vir,uro_sir_spp,69,3,1,1,0.12944890142742785,NA,NA,0.07897885098927453,NA,NA,-0.015032744986401465,NA,NA,-0.15199924852580488,NA,NA,-0.04704579330787628,-0.14835304126534346,0.16299774036791256,345,insufficient data,DE,FALSE,FALSE,FALSE,FALSE,no clear link
agr_vir,xyl_lin,184,8,1,32,-0.1922649887915832,-0.423642007244366,0.049871708658291415,-0.2767925559352295,-0.5183827828829098,-0.027832200537156043,-0.08657930057135,-0.2144836371074961,0.04888258732968685,-0.26260518151655615,-0.35839547965993174,-0.1428357641199585,0.12173625584309687,-0.14760080207197207,0.3772230873129779,345,insufficient data,DE,FALSE,TRUE,FALSE,TRUE,no clear link
agr_vir,xyl_spp,207,9,1,30,-0.1170737818533673,-0.21711459062747043,-0.01014837333994709,-0.2220099614646706,-0.352566690310258,-0.10138970116684033,0.028681845405116185,-0.15006966551075018,0.2246305629023902,-0.034885944431959894,-0.14682222348762297,0.0662319277829662,0.15178529545731825,-0.03387035223840997,0.3521904735182087,345,insufficient data,DE,TRUE,TRUE,FALSE,FALSE,weak but real
agr_vir,zei_gri,23,1,1,0,-0.13775445706015418,NA,NA,0.079396921892454,NA,NA,0.027291379693014522,NA,NA,-0.024326617923297655,NA,NA,-0.04818301700863844,-0.10076677909505272,-0.029614602710935238,345,insufficient data,DE,FALSE,FALSE,FALSE,FALSE,no clear link
bup_pin,cep_spp,0,0,0,0,NA,NA,NA,NA,NA,NA,NA,NA,NA,NA,NA,NA,NA,NA,NA,0,insufficient data,NA,FALSE,FALSE,FALSE,FALSE,not enough data
bup_pin,clo_ana,0,0,0,0,NA,NA,NA,NA,NA,NA,NA,NA,NA,NA,NA,NA,NA,NA,NA,0,insufficient data,NA,FALSE,FALSE,FALSE,FALSE,not enough data
bup_pin,den_mic,0,0,0,0,NA,NA,NA,NA,NA,NA,NA,NA,NA,NA,NA,NA,-0.023480272051692494,-0.04252820045779047,-0.016638958140993046,345,insufficient data,NA,FALSE,FALSE,FALSE,FALSE,not enough data
bup_pin,den_pin,375,18,2,88,0.36819042668057694,0.2505278955949007,0.47959951728925576,0.17145503896847253,0.08393541374132044,0.239660403595726,0.10327576802686123,0.0011059980306902235,0.20947531356207424,-6.968788081693019e-4,-0.11673424661339553,0.10453325225817653,0.3833573254761857,0.27826581671813055,0.4935553214616376,685,consistent,"DE,PL",TRUE,TRUE,TRUE,FALSE,"strong, mostly shared bad years"
bup_pin,dip_sp,441,21,2,119,0.31976033256971936,0.22126102036321732,0.4112438586895178,0.15959695457220044,0.0629263484727756,0.25486667056415674,0.14664935001702872,0.05491671472383276,0.2448211666103895,0.04887673821322428,-0.025516574178544978,0.11716079708415958,0.41010138460282286,0.3352024187104705,0.48942952021415126,685,consistent,"DE,PL",TRUE,TRUE,TRUE,FALSE,"strong, mostly shared bad years"
bup_pin,era_def,161,7,1,12,-0.06018925444776836,-0.2493424760649557,0.16647752614114922,-0.15035345783004817,-0.28138058062102306,0.022944310520534587,-0.13694688159338875,-0.2980912977403224,0.048043559501959716,-0.05597491301137239,-0.13403490240174998,0.05229387557397518,0.13369103659716866,-0.15325192717238859,0.4452266754956604,345,insufficient data,DE,FALSE,FALSE,FALSE,FALSE,no clear link
bup_pin,geo_db,395,19,2,93,0.1837680358682625,0.03575272190660263,0.32681742936898456,0.09505329230592009,-0.022570868522345373,0.20208405989142475,0.05841558673519254,-0.049065792788132154,0.1535708615002498,0.11322120430095377,-0.01020302213845916,0.24454265338027878,0.2455656007709408,0.13105907727966873,0.3667138664175994,685,inconsistent,"DE,PL",TRUE,FALSE,FALSE,FALSE,weak but real
bup_pin,ips_acu,375,18,2,30,-0.2346991825263723,-0.37192640371015123,-0.0650994954842414,0.1057275625657981,0.01666392556569646,0.16860421215906826,0.02338161231272746,-0.02828791829671796,0.07336876279062868,-0.005813173019082311,-0.07448541061946416,0.05293209476201566,-0.02906408767420068,-0.1501914434106324,0.09684094962313929,685,inconsistent,"DE,PL",TRUE,TRUE,FALSE,FALSE,weak but real
bup_pin,ips_ami,23,1,1,2,0.2325004055948246,NA,NA,-0.16853699625436697,NA,NA,-0.0705401791635287,NA,NA,-0.13828407100697182,NA,NA,0.011103732893316644,-0.10626654255456436,0.2494939426396432,345,insufficient data,DE,FALSE,FALSE,FALSE,FALSE,no clear link
bup_pin,ips_cem,184,8,1,52,0.2035466331704299,-0.043953072395561656,0.4979281217193882,0.17148559630402746,-3.7522546295837647e-4,0.3360597801215238,0.06328249735531635,-0.12570111636931797,0.22496757328894368,-0.12866303728668751,-0.2658087866936165,-0.024208793156522305,0.336329319480814,0.1695255027276566,0.499511582493848,345,insufficient data,DE,FALSE,FALSE,FALSE,TRUE,no clear link
bup_pin,ips_dup,0,0,0,0,NA,NA,NA,NA,NA,NA,NA,NA,NA,NA,NA,NA,NA,NA,NA,0,insufficient data,NA,FALSE,FALSE,FALSE,FALSE,not enough data
bup_pin,ips_sex,138,6,1,34,0.25145974022469053,0.031123142788881654,0.49091006131677956,0.23563421362428705,-0.03125500336840945,0.3965858456868384,0.16388059239285005,0.03911349551485186,0.28836484952571867,-0.10591808061143218,-0.25174359545277836,0.03420076155525971,0.398616893682719,0.20894006010373656,0.5785359587304354,345,insufficient data,DE,TRUE,FALSE,TRUE,FALSE,weak but real
bup_pin,ips_typ,464,22,2,159,0.08722043139296448,-0.09007742111776788,0.2612015995200708,0.1009308933947239,0.0018394287005731676,0.18996721160502417,-0.04642269575443319,-0.13463924616953823,0.020983931830696193,0.007641370944378056,-0.05698919761811108,0.07093755257622941,0.28115767769809974,0.179019819981867,0.3747370076340665,685,inconsistent,"DE,PL",FALSE,TRUE,FALSE,FALSE,no clear link
bup_pin,lym_dis,161,7,1,22,0.19149794648436289,-0.03376103402992357,0.4141300828302223,0.16042168720078953,0.03837191912864901,0.3037434504546577,-0.1121504595258033,-0.1754245887243952,-0.01980182076454301,-0.09158623558309589,-0.24913573403588055,0.03733677238281611,0.16242592303062356,-0.03919602957873735,0.38395302835732276,345,insufficient data,DE,FALSE,TRUE,TRUE,FALSE,no clear link
bup_pin,lym_mon,464,22,2,131,0.3136177982309187,0.23739733208048674,0.3843291005914768,0.15665283610642625,0.040858062414838095,0.25758431381120284,-0.015159012731134595,-0.16419038423014648,0.13164895925133419,0.1394647790912342,0.0023042388221936093,0.2730624342230877,0.4294672168598761,0.3311872491711493,0.5149588812351571,685,consistent,"DE,PL",TRUE,TRUE,FALSE,TRUE,"strong, mostly shared bad years"
bup_pin,mel_spp,441,21,2,118,0.22899176132458166,0.06661136120671006,0.38733668939744453,0.11688340810554995,0.0012193818594644003,0.21681940336490466,-0.012990365504738465,-0.094398659163902,0.06119299133562692,-0.1054457146660508,-0.19428546301233118,-0.010460281667148637,0.20266482314814166,0.06643717746622375,0.33766320642627107,685,consistent,"DE,PL",TRUE,TRUE,FALSE,TRUE,weak but real
bup_pin,neo_ser,46,2,1,3,-0.1060048844379545,NA,NA,-0.23913352651317754,NA,NA,0.17168852084208863,NA,NA,0.09043242704483957,NA,NA,0.046971906124625755,-0.040143813440842765,0.13161245842322553,345,insufficient data,DE,FALSE,FALSE,FALSE,FALSE,no clear link
bup_pin,ope_spp,138,6,1,13,0.2109041046958048,-0.02246099166087028,0.48619894160921934,-0.03999376839202289,-0.2377593852626302,0.17477609850787723,-0.02627421937882739,-0.19079990272286815,0.14651733661320715,-0.08101207519759503,-0.25596189586995555,0.059224580225703094,0.12712067674978034,-0.05548632935739924,0.3533646608163772,345,insufficient data,DE,FALSE,FALSE,FALSE,FALSE,no clear link
bup_pin,pan_fla,418,20,2,92,0.37370528267476955,0.2286876801685262,0.5041619296690604,0.32228446866460003,0.18035729192128974,0.4381300125965391,0.12361888333464986,0.011481211031696035,0.23521691242534165,-0.08067122414896087,-0.18000570036504387,0.016466942281892372,0.39707080751845736,0.28288406024148366,0.5022133627503444,685,consistent,"DE,PL",TRUE,TRUE,TRUE,FALSE,"strong, beyond shared bad years"
bup_pin,pha_cya,464,22,2,156,0.24656345209279046,0.09049186903323678,0.3810649168551526,0.11084041604834001,-0.060300558700527716,0.2921055215166124,0.020876170191676317,-0.07336109147691607,0.12266040862092105,0.055601349187265586,-0.03149123775109317,0.16884810976804748,0.344354680577244,0.24523232903915568,0.4346214438972892,685,consistent,"DE,PL",TRUE,FALSE,FALSE,FALSE,weak but real
bup_pin,pis_pin,138,6,1,31,0.2748315377423307,-0.0017325794503922328,0.5500105484549768,0.2542431423574157,0.03356139798696338,0.40855612415431464,0.24571660560891448,0.03203727856076575,0.43994490253126567,-0.024788644234248373,-0.19744672446846653,0.17162375743005676,0.4354719137113221,0.1542256672184783,0.6786888259102937,345,insufficient data,DE,FALSE,TRUE,TRUE,FALSE,no clear link
bup_pin,pit_bid,92,4,1,26,0.11893758063975918,NA,NA,0.018713921509468896,NA,NA,0.12391677000565281,NA,NA,-0.04365241339107612,NA,NA,0.3217903466686639,0.138092093455621,0.48589593471933784,345,insufficient data,DE,FALSE,FALSE,FALSE,FALSE,no clear link
bup_pin,pit_cha,184,8,1,55,0.2882006577656623,0.05351847798814438,0.5301055991871059,0.1662629698584991,-0.0161602172385459,0.3298708530526081,-0.013034102313855643,-0.18806162536186635,0.13060783996226652,0.008590097111537132,-0.05622559016851636,0.0580873271939208,0.3774679568693934,0.2460174613127561,0.5367429375326727,345,insufficient data,DE,TRUE,FALSE,FALSE,FALSE,weak but real
bup_pin,pit_spp,46,2,1,4,-0.10279297904618881,NA,NA,-0.005578980430831058,NA,NA,-0.07764592108688352,NA,NA,-0.15676924968734354,NA,NA,-0.11625799527389405,-0.2443797784493319,0.0312955560252982,345,insufficient data,DE,FALSE,FALSE,FALSE,FALSE,no clear link
bup_pin,pol_pol,0,0,0,0,NA,NA,NA,NA,NA,NA,NA,NA,NA,NA,NA,NA,NA,NA,NA,0,insufficient data,NA,FALSE,FALSE,FALSE,FALSE,not enough data
bup_pin,pri_abi,161,7,1,18,0.11207858376349693,-0.05257820700835353,0.278930232881328,0.06678225045212864,-0.2333043846197404,0.2615152058298296,0.04626844857879249,-0.21025779573197115,0.21202090390844636,0.16798291192574466,-0.042624908622948376,0.31983191670194955,0.2255795598558748,0.08123780938217366,0.38536997795072653,345,insufficient data,DE,FALSE,FALSE,FALSE,FALSE,no clear link
bup_pin,sap_car,23,1,1,0,-0.23988087104031094,NA,NA,NA,NA,NA,NA,NA,NA,NA,NA,NA,-0.023480272051692494,-0.054805273417823104,-0.017659007546484716,345,insufficient data,DE,FALSE,FALSE,FALSE,FALSE,no clear link
bup_pin,sco_int,115,5,1,20,-0.09181098423318342,-0.32656908591958217,0.19645427164181567,0.11327495137148205,-0.05018854173801234,0.35798503782955116,0.010108485650570313,-0.1526765164780098,0.15121707767207687,-0.04946953921324964,-0.15185554939404625,0.09514447933462891,0.19956905903487782,-0.020302289134365947,0.40033901185718124,345,insufficient data,DE,FALSE,FALSE,FALSE,FALSE,no clear link
bup_pin,sco_rat,69,3,1,17,-0.058508791031153064,NA,NA,0.09162273991430481,NA,NA,0.1817519915817776,NA,NA,-0.00731810112997079,NA,NA,0.2840810143397343,0.03549033196397157,0.5269261757424559,345,insufficient data,DE,FALSE,FALSE,FALSE,FALSE,no clear link
bup_pin,sco_sco,69,3,1,13,0.11569773106173332,NA,NA,-0.06079191358226157,NA,NA,0.2605313380439287,NA,NA,0.09095002828328781,NA,NA,0.2563571701851456,-0.07924963221197116,0.4796019239936724,345,insufficient data,DE,FALSE,FALSE,FALSE,FALSE,no clear link
bup_pin,tet_gab,138,6,1,27,0.3561664914978123,0.08855372498236694,0.5950893402644103,0.33484218875824695,0.17551407078026704,0.4622990378526885,0.17531749908850544,-0.041020683131723405,0.3972050276643911,0.06826001015778514,-0.03257250003073568,0.14334708583673858,0.2208335461731698,-0.013573202465423687,0.4862339403699593,345,insufficient data,DE,TRUE,TRUE,FALSE,FALSE,"strong, beyond shared bad years"
bup_pin,tet_spp,115,5,1,14,0.18382826153365703,-0.09615265332050614,0.5265242067941096,0.06397185973672523,-0.16240624073777105,0.2849770275635159,0.03881040847756855,-0.11728955755000971,0.18796563941320488,0.034282264198868165,-0.10850608354232322,0.16976568115432672,0.029628555877988023,-0.17682716687376712,0.281164807745249,345,insufficient data,DE,FALSE,FALSE,FALSE,FALSE,no clear link
bup_pin,tha_pit,23,1,1,3,-0.6439950439766439,NA,NA,-0.4931266980802371,NA,NA,-0.6382277760466324,NA,NA,-0.4090993004466182,NA,NA,0.056171825225013614,0.008782297740303606,0.11259107604808463,345,insufficient data,DE,FALSE,FALSE,FALSE,FALSE,no clear link
bup_pin,tha_pro,161,7,1,27,0.06135750591113279,-0.20590710699526235,0.36075934812503435,0.18293768798397453,0.10059582321390594,0.24895202497162836,-0.1477178005923972,-0.33367590497835214,0.03103392393710295,-0.04083554976940043,-0.11897338946699458,0.061104813716851523,0.16390359885884825,-0.07438481884560391,0.3810873318935779,345,insufficient data,DE,FALSE,TRUE,FALSE,FALSE,no clear link
bup_pin,tom_spp,404,19,2,106,0.2763126195280879,0.10159834568519434,0.44366351317678887,0.0696550222773856,-0.08221064506408925,0.21587387808323588,0.016055346165412265,-0.08463116316130431,0.13291744215128407,-0.015639773457730464,-0.10990276088787754,0.08144634086119128,0.23986852287156446,0.0967892258752084,0.3921741072851754,685,consistent,"DE,PL",TRUE,FALSE,FALSE,FALSE,weak but real
bup_pin,tor_vir,441,21,2,93,0.16669179263283912,0.04911411718301441,0.30695625493462264,0.03317541907395925,-0.09913063102129523,0.14970180986384238,0.056360161542668846,-0.056091708257343116,0.18604174067242774,0.02431919185782594,-0.10461515940841407,0.1360598169371642,0.17465649645254055,0.06468183252005148,0.2780397941731992,685,consistent,"DE,PL",TRUE,FALSE,FALSE,FALSE,weak but real
bup_pin,uro_sir_spp,46,2,1,4,0.03649087514490206,NA,NA,0.19310918142277236,NA,NA,0.3293588932080968,NA,NA,0.16491427347634513,NA,NA,0.08014945684828716,-0.0562905515572189,0.2134720777731174,345,insufficient data,DE,FALSE,FALSE,FALSE,FALSE,no clear link
bup_pin,xyl_lin,161,7,1,44,0.29680306723036703,0.037044789987124495,0.5585382266818074,0.1941507890685994,0.07021700353219075,0.32717572490455776,0.039646844725711575,-0.11911822497059908,0.2450930211975831,0.09980561153912491,1.8407806253434902e-4,0.23349108531829854,0.3292917071287513,0.15782374210766714,0.5083400045144475,345,insufficient data,DE,TRUE,TRUE,FALSE,TRUE,weak but real
bup_pin,xyl_spp,184,8,1,45,0.28698121489114825,0.18267974922961264,0.4359365929978075,0.20637666813364686,0.036736154693376606,0.3678784492663397,0.14372040713216672,0.04266561912184599,0.27994764853046616,0.055562598007438284,-0.06518675560801994,0.2212606821514678,0.41301841608603646,0.29842598603386206,0.5458298830872355,345,insufficient data,DE,TRUE,TRUE,TRUE,FALSE,weak but real
bup_pin,zei_gri,23,1,1,1,0.05686098573937332,NA,NA,-0.12454896903754606,NA,NA,-0.03429087672172068,NA,NA,-0.11424925831945054,NA,NA,0.02679924037707831,-0.002807034503403447,0.07959869802000692,345,insufficient data,DE,FALSE,FALSE,FALSE,FALSE,no clear link
cep_spp,clo_ana,0,0,0,0,NA,NA,NA,NA,NA,NA,NA,NA,NA,NA,NA,NA,NA,NA,NA,0,insufficient data,NA,FALSE,FALSE,FALSE,FALSE,not enough data
cep_spp,den_mic,23,1,1,0,-0.10852937104017223,NA,NA,-0.21414966357968376,NA,NA,-0.06360680111921709,NA,NA,-0.27318589403787646,NA,NA,-0.07720914364821829,-0.14900571811506014,-0.0516777351667873,184,insufficient data,CZ,FALSE,FALSE,FALSE,FALSE,no clear link
cep_spp,den_pin,0,0,0,0,NA,NA,NA,NA,NA,NA,NA,NA,NA,NA,NA,NA,NA,NA,NA,0,insufficient data,NA,FALSE,FALSE,FALSE,FALSE,not enough data
cep_spp,dip_sp,0,0,0,0,NA,NA,NA,NA,NA,NA,NA,NA,NA,NA,NA,NA,NA,NA,NA,0,insufficient data,NA,FALSE,FALSE,FALSE,FALSE,not enough data
cep_spp,era_def,0,0,0,0,NA,NA,NA,NA,NA,NA,NA,NA,NA,NA,NA,NA,NA,NA,NA,0,insufficient data,NA,FALSE,FALSE,FALSE,FALSE,not enough data
cep_spp,geo_db,0,0,0,0,NA,NA,NA,NA,NA,NA,NA,NA,NA,NA,NA,NA,NA,NA,NA,0,insufficient data,NA,FALSE,FALSE,FALSE,FALSE,not enough data
cep_spp,ips_acu,161,7,1,92,-0.1323541372395329,-0.3865242373319599,0.11294455452665444,0.06650830067615235,-0.10898713718759497,0.23386586388592542,0.026001797028001664,-0.10971101141706745,0.1459660321878946,0.046263284106646194,-0.04199975191142261,0.14032822025630798,0.41542838613811095,0.09647780848346821,0.6404356604805156,184,insufficient data,CZ,FALSE,FALSE,FALSE,FALSE,no clear link
cep_spp,ips_ami,0,0,0,0,NA,NA,NA,NA,NA,NA,NA,NA,NA,NA,NA,NA,NA,NA,NA,0,insufficient data,NA,FALSE,FALSE,FALSE,FALSE,not enough data
cep_spp,ips_cem,0,0,0,0,NA,NA,NA,NA,NA,NA,NA,NA,NA,NA,NA,NA,NA,NA,NA,0,insufficient data,NA,FALSE,FALSE,FALSE,FALSE,not enough data
cep_spp,ips_dup,161,7,1,91,-0.26750068839798585,-0.5101930060830506,-0.04992834932828993,-0.0017580498669795578,-0.17680190485000039,0.12010717922073727,0.07022620382854641,-0.10773139616181018,0.19654878525080183,-0.026431356286080624,-0.13597341357615766,0.06361058870718936,0.30248518401294,-0.13676859411897627,0.4999724147006621,184,insufficient data,CZ,TRUE,FALSE,FALSE,FALSE,weak but real
cep_spp,ips_sex,161,7,1,88,-0.18201932465111778,-0.39822235583459603,0.06734700609883244,0.08805333306016584,-0.028609794967536573,0.23645534905941185,-0.05246670259223766,-0.2092325586815995,0.1282749735979177,0.1772462608523139,0.06267367716726564,0.295017484764368,0.3606568583986574,-0.044816077120363264,0.6263819076582174,184,insufficient data,CZ,FALSE,FALSE,FALSE,TRUE,no clear link
cep_spp,ips_typ,161,7,1,96,-0.3086505720179531,-0.5243925674749313,-0.075288238097473,-0.02616608065951862,-0.26896791795192415,0.20346046062683906,-0.0609091497767771,-0.28985109037893686,0.15304396934759307,-0.019812315211334353,-0.14652280250827796,0.09948027437200728,NA,NA,NA,184,insufficient data,CZ,TRUE,FALSE,FALSE,FALSE,"strong, mostly shared bad years"
cep_spp,lym_dis,115,5,1,7,-0.048900388515316244,-0.22757802228200785,0.11118443535792763,0.10984739518487717,-0.10089059724429716,0.30833024805160514,0.08099290972540704,-0.07723079506222703,0.2602149547606564,-0.04362889531356897,-0.16810599887225272,0.08246635570985647,0.032569201365912286,-0.07410951524666884,0.10826732853796694,184,insufficient data,CZ,FALSE,FALSE,FALSE,FALSE,no clear link
cep_spp,lym_mon,138,6,1,65,0.14391281355955865,-0.058616844316783864,0.4107716458868824,-0.027380932213092766,-0.2071543258978923,0.13019665912959097,-0.014541660486894111,-0.08283094013747881,0.05973137611063873,0.007795960464760377,-0.16738484468367465,0.18436160818309294,0.42731100993768795,0.19747837042175548,0.6059982295915802,184,insufficient data,CZ,FALSE,FALSE,FALSE,FALSE,no clear link
cep_spp,mel_spp,0,0,0,0,NA,NA,NA,NA,NA,NA,NA,NA,NA,NA,NA,NA,NA,NA,NA,0,insufficient data,NA,FALSE,FALSE,FALSE,FALSE,not enough data
cep_spp,neo_ser,46,2,1,1,-0.05881882010846213,NA,NA,-0.12761408222244616,NA,NA,0.18715982004283552,NA,NA,0.28424725456700145,NA,NA,-0.004562074178761324,-0.14630716964669083,0.11563809925226211,184,insufficient data,CZ,FALSE,FALSE,FALSE,FALSE,no clear link
cep_spp,ope_spp,0,0,0,0,NA,NA,NA,NA,NA,NA,NA,NA,NA,NA,NA,NA,NA,NA,NA,0,insufficient data,NA,FALSE,FALSE,FALSE,FALSE,not enough data
cep_spp,pan_fla,23,1,1,0,-0.2632700447611223,NA,NA,-0.05715559293193709,NA,NA,0.05396682535970953,NA,NA,-0.021086860995463298,NA,NA,-0.07720914364821829,-0.18449059216969407,-0.051230444603497856,184,insufficient data,CZ,FALSE,FALSE,FALSE,FALSE,no clear link
cep_spp,pha_cya,161,7,1,86,-0.08165632095752541,-0.21556027602782551,0.057902525013477577,0.07448715749046723,-0.10095118871873265,0.2243017919291988,0.01812470088374191,-0.17117916062012745,0.20636276385840122,0.1361030438802678,-0.08207775704001337,0.3437008214457158,0.35176323534072423,-0.08796681024851948,0.5982035442569845,184,insufficient data,CZ,FALSE,FALSE,FALSE,FALSE,no clear link
cep_spp,pis_pin,0,0,0,0,NA,NA,NA,NA,NA,NA,NA,NA,NA,NA,NA,NA,NA,NA,NA,0,insufficient data,NA,FALSE,FALSE,FALSE,FALSE,not enough data
cep_spp,pit_bid,0,0,0,0,NA,NA,NA,NA,NA,NA,NA,NA,NA,NA,NA,NA,NA,NA,NA,0,insufficient data,NA,FALSE,FALSE,FALSE,FALSE,not enough data
cep_spp,pit_cha,0,0,0,0,NA,NA,NA,NA,NA,NA,NA,NA,NA,NA,NA,NA,NA,NA,NA,0,insufficient data,NA,FALSE,FALSE,FALSE,FALSE,not enough data
cep_spp,pit_spp,161,7,1,76,-0.30151873422441144,-0.4681001842110071,-0.1399698770717656,0.03039584992183645,-0.1120585397582012,0.16356629764102545,0.051069315909268775,-0.09319574907552182,0.2122915632331379,-0.006239615485332447,-0.14873536981521948,0.14373278559954333,0.21794649895542345,-0.2255577918658022,0.46007970100785617,184,insufficient data,CZ,TRUE,FALSE,FALSE,FALSE,"strong, mostly shared bad years"
cep_spp,pol_pol,161,7,1,84,0.01702239275412908,-0.1539663848704559,0.1913769473328929,0.019969424062831954,-0.1279448105680714,0.1563768213658464,-0.03245126354681185,-0.19090709123799426,0.14970745580548545,0.05843734212149262,-0.06383479329946853,0.15832263124734966,0.2569680116090434,-0.071233827311149,0.44874295270017606,184,insufficient data,CZ,FALSE,FALSE,FALSE,FALSE,no clear link
cep_spp,pri_abi,138,6,1,73,0.4241814920248439,0.21065059273229234,0.6268981802386187,0.12612148265679052,-0.07928238518119296,0.3401299386679103,0.03143392833989634,-0.1635821133473608,0.21228425278347554,0.03142846127873175,-0.14372771943432588,0.25478293073875574,0.3679536661954258,0.14164018656432473,0.5728472834145345,184,insufficient data,CZ,TRUE,FALSE,FALSE,FALSE,"strong, mostly shared bad years"
cep_spp,sap_car,0,0,0,0,NA,NA,NA,NA,NA,NA,NA,NA,NA,NA,NA,NA,NA,NA,NA,0,insufficient data,NA,FALSE,FALSE,FALSE,FALSE,not enough data
cep_spp,sco_int,161,7,1,55,-0.13321963715066498,-0.25020023788865525,0.017523474447109874,-7.198082737877167e-4,-0.08380396028586538,0.062329482997743456,-0.03506453314003018,-0.1964235449881424,0.11613961095210322,0.07062061669527389,-0.03877906125905739,0.18837657634929378,0.1636805090698754,-0.13425333919160876,0.44502891535334993,184,insufficient data,CZ,FALSE,FALSE,FALSE,FALSE,no clear link
cep_spp,sco_rat,161,7,1,44,-0.2803473165745918,-0.42461146833915464,-0.11016330771922873,-0.10696378723344588,-0.2260166972330065,0.026989646430371748,-0.060846747059806104,-0.1944630998382002,0.07565678718548746,-0.04970589472734107,-0.15811538939407074,0.04710075786383559,0.03811640246385776,-0.2006991142005122,0.2662715361219298,184,insufficient data,CZ,TRUE,FALSE,FALSE,FALSE,weak but real
cep_spp,sco_sco,0,0,0,0,NA,NA,NA,NA,NA,NA,NA,NA,NA,NA,NA,NA,NA,NA,NA,0,insufficient data,NA,FALSE,FALSE,FALSE,FALSE,not enough data
cep_spp,tet_gab,46,2,1,4,0.30764492106557895,NA,NA,0.016658869560927415,NA,NA,0.16149065731594686,NA,NA,-0.37647806874599793,NA,NA,0.14272480642961252,0.07626600394462812,0.23730201069617662,184,insufficient data,CZ,FALSE,FALSE,FALSE,FALSE,no clear link
cep_spp,tet_spp,0,0,0,0,NA,NA,NA,NA,NA,NA,NA,NA,NA,NA,NA,NA,NA,NA,NA,0,insufficient data,NA,FALSE,FALSE,FALSE,FALSE,not enough data
cep_spp,tha_pit,0,0,0,0,NA,NA,NA,NA,NA,NA,NA,NA,NA,NA,NA,NA,NA,NA,NA,0,insufficient data,NA,FALSE,FALSE,FALSE,FALSE,not enough data
cep_spp,tha_pro,0,0,0,0,NA,NA,NA,NA,NA,NA,NA,NA,NA,NA,NA,NA,NA,NA,NA,0,insufficient data,NA,FALSE,FALSE,FALSE,FALSE,not enough data
cep_spp,tom_spp,161,7,1,94,-0.18084574632645886,-0.4125554000250071,0.0636161965677955,0.05120724137194832,-0.17989146867020214,0.3129132098733339,0.05908114107236741,-0.10219265716660494,0.1814006282745063,0.06531979728463688,-0.13359666407067122,0.25693935967146714,0.28292130315075453,-0.014962854779877263,0.5098981759269365,184,insufficient data,CZ,FALSE,FALSE,FALSE,FALSE,no clear link
cep_spp,tor_vir,0,0,0,0,NA,NA,NA,NA,NA,NA,NA,NA,NA,NA,NA,NA,NA,NA,NA,0,insufficient data,NA,FALSE,FALSE,FALSE,FALSE,not enough data
cep_spp,uro_sir_spp,0,0,0,0,NA,NA,NA,NA,NA,NA,NA,NA,NA,NA,NA,NA,NA,NA,NA,0,insufficient data,NA,FALSE,FALSE,FALSE,FALSE,not enough data
cep_spp,xyl_lin,0,0,0,0,NA,NA,NA,NA,NA,NA,NA,NA,NA,NA,NA,NA,NA,NA,NA,0,insufficient data,NA,FALSE,FALSE,FALSE,FALSE,not enough data
cep_spp,xyl_spp,0,0,0,0,NA,NA,NA,NA,NA,NA,NA,NA,NA,NA,NA,NA,NA,NA,NA,0,insufficient data,NA,FALSE,FALSE,FALSE,FALSE,not enough data
cep_spp,zei_gri,161,7,1,53,0.03014999269485231,-0.15982785614003706,0.19448140085261895,0.045621696807565074,-0.11091550479432975,0.21201896785402793,0.06031519848773039,-0.01693165752999777,0.13974223125281623,-0.06263261315991053,-0.2436211949739815,0.11648317105233404,0.34408530697026785,0.10388771194684501,0.5090969476907548,184,insufficient data,CZ,FALSE,FALSE,FALSE,FALSE,no clear link
clo_ana,den_mic,0,0,0,0,NA,NA,NA,NA,NA,NA,NA,NA,NA,NA,NA,NA,NA,NA,NA,0,insufficient data,NA,FALSE,FALSE,FALSE,FALSE,not enough data
clo_ana,den_pin,0,0,0,0,NA,NA,NA,NA,NA,NA,NA,NA,NA,NA,NA,NA,NA,NA,NA,0,insufficient data,NA,FALSE,FALSE,FALSE,FALSE,not enough data
clo_ana,dip_sp,0,0,0,0,NA,NA,NA,NA,NA,NA,NA,NA,NA,NA,NA,NA,NA,NA,NA,0,insufficient data,NA,FALSE,FALSE,FALSE,FALSE,not enough data
clo_ana,era_def,0,0,0,0,NA,NA,NA,NA,NA,NA,NA,NA,NA,NA,NA,NA,NA,NA,NA,0,insufficient data,NA,FALSE,FALSE,FALSE,FALSE,not enough data
clo_ana,geo_db,23,1,1,1,-0.3995241449660467,NA,NA,NA,NA,NA,NA,NA,NA,NA,NA,NA,-0.5110997067272864,NA,NA,23,insufficient data,RO,FALSE,FALSE,FALSE,FALSE,no clear link
clo_ana,ips_acu,0,0,0,0,NA,NA,NA,NA,NA,NA,NA,NA,NA,NA,NA,NA,NA,NA,NA,0,insufficient data,NA,FALSE,FALSE,FALSE,FALSE,not enough data
clo_ana,ips_ami,0,0,0,0,NA,NA,NA,NA,NA,NA,NA,NA,NA,NA,NA,NA,NA,NA,NA,0,insufficient data,NA,FALSE,FALSE,FALSE,FALSE,not enough data
clo_ana,ips_cem,0,0,0,0,NA,NA,NA,NA,NA,NA,NA,NA,NA,NA,NA,NA,NA,NA,NA,0,insufficient data,NA,FALSE,FALSE,FALSE,FALSE,not enough data
clo_ana,ips_dup,22,1,1,3,0.5583304608419918,NA,NA,NA,NA,NA,NA,NA,NA,NA,NA,NA,0.581675050747111,NA,NA,22,insufficient data,RO,FALSE,FALSE,FALSE,FALSE,no clear link
clo_ana,ips_sex,0,0,0,0,NA,NA,NA,NA,NA,NA,NA,NA,NA,NA,NA,NA,NA,NA,NA,0,insufficient data,NA,FALSE,FALSE,FALSE,FALSE,not enough data
clo_ana,ips_typ,22,1,1,3,-0.3055440512168623,NA,NA,NA,NA,NA,NA,NA,NA,NA,NA,NA,NA,NA,NA,22,insufficient data,RO,FALSE,FALSE,FALSE,FALSE,no clear link
clo_ana,lym_dis,23,1,1,4,0.018086008169012586,NA,NA,NA,NA,NA,NA,NA,NA,NA,NA,NA,0.14159846508095772,NA,NA,23,insufficient data,RO,FALSE,FALSE,FALSE,FALSE,no clear link
clo_ana,lym_mon,0,0,0,0,NA,NA,NA,NA,NA,NA,NA,NA,NA,NA,NA,NA,NA,NA,NA,0,insufficient data,NA,FALSE,FALSE,FALSE,FALSE,not enough data
clo_ana,mel_spp,0,0,0,0,NA,NA,NA,NA,NA,NA,NA,NA,NA,NA,NA,NA,NA,NA,NA,0,insufficient data,NA,FALSE,FALSE,FALSE,FALSE,not enough data
clo_ana,neo_ser,0,0,0,0,NA,NA,NA,NA,NA,NA,NA,NA,NA,NA,NA,NA,NA,NA,NA,0,insufficient data,NA,FALSE,FALSE,FALSE,FALSE,not enough data
clo_ana,ope_spp,0,0,0,0,NA,NA,NA,NA,NA,NA,NA,NA,NA,NA,NA,NA,NA,NA,NA,0,insufficient data,NA,FALSE,FALSE,FALSE,FALSE,not enough data
clo_ana,pan_fla,0,0,0,0,NA,NA,NA,NA,NA,NA,NA,NA,NA,NA,NA,NA,NA,NA,NA,0,insufficient data,NA,FALSE,FALSE,FALSE,FALSE,not enough data
clo_ana,pha_cya,0,0,0,0,NA,NA,NA,NA,NA,NA,NA,NA,NA,NA,NA,NA,NA,NA,NA,0,insufficient data,NA,FALSE,FALSE,FALSE,FALSE,not enough data
clo_ana,pis_pin,0,0,0,0,NA,NA,NA,NA,NA,NA,NA,NA,NA,NA,NA,NA,NA,NA,NA,0,insufficient data,NA,FALSE,FALSE,FALSE,FALSE,not enough data
clo_ana,pit_bid,0,0,0,0,NA,NA,NA,NA,NA,NA,NA,NA,NA,NA,NA,NA,NA,NA,NA,0,insufficient data,NA,FALSE,FALSE,FALSE,FALSE,not enough data
clo_ana,pit_cha,0,0,0,0,NA,NA,NA,NA,NA,NA,NA,NA,NA,NA,NA,NA,NA,NA,NA,0,insufficient data,NA,FALSE,FALSE,FALSE,FALSE,not enough data
clo_ana,pit_spp,0,0,0,0,NA,NA,NA,NA,NA,NA,NA,NA,NA,NA,NA,NA,NA,NA,NA,0,insufficient data,NA,FALSE,FALSE,FALSE,FALSE,not enough data
clo_ana,pol_pol,0,0,0,0,NA,NA,NA,NA,NA,NA,NA,NA,NA,NA,NA,NA,NA,NA,NA,0,insufficient data,NA,FALSE,FALSE,FALSE,FALSE,not enough data
clo_ana,pri_abi,0,0,0,0,NA,NA,NA,NA,NA,NA,NA,NA,NA,NA,NA,NA,NA,NA,NA,0,insufficient data,NA,FALSE,FALSE,FALSE,FALSE,not enough data
clo_ana,sap_car,0,0,0,0,NA,NA,NA,NA,NA,NA,NA,NA,NA,NA,NA,NA,NA,NA,NA,0,insufficient data,NA,FALSE,FALSE,FALSE,FALSE,not enough data
clo_ana,sco_int,0,0,0,0,NA,NA,NA,NA,NA,NA,NA,NA,NA,NA,NA,NA,NA,NA,NA,0,insufficient data,NA,FALSE,FALSE,FALSE,FALSE,not enough data
clo_ana,sco_rat,0,0,0,0,NA,NA,NA,NA,NA,NA,NA,NA,NA,NA,NA,NA,NA,NA,NA,0,insufficient data,NA,FALSE,FALSE,FALSE,FALSE,not enough data
clo_ana,sco_sco,0,0,0,0,NA,NA,NA,NA,NA,NA,NA,NA,NA,NA,NA,NA,NA,NA,NA,0,insufficient data,NA,FALSE,FALSE,FALSE,FALSE,not enough data
clo_ana,tet_gab,0,0,0,0,NA,NA,NA,NA,NA,NA,NA,NA,NA,NA,NA,NA,NA,NA,NA,0,insufficient data,NA,FALSE,FALSE,FALSE,FALSE,not enough data
clo_ana,tet_spp,0,0,0,0,NA,NA,NA,NA,NA,NA,NA,NA,NA,NA,NA,NA,NA,NA,NA,0,insufficient data,NA,FALSE,FALSE,FALSE,FALSE,not enough data
clo_ana,tha_pit,0,0,0,0,NA,NA,NA,NA,NA,NA,NA,NA,NA,NA,NA,NA,NA,NA,NA,0,insufficient data,NA,FALSE,FALSE,FALSE,FALSE,not enough data
clo_ana,tha_pro,0,0,0,0,NA,NA,NA,NA,NA,NA,NA,NA,NA,NA,NA,NA,NA,NA,NA,0,insufficient data,NA,FALSE,FALSE,FALSE,FALSE,not enough data
clo_ana,tom_spp,0,0,0,0,NA,NA,NA,NA,NA,NA,NA,NA,NA,NA,NA,NA,NA,NA,NA,0,insufficient data,NA,FALSE,FALSE,FALSE,FALSE,not enough data
clo_ana,tor_vir,23,1,1,2,-0.5616943032115271,NA,NA,NA,NA,NA,NA,NA,NA,NA,NA,NA,-0.6725927091345493,NA,NA,23,insufficient data,RO,FALSE,FALSE,FALSE,FALSE,no clear link
clo_ana,uro_sir_spp,0,0,0,0,NA,NA,NA,NA,NA,NA,NA,NA,NA,NA,NA,NA,NA,NA,NA,0,insufficient data,NA,FALSE,FALSE,FALSE,FALSE,not enough data
clo_ana,xyl_lin,0,0,0,0,NA,NA,NA,NA,NA,NA,NA,NA,NA,NA,NA,NA,NA,NA,NA,0,insufficient data,NA,FALSE,FALSE,FALSE,FALSE,not enough data
clo_ana,xyl_spp,0,0,0,0,NA,NA,NA,NA,NA,NA,NA,NA,NA,NA,NA,NA,NA,NA,NA,0,insufficient data,NA,FALSE,FALSE,FALSE,FALSE,not enough data
clo_ana,zei_gri,0,0,0,0,NA,NA,NA,NA,NA,NA,NA,NA,NA,NA,NA,NA,NA,NA,NA,0,insufficient data,NA,FALSE,FALSE,FALSE,FALSE,not enough data
den_mic,den_pin,23,1,1,3,0.4329575969819365,NA,NA,0.3628995278157773,NA,NA,0.42272318988328567,NA,NA,0.04545511207039384,NA,NA,0.16480071427457227,-0.029318012379773998,0.42584102877467744,368,insufficient data,LT,FALSE,FALSE,FALSE,FALSE,no clear link
den_mic,dip_sp,23,1,1,1,0.18673725823522513,NA,NA,0.17087731286025445,NA,NA,-0.3183687469182879,NA,NA,0.32078597422512817,NA,NA,0.0012627259134896534,-0.04297612784420211,0.07203669889207931,368,insufficient data,LT,FALSE,FALSE,FALSE,FALSE,no clear link
den_mic,era_def,23,1,1,0,-0.11215048658060106,NA,NA,-0.10374176783986326,NA,NA,-0.15606020651683727,NA,NA,-0.07811277357838767,NA,NA,-0.019800488971868646,-0.0450040118022916,-0.012274627391290071,345,insufficient data,DE,FALSE,FALSE,FALSE,FALSE,no clear link
den_mic,geo_db,23,1,1,0,-0.27284088622532837,NA,NA,-0.1836027918670495,NA,NA,-0.195889845721323,NA,NA,-0.0846391323538342,NA,NA,-0.053389197847928,-0.11232077407865101,-0.015245864930964232,368,insufficient data,LT,FALSE,FALSE,FALSE,FALSE,no clear link
den_mic,ips_acu,46,2,2,6,0.005844293675881043,NA,NA,0.10727102911460065,NA,NA,-0.229681191169158,NA,NA,0.11227434918146878,NA,NA,0.10318957229562725,-0.04226703144541543,0.20546694115483546,552,inconsistent,"CZ,LT",FALSE,FALSE,FALSE,FALSE,no clear link
den_mic,ips_ami,23,1,1,0,-0.16489564030321066,NA,NA,-0.10143782374342952,NA,NA,-0.2949050417760701,NA,NA,0.026691576000957416,NA,NA,-0.009784618288315769,-0.03020190878901653,-0.008824140100031469,345,insufficient data,DE,FALSE,FALSE,FALSE,FALSE,no clear link
den_mic,ips_cem,23,1,1,1,0.2775572961866366,NA,NA,0.05787424030516142,NA,NA,-0.07127474122577168,NA,NA,-0.10148652507502977,NA,NA,0.047567287575379265,0.031068488300060003,0.107538599196686,345,insufficient data,DE,FALSE,FALSE,FALSE,FALSE,no clear link
den_mic,ips_dup,23,1,1,1,-0.4087510131576323,NA,NA,-0.015864476295679865,NA,NA,-0.08878722577463041,NA,NA,0.06052753759072021,NA,NA,0.03197478294261026,0.011019660081788105,0.062328139134459684,184,insufficient data,CZ,FALSE,FALSE,FALSE,FALSE,no clear link
den_mic,ips_sex,23,1,1,1,-0.12639434103572164,NA,NA,-0.16790614831337972,NA,NA,-0.07821378708439615,NA,NA,-0.1258863147951788,NA,NA,0.010028891788536193,-0.0598152676858689,0.08720802071725356,529,insufficient data,CZ,FALSE,FALSE,FALSE,FALSE,no clear link
den_mic,ips_typ,69,3,3,7,-0.1161791207461158,NA,NA,-0.10834254974707432,NA,NA,-0.19990588185966104,NA,NA,0.03457002677044739,NA,NA,0.06669649515436352,0.021854073645721044,0.11551627073985138,552,inconsistent,"CZ,DE,LT",FALSE,FALSE,FALSE,FALSE,no clear link
den_mic,lym_dis,23,1,1,3,0.27699953281394063,NA,NA,0.3900694804057316,NA,NA,0.020367242480009318,NA,NA,0.40333048807783584,NA,NA,0.0703918787908765,-0.041175986028335713,0.1863624136784067,552,insufficient data,LT,FALSE,FALSE,FALSE,FALSE,no clear link
den_mic,lym_mon,23,1,1,1,-0.20031172025825586,NA,NA,-0.1388196421736729,NA,NA,-0.3038596642960272,NA,NA,-0.210024893863122,NA,NA,-0.03244057651985253,-0.06465582549773612,-0.004411094871988875,552,insufficient data,LT,FALSE,FALSE,FALSE,FALSE,no clear link
den_mic,mel_spp,0,0,0,0,NA,NA,NA,NA,NA,NA,NA,NA,NA,NA,NA,NA,-0.030346539836172495,-0.05829097392853588,-0.01782707299358848,345,insufficient data,NA,FALSE,FALSE,FALSE,FALSE,not enough data
den_mic,neo_ser,0,0,0,0,NA,NA,NA,NA,NA,NA,NA,NA,NA,NA,NA,NA,-0.010157108543460273,-0.020483398460845858,-0.0026809747823228793,529,insufficient data,NA,FALSE,FALSE,FALSE,FALSE,not enough data
den_mic,ope_spp,23,1,1,0,-0.11206835021885247,NA,NA,-0.11019697753066098,NA,NA,-0.2227621973722699,NA,NA,-0.10976411809794537,NA,NA,-0.021412214021859895,-0.04669028763954847,-0.013726440155604508,345,insufficient data,DE,FALSE,FALSE,FALSE,FALSE,no clear link
den_mic,pan_fla,23,1,1,1,-0.02412422073911762,NA,NA,-0.3399381751528617,NA,NA,-0.05110423455544509,NA,NA,-0.11192485881847287,NA,NA,0.03971157504076612,-0.022900078123440318,0.11251711336470563,552,insufficient data,LT,FALSE,FALSE,FALSE,FALSE,no clear link
den_mic,pha_cya,69,3,3,1,-0.10591108390854956,NA,NA,-0.12493517863330496,NA,NA,-0.06103875802693369,NA,NA,-0.11372666633808931,NA,NA,-0.10221863654325311,-0.20680093664044885,0.04294595119660682,552,consistent,"CZ,DE,LT",FALSE,FALSE,FALSE,FALSE,no clear link
den_mic,pis_pin,23,1,1,5,0.2296257921084678,NA,NA,0.48120156272417014,NA,NA,0.036867597602656586,NA,NA,0.520317513584411,NA,NA,0.18887306976261295,-0.041304727184564925,0.3677376798110154,368,insufficient data,LT,FALSE,FALSE,FALSE,FALSE,no clear link
den_mic,pit_bid,0,0,0,0,NA,NA,NA,NA,NA,NA,NA,NA,NA,NA,NA,NA,-0.02573105574966856,-0.056687810087457643,-0.013016336849048522,345,insufficient data,NA,FALSE,FALSE,FALSE,FALSE,not enough data
den_mic,pit_cha,46,2,2,6,0.12967312900881206,NA,NA,0.1812541194079019,NA,NA,-0.0700263032541907,NA,NA,0.11227937460733854,NA,NA,0.1079981356272247,0.036642346760307795,0.19753021322322778,368,consistent,"DE,LT",FALSE,FALSE,FALSE,FALSE,no clear link
den_mic,pit_spp,23,1,1,1,0.0650932592453634,NA,NA,0.18693051075276026,NA,NA,-0.009973312754272701,NA,NA,0.2083053795531655,NA,NA,0.01861294145198835,-0.053644718223805794,0.09785360624435607,529,insufficient data,CZ,FALSE,FALSE,FALSE,FALSE,no clear link
den_mic,pol_pol,46,2,2,5,-0.2456644615835504,NA,NA,-0.049782340972290076,NA,NA,0.23476959794159086,NA,NA,0.37721327695384554,NA,NA,0.023087854826980506,-0.06851275196127234,0.07909145271620638,207,consistent,"CZ,LT",FALSE,FALSE,FALSE,FALSE,no clear link
den_mic,pri_abi,23,1,1,1,0.4021470672164959,NA,NA,0.2792030218344123,NA,NA,0.11048389391989805,NA,NA,0.15851179248689096,NA,NA,0.02709840939695234,-0.04331387945735855,0.10369516947304253,529,insufficient data,CZ,FALSE,FALSE,FALSE,FALSE,no clear link
den_mic,sap_car,0,0,0,0,NA,NA,NA,NA,NA,NA,NA,NA,NA,NA,NA,NA,-0.002906976744186047,-0.007151802490310841,-0.0029069767441860465,345,insufficient data,NA,FALSE,FALSE,FALSE,FALSE,not enough data
den_mic,sco_int,46,2,2,1,0.006152597081615267,NA,NA,-0.162797412987614,NA,NA,0.007763578962017799,NA,NA,-0.15070572137358287,NA,NA,0.028017034132722964,-0.04288768602020049,0.10591445180349963,529,inconsistent,"CZ,DE",FALSE,FALSE,FALSE,FALSE,no clear link
den_mic,sco_rat,46,2,2,2,-0.02221613819249527,NA,NA,0.11717053809521469,NA,NA,0.07687050050091544,NA,NA,0.1346858363480895,NA,NA,0.016047939084989717,-0.0505251323326036,0.08472707222480089,552,inconsistent,"CZ,LT",FALSE,FALSE,FALSE,FALSE,no clear link
den_mic,sco_sco,46,2,2,0,-0.09456034591249297,NA,NA,-0.1528663043805217,NA,NA,-0.09574946354097344,NA,NA,0.20521702025397018,NA,NA,-0.03694544458865131,-0.07245587247063415,-0.010400215338781908,368,consistent,"DE,LT",FALSE,FALSE,FALSE,FALSE,no clear link
den_mic,tet_gab,23,1,1,1,0.22979319190479602,NA,NA,0.15851258491898337,NA,NA,-0.3288540507657411,NA,NA,-0.29254688945401564,NA,NA,0.05091315739021934,-0.036526547304486214,0.17759008620835467,529,insufficient data,DE,FALSE,FALSE,FALSE,FALSE,no clear link
den_mic,tet_spp,23,1,1,1,0.3388119209471302,NA,NA,0.19054847186370905,NA,NA,0.3201928257162213,NA,NA,-0.189542749635902,NA,NA,0.09975372177991429,0.06862309440241682,0.23847793272219042,345,insufficient data,DE,FALSE,FALSE,FALSE,FALSE,no clear link
den_mic,tha_pit,0,0,0,0,NA,NA,NA,NA,NA,NA,NA,NA,NA,NA,NA,NA,-0.009784618288315769,-0.024501808506195093,-0.00978461828831577,345,insufficient data,NA,FALSE,FALSE,FALSE,FALSE,not enough data
den_mic,tha_pro,23,1,1,0,-0.04545454545454546,NA,NA,-0.019381192532603283,NA,NA,-0.10204039442111483,NA,NA,-0.26106252360006,NA,NA,-0.0366419034641455,-0.07151292402029907,-0.024788370635961163,345,insufficient data,DE,FALSE,FALSE,FALSE,FALSE,no clear link
den_mic,tom_spp,69,3,3,6,-0.009566237449802648,NA,NA,-0.04959613697135544,NA,NA,-0.02206512205347632,NA,NA,0.08052005598697981,NA,NA,0.051744268471697955,-0.07728914720160604,0.13564326665499066,552,inconsistent,"CZ,DE,LT",FALSE,FALSE,FALSE,FALSE,no clear link
den_mic,tor_vir,46,2,2,4,-0.052440742082064465,NA,NA,0.015665922581245335,NA,NA,-0.17638091174934978,NA,NA,-0.1754020199227336,NA,NA,0.09544483689464882,-0.06183304715891535,0.22806511639081223,368,inconsistent,"DE,LT",FALSE,FALSE,FALSE,FALSE,no clear link
den_mic,uro_sir_spp,23,1,1,0,-0.045454545454545456,NA,NA,-0.05519511730711038,NA,NA,0.08083191038013433,NA,NA,-0.3205449708516756,NA,NA,-0.010668992578204887,-0.025609475209928755,-0.003663287786677959,345,insufficient data,DE,FALSE,FALSE,FALSE,FALSE,no clear link
den_mic,xyl_lin,23,1,1,1,-0.03725343431019633,NA,NA,-0.3259775661906663,NA,NA,-0.3280184848841761,NA,NA,-0.340806639838581,NA,NA,0.06257411362736665,0.043843428445733634,0.1412853573106101,345,insufficient data,DE,FALSE,FALSE,FALSE,FALSE,no clear link
den_mic,xyl_spp,23,1,1,0,-0.0825349731013383,NA,NA,-0.26058085612194787,NA,NA,-0.10704408939851084,NA,NA,-0.4269736302830006,NA,NA,-0.0406410055476472,-0.08219351008497747,-0.026713780337956457,345,insufficient data,DE,FALSE,FALSE,FALSE,FALSE,no clear link
den_mic,zei_gri,23,1,1,0,-0.0968452048716532,NA,NA,-0.04583028215035987,NA,NA,-0.09222574379752656,NA,NA,0.34171372890886226,NA,NA,-0.02523291271276116,-0.0449804392817229,-0.012614355206576949,529,insufficient data,CZ,FALSE,FALSE,FALSE,FALSE,no clear link
den_pin,dip_sp,418,20,3,146,0.3076445644869295,0.20925657019600202,0.40597259445112555,0.20181818614319008,0.12281395737619429,0.2805880713061262,0.12749775205305236,0.004379941784532581,0.24345389874899387,0.022581203239520307,-0.05270587496197644,0.10304321884934697,0.5333640126381208,0.43477488376526524,0.6258743962877076,708,inconsistent,"DE,LT,PL",TRUE,TRUE,TRUE,FALSE,"strong, beyond shared bad years"
den_pin,era_def,115,5,1,13,0.05236952535273219,-0.09667484785574479,0.3219741759514436,0.07931745787121351,-0.1506541689831547,0.35128517104014445,0.04286901066810226,-0.10287897380334463,0.1642684784064115,-0.05964416285677255,-0.09596393760954118,-0.020321344589839793,0.26924685050014596,-0.09479733479900017,0.5770325918273704,345,insufficient data,DE,FALSE,FALSE,FALSE,TRUE,no clear link
den_pin,geo_db,395,19,3,117,0.2637857055493073,0.14032594398435694,0.3827242110167486,0.09109003630066766,-0.02259138612402205,0.20509395495330013,-0.055519656302431525,-0.13085789135969916,0.00974305474397743,0.11882877111804495,0.015349298551744078,0.22408357937117215,0.3538446276672296,0.20825846372212434,0.4922210549358551,708,consistent,"DE,LT,PL",TRUE,FALSE,FALSE,TRUE,weak but real
den_pin,ips_acu,375,18,3,51,-0.13684989761595842,-0.29439707698178386,0.017326445415767555,0.07672876021513125,-0.05082536992784971,0.1733125448102734,-0.04179021091402807,-0.12565646482456325,0.05213960273692358,-0.030627259765864705,-0.16644827961560527,0.09587622582257295,0.07522498204713175,-0.0686541853157221,0.23374814272932892,708,inconsistent,"DE,LT,PL",FALSE,FALSE,FALSE,FALSE,no clear link
den_pin,ips_ami,23,1,1,2,0.15747503237031577,NA,NA,0.030463596339687517,NA,NA,0.09763015721492523,NA,NA,-0.29183367336971777,NA,NA,0.05069882025954052,-0.062414417053190896,0.28958425612193556,345,insufficient data,DE,FALSE,FALSE,FALSE,FALSE,no clear link
den_pin,ips_cem,115,5,1,33,0.21790087112659803,0.07062856529717298,0.4407166708453249,0.10604888525086914,0.010214991766330858,0.2205821044305857,-0.02446657470387651,-0.35734752739645653,0.245016643075627,0.05366023794141341,-0.0821837810252244,0.141668671331127,0.2721045759982499,0.09416166678146429,0.44924303829637646,345,insufficient data,DE,TRUE,TRUE,FALSE,FALSE,weak but real
den_pin,ips_dup,0,0,0,0,NA,NA,NA,NA,NA,NA,NA,NA,NA,NA,NA,NA,NA,NA,NA,0,insufficient data,NA,FALSE,FALSE,FALSE,FALSE,not enough data
den_pin,ips_sex,115,5,1,29,0.013074940840131617,-0.2214542043943859,0.29304465562036786,0.02300483885573092,-0.1022444750043767,0.1831661179865851,0.1304846472955472,-0.03369072364256683,0.3216242214913764,0.043357658291750055,-0.0859627033535261,0.20953952336694867,0.48656624014994343,0.2087456884503583,0.6916018177528765,345,insufficient data,DE,FALSE,FALSE,FALSE,FALSE,no clear link
den_pin,ips_typ,418,20,3,176,0.11541634996122327,-0.014594091764131156,0.24705843334900593,0.14019030255820814,0.022540901431818226,0.2510557624219362,0.028477526037261964,-0.058323008731217235,0.10710515945119861,0.07606243927260622,-0.02755368401872593,0.18318789650820472,0.28103866336162003,0.17789330246568535,0.38202473466657877,708,consistent,"DE,LT,PL",FALSE,TRUE,FALSE,FALSE,no clear link
den_pin,lym_dis,115,5,2,13,0.1815382838314081,-0.05351416367752237,0.42655765412248103,0.10766108422646027,-0.07117285891045835,0.277911888667664,-0.09210273020037095,-0.35543849476184886,0.2228063244425858,0.11994587677051283,-0.1806137518521843,0.3806547362030347,0.06867143526002668,-0.0783898752415318,0.2644942405193184,368,consistent,"DE,LT",FALSE,FALSE,FALSE,FALSE,no clear link
den_pin,lym_mon,441,21,3,155,0.4432021899808284,0.3024897005281193,0.5805492033983947,0.32545241558694343,0.19121429396858386,0.4793359457107016,-0.07465058338185368,-0.172500831727652,0.025791626730396252,0.07053859985317835,-0.0232750367452239,0.1693504480214651,0.5168866088806428,0.40025397732247814,0.625829356523673,708,inconsistent,"DE,LT,PL",TRUE,TRUE,FALSE,FALSE,"strong, beyond shared bad years"
den_pin,mel_spp,372,18,2,138,0.10756913145244507,-0.02143507426071919,0.23761429953392696,0.06847194856171247,-0.03544477613852737,0.18773734141044185,-0.04625886983220883,-0.1541564832618422,0.05732869427996236,-0.007488171587717112,-0.10307343924013525,0.11305516599002284,0.28363478524989494,0.14164094711546527,0.4085444666380881,685,consistent,"DE,PL",FALSE,FALSE,FALSE,FALSE,no clear link
den_pin,neo_ser,46,2,1,1,-0.13074981768605018,NA,NA,-0.06159488027376573,NA,NA,-0.04984081746210333,NA,NA,0.1485646107745178,NA,NA,-0.009691882864528208,-0.07095089382861978,0.06817807154735389,345,insufficient data,DE,FALSE,FALSE,FALSE,FALSE,no clear link
den_pin,ope_spp,92,4,1,7,0.3229249694011392,NA,NA,0.07591529154061515,NA,NA,-0.07646552126158386,NA,NA,0.021352720908596884,NA,NA,0.06713443565294326,-0.12905106710886977,0.38618866704542737,345,insufficient data,DE,FALSE,FALSE,FALSE,FALSE,no clear link
den_pin,pan_fla,395,19,3,98,0.30165047017685614,0.17358320044458855,0.41933441748964567,0.26873983042668587,0.16129799723600985,0.371233761436759,0.08747054642107135,-0.00597246181648004,0.1863576805931295,0.05804493907129492,-0.05675935429621798,0.17037923989892054,0.3918592485369419,0.28452967325815715,0.4907848460746211,708,consistent,"DE,LT,PL",TRUE,TRUE,FALSE,FALSE,"strong, beyond shared bad years"
den_pin,pha_cya,418,20,3,172,0.09301882664157693,-0.023120119137327734,0.20233038866808092,-0.014455228356613255,-0.12050174631813904,0.09332980680824912,0.0027492667100442463,-0.08130282146514625,0.08920606771708861,-0.00243371525264152,-0.08524993710033639,0.07460796322448163,0.3656628173326148,0.24064392226210332,0.4866685702022364,708,inconsistent,"DE,LT,PL",FALSE,FALSE,FALSE,FALSE,no clear link
den_pin,pis_pin,138,6,2,27,0.10567655850645563,-0.0933186103936797,0.317093984541139,0.06507511025975607,-0.041911220389102284,0.17535797565089567,0.09726364802083307,-0.03360072343348552,0.2575277654711896,0.02101949563688172,-0.14753985916681625,0.18787640845630083,0.3884282528714062,0.06209391412503152,0.6156799673042325,368,consistent,"DE,LT",FALSE,FALSE,FALSE,FALSE,no clear link
den_pin,pit_bid,92,4,1,28,0.27182503700044225,NA,NA,0.2655419645703592,NA,NA,0.029953619579851105,NA,NA,0.042935196658017594,NA,NA,0.5427139424472821,0.36762201243665615,0.7561897832624551,345,insufficient data,DE,FALSE,FALSE,FALSE,FALSE,no clear link
den_pin,pit_cha,138,6,2,38,0.2026225356910675,-0.08097838183332043,0.5037981117960093,0.09289832632351873,-0.1342576139049619,0.31765459694509623,0.10503698326387471,0.02229544137714969,0.19871043984244008,0.08149397738823608,-0.021013468813550255,0.20946012614597817,0.2708918065970946,0.1074666354398761,0.4340075752516968,368,consistent,"DE,LT",FALSE,FALSE,TRUE,FALSE,no clear link
den_pin,pit_spp,0,0,0,0,NA,NA,NA,NA,NA,NA,NA,NA,NA,NA,NA,NA,-0.15170938897666278,-0.27160330536223815,-0.03895523460600317,345,insufficient data,NA,FALSE,FALSE,FALSE,FALSE,not enough data
den_pin,pol_pol,23,1,1,5,0.24962873584533693,NA,NA,0.009178286409460073,NA,NA,-0.026901439438048295,NA,NA,0.1525698291603968,NA,NA,0.24182541670333724,NA,NA,23,insufficient data,LT,FALSE,FALSE,FALSE,FALSE,no clear link
den_pin,pri_abi,115,5,1,9,0.028537371259221175,-0.17915148382328033,0.2871173934227404,0.0025253354327752294,-0.1009131256858807,0.11253885223434815,0.09485676610510911,-0.11762965696402654,0.2753297343054629,-0.04837592241632157,-0.1696176610450361,0.05792834467441929,0.11250210824993467,0.0010859409671619203,0.28052927139050576,345,insufficient data,DE,FALSE,FALSE,FALSE,FALSE,no clear link
den_pin,sap_car,23,1,1,1,-0.15177611257650636,NA,NA,NA,NA,NA,NA,NA,NA,NA,NA,NA,0.1630652853237064,0.13921151159742612,0.21177936240075526,345,insufficient data,DE,FALSE,FALSE,FALSE,FALSE,no clear link
den_pin,sco_int,92,4,1,19,-0.04374446867728745,NA,NA,0.1235025645844757,NA,NA,-0.07026241331551532,NA,NA,0.04644641526237753,NA,NA,0.3175500205741112,-0.08981758328353547,0.6097335846956424,345,insufficient data,DE,FALSE,FALSE,FALSE,FALSE,no clear link
den_pin,sco_rat,92,4,2,23,0.24020833554626667,NA,NA,0.23628944108650682,NA,NA,0.11869421876807884,NA,NA,0.1954838794784467,NA,NA,0.49893730638193906,0.1652670320418972,0.7332014308710689,368,consistent,"DE,LT",FALSE,FALSE,FALSE,FALSE,no clear link
den_pin,sco_sco,92,4,2,14,0.15484514219113038,NA,NA,0.08069243278755518,NA,NA,-0.01680768558490908,NA,NA,0.10161168207582716,NA,NA,0.36734768466321566,-0.05016868183608069,0.6205519830136466,368,inconsistent,"DE,LT",FALSE,FALSE,FALSE,FALSE,no clear link
den_pin,tet_gab,115,5,1,10,0.007299186530976299,-0.0962503451502412,0.1438969890290303,0.013837522496242184,-0.16112542702368246,0.1653557360735175,0.19966091614165443,-0.03589229023463315,0.41857224535253845,-0.0668176541339449,-0.22422201465072703,0.08119565255052474,0.02052494700250852,-0.15516500355927204,0.22357514391730268,345,insufficient data,DE,FALSE,FALSE,FALSE,FALSE,no clear link
den_pin,tet_spp,46,2,1,3,0.017661322080644484,NA,NA,-0.005961082906469549,NA,NA,0.08160581857589032,NA,NA,0.025751057344468566,NA,NA,-0.10896510328457831,-0.19982054491856127,0.02007463723917832,345,insufficient data,DE,FALSE,FALSE,FALSE,FALSE,no clear link
den_pin,tha_pit,23,1,1,7,-0.46113821271489674,NA,NA,-0.26897925311731113,NA,NA,-0.3321344059049086,NA,NA,-0.032717713803038964,NA,NA,0.32745662072696896,0.26150752243441944,0.43681838170426135,345,insufficient data,DE,FALSE,FALSE,FALSE,FALSE,no clear link
den_pin,tha_pro,92,4,1,16,0.1272038513434976,NA,NA,0.1779874224815056,NA,NA,0.11732059260829752,NA,NA,0.04278629107103581,NA,NA,0.1099887785747744,-0.1177406223657611,0.34397868927532277,345,insufficient data,DE,FALSE,FALSE,FALSE,FALSE,no clear link
den_pin,tom_spp,358,17,3,93,0.17421542865867715,0.03983241278208514,0.30735860784269464,0.05025022666767292,-0.0535707825892695,0.15562431931342052,-0.0128724893189787,-0.1250361343476331,0.1051622965965008,0.1468591680958486,0.06504515369610415,0.23796232290033228,0.07525870185034544,-0.1330050365079632,0.2922582859658742,708,consistent,"DE,LT,PL",TRUE,FALSE,FALSE,TRUE,weak but real
den_pin,tor_vir,418,20,3,112,0.15219879073042472,0.023913595068746636,0.27085522888038827,0.07563597811273434,-0.032621452000849864,0.184715730637063,0.004447012106831348,-0.11815975959765461,0.12546710181934853,0.11744826248079723,0.015061861732495707,0.2059073987892113,0.23028309323591914,0.10483320822909029,0.35183785806418205,708,consistent,"DE,LT,PL",TRUE,FALSE,FALSE,TRUE,weak but real
den_pin,uro_sir_spp,23,1,1,1,0.43376798937257055,NA,NA,0.34243082729044355,NA,NA,0.06089466180990991,NA,NA,0.055921385699652784,NA,NA,-0.014358575734958554,-0.11377879391489527,0.23846102049289156,345,insufficient data,DE,FALSE,FALSE,FALSE,FALSE,no clear link
den_pin,xyl_lin,115,5,1,32,0.3812946579062535,0.08390142742270638,0.6278240810305155,0.3479276748658103,0.1379304267678598,0.5198107411876457,0.07844032520791296,-0.018461084707077184,0.15977227844315486,0.23651371600493853,0.14227495646297703,0.33492262920192434,0.3444052835638752,0.10616445034097972,0.5626446329092484,345,insufficient data,DE,TRUE,TRUE,FALSE,TRUE,"strong, beyond shared bad years"
den_pin,xyl_spp,115,5,1,30,0.09399678264424874,-0.2245495697138903,0.412543135002388,0.08340177347787014,-0.11734523659581252,0.3608133898539546,0.22683237266625395,0.0741443906835699,0.43357561326939886,0.15504845316280846,-0.013248051887926602,0.34103835566980606,0.3577205049008628,0.11230162785992204,0.5450457090403571,345,insufficient data,DE,FALSE,FALSE,TRUE,FALSE,no clear link
den_pin,zei_gri,23,1,1,0,-0.19018198491410837,NA,NA,-0.24373345180880454,NA,NA,0.33941046847370737,NA,NA,-0.34849366462203485,NA,NA,-0.03581063896741402,-0.08651293149416821,-0.017725741933841667,345,insufficient data,DE,FALSE,FALSE,FALSE,FALSE,no clear link
dip_sp,era_def,184,8,1,18,0.1591774437182982,-0.0413917007708265,0.35762882379882494,0.14208512592845599,-0.021463626058128887,0.3319169343957422,0.043200697280244824,-0.11906418177617857,0.24806299853903918,0.01238767562659941,-0.15000632465477276,0.15388785712450512,0.2707603738699901,-0.06573767342850954,0.535319176072501,345,insufficient data,DE,FALSE,FALSE,FALSE,FALSE,no clear link
dip_sp,geo_db,504,24,3,155,0.05532400856922286,-0.04500247147037126,0.15948019143619288,2.0494272956910479e-4,-0.10003648550836286,0.10327147218056168,0.09938008338500467,0.015833522821712968,0.18646970396900958,0.03731756264964215,-0.04358460572268749,0.12137550354339056,0.3468478234460275,0.18205645535519718,0.48981946601080056,708,inconsistent,"DE,LT,PL",FALSE,FALSE,TRUE,FALSE,no clear link
dip_sp,ips_acu,484,23,3,70,-0.10843114053192929,-0.24233459677649558,0.05130616896369684,0.012348843434538237,-0.11152093708829246,0.14744617817121503,-0.06397390449086711,-0.13951766249708478,0.0064661657767392175,0.008408593059420365,-0.07389998552682173,0.10558038304596747,0.05359700364121932,-0.09191580159051853,0.20988516117314904,708,inconsistent,"DE,LT,PL",FALSE,FALSE,FALSE,FALSE,no clear link
dip_sp,ips_ami,23,1,1,2,-0.1699389648885799,NA,NA,-0.3218047761715999,NA,NA,0.09087696096138473,NA,NA,0.15833345522394507,NA,NA,0.00811217482888542,-0.09585726033127563,0.21877453382153617,345,insufficient data,DE,FALSE,FALSE,FALSE,FALSE,no clear link
dip_sp,ips_cem,207,9,1,55,0.2490732508163989,0.12746596003188945,0.36664008144735116,0.21515426719194908,0.10128456798115949,0.3238270565150578,0.006113864280376453,-0.13643333531199342,0.16243197190691255,0.0778778741380549,-0.03686851903438126,0.1696590079903782,0.361025297562909,0.18420481196781996,0.5503921162284657,345,insufficient data,DE,TRUE,TRUE,FALSE,FALSE,weak but real
dip_sp,ips_dup,0,0,0,0,NA,NA,NA,NA,NA,NA,NA,NA,NA,NA,NA,NA,NA,NA,NA,0,insufficient data,NA,FALSE,FALSE,FALSE,FALSE,not enough data
dip_sp,ips_sex,161,7,1,41,0.15934506299637471,-0.01728225205471141,0.3932265001766886,0.05534687904932844,-0.11460235737079869,0.25532033228893247,0.0410772148875082,-0.13415255947835505,0.18706108162929344,-0.08126198596877592,-0.19942418199218437,0.024762210425032457,0.5137957588404009,0.23997772552746477,0.7665046165886727,345,insufficient data,DE,FALSE,FALSE,FALSE,FALSE,no clear link
dip_sp,ips_typ,655,31,4,308,-0.0024260127310789235,-0.09351657716165845,0.09051308847199019,0.04378872048495332,-0.04606654574730281,0.12835183395178384,0.013212390827011186,-0.10580548337365842,0.12096852139124567,-0.047544842552331615,-0.17026509020883154,0.06532654969329131,0.3036708171463152,0.1766754335755471,0.41604901397382443,897,inconsistent,"AT,DE,LT,PL",FALSE,FALSE,FALSE,FALSE,no clear link
dip_sp,lym_dis,291,13,3,46,0.13297797258670588,-0.05658589779573051,0.34757351790185553,0.09356185273144521,-0.05131847463862449,0.2625077648358076,-0.024814009712998065,-0.13698822495676566,0.09029658152206212,-0.0016091368190225379,-0.17584005641239997,0.1446002679692548,0.21938979333692912,0.09410085416697112,0.35675321299822826,557,inconsistent,"AT,DE,LT",FALSE,FALSE,FALSE,FALSE,no clear link
dip_sp,lym_mon,504,24,3,206,0.1547481938926923,0.054835875918572585,0.2488803513039134,0.08220527223916171,0.009711915540783121,0.1559240135744488,-0.1273354048213854,-0.21294185849756975,-0.040561125904586215,0.08891163621536664,-0.003410202075604762,0.1901021662764796,0.5329922752062816,0.4294137063986588,0.6337409909677792,708,inconsistent,"DE,LT,PL",TRUE,TRUE,TRUE,FALSE,weak but real
dip_sp,mel_spp,504,24,2,212,0.11513310156260939,0.02670573205511751,0.2037314101617544,0.07596651916239304,0.004295805938354046,0.13930374255589942,0.09402171179750612,0.021198488542013578,0.16483747024192535,0.067400180370787,-0.07021241727329258,0.18853656481681857,0.38901961175436434,0.2288104740416646,0.5234147688398716,685,consistent,"DE,PL",TRUE,TRUE,TRUE,FALSE,weak but real
dip_sp,neo_ser,46,2,1,4,-0.10710353437588324,NA,NA,-0.08947737957267055,NA,NA,0.3198553676962645,NA,NA,-0.33862811695553896,NA,NA,0.08593356480454048,-0.04034325736076948,0.22351682362007144,345,insufficient data,DE,FALSE,FALSE,FALSE,FALSE,no clear link
dip_sp,ope_spp,161,7,1,12,0.2881808207142827,0.08531793399219699,0.5032397310288045,0.14543341958791556,-0.028962598513300977,0.3315230802337743,-0.024141299346112845,-0.1523944759677749,0.0846489894886645,0.04674827511933633,-0.11624972804452202,0.19020743104031518,0.09635172253945061,-0.06969490584169537,0.34471967031126965,345,insufficient data,DE,TRUE,FALSE,FALSE,FALSE,weak but real
dip_sp,pan_fla,461,22,3,134,0.18667030701110984,0.061655258323762965,0.3108241049441654,0.14111678654096046,0.05066072471047249,0.24819573355718946,-0.0035494513289191353,-0.088076131822094,0.07648589210296151,0.14192113170596546,0.04798790869407956,0.2284851798581851,0.43588416319898876,0.32268709225777625,0.5385147132068729,708,inconsistent,"DE,LT,PL",TRUE,TRUE,FALSE,TRUE,weak but real
dip_sp,pha_cya,655,31,4,291,0.08201789389156428,-0.013062013748527786,0.1656348671225492,0.030406376719390095,-0.04385767695400319,0.09572682621568834,-0.022497887606565632,-0.11283765298815895,0.07085219130344479,2.503179534616038e-4,-0.0601042006187395,0.05632026088673561,0.4801604567473133,0.35884410522056914,0.5862258453066416,897,inconsistent,"AT,DE,LT,PL",FALSE,FALSE,FALSE,FALSE,no clear link
dip_sp,pis_pin,184,8,2,36,0.05761189915703429,-0.10120147205574748,0.21875978362534454,0.01785603355641182,-0.12775212793865529,0.16363433730265003,-0.01402742502180734,-0.13917312168250942,0.1016212844715672,0.07175334242089343,-0.15853230046743358,0.2513883857645269,0.4000366578912764,0.06373603678700776,0.6764279013142155,368,inconsistent,"DE,LT",FALSE,FALSE,FALSE,FALSE,no clear link
dip_sp,pit_bid,115,5,1,34,0.2463474132188226,0.20400966288709738,0.29260266139972063,0.1500943368215849,0.03290074543092097,0.26145217625669154,0.044177848621927245,-0.08567108570390654,0.20150352965778517,-0.01686412443712125,-0.1543921232402385,0.13651974574550993,0.4703726130293211,0.24636509099023657,0.7300262003409457,345,insufficient data,DE,TRUE,TRUE,FALSE,FALSE,weak but real
dip_sp,pit_cha,335,15,3,100,0.08552085824605755,-0.0851552392363981,0.22487059939315432,0.06986213972219975,-0.1096609367602892,0.21166179278233832,-0.034643771856916875,-0.15905293920818017,0.07568776916762268,-0.1490124815400017,-0.34317605036262905,0.058333966788794364,0.2661895367178945,0.13814434800107592,0.41189304753571715,557,inconsistent,"AT,DE,LT",FALSE,FALSE,FALSE,FALSE,no clear link
dip_sp,pit_spp,153,7,2,48,0.032521619847465565,-0.2572190158893844,0.2656541037857983,0.06348353973725988,-0.19708548567172404,0.27676517022631225,-0.001068914265435614,-0.14826500956745065,0.11583426820956172,0.08673181068475834,-0.12203489699134393,0.2586161446839165,0.11647755787136514,-0.15934575473121362,0.40322721687696766,534,inconsistent,"AT,DE",FALSE,FALSE,FALSE,FALSE,no clear link
dip_sp,pol_pol,23,1,1,3,7.0041247750066e-4,NA,NA,-0.2344413380910708,NA,NA,-0.28463290625664833,NA,NA,-0.19246130609719914,NA,NA,0.17770466332772772,NA,NA,23,insufficient data,LT,FALSE,FALSE,FALSE,FALSE,no clear link
dip_sp,pri_abi,161,7,1,15,0.023111305207663784,-0.07681522397697846,0.11721237611481441,0.010381917394232556,-0.1306692132543582,0.1688596834469614,-0.07399418764929609,-0.19950089993995915,0.032976690584518326,0.03680388125078038,-0.08003396442818422,0.1304606403495742,0.14941468217507822,0.0043319912001739055,0.2990299726634745,345,insufficient data,DE,FALSE,FALSE,FALSE,FALSE,no clear link
dip_sp,sap_car,23,1,1,1,-0.10575206068332288,NA,NA,NA,NA,NA,NA,NA,NA,NA,NA,NA,0.12119357448701654,0.10317858420643063,0.16642353500306215,345,insufficient data,DE,FALSE,FALSE,FALSE,FALSE,no clear link
dip_sp,sco_int,138,6,1,27,-0.15109109782587538,-0.3455308505260626,0.011830588798783414,0.0203205213565176,-0.11047825619544403,0.11282537226103688,-0.18439947795463899,-0.28744786482330337,-0.04198853146180524,0.0026055040390240407,-0.11192830828684625,0.09071685959317709,0.32981954937356633,-0.12094650152029615,0.6562440931897818,345,insufficient data,DE,FALSE,FALSE,TRUE,FALSE,no clear link
dip_sp,sco_rat,92,4,2,29,0.14451192010930736,NA,NA,0.08040405950598743,NA,NA,-0.06199426183889175,NA,NA,-0.10649033305660555,NA,NA,0.4948503400203673,-0.027692222084314745,0.7471828481629895,368,inconsistent,"DE,LT",FALSE,FALSE,FALSE,FALSE,no clear link
dip_sp,sco_sco,115,5,2,16,-0.006217285596628248,-0.11385822194496228,0.10890745094850701,-0.005872062433059229,-0.14710100541417262,0.12769940612048208,-0.05008421855966849,-0.24697470201449778,0.140029688923956,-0.0726831280979939,-0.15716895187448476,0.04360981495826712,0.3172533915204486,-0.03236126943081568,0.538463655890442,368,inconsistent,"DE,LT",FALSE,FALSE,FALSE,FALSE,no clear link
dip_sp,tet_gab,245,11,2,58,0.03203975641790537,-0.19134824887465057,0.23354460059762586,0.001293955536899007,-0.1978614204782775,0.16739060363628422,-0.06280036821124757,-0.25786134537457783,0.1058883830366957,-0.013498616718510312,-0.1550798366178966,0.14092950926533976,0.27197011014977446,0.08978837514885024,0.45500517313616407,534,inconsistent,"AT,DE",FALSE,FALSE,FALSE,FALSE,no clear link
dip_sp,tet_spp,138,6,1,12,0.10697811275640033,-0.05871146100924098,0.25842771244140306,0.06135958332854461,-0.04638805483075538,0.21029344648610876,0.1060170080994713,-0.020480763489501314,0.25986401929893205,-0.022169938303944488,-0.20127301557855012,0.14643102850532713,-0.016549497923336032,-0.17922895149980822,0.203351622673581,345,insufficient data,DE,FALSE,FALSE,FALSE,FALSE,no clear link
dip_sp,tha_pit,23,1,1,11,-0.31652171728521383,NA,NA,-0.15864719113642348,NA,NA,0.0068626849570483294,NA,NA,-0.036989690592975855,NA,NA,0.4079265056810954,0.338567404046782,0.5694354184030799,345,insufficient data,DE,FALSE,FALSE,FALSE,FALSE,no clear link
dip_sp,tha_pro,184,8,1,26,-0.09162562254979881,-0.26173396615441263,0.1614278527150755,-0.009839672896373686,-0.1640569229453863,0.14350611828043516,-0.013453608732321848,-0.1769691005423159,0.16588457293375913,0.07572670713074343,-0.04680802747178125,0.1748427969043466,0.13416333457192017,-0.10772343150345534,0.3704563488623188,345,insufficient data,DE,FALSE,FALSE,FALSE,FALSE,no clear link
dip_sp,tom_spp,595,28,4,186,0.1260182866798072,0.022585308842581156,0.2367294000951981,0.0014952920225469789,-0.10213076335571453,0.09617791669077332,-0.03291559420312667,-0.11867324532825557,0.05059378255164888,-0.006219694912881441,-0.10709011900184053,0.09140989007367721,0.10097355729429353,-0.08786553912842629,0.2998958401489426,897,inconsistent,"AT,DE,LT,PL",TRUE,FALSE,FALSE,FALSE,weak but real
dip_sp,tor_vir,550,26,3,163,0.15538439077046834,0.06943843064173362,0.24027798259504685,0.0567660328911353,-0.01855457440903341,0.13609339301325019,0.04286122577563274,-0.04010020419266714,0.12187141398689974,0.019530437640247405,-0.06891978604192475,0.11162725780208772,0.2753841912265868,0.13764668711254474,0.4079345341352657,708,inconsistent,"DE,LT,PL",TRUE,FALSE,FALSE,FALSE,weak but real
dip_sp,uro_sir_spp,46,2,1,2,0.2947148988368689,NA,NA,0.23537820198846185,NA,NA,-0.05686189279955703,NA,NA,-0.021054901911437475,NA,NA,-0.00605892792601437,-0.11904898116894688,0.2255435765291155,345,insufficient data,DE,FALSE,FALSE,FALSE,FALSE,no clear link
dip_sp,xyl_lin,184,8,1,46,0.18762955158591144,0.023578583934701542,0.33991266886434646,0.14816142136161947,0.023785430684767815,0.2683091937469991,0.05329692969575024,-0.07981398976098661,0.18136489144928944,0.13051997308745672,-0.05095966001427107,0.284266138288782,0.3427005984669818,0.05526283452484528,0.5997843663048887,345,insufficient data,DE,TRUE,TRUE,FALSE,FALSE,weak but real
dip_sp,xyl_spp,207,9,1,46,0.135597709708527,-6.725400336524073e-4,0.2707390067910698,0.13437191477863986,0.0069423240334922495,0.24758788149794916,0.10775497876510091,0.035920249282502856,0.1818352141010671,0.017702143821489044,-0.10041170038442611,0.14592345694512054,0.41158524303077454,0.1389020598888505,0.6346680284058466,345,insufficient data,DE,FALSE,TRUE,TRUE,FALSE,no clear link
dip_sp,zei_gri,23,1,1,2,-0.09256578997880191,NA,NA,-0.32130051839462176,NA,NA,-0.18406203860939563,NA,NA,-0.27284836271449964,NA,NA,0.09763400814908314,0.04537048886879805,0.21572504855903862,345,insufficient data,DE,FALSE,FALSE,FALSE,FALSE,no clear link
era_def,geo_db,138,6,1,0,-0.2447686658809204,-0.33807011767549505,-0.1324041870789246,-0.3560144571926316,-0.44497171180564804,-0.23974690552361427,-0.051030939302654406,-0.16898495722998888,0.09131500721712948,-0.06168972285252125,-0.2140145917964846,0.08429528736164249,-0.147637788298791,-0.24647390534730945,-0.05857555289017544,345,insufficient data,DE,TRUE,TRUE,FALSE,FALSE,weak but real
era_def,ips_acu,138,6,1,10,-0.053793562124768136,-0.3025859851555777,0.24806287937038993,-0.012219412044153529,-0.14896949385014485,0.17653119699968092,-0.007261625249808748,-0.19793522399336572,0.16125919649932563,-0.12784080255732783,-0.18544696534147914,-0.0566845806220446,0.07442367647498636,-0.15756978996157173,0.3170103782030666,345,insufficient data,DE,FALSE,FALSE,FALSE,TRUE,no clear link
era_def,ips_ami,46,2,1,7,0.34190697442748985,NA,NA,0.2220784764102165,NA,NA,0.24286666935483575,NA,NA,-0.08272264031811685,NA,NA,0.2902305917404793,0.18793657534266292,0.49513582357579383,345,insufficient data,DE,FALSE,FALSE,FALSE,FALSE,no clear link
era_def,ips_cem,230,10,1,35,-0.036534098354328616,-0.18614093962629868,0.11479183026954913,0.044817475253700674,-0.10310953216635842,0.17783339317186775,-0.1254735050687258,-0.3318345694872819,0.07706238085329296,0.09089075553345306,-0.05140411163466184,0.21545850565046853,0.21566742635249492,0.016415977582748927,0.3826078780178712,345,insufficient data,DE,FALSE,FALSE,FALSE,FALSE,no clear link
era_def,ips_dup,0,0,0,0,NA,NA,NA,NA,NA,NA,NA,NA,NA,NA,NA,NA,NA,NA,NA,0,insufficient data,NA,FALSE,FALSE,FALSE,FALSE,not enough data
era_def,ips_sex,161,7,1,17,0.02646434831589846,-0.12733475432334754,0.17031759349113218,-0.020583620739426333,-0.1526273454560269,0.10247480076584653,-0.05911846976053707,-0.15003648744271936,0.022253657774503874,0.03400414475962726,-0.13060676094999893,0.2061405929045713,0.15902444802112495,-0.13649107634271368,0.4923324733732335,345,insufficient data,DE,FALSE,FALSE,FALSE,FALSE,no clear link
era_def,ips_typ,230,10,1,37,-0.023404776614628576,-0.20548282078782773,0.1243708526322332,0.04270804394974152,-0.13227037272108244,0.233690320808096,-0.15935467704082282,-0.23891790747088815,-0.0667905659558995,0.02128081588955058,-0.11264478059987765,0.19173674182556658,0.23434605280377926,0.07662538304384428,0.37300916170440584,345,insufficient data,DE,FALSE,FALSE,TRUE,FALSE,no clear link
era_def,lym_dis,184,8,1,11,-0.04584204992755515,-0.23646315439010968,0.13850710271192293,-0.06241633071239781,-0.2267301294357479,0.08959275297741914,-0.04042812357087081,-0.1605032061132593,0.06453876223046366,-0.09212363746753258,-0.20031209512395995,0.04925497326550016,0.023810452833355717,-0.12695553546264893,0.19359155642943773,345,insufficient data,DE,FALSE,FALSE,FALSE,FALSE,no clear link
era_def,lym_mon,184,8,1,19,0.0726468312654702,-0.0796421389767078,0.27790183871912083,0.030910648392932578,-0.1349191377470538,0.22844313526778187,-0.04205923384175745,-0.26454637238154316,0.2482268169802871,0.06675526641158114,-0.06631187674460759,0.2233259861339285,0.30497159542059693,-0.08616355666353882,0.5225766838013066,345,insufficient data,DE,FALSE,FALSE,FALSE,FALSE,no clear link
era_def,mel_spp,184,8,1,14,-0.07351158784335307,-0.29306571497753914,0.10375217315346313,-0.049074720386584725,-0.30071793421531196,0.17735066449699138,-0.031997168579837795,-0.11530090291406744,0.05344652352322898,-0.03481391786130648,-0.20114616488441153,0.1275914963241473,0.08667733722754747,-0.031727360243241194,0.24560063923143788,345,insufficient data,DE,FALSE,FALSE,FALSE,FALSE,no clear link
era_def,neo_ser,23,1,1,0,-0.045454545454545456,NA,NA,-0.03934164550586991,NA,NA,-0.13665683962488936,NA,NA,-0.12338949997465334,NA,NA,-0.06971458442231376,-0.13174397633440602,-0.015704277426551793,345,insufficient data,DE,FALSE,FALSE,FALSE,FALSE,no clear link
era_def,ope_spp,184,8,1,15,0.21384212948273226,-0.02085269641177607,0.49709550533671687,0.17992485874443298,-0.026620838448139564,0.4198283189977026,0.2078722510786809,0.08086298878723518,0.3310068784609974,-0.004856180235075617,-0.2274606655548342,0.1864975605651435,0.24582737257533274,-0.05977309713251188,0.513486673535636,345,insufficient data,DE,FALSE,FALSE,TRUE,FALSE,no clear link
era_def,pan_fla,115,5,1,7,-0.12173103787943793,-0.27387417571347505,-0.006232491637999055,-0.1421101102829674,-0.2616014792439883,-0.026567190565574827,-0.13274456858123104,-0.22102047432698524,-0.025443344177116946,-0.19327422456404586,-0.28012815532890084,-0.11591248572974917,0.1147147359394756,-0.114310523575701,0.34757961104671603,345,insufficient data,DE,TRUE,TRUE,TRUE,TRUE,weak but real
era_def,pha_cya,230,10,1,32,-0.044034042514077734,-0.16657340802562873,0.07054800662394561,-0.05270809121976224,-0.1728458368178691,0.07882549658585461,-0.03966567025527641,-0.13541080015170961,0.07375747722555206,-0.025045086410358675,-0.13972206359533265,0.10422208043458361,0.1860724688032245,-0.07422708655373793,0.36687649937159994,345,insufficient data,DE,FALSE,FALSE,FALSE,FALSE,no clear link
era_def,pis_pin,138,6,1,15,0.0586753233526046,-0.11553735538148072,0.24835195183700137,0.07124422467004776,-0.050495547860803805,0.17551331788856048,0.08075628490021722,-0.05271132304574617,0.18231704872640844,-0.06240603751152764,-0.18394983228756598,0.04303372107525384,0.178046350609799,-0.1481200139678644,0.5015240411012543,345,insufficient data,DE,FALSE,FALSE,FALSE,FALSE,no clear link
era_def,pit_bid,92,4,1,15,0.15069251600998462,NA,NA,0.06365930237672432,NA,NA,0.1155474740530549,NA,NA,-0.13738231578747903,NA,NA,0.17038783767854407,-0.13206825842514647,0.5331580254974874,345,insufficient data,DE,FALSE,FALSE,FALSE,FALSE,no clear link
era_def,pit_cha,230,10,1,35,-0.03471135733896092,-0.19091852715990298,0.1300897587605079,0.028676787431552376,-0.1535725287470408,0.20506362976796827,-0.25995990083832954,-0.4546651782547029,-0.10196619999915355,0.029407317175590267,-0.11822229879087283,0.19797581908209486,0.20972494966680455,0.050042821370665194,0.36710578226264123,345,insufficient data,DE,FALSE,FALSE,TRUE,FALSE,no clear link
era_def,pit_spp,92,4,1,13,-0.06945931476538518,NA,NA,0.20229499086308775,NA,NA,0.11196138392833109,NA,NA,0.015761120192960016,NA,NA,0.13870695957211723,-0.0839709332547927,0.38471075765733337,345,insufficient data,DE,FALSE,FALSE,FALSE,FALSE,no clear link
era_def,pol_pol,0,0,0,0,NA,NA,NA,NA,NA,NA,NA,NA,NA,NA,NA,NA,NA,NA,NA,0,insufficient data,NA,FALSE,FALSE,FALSE,FALSE,not enough data
era_def,pri_abi,161,7,1,11,0.03589811178666344,-0.05258415444950275,0.1519214275276823,-0.043206456043159785,-0.12471984242731561,0.06071756392443311,-0.0938023576115343,-0.3046628531647633,0.170035969463871,-0.10434101939510426,-0.17869048506554674,-0.03746182700525876,0.1286976749367554,-0.046560543208965285,0.3107647371859117,345,insufficient data,DE,FALSE,FALSE,FALSE,TRUE,no clear link
era_def,sap_car,23,1,1,0,-0.2561351893660142,NA,NA,NA,NA,NA,NA,NA,NA,NA,NA,NA,-0.019800488971868646,-0.05421745345694287,-0.01530391252794707,345,insufficient data,DE,FALSE,FALSE,FALSE,FALSE,no clear link
era_def,sco_int,161,7,1,13,-0.052425331023245474,-0.16128061976587293,0.11930240273854671,0.0063189293597692405,-0.09623066933813024,0.12527628440051553,-0.019655054732823477,-0.12090003343120456,0.05831745883459434,0.022528419812094812,-0.0656193985583093,0.15249193637589317,0.12430096664828326,-0.14159846508095772,0.3897728262309172,345,insufficient data,DE,FALSE,FALSE,FALSE,FALSE,no clear link
era_def,sco_rat,46,2,1,13,-0.043856698431753084,NA,NA,-0.035323965576249346,NA,NA,0.004466380957229024,NA,NA,-0.005251864623015966,NA,NA,0.24903417882574624,-0.10928267252329894,0.5485204319455803,345,insufficient data,DE,FALSE,FALSE,FALSE,FALSE,no clear link
era_def,sco_sco,92,4,1,12,0.12399104923770464,NA,NA,-0.022993526697016004,NA,NA,-0.2145668873498204,NA,NA,-0.06334517503333167,NA,NA,0.2931893887593994,-0.06277980211625676,0.5334663003659255,345,insufficient data,DE,FALSE,FALSE,FALSE,FALSE,no clear link
era_def,tet_gab,207,9,1,15,0.07327966378548946,-0.11082124125870381,0.26408010179658437,0.04630570110810024,-0.1539799341917898,0.23696827470493423,-0.0388490033700732,-0.1532083167808399,0.09242943702661723,0.026153974475470243,-0.1312979187822804,0.24163898159069935,0.08237108310572794,-0.12342389223968457,0.29184659637104965,345,insufficient data,DE,FALSE,FALSE,FALSE,FALSE,no clear link
era_def,tet_spp,161,7,1,11,0.08333227306625438,-0.11374966606217837,0.24368652212456193,0.07688123000402323,-0.18634444436279202,0.33818605970441523,0.09624276198365976,-0.11120345335569198,0.2932379265846113,0.14636348642743363,-0.03234314909330102,0.31496582822786895,0.03705464688128854,-0.06519275638386031,0.1832604142311318,345,insufficient data,DE,FALSE,FALSE,FALSE,FALSE,no clear link
era_def,tha_pit,23,1,1,3,-0.5340941073139082,NA,NA,-0.5318911052135054,NA,NA,-0.5417252213451912,NA,NA,-0.5249677789812481,NA,NA,0.08630074622018327,0.03472353741107115,0.14018418555297452,345,insufficient data,DE,FALSE,FALSE,FALSE,FALSE,no clear link
era_def,tha_pro,230,10,1,25,0.08243819006645746,-0.13755741213614697,0.27111591712953004,0.06163455033985395,-0.06514254451439641,0.18220678550429073,0.0037144161116666277,-0.16513627153257185,0.18491764399652572,-0.1372485351022025,-0.2581730056366131,-0.027908666494616215,0.23210129749791797,0.003245853711510777,0.44747818738578726,345,insufficient data,DE,FALSE,FALSE,FALSE,TRUE,no clear link
era_def,tom_spp,230,10,1,32,0.05501238273656167,-0.09283621827884418,0.19823335813175502,-0.011559747016312337,-0.14647889597860717,0.1234677677535412,-0.17452507906720935,-0.33335746623239787,-0.012963493891047709,0.07810671966199217,-0.04097473021089691,0.1855854908623527,0.2135104178106226,-0.026257964845820162,0.3873053753495883,345,insufficient data,DE,FALSE,FALSE,TRUE,FALSE,no clear link
era_def,tor_vir,207,9,1,31,0.3904364654787419,0.15086050890273306,0.6267626850708017,0.2392320672002543,-0.01449661325403449,0.4818212979706982,0.2699282325420315,0.060052806897951116,0.4817117013900372,0.06054603608871374,-0.08287693482791353,0.22024451336235343,0.3671837839709493,0.1190158569480082,0.6129222277296966,345,insufficient data,DE,TRUE,FALSE,TRUE,FALSE,"strong, mostly shared bad years"
era_def,uro_sir_spp,69,3,1,0,-0.11916955122736426,NA,NA,-0.10593974139261916,NA,NA,-0.1797289324982454,NA,NA,0.19428526112306307,NA,NA,-0.07267043684067884,-0.12862741303822817,-0.01870300757038162,345,insufficient data,DE,FALSE,FALSE,FALSE,FALSE,no clear link
era_def,xyl_lin,207,9,1,33,0.004492547465887175,-0.1714397344014651,0.20500279694724857,0.02470364993919775,-0.16738422537892575,0.23707616422615196,0.11309489142027224,-0.006655451649531815,0.2415192217529142,0.014848357332495352,-0.15855212866202859,0.18106345203201188,0.2813084168466716,-0.007469841836826047,0.4755675315418479,345,insufficient data,DE,FALSE,FALSE,FALSE,FALSE,no clear link
era_def,xyl_spp,230,10,1,26,-0.05174667231566433,-0.19063524629661774,0.08965578064998637,-0.04013729168960273,-0.18866258867417982,0.16544231800162307,0.05863815382126979,-0.04930003133751802,0.18697861101811628,0.0749025311269317,-0.08545505440769605,0.21894854897780883,0.20768315707640908,-0.08949507190215134,0.3951802325814651,345,insufficient data,DE,FALSE,FALSE,FALSE,FALSE,no clear link
era_def,zei_gri,0,0,0,0,NA,NA,NA,NA,NA,NA,NA,NA,NA,NA,NA,NA,-0.03977479433695412,-0.07562014925182545,-0.02388442819506258,345,insufficient data,NA,FALSE,FALSE,FALSE,FALSE,not enough data
geo_db,ips_acu,476,23,4,69,-0.2757627659723428,-0.4000049413590242,-0.15310796494060092,-0.15011585879727432,-0.24772110782291465,-0.05157865784406546,-0.02399405107062413,-0.13163523086914736,0.08385477276218696,0.022108621627956366,-0.11599999253563643,0.14653476008309635,0.004526076836529513,-0.1496735972046778,0.14527600149286146,726,inconsistent,"BG,DE,LT,PL",TRUE,TRUE,FALSE,FALSE,weak but real
geo_db,ips_ami,23,1,1,0,-0.08509664615990228,NA,NA,0.1856859319082963,NA,NA,0.049126038462789325,NA,NA,0.06502340309285053,NA,NA,-0.07295675402194436,-0.14315495813356088,-0.023132543922595533,345,insufficient data,DE,FALSE,FALSE,FALSE,FALSE,no clear link
geo_db,ips_cem,161,7,1,46,-0.21961812680275922,-0.3836190509117473,-0.03078703730674344,-0.03525344425836247,-0.25604305519496084,0.20321944955587862,0.024573388434789067,-0.1892001891774182,0.20839053713986336,-0.06684908111836668,-0.21009727534686534,0.06821589417582509,0.3209099851117531,0.1502015733266905,0.48327477428299664,345,insufficient data,DE,TRUE,FALSE,FALSE,FALSE,weak but real
geo_db,ips_dup,22,1,1,4,-0.3392287054820189,NA,NA,-0.04567643277961245,NA,NA,-0.14726440926050918,NA,NA,-0.21107050061702923,NA,NA,-0.32813879689547715,NA,NA,22,insufficient data,RO,FALSE,FALSE,FALSE,FALSE,no clear link
geo_db,ips_sex,156,7,2,43,-0.14995425224255626,-0.2663602081891072,-0.04401087759106395,-0.09626850663279339,-0.22694696072030165,0.07001705156510794,-0.09058999154253047,-0.21058572997402875,-0.012374450688945889,-0.028368145734345124,-0.1419307340086462,0.13467816655430953,0.46057852996903687,0.010272009548391291,0.6408684891386688,363,inconsistent,"BG,DE",TRUE,FALSE,TRUE,FALSE,weak but real
geo_db,ips_typ,587,28,6,308,0.02252462690770797,-0.0870708933542246,0.13912310071273382,0.047613863045120074,-0.03757486964911657,0.1355392166857212,0.05377425237454476,-0.003947984934932495,0.11438098791569674,-0.030326379961331494,-0.09401570514626799,0.03894957570268917,0.3817491485610648,0.2508038794443455,0.5031714333726448,771,inconsistent,"BG,DE,HR,LT,PL,RO",FALSE,FALSE,FALSE,FALSE,no clear link
geo_db,lym_dis,225,10,5,58,-0.05931197946278122,-0.24510017010975016,0.1514981463514964,-0.0618189539977926,-0.2486471143028496,0.12620161876222907,-0.028017711304043687,-0.13718490972347375,0.10050482508289336,-0.09760290272025533,-0.2430544195084825,0.002654554159050291,0.2843878667072604,0.07259877986268165,0.4867265526764665,432,inconsistent,"BG,DE,HR,LT,RO",FALSE,FALSE,FALSE,FALSE,no clear link
geo_db,lym_mon,458,22,3,176,0.15804249450192134,0.058843799047618724,0.2695881596916689,0.012311821539950848,-0.07898961476307167,0.11087135285479843,0.018046626462846244,-0.06716483272704028,0.10823116945106619,-0.01577846061430084,-0.08347348232746746,0.04495952416331298,0.37920041450939856,0.22801047399506236,0.512480824224964,708,inconsistent,"DE,LT,PL",TRUE,FALSE,FALSE,FALSE,weak but real
geo_db,mel_spp,478,23,2,198,-0.027702887217370725,-0.13712365670106935,0.09811157635239717,0.0020722259081112624,-0.12332396720383662,0.12890251841566816,-0.06236229694915542,-0.162694397180828,0.04901387517180559,-0.00745503109811962,-0.15106685489682592,0.10546874085840878,0.3444718343898892,0.13825533807723,0.5149716945805147,685,inconsistent,"DE,PL",FALSE,FALSE,FALSE,FALSE,no clear link
geo_db,neo_ser,41,2,2,15,-0.22132577607165868,NA,NA,3.7478874826017315e-4,NA,NA,0.023350929382661346,NA,NA,-0.0525768022630102,NA,NA,0.288314591147436,-0.02439348298690768,0.5078046495875658,363,consistent,"BG,DE",FALSE,FALSE,FALSE,FALSE,no clear link
geo_db,ope_spp,138,6,1,2,-0.22258703927661513,-0.5285839101201382,0.05450710761980486,-0.2656701363535496,-0.4913619253156697,0.012875612807550523,-0.21041531614962378,-0.3906542739796651,-0.04352507153922495,-0.10638613516903994,-0.2076501640796739,-0.023482218433354695,-0.11082451857045669,-0.23478795047889622,0.03400106864543915,345,insufficient data,DE,FALSE,FALSE,TRUE,TRUE,no clear link
geo_db,pan_fla,415,20,3,113,0.047800925053061875,-0.07912010271254788,0.16406799856527038,-0.01480553579827292,-0.12191625421889561,0.08631022140339077,0.05356463256918624,-0.07014001313668784,0.18370702394487512,-0.040675750733283604,-0.11979605341536359,0.04804026376697329,0.3114908058604819,0.16393999247916974,0.42928727821412055,708,inconsistent,"DE,LT,PL",FALSE,FALSE,FALSE,FALSE,no clear link
geo_db,pha_cya,524,25,3,241,0.027595245249431237,-0.09813341567145759,0.16339065193806407,0.020847899746376523,-0.09657838972973402,0.1323187488544754,-0.03948883868541602,-0.1512604905335192,0.07514183806130999,-0.005611291720954542,-0.09732432047050092,0.07451581405010486,0.4141294751133012,0.28367031183712915,0.5354550660819254,708,inconsistent,"DE,LT,PL",FALSE,FALSE,FALSE,FALSE,no clear link
geo_db,pis_pin,138,6,2,23,-0.10455002524624174,-0.2895383799143618,0.11355202714512734,0.004461618602968269,-0.22215176949243842,0.2197905518542877,-0.043868499492072756,-0.16840984177235752,0.0743073128756988,0.128189419270956,-0.08647042395747236,0.3233629283700866,0.20239487484432597,-0.06922956057565219,0.48036551214174356,368,inconsistent,"DE,LT",FALSE,FALSE,FALSE,FALSE,no clear link
geo_db,pit_bid,92,4,1,29,-0.20434885599028016,NA,NA,0.05259529095462002,NA,NA,0.15403330422939426,NA,NA,0.07968876222066827,NA,NA,0.4329913395324283,-0.08482290412294134,0.7136943469041743,345,insufficient data,DE,FALSE,FALSE,FALSE,FALSE,no clear link
geo_db,pit_cha,184,8,2,52,-0.05655794378574977,-0.19773679728868968,0.11156452317600288,-0.007110904187972716,-0.15968597885815655,0.11263951690557408,0.11209932911191554,0.022870996989069612,0.21283293394911718,0.03176387982767739,-0.08929249345555666,0.15379169178959662,0.3166842682690695,0.17508103146530637,0.46848516368949666,368,inconsistent,"DE,LT",FALSE,FALSE,TRUE,FALSE,no clear link
geo_db,pit_spp,92,4,2,29,-0.03469115653502927,NA,NA,0.010817806416234518,NA,NA,-0.11836297934871474,NA,NA,-0.01687147818781041,NA,NA,0.22384359917360105,-0.09864905439502761,0.6113204587119372,368,inconsistent,"DE,HR",FALSE,FALSE,FALSE,FALSE,no clear link
geo_db,pol_pol,23,1,1,6,0.4747352618651723,NA,NA,0.16258372070375773,NA,NA,-0.050147175643735505,NA,NA,0.19870081971567324,NA,NA,0.27258651025455277,NA,NA,23,insufficient data,LT,FALSE,FALSE,FALSE,FALSE,no clear link
geo_db,pri_abi,138,6,1,20,-0.06861765075404705,-0.33539926979859974,0.255755622782782,0.07555157913225681,-0.0334696969823694,0.1802174815705326,0.14309133202229637,-0.08390859733939637,0.29992129080982166,0.03288206711083697,-0.06306740359457186,0.10512817063254166,0.3103256403871006,-0.030531577514396883,0.4375199283882074,345,insufficient data,DE,FALSE,FALSE,FALSE,FALSE,no clear link
geo_db,sap_car,23,1,1,0,-0.06575211977248926,NA,NA,NA,NA,NA,NA,NA,NA,NA,NA,NA,-0.021675202958745168,-0.04366956540766385,-0.011495012246792571,345,insufficient data,DE,FALSE,FALSE,FALSE,FALSE,no clear link
geo_db,sco_int,115,5,1,24,0.09313275207361599,-0.26349755082196613,0.44810535229996956,0.030686346444526603,-0.19533063265277043,0.2759894990978718,0.16272696693322203,0.07012431279407311,0.26241613370367506,-0.031153710030698775,-0.2670210051127511,0.1874651106816452,0.32525874748087213,0.04325158887956234,0.6001848840092273,345,insufficient data,DE,FALSE,FALSE,TRUE,FALSE,no clear link
geo_db,sco_rat,69,3,2,18,0.20291615973181779,NA,NA,0.15410733359334075,NA,NA,0.06945732817646737,NA,NA,0.31254707987552627,NA,NA,0.273227218390982,-0.08465971219112989,0.7061773662955664,368,consistent,"DE,LT",FALSE,FALSE,FALSE,FALSE,no clear link
geo_db,sco_sco,92,4,2,3,-0.11860037420234268,NA,NA,-0.06422580343248316,NA,NA,-0.007045808067465654,NA,NA,0.16242627604497936,NA,NA,-0.032112933869180835,-0.11962477109206884,0.07055288589382748,368,consistent,"DE,LT",FALSE,FALSE,FALSE,FALSE,no clear link
geo_db,tet_gab,115,5,1,10,-0.0767731636572564,-0.20312597694721587,0.07356567361579582,0.01871090419597836,-0.15041231557528978,0.2576827707993944,0.01702068127875276,-0.13486500237278412,0.16528752327924773,0.10367188827965432,-0.04047751529238785,0.3337025776671231,-0.053030303030303025,-0.23871503725301757,0.15432584999822418,345,insufficient data,DE,FALSE,FALSE,FALSE,FALSE,no clear link
geo_db,tet_spp,115,5,1,3,-0.18460802428708342,-0.34103211066343897,-0.045195229943655046,-0.18216924236613297,-0.38866249301218153,0.014922229938787529,-0.15028236075326806,-0.20277928358725397,-0.11114586986111566,-0.21555134115638466,-0.3917781016716797,-0.05168922243057812,-0.1572197964476188,-0.2909850288699849,0.008809986914308877,345,insufficient data,DE,TRUE,FALSE,TRUE,TRUE,weak but real
geo_db,tha_pit,64,3,3,34,0.2675037506267358,NA,NA,0.22369384456393768,NA,NA,0.15238092901995953,NA,NA,0.3203345903507563,NA,NA,0.4302370860845513,-0.03846019575171973,0.7549688326973893,386,inconsistent,"BG,DE,HR",FALSE,FALSE,FALSE,FALSE,no clear link
geo_db,tha_pro,138,6,1,11,-0.028072191270748635,-0.20457206133372327,0.08884680342213888,0.036687437758087665,-0.12157519971980701,0.20574677048393994,0.020696036824485876,-0.05685946911371743,0.09189305388380699,0.1479300313789291,0.016902593472001518,0.29786996294785184,-0.07503928276214199,-0.23426812080664344,0.14953654575089365,345,insufficient data,DE,FALSE,FALSE,FALSE,TRUE,no clear link
geo_db,tom_spp,464,22,3,141,0.1166576310820372,-0.015380392603507126,0.2546230226085395,-0.011273203120607828,-0.11133033903891551,0.0995723125381982,0.05304842282585371,-0.04043392089914975,0.14819129734558747,-0.02306504093798234,-0.1363783104546928,0.08357117988269072,0.12791985197658312,-0.040280258728884015,0.315822767530801,708,inconsistent,"DE,LT,PL",FALSE,FALSE,FALSE,FALSE,no clear link
geo_db,tor_vir,565,27,5,202,0.13656241160943658,0.004961990618893844,0.27508755292613224,0.10611239900018257,-0.010724938072312938,0.24013065361831037,0.1087851633234666,0.008403401818373336,0.20924989855851603,-0.006605096399955273,-0.08350271826410585,0.07320998399231073,0.39950795310519316,0.27566380158117,0.5243613032255467,749,inconsistent,"BG,DE,LT,PL,RO",TRUE,FALSE,TRUE,FALSE,weak but real
geo_db,uro_sir_spp,46,2,1,1,0.024990919622671498,NA,NA,-0.027321617300328952,NA,NA,-0.06854147801400519,NA,NA,-0.09614564932396187,NA,NA,-0.03556842559277883,-0.11802881837928511,0.14106376334831133,345,insufficient data,DE,FALSE,FALSE,FALSE,FALSE,no clear link
geo_db,xyl_lin,161,7,1,39,0.12209721654557396,-0.11332019574326677,0.341412476172608,0.28127738135398567,0.0897108358271095,0.46606470667276617,0.1111262101911532,-0.005537805079065718,0.21803208639578403,0.09164929821056321,-0.08366142633516013,0.24319746735687905,0.3141391066231673,-0.01995164630681565,0.5468815805464761,345,insufficient data,DE,FALSE,TRUE,FALSE,FALSE,no clear link
geo_db,xyl_spp,161,7,1,37,-0.05460910622914823,-0.1510732673992319,0.04575879687593553,0.2646776443473938,0.12541951206027646,0.3812216934599522,0.12367772296055819,0.03352791448598439,0.19781528949667518,0.05740063704299028,-0.12486686377469551,0.20530480341457644,0.3416666666666667,0.013801700415051469,0.5573304685356489,345,insufficient data,DE,FALSE,TRUE,TRUE,FALSE,no clear link
geo_db,zei_gri,23,1,1,2,-0.11970291279339365,NA,NA,-0.39980411255574,NA,NA,-0.053736283330497236,NA,NA,-0.28893169212934666,NA,NA,0.11293363688047207,0.06416713127964599,0.20250083787624837,345,insufficient data,DE,FALSE,FALSE,FALSE,FALSE,no clear link
ips_acu,ips_ami,23,1,1,1,-0.041114849524094416,NA,NA,-0.002625318340097152,NA,NA,-0.24077768811870479,NA,NA,-0.10380904450167103,NA,NA,-0.03746649781104372,-0.12995797100802925,0.1074260273846378,345,insufficient data,DE,FALSE,FALSE,FALSE,FALSE,no clear link
ips_acu,ips_cem,161,7,1,58,0.4043776576322786,0.20832455790370447,0.588719052558355,0.36630251970781685,0.040956977551680616,0.6379872316108449,0.08996406929382453,-0.16440084236150262,0.41539060390039434,0.1392418250318988,0.010263765994081532,0.3015335371485885,0.39660725751549536,0.19390231678092779,0.5907113217686766,345,insufficient data,DE,TRUE,TRUE,FALSE,TRUE,"strong, beyond shared bad years"
ips_acu,ips_dup,205,9,2,161,0.5118176598021795,0.3840830827926349,0.649472546015556,0.12784238472089895,0.005549462118573616,0.24058673477803638,0.0034964383629149556,-0.23351190388237109,0.14442703071580196,0.14533991838110485,0.01877252339541304,0.2728759732486934,0.6101950726630385,-0.052436408993710354,0.7943885842972573,205,consistent,"CZ,SK",TRUE,TRUE,FALSE,TRUE,"strong, mostly shared bad years"
ips_acu,ips_sex,340,15,3,197,0.4483831596781036,0.26410276232507385,0.6195203088868605,0.3025601855967626,0.10802391299751676,0.5058222561144834,0.23501816870488915,0.09846064910436306,0.36874088313202186,0.16925539176616453,-0.04493075993028794,0.3584398480210938,0.7536256448099137,0.6411587748077706,0.8503739323257447,547,consistent,"BG,CZ,DE",TRUE,TRUE,TRUE,FALSE,"strong, beyond shared bad years"
ips_acu,ips_typ,728,34,6,352,0.3132291187938481,0.1636842040135258,0.45209543168123806,0.16945067859186227,0.03654237152491556,0.31987454706501484,0.0044640684287555535,-0.08708471482801682,0.09953756567961944,0.10362032300422636,0.033655185167477675,0.17194474853721228,0.3302843238994334,0.20786747765372227,0.4441119323567851,932,consistent,"BG,CZ,DE,LT,PL,SK",TRUE,TRUE,FALSE,TRUE,"strong, mostly shared bad years"
ips_acu,lym_dis,362,16,5,66,0.1966668850355266,0.03148895770473405,0.341979079680545,0.09711438634474995,-0.042700934845376105,0.2385254197053916,0.037138769739270175,-0.08948958838405588,0.1582679426981424,0.11929904697988425,0.024724870689311715,0.1980539194245449,0.07786358359373947,-0.1184301038250997,0.29317510231480304,592,inconsistent,"BG,CZ,DE,LT,SK",TRUE,FALSE,FALSE,TRUE,weak but real
ips_acu,lym_mon,576,27,4,176,-0.020210825790474996,-0.13383501257600014,0.09050591735022506,0.01647264417826194,-0.09813494297169646,0.12996998060521775,-0.0010918724684269665,-0.12630643421346635,0.10954935314115997,-0.07171253413049183,-0.15222927212453127,0.019332809296476985,0.18248093557288242,0.02857904471626459,0.3228262553350958,892,inconsistent,"CZ,DE,LT,PL",FALSE,FALSE,FALSE,FALSE,no clear link
ips_acu,mel_spp,458,22,2,92,9.433930643531444e-4,-0.15230042473117184,0.15856483633136695,-0.012329671949844752,-0.11923690189306686,0.10289191723571567,0.04356150440485224,-0.06334255421007734,0.14366568038318378,-0.042804697499526166,-0.1681026303880621,0.0699414655633639,0.08288608257843688,-0.06043572373292565,0.23234595800226973,685,inconsistent,"DE,PL",FALSE,FALSE,FALSE,FALSE,no clear link
ips_acu,neo_ser,110,5,3,29,-0.02205625024723737,-0.2552067548240595,0.24661565793169415,-0.14670396473755526,-0.29321983925171086,-0.033626596620276034,0.020198475415415463,-0.20336206235688994,0.24718999555730817,-0.06913558873632708,-0.20657893380906764,0.07649749678283835,0.2740189248449923,0.07629443506379321,0.45358936348703177,547,inconsistent,"BG,CZ,DE",FALSE,TRUE,FALSE,FALSE,no clear link
ips_acu,ope_spp,115,5,1,14,0.14791303269738298,-0.11318956314373074,0.4233161873597381,0.1926110670573984,-0.04752790971008527,0.38878868186351057,0.11002108509886714,-0.0577207182748906,0.3449930536489453,-0.006992994459890736,-0.13112223131363845,0.16485937270263015,0.13779508572615054,-0.1412734587498212,0.41943618937394345,345,insufficient data,DE,FALSE,FALSE,FALSE,FALSE,no clear link
ips_acu,pan_fla,441,21,4,48,-0.017401633371073554,-0.16031594136318514,0.1253235523892808,0.027699793893564015,-0.06403494227030679,0.11171410290970599,0.012099996601752521,-0.05954556248505836,0.08920655684124482,-0.01367256690603299,-0.10845627537311991,0.08340915418327295,-0.09319406407808736,-0.20716925242832604,0.04063212816566279,892,inconsistent,"CZ,DE,LT,PL",FALSE,FALSE,FALSE,FALSE,no clear link
ips_acu,pha_cya,688,32,4,251,0.13237658800296717,-0.031233206400444132,0.3063516582021142,0.10947960224953245,-0.05488337906623015,0.25147636365365694,0.06458348344394946,-0.0318217899817517,0.15938317135018315,0.06923662178410493,-0.007605492456191023,0.14276937911467052,0.18072701322641854,-0.015730000759494874,0.3661315317211415,892,inconsistent,"CZ,DE,LT,PL",FALSE,FALSE,FALSE,FALSE,no clear link
ips_acu,pis_pin,161,7,2,61,0.35840602764970364,0.12662069495916034,0.5979790171934593,0.3572102759610169,0.18234312326162772,0.5381412750239847,0.2599243730425423,0.08700333919053899,0.42127166709992836,-0.04425640756734396,-0.171525795798141,0.08575687752936234,0.6901643246189774,0.4699909261076391,0.8243022081795415,368,consistent,"DE,LT",TRUE,TRUE,TRUE,FALSE,"strong, beyond shared bad years"
ips_acu,pit_bid,115,5,1,46,0.5893332407556338,0.32573943356384893,0.8255137832459251,0.5121560581936346,0.14327698548160558,0.7360979475001366,0.2579784503442479,0.03600294880581452,0.5607048635393707,-0.1459367995952183,-0.31875345136854155,0.013313747551493615,0.7026904430589368,0.562741076642737,0.8292239583244607,345,insufficient data,DE,TRUE,TRUE,TRUE,FALSE,"strong, beyond shared bad years"
ips_acu,pit_cha,206,9,3,98,0.30598208011882894,0.05156781766617417,0.49862031404148627,0.29864395446153635,0.033078085174463,0.5443467036157827,0.07138007335705318,-0.14560881460504402,0.29698863224953437,0.030042907639126166,-0.10841443016838082,0.1328847188731343,0.4364330189027646,0.2548876795043804,0.6456179962240273,390,inconsistent,"DE,LT,SK",TRUE,TRUE,FALSE,FALSE,"strong, beyond shared bad years"
ips_acu,pit_spp,230,10,2,121,0.46105709158335173,0.21537418311276557,0.6507913716929385,0.056893778675920235,-0.11355055153115086,0.23402248111707957,0.021292103384560137,-0.11775086189861521,0.14209842149734658,0.04729508474483269,-0.050873757754210824,0.13989329716917742,0.3903070030594047,0.08181204635032864,0.6304773975736219,529,inconsistent,"CZ,DE",TRUE,FALSE,FALSE,FALSE,"strong, mostly shared bad years"
ips_acu,pol_pol,207,9,2,147,0.28957731621901056,-0.004692706649594277,0.5351702972410664,0.2606312027064596,0.009433027961101821,0.48358011000646556,0.16506356091215021,-0.028724083210525667,0.36218562101208834,0.10031728762678982,-0.006730832991867381,0.25067266772730545,0.4853626716970755,0.20659208591555606,0.7282143496148327,207,inconsistent,"CZ,LT",FALSE,TRUE,FALSE,FALSE,no clear link
ips_acu,pri_abi,276,12,2,115,-0.12094874978760113,-0.295598151006739,0.036845352276247474,-0.07760347390080992,-0.1707044936810075,0.055355210375108516,-0.09396641679263958,-0.1919210738309396,-0.017615566028014437,0.046063308939999055,-0.10930640183834556,0.18818908473247004,0.45586999076154666,0.24433186390530698,0.6209256050691742,529,inconsistent,"CZ,DE",FALSE,FALSE,TRUE,FALSE,no clear link
ips_acu,sap_car,23,1,1,1,0.34539864813295723,NA,NA,NA,NA,NA,NA,NA,NA,NA,NA,NA,0.11993549455791494,0.08621061674030471,0.22031417170173134,345,insufficient data,DE,FALSE,FALSE,FALSE,FALSE,no clear link
ips_acu,sco_int,322,14,2,126,0.31747639352144724,0.16666020896854997,0.47798707852620037,0.2563119425829086,0.1091804652897581,0.40146301350052305,0.16739016753119948,0.06817323634873283,0.2575105142985356,0.12638212253778416,0.04109955665765695,0.22938738475771545,0.5620991637245489,0.441281966981422,0.664947908801831,529,consistent,"CZ,DE",TRUE,TRUE,TRUE,TRUE,"strong, beyond shared bad years"
ips_acu,sco_rat,276,12,3,111,0.3670454702313205,0.23198654510804723,0.5121998341698352,0.2653773304363497,0.05211830077625219,0.42699412937301345,0.2416335187599498,0.06073800363820003,0.3956691844632692,0.03951071109022858,-0.07430432884579218,0.13662215745418974,0.5265885472732058,0.42500712974146887,0.6101906240663455,552,consistent,"CZ,DE,LT",TRUE,TRUE,TRUE,FALSE,"strong, beyond shared bad years"
ips_acu,sco_sco,115,5,2,16,3.8587904247209203e-4,-0.3445398767021705,0.49051803382564624,-0.0013366180045702978,-0.34975371768732544,0.37448781835395767,0.18178284388091828,-0.026797636514028545,0.4287994902063491,-0.06058182362576327,-0.16531984202424996,0.08876389296342377,0.24934149638320696,-0.01862201927239135,0.5154411452912139,368,inconsistent,"DE,LT",FALSE,FALSE,FALSE,FALSE,no clear link
ips_acu,tet_gab,184,8,2,25,0.22997599810460187,0.017990299616591324,0.45880296864258074,0.2111296107518824,0.03731490790216506,0.39975469915123835,-0.05585839602059996,-0.24190656196227187,0.10939190985145161,0.04986566228258037,-0.10466511667408394,0.19257490493905602,-0.12284776121369019,-0.3245604985990061,0.09669555980038848,529,inconsistent,"CZ,DE",TRUE,TRUE,FALSE,FALSE,weak but real
ips_acu,tet_spp,115,5,1,6,0.03620360375343028,-0.15718350603606596,0.2382141048176458,0.02391310469147132,-0.19170693445022277,0.2541391276174645,0.09939606852729138,-0.05171494699510478,0.3250854003840359,0.0370804458090337,-0.028520739942676492,0.11809678754231102,-0.13180038571150435,-0.29616982907281447,0.0744872695248351,345,insufficient data,DE,FALSE,FALSE,FALSE,FALSE,no clear link
ips_acu,tha_pit,41,2,2,25,0.3570891304862017,NA,NA,0.3341546790992371,NA,NA,0.2084058519887845,NA,NA,0.12672464748376794,NA,NA,0.4727156403463037,0.17054132879258221,0.7940642551911004,363,consistent,"BG,DE",FALSE,FALSE,FALSE,FALSE,no clear link
ips_acu,tha_pro,138,6,1,19,0.06406159707957278,-0.14596094090624592,0.3326600225733354,0.17801854433040337,-0.18854969220318815,0.5188126124723347,0.08346003365449224,-0.14017982281295324,0.26988746823959453,0.08232568243734943,-0.07986363053349932,0.27558488008146176,0.011259827194735412,-0.22843564495243643,0.2770115481420394,345,insufficient data,DE,FALSE,FALSE,FALSE,FALSE,no clear link
ips_acu,tom_spp,628,29,4,229,0.1197432113994354,-0.09445821063637658,0.3281160957960103,0.22037230729422008,0.05816283797664029,0.34964239300372085,0.06588699150332113,-0.041767872961559434,0.15945356446154665,0.0410630669089062,-0.03492296879995951,0.10965746724543707,0.27059056665998527,0.06574392606090146,0.45359128244560926,892,inconsistent,"CZ,DE,LT,PL",FALSE,TRUE,FALSE,FALSE,no clear link
ips_acu,tor_vir,522,25,4,102,-0.09811449433660957,-0.24900803065699315,0.05767230132115347,0.10445783528645324,-0.025008690553920097,0.23400342722407225,0.01991916240412121,-0.11969936632750568,0.12993954276717296,-0.019100435578153555,-0.10151613552092463,0.07580012408331128,0.14298714946527852,-0.0117184528616716,0.30119475786035,726,inconsistent,"BG,DE,LT,PL",FALSE,FALSE,FALSE,FALSE,no clear link
ips_acu,uro_sir_spp,46,2,1,1,0.14974305906121788,NA,NA,0.09928576975890727,NA,NA,0.11981142015199098,NA,NA,0.1543378099338446,NA,NA,-0.048253369458468996,-0.13019743718654447,0.12034400731594709,345,insufficient data,DE,FALSE,FALSE,FALSE,FALSE,no clear link
ips_acu,xyl_lin,138,6,1,52,-0.03336637612581675,-0.29028096390038466,0.3062553294324421,-0.074190052671126,-0.36592808567473967,0.3743093223975742,-0.11180431065412053,-0.35060006924446047,0.19831722591247503,-0.038813297640922374,-0.2002186491234031,0.19235530795065758,0.42768890723996844,0.07647926621121243,0.6371038437011054,345,insufficient data,DE,FALSE,FALSE,FALSE,FALSE,no clear link
ips_acu,xyl_spp,161,7,1,50,0.03803983299095406,-0.14118259336656336,0.30047931576070436,-0.06403117587685486,-0.39235728824767424,0.30840533470107057,0.23358839733398862,0.008129995104795696,0.4523379230908534,0.01950561883529201,-0.15582768739228742,0.255112644972758,0.46738923771224605,0.17501551354168074,0.642381168406282,345,insufficient data,DE,FALSE,FALSE,TRUE,FALSE,no clear link
ips_acu,zei_gri,184,8,2,69,-0.08139074699949432,-0.2992387663415518,0.12282225110542663,0.1461728252649335,-0.056168067555379425,0.33677302443648743,0.10932486222299503,-0.022373256356752854,0.27376613135163924,-0.030501709759909023,-0.1738930141285325,0.09358644964140367,0.4374990423214516,0.28459218306493084,0.5639348789139319,529,consistent,"CZ,DE",FALSE,FALSE,FALSE,FALSE,no clear link
ips_ami,ips_cem,46,2,1,6,-0.005332224534492878,NA,NA,0.10000049409267049,NA,NA,-0.0857228216025699,NA,NA,0.21948193926867446,NA,NA,-0.006169089335710333,-0.1106002527218662,0.11463093857377761,345,insufficient data,DE,FALSE,FALSE,FALSE,FALSE,no clear link
ips_ami,ips_dup,0,0,0,0,NA,NA,NA,NA,NA,NA,NA,NA,NA,NA,NA,NA,NA,NA,NA,0,insufficient data,NA,FALSE,FALSE,FALSE,FALSE,not enough data
ips_ami,ips_sex,23,1,1,2,-0.06668262929957959,NA,NA,-0.21001166030187193,NA,NA,-0.17107671967408108,NA,NA,0.16875251055991025,NA,NA,-0.021528615160634194,-0.14574189412966265,0.2064795839096503,345,insufficient data,DE,FALSE,FALSE,FALSE,FALSE,no clear link
ips_ami,ips_typ,46,2,1,9,-0.13570534654602873,NA,NA,0.025966992909157074,NA,NA,0.026213722733669714,NA,NA,0.18787795148872058,NA,NA,0.08473341650717466,0.007031397681518687,0.1860638974528054,345,insufficient data,DE,FALSE,FALSE,FALSE,FALSE,no clear link
ips_ami,lym_dis,23,1,1,0,-0.13235301453945433,NA,NA,-0.03395079652791259,NA,NA,-0.10309959801853165,NA,NA,-0.03785876792391516,NA,NA,-0.10214368218183206,-0.18947402282940243,-0.03680004730106574,345,insufficient data,DE,FALSE,FALSE,FALSE,FALSE,no clear link
ips_ami,lym_mon,23,1,1,1,-0.26067803201986134,NA,NA,-0.3588545804769921,NA,NA,-0.16113556245992744,NA,NA,0.20707602542435882,NA,NA,-0.033964359438380325,-0.1196177237611654,0.09933352548914517,345,insufficient data,DE,FALSE,FALSE,FALSE,FALSE,no clear link
ips_ami,mel_spp,23,1,1,0,-0.17267375081949468,NA,NA,-0.2611238001920939,NA,NA,-0.21615098615480632,NA,NA,-0.11307204148589563,NA,NA,-0.10214368218183206,-0.18878403798495139,-0.03468254249473591,345,insufficient data,DE,FALSE,FALSE,FALSE,FALSE,no clear link
ips_ami,neo_ser,0,0,0,0,NA,NA,NA,NA,NA,NA,NA,NA,NA,NA,NA,NA,-0.03445018952158382,-0.08096390372908438,-0.005831974823932231,345,insufficient data,NA,FALSE,FALSE,FALSE,FALSE,not enough data
ips_ami,ope_spp,23,1,1,5,0.5319562092489521,NA,NA,0.4917549893619408,NA,NA,-0.4748886957231036,NA,NA,0.3170615135473413,NA,NA,0.16839930597003142,-0.05020032541590836,0.41557444736522675,345,insufficient data,DE,FALSE,FALSE,FALSE,FALSE,no clear link
ips_ami,pan_fla,23,1,1,1,0.12092384780681295,NA,NA,-9.382744889226474e-4,NA,NA,-0.06424177167966888,NA,NA,-0.09573288387869368,NA,NA,0.004480858521493744,-0.06989834246532897,0.16687204034469244,345,insufficient data,DE,FALSE,FALSE,FALSE,FALSE,no clear link
ips_ami,pha_cya,46,2,1,2,-0.14741145945235332,NA,NA,-0.3617941706092791,NA,NA,0.10957286142296732,NA,NA,0.329229823225407,NA,NA,-0.12567091086320642,-0.30071642301633705,0.11436044528594078,345,insufficient data,DE,FALSE,FALSE,FALSE,FALSE,no clear link
ips_ami,pis_pin,23,1,1,2,0.1643202189393955,NA,NA,0.08072899841742162,NA,NA,-0.04917624518469031,NA,NA,0.10232217278156065,NA,NA,9.963945616879373e-4,-0.1161406079077035,0.23479468674666235,345,insufficient data,DE,FALSE,FALSE,FALSE,FALSE,no clear link
ips_ami,pit_bid,23,1,1,2,0.027711524102041963,NA,NA,-0.03492590045649884,NA,NA,0.13951190841776528,NA,NA,0.20339409607133155,NA,NA,-0.0017223258217824952,-0.1475103133514855,0.2396351713503637,345,insufficient data,DE,FALSE,FALSE,FALSE,FALSE,no clear link
ips_ami,pit_cha,46,2,1,9,0.07346028329919875,NA,NA,0.14499444735929196,NA,NA,0.03749341013966491,NA,NA,0.17337541565870665,NA,NA,0.09062943898237732,0.027346318178208293,0.18361453759712404,345,insufficient data,DE,FALSE,FALSE,FALSE,FALSE,no clear link
ips_ami,pit_spp,0,0,0,0,NA,NA,NA,NA,NA,NA,NA,NA,NA,NA,NA,NA,-0.08326764928960227,-0.16929011903229646,-0.01992865629538789,345,insufficient data,NA,FALSE,FALSE,FALSE,FALSE,not enough data
ips_ami,pol_pol,0,0,0,0,NA,NA,NA,NA,NA,NA,NA,NA,NA,NA,NA,NA,NA,NA,NA,0,insufficient data,NA,FALSE,FALSE,FALSE,FALSE,not enough data
ips_ami,pri_abi,23,1,1,1,0.14869694535119574,NA,NA,-0.02840499776672619,NA,NA,0.5835545998231494,NA,NA,-0.34441011682227213,NA,NA,-0.0278476322372816,-0.12078314504644341,0.15494350774437043,345,insufficient data,DE,FALSE,FALSE,FALSE,FALSE,no clear link
ips_ami,sap_car,23,1,1,0,-0.058827447453991225,NA,NA,NA,NA,NA,NA,NA,NA,NA,NA,NA,-0.009784618288315769,-0.02399296722148883,-0.004117074412173107,345,insufficient data,DE,FALSE,FALSE,FALSE,FALSE,no clear link
ips_ami,sco_int,46,2,1,3,0.22680942530306233,NA,NA,0.26726903228112253,NA,NA,0.21894452378342935,NA,NA,0.06117213075823792,NA,NA,0.04072070335785757,-0.04475582352385086,0.22041416408413322,345,insufficient data,DE,FALSE,FALSE,FALSE,FALSE,no clear link
ips_ami,sco_rat,23,1,1,2,0.15274117389643582,NA,NA,0.09279420264576219,NA,NA,-0.10766703060027592,NA,NA,0.07442932792965364,NA,NA,0.043736158951618705,-0.07501795077849045,0.2990699169914401,345,insufficient data,DE,FALSE,FALSE,FALSE,FALSE,no clear link
ips_ami,sco_sco,46,2,1,5,0.3575384771325581,NA,NA,0.2127392602442819,NA,NA,-0.2831691935458422,NA,NA,0.31757215596235344,NA,NA,0.25425130422275843,0.1865079365079365,0.42562709975196583,345,insufficient data,DE,FALSE,FALSE,FALSE,FALSE,no clear link
ips_ami,tet_gab,46,2,1,4,0.2830422997424196,NA,NA,0.23988872902070202,NA,NA,-0.13519851685885972,NA,NA,0.14348287465076262,NA,NA,0.03979459310287875,-0.060531572336299605,0.22905679897146083,345,insufficient data,DE,FALSE,FALSE,FALSE,FALSE,no clear link
ips_ami,tet_spp,46,2,1,3,-0.11020898297785141,NA,NA,-0.21061735721164362,NA,NA,-0.06891915420210455,NA,NA,0.3419509653159349,NA,NA,0.020234885830317694,-0.07584859070468487,0.1587222259927436,345,insufficient data,DE,FALSE,FALSE,FALSE,FALSE,no clear link
ips_ami,tha_pit,23,1,1,0,-0.23975398474086962,NA,NA,0.005770398590368004,NA,NA,-0.007486479274842259,NA,NA,0.0066621289231665985,NA,NA,-0.03293413173652694,-0.0889268231221418,-0.013857696546170825,345,insufficient data,DE,FALSE,FALSE,FALSE,FALSE,no clear link
ips_ami,tha_pro,46,2,1,1,-0.035764258743985505,NA,NA,-0.06369099743811753,NA,NA,0.019026752654146876,NA,NA,0.19517166834993502,NA,NA,-0.08784540395078314,-0.17524016549875898,-0.02818481486675471,345,insufficient data,DE,FALSE,FALSE,FALSE,FALSE,no clear link
ips_ami,tom_spp,46,2,1,3,-0.07414805479336577,NA,NA,-0.33077645036861836,NA,NA,-0.17516477851860338,NA,NA,0.12102031733359928,NA,NA,-0.07882390556916367,-0.22101054110106372,0.12068841505960665,345,insufficient data,DE,FALSE,FALSE,FALSE,FALSE,no clear link
ips_ami,tor_vir,46,2,1,7,0.3188396202796396,NA,NA,0.18247239874123186,NA,NA,-0.09577415415123439,NA,NA,0.16465693771632672,NA,NA,0.1339652484487851,0.0522516255934949,0.28050907103525397,345,insufficient data,DE,FALSE,FALSE,FALSE,FALSE,no clear link
ips_ami,uro_sir_spp,23,1,1,0,-0.16489564030321066,NA,NA,0.022451909825529227,NA,NA,-0.15202292984181945,NA,NA,0.07047819819705135,NA,NA,-0.03591085484512142,-0.08008190338438506,-0.007151802490310841,345,insufficient data,DE,FALSE,FALSE,FALSE,FALSE,no clear link
ips_ami,xyl_lin,46,2,1,9,0.3835526025622549,NA,NA,0.19323021952537317,NA,NA,-0.02783074753563545,NA,NA,0.2523484331077498,NA,NA,0.1438938036350325,0.06890916794615562,0.2948785780145584,345,insufficient data,DE,FALSE,FALSE,FALSE,FALSE,no clear link
ips_ami,xyl_spp,46,2,1,4,0.2110998605754242,NA,NA,-0.038752904183766104,NA,NA,0.24633527721143736,NA,NA,0.1706189850392043,NA,NA,4.974324137859843e-4,-0.10011060425432389,0.1651565887090381,345,insufficient data,DE,FALSE,FALSE,FALSE,FALSE,no clear link
ips_ami,zei_gri,0,0,0,0,NA,NA,NA,NA,NA,NA,NA,NA,NA,NA,NA,NA,-0.019655129761506664,-0.047091424034554505,-0.008270290104793679,345,insufficient data,NA,FALSE,FALSE,FALSE,FALSE,not enough data
ips_cem,ips_dup,0,0,0,0,NA,NA,NA,NA,NA,NA,NA,NA,NA,NA,NA,NA,NA,NA,NA,0,insufficient data,NA,FALSE,FALSE,FALSE,FALSE,not enough data
ips_cem,ips_sex,184,8,1,79,0.36730916595009067,0.20492470428382237,0.5539216796874201,0.30453456667600287,0.11585833286234792,0.524639483355941,0.06286103172249052,-0.15241538226902504,0.32288322576883166,0.028194400049275887,-0.12477442213472734,0.16598640732615152,0.4708968928936542,0.2563836278359112,0.6906745082421315,345,insufficient data,DE,TRUE,TRUE,FALSE,FALSE,"strong, beyond shared bad years"
ips_cem,ips_typ,253,11,1,188,0.5628439496475026,0.2920984742796118,0.7793441471308575,0.4568084600907263,0.13358391296402058,0.6807614149976972,0.06567738892776193,-0.12337865173937541,0.21205156978617848,0.05480887871659759,-0.06583776176205618,0.20629184266400938,0.8767662089522943,0.7280990451015547,0.977068487412793,345,insufficient data,DE,TRUE,TRUE,FALSE,FALSE,"strong, beyond shared bad years"
ips_cem,lym_dis,207,9,1,79,0.24787380718169388,0.03469226888215578,0.4659296529930701,0.17160840143968376,-0.0020203883107401954,0.37859399852773323,0.09492943713015842,-0.05647419364182497,0.25181040123080733,0.007017103357508484,-0.12996816633616043,0.15618457241747188,0.44188847191708674,0.2928655998359455,0.57636328395468,345,insufficient data,DE,TRUE,FALSE,FALSE,FALSE,weak but real
ips_cem,lym_mon,184,8,1,54,0.0740770553209341,-0.20111594622013002,0.40064454565261276,0.07402409845340172,-0.11685868607759103,0.23647524603594333,0.013378357202146404,-0.1897724025611575,0.15460334411561727,-0.08780279162741843,-0.2739286210849735,0.10172602395530257,0.36825053412204667,0.20389203512876394,0.5193450148837797,345,insufficient data,DE,FALSE,FALSE,FALSE,FALSE,no clear link
ips_cem,mel_spp,207,9,1,77,0.13842853847036135,-0.12619194798291333,0.40195579518221153,0.13690204395967798,-0.05764133746013535,0.3599726838293749,-0.00854860442101481,-0.1541205781903301,0.1282700636946276,-0.04277853233686282,-0.2688061468520019,0.11921457118675298,0.41455026285918395,0.206806775435157,0.6183852626675891,345,insufficient data,DE,FALSE,FALSE,FALSE,FALSE,no clear link
ips_cem,neo_ser,46,2,1,12,0.21391879719449855,NA,NA,0.015455804844248352,NA,NA,0.2800783749622339,NA,NA,-0.20267784474002207,NA,NA,0.16747736331792712,0.03894199708541243,0.3106701852939726,345,insufficient data,DE,FALSE,FALSE,FALSE,FALSE,no clear link
ips_cem,ope_spp,207,9,1,44,0.19609558506538374,0.03764242699716212,0.4114588440976482,0.23594052294787368,0.05551062039888331,0.41163530316943814,0.0699996491980659,-0.08927404442377126,0.23011376911720746,-0.05425525275924286,-0.23015577453019942,0.16356402527810793,0.2992743749395548,0.12585019241196493,0.4935782081938942,345,insufficient data,DE,TRUE,TRUE,FALSE,FALSE,weak but real
ips_cem,pan_fla,138,6,1,29,0.17215975678270967,-0.04282440501760468,0.4902339330800549,0.0268312565261344,-0.13846555262902946,0.26778661586131336,-0.015980827192409668,-0.2413386453496553,0.14300404309060094,0.06959738407179995,4.928072668083438e-4,0.14091958577834496,0.2672656014821449,0.1505733898857292,0.4122076065002001,345,insufficient data,DE,FALSE,FALSE,FALSE,TRUE,no clear link
ips_cem,pha_cya,253,11,1,172,0.501503437783238,0.28113074628743007,0.7284314167363726,0.4380172805427547,0.29063792082332496,0.6242991644565241,0.1668617131569272,-0.023082996578881045,0.3356464335458943,0.16472692995803778,0.07813775807062644,0.26068096409797165,0.815212969736735,0.6209566926882122,0.9578160686576661,345,insufficient data,DE,TRUE,TRUE,FALSE,TRUE,"strong, beyond shared bad years"
ips_cem,pis_pin,161,7,1,62,0.42083512509871746,0.2257224114221503,0.6334013037530092,0.29647642532982627,0.14909705414627006,0.4852762436605684,0.2203086350419368,0.16075560842738063,0.3074475962832464,0.06729973030506356,-0.06321975389940206,0.23132518306988728,0.4129431208480161,0.20807489000444493,0.6587536482299958,345,insufficient data,DE,TRUE,TRUE,TRUE,FALSE,"strong, beyond shared bad years"
ips_cem,pit_bid,115,5,1,63,0.5050950140642676,0.33234922654355703,0.6934140725540152,0.3354984734379648,0.09455122610747754,0.5620227785252255,0.32611874880895175,0.15887597351965577,0.5384780822634296,0.06129694793083709,-0.1794794228292666,0.29287519806503415,0.4060100895827383,0.19491742720826452,0.6042157129042443,345,insufficient data,DE,TRUE,TRUE,TRUE,FALSE,"strong, beyond shared bad years"
ips_cem,pit_cha,253,11,1,184,0.5794674466791996,0.2787862986190259,0.801411114980393,0.5073575272653552,0.25740572390516675,0.7220208609874781,0.05903809589641589,-0.13178788542475228,0.21571310561661355,-0.03737688093354367,-0.13286847070912033,0.07555320464539383,0.8643993296521377,0.6920856293721708,0.9766695205189533,345,insufficient data,DE,TRUE,TRUE,FALSE,FALSE,"strong, beyond shared bad years"
ips_cem,pit_spp,92,4,1,57,0.3874720404102154,NA,NA,1.7915386292261608e-4,NA,NA,0.0680912200416544,NA,NA,-0.04725087732725925,NA,NA,0.3585565391035171,0.1374954375595197,0.573217391702552,345,insufficient data,DE,FALSE,FALSE,FALSE,FALSE,no clear link
ips_cem,pol_pol,0,0,0,0,NA,NA,NA,NA,NA,NA,NA,NA,NA,NA,NA,NA,NA,NA,NA,0,insufficient data,NA,FALSE,FALSE,FALSE,FALSE,not enough data
ips_cem,pri_abi,184,8,1,48,0.03719055316979803,-0.1339163314778354,0.21516887487080275,0.06695885205292612,-0.08056226203025706,0.18009476141220884,0.0620533167580043,-0.07946680531339796,0.23167208278403842,0.06280072851374638,-0.060403505198095564,0.15821992349668154,0.33001886545731307,0.17381274178108852,0.4775482560474758,345,insufficient data,DE,FALSE,FALSE,FALSE,FALSE,no clear link
ips_cem,sap_car,23,1,1,1,0.346239912168909,NA,NA,NA,NA,NA,NA,NA,NA,NA,NA,NA,0.047567287575379265,0.030412730005209804,0.09054225230011548,345,insufficient data,DE,FALSE,FALSE,FALSE,FALSE,no clear link
ips_cem,sco_int,184,8,1,64,0.14802038054405475,-0.10501865437143068,0.33729050058737675,0.24191476226764225,2.0718226842939415e-4,0.4355134627649131,0.01704852249942987,-0.1310191176561171,0.17613353998214454,0.14486207818693367,-0.04362253349004299,0.34094193213838,0.4210410457911346,0.27073423045845424,0.5832220791144129,345,insufficient data,DE,FALSE,TRUE,FALSE,FALSE,no clear link
ips_cem,sco_rat,69,3,1,37,0.35525391499078646,NA,NA,0.44951264706817856,NA,NA,0.3045607393303956,NA,NA,0.0062698132060630945,NA,NA,0.30578284179822435,0.07400631986677902,0.5089516946559584,345,insufficient data,DE,FALSE,FALSE,FALSE,FALSE,no clear link
ips_cem,sco_sco,115,5,1,25,0.09250077641770556,-0.17871188237405006,0.44347206457789945,0.16807574733272307,-0.013633747373288173,0.37281110888054986,0.09435653259247635,-0.15124746888291968,0.3374662007649137,0.14877891142979732,0.03681336269965478,0.2898088673113627,0.21356516518971433,0.010715899987398362,0.39604470288334387,345,insufficient data,DE,FALSE,FALSE,FALSE,TRUE,no clear link
ips_cem,tet_gab,207,9,1,87,0.40139010006928144,0.0993835800733376,0.6542089686689663,0.3835359345646558,0.08605074294365624,0.6505670531348692,0.17546943453061148,-0.013773811514147508,0.3847755966904165,0.06016452556382613,-0.07366971243778979,0.1745375717569714,0.4659507286114843,0.218707087621961,0.6916532059170087,345,insufficient data,DE,TRUE,TRUE,FALSE,FALSE,"strong, beyond shared bad years"
ips_cem,tet_spp,184,8,1,73,0.30918644201167683,0.034735544791784256,0.5710987935707447,0.30296130331186344,0.08593279061311195,0.5153489293100579,0.22600094876750032,0.01461833721192828,0.413292468428927,-0.04939230049575462,-0.18665649169140416,0.10936740892636619,0.40700843697803923,0.19748677397459422,0.6133533186269247,345,insufficient data,DE,TRUE,TRUE,TRUE,FALSE,"strong, beyond shared bad years"
ips_cem,tha_pit,23,1,1,11,0.1851310882907218,NA,NA,0.29551961058258547,NA,NA,-0.04385980501671029,NA,NA,0.13130433926508484,NA,NA,0.1601071466658572,0.11105808363720965,0.3197407247915395,345,insufficient data,DE,FALSE,FALSE,FALSE,FALSE,no clear link
ips_cem,tha_pro,230,10,1,99,0.08897845839668189,-0.11266144864039498,0.34141728445642033,0.18714785168275483,-0.10587400720667431,0.4361623285987007,0.0889186508502201,-0.05703931668569062,0.20881310245363066,0.11219679038914643,-0.02159830039971027,0.22297186969444394,0.47389848970379256,0.2687740708954501,0.6761678641017318,345,insufficient data,DE,FALSE,FALSE,FALSE,FALSE,no clear link
ips_cem,tom_spp,253,11,1,162,0.32566979690656916,0.0839184059012962,0.5910106740683926,0.319882158874989,0.10238563121464563,0.5390612825030816,0.06303650343489738,-0.044626084482781644,0.19225363912440868,0.03683620936489555,-0.08752877819710445,0.14115960238478117,0.7827050773476611,0.5939618811514709,0.9303016118442512,345,insufficient data,DE,TRUE,TRUE,FALSE,FALSE,"strong, beyond shared bad years"
ips_cem,tor_vir,230,10,1,97,0.06991147851734973,-0.12387992697140024,0.32147100061819545,0.13143790225221963,-0.02625447894984895,0.310103359047138,0.04046730277819105,-0.05778407074053096,0.14322569344654815,-0.08078497448091448,-0.2308536183748781,0.09756972693427463,0.4989659392889803,0.276461239457401,0.7065708565965103,345,insufficient data,DE,FALSE,FALSE,FALSE,FALSE,no clear link
ips_cem,uro_sir_spp,92,4,1,12,0.2577401890352104,NA,NA,0.21047724557374253,NA,NA,0.15534846856097576,NA,NA,0.08180967282204459,NA,NA,0.14389591352525938,0.04924018844531931,0.261579432432427,345,insufficient data,DE,FALSE,FALSE,FALSE,FALSE,no clear link
ips_cem,xyl_lin,230,10,1,137,0.2911769923497923,0.11187794663361121,0.4958840040495058,0.22678764639118434,0.022799379527957568,0.4479871090540171,0.021095156362417277,-0.1092395820264366,0.14036998096608863,0.10927431507488608,-0.0012823175900430947,0.23802030382628186,0.6420238746350475,0.3887892942082717,0.8516010499538518,345,insufficient data,DE,TRUE,TRUE,FALSE,FALSE,weak but real
ips_cem,xyl_spp,253,11,1,122,0.3436019344431189,0.19162541090740526,0.5064140298216303,0.2549609707765595,0.06173830161302137,0.44765887567072427,0.1877168679691629,0.06380882422381713,0.30950968614389396,0.15466046110441947,0.06771831291856367,0.24012491327531618,0.6285490357980249,0.4104062727398029,0.8424524123024786,345,insufficient data,DE,TRUE,TRUE,TRUE,TRUE,"strong, beyond shared bad years"
ips_cem,zei_gri,23,1,1,4,-0.15296503764945543,NA,NA,-0.20771879122525042,NA,NA,0.07864967931546642,NA,NA,-0.17266985754325556,NA,NA,0.09555213930148264,0.06437967322592417,0.18381610774988122,345,insufficient data,DE,FALSE,FALSE,FALSE,FALSE,no clear link
ips_dup,ips_sex,184,8,1,136,0.48819117600825906,0.3315368245088027,0.6444839083929237,0.008088375132060593,-0.11852934173109748,0.20843865527996625,-0.031005097689772377,-0.21175559983618614,0.13745148006205832,0.13696809468011537,0.004317087320095456,0.2659542883844208,0.5821160618133463,-0.07110681947099658,0.7363540067129912,184,insufficient data,CZ,TRUE,FALSE,FALSE,TRUE,"strong, mostly shared bad years"
ips_dup,ips_typ,227,10,3,183,0.6975451525059526,0.4168364102271724,0.8719725792892533,0.21267587331046936,0.027963625992110136,0.39642702950726716,0.0167387443023645,-0.09533868172857578,0.14077042287435682,0.06692779769198572,-0.1478271621398814,0.22941538165276928,NA,NA,NA,227,inconsistent,"CZ,RO,SK",TRUE,TRUE,FALSE,FALSE,"strong, beyond shared bad years"
ips_dup,lym_dis,181,8,3,28,0.15564972812567052,-0.1602716496287796,0.4281594018078334,-0.0771820489426577,-0.19852462931679116,0.09199490422591795,-0.12817855552397678,-0.2666761713035496,-0.007012366094352196,-0.012631925088640274,-0.11759263577978113,0.11752821369623902,-0.18955878030664056,-0.5812122253258708,0.21143927714306723,227,inconsistent,"CZ,RO,SK",FALSE,FALSE,TRUE,FALSE,no clear link
ips_dup,lym_mon,138,6,1,81,-0.1283818841158283,-0.26543293605386464,0.02736621159901468,0.03740859169798879,-0.09367097571350697,0.2647758011292023,0.03843372378101398,-0.1075896375193468,0.2499257613037207,0.03241145524129923,-0.05195720997644102,0.17226550480920502,0.23039447168481883,-0.17470906048042698,0.4429054323826624,184,insufficient data,CZ,FALSE,FALSE,FALSE,FALSE,no clear link
ips_dup,mel_spp,0,0,0,0,NA,NA,NA,NA,NA,NA,NA,NA,NA,NA,NA,NA,NA,NA,NA,0,insufficient data,NA,FALSE,FALSE,FALSE,FALSE,not enough data
ips_dup,neo_ser,46,2,1,2,-0.39445704818924987,NA,NA,-0.008130472862178655,NA,NA,-0.057014700593202516,NA,NA,-0.231094991612749,NA,NA,0.045343230008694904,0.015760250451281974,0.07972244461859392,184,insufficient data,CZ,FALSE,FALSE,FALSE,FALSE,no clear link
ips_dup,ope_spp,0,0,0,0,NA,NA,NA,NA,NA,NA,NA,NA,NA,NA,NA,NA,NA,NA,NA,0,insufficient data,NA,FALSE,FALSE,FALSE,FALSE,not enough data
ips_dup,pan_fla,23,1,1,1,0.32904230358377695,NA,NA,0.4491571631350562,NA,NA,0.44931918518122077,NA,NA,0.07769457046315383,NA,NA,0.03197478294261026,0.012354720982989146,0.06491402992805526,184,insufficient data,CZ,FALSE,FALSE,FALSE,FALSE,no clear link
ips_dup,pha_cya,184,8,1,134,0.3887651601013897,0.24416585791999817,0.5298930867851817,0.03153580333940368,-0.04988251313015626,0.13905145468366242,-0.011085185799746412,-0.17813734088573138,0.20057621071399911,-0.0361710572510749,-0.20258251019770152,0.08128063893557115,0.6114104726256631,0.05603734672964303,0.7484439026199936,184,insufficient data,CZ,TRUE,FALSE,FALSE,FALSE,"strong, mostly shared bad years"
ips_dup,pis_pin,0,0,0,0,NA,NA,NA,NA,NA,NA,NA,NA,NA,NA,NA,NA,NA,NA,NA,0,insufficient data,NA,FALSE,FALSE,FALSE,FALSE,not enough data
ips_dup,pit_bid,0,0,0,0,NA,NA,NA,NA,NA,NA,NA,NA,NA,NA,NA,NA,NA,NA,NA,0,insufficient data,NA,FALSE,FALSE,FALSE,FALSE,not enough data
ips_dup,pit_cha,21,1,1,21,-0.16718987394725757,NA,NA,0.3376826194703534,NA,NA,-0.27586936168797566,NA,NA,NA,NA,NA,NA,NA,NA,21,insufficient data,SK,FALSE,FALSE,FALSE,FALSE,no clear link
ips_dup,pit_spp,184,8,1,125,0.6416633164268658,0.4676890720048871,0.8058295231222036,0.15040880326765643,-0.07150858926083906,0.40234538731208797,-0.011712666702161808,-0.19383766339934771,0.18805700707450143,5.301359301463138e-4,-0.10543458904772225,0.07915092250987278,0.5567025828676314,0.11865008934091385,0.8098485116785344,184,insufficient data,CZ,TRUE,FALSE,FALSE,FALSE,"strong, mostly shared bad years"
ips_dup,pol_pol,184,8,1,132,0.12934763165336186,-0.0633324211425561,0.33562401516127466,0.06634340538175333,-0.12138443036203278,0.2656836150127939,0.06715386005818158,-0.0843383686545157,0.2675130518611205,-0.004187127712234924,-0.2615430038116892,0.28517142434499265,0.4399669505012617,-0.003460473027721446,0.6896587371286842,184,insufficient data,CZ,FALSE,FALSE,FALSE,FALSE,no clear link
ips_dup,pri_abi,161,7,1,94,-0.5704777170785686,-0.6882900064413296,-0.4466940110591252,-0.08747847739198707,-0.30442797271577876,0.07264786662554071,-0.06252736662654303,-0.16204440350009028,0.05420187287253127,0.05944066800260942,-0.1345501835536028,0.24192869962358632,0.09153586073251328,-0.1402017404899679,0.2594834910956594,184,insufficient data,CZ,TRUE,FALSE,FALSE,FALSE,"strong, mostly shared bad years"
ips_dup,sap_car,0,0,0,0,NA,NA,NA,NA,NA,NA,NA,NA,NA,NA,NA,NA,NA,NA,NA,0,insufficient data,NA,FALSE,FALSE,FALSE,FALSE,not enough data
ips_dup,sco_int,184,8,1,86,0.12352900798641978,-0.028062688862434168,0.2642201136231353,0.013564064202672208,-0.1194475004854208,0.15904490917138395,-0.01268018277259914,-0.1315308865035758,0.14509382922297032,-0.06889369897760214,-0.23889994678812151,0.07160055522011768,0.2787076299598425,-0.03676724304137195,0.46297403052237796,184,insufficient data,CZ,FALSE,FALSE,FALSE,FALSE,no clear link
ips_dup,sco_rat,184,8,1,80,0.3479730093302379,0.2257197545327112,0.45267670539208327,0.02636170763150118,-0.040666594656996145,0.11473445618686738,0.12264364408944825,0.012114819077195613,0.26286455686717014,0.14735198928169058,-0.07436014557232347,0.3025496742772786,0.3535346055182197,0.14899600047669462,0.5287153629194212,184,insufficient data,CZ,TRUE,FALSE,TRUE,FALSE,"strong, mostly shared bad years"
ips_dup,sco_sco,0,0,0,0,NA,NA,NA,NA,NA,NA,NA,NA,NA,NA,NA,NA,NA,NA,NA,0,insufficient data,NA,FALSE,FALSE,FALSE,FALSE,not enough data
ips_dup,tet_gab,46,2,1,4,-0.31806627958700223,NA,NA,-0.029419079372568845,NA,NA,-0.511109695235633,NA,NA,0.24193416036122783,NA,NA,0.06448027677662344,0.02370138209052152,0.106934583709938,184,insufficient data,CZ,FALSE,FALSE,FALSE,FALSE,no clear link
ips_dup,tet_spp,0,0,0,0,NA,NA,NA,NA,NA,NA,NA,NA,NA,NA,NA,NA,NA,NA,NA,0,insufficient data,NA,FALSE,FALSE,FALSE,FALSE,not enough data
ips_dup,tha_pit,0,0,0,0,NA,NA,NA,NA,NA,NA,NA,NA,NA,NA,NA,NA,NA,NA,NA,0,insufficient data,NA,FALSE,FALSE,FALSE,FALSE,not enough data
ips_dup,tha_pro,0,0,0,0,NA,NA,NA,NA,NA,NA,NA,NA,NA,NA,NA,NA,NA,NA,NA,0,insufficient data,NA,FALSE,FALSE,FALSE,FALSE,not enough data
ips_dup,tom_spp,184,8,1,150,0.5594019061776835,0.45664392681806765,0.6577817239615931,0.05237689511125323,-0.06571697878330918,0.18933818697650945,0.015705255924815396,-0.12859344290630026,0.15433438912268294,0.06219569172433421,-0.07197046767806559,0.22296474719678921,0.5394378390670693,-0.05857763709859678,0.7522197326302922,184,insufficient data,CZ,TRUE,FALSE,FALSE,FALSE,"strong, mostly shared bad years"
ips_dup,tor_vir,22,1,1,6,-0.23181160141943202,NA,NA,0.5094007000414424,NA,NA,-0.022160891562560448,NA,NA,-0.028514598952905784,NA,NA,-0.3194382824999699,NA,NA,22,insufficient data,RO,FALSE,FALSE,FALSE,FALSE,no clear link
ips_dup,uro_sir_spp,0,0,0,0,NA,NA,NA,NA,NA,NA,NA,NA,NA,NA,NA,NA,NA,NA,NA,0,insufficient data,NA,FALSE,FALSE,FALSE,FALSE,not enough data
ips_dup,xyl_lin,0,0,0,0,NA,NA,NA,NA,NA,NA,NA,NA,NA,NA,NA,NA,NA,NA,NA,0,insufficient data,NA,FALSE,FALSE,FALSE,FALSE,not enough data
ips_dup,xyl_spp,0,0,0,0,NA,NA,NA,NA,NA,NA,NA,NA,NA,NA,NA,NA,NA,NA,NA,0,insufficient data,NA,FALSE,FALSE,FALSE,FALSE,not enough data
ips_dup,zei_gri,161,7,1,69,0.07410008759150935,-0.05279328339884225,0.2453613296594666,0.018611316737836926,-0.11853599184487304,0.1445253846442691,0.035627118456023406,-0.071371491272021,0.14419128102381543,-0.057737350232760914,-0.24234712496561125,0.07022767524130401,0.2551238782054194,-0.012598778311176909,0.48640314447843735,184,insufficient data,CZ,FALSE,FALSE,FALSE,FALSE,no clear link
ips_sex,ips_typ,386,17,3,237,0.48403908056210027,0.36175779704546934,0.6172969596943094,0.3402881982845565,0.18783882330894217,0.5000504578567273,-0.003836273223545151,-0.13590501374146866,0.1237091758950747,0.20272961981392618,0.06654927511757598,0.34766576573837216,0.5177379343816039,0.34538680667650046,0.6826801980204263,547,inconsistent,"BG,CZ,DE",TRUE,TRUE,FALSE,TRUE,"strong, beyond shared bad years"
ips_sex,lym_dis,317,14,3,46,0.15579491352646513,-0.02027867700887478,0.3128795330453372,0.05196047630171467,-0.09356330073329854,0.19498778314973592,0.08985804203747416,-0.03604104647640895,0.19918144921672032,0.11164110893694222,-0.0013565154434181806,0.2135958379496131,6.82547285874402e-4,-0.17648152540843387,0.21660374207008606,547,inconsistent,"BG,CZ,DE",FALSE,FALSE,FALSE,FALSE,no clear link
ips_sex,lym_mon,276,12,2,114,-0.03529447098492091,-0.16553814294778482,0.11238405764649857,0.03316951213569029,-0.049299078347970406,0.11394954878816942,0.072708988395741,-0.10278394358054585,0.24195643389399007,-0.04649139253389642,-0.12109496266131742,0.022575268437718617,0.4703007151932758,0.29238735334025184,0.6187557152170076,529,consistent,"CZ,DE",FALSE,FALSE,FALSE,FALSE,no clear link
ips_sex,mel_spp,161,7,1,19,0.04173545796708475,-0.14821080420168242,0.1902132679625278,-0.012341454777959818,-0.19525421281535463,0.19904961305225155,-0.10482838025616634,-0.1906517035128134,-0.008605728218038839,-0.09109928483786199,-0.24844678598506623,0.09853670044776035,-0.003958779415572823,-0.20850723226940446,0.22019198988951075,345,insufficient data,DE,FALSE,FALSE,TRUE,FALSE,no clear link
ips_sex,neo_ser,110,5,3,28,0.10248287218136404,-0.12142359258563586,0.2758582531309175,0.10352017382532314,-0.0014412834931974345,0.21351546187243403,0.14900061806074955,0.03733709476516474,0.2527004691349619,-0.1640289300991008,-0.30477678593884716,0.03309423970666094,0.24309195917985582,0.08077982841613808,0.3962499488225486,547,inconsistent,"BG,CZ,DE",FALSE,FALSE,TRUE,FALSE,no clear link
ips_sex,ope_spp,161,7,1,17,0.2470822073336677,0.026909729290445005,0.5219358492384132,0.12412930798171459,-0.03667468876728281,0.34090221371196755,0.12321723872394537,-0.003081267618795746,0.29291386262092717,0.004481407629277145,-0.15163107366956385,0.23126537102836003,0.12215946124510405,-0.13996506934955807,0.4310787625395209,345,insufficient data,DE,TRUE,FALSE,FALSE,FALSE,weak but real
ips_sex,pan_fla,115,5,2,18,0.06658466053827775,-0.11969845926324633,0.23763889747667127,0.177973517229113,-0.02054943505117905,0.4565247679857732,0.0832960880539947,-0.05717907764302118,0.17913332618283317,0.05713116034812137,-0.13920790599763938,0.316792609532054,0.08960104077106879,-0.07714146680744934,0.22454883668907857,529,consistent,"CZ,DE",FALSE,FALSE,FALSE,FALSE,no clear link
ips_sex,pha_cya,368,16,2,207,0.5083318670172224,0.3817001685360341,0.6183536575988982,0.4191066172070308,0.29807296000887795,0.5267758854735732,0.06435983442180768,-0.04322409509749144,0.1816387372270306,0.22835586161167712,0.08590885837805656,0.3688463437359964,0.5697041036251607,0.36964269965928853,0.763351162831078,529,consistent,"CZ,DE",TRUE,TRUE,FALSE,TRUE,"strong, beyond shared bad years"
ips_sex,pis_pin,138,6,1,51,0.3714874913521598,0.14251059115465164,0.6252257101540852,0.28097810345902857,0.068110536758213,0.5241879260278824,0.17244459705630327,-0.041567192027292095,0.3324196477315836,-0.0025951884008245693,-0.13949384754788585,0.1588431994176729,0.6551160707122687,0.184428234504265,0.8677823937399536,345,insufficient data,DE,TRUE,TRUE,FALSE,FALSE,"strong, beyond shared bad years"
ips_sex,pit_bid,115,5,1,62,0.5263323495026262,0.1778359109942806,0.8391845661472077,0.3226897801741528,-0.08129767890467954,0.704566781931287,0.2888521841924491,-0.05424235146581796,0.5657021000915886,0.15449384798648305,-0.060965000925632104,0.2732720608637877,0.8332522125571691,0.6444644902865168,0.918149745421001,345,insufficient data,DE,TRUE,FALSE,FALSE,FALSE,"strong, mostly shared bad years"
ips_sex,pit_cha,184,8,1,79,0.3465202285444606,0.22685204601642583,0.4868028021477844,0.29314799061054403,0.12396039368707293,0.4759241560190734,-0.02332261545562111,-0.21810317840723975,0.1542217517783178,0.128353397174051,-0.08486766209152292,0.38707149769567845,0.46235661376740106,0.24308886106519764,0.6871828629265917,345,insufficient data,DE,TRUE,TRUE,FALSE,FALSE,"strong, beyond shared bad years"
ips_sex,pit_spp,253,11,2,120,0.38042587343109124,0.17592219996654862,0.5611977431814887,0.1618728281279168,-0.0070924286966343635,0.329937115714875,0.15678522477520412,0.04803273722828313,0.2733037783839455,0.1543376191897959,0.03831755191143239,0.2535189197351338,0.3289558774201113,0.0024199230483442466,0.6093248209822595,529,inconsistent,"CZ,DE",TRUE,FALSE,TRUE,TRUE,"strong, mostly shared bad years"
ips_sex,pol_pol,184,8,1,123,0.09170300005728516,-0.1763485314597212,0.3410473579850122,0.0011026676875831964,-0.21068599569097612,0.22077894797232658,-0.06202526174237634,-0.19362880731233018,0.07028491611020075,-0.07153897860244568,-0.22503685473119583,0.08220694738503957,0.4138162307176391,0.14249191512914053,0.633930989304728,184,insufficient data,CZ,FALSE,FALSE,FALSE,FALSE,no clear link
ips_sex,pri_abi,322,14,2,121,-0.09098833630814482,-0.2521736815634752,0.0745287797070618,-0.04082215992630844,-0.12832624101508225,0.038976632879883594,-0.10552788322922879,-0.20008568978284857,-0.003079064456614719,-0.17084621286453008,-0.28691437745112763,-0.07357440140869675,0.4577541536685369,0.28348561025054136,0.6181393905366218,529,inconsistent,"CZ,DE",FALSE,FALSE,TRUE,TRUE,no clear link
ips_sex,sap_car,23,1,1,1,0.3689403717139749,NA,NA,NA,NA,NA,NA,NA,NA,NA,NA,NA,0.0981293048233619,0.06683815722538967,0.17046119072639276,345,insufficient data,DE,FALSE,FALSE,FALSE,FALSE,no clear link
ips_sex,sco_int,345,15,2,132,0.20122306073413296,0.065189163040946907,0.3421544375203954,0.18436087229872444,0.04582804802701364,0.3319357055574611,0.12652456646939628,0.028756618893564515,0.21852588629415767,0.11979106873689015,-0.02623122785350543,0.2801287799331013,0.5634776678524731,0.44657646164124926,0.6628592571043253,529,consistent,"CZ,DE",TRUE,TRUE,TRUE,FALSE,weak but real
ips_sex,sco_rat,253,11,2,111,0.35142625797883975,0.1900325045282425,0.49060457369438587,0.189627778676756,-0.031731446125093495,0.40028060030287665,0.123600123613459,-0.028066227899187477,0.25872674067599766,-0.01197075080969295,-0.11160352797631312,0.09597541686616311,0.5656958719617213,0.4285493042936205,0.6871635371837426,529,consistent,"CZ,DE",TRUE,FALSE,FALSE,FALSE,"strong, mostly shared bad years"
ips_sex,sco_sco,92,4,1,22,0.18170088989717512,NA,NA,0.20637898090517215,NA,NA,0.07108211582686388,NA,NA,0.0728722617517975,NA,NA,0.402472727656494,-0.02004186236519537,0.6756890732283864,345,insufficient data,DE,FALSE,FALSE,FALSE,FALSE,no clear link
ips_sex,tet_gab,207,9,2,31,0.16917015453721057,-0.03396410412007591,0.3676588099195368,0.1460729836051633,-0.0182500048835037,0.3229750643579908,-0.07523305598562746,-0.18898167311957742,0.033166412773743714,2.507860523623016e-4,-0.11926764770222632,0.16000426618224395,-0.09230421314599842,-0.30925561839744464,0.11981567763680047,529,inconsistent,"CZ,DE",FALSE,FALSE,FALSE,FALSE,no clear link
ips_sex,tet_spp,115,5,1,11,0.09239498025767841,-0.032932414928178756,0.2129602208045792,0.049582453292420225,-0.047365144632829,0.13919748386600575,0.062202910362735696,-0.03739348205661974,0.1525651211757307,-0.006369698217007258,-0.13501506241796196,0.16319503328142448,-0.11636114898959266,-0.2849026945716445,0.12145764238067454,345,insufficient data,DE,FALSE,FALSE,FALSE,FALSE,no clear link
ips_sex,tha_pit,41,2,2,25,0.2667011231882058,NA,NA,0.24433755095142537,NA,NA,0.20994227050765882,NA,NA,0.1755700089601838,NA,NA,0.4024534421880879,0.21526920399145982,0.6693100905283993,363,inconsistent,"BG,DE",FALSE,FALSE,FALSE,FALSE,no clear link
ips_sex,tha_pro,161,7,1,27,-0.04488240693743447,-0.3210150349392394,0.29548566423195616,0.05649064412638527,-0.35869696747334184,0.44322293144707625,-0.10125093591882268,-0.27869912015999004,0.08982558193967431,0.10094890058536002,-0.1578139051591072,0.3619737326171526,0.025478847817046374,-0.2752116199645959,0.3703420222891967,345,insufficient data,DE,FALSE,FALSE,FALSE,FALSE,no clear link
ips_sex,tom_spp,368,16,2,220,0.4735130068663596,0.3237361011278451,0.6026621371968031,0.36776000215464966,0.21125507708542665,0.5203865463036198,0.05663216567176154,-0.07124442127126207,0.18563411703607635,0.22421898852898048,0.11310253217375965,0.3594824732210477,0.6338776438160163,0.4622522250249972,0.780146334503394,529,consistent,"CZ,DE",TRUE,TRUE,FALSE,TRUE,"strong, beyond shared bad years"
ips_sex,tor_vir,179,8,2,65,-0.02004120679986864,-0.17712590668030784,0.22947508677018583,0.011387729353390892,-0.1795405773985645,0.2588092653033133,0.15213551343267798,0.004196744581358906,0.2779549559767358,0.027456802436175085,-0.1094770038002645,0.18638683807009543,0.48901204020379285,0.12488761291456862,0.7335268747353401,363,consistent,"BG,DE",FALSE,FALSE,TRUE,FALSE,no clear link
ips_sex,uro_sir_spp,69,3,1,3,0.1909167036277084,NA,NA,0.24609600548086555,NA,NA,0.27374396894438113,NA,NA,0.2698650520086554,NA,NA,-5.227106585682288e-4,-0.08786907814932388,0.11451677283079192,345,insufficient data,DE,FALSE,FALSE,FALSE,FALSE,no clear link
ips_sex,xyl_lin,184,8,1,75,0.08162039870238538,-0.14315850140447997,0.36682356693197893,0.025321446062323862,-0.2829204691385456,0.33189542611025075,-0.06065851617286456,-0.1995145655805432,0.09676643238781149,0.014995914158176181,-0.1308772616246525,0.21169720790038196,0.5682267692047126,0.25514778050643055,0.8175037083275475,345,insufficient data,DE,FALSE,FALSE,FALSE,FALSE,no clear link
ips_sex,xyl_spp,184,8,1,73,0.24107923944678716,0.009091016548314622,0.48520593019423086,0.16196954716061568,-0.16256956436252798,0.4598251430578765,-0.013137535696092599,-0.23428312230474138,0.2141045593527602,0.05796089949724509,-0.08177781742439623,0.25713850189317833,0.6288984420626406,0.26843054282578915,0.8252106181042284,345,insufficient data,DE,TRUE,FALSE,FALSE,FALSE,weak but real
ips_sex,zei_gri,184,8,2,67,-0.10343016619441693,-0.2506927919972264,0.1026787626784818,0.0553918710317288,-0.08767325223361379,0.19267755850066498,0.07820170063661099,0.005123880141119032,0.1396157696052128,-0.03165726642882353,-0.17098208610186025,0.10091433850315364,0.38338376486788217,0.19982658024870056,0.5485220553876191,529,consistent,"CZ,DE",FALSE,FALSE,TRUE,FALSE,no clear link
ips_typ,lym_dis,622,28,10,241,0.24855116461298588,0.1202073270342374,0.3644577238793842,0.2090640290117094,0.09705082800871849,0.3151849072452175,0.0802349951966082,-0.027192857324967852,0.18529775962811387,0.09731955606172331,0.009133278915866353,0.19069203678606622,0.250502213236777,0.12702893842787027,0.3621450424983186,869,inconsistent,"AT,BG,CZ,DE,HR,HU,LT,RO,RS,SK",TRUE,TRUE,FALSE,TRUE,weak but real
ips_typ,lym_mon,665,31,4,392,0.02313540347925277,-0.07944269572908443,0.14226361238854068,0.006157886639810521,-0.08296443735694685,0.09190375486067205,-0.020406882453856617,-0.11401646636319585,0.06601643379441816,0.03778195001908755,-0.03707075466623864,0.11383819937315132,0.3799808653846653,0.23939439787512956,0.5121272586598945,892,inconsistent,"CZ,DE,LT,PL",FALSE,FALSE,FALSE,FALSE,no clear link
ips_typ,mel_spp,547,26,2,374,0.010766657902572162,-0.1370690111636168,0.1664506286366503,-0.004915822243925853,-0.16461363219397634,0.15662758105069038,0.03306837875191339,-0.06454284464304313,0.13498456337687664,-0.10814127133173466,-0.20775210378592437,-0.018021528720020535,0.5106099424654799,0.2858446341116362,0.6841346144253837,685,inconsistent,"DE,PL",FALSE,FALSE,FALSE,TRUE,no clear link
ips_typ,neo_ser,110,5,3,30,-0.14974531554375956,-0.33907504742469613,0.068436138637042,-0.08383725249543462,-0.27595914840425745,0.0608632577223457,0.013734067898346638,-0.20659742479354237,0.18496369806717436,-0.15055570618808575,-0.17587381076669323,-0.13363504170819465,0.1426369410112318,0.03386423169875832,0.24138365788988306,547,inconsistent,"BG,CZ,DE",FALSE,FALSE,FALSE,TRUE,no clear link
ips_typ,ope_spp,207,9,1,45,0.11863863460231239,-0.08075819236432359,0.355503012798145,0.10331076567040148,-0.14663403370697525,0.38799963971719587,0.0510929256289175,-0.10410231607982258,0.22653169632747133,0.0101405798285075,-0.22657551721913535,0.18764874893254346,0.2978120956777169,0.14659578136505683,0.4473719065873805,345,insufficient data,DE,FALSE,FALSE,FALSE,FALSE,no clear link
ips_typ,pan_fla,484,23,4,183,0.18252690628935667,0.07859928710184774,0.31019194773453557,0.16531822777115382,0.06025828737828921,0.27424340959709304,0.123780636029412,0.05264834004227177,0.1940970023630254,0.06632037802045472,0.005796698763159221,0.13825642556031942,0.22106295333477857,0.13413351499536735,0.3111299719106459,892,inconsistent,"CZ,DE,LT,PL",TRUE,TRUE,TRUE,TRUE,weak but real
ips_typ,pha_cya,947,44,5,686,0.3319830959491541,0.2265444603610522,0.4405706758251096,0.3132926573697427,0.20564874835700833,0.4196992336831877,0.1324172149478542,0.06736635728970222,0.194313620238688,0.019875147433708256,-0.06206302304169137,0.09408816569154269,0.4866352583441868,0.28483174674211736,0.6425141708597438,1081,consistent,"AT,CZ,DE,LT,PL",TRUE,TRUE,TRUE,FALSE,"strong, beyond shared bad years"
ips_typ,pis_pin,184,8,2,82,0.3235043924296048,0.06141105144256233,0.6038092183103053,0.2737512811389904,0.05922377364215718,0.5064739835633845,0.2290223845355345,0.127585039934036,0.3744373357208803,0.00375458759963044,-0.22734058268571078,0.18335522660047093,0.42443761183709505,0.23416946499537636,0.6611338017653402,368,inconsistent,"DE,LT",TRUE,TRUE,TRUE,FALSE,"strong, beyond shared bad years"
ips_typ,pit_bid,115,5,1,64,0.5315507408812948,0.3317963611650755,0.6895947533742742,0.39025230363932467,0.16062658432675558,0.5661420690865848,0.32522698443519676,0.1249142291539217,0.558670418717335,-0.020382176514423946,-0.1394687117320849,0.22083910022527947,0.39914710185542746,0.16376507108106594,0.6150686948381716,345,insufficient data,DE,TRUE,TRUE,TRUE,FALSE,"strong, beyond shared bad years"
ips_typ,pit_cha,533,24,6,434,0.645974459727935,0.5144838374425933,0.7621271795065254,0.6147238482528651,0.49103053113701656,0.7280027465012965,0.05167167772455828,-0.04248495675819141,0.15081216728069582,0.037964208663629526,-0.028549159099732244,0.12477898806864297,0.8107021216278655,0.5984216400294333,0.9529342571596735,625,inconsistent,"AT,DE,IT,LT,SI,SK",TRUE,TRUE,FALSE,FALSE,"strong, beyond shared bad years"
ips_typ,pit_spp,469,21,5,363,0.5286213888659772,0.411745966802363,0.6389463873888306,0.31609549488038147,0.23959261070425314,0.39779930546609743,0.14835655956244762,0.004453255183430418,0.2712178558206797,0.062419061700288596,-0.050784331489677696,0.17170264343977168,0.42901264922614585,0.25239511657295965,0.5948388380355624,764,consistent,"AT,CZ,DE,HR,SI",TRUE,TRUE,TRUE,FALSE,"strong, beyond shared bad years"
ips_typ,pol_pol,207,9,2,161,0.19355938120872257,-0.04877553953916212,0.4213305999674092,0.1772081803949266,-0.045408500905587915,0.40901670174851634,0.06748470702405773,-0.0998907610059167,0.2842907958577249,-0.03861662714911755,-0.24890154777463042,0.15995166445354148,NA,NA,NA,207,inconsistent,"CZ,LT",FALSE,FALSE,FALSE,FALSE,no clear link
ips_typ,pri_abi,345,15,2,157,-0.2681434956355257,-0.42121242925439173,-0.10231503332550214,-0.13373756717327842,-0.25960287755087486,-0.0034138232631318296,-0.13979374036744707,-0.2587713339656984,7.953846046314352e-4,-0.0015458589777866008,-0.06598535682389672,0.047136171414287956,0.3859826249176177,0.24621366831759542,0.5282876433983292,529,inconsistent,"CZ,DE",TRUE,TRUE,FALSE,FALSE,weak but real
ips_typ,sap_car,23,1,1,1,0.36186041108726574,NA,NA,NA,NA,NA,NA,NA,NA,NA,NA,NA,0.045093810137111556,0.029708282954850382,0.08914932271915249,345,insufficient data,DE,FALSE,FALSE,FALSE,FALSE,no clear link
ips_typ,sco_int,368,16,2,154,0.20111081122093652,0.06560685196423818,0.32995603391179146,0.14056584192940338,-0.028868005562271256,0.3060989123712019,0.08810245380907016,-0.012013611064802535,0.19654813858634076,0.048352333874304786,-0.040153892288518,0.1300297439045641,0.3805863344642336,0.24224858621782389,0.5051078336060506,529,consistent,"CZ,DE",TRUE,FALSE,FALSE,FALSE,weak but real
ips_typ,sco_rat,276,12,3,125,0.41405897755919985,0.2695845675295648,0.5257016157227032,0.22350212046687,0.047130248262118514,0.387011705075434,0.16870220918976583,0.006111967809304586,0.3063406688220881,-0.1423047832356256,-0.2913776019663461,0.04379100162841827,0.3184148492487161,0.19829875273487518,0.43752394549021756,552,consistent,"CZ,DE,LT",TRUE,TRUE,TRUE,FALSE,"strong, beyond shared bad years"
ips_typ,sco_sco,138,6,2,27,-0.03032269583950967,-0.24819632342762657,0.3275873139179432,0.037026632219952796,-0.2001386398363602,0.35131597081499427,0.006545257409380637,-0.20477262950256686,0.2532810843915642,0.12950005187919733,-0.03140063570477674,0.31356241377689936,0.2064189967387724,0.06197855992005859,0.3452862933618886,368,consistent,"DE,LT",FALSE,FALSE,FALSE,FALSE,no clear link
ips_typ,tet_gab,379,17,3,167,0.1897234436180047,5.975047760763248e-4,0.3823778281663808,0.17379154966742916,-0.030127804053393204,0.39496809332812455,0.03689928484846187,-0.08700060241806461,0.1675223203122419,-0.0694644659818719,-0.18669518782639227,0.054205592913072906,0.2320418824356035,0.08589687395668211,0.36240482824565096,718,inconsistent,"AT,CZ,DE",TRUE,FALSE,FALSE,FALSE,weak but real
ips_typ,tet_spp,184,8,1,72,0.1518982847509325,-0.10352489703123878,0.4431959569683322,0.11702441050878785,-0.13319826859518236,0.4060782516654974,0.17599191997061608,0.014826037065829845,0.36502681609681453,-0.04915206244950572,-0.17231121088016765,0.08363119928430238,0.3675672587731879,0.1545707753282606,0.6029017234742333,345,insufficient data,DE,FALSE,FALSE,TRUE,FALSE,no clear link
ips_typ,tha_pit,64,3,3,52,-0.12998119933084806,NA,NA,-0.008173226013838585,NA,NA,0.0852229909923228,NA,NA,-0.009475593221818243,NA,NA,0.3010077638502128,0.13699979411992766,0.5096933745445955,386,inconsistent,"BG,DE,HR",FALSE,FALSE,FALSE,FALSE,no clear link
ips_typ,tha_pro,230,10,1,96,0.05994628894858977,-0.14743519316591117,0.28852867696303214,0.07789167497616997,-0.2868975102063848,0.3968269185734863,0.051403566654847827,-0.14486089739599647,0.23041976379408902,0.020289605650175898,-0.10767528250256901,0.13406341879959124,0.4036963161546768,0.1826242722741989,0.6035149977449492,345,insufficient data,DE,FALSE,FALSE,FALSE,FALSE,no clear link
ips_typ,tom_spp,908,42,5,632,0.27488646287240986,0.15135654899269887,0.39984178030161494,0.3027837358730333,0.203585799859249,0.4121426448605001,0.13684376175507304,0.0631848050400365,0.20976025738336382,0.0789008720435826,0.009702664223231575,0.15051174826149832,0.42124946917283473,0.23552383507168412,0.5717421880580924,1081,inconsistent,"AT,CZ,DE,LT,PL",TRUE,TRUE,TRUE,TRUE,weak but real
ips_typ,tor_vir,633,30,5,335,0.04805932838652716,-0.05846230843365279,0.15414855172494563,0.1406921558599321,0.048153279497279475,0.24607572653055285,0.027212657962049188,-0.050240019016728935,0.10705830668563711,3.237503111489956e-4,-0.0926798400824183,0.09166043907221409,0.4246277236071683,0.2693097928358271,0.5553086433817974,748,inconsistent,"BG,DE,LT,PL,RO",FALSE,TRUE,FALSE,FALSE,no clear link
ips_typ,uro_sir_spp,92,4,1,11,0.20419035898138796,NA,NA,0.16085832136372186,NA,NA,0.1300957379884601,NA,NA,-0.025898867043733943,NA,NA,0.1036394083219668,0.03138613579562529,0.21013894829767976,345,insufficient data,DE,FALSE,FALSE,FALSE,FALSE,no clear link
ips_typ,xyl_lin,230,10,1,139,0.1486321035438791,-0.10883072736793184,0.40752136666035776,0.11178664884945308,-0.15517261201453217,0.38794035783780534,-0.012045154500463864,-0.14002316060321446,0.14925186617957417,0.033486230758259905,-0.08878752130699166,0.14767546829546147,0.6253611675149383,0.3839637390169019,0.8456594010545879,345,insufficient data,DE,FALSE,FALSE,FALSE,FALSE,no clear link
ips_typ,xyl_spp,253,11,1,121,0.3060653837916277,0.1384804754076458,0.4779463977091332,0.2603440667168601,0.08580128340774204,0.4573564227706448,0.14537341980507934,0.01890564371929581,0.2950353273310027,0.16794740027553928,0.07124537599619776,0.2585336626855065,0.5814202336963166,0.3637048720145639,0.7994728120397366,345,insufficient data,DE,TRUE,TRUE,TRUE,TRUE,"strong, beyond shared bad years"
ips_typ,zei_gri,184,8,2,76,-0.056634448063355484,-0.17591125328008328,0.080915491129908,-0.004044081905767608,-0.16621375428534077,0.18577899236105727,0.008874945084264209,-0.11545748131391566,0.1273588975350789,-0.10842498406690973,-0.269385966088193,0.09873836829124218,0.24811120890799201,0.139663297881716,0.3540910273217375,529,consistent,"CZ,DE",FALSE,FALSE,FALSE,FALSE,no clear link
lym_dis,lym_mon,299,13,3,37,0.06242313431798265,-0.08129688211655406,0.22037736822720538,0.038552243936020525,-0.06755498859119954,0.15114821231452347,0.07343553827476434,-0.055214682113695936,0.21078647850238155,0.0023495300383447157,-0.10328454001564949,0.11285519226036807,0.096342901881136,-0.06162550861790567,0.2911028614477249,552,inconsistent,"CZ,DE,LT",FALSE,FALSE,FALSE,FALSE,no clear link
lym_dis,mel_spp,184,8,1,44,0.09597843222882448,-0.10649016270562937,0.3489848161742886,0.09586092695244798,-0.11564804315760849,0.34465403632637215,0.049071045974249855,-0.07093707703814833,0.17875646963438596,0.1169436607571366,-0.017565918534243,0.29240997453158174,0.38126552009564973,0.11778010249569525,0.6405796571825654,345,insufficient data,DE,FALSE,FALSE,FALSE,FALSE,no clear link
lym_dis,neo_ser,87,4,3,19,0.08413804906744832,NA,NA,0.05013846676459501,NA,NA,-0.05715763704473415,NA,NA,0.23614597879706983,NA,NA,0.2678784676180621,-0.04022017573438807,0.46569845808871274,547,inconsistent,"BG,CZ,DE",FALSE,FALSE,FALSE,FALSE,no clear link
lym_dis,ope_spp,161,7,1,23,0.13572171802283703,-0.05030637567357418,0.2921355400668914,0.10881942317164087,-0.15465924495465327,0.2759795510690286,0.1490679698929655,0.10586628490942712,0.20131541724491364,0.14090082782799107,0.008974322900642429,0.2509095044102304,0.23114746826847724,-0.014348776315053064,0.41691836225407514,345,insufficient data,DE,FALSE,FALSE,TRUE,TRUE,no clear link
lym_dis,pan_fla,184,8,3,17,0.23933594974640196,-0.06725031934894996,0.5705274491218568,0.1991661844377919,-0.07108467358182519,0.4501424478016093,0.02564811575962918,-0.1547809898977907,0.19892114388660415,-0.11338025466545047,-0.2504757096514671,0.0285340900340639,0.21265799897432874,0.03720654615005257,0.43100036336007813,552,inconsistent,"CZ,DE,LT",FALSE,FALSE,FALSE,FALSE,no clear link
lym_dis,pha_cya,494,22,4,124,0.2299865635285942,0.10331378338872162,0.3569468636381602,0.16932974516641894,0.038536944419897766,0.2924911341140512,0.08039293006183208,0.006857888451890995,0.1592428842901512,0.11986172595211916,0.034037627870858504,0.202277471403386,0.2899520912024949,0.1480148679100974,0.42023082564995007,741,consistent,"AT,CZ,DE,LT",TRUE,TRUE,TRUE,TRUE,weak but real
lym_dis,pis_pin,161,7,2,35,0.2824255637257937,0.05055450218952851,0.5150189421016793,0.24894371885047295,0.011277565793994086,0.48538211718966157,0.12470761364002728,-0.0477871262129106,0.39376449049096507,0.19249566883448602,0.07125535012275772,0.28633750645767736,0.22283760249525708,-0.003165379822242207,0.48367045470093933,368,consistent,"DE,LT",TRUE,TRUE,FALSE,TRUE,weak but real
lym_dis,pit_bid,115,5,1,21,0.1751403150041175,-0.2811161234690381,0.4620814368782839,0.11037927863021502,-0.2261843826576454,0.40735194601723734,0.005141776751340958,-0.17806745524104559,0.197710925789934,0.08166948855666988,0.007360854410925898,0.15642924352474957,0.09774600476539369,-0.18800636786838007,0.39444712119649483,345,insufficient data,DE,FALSE,FALSE,FALSE,TRUE,no clear link
lym_dis,pit_cha,378,17,4,143,0.1976419245862337,0.046852961560603576,0.3527946629161976,0.12277346926472471,-0.022668900511110226,0.24749711810493516,0.14691297865071942,0.04931145877676358,0.2607398055004605,0.05183812804828664,-0.044974025043356645,0.13790038586264833,0.2968977273077426,0.16355862271914628,0.4214578684122954,579,consistent,"AT,DE,LT,SK",TRUE,FALSE,TRUE,FALSE,weak but real
lym_dis,pit_spp,358,16,4,106,0.2184224341170629,0.07703383907726777,0.34117841774205787,0.06996638803512593,-0.05888756956795373,0.20138331251141933,0.06546211475185698,-0.05869356207543317,0.19859717828603884,0.0668925458194784,-0.07931359066847163,0.19547646927900597,0.2142605591700271,0.03433993600280666,0.3742225149980857,741,consistent,"AT,CZ,DE,HR",TRUE,FALSE,FALSE,FALSE,weak but real
lym_dis,pol_pol,161,7,2,18,0.05209333963908175,-0.12072392874469677,0.20886769168436875,0.12547065844176575,6.136635705187296e-4,0.2307276592968168,0.05247547273021336,-0.13518692823018164,0.27316780936752716,0.19936869318983327,0.08003660535365373,0.3182331550258807,0.09614414947874675,-0.005118252286577819,0.17953672776933188,207,inconsistent,"CZ,LT",FALSE,TRUE,FALSE,TRUE,no clear link
lym_dis,pri_abi,276,12,2,24,-0.11953292512374628,-0.1995700811576949,-0.02853723060834406,-0.06405334226086477,-0.210137813129792,0.08367781906185733,-0.004149177393431172,-0.1714242048417401,0.19177982202973426,0.0425595027584522,-0.06655637089103018,0.1380790899859255,-0.047069673836862516,-0.16642197953672153,0.0852973675447811,529,consistent,"CZ,DE",TRUE,FALSE,FALSE,FALSE,weak but real
lym_dis,sap_car,23,1,1,0,-0.1022659723615388,NA,NA,NA,NA,NA,NA,NA,NA,NA,NA,NA,-0.030346539836172495,-0.06047675133313081,-0.02061407582390508,345,insufficient data,DE,FALSE,FALSE,FALSE,FALSE,no clear link
lym_dis,sco_int,299,13,2,34,0.006532228451070593,-0.11298423300310692,0.1586429137180667,0.01948718994153727,-0.13052445114381464,0.18881059476316825,-0.03700821184409436,-0.11841492667459637,0.06991872834364765,0.10952354351374143,-0.004627178561476361,0.23235524477476505,0.06670255678223158,-0.06546299030549897,0.21571745637288575,529,inconsistent,"CZ,DE",FALSE,FALSE,FALSE,FALSE,no clear link
lym_dis,sco_rat,230,10,3,21,0.07124037271093261,-0.0808560508036155,0.22688132661712826,0.02250545931770574,-0.1326398625543031,0.18135529114934285,-0.09311997822204476,-0.32904996567432226,0.1680754526265768,0.027105948904645905,-0.12747336913707835,0.1480237482798262,-0.02582354907193296,-0.1493205160488772,0.13012382113640852,552,inconsistent,"CZ,DE,LT",FALSE,FALSE,FALSE,FALSE,no clear link
lym_dis,sco_sco,115,5,2,9,0.15718529002986967,-0.008680598172306455,0.2969757547331302,0.13806666933448272,-0.08958529531883953,0.31636648549539714,0.07238931191790103,-0.099219183090397,0.24736576730414395,-0.02101908395621204,-0.07159415281302423,0.02317326110418593,0.04931900471309514,-0.05252311421334308,0.17841932754102188,368,inconsistent,"DE,LT",FALSE,FALSE,FALSE,FALSE,no clear link
lym_dis,tet_gab,312,14,3,74,0.0640905097595749,-0.10652963943099354,0.24860065532038267,0.02004215970228129,-0.13873103057820935,0.1821465584540993,-0.03912071160305345,-0.16777952304301616,0.09140100115517556,-0.04217314691587764,-0.17265081219577644,0.08265809400081059,0.3252915000859131,0.16378200722388597,0.46898741865880683,718,inconsistent,"AT,CZ,DE",FALSE,FALSE,FALSE,FALSE,no clear link
lym_dis,tet_spp,161,7,1,38,0.16804547214768528,-0.08053703828364384,0.4316342451070845,0.12691240205129597,-0.06478451073054996,0.34425385923685203,0.021340740801043756,-0.1591991878825625,0.20360084168545783,0.033460217612484196,-0.0904579523601081,0.18285574927462936,0.3118270265438303,0.025231975470662513,0.5470144665899995,345,insufficient data,DE,FALSE,FALSE,FALSE,FALSE,no clear link
lym_dis,tha_pit,64,3,3,31,-0.011600778087988343,NA,NA,0.03436866247082485,NA,NA,-0.10755309681816305,NA,NA,0.15274136338981406,NA,NA,0.27200456392501504,0.037254024795612614,0.5074605154409426,386,inconsistent,"BG,DE,HR",FALSE,FALSE,FALSE,FALSE,no clear link
lym_dis,tha_pro,184,8,1,54,0.24772176627645368,0.11438204505286483,0.41116729840876076,0.19880314352412798,2.3520673424034573e-4,0.412125325655272,0.04269447881691242,-0.11074546788569317,0.19863077090010586,0.032199728542387604,-0.11710529997710391,0.14380323301836662,0.40517491141882445,0.16029160751691918,0.5970062272865644,345,insufficient data,DE,TRUE,TRUE,FALSE,FALSE,weak but real
lym_dis,tom_spp,494,22,4,139,0.2627527930819277,0.14109073817695147,0.3895139913758021,0.21502995020599466,0.10323611919341434,0.33230743735080176,0.135934520924584,0.07213684218842974,0.1908001611203628,0.14790893828824797,0.04453349373493428,0.2579163159629249,0.2685801495204207,0.14556044255589612,0.3769263347230423,741,consistent,"AT,CZ,DE,LT",TRUE,TRUE,TRUE,TRUE,weak but real
lym_dis,tor_vir,248,11,4,69,-0.05611534097677585,-0.19634930135547257,0.08466729911242994,-0.09454513560140934,-0.2552246669573322,0.07074610632037699,-0.03474400939483514,-0.17805194744915506,0.10798237546006693,-0.06636464751595633,-0.20082851752549977,0.07074466242492329,0.2754819000154626,0.03267414673280666,0.4886502318197012,409,inconsistent,"BG,DE,LT,RO",FALSE,FALSE,FALSE,FALSE,no clear link
lym_dis,uro_sir_spp,69,3,1,5,0.1704052472932392,NA,NA,0.19396229507754656,NA,NA,-0.04652993095967039,NA,NA,0.23016371338330185,NA,NA,0.06668100060187201,-0.013073427035395033,0.16522742757430012,345,insufficient data,DE,FALSE,FALSE,FALSE,FALSE,no clear link
lym_dis,xyl_lin,184,8,1,50,-0.09262171471154892,-0.22850042809290635,0.04690314780422642,-0.14203859583426898,-0.28111415075644197,-0.007591018531137086,-0.030602958178972548,-0.2018663497222532,0.15656525265899987,-0.16791987677093131,-0.3120331084395871,-0.0310336249062945,0.20068939158409654,-0.06984011757297617,0.43368259701920464,345,insufficient data,DE,FALSE,TRUE,FALSE,TRUE,no clear link
lym_dis,xyl_spp,207,9,1,50,0.04286681876578998,-0.2016999680897731,0.2595019137745733,-0.02327364459031797,-0.19648281153396296,0.15604647953726555,0.014539907802141525,-0.07170280055408781,0.09652683127451267,-0.01797375447898994,-0.14979915152254872,0.12158540119349881,0.28113613097994183,0.053176955465042135,0.50743788755855,345,insufficient data,DE,FALSE,FALSE,FALSE,FALSE,no clear link
lym_dis,zei_gri,138,6,2,10,0.06364662224101415,-0.09978830640915108,0.3020502334456863,0.13288173808019027,-0.07176644762411481,0.3986796696781824,0.010218083908467939,-0.10943383814163617,0.14539437674152655,0.08133630920733691,-0.06131729143373919,0.22066332955755322,-0.05122650711396844,-0.15660991175057343,0.06984583911707525,529,consistent,"CZ,DE",FALSE,FALSE,FALSE,FALSE,no clear link
lym_mon,mel_spp,481,23,2,241,0.12958396461892052,0.037209948146161166,0.22696197890882425,0.09466508786561754,0.023442698306456563,0.17383617537587462,-0.04321265646250318,-0.13469184664939404,0.04978372119466478,-0.038335783215107,-0.14712626924901764,0.06443045083954341,0.437666869216251,0.2524580850048716,0.5915774775053685,685,consistent,"DE,PL",TRUE,TRUE,FALSE,FALSE,weak but real
lym_mon,neo_ser,92,4,2,8,0.12219839482146622,NA,NA,0.11472894906539662,NA,NA,-0.07794121993225431,NA,NA,-0.02639058067925695,NA,NA,0.11273416839431347,0.05981284549592968,0.1883241623340065,529,consistent,"CZ,DE",FALSE,FALSE,FALSE,FALSE,no clear link
lym_mon,ope_spp,138,6,1,19,0.2378431017438669,0.04450693321665124,0.4587823644781748,0.12817700469818274,-0.038313638485919205,0.2783152360426995,-0.06182073789543645,-0.3986599642290163,0.240795825598373,0.027358353011999285,-0.11551497586306908,0.18487562310389627,0.2656153087876989,0.005013040429261051,0.47220549100766074,345,insufficient data,DE,TRUE,FALSE,FALSE,FALSE,weak but real
lym_mon,pan_fla,484,23,4,159,0.3137447090653971,0.21533079913930295,0.4142223809268281,0.16963507180504467,0.05855494531012094,0.2760433721776288,0.09533694268416221,-0.00661376815330347,0.19419157275039656,-0.09605152802323647,-0.221603519343729,0.026722498699870423,0.43826610027813123,0.32523995358440955,0.5403353396490849,892,consistent,"CZ,DE,LT,PL",TRUE,TRUE,FALSE,FALSE,"strong, mostly shared bad years"
lym_mon,pha_cya,665,31,4,363,0.03424321386197566,-0.07499504777382363,0.14047576091354078,-0.022196336247506655,-0.13197183296352044,0.08545167787366185,0.017531452437833467,-0.05977786639086042,0.09303538136425431,-0.02507704953553222,-0.11530194631161592,0.06498381551922386,0.4474794906958487,0.306673933573203,0.5773645953826219,892,inconsistent,"CZ,DE,LT,PL",FALSE,FALSE,FALSE,FALSE,no clear link
lym_mon,pis_pin,161,7,2,40,0.1276608085806043,-0.14551666838188104,0.4170172149085751,-0.01632684077992368,-0.2437704420761949,0.17966919777626175,0.020789413092779714,-0.28224101218891307,0.3337317614052008,-0.02213318688637181,-0.1623756026914168,0.17450214307257142,0.4568254498748357,0.1525618558609089,0.6629998110669125,368,inconsistent,"DE,LT",FALSE,FALSE,FALSE,FALSE,no clear link
lym_mon,pit_bid,92,4,1,29,-0.05958419817413302,NA,NA,-0.11936820253324332,NA,NA,-0.05571344760629658,NA,NA,-7.662648756901501e-4,NA,NA,0.3829009904855569,0.11182778603851587,0.5743151134790655,345,insufficient data,DE,FALSE,FALSE,FALSE,FALSE,no clear link
lym_mon,pit_cha,207,9,2,59,0.136279183998604,-0.11372508425140138,0.38215328240679464,0.02686555876237278,-0.14883884736191616,0.2218449388799576,0.08658522742926303,0.014945171810716059,0.18115841270747396,-0.05718544447972406,-0.2522291407799473,0.12193956122682698,0.33336353960834825,0.17032348281208035,0.4828666053619325,368,inconsistent,"DE,LT",FALSE,FALSE,TRUE,FALSE,no clear link
lym_mon,pit_spp,184,8,2,80,-0.24046379357533265,-0.3931743853331007,-0.11359086086274772,-0.08364452046596862,-0.22839245374957867,0.06331775968389035,-0.10702335215341459,-0.2069063876362853,0.016570664597197946,-0.09127072348592111,-0.174183295492408,-0.025143628327054315,0.2632306531923004,0.010130160334184748,0.4844078170470749,529,consistent,"CZ,DE",TRUE,FALSE,FALSE,TRUE,weak but real
lym_mon,pol_pol,161,7,2,83,0.025929446931220828,-0.13661332520197722,0.1736267820864957,0.04852984996727999,-0.10579619669346424,0.18913141781097173,0.14649803578251364,-0.09265557058988934,0.35908540018931695,-0.04461292797163877,-0.22690317336651492,0.13796283138127366,0.2307931104416087,-0.03895141520989736,0.44737419990233124,207,inconsistent,"CZ,LT",FALSE,FALSE,FALSE,FALSE,no clear link
lym_mon,pri_abi,276,12,2,80,0.19788204969515147,0.0016559355553055024,0.38687915486584984,0.033857574150089956,-0.12987140697036118,0.2142608429836601,0.08302766552577484,0.009760520771500662,0.15864711163191952,0.021923408265871983,-0.10546837916193684,0.13223272502221242,0.35033909316026435,0.13734926865209932,0.5290754631370104,529,consistent,"CZ,DE",TRUE,FALSE,TRUE,FALSE,weak but real
lym_mon,sap_car,23,1,1,0,-0.2849030264603879,NA,NA,NA,NA,NA,NA,NA,NA,NA,NA,NA,-0.023480272051692494,-0.06098677851337775,-0.016940912588478508,345,insufficient data,DE,FALSE,FALSE,FALSE,FALSE,no clear link
lym_mon,sco_int,253,11,2,71,-0.04000021516017061,-0.13918899128671763,0.07391937126731832,0.08258006069999466,-0.011709932723778125,0.1695436001745446,0.009996869488313418,-0.11551451996969123,0.13445454580053867,0.1235889877019269,9.285807099638582e-4,0.24008085012077768,0.27548703107789996,0.11808476978186713,0.41328309048555273,529,inconsistent,"CZ,DE",FALSE,FALSE,FALSE,TRUE,no clear link
lym_mon,sco_rat,230,10,3,69,-0.033410835174173474,-0.20750306256662,0.1823471874852129,0.08112332308954344,-0.1013885835267017,0.2656243241468282,0.030472079014912865,-0.12325412810022876,0.162529331727101,-0.09115094051873475,-0.1752881689326704,0.008325797712659497,0.3437915368017202,0.16464964915918923,0.4979475237951139,552,inconsistent,"CZ,DE,LT",FALSE,FALSE,FALSE,FALSE,no clear link
lym_mon,sco_sco,92,4,2,16,0.18368714760379748,NA,NA,0.14550538080905925,NA,NA,0.17378778985226676,NA,NA,0.13022863176857696,NA,NA,0.308945812189331,-0.04279577023325534,0.5267409305039134,368,inconsistent,"DE,LT",FALSE,FALSE,FALSE,FALSE,no clear link
lym_mon,tet_gab,207,9,2,18,0.002082855323614126,-0.17197724878667,0.22299089387249155,-0.05380965561185268,-0.21477601713820405,0.1236033878481965,0.17082660406275965,0.028497516458640213,0.3469737382429331,0.010427165939429255,-0.10555787761217625,0.14083147555767891,-0.08599290143744623,-0.2544138958694754,0.1312904649865683,529,inconsistent,"CZ,DE",FALSE,FALSE,TRUE,FALSE,no clear link
lym_mon,tet_spp,115,5,1,11,0.2933750115784773,0.016144066933733343,0.588849355299527,0.28843329668697226,0.027686602039004273,0.5122319992868873,0.13902299393160808,0.048196712664603944,0.2761995463375444,0.14407889996256296,0.0021142107983234864,0.2557763109580579,-0.027159509554822353,-0.19482465849984287,0.23053758503360436,345,insufficient data,DE,TRUE,TRUE,TRUE,TRUE,weak but real
lym_mon,tha_pit,23,1,1,6,-0.45812713815045525,NA,NA,-0.2918661568914187,NA,NA,0.05800584134581704,NA,NA,-0.3023295049877197,NA,NA,0.19137610222010454,0.12353283472831904,0.31450600566589604,345,insufficient data,DE,FALSE,FALSE,FALSE,FALSE,no clear link
lym_mon,tha_pro,161,7,1,30,0.22890753998842775,0.018039661134937005,0.42704341792889783,0.24872997280428036,-0.010209569110990096,0.47703814498051506,0.14723999240785723,0.060537355740707254,0.23969330844118905,0.11913036228388364,-0.033820484794261356,0.2801091509083786,0.21500005211755546,-0.09008492449769198,0.4742999247815982,345,insufficient data,DE,TRUE,FALSE,TRUE,FALSE,weak but real
lym_mon,tom_spp,605,28,4,243,0.044027961841267255,-0.07212350134079708,0.16169333704427485,-0.05468445356413119,-0.16155880669331552,0.06473761024020418,-0.0479138163308478,-0.11291110577195931,0.017901342562141192,-0.02933025844717337,-0.13202576591681642,0.0692547599391315,0.12108482661368941,-0.07007695406292129,0.3172334238135906,892,inconsistent,"CZ,DE,LT,PL",FALSE,FALSE,FALSE,FALSE,no clear link
lym_mon,tor_vir,504,24,3,187,0.11814031501611885,0.02525444078227252,0.2165600840944489,0.050084907091727644,-0.04645983844408578,0.15052942024803212,-0.01719544402081,-0.1452872131367855,0.09830715830465378,0.10149035749115408,0.02357209516069186,0.17870027768086724,0.309879381353322,0.16560766819924921,0.4438696731870744,708,inconsistent,"DE,LT,PL",TRUE,FALSE,FALSE,TRUE,weak but real
lym_mon,uro_sir_spp,46,2,1,1,0.0466252264243432,NA,NA,0.2976467407343714,NA,NA,-0.07014819927514943,NA,NA,0.09644972389745647,NA,NA,-0.04459443463739285,-0.09784918130774514,0.01985045399435678,345,insufficient data,DE,FALSE,FALSE,FALSE,FALSE,no clear link
lym_mon,xyl_lin,161,7,1,47,0.08258686148283656,-0.1417704963571711,0.33791004128034213,0.03543121525802586,-0.14832548901144005,0.23848047654195714,-0.08857417332209538,-0.20155038469512382,0.037528634203693255,0.06076439006646774,-0.0429255399820549,0.18637396878931975,0.3773279181052499,0.15447715982526772,0.5467025444300126,345,insufficient data,DE,FALSE,FALSE,FALSE,FALSE,no clear link
lym_mon,xyl_spp,184,8,1,48,0.1195009147257254,-0.15880110021303812,0.4194040067502846,0.07217810809605579,-0.09227552470171245,0.23972346138875888,-0.006016657010575015,-0.17294200582400587,0.12301816289557675,0.09969333780751953,-0.05442236672500912,0.2665567800705159,0.46243738263505924,0.30712847607963323,0.583969602749406,345,insufficient data,DE,FALSE,FALSE,FALSE,FALSE,no clear link
lym_mon,zei_gri,161,7,2,51,0.04206584395751018,-0.20352910620447798,0.2840246855177064,0.1175638758456738,-0.07135003540145607,0.2623692384010396,-0.16643419595770367,-0.315775385591884,-0.02848755824770575,0.06653870148537526,-0.09024324202216791,0.17561614807627327,0.37214382307205957,0.19659300550185566,0.48830722169755125,529,inconsistent,"CZ,DE",FALSE,FALSE,TRUE,FALSE,no clear link
mel_spp,neo_ser,46,2,1,2,-0.12106473765154466,NA,NA,-0.10103697793048631,NA,NA,0.09962483016241101,NA,NA,0.013368297038327802,NA,NA,-0.03282607782928118,-0.11184245483633437,0.04080633907769321,345,insufficient data,DE,FALSE,FALSE,FALSE,FALSE,no clear link
mel_spp,ope_spp,161,7,1,15,0.03399786445962709,-0.14691148791231587,0.2042617235131332,0.07620576637757534,-0.09776932264571563,0.25410762507354345,0.1408179298576131,-0.07237590336521045,0.2934005429530716,0.13209591602561493,0.01716336342236813,0.2380230888157722,0.07299996890779374,-0.028867550669893587,0.23163855557337226,345,insufficient data,DE,FALSE,FALSE,FALSE,TRUE,no clear link
mel_spp,pan_fla,415,20,2,155,0.19558617869370232,0.05037781877625595,0.3499876213187242,0.15634150420584497,0.040150377488609876,0.2866018456886106,0.020337167800226895,-0.09535791577281579,0.13397004748111907,0.004376268907327604,-0.09378575166818238,0.09968371239857911,0.36752854031958554,0.22388162898567654,0.4877559218517137,685,consistent,"DE,PL",TRUE,TRUE,FALSE,FALSE,weak but real
mel_spp,pha_cya,547,26,2,341,0.12520730313614978,0.016403746007635167,0.25130771720064665,0.08892352881564272,-0.010983817256943666,0.2028318603286472,-0.010371171549183144,-0.11863511617018921,0.09533317429501306,0.09488066162957608,0.011142281066868254,0.19094684548998286,0.4838704119910806,0.24875584080891283,0.6686483475205706,685,consistent,"DE,PL",TRUE,FALSE,FALSE,TRUE,weak but real
mel_spp,pis_pin,138,6,1,21,0.19127499112975718,-0.06124201338615119,0.5282149164215003,0.03574574687323915,-0.18828502133822592,0.3525762245944203,-0.03173550622014542,-0.18348134333143873,0.21128936634604076,-0.07934707501527193,-0.3166353032107454,0.2476822647009109,0.10745674577137139,-0.10936486875400353,0.39258296602941256,345,insufficient data,DE,FALSE,FALSE,FALSE,FALSE,no clear link
mel_spp,pit_bid,92,4,1,12,-0.05982057628450395,NA,NA,-0.12908524642709254,NA,NA,0.04717889226932854,NA,NA,0.02224456213577556,NA,NA,-0.059264520219886915,-0.28019282579370985,0.20932649179748708,345,insufficient data,DE,FALSE,FALSE,FALSE,FALSE,no clear link
mel_spp,pit_cha,207,9,1,69,-0.0808327025076635,-0.36291033912936743,0.25289195991865165,-0.1176120624939309,-0.3638149893372268,0.22696959959294635,-0.1385792067368975,-0.3451539218215461,0.0641705601393052,-0.006093232608525292,-0.19044041719253854,0.18338152128776997,0.2960300004297559,0.04997638634076463,0.5450276668119847,345,insufficient data,DE,FALSE,FALSE,FALSE,FALSE,no clear link
mel_spp,pit_spp,92,4,1,44,0.14578869059689398,NA,NA,-0.009207907680443267,NA,NA,-0.09852444012767399,NA,NA,-0.0040322401173027815,NA,NA,0.5289473244705507,0.12706004010836022,0.7645551836701325,345,insufficient data,DE,FALSE,FALSE,FALSE,FALSE,no clear link
mel_spp,pol_pol,0,0,0,0,NA,NA,NA,NA,NA,NA,NA,NA,NA,NA,NA,NA,NA,NA,NA,0,insufficient data,NA,FALSE,FALSE,FALSE,FALSE,not enough data
mel_spp,pri_abi,161,7,1,9,0.1836602168951483,-0.07764330887968691,0.41261475860810626,0.14109345680108865,-0.0672419020079196,0.3090256850812307,0.047424985707878495,-0.24316425288735816,0.3156854776825165,-0.13903628984567826,-0.35884577846010135,0.04955498569076139,-0.05834861992128375,-0.2245868964211325,0.11532838386361585,345,insufficient data,DE,FALSE,FALSE,FALSE,FALSE,no clear link
mel_spp,sap_car,23,1,1,1,0.07614457387190585,NA,NA,NA,NA,NA,NA,NA,NA,NA,NA,NA,0.09579269201297824,0.06856330917237163,0.21832253389670206,345,insufficient data,DE,FALSE,FALSE,FALSE,FALSE,no clear link
mel_spp,sco_int,138,6,1,23,0.03274659932177143,-0.12946265108504074,0.20663864033115578,0.08376059001557831,-0.09455674941879662,0.26802707701814843,-0.039186911463012286,-0.09877830768183282,0.01968691653201543,-0.048842024038525646,-0.15036697265150173,0.04839590319623418,0.1326372325399005,-0.018169662055520498,0.2907392882393778,345,insufficient data,DE,FALSE,FALSE,FALSE,FALSE,no clear link
mel_spp,sco_rat,69,3,1,10,0.057681480233476454,NA,NA,0.1747652863196074,NA,NA,-0.05895584241716845,NA,NA,-0.15456516520343883,NA,NA,0.0240753881593616,-0.14042777780672525,0.23908334092594283,345,insufficient data,DE,FALSE,FALSE,FALSE,FALSE,no clear link
mel_spp,sco_sco,92,4,1,5,-0.10135336539474932,NA,NA,-0.18673306760685351,NA,NA,0.1237018585837137,NA,NA,-0.12054843665540498,NA,NA,-0.03776283297532555,-0.13267470592297678,0.08254193570592613,345,insufficient data,DE,FALSE,FALSE,FALSE,FALSE,no clear link
mel_spp,tet_gab,184,8,1,60,0.15704488950845902,-0.07451202803852071,0.43263012760402414,0.07208001603343017,-0.15760987807258703,0.3467350017737677,0.14285027264525238,0.0028695326216424955,0.30689025759768807,-0.03761173161241372,-0.19188308976658294,0.131759240501936,0.5806738996240254,0.27656733119486754,0.7740029393133824,345,insufficient data,DE,FALSE,FALSE,TRUE,FALSE,no clear link
mel_spp,tet_spp,161,7,1,56,0.3689755364368466,0.15568771091584352,0.6373705931795195,0.3412585056020712,0.1407183976052558,0.5778562082697035,0.008361593221315232,-0.1513026221047783,0.18434188219838318,0.1671066656449427,-0.031326610391984706,0.3702289768278137,0.6036362240780657,0.18898185878892468,0.7892458689777564,345,insufficient data,DE,TRUE,TRUE,FALSE,FALSE,"strong, beyond shared bad years"
mel_spp,tha_pit,23,1,1,2,-0.30624404663563387,NA,NA,-0.17324492192190089,NA,NA,-0.28114146482208996,NA,NA,-0.11744684989748794,NA,NA,-0.024948566403667632,-0.11897168467436056,0.05846400743823312,345,insufficient data,DE,FALSE,FALSE,FALSE,FALSE,no clear link
mel_spp,tha_pro,184,8,1,59,0.16625123070372314,-0.10503204854086536,0.4310822773421273,0.28434324741531114,0.10078276108992806,0.47146089678700753,0.00471006142744684,-0.21346685468649218,0.21545721059567507,0.10871281639046086,0.02181798277956941,0.22597252124064746,0.4781089323097222,0.21598194360171058,0.6528317312497731,345,insufficient data,DE,FALSE,TRUE,FALSE,TRUE,no clear link
mel_spp,tom_spp,487,23,2,189,0.14831006526860172,-0.002048730885919458,0.28852694433266146,0.09468480684539406,-0.026866757491433125,0.22953710715179426,-0.02667359523479225,-0.12341976486858074,0.06737595213622258,0.021412893917715354,-0.08683475068267192,0.13479611989776505,0.09923998995319773,-0.1384263153702816,0.3218401216507229,685,consistent,"DE,PL",FALSE,FALSE,FALSE,FALSE,no clear link
mel_spp,tor_vir,524,25,2,193,-0.013023978666001603,-0.1324956608606417,0.10495988361911493,-0.03342774845452436,-0.14668657713555525,0.09096908796111515,0.021559654866289166,-0.0730981606198046,0.12138343503001181,0.0986405352462071,0.01899799413058854,0.18801517363226425,0.17339883724868085,-0.03640789738727977,0.35366020291695394,685,inconsistent,"DE,PL",FALSE,FALSE,FALSE,TRUE,no clear link
mel_spp,uro_sir_spp,69,3,1,6,0.17705501703533644,NA,NA,0.1681662407728021,NA,NA,-0.01753336667015421,NA,NA,0.15039437994883706,NA,NA,0.10229237089234547,-0.020545470282431907,0.23297277907402333,345,insufficient data,DE,FALSE,FALSE,FALSE,FALSE,no clear link
mel_spp,xyl_lin,184,8,1,35,-7.821162001359268e-4,-0.2703715547004191,0.2288887039164224,-0.03374624863947371,-0.26225681180812715,0.19514581110237472,-0.10195243600039453,-0.32412582242673843,0.09380702898854383,-0.11020204029030452,-0.24414108439933233,0.002483853859008571,-0.005008291412080841,-0.24197784395411231,0.2764062387513073,345,insufficient data,DE,FALSE,FALSE,FALSE,FALSE,no clear link
mel_spp,xyl_spp,207,9,1,35,-0.017471893717549987,-0.2776375753674954,0.2234066594453401,-0.03064944830134782,-0.28232856776641413,0.21263088037055822,-0.00803387840275041,-0.19603362653753603,0.16838982145714793,-0.011757927477272025,-0.1549612840885275,0.17846728406906687,0.06951729784231289,-0.14404003233049695,0.29072719858748997,345,insufficient data,DE,FALSE,FALSE,FALSE,FALSE,no clear link
mel_spp,zei_gri,23,1,1,2,0.14383660286916528,NA,NA,0.12894555502531332,NA,NA,0.24494923241814748,NA,NA,0.01886954060864164,NA,NA,0.0657334080657248,0.024121679472314896,0.20831080959324552,345,insufficient data,DE,FALSE,FALSE,FALSE,FALSE,no clear link
neo_ser,ope_spp,46,2,1,7,0.2608398767546145,NA,NA,0.022489752745831478,NA,NA,-0.23042604258113933,NA,NA,0.21039322474133595,NA,NA,0.24742103424967773,0.11870739905524498,0.44372576966256544,345,insufficient data,DE,FALSE,FALSE,FALSE,FALSE,no clear link
neo_ser,pan_fla,69,3,2,2,-0.06386657507055891,NA,NA,-0.07619251322936733,NA,NA,0.32443778027827513,NA,NA,-0.014404404805373486,NA,NA,0.061410431108266696,-0.025834187222218197,0.1573385603063972,529,consistent,"CZ,DE",FALSE,FALSE,FALSE,FALSE,no clear link
neo_ser,pha_cya,92,4,2,14,0.07923805408676056,NA,NA,0.09326984848930034,NA,NA,-0.08020719670705856,NA,NA,0.17421256180714265,NA,NA,0.1332473428212812,0.03604676175952746,0.22790313567200074,529,inconsistent,"CZ,DE",FALSE,FALSE,FALSE,FALSE,no clear link
neo_ser,pis_pin,46,2,1,11,0.028240597159295108,NA,NA,0.011004938717794763,NA,NA,0.059862965551394205,NA,NA,0.2411664147103855,NA,NA,0.3643681481257872,0.11407094992517937,0.5344065124506532,345,insufficient data,DE,FALSE,FALSE,FALSE,FALSE,no clear link
neo_ser,pit_bid,46,2,1,11,0.24915579607054422,NA,NA,0.13856510408049816,NA,NA,-0.09854713918840197,NA,NA,0.3151594575394442,NA,NA,0.3570726069000221,0.10783277320343841,0.6464794655542546,345,insufficient data,DE,FALSE,FALSE,FALSE,FALSE,no clear link
neo_ser,pit_cha,46,2,1,12,0.06409917451486274,NA,NA,0.15613227080785114,NA,NA,-0.12045486294733933,NA,NA,0.07896735272168681,NA,NA,0.16453801395794543,0.04115232648130578,0.3103916618480711,345,insufficient data,DE,FALSE,FALSE,FALSE,FALSE,no clear link
neo_ser,pit_spp,46,2,1,1,-0.26836271181038623,NA,NA,-0.05806536642634244,NA,NA,-0.05935153764146439,NA,NA,0.07269069056093251,NA,NA,-0.09781726737556577,-0.2023112649891748,0.06398721803415637,529,insufficient data,CZ,FALSE,FALSE,FALSE,FALSE,no clear link
neo_ser,pol_pol,46,2,1,2,0.1421798470928714,NA,NA,0.15131620715784017,NA,NA,-6.906701820422215e-4,NA,NA,0.1657865856593548,NA,NA,0.0570111467688965,0.021213582252947557,0.10397910003753752,184,insufficient data,CZ,FALSE,FALSE,FALSE,FALSE,no clear link
neo_ser,pri_abi,92,4,2,9,0.34350764690467256,NA,NA,0.09615369771132602,NA,NA,-0.09894905264125899,NA,NA,-0.04035075969394213,NA,NA,0.1239900127969842,0.06384985425462474,0.21147696186234458,529,consistent,"CZ,DE",FALSE,FALSE,FALSE,FALSE,no clear link
neo_ser,sap_car,0,0,0,0,NA,NA,NA,NA,NA,NA,NA,NA,NA,NA,NA,NA,-0.01023503388902094,-0.02503130871608794,-0.0029069767441860465,345,insufficient data,NA,FALSE,FALSE,FALSE,FALSE,not enough data
neo_ser,sco_int,92,4,2,6,-0.04836315575315628,NA,NA,-0.10040256977819945,NA,NA,-0.07887425483310853,NA,NA,0.16875332263770068,NA,NA,0.04910937762683742,-0.046482407775463135,0.11913561406475817,529,inconsistent,"CZ,DE",FALSE,FALSE,FALSE,FALSE,no clear link
neo_ser,sco_rat,92,4,2,7,-0.035561846500657655,NA,NA,0.08529492791621249,NA,NA,-0.012870989242427239,NA,NA,-0.04557043653042392,NA,NA,0.10968219002216789,-0.04233285684917097,0.23193251104378085,529,inconsistent,"CZ,DE",FALSE,FALSE,FALSE,FALSE,no clear link
neo_ser,sco_sco,46,2,1,3,0.24111443417023712,NA,NA,-0.03478201868503957,NA,NA,-0.2227384608521545,NA,NA,0.4306075322251751,NA,NA,0.12138399275167153,0.030423110411297544,0.37465377150775275,345,insufficient data,DE,FALSE,FALSE,FALSE,FALSE,no clear link
neo_ser,tet_gab,69,3,2,6,-0.010692954811966159,NA,NA,-0.3062052557980981,NA,NA,-0.21148011082449836,NA,NA,0.15829623327939582,NA,NA,0.10570703531607803,-0.05193371474408671,0.269693952892707,529,inconsistent,"CZ,DE",FALSE,FALSE,FALSE,FALSE,no clear link
neo_ser,tet_spp,23,1,1,0,-0.17030598012606962,NA,NA,-0.5326589141982495,NA,NA,0.09967918002418621,NA,NA,0.13062100720484449,NA,NA,-0.10260302780083135,-0.19997767842236214,-0.023148828107053328,345,insufficient data,DE,FALSE,FALSE,FALSE,FALSE,no clear link
neo_ser,tha_pit,18,1,1,16,NA,NA,NA,NA,NA,NA,NA,NA,NA,NA,NA,NA,0.5241417786916894,-0.06468685960305105,0.9370070846878816,363,insufficient data,BG,FALSE,FALSE,FALSE,FALSE,not enough data
neo_ser,tha_pro,23,1,1,1,0.2701441526624266,NA,NA,0.016308945166665104,NA,NA,0.01791832250082148,NA,NA,0.21234233208109038,NA,NA,-0.09498265322240498,-0.23252916735837476,0.13542600064570032,345,insufficient data,DE,FALSE,FALSE,FALSE,FALSE,no clear link
neo_ser,tom_spp,92,4,2,14,0.047834806387392716,NA,NA,-0.025910497869168624,NA,NA,0.03772869868113065,NA,NA,0.08135422346443724,NA,NA,0.12598083298977522,0.033421847361216825,0.21878409542107918,529,inconsistent,"CZ,DE",FALSE,FALSE,FALSE,FALSE,no clear link
neo_ser,tor_vir,64,3,2,18,0.10948696306080286,NA,NA,0.1126236960530652,NA,NA,-0.10436098739939136,NA,NA,-0.031478922824902306,NA,NA,0.2115067245311007,0.04793566143860183,0.39228890145034273,363,consistent,"BG,DE",FALSE,FALSE,FALSE,FALSE,no clear link
neo_ser,uro_sir_spp,23,1,1,1,0.15045390445454052,NA,NA,0.09987997997380227,NA,NA,0.3075254588003359,NA,NA,-0.11592820024923729,NA,NA,0.04551015832683454,-0.020553894633375286,0.2367188561154795,345,insufficient data,DE,FALSE,FALSE,FALSE,FALSE,no clear link
neo_ser,xyl_lin,46,2,1,11,0.08057980581614524,NA,NA,-0.02099653902038721,NA,NA,-0.12464550294191196,NA,NA,0.13489658564222806,NA,NA,0.18832410889150522,0.05664194293433148,0.356748176804114,345,insufficient data,DE,FALSE,FALSE,FALSE,FALSE,no clear link
neo_ser,xyl_spp,46,2,1,12,0.1396057422978602,NA,NA,0.055437061670985645,NA,NA,0.06915839699263274,NA,NA,0.13078394623815007,NA,NA,0.25184007509414263,0.06383312846788468,0.4390700988983004,345,insufficient data,DE,FALSE,FALSE,FALSE,FALSE,no clear link
neo_ser,zei_gri,69,3,2,3,-0.0476576999545067,NA,NA,0.08262051785260147,NA,NA,-0.034835224243659486,NA,NA,-0.05625680011091751,NA,NA,0.033195419350162875,-0.03678153873013845,0.1347269159920466,529,inconsistent,"CZ,DE",FALSE,FALSE,FALSE,FALSE,no clear link
ope_spp,pan_fla,92,4,1,5,-0.012231036206837355,NA,NA,-0.15529812540171226,NA,NA,-0.07442170126260152,NA,NA,0.19642724541330997,NA,NA,0.0319528035466691,-0.0674718630670944,0.16516578376702998,345,insufficient data,DE,FALSE,FALSE,FALSE,FALSE,no clear link
ope_spp,pha_cya,207,9,1,40,0.12213133145403925,-0.07176589202161214,0.37092330806052104,0.08365736448104956,-0.05771839765121216,0.29588485171184775,0.0951379568277415,-0.01741710969536713,0.22189596311254806,0.14241951563256441,0.0224095142936877,0.2951158344108335,0.2573604036511203,0.0563351718279621,0.4519432746743901,345,insufficient data,DE,FALSE,FALSE,FALSE,TRUE,no clear link
ope_spp,pis_pin,115,5,1,13,0.10255921585612508,-0.13876992414343012,0.42556497155031886,0.02191126114946468,-0.20417430528788877,0.3293176060091096,0.014094076332790521,-0.1272074325360642,0.2377083610126161,0.03940605789227868,-0.15356273527930941,0.37474468999251415,0.10021438405447823,-0.12886202585207976,0.3461232876311115,345,insufficient data,DE,FALSE,FALSE,FALSE,FALSE,no clear link
ope_spp,pit_bid,92,4,1,14,0.3015953913947821,NA,NA,0.11722059316457682,NA,NA,0.07326090889486017,NA,NA,-0.08020379887176782,NA,NA,0.11480165915464242,-0.1375376510828158,0.4471171086976392,345,insufficient data,DE,FALSE,FALSE,FALSE,FALSE,no clear link
ope_spp,pit_cha,207,9,1,43,0.12655918559733276,-0.0391398231992825,0.3823208644721932,0.06386256815233708,-0.10642606826826094,0.27291863690298623,-0.09083538526942905,-0.25392295509910234,0.08140430042667952,-0.04568459745165441,-0.1605826183144925,0.09233406230794543,0.2759317868464507,0.11468390100256254,0.4555563709042506,345,insufficient data,DE,FALSE,FALSE,FALSE,FALSE,no clear link
ope_spp,pit_spp,92,4,1,19,0.03947941719645301,NA,NA,-0.05422248191110784,NA,NA,-0.11219547562867765,NA,NA,-0.035682934522900854,NA,NA,0.2413434351495231,-0.027013590110727532,0.4940527319826926,345,insufficient data,DE,FALSE,FALSE,FALSE,FALSE,no clear link
ope_spp,pol_pol,0,0,0,0,NA,NA,NA,NA,NA,NA,NA,NA,NA,NA,NA,NA,NA,NA,NA,0,insufficient data,NA,FALSE,FALSE,FALSE,FALSE,not enough data
ope_spp,pri_abi,161,7,1,16,0.05579603096651908,-0.13168401787368292,0.24329275121594351,-0.005438326250677396,-0.13146671067496996,0.09327577393555989,-0.09853843655002752,-0.19464917050992156,0.002993744202230996,0.13930637839696144,0.0932406147148079,0.19834157823164364,0.22054955764569062,-0.02965914254759732,0.40345339602737834,345,insufficient data,DE,FALSE,FALSE,FALSE,TRUE,no clear link
ope_spp,sap_car,0,0,0,0,NA,NA,NA,NA,NA,NA,NA,NA,NA,NA,NA,NA,-0.021412214021859898,-0.03885339060613298,-0.014071190994818879,345,insufficient data,NA,FALSE,FALSE,FALSE,FALSE,not enough data
ope_spp,sco_int,161,7,1,4,-0.07300850908550445,-0.303833905997344,0.17050307785750954,0.07518842979769945,-0.1575152792849806,0.3114216721540466,-0.007654159299030005,-0.17630818992191624,0.11443394862246144,0.09197799026318927,-0.01524711786951597,0.21381375374486347,-0.10257799182423594,-0.233517327515919,0.06590949379166358,345,insufficient data,DE,FALSE,FALSE,FALSE,FALSE,no clear link
ope_spp,sco_rat,46,2,1,3,-0.08381725113691679,NA,NA,-0.029685393621392813,NA,NA,0.26085303213716393,NA,NA,-0.050902949884373584,NA,NA,-0.05572362717311438,-0.192714444248735,0.26737640886072755,345,insufficient data,DE,FALSE,FALSE,FALSE,FALSE,no clear link
ope_spp,sco_sco,92,4,1,9,0.2514751074719057,NA,NA,0.2359162901879531,NA,NA,0.10559210850023303,NA,NA,0.10473149327302739,NA,NA,0.16742494841075245,-0.07797119561689503,0.4820769804827483,345,insufficient data,DE,FALSE,FALSE,FALSE,FALSE,no clear link
ope_spp,tet_gab,161,7,1,12,0.11395038540058705,-0.03860197090245571,0.29325486253481325,0.08545250239417934,-0.18543039347151183,0.37111345837357146,-0.15195045878967472,-0.3505402100472125,0.0029313213281938065,0.1033550848391992,-0.0860032684465665,0.28965240356302263,-0.010190760328317857,-0.16043768365875904,0.15428411274094161,345,insufficient data,DE,FALSE,FALSE,FALSE,FALSE,no clear link
ope_spp,tet_spp,138,6,1,9,0.03576993202787229,-0.04802811115117872,0.13576962983190685,0.10755001729971671,-0.11050020099658106,0.25130887547059005,0.1298977014342051,0.011960547434772081,0.221117318686178,0.3160363641089217,0.18567941581523378,0.41573472999291466,-0.03284754136548526,-0.13577474917335836,0.09268710350990522,345,insufficient data,DE,FALSE,FALSE,TRUE,TRUE,no clear link
ope_spp,tha_pit,0,0,0,0,NA,NA,NA,NA,NA,NA,NA,NA,NA,NA,NA,NA,-0.07207155727359787,-0.1462190584184899,-0.04257802232956453,345,insufficient data,NA,FALSE,FALSE,FALSE,FALSE,not enough data
ope_spp,tha_pro,184,8,1,26,0.13057213234747828,-0.11402006639317365,0.38858519038279993,0.2598300602275232,0.06308683213828188,0.44197501802614014,0.1386030134512172,-0.031714015336928955,0.2970099892377208,0.23071548264492517,0.1010074355278732,0.361382593217906,0.20267299010743736,-0.07579732569364978,0.4580400260974837,345,insufficient data,DE,FALSE,TRUE,FALSE,TRUE,no clear link
ope_spp,tom_spp,207,9,1,39,0.1649355936162675,-0.029018928882881607,0.38220642152947454,0.0962916363836137,-0.05446152994801304,0.2879666475647768,-0.01817609264643876,-0.16544693522130005,0.16248291778801707,0.11905563974260662,-0.09411585818865076,0.31895704082157905,0.27005514870042324,0.04711435124144511,0.4720641917105205,345,insufficient data,DE,FALSE,FALSE,FALSE,FALSE,no clear link
ope_spp,tor_vir,184,8,1,41,0.5102158892514843,0.2501757667875961,0.7689629927562849,0.4118505445371596,0.15383932198858963,0.6346247450828197,-0.03958833084341483,-0.26313406757066055,0.21618339416926632,0.10080206660628661,-0.09582837719963808,0.33830879840698663,0.49795069787845797,0.27949494766350447,0.7486448802478334,345,insufficient data,DE,TRUE,TRUE,FALSE,FALSE,"strong, beyond shared bad years"
ope_spp,uro_sir_spp,92,4,1,0,-0.13170583075763934,NA,NA,-0.11306626482536342,NA,NA,-0.04938451972309343,NA,NA,-0.025425961827124546,NA,NA,-0.07858568285386232,-0.13881571610911334,-0.02117927727884568,345,insufficient data,DE,FALSE,FALSE,FALSE,FALSE,no clear link
ope_spp,xyl_lin,207,9,1,37,0.003398576897489748,-0.25456591686067126,0.2904940168328103,0.04665859310809628,-0.24488810130434113,0.3148617646873705,-0.03964170776244066,-0.2186003120746005,0.1346998515817559,0.09449244840452885,-0.11727707610223312,0.3206102672272896,0.29003655935580114,0.03490097195260356,0.5336886204633795,345,insufficient data,DE,FALSE,FALSE,FALSE,FALSE,no clear link
ope_spp,xyl_spp,207,9,1,32,0.024234432424789756,-0.20133710320042567,0.3243374427147945,0.0244997332723996,-0.2459435845518252,0.3027363653981311,0.10071948887661629,-0.08978369817354276,0.28102887048741837,0.12071241959655668,-0.045568521276196164,0.32130590781282653,0.26317638547880867,-0.029705323316990058,0.5029745238256135,345,insufficient data,DE,FALSE,FALSE,FALSE,FALSE,no clear link
ope_spp,zei_gri,23,1,1,2,0.12688204890511523,NA,NA,0.41413975417592763,NA,NA,-0.15936600885970706,NA,NA,0.05758276369681208,NA,NA,0.11485224031228781,0.07309660111509249,0.23096140024640138,345,insufficient data,DE,FALSE,FALSE,FALSE,FALSE,no clear link
pan_fla,pha_cya,484,23,4,173,0.10302006627359132,-0.01718254789912721,0.23750300667376997,0.1061844655562702,-0.023946460480144125,0.22276848350732703,0.033966946751060545,-0.04848616390128537,0.12273088333495816,0.0729873424104152,-0.029473637388309888,0.16564027904975384,0.2800106022883434,0.18274394046185344,0.383812309719419,892,inconsistent,"CZ,DE,LT,PL",FALSE,FALSE,FALSE,FALSE,no clear link
pan_fla,pis_pin,138,6,2,22,0.15477961051706823,-0.13468030302267836,0.49609723118825183,0.011993117528350928,-0.16918146023668842,0.2934729916153193,0.07187098210433078,0.026299129976843638,0.12209482069362984,-0.19389035143413755,-0.40151213896552895,0.061573859497004994,0.34459702052104946,0.1291230326111985,0.5572231880866072,368,consistent,"DE,LT",FALSE,FALSE,TRUE,FALSE,no clear link
pan_fla,pit_bid,92,4,1,17,0.16326578955205245,NA,NA,0.1512751836465536,NA,NA,0.048891018103427636,NA,NA,0.06859707701220762,NA,NA,0.31228445696664775,0.11550795971319,0.4886197798155213,345,insufficient data,DE,FALSE,FALSE,FALSE,FALSE,no clear link
pan_fla,pit_cha,161,7,2,32,0.206512251004872,-0.007373598906680767,0.4741561911465132,0.11477424179504606,-0.07105420697025748,0.34110404507174996,0.04802611811168287,-0.008822273641805652,0.11167561009461949,0.09910225220950307,-0.004214963651058693,0.23500901220976453,0.25888105444920784,0.1539971444791051,0.373995502591488,368,consistent,"DE,LT",FALSE,FALSE,FALSE,FALSE,no clear link
pan_fla,pit_spp,46,2,2,5,0.10266729905675964,NA,NA,0.24779582403203898,NA,NA,0.11086319166873836,NA,NA,0.1444204465233962,NA,NA,-0.0966784797124598,-0.20587606580551548,0.06200469719600796,529,inconsistent,"CZ,DE",FALSE,FALSE,FALSE,FALSE,no clear link
pan_fla,pol_pol,46,2,2,4,0.12702264782734599,NA,NA,0.12677092963579997,NA,NA,0.13949568403549922,NA,NA,0.012611011749610344,NA,NA,0.07503224734841289,0.028436636703359747,0.13810454945835296,207,consistent,"CZ,LT",FALSE,FALSE,FALSE,FALSE,no clear link
pan_fla,pri_abi,138,6,2,12,0.23321401772048966,0.036130405081268434,0.4469249192152311,-0.02492574915595366,-0.18711539033795593,0.15110166449421783,0.023278883213992616,-0.2702593075785606,0.33710159668674416,0.06180498716219325,-0.1553420167089737,0.27385922187481443,0.05428247561691558,-0.08395454448426633,0.20982094790217937,529,inconsistent,"CZ,DE",TRUE,FALSE,FALSE,FALSE,weak but real
pan_fla,sap_car,23,1,1,0,-0.16148790635021953,NA,NA,NA,NA,NA,NA,NA,NA,NA,NA,NA,-0.01633338640128034,-0.04183293950827105,-0.012274627391290071,345,insufficient data,DE,FALSE,FALSE,FALSE,FALSE,no clear link
pan_fla,sco_int,115,5,2,12,-0.04695601087530223,-0.19135700192773322,0.16166646293918785,0.04510088063622152,-0.15625020642359816,0.23023521933794466,-0.20175084630474507,-0.2808588155564474,-0.07203228288604092,-0.027909521774260527,-0.11470411266276594,0.0689509740869788,0.05764015440902756,-0.0808744319413847,0.18433952547821034,529,inconsistent,"CZ,DE",FALSE,FALSE,TRUE,FALSE,no clear link
pan_fla,sco_rat,115,5,3,11,-0.1160457869139796,-0.2834708269912988,0.025719174161704536,-0.025224744511271567,-0.0633586627398237,0.02091108169327848,0.2139060794204043,-0.09855527921606498,0.4483573126726371,-0.07757211398930901,-0.19513618548996986,0.04703261187425536,0.0643956244045119,-0.07812990220595824,0.20342581466276224,552,inconsistent,"CZ,DE,LT",FALSE,FALSE,FALSE,FALSE,no clear link
pan_fla,sco_sco,92,4,2,7,0.03204202659778427,NA,NA,-0.03883144552463266,NA,NA,0.11206722834855204,NA,NA,0.010689815865519087,NA,NA,0.16605279103876788,-0.05918661411549647,0.3488797368603339,368,inconsistent,"DE,LT",FALSE,FALSE,FALSE,FALSE,no clear link
pan_fla,tet_gab,115,5,2,9,0.10717903070164547,-0.18043837000482296,0.5479673502163643,-0.020538312419550772,-0.3032299090903546,0.3333311353388267,-0.08641412709956753,-0.21822425151639943,0.0646764085191226,0.019485365377093364,-0.22621691718085915,0.2788765070450684,0.07540468511152797,-0.10008319150625111,0.33393416877380705,529,inconsistent,"CZ,DE",FALSE,FALSE,FALSE,FALSE,no clear link
pan_fla,tet_spp,92,4,1,9,0.44632066952455196,NA,NA,0.3076786350071905,NA,NA,-0.08112519317843951,NA,NA,-0.0452319314406741,NA,NA,0.06102139086691366,-0.13368421438976538,0.4025617666755043,345,insufficient data,DE,FALSE,FALSE,FALSE,FALSE,no clear link
pan_fla,tha_pit,23,1,1,2,-0.47239412810897125,NA,NA,-0.09790512400863446,NA,NA,0.06968547425643361,NA,NA,0.07580820349717066,NA,NA,0.06393840428746843,0.01989873964685973,0.1299024071982541,345,insufficient data,DE,FALSE,FALSE,FALSE,FALSE,no clear link
pan_fla,tha_pro,115,5,1,9,-0.026133601559517453,-0.3233054666952349,0.2789321240747162,0.028864830057443485,-0.27167366682219074,0.3444853840879082,-0.1355274016156806,-0.3947185210145113,0.052563060055360364,0.002059043381293441,-0.1572885570776049,0.1188542444874886,-0.0036473398887997208,-0.14910177999934693,0.14710745307502374,345,insufficient data,DE,FALSE,FALSE,FALSE,FALSE,no clear link
pan_fla,tom_spp,424,20,4,103,0.1984667455410152,0.08238825206919065,0.32557426373105386,0.13042218886751097,0.0019037159947041483,0.2649203748522006,-0.039213184480749695,-0.12805673194396225,0.05972406948030179,0.14281284587002416,0.03047328584083838,0.24472601211959719,0.012657102232296073,-0.15017730684882247,0.16958861278624157,892,consistent,"CZ,DE,LT,PL",TRUE,TRUE,FALSE,TRUE,weak but real
pan_fla,tor_vir,461,22,3,118,0.13589926750302703,0.03225007494520607,0.2390314141571243,0.051138077801480254,-0.022177667994747182,0.1353091125512713,0.0639882380793482,-0.03425340019236144,0.15794463179274237,0.07386789066740017,-0.013674390373004747,0.1714199692134105,0.25310995240834955,0.1311966184366287,0.36598073614362614,708,consistent,"DE,LT,PL",TRUE,FALSE,FALSE,FALSE,weak but real
pan_fla,uro_sir_spp,23,1,1,0,-0.09349088024409397,NA,NA,0.20460879652723518,NA,NA,-0.3887625768982944,NA,NA,0.10691809696176005,NA,NA,-0.05994570773252115,-0.10635729888203384,-0.016687687306198906,345,insufficient data,DE,FALSE,FALSE,FALSE,FALSE,no clear link
pan_fla,xyl_lin,115,5,1,23,0.40239394906106984,0.2049654172635865,0.5785789667038977,0.2612057731467066,0.12062546788006147,0.423666247235056,0.013089307172530448,-0.16415358544888095,0.16457441842569526,0.032916446086083136,-0.061322301133987574,0.08979335389721146,0.22483756321197038,0.007648485687840672,0.37586126675738873,345,insufficient data,DE,TRUE,TRUE,FALSE,FALSE,"strong, beyond shared bad years"
pan_fla,xyl_spp,138,6,1,26,0.26045022010175806,0.06199336827563965,0.406232109013485,0.09835249358224184,-0.027962341367666385,0.22298425374528563,0.019091480535124942,-0.11059209030650391,0.13466337924544974,0.08974476135839779,-0.11482062315326205,0.32645907412992353,0.33669667094915706,0.23702983576140813,0.4351514012560733,345,insufficient data,DE,TRUE,FALSE,FALSE,FALSE,weak but real
pan_fla,zei_gri,46,2,2,2,0.2894964075144088,NA,NA,0.3535271795745735,NA,NA,0.06087210917357998,NA,NA,0.2341267991852304,NA,NA,-0.053827524660103654,-0.11236306144972229,0.03203094741358621,529,inconsistent,"CZ,DE",FALSE,FALSE,FALSE,FALSE,no clear link
pha_cya,pis_pin,184,8,2,66,0.38143548702689134,0.16717710301446054,0.6338097171155145,0.2568599849860177,0.0463589390416141,0.5124564252028871,0.17709895041769072,0.028112756135675408,0.3632741044367322,0.10675186230811488,0.0038894983101053736,0.20341722935306245,0.3206964211471115,-0.021385633537062267,0.6441765378739471,368,consistent,"DE,LT",TRUE,TRUE,TRUE,TRUE,"strong, beyond shared bad years"
pha_cya,pit_bid,115,5,1,64,0.6044388237191045,0.4250691823717432,0.7452169212614037,0.44155308216726846,0.2936115056430974,0.5839759449476946,0.34287775631019707,0.2046717366219563,0.5143341245844546,0.055987628372746706,-0.10616915529776198,0.2506969490025952,0.4516426378326945,0.19032653933199292,0.6898310080762144,345,insufficient data,DE,TRUE,TRUE,TRUE,FALSE,"strong, beyond shared bad years"
pha_cya,pit_cha,423,19,3,250,0.3495793541687242,0.2145833912371033,0.4875281902797289,0.3279300032220071,0.19988720150672787,0.4548517889035229,0.07669088561286892,-0.029243532425900182,0.1817132006265312,0.0845119243833506,-0.004279254486393837,0.18032587045150736,0.49167435434501555,0.2912820785558559,0.6823912069660537,557,consistent,"AT,DE,LT",TRUE,TRUE,FALSE,FALSE,"strong, beyond shared bad years"
pha_cya,pit_spp,402,18,3,233,0.2562962553260354,0.10570305789051444,0.3946016581601598,0.13946279060520034,0.018079479829655923,0.2634590139087082,0.05895185570333763,-0.029209552284173056,0.14247651931501976,0.08443778938847271,-0.02802403120002427,0.19264699888258358,0.3119863228558881,0.0633240840006126,0.5258562093009633,718,consistent,"AT,CZ,DE",TRUE,TRUE,FALSE,FALSE,weak but real
pha_cya,pol_pol,207,9,2,125,0.13614999139408854,-0.10941868360182071,0.3458060129460635,0.06565635641475402,-0.20131155281227378,0.31096819765349587,0.057989374328486144,-0.11560805876708703,0.22917425995111618,0.08582705514640855,-0.08184594570598443,0.23780775146372693,0.3644235440037289,-0.009061571281521671,0.6049471539751513,207,inconsistent,"CZ,LT",FALSE,FALSE,FALSE,FALSE,no clear link
pha_cya,pri_abi,345,15,2,139,-0.14454814615347625,-0.3055096188441117,0.023872834807919432,-0.10035672705974671,-0.23037445905881407,0.010236445623134489,-0.009393417618281179,-0.13163520584843189,0.10375580956893132,0.01933406324369771,-0.13407995040558823,0.17013709127728077,0.3668734394948259,0.18619236589904115,0.5436223943173499,529,consistent,"CZ,DE",FALSE,FALSE,FALSE,FALSE,no clear link
pha_cya,sap_car,23,1,1,1,0.4897466971970208,NA,NA,NA,NA,NA,NA,NA,NA,NA,NA,NA,0.051024515186455004,0.034445915869315155,0.09880978589215456,345,insufficient data,DE,FALSE,FALSE,FALSE,FALSE,no clear link
pha_cya,sco_int,368,16,2,143,0.24601577831480403,0.06473060947393966,0.4132273451842063,0.23183726883533257,0.06018559643378533,0.4085976323297941,0.10446675300356713,-0.046127375789149785,0.24191422793773484,0.07190191026742712,-0.046251983629890005,0.18947929241573389,0.41831932460534277,0.27356779592806857,0.5604781256477279,529,consistent,"CZ,DE",TRUE,TRUE,FALSE,FALSE,weak but real
pha_cya,sco_rat,276,12,3,112,0.34923850849324495,0.20714373236120195,0.4797446015049029,0.22949191337853597,0.07094227398833089,0.37716016839051564,0.15937963184762036,0.019464558203037524,0.29230458997842207,-0.0058201577365656985,-0.16287612193041887,0.1595647310454102,0.33959383796254067,0.1791656800429288,0.4916135422212771,552,consistent,"CZ,DE,LT",TRUE,TRUE,TRUE,FALSE,"strong, beyond shared bad years"
pha_cya,sco_sco,138,6,2,24,0.03647298611798391,-0.20280735772451552,0.36344448932770534,0.05661862269707645,-0.15778544546360773,0.35269542429146244,0.13741475591554894,-0.09710424229240605,0.39253551694069655,0.08116935176299281,-0.04478312642832146,0.29511384040594846,0.2018726800416828,-0.018352794218448876,0.3857696644863793,368,inconsistent,"DE,LT",FALSE,FALSE,FALSE,FALSE,no clear link
pha_cya,tet_gab,358,16,3,133,0.14516863960167734,-0.04055185532948978,0.3406222607613587,0.1349720319302355,-0.05657489864285436,0.31180968867641917,0.14845945704409702,-0.006096301823438145,0.2935647813104609,0.09241572921055809,-0.0077831100914336915,0.18431785617965166,0.24611704070059923,0.04327110518692566,0.4098028041208713,718,inconsistent,"AT,CZ,DE",FALSE,FALSE,FALSE,FALSE,no clear link
pha_cya,tet_spp,184,8,1,59,0.145875328322962,-0.06179265181657602,0.4146798781763554,0.14831917216743132,-0.041842241753244906,0.3615893970824506,0.11084126925623036,0.00913367226672911,0.27010651663327523,-0.04583182979044875,-0.14658250639259504,0.06876812181520096,0.24778657678666516,-0.056974735564593544,0.5330517044944174,345,insufficient data,DE,FALSE,FALSE,TRUE,FALSE,no clear link
pha_cya,tha_pit,23,1,1,11,0.38795166376655693,NA,NA,0.6109339512084138,NA,NA,0.2458205207120196,NA,NA,0.40740073027713347,NA,NA,0.1717438591293667,0.11268316898773667,0.3419294168267979,345,insufficient data,DE,FALSE,FALSE,FALSE,FALSE,no clear link
pha_cya,tha_pro,230,10,1,95,0.12957864961418486,-0.06035155219327002,0.31049905446668985,0.18227771206141036,-0.07622401960155843,0.44614624652814594,0.024761609116967807,-0.13708111485187713,0.19286053673576992,0.0810413799959159,-0.03224258412981902,0.18690488770139463,0.46831150961674767,0.23624611093613343,0.7105577323919703,345,insufficient data,DE,FALSE,FALSE,FALSE,FALSE,no clear link
pha_cya,tom_spp,887,41,5,486,0.2878472325700574,0.1555552963733651,0.4221756007226796,0.2668157370160743,0.12728089954733807,0.40572575063861555,0.09861308232743904,0.01895540071506385,0.18030881993408837,0.08846241523046691,0.00213491563518147,0.16788159800667565,0.29685081544755854,0.10494442326130568,0.4841485789170421,1081,consistent,"AT,CZ,DE,LT,PL",TRUE,TRUE,TRUE,TRUE,weak but real
pha_cya,tor_vir,593,28,3,268,0.018753908372652946,-0.08503376839412947,0.13685900366458578,-0.012079607228894042,-0.11165563386997863,0.1001428474187938,-0.0069570971329698875,-0.09350169871850389,0.08909181251469223,0.08153912225217895,0.014298622055310205,0.1514890412246693,0.36535077726566734,0.21557314193358004,0.5185621955545321,708,inconsistent,"DE,LT,PL",FALSE,FALSE,FALSE,TRUE,no clear link
pha_cya,uro_sir_spp,92,4,1,8,0.21537837496359108,NA,NA,0.200057450934208,NA,NA,0.2406823680188197,NA,NA,0.18682863959432147,NA,NA,0.034819778782600334,-0.07154598771048884,0.13203234507623623,345,insufficient data,DE,FALSE,FALSE,FALSE,FALSE,no clear link
pha_cya,xyl_lin,230,10,1,122,0.026680925184946237,-0.1978115778261646,0.277845018824141,-0.04938268861963407,-0.32679135559998984,0.23467341375564105,-0.06133443107505791,-0.22047052722571267,0.10728850420496897,-0.01767009988544944,-0.1608207402231829,0.1613565295008553,0.5219048601536658,0.22902352632711903,0.7863212830060522,345,insufficient data,DE,FALSE,FALSE,FALSE,FALSE,no clear link
pha_cya,xyl_spp,253,11,1,118,0.2864029749936338,0.08391914166651093,0.5043974712845349,0.21169255492994424,-0.033497231036696176,0.4385562386393277,0.06261253916738146,-0.06931470417239374,0.21767483085456046,0.0503564123769073,-0.06997365856754283,0.18262879292141554,0.6287970408453769,0.39455960365807613,0.8467090069243122,345,insufficient data,DE,TRUE,FALSE,FALSE,FALSE,weak but real
pha_cya,zei_gri,184,8,2,69,-0.039492033826317004,-0.2507411148447072,0.16770757127673627,0.07782316763376174,-0.0700395182125963,0.21751345797564153,0.07076462468996199,-0.04146350142886265,0.1983566176235183,-0.04758456732207272,-0.17467257853320384,0.09421687055799452,0.25385102061225145,0.09489332226402127,0.40462193119228346,529,inconsistent,"CZ,DE",FALSE,FALSE,FALSE,FALSE,no clear link
pis_pin,pit_bid,115,5,1,43,0.4183824476545878,0.2122280247969579,0.6512884513707413,0.323604989474916,0.1521114165652993,0.507632605817442,0.1550971308766219,-0.053699015406623536,0.32733105500597404,0.03903548926645433,-0.1326950608010502,0.24057347716670116,0.6117549013798036,0.2525800174583693,0.8224171059574389,345,insufficient data,DE,TRUE,TRUE,FALSE,FALSE,"strong, beyond shared bad years"
pis_pin,pit_cha,184,8,2,80,0.43155102237460574,0.21378097944991134,0.6521246785893197,0.3634478902467035,0.19625576044711263,0.5575579826180531,0.11068144189905839,-0.02605949669858893,0.23294945618440957,0.2522493499529565,0.12545100917238072,0.3622209854855472,0.4226543518070049,0.22471347757361748,0.6392601709864928,368,consistent,"DE,LT",TRUE,TRUE,FALSE,TRUE,"strong, beyond shared bad years"
pis_pin,pit_spp,23,1,1,2,0.16778578762789031,NA,NA,0.1886221414884108,NA,NA,0.06224245314339192,NA,NA,0.2509243909618035,NA,NA,-0.17492646137574352,-0.31029348088602504,-0.01907107258327495,345,insufficient data,DE,FALSE,FALSE,FALSE,FALSE,no clear link
pis_pin,pol_pol,23,1,1,17,0.5437025759288647,NA,NA,0.5404959179979373,NA,NA,0.16030848792463878,NA,NA,0.16929165178591615,NA,NA,0.1628959413837504,NA,NA,23,insufficient data,LT,FALSE,FALSE,FALSE,FALSE,no clear link
pis_pin,pri_abi,138,6,1,24,0.17203170432508988,-0.08504929859984374,0.40122573558315816,0.11260893422106796,0.0010248725401368474,0.21839452344892057,0.066537600279915,-0.13707117670743213,0.27607698294800315,-0.06839242960549118,-0.2554873379151836,0.04766068493589132,0.3219917074679029,0.04976052411630781,0.5419962293031326,345,insufficient data,DE,FALSE,TRUE,FALSE,FALSE,no clear link
pis_pin,sap_car,23,1,1,1,0.08203379930183087,NA,NA,NA,NA,NA,NA,NA,NA,NA,NA,NA,0.11519089475978075,0.08247320148807798,0.18443643767376244,345,insufficient data,DE,FALSE,FALSE,FALSE,FALSE,no clear link
pis_pin,sco_int,115,5,1,36,0.22537551920105753,-0.009538378396824658,0.4362197500429818,0.31531148283674915,0.10829454071064704,0.4932269521415458,0.03709289609491413,-0.14359256922341565,0.18826146271081307,0.34795013303743677,0.13194793173006333,0.5688619418198105,0.47580311276912673,0.05311591863093316,0.6826849421084235,345,insufficient data,DE,FALSE,TRUE,FALSE,TRUE,no clear link
pis_pin,sco_rat,92,4,2,42,0.36348986828610524,NA,NA,0.47649409009804244,NA,NA,0.2760614051268903,NA,NA,0.04682829163501105,NA,NA,0.6479720294764192,0.22441272520429817,0.8015783952744132,368,consistent,"DE,LT",FALSE,FALSE,FALSE,FALSE,no clear link
pis_pin,sco_sco,115,5,2,23,0.2600752836446467,-0.043172509030474954,0.6726330608611731,0.21768312361485562,-0.020940353168233637,0.5356910515654719,0.06581579234920393,-0.11189516853515129,0.3322805041289298,0.09214147173755322,-0.07621325370029179,0.2928094519347475,0.4127964446197644,0.03967896517732484,0.6411180593140179,368,inconsistent,"DE,LT",FALSE,FALSE,FALSE,FALSE,no clear link
pis_pin,tet_gab,138,6,1,28,0.44438769006133133,0.16848799475003115,0.7283303817481576,0.36558775003755684,0.11088537216468204,0.6095379729151909,0.021614778885722774,-0.10432907827425428,0.18883664378652387,0.14766529201484094,0.019912509829772045,0.35051066175785955,0.19575508224910956,-0.02680179366296366,0.4884127372237861,345,insufficient data,DE,TRUE,TRUE,FALSE,TRUE,"strong, beyond shared bad years"
pis_pin,tet_spp,92,4,1,12,0.32143307968465457,NA,NA,0.14635955931246933,NA,NA,-0.09238893720114111,NA,NA,0.16200956021877508,NA,NA,-0.03640971211601123,-0.23876132319202042,0.2635160379818764,345,insufficient data,DE,FALSE,FALSE,FALSE,FALSE,no clear link
pis_pin,tha_pit,23,1,1,8,-0.15133556560130884,NA,NA,0.002808210228680315,NA,NA,-0.3190736604587956,NA,NA,-0.14499104136159796,NA,NA,0.25881348739844184,0.1699932785892526,0.42068367888331654,345,insufficient data,DE,FALSE,FALSE,FALSE,FALSE,no clear link
pis_pin,tha_pro,138,6,1,23,0.1018585202072589,-0.13095462605456787,0.36099539798249314,0.19445663826966453,-0.06716222757229937,0.4667258918802597,-0.05383232830904454,-0.24235066809290465,0.17266277591378815,0.2105498713682961,-0.0020495656793424115,0.4628909799635232,0.055401069646803004,-0.2465409974380334,0.36782325281303924,345,insufficient data,DE,FALSE,FALSE,FALSE,FALSE,no clear link
pis_pin,tom_spp,184,8,2,80,0.47459157788404155,0.2351741755120113,0.7479506264533852,0.39147621127622767,0.1227694319075508,0.6539200148651501,0.098237785329663,-0.03514743982313013,0.2445612567692361,0.2789361619799104,0.15172478721813287,0.4575539951469527,0.50067262463146045,0.2670733203377465,0.7439134918096674,368,inconsistent,"DE,LT",TRUE,TRUE,FALSE,TRUE,"strong, beyond shared bad years"
pis_pin,tor_vir,184,8,2,56,0.14612201449204124,-0.12525590981082166,0.4337657118851084,0.03510569939005553,-0.17898657519725164,0.3082604451701121,0.030028451372739795,-0.22564685732291936,0.29003052542128394,-0.041325384165165104,-0.13360704174333712,0.07960145753707343,0.41562213818815835,0.14190440557867326,0.6568459167122327,368,consistent,"DE,LT",FALSE,FALSE,FALSE,FALSE,no clear link
pis_pin,uro_sir_spp,46,2,1,1,-0.006111886103271918,NA,NA,-0.07091987963010046,NA,NA,0.3787178822904155,NA,NA,0.11552121703925844,NA,NA,-0.05297502189410826,-0.13404117687318007,0.11870081239769176,345,insufficient data,DE,FALSE,FALSE,FALSE,FALSE,no clear link
pis_pin,xyl_lin,138,6,1,53,0.21742164189690152,-0.033362575724646425,0.5005039338986483,0.19255696144258902,-0.06353994589965252,0.4236508148335368,-0.07726686784178821,-0.2291503465802153,0.1457176958154137,0.17058223452856022,-0.034189220642654845,0.36526473842012963,0.40582273033400484,0.05950651231322438,0.6768260729113917,345,insufficient data,DE,FALSE,FALSE,FALSE,FALSE,no clear link
pis_pin,xyl_spp,161,7,1,55,0.3833883761546389,0.10135892830267258,0.683849541496619,0.3363250003602539,0.04144190846744967,0.5892849088295914,0.16657942706790735,-0.01743786228866453,0.3382329738798783,0.22181193253312448,0.11505951084871738,0.3434196771075185,0.5110118135456407,0.19705174948389587,0.7414019640334467,345,insufficient data,DE,TRUE,TRUE,FALSE,TRUE,"strong, beyond shared bad years"
pis_pin,zei_gri,23,1,1,4,0.04548936441277936,NA,NA,-0.18584369347772084,NA,NA,-0.20193170525096427,NA,NA,-0.1510599642448981,NA,NA,0.23139297999505995,0.17442826588987512,0.3483339294410143,345,insufficient data,DE,FALSE,FALSE,FALSE,FALSE,no clear link
pit_bid,pit_cha,115,5,1,63,0.4343617702834948,0.2867398875831211,0.5974932515060484,0.2604047633308429,0.06797007729305242,0.4413179688995832,0.08197188515659766,-0.1745942428364934,0.30609938578326396,0.26707126600178194,0.13612185853262304,0.4051756350475191,0.3985849834753193,0.17032229370894367,0.6065058972417535,345,insufficient data,DE,TRUE,TRUE,FALSE,TRUE,"strong, beyond shared bad years"
pit_bid,pit_spp,23,1,1,1,0.18027932399395025,NA,NA,-0.003939247990406962,NA,NA,0.13770833966386706,NA,NA,0.15161956695735257,NA,NA,-0.19929939389757703,-0.35082944664391025,-0.03648628023708038,345,insufficient data,DE,FALSE,FALSE,FALSE,FALSE,no clear link
pit_bid,pol_pol,0,0,0,0,NA,NA,NA,NA,NA,NA,NA,NA,NA,NA,NA,NA,NA,NA,NA,0,insufficient data,NA,FALSE,FALSE,FALSE,FALSE,not enough data
pit_bid,pri_abi,115,5,1,30,0.05320308063758207,-0.08217626563770992,0.26146529540988905,-0.04582558613219691,-0.17673548960110697,0.10368725227532885,0.16324504454256702,-0.05289940671992959,0.32778721822249346,0.03254282833604063,-0.20257896494769276,0.24911855011038236,0.43900239008244596,0.0614210482986009,0.6484565236355406,345,insufficient data,DE,FALSE,FALSE,FALSE,FALSE,no clear link
pit_bid,sap_car,23,1,1,1,0.2762426839708649,NA,NA,NA,NA,NA,NA,NA,NA,NA,NA,NA,0.11297541665088852,0.0750354180450114,0.2133389794426272,345,insufficient data,DE,FALSE,FALSE,FALSE,FALSE,no clear link
pit_bid,sco_int,115,5,1,38,0.22852493148438127,0.050537580913679415,0.38237049895640196,0.31410930444899177,0.2250622448462398,0.40651529112841517,0.019572925318688414,-0.20276322763895463,0.26000341957443296,0.47697630656505924,0.38208209590767794,0.585696976754083,0.501223309608541,0.05574486481842159,0.6587866091511564,345,insufficient data,DE,TRUE,TRUE,FALSE,TRUE,weak but real
pit_bid,sco_rat,69,3,1,31,0.4613483122109086,NA,NA,0.45040139914867106,NA,NA,0.2097794708263593,NA,NA,0.07668348497163448,NA,NA,0.5816599979511976,0.2161797717960906,0.8408593762170642,345,insufficient data,DE,FALSE,FALSE,FALSE,FALSE,no clear link
pit_bid,sco_sco,92,4,1,18,0.2080301339631069,NA,NA,0.18863090471231328,NA,NA,-0.11801911917005226,NA,NA,0.0702986728816785,NA,NA,0.3606893034899306,-0.01098901098901099,0.6246610813216019,345,insufficient data,DE,FALSE,FALSE,FALSE,FALSE,no clear link
pit_bid,tet_gab,92,4,1,19,0.2958822072737022,NA,NA,0.19646259945531436,NA,NA,-0.14286617180197064,NA,NA,0.3152406320057668,NA,NA,0.03260081915994917,-0.212490073974333,0.3203702873821548,345,insufficient data,DE,FALSE,FALSE,FALSE,FALSE,no clear link
pit_bid,tet_spp,69,3,1,4,-0.006668287204101228,NA,NA,-0.08713933816710205,NA,NA,0.07976104850813126,NA,NA,-0.011268476062610099,NA,NA,-0.1866386836167103,-0.3376745035630846,-0.009504408657765891,345,insufficient data,DE,FALSE,FALSE,FALSE,FALSE,no clear link
pit_bid,tha_pit,23,1,1,7,0.20749572935287808,NA,NA,0.327208816305554,NA,NA,0.1483826404730385,NA,NA,0.21983034281720912,NA,NA,0.21049282007641779,0.1138064713150713,0.42570333189729515,345,insufficient data,DE,FALSE,FALSE,FALSE,FALSE,no clear link
pit_bid,tha_pro,92,4,1,18,-0.01783327705465471,NA,NA,0.09216933358129722,NA,NA,-0.08734195059495513,NA,NA,0.14788731832235297,NA,NA,-0.03561364064834466,-0.28716864038114304,0.29054440800800563,345,insufficient data,DE,FALSE,FALSE,FALSE,FALSE,no clear link
pit_bid,tom_spp,115,5,1,64,0.3980823426219632,0.14719616591726012,0.6103336235851146,0.3199314255854327,0.14215685002350914,0.5227735278462485,0.05745417934063111,-0.12323416428115143,0.2571614664786438,0.2974504364048499,0.07073530709184056,0.5148647438756052,0.48702337800751644,0.20518840223496015,0.7036066139669087,345,insufficient data,DE,TRUE,TRUE,FALSE,TRUE,"strong, beyond shared bad years"
pit_bid,tor_vir,115,5,1,56,0.29529278227271977,-0.01862531976475434,0.6001231135602815,0.23639711265600577,0.040739530678417644,0.400593423524081,-0.004441270912207017,-0.32293691500432453,0.24787808344141482,0.0816478419636788,-0.15704597960516348,0.2535622287123108,0.6011608977694052,0.3012697311029754,0.8065510520107608,345,insufficient data,DE,FALSE,TRUE,FALSE,FALSE,no clear link
pit_bid,uro_sir_spp,46,2,1,1,0.11832848278078659,NA,NA,-0.05228092970931647,NA,NA,0.189472559235333,NA,NA,0.05668212852728229,NA,NA,-0.05527708035719095,-0.15052818742464555,0.1159344525061133,345,insufficient data,DE,FALSE,FALSE,FALSE,FALSE,no clear link
pit_bid,xyl_lin,115,5,1,62,0.1729300942397273,-0.05934130454874656,0.4794644762336097,0.14942763582231902,-0.2192415788128775,0.44265130330405694,-0.07005577404312918,-0.3186680639886812,0.15127824211769691,0.09559789690413839,-0.062405777901268465,0.3205628759534855,0.5237148708073357,0.23662773522754219,0.7521315686522709,345,insufficient data,DE,FALSE,FALSE,FALSE,FALSE,no clear link
pit_bid,xyl_spp,115,5,1,61,0.2921792341093277,0.04489765137018905,0.582440501210819,0.12984355328431135,-0.2643023565421566,0.5070133335373609,0.18832730866421438,0.036473826202196136,0.30180842153336507,0.19307164243536962,-0.0899850807209122,0.5042196327092126,0.5865899116434992,0.2542115281266577,0.7662938197972547,345,insufficient data,DE,TRUE,FALSE,TRUE,FALSE,weak but real
pit_bid,zei_gri,23,1,1,2,-0.3778711320327924,NA,NA,-0.23677899725493032,NA,NA,-0.17974106301368642,NA,NA,-0.3394203699036661,NA,NA,0.08762729336722883,0.031713564497373045,0.19564980218084832,345,insufficient data,DE,FALSE,FALSE,FALSE,FALSE,no clear link
pit_cha,pit_spp,262,12,3,197,0.31562567503059846,0.1722245868797215,0.45000134828183447,0.2504761543318217,0.09077336816467725,0.395899369322733,0.16354175582962913,-0.00917393317165302,0.33620102675406544,0.014786201546381526,-0.12721184642095254,0.16573524705959625,0.35956179313202025,0.11263800357812212,0.568762718426467,557,consistent,"AT,DE,SI",TRUE,TRUE,FALSE,FALSE,"strong, beyond shared bad years"
pit_cha,pol_pol,23,1,1,17,0.6183597328246233,NA,NA,0.6835843118243207,NA,NA,0.3372747148563735,NA,NA,0.6457760066545745,NA,NA,0.39473684210526316,NA,NA,23,insufficient data,LT,FALSE,FALSE,FALSE,FALSE,no clear link
pit_cha,pri_abi,184,8,1,48,-0.010128895184766005,-0.15590641455894338,0.1666132623895374,0.004470514950403831,-0.14345341965082353,0.1896474350068709,-0.05912623047953549,-0.19340113103009776,0.12516232500522018,0.027735082319433824,-0.08555346897759508,0.15605503218983796,0.3235657460440464,0.16679862739676177,0.45739898431000464,345,insufficient data,DE,FALSE,FALSE,FALSE,FALSE,no clear link
pit_cha,sap_car,23,1,1,1,0.16067892468251915,NA,NA,NA,NA,NA,NA,NA,NA,NA,NA,NA,0.046732447131746666,0.032031106631923656,0.0907184891497062,345,insufficient data,DE,FALSE,FALSE,FALSE,FALSE,no clear link
pit_cha,sco_int,184,8,1,62,0.13824810076219993,-0.025346324747286417,0.2918081828906242,0.16537467202664213,-0.030898325908731344,0.3526240539715793,0.08759999310119967,-0.015594088751823708,0.2033898869995556,0.20929653008208787,0.13430970752147672,0.2879549371612929,0.38351849730253684,0.20151055262765263,0.5494335778959173,345,insufficient data,DE,FALSE,FALSE,FALSE,TRUE,no clear link
pit_cha,sco_rat,92,4,2,44,0.3255521694996514,NA,NA,0.38874867409963465,NA,NA,0.28161695736444603,NA,NA,0.06902390256454731,NA,NA,0.30913540803824485,0.11085072836755275,0.48606366680179186,368,consistent,"DE,LT",FALSE,FALSE,FALSE,FALSE,no clear link
pit_cha,sco_sco,138,6,2,27,0.06076952557841103,-0.15762766584516982,0.3495730864929544,0.07125533999070773,-0.11898264661118708,0.3284736808814106,0.029518264367144036,-0.1584374344493271,0.22171990091216193,0.032571795651519964,-0.12554781501388185,0.2630832238281857,0.2199171570130336,0.07949406295929261,0.369316860862282,368,consistent,"DE,LT",FALSE,FALSE,FALSE,FALSE,no clear link
pit_cha,tet_gab,333,15,2,159,0.2113280107582787,0.024789141763873805,0.406164645702717,0.18652214016803562,0.002943513134241929,0.38271006588161965,0.043926473388361746,-0.09109749433723055,0.1813923706442425,-0.1370764912236814,-0.25630538742739606,-0.01408748852773892,0.3399996492342092,0.13432249580980374,0.5266969712269821,534,consistent,"AT,DE",TRUE,TRUE,FALSE,TRUE,weak but real
pit_cha,tet_spp,184,8,1,68,0.14433685344952601,-0.08370304883016723,0.4302120594990637,0.0751785597562354,-0.14827901877705027,0.3546376856770013,0.12957189107803674,-0.05775109103660484,0.35130955163119626,-0.06785911939367226,-0.17370720937947118,0.0442919677746154,0.32847044378578066,0.13817353336813037,0.5527172199154997,345,insufficient data,DE,FALSE,FALSE,FALSE,FALSE,no clear link
pit_cha,tha_pit,23,1,1,11,0.415623705184031,NA,NA,0.6214259923138733,NA,NA,0.3869187090538969,NA,NA,0.21737789802826615,NA,NA,0.15729714996088517,0.10700353609356537,0.3215227827508635,345,insufficient data,DE,FALSE,FALSE,FALSE,FALSE,no clear link
pit_cha,tha_pro,230,10,1,92,-0.03795836670418357,-0.269176701318287,0.20154369951635992,0.03167816473065048,-0.2613085127081003,0.30968350087787383,0.09237304151702953,-0.08341741869571327,0.2472088420443928,0.019833914743669613,-0.10864258736071054,0.14694762648580684,0.3748955978228824,0.14922840782118668,0.6046524651293739,345,insufficient data,DE,FALSE,FALSE,FALSE,FALSE,no clear link
pit_cha,tom_spp,444,20,3,325,0.3371010577556004,0.17933389429565844,0.5051824272937698,0.3226214386273922,0.1767968020214934,0.4696087944786254,0.08476554084767576,-0.04039206819540494,0.2231791660017053,0.0060405836117134815,-0.10516285692001709,0.11879323395564916,0.6738113983253318,0.4600391559104071,0.8574154696485431,557,inconsistent,"AT,DE,LT",TRUE,TRUE,FALSE,FALSE,"strong, beyond shared bad years"
pit_cha,tor_vir,253,11,2,112,0.11812625782433,-0.11171685734853296,0.35596018439091065,0.15762698057922836,-0.010377091982001367,0.3459660416332728,0.04273970242025115,-0.07136840208946797,0.15808817392197927,-0.07562151735610181,-0.20749902505790088,0.07539270968384733,0.5053750798386302,0.28934769626284373,0.6915748005129763,368,inconsistent,"DE,LT",FALSE,FALSE,FALSE,FALSE,no clear link
pit_cha,uro_sir_spp,92,4,1,11,0.17764580846896885,NA,NA,0.20002435748762598,NA,NA,0.10431422867383125,NA,NA,-0.0018406681461693795,NA,NA,0.11000450494589424,0.0402817294877579,0.19493393317527358,345,insufficient data,DE,FALSE,FALSE,FALSE,FALSE,no clear link
pit_cha,xyl_lin,230,10,1,138,0.11529754035762718,-0.11132961608193587,0.34568562726424823,0.09633960731364875,-0.15768161922106122,0.3306407708972293,-0.053122142044544976,-0.16816817088013783,0.06954857395383734,0.09174857379548977,-0.02410144347029011,0.21166313565558445,0.6402460220445186,0.4029567531754982,0.8497008209319115,345,insufficient data,DE,FALSE,FALSE,FALSE,FALSE,no clear link
pit_cha,xyl_spp,253,11,1,118,0.22615246625169083,0.03636451824348584,0.42397347718644923,0.1924921729141541,0.009775497565462284,0.37719717196160213,0.12119023935485443,0.009497641476009299,0.24501846086633775,0.18732497831601047,0.09133805783324002,0.27635224018395604,0.5680554718026111,0.32936955060111156,0.7802428641173007,345,insufficient data,DE,TRUE,TRUE,TRUE,TRUE,weak but real
pit_cha,zei_gri,23,1,1,4,-0.08515120707103326,NA,NA,-0.06099757689146905,NA,NA,-0.11187488568366066,NA,NA,0.17889135441580753,NA,NA,0.093875129860108,0.06385984011008507,0.18270250916895836,345,insufficient data,DE,FALSE,FALSE,FALSE,FALSE,no clear link
pit_spp,pol_pol,184,8,1,119,0.130965943995909,-0.15057395284937097,0.4140290832282919,0.07111359880492836,-0.12729875993136058,0.32372655581993376,0.19151372539916164,0.05096261359625382,0.3586780812040736,-0.02692687985910457,-0.20323307742521984,0.1366328038783592,0.568951339410361,0.27344355090020417,0.7020361920255203,184,insufficient data,CZ,FALSE,FALSE,TRUE,FALSE,no clear link
pit_spp,pri_abi,230,10,2,90,-0.3893076355577473,-0.5383556340533643,-0.21445935470431118,-0.2477407517612625,-0.351575459652848,-0.09969906319051143,-0.13833487665063882,-0.4696105831529126,0.20942321809630088,-0.16012912301665683,-0.2696903909131945,-0.030140183584790554,0.2920969133689131,0.07192298082596617,0.5098213407379045,529,consistent,"CZ,DE",TRUE,TRUE,FALSE,TRUE,"strong, beyond shared bad years"
pit_spp,sap_car,0,0,0,0,NA,NA,NA,NA,NA,NA,NA,NA,NA,NA,NA,NA,-0.024738534799764674,-0.05479077591239225,-0.011088448906400886,345,insufficient data,NA,FALSE,FALSE,FALSE,FALSE,not enough data
pit_spp,sco_int,253,11,2,92,0.2044168697000314,0.04660611565006822,0.3858457645904235,0.09554115262003851,-0.05598469923268696,0.25230832829175703,0.1372172971273043,0.03354925914301237,0.257468176130133,-0.07352350935812696,-0.17989332529624483,0.054602755267506936,0.3203317616310198,0.0950745107302942,0.5166055789487678,529,consistent,"CZ,DE",TRUE,FALSE,TRUE,FALSE,weak but real
pit_spp,sco_rat,184,8,1,72,0.4080050912537393,0.21361658880178463,0.5828471452427273,0.09385319505966273,-0.09789898548895559,0.3120715992501161,0.16193245559972447,-0.07015399054509641,0.3824489294678079,-0.03714701843382205,-0.17529114867086712,0.09880115225167445,0.28522549225838023,0.019490361184752163,0.5314780231488868,529,insufficient data,CZ,TRUE,FALSE,FALSE,FALSE,"strong, mostly shared bad years"
pit_spp,sco_sco,23,1,1,2,-0.24660806558417117,NA,NA,-0.2580021481343389,NA,NA,-0.8077458635531909,NA,NA,0.07700321805016241,NA,NA,-0.07675195584705098,-0.18814706523136732,0.07991703758698274,345,insufficient data,DE,FALSE,FALSE,FALSE,FALSE,no clear link
pit_spp,tet_gab,220,10,3,109,0.09343213981213513,-0.12397086336976425,0.2937498822192926,-0.02191826175743695,-0.2265794040080285,0.19822802947780882,-0.0857288085840926,-0.23638763832985701,0.06300768464220327,-0.03150462997170885,-0.205866024980899,0.15298736825389958,0.20571466575419536,-0.04080448569657168,0.4287421523168926,718,inconsistent,"AT,CZ,DE",FALSE,FALSE,FALSE,FALSE,no clear link
pit_spp,tet_spp,92,4,1,37,0.1830318375862749,NA,NA,0.14733140026291386,NA,NA,0.10831340421082332,NA,NA,0.15402978847998136,NA,NA,0.4284291744462169,0.009023162248552964,0.7550506636420098,345,insufficient data,DE,FALSE,FALSE,FALSE,FALSE,no clear link
pit_spp,tha_pit,23,1,1,23,0.0395373576969938,NA,NA,0.2594468771441311,NA,NA,-0.19380039379788067,NA,NA,0.428269449037451,NA,NA,0.34423808230787567,-0.14769368840223607,0.7938841860374447,368,insufficient data,HR,FALSE,FALSE,FALSE,FALSE,no clear link
pit_spp,tha_pro,92,4,1,49,0.16531744195920015,NA,NA,-0.03992086242462603,NA,NA,0.035017534538298534,NA,NA,-0.28408552324146225,NA,NA,0.4941991575996318,0.21844589354291133,0.6946545158226849,345,insufficient data,DE,FALSE,FALSE,FALSE,FALSE,no clear link
pit_spp,tom_spp,402,18,3,294,0.3528813147678372,0.13274109791304645,0.5290970907093596,0.2850345319761238,0.19919756313538114,0.3705892264073251,0.07113729471469236,-0.020711514219230967,0.15974170214344385,0.09572876165362654,0.007036090134496364,0.1991019425864076,0.45970473628185443,0.25567468418747785,0.6436525840554601,718,inconsistent,"AT,CZ,DE",TRUE,TRUE,FALSE,TRUE,"strong, beyond shared bad years"
pit_spp,tor_vir,69,3,1,24,-0.09425909217331976,NA,NA,0.07462334969382783,NA,NA,-0.01259974720599904,NA,NA,0.02548808431564484,NA,NA,0.1017173282271746,-0.1719498203572676,0.453161442944209,345,insufficient data,DE,FALSE,FALSE,FALSE,FALSE,no clear link
pit_spp,uro_sir_spp,46,2,1,3,0.18953046743086874,NA,NA,0.21994217784367245,NA,NA,0.25981257038249705,NA,NA,0.06496538831060902,NA,NA,0.029682563614069502,-0.05462005985730856,0.20253437666182178,345,insufficient data,DE,FALSE,FALSE,FALSE,FALSE,no clear link
pit_spp,xyl_lin,92,4,1,31,0.24674766441230933,NA,NA,0.004924338218378052,NA,NA,0.11254473267805554,NA,NA,-0.047715511764309625,NA,NA,0.08404501409596803,-0.2548306283352214,0.4430611406841692,345,insufficient data,DE,FALSE,FALSE,FALSE,FALSE,no clear link
pit_spp,xyl_spp,92,4,1,32,0.24118365152927246,NA,NA,0.038333447450784534,NA,NA,-0.009148163178406391,NA,NA,-0.03679506088111431,NA,NA,0.16324461347239363,-0.12487261251423509,0.5190381478704377,345,insufficient data,DE,FALSE,FALSE,FALSE,FALSE,no clear link
pit_spp,zei_gri,161,7,1,58,-0.020617565990020396,-0.1588013247793657,0.1466151312530071,0.14600812189071463,-0.023277872280696176,0.3138590352731448,-0.008688526327084223,-0.09519002595264667,0.09240738636291541,0.07112383117660932,-0.0711512926826711,0.17823181994654627,0.3489578074215483,0.11393577108024538,0.5667499208470779,529,insufficient data,CZ,FALSE,FALSE,FALSE,FALSE,no clear link
pol_pol,pri_abi,161,7,1,87,-0.037121419679986355,-0.2520536679128573,0.20122541450989023,-0.08207593246634141,-0.262547956115952,0.1142436293793329,-0.14643002007756684,-0.23746835974879127,-0.05033222500722705,-0.0030184138427624854,-0.18725381314955755,0.23378688969601003,0.09604655269703728,-0.21784229647665457,0.39504472701954285,184,insufficient data,CZ,FALSE,FALSE,TRUE,FALSE,no clear link
pol_pol,sap_car,0,0,0,0,NA,NA,NA,NA,NA,NA,NA,NA,NA,NA,NA,NA,NA,NA,NA,0,insufficient data,NA,FALSE,FALSE,FALSE,FALSE,not enough data
pol_pol,sco_int,184,8,1,84,0.17847978028893166,-0.12256788466497337,0.40094138538397994,0.1129597888271306,-0.05503019511358782,0.27341718381053,-0.041618087955037214,-0.2432131541887849,0.12232443097708767,0.002545349091644372,-0.12994272876344076,0.11740978058143128,0.35667742507187783,0.12317026905856085,0.48789316630354834,184,insufficient data,CZ,FALSE,FALSE,FALSE,FALSE,no clear link
pol_pol,sco_rat,207,9,2,79,0.20927121449987235,-0.05405240037462038,0.4666062661854972,0.18827903733895304,0.004165045302167803,0.3479372994119023,0.1203216030130812,-0.0927742885284766,0.30894835901367446,0.04975511348817712,-0.10335548464009126,0.20168748561431943,0.2481102867574193,-0.011367903608954386,0.4456325171830833,207,consistent,"CZ,LT",FALSE,TRUE,FALSE,FALSE,no clear link
pol_pol,sco_sco,23,1,1,1,0.1292409422107587,NA,NA,-0.017362066542345928,NA,NA,-0.026685625400896477,NA,NA,-0.48266159978939266,NA,NA,0.09782319760890369,NA,NA,23,insufficient data,LT,FALSE,FALSE,FALSE,FALSE,no clear link
pol_pol,tet_gab,46,2,1,4,-0.2513555305339332,NA,NA,-0.24968008274338999,NA,NA,-0.03821326847220801,NA,NA,0.042102048536147706,NA,NA,0.0810726214763754,0.034519262808358424,0.1260568482035686,184,insufficient data,CZ,FALSE,FALSE,FALSE,FALSE,no clear link
pol_pol,tet_spp,0,0,0,0,NA,NA,NA,NA,NA,NA,NA,NA,NA,NA,NA,NA,NA,NA,NA,0,insufficient data,NA,FALSE,FALSE,FALSE,FALSE,not enough data
pol_pol,tha_pit,0,0,0,0,NA,NA,NA,NA,NA,NA,NA,NA,NA,NA,NA,NA,NA,NA,NA,0,insufficient data,NA,FALSE,FALSE,FALSE,FALSE,not enough data
pol_pol,tha_pro,0,0,0,0,NA,NA,NA,NA,NA,NA,NA,NA,NA,NA,NA,NA,NA,NA,NA,0,insufficient data,NA,FALSE,FALSE,FALSE,FALSE,not enough data
pol_pol,tom_spp,207,9,2,151,0.12900187849990705,-0.13962423016459047,0.4011013713572815,0.14184315413276977,-0.15105857620596727,0.43536696207028847,0.05534946654119285,-0.1475292680026331,0.1993151571790057,0.0705201543528783,-0.07476214529929555,0.2301661576574383,0.31455704702228776,-0.07285331033603717,0.5497053727495258,207,inconsistent,"CZ,LT",FALSE,FALSE,FALSE,FALSE,no clear link
pol_pol,tor_vir,23,1,1,13,0.3738754014462137,NA,NA,0.07106623960411135,NA,NA,0.3103480754994888,NA,NA,0.32070751923262064,NA,NA,0.14659886790209345,NA,NA,23,insufficient data,LT,FALSE,FALSE,FALSE,FALSE,no clear link
pol_pol,uro_sir_spp,0,0,0,0,NA,NA,NA,NA,NA,NA,NA,NA,NA,NA,NA,NA,NA,NA,NA,0,insufficient data,NA,FALSE,FALSE,FALSE,FALSE,not enough data
pol_pol,xyl_lin,0,0,0,0,NA,NA,NA,NA,NA,NA,NA,NA,NA,NA,NA,NA,NA,NA,NA,0,insufficient data,NA,FALSE,FALSE,FALSE,FALSE,not enough data
pol_pol,xyl_spp,0,0,0,0,NA,NA,NA,NA,NA,NA,NA,NA,NA,NA,NA,NA,NA,NA,NA,0,insufficient data,NA,FALSE,FALSE,FALSE,FALSE,not enough data
pol_pol,zei_gri,161,7,1,58,-0.1448021470525006,-0.28916546856257863,-6.839535588042171e-4,-0.09668356186642245,-0.26228512009338006,0.10864805115893834,-0.03196520718788648,-0.19386022973192243,0.15309010385811384,-0.008648461529497112,-0.13678371322724966,0.12736580038579562,0.06460021108153456,-0.23497042530566542,0.33256704879486415,184,insufficient data,CZ,TRUE,FALSE,FALSE,FALSE,weak but real
pri_abi,sap_car,23,1,1,0,-0.06689979691855438,NA,NA,NA,NA,NA,NA,NA,NA,NA,NA,NA,-0.022197025087686815,-0.04775236546330266,-0.014071190994818879,345,insufficient data,DE,FALSE,FALSE,FALSE,FALSE,no clear link
pri_abi,sco_int,299,13,2,69,-0.16232401174226802,-0.30230481596421904,-0.01918435970884949,-0.08238645437412392,-0.24877705967319405,0.06009289133421288,-0.1291040562951464,-0.24596393706633504,0.00844338139722706,-0.005651735816436747,-0.12554685218737952,0.10943723826907824,0.20604497074511469,0.022821624595521076,0.3752517809747722,529,consistent,"CZ,DE",TRUE,FALSE,FALSE,FALSE,weak but real
pri_abi,sco_rat,230,10,2,63,-0.22199405349296994,-0.4311031075575459,-0.017023849061876827,0.02357177031551123,-0.16893827480923318,0.17183759174921676,-0.0985049620606385,-0.284860597796875,0.10094766389223692,-0.09222532126960295,-0.24730573371395015,0.060877349057727105,0.2753831643080615,0.0745408890743254,0.45795018526318815,529,inconsistent,"CZ,DE",TRUE,FALSE,FALSE,FALSE,weak but real
pri_abi,sco_sco,92,4,1,8,0.2963606629380736,NA,NA,0.17870780923668178,NA,NA,-0.11233553187069137,NA,NA,0.1378721178426589,NA,NA,0.1252932459076051,-0.014864018091674527,0.28854640034832363,345,insufficient data,DE,FALSE,FALSE,FALSE,FALSE,no clear link
pri_abi,tet_gab,184,8,2,18,0.22921920994177877,0.010589847177316595,0.40760930167738374,0.13403070552476481,-0.15912963893844131,0.3408530135550428,0.07482189785160431,-0.13061491539639233,0.26280703200812444,0.060470859039618574,-0.0970957596771046,0.24667378518772146,-0.11437887241961357,-0.25364342189941824,0.0416362752343309,529,inconsistent,"CZ,DE",TRUE,FALSE,FALSE,FALSE,weak but real
pri_abi,tet_spp,115,5,1,6,0.04941210102977778,-0.09528456442460724,0.22967946542817066,-0.012974650546011945,-0.3057124898600136,0.22576072918383586,-0.02719341098210793,-0.19266154821438752,0.17425791793476667,0.0743064414010816,-0.10501980915804164,0.2875090200442158,-0.10441241660646657,-0.2319378862913515,0.036739029075796695,345,insufficient data,DE,FALSE,FALSE,FALSE,FALSE,no clear link
pri_abi,tha_pit,23,1,1,0,-0.2726532185868306,NA,NA,0.19354219223891994,NA,NA,0.038168374842169076,NA,NA,0.380118918113371,NA,NA,-0.07471315966099942,-0.16559930110351612,-0.04730432407242329,345,insufficient data,DE,FALSE,FALSE,FALSE,FALSE,no clear link
pri_abi,tha_pro,161,7,1,18,-0.05983429407536036,-0.23680794294244872,0.13092862306300368,0.11699072932199246,-0.04508080624259486,0.3147779442021246,-0.034163240701077936,-0.14486933368310825,0.09496844346624,0.11720271223464099,-0.008068887102484188,0.25648304824109963,0.03901650211353312,-0.15089434266170815,0.26457277266104595,345,insufficient data,DE,FALSE,FALSE,FALSE,FALSE,no clear link
pri_abi,tom_spp,345,15,2,148,-0.054403767694148085,-0.24870976712699772,0.12181759033942019,-0.028494522286248235,-0.17316205589960176,0.10820571547581499,-0.07723620356836447,-0.18480091650669278,0.02798049034000517,-0.10262994415071564,-0.21222107241797006,0.003965770251054941,0.4130233764171088,0.24446562248050085,0.572126600956222,529,inconsistent,"CZ,DE",FALSE,FALSE,FALSE,FALSE,no clear link
pri_abi,tor_vir,161,7,1,43,0.09161002773430094,-0.11988338648740246,0.2859027459827651,-0.07211212403382221,-0.18713411240199027,0.030022741090329437,0.11181260714339654,-0.0533438234171349,0.2670908077920231,-0.21830004213342763,-0.35927749840274015,-0.062483233847125993,0.5050999430611319,0.2947478836087042,0.5910635364947564,345,insufficient data,DE,FALSE,FALSE,FALSE,TRUE,no clear link
pri_abi,uro_sir_spp,69,3,1,3,0.0416870208408851,NA,NA,0.05172262353337982,NA,NA,0.10423779372096623,NA,NA,0.0992360555709832,NA,NA,0.04825296463920054,-0.06577529019876896,0.20871316828185255,345,insufficient data,DE,FALSE,FALSE,FALSE,FALSE,no clear link
pri_abi,xyl_lin,184,8,1,45,0.15406291978712452,-0.044519062525688484,0.3565341120815106,0.09858619927008211,-0.036605025089897,0.23425068060349152,-0.07792536418556562,-0.16383628696879748,0.014823538868834049,0.030721551345560677,-0.11481549866654656,0.15244647163663827,0.3945485836311421,0.1647190512731498,0.5477453560352107,345,insufficient data,DE,FALSE,FALSE,FALSE,FALSE,no clear link
pri_abi,xyl_spp,184,8,1,45,0.1359588825238368,0.008600229553077614,0.27157909952951603,0.0856587314684176,-0.01734671421785611,0.18818786819588554,-0.00939060937254306,-0.1533510983223006,0.11098345821587272,-0.08271743531186328,-0.2325379107015012,0.06508487162247255,0.4605232503344574,0.22832845178538877,0.5967141169203611,345,insufficient data,DE,TRUE,FALSE,FALSE,FALSE,weak but real
pri_abi,zei_gri,161,7,2,51,-0.17291216853200186,-0.4036636319754595,0.05080553855189566,0.029521248198493995,-0.15576795609976202,0.22461356329280438,-0.03606409814049991,-0.18291664532811305,0.10770431238383847,-0.10566492806725293,-0.24623750744283612,0.01761077484567092,0.33325710318990226,0.08070734133581216,0.5373224957728729,529,inconsistent,"CZ,DE",FALSE,FALSE,FALSE,FALSE,no clear link
sap_car,sco_int,23,1,1,1,0.19236201758772603,NA,NA,NA,NA,NA,NA,NA,NA,NA,NA,NA,0.11297541665088852,0.08875229147639276,0.17164325976746017,345,insufficient data,DE,FALSE,FALSE,FALSE,FALSE,no clear link
sap_car,sco_rat,23,1,1,1,0.2536007562385222,NA,NA,NA,NA,NA,NA,NA,NA,NA,NA,NA,0.15555904738032125,0.11190335723100832,0.2173439028199854,345,insufficient data,DE,FALSE,FALSE,FALSE,FALSE,no clear link
sap_car,sco_sco,23,1,1,0,-0.2247083218876505,NA,NA,NA,NA,NA,NA,NA,NA,NA,NA,NA,-0.015710467216691542,-0.042397756187990916,-0.012274627391290071,345,insufficient data,DE,FALSE,FALSE,FALSE,FALSE,no clear link
sap_car,tet_gab,23,1,1,1,0.3376767787549809,NA,NA,NA,NA,NA,NA,NA,NA,NA,NA,NA,0.08941021220482383,0.06369972557837035,0.18333969940564224,345,insufficient data,DE,FALSE,FALSE,FALSE,FALSE,no clear link
sap_car,tet_spp,23,1,1,0,-0.07479526688260059,NA,NA,NA,NA,NA,NA,NA,NA,NA,NA,NA,-0.029141536699750236,-0.06332111759417391,-0.01723945765864079,345,insufficient data,DE,FALSE,FALSE,FALSE,FALSE,no clear link
sap_car,tha_pit,23,1,1,1,0.30712838660682645,NA,NA,NA,NA,NA,NA,NA,NA,NA,NA,NA,0.2970965916634061,0.28327595720172294,0.29709659166340613,345,insufficient data,DE,FALSE,FALSE,FALSE,FALSE,no clear link
sap_car,tha_pro,23,1,1,0,-0.24827081762145595,NA,NA,NA,NA,NA,NA,NA,NA,NA,NA,NA,-0.0366419034641455,-0.08567685057252453,-0.02398622828388869,345,insufficient data,DE,FALSE,FALSE,FALSE,FALSE,no clear link
sap_car,tom_spp,23,1,1,1,0.07976752604516332,NA,NA,NA,NA,NA,NA,NA,NA,NA,NA,NA,0.05502166904912235,0.03860967617531948,0.10437342213659806,345,insufficient data,DE,FALSE,FALSE,FALSE,FALSE,no clear link
sap_car,tor_vir,23,1,1,0,-0.21548151620876924,NA,NA,NA,NA,NA,NA,NA,NA,NA,NA,NA,-0.03517480577584532,-0.07327846029409076,-0.023954665133644987,345,insufficient data,DE,FALSE,FALSE,FALSE,FALSE,no clear link
sap_car,uro_sir_spp,0,0,0,0,NA,NA,NA,NA,NA,NA,NA,NA,NA,NA,NA,NA,-0.010668992578204887,-0.023844307646637558,-0.004117074412173107,345,insufficient data,NA,FALSE,FALSE,FALSE,FALSE,not enough data
sap_car,xyl_lin,23,1,1,1,-0.2883484644918905,NA,NA,NA,NA,NA,NA,NA,NA,NA,NA,NA,0.06257411362736665,0.04400619322130648,0.11574259375186734,345,insufficient data,DE,FALSE,FALSE,FALSE,FALSE,no clear link
sap_car,xyl_spp,23,1,1,1,-0.15711827670663825,NA,NA,NA,NA,NA,NA,NA,NA,NA,NA,NA,0.07152816976385906,0.04984973670002948,0.12516139451525213,345,insufficient data,DE,FALSE,FALSE,FALSE,FALSE,no clear link
sap_car,zei_gri,0,0,0,0,NA,NA,NA,NA,NA,NA,NA,NA,NA,NA,NA,NA,-0.005839472060845606,-0.014495608269481172,-0.005839472060845606,345,insufficient data,NA,FALSE,FALSE,FALSE,FALSE,not enough data
sco_int,sco_rat,253,11,2,92,0.43571267708369443,0.20740126553721075,0.6307881164231077,0.36068165608706193,0.19480600208164386,0.5280835967559531,0.2520361605225376,0.11516313554537183,0.3644466192858082,0.06299827093520273,-0.03902299192371864,0.17544488879543685,0.572922149955427,0.4015859061260766,0.7043831026263819,529,consistent,"CZ,DE",TRUE,TRUE,TRUE,FALSE,"strong, beyond shared bad years"
sco_int,sco_sco,115,5,1,16,0.05727300257621063,-0.14883483617045073,0.35170004636124613,0.08068081140395024,-0.18300777241870025,0.36236815127050676,0.10091057208480213,-0.07206381281038172,0.3343783239759412,0.1563701280530538,0.0034362845588143294,0.27882262708560235,0.30516149907046336,-0.0461010890197187,0.5392489036319655,345,insufficient data,DE,FALSE,FALSE,FALSE,TRUE,no clear link
sco_int,tet_gab,207,9,2,35,0.14150656647921508,-0.1057032576598635,0.41280086541819133,0.17903129403566262,-0.00891553754710095,0.41098417838228496,0.04421531352506919,-0.04329259363402078,0.15323228503385403,0.1101077523704093,-0.05791631487618262,0.29955507520819996,0.07404968242495603,-0.07862080817798059,0.2310323155658859,529,inconsistent,"CZ,DE",FALSE,FALSE,FALSE,FALSE,no clear link
sco_int,tet_spp,138,6,1,17,-0.1633641873350131,-0.28089757696862333,-0.003427957016134826,-0.09490380821594556,-0.18767732049506178,0.032978802138136885,0.028183091528373262,-0.1532823868893473,0.17842262211847734,0.07075244696564245,-0.09748290921440461,0.23047675605209358,0.04510951572463679,-0.11053139703412063,0.25126159802609377,345,insufficient data,DE,TRUE,FALSE,FALSE,FALSE,weak but real
sco_int,tha_pit,23,1,1,10,0.08789146246312574,NA,NA,0.03202068809375306,NA,NA,0.10938602309849178,NA,NA,-0.008734356589357397,NA,NA,0.337821907615338,0.2615522471615287,0.5310299952835696,345,insufficient data,DE,FALSE,FALSE,FALSE,FALSE,no clear link
sco_int,tha_pro,161,7,1,33,0.127151222308722,0.00901402004209932,0.24502973482805124,0.09555896620814047,-0.1831166693498996,0.3718305836981552,0.004217457804934799,-0.1772750011939571,0.22418298287347896,0.18938650932584125,-0.042726075181784486,0.4703266658835061,0.20498765224353996,-0.04061585083231541,0.4176552493989419,345,insufficient data,DE,TRUE,FALSE,FALSE,FALSE,weak but real
sco_int,tom_spp,368,16,2,153,0.1513395669561561,0.011056116203568752,0.28054836388099297,0.1462334466317737,-0.02711358545669188,0.31070765748220536,0.09283334010249635,0.0011633591953024523,0.18602622043770453,0.13651918793280413,0.033105612492840095,0.2661304673132459,0.47467851208550116,0.3514891281784485,0.5823302638454296,529,consistent,"CZ,DE",TRUE,FALSE,TRUE,TRUE,weak but real
sco_int,tor_vir,161,7,1,37,0.03106633550703826,-0.2031783589526563,0.26788246573719554,0.08946590722793364,-0.11402073089482159,0.2948162297353739,0.059931395096203245,-0.054759146844896994,0.19063907307940417,0.07508904093546195,-0.02852464546442884,0.1688882057241406,0.29155925690843326,8.542985841751897e-4,0.4920370331693248,345,insufficient data,DE,FALSE,FALSE,FALSE,FALSE,no clear link
sco_int,uro_sir_spp,92,4,1,5,0.12056864515565222,NA,NA,0.15224193899095648,NA,NA,0.050253631745604564,NA,NA,-0.036627868702448836,NA,NA,0.10136023153792921,-0.04249859220785786,0.2618914186834398,345,insufficient data,DE,FALSE,FALSE,FALSE,FALSE,no clear link
sco_int,xyl_lin,184,8,1,51,-0.007317605651569363,-0.1718813382495748,0.1756324596062438,0.05136828872515962,-0.12170360142287567,0.24377873313389614,-0.07445882347711724,-0.26271081417826014,0.11532814875265224,0.044916412248536805,-0.08956416388908389,0.17001646367340814,0.3578412324569903,0.05333086901720511,0.5956216363374776,345,insufficient data,DE,FALSE,FALSE,FALSE,FALSE,no clear link
sco_int,xyl_spp,184,8,1,48,0.13494794262307708,-0.06393932728065203,0.34289292506360713,0.22214850186215354,-0.0035493215635004714,0.40964788996706336,0.01338126475802701,-0.12272814685020753,0.17877342378845879,-0.017904001585869647,-0.1744022805223946,0.12569357569044998,0.38491449932298605,0.07808078587843016,0.6109666428366647,345,insufficient data,DE,FALSE,FALSE,FALSE,FALSE,no clear link
sco_int,zei_gri,184,8,2,43,-0.005026221841110531,-0.18578092952867897,0.19055238505369182,0.05944061787492932,-0.10361569668018908,0.2650631066168897,-0.01961109353090839,-0.10240078877969386,0.049656299321987826,0.04650555010954989,-0.1196508949374538,0.20756692470796934,0.24548801607650006,0.05893294148207,0.41587407839169144,529,inconsistent,"CZ,DE",FALSE,FALSE,FALSE,FALSE,no clear link
sco_rat,sco_sco,92,4,2,16,0.046619093233399515,NA,NA,0.1170163668093828,NA,NA,-0.06562575628017578,NA,NA,0.12602718564814758,NA,NA,0.3996645737321202,-0.00501119697686956,0.6232849705752255,368,inconsistent,"DE,LT",FALSE,FALSE,FALSE,FALSE,no clear link
sco_rat,tet_gab,115,5,2,18,0.05771493817705466,-0.15286505533694605,0.32531791373775204,0.11291888348234914,-0.0028744776206109366,0.274370023523451,0.12252891289950318,0.06800445184254032,0.20871050325403834,0.14427149671231174,0.054411008901979585,0.2900192935689902,-0.040223167425520415,-0.23034499660285795,0.20030310167764753,529,inconsistent,"CZ,DE",FALSE,FALSE,TRUE,TRUE,no clear link
sco_rat,tet_spp,46,2,1,2,-0.31027070725386074,NA,NA,-0.1383979333348233,NA,NA,0.07520157312097389,NA,NA,0.08980798388026816,NA,NA,-0.14254539227388133,-0.27710458354338957,-0.025718996470797263,345,insufficient data,DE,FALSE,FALSE,FALSE,FALSE,no clear link
sco_rat,tha_pit,23,1,1,9,0.3376629381122109,NA,NA,0.014053567829270428,NA,NA,-0.12202656132048793,NA,NA,-0.09073205208924894,NA,NA,0.41696168498751685,0.29227564727142125,0.5903635874995452,345,insufficient data,DE,FALSE,FALSE,FALSE,FALSE,no clear link
sco_rat,tha_pro,46,2,1,14,0.2139351897881134,NA,NA,0.4074790077011401,NA,NA,-0.21184483658343606,NA,NA,0.48421836558094017,NA,NA,0.04654926743039951,-0.21697034342068855,0.3055412380875113,345,insufficient data,DE,FALSE,FALSE,FALSE,FALSE,no clear link
sco_rat,tom_spp,276,12,3,125,0.3645841960605989,0.21474185463909679,0.4930989810239379,0.24202444980111146,0.048441414154271216,0.4318827405223088,0.011253603406816802,-0.10045605083203034,0.12687317271221704,0.19070698416269846,0.08318380995297579,0.30517779215900864,0.4078352266139807,0.2817081418995959,0.5166953920626929,552,consistent,"CZ,DE,LT",TRUE,TRUE,FALSE,TRUE,"strong, beyond shared bad years"
sco_rat,tor_vir,92,4,2,34,0.2995362181624372,NA,NA,0.3435367548316211,NA,NA,0.08983670247628367,NA,NA,0.2721915270663528,NA,NA,0.3569449399018769,0.14053789293683885,0.5893210962500458,368,consistent,"DE,LT",FALSE,FALSE,FALSE,FALSE,no clear link
sco_rat,uro_sir_spp,23,1,1,1,0.3039489097315388,NA,NA,0.005377397377304708,NA,NA,0.03022921822043455,NA,NA,0.022966472835090363,NA,NA,-0.01939197176203733,-0.10865043474859928,0.16132091206495203,345,insufficient data,DE,FALSE,FALSE,FALSE,FALSE,no clear link
sco_rat,xyl_lin,69,3,1,37,0.1887369291439691,NA,NA,0.41430980380627935,NA,NA,-0.022243979293367456,NA,NA,0.3873444620841895,NA,NA,0.40225312947810254,0.1002121671584022,0.6486577507866399,345,insufficient data,DE,FALSE,FALSE,FALSE,FALSE,no clear link
sco_rat,xyl_spp,69,3,1,35,0.24421893598324806,NA,NA,0.4175743463872228,NA,NA,0.07018453054571985,NA,NA,0.30871174016510156,NA,NA,0.4208367960644491,0.13167591917419075,0.6353185603417535,345,insufficient data,DE,FALSE,FALSE,FALSE,FALSE,no clear link
sco_rat,zei_gri,184,8,2,42,-0.016113062756124046,-0.09462338131742329,0.054240419242831704,0.03191887314071898,-0.08673459348628548,0.16760306487911333,0.07061310734388987,-0.03397994428262831,0.17291333416564467,0.10971206661526585,-0.053078702830711304,0.26269281900894154,0.3242635003760692,0.1625450523594218,0.4995440745159925,529,inconsistent,"CZ,DE",FALSE,FALSE,FALSE,FALSE,no clear link
sco_sco,tet_gab,115,5,1,15,0.3095899257253502,0.12519233006858313,0.49921332525132095,0.25511847216121686,0.10545130587530964,0.3967498483824147,-0.018534147659151384,-0.25750805846449626,0.19269338177204798,0.011101354874886258,-0.2538717153710537,0.2506635023479968,0.19035490911366237,0.05685670191617997,0.37794548107009757,345,insufficient data,DE,TRUE,TRUE,FALSE,FALSE,"strong, beyond shared bad years"
sco_sco,tet_spp,92,4,1,6,-0.00807703286241614,NA,NA,0.029137784623419004,NA,NA,-0.14873425618992214,NA,NA,0.11199173950230615,NA,NA,-0.0026921802050617304,-0.11810808371317924,0.15648253352802488,345,insufficient data,DE,FALSE,FALSE,FALSE,FALSE,no clear link
sco_sco,tha_pit,23,1,1,5,-0.10807205026320002,NA,NA,0.010499821776314422,NA,NA,0.06122584069285869,NA,NA,-0.029803770900057546,NA,NA,0.25425130422275843,0.19914938579305075,0.34046752795232066,345,insufficient data,DE,FALSE,FALSE,FALSE,FALSE,no clear link
sco_sco,tha_pro,92,4,1,18,0.41222709841054606,NA,NA,0.4536777863646597,NA,NA,0.3341216829462834,NA,NA,0.11415154219697092,NA,NA,0.2198287254714635,-0.026715994349476864,0.43238966528122613,345,insufficient data,DE,FALSE,FALSE,FALSE,FALSE,no clear link
sco_sco,tom_spp,138,6,2,26,0.21053378695560196,0.006749313586503343,0.46058824034019724,0.16889535833593242,-0.0010094055499176705,0.4081047839140917,-0.11698055966978753,-0.2366936662904507,0.11649355683211692,0.23816597142441445,0.045765664331567944,0.4716485730040868,0.24132920546634612,0.049264380774076424,0.407977979275006,368,consistent,"DE,LT",TRUE,FALSE,FALSE,TRUE,weak but real
sco_sco,tor_vir,138,6,2,19,0.11652897175300349,-0.10450554925864253,0.3662294729151044,0.021217224657640102,-0.18914152747040294,0.33776754805432335,0.05434185092875216,-0.13363947611464186,0.3132271822174173,-0.005613907821472773,-0.17509667130093387,0.249826792889135,0.22007029732368738,0.020258975569751883,0.41222769080987903,368,inconsistent,"DE,LT",FALSE,FALSE,FALSE,FALSE,no clear link
sco_sco,uro_sir_spp,69,3,1,0,-0.07954659008666243,NA,NA,-0.1292880184994271,NA,NA,-0.011561127735221197,NA,NA,-0.07459026182837687,NA,NA,-0.05765951119844458,-0.10743973983056886,-0.013627222893750884,345,insufficient data,DE,FALSE,FALSE,FALSE,FALSE,no clear link
sco_sco,xyl_lin,115,5,1,25,0.20069455823759416,-0.05459666516013122,0.51063106221516,0.19237268515923875,0.012557398888066411,0.43512117825258256,0.15098499899418427,0.026587296415574876,0.30705456795012326,0.12334245388616634,0.01633484394855744,0.27584919282309805,0.29452778213526737,0.06081640612961357,0.48891820093702504,345,insufficient data,DE,FALSE,TRUE,TRUE,TRUE,no clear link
sco_sco,xyl_spp,115,5,1,23,0.14706445812982097,-0.12999971824628176,0.5292877853725131,0.13170444478287668,-0.12451261173753124,0.4261827568097457,0.13531857162517177,-0.08955490758131454,0.36320397826238204,0.1584560983360456,-9.482713831023878e-4,0.3266691298931169,0.2967584224130942,0.051457623844438666,0.4824329871264695,345,insufficient data,DE,FALSE,FALSE,FALSE,FALSE,no clear link
sco_sco,zei_gri,23,1,1,1,0.14029028071059302,NA,NA,-0.024871872632628987,NA,NA,0.08241351164509271,NA,NA,-0.08386707648141285,NA,NA,0.0692541365268577,0.028405746112486162,0.19127885848974818,345,insufficient data,DE,FALSE,FALSE,FALSE,FALSE,no clear link
tet_gab,tet_spp,161,7,1,63,0.3150905519496324,0.07098432356254111,0.5676822160757289,0.3266389339965026,0.1020707083658679,0.553898139067242,0.1670617298006904,0.008929731747172138,0.37013738304023275,0.14934667477797386,-0.02744482050548158,0.3466425197718119,0.6612633299092538,0.37727458261422997,0.8064606625909237,345,insufficient data,DE,TRUE,TRUE,TRUE,FALSE,"strong, beyond shared bad years"
tet_gab,tha_pit,23,1,1,3,-0.2561056600274978,NA,NA,-0.18404147856819722,NA,NA,-0.24683762708922322,NA,NA,-0.17417880130670668,NA,NA,0.002487162068929922,-0.0770720083992811,0.08650094034900652,345,insufficient data,DE,FALSE,FALSE,FALSE,FALSE,no clear link
tet_gab,tha_pro,184,8,1,61,0.1037199841903357,-0.22164677337521074,0.41244588898587364,0.21292318492112183,-0.045934856021691714,0.4363059836806733,0.09333136376936396,-0.10301570379884427,0.27318437016142616,-0.03331558152138105,-0.17310187833186358,0.12266650485069959,0.45023569657285195,0.15215314774550162,0.6556881549129228,345,insufficient data,DE,FALSE,FALSE,FALSE,FALSE,no clear link
tet_gab,tom_spp,358,16,3,155,0.11816863378427862,-0.05216107227686773,0.2924976653445946,0.07170321934654918,-0.08075413145688454,0.22864677086178742,-0.08124775305018773,-0.18254157830767986,0.030555443992583215,0.04703776538127553,-0.0967423625614763,0.21767771223785903,0.26668327729557934,0.12170020996844615,0.415143017931291,718,inconsistent,"AT,CZ,DE",FALSE,FALSE,FALSE,FALSE,no clear link
tet_gab,tor_vir,184,8,1,27,0.17243209484278207,0.022524856453834563,0.3238024402629894,0.1394379973224593,-0.044769189875492686,0.31665876676706406,0.06567457883248715,-0.03145012464903579,0.1853347726266657,-0.010256611240868501,-0.19175485179669283,0.12386061242398576,-0.006684137980252213,-0.25461448202645187,0.280096666980881,345,insufficient data,DE,TRUE,FALSE,FALSE,FALSE,weak but real
tet_gab,uro_sir_spp,92,4,1,12,0.2801228012842594,NA,NA,0.20371872836363283,NA,NA,0.15241317511619287,NA,NA,0.12104842534812181,NA,NA,0.29372635328230257,0.0017305513156968088,0.4949189676321087,345,insufficient data,DE,FALSE,FALSE,FALSE,FALSE,no clear link
tet_gab,xyl_lin,184,8,1,48,0.16409591346371794,0.003635255999174179,0.3137362509086383,0.1383666669189238,-0.007773741099154539,0.2852062144170076,0.018896292477268404,-0.10743126167321261,0.13863363301574494,0.03431329370354506,-0.10686650014663045,0.16735733479849552,0.11664236870396087,-0.16680622709648796,0.42269305655372313,345,insufficient data,DE,TRUE,FALSE,FALSE,FALSE,weak but real
tet_gab,xyl_spp,207,9,1,42,0.2255819374076223,0.06307195656111864,0.379918885972303,0.17872756624794736,0.018278178546801912,0.33494419328134145,0.2009541898464403,0.05053606865337614,0.3884453849864316,0.07087545053414347,-0.08707093567477842,0.25211546477214686,0.11818181818181818,-0.13605609550415662,0.35414051611809766,345,insufficient data,DE,TRUE,TRUE,TRUE,FALSE,weak but real
tet_gab,zei_gri,69,3,2,2,-0.17663183388472267,NA,NA,-0.19052989955152616,NA,NA,-0.07241238229191495,NA,NA,0.02924244895164867,NA,NA,-0.16489591942923307,-0.27195830474162197,-0.06688043852251574,529,consistent,"CZ,DE",FALSE,FALSE,FALSE,FALSE,no clear link
tet_spp,tha_pit,23,1,1,1,-0.19185599655687058,NA,NA,-0.1867735940426178,NA,NA,-0.12787289321251197,NA,NA,-0.30770259729755267,NA,NA,-0.05864687249125976,-0.14797806849797956,0.008739131120468386,345,insufficient data,DE,FALSE,FALSE,FALSE,FALSE,no clear link
tet_spp,tha_pro,161,7,1,56,0.12307832134195376,-0.1200579525132712,0.30455873159670366,0.23510667788400366,0.03632064418910905,0.4107521521893209,0.15169295430008514,0.052782590945555104,0.26958529358673944,-0.07959175117123747,-0.270087009081325,0.09316714073488723,0.46738502620983663,0.169401338964055,0.631234751097288,345,insufficient data,DE,FALSE,TRUE,TRUE,FALSE,no clear link
tet_spp,tom_spp,184,8,1,59,0.17514842267223155,-0.006931338118518481,0.44561814767387903,0.13087622947129934,-0.06678254228399542,0.37817927028474624,-0.0934794813521144,-0.24554576121751479,0.06634692844259142,0.1763479492380408,0.00701657207577003,0.36128431578026926,0.28820281112158697,0.041572852657548835,0.5131663236011378,345,insufficient data,DE,FALSE,FALSE,FALSE,TRUE,no clear link
tet_spp,tor_vir,161,7,1,13,0.01577170983108481,-0.1707352061039582,0.18885473452644524,0.03429696466801749,-0.1463307913789845,0.2059334578894892,0.15059615293526463,0.021334317699042236,0.3045092981857898,0.09390899888010235,0.02313747422807575,0.14680392810914492,-0.15576747211517275,-0.32890702671915517,0.058596194343882926,345,insufficient data,DE,FALSE,FALSE,TRUE,TRUE,no clear link
tet_spp,uro_sir_spp,92,4,1,11,0.2422829636267983,NA,NA,0.27687406357615607,NA,NA,0.06441675791443584,NA,NA,-0.09270222095060847,NA,NA,0.29333057855848993,-0.01933837057464078,0.49789261097649384,345,insufficient data,DE,FALSE,FALSE,FALSE,FALSE,no clear link
tet_spp,xyl_lin,161,7,1,37,0.08659942607938206,-0.11975162414642812,0.2748214606738654,0.053712320136518124,-0.12915355279358423,0.22098443195872977,-0.04894920857087377,-0.17445304847632617,0.0654944483073719,-0.07424575763504561,-0.21629355691617172,0.062018951726767906,0.05276123547016938,-0.22479232473394495,0.3896684177186954,345,insufficient data,DE,FALSE,FALSE,FALSE,FALSE,no clear link
tet_spp,xyl_spp,184,8,1,27,0.016823916076906423,-0.2399752385479513,0.2602189049861578,-0.005778130158244033,-0.23640189499713338,0.21133870201607136,-0.053641254358687655,-0.26627955045466545,0.14468863140874474,0.0024906661039455573,-0.14733079652946993,0.17704275869789848,-0.018176906698927357,-0.22888447389648967,0.1840524036290851,345,insufficient data,DE,FALSE,FALSE,FALSE,FALSE,no clear link
tet_spp,zei_gri,23,1,1,0,-0.09766853508096923,NA,NA,-0.05460698777143614,NA,NA,0.6091734142726315,NA,NA,-0.05740672097891247,NA,NA,-0.05853888914269465,-0.11480234566227242,-0.03281015362094961,345,insufficient data,DE,FALSE,FALSE,FALSE,FALSE,no clear link
tha_pit,tha_pro,23,1,1,7,0.1005071363815457,NA,NA,-0.05847596677337101,NA,NA,-0.18824073712172243,NA,NA,0.13668353758716753,NA,NA,0.12508198033273102,0.05610623301148899,0.2719137571471204,345,insufficient data,DE,FALSE,FALSE,FALSE,FALSE,no clear link
tha_pit,tom_spp,23,1,1,11,0.42526525436470464,NA,NA,0.5314571340678687,NA,NA,0.4643755507007259,NA,NA,-0.35959282263468645,NA,NA,0.18519791405570493,0.12638325918034798,0.34670111718012736,345,insufficient data,DE,FALSE,FALSE,FALSE,FALSE,no clear link
tha_pit,tor_vir,41,2,2,9,-0.2553699518564751,NA,NA,-0.4045274785437123,NA,NA,-0.1992874418025155,NA,NA,0.012461822969032102,NA,NA,0.002916132447290884,-0.174873590192118,0.2072534088855005,363,inconsistent,"BG,DE",FALSE,FALSE,FALSE,FALSE,no clear link
tha_pit,uro_sir_spp,0,0,0,0,NA,NA,NA,NA,NA,NA,NA,NA,NA,NA,NA,NA,-0.03591085484512142,-0.0834474172684687,-0.00978461828831577,345,insufficient data,NA,FALSE,FALSE,FALSE,FALSE,not enough data
tha_pit,xyl_lin,23,1,1,11,-0.879837319677754,NA,NA,-0.9127185595676303,NA,NA,-0.2936353628315825,NA,NA,-0.2679238423131938,NA,NA,0.2106187529012774,0.14711072436383738,0.4158219167496277,345,insufficient data,DE,FALSE,FALSE,FALSE,FALSE,no clear link
tha_pit,xyl_spp,23,1,1,10,-0.6727864719718979,NA,NA,-0.7834635769199595,NA,NA,-0.45769917980221103,NA,NA,0.5207433354528427,NA,NA,0.20643445172118352,0.13548910251248517,0.3918283227295231,345,insufficient data,DE,FALSE,FALSE,FALSE,FALSE,no clear link
tha_pit,zei_gri,0,0,0,0,NA,NA,NA,NA,NA,NA,NA,NA,NA,NA,NA,NA,-0.019655129761506664,-0.05036519476743198,-0.019655129761506667,345,insufficient data,NA,FALSE,FALSE,FALSE,FALSE,not enough data
tha_pro,tom_spp,230,10,1,89,-0.05800026761847843,-0.2883715866329662,0.21793878687933238,0.04532325097389827,-0.21196775028649467,0.34183017347809874,-0.009913755073280048,-0.1005305522299487,0.09513297224282866,0.14405644540132828,-0.045821365820991514,0.3124653154454197,0.44408987447413784,0.19208348830415387,0.6508700004687435,345,insufficient data,DE,FALSE,FALSE,FALSE,FALSE,no clear link
tha_pro,tor_vir,207,9,1,40,0.1301890427870311,-0.10624202968707316,0.38200978611312847,0.12254083854316025,-0.08540349911171949,0.38261293393009793,0.07880327453620198,-0.061471362241327196,0.22603099064889057,0.04662769342317457,-0.12040882155612245,0.20136257714765432,0.1016118223861598,-0.18257670942051793,0.4014542365887572,345,insufficient data,DE,FALSE,FALSE,FALSE,FALSE,no clear link
tha_pro,uro_sir_spp,69,3,1,10,-0.06642399526161498,NA,NA,-0.191827495996131,NA,NA,-0.01720398010353898,NA,NA,-0.0013858498629484629,NA,NA,0.19294228173190434,-0.08645960211026321,0.4307697065401444,345,insufficient data,DE,FALSE,FALSE,FALSE,FALSE,no clear link
tha_pro,xyl_lin,207,9,1,72,0.16507154086640408,-0.1260985207811031,0.42941827715896974,0.25071841199144834,-0.026472926501643956,0.5060184773454875,0.06370300801247102,-0.09891948889892,0.19787607675506894,0.09925730133692305,-0.03270210874176593,0.2171879640318313,0.32222581278597556,0.008559303779862465,0.6109187316130688,345,insufficient data,DE,FALSE,FALSE,FALSE,FALSE,no clear link
tha_pro,xyl_spp,230,10,1,61,0.14150837742776468,-0.09381157403747263,0.37460077313884077,0.23067489578325434,-0.007761029475045219,0.4521486214150827,0.12997827398353992,-0.03510509542722446,0.2843795265501108,0.015656965224828644,-0.15821210234922375,0.2067503670430264,0.27897694100798004,0.020192516888996943,0.5318259385051743,345,insufficient data,DE,FALSE,FALSE,FALSE,FALSE,no clear link
tha_pro,zei_gri,0,0,0,0,NA,NA,NA,NA,NA,NA,NA,NA,NA,NA,NA,NA,-0.07360546380806737,-0.14402035442250188,-0.04830090916039334,345,insufficient data,NA,FALSE,FALSE,FALSE,FALSE,not enough data
tom_spp,tor_vir,533,25,3,175,0.1790927162487887,0.06475517629573269,0.298823171728095,0.036027833747087575,-0.0746717091633427,0.16107707245929692,0.0518543719147381,-0.03449971512871638,0.1432050793150907,-0.01503892722539557,-0.12978875291939065,0.09525006560795866,0.18965930587251587,0.011581867725322026,0.3720299537654284,708,consistent,"DE,LT,PL",TRUE,FALSE,FALSE,FALSE,weak but real
tom_spp,uro_sir_spp,92,4,1,12,0.1066226108023297,NA,NA,0.08648463908642963,NA,NA,0.016649148869615434,NA,NA,0.08205126024119684,NA,NA,0.17148747128230585,-0.04438616312041434,0.3076781097924971,345,insufficient data,DE,FALSE,FALSE,FALSE,FALSE,no clear link
tom_spp,xyl_lin,230,10,1,128,0.10250653376240551,-0.18955774098862177,0.3946996419361354,0.060113336286536374,-0.2461619840294155,0.3636620406923947,-0.07061472984684038,-0.2307464546499377,0.08625804802834068,-0.04859389224241519,-0.1837963051305565,0.11972413573771598,0.6565211644097937,0.2927308231510931,0.933714501114112,345,insufficient data,DE,FALSE,FALSE,FALSE,FALSE,no clear link
tom_spp,xyl_spp,253,11,1,115,0.17196302226035315,-0.15651950957610525,0.478486738992245,0.15068023696111127,-0.16304012687838884,0.4384312317888594,0.020764427869492633,-0.13173244787764038,0.17596377060080937,0.06628712582335171,-0.0730981343919795,0.21615969985596722,0.6486013986013986,0.34667934965683467,0.8894224143733326,345,insufficient data,DE,FALSE,FALSE,FALSE,FALSE,no clear link
tom_spp,zei_gri,184,8,2,75,-0.06250113782993941,-0.24508863569250477,0.18137016401558276,0.05425521200857946,-0.0766136800835725,0.2388010483716879,0.05974866024346134,-0.06293894209021911,0.1881534573138282,0.010529003427717046,-0.13575907299457157,0.12255482443086585,0.30179787879869313,0.17712056749542343,0.42335746057737383,529,inconsistent,"CZ,DE",FALSE,FALSE,FALSE,FALSE,no clear link
tor_vir,uro_sir_spp,69,3,1,1,-0.09114268012731687,NA,NA,-0.08488607515996287,NA,NA,0.10276887121540736,NA,NA,-0.007092721018283719,NA,NA,-0.09583394606365282,-0.19947508151220378,0.08687159229527006,345,insufficient data,DE,FALSE,FALSE,FALSE,FALSE,no clear link
tor_vir,xyl_lin,207,9,1,89,0.27784579538565135,0.03623804513164255,0.5650667111550244,0.3152402476180027,0.13554800680254306,0.5344524585477779,0.07271873586984713,-0.13111488757172737,0.241576134939732,0.20969882831475986,0.002905384756996537,0.42114219210117654,0.5778347609878073,0.3092425634932159,0.7876557035298137,345,insufficient data,DE,TRUE,TRUE,FALSE,TRUE,weak but real
tor_vir,xyl_spp,230,10,1,81,0.1305666336620319,-0.10904061896753466,0.4059488516325096,0.11673582002636808,-0.08600580922566159,0.34106448977057824,0.12563879106262676,-0.0255602543419801,0.27193271192887314,0.13252247723534094,0.003051073711054106,0.27681578783500593,0.5755997677851477,0.30247733642231617,0.7515181224147777,345,insufficient data,DE,FALSE,FALSE,FALSE,TRUE,no clear link
tor_vir,zei_gri,23,1,1,4,-0.0991223611896074,NA,NA,0.02107639669685038,NA,NA,0.0025088353189335892,NA,NA,-0.05596476361238168,NA,NA,0.166012915552631,0.12495540934081942,0.30517829805306085,345,insufficient data,DE,FALSE,FALSE,FALSE,FALSE,no clear link
uro_sir_spp,xyl_lin,92,4,1,12,0.19568165715823388,NA,NA,0.11953850226785791,NA,NA,-0.27855494671695263,NA,NA,-0.08643764215244815,NA,NA,0.19887403621120925,-0.035271390987714424,0.364487053143721,345,insufficient data,DE,FALSE,FALSE,FALSE,FALSE,no clear link
uro_sir_spp,xyl_spp,92,4,1,6,0.005503700160225675,NA,NA,-0.01411203464368005,NA,NA,-0.07993280578315444,NA,NA,-0.06134103330454531,NA,NA,0.0408463210033202,-0.06896948552815746,0.15769164936167243,345,insufficient data,DE,FALSE,FALSE,FALSE,FALSE,no clear link
uro_sir_spp,zei_gri,23,1,1,0,-0.09766853508096923,NA,NA,0.00352768763747443,NA,NA,-0.10728664150384506,NA,NA,0.00295912824744293,NA,NA,-0.02143164172276202,-0.05177060238561814,-0.005839472060845606,345,insufficient data,DE,FALSE,FALSE,FALSE,FALSE,no clear link
xyl_lin,xyl_spp,230,10,1,118,0.5789800273779526,0.3506830004292203,0.7520832880950519,0.5659284814263518,0.42022327268524623,0.7138358577946496,0.34844364942165873,0.23814513906050755,0.47208268778396867,0.055856939055130506,-0.18442028191266327,0.2509678482197288,0.7894567590918079,0.6272305798809273,0.9195378862010543,345,insufficient data,DE,TRUE,TRUE,TRUE,FALSE,"strong, beyond shared bad years"
xyl_lin,zei_gri,23,1,1,4,0.02333864118750081,NA,NA,-0.1649289430327809,NA,NA,0.02044168707956534,NA,NA,-0.5871074759029609,NA,NA,0.12569752716115998,0.08600829176157604,0.23427175759500513,345,insufficient data,DE,FALSE,FALSE,FALSE,FALSE,no clear link
xyl_spp,zei_gri,23,1,1,4,-0.15610350462591693,NA,NA,-0.3274957243546209,NA,NA,-0.6026872820149988,NA,NA,0.1505254308509239,NA,NA,0.1436842416214199,0.10805700537802554,0.2518012140215352,345,insufficient data,DE,FALSE,FALSE,FALSE,FALSE,no clear link
