leader,follower,r,lo,hi,sure,same_year,n_regions
sco_int,pit_bid,0.47697630656505924,0.38208209590767794,0.585696976754083,TRUE,0.22852493148438127,5
xyl_lin,xyl_spp,0.34844364942165873,0.23814513906050755,0.47208268778396867,TRUE,0.5789800273779526,10
sco_int,pis_pin,0.34795013303743677,0.13194793173006333,0.5688619418198105,TRUE,0.22537551920105753,5
pha_cya,pit_bid,0.34287775631019707,0.2046717366219563,0.5143341245844546,TRUE,0.6044388237191045,5
agr_big,pis_pin,0.3388631826778502,0.24000117102216956,0.463313415849833,TRUE,0.4044548598037905,7
ips_cem,pit_bid,0.32611874880895175,0.15887597351965577,0.5384780822634296,TRUE,0.5050950140642676,5
agr_big,pit_bid,0.3256067673497066,0.18849414972416914,0.45487520656193925,TRUE,0.3062203632781392,5
ips_typ,pit_bid,0.32522698443519676,0.1249142291539217,0.558670418717335,TRUE,0.5315507408812948,5
tet_spp,ope_spp,0.3160363641089217,0.18567941581523378,0.41573472999291466,TRUE,0.03576993202787229,6
tom_spp,CambXyl_con&BB_con&BO,0.3063506674231564,0.17503067409803727,0.42725614596961364,TRUE,0.5390441793261151,11
tom_spp,pit_bid,0.2974504364048499,0.07073530709184056,0.5148647438756052,TRUE,0.3980823426219632,5
tom_spp,pis_pin,0.2789361619799104,0.15172478721813287,0.4575539951469527,TRUE,0.47459157788404155,8
era_def,tor_vir,0.2699282325420315,0.060052806897951116,0.4817117013900372,TRUE,0.3904364654787419,9
pit_cha,pit_bid,0.26707126600178194,0.13612185853262304,0.4051756350475191,TRUE,0.4343617702834948,5
xyl_lin,agr_vir,-0.26260518151655615,-0.35839547965993174,-0.1428357641199585,TRUE,-0.1922649887915832,8
era_def,pit_cha,-0.25995990083832954,-0.4546651782547029,-0.10196619999915355,TRUE,-0.03471135733896092,10
ips_acu,pis_pin,0.2599243730425423,0.08700333919053899,0.42127166709992836,TRUE,0.35840602764970364,7
pha_cya,agr_vir,0.25925686827975314,0.11104064469963915,0.41523591697471984,TRUE,0.40813548237545116,9
ips_acu,pit_bid,0.2579784503442479,0.03600294880581452,0.5607048635393707,TRUE,0.5893332407556338,5
CambXyl_con&BB_con&BO,tom_spp,0.2568616169413509,0.12411359460478401,0.3707712456954394,TRUE,0.5390441793261151,11
pit_cha,pis_pin,0.2522493499529565,0.12545100917238072,0.3622209854855472,TRUE,0.43155102237460574,8
sco_int,sco_rat,0.2520361605225376,0.11516313554537183,0.3644466192858082,TRUE,0.43571267708369443,11
bup_pin,pis_pin,0.24571660560891448,0.03203727856076575,0.43994490253126567,TRUE,0.2748315377423307,6
ips_acu,sco_rat,0.2416335187599498,0.06073800363820003,0.3956691844632692,TRUE,0.3670454702313205,12
tom_spp,sco_sco,0.23816597142441445,0.045765664331567944,0.4716485730040868,TRUE,0.21053378695560196,6
sco_int,agr_vir,0.23661238936470655,0.16958256064359442,0.3537633240219902,TRUE,0.2533880052668425,6
xyl_lin,den_pin,0.23651371600493853,0.14227495646297703,0.33492262920192434,TRUE,0.3812946579062535,5
ips_acu,ips_sex,0.23501816870488915,0.09846064910436306,0.36874088313202186,TRUE,0.4483831596781036,15
agr_vir,ips_sex,0.2337236424359305,0.10098965770157427,0.3576112222941777,TRUE,0.25127795465337566,6
ips_acu,xyl_spp,0.23358839733398862,0.008129995104795696,0.4523379230908534,TRUE,0.03803983299095406,7
tha_pro,ope_spp,0.23071548264492517,0.1010074355278732,0.361382593217906,TRUE,0.13057213234747828,8
ips_typ,pis_pin,0.2290223845355345,0.127585039934036,0.3744373357208803,TRUE,0.3235043924296048,8
pha_cya,ips_sex,0.22835586161167712,0.08590885837805656,0.3688463437359964,TRUE,0.5083318670172224,16
den_pin,xyl_spp,0.22683237266625395,0.0741443906835699,0.43357561326939886,TRUE,0.09399678264424874,5
ips_cem,tet_spp,0.22600094876750032,0.01461833721192828,0.413292468428927,TRUE,0.30918644201167683,8
tom_spp,ips_sex,0.22421898852898048,0.11310253217375965,0.3594824732210477,TRUE,0.4735130068663596,16
xyl_spp,pis_pin,0.22181193253312448,0.11505951084871738,0.3434196771075185,TRUE,0.3833883761546389,7
Def_dec&DB,pis_pin,0.22047070786429387,0.02160904778231337,0.4732163035455113,TRUE,0.2510610297675176,5
ips_cem,pis_pin,0.2203086350419368,0.16075560842738063,0.3074475962832464,TRUE,0.42083512509871746,7
tor_vir,pri_abi,-0.21830004213342763,-0.35927749840274015,-0.062483233847125993,TRUE,0.09161002773430094,7
ips_acu,agr_vir,0.21744278161903594,0.1282211762497595,0.32632578102251486,TRUE,0.4701470767696961,6
tet_spp,geo_db,-0.21555134115638466,-0.3917781016716797,-0.05168922243057812,TRUE,-0.18460802428708342,5
geo_db,ope_spp,-0.21041531614962378,-0.3906542739796651,-0.04352507153922495,TRUE,-0.22258703927661513,6
xyl_lin,tor_vir,0.20969882831475986,0.002905384756996537,0.42114219210117654,TRUE,0.27784579538565135,9
sco_int,pit_cha,0.20929653008208787,0.13430970752147672,0.2879549371612929,TRUE,0.13824810076219993,8
ips_typ,CambXyl_con&BB_con&BO,0.20869422171782387,0.09631193351285802,0.32825366129528144,TRUE,0.2566538490750496,12
era_def,ope_spp,0.2078722510786809,0.08086298878723518,0.3310068784609974,TRUE,0.21384212948273226,8
agr_vir,ope_spp,0.20708045273153566,0.0866144555131665,0.3419088149748006,TRUE,0.0646994334318808,7
cep_spp,Def_dec&DB,-0.20352696554285438,-0.4072511653559407,-8.029587743478297e-4,TRUE,0.0623217714086977,7
ips_typ,ips_sex,0.20272961981392618,0.06654927511757598,0.34766576573837216,TRUE,0.48403908056210027,17
sco_sco,agr_big,0.2023723519630116,0.013820134392386035,0.39993996780790725,TRUE,0.25211305451952576,5
pan_fla,sco_int,-0.20175084630474507,-0.2808588155564474,-0.07203228288604092,TRUE,-0.04695601087530223,5
tet_gab,xyl_spp,0.2009541898464403,0.05053606865337614,0.3884453849864316,TRUE,0.2255819374076223,9
pol_pol,lym_dis,0.19936869318983327,0.08003660535365373,0.3182331550258807,TRUE,0.05209333963908175,7
pan_fla,era_def,-0.19327422456404586,-0.28012815532890084,-0.11591248572974917,TRUE,-0.12173103787943793,5
pis_pin,lym_dis,0.19249566883448602,0.07125535012275772,0.28633750645767736,TRUE,0.2824255637257937,7
pit_spp,pol_pol,0.19151372539916164,0.05096261359625382,0.3586780812040736,TRUE,0.130965943995909,8
tom_spp,sco_rat,0.19070698416269846,0.08318380995297579,0.30517779215900864,TRUE,0.3645841960605989,12
agr_vir,lym_dis,0.18960446722231228,0.08040351218103171,0.3178810372416903,TRUE,0.36464002527305583,7
pit_bid,xyl_spp,0.18832730866421438,0.036473826202196136,0.30180842153336507,TRUE,0.2921792341093277,5
ips_cem,xyl_spp,0.1877168679691629,0.06380882422381713,0.30950968614389396,TRUE,0.3436019344431189,11
xyl_spp,pit_cha,0.18732497831601047,0.09133805783324002,0.27635224018395604,TRUE,0.22615246625169083,11
dip_sp,sco_int,-0.18439947795463899,-0.28744786482330337,-0.04198853146180524,TRUE,-0.15109109782587538,6
CambXyl_con&BB_con&BO,lym_dis,0.18154505016489336,0.05538611007893671,0.29233031168020923,TRUE,0.22208914189214224,10
pit_cha,agr_vir,0.18056459860565752,0.07025986056621451,0.32091125610318305,TRUE,0.17793386462787442,9
agr_vir,pha_cya,0.1798052580329841,0.0592645230884846,0.29750279721600487,TRUE,0.40813548237545116,9
ips_sex,cep_spp,0.1772462608523139,0.06267367716726564,0.295017484764368,TRUE,-0.18201932465111778,7
pha_cya,pis_pin,0.17709895041769072,0.028112756135675408,0.3632741044367322,TRUE,0.38143548702689134,8
tom_spp,tet_spp,0.1763479492380408,0.00701657207577003,0.36128431578026926,TRUE,0.17514842267223155,8
ips_typ,tet_spp,0.17599191997061608,0.014826037065829845,0.36502681609681453,TRUE,0.1518982847509325,8
era_def,tom_spp,-0.17452507906720935,-0.33335746623239787,-0.012963493891047709,TRUE,0.05501238273656167,10
pri_abi,ips_sex,-0.17084621286453008,-0.28691437745112763,-0.07357440140869675,TRUE,-0.09098833630814482,14
lym_mon,tet_gab,0.17082660406275965,0.028497516458640213,0.3469737382429331,TRUE,0.002082855323614126,9
CambXyl_con&MD,pit_spp,-0.16944223465818464,-0.30454986685483326,-0.012729970323852717,TRUE,0.3868752957230249,9
ips_typ,sco_rat,0.16870220918976583,0.006111967809304586,0.3063406688220881,TRUE,0.41405897755919985,12
xyl_spp,ips_typ,0.16794740027553928,0.07124537599619776,0.2585336626855065,TRUE,0.3060653837916277,11
xyl_lin,lym_dis,-0.16791987677093131,-0.3120331084395871,-0.0310336249062945,TRUE,-0.09262171471154892,8
ips_acu,sco_int,0.16739016753119948,0.06817323634873283,0.2575105142985356,TRUE,0.31747639352144724,14
tet_gab,tet_spp,0.1670617298006904,0.008929731747172138,0.37013738304023275,TRUE,0.3150905519496324,7
lym_mon,zei_gri,-0.16643419595770367,-0.315775385591884,-0.02848755824770575,TRUE,0.04206584395751018,7
sco_rat,CambXyl_con&MD,0.16606914668992798,0.035289212425596114,0.2987366877223288,TRUE,0.3842897970706356,8
pha_cya,ips_cem,0.16472692995803778,0.07813775807062644,0.26068096409797165,TRUE,0.501503437783238,11
bup_pin,ips_sex,0.16388059239285005,0.03911349551485186,0.28836484952571867,TRUE,0.25145974022469053,6
geo_db,sco_int,0.16272696693322203,0.07012431279407311,0.26241613370367506,TRUE,0.09313275207361599,5
pri_abi,pit_spp,-0.16012912301665683,-0.2696903909131945,-0.030140183584790554,TRUE,-0.3893076355577473,10
pha_cya,sco_rat,0.15937963184762036,0.019464558203037524,0.29230458997842207,TRUE,0.34923850849324495,12
era_def,ips_typ,-0.15935467704082282,-0.23891790747088815,-0.0667905659558995,TRUE,-0.023404776614628576,10
ips_sex,pit_spp,0.15678522477520412,0.04803273722828313,0.2733037783839455,TRUE,0.38042587343109124,11
sco_sco,sco_int,0.1563701280530538,0.0034362845588143294,0.27882262708560235,TRUE,0.05727300257621063,5
xyl_spp,ips_cem,0.15466046110441947,0.06771831291856367,0.24012491327531618,TRUE,0.3436019344431189,11
geo_db,Def_dec&DB,0.1544897486937385,0.015233694047217255,0.3489995986354915,TRUE,-0.276865879437037,5
pit_spp,ips_sex,0.1543376191897959,0.03831755191143239,0.2535189197351338,TRUE,0.38042587343109124,11
Def_dec&DB,xyl_lin,-0.15406553807956397,-0.3439499366048664,-0.01818810037846644,TRUE,-0.09314944036378515,6
CambXyl_con&MD,zei_gri,0.15334070513642278,0.009624345168515366,0.25483734038229594,TRUE,-0.0335578961466258,7
ips_sex,tor_vir,0.15213551343267798,0.004196744581358906,0.2779549559767358,TRUE,-0.02004120679986864,8
tet_spp,tha_pro,0.15169295430008514,0.052782590945555104,0.26958529358673944,TRUE,0.12307832134195376,7
sco_sco,xyl_lin,0.15098499899418427,0.026587296415574876,0.30705456795012326,TRUE,0.20069455823759416,5
tet_spp,tor_vir,0.15059615293526463,0.021334317699042236,0.3045092981857898,TRUE,0.01577170983108481,7
neo_ser,ips_typ,-0.15055570618808575,-0.17587381076669323,-0.13363504170819465,TRUE,-0.14974531554375956,5
geo_db,tet_spp,-0.15028236075326806,-0.20277928358725397,-0.11114586986111566,TRUE,-0.18460802428708342,5
lym_dis,ope_spp,0.1490679698929655,0.10586628490942712,0.20131541724491364,TRUE,0.13572171802283703,7
ips_sex,neo_ser,0.14900061806074955,0.03733709476516474,0.2527004691349619,TRUE,0.10248287218136404,5
sco_sco,ips_cem,0.14877891142979732,0.03681336269965478,0.2898088673113627,TRUE,0.09250077641770556,5
ips_typ,pit_spp,0.14835655956244762,0.004453255183430418,0.2712178558206797,TRUE,0.5286213888659772,21
tha_pro,geo_db,0.1479300313789291,0.016902593472001518,0.29786996294785184,TRUE,-0.028072191270748635,6
tom_spp,lym_dis,0.14790893828824797,0.04453349373493428,0.2579163159629249,TRUE,0.2627527930819277,22
tet_gab,pis_pin,0.14766529201484094,0.019912509829772045,0.35051066175785955,TRUE,0.44438769006133133,6
lym_mon,tha_pro,0.14723999240785723,0.060537355740707254,0.23969330844118905,TRUE,0.22890753998842775,7
agr_big,tet_gab,0.14723800125186123,0.025858639755425194,0.2585061337281419,TRUE,0.28818159823377065,9
lym_dis,pit_cha,0.14691297865071942,0.04931145877676358,0.2607398055004605,TRUE,0.1976419245862337,17
tom_spp,den_pin,0.1468591680958486,0.06504515369610415,0.23796232290033228,TRUE,0.17421542865867715,17
bup_pin,dip_sp,0.14664935001702872,0.05491671472383276,0.2448211666103895,TRUE,0.31976033256971936,21
pol_pol,pri_abi,-0.14643002007756684,-0.23746835974879127,-0.05033222500722705,TRUE,-0.037121419679986355,7
ips_typ,xyl_spp,0.14537341980507934,0.01890564371929581,0.2950353273310027,TRUE,0.3060653837916277,11
ips_dup,ips_acu,0.14533991838110485,0.01877252339541304,0.2728759732486934,TRUE,0.5118176598021795,9
Def_dec&DB,mel_spp,0.1444335413278316,0.03129317047475071,0.2738910598482256,TRUE,0.08193908555152642,7
tet_gab,sco_rat,0.14427149671231174,0.054411008901979585,0.2900192935689902,TRUE,0.05771493817705466,5
tet_spp,lym_mon,0.14407889996256296,0.0021142107983234864,0.2557763109580579,TRUE,0.2933750115784773,5
bup_pin,xyl_spp,0.14372040713216672,0.04266561912184599,0.27994764853046616,TRUE,0.28698121489114825,8
mel_spp,tet_gab,0.14285027264525238,0.0028695326216424955,0.30689025759768807,TRUE,0.15704488950845902,8
tom_spp,pan_fla,0.14281284587002416,0.03047328584083838,0.24472601211959719,TRUE,0.1984667455410152,20
pha_cya,ope_spp,0.14241951563256441,0.0224095142936877,0.2951158344108335,TRUE,0.12213133145403925,9
pan_fla,dip_sp,0.14192113170596546,0.04798790869407956,0.2284851798581851,TRUE,0.18667030701110984,22
ope_spp,lym_dis,0.14090082782799107,0.008974322900642429,0.2509095044102304,TRUE,0.13572171802283703,7
Def_dec&DB,pit_cha,0.14089906150736223,0.07104291785405523,0.2212634377312312,TRUE,0.07875534760857462,13
ips_cem,agr_big,0.13961171942306144,0.008576159565230407,0.25880913758927393,TRUE,0.3015366518934127,11
lym_mon,bup_pin,0.1394647790912342,0.0023042388221936093,0.2730624342230877,TRUE,0.3136177982309187,22
pri_abi,ope_spp,0.13930637839696144,0.0932406147148079,0.19834157823164364,TRUE,0.05579603096651908,7
ips_cem,ips_acu,0.1392418250318988,0.010263765994081532,0.3015335371485885,TRUE,0.4043776576322786,7
lym_mon,tet_spp,0.13902299393160808,0.048196712664603944,0.2761995463375444,TRUE,0.2933750115784773,5
tha_pro,era_def,-0.1372485351022025,-0.2581730056366131,-0.027908666494616215,TRUE,0.08243819006645746,10
pit_spp,sco_int,0.1372172971273043,0.03354925914301237,0.257468176130133,TRUE,0.2044168697000314,11
tet_gab,pit_cha,-0.1370764912236814,-0.25630538742739606,-0.01408748852773892,TRUE,0.2113280107582787,15
ips_sex,ips_dup,0.13696809468011537,0.004317087320095456,0.2659542883844208,TRUE,0.48819117600825906,8
agr_vir,ips_acu,0.1369038452199531,0.0664134816353078,0.20807842549452696,TRUE,0.4701470767696961,6
ips_typ,tom_spp,0.13684376175507304,0.0631848050400365,0.20976025738336382,TRUE,0.27488646287240986,42
tom_spp,sco_int,0.13651918793280413,0.033105612492840095,0.2661304673132459,TRUE,0.1513395669561561,16
lym_dis,tom_spp,0.135934520924584,0.07213684218842974,0.1908001611203628,TRUE,0.2627527930819277,22
era_def,pan_fla,-0.13274456858123104,-0.22102047432698524,-0.025443344177116946,TRUE,-0.12173103787943793,5
xyl_spp,tor_vir,0.13252247723534094,0.003051073711054106,0.27681578783500593,TRUE,0.1305666336620319,10
ips_typ,pha_cya,0.1324172149478542,0.06736635728970222,0.194313620238688,TRUE,0.3319830959491541,44
ope_spp,mel_spp,0.13209591602561493,0.01716336342236813,0.2380230888157722,TRUE,0.03399786445962709,7
ope_spp,tet_spp,0.1298977014342051,0.011960547434772081,0.221117318686178,TRUE,0.03576993202787229,6
ips_cem,bup_pin,-0.12866303728668751,-0.2658087866936165,-0.024208793156522305,TRUE,0.2035466331704299,8
ips_dup,lym_dis,-0.12817855552397678,-0.2666761713035496,-0.007012366094352196,TRUE,0.15564972812567052,8
ips_acu,era_def,-0.12784080255732783,-0.18544696534147914,-0.0566845806220446,TRUE,-0.053793562124768136,6
den_pin,dip_sp,0.12749775205305236,0.004379941784532581,0.24345389874899387,TRUE,0.3076445644869295,20
dip_sp,lym_mon,-0.1273354048213854,-0.21294185849756975,-0.040561125904586215,TRUE,0.1547481938926923,24
ips_sex,sco_int,0.12652456646939628,0.028756618893564515,0.21852588629415767,TRUE,0.20122306073413296,15
sco_int,ips_acu,0.12638212253778416,0.04109955665765695,0.22938738475771545,TRUE,0.31747639352144724,14
tom_spp,agr_big,0.12446048417401766,0.012117801499912225,0.24626944624977004,TRUE,0.33320232030004104,25
ips_typ,pan_fla,0.123780636029412,0.05264834004227177,0.1940970023630254,TRUE,0.18252690628935667,23
geo_db,xyl_spp,0.12367772296055819,0.03352791448598439,0.19781528949667518,TRUE,-0.05460910622914823,7
bup_pin,pan_fla,0.12361888333464986,0.011481211031696035,0.23521691242534165,TRUE,0.37370528267476955,20
sco_int,lym_mon,0.1235889877019269,9.285807099638582e-4,0.24008085012077768,TRUE,-0.04000021516017061,11
xyl_lin,sco_sco,0.12334245388616634,0.01633484394855744,0.27584919282309805,TRUE,0.20069455823759416,5
ips_dup,sco_rat,0.12264364408944825,0.012114819077195613,0.26286455686717014,TRUE,0.3479730093302379,8
sco_rat,tet_gab,0.12252891289950318,0.06800445184254032,0.20871050325403834,TRUE,0.05771493817705466,5
pit_cha,xyl_spp,0.12119023935485443,0.009497641476009299,0.24501846086633775,TRUE,0.22615246625169083,11
pha_cya,lym_dis,0.11986172595211916,0.034037627870858504,0.202277471403386,TRUE,0.2299865635285942,22
lym_dis,ips_acu,0.11929904697988425,0.024724870689311715,0.1980539194245449,TRUE,0.1966668850355266,16
geo_db,den_pin,0.11882877111804495,0.015349298551744078,0.22408357937117215,TRUE,0.2637857055493073,19
tor_vir,den_pin,0.11744826248079723,0.015061861732495707,0.2059073987892113,TRUE,0.15219879073042472,20
pha_cya,agr_big,0.11681629376257999,0.024180011937113187,0.20584801194483238,TRUE,0.3929146419422751,28
bup_pin,lym_dis,-0.1121504595258033,-0.1754245887243952,-0.01980182076454301,TRUE,0.19149794648436289,7
geo_db,pit_cha,0.11209932911191554,0.022870996989069612,0.21283293394911718,TRUE,-0.05655794378574977,8
pha_cya,tet_spp,0.11084126925623036,0.00913367226672911,0.27010651663327523,TRUE,0.145875328322962,8
Def_dec&DB,geo_db,0.11024541573478484,0.043248603516821464,0.16634427371152122,TRUE,-0.276865879437037,5
geo_db,tor_vir,0.1087851633234666,0.008403401818373336,0.20924989855851603,TRUE,0.13656241160943658,27
tha_pro,mel_spp,0.10871281639046086,0.02181798277956941,0.22597252124064746,TRUE,0.16625123070372314,8
mel_spp,ips_typ,-0.10814127133173466,-0.20775210378592437,-0.018021528720020535,TRUE,0.010766657902572162,26
dip_sp,xyl_spp,0.10775497876510091,0.035920249282502856,0.1818352141010671,TRUE,0.135597709708527,9
geo_db,agr_vir,-0.10737535965121071,-0.1655721634617271,-0.056303192498467394,TRUE,-0.17486371436479012,7
pis_pin,pha_cya,0.10675186230811488,0.0038894983101053736,0.20341722935306245,TRUE,0.38143548702689134,8
ope_spp,geo_db,-0.10638613516903994,-0.2076501640796739,-0.023482218433354695,TRUE,-0.22258703927661513,6
ips_cem,agr_vir,0.10600611826458711,0.040808278559927545,0.20241094641220533,TRUE,0.2848920006194881,9
ips_sex,pri_abi,-0.10552788322922879,-0.20008568978284857,-0.003079064456614719,TRUE,-0.09098833630814482,14
mel_spp,bup_pin,-0.1054457146660508,-0.19428546301233118,-0.010460281667148637,TRUE,0.22899176132458166,21
pol_pol,Def_dec&DB,-0.10535013903524977,-0.21058401611453836,-0.0072729523972579965,TRUE,-0.028681736429911037,8
agr_vir,sco_int,0.10504797776859455,0.026579375104506874,0.223280485658392,TRUE,0.2533880052668425,6
den_pin,pit_cha,0.10503698326387471,0.02229544137714969,0.19871043984244008,TRUE,0.2026225356910675,6
ips_sex,mel_spp,-0.10482838025616634,-0.1906517035128134,-0.008605728218038839,TRUE,0.04173545796708475,7
pri_abi,era_def,-0.10434101939510426,-0.17869048506554674,-0.03746182700525876,TRUE,0.03589811178666344,7
ips_typ,ips_acu,0.10362032300422636,0.033655185167477675,0.17194474853721228,TRUE,0.3132291187938481,34
bup_pin,den_pin,0.10327576802686123,0.0011059980306902235,0.20947531356207424,TRUE,0.36819042668057694,18
tor_vir,lym_mon,0.10149035749115408,0.02357209516069186,0.17870027768086724,TRUE,0.11814031501611885,24
xyl_lin,bup_pin,0.09980561153912491,1.8407806253434902e-4,0.23349108531829854,TRUE,0.29680306723036703,7
dip_sp,geo_db,0.09938008338500467,0.015833522821712968,0.18646970396900958,TRUE,0.05532400856922286,24
tor_vir,mel_spp,0.0986405352462071,0.01899799413058854,0.18801517363226425,TRUE,-0.013023978666001603,25
pha_cya,tom_spp,0.09861308232743904,0.01895540071506385,0.18030881993408837,TRUE,0.2878472325700574,41
lym_dis,ips_typ,0.09731955606172331,0.009133278915866353,0.19069203678606622,TRUE,0.24855116461298588,28
zei_gri,Def_dec&DB,0.0958780075316777,0.011305547167969594,0.181730523377608,TRUE,-0.09056968796497658,8
tom_spp,pit_spp,0.09572876165362654,0.007036090134496364,0.1991019425864076,TRUE,0.3528813147678372,18
pha_cya,mel_spp,0.09488066162957608,0.011142281066868254,0.19094684548998286,TRUE,0.12520730313614978,26
dip_sp,mel_spp,0.09402171179750612,0.021198488542013578,0.16483747024192535,TRUE,0.11513310156260939,24
ips_acu,pri_abi,-0.09396641679263958,-0.1919210738309396,-0.017615566028014437,TRUE,-0.12094874978760113,12
tor_vir,tet_spp,0.09390899888010235,0.02313747422807575,0.14680392810914492,TRUE,0.01577170983108481,7
sco_int,tom_spp,0.09283334010249635,0.0011633591953024523,0.18602622043770453,TRUE,0.1513395669561561,16
pit_spp,lym_mon,-0.09127072348592111,-0.174183295492408,-0.025143628327054315,TRUE,-0.24046379357533265,8
geo_db,ips_sex,-0.09058999154253047,-0.21058572997402875,-0.012374450688945889,TRUE,-0.14995425224255626,7
tom_spp,pha_cya,0.08846241523046691,0.00213491563518147,0.16788159800667565,TRUE,0.2878472325700574,41
lym_mon,pit_cha,0.08658522742926303,0.014945171810716059,0.18115841270747396,TRUE,0.136279183998604,9
lym_mon,pri_abi,0.08302766552577484,0.009760520771500662,0.15864711163191952,TRUE,0.19788204969515147,12
pit_bid,lym_dis,0.08166948855666988,0.007360854410925898,0.15642924352474957,TRUE,0.1751403150041175,5
tor_vir,pha_cya,0.08153912225217895,0.014298622055310205,0.1514890412246693,TRUE,0.018753908372652946,28
lym_dis,pha_cya,0.08039293006183208,0.006857888451890995,0.1592428842901512,TRUE,0.2299865635285942,22
tom_spp,ips_typ,0.0789008720435826,0.009702664223231575,0.15051174826149832,TRUE,0.27488646287240986,42
ips_sex,zei_gri,0.07820170063661099,0.005123880141119032,0.1396157696052128,TRUE,-0.10343016619441693,8
tor_vir,agr_big,0.07474169947114119,0.012634950698769213,0.13997959908300942,TRUE,0.16928675351966008,27
pan_fla,pis_pin,0.07187098210433078,0.026299129976843638,0.12209482069362984,TRUE,0.15477961051706823,6
pri_abi,agr_vir,0.07177107323134138,0.018947674908898076,0.14989367522962957,TRUE,-0.21430461722681685,6
pan_fla,ips_cem,0.06959738407179995,4.928072668083438e-4,0.14091958577834496,TRUE,0.17215975678270967,6
pan_fla,ips_typ,0.06632037802045472,0.005796698763159221,0.13825642556031942,TRUE,0.18252690628935667,23
era_def,den_pin,-0.05964416285677255,-0.09596393760954118,-0.020321344589839793,TRUE,0.05236952535273219,5
pit_spp,sco_sco,-0.8077458635531909,NA,NA,FALSE,-0.24660806558417117,1
pan_fla,CambXyl_con&MD,-0.7166487610809646,NA,NA,FALSE,0.23224287580754416,1
pol_pol,pit_cha,0.6457760066545745,NA,NA,FALSE,0.6183597328246233,1
bup_pin,tha_pit,-0.6382277760466324,NA,NA,FALSE,-0.6439950439766439,1
tet_spp,zei_gri,0.6091734142726315,NA,NA,FALSE,-0.09766853508096923,1
xyl_spp,zei_gri,-0.6026872820149988,NA,NA,FALSE,-0.15610350462591693,1
zei_gri,xyl_lin,-0.5871074759029609,NA,NA,FALSE,0.02333864118750081,1
ips_ami,pri_abi,0.5835545998231494,NA,NA,FALSE,0.14869694535119574,1
agr_vir,CambXyl_con&MD,0.5642601206069141,NA,NA,FALSE,0.23955636739227198,1
Def_dec&DB,tha_pit,0.5421482325666062,NA,NA,FALSE,0.4899013852018552,1
era_def,tha_pit,-0.5417252213451912,NA,NA,FALSE,-0.5340941073139082,1
tha_pit,era_def,-0.5249677789812481,NA,NA,FALSE,-0.5340941073139082,1
xyl_spp,tha_pit,0.5207433354528427,NA,NA,FALSE,-0.6727864719718979,1
pis_pin,den_mic,0.520317513584411,NA,NA,FALSE,0.2296257921084678,1
Def_dec,ips_typ,0.5162098400762287,NA,NA,FALSE,0.06621435755806492,2
Def_dec,pit_bid,0.5127716915333633,NA,NA,FALSE,-0.0031573234898099527,1
ips_dup,tet_gab,-0.511109695235633,NA,NA,FALSE,-0.31806627958700223,2
pit_bid,CambXyl_con&MD,0.49999353826595233,NA,NA,FALSE,-0.287018411535239,1
tha_pit,agr_big,0.4902379996410794,NA,NA,FALSE,0.22386911130466447,1
lym_mon,CambXyl_con&BB_con&BO,0.4876149240549565,NA,NA,FALSE,0.7936260747343145,1
tha_pro,sco_rat,0.48421836558094017,NA,NA,FALSE,0.2139351897881134,2
sco_sco,pol_pol,-0.48266159978939266,NA,NA,FALSE,0.1292409422107587,1
sco_sco,CambXyl_con&BO,0.48235943089465416,NA,NA,FALSE,-0.18168488756377726,1
CambXyl_con&BB_con&BO,lym_mon,0.48053563727602217,NA,NA,FALSE,0.7936260747343145,1
ips_ami,ope_spp,-0.4748886957231036,NA,NA,FALSE,0.5319562092489521,1
tha_pit,tom_spp,0.4643755507007259,NA,NA,FALSE,0.42526525436470464,1
tha_pit,xyl_spp,-0.45769917980221103,NA,NA,FALSE,-0.6727864719718979,1
dip_sp,CambXyl_con&BB_con&SM,-0.45443796351986515,NA,NA,FALSE,-0.26143808090395076,2
ips_dup,pan_fla,0.44931918518122077,NA,NA,FALSE,0.32904230358377695,1
Def_dec,pit_cha,0.4435380959114494,NA,NA,FALSE,-0.08651135198533992,2
xyl_lin,CambXyl_con&BO,0.43325438578815106,NA,NA,FALSE,0.36282935360827007,2
CambXyl_con&BB_con&BO,pan_fla,0.4321097149555742,NA,NA,FALSE,0.8048371230685313,1
sco_sco,neo_ser,0.4306075322251751,NA,NA,FALSE,0.24111443417023712,2
CambXyl_con&MD,pis_pin,-0.42866403447791557,NA,NA,FALSE,-0.4132447049303443,1
tha_pit,pit_spp,0.428269449037451,NA,NA,FALSE,0.0395373576969938,1
xyl_spp,den_mic,-0.4269736302830006,NA,NA,FALSE,-0.0825349731013383,1
CambXyl_con&BB_con&BO,tha_pit,-0.4267874664265783,NA,NA,FALSE,-0.6217247719356802,1
den_mic,den_pin,0.42272318988328567,NA,NA,FALSE,0.4329575969819365,1
den_pin,Def_dec,-0.42089048585241445,NA,NA,FALSE,-0.08850993486026422,1
CambXyl_con&MD,uro_sir_spp,-0.41192625978434827,NA,NA,FALSE,-0.287018411535239,1
tha_pit,bup_pin,-0.4090993004466182,NA,NA,FALSE,-0.6439950439766439,1
tha_pit,pha_cya,0.40740073027713347,NA,NA,FALSE,0.38795166376655693,1
xyl_spp,CambXyl_con&MD,-0.40655410297362915,NA,NA,FALSE,0.3834003930964955,1
lym_dis,den_mic,0.40333048807783584,NA,NA,FALSE,0.27699953281394063,1
tha_pro,CambXyl_con&MD,0.39909139193141957,NA,NA,FALSE,0.6669559593540159,1
pan_fla,uro_sir_spp,-0.3887625768982944,NA,NA,FALSE,-0.09349088024409397,1
xyl_lin,sco_rat,0.3873444620841895,NA,NA,FALSE,0.1887369291439691,3
pit_cha,tha_pit,0.3869187090538969,NA,NA,FALSE,0.415623705184031,1
ips_ami,agr_vir,-0.3814347761205925,NA,NA,FALSE,-0.06261931301983985,2
ope_spp,CambXyl_con&BB_con&BO,0.38108612377057993,NA,NA,FALSE,-0.18464281038198482,2
tha_pit,pri_abi,0.380118918113371,NA,NA,FALSE,-0.2726532185868306,1
pis_pin,uro_sir_spp,0.3787178822904155,NA,NA,FALSE,-0.006111886103271918,2
pol_pol,den_mic,0.37721327695384554,NA,NA,FALSE,-0.2456644615835504,2
tet_gab,cep_spp,-0.37647806874599793,NA,NA,FALSE,0.30764492106557895,2
xyl_spp,Def_dec,0.3600247592055485,NA,NA,FALSE,-0.04790893656529612,2
tom_spp,tha_pit,-0.35959282263468645,NA,NA,FALSE,0.42526525436470464,1
CambXyl_con&BB_con&SM,ope_spp,0.35424188342789376,NA,NA,FALSE,-0.15383990674347625,2
agr_big,ips_ami,0.35379244490267325,NA,NA,FALSE,0.3081380685253343,2
zei_gri,den_pin,-0.34849366462203485,NA,NA,FALSE,-0.19018198491410837,1
Def_dec,tha_pro,-0.3480333509237578,NA,NA,FALSE,0.024091422145301643,1
pri_abi,ips_ami,-0.34441011682227213,NA,NA,FALSE,0.14869694535119574,1
tet_spp,ips_ami,0.3419509653159349,NA,NA,FALSE,-0.11020898297785141,2
zei_gri,den_mic,0.34171372890886226,NA,NA,FALSE,-0.0968452048716532,1
xyl_lin,den_mic,-0.340806639838581,NA,NA,FALSE,-0.03725343431019633,1
zei_gri,pit_bid,-0.3394203699036661,NA,NA,FALSE,-0.3778711320327924,1
den_pin,zei_gri,0.33941046847370737,NA,NA,FALSE,-0.19018198491410837,1
neo_ser,dip_sp,-0.33862811695553896,NA,NA,FALSE,-0.10710353437588324,2
pit_cha,pol_pol,0.3372747148563735,NA,NA,FALSE,0.6183597328246233,1
uro_sir_spp,CambXyl_con&BO,-0.3347409803474857,NA,NA,FALSE,-0.126315074110525,1
sco_sco,tha_pro,0.3341216829462834,NA,NA,FALSE,0.41222709841054606,4
CambXyl_con&BB_con&BO,ips_sex,0.3334015666526399,NA,NA,FALSE,-0.2755842068346394,2
agr_big,sco_rat,0.3324768258461171,NA,NA,FALSE,0.6533638926742446,3
den_pin,tha_pit,-0.3321344059049086,NA,NA,FALSE,-0.46113821271489674,1
bup_pin,uro_sir_spp,0.3293588932080968,NA,NA,FALSE,0.03649087514490206,2
pha_cya,ips_ami,0.329229823225407,NA,NA,FALSE,-0.14741145945235332,2
den_mic,tet_gab,-0.3288540507657411,NA,NA,FALSE,0.22979319190479602,1
den_mic,xyl_lin,-0.3280184848841761,NA,NA,FALSE,-0.03725343431019633,1
neo_ser,pan_fla,0.32443778027827513,NA,NA,FALSE,-0.06386657507055891,3
CambXyl_con&BO,geo_db,0.3243271947207677,NA,NA,FALSE,0.07504624600914299,2
dip_sp,den_mic,0.32078597422512817,NA,NA,FALSE,0.18673725823522513,1
tor_vir,pol_pol,0.32070751923262064,NA,NA,FALSE,0.3738754014462137,1
uro_sir_spp,den_mic,-0.3205449708516756,NA,NA,FALSE,-0.045454545454545456,1
tha_pit,geo_db,0.3203345903507563,NA,NA,FALSE,0.2675037506267358,3
den_mic,tet_spp,0.3201928257162213,NA,NA,FALSE,0.3388119209471302,1
dip_sp,neo_ser,0.3198553676962645,NA,NA,FALSE,-0.10710353437588324,2
pis_pin,tha_pit,-0.3190736604587956,NA,NA,FALSE,-0.15133556560130884,1
den_mic,dip_sp,-0.3183687469182879,NA,NA,FALSE,0.18673725823522513,1
ope_spp,CambXyl_con&MD,0.3178026062769689,NA,NA,FALSE,-0.27135129003727565,1
sco_sco,ips_ami,0.31757215596235344,NA,NA,FALSE,0.3575384771325581,2
pit_bid,Def_dec&DB,0.31727569152517565,NA,NA,FALSE,-0.0435202252672427,3
ope_spp,ips_ami,0.3170615135473413,NA,NA,FALSE,0.5319562092489521,1
tet_gab,pit_bid,0.3152406320057668,NA,NA,FALSE,0.2958822072737022,4
pit_bid,neo_ser,0.3151594575394442,NA,NA,FALSE,0.24915579607054422,2
sco_rat,geo_db,0.31254707987552627,NA,NA,FALSE,0.20291615973181779,3
pol_pol,tor_vir,0.3103480754994888,NA,NA,FALSE,0.3738754014462137,1
xyl_spp,sco_rat,0.30871174016510156,NA,NA,FALSE,0.24421893598324806,3
tha_pit,tet_spp,-0.30770259729755267,NA,NA,FALSE,-0.19185599655687058,1
neo_ser,uro_sir_spp,0.3075254588003359,NA,NA,FALSE,0.15045390445454052,1
sco_sco,Def_dec,0.3061160926603189,NA,NA,FALSE,-0.09494059709301478,1
CambXyl_con&BB_con&BO,sco_int,0.3056765009217673,NA,NA,FALSE,0.3654961652028063,2
ips_cem,sco_rat,0.3045607393303956,NA,NA,FALSE,0.35525391499078646,3
den_mic,lym_mon,-0.3038596642960272,NA,NA,FALSE,-0.20031172025825586,1
tha_pit,lym_mon,-0.3023295049877197,NA,NA,FALSE,-0.45812713815045525,1
tom_spp,CambXyl_con&BO,-0.2993427061343975,NA,NA,FALSE,-0.2999851652308982,2
CambXyl_con&BO,tha_pro,0.29551848102040373,NA,NA,FALSE,0.2753810185803453,2
den_mic,ips_ami,-0.2949050417760701,NA,NA,FALSE,-0.16489564030321066,1
tha_pit,xyl_lin,-0.2936353628315825,NA,NA,FALSE,-0.879837319677754,1
tet_gab,den_mic,-0.29254688945401564,NA,NA,FALSE,0.22979319190479602,1
ips_ami,den_pin,-0.29183367336971777,NA,NA,FALSE,0.15747503237031577,1
CambXyl_con&MD,ope_spp,0.2897326029120916,NA,NA,FALSE,-0.27135129003727565,1
zei_gri,geo_db,-0.28893169212934666,NA,NA,FALSE,-0.11970291279339365,1
ips_sex,pit_bid,0.2888521841924491,-0.05424235146581796,0.5657021000915886,FALSE,0.5263323495026262,5
Def_dec,pha_cya,0.28815523217106925,NA,NA,FALSE,0.014916770907577396,2
pis_pin,CambXyl_con&BO,-0.2847273226247388,NA,NA,FALSE,-0.1818665055313,1
dip_sp,pol_pol,-0.28463290625664833,NA,NA,FALSE,7.0041247750066e-4,1
neo_ser,cep_spp,0.28424725456700145,NA,NA,FALSE,-0.05881882010846213,2
tha_pro,pit_spp,-0.28408552324146225,NA,NA,FALSE,0.16531744195920015,4
ips_ami,sco_sco,-0.2831691935458422,NA,NA,FALSE,0.3575384771325581,2
pit_cha,sco_rat,0.28161695736444603,NA,NA,FALSE,0.3255521694996514,4
dip_sp,CambXyl_con&MD,-0.28145333997301475,NA,NA,FALSE,-0.15203047166365852,1
mel_spp,tha_pit,-0.28114146482208996,NA,NA,FALSE,-0.30624404663563387,1
CambXyl_con&BO,CambXyl_con&BB_con&SM,0.2809981017672947,NA,NA,FALSE,0.21620744598922761,2
ips_cem,neo_ser,0.2800783749622339,NA,NA,FALSE,0.21391879719449855,2
ips_acu,CambXyl_con&BB_con&BO,0.2786893148830645,NA,NA,FALSE,-0.20007759886663357,3
uro_sir_spp,xyl_lin,-0.27855494671695263,NA,NA,FALSE,0.19568165715823388,4
xyl_spp,CambXyl_con&BO,0.27637973969490204,NA,NA,FALSE,0.25422927671137563,2
pis_pin,sco_rat,0.2760614051268903,NA,NA,FALSE,0.36348986828610524,4
ips_dup,pit_cha,-0.27586936168797566,NA,NA,FALSE,-0.16718987394725757,1
tha_pit,Def_dec&DB,0.27567639894641804,NA,NA,FALSE,0.4899013852018552,1
CambXyl_con&BB_con&BO,uro_sir_spp,0.2741037119999459,NA,NA,FALSE,0.20163660776972783,1
ips_sex,uro_sir_spp,0.27374396894438113,NA,NA,FALSE,0.1909167036277084,3
uro_sir_spp,CambXyl_con&BB_con&BO,-0.2733979026786325,NA,NA,FALSE,0.20163660776972783,1
den_mic,cep_spp,-0.27318589403787646,NA,NA,FALSE,-0.10852937104017223,1
zei_gri,dip_sp,-0.27284836271449964,NA,NA,FALSE,-0.09256578997880191,1
tor_vir,sco_rat,0.2721915270663528,NA,NA,FALSE,0.2995362181624372,4
tha_pro,CambXyl_con&BO,0.27085637342743496,NA,NA,FALSE,0.2753810185803453,2
uro_sir_spp,ips_sex,0.2698650520086554,NA,NA,FALSE,0.1909167036277084,3
sco_int,Def_dec,-0.2694123963880251,NA,NA,FALSE,0.0391640041483102,2
xyl_lin,tha_pit,-0.2679238423131938,NA,NA,FALSE,-0.879837319677754,1
CambXyl_con&BB_con&BO,pri_abi,0.2671503765614707,NA,NA,FALSE,0.11332176360300306,1
tha_pro,den_mic,-0.26106252360006,NA,NA,FALSE,-0.04545454545454546,1
CambXyl_con&BO,pha_cya,0.2609528578546188,NA,NA,FALSE,-0.2775604572294517,2
ope_spp,sco_rat,0.26085303213716393,NA,NA,FALSE,-0.08381725113691679,2
bup_pin,sco_sco,0.2605313380439287,NA,NA,FALSE,0.11569773106173332,3
agr_big,den_mic,-0.2600886731034936,NA,NA,FALSE,0.24910932455580456,1
pit_spp,uro_sir_spp,0.25981257038249705,NA,NA,FALSE,0.18953046743086874,2
CambXyl_con&BB_con&BO,pis_pin,0.2575912515067415,NA,NA,FALSE,0.4323093313081473,2
lym_dis,CambXyl_con&BO,0.25591424775533267,NA,NA,FALSE,-0.22368969366303829,2
CambXyl_con&BB_con&BO,CambXyl_con&BO,-0.25558735135433885,NA,NA,FALSE,-0.015700260870400468,2
Def_dec,sco_int,0.25515405125381246,NA,NA,FALSE,0.0391640041483102,2
agr_vir,den_mic,-0.25364124686987355,NA,NA,FALSE,0.7693546402599964,1
CambXyl_con&MD,ips_cem,0.25240956254556096,NA,NA,FALSE,-0.5080285918640388,1
xyl_lin,ips_ami,0.2523484331077498,NA,NA,FALSE,0.3835526025622549,2
CambXyl_con&MD,tet_spp,-0.2510834433836747,NA,NA,FALSE,-0.3141758054767339,1
pit_spp,pis_pin,0.2509243909618035,NA,NA,FALSE,0.16778578762789031,1
pri_abi,Def_dec,0.2505846742100722,NA,NA,FALSE,0.034752146176104705,2
tor_vir,CambXyl_con&MD,0.25055138262678567,NA,NA,FALSE,-0.1878748028105495,1
pit_cha,CambXyl_con&BO,-0.24779924807715645,NA,NA,FALSE,0.19946240844398355,3
CambXyl_con&BO,xyl_spp,0.24766935778326904,NA,NA,FALSE,0.25422927671137563,2
tet_gab,tha_pit,-0.24683762708922322,NA,NA,FALSE,-0.2561056600274978,1
ips_ami,xyl_spp,0.24633527721143736,NA,NA,FALSE,0.2110998605754242,2
pha_cya,tha_pit,0.2458205207120196,NA,NA,FALSE,0.38795166376655693,1
CambXyl_con&BO,CambXyl_con&BB_con&BO,0.2453515710205368,NA,NA,FALSE,-0.015700260870400468,2
CambXyl_con&BB_con&BO,xyl_lin,-0.24510775672632318,NA,NA,FALSE,-0.38622899102215574,2
mel_spp,zei_gri,0.24494923241814748,NA,NA,FALSE,0.14383660286916528,1
agr_big,CambXyl_con&BO,-0.24441895826373577,NA,NA,FALSE,-0.48523093396203837,2
era_def,ips_ami,0.24286666935483575,NA,NA,FALSE,0.34190697442748985,2
tet_gab,ips_dup,0.24193416036122783,NA,NA,FALSE,-0.31806627958700223,2
pis_pin,neo_ser,0.2411664147103855,NA,NA,FALSE,0.028240597159295108,2
ips_acu,ips_ami,-0.24077768811870479,NA,NA,FALSE,-0.041114849524094416,1
pha_cya,uro_sir_spp,0.2406823680188197,NA,NA,FALSE,0.21537837496359108,4
neo_ser,lym_dis,0.23614597879706983,NA,NA,FALSE,0.08413804906744832,4
den_mic,pol_pol,0.23476959794159086,NA,NA,FALSE,-0.2456644615835504,2
CambXyl_con&MD,pit_cha,0.23432237411168047,NA,NA,FALSE,-0.43752968401052406,1
zei_gri,pan_fla,0.2341267991852304,NA,NA,FALSE,0.2894964075144088,2
lym_dis,CambXyl_con&BB_con&SM,0.2338406115724126,NA,NA,FALSE,0.08992415101059414,2
Def_dec,zei_gri,-0.23382225820033495,NA,NA,FALSE,-0.09766853508096923,1
ips_sex,CambXyl_con&BO,-0.23144862171211567,NA,NA,FALSE,-0.16923579078471165,2
neo_ser,ips_dup,-0.231094991612749,NA,NA,FALSE,-0.39445704818924987,2
neo_ser,ope_spp,-0.23042604258113933,NA,NA,FALSE,0.2608398767546145,2
uro_sir_spp,lym_dis,0.23016371338330185,NA,NA,FALSE,0.1704052472932392,3
den_mic,ips_acu,-0.229681191169158,NA,NA,FALSE,0.005844293675881043,2
CambXyl_con&BO,era_def,-0.22936265948307222,NA,NA,FALSE,-0.17031205440760822,2
lym_dis,Def_dec,-0.22739159358061262,NA,NA,FALSE,-0.1584249882659077,2
tet_gab,Def_dec,0.22664033373787734,NA,NA,FALSE,-0.05760786018903338,2
CambXyl_con&BO,mel_spp,0.22404376886928506,NA,NA,FALSE,-0.0670962167597237,2
den_mic,ope_spp,-0.2227621973722699,NA,NA,FALSE,-0.11206835021885247,1
neo_ser,sco_sco,-0.2227384608521545,NA,NA,FALSE,0.24111443417023712,2
tha_pit,pit_bid,0.21983034281720912,NA,NA,FALSE,0.20749572935287808,1
Def_dec&DB,den_mic,0.21968863419086526,NA,NA,FALSE,0.44936409809977634,1
ips_cem,ips_ami,0.21948193926867446,NA,NA,FALSE,-0.005332224534492878,2
ips_ami,sco_int,0.21894452378342935,NA,NA,FALSE,0.22680942530306233,2
tha_pit,pit_cha,0.21737789802826615,NA,NA,FALSE,0.415623705184031,1
ips_ami,mel_spp,-0.21615098615480632,NA,NA,FALSE,-0.17267375081949468,1
era_def,sco_sco,-0.2145668873498204,NA,NA,FALSE,0.12399104923770464,4
pan_fla,sco_rat,0.2139060794204043,-0.09855527921606498,0.4483573126726371,FALSE,-0.1160457869139796,5
tha_pro,neo_ser,0.21234233208109038,NA,NA,FALSE,0.2701441526624266,1
sco_rat,tha_pro,-0.21184483658343606,NA,NA,FALSE,0.2139351897881134,2
ips_sex,CambXyl_con&BB_con&BO,0.21149526186444295,NA,NA,FALSE,-0.2755842068346394,2
neo_ser,tet_gab,-0.21148011082449836,NA,NA,FALSE,-0.010692954811966159,3
ips_dup,geo_db,-0.21107050061702923,NA,NA,FALSE,-0.3392287054820189,1
pis_pin,CambXyl_con&MD,0.21085309320072376,NA,NA,FALSE,-0.4132447049303443,1
uro_sir_spp,CambXyl_con&MD,-0.2108175622628693,NA,NA,FALSE,-0.287018411535239,1
tha_pro,pis_pin,0.2105498713682961,-0.0020495656793424115,0.4628909799635232,FALSE,0.1018585202072589,6
ope_spp,neo_ser,0.21039322474133595,NA,NA,FALSE,0.2608398767546145,2
lym_mon,den_mic,-0.210024893863122,NA,NA,FALSE,-0.20031172025825586,1
ips_sex,tha_pit,0.20994227050765882,NA,NA,FALSE,0.2667011231882058,2
pit_bid,sco_rat,0.2097794708263593,NA,NA,FALSE,0.4613483122109086,3
ips_acu,tha_pit,0.2084058519887845,NA,NA,FALSE,0.3570891304862017,2
pit_spp,den_mic,0.2083053795531655,NA,NA,FALSE,0.0650932592453634,1
Def_dec,dip_sp,0.20728745950299873,NA,NA,FALSE,-0.15123501397980835,1
lym_mon,ips_ami,0.20707602542435882,NA,NA,FALSE,-0.26067803201986134,1
sco_sco,den_mic,0.20521702025397018,NA,NA,FALSE,-0.09456034591249297,2
Def_dec,mel_spp,-0.20392073602868557,NA,NA,FALSE,-0.1150527484178654,2
pit_bid,ips_ami,0.20339409607133155,NA,NA,FALSE,0.027711524102041963,1
neo_ser,ips_cem,-0.20267784474002207,NA,NA,FALSE,0.21391879719449855,2
pis_pin,zei_gri,-0.20193170525096427,NA,NA,FALSE,0.04548936441277936,1
den_mic,ips_typ,-0.19990588185966104,NA,NA,FALSE,-0.1161791207461158,3
den_pin,tet_gab,0.19966091614165443,-0.03589229023463315,0.41857224535253845,FALSE,0.007299186530976299,5
tha_pit,tor_vir,-0.1992874418025155,NA,NA,FALSE,-0.2553699518564751,2
pol_pol,geo_db,0.19870081971567324,NA,NA,FALSE,0.4747352618651723,1
Def_dec,sco_sco,0.197502946984571,NA,NA,FALSE,-0.09494059709301478,1
CambXyl_con&BO,tor_vir,-0.19720544860217676,NA,NA,FALSE,-0.11718395903150548,2
pan_fla,ope_spp,0.19642724541330997,NA,NA,FALSE,-0.012231036206837355,4
den_mic,geo_db,-0.195889845721323,NA,NA,FALSE,-0.27284088622532837,1
agr_vir,pit_bid,0.1956921006536416,NA,NA,FALSE,0.4054515066097496,4
sco_rat,den_pin,0.1954838794784467,NA,NA,FALSE,0.24020833554626667,4
CambXyl_con&MD,agr_big,-0.19546570454299605,NA,NA,FALSE,-0.5679302367098098,1
tha_pro,ips_ami,0.19517166834993502,NA,NA,FALSE,-0.035764258743985505,2
uro_sir_spp,era_def,0.19428526112306307,NA,NA,FALSE,-0.11916955122736426,3
ope_spp,Def_dec&DB,0.19402933355407487,-0.037412410512687275,0.47461695825745864,FALSE,-0.10950511630780273,5
pis_pin,pan_fla,-0.19389035143413755,-0.40151213896552895,0.061573859497004994,FALSE,0.15477961051706823,6
pit_spp,tha_pit,-0.19380039379788067,NA,NA,FALSE,0.0395373576969938,1
CambXyl_con&MD,pit_bid,-0.19319828335129316,NA,NA,FALSE,-0.287018411535239,1
ips_ami,agr_big,-0.19310670379302258,NA,NA,FALSE,0.3081380685253343,2
xyl_spp,pit_bid,0.19307164243536962,-0.0899850807209122,0.5042196327092126,FALSE,0.2921792341093277,5
agr_vir,CambXyl_con&BB_con&SM,0.19258564460348354,NA,NA,FALSE,0.24630907020242818,2
pis_pin,Def_dec&DB,0.19248450897582528,-0.11725460954363828,0.4414496613747353,FALSE,0.2510610297675176,5
pol_pol,dip_sp,-0.19246130609719914,NA,NA,FALSE,7.0041247750066e-4,1
pan_fla,CambXyl_con&BB_con&BO,-0.19075041304461432,NA,NA,FALSE,0.8048371230685313,1
sco_sco,CambXyl_con&BB_con&SM,-0.19071646824323374,NA,NA,FALSE,-0.2676943929006886,1
tet_spp,den_mic,-0.189542749635902,NA,NA,FALSE,0.3388119209471302,1
pit_bid,uro_sir_spp,0.189472559235333,NA,NA,FALSE,0.11832848278078659,2
tha_pro,sco_int,0.18938650932584125,-0.042726075181784486,0.4703266658835061,FALSE,0.127151222308722,7
Def_dec&DB,sco_sco,0.1889909165855906,NA,NA,FALSE,0.017143124488312525,3
tha_pit,tha_pro,-0.18824073712172243,NA,NA,FALSE,0.1005071363815457,1
ips_typ,ips_ami,0.18787795148872058,NA,NA,FALSE,-0.13570534654602873,2
cep_spp,neo_ser,0.18715982004283552,NA,NA,FALSE,-0.05881882010846213,2
uro_sir_spp,pha_cya,0.18682863959432147,NA,NA,FALSE,0.21537837496359108,4
sco_int,CambXyl_con&BO,-0.1847554213923318,NA,NA,FALSE,0.4226891249451951,2
CambXyl_con&MD,tet_gab,0.18460913405802393,NA,NA,FALSE,-0.28844313453319853,3
lym_dis,CambXyl_con&MD,-0.1844234513293968,-0.34893113388004127,0.004645527587286757,FALSE,-0.06913806778621184,7
ips_cem,Def_dec,-0.18442266558789877,NA,NA,FALSE,-0.19007771378048055,2
dip_sp,zei_gri,-0.18406203860939563,NA,NA,FALSE,-0.09256578997880191,1
ips_acu,sco_sco,0.18178284388091828,-0.026797636514028545,0.4287994902063491,FALSE,3.8587904247209203e-4,5
bup_pin,sco_rat,0.1817519915817776,NA,NA,FALSE,-0.058508791031153064,3
agr_vir,neo_ser,0.18169067520583476,NA,NA,FALSE,0.24284748902538117,1
pit_bid,zei_gri,-0.17974106301368642,NA,NA,FALSE,-0.3778711320327924,1
era_def,uro_sir_spp,-0.1797289324982454,NA,NA,FALSE,-0.11916955122736426,3
tom_spp,Def_dec,0.1791105514400994,NA,NA,FALSE,-0.2917135929147534,2
ips_acu,CambXyl_con&BB_con&SM,-0.17891119159705404,NA,NA,FALSE,-0.051170256560591244,2
zei_gri,pit_cha,0.17889135441580753,NA,NA,FALSE,-0.08515120707103326,1
CambXyl_con&BB_con&SM,tet_gab,-0.17694533255117587,NA,NA,FALSE,-0.41562211067990973,2
CambXyl_con&BB_con&SM,geo_db,0.17659723756690623,NA,NA,FALSE,0.04182563996401112,2
den_mic,tor_vir,-0.17638091174934978,NA,NA,FALSE,-0.052440742082064465,2
CambXyl_con&MD,tor_vir,-0.17613854439551066,NA,NA,FALSE,-0.1878748028105495,1
tha_pit,ips_sex,0.1755700089601838,NA,NA,FALSE,0.2667011231882058,2
tha_pro,Def_dec,0.1755562110526163,NA,NA,FALSE,0.024091422145301643,1
ips_cem,tet_gab,0.17546943453061148,-0.013773811514147508,0.3847755966904165,FALSE,0.40139010006928144,9
tor_vir,den_mic,-0.1754020199227336,NA,NA,FALSE,-0.052440742082064465,2
bup_pin,tet_gab,0.17531749908850544,-0.041020683131723405,0.3972050276643911,FALSE,0.3561664914978123,6
ips_ami,tom_spp,-0.17516477851860338,NA,NA,FALSE,-0.07414805479336577,2
pha_cya,neo_ser,0.17421256180714265,NA,NA,FALSE,0.07923805408676056,4
tha_pit,tet_gab,-0.17417880130670668,NA,NA,FALSE,-0.2561056600274978,1
lym_mon,sco_sco,0.17378778985226676,NA,NA,FALSE,0.18368714760379748,4
pit_cha,ips_ami,0.17337541565870665,NA,NA,FALSE,0.07346028329919875,2
CambXyl_con&BO,pit_bid,-0.17300564795424334,NA,NA,FALSE,-0.126315074110525,1
zei_gri,ips_cem,-0.17266985754325556,NA,NA,FALSE,-0.15296503764945543,1
CambXyl_con&BB_con&SM,CambXyl_con&MD,0.17249815870530266,NA,NA,FALSE,0.5425991896891499,1
ips_sex,pis_pin,0.17244459705630327,-0.041567192027292095,0.3324196477315836,FALSE,0.3714874913521598,6
bup_pin,neo_ser,0.17168852084208863,NA,NA,FALSE,-0.1060048844379545,2
ips_ami,ips_sex,-0.17107671967408108,NA,NA,FALSE,-0.06668262929957959,1
CambXyl_con&BB_con&SM,sco_sco,-0.17088932245253802,NA,NA,FALSE,-0.2676943929006886,1
xyl_spp,ips_ami,0.1706189850392043,NA,NA,FALSE,0.2110998605754242,2
xyl_lin,pis_pin,0.17058223452856022,-0.034189220642654845,0.36526473842012963,FALSE,0.21742164189690152,6
pol_pol,pis_pin,0.16929165178591615,NA,NA,FALSE,0.5437025759288647,1
ips_sex,ips_acu,0.16925539176616453,-0.04493075993028794,0.3584398480210938,FALSE,0.4483831596781036,15
Def_dec&DB,neo_ser,-0.16900581846192161,NA,NA,FALSE,0.05722014899959021,3
Def_dec,ips_acu,0.1688430375125388,NA,NA,FALSE,-0.05066524086339646,1
sco_int,neo_ser,0.16875332263770068,NA,NA,FALSE,-0.04836315575315628,4
ips_sex,ips_ami,0.16875251055991025,NA,NA,FALSE,-0.06668262929957959,1
CambXyl_con&BO,ips_acu,-0.1687510721241933,NA,NA,FALSE,-0.14309502033855018,2
CambXyl_con&MD,den_mic,-0.16849902805075298,NA,NA,FALSE,-0.019165484321685695,1
CambXyl_con&BB_con&BO,xyl_spp,-0.16830769534741918,NA,NA,FALSE,0.018922301649942113,3
pri_abi,bup_pin,0.16798291192574466,-0.042624908622948376,0.31983191670194955,FALSE,0.11207858376349693,7
tet_spp,mel_spp,0.1671066656449427,-0.031326610391984706,0.3702289768278137,FALSE,0.3689755364368466,7
tha_pro,CambXyl_con&BB_con&SM,0.16701506786582193,NA,NA,FALSE,0.3129135890893612,2
ips_cem,pha_cya,0.1668617131569272,-0.023082996578881045,0.3356464335458943,FALSE,0.501503437783238,11
agr_vir,tha_pro,0.16671651102965324,-0.05234540545092937,0.3744025791057105,FALSE,0.22867607226968842,8
pis_pin,xyl_spp,0.16657942706790735,-0.01743786228866453,0.3382329738798783,FALSE,0.3833883761546389,7
CambXyl_con&BO,dip_sp,-0.1662413290334256,NA,NA,FALSE,-0.2197696264453036,2
pol_pol,neo_ser,0.1657865856593548,NA,NA,FALSE,0.1421798470928714,2
CambXyl_con&BB_con&SM,tet_spp,-0.1654670865956747,NA,NA,FALSE,-0.13533920230271942,2
geo_db,CambXyl_con&BB_con&SM,0.16510094844319673,NA,NA,FALSE,0.04182563996401112,2
ips_acu,pol_pol,0.16506356091215021,-0.028724083210525667,0.36218562101208834,FALSE,0.28957731621901056,9
uro_sir_spp,bup_pin,0.16491427347634513,NA,NA,FALSE,0.03649087514490206,2
tor_vir,ips_ami,0.16465693771632672,NA,NA,FALSE,0.3188396202796396,2
xyl_lin,CambXyl_con&MD,-0.16445803420766691,NA,NA,FALSE,0.4395034611066269,1
neo_ser,ips_sex,-0.1640289300991008,-0.30477678593884716,0.03309423970666094,FALSE,0.10248287218136404,5
CambXyl_con&MD,mel_spp,0.16354755701510876,NA,NA,FALSE,-0.37181353861969174,1
pit_cha,pit_spp,0.16354175582962913,-0.00917393317165302,0.33620102675406544,FALSE,0.31562567503059846,12
pit_bid,pri_abi,0.16324504454256702,-0.05289940671992959,0.32778721822249346,FALSE,0.05320308063758207,5
sco_sco,geo_db,0.16242627604497936,NA,NA,FALSE,-0.11860037420234268,4
CambXyl_con&BB_con&SM,tom_spp,0.16205938701020223,NA,NA,FALSE,0.12721567842373077,2
tet_spp,pis_pin,0.16200956021877508,NA,NA,FALSE,0.32143307968465457,4
pit_spp,sco_rat,0.16193245559972447,-0.07015399054509641,0.3824489294678079,FALSE,0.4080050912537393,8
cep_spp,tet_gab,0.16149065731594686,NA,NA,FALSE,0.30764492106557895,2
ips_ami,lym_mon,-0.16113556245992744,NA,NA,FALSE,-0.26067803201986134,1
pis_pin,pol_pol,0.16030848792463878,NA,NA,FALSE,0.5437025759288647,1
ope_spp,zei_gri,-0.15936600885970706,NA,NA,FALSE,0.12688204890511523,1
Def_dec,agr_big,0.15925924934249527,NA,NA,FALSE,0.041005586539887035,2
pri_abi,den_mic,0.15851179248689096,NA,NA,FALSE,0.4021470672164959,1
xyl_spp,sco_sco,0.1584560983360456,-9.482713831023878e-4,0.3266691298931169,FALSE,0.14706445812982097,5
ips_ami,dip_sp,0.15833345522394507,NA,NA,FALSE,-0.1699389648885799,1
tet_gab,neo_ser,0.15829623327939582,NA,NA,FALSE,-0.010692954811966159,3
pit_spp,bup_pin,-0.15676924968734354,NA,NA,FALSE,-0.10279297904618881,2
den_mic,era_def,-0.15606020651683727,NA,NA,FALSE,-0.11215048658060106,1
ips_cem,uro_sir_spp,0.15534846856097576,NA,NA,FALSE,0.2577401890352104,4
pis_pin,pit_bid,0.1550971308766219,-0.053699015406623536,0.32733105500597404,FALSE,0.4183824476545878,5
xyl_spp,den_pin,0.15504845316280846,-0.013248051887926602,0.34103835566980606,FALSE,0.09399678264424874,5
tet_spp,Def_dec,-0.15486686708258574,NA,NA,FALSE,-0.20132639388006474,2
sco_rat,mel_spp,-0.15456516520343883,NA,NA,FALSE,0.057681480233476454,3
pit_bid,ips_sex,0.15449384798648305,-0.060965000925632104,0.2732720608637877,FALSE,0.5263323495026262,5
uro_sir_spp,ips_acu,0.1543378099338446,NA,NA,FALSE,0.14974305906121788,2
geo_db,pit_bid,0.15403330422939426,NA,NA,FALSE,-0.20434885599028016,4
tet_spp,pit_spp,0.15402978847998136,NA,NA,FALSE,0.1830318375862749,4
zei_gri,agr_big,-0.15336486804211028,NA,NA,FALSE,0.006149642809086199,1
Def_dec&DB,CambXyl_con&BO,0.15310830171152728,NA,NA,FALSE,-0.14624997885919855,2
CambXyl_con&MD,era_def,-0.15286611894146085,NA,NA,FALSE,-0.41447166147635073,1
tha_pit,lym_dis,0.15274136338981406,NA,NA,FALSE,-0.011600778087988343,3
pol_pol,den_pin,0.1525698291603968,NA,NA,FALSE,0.24962873584533693,1
tet_gab,uro_sir_spp,0.15241317511619287,NA,NA,FALSE,0.2801228012842594,4
geo_db,tha_pit,0.15238092901995953,NA,NA,FALSE,0.2675037506267358,3
CambXyl_con&BB_con&SM,tor_vir,0.1522761435620117,NA,NA,FALSE,-0.21414762490728567,2
CambXyl_con&BB_con&BO,pit_bid,0.15219309242655668,NA,NA,FALSE,-0.22156513687916324,1
ips_ami,uro_sir_spp,-0.15202292984181945,NA,NA,FALSE,-0.16489564030321066,1
uro_sir_spp,agr_vir,-0.15199924852580488,NA,NA,FALSE,0.12944890142742785,3
ope_spp,tet_gab,-0.15195045878967472,-0.3505402100472125,0.0029313213281938065,FALSE,0.11395038540058705,7
pit_spp,pit_bid,0.15161956695735257,NA,NA,FALSE,0.18027932399395025,1
CambXyl_con&BB_con&SM,pri_abi,-0.15120903922650722,NA,NA,FALSE,-0.3345684224604586,1
zei_gri,pis_pin,-0.1510599642448981,NA,NA,FALSE,0.04548936441277936,1
agr_vir,pit_spp,-0.15091279554109346,NA,NA,FALSE,0.08617441261279489,3
sco_int,den_mic,-0.15070572137358287,NA,NA,FALSE,0.006152597081615267,2
zei_gri,xyl_spp,0.1505254308509239,NA,NA,FALSE,-0.15610350462591693,1
uro_sir_spp,mel_spp,0.15039437994883706,NA,NA,FALSE,0.17705501703533644,3
tet_spp,tet_gab,0.14934667477797386,-0.02744482050548158,0.3466425197718119,FALSE,0.3150905519496324,7
lym_mon,Def_dec,-0.14925804719919272,NA,NA,FALSE,-0.05536062331372908,2
pit_cha,dip_sp,-0.1490124815400017,-0.34317605036262905,0.058333966788794364,FALSE,0.08552085824605755,15
tha_pit,agr_vir,0.14895784520289274,NA,NA,FALSE,0.4819421532933191,1
sco_sco,tet_spp,-0.14873425618992214,NA,NA,FALSE,-0.00807703286241614,4
neo_ser,den_pin,0.1485646107745178,NA,NA,FALSE,-0.13074981768605018,2
pha_cya,tet_gab,0.14845945704409702,-0.006096301823438145,0.2935647813104609,FALSE,0.14516863960167734,16
pit_bid,tha_pit,0.1483826404730385,NA,NA,FALSE,0.20749572935287808,1
CambXyl_con&BB_con&BO,tor_vir,-0.14829560783161852,NA,NA,FALSE,-0.07555506164483235,3
tha_pro,pit_bid,0.14788731832235297,NA,NA,FALSE,-0.01783327705465471,4
bup_pin,tha_pro,-0.1477178005923972,-0.33367590497835214,0.03103392393710295,FALSE,0.06135750591113279,7
pit_bid,agr_big,0.14740362168616505,-0.08495813720942817,0.3557230849346468,FALSE,0.3062203632781392,5
sco_rat,ips_dup,0.14735198928169058,-0.07436014557232347,0.3025496742772786,FALSE,0.3479730093302379,8
geo_db,ips_dup,-0.14726440926050918,NA,NA,FALSE,-0.3392287054820189,1
CambXyl_con&MD,cep_spp,0.1470879544102629,-0.10258465258946714,0.4106866179857464,FALSE,-0.08729467552807127,7
lym_mon,pol_pol,0.14649803578251364,-0.09265557058988934,0.35908540018931695,FALSE,0.025929446931220828,7
tet_spp,era_def,0.14636348642743363,-0.03234314909330102,0.31496582822786895,FALSE,0.08333227306625438,7
geo_db,CambXyl_con&BO,-0.14618835016489676,NA,NA,FALSE,0.07504624600914299,2
pit_bid,ips_acu,-0.1459367995952183,-0.31875345136854155,0.013313747551493615,FALSE,0.5893332407556338,5
tha_pit,pis_pin,-0.14499104136159796,NA,NA,FALSE,-0.15133556560130884,1
sco_int,ips_cem,0.14486207818693367,-0.04362253349004299,0.34094193213838,FALSE,0.14802038054405475,8
pit_spp,pan_fla,0.1444204465233962,NA,NA,FALSE,0.10266729905675964,2
CambXyl_con&BO,agr_big,0.14414904898628816,NA,NA,FALSE,-0.48523093396203837,2
agr_big,uro_sir_spp,0.14411114547249776,NA,NA,FALSE,0.22612088080254372,4
tom_spp,tha_pro,0.14405644540132828,-0.045821365820991514,0.3124653154454197,FALSE,-0.05800026761847843,10
tet_gab,ips_ami,0.14348287465076262,NA,NA,FALSE,0.2830422997424196,2
ope_spp,CambXyl_con&BB_con&SM,-0.1433037062238129,NA,NA,FALSE,-0.15383990674347625,2
geo_db,pri_abi,0.14309133202229637,-0.08390859733939637,0.29992129080982166,FALSE,-0.06861765075404705,6
CambXyl_con&BB_con&SM,pha_cya,0.1429790223827717,NA,NA,FALSE,-0.15684754186581196,2
pit_bid,tet_gab,-0.14286617180197064,NA,NA,FALSE,0.2958822072737022,4
sco_rat,ips_typ,-0.1423047832356256,-0.2913776019663461,0.04379100162841827,FALSE,0.41405897755919985,12
CambXyl_con&BO,ips_sex,-0.1420935318574257,NA,NA,FALSE,-0.16923579078471165,2
Def_dec,den_pin,0.14195341805313172,NA,NA,FALSE,-0.08850993486026422,1
ips_sex,Def_dec,0.14194853484567033,NA,NA,FALSE,-0.05989375640280196,2
ips_cem,CambXyl_con&MD,0.1419027083217796,NA,NA,FALSE,-0.5080285918640388,1
ips_cem,CambXyl_con&BB_con&BO,0.14095062891129603,NA,NA,FALSE,0.02424894799108295,3
mel_spp,ope_spp,0.1408179298576131,-0.07237590336521045,0.2934005429530716,FALSE,0.03399786445962709,7
Def_dec,xyl_spp,0.14010314644905913,NA,NA,FALSE,-0.04790893656529612,2
tom_spp,agr_vir,0.14005219820103534,-0.050670202903809955,0.2985504427441547,FALSE,0.17343652188604344,9
bup_pin,Def_dec,0.1399379603739994,NA,NA,FALSE,-0.002263108920180249,2
ips_typ,pri_abi,-0.13979374036744707,-0.2587713339656984,7.953846046314352e-4,FALSE,-0.2681434956355257,15
ips_ami,pit_bid,0.13951190841776528,NA,NA,FALSE,0.027711524102041963,1
pan_fla,pol_pol,0.13949568403549922,NA,NA,FALSE,0.12702264782734599,2
pit_spp,Def_dec,0.13943818820878828,NA,NA,FALSE,-0.06473165280672023,1
pri_abi,mel_spp,-0.13903628984567826,-0.35884577846010135,0.04955498569076139,FALSE,0.1836602168951483,7
ope_spp,tha_pro,0.1386030134512172,-0.031714015336928955,0.2970099892377208,FALSE,0.13057213234747828,8
mel_spp,pit_cha,-0.1385792067368975,-0.3451539218215461,0.0641705601393052,FALSE,-0.0808327025076635,9
pit_spp,pri_abi,-0.13833487665063882,-0.4696105831529126,0.20942321809630088,FALSE,-0.3893076355577473,10
ips_ami,bup_pin,-0.13828407100697182,NA,NA,FALSE,0.2325004055948246,1
sco_sco,pri_abi,0.1378721178426589,NA,NA,FALSE,0.2963606629380736,4
pit_bid,pit_spp,0.13770833966386706,NA,NA,FALSE,0.18027932399395025,1
pha_cya,sco_sco,0.13741475591554894,-0.09710424229240605,0.39253551694069655,FALSE,0.03647298611798391,6
pit_bid,era_def,-0.13738231578747903,NA,NA,FALSE,0.15069251600998462,4
mel_spp,CambXyl_con&MD,-0.13701102704033463,NA,NA,FALSE,-0.37181353861969174,1
bup_pin,era_def,-0.13694688159338875,-0.2980912977403224,0.048043559501959716,FALSE,-0.06018925444776836,7
tha_pro,tha_pit,0.13668353758716753,NA,NA,FALSE,0.1005071363815457,1
era_def,neo_ser,-0.13665683962488936,NA,NA,FALSE,-0.045454545454545456,1
CambXyl_con&MD,ips_typ,0.13629783919941124,-0.06838775177473214,0.2825446126634472,FALSE,0.3074949946386806,9
pha_cya,cep_spp,0.1361030438802678,-0.08207775704001337,0.3437008214457158,FALSE,-0.08165632095752541,7
pit_bid,agr_vir,0.13571606254895394,NA,NA,FALSE,0.4054515066097496,4
pan_fla,tha_pro,-0.1355274016156806,-0.3947185210145113,0.052563060055360364,FALSE,-0.026133601559517453,5
sco_sco,xyl_spp,0.13531857162517177,-0.08955490758131454,0.36320397826238204,FALSE,0.14706445812982097,5
ips_ami,tet_gab,-0.13519851685885972,NA,NA,FALSE,0.2830422997424196,2
xyl_lin,neo_ser,0.13489658564222806,NA,NA,FALSE,0.08057980581614524,2
sco_rat,den_mic,0.1346858363480895,NA,NA,FALSE,-0.02221613819249527,2
Def_dec&DB,CambXyl_con&BB_con&SM,-0.13441160015006112,NA,NA,FALSE,0.44845796712858993,2
dip_sp,agr_vir,0.13429810289044675,-0.032875832181746986,0.32902371104370987,FALSE,-0.023275853826580244,8
CambXyl_con&BB_con&BO,agr_vir,0.1341853374326257,NA,NA,FALSE,0.003370578998842854,3
pha_cya,CambXyl_con&BB_con&BO,0.13214871160711958,-0.025618281152718404,0.32486027269798334,FALSE,0.2739529177734577,10
CambXyl_con&BB_con&BO,ips_cem,0.1317317642478,NA,NA,FALSE,0.02424894799108295,3
tha_pit,ips_cem,0.13130433926508484,NA,NA,FALSE,0.1851310882907218,1
CambXyl_con&BB_con&SM,CambXyl_con&BB_con&BO,0.13129667079869248,NA,NA,FALSE,0.40042944557789645,2
xyl_spp,neo_ser,0.13078394623815007,NA,NA,FALSE,0.1396057422978602,2
tet_spp,neo_ser,0.13062100720484449,NA,NA,FALSE,-0.17030598012606962,1
xyl_lin,dip_sp,0.13051997308745672,-0.05095966001427107,0.284266138288782,FALSE,0.18762955158591144,8
den_pin,ips_sex,0.1304846472955472,-0.03369072364256683,0.3216242214913764,FALSE,0.013074940840131617,5
Def_dec,bup_pin,0.13032255039860297,NA,NA,FALSE,-0.002263108920180249,2
sco_sco,lym_mon,0.13022863176857696,NA,NA,FALSE,0.18368714760379748,4
CambXyl_con&BO,sco_sco,0.13020024290804907,NA,NA,FALSE,-0.18168488756377726,1
ips_typ,uro_sir_spp,0.1300957379884601,NA,NA,FALSE,0.20419035898138796,4
CambXyl_con&BB_con&SM,Def_dec&DB,-0.13008216729550406,NA,NA,FALSE,0.44845796712858993,2
tha_pro,xyl_spp,0.12997827398353992,-0.03510509542722446,0.2843795265501108,FALSE,0.14150837742776468,10
pit_cha,tet_spp,0.12957189107803674,-0.05775109103660484,0.35130955163119626,FALSE,0.14433685344952601,8
agr_vir,tet_spp,0.12950273175173863,-0.044087073398936735,0.3230450275848433,FALSE,0.08333191916871574,7
sco_sco,ips_typ,0.12950005187919733,-0.03140063570477674,0.31356241377689936,FALSE,-0.03032269583950967,6
pri_abi,sco_int,-0.1291040562951464,-0.24596393706633504,0.00844338139722706,FALSE,-0.16232401174226802,13
pit_cha,ips_sex,0.128353397174051,-0.08486766209152292,0.38707149769567845,FALSE,0.3465202285444606,8
pis_pin,geo_db,0.128189419270956,-0.08647042395747236,0.3233629283700866,FALSE,-0.10455002524624174,6
tet_spp,tha_pit,-0.12787289321251197,NA,NA,FALSE,-0.19185599655687058,1
ips_acu,Def_dec,0.1271259868749983,NA,NA,FALSE,-0.05066524086339646,1
tha_pit,ips_acu,0.12672464748376794,NA,NA,FALSE,0.3570891304862017,2
sco_sco,sco_rat,0.12602718564814758,NA,NA,FALSE,0.046619093233399515,4
ips_sex,den_mic,-0.1258863147951788,NA,NA,FALSE,-0.12639434103572164,1
ips_typ,agr_vir,0.1257805642060928,-0.002825006383409943,0.25668618635796964,FALSE,0.29213200593072136,9
tor_vir,xyl_spp,0.12563879106262676,-0.0255602543419801,0.27193271192887314,FALSE,0.1305666336620319,10
era_def,ips_cem,-0.1254735050687258,-0.3318345694872819,0.07706238085329296,FALSE,-0.036534098354328616,10
Def_dec,geo_db,-0.12474349832027591,NA,NA,FALSE,0.1840790011792562,1
lym_dis,pis_pin,0.12470761364002728,-0.0477871262129106,0.39376449049096507,FALSE,0.2824255637257937,7
neo_ser,xyl_lin,-0.12464550294191196,NA,NA,FALSE,0.08057980581614524,2
ips_cem,CambXyl_con&BB_con&SM,0.12423826918007431,NA,NA,FALSE,-0.5963053050449754,2
sco_int,CambXyl_con&BB_con&BO,0.12412430202994537,NA,NA,FALSE,0.3654961652028063,2
bup_pin,pit_bid,0.12391677000565281,NA,NA,FALSE,0.11893758063975918,4
Def_dec,lym_mon,-0.12372098221278531,NA,NA,FALSE,-0.05536062331372908,2
mel_spp,sco_sco,0.1237018585837137,NA,NA,FALSE,-0.10135336539474932,4
ips_sex,sco_rat,0.123600123613459,-0.028066227899187477,0.25872674067599766,FALSE,0.35142625797883975,11
neo_ser,era_def,-0.12338949997465334,NA,NA,FALSE,-0.045454545454545456,1
ips_sex,ope_spp,0.12321723872394537,-0.003081267618795746,0.29291386262092717,FALSE,0.2470822073336677,7
ips_acu,Def_dec&DB,0.12320477142620842,-0.0015917482086489762,0.2389656344581391,FALSE,0.04818574082146784,13
den_mic,Def_dec&DB,0.12267172084641104,NA,NA,FALSE,0.44936409809977634,1
CambXyl_con&BB_con&BO,agr_big,0.12249830863719251,NA,NA,FALSE,-0.059048366597316694,3
agr_vir,CambXyl_con&BB_con&BO,0.12226684753261763,NA,NA,FALSE,0.003370578998842854,3
ips_typ,CambXyl_con&BO,-0.12222698657936218,NA,NA,FALSE,0.18233600948312736,3
sco_rat,tha_pit,-0.12202656132048793,NA,NA,FALSE,0.3376629381122109,1
Def_dec,pit_spp,0.12137630209905145,NA,NA,FALSE,-0.06473165280672023,1
uro_sir_spp,tet_gab,0.12104842534812181,NA,NA,FALSE,0.2801228012842594,4
tom_spp,ips_ami,0.12102031733359928,NA,NA,FALSE,-0.07414805479336577,2
xyl_spp,ope_spp,0.12071241959655668,-0.045568521276196164,0.32130590781282653,FALSE,0.024234432424789756,9
sco_sco,mel_spp,-0.12054843665540498,NA,NA,FALSE,-0.10135336539474932,4
agr_vir,Def_dec&DB,0.12054687258451699,-0.08924931987408574,0.3368760947265087,FALSE,0.160435637316341,6
neo_ser,pit_cha,-0.12045486294733933,NA,NA,FALSE,0.06409917451486274,2
pol_pol,sco_rat,0.1203216030130812,-0.0927742885284766,0.30894835901367446,FALSE,0.20927121449987235,9
lym_dis,den_pin,0.11994587677051283,-0.1806137518521843,0.3806547362030347,FALSE,0.1815382838314081,5
ips_acu,uro_sir_spp,0.11981142015199098,NA,NA,FALSE,0.14974305906121788,2
sco_int,ips_sex,0.11979106873689015,-0.02623122785350543,0.2801287799331013,FALSE,0.20122306073413296,15
pit_cha,CambXyl_con&MD,0.1196607481185581,NA,NA,FALSE,-0.43752968401052406,1
tha_pro,lym_mon,0.11913036228388364,-0.033820484794261356,0.2801091509083786,FALSE,0.22890753998842775,7
tom_spp,ope_spp,0.11905563974260662,-0.09411585818865076,0.31895704082157905,FALSE,0.1649355936162675,9
agr_big,agr_vir,0.11869541412591557,-0.0259657524920463,0.3074124999994266,FALSE,0.4023832540310443,9
den_pin,sco_rat,0.11869421876807884,NA,NA,FALSE,0.24020833554626667,4
geo_db,pit_spp,-0.11836297934871474,NA,NA,FALSE,-0.03469115653502927,4
Def_dec&DB,pri_abi,0.11824033259760824,-0.0705113081321479,0.25016631629845637,FALSE,0.21947170134934643,12
pit_bid,sco_sco,-0.11801911917005226,NA,NA,FALSE,0.2080301339631069,4
tha_pit,mel_spp,-0.11744684989748794,NA,NA,FALSE,-0.30624404663563387,1
den_pin,tha_pro,0.11732059260829752,NA,NA,FALSE,0.1272038513434976,4
tha_pro,pri_abi,0.11720271223464099,-0.008068887102484188,0.25648304824109963,FALSE,-0.05983429407536036,7
tor_vir,CambXyl_con&BB_con&BO,0.11710739009813914,NA,NA,FALSE,-0.07555506164483235,3
sco_sco,tom_spp,-0.11698055966978753,-0.2366936662904507,0.11649355683211692,FALSE,0.21053378695560196,6
mel_spp,lym_dis,0.1169436607571366,-0.017565918534243,0.29240997453158174,FALSE,0.09597843222882448,8
CambXyl_con&BB_con&SM,pit_cha,0.11664104675666148,NA,NA,FALSE,-0.6155328156771573,2
pis_pin,Def_dec,0.11648009756138603,NA,NA,FALSE,0.047935607440218034,1
agr_vir,tet_gab,0.11611870785852836,-0.061370489695466365,0.28963713475234104,FALSE,0.20557875517291666,7
uro_sir_spp,neo_ser,-0.11592820024923729,NA,NA,FALSE,0.15045390445454052,1
CambXyl_con&BO,Def_dec&DB,0.11581453767167452,NA,NA,FALSE,-0.14624997885919855,2
CambXyl_con&MD,neo_ser,-0.1156506610492105,NA,NA,FALSE,-0.1385423290230635,2
era_def,pit_bid,0.1155474740530549,NA,NA,FALSE,0.15069251600998462,4
uro_sir_spp,pis_pin,0.11552121703925844,NA,NA,FALSE,-0.006111886103271918,2
CambXyl_con&BB_con&BO,ips_acu,0.11542874645846908,NA,NA,FALSE,-0.20007759886663357,3
Def_dec&DB,ips_ami,-0.1142971186740491,NA,NA,FALSE,-0.1482438477178945,1
zei_gri,bup_pin,-0.11424925831945054,NA,NA,FALSE,0.05686098573937332,1
tha_pro,sco_sco,0.11415154219697092,NA,NA,FALSE,0.41222709841054606,4
Def_dec,pan_fla,-0.11389832964008063,NA,NA,FALSE,0.4349557387080115,1
pha_cya,den_mic,-0.11372666633808931,NA,NA,FALSE,-0.10591108390854956,3
pan_fla,lym_dis,-0.11338025466545047,-0.2504757096514671,0.0285340900340639,FALSE,0.23933594974640196,8
geo_db,bup_pin,0.11322120430095377,-0.01020302213845916,0.24454265338027878,FALSE,0.1837680358682625,19
era_def,xyl_lin,0.11309489142027224,-0.006655451649531815,0.2415192217529142,FALSE,0.004492547465887175,9
mel_spp,ips_ami,-0.11307204148589563,NA,NA,FALSE,-0.17267375081949468,1
Def_dec,neo_ser,-0.11267067053674111,NA,NA,FALSE,-0.17030598012606962,1
pit_spp,xyl_lin,0.11254473267805554,NA,NA,FALSE,0.24674766441230933,4
pri_abi,sco_sco,-0.11233553187069137,NA,NA,FALSE,0.2963606629380736,4
pit_cha,den_mic,0.11227937460733854,NA,NA,FALSE,0.12967312900881206,2
ips_acu,den_mic,0.11227434918146878,NA,NA,FALSE,0.005844293675881043,2
tha_pro,ips_cem,0.11219679038914643,-0.02159830039971027,0.22297186969444394,FALSE,0.08897845839668189,10
ope_spp,pit_spp,-0.11219547562867765,NA,NA,FALSE,0.03947941719645301,4
pan_fla,sco_sco,0.11206722834855204,NA,NA,FALSE,0.03204202659778427,4
tet_spp,CambXyl_con&BB_con&SM,0.11201707678221579,NA,NA,FALSE,-0.13533920230271942,2
tet_spp,sco_sco,0.11199173950230615,NA,NA,FALSE,-0.00807703286241614,4
era_def,pit_spp,0.11196138392833109,NA,NA,FALSE,-0.06945931476538518,4
pan_fla,den_mic,-0.11192485881847287,NA,NA,FALSE,-0.02412422073911762,1
pit_cha,zei_gri,-0.11187488568366066,NA,NA,FALSE,-0.08515120707103326,1
pri_abi,tor_vir,0.11181260714339654,-0.0533438234171349,0.2670908077920231,FALSE,0.09161002773430094,7
ips_acu,xyl_lin,-0.11180431065412053,-0.35060006924446047,0.19831722591247503,FALSE,-0.03336637612581675,6
xyl_spp,CambXyl_con&BB_con&BO,0.11173473353174496,NA,NA,FALSE,0.018922301649942113,3
lym_dis,ips_sex,0.11164110893694222,-0.0013565154434181806,0.2135958379496131,FALSE,0.15579491352646513,14
tha_pit,CambXyl_con&BB_con&BO,-0.11125515505548222,NA,NA,FALSE,-0.6217247719356802,1
CambXyl_con&BB_con&BO,geo_db,-0.11117018166750378,NA,NA,FALSE,0.0581314550260122,3
geo_db,xyl_lin,0.1111262101911532,-0.005537805079065718,0.21803208639578403,FALSE,0.12209721654557396,7
pan_fla,pit_spp,0.11086319166873836,NA,NA,FALSE,0.10266729905675964,2
pis_pin,pit_cha,0.11068144189905839,-0.02605949669858893,0.23294945618440957,FALSE,0.43155102237460574,8
den_mic,pri_abi,0.11048389391989805,NA,NA,FALSE,0.4021470672164959,1
xyl_lin,mel_spp,-0.11020204029030452,-0.24414108439933233,0.002483853859008571,FALSE,-7.821162001359268e-4,8
tet_gab,sco_int,0.1101077523704093,-0.05791631487618262,0.29955507520819996,FALSE,0.14150656647921508,9
ips_acu,ope_spp,0.11002108509886714,-0.0577207182748906,0.3449930536489453,FALSE,0.14791303269738298,5
ope_spp,den_mic,-0.10976411809794537,NA,NA,FALSE,-0.11206835021885247,1
zei_gri,sco_rat,0.10971206661526585,-0.053078702830711304,0.26269281900894154,FALSE,-0.016113062756124046,8
agr_vir,geo_db,-0.10968828728021361,-0.2186605503025312,0.005046528774487094,FALSE,-0.17486371436479012,7
ips_ami,pha_cya,0.10957286142296732,NA,NA,FALSE,-0.14741145945235332,2
sco_int,lym_dis,0.10952354351374143,-0.004627178561476361,0.23235524477476505,FALSE,0.006532228451070593,13
sco_int,tha_pit,0.10938602309849178,NA,NA,FALSE,0.08789146246312574,1
Def_dec,pri_abi,0.10933828837147073,NA,NA,FALSE,0.034752146176104705,2
ips_acu,zei_gri,0.10932486222299503,-0.022373256356752854,0.27376613135163924,FALSE,-0.08139074699949432,8
xyl_lin,ips_cem,0.10927431507488608,-0.0012823175900430947,0.23802030382628186,FALSE,0.2911769923497923,10
Def_dec&DB,xyl_spp,-0.1092056075249747,-0.315208003718602,0.08484797450047708,FALSE,0.13987329415948246,7
mel_spp,Def_dec,-0.10876743434974337,NA,NA,FALSE,-0.1150527484178654,2
zei_gri,ips_typ,-0.10842498406690973,-0.269385966088193,0.09873836829124218,FALSE,-0.056634448063355484,8
pit_spp,tet_spp,0.10831340421082332,NA,NA,FALSE,0.1830318375862749,4
bup_pin,agr_big,0.10782047522925027,-0.025128537483297884,0.2204859290067747,FALSE,0.23914367957071236,22
ips_ami,sco_rat,-0.10766703060027592,NA,NA,FALSE,0.15274117389643582,1
lym_dis,tha_pit,-0.10755309681816305,NA,NA,FALSE,-0.011600778087988343,3
uro_sir_spp,zei_gri,-0.10728664150384506,NA,NA,FALSE,-0.09766853508096923,1
den_mic,xyl_spp,-0.10704408939851084,NA,NA,FALSE,-0.0825349731013383,1
lym_mon,pit_spp,-0.10702335215341459,-0.2069063876362853,0.016570664597197946,FALSE,-0.24046379357533265,8
uro_sir_spp,pan_fla,0.10691809696176005,NA,NA,FALSE,-0.09349088024409397,1
agr_big,lym_dis,0.10673365372406014,-0.008291370934773714,0.24537527527138328,FALSE,0.1718260569772289,9
sco_rat,dip_sp,-0.10649033305660555,NA,NA,FALSE,0.14451192010930736,4
tet_gab,CambXyl_con&BO,-0.10630132964743566,NA,NA,FALSE,-0.15084846095658896,2
Def_dec,ips_cem,0.10629738420153433,NA,NA,FALSE,-0.19007771378048055,2
dip_sp,tet_spp,0.1060170080994713,-0.020480763489501314,0.25986401929893205,FALSE,0.10697811275640033,6
ips_sex,bup_pin,-0.10591808061143218,-0.25174359545277836,0.03420076155525971,FALSE,0.25145974022469053,6
zei_gri,pri_abi,-0.10566492806725293,-0.24623750744283612,0.01761077484567092,FALSE,-0.17291216853200186,7
ips_acu,CambXyl_con&BO,-0.10565317794359289,NA,NA,FALSE,-0.14309502033855018,2
ope_spp,sco_sco,0.10559210850023303,NA,NA,FALSE,0.2514751074719057,4
CambXyl_con&BB_con&SM,agr_vir,0.10481718850330092,NA,NA,FALSE,0.24630907020242818,2
sco_sco,ope_spp,0.10473149327302739,NA,NA,FALSE,0.2514751074719057,4
pit_cha,CambXyl_con&BB_con&BO,0.10470754944439054,-0.05233454309992202,0.251959383917166,FALSE,0.22251242611474137,11
pha_cya,sco_int,0.10446675300356713,-0.046127375789149785,0.24191422793773484,FALSE,0.24601577831480403,16
CambXyl_con&BB_con&BO,tha_pro,-0.10444176964193876,NA,NA,FALSE,0.10777719946167566,3
neo_ser,tor_vir,-0.10436098739939136,NA,NA,FALSE,0.10948696306080286,3
pit_cha,uro_sir_spp,0.10431422867383125,NA,NA,FALSE,0.17764580846896885,4
pri_abi,uro_sir_spp,0.10423779372096623,NA,NA,FALSE,0.0416870208408851,3
ips_ami,ips_acu,-0.10380904450167103,NA,NA,FALSE,-0.041114849524094416,1
tet_gab,geo_db,0.10367188827965432,-0.04047751529238785,0.3337025776671231,FALSE,-0.0767731636572564,5
tet_gab,ope_spp,0.1033550848391992,-0.0860032684465665,0.28965240356302263,FALSE,0.11395038540058705,7
ips_ami,lym_dis,-0.10309959801853165,NA,NA,FALSE,-0.13235301453945433,1
CambXyl_con&BO,tom_spp,-0.10279996590919284,NA,NA,FALSE,-0.2999851652308982,2
tor_vir,uro_sir_spp,0.10276887121540736,NA,NA,FALSE,-0.09114268012731687,3
pit_bid,CambXyl_con&BB_con&BO,-0.10272025003387146,NA,NA,FALSE,-0.22156513687916324,1
tom_spp,pri_abi,-0.10262994415071564,-0.21222107241797006,0.003965770251054941,FALSE,-0.054403767694148085,15
pis_pin,ips_ami,0.10232217278156065,NA,NA,FALSE,0.1643202189393955,1
den_mic,tha_pro,-0.10204039442111483,NA,NA,FALSE,-0.04545454545454546,1
mel_spp,xyl_lin,-0.10195243600039453,-0.32412582242673843,0.09380702898854383,FALSE,-7.821162001359268e-4,8
Def_dec&DB,tor_vir,-0.10186701475284018,-0.3081375077648502,0.15561167107998278,FALSE,-0.38151204577929937,6
sco_sco,den_pin,0.10161168207582716,NA,NA,FALSE,0.15484514219113038,4
ips_cem,den_mic,-0.10148652507502977,NA,NA,FALSE,0.2775572961866366,1
ips_sex,tha_pro,-0.10125093591882268,-0.27869912015999004,0.08982558193967431,FALSE,-0.04488240693743447,7
pit_spp,agr_big,0.10120273251964537,NA,NA,FALSE,-0.004985416969537053,4
bup_pin,CambXyl_con&BB_con&BO,-0.10114027124833959,NA,NA,FALSE,0.6177253516644907,1
Def_dec&DB,ips_cem,0.10107183935011824,-0.10196015631340866,0.3042175799600793,FALSE,0.14678734690646594,7
tha_pro,ips_sex,0.10094890058536002,-0.1578139051591072,0.3619737326171526,FALSE,-0.04488240693743447,7
sco_int,sco_sco,0.10091057208480213,-0.07206381281038172,0.3343783239759412,FALSE,0.05727300257621063,5
tor_vir,ope_spp,0.10080206660628661,-0.09582837719963808,0.33830879840698663,FALSE,0.5102158892514843,8
ope_spp,xyl_spp,0.10071948887661629,-0.08978369817354276,0.28102887048741837,FALSE,0.024234432424789756,9
pri_abi,CambXyl_con&BO,0.10055053054382837,NA,NA,FALSE,-0.22707246707132053,1
Def_dec&DB,dip_sp,0.10038889929188341,-0.017691843598060447,0.21287043809155176,FALSE,0.16396749339264585,10
pol_pol,ips_acu,0.10031728762678982,-0.006730832991867381,0.25067266772730545,FALSE,0.28957731621901056,9
tor_vir,Def_dec,-0.1002495144586614,NA,NA,FALSE,-0.009021902171087948,1
CambXyl_con&MD,lym_dis,-0.09995402264808298,-0.23184250009486987,0.04539852687797661,FALSE,-0.06913806778621184,7
xyl_spp,lym_mon,0.09969333780751953,-0.05442236672500912,0.2665567800705159,FALSE,0.1195009147257254,8
neo_ser,tet_spp,0.09967918002418621,NA,NA,FALSE,-0.17030598012606962,1
mel_spp,neo_ser,0.09962483016241101,NA,NA,FALSE,-0.12106473765154466,2
era_def,CambXyl_con&BB_con&BO,-0.09958718642075806,NA,NA,FALSE,-0.21755077437398868,3
ips_acu,tet_spp,0.09939606852729138,-0.05171494699510478,0.3250854003840359,FALSE,0.03620360375343028,5
xyl_lin,tha_pro,0.09925730133692305,-0.03270210874176593,0.2171879640318313,FALSE,0.16507154086640408,9
uro_sir_spp,pri_abi,0.0992360555709832,NA,NA,FALSE,0.0416870208408851,3
pit_cha,pan_fla,0.09910225220950307,-0.004214963651058693,0.23500901220976453,FALSE,0.206512251004872,7
neo_ser,pri_abi,-0.09894905264125899,NA,NA,FALSE,0.34350764690467256,4
Def_dec&DB,ope_spp,0.09858812201219172,-0.05263431217827691,0.28205770182881573,FALSE,-0.10950511630780273,5
neo_ser,pit_bid,-0.09854713918840197,NA,NA,FALSE,0.24915579607054422,2
ope_spp,pri_abi,-0.09853843655002752,-0.19464917050992156,0.002993744202230996,FALSE,0.05579603096651908,7
mel_spp,pit_spp,-0.09852444012767399,NA,NA,FALSE,0.14578869059689398,4
pri_abi,sco_rat,-0.0985049620606385,-0.284860597796875,0.10094766389223692,FALSE,-0.22199405349296994,10
Def_dec,tet_gab,-0.09824285462133489,NA,NA,FALSE,-0.05760786018903338,2
pis_pin,tom_spp,0.098237785329663,-0.03514743982313013,0.2445612567692361,FALSE,0.47459157788404155,8
den_pin,ips_ami,0.09763015721492523,NA,NA,FALSE,0.15747503237031577,1
lym_dis,geo_db,-0.09760290272025533,-0.2430544195084825,0.002654554159050291,FALSE,-0.05931197946278122,10
den_pin,pis_pin,0.09726364802083307,-0.03360072343348552,0.2575277654711896,FALSE,0.10567655850645563,6
agr_big,tom_spp,0.09725551285163173,-0.005930706493727496,0.18505415990997096,FALSE,0.33320232030004104,25
tet_gab,agr_big,0.09694964454062792,-0.06749575060323056,0.257858765997916,FALSE,0.28818159823377065,9
CambXyl_con&BB_con&SM,pis_pin,-0.09689098221488422,NA,NA,FALSE,-0.2679619886936452,1
uro_sir_spp,lym_mon,0.09644972389745647,NA,NA,FALSE,0.0466252264243432,2
era_def,tet_spp,0.09624276198365976,-0.11120345335569198,0.2932379265846113,FALSE,0.08333227306625438,7
uro_sir_spp,geo_db,-0.09614564932396187,NA,NA,FALSE,0.024990919622671498,2
CambXyl_con&BO,lym_dis,-0.09609960897074864,NA,NA,FALSE,-0.22368969366303829,2
pan_fla,lym_mon,-0.09605152802323647,-0.221603519343729,0.026722498699870423,FALSE,0.3137447090653971,23
ips_ami,tor_vir,-0.09577415415123439,NA,NA,FALSE,0.3188396202796396,2
den_mic,sco_sco,-0.09574946354097344,NA,NA,FALSE,-0.09456034591249297,2
pan_fla,ips_ami,-0.09573288387869368,NA,NA,FALSE,0.12092384780681295,1
xyl_lin,pit_bid,0.09559789690413839,-0.062405777901268465,0.3205628759534855,FALSE,0.1729300942397273,5
lym_mon,pan_fla,0.09533694268416221,-0.00661376815330347,0.19419157275039656,FALSE,0.3137447090653971,23
ope_spp,pha_cya,0.0951379568277415,-0.01741710969536713,0.22189596311254806,FALSE,0.12213133145403925,9
ips_cem,lym_dis,0.09492943713015842,-0.05647419364182497,0.25181040123080733,FALSE,0.24787380718169388,9
den_pin,pri_abi,0.09485676610510911,-0.11762965696402654,0.2753297343054629,FALSE,0.028537371259221175,5
agr_big,Def_dec,-0.09463461118626268,NA,NA,FALSE,0.041005586539887035,2
xyl_lin,ope_spp,0.09449244840452885,-0.11727707610223312,0.3206102672272896,FALSE,0.003398576897489748,9
ips_cem,sco_sco,0.09435653259247635,-0.15124746888291968,0.3374662007649137,FALSE,0.09250077641770556,5
CambXyl_con&MD,sco_sco,0.09408476810593525,NA,NA,FALSE,-0.41283202496390564,1
era_def,pri_abi,-0.0938023576115343,-0.3046628531647633,0.170035969463871,FALSE,0.03589811178666344,7
tet_spp,tom_spp,-0.0934794813521144,-0.24554576121751479,0.06634692844259142,FALSE,0.17514842267223155,8
tet_gab,tha_pro,0.09333136376936396,-0.10301570379884427,0.27318437016142616,FALSE,0.1037199841903357,8
ips_cem,Def_dec&DB,0.09319198104609419,-0.027642119958629266,0.22949658156333863,FALSE,0.14678734690646594,7
lym_dis,sco_rat,-0.09311997822204476,-0.32904996567432226,0.1680754526265768,FALSE,0.07124037271093261,10
uro_sir_spp,tet_spp,-0.09270222095060847,NA,NA,FALSE,0.2422829636267983,4
agr_big,ope_spp,0.09252463147659913,-0.02105915307643494,0.2193117069078483,FALSE,0.027201630958977815,9
tet_gab,pha_cya,0.09241572921055809,-0.0077831100914336915,0.18431785617965166,FALSE,0.14516863960167734,16
agr_vir,mel_spp,0.09241121506494306,-0.08079128964548639,0.2801540141469875,FALSE,0.11997315562944859,7
pis_pin,tet_spp,-0.09238893720114111,NA,NA,FALSE,0.32143307968465457,4
pit_cha,tha_pro,0.09237304151702953,-0.08341741869571327,0.2472088420443928,FALSE,-0.03795836670418357,10
den_mic,zei_gri,-0.09222574379752656,NA,NA,FALSE,-0.0968452048716532,1
sco_rat,pri_abi,-0.09222532126960295,-0.24730573371395015,0.060877349057727105,FALSE,-0.22199405349296994,10
sco_sco,pis_pin,0.09214147173755322,-0.07621325370029179,0.2928094519347475,FALSE,0.2600752836446467,5
lym_dis,era_def,-0.09212363746753258,-0.20031209512395995,0.04925497326550016,FALSE,-0.04584204992755515,8
den_pin,lym_dis,-0.09210273020037095,-0.35543849476184886,0.2228063244425858,FALSE,0.1815382838314081,5
sco_int,ope_spp,0.09197799026318927,-0.01524711786951597,0.21381375374486347,FALSE,-0.07300850908550445,7
sco_rat,agr_big,-0.09195773861916508,NA,NA,FALSE,0.6533638926742446,3
xyl_lin,pit_cha,0.09174857379548977,-0.02410144347029011,0.21166313565558445,FALSE,0.11529754035762718,10
xyl_lin,geo_db,0.09164929821056321,-0.08366142633516013,0.24319746735687905,FALSE,0.12209721654557396,7
lym_dis,bup_pin,-0.09158623558309589,-0.24913573403588055,0.03733677238281611,FALSE,0.19149794648436289,7
neo_ser,agr_vir,-0.09131852846228666,NA,NA,FALSE,0.24284748902538117,1
sco_rat,lym_mon,-0.09115094051873475,-0.1752881689326704,0.008325797712659497,FALSE,-0.033410835174173474,10
mel_spp,ips_sex,-0.09109928483786199,-0.24844678598506623,0.09853670044776035,FALSE,0.04173545796708475,7
agr_big,ips_sex,0.0909889896861776,-0.08283408567563828,0.29002555009539055,FALSE,0.3202276000503943,8
sco_sco,bup_pin,0.09095002828328781,NA,NA,FALSE,0.11569773106173332,3
ips_cem,era_def,0.09089075553345306,-0.05140411163466184,0.21545850565046853,FALSE,-0.036534098354328616,10
dip_sp,ips_ami,0.09087696096138473,NA,NA,FALSE,-0.1699389648885799,1
ope_spp,pit_cha,-0.09083538526942905,-0.25392295509910234,0.08140430042667952,FALSE,0.12655918559733276,9
tha_pit,sco_rat,-0.09073205208924894,NA,NA,FALSE,0.3376629381122109,1
sco_int,CambXyl_con&MD,0.09061429466203731,-0.06253762679920433,0.24344117878569044,FALSE,0.33711950666930385,9
neo_ser,bup_pin,0.09043242704483957,NA,NA,FALSE,-0.1060048844379545,2
ips_acu,ips_cem,0.08996406929382453,-0.16440084236150262,0.41539060390039434,FALSE,0.4043776576322786,7
ips_sex,lym_dis,0.08985804203747416,-0.03604104647640895,0.19918144921672032,FALSE,0.15579491352646513,14
sco_rat,tor_vir,0.08983670247628367,NA,NA,FALSE,0.2995362181624372,4
tet_spp,sco_rat,0.08980798388026816,NA,NA,FALSE,-0.31027070725386074,2
xyl_spp,pan_fla,0.08974476135839779,-0.11482062315326205,0.32645907412992353,FALSE,0.26045022010175806,6
agr_big,ips_cem,0.08966794655498003,-0.053437801704006437,0.22928791566018114,FALSE,0.3015366518934127,11
ips_cem,tha_pro,0.0889186508502201,-0.05703931668569062,0.20881310245363066,FALSE,0.08897845839668189,10
lym_mon,dip_sp,0.08891163621536664,-0.003410202075604762,0.1901021662764796,FALSE,0.1547481938926923,24
den_mic,ips_dup,-0.08878722577463041,NA,NA,FALSE,-0.4087510131576323,1
agr_big,pha_cya,0.08878669814381633,-0.010965551241156168,0.18195620817478997,FALSE,0.3929146419422751,28
sco_int,Def_dec&DB,0.0887281458597157,-0.004533593398004795,0.1888201540615283,FALSE,0.006714383265588024,13
lym_mon,xyl_lin,-0.08857417332209538,-0.20155038469512382,0.037528634203693255,FALSE,0.08258686148283656,7
agr_vir,ips_typ,0.08854757165647652,-0.08153047902460298,0.29217852762086677,FALSE,0.29213200593072136,9
ips_typ,sco_int,0.08810245380907016,-0.012013611064802535,0.19654813858634076,FALSE,0.20111081122093652,16
lym_mon,ips_cem,-0.08780279162741843,-0.2739286210849735,0.10172602395530257,FALSE,0.0740770553209341,8
pit_cha,sco_int,0.08759999310119967,-0.015594088751823708,0.2033898869995556,FALSE,0.13824810076219993,8
agr_big,CambXyl_con&BB_con&SM,0.08758480591082153,NA,NA,FALSE,-0.31814835511866024,2
den_pin,pan_fla,0.08747054642107135,-0.00597246181648004,0.1863576805931295,FALSE,0.30165047017685614,19
pit_bid,tha_pro,-0.08734195059495513,NA,NA,FALSE,-0.01783327705465471,4
pit_bid,CambXyl_con&BO,-0.08719823241379447,NA,NA,FALSE,-0.126315074110525,1
ope_spp,CambXyl_con&BO,-0.08702661474187275,NA,NA,FALSE,-0.19373954305906851,2
pit_spp,dip_sp,0.08673181068475834,-0.12203489699134393,0.2586161446839165,FALSE,0.032521619847465565,7
agr_vir,xyl_lin,-0.08657930057135,-0.2144836371074961,0.04888258732968685,FALSE,-0.1922649887915832,8
xyl_lin,uro_sir_spp,-0.08643764215244815,NA,NA,FALSE,0.19568165715823388,4
pan_fla,tet_gab,-0.08641412709956753,-0.21822425151639943,0.0646764085191226,FALSE,0.10717903070164547,5
era_def,Def_dec,-0.08598291320539507,NA,NA,FALSE,-0.04545454545454545,1
CambXyl_con&BB_con&BO,tet_gab,0.08597922444378292,-0.05147775751677904,0.23391789205308666,FALSE,0.07339287631937812,8
pol_pol,pha_cya,0.08582705514640855,-0.08184594570598443,0.23780775146372693,FALSE,0.13614999139408854,9
pit_spp,tet_gab,-0.0857288085840926,-0.23638763832985701,0.06300768464220327,FALSE,0.09343213981213513,10
ips_ami,ips_cem,-0.0857228216025699,NA,NA,FALSE,-0.005332224534492878,2
Def_dec&DB,ips_sex,0.08561990521205413,-0.028785480844651747,0.1939900411482555,FALSE,4.4870607188378695e-4,14
ope_spp,agr_big,0.0853334414661319,-0.04756555509319205,0.22999230362432554,FALSE,0.027201630958977815,9
ips_typ,tha_pit,0.0852229909923228,NA,NA,FALSE,-0.12998119933084806,3
xyl_lin,CambXyl_con&BB_con&BO,-0.08509518177882729,NA,NA,FALSE,-0.38622899102215574,2
agr_big,pri_abi,0.08495824508389319,-0.08427406638107496,0.23206085238587557,FALSE,-0.116906913128948,8
pit_cha,tom_spp,0.08476554084767576,-0.04039206819540494,0.2231791660017053,FALSE,0.3371010577556004,20
agr_big,tha_pit,0.08469607660509781,NA,NA,FALSE,0.22386911130466447,1
geo_db,den_mic,-0.0846391323538342,NA,NA,FALSE,-0.27284088622532837,1
pit_cha,pha_cya,0.0845119243833506,-0.004279254486393837,0.18032587045150736,FALSE,0.3495793541687242,19
pit_spp,pha_cya,0.08443778938847271,-0.02802403120002427,0.19264699888258358,FALSE,0.2562962553260354,18
Def_dec&DB,den_pin,-0.08437867896564541,NA,NA,FALSE,-0.10327541499752042,3
mel_spp,CambXyl_con&BB_con&BO,0.08436999303264052,NA,NA,FALSE,0.3266384348023231,3
zei_gri,sco_sco,-0.08386707648141285,NA,NA,FALSE,0.14029028071059302,1
tom_spp,Def_dec&DB,0.0837698278243098,-0.035731564465687385,0.219546921761135,FALSE,0.05980389685733547,21
ips_acu,tha_pro,0.08346003365449224,-0.14017982281295324,0.26988746823959453,FALSE,0.06406159707957278,6
ips_sex,pan_fla,0.0832960880539947,-0.05717907764302118,0.17913332618283317,FALSE,0.06658466053827775,5
ips_ami,era_def,-0.08272264031811685,NA,NA,FALSE,0.34190697442748985,2
xyl_spp,pri_abi,-0.08271743531186328,-0.2325379107015012,0.06508487162247255,FALSE,0.1359588825238368,8
CambXyl_con&BB_con&SM,agr_big,0.08252559415634322,NA,NA,FALSE,-0.31814835511866024,2
sco_sco,zei_gri,0.08241351164509271,NA,NA,FALSE,0.14029028071059302,1
tha_pro,ips_acu,0.08232568243734943,-0.07986363053349932,0.27558488008146176,FALSE,0.06406159707957278,6
uro_sir_spp,tom_spp,0.08205126024119684,NA,NA,FALSE,0.1066226108023297,4
Def_dec&DB,bup_pin,0.08197769124473579,-0.06830169713145723,0.20525262067925704,FALSE,0.2651966072469017,5
pit_bid,pit_cha,0.08197188515659766,-0.1745942428364934,0.30609938578326396,FALSE,0.4343617702834948,5
Def_dec&DB,cep_spp,0.08185598264822795,-0.09836063410737285,0.2196262860714373,FALSE,0.0623217714086977,7
pis_pin,CambXyl_con&BB_con&BO,0.081851954839742,NA,NA,FALSE,0.4323093313081473,2
uro_sir_spp,ips_cem,0.08180967282204459,NA,NA,FALSE,0.2577401890352104,4
tor_vir,pit_bid,0.0816478419636788,-0.15704597960516348,0.2535622287123108,FALSE,0.29529278227271977,5
den_pin,tet_spp,0.08160581857589032,NA,NA,FALSE,0.017661322080644484,2
xyl_lin,Def_dec&DB,0.0815833407312623,-0.1495616296470333,0.35037503221357674,FALSE,-0.09314944036378515,6
pit_cha,den_pin,0.08149397738823608,-0.021013468813550255,0.20946012614597817,FALSE,0.2026225356910675,6
Def_dec&DB,sco_int,0.08147428652918987,-0.027579648058498017,0.18477049873458554,FALSE,0.006714383265588024,13
tom_spp,neo_ser,0.08135422346443724,NA,NA,FALSE,0.047834806387392716,4
zei_gri,lym_dis,0.08133630920733691,-0.06131729143373919,0.22066332955755322,FALSE,0.06364662224101415,6
ips_sex,dip_sp,-0.08126198596877592,-0.19942418199218437,0.024762210425032457,FALSE,0.15934506299637471,7
tet_gab,tom_spp,-0.08124775305018773,-0.18254157830767986,0.030555443992583215,FALSE,0.11816863378427862,16
sco_sco,pha_cya,0.08116935176299281,-0.04478312642832146,0.29511384040594846,FALSE,0.03647298611798391,6
pan_fla,tet_spp,-0.08112519317843951,NA,NA,FALSE,0.44632066952455196,4
agr_big,sco_int,0.08109671625536913,-0.048399676303914105,0.22100958100659443,FALSE,0.3583582539819958,8
tha_pro,pha_cya,0.0810413799959159,-0.03224258412981902,0.18690488770139463,FALSE,0.12957864961418486,10
ope_spp,bup_pin,-0.08101207519759503,-0.25596189586995555,0.059224580225703094,FALSE,0.2109041046958048,6
cep_spp,lym_dis,0.08099290972540704,-0.07723079506222703,0.2602149547606564,FALSE,-0.048900388515316244,5
agr_big,CambXyl_con&MD,-0.08087386551431683,NA,NA,FALSE,-0.5679302367098098,1
den_mic,uro_sir_spp,0.08083191038013433,NA,NA,FALSE,-0.045454545454545456,1
tor_vir,ips_cem,-0.08078497448091448,-0.2308536183748781,0.09756972693427463,FALSE,0.06991147851734973,10
era_def,pis_pin,0.08075628490021722,-0.05271132304574617,0.18231704872640844,FALSE,0.0586753233526046,6
pan_fla,bup_pin,-0.08067122414896087,-0.18000570036504387,0.016466942281892372,FALSE,0.37370528267476955,20
tom_spp,den_mic,0.08052005598697981,NA,NA,FALSE,-0.009566237449802648,3
agr_big,pit_cha,0.08035820780049495,-0.14144591463922654,0.24134438932957172,FALSE,0.24553837228852635,11
ips_typ,lym_dis,0.0802349951966082,-0.027192857324967852,0.18529775962811387,FALSE,0.24855116461298588,28
neo_ser,pha_cya,-0.08020719670705856,NA,NA,FALSE,0.07923805408676056,4
pit_bid,ope_spp,-0.08020379887176782,NA,NA,FALSE,0.3015953913947821,4
mel_spp,CambXyl_con&BO,0.0800958360041137,NA,NA,FALSE,-0.0670962167597237,2
uro_sir_spp,xyl_spp,-0.07993280578315444,NA,NA,FALSE,0.005503700160225675,4
pit_bid,tet_spp,0.07976104850813126,NA,NA,FALSE,-0.006668287204101228,3
pit_bid,geo_db,0.07968876222066827,NA,NA,FALSE,-0.20434885599028016,4
CambXyl_con&BB_con&SM,mel_spp,0.0796857201527782,NA,NA,FALSE,0.22253800186976816,2
tha_pro,tet_spp,-0.07959175117123747,-0.270087009081325,0.09316714073488723,FALSE,0.12307832134195376,7
pis_pin,mel_spp,-0.07934707501527193,-0.3166353032107454,0.2476822647009109,FALSE,0.19127499112975718,6
pit_cha,neo_ser,0.07896735272168681,NA,NA,FALSE,0.06409917451486274,2
neo_ser,sco_int,-0.07887425483310853,NA,NA,FALSE,-0.04836315575315628,4
tha_pro,tor_vir,0.07880327453620198,-0.061471362241327196,0.22603099064889057,FALSE,0.1301890427870311,9
ips_cem,zei_gri,0.07864967931546642,NA,NA,FALSE,-0.15296503764945543,1
lym_dis,agr_big,0.07856630424682752,-0.01971629428662784,0.19104929643331264,FALSE,0.1718260569772289,9
den_pin,xyl_lin,0.07844032520791296,-0.018461084707077184,0.15977227844315486,FALSE,0.3812946579062535,5
den_mic,ips_sex,-0.07821378708439615,NA,NA,FALSE,-0.12639434103572164,1
era_def,den_mic,-0.07811277357838767,NA,NA,FALSE,-0.11215048658060106,1
tom_spp,era_def,0.07810671966199217,-0.04097473021089691,0.1855854908623527,FALSE,0.05501238273656167,10
den_mic,agr_big,-0.07807117748218866,NA,NA,FALSE,0.24910932455580456,1
lym_mon,neo_ser,-0.07794121993225431,NA,NA,FALSE,0.12219839482146622,4
pri_abi,xyl_lin,-0.07792536418556562,-0.16383628696879748,0.014823538868834049,FALSE,0.15406291978712452,8
ips_cem,dip_sp,0.0778778741380549,-0.03686851903438126,0.1696590079903782,FALSE,0.2490732508163989,9
CambXyl_con&BO,ips_cem,0.07775425249982194,NA,NA,FALSE,0.0690729314005082,2
pan_fla,ips_dup,0.07769457046315383,NA,NA,FALSE,0.32904230358377695,1
bup_pin,pit_spp,-0.07764592108688352,NA,NA,FALSE,-0.10279297904618881,2
sco_rat,pan_fla,-0.07757211398930901,-0.19513618548996986,0.04703261187425536,FALSE,-0.1160457869139796,5
pis_pin,xyl_lin,-0.07726686784178821,-0.2291503465802153,0.1457176958154137,FALSE,0.21742164189690152,6
pri_abi,tom_spp,-0.07723620356836447,-0.18480091650669278,0.02798049034000517,FALSE,-0.054403767694148085,15
sco_sco,agr_vir,-0.07708112534517063,NA,NA,FALSE,0.009041036574031498,4
sco_sco,pit_spp,0.07700321805016241,NA,NA,FALSE,-0.24660806558417117,1
pol_pol,CambXyl_con&MD,0.07688439880527682,-0.12656687886473844,0.25269556656255693,FALSE,0.2217338760347831,8
den_mic,sco_rat,0.07687050050091544,NA,NA,FALSE,-0.02221613819249527,2
pha_cya,pit_cha,0.07669088561286892,-0.029243532425900182,0.1817132006265312,FALSE,0.3495793541687242,19
sco_rat,pit_bid,0.07668348497163448,NA,NA,FALSE,0.4613483122109086,3
den_pin,ope_spp,-0.07646552126158386,NA,NA,FALSE,0.3229249694011392,4
CambXyl_con&MD,tha_pro,0.07608915432577852,NA,NA,FALSE,0.6669559593540159,1
ips_typ,den_pin,0.07606243927260622,-0.02755368401872593,0.18318789650820472,FALSE,0.11541634996122327,20
sco_rat,Def_dec,0.07590793655024275,NA,NA,FALSE,0.16704155744010196,1
tha_pit,pan_fla,0.07580820349717066,NA,NA,FALSE,-0.47239412810897125,1
tha_pro,dip_sp,0.07572670713074343,-0.04680802747178125,0.1748427969043466,FALSE,-0.09162562254979881,8
CambXyl_con&MD,sco_rat,0.0756442899466412,-0.05844715826184685,0.20773732204586806,FALSE,0.3842897970706356,8
tor_vir,pit_cha,-0.07562151735610181,-0.20749902505790088,0.07539270968384733,FALSE,0.11812625782433,11
agr_vir,ips_ami,0.075458950099967,NA,NA,FALSE,-0.06261931301983985,2
CambXyl_con&BO,ope_spp,-0.07536697535166971,NA,NA,FALSE,-0.19373954305906851,2
ips_sex,tet_gab,-0.07523305598562746,-0.18898167311957742,0.033166412773743714,FALSE,0.16917015453721057,9
sco_rat,tet_spp,0.07520157312097389,NA,NA,FALSE,-0.31027070725386074,2
agr_vir,pri_abi,-0.07509126094249104,-0.1826738592572329,0.025343311510520255,FALSE,-0.21430461722681685,6
tor_vir,sco_int,0.07508904093546195,-0.02852464546442884,0.1688882057241406,FALSE,0.03106633550703826,7
Def_dec&DB,ips_acu,0.07493351194710993,-0.03570351797390724,0.1902431677171612,FALSE,0.04818574082146784,13
xyl_spp,era_def,0.0749025311269317,-0.08545505440769605,0.21894854897780883,FALSE,-0.05174667231566433,10
pri_abi,tet_gab,0.07482189785160431,-0.13061491539639233,0.26280703200812444,FALSE,0.22921920994177877,8
den_pin,lym_mon,-0.07465058338185368,-0.172500831727652,0.025791626730396252,FALSE,0.4432021899808284,21
uro_sir_spp,sco_sco,-0.07459026182837687,NA,NA,FALSE,-0.07954659008666243,3
sco_int,xyl_lin,-0.07445882347711724,-0.26271081417826014,0.11532814875265224,FALSE,-0.007317605651569363,8
sco_rat,ips_ami,0.07442932792965364,NA,NA,FALSE,0.15274117389643582,1
CambXyl_con&BB_con&BO,tet_spp,0.07442346377199624,NA,NA,FALSE,0.1939588055413299,3
ope_spp,pan_fla,-0.07442170126260152,NA,NA,FALSE,-0.012231036206837355,4
tet_spp,pri_abi,0.0743064414010816,-0.10501980915804164,0.2875090200442158,FALSE,0.04941210102977778,5
xyl_lin,tet_spp,-0.07424575763504561,-0.21629355691617172,0.062018951726767906,FALSE,0.08659942607938206,7
tet_gab,CambXyl_con&BB_con&BO,-0.07410880118609371,-0.2518629933910906,0.09515222328073575,FALSE,0.07339287631937812,8
dip_sp,pri_abi,-0.07399418764929609,-0.19950089993995915,0.032976690584518326,FALSE,0.023111305207663784,7
ips_cem,CambXyl_con&BO,-0.07397893649007077,NA,NA,FALSE,0.0690729314005082,2
tor_vir,pan_fla,0.07386789066740017,-0.013674390373004747,0.1714199692134105,FALSE,0.13589926750302703,22
xyl_lin,agr_big,-0.0736331791684953,-0.25758860077880885,0.10324130280678781,FALSE,0.0606327788079029,10
sco_int,pit_spp,-0.07352350935812696,-0.17989332529624483,0.054602755267506936,FALSE,0.2044168697000314,11
lym_dis,lym_mon,0.07343553827476434,-0.055214682113695936,0.21078647850238155,FALSE,0.06242313431798265,13
ope_spp,pit_bid,0.07326090889486017,NA,NA,FALSE,0.3015953913947821,4
Def_dec,xyl_lin,-0.07308095161140693,NA,NA,FALSE,-0.15882600672809638,2
Def_dec,tom_spp,0.07299665717653095,NA,NA,FALSE,-0.2917135929147534,2
pha_cya,pan_fla,0.0729873424104152,-0.029473637388309888,0.16564027904975384,FALSE,0.10302006627359132,23
sco_sco,ips_sex,0.0728722617517975,NA,NA,FALSE,0.18170088989717512,4
tor_vir,xyl_lin,0.07271873586984713,-0.13111488757172737,0.241576134939732,FALSE,0.27784579538565135,9
ips_sex,lym_mon,0.072708988395741,-0.10278394358054585,0.24195643389399007,FALSE,-0.03529447098492091,12
pit_spp,neo_ser,0.07269069056093251,NA,NA,FALSE,-0.26836271181038623,2
sco_sco,dip_sp,-0.0726831280979939,-0.15716895187448476,0.04360981495826712,FALSE,-0.006217285596628248,5
tet_gab,zei_gri,-0.07241238229191495,NA,NA,FALSE,-0.17663183388472267,3
lym_dis,sco_sco,0.07238931191790103,-0.099219183090397,0.24736576730414395,FALSE,0.15718529002986967,5
sco_int,pha_cya,0.07190191026742712,-0.046251983629890005,0.18947929241573389,FALSE,0.24601577831480403,16
pis_pin,dip_sp,0.07175334242089343,-0.15853230046743358,0.2513883857645269,FALSE,0.05761189915703429,8
lym_mon,ips_acu,-0.07171253413049183,-0.15222927212453127,0.019332809296476985,FALSE,-0.020210825790474996,27
pol_pol,ips_sex,-0.07153897860244568,-0.22503685473119583,0.08220694738503957,FALSE,0.09170300005728516,8
CambXyl_con&MD,dip_sp,-0.07152786466807477,NA,NA,FALSE,-0.15203047166365852,1
ips_acu,pit_cha,0.07138007335705318,-0.14560881460504402,0.29698863224953437,FALSE,0.30598208011882894,9
agr_big,Def_dec&DB,0.07129284843642866,-0.09021927614990283,0.26669173477813446,FALSE,0.19581356008786657,7
den_mic,ips_cem,-0.07127474122577168,NA,NA,FALSE,0.2775572961866366,1
agr_vir,den_pin,-0.07115332066636275,NA,NA,FALSE,-0.11679159435643065,4
pit_spp,tom_spp,0.07113729471469236,-0.020711514219230967,0.15974170214344385,FALSE,0.3528813147678372,18
Def_dec&DB,pol_pol,-0.07113091654764536,-0.24414606909105888,0.11346493233151393,FALSE,-0.028681736429911037,8
zei_gri,pit_spp,0.07112383117660932,-0.0711512926826711,0.17823181994654627,FALSE,-0.020617565990020396,7
ips_sex,sco_sco,0.07108211582686388,NA,NA,FALSE,0.18170088989717512,4
xyl_spp,tet_gab,0.07087545053414347,-0.08707093567477842,0.25211546477214686,FALSE,0.2255819374076223,9
pha_cya,zei_gri,0.07076462468996199,-0.04146350142886265,0.1983566176235183,FALSE,-0.039492033826317004,8
tet_spp,sco_int,0.07075244696564245,-0.09748290921440461,0.23047675605209358,FALSE,-0.1633641873350131,6
tet_gab,CambXyl_con&MD,0.07073481795488337,NA,NA,FALSE,-0.28844313453319853,3
Def_dec&DB,agr_big,0.07071834701099343,-0.08243177947763969,0.19252238392464383,FALSE,0.19581356008786657,7
sco_int,cep_spp,0.07062061669527389,-0.03877906125905739,0.18837657634929378,FALSE,-0.13321963715066498,7
tom_spp,xyl_lin,-0.07061472984684038,-0.2307464546499377,0.08625804802834068,FALSE,0.10250653376240551,10
sco_rat,zei_gri,0.07061310734388987,-0.03397994428262831,0.17291333416564467,FALSE,-0.016113062756124046,8
bup_pin,ips_ami,-0.0705401791635287,NA,NA,FALSE,0.2325004055948246,1
lym_mon,den_pin,0.07053859985317835,-0.0232750367452239,0.1693504480214651,FALSE,0.4432021899808284,21
tom_spp,pol_pol,0.0705201543528783,-0.07476214529929555,0.2301661576574383,FALSE,0.12900187849990705,9
uro_sir_spp,ips_ami,0.07047819819705135,NA,NA,FALSE,-0.16489564030321066,1
neo_ser,Def_dec,-0.07041357181730352,NA,NA,FALSE,-0.17030598012606962,1
ips_sex,agr_vir,0.07032592288875159,-0.13621254884418468,0.2270446657906039,FALSE,0.25127795465337566,6
sco_sco,pit_bid,0.0702986728816785,NA,NA,FALSE,0.2080301339631069,4
den_pin,sco_int,-0.07026241331551532,NA,NA,FALSE,-0.04374446867728745,4
cep_spp,ips_dup,0.07022620382854641,-0.10773139616181018,0.19654878525080183,FALSE,-0.26750068839798585,7
sco_rat,xyl_spp,0.07018453054571985,NA,NA,FALSE,0.24421893598324806,3
lym_mon,uro_sir_spp,-0.07014819927514943,NA,NA,FALSE,0.0466252264243432,2
pit_bid,xyl_lin,-0.07005577404312918,-0.3186680639886812,0.15127824211769691,FALSE,0.1729300942397273,5
den_mic,pit_cha,-0.0700263032541907,NA,NA,FALSE,0.12967312900881206,2
ips_cem,ope_spp,0.0699996491980659,-0.08927404442377126,0.23011376911720746,FALSE,0.19609558506538374,9
geo_db,CambXyl_con&BB_con&BO,0.06982507746699673,NA,NA,FALSE,0.0581314550260122,3
pan_fla,tha_pit,0.06968547425643361,NA,NA,FALSE,-0.47239412810897125,1
tet_gab,ips_typ,-0.0694644659818719,-0.18669518782639227,0.054205592913072906,FALSE,0.1897234436180047,17
geo_db,sco_rat,0.06945732817646737,NA,NA,FALSE,0.20291615973181779,3
pha_cya,ips_acu,0.06923662178410493,-0.007605492456191023,0.14276937911467052,FALSE,0.13237658800296717,32
neo_ser,xyl_spp,0.06915839699263274,NA,NA,FALSE,0.1396057422978602,2
neo_ser,ips_acu,-0.06913558873632708,-0.20657893380906764,0.07649749678283835,FALSE,-0.02205625024723737,5
neo_ser,agr_big,-0.06910003783813148,NA,NA,FALSE,0.15933046984177585,2
sco_rat,pit_cha,0.06902390256454731,NA,NA,FALSE,0.3255521694996514,4
Def_dec,sco_rat,-0.06900467385821785,NA,NA,FALSE,0.16704155744010196,1
ips_ami,tet_spp,-0.06891915420210455,NA,NA,FALSE,-0.11020898297785141,2
sco_int,ips_dup,-0.06889369897760214,-0.23889994678812151,0.07160055522011768,FALSE,0.12352900798641978,8
Def_dec,agr_vir,-0.06864705499744886,NA,NA,FALSE,-0.06411037315974936,1
pit_bid,pan_fla,0.06859707701220762,NA,NA,FALSE,0.16326578955205245,4
geo_db,uro_sir_spp,-0.06854147801400519,NA,NA,FALSE,0.024990919622671498,2
agr_big,zei_gri,0.0685319342019339,NA,NA,FALSE,0.006149642809086199,1
pri_abi,pis_pin,-0.06839242960549118,-0.2554873379151836,0.04766068493589132,FALSE,0.17203170432508988,6
tet_gab,bup_pin,0.06826001015778514,-0.03257250003073568,0.14334708583673858,FALSE,0.3561664914978123,6
ips_cem,pit_spp,0.0680912200416544,NA,NA,FALSE,0.3874720404102154,4
pri_abi,CambXyl_con&BB_con&BO,0.06804170739962083,NA,NA,FALSE,0.11332176360300306,1
tet_spp,pit_cha,-0.06785911939367226,-0.17370720937947118,0.0442919677746154,FALSE,0.14433685344952601,8
era_def,CambXyl_con&MD,0.06758327492471379,NA,NA,FALSE,-0.41447166147635073,1
ips_typ,pol_pol,0.06748470702405773,-0.0998907610059167,0.2842907958577249,FALSE,0.19355938120872257,9
dip_sp,agr_big,0.06747268694320097,-0.060406102161215475,0.19615591568506266,FALSE,0.19068414044471008,25
mel_spp,dip_sp,0.067400180370787,-0.07021241727329258,0.18853656481681857,FALSE,0.11513310156260939,24
pis_pin,ips_cem,0.06729973030506356,-0.06321975389940206,0.23132518306988728,FALSE,0.42083512509871746,7
Def_dec,tet_spp,-0.06729916757384737,NA,NA,FALSE,-0.20132639388006474,2
ips_dup,pol_pol,0.06715386005818158,-0.0843383686545157,0.2675130518611205,FALSE,0.12934763165336186,8
pri_abi,CambXyl_con&BB_con&SM,-0.0670684195817778,NA,NA,FALSE,-0.3345684224604586,1
ips_typ,ips_dup,0.06692779769198572,-0.1478271621398814,0.22941538165276928,FALSE,0.6975451525059526,10
pit_spp,lym_dis,0.0668925458194784,-0.07931359066847163,0.19547646927900597,FALSE,0.2184224341170629,16
ips_cem,geo_db,-0.06684908111836668,-0.21009727534686534,0.06821589417582509,FALSE,-0.21961812680275922,7
den_mic,CambXyl_con&MD,-0.06682066198517837,NA,NA,FALSE,-0.019165484321685695,1
tet_gab,den_pin,-0.0668176541339449,-0.22422201465072703,0.08119565255052474,FALSE,0.007299186530976299,5
lym_mon,era_def,0.06675526641158114,-0.06631187674460759,0.2233259861339285,FALSE,0.0726468312654702,8
zei_gri,lym_mon,0.06653870148537526,-0.09024324202216791,0.17561614807627327,FALSE,0.04206584395751018,7
pis_pin,pri_abi,0.066537600279915,-0.13707117670743213,0.27607698294800315,FALSE,0.17203170432508988,6
tor_vir,lym_dis,-0.06636464751595633,-0.20082851752549977,0.07074466242492329,FALSE,-0.05611534097677585,11
xyl_spp,tom_spp,0.06628712582335171,-0.0730981343919795,0.21615969985596722,FALSE,0.17196302226035315,11
agr_big,CambXyl_con&BB_con&BO,0.06624457516621597,NA,NA,FALSE,-0.059048366597316694,3
agr_vir,pis_pin,0.0661595597578108,-0.11786106748042546,0.3183718298820277,FALSE,0.1481390221526748,6
CambXyl_con&BB_con&BO,ope_spp,-0.06604160026235413,NA,NA,FALSE,-0.18464281038198482,2
ips_acu,tom_spp,0.06588699150332113,-0.041767872961559434,0.15945356446154665,FALSE,0.1197432113994354,29
pis_pin,sco_sco,0.06581579234920393,-0.11189516853515129,0.3322805041289298,FALSE,0.2600752836446467,5
ips_cem,ips_typ,0.06567738892776193,-0.12337865173937541,0.21205156978617848,FALSE,0.5628439496475026,11
tet_gab,tor_vir,0.06567457883248715,-0.03145012464903579,0.1853347726266657,FALSE,0.17243209484278207,8
sco_rat,sco_sco,-0.06562575628017578,NA,NA,FALSE,0.046619093233399515,4
lym_dis,pit_spp,0.06546211475185698,-0.05869356207543317,0.19859717828603884,FALSE,0.2184224341170629,16
tom_spp,cep_spp,0.06531979728463688,-0.13359666407067122,0.25693935967146714,FALSE,-0.18084574632645886,7
CambXyl_con&BB_con&SM,ips_typ,0.06521824787560472,NA,NA,FALSE,-0.6208701363135091,2
ips_typ,CambXyl_con&MD,-0.06510850239549322,-0.16511689179101147,0.04765818571384325,FALSE,0.3074949946386806,9
ips_ami,geo_db,0.06502340309285053,NA,NA,FALSE,-0.08509664615990228,1
uro_sir_spp,pit_spp,0.06496538831060902,NA,NA,FALSE,0.18953046743086874,2
ips_acu,pha_cya,0.06458348344394946,-0.0318217899817517,0.15938317135018315,FALSE,0.13237658800296717,32
tet_spp,uro_sir_spp,0.06441675791443584,NA,NA,FALSE,0.2422829636267983,4
agr_big,era_def,0.06441622963497927,-0.06929121270085226,0.20144262481385822,FALSE,0.016872835582134572,10
ips_sex,pha_cya,0.06435983442180768,-0.04322409509749144,0.1816387372270306,FALSE,0.5083318670172224,16
ips_ami,pan_fla,-0.06424177167966888,NA,NA,FALSE,0.12092384780681295,1
pan_fla,tor_vir,0.0639882380793482,-0.03425340019236144,0.15794463179274237,FALSE,0.13589926750302703,22
dip_sp,ips_acu,-0.06397390449086711,-0.13951766249708478,0.0064661657767392175,FALSE,-0.10843114053192929,23
ips_dup,CambXyl_con&MD,-0.06382275513149016,-0.23675248484227257,0.12851493986621146,FALSE,0.32381019760645086,8
tha_pro,xyl_lin,0.06370300801247102,-0.09891948889892,0.19787607675506894,FALSE,0.16507154086640408,9
cep_spp,den_mic,-0.06360680111921709,NA,NA,FALSE,-0.10852937104017223,1
sco_sco,era_def,-0.06334517503333167,NA,NA,FALSE,0.12399104923770464,4
bup_pin,ips_cem,0.06328249735531635,-0.12570111636931797,0.22496757328894368,FALSE,0.2035466331704299,8
ips_acu,CambXyl_con&MD,0.063134189708515,-0.146980981112078,0.2171219529443477,FALSE,0.39856366387056996,9
ips_cem,tom_spp,0.06303650343489738,-0.044626084482781644,0.19225363912440868,FALSE,0.32566979690656916,11
sco_rat,sco_int,0.06299827093520273,-0.03902299192371864,0.17544488879543685,FALSE,0.43571267708369443,11
Def_dec&DB,agr_vir,-0.06296732161305757,-0.20871060697035418,0.13443265582910324,FALSE,0.160435637316341,6
ips_cem,ips_sex,0.06286103172249052,-0.15241538226902504,0.32288322576883166,FALSE,0.36730916595009067,8
pri_abi,ips_cem,0.06280072851374638,-0.060403505198095564,0.15821992349668154,FALSE,0.03719055316979803,8
dip_sp,tet_gab,-0.06280036821124757,-0.25786134537457783,0.1058883830366957,FALSE,0.03203975641790537,11
CambXyl_con&MD,xyl_lin,-0.06267802418641592,NA,NA,FALSE,0.4395034611066269,1
zei_gri,cep_spp,-0.06263261315991053,-0.2436211949739815,0.11648317105233404,FALSE,0.03014999269485231,7
pha_cya,xyl_spp,0.06261253916738146,-0.06931470417239374,0.21767483085456046,FALSE,0.2864029749936338,11
ips_dup,pri_abi,-0.06252736662654303,-0.16204440350009028,0.05420187287253127,FALSE,-0.5704777170785686,7
pit_spp,ips_typ,0.062419061700288596,-0.050784331489677696,0.17170264343977168,FALSE,0.5286213888659772,21
pis_pin,era_def,-0.06240603751152764,-0.18394983228756598,0.04303372107525384,FALSE,0.0586753233526046,6
geo_db,mel_spp,-0.06236229694915542,-0.162694397180828,0.04901387517180559,FALSE,-0.027702887217370725,23
pis_pin,pit_spp,0.06224245314339192,NA,NA,FALSE,0.16778578762789031,1
ips_sex,tet_spp,0.062202910362735696,-0.03739348205661974,0.1525651211757307,FALSE,0.09239498025767841,5
tom_spp,ips_dup,0.06219569172433421,-0.07197046767806559,0.22296474719678921,FALSE,0.5594019061776835,8
ips_acu,agr_big,0.062125053438055425,-0.05693695795188865,0.16802785073313156,FALSE,-0.08324653033002702,23
pit_cha,agr_big,0.062056975581072,-0.07484051437174338,0.21679065471643022,FALSE,0.24553837228852635,11
ips_cem,pri_abi,0.0620533167580043,-0.07946680531339796,0.23167208278403842,FALSE,0.03719055316979803,8
ips_sex,pol_pol,-0.06202526174237634,-0.19362880731233018,0.07028491611020075,FALSE,0.09170300005728516,8
dip_sp,sco_rat,-0.06199426183889175,NA,NA,FALSE,0.14451192010930736,4
agr_vir,bup_pin,-0.06197459276397998,-0.18566052794210997,0.04328176929801014,FALSE,-0.15322996158086244,6
lym_mon,ope_spp,-0.06182073789543645,-0.3986599642290163,0.240795825598373,FALSE,0.2378431017438669,6
pri_abi,pan_fla,0.06180498716219325,-0.1553420167089737,0.27385922187481443,FALSE,0.23321401772048966,6
Def_dec&DB,era_def,-0.0617537173383094,-0.2032079660307154,0.047240166218390216,FALSE,-0.4011728810889084,6
geo_db,era_def,-0.06168972285252125,-0.2140145917964846,0.08429528736164249,FALSE,-0.2447686658809204,6
geo_db,agr_big,0.06142599763996181,-0.02413572161464668,0.14286591817343314,FALSE,0.06485766920984902,24
xyl_spp,uro_sir_spp,-0.06134103330454531,NA,NA,FALSE,0.005503700160225675,4
pha_cya,xyl_lin,-0.06133443107505791,-0.22047052722571267,0.10728850420496897,FALSE,0.026680925184946237,10
pit_bid,ips_cem,0.06129694793083709,-0.1794794228292666,0.29287519806503415,FALSE,0.5050950140642676,5
sco_sco,tha_pit,0.06122584069285869,NA,NA,FALSE,-0.10807205026320002,1
tet_gab,CambXyl_con&BB_con&SM,0.06121840474014844,NA,NA,FALSE,-0.41562211067990973,2
sco_int,ips_ami,0.06117213075823792,NA,NA,FALSE,0.22680942530306233,2
den_mic,pha_cya,-0.06103875802693369,NA,NA,FALSE,-0.10591108390854956,3
agr_big,xyl_lin,-0.060924018058622124,-0.17668054985403672,0.06964617668651676,FALSE,0.0606327788079029,10
cep_spp,ips_typ,-0.0609091497767771,-0.28985109037893686,0.15304396934759307,FALSE,-0.3086505720179531,7
den_pin,uro_sir_spp,0.06089466180990991,NA,NA,FALSE,0.43376798937257055,1
pan_fla,zei_gri,0.06087210917357998,NA,NA,FALSE,0.2894964075144088,2
cep_spp,sco_rat,-0.060846747059806104,-0.1944630998382002,0.07565678718548746,FALSE,-0.2803473165745918,7
xyl_lin,lym_mon,0.06076439006646774,-0.0429255399820549,0.18637396878931975,FALSE,0.08258686148283656,7
ips_sex,xyl_lin,-0.06065851617286456,-0.1995145655805432,0.09676643238781149,FALSE,0.08162039870238538,8
sco_sco,ips_acu,-0.06058182362576327,-0.16531984202424996,0.08876389296342377,FALSE,3.8587904247209203e-4,5
tor_vir,era_def,0.06054603608871374,-0.08287693482791353,0.22024451336235343,FALSE,0.3904364654787419,9
ips_dup,den_mic,0.06052753759072021,NA,NA,FALSE,-0.4087510131576323,1
tet_gab,pri_abi,0.060470859039618574,-0.0970957596771046,0.24667378518772146,FALSE,0.22921920994177877,8
cep_spp,zei_gri,0.06031519848773039,-0.01693165752999777,0.13974223125281623,FALSE,0.03014999269485231,7
tet_gab,ips_cem,0.06016452556382613,-0.07366971243778979,0.1745375717569714,FALSE,0.40139010006928144,9
sco_int,tor_vir,0.059931395096203245,-0.054759146844896994,0.19063907307940417,FALSE,0.03106633550703826,7
agr_vir,era_def,-0.05992771909871157,-0.242547737482075,0.10060730231065268,FALSE,0.09436195187295861,8
xyl_spp,Def_dec&DB,0.05989515547233243,-0.1293713750043341,0.3089271810028373,FALSE,0.13987329415948246,7
neo_ser,pis_pin,0.059862965551394205,NA,NA,FALSE,0.028240597159295108,2
tom_spp,zei_gri,0.05974866024346134,-0.06293894209021911,0.1881534573138282,FALSE,-0.06250113782993941,8
Def_dec&DB,Def_dec,0.05961615491217896,NA,NA,FALSE,0.005859444997207841,2
pri_abi,ips_dup,0.05944066800260942,-0.1345501835536028,0.24192869962358632,FALSE,-0.5704777170785686,7
neo_ser,pit_spp,-0.05935153764146439,NA,NA,FALSE,-0.26836271181038623,2
pit_cha,pri_abi,-0.05912623047953549,-0.19340113103009776,0.12516232500522018,FALSE,-0.010128895184766005,8
era_def,ips_sex,-0.05911846976053707,-0.15003648744271936,0.022253657774503874,FALSE,0.02646434831589846,7
cep_spp,tom_spp,0.05908114107236741,-0.10219265716660494,0.1814006282745063,FALSE,-0.18084574632645886,7
ips_cem,pit_cha,0.05903809589641589,-0.13178788542475228,0.21571310561661355,FALSE,0.5794674466791996,11
zei_gri,CambXyl_con&MD,-0.05899131560752831,-0.2734543434776141,0.14198517480330844,FALSE,-0.0335578961466258,7
mel_spp,sco_rat,-0.05895584241716845,NA,NA,FALSE,0.057681480233476454,3
pha_cya,pit_spp,0.05895185570333763,-0.029209552284173056,0.14247651931501976,FALSE,0.2562962553260354,18
ips_typ,agr_big,0.05888703913001864,-0.05010274604166949,0.15997712781170287,FALSE,0.21841834072505428,28
era_def,xyl_spp,0.05863815382126979,-0.04930003133751802,0.18697861101811628,FALSE,-0.05174667231566433,10
CambXyl_con&BB_con&BO,bup_pin,0.058548110741332864,NA,NA,FALSE,0.6177253516644907,1
pol_pol,cep_spp,0.05843734212149262,-0.06383479329946853,0.15832263124734966,FALSE,0.01702239275412908,7
bup_pin,geo_db,0.05841558673519254,-0.049065792788132154,0.1535708615002498,FALSE,0.1837680358682625,19
pit_spp,CambXyl_con&BB_con&BO,0.058336486279042074,-0.08315250479999314,0.20998673984711552,FALSE,0.24899967534917553,9
pan_fla,den_pin,0.05804493907129492,-0.05675935429621798,0.17037923989892054,FALSE,0.30165047017685614,19
tom_spp,CambXyl_con&BB_con&SM,-0.05802337473019092,NA,NA,FALSE,0.12721567842373077,2
lym_mon,tha_pit,0.05800584134581704,NA,NA,FALSE,-0.45812713815045525,1
pha_cya,pol_pol,0.057989374328486144,-0.11560805876708703,0.22917425995111618,FALSE,0.13614999139408854,9
xyl_spp,ips_sex,0.05796089949724509,-0.08177781742439623,0.25713850189317833,FALSE,0.24107923944678716,8
era_def,agr_big,-0.05793897759305487,-0.14413195853723032,0.014276930757758014,FALSE,0.016872835582134572,10
zei_gri,ips_dup,-0.057737350232760914,-0.24234712496561125,0.07022767524130401,FALSE,0.07410008759150935,7
zei_gri,ope_spp,0.05758276369681208,NA,NA,FALSE,0.12688204890511523,1
pit_bid,tom_spp,0.05745417934063111,-0.12323416428115143,0.2571614664786438,FALSE,0.3980823426219632,5
zei_gri,tet_spp,-0.05740672097891247,NA,NA,FALSE,-0.09766853508096923,1
xyl_spp,geo_db,0.05740063704299028,-0.12486686377469551,0.20530480341457644,FALSE,-0.05460910622914823,7
pit_cha,lym_mon,-0.05718544447972406,-0.2522291407799473,0.12193956122682698,FALSE,0.136279183998604,9
lym_dis,neo_ser,-0.05715763704473415,NA,NA,FALSE,0.08413804906744832,4
pan_fla,ips_sex,0.05713116034812137,-0.13920790599763938,0.316792609532054,FALSE,0.06658466053827775,5
ips_dup,neo_ser,-0.057014700593202516,NA,NA,FALSE,-0.39445704818924987,2
CambXyl_con&BB_con&BO,pha_cya,0.05699050253771489,-0.09197783183364903,0.20471550037336567,FALSE,0.2739529177734577,10
dip_sp,uro_sir_spp,-0.05686189279955703,NA,NA,FALSE,0.2947148988368689,2
pis_pin,agr_big,0.05673981519722119,-0.07053998013852614,0.23853957484605295,FALSE,0.4044548598037905,7
uro_sir_spp,pit_bid,0.05668212852728229,NA,NA,FALSE,0.11832848278078659,2
ips_sex,tom_spp,0.05663216567176154,-0.07124442127126207,0.18563411703607635,FALSE,0.4735130068663596,16
pha_cya,CambXyl_con&MD,-0.05653104283359525,-0.2331587481138762,0.1179229304190818,FALSE,0.25558267964124454,9
agr_big,tet_spp,0.05648903280005525,-0.06240451281230609,0.18732572179515516,FALSE,0.061878490187534836,8
bup_pin,tor_vir,0.056360161542668846,-0.056091708257343116,0.18604174067242774,FALSE,0.16669179263283912,21
zei_gri,neo_ser,-0.05625680011091751,NA,NA,FALSE,-0.0476576999545067,3
pit_bid,pha_cya,0.055987628372746706,-0.10616915529776198,0.2506969490025952,FALSE,0.6044388237191045,5
era_def,bup_pin,-0.05597491301137239,-0.13403490240174998,0.05229387557397518,FALSE,-0.06018925444776836,7
zei_gri,tor_vir,-0.05596476361238168,NA,NA,FALSE,-0.0991223611896074,1
tha_pro,CambXyl_con&BB_con&BO,-0.055923665060037674,NA,NA,FALSE,0.10777719946167566,3
uro_sir_spp,den_pin,0.055921385699652784,NA,NA,FALSE,0.43376798937257055,1
ips_acu,tet_gab,-0.05585839602059996,-0.24190656196227187,0.10939190985145161,FALSE,0.22997599810460187,8
xyl_spp,xyl_lin,0.055856939055130506,-0.18442028191266327,0.2509678482197288,FALSE,0.5789800273779526,10
lym_mon,pit_bid,-0.05571344760629658,NA,NA,FALSE,-0.05958419817413302,4
pha_cya,bup_pin,0.055601349187265586,-0.03149123775109317,0.16884810976804748,FALSE,0.24656345209279046,22
xyl_spp,bup_pin,0.055562598007438284,-0.06518675560801994,0.2212606821514678,FALSE,0.28698121489114825,8
den_pin,geo_db,-0.055519656302431525,-0.13085789135969916,0.00974305474397743,FALSE,0.2637857055493073,19
pol_pol,tom_spp,0.05534946654119285,-0.1475292680026331,0.1993151571790057,FALSE,0.12900187849990705,9
CambXyl_con&BB_con&SM,lym_dis,-0.055305812289212226,NA,NA,FALSE,0.08992415101059414,2
geo_db,Def_dec,0.055215767187822694,NA,NA,FALSE,0.1840790011792562,1
agr_vir,tor_vir,-0.05485514078501991,-0.17536571799754103,0.07884801614062813,FALSE,-0.023473080572688366,9
ips_typ,ips_cem,0.05480887871659759,-0.06583776176205618,0.20629184266400938,FALSE,0.5628439496475026,11
sco_sco,tor_vir,0.05434185092875216,-0.13363947611464186,0.3132271822174173,FALSE,0.11652897175300349,6
ope_spp,ips_cem,-0.05425525275924286,-0.23015577453019942,0.16356402527810793,FALSE,0.19609558506538374,9
tet_spp,Def_dec&DB,-0.05397916533971819,-0.21390162002380805,0.1388170925660249,FALSE,0.15548884580632624,6
cep_spp,pan_fla,0.05396682535970953,NA,NA,FALSE,-0.2632700447611223,1
lym_mon,Def_dec&DB,0.05395037401700501,-0.07122020841703995,0.17930912307200852,FALSE,0.14194234738112996,11
era_def,CambXyl_con&BO,0.053938303974837065,NA,NA,FALSE,-0.17031205440760822,2
pis_pin,tha_pro,-0.05383232830904454,-0.24235066809290465,0.17266277591378815,FALSE,0.1018585202072589,6
geo_db,ips_typ,0.05377425237454476,-0.003947984934932495,0.11438098791569674,FALSE,0.02252462690770797,28
geo_db,zei_gri,-0.053736283330497236,NA,NA,FALSE,-0.11970291279339365,1
ips_cem,den_pin,0.05366023794141341,-0.0821837810252244,0.141668671331127,FALSE,0.21790087112659803,5
tet_spp,xyl_spp,-0.053641254358687655,-0.26627955045466545,0.14468863140874474,FALSE,0.016823916076906423,8
geo_db,pan_fla,0.05356463256918624,-0.07014001313668784,0.18370702394487512,FALSE,0.047800925053061875,20
Def_dec&DB,CambXyl_con&MD,0.053414269928218724,-0.020535881436423244,0.133626044396986,FALSE,-0.03172351110377995,9
Def_dec&DB,pit_bid,-0.053409682553614134,NA,NA,FALSE,-0.0435202252672427,3
dip_sp,xyl_lin,0.05329692969575024,-0.07981398976098661,0.18136489144928944,FALSE,0.18762955158591144,8
pit_cha,xyl_lin,-0.053122142044544976,-0.16816817088013783,0.06954857395383734,FALSE,0.11529754035762718,10
geo_db,tom_spp,0.05304842282585371,-0.04043392089914975,0.14819129734558747,FALSE,0.1166576310820372,22
pit_cha,Def_dec,0.052885522859786246,NA,NA,FALSE,-0.08651135198533992,2
Def_dec&DB,pit_spp,-0.05263315922040596,-0.19522830734019483,0.08790553220166991,FALSE,-0.15589839616354878,15
neo_ser,geo_db,-0.0525768022630102,NA,NA,FALSE,-0.22132577607165868,2
lym_dis,pol_pol,0.05247547273021336,-0.13518692823018164,0.27316780936752716,FALSE,0.05209333963908175,7
cep_spp,ips_sex,-0.05246670259223766,-0.2092325586815995,0.1282749735979177,FALSE,-0.18201932465111778,7
pit_spp,CambXyl_con&BO,0.05231624470433823,NA,NA,FALSE,0.34232828647433744,3
tet_gab,agr_vir,-0.051899488976138795,-0.18006021835031236,0.07127250844810472,FALSE,0.20557875517291666,7
tom_spp,tor_vir,0.0518543719147381,-0.03449971512871638,0.1432050793150907,FALSE,0.1790927162487887,25
pit_cha,lym_dis,0.05183812804828664,-0.044974025043356645,0.13790038586264833,FALSE,0.1976419245862337,17
ips_typ,pit_cha,0.05167167772455828,-0.04248495675819141,0.15081216728069582,FALSE,0.645974459727935,24
CambXyl_con&BB_con&SM,pit_spp,0.051467928387262205,NA,NA,FALSE,-0.19485959984782372,2
ips_typ,tha_pro,0.051403566654847827,-0.14486089739599647,0.23041976379408902,FALSE,0.05994628894858977,10
agr_vir,Def_dec,0.051235880638029,NA,NA,FALSE,-0.06411037315974936,1
den_mic,pan_fla,-0.05110423455544509,NA,NA,FALSE,-0.02412422073911762,1
ips_typ,ope_spp,0.0510929256289175,-0.10410231607982258,0.22653169632747133,FALSE,0.11863863460231239,9
cep_spp,pit_spp,0.051069315909268775,-0.09319574907552182,0.2122915632331379,FALSE,-0.30151873422441144,7
era_def,geo_db,-0.051030939302654406,-0.16898495722998888,0.09131500721712948,FALSE,-0.2447686658809204,6
sco_rat,ope_spp,-0.050902949884373584,NA,NA,FALSE,-0.08381725113691679,2
era_def,agr_vir,0.050848390489955105,-0.08543297425982842,0.1961739702415677,FALSE,0.09436195187295861,8
xyl_spp,pha_cya,0.0503564123769073,-0.06997365856754283,0.18262879292141554,FALSE,0.2864029749936338,11
Def_dec,lym_dis,0.05030637389446822,NA,NA,FALSE,-0.1584249882659077,2
sco_int,uro_sir_spp,0.050253631745604564,NA,NA,FALSE,0.12056864515565222,4
geo_db,pol_pol,-0.050147175643735505,NA,NA,FALSE,0.4747352618651723,1
dip_sp,sco_sco,-0.05008421855966849,-0.24697470201449778,0.140029688923956,FALSE,-0.006217285596628248,5
tet_gab,ips_acu,0.04986566228258037,-0.10466511667408394,0.19257490493905602,FALSE,0.22997599810460187,8
agr_vir,ips_cem,0.049858134573749366,-0.11266809971876321,0.23923724282810024,FALSE,0.2848920006194881,9
den_pin,neo_ser,-0.04984081746210333,NA,NA,FALSE,-0.13074981768605018,2
sco_rat,pol_pol,0.04975511348817712,-0.10335548464009126,0.20168748561431943,FALSE,0.20927121449987235,9
sco_rat,cep_spp,-0.04970589472734107,-0.15811538939407074,0.04710075786383559,FALSE,-0.2803473165745918,7
CambXyl_con&MD,CambXyl_con&BO,-0.049677104085348645,NA,NA,FALSE,0.4085899793736814,1
CambXyl_con&BO,pit_cha,-0.04967019967253819,NA,NA,FALSE,0.19946240844398355,3
agr_big,lym_mon,-0.049620878261943314,-0.13080802328696314,0.045033653369396416,FALSE,0.03586357942828582,24
sco_int,bup_pin,-0.04946953921324964,-0.15185554939404625,0.09514447933462891,FALSE,-0.09181098423318342,5
tet_spp,ips_cem,-0.04939230049575462,-0.18665649169140416,0.10936740892636619,FALSE,0.30918644201167683,8
ope_spp,uro_sir_spp,-0.04938451972309343,NA,NA,FALSE,-0.13170583075763934,4
ips_ami,pis_pin,-0.04917624518469031,NA,NA,FALSE,0.1643202189393955,1
tet_spp,ips_typ,-0.04915206244950572,-0.17231121088016765,0.08363119928430238,FALSE,0.1518982847509325,8
geo_db,ips_ami,0.049126038462789325,NA,NA,FALSE,-0.08509664615990228,1
lym_dis,mel_spp,0.049071045974249855,-0.07093707703814833,0.17875646963438596,FALSE,0.09597843222882448,8
Def_dec,ips_sex,0.048952857112553136,NA,NA,FALSE,-0.05989375640280196,2
tet_spp,xyl_lin,-0.04894920857087377,-0.17445304847632617,0.0654944483073719,FALSE,0.08659942607938206,7
pan_fla,pit_bid,0.048891018103427636,NA,NA,FALSE,0.16326578955205245,4
dip_sp,bup_pin,0.04887673821322428,-0.025516574178544978,0.11716079708415958,FALSE,0.31976033256971936,21
sco_int,mel_spp,-0.048842024038525646,-0.15036697265150173,0.04839590319623418,FALSE,0.03274659932177143,6
xyl_lin,tom_spp,-0.04859389224241519,-0.1837963051305565,0.11972413573771598,FALSE,0.10250653376240551,10
pri_abi,den_pin,-0.04837592241632157,-0.1696176610450361,0.05792834467441929,FALSE,0.028537371259221175,5
sco_int,ips_typ,0.048352333874304786,-0.040153892288518,0.1300297439045641,FALSE,0.20111081122093652,16
tor_vir,CambXyl_con&BO,-0.04818718981782299,NA,NA,FALSE,-0.11718395903150548,2
pan_fla,pit_cha,0.04802611811168287,-0.008822273641805652,0.11167561009461949,FALSE,0.206512251004872,7
lym_mon,tom_spp,-0.0479138163308478,-0.11291110577195931,0.017901342562141192,FALSE,0.044027961841267255,28
Def_dec&DB,tet_spp,-0.047822898224388774,-0.22767852576181294,0.1671928710852843,FALSE,0.15548884580632624,6
xyl_lin,pit_spp,-0.047715511764309625,NA,NA,FALSE,0.24674766441230933,4
zei_gri,pha_cya,-0.04758456732207272,-0.17467257853320384,0.09421687055799452,FALSE,-0.039492033826317004,8
ips_typ,dip_sp,-0.047544842552331615,-0.17026509020883154,0.06532654969329131,FALSE,-0.0024260127310789235,31
mel_spp,pri_abi,0.047424985707878495,-0.24316425288735816,0.3156854776825165,FALSE,0.1836602168951483,7
Def_dec,era_def,-0.04732139008463479,NA,NA,FALSE,-0.04545454545454545,1
pit_spp,ips_acu,0.04729508474483269,-0.050873757754210824,0.13989329716917742,FALSE,0.46105709158335173,10
pit_spp,ips_cem,-0.04725087732725925,NA,NA,FALSE,0.3874720404102154,4
mel_spp,pit_bid,0.04717889226932854,NA,NA,FALSE,-0.05982057628450395,4
tom_spp,tet_gab,0.04703776538127553,-0.0967423625614763,0.21767771223785903,FALSE,0.11816863378427862,16
sco_rat,pis_pin,0.04682829163501105,NA,NA,FALSE,0.36348986828610524,4
ope_spp,dip_sp,0.04674827511933633,-0.11624972804452202,0.19020743104031518,FALSE,0.2881808207142827,7
tor_vir,tha_pro,0.04662769342317457,-0.12040882155612245,0.20136257714765432,FALSE,0.1301890427870311,9
Def_dec&DB,ips_dup,-0.04657450009428767,-0.18176932085032393,0.13004484309839093,FALSE,-0.25020303855968506,8
lym_dis,uro_sir_spp,-0.04652993095967039,NA,NA,FALSE,0.1704052472932392,3
zei_gri,sco_int,0.04650555010954989,-0.1196508949374538,0.20756692470796934,FALSE,-0.005026221841110531,8
lym_mon,ips_sex,-0.04649139253389642,-0.12109496266131742,0.022575268437718617,FALSE,-0.03529447098492091,12
agr_big,dip_sp,0.046488432969380274,-0.0739145313766047,0.15178623163691563,FALSE,0.19068414044471008,25
sco_int,den_pin,0.04644641526237753,NA,NA,FALSE,-0.04374446867728745,4
bup_pin,ips_typ,-0.04642269575443319,-0.13463924616953823,0.020983931830696193,FALSE,0.08722043139296448,22
bup_pin,pri_abi,0.04626844857879249,-0.21025779573197115,0.21202090390844636,FALSE,0.11207858376349693,7
ips_acu,cep_spp,0.046263284106646194,-0.04199975191142261,0.14032822025630798,FALSE,-0.1323541372395329,7
den_pin,mel_spp,-0.04625886983220883,-0.1541564832618422,0.05732869427996236,FALSE,0.10756913145244507,18
pri_abi,ips_acu,0.046063308939999055,-0.10930640183834556,0.18818908473247004,FALSE,-0.12094874978760113,12
pri_abi,CambXyl_con&MD,-0.04600290930196932,-0.14745053149268605,0.12597364202366873,FALSE,-0.24169837052052556,8
tet_spp,pha_cya,-0.04583182979044875,-0.14658250639259504,0.06876812181520096,FALSE,0.145875328322962,8
pit_cha,ope_spp,-0.04568459745165441,-0.1605826183144925,0.09233406230794543,FALSE,0.12655918559733276,9
CambXyl_con&BO,pit_spp,0.04560078277016707,NA,NA,FALSE,0.34232828647433744,3
sco_rat,neo_ser,-0.04557043653042392,NA,NA,FALSE,-0.035561846500657655,4
den_pin,den_mic,0.04545511207039384,NA,NA,FALSE,0.4329575969819365,1
pit_spp,agr_vir,-0.0452581598036703,NA,NA,FALSE,0.08617441261279489,3
tet_spp,pan_fla,-0.0452319314406741,NA,NA,FALSE,0.44632066952455196,4
Def_dec&DB,CambXyl_con&BB_con&BO,-0.04507851020426708,-0.17528469957917084,0.11288115365344069,FALSE,0.15476225866383506,9
CambXyl_con&MD,CambXyl_con&BB_con&BO,0.045072665597323626,NA,NA,FALSE,-0.07276338550706798,1
xyl_lin,sco_int,0.044916412248536805,-0.08956416388908389,0.17001646367340814,FALSE,-0.007317605651569363,8
pol_pol,lym_mon,-0.04461292797163877,-0.22690317336651492,0.13796283138127366,FALSE,0.025929446931220828,7
pis_pin,ips_acu,-0.04425640756734396,-0.171525795798141,0.08575687752936234,FALSE,0.35840602764970364,7
sco_int,tet_gab,0.04421531352506919,-0.04329259363402078,0.15323228503385403,FALSE,0.14150656647921508,9
dip_sp,pit_bid,0.044177848621927245,-0.08567108570390654,0.20150352965778517,FALSE,0.2463474132188226,5
CambXyl_con&BO,sco_int,0.044013644111551724,NA,NA,FALSE,0.4226891249451951,2
pit_cha,tet_gab,0.043926473388361746,-0.09109749433723055,0.1813923706442425,FALSE,0.2113280107582787,15
geo_db,pis_pin,-0.043868499492072756,-0.16840984177235752,0.0743073128756988,FALSE,-0.10455002524624174,6
ips_cem,tha_pit,-0.04385980501671029,NA,NA,FALSE,0.1851310882907218,1
pit_bid,bup_pin,-0.04365241339107612,NA,NA,FALSE,0.11893758063975918,4
lym_dis,cep_spp,-0.04362889531356897,-0.16810599887225272,0.08246635570985647,FALSE,-0.048900388515316244,5
ips_acu,mel_spp,0.04356150440485224,-0.06334255421007734,0.14366568038318378,FALSE,9.433930643531444e-4,22
pha_cya,CambXyl_con&BB_con&SM,0.04355084481264834,NA,NA,FALSE,-0.15684754186581196,2
lym_mon,agr_vir,0.043477134144987245,-0.12360701045334666,0.21917252366561843,FALSE,-0.17507862178476968,6
ips_sex,den_pin,0.043357658291750055,-0.0859627033535261,0.20953952336694867,FALSE,0.013074940840131617,5
lym_mon,mel_spp,-0.04321265646250318,-0.13469184664939404,0.04978372119466478,FALSE,0.12958396461892052,23
dip_sp,era_def,0.043200697280244824,-0.11906418177617857,0.24806299853903918,FALSE,0.1591774437182982,8
pha_cya,Def_dec,-0.043083891378645274,NA,NA,FALSE,0.014916770907577396,2
pit_bid,den_pin,0.042935196658017594,NA,NA,FALSE,0.27182503700044225,4
den_pin,era_def,0.04286901066810226,-0.10287897380334463,0.1642684784064115,FALSE,0.05236952535273219,5
dip_sp,tor_vir,0.04286122577563274,-0.04010020419266714,0.12187141398689974,FALSE,0.15538439077046834,26
tet_spp,CambXyl_con&BB_con&BO,-0.042813672356783315,NA,NA,FALSE,0.1939588055413299,3
mel_spp,ips_acu,-0.042804697499526166,-0.1681026303880621,0.0699414655633639,FALSE,9.433930643531444e-4,22
tha_pro,den_pin,0.04278629107103581,NA,NA,FALSE,0.1272038513434976,4
mel_spp,ips_cem,-0.04277853233686282,-0.2688061468520019,0.11921457118675298,FALSE,0.13842853847036135,9
CambXyl_con&BB_con&SM,dip_sp,-0.04276580483707215,NA,NA,FALSE,-0.26143808090395076,2
pit_cha,tor_vir,0.04273970242025115,-0.07136840208946797,0.15808817392197927,FALSE,0.11812625782433,11
lym_dis,tha_pro,0.04269447881691242,-0.11074546788569317,0.19863077090010586,FALSE,0.24772176627645368,8
tor_vir,agr_vir,0.042690092081388485,-0.10532996446735067,0.17899910151675236,FALSE,-0.023473080572688366,9
pri_abi,lym_dis,0.0425595027584522,-0.06655637089103018,0.1380790899859255,FALSE,-0.11953292512374628,12
agr_big,bup_pin,0.04245815625030317,-0.03335240788373606,0.1231808925763463,FALSE,0.23914367957071236,22
tet_gab,lym_dis,-0.04217314691587764,-0.17265081219577644,0.08265809400081059,FALSE,0.0640905097595749,14
tet_gab,pol_pol,0.042102048536147706,NA,NA,FALSE,-0.2513555305339332,2
era_def,lym_mon,-0.04205923384175745,-0.26454637238154316,0.2482268169802871,FALSE,0.0726468312654702,8
CambXyl_con&MD,pol_pol,0.04199144203540463,-0.07791629420944296,0.15785669313904885,FALSE,0.2217338760347831,8
ips_dup,Def_dec&DB,-0.04187226843839397,-0.12505053542402184,0.03580444033513695,FALSE,-0.25020303855968506,8
den_pin,ips_acu,-0.04179021091402807,-0.12565646482456325,0.05213960273692358,FALSE,-0.13684989761595842,18
CambXyl_con&BO,ips_typ,0.04173535826325405,NA,NA,FALSE,0.18233600948312736,3
pol_pol,sco_int,-0.041618087955037214,-0.2432131541887849,0.12232443097708767,FALSE,0.17847978028893166,8
agr_big,ips_acu,0.041405236464046556,-0.07714151169699127,0.13862618593529064,FALSE,-0.08324653033002702,23
tor_vir,pis_pin,-0.041325384165165104,-0.13360704174333712,0.07960145753707343,FALSE,0.14612201449204124,8
pit_spp,Def_dec&DB,-0.04125288174225759,-0.14637162433692497,0.061035902752819574,FALSE,-0.15589839616354878,15
tha_pro,agr_big,0.041225780299816515,-0.08070560518955437,0.13621803837177912,FALSE,0.0620513058985319,10
dip_sp,ips_sex,0.0410772148875082,-0.13415255947835505,0.18706108162929344,FALSE,0.15934506299637471,7
tom_spp,ips_acu,0.0410630669089062,-0.03492296879995951,0.10965746724543707,FALSE,0.1197432113994354,29
agr_big,den_pin,0.04085739646518089,-0.08893785862664556,0.1690264330346572,FALSE,0.17634488713423768,19
tha_pro,bup_pin,-0.04083554976940043,-0.11897338946699458,0.061104813716851523,FALSE,0.06135750591113279,7
pan_fla,geo_db,-0.040675750733283604,-0.11979605341536359,0.04804026376697329,FALSE,0.047800925053061875,20
agr_big,geo_db,0.04065111766236795,-0.06425905905430974,0.15456359906394174,FALSE,0.06485766920984902,24
ips_cem,tor_vir,0.04046730277819105,-0.05778407074053096,0.14322569344654815,FALSE,0.06991147851734973,10
era_def,lym_dis,-0.04042812357087081,-0.1605032061132593,0.06453876223046366,FALSE,-0.04584204992755515,8
pri_abi,neo_ser,-0.04035075969394213,NA,NA,FALSE,0.34350764690467256,4
den_pin,agr_big,0.040259535133669706,-0.07960875128111325,0.1598669146702508,FALSE,0.17634488713423768,19
era_def,pha_cya,-0.03966567025527641,-0.13541080015170961,0.07375747722555206,FALSE,-0.044034042514077734,10
bup_pin,xyl_lin,0.039646844725711575,-0.11911822497059908,0.2450930211975831,FALSE,0.29680306723036703,7
ope_spp,xyl_lin,-0.03964170776244066,-0.2186003120746005,0.1346998515817559,FALSE,0.003398576897489748,9
ope_spp,tor_vir,-0.03958833084341483,-0.26313406757066055,0.21618339416926632,FALSE,0.5102158892514843,8
pit_cha,CambXyl_con&BB_con&SM,-0.0395782643815567,NA,NA,FALSE,-0.6155328156771573,2
sco_rat,ips_acu,0.03951071109022858,-0.07430432884579218,0.13662215745418974,FALSE,0.3670454702313205,12
geo_db,pha_cya,-0.03948883868541602,-0.1512604905335192,0.07514183806130999,FALSE,0.027595245249431237,25
pis_pin,ope_spp,0.03940605789227868,-0.15356273527930941,0.37474468999251415,FALSE,0.10255921585612508,5
pan_fla,tom_spp,-0.039213184480749695,-0.12805673194396225,0.05972406948030179,FALSE,0.1984667455410152,20
mel_spp,sco_int,-0.039186911463012286,-0.09877830768183282,0.01968691653201543,FALSE,0.03274659932177143,6
lym_dis,tet_gab,-0.03912071160305345,-0.16777952304301616,0.09140100115517556,FALSE,0.0640905097595749,14
pit_bid,pis_pin,0.03903548926645433,-0.1326950608010502,0.24057347716670116,FALSE,0.4183824476545878,5
era_def,tet_gab,-0.0388490033700732,-0.1532083167808399,0.09242943702661723,FALSE,0.07327966378548946,9
xyl_lin,ips_acu,-0.038813297640922374,-0.2002186491234031,0.19235530795065758,FALSE,-0.03336637612581675,6
bup_pin,tet_spp,0.03881040847756855,-0.11728955755000971,0.18796563941320488,FALSE,0.18382826153365703,5
pol_pol,ips_typ,-0.03861662714911755,-0.24890154777463042,0.15995166445354148,FALSE,0.19355938120872257,9
CambXyl_con&BO,CambXyl_con&MD,-0.038583738240526126,NA,NA,FALSE,0.4085899793736814,1
ips_dup,lym_mon,0.03843372378101398,-0.1075896375193468,0.2499257613037207,FALSE,-0.1283818841158283,6
mel_spp,lym_mon,-0.038335783215107,-0.14712626924901764,0.06443045083954341,FALSE,0.12958396461892052,23
pol_pol,tet_gab,-0.03821326847220801,NA,NA,FALSE,-0.2513555305339332,2
pri_abi,tha_pit,0.038168374842169076,NA,NA,FALSE,-0.2726532185868306,1
CambXyl_con&MD,tom_spp,0.038126346026075966,-0.12031491520105496,0.19019962487387154,FALSE,0.2396955642856203,9
bup_pin,agr_vir,0.03798269462768015,-0.15346271593952285,0.2541731157037057,FALSE,-0.15322996158086244,6
pit_cha,ips_typ,0.037964208663629526,-0.028549159099732244,0.12477898806864297,FALSE,0.645974459727935,24
CambXyl_con&BB_con&BO,pit_spp,-0.037944091201944266,-0.19139913778952844,0.10031249675705686,FALSE,0.24899967534917553,9
lym_dis,ips_ami,-0.03785876792391516,NA,NA,FALSE,-0.13235301453945433,1
lym_mon,ips_typ,0.03778195001908755,-0.03707075466623864,0.11383819937315132,FALSE,0.02313540347925277,31
neo_ser,tom_spp,0.03772869868113065,NA,NA,FALSE,0.047834806387392716,4
tet_gab,mel_spp,-0.03761173161241372,-0.19188308976658294,0.131759240501936,FALSE,0.15704488950845902,8
lym_dis,Def_dec&DB,-0.03755911658006291,-0.11927551992483679,0.05738280562289648,FALSE,0.17696083288010994,17
ips_ami,pit_cha,0.03749341013966491,NA,NA,FALSE,0.07346028329919875,2
pit_cha,ips_cem,-0.03737688093354367,-0.13286847070912033,0.07555320464539383,FALSE,0.5794674466791996,11
geo_db,dip_sp,0.03731756264964215,-0.04358460572268749,0.12137550354339056,FALSE,0.05532400856922286,24
sco_rat,pit_spp,-0.03714701843382205,-0.17529114867086712,0.09880115225167445,FALSE,0.4080050912537393,8
ips_acu,lym_dis,0.037138769739270175,-0.08948958838405588,0.1582679426981424,FALSE,0.1966668850355266,16
pis_pin,sco_int,0.03709289609491413,-0.14359256922341565,0.18826146271081307,FALSE,0.22537551920105753,5
tet_spp,ips_acu,0.0370804458090337,-0.028520739942676492,0.11809678754231102,FALSE,0.03620360375343028,5
lym_dis,sco_int,-0.03700821184409436,-0.11841492667459637,0.06991872834364765,FALSE,0.006532228451070593,13
tha_pit,dip_sp,-0.036989690592975855,NA,NA,FALSE,-0.31652171728521383,1
ips_typ,tet_gab,0.03689928484846187,-0.08700060241806461,0.1675223203122419,FALSE,0.1897234436180047,17
den_mic,pis_pin,0.036867597602656586,NA,NA,FALSE,0.2296257921084678,1
tom_spp,ips_cem,0.03683620936489555,-0.08752877819710445,0.14115960238478117,FALSE,0.32566979690656916,11
pri_abi,dip_sp,0.03680388125078038,-0.08003396442818422,0.1304606403495742,FALSE,0.023111305207663784,7
xyl_spp,pit_spp,-0.03679506088111431,NA,NA,FALSE,0.24118365152927246,4
CambXyl_con&MD,CambXyl_con&BB_con&SM,-0.036786840160052924,NA,NA,FALSE,0.5425991896891499,1
uro_sir_spp,sco_int,-0.036627868702448836,NA,NA,FALSE,0.12056864515565222,4
bup_pin,Def_dec&DB,-0.03656433422060093,-0.3508575275337842,0.2919360196126913,FALSE,0.2651966072469017,5
pha_cya,ips_dup,-0.0361710572510749,-0.20258251019770152,0.08128063893557115,FALSE,0.3887651601013897,8
agr_vir,CambXyl_con&BO,-0.03608136712568351,NA,NA,FALSE,-0.21028859099322655,2
pri_abi,zei_gri,-0.03606409814049991,-0.18291664532811305,0.10770431238383847,FALSE,-0.17291216853200186,7
pis_pin,CambXyl_con&BB_con&SM,-0.035885458062226205,NA,NA,FALSE,-0.2679619886936452,1
pit_spp,ope_spp,-0.035682934522900854,NA,NA,FALSE,0.03947941719645301,4
agr_big,ips_typ,0.03562827045876451,-0.086221335229197,0.14651944188135715,FALSE,0.21841834072505428,28
ips_dup,zei_gri,0.035627118456023406,-0.071371491272021,0.14419128102381543,FALSE,0.07410008759150935,7
pri_abi,Def_dec&DB,0.0352352770667794,-0.13620807765683554,0.14081757144924298,FALSE,0.21947170134934643,12
cep_spp,sco_int,-0.03506453314003018,-0.1964235449881424,0.11613961095210322,FALSE,-0.13321963715066498,7
pit_spp,tha_pro,0.035017534538298534,NA,NA,FALSE,0.16531744195920015,4
agr_vir,pan_fla,0.03501604892033215,-0.0862047135477319,0.11461045785202217,FALSE,-0.1259169781486554,5
mel_spp,CambXyl_con&BB_con&SM,-0.03495404762150696,NA,NA,FALSE,0.22253800186976816,2
tet_spp,agr_big,0.0349368460366074,-0.07817855738027812,0.1306722502091485,FALSE,0.061878490187534836,8
xyl_spp,agr_vir,-0.034885944431959894,-0.14682222348762297,0.0662319277829662,FALSE,-0.1170737818533673,9
neo_ser,zei_gri,-0.034835224243659486,NA,NA,FALSE,-0.0476576999545067,3
mel_spp,era_def,-0.03481391786130648,-0.20114616488441153,0.1275914963241473,FALSE,-0.07351158784335307,8
pha_cya,CambXyl_con&BO,0.034771485094602435,NA,NA,FALSE,-0.2775604572294517,2
lym_dis,tor_vir,-0.03474400939483514,-0.17805194744915506,0.10798237546006693,FALSE,-0.05611534097677585,11
dip_sp,pit_cha,-0.034643771856916875,-0.15905293920818017,0.07568776916762268,FALSE,0.08552085824605755,15
ips_typ,den_mic,0.03457002677044739,NA,NA,FALSE,-0.1161791207461158,3
agr_vir,dip_sp,-0.034559548966250714,-0.18745744712205217,0.134775493457583,FALSE,-0.023275853826580244,8
xyl_lin,tet_gab,0.03431329370354506,-0.10686650014663045,0.16735733479849552,FALSE,0.16409591346371794,8
bup_pin,zei_gri,-0.03429087672172068,NA,NA,FALSE,0.05686098573937332,1
tet_spp,bup_pin,0.034282264198868165,-0.10850608354232322,0.16976568115432672,FALSE,0.18382826153365703,5
pri_abi,tha_pro,-0.034163240701077936,-0.14486933368310825,0.09496844346624,FALSE,-0.05983429407536036,7
ips_sex,era_def,0.03400414475962726,-0.13060676094999893,0.2061405929045713,FALSE,0.02646434831589846,7
pan_fla,pha_cya,0.033966946751060545,-0.04848616390128537,0.12273088333495816,FALSE,0.10302006627359132,23
xyl_lin,ips_typ,0.033486230758259905,-0.08878752130699166,0.14767546829546147,FALSE,0.1486321035438791,10
tet_spp,lym_dis,0.033460217612484196,-0.0904579523601081,0.18285574927462936,FALSE,0.16804547214768528,7
ips_sex,agr_big,0.03343869943329584,-0.0553714053333384,0.10980701847778512,FALSE,0.3202276000503943,8
tha_pro,tet_gab,-0.03331558152138105,-0.17310187833186358,0.12266650485069959,FALSE,0.1037199841903357,8
tom_spp,CambXyl_con&MD,-0.03318656022718807,-0.15957903995564268,0.11188583653395053,FALSE,0.2396955642856203,9
ips_typ,mel_spp,0.03306837875191339,-0.06454284464304313,0.13498456337687664,FALSE,0.010766657902572162,26
xyl_lin,pan_fla,0.032916446086083136,-0.061322301133987574,0.08979335389721146,FALSE,0.40239394906106984,5
dip_sp,tom_spp,-0.03291559420312667,-0.11867324532825557,0.05059378255164888,FALSE,0.1260182866798072,28
pri_abi,geo_db,0.03288206711083697,-0.06306740359457186,0.10512817063254166,FALSE,-0.06861765075404705,6
tha_pit,den_pin,-0.032717713803038964,NA,NA,FALSE,-0.46113821271489674,1
sco_sco,pit_cha,0.032571795651519964,-0.12554781501388185,0.2630832238281857,FALSE,0.06076952557841103,6
pri_abi,pit_bid,0.03254282833604063,-0.20257896494769276,0.24911855011038236,FALSE,0.05320308063758207,5
cep_spp,pol_pol,-0.03245126354681185,-0.19090709123799426,0.14970745580548545,FALSE,0.01702239275412908,7
lym_mon,ips_dup,0.03241145524129923,-0.05195720997644102,0.17226550480920502,FALSE,-0.1283818841158283,6
tha_pro,lym_dis,0.032199728542387604,-0.11710529997710391,0.14380323301836662,FALSE,0.24772176627645368,8
den_pin,Def_dec&DB,-0.03212872050633987,NA,NA,FALSE,-0.10327541499752042,3
sco_sco,CambXyl_con&BB_con&BO,-0.03204050792112754,NA,NA,FALSE,0.2817473930476846,1
era_def,mel_spp,-0.031997168579837795,-0.11530090291406744,0.05344652352322898,FALSE,-0.07351158784335307,8
pol_pol,zei_gri,-0.03196520718788648,-0.19386022973192243,0.15309010385811384,FALSE,-0.1448021470525006,7
CambXyl_con&MD,lym_mon,-0.03180957262250517,-0.20468003628514117,0.12516013995619626,FALSE,-7.701405872143058e-4,6
pit_cha,geo_db,0.03176387982767739,-0.08929249345555666,0.15379169178959662,FALSE,-0.05655794378574977,8
mel_spp,pis_pin,-0.03173550622014542,-0.18348134333143873,0.21128936634604076,FALSE,0.19127499112975718,6
zei_gri,ips_sex,-0.03165726642882353,-0.17098208610186025,0.10091433850315364,FALSE,-0.10343016619441693,8
agr_big,tha_pro,0.03155416864967328,-0.10961805574072686,0.16855191320104093,FALSE,0.0620513058985319,10
tet_gab,pit_spp,-0.03150462997170885,-0.205866024980899,0.15298736825389958,FALSE,0.09343213981213513,10
tor_vir,neo_ser,-0.031478922824902306,NA,NA,FALSE,0.10948696306080286,3
cep_spp,pri_abi,0.03143392833989634,-0.1635821133473608,0.21228425278347554,FALSE,0.4241814920248439,6
pri_abi,cep_spp,0.03142846127873175,-0.14372771943432588,0.25478293073875574,FALSE,0.4241814920248439,6
Def_dec&DB,tom_spp,0.031302613258167813,-0.09031479632918302,0.14710953514070813,FALSE,0.05980389685733547,21
tha_pro,agr_vir,0.031175610575943372,-0.14487538007638037,0.20338690150775657,FALSE,0.22867607226968842,8
sco_int,geo_db,-0.031153710030698775,-0.2670210051127511,0.1874651106816452,FALSE,0.09313275207361599,5
CambXyl_con&MD,pri_abi,0.03109800893092308,-0.1387010292277004,0.139306252258883,FALSE,-0.24169837052052556,8
lym_mon,agr_big,0.03104695552955763,-0.07008280781644552,0.1309139398791021,FALSE,0.03586357942828582,24
ips_dup,ips_sex,-0.031005097689772377,-0.21175559983618614,0.13745148006205832,FALSE,0.48819117600825906,8
CambXyl_con&BB_con&SM,pit_bid,0.03090116341678813,NA,NA,FALSE,-0.18611254646236183,1
pit_bid,CambXyl_con&BB_con&SM,-0.03085735062928287,NA,NA,FALSE,-0.18611254646236183,1
xyl_lin,pri_abi,0.030721551345560677,-0.11481549866654656,0.15244647163663827,FALSE,0.15406291978712452,8
ips_acu,den_pin,-0.030627259765864705,-0.16644827961560527,0.09587622582257295,FALSE,-0.13684989761595842,18
lym_dis,xyl_lin,-0.030602958178972548,-0.2018663497222532,0.15656525265899987,FALSE,-0.09262171471154892,8
zei_gri,ips_acu,-0.030501709759909023,-0.1738930141285325,0.09358644964140367,FALSE,-0.08139074699949432,8
lym_mon,sco_rat,0.030472079014912865,-0.12325412810022876,0.162529331727101,FALSE,-0.033410835174173474,10
ips_typ,geo_db,-0.030326379961331494,-0.09401570514626799,0.03894957570268917,FALSE,0.02252462690770797,28
sco_rat,uro_sir_spp,0.03022921822043455,NA,NA,FALSE,0.3039489097315388,1
CambXyl_con&MD,sco_int,-0.030187164660906613,-0.2005900854744529,0.11788216987138139,FALSE,0.33711950666930385,9
pit_cha,ips_acu,0.030042907639126166,-0.10841443016838082,0.1328847188731343,FALSE,0.30598208011882894,9
pis_pin,tor_vir,0.030028451372739795,-0.22564685732291936,0.29003052542128394,FALSE,0.14612201449204124,8
den_pin,pit_bid,0.029953619579851105,NA,NA,FALSE,0.27182503700044225,4
Def_dec&DB,pha_cya,0.029913703069899794,-0.07285870100530863,0.13384797436776974,FALSE,0.09601879435748371,20
Def_dec&DB,pan_fla,0.029834893914142915,NA,NA,FALSE,0.28042437011146454,4
agr_big,neo_ser,0.02982254915057086,NA,NA,FALSE,0.15933046984177585,2
tha_pit,sco_sco,-0.029803770900057546,NA,NA,FALSE,-0.10807205026320002,1
pit_cha,sco_sco,0.029518264367144036,-0.1584374344493271,0.22171990091216193,FALSE,0.06076952557841103,6
CambXyl_con&MD,ips_sex,0.02949579494138676,-0.09603649808134748,0.1418726799210912,FALSE,0.2621792154650376,9
dip_sp,Def_dec,0.02941383815708453,NA,NA,FALSE,-0.15123501397980835,1
pit_cha,era_def,0.029407317175590267,-0.11822229879087283,0.19797581908209486,FALSE,-0.03471135733896092,10
mel_spp,agr_big,0.029350283944201833,-0.0818093715115508,0.1364362504308393,FALSE,0.14844897898179013,26
tom_spp,lym_mon,-0.02933025844717337,-0.13202576591681642,0.0692547599391315,FALSE,0.044027961841267255,28
zei_gri,tet_gab,0.02924244895164867,NA,NA,FALSE,-0.17663183388472267,3
pha_cya,Def_dec&DB,0.028865613116238528,-0.08027418556675886,0.1484454196296278,FALSE,0.09601879435748371,20
agr_big,mel_spp,0.02883925062969611,-0.09756971484034217,0.1523632585064118,FALSE,0.14844897898179013,26
dip_sp,Def_dec&DB,-0.028826986948780633,-0.2200221845696137,0.19333135858174913,FALSE,0.16396749339264585,10
agr_vir,xyl_spp,0.028681845405116185,-0.15006966551075018,0.2246305629023902,FALSE,-0.1170737818533673,9
tor_vir,ips_dup,-0.028514598952905784,NA,NA,FALSE,-0.23181160141943202,1
den_pin,ips_typ,0.028477526037261964,-0.058323008731217235,0.10710515945119861,FALSE,0.11541634996122327,20
ips_sex,geo_db,-0.028368145734345124,-0.1419307340086462,0.13467816655430953,FALSE,-0.14995425224255626,7
ips_sex,ips_cem,0.028194400049275887,-0.12477442213472734,0.16598640732615152,FALSE,0.36730916595009067,8
sco_int,tet_spp,0.028183091528373262,-0.1532823868893473,0.17842262211847734,FALSE,-0.1633641873350131,6
CambXyl_con&MD,pan_fla,0.02816713399991571,NA,NA,FALSE,0.23224287580754416,1
geo_db,lym_dis,-0.028017711304043687,-0.13718490972347375,0.10050482508289336,FALSE,-0.05931197946278122,10
sco_int,pan_fla,-0.027909521774260527,-0.11470411266276594,0.0689509740869788,FALSE,-0.04695601087530223,5
ips_ami,xyl_lin,-0.02783074753563545,NA,NA,FALSE,0.3835526025622549,2
pri_abi,pit_cha,0.027735082319433824,-0.08555346897759508,0.15605503218983796,FALSE,-0.010128895184766005,8
agr_big,sco_sco,0.027679719988093137,-0.24036294220926332,0.3163100591849276,FALSE,0.25211305451952576,5
xyl_spp,CambXyl_con&BB_con&SM,-0.027606517803481497,NA,NA,FALSE,-0.3103685696707953,2
tor_vir,ips_sex,0.027456802436175085,-0.1094770038002645,0.18638683807009543,FALSE,-0.02004120679986864,8
ope_spp,lym_mon,0.027358353011999285,-0.11551497586306908,0.18487562310389627,FALSE,0.2378431017438669,6
agr_vir,zei_gri,0.027291379693014522,NA,NA,FALSE,-0.13775445706015418,1
ips_typ,tor_vir,0.027212657962049188,-0.050240019016728935,0.10705830668563711,FALSE,0.04805932838652716,30
pri_abi,tet_spp,-0.02719341098210793,-0.19266154821438752,0.17425791793476667,FALSE,0.04941210102977778,5
CambXyl_con&BB_con&BO,CambXyl_con&BB_con&SM,0.027179211021502406,NA,NA,FALSE,0.40042944557789645,2
sco_rat,lym_dis,0.027105948904645905,-0.12747336913707835,0.1480237482798262,FALSE,0.07124037271093261,10
CambXyl_con&BB_con&SM,ips_acu,-0.026979569584929274,NA,NA,FALSE,-0.051170256560591244,2
pol_pol,pit_spp,-0.02692687985910457,-0.20323307742521984,0.1366328038783592,FALSE,0.130965943995909,8
den_pin,pol_pol,-0.026901439438048295,NA,NA,FALSE,0.24962873584533693,1
ips_ami,den_mic,0.026691576000957416,NA,NA,FALSE,-0.16489564030321066,1
pol_pol,sco_sco,-0.026685625400896477,NA,NA,FALSE,0.1292409422107587,1
mel_spp,tom_spp,-0.02667359523479225,-0.12341976486858074,0.06737595213622258,FALSE,0.14831006526860172,23
CambXyl_con&BO,uro_sir_spp,-0.02663595314227533,NA,NA,FALSE,-0.126315074110525,1
sco_rat,Def_dec&DB,-0.026441860040748815,-0.1636538418933786,0.12473701128547553,FALSE,-0.06150605990333788,10
ips_dup,cep_spp,-0.026431356286080624,-0.13597341357615766,0.06361058870718936,FALSE,-0.26750068839798585,7
agr_big,xyl_spp,0.026394681157616576,-0.09108725641363882,0.17685862034574754,FALSE,0.09401765810216339,11
neo_ser,lym_mon,-0.02639058067925695,NA,NA,FALSE,0.12219839482146622,4
bup_pin,ope_spp,-0.02627421937882739,-0.19079990272286815,0.14651733661320715,FALSE,0.2109041046958048,6
ips_ami,ips_typ,0.026213722733669714,NA,NA,FALSE,-0.13570534654602873,2
tet_gab,era_def,0.026153974475470243,-0.1312979187822804,0.24163898159069935,FALSE,0.07327966378548946,9
cep_spp,ips_acu,0.026001797028001664,-0.10971101141706745,0.1459660321878946,FALSE,-0.1323541372395329,7
ips_sex,CambXyl_con&MD,-0.02593429236474274,-0.16520981747797434,0.10367026794766458,FALSE,0.2621792154650376,9
uro_sir_spp,ips_typ,-0.025898867043733943,NA,NA,FALSE,0.20419035898138796,4
tet_spp,den_pin,0.025751057344468566,NA,NA,FALSE,0.017661322080644484,2
CambXyl_con&BB_con&SM,xyl_spp,-0.025673102119656364,NA,NA,FALSE,-0.3103685696707953,2
sco_int,CambXyl_con&BB_con&SM,-0.02566017650367927,NA,NA,FALSE,0.6154330250403487,2
lym_dis,pan_fla,0.02564811575962918,-0.1547809898977907,0.19892114388660415,FALSE,0.23933594974640196,8
ips_ami,Def_dec&DB,-0.025614054498370113,NA,NA,FALSE,-0.1482438477178945,1
CambXyl_con&BO,xyl_lin,0.025603583517228957,NA,NA,FALSE,0.36282935360827007,2
tor_vir,pit_spp,0.02548808431564484,NA,NA,FALSE,-0.09425909217331976,3
uro_sir_spp,ope_spp,-0.025425961827124546,NA,NA,FALSE,-0.13170583075763934,4
pha_cya,lym_mon,-0.02507704953553222,-0.11530194631161592,0.06498381551922386,FALSE,0.03424321386197566,31
pha_cya,era_def,-0.025045086410358675,-0.13972206359533265,0.10422208043458361,FALSE,-0.044034042514077734,10
dip_sp,lym_dis,-0.024814009712998065,-0.13698822495676566,0.09029658152206212,FALSE,0.13297797258670588,13
pis_pin,bup_pin,-0.024788644234248373,-0.19744672446846653,0.17162375743005676,FALSE,0.2748315377423307,6
pha_cya,tha_pro,0.024761609116967807,-0.13708111485187713,0.19286053673576992,FALSE,0.12957864961418486,10
Def_dec&DB,ips_typ,0.024607703672841215,-0.07144246004804984,0.11874609265748468,FALSE,-0.08836681490827927,21
geo_db,ips_cem,0.024573388434789067,-0.1892001891774182,0.20839053713986336,FALSE,-0.21961812680275922,7
den_pin,ips_cem,-0.02446657470387651,-0.35734752739645653,0.245016643075627,FALSE,0.21790087112659803,5
zei_gri,agr_vir,-0.024326617923297655,NA,NA,FALSE,-0.13775445706015418,1
tor_vir,bup_pin,0.02431919185782594,-0.10461515940841407,0.1360598169371642,FALSE,0.16669179263283912,21
dip_sp,ope_spp,-0.024141299346112845,-0.1523944759677749,0.0846489894886645,FALSE,0.2881808207142827,7
geo_db,ips_acu,-0.02399405107062413,-0.13163523086914736,0.08385477276218696,FALSE,-0.2757627659723428,23
CambXyl_con&MD,ips_acu,-0.02379096319055584,-0.10501387682266405,0.0707874957969308,FALSE,0.39856366387056996,9
bup_pin,ips_acu,0.02338161231272746,-0.02828791829671796,0.07336876279062868,FALSE,-0.2346991825263723,18
geo_db,neo_ser,0.023350929382661346,NA,NA,FALSE,-0.22132577607165868,2
ips_sex,pit_cha,-0.02332261545562111,-0.21810317840723975,0.1542217517783178,FALSE,0.3465202285444606,8
pan_fla,pri_abi,0.023278883213992616,-0.2702593075785606,0.33710159668674416,FALSE,0.23321401772048966,6
dip_sp,CambXyl_con&BB_con&BO,-0.023117625633853372,-0.2591341332525125,0.1654201756820802,FALSE,0.011583588251076467,8
CambXyl_con&MD,pha_cya,-0.02310368143625074,-0.2362621221795286,0.1738217229948092,FALSE,0.25558267964124454,9
tom_spp,geo_db,-0.02306504093798234,-0.1363783104546928,0.08357117988269072,FALSE,0.1166576310820372,22
uro_sir_spp,sco_rat,0.022966472835090363,NA,NA,FALSE,0.3039489097315388,1
geo_db,CambXyl_con&MD,0.022615283785107836,NA,NA,FALSE,0.2470975298187842,1
dip_sp,den_pin,0.022581203239520307,-0.05270587496197644,0.10304321884934697,FALSE,0.3076445644869295,20
sco_int,era_def,0.022528419812094812,-0.0656193985583093,0.15249193637589317,FALSE,-0.052425331023245474,7
dip_sp,pha_cya,-0.022497887606565632,-0.11283765298815895,0.07085219130344479,FALSE,0.08201789389156428,31
sco_rat,agr_vir,0.022336201425475943,NA,NA,FALSE,0.44660997739058744,2
CambXyl_con&BB_con&SM,ips_cem,0.022279664654172644,NA,NA,FALSE,-0.5963053050449754,2
pit_bid,mel_spp,0.02224456213577556,NA,NA,FALSE,-0.05982057628450395,4
sco_rat,xyl_lin,-0.022243979293367456,NA,NA,FALSE,0.1887369291439691,3
agr_vir,tha_pit,0.02222811982833995,NA,NA,FALSE,0.4819421532933191,1
tet_spp,dip_sp,-0.022169938303944488,-0.20127301557855012,0.14643102850532713,FALSE,0.10697811275640033,6
ips_dup,tor_vir,-0.022160891562560448,NA,NA,FALSE,-0.23181160141943202,1
pis_pin,lym_mon,-0.02213318688637181,-0.1623756026914168,0.17450214307257142,FALSE,0.1276608085806043,7
ips_acu,geo_db,0.022108621627956366,-0.11599999253563643,0.14653476008309635,FALSE,-0.2757627659723428,23
den_mic,tom_spp,-0.02206512205347632,NA,NA,FALSE,-0.009566237449802648,3
pri_abi,lym_mon,0.021923408265871983,-0.10546837916193684,0.13223272502221242,FALSE,0.19788204969515147,12
pis_pin,tet_gab,0.021614778885722774,-0.10432907827425428,0.18883664378652387,FALSE,0.44438769006133133,6
mel_spp,tor_vir,0.021559654866289166,-0.0730981606198046,0.12138343503001181,FALSE,-0.013023978666001603,25
Def_dec,Def_dec&DB,0.021521995531457356,NA,NA,FALSE,0.005859444997207841,2
tom_spp,mel_spp,0.021412893917715354,-0.08683475068267192,0.13479611989776505,FALSE,0.14831006526860172,23
ope_spp,den_pin,0.021352720908596884,NA,NA,FALSE,0.3229249694011392,4
lym_dis,tet_spp,0.021340740801043756,-0.1591991878825625,0.20360084168545783,FALSE,0.16804547214768528,7
ips_acu,pit_spp,0.021292103384560137,-0.11775086189861521,0.14209842149734658,FALSE,0.46105709158335173,10
ips_typ,era_def,0.02128081588955058,-0.11264478059987765,0.19173674182556658,FALSE,-0.023404776614628576,10
ips_cem,xyl_lin,0.021095156362417277,-0.1092395820264366,0.14036998096608863,FALSE,0.2911769923497923,10
pan_fla,cep_spp,-0.021086860995463298,NA,NA,FALSE,-0.2632700447611223,1
uro_sir_spp,dip_sp,-0.021054901911437475,NA,NA,FALSE,0.2947148988368689,2
pis_pin,den_pin,0.02101949563688172,-0.14753985916681625,0.18787640845630083,FALSE,0.10567655850645563,6
sco_sco,lym_dis,-0.02101908395621204,-0.07159415281302423,0.02317326110418593,FALSE,0.15718529002986967,5
pan_fla,agr_big,0.020916799111348687,-0.07689841999724029,0.13497605283076597,FALSE,0.028126834762366708,21
sco_int,agr_big,0.02090831473068156,-0.1104602202577183,0.17199599295761986,FALSE,0.3583582539819958,8
bup_pin,pha_cya,0.020876170191676317,-0.07336109147691607,0.12266040862092105,FALSE,0.24656345209279046,22
lym_mon,pis_pin,0.020789413092779714,-0.28224101218891307,0.3337317614052008,FALSE,0.1276608085806043,7
tom_spp,xyl_spp,0.020764427869492633,-0.13173244787764038,0.17596377060080937,FALSE,0.17196302226035315,11
geo_db,tha_pro,0.020696036824485876,-0.05685946911371743,0.09189305388380699,FALSE,-0.028072191270748635,6
xyl_lin,zei_gri,0.02044168707956534,NA,NA,FALSE,0.02333864118750081,1
xyl_lin,Def_dec,0.020441318546533024,NA,NA,FALSE,-0.15882600672809638,2
ips_typ,lym_mon,-0.020406882453856617,-0.11401646636319585,0.06601643379441816,FALSE,0.02313540347925277,31
pit_bid,ips_typ,-0.020382176514423946,-0.1394687117320849,0.22083910022527947,FALSE,0.5315507408812948,5
den_mic,lym_dis,0.020367242480009318,NA,NA,FALSE,0.27699953281394063,1
mel_spp,pan_fla,0.020337167800226895,-0.09535791577281579,0.13397004748111907,FALSE,0.19558617869370232,20
tha_pro,ips_typ,0.020289605650175898,-0.10767528250256901,0.13406341879959124,FALSE,0.05994628894858977,10
ips_acu,neo_ser,0.020198475415415463,-0.20336206235688994,0.24718999555730817,FALSE,-0.02205625024723737,5
ips_acu,tor_vir,0.01991916240412121,-0.11969936632750568,0.12993954276717296,FALSE,-0.09811449433660957,25
pha_cya,ips_typ,0.019875147433708256,-0.06206302304169137,0.09408816569154269,FALSE,0.3319830959491541,44
tha_pro,pit_cha,0.019833914743669613,-0.10864258736071054,0.14694762648580684,FALSE,-0.03795836670418357,10
ips_typ,cep_spp,-0.019812315211334353,-0.14652280250827796,0.09948027437200728,FALSE,-0.3086505720179531,7
era_def,sco_int,-0.019655054732823477,-0.12090003343120456,0.05831745883459434,FALSE,-0.052425331023245474,7
sco_int,zei_gri,-0.01961109353090839,-0.10240078877969386,0.049656299321987826,FALSE,-0.005026221841110531,8
pit_bid,sco_int,0.019572925318688414,-0.20276322763895463,0.26000341957443296,FALSE,0.22852493148438127,5
tor_vir,dip_sp,0.019530437640247405,-0.06891978604192475,0.11162725780208772,FALSE,0.15538439077046834,26
xyl_spp,ips_acu,0.01950561883529201,-0.15582768739228742,0.255112644972758,FALSE,0.03803983299095406,7
tet_gab,pan_fla,0.019485365377093364,-0.22621691718085915,0.2788765070450684,FALSE,0.10717903070164547,5
xyl_spp,agr_big,-0.019417135571950118,-0.13653550317264404,0.08895136404550022,FALSE,0.09401765810216339,11
pri_abi,pha_cya,0.01933406324369771,-0.13407995040558823,0.17013709127728077,FALSE,-0.14454814615347625,15
agr_big,pan_fla,0.01931115888502579,-0.05469906652237715,0.09438753193483482,FALSE,0.028126834762366708,21
tor_vir,ips_acu,-0.019100435578153555,-0.10151613552092463,0.07580012408331128,FALSE,-0.09811449433660957,25
pan_fla,xyl_spp,0.019091480535124942,-0.11059209030650391,0.13466337924544974,FALSE,0.26045022010175806,6
ips_ami,tha_pro,0.019026752654146876,NA,NA,FALSE,-0.035764258743985505,2
ips_typ,Def_dec,0.018991786055991007,NA,NA,FALSE,0.06621435755806492,2
Def_dec&DB,tha_pro,-0.018933881414458936,-0.1887245625863269,0.14729883920974646,FALSE,0.1639678493720578,6
tet_gab,xyl_lin,0.018896292477268404,-0.10743126167321261,0.13863363301574494,FALSE,0.16409591346371794,8
zei_gri,mel_spp,0.01886954060864164,NA,NA,FALSE,0.14383660286916528,1
pit_spp,CambXyl_con&MD,0.01864043620202785,-0.15119805307667414,0.16653822330524043,FALSE,0.3868752957230249,9
sco_sco,tet_gab,-0.018534147659151384,-0.25750805846449626,0.19269338177204798,FALSE,0.3095899257253502,5
agr_big,pit_spp,-0.018343598776139326,NA,NA,FALSE,-0.004985416969537053,4
ope_spp,tom_spp,-0.01817609264643876,-0.16544693522130005,0.16248291778801707,FALSE,0.1649355936162675,9
cep_spp,pha_cya,0.01812470088374191,-0.17117916062012745,0.20636276385840122,FALSE,-0.08165632095752541,7
CambXyl_con&BB_con&BO,mel_spp,0.018060832717432244,NA,NA,FALSE,0.3266384348023231,3
geo_db,lym_mon,0.018046626462846244,-0.06716483272704028,0.10823116945106619,FALSE,0.15804249450192134,22
xyl_spp,lym_dis,-0.01797375447898994,-0.14979915152254872,0.12158540119349881,FALSE,0.04286681876578998,9
neo_ser,tha_pro,0.01791832250082148,NA,NA,FALSE,0.2701441526624266,1
xyl_spp,sco_int,-0.017904001585869647,-0.1744022805223946,0.12569357569044998,FALSE,0.13494794262307708,8
xyl_spp,dip_sp,0.017702143821489044,-0.10041170038442611,0.14592345694512054,FALSE,0.135597709708527,9
lym_dis,CambXyl_con&BB_con&BO,0.017681051269579733,-0.13746519573915464,0.1436871490978608,FALSE,0.22208914189214224,10
xyl_lin,pha_cya,-0.01767009988544944,-0.1608207402231829,0.1613565295008553,FALSE,0.026680925184946237,10
neo_ser,Def_dec&DB,-0.017618498270874916,NA,NA,FALSE,0.05722014899959021,3
CambXyl_con&BB_con&BO,era_def,0.017612475553607163,NA,NA,FALSE,-0.21755077437398868,3
tor_vir,CambXyl_con&BB_con&SM,-0.01758179004174762,NA,NA,FALSE,-0.21414762490728567,2
mel_spp,uro_sir_spp,-0.01753336667015421,NA,NA,FALSE,0.17705501703533644,3
lym_mon,pha_cya,0.017531452437833467,-0.05977786639086042,0.09303538136425431,FALSE,0.03424321386197566,31
xyl_lin,CambXyl_con&BB_con&SM,-0.017266082027085104,NA,NA,FALSE,-0.34003444818021533,2
tha_pro,uro_sir_spp,-0.01720398010353898,NA,NA,FALSE,-0.06642399526161498,3
lym_mon,tor_vir,-0.01719544402081,-0.1452872131367855,0.09830715830465378,FALSE,0.11814031501611885,24
CambXyl_con&BO,agr_vir,-0.017076281942163745,NA,NA,FALSE,-0.21028859099322655,2
lym_mon,CambXyl_con&MD,0.01706032233181192,-0.14211180891102004,0.1458289993706826,FALSE,-7.701405872143058e-4,6
ips_cem,sco_int,0.01704852249942987,-0.1310191176561171,0.17613353998214454,FALSE,0.14802038054405475,8
geo_db,tet_gab,0.01702068127875276,-0.13486500237278412,0.16528752327924773,FALSE,-0.0767731636572564,5
pit_spp,geo_db,-0.01687147818781041,NA,NA,FALSE,-0.03469115653502927,4
pit_bid,dip_sp,-0.01686412443712125,-0.1543921232402385,0.13651974574550993,FALSE,0.2463474132188226,5
den_pin,sco_sco,-0.01680768558490908,NA,NA,FALSE,0.15484514219113038,4
ips_dup,ips_typ,0.0167387443023645,-0.09533868172857578,0.14077042287435682,FALSE,0.6975451525059526,10
tom_spp,uro_sir_spp,0.016649148869615434,NA,NA,FALSE,0.1066226108023297,4
agr_vir,lym_mon,-0.016408081227861897,-0.14325069960885697,0.11472206796417928,FALSE,-0.17507862178476968,6
bup_pin,tom_spp,0.016055346165412265,-0.08463116316130431,0.13291744215128407,FALSE,0.2763126195280879,19
pis_pin,agr_vir,0.016027409080967215,-0.10313200508643725,0.19860490993386035,FALSE,0.1481390221526748,6
ips_cem,pan_fla,-0.015980827192409668,-0.2413386453496553,0.14300404309060094,FALSE,0.17215975678270967,6
lym_mon,geo_db,-0.01577846061430084,-0.08347348232746746,0.04495952416331298,FALSE,0.15804249450192134,22
pit_spp,era_def,0.015761120192960016,NA,NA,FALSE,-0.06945931476538518,4
ips_dup,tom_spp,0.015705255924815396,-0.12859344290630026,0.15433438912268294,FALSE,0.5594019061776835,8
xyl_spp,tha_pro,0.015656965224828644,-0.15821210234922375,0.2067503670430264,FALSE,0.14150837742776468,10
tom_spp,bup_pin,-0.015639773457730464,-0.10990276088787754,0.08144634086119128,FALSE,0.2763126195280879,19
ips_typ,CambXyl_con&BB_con&SM,0.015505221816477559,NA,NA,FALSE,-0.6208701363135091,2
Def_dec&DB,lym_mon,0.015415254201413865,-0.07929849938539313,0.1283555225015458,FALSE,0.14194234738112996,11
CambXyl_con&BB_con&BO,sco_sco,-0.015295775300687634,NA,NA,FALSE,0.2817473930476846,1
neo_ser,CambXyl_con&MD,0.015183082346422083,NA,NA,FALSE,-0.1385423290230635,2
bup_pin,lym_mon,-0.015159012731134595,-0.16419038423014648,0.13164895925133419,FALSE,0.3136177982309187,22
tor_vir,tom_spp,-0.01503892722539557,-0.12978875291939065,0.09525006560795866,FALSE,0.1790927162487887,25
agr_vir,uro_sir_spp,-0.015032744986401465,NA,NA,FALSE,0.12944890142742785,3
xyl_lin,ips_sex,0.014995914158176181,-0.1308772616246525,0.21169720790038196,FALSE,0.08162039870238538,8
CambXyl_con&BB_con&BO,pit_cha,0.014923231765396451,-0.1798702559902579,0.183435528535564,FALSE,0.22251242611474137,11
xyl_lin,era_def,0.014848357332495352,-0.15855212866202859,0.18106345203201188,FALSE,0.004492547465887175,9
pit_spp,pit_cha,0.014786201546381526,-0.12721184642095254,0.16573524705959625,FALSE,0.31562567503059846,12
cep_spp,lym_mon,-0.014541660486894111,-0.08283094013747881,0.05973137611063873,FALSE,0.14391281355955865,6
lym_dis,xyl_spp,0.014539907802141525,-0.07170280055408781,0.09652683127451267,FALSE,0.04286681876578998,9
tet_gab,Def_dec&DB,0.014430987315568876,-0.07793324822223564,0.11380948607690315,FALSE,0.05257446473063327,14
pan_fla,neo_ser,-0.014404404805373486,NA,NA,FALSE,-0.06386657507055891,3
sco_sco,Def_dec&DB,-0.014371445051504202,NA,NA,FALSE,0.017143124488312525,3
pan_fla,agr_vir,0.014328336415979121,-0.17454027507211464,0.20293690762234065,FALSE,-0.1259169781486554,5
ope_spp,pis_pin,0.014094076332790521,-0.1272074325360642,0.2377083610126161,FALSE,0.10255921585612508,5
dip_sp,pis_pin,-0.01402742502180734,-0.13917312168250942,0.1016212844715672,FALSE,0.05761189915703429,8
pit_bid,Def_dec,-0.01381982291093149,NA,NA,FALSE,-0.0031573234898099527,1
ips_typ,neo_ser,0.013734067898346638,-0.20659742479354237,0.18496369806717436,FALSE,-0.14974531554375956,5
pan_fla,ips_acu,-0.01367256690603299,-0.10845627537311991,0.08340915418327295,FALSE,-0.017401633371073554,21
tet_gab,dip_sp,-0.013498616718510312,-0.1550798366178966,0.14092950926533976,FALSE,0.03203975641790537,11
dip_sp,tha_pro,-0.013453608732321848,-0.1769691005423159,0.16588457293375913,FALSE,-0.09162562254979881,8
sco_int,xyl_spp,0.01338126475802701,-0.12272814685020753,0.17877342378845879,FALSE,0.13494794262307708,8
ips_cem,lym_mon,0.013378357202146404,-0.1897724025611575,0.15460334411561727,FALSE,0.0740770553209341,8
neo_ser,mel_spp,0.013368297038327802,NA,NA,FALSE,-0.12106473765154466,2
ips_typ,Def_dec&DB,-0.0133630487106589,-0.12674244329819523,0.09814969903099349,FALSE,-0.08836681490827927,21
dip_sp,ips_typ,0.013212390827011186,-0.10580548337365842,0.12096852139124567,FALSE,-0.0024260127310789235,31
tet_spp,CambXyl_con&BO,-0.013140990270988138,NA,NA,FALSE,-0.06629566544783358,2
ips_sex,xyl_spp,-0.013137535696092599,-0.23428312230474138,0.2141045593527602,FALSE,0.24107923944678716,8
pan_fla,xyl_lin,0.013089307172530448,-0.16415358544888095,0.16457441842569526,FALSE,0.40239394906106984,5
bup_pin,pit_cha,-0.013034102313855643,-0.18806162536186635,0.13060783996226652,FALSE,0.2882006577656623,8
bup_pin,mel_spp,-0.012990365504738465,-0.094398659163902,0.06119299133562692,FALSE,0.22899176132458166,21
den_pin,tom_spp,-0.0128724893189787,-0.1250361343476331,0.1051622965965008,FALSE,0.17421542865867715,17
neo_ser,sco_rat,-0.012870989242427239,NA,NA,FALSE,-0.035561846500657655,4
ips_dup,sco_int,-0.01268018277259914,-0.1315308865035758,0.14509382922297032,FALSE,0.12352900798641978,8
lym_dis,ips_dup,-0.012631925088640274,-0.11759263577978113,0.11752821369623902,FALSE,0.15564972812567052,8
pol_pol,pan_fla,0.012611011749610344,NA,NA,FALSE,0.12702264782734599,2
pit_spp,tor_vir,-0.01259974720599904,NA,NA,FALSE,-0.09425909217331976,3
tor_vir,tha_pit,0.012461822969032102,NA,NA,FALSE,-0.2553699518564751,2
era_def,dip_sp,0.01238767562659941,-0.15000632465477276,0.15388785712450512,FALSE,0.1591774437182982,8
zei_gri,Def_dec,-0.012201509213273893,NA,NA,FALSE,-0.09766853508096923,1
tor_vir,Def_dec&DB,0.012193214093545504,-0.2544829243645226,0.23481793987473934,FALSE,-0.38151204577929937,6
dip_sp,CambXyl_con&BO,-0.012105886566024281,NA,NA,FALSE,-0.2197696264453036,2
ips_acu,pan_fla,0.012099996601752521,-0.05954556248505836,0.08920655684124482,FALSE,-0.017401633371073554,21
ips_typ,xyl_lin,-0.012045154500463864,-0.14002316060321446,0.14925186617957417,FALSE,0.1486321035438791,10
sco_rat,ips_sex,-0.01197075080969295,-0.11160352797631312,0.09597541686616311,FALSE,0.35142625797883975,11
xyl_spp,mel_spp,-0.011757927477272025,-0.1549612840885275,0.17846728406906687,FALSE,-0.017471893717549987,9
pri_abi,agr_big,0.011755002680218365,-0.10529726815783655,0.1449370432804961,FALSE,-0.116906913128948,8
ips_dup,pit_spp,-0.011712666702161808,-0.19383766339934771,0.18805700707450143,FALSE,0.6416633164268658,8
sco_sco,uro_sir_spp,-0.011561127735221197,NA,NA,FALSE,-0.07954659008666243,3
CambXyl_con&MD,xyl_spp,0.011306928757501892,NA,NA,FALSE,0.3834003930964955,1
tet_spp,pit_bid,-0.011268476062610099,NA,NA,FALSE,-0.006668287204101228,3
sco_rat,tom_spp,0.011253603406816802,-0.10045605083203034,0.12687317271221704,FALSE,0.3645841960605989,12
Def_dec&DB,uro_sir_spp,0.01111885218367332,NA,NA,FALSE,0.08141405594730934,3
tet_gab,sco_sco,0.011101354874886258,-0.2538717153710537,0.2506635023479968,FALSE,0.3095899257253502,5
ips_dup,pha_cya,-0.011085185799746412,-0.17813734088573138,0.20057621071399911,FALSE,0.3887651601013897,8
ope_spp,agr_vir,0.010805334246229967,-0.0946820504999862,0.14440649363143482,FALSE,0.0646994334318808,7
sco_sco,pan_fla,0.010689815865519087,NA,NA,FALSE,0.03204202659778427,4
zei_gri,tom_spp,0.010529003427717046,-0.13575907299457157,0.12255482443086585,FALSE,-0.06250113782993941,8
tet_gab,lym_mon,0.010427165939429255,-0.10555787761217625,0.14083147555767891,FALSE,0.002082855323614126,9
mel_spp,pha_cya,-0.010371171549183144,-0.11863511617018921,0.09533317429501306,FALSE,0.12520730313614978,26
tor_vir,tet_gab,-0.010256611240868501,-0.19175485179669283,0.12386061242398576,FALSE,0.17243209484278207,8
lym_dis,zei_gri,0.010218083908467939,-0.10943383814163617,0.14539437674152655,FALSE,0.06364662224101415,6
ope_spp,ips_typ,0.0101405798285075,-0.22657551721913535,0.18764874893254346,FALSE,0.11863863460231239,9
bup_pin,sco_int,0.010108485650570313,-0.1526765164780098,0.15121707767207687,FALSE,-0.09181098423318342,5
CambXyl_con&BB_con&BO,CambXyl_con&MD,0.010082161514269012,NA,NA,FALSE,-0.07276338550706798,1
Def_dec,tor_vir,-0.010043684648612545,NA,NA,FALSE,-0.009021902171087948,1
tet_spp,agr_vir,0.01001592319879273,-0.07418815024362246,0.10719249518515156,FALSE,0.08333191916871574,7
lym_mon,sco_int,0.009996869488313418,-0.11551451996969123,0.13445454580053867,FALSE,-0.04000021516017061,11
den_mic,pit_spp,-0.009973312754272701,NA,NA,FALSE,0.0650932592453634,1
tha_pro,tom_spp,-0.009913755073280048,-0.1005305522299487,0.09513297224282866,FALSE,-0.05800026761847843,10
Def_dec&DB,lym_dis,0.009762939921307766,-0.07139601245100861,0.09213050342403456,FALSE,0.17696083288010994,17
CambXyl_con&BO,tet_spp,0.00973087317866656,NA,NA,FALSE,-0.06629566544783358,2
den_pin,agr_vir,-0.009575964775668928,NA,NA,FALSE,-0.11679159435643065,4
tha_pit,ips_typ,-0.009475593221818243,NA,NA,FALSE,-0.12998119933084806,3
pha_cya,pri_abi,-0.009393417618281179,-0.13163520584843189,0.10375580956893132,FALSE,-0.14454814615347625,15
pri_abi,xyl_spp,-0.00939060937254306,-0.1533510983223006,0.11098345821587272,FALSE,0.1359588825238368,8
lym_dis,agr_vir,0.009362535406463635,-0.1633421674827014,0.2523925099768198,FALSE,0.36464002527305583,7
Def_dec&DB,sco_rat,0.009224502990916367,-0.08407813980284179,0.09043133313459764,FALSE,-0.06150605990333788,10
pit_spp,xyl_spp,-0.009148163178406391,NA,NA,FALSE,0.24118365152927246,4
pan_fla,Def_dec&DB,-0.008970978210479026,NA,NA,FALSE,0.28042437011146454,4
ips_typ,zei_gri,0.008874945084264209,-0.11545748131391566,0.1273588975350789,FALSE,-0.056634448063355484,8
tha_pit,sco_int,-0.008734356589357397,NA,NA,FALSE,0.08789146246312574,1
sco_sco,CambXyl_con&MD,-0.008695033901971938,NA,NA,FALSE,-0.41283202496390564,1
pit_spp,zei_gri,-0.008688526327084223,-0.09519002595264667,0.09240738636291541,FALSE,-0.020617565990020396,7
zei_gri,pol_pol,-0.008648461529497112,-0.13678371322724966,0.12736580038579562,FALSE,-0.1448021470525006,7
pit_cha,bup_pin,0.008590097111537132,-0.05622559016851636,0.0580873271939208,FALSE,0.2882006577656623,8
uro_sir_spp,Def_dec&DB,-0.008588214014874718,NA,NA,FALSE,0.08141405594730934,3
CambXyl_con&MD,agr_vir,-0.008575807564966844,NA,NA,FALSE,0.23955636739227198,1
ips_cem,mel_spp,-0.00854860442101481,-0.1541205781903301,0.1282700636946276,FALSE,0.13842853847036135,9
pit_cha,Def_dec&DB,-0.00841210817103803,-0.12727570803902802,0.10244833040754453,FALSE,0.07875534760857462,13
ips_acu,dip_sp,0.008408593059420365,-0.07389998552682173,0.10558038304596747,FALSE,-0.10843114053192929,23
mel_spp,tet_spp,0.008361593221315232,-0.1513026221047783,0.18434188219838318,FALSE,0.3689755364368466,7
agr_big,tor_vir,0.008066466338739222,-0.09565209021753059,0.10537807512082863,FALSE,0.16928675351966008,27
mel_spp,xyl_spp,-0.00803387840275041,-0.19603362653753603,0.16838982145714793,FALSE,-0.017471893717549987,9
CambXyl_con&BB_con&BO,ips_typ,0.007977664222460802,-0.12062479414493885,0.12691147613864392,FALSE,0.2566538490750496,12
Def_dec,uro_sir_spp,0.007865575765462844,NA,NA,FALSE,-0.1125868223752524,2
uro_sir_spp,agr_big,0.007836453279353417,NA,NA,FALSE,0.22612088080254372,4
lym_mon,cep_spp,0.007795960464760377,-0.16738484468367465,0.18436160818309294,FALSE,0.14391281355955865,6
den_mic,sco_int,0.007763578962017799,NA,NA,FALSE,0.006152597081615267,2
CambXyl_con&BB_con&SM,CambXyl_con&BO,0.007763418420505709,NA,NA,FALSE,0.21620744598922761,2
ope_spp,sco_int,-0.007654159299030005,-0.17630818992191624,0.11443394862246144,FALSE,-0.07300850908550445,7
ips_typ,bup_pin,0.007641370944378056,-0.05698919761811108,0.07093755257622941,FALSE,0.08722043139296448,22
CambXyl_con&MD,geo_db,-0.007502757568128501,NA,NA,FALSE,0.2470975298187842,1
ips_sex,CambXyl_con&BB_con&SM,0.007493298655319993,NA,NA,FALSE,-0.24389783284653566,2
mel_spp,den_pin,-0.007488171587717112,-0.10307343924013525,0.11305516599002284,FALSE,0.10756913145244507,18
ips_ami,tha_pit,-0.007486479274842259,NA,NA,FALSE,-0.23975398474086962,1
mel_spp,geo_db,-0.00745503109811962,-0.15106685489682592,0.10546874085840878,FALSE,-0.027702887217370725,23
mel_spp,agr_vir,-0.007439588971638786,-0.13504297721086017,0.116275939363445,FALSE,0.11997315562944859,7
sco_rat,bup_pin,-0.00731810112997079,NA,NA,FALSE,-0.058508791031153064,3
CambXyl_con&BB_con&SM,sco_int,-0.007307725691359879,NA,NA,FALSE,0.6154330250403487,2
era_def,ips_acu,-0.007261625249808748,-0.19793522399336572,0.16125919649932563,FALSE,-0.053793562124768136,6
era_def,Def_dec&DB,-0.007198845362581708,-0.16926432764375934,0.20803408779163327,FALSE,-0.4011728810889084,6
CambXyl_con&BB_con&SM,uro_sir_spp,-0.007146504785441491,NA,NA,FALSE,-0.18611254646236183,1
uro_sir_spp,tor_vir,-0.007092721018283719,NA,NA,FALSE,-0.09114268012731687,3
geo_db,sco_sco,-0.007045808067465654,NA,NA,FALSE,-0.11860037420234268,4
lym_dis,ips_cem,0.007017103357508484,-0.12996816633616043,0.15618457241747188,FALSE,0.24787380718169388,9
ope_spp,ips_acu,-0.006992994459890736,-0.13112223131363845,0.16485937270263015,FALSE,0.14791303269738298,5
pha_cya,tor_vir,-0.0069570971329698875,-0.09350169871850389,0.08909181251469223,FALSE,0.018753908372652946,28
dip_sp,tha_pit,0.0068626849570483294,NA,NA,FALSE,-0.31652171728521383,1
tha_pit,ips_ami,0.0066621289231665985,NA,NA,FALSE,-0.23975398474086962,1
tor_vir,geo_db,-0.006605096399955273,-0.08350271826410585,0.07320998399231073,FALSE,0.13656241160943658,27
ips_typ,sco_sco,0.006545257409380637,-0.20477262950256686,0.2532810843915642,FALSE,-0.03032269583950967,6
tet_spp,ips_sex,-0.006369698217007258,-0.13501506241796196,0.16319503328142448,FALSE,0.09239498025767841,5
sco_rat,ips_cem,0.0062698132060630945,NA,NA,FALSE,0.35525391499078646,3
pit_spp,cep_spp,-0.006239615485332447,-0.14873536981521948,0.14373278559954333,FALSE,-0.30151873422441144,7
tom_spp,dip_sp,-0.006219694912881441,-0.10709011900184053,0.09140989007367721,FALSE,0.1260182866798072,28
agr_vir,pit_cha,-0.006165880582134108,-0.16365557128241243,0.1913778032991687,FALSE,0.17793386462787442,9
dip_sp,ips_cem,0.006113864280376453,-0.13643333531199342,0.16243197190691255,FALSE,0.2490732508163989,9
pit_cha,mel_spp,-0.006093232608525292,-0.19044041719253854,0.18338152128776997,FALSE,-0.0808327025076635,9
CambXyl_con&BO,pri_abi,-0.006063006144342947,NA,NA,FALSE,-0.22707246707132053,1
tom_spp,pit_cha,0.0060405836117134815,-0.10516285692001709,0.11879323395564916,FALSE,0.3371010577556004,20
lym_mon,xyl_spp,-0.006016657010575015,-0.17294200582400587,0.12301816289557675,FALSE,0.1195009147257254,8
sco_rat,pha_cya,-0.0058201577365656985,-0.16287612193041887,0.1595647310454102,FALSE,0.34923850849324495,12
ips_acu,bup_pin,-0.005813173019082311,-0.07448541061946416,0.05293209476201566,FALSE,-0.2346991825263723,18
agr_vir,sco_sco,0.0057544150277513305,NA,NA,FALSE,0.009041036574031498,4
sco_int,pri_abi,-0.005651735816436747,-0.12554685218737952,0.10943723826907824,FALSE,-0.16232401174226802,13
tor_vir,sco_sco,-0.005613907821472773,-0.17509667130093387,0.249826792889135,FALSE,0.11652897175300349,6
pha_cya,geo_db,-0.005611291720954542,-0.09732432047050092,0.07451581405010486,FALSE,0.027595245249431237,25
CambXyl_con&MD,ips_dup,-0.005599990687149711,-0.2155357664418341,0.16686347077882066,FALSE,0.32381019760645086,8
uro_sir_spp,CambXyl_con&BB_con&SM,-0.005598755393506902,NA,NA,FALSE,-0.18611254646236183,1
agr_vir,agr_big,-0.005536331055721103,-0.11361222325527262,0.11939888234283996,FALSE,0.4023832540310443,9
sco_rat,era_def,-0.005251864623015966,NA,NA,FALSE,-0.043856698431753084,2
cep_spp,CambXyl_con&MD,-0.005168906815567222,-0.043839971544302914,0.035434883870981544,FALSE,-0.08729467552807127,7
lym_dis,pit_bid,0.005141776751340958,-0.17806745524104559,0.197710925789934,FALSE,0.1751403150041175,5
CambXyl_con&BB_con&BO,Def_dec&DB,-0.005106695328500696,-0.12931134050562426,0.11351467150502677,FALSE,0.15476225866383506,9
ope_spp,era_def,-0.004856180235075617,-0.2274606655548342,0.1864975605651435,FALSE,0.21384212948273226,8
Def_dec,pis_pin,0.004796899742647015,NA,NA,FALSE,0.047935607440218034,1
CambXyl_con&BB_con&SM,tha_pro,-0.0047824632153594,NA,NA,FALSE,0.3129135890893612,2
mel_spp,Def_dec&DB,0.004752107986918267,-0.12023540592393686,0.14580785283255035,FALSE,0.08193908555152642,7
CambXyl_con&BO,tet_gab,0.004726098744541114,NA,NA,FALSE,-0.15084846095658896,2
mel_spp,tha_pro,0.00471006142744684,-0.21346685468649218,0.21545721059567507,FALSE,0.16625123070372314,8
uro_sir_spp,Def_dec,-0.004552129261655136,NA,NA,FALSE,-0.1125868223752524,2
ope_spp,ips_sex,0.004481407629277145,-0.15163107366956385,0.23126537102836003,FALSE,0.2470822073336677,7
era_def,sco_rat,0.004466380957229024,NA,NA,FALSE,-0.043856698431753084,2
ips_acu,ips_typ,0.0044640684287555535,-0.08708471482801682,0.09953756567961944,FALSE,0.3132291187938481,34
den_pin,tor_vir,0.004447012106831348,-0.11815975959765461,0.12546710181934853,FALSE,0.15219879073042472,20
pit_bid,tor_vir,-0.004441270912207017,-0.32293691500432453,0.24787808344141482,FALSE,0.29529278227271977,5
pan_fla,mel_spp,0.004376268907327604,-0.09378575166818238,0.09968371239857911,FALSE,0.19558617869370232,20
sco_int,tha_pro,0.004217457804934799,-0.1772750011939571,0.22418298287347896,FALSE,0.127151222308722,7
pol_pol,ips_dup,-0.004187127712234924,-0.2615430038116892,0.28517142434499265,FALSE,0.12934763165336186,8
lym_dis,pri_abi,-0.004149177393431172,-0.1714242048417401,0.19177982202973426,FALSE,-0.11953292512374628,12
CambXyl_con&MD,Def_dec&DB,-0.0041230302118398345,-0.0932957980967265,0.11503306040439405,FALSE,-0.03172351110377995,9
pit_spp,mel_spp,-0.0040322401173027815,NA,NA,FALSE,0.14578869059689398,4
agr_vir,tom_spp,-0.003978739633684785,-0.11659481282452125,0.13767009979469688,FALSE,0.17343652188604344,9
pan_fla,Def_dec,-0.003938198586449696,NA,NA,FALSE,0.4349557387080115,1
ips_sex,ips_typ,-0.003836273223545151,-0.13590501374146866,0.1237091758950747,FALSE,0.48403908056210027,17
den_mic,agr_vir,0.003758662028452784,NA,NA,FALSE,0.7693546402599964,1
pis_pin,ips_typ,0.00375458759963044,-0.22734058268571078,0.18335522660047093,FALSE,0.3235043924296048,8
era_def,tha_pro,0.0037144161116666277,-0.16513627153257185,0.18491764399652572,FALSE,0.08243819006645746,10
dip_sp,pan_fla,-0.0035494513289191353,-0.088076131822094,0.07648589210296151,FALSE,0.18667030701110984,22
ips_acu,ips_dup,0.0034964383629149556,-0.23351190388237109,0.14442703071580196,FALSE,0.5118176598021795,9
Def_dec&DB,tet_gab,-0.0032128619302735054,-0.11847274728814858,0.12873999243233483,FALSE,0.05257446473063327,14
pri_abi,pol_pol,-0.0030184138427624854,-0.18725381314955755,0.23378688969601003,FALSE,-0.037121419679986355,7
zei_gri,uro_sir_spp,0.00295912824744293,NA,NA,FALSE,-0.09766853508096923,1
den_pin,pha_cya,0.0027492667100442463,-0.08130282146514625,0.08920606771708861,FALSE,0.09301882664157693,20
tha_pro,Def_dec&DB,-0.0027072898746484126,-0.13947814710487264,0.11665433805858415,FALSE,0.1639678493720578,6
sco_int,dip_sp,0.0026055040390240407,-0.11192830828684625,0.09071685959317709,FALSE,-0.15109109782587538,6
pis_pin,ips_sex,-0.0025951884008245693,-0.13949384754788585,0.1588431994176729,FALSE,0.3714874913521598,6
sco_int,pol_pol,0.002545349091644372,-0.12994272876344076,0.11740978058143128,FALSE,0.17847978028893166,8
tor_vir,zei_gri,0.0025088353189335892,NA,NA,FALSE,-0.0991223611896074,1
xyl_spp,tet_spp,0.0024906661039455573,-0.14733079652946993,0.17704275869789848,FALSE,0.016823916076906423,8
pha_cya,den_pin,-0.00243371525264152,-0.08524993710033639,0.07460796322448163,FALSE,0.09301882664157693,20
lym_mon,lym_dis,0.0023495300383447157,-0.10328454001564949,0.11285519226036807,FALSE,0.06242313431798265,13
tha_pro,pan_fla,0.002059043381293441,-0.1572885570776049,0.1188542444874886,FALSE,-0.026133601559517453,5
ips_sex,Def_dec&DB,-0.002028215491894294,-0.14987600215863103,0.11587857257940432,FALSE,4.4870607188378695e-4,14
uro_sir_spp,pit_cha,-0.0018406681461693795,NA,NA,FALSE,0.17764580846896885,4
CambXyl_con&BB_con&BO,dip_sp,0.0017223990886724876,-0.15706313325719812,0.15145584765332595,FALSE,0.011583588251076467,8
lym_dis,dip_sp,-0.0016091368190225379,-0.17584005641239997,0.1446002679692548,FALSE,0.13297797258670588,13
pri_abi,ips_typ,-0.0015458589777866008,-0.06598535682389672,0.047136171414287956,FALSE,-0.2681434956355257,15
CambXyl_con&BO,pis_pin,0.0014382872723565907,NA,NA,FALSE,-0.1818665055313,1
uro_sir_spp,tha_pro,-0.0013858498629484629,NA,NA,FALSE,-0.06642399526161498,3
CambXyl_con&BB_con&SM,xyl_lin,-0.0013523910486940769,NA,NA,FALSE,-0.34003444818021533,2
era_def,CambXyl_con&BB_con&SM,-0.0011640872285804005,NA,NA,FALSE,-0.24549439001010348,2
ips_acu,lym_mon,-0.0010918724684269665,-0.12630643421346635,0.10954935314115997,FALSE,-0.020210825790474996,27
dip_sp,pit_spp,-0.001068914265435614,-0.14826500956745065,0.11583426820956172,FALSE,0.032521619847465565,7
tet_spp,CambXyl_con&MD,0.0010113687844189136,NA,NA,FALSE,-0.3141758054767339,1
pit_spp,CambXyl_con&BB_con&SM,-8.667473985607429e-4,NA,NA,FALSE,-0.19485959984782372,2
pit_bid,lym_mon,-7.662648756901501e-4,NA,NA,FALSE,-0.05958419817413302,4
den_pin,bup_pin,-6.968788081693019e-4,-0.11673424661339553,0.10453325225817653,FALSE,0.36819042668057694,18
neo_ser,pol_pol,-6.906701820422215e-4,NA,NA,FALSE,0.1421798470928714,2
pit_spp,ips_dup,5.301359301463138e-4,-0.10543458904772225,0.07915092250987278,FALSE,0.6416633164268658,8
Def_dec&DB,zei_gri,4.7800727565543757e-4,-0.12327029176891197,0.10491998119303202,FALSE,-0.09056968796497658,8
tor_vir,ips_typ,3.237503111489956e-4,-0.0926798400824183,0.09166043907221409,FALSE,0.04805932838652716,30
CambXyl_con&BB_con&SM,ips_sex,2.6887697243533796e-4,NA,NA,FALSE,-0.24389783284653566,2
tet_gab,ips_sex,2.507860523623016e-4,-0.11926764770222632,0.16000426618224395,FALSE,0.16917015453721057,9
pha_cya,dip_sp,2.503179534616038e-4,-0.0601042006187395,0.05632026088673561,FALSE,0.08201789389156428,31
CambXyl_con&BB_con&SM,era_def,-2.2553722424357585e-4,NA,NA,FALSE,-0.24549439001010348,2
agr_vir,sco_rat,-9.857803741598125e-5,NA,NA,FALSE,0.44660997739058744,2
Def_dec,ope_spp,-9.359503392447819e-18,NA,NA,FALSE,-0.0991952608416622,2
ope_spp,Def_dec,-4.206103920261439e-18,NA,NA,FALSE,-0.0991952608416622,2
