target,target_guild,grade,helper,helper_guild,r,r_anomaly,transferability,countries,gap_coverage,n,transfer_anomaly,n_countries,r_min,r_max,n_regions,n_both_positive,target_gap_region_years,gap_region_years_filled,gap_countries_reached,link_beyond_year_effects,helper_is_aggregate
CambXyl_con&BB_con&BO,borer,A,tom_spp,borer,0.5390441793261151,0.554048441713131,consistent,"AT,DE",45.05766062602965,237,consistent,2,0.43747384829482266,0.5809419408765234,11,142,1214,547,"CZ,LT,PL",TRUE,FALSE
CambXyl_con&BB_con&BO,borer,B,sco_int,borer,0.3654961652028063,0.3842492877589892,insufficient data,DE,15.156507413509061,46,insufficient data,1,0.3654961652028063,0.3654961652028063,2,10,1214,184,CZ,TRUE,FALSE
CambXyl_con&BB_con&BO,borer,B,mel_spp,defoliator,0.3266384348023231,0.3258833570129733,insufficient data,DE,28.00658978583196,69,insufficient data,1,0.3266384348023231,0.3266384348023231,3,25,1214,340,PL,TRUE,FALSE
CambXyl_con&BB_con&BO,borer,B,pha_cya,borer,0.2739529177734577,0.2787911674051678,consistent,"AT,DE",45.05766062602965,216,consistent,2,0.24575175406797495,0.3337735680578152,10,98,1214,547,"CZ,LT,PL",TRUE,FALSE
CambXyl_con&BB_con&BO,borer,B,pit_cha,borer,0.22251242611474137,0.222892407101082,consistent,"AT,DE",7.495881383855025,237,consistent,2,0.09185348069147886,0.2764092411018371,11,140,1214,91,"IT,LT,SI,SK",TRUE,FALSE
CambXyl_con&BB_con&BO,borer,B,lym_dis,defoliator,0.22208914189214224,0.21649966905335039,consistent,"AT,DE,HR",26.029654036243823,218,consistent,3,0.19997425019163567,0.2883457998312226,10,79,1214,316,"BG,CZ,HU,LT,RO,RS,SK",TRUE,FALSE
CambXyl_con&BB_con&BO,borer,C,pan_fla,defoliator,0.8048371230685313,0.7577233057616424,insufficient data,DE,45.05766062602965,23,insufficient data,1,0.8048371230685313,0.8048371230685313,1,4,1214,547,"CZ,LT,PL",TRUE,FALSE
CambXyl_con&BB_con&BO,borer,C,lym_mon,defoliator,0.7936260747343145,0.4920042539596617,insufficient data,DE,45.05766062602965,23,insufficient data,1,0.7936260747343145,0.7936260747343145,1,4,1214,547,"CZ,LT,PL",TRUE,FALSE
CambXyl_con&BB_con&BO,borer,C,tha_pit,defoliator,-0.6217247719356802,-0.769112268048811,insufficient data,HR,1.4827018121911038,23,insufficient data,1,-0.6217247719356802,-0.6217247719356802,1,19,1214,18,BG,TRUE,FALSE
CambXyl_con&BB_con&BO,borer,C,bup_pin,defoliator,0.6177253516644907,0.35594379025100614,insufficient data,DE,28.00658978583196,23,insufficient data,1,0.6177253516644907,0.6177253516644907,1,4,1214,340,PL,TRUE,FALSE
CambXyl_con&BB_con&BO,borer,C,pis_pin,borer,0.4323093313081473,0.4804965214731647,insufficient data,DE,1.8945634266886326,46,insufficient data,1,0.4323093313081473,0.4323093313081473,2,5,1214,23,LT,TRUE,FALSE
CambXyl_con&BB_con&BO,borer,C,CambXyl_con&BB_con&SM,borer,0.40042944557789645,-0.08893995324987732,insufficient data,DE,0,46,insufficient data,1,0.40042944557789645,0.40042944557789645,2,13,1214,0,NA,FALSE,TRUE
CambXyl_con&BB_con&BO,borer,C,xyl_lin,borer,-0.38622899102215574,-0.3169061355818835,insufficient data,DE,0,46,insufficient data,1,-0.38622899102215574,-0.38622899102215574,2,0,1214,0,NA,TRUE,FALSE
CambXyl_con&BB_con&BO,borer,C,sco_sco,borer,0.2817473930476846,0.21666054546763264,insufficient data,DE,1.8945634266886326,23,insufficient data,1,0.2817473930476846,0.2817473930476846,1,2,1214,23,LT,TRUE,FALSE
CambXyl_con&BB_con&BO,borer,C,ips_sex,borer,-0.2755842068346394,0.01405365252436329,insufficient data,DE,16.639209225700164,46,insufficient data,1,-0.2755842068346394,-0.2755842068346394,2,0,1214,202,"BG,CZ",FALSE,FALSE
CambXyl_con&BB_con&BO,borer,C,ips_typ,borer,0.2566538490750496,0.2543423860629971,inconsistent,"AT,DE,HR",76.68863261943987,260,inconsistent,3,0.05452673908901857,0.9211927344218434,12,160,1214,931,"BG,CH,CZ,FI,HU,IT,LT,PL,RO,RS,SE,SI,SK",TRUE,FALSE
CambXyl_con&BB_con&BO,borer,C,pit_spp,borer,0.24899967534917553,0.2636896556194703,inconsistent,"AT,DE,HR",17.051070840197692,195,consistent,3,-0.17330735765542235,0.49060379219057193,9,133,1214,207,"CZ,SI",TRUE,FALSE
CambXyl_con&BB_con&BO,borer,C,pit_bid,borer,-0.22156513687916324,0.016404993318078494,insufficient data,DE,0,23,insufficient data,1,-0.22156513687916324,-0.22156513687916324,1,0,1214,0,NA,FALSE,FALSE
CambXyl_con&BB_con&BO,borer,C,era_def,defoliator,-0.21755077437398868,-0.31690456981623105,insufficient data,DE,0,69,insufficient data,1,-0.21755077437398868,-0.21755077437398868,3,0,1214,0,NA,TRUE,FALSE
CambXyl_con&BB_con&BO,borer,C,uro_sir_spp,borer,0.20163660776972783,0.2595494250083509,insufficient data,DE,0,23,insufficient data,1,0.20163660776972783,0.20163660776972783,1,1,1214,0,NA,TRUE,FALSE
CambXyl_con&BB_con&BO,borer,C,ips_acu,borer,-0.20007759886663357,0.09564600189373257,insufficient data,DE,48.352553542009886,69,insufficient data,1,-0.20007759886663357,-0.20007759886663357,3,0,1214,587,"BG,CZ,LT,PL,SK",FALSE,FALSE
CambXyl_con&BB_con&BO,borer,C,tet_spp,borer,0.1939588055413299,0.22738081723628253,insufficient data,DE,0,69,insufficient data,1,0.1939588055413299,0.1939588055413299,3,21,1214,0,NA,TRUE,FALSE
CambXyl_con&BB_con&BO,borer,C,ope_spp,defoliator,-0.18464281038198482,-0.19407490521894197,insufficient data,DE,0,46,insufficient data,1,-0.18464281038198482,-0.18464281038198482,2,1,1214,0,NA,FALSE,FALSE
CambXyl_con&BB_con&BO,borer,C,Def_dec&DB,defoliator,0.15476225866383506,0.12070218583510862,inconsistent,"AT,DE",15.156507413509061,195,inconsistent,2,-0.021836648893794247,0.47585118149588834,9,87,1214,184,CZ,FALSE,TRUE
CambXyl_con&BB_con&BO,borer,C,pri_abi,defoliator,0.11332176360300306,0.08531931527476268,insufficient data,DE,15.156507413509061,23,insufficient data,1,0.11332176360300306,0.11332176360300306,1,2,1214,184,CZ,FALSE,FALSE
CambXyl_con&BB_con&BO,borer,C,tha_pro,defoliator,0.10777719946167566,0.1332644992369107,insufficient data,DE,0,69,insufficient data,1,0.10777719946167566,0.10777719946167566,3,20,1214,0,NA,FALSE,FALSE
CambXyl_con&BB_con&BO,borer,C,tor_vir,defoliator,-0.07555506164483235,-0.1747487295018274,insufficient data,DE,33.69028006589786,69,insufficient data,1,-0.07555506164483235,-0.07555506164483235,3,3,1214,409,"BG,LT,PL,RO",FALSE,FALSE
CambXyl_con&BB_con&BO,borer,C,tet_gab,borer,0.07339287631937812,0.10686101647611351,consistent,"AT,DE",15.156507413509061,174,consistent,2,0.03880199815919929,0.12580329777419452,8,94,1214,184,CZ,FALSE,FALSE
CambXyl_con&BB_con&BO,borer,C,CambXyl_con&MD,borer,-0.07276338550706798,-0.06057767382527122,insufficient data,DE,15.156507413509061,23,insufficient data,1,-0.07276338550706798,-0.07276338550706798,1,8,1214,184,CZ,FALSE,TRUE
CambXyl_con&BB_con&BO,borer,C,agr_big,borer,-0.059048366597316694,0.0663828252348464,insufficient data,DE,28.00658978583196,69,insufficient data,1,-0.059048366597316694,-0.059048366597316694,3,21,1214,340,PL,FALSE,FALSE
CambXyl_con&BB_con&BO,borer,C,geo_db,defoliator,0.0581314550260122,0.04695059409103419,inconsistent,"DE,HR",33.27841845140033,69,inconsistent,2,-0.25532602862093584,0.2148601968494862,3,21,1214,404,"BG,LT,PL,RO",FALSE,FALSE
CambXyl_con&BB_con&BO,borer,C,ips_cem,borer,0.02424894799108295,0.2699165751872373,insufficient data,DE,0,69,insufficient data,1,0.02424894799108295,0.02424894799108295,3,22,1214,0,NA,TRUE,FALSE
CambXyl_con&BB_con&BO,borer,C,xyl_spp,borer,0.018922301649942113,0.08090637722789795,insufficient data,DE,0,69,insufficient data,1,0.018922301649942113,0.018922301649942113,3,4,1214,0,NA,FALSE,FALSE
CambXyl_con&BB_con&BO,borer,C,CambXyl_con&BO,borer,-0.015700260870400468,-0.15395261001477445,insufficient data,DE,1.8945634266886326,46,insufficient data,1,-0.015700260870400468,-0.015700260870400468,2,6,1214,23,SI,FALSE,TRUE
CambXyl_con&BB_con&BO,borer,C,dip_sp,defoliator,0.011583588251076467,-0.015759747628889934,inconsistent,"AT,DE",29.901153212520594,174,inconsistent,2,-0.1922525482050706,0.14611543831213347,8,42,1214,363,"LT,PL",FALSE,FALSE
CambXyl_con&BB_con&BO,borer,C,agr_vir,borer,0.003370578998842854,0.1274076588091582,insufficient data,DE,0,69,insufficient data,1,0.003370578998842854,0.003370578998842854,3,13,1214,0,NA,FALSE,FALSE
CambXyl_con&BB_con&BO,borer,C,Def_dec,defoliator,NA,NA,insufficient data,NA,0,0,insufficient data,0,NA,NA,0,0,1214,0,NA,FALSE,TRUE
CambXyl_con&BB_con&BO,borer,C,cep_spp,defoliator,NA,NA,insufficient data,NA,15.156507413509061,0,insufficient data,0,NA,NA,0,0,1214,184,CZ,FALSE,FALSE
CambXyl_con&BB_con&BO,borer,C,clo_ana,defoliator,NA,NA,insufficient data,NA,1.8945634266886326,0,insufficient data,0,NA,NA,0,0,1214,23,RO,FALSE,FALSE
CambXyl_con&BB_con&BO,borer,C,den_mic,borer,NA,NA,insufficient data,NA,17.051070840197692,0,insufficient data,0,NA,NA,0,0,1214,207,"CZ,LT",FALSE,FALSE
CambXyl_con&BB_con&BO,borer,C,den_pin,defoliator,NA,NA,insufficient data,NA,29.901153212520594,0,insufficient data,0,NA,NA,0,0,1214,363,"LT,PL",FALSE,FALSE
CambXyl_con&BB_con&BO,borer,C,ips_ami,borer,NA,NA,insufficient data,NA,0,0,insufficient data,0,NA,NA,0,0,1214,0,NA,FALSE,FALSE
CambXyl_con&BB_con&BO,borer,C,ips_dup,borer,NA,NA,insufficient data,NA,18.69851729818781,0,insufficient data,0,NA,NA,0,0,1214,227,"CZ,RO,SK",FALSE,FALSE
CambXyl_con&BB_con&BO,borer,C,neo_ser,defoliator,NA,NA,insufficient data,NA,16.639209225700164,0,insufficient data,0,NA,NA,0,0,1214,202,"BG,CZ",FALSE,FALSE
CambXyl_con&BB_con&BO,borer,C,pol_pol,borer,NA,NA,insufficient data,NA,17.051070840197692,0,insufficient data,0,NA,NA,0,0,1214,207,"CZ,LT",FALSE,FALSE
CambXyl_con&BB_con&BO,borer,C,sap_car,borer,NA,NA,insufficient data,NA,0,0,insufficient data,0,NA,NA,0,0,1214,0,NA,FALSE,FALSE
CambXyl_con&BB_con&BO,borer,C,sco_rat,borer,NA,NA,insufficient data,NA,17.051070840197692,0,insufficient data,0,NA,NA,0,0,1214,207,"CZ,LT",FALSE,FALSE
CambXyl_con&BB_con&BO,borer,C,zei_gri,defoliator,NA,NA,insufficient data,NA,15.156507413509061,0,insufficient data,0,NA,NA,0,0,1214,184,CZ,FALSE,FALSE
CambXyl_con&BB_con&SM,borer,B,ips_typ,borer,-0.6208701363135091,-0.16793262141190318,insufficient data,DE,80.15427769985975,46,insufficient data,1,-0.6208701363135091,-0.6208701363135091,2,14,1426,1143,"AT,BG,CH,CZ,FI,HR,HU,IT,LT,PL,RO,RS,SE,SI,SK",FALSE,FALSE
CambXyl_con&BB_con&SM,borer,B,pit_cha,borer,-0.6155328156771573,-0.1765715481343606,insufficient data,DE,19.635343618513325,46,insufficient data,1,-0.6155328156771573,-0.6155328156771573,2,11,1426,280,"AT,IT,LT,SI,SK",FALSE,FALSE
CambXyl_con&BB_con&SM,borer,B,sco_int,borer,0.6154330250403487,-3.7955782067273754e-4,insufficient data,DE,12.903225806451612,46,insufficient data,1,0.6154330250403487,0.6154330250403487,2,11,1426,184,CZ,FALSE,FALSE
CambXyl_con&BB_con&SM,borer,B,Def_dec&DB,defoliator,0.44845796712858993,0.023719437662557127,insufficient data,DE,26.157082748948106,46,insufficient data,1,0.44845796712858993,0.44845796712858993,2,14,1426,373,"AT,CZ",FALSE,TRUE
CambXyl_con&BB_con&SM,borer,B,tet_gab,borer,-0.41562211067990973,-0.1919251605479994,insufficient data,DE,26.157082748948106,46,insufficient data,1,-0.41562211067990973,-0.41562211067990973,2,13,1426,373,"AT,CZ",FALSE,FALSE
CambXyl_con&BB_con&SM,borer,B,CambXyl_con&BB_con&BO,borer,0.40042944557789645,-0.08893995324987732,insufficient data,DE,14.866760168302946,46,insufficient data,1,0.40042944557789645,0.40042944557789645,2,13,1426,212,"AT,HR",FALSE,TRUE
CambXyl_con&BB_con&SM,borer,B,agr_big,borer,-0.31814835511866024,0.05756456863647677,insufficient data,DE,23.842917251051894,46,insufficient data,1,-0.31814835511866024,-0.31814835511866024,2,18,1426,340,PL,FALSE,FALSE
CambXyl_con&BB_con&SM,borer,C,ips_cem,borer,-0.5963053050449754,-0.1647162412218006,insufficient data,DE,0,46,insufficient data,1,-0.5963053050449754,-0.5963053050449754,2,14,1426,0,NA,FALSE,FALSE
CambXyl_con&BB_con&SM,borer,C,CambXyl_con&MD,borer,0.5425991896891499,0.09457499668105644,insufficient data,DE,12.903225806451612,23,insufficient data,1,0.5425991896891499,0.5425991896891499,1,10,1426,184,CZ,FALSE,TRUE
CambXyl_con&BB_con&SM,borer,C,xyl_lin,borer,-0.34003444818021533,-0.009622692023659776,insufficient data,DE,0,46,insufficient data,1,-0.34003444818021533,-0.34003444818021533,2,0,1426,0,NA,FALSE,FALSE
CambXyl_con&BB_con&SM,borer,C,pri_abi,defoliator,-0.3345684224604586,-0.02168193654453713,insufficient data,DE,12.903225806451612,23,insufficient data,1,-0.3345684224604586,-0.3345684224604586,1,0,1426,184,CZ,FALSE,FALSE
CambXyl_con&BB_con&SM,borer,C,tha_pro,defoliator,0.3129135890893612,0.07748079672168286,insufficient data,DE,0,46,insufficient data,1,0.3129135890893612,0.3129135890893612,2,18,1426,0,NA,FALSE,FALSE
CambXyl_con&BB_con&SM,borer,C,xyl_spp,borer,-0.3103685696707953,-0.015208859256744162,insufficient data,DE,0,46,insufficient data,1,-0.3103685696707953,-0.3103685696707953,2,1,1426,0,NA,FALSE,FALSE
CambXyl_con&BB_con&SM,borer,C,pis_pin,borer,-0.2679619886936452,-0.05984406650627484,insufficient data,DE,1.6129032258064515,23,insufficient data,1,-0.2679619886936452,-0.2679619886936452,1,0,1426,23,LT,FALSE,FALSE
CambXyl_con&BB_con&SM,borer,C,sco_sco,borer,-0.2676943929006886,-0.040926690131325175,insufficient data,DE,1.6129032258064515,23,insufficient data,1,-0.2676943929006886,-0.2676943929006886,1,0,1426,23,LT,FALSE,FALSE
CambXyl_con&BB_con&SM,borer,C,dip_sp,defoliator,-0.26143808090395076,-0.041314228422543946,insufficient data,DE,38.70967741935484,46,insufficient data,1,-0.26143808090395076,-0.26143808090395076,2,1,1426,552,"AT,LT,PL",FALSE,FALSE
CambXyl_con&BB_con&SM,borer,C,agr_vir,borer,0.24630907020242818,0.17259129800452452,insufficient data,DE,0,46,insufficient data,1,0.24630907020242818,0.24630907020242818,2,13,1426,0,NA,FALSE,FALSE
CambXyl_con&BB_con&SM,borer,C,era_def,defoliator,-0.24549439001010348,-3.8058639201118917e-4,insufficient data,DE,0,46,insufficient data,1,-0.24549439001010348,-0.24549439001010348,2,0,1426,0,NA,FALSE,FALSE
CambXyl_con&BB_con&SM,borer,C,ips_sex,borer,-0.24389783284653566,1.9547325903180535e-4,insufficient data,DE,14.165497896213184,46,insufficient data,1,-0.24389783284653566,-0.24389783284653566,2,0,1426,202,"BG,CZ",FALSE,FALSE
CambXyl_con&BB_con&SM,borer,C,mel_spp,defoliator,0.22253800186976816,-0.06283869451574797,insufficient data,DE,23.842917251051894,46,insufficient data,1,0.22253800186976816,0.22253800186976816,2,18,1426,340,PL,FALSE,FALSE
CambXyl_con&BB_con&SM,borer,C,CambXyl_con&BO,borer,0.21620744598922761,-0.083810557557592,insufficient data,DE,1.6129032258064515,46,insufficient data,1,0.21620744598922761,0.21620744598922761,2,7,1426,23,SI,FALSE,TRUE
CambXyl_con&BB_con&SM,borer,C,tor_vir,defoliator,-0.21414762490728567,-0.021283002837393022,insufficient data,DE,28.68162692847125,46,insufficient data,1,-0.21414762490728567,-0.21414762490728567,2,1,1426,409,"BG,LT,PL,RO",FALSE,FALSE
CambXyl_con&BB_con&SM,borer,C,pit_spp,borer,-0.19485959984782372,0.08114723200154603,insufficient data,DE,29.38288920056101,46,insufficient data,1,-0.19485959984782372,-0.19485959984782372,2,14,1426,419,"AT,CZ,HR,SI",FALSE,FALSE
CambXyl_con&BB_con&SM,borer,C,pit_bid,borer,-0.18611254646236183,0.02952896384538219,insufficient data,DE,0,23,insufficient data,1,-0.18611254646236183,-0.18611254646236183,1,0,1426,0,NA,FALSE,FALSE
CambXyl_con&BB_con&SM,borer,C,uro_sir_spp,borer,-0.18611254646236183,0.0037292912911681994,insufficient data,DE,0,23,insufficient data,1,-0.18611254646236183,-0.18611254646236183,1,0,1426,0,NA,FALSE,FALSE
CambXyl_con&BB_con&SM,borer,C,pha_cya,borer,-0.15684754186581196,0.11306255304950975,insufficient data,DE,51.61290322580645,46,insufficient data,1,-0.15684754186581196,-0.15684754186581196,2,17,1426,736,"AT,CZ,LT,PL",FALSE,FALSE
CambXyl_con&BB_con&SM,borer,C,ope_spp,defoliator,-0.15383990674347625,-0.0507679595307606,insufficient data,DE,0,46,insufficient data,1,-0.15383990674347625,-0.15383990674347625,2,1,1426,0,NA,FALSE,FALSE
CambXyl_con&BB_con&SM,borer,C,tet_spp,borer,-0.13533920230271942,-0.018434528880432594,insufficient data,DE,0,46,insufficient data,1,-0.13533920230271942,-0.13533920230271942,2,14,1426,0,NA,FALSE,FALSE
CambXyl_con&BB_con&SM,borer,C,tom_spp,borer,0.12721567842373077,-0.17283661835419145,insufficient data,DE,51.61290322580645,46,insufficient data,1,0.12721567842373077,0.12721567842373077,2,15,1426,736,"AT,CZ,LT,PL",FALSE,FALSE
CambXyl_con&BB_con&SM,borer,C,lym_dis,defoliator,0.08992415101059414,0.09909611084211056,insufficient data,DE,37.02664796633941,46,insufficient data,1,0.08992415101059414,0.08992415101059414,2,14,1426,528,"AT,BG,CZ,HR,HU,LT,RO,RS,SK",FALSE,FALSE
CambXyl_con&BB_con&SM,borer,C,ips_acu,borer,-0.051170256560591244,0.052656820806610966,insufficient data,DE,41.164095371669006,46,insufficient data,1,-0.051170256560591244,-0.051170256560591244,2,1,1426,587,"BG,CZ,LT,PL,SK",FALSE,FALSE
CambXyl_con&BB_con&SM,borer,C,geo_db,defoliator,0.04182563996401112,-0.24518767465487612,insufficient data,DE,29.94389901823282,46,insufficient data,1,0.04182563996401112,0.04182563996401112,2,3,1426,427,"BG,HR,LT,PL,RO",FALSE,FALSE
CambXyl_con&BB_con&SM,borer,C,Def_dec,defoliator,NA,NA,insufficient data,NA,0,0,insufficient data,0,NA,NA,0,0,1426,0,NA,FALSE,TRUE
CambXyl_con&BB_con&SM,borer,C,bup_pin,defoliator,NA,NA,insufficient data,NA,23.842917251051894,0,insufficient data,0,NA,NA,0,0,1426,340,PL,FALSE,FALSE
CambXyl_con&BB_con&SM,borer,C,cep_spp,defoliator,NA,NA,insufficient data,NA,12.903225806451612,0,insufficient data,0,NA,NA,0,0,1426,184,CZ,FALSE,FALSE
CambXyl_con&BB_con&SM,borer,C,clo_ana,defoliator,NA,NA,insufficient data,NA,1.6129032258064515,0,insufficient data,0,NA,NA,0,0,1426,23,RO,FALSE,FALSE
CambXyl_con&BB_con&SM,borer,C,den_mic,borer,NA,NA,insufficient data,NA,14.516129032258064,0,insufficient data,0,NA,NA,0,0,1426,207,"CZ,LT",FALSE,FALSE
CambXyl_con&BB_con&SM,borer,C,den_pin,defoliator,NA,NA,insufficient data,NA,25.455820476858346,0,insufficient data,0,NA,NA,0,0,1426,363,"LT,PL",FALSE,FALSE
CambXyl_con&BB_con&SM,borer,C,ips_ami,borer,NA,NA,insufficient data,NA,0,0,insufficient data,0,NA,NA,0,0,1426,0,NA,FALSE,FALSE
CambXyl_con&BB_con&SM,borer,C,ips_dup,borer,NA,NA,insufficient data,NA,15.918653576437588,0,insufficient data,0,NA,NA,0,0,1426,227,"CZ,RO,SK",FALSE,FALSE
CambXyl_con&BB_con&SM,borer,C,lym_mon,defoliator,NA,NA,insufficient data,NA,38.35904628330996,0,insufficient data,0,NA,NA,0,0,1426,547,"CZ,LT,PL",FALSE,FALSE
CambXyl_con&BB_con&SM,borer,C,neo_ser,defoliator,NA,NA,insufficient data,NA,14.165497896213184,0,insufficient data,0,NA,NA,0,0,1426,202,"BG,CZ",FALSE,FALSE
CambXyl_con&BB_con&SM,borer,C,pan_fla,defoliator,NA,NA,insufficient data,NA,38.35904628330996,0,insufficient data,0,NA,NA,0,0,1426,547,"CZ,LT,PL",FALSE,FALSE
CambXyl_con&BB_con&SM,borer,C,pol_pol,borer,NA,NA,insufficient data,NA,14.516129032258064,0,insufficient data,0,NA,NA,0,0,1426,207,"CZ,LT",FALSE,FALSE
CambXyl_con&BB_con&SM,borer,C,sap_car,borer,NA,NA,insufficient data,NA,0,0,insufficient data,0,NA,NA,0,0,1426,0,NA,FALSE,FALSE
CambXyl_con&BB_con&SM,borer,C,sco_rat,borer,NA,NA,insufficient data,NA,14.516129032258064,0,insufficient data,0,NA,NA,0,0,1426,207,"CZ,LT",FALSE,FALSE
CambXyl_con&BB_con&SM,borer,C,tha_pit,defoliator,NA,NA,insufficient data,NA,2.8751753155680224,0,insufficient data,0,NA,NA,0,0,1426,41,"BG,HR",FALSE,FALSE
CambXyl_con&BB_con&SM,borer,C,zei_gri,defoliator,NA,NA,insufficient data,NA,12.903225806451612,0,insufficient data,0,NA,NA,0,0,1426,184,CZ,FALSE,FALSE
CambXyl_con&BO,borer,A,pit_spp,borer,0.34232828647433744,0.21853039432021593,consistent,"DE,SI",28.225231646471848,69,inconsistent,2,0.28680140790128006,0.45338204362045226,3,34,1403,396,"AT,CZ,HR",TRUE,FALSE
CambXyl_con&BO,borer,B,agr_big,borer,-0.48523093396203837,-0.3008511975850872,insufficient data,DE,24.233784746970777,46,insufficient data,1,-0.48523093396203837,-0.48523093396203837,2,11,1403,340,PL,TRUE,FALSE
CambXyl_con&BO,borer,C,sco_int,borer,0.4226891249451951,-0.17574238748981547,insufficient data,DE,13.114754098360656,46,insufficient data,1,0.4226891249451951,0.4226891249451951,2,7,1403,184,CZ,FALSE,FALSE
CambXyl_con&BO,borer,C,CambXyl_con&MD,borer,0.4085899793736814,0.013006952294596101,insufficient data,DE,13.114754098360656,23,insufficient data,1,0.4085899793736814,0.4085899793736814,1,6,1403,184,CZ,FALSE,TRUE
CambXyl_con&BO,borer,C,xyl_lin,borer,0.36282935360827007,0.40055765996309267,insufficient data,DE,0,46,insufficient data,1,0.36282935360827007,0.36282935360827007,2,4,1403,0,NA,TRUE,FALSE
CambXyl_con&BO,borer,C,tom_spp,borer,-0.2999851652308982,-0.1838659018966131,insufficient data,DE,52.459016393442624,46,insufficient data,1,-0.2999851652308982,-0.2999851652308982,2,6,1403,736,"AT,CZ,LT,PL",FALSE,FALSE
CambXyl_con&BO,borer,C,pha_cya,borer,-0.2775604572294517,-0.05396660984378443,insufficient data,DE,52.459016393442624,46,insufficient data,1,-0.2775604572294517,-0.2775604572294517,2,10,1403,736,"AT,CZ,LT,PL",FALSE,FALSE
CambXyl_con&BO,borer,C,tha_pro,defoliator,0.2753810185803453,0.22252890793156002,insufficient data,DE,0,46,insufficient data,1,0.2753810185803453,0.2753810185803453,2,11,1403,0,NA,TRUE,FALSE
CambXyl_con&BO,borer,C,xyl_spp,borer,0.25422927671137563,0.35834166855491945,insufficient data,DE,0,46,insufficient data,1,0.25422927671137563,0.25422927671137563,2,4,1403,0,NA,TRUE,FALSE
CambXyl_con&BO,borer,C,pri_abi,defoliator,-0.22707246707132053,0.12623457908863728,insufficient data,DE,13.114754098360656,23,insufficient data,1,-0.22707246707132053,-0.22707246707132053,1,0,1403,184,CZ,FALSE,FALSE
CambXyl_con&BO,borer,C,lym_dis,defoliator,-0.22368969366303829,-0.01295995522839349,insufficient data,DE,37.63364219529579,46,insufficient data,1,-0.22368969366303829,-0.22368969366303829,2,7,1403,528,"AT,BG,CZ,HR,HU,LT,RO,RS,SK",FALSE,FALSE
CambXyl_con&BO,borer,C,dip_sp,defoliator,-0.2197696264453036,-0.05563379794579508,insufficient data,DE,39.34426229508197,46,insufficient data,1,-0.2197696264453036,-0.2197696264453036,2,0,1403,552,"AT,LT,PL",FALSE,FALSE
CambXyl_con&BO,borer,C,CambXyl_con&BB_con&SM,borer,0.21620744598922761,-0.083810557557592,insufficient data,DE,0,46,insufficient data,1,0.21620744598922761,0.21620744598922761,2,7,1403,0,NA,FALSE,TRUE
CambXyl_con&BO,borer,C,agr_vir,borer,-0.21028859099322655,-0.2259526802180518,insufficient data,DE,0,46,insufficient data,1,-0.21028859099322655,-0.21028859099322655,2,5,1403,0,NA,TRUE,FALSE
CambXyl_con&BO,borer,C,pit_cha,borer,0.19946240844398355,-0.07288821490196253,consistent,"DE,SI",18.317890235210264,69,inconsistent,2,0.11253953796886483,0.37330814939422097,3,20,1403,257,"AT,IT,LT,SK",FALSE,FALSE
CambXyl_con&BO,borer,C,ope_spp,defoliator,-0.19373954305906851,0.10068896159838756,insufficient data,DE,0,46,insufficient data,1,-0.19373954305906851,-0.19373954305906851,2,0,1403,0,NA,FALSE,FALSE
CambXyl_con&BO,borer,C,ips_typ,borer,0.18233600948312736,0.023044881257053406,consistent,"DE,SI",79.82893799002139,69,inconsistent,2,0.14997136657978294,0.2470652952898162,3,34,1403,1120,"AT,BG,CH,CZ,FI,HR,HU,IT,LT,PL,RO,RS,SE,SK",FALSE,FALSE
CambXyl_con&BO,borer,C,pis_pin,borer,-0.1818665055313,0.08003884202916925,insufficient data,DE,1.639344262295082,23,insufficient data,1,-0.1818665055313,-0.1818665055313,1,0,1403,23,LT,FALSE,FALSE
CambXyl_con&BO,borer,C,sco_sco,borer,-0.18168488756377726,0.18625486497746074,insufficient data,DE,1.639344262295082,23,insufficient data,1,-0.18168488756377726,-0.18168488756377726,1,0,1403,23,LT,FALSE,FALSE
CambXyl_con&BO,borer,C,era_def,defoliator,-0.17031205440760822,-0.142379693725984,insufficient data,DE,0,46,insufficient data,1,-0.17031205440760822,-0.17031205440760822,2,0,1403,0,NA,FALSE,FALSE
CambXyl_con&BO,borer,C,ips_sex,borer,-0.16923579078471165,-0.14869823675768834,insufficient data,DE,14.397719173200285,46,insufficient data,1,-0.16923579078471165,-0.16923579078471165,2,0,1403,202,"BG,CZ",FALSE,FALSE
CambXyl_con&BO,borer,C,tet_gab,borer,-0.15084846095658896,-0.059278012036528084,insufficient data,DE,26.585887384176765,46,insufficient data,1,-0.15084846095658896,-0.15084846095658896,2,10,1403,373,"AT,CZ",FALSE,FALSE
CambXyl_con&BO,borer,C,Def_dec&DB,defoliator,-0.14624997885919855,-0.207171860474128,insufficient data,DE,26.585887384176765,46,insufficient data,1,-0.14624997885919855,-0.14624997885919855,2,5,1403,373,"AT,CZ",TRUE,TRUE
CambXyl_con&BO,borer,C,ips_acu,borer,-0.14309502033855018,-0.1949610510568594,insufficient data,DE,41.838916607270136,46,insufficient data,1,-0.14309502033855018,-0.14309502033855018,2,0,1403,587,"BG,CZ,LT,PL,SK",FALSE,FALSE
CambXyl_con&BO,borer,C,pit_bid,borer,-0.126315074110525,-0.01783468698745733,insufficient data,DE,0,23,insufficient data,1,-0.126315074110525,-0.126315074110525,1,0,1403,0,NA,FALSE,FALSE
CambXyl_con&BO,borer,C,uro_sir_spp,borer,-0.126315074110525,-0.3154546635555691,insufficient data,DE,0,23,insufficient data,1,-0.126315074110525,-0.126315074110525,1,0,1403,0,NA,TRUE,FALSE
CambXyl_con&BO,borer,C,tor_vir,defoliator,-0.11718395903150548,-0.022676887654463716,insufficient data,DE,29.151817533856022,46,insufficient data,1,-0.11718395903150548,-0.11718395903150548,2,1,1403,409,"BG,LT,PL,RO",FALSE,FALSE
CambXyl_con&BO,borer,C,geo_db,defoliator,0.07504624600914299,0.3460024023588016,insufficient data,DE,30.434782608695652,46,insufficient data,1,0.07504624600914299,0.07504624600914299,2,2,1403,427,"BG,HR,LT,PL,RO",TRUE,FALSE
CambXyl_con&BO,borer,C,ips_cem,borer,0.0690729314005082,0.23468678824502287,insufficient data,DE,0,46,insufficient data,1,0.0690729314005082,0.0690729314005082,2,11,1403,0,NA,TRUE,FALSE
CambXyl_con&BO,borer,C,mel_spp,defoliator,-0.0670962167597237,-0.09143494053943993,insufficient data,DE,24.233784746970777,46,insufficient data,1,-0.0670962167597237,-0.0670962167597237,2,11,1403,340,PL,FALSE,FALSE
CambXyl_con&BO,borer,C,tet_spp,borer,-0.06629566544783358,-0.07509168504343637,insufficient data,DE,0,46,insufficient data,1,-0.06629566544783358,-0.06629566544783358,2,10,1403,0,NA,FALSE,FALSE
CambXyl_con&BO,borer,C,CambXyl_con&BB_con&BO,borer,-0.015700260870400468,-0.15395261001477445,insufficient data,DE,15.11047754811119,46,insufficient data,1,-0.015700260870400468,-0.015700260870400468,2,6,1403,212,"AT,HR",FALSE,TRUE
CambXyl_con&BO,borer,C,Def_dec,defoliator,NA,NA,insufficient data,NA,0,0,insufficient data,0,NA,NA,0,0,1403,0,NA,FALSE,TRUE
CambXyl_con&BO,borer,C,bup_pin,defoliator,NA,NA,insufficient data,NA,24.233784746970777,0,insufficient data,0,NA,NA,0,0,1403,340,PL,FALSE,FALSE
CambXyl_con&BO,borer,C,cep_spp,defoliator,NA,NA,insufficient data,NA,13.114754098360656,0,insufficient data,0,NA,NA,0,0,1403,184,CZ,FALSE,FALSE
CambXyl_con&BO,borer,C,clo_ana,defoliator,NA,NA,insufficient data,NA,1.639344262295082,0,insufficient data,0,NA,NA,0,0,1403,23,RO,FALSE,FALSE
CambXyl_con&BO,borer,C,den_mic,borer,NA,NA,insufficient data,NA,14.754098360655737,0,insufficient data,0,NA,NA,0,0,1403,207,"CZ,LT",FALSE,FALSE
CambXyl_con&BO,borer,C,den_pin,defoliator,NA,NA,insufficient data,NA,25.87312900926586,0,insufficient data,0,NA,NA,0,0,1403,363,"LT,PL",FALSE,FALSE
CambXyl_con&BO,borer,C,ips_ami,borer,NA,NA,insufficient data,NA,0,0,insufficient data,0,NA,NA,0,0,1403,0,NA,FALSE,FALSE
CambXyl_con&BO,borer,C,ips_dup,borer,NA,NA,insufficient data,NA,16.17961511047755,0,insufficient data,0,NA,NA,0,0,1403,227,"CZ,RO,SK",FALSE,FALSE
CambXyl_con&BO,borer,C,lym_mon,defoliator,NA,NA,insufficient data,NA,38.987883107626516,0,insufficient data,0,NA,NA,0,0,1403,547,"CZ,LT,PL",FALSE,FALSE
CambXyl_con&BO,borer,C,neo_ser,defoliator,NA,NA,insufficient data,NA,14.397719173200285,0,insufficient data,0,NA,NA,0,0,1403,202,"BG,CZ",FALSE,FALSE
CambXyl_con&BO,borer,C,pan_fla,defoliator,NA,NA,insufficient data,NA,38.987883107626516,0,insufficient data,0,NA,NA,0,0,1403,547,"CZ,LT,PL",FALSE,FALSE
CambXyl_con&BO,borer,C,pol_pol,borer,NA,NA,insufficient data,NA,14.754098360655737,0,insufficient data,0,NA,NA,0,0,1403,207,"CZ,LT",FALSE,FALSE
CambXyl_con&BO,borer,C,sap_car,borer,NA,NA,insufficient data,NA,0,0,insufficient data,0,NA,NA,0,0,1403,0,NA,FALSE,FALSE
CambXyl_con&BO,borer,C,sco_rat,borer,NA,NA,insufficient data,NA,14.754098360655737,0,insufficient data,0,NA,NA,0,0,1403,207,"CZ,LT",FALSE,FALSE
CambXyl_con&BO,borer,C,tha_pit,defoliator,NA,NA,insufficient data,NA,2.9223093371347115,0,insufficient data,0,NA,NA,0,0,1403,41,"BG,HR",FALSE,FALSE
CambXyl_con&BO,borer,C,zei_gri,defoliator,NA,NA,insufficient data,NA,13.114754098360656,0,insufficient data,0,NA,NA,0,0,1403,184,CZ,FALSE,FALSE
CambXyl_con&MD,borer,B,sco_rat,borer,0.3842897970706356,0.18534420113655634,insufficient data,CZ,1.8518518518518519,184,insufficient data,1,0.3842897970706356,0.3842897970706356,8,67,1242,23,LT,FALSE,FALSE
CambXyl_con&MD,borer,B,ips_dup,borer,0.32381019760645086,0.008906729338813138,insufficient data,CZ,3.4621578099838968,184,insufficient data,1,0.32381019760645086,0.32381019760645086,8,120,1242,43,"RO,SK",FALSE,FALSE
CambXyl_con&MD,borer,C,tha_pro,defoliator,0.6669559593540159,0.3831203024115438,insufficient data,DE,0,23,insufficient data,1,0.6669559593540159,0.6669559593540159,1,15,1242,0,NA,TRUE,FALSE
CambXyl_con&MD,borer,C,agr_big,borer,-0.5679302367098098,-0.03159396756151424,insufficient data,DE,27.375201288244767,23,insufficient data,1,-0.5679302367098098,-0.5679302367098098,1,15,1242,340,PL,FALSE,FALSE
CambXyl_con&MD,borer,C,CambXyl_con&BB_con&SM,borer,0.5425991896891499,0.09457499668105644,insufficient data,DE,0,23,insufficient data,1,0.5425991896891499,0.5425991896891499,1,10,1242,0,NA,FALSE,TRUE
CambXyl_con&MD,borer,C,ips_cem,borer,-0.5080285918640388,-0.4264493068742526,insufficient data,DE,0,23,insufficient data,1,-0.5080285918640388,-0.5080285918640388,1,11,1242,0,NA,TRUE,FALSE
CambXyl_con&MD,borer,C,xyl_lin,borer,0.4395034611066269,0.16510921354732133,insufficient data,DE,0,23,insufficient data,1,0.4395034611066269,0.4395034611066269,1,4,1242,0,NA,FALSE,FALSE
CambXyl_con&MD,borer,C,pit_cha,borer,-0.43752968401052406,-0.4819254747100671,insufficient data,DE,22.544283413848632,23,insufficient data,1,-0.43752968401052406,-0.43752968401052406,1,11,1242,280,"AT,IT,LT,SI,SK",TRUE,FALSE
CambXyl_con&MD,borer,C,era_def,defoliator,-0.41447166147635073,-0.28729320474455977,insufficient data,DE,0,23,insufficient data,1,-0.41447166147635073,-0.41447166147635073,1,0,1242,0,NA,TRUE,FALSE
CambXyl_con&MD,borer,C,pis_pin,borer,-0.4132447049303443,-0.2036313536740119,insufficient data,DE,1.8518518518518519,23,insufficient data,1,-0.4132447049303443,-0.4132447049303443,1,0,1242,23,LT,TRUE,FALSE
CambXyl_con&MD,borer,C,sco_sco,borer,-0.41283202496390564,-0.24279978482950573,insufficient data,DE,1.8518518518518519,23,insufficient data,1,-0.41283202496390564,-0.41283202496390564,1,0,1242,23,LT,TRUE,FALSE
CambXyl_con&MD,borer,C,CambXyl_con&BO,borer,0.4085899793736814,0.013006952294596101,insufficient data,DE,1.8518518518518519,23,insufficient data,1,0.4085899793736814,0.4085899793736814,1,6,1242,23,SI,FALSE,TRUE
CambXyl_con&MD,borer,C,ips_acu,borer,0.39856366387056996,0.1173061757526707,inconsistent,"CZ,DE",32.447665056360705,207,inconsistent,2,-0.287018411535239,0.48426142329629607,9,119,1242,403,"BG,LT,PL,SK",FALSE,FALSE
CambXyl_con&MD,borer,C,pit_spp,borer,0.3868752957230249,0.059362568127733,inconsistent,"CZ,DE",18.92109500805153,207,inconsistent,2,0.03263001461107959,0.43115595586201805,9,120,1242,235,"AT,HR,SI",FALSE,FALSE
CambXyl_con&MD,borer,C,xyl_spp,borer,0.3834003930964955,0.33519360088124883,insufficient data,DE,0,23,insufficient data,1,0.3834003930964955,0.3834003930964955,1,5,1242,0,NA,TRUE,FALSE
CambXyl_con&MD,borer,C,mel_spp,defoliator,-0.37181353861969174,0.09265681234435456,insufficient data,DE,27.375201288244767,23,insufficient data,1,-0.37181353861969174,-0.37181353861969174,1,15,1242,340,PL,FALSE,FALSE
CambXyl_con&MD,borer,C,sco_int,borer,0.33711950666930385,0.32179871025987394,consistent,"CZ,DE",0,207,consistent,2,0.3198081808132602,0.3392834224013094,9,81,1242,0,NA,TRUE,FALSE
CambXyl_con&MD,borer,C,tet_spp,borer,-0.3141758054767339,-0.18896837048641504,insufficient data,DE,0,23,insufficient data,1,-0.3141758054767339,-0.3141758054767339,1,12,1242,0,NA,FALSE,FALSE
CambXyl_con&MD,borer,C,ips_typ,borer,0.3074949946386806,-0.14360563725971032,inconsistent,"CZ,DE",77.21417069243157,207,inconsistent,2,-0.3525099958742969,0.3899956184528028,9,139,1242,959,"AT,BG,CH,FI,HR,HU,IT,LT,PL,RO,RS,SE,SI,SK",FALSE,FALSE
CambXyl_con&MD,borer,C,tet_gab,borer,-0.28844313453319853,-0.14771344610169493,inconsistent,"CZ,DE",15.217391304347826,69,inconsistent,2,-0.6303115469932534,-0.11750892830317107,3,15,1242,189,AT,FALSE,FALSE
CambXyl_con&MD,borer,C,pit_bid,borer,-0.287018411535239,-0.08949765619296925,insufficient data,DE,0,23,insufficient data,1,-0.287018411535239,-0.287018411535239,1,0,1242,0,NA,FALSE,FALSE
CambXyl_con&MD,borer,C,uro_sir_spp,borer,-0.287018411535239,-0.08480658425202098,insufficient data,DE,0,23,insufficient data,1,-0.287018411535239,-0.287018411535239,1,0,1242,0,NA,FALSE,FALSE
CambXyl_con&MD,borer,C,ope_spp,defoliator,-0.27135129003727565,-0.042619187365732336,insufficient data,DE,0,23,insufficient data,1,-0.27135129003727565,-0.27135129003727565,1,1,1242,0,NA,FALSE,FALSE
CambXyl_con&MD,borer,C,ips_sex,borer,0.2621792154650376,-0.011897130238536205,inconsistent,"CZ,DE",1.4492753623188406,207,inconsistent,2,-0.40886788878655883,0.34606010349648714,9,115,1242,18,BG,FALSE,FALSE
CambXyl_con&MD,borer,C,pha_cya,borer,0.25558267964124454,-0.0057001762508264355,inconsistent,"CZ,DE",44.44444444444444,207,inconsistent,2,-0.5243136442823004,0.35306972013168764,9,125,1242,552,"AT,LT,PL",FALSE,FALSE
CambXyl_con&MD,borer,C,geo_db,defoliator,0.2470975298187842,0.15396403869833664,insufficient data,DE,34.38003220611916,23,insufficient data,1,0.2470975298187842,0.2470975298187842,1,4,1242,427,"BG,HR,LT,PL,RO",FALSE,FALSE
CambXyl_con&MD,borer,C,pri_abi,defoliator,-0.24169837052052556,0.03298186215325157,inconsistent,"CZ,DE",0,184,inconsistent,2,-0.5159635875696942,-0.2025176252277872,8,77,1242,0,NA,FALSE,FALSE
CambXyl_con&MD,borer,C,tom_spp,borer,0.2396955642856203,-0.029991914752385898,inconsistent,"CZ,DE",44.44444444444444,207,inconsistent,2,-0.5942723102564771,0.34394154860338255,9,134,1242,552,"AT,LT,PL",FALSE,FALSE
CambXyl_con&MD,borer,C,agr_vir,borer,0.23955636739227198,0.24489034880065044,insufficient data,DE,0,23,insufficient data,1,0.23955636739227198,0.23955636739227198,1,13,1242,0,NA,TRUE,FALSE
CambXyl_con&MD,borer,C,pan_fla,defoliator,0.23224287580754416,-0.21849236697330093,insufficient data,CZ,29.22705314009662,23,insufficient data,1,0.23224287580754416,0.23224287580754416,1,1,1242,363,"LT,PL",FALSE,FALSE
CambXyl_con&MD,borer,C,pol_pol,borer,0.2217338760347831,0.11454135932901752,insufficient data,CZ,1.8518518518518519,184,insufficient data,1,0.2217338760347831,0.2217338760347831,8,111,1242,23,LT,FALSE,FALSE
CambXyl_con&MD,borer,C,tor_vir,defoliator,-0.1878748028105495,-0.2853682546719263,insufficient data,DE,32.930756843800324,23,insufficient data,1,-0.1878748028105495,-0.1878748028105495,1,2,1242,409,"BG,LT,PL,RO",TRUE,FALSE
CambXyl_con&MD,borer,C,dip_sp,defoliator,-0.15203047166365852,0.1324390075085736,insufficient data,DE,44.44444444444444,23,insufficient data,1,-0.15203047166365852,-0.15203047166365852,1,3,1242,552,"AT,LT,PL",FALSE,FALSE
CambXyl_con&MD,borer,C,neo_ser,defoliator,-0.1385423290230635,-0.036105340250286194,insufficient data,CZ,1.4492753623188406,46,insufficient data,1,-0.1385423290230635,-0.1385423290230635,2,1,1242,18,BG,FALSE,FALSE
CambXyl_con&MD,borer,C,cep_spp,defoliator,-0.08729467552807127,0.04762577168463433,insufficient data,CZ,0,161,insufficient data,1,-0.08729467552807127,-0.08729467552807127,7,77,1242,0,NA,FALSE,FALSE
CambXyl_con&MD,borer,C,CambXyl_con&BB_con&BO,borer,-0.07276338550706798,-0.06057767382527122,insufficient data,DE,17.06924315619968,23,insufficient data,1,-0.07276338550706798,-0.07276338550706798,1,8,1242,212,"AT,HR",FALSE,TRUE
CambXyl_con&MD,borer,C,lym_dis,defoliator,-0.06913806778621184,0.01101708638892005,consistent,"CZ,DE",27.697262479871174,161,consistent,2,-0.22684908623911468,-0.04285289804406137,7,20,1242,344,"AT,BG,HR,HU,LT,RO,RS,SK",FALSE,FALSE
CambXyl_con&MD,borer,C,zei_gri,defoliator,-0.0335578961466258,0.022567776224732276,insufficient data,CZ,0,161,insufficient data,1,-0.0335578961466258,-0.0335578961466258,7,58,1242,0,NA,FALSE,FALSE
CambXyl_con&MD,borer,C,Def_dec&DB,defoliator,-0.03172351110377995,0.1373070320487957,inconsistent,"CZ,DE",15.217391304347826,207,inconsistent,2,-0.06171787797879782,0.20823142389636293,9,88,1242,189,AT,FALSE,TRUE
CambXyl_con&MD,borer,C,den_mic,borer,-0.019165484321685695,0.07475747991834208,insufficient data,CZ,1.8518518518518519,23,insufficient data,1,-0.019165484321685695,-0.019165484321685695,1,1,1242,23,LT,FALSE,FALSE
CambXyl_con&MD,borer,C,lym_mon,defoliator,-7.701405872143058e-4,0.07914154298291325,insufficient data,CZ,29.22705314009662,138,insufficient data,1,-7.701405872143058e-4,-7.701405872143058e-4,6,74,1242,363,"LT,PL",FALSE,FALSE
CambXyl_con&MD,borer,C,Def_dec,defoliator,NA,NA,insufficient data,NA,0,0,insufficient data,0,NA,NA,0,0,1242,0,NA,FALSE,TRUE
CambXyl_con&MD,borer,C,bup_pin,defoliator,NA,NA,insufficient data,NA,27.375201288244767,0,insufficient data,0,NA,NA,0,0,1242,340,PL,FALSE,FALSE
CambXyl_con&MD,borer,C,clo_ana,defoliator,NA,NA,insufficient data,NA,1.8518518518518519,0,insufficient data,0,NA,NA,0,0,1242,23,RO,FALSE,FALSE
CambXyl_con&MD,borer,C,den_pin,defoliator,NA,NA,insufficient data,NA,29.22705314009662,0,insufficient data,0,NA,NA,0,0,1242,363,"LT,PL",FALSE,FALSE
CambXyl_con&MD,borer,C,ips_ami,borer,NA,NA,insufficient data,NA,0,0,insufficient data,0,NA,NA,0,0,1242,0,NA,FALSE,FALSE
CambXyl_con&MD,borer,C,sap_car,borer,NA,NA,insufficient data,NA,0,0,insufficient data,0,NA,NA,0,0,1242,0,NA,FALSE,FALSE
CambXyl_con&MD,borer,C,tha_pit,defoliator,NA,NA,insufficient data,NA,3.3011272141706924,0,insufficient data,0,NA,NA,0,0,1242,41,"BG,HR",FALSE,FALSE
Def_dec,defoliator,C,pan_fla,defoliator,0.4349557387080115,0.22678741280816186,insufficient data,DE,38.35904628330996,23,insufficient data,1,0.4349557387080115,0.4349557387080115,1,1,1426,547,"CZ,LT,PL",TRUE,FALSE
Def_dec,defoliator,C,tom_spp,borer,-0.2917135929147534,-0.11077547380719381,insufficient data,DE,51.61290322580645,46,insufficient data,1,-0.2917135929147534,-0.2917135929147534,2,2,1426,736,"AT,CZ,LT,PL",FALSE,FALSE
Def_dec,defoliator,C,tet_spp,borer,-0.20132639388006474,-0.13661500617491146,insufficient data,DE,0,46,insufficient data,1,-0.20132639388006474,-0.20132639388006474,2,0,1426,0,NA,FALSE,FALSE
Def_dec,defoliator,C,ips_cem,borer,-0.19007771378048055,-0.029321966133890466,insufficient data,DE,0,46,insufficient data,1,-0.19007771378048055,-0.19007771378048055,2,2,1426,0,NA,FALSE,FALSE
Def_dec,defoliator,C,geo_db,defoliator,0.1840790011792562,0.09587147610549109,insufficient data,DE,29.94389901823282,23,insufficient data,1,0.1840790011792562,0.1840790011792562,1,1,1426,427,"BG,HR,LT,PL,RO",FALSE,FALSE
Def_dec,defoliator,C,neo_ser,defoliator,-0.17030598012606962,-0.1162538909021103,insufficient data,DE,14.165497896213184,23,insufficient data,1,-0.17030598012606962,-0.17030598012606962,1,0,1426,202,"BG,CZ",FALSE,FALSE
Def_dec,defoliator,C,sco_rat,borer,0.16704155744010196,0.0793890263491628,insufficient data,DE,14.516129032258064,23,insufficient data,1,0.16704155744010196,0.16704155744010196,1,1,1426,207,"CZ,LT",FALSE,FALSE
Def_dec,defoliator,C,xyl_lin,borer,-0.15882600672809638,-0.0776690770645014,insufficient data,DE,0,46,insufficient data,1,-0.15882600672809638,-0.15882600672809638,2,2,1426,0,NA,FALSE,FALSE
Def_dec,defoliator,C,lym_dis,defoliator,-0.1584249882659077,-0.20541442484819697,insufficient data,DE,37.02664796633941,46,insufficient data,1,-0.1584249882659077,-0.1584249882659077,2,0,1426,528,"AT,BG,CZ,HR,HU,LT,RO,RS,SK",TRUE,FALSE
Def_dec,defoliator,C,dip_sp,defoliator,-0.15123501397980835,-0.12096815130947329,insufficient data,DE,38.70967741935484,23,insufficient data,1,-0.15123501397980835,-0.15123501397980835,1,0,1426,552,"AT,LT,PL",FALSE,FALSE
Def_dec,defoliator,C,mel_spp,defoliator,-0.1150527484178654,-0.11305849079827777,insufficient data,DE,23.842917251051894,46,insufficient data,1,-0.1150527484178654,-0.1150527484178654,2,0,1426,340,PL,FALSE,FALSE
Def_dec,defoliator,C,uro_sir_spp,borer,-0.1125868223752524,-0.1402302214835335,insufficient data,DE,0,46,insufficient data,1,-0.1125868223752524,-0.1125868223752524,2,0,1426,0,NA,FALSE,FALSE
Def_dec,defoliator,C,ope_spp,defoliator,-0.0991952608416622,-9.12951371324264e-18,insufficient data,DE,0,46,insufficient data,1,-0.0991952608416622,-0.0991952608416622,2,0,1426,0,NA,FALSE,FALSE
Def_dec,defoliator,C,zei_gri,defoliator,-0.09766853508096923,-0.19945998088079495,insufficient data,DE,12.903225806451612,23,insufficient data,1,-0.09766853508096923,-0.09766853508096923,1,0,1426,184,CZ,FALSE,FALSE
Def_dec,defoliator,C,sco_sco,borer,-0.09494059709301478,0.03541375850492393,insufficient data,DE,1.6129032258064515,23,insufficient data,1,-0.09494059709301478,-0.09494059709301478,1,0,1426,23,LT,FALSE,FALSE
Def_dec,defoliator,C,den_pin,defoliator,-0.08850993486026422,0.02851016594869565,insufficient data,DE,25.455820476858346,23,insufficient data,1,-0.08850993486026422,-0.08850993486026422,1,0,1426,363,"LT,PL",FALSE,FALSE
Def_dec,defoliator,C,pit_cha,borer,-0.08651135198533992,-0.10598372714801071,insufficient data,DE,19.635343618513325,46,insufficient data,1,-0.08651135198533992,-0.08651135198533992,2,2,1426,280,"AT,IT,LT,SI,SK",FALSE,FALSE
Def_dec,defoliator,C,ips_typ,borer,0.06621435755806492,0.020450681273448387,insufficient data,DE,80.15427769985975,46,insufficient data,1,0.06621435755806492,0.06621435755806492,2,2,1426,1143,"AT,BG,CH,CZ,FI,HR,HU,IT,LT,PL,RO,RS,SE,SI,SK",FALSE,FALSE
Def_dec,defoliator,C,pit_spp,borer,-0.06473165280672023,0.08392938583524885,insufficient data,DE,29.38288920056101,23,insufficient data,1,-0.06473165280672023,-0.06473165280672023,1,0,1426,419,"AT,CZ,HR,SI",FALSE,FALSE
Def_dec,defoliator,C,agr_vir,borer,-0.06411037315974936,-0.02985191242914553,insufficient data,DE,0,23,insufficient data,1,-0.06411037315974936,-0.06411037315974936,1,0,1426,0,NA,FALSE,FALSE
Def_dec,defoliator,C,ips_sex,borer,-0.05989375640280196,0.051748285059801544,insufficient data,DE,14.165497896213184,46,insufficient data,1,-0.05989375640280196,-0.05989375640280196,2,1,1426,202,"BG,CZ",FALSE,FALSE
Def_dec,defoliator,C,tet_gab,borer,-0.05760786018903338,0.012613023247094502,insufficient data,DE,26.157082748948106,46,insufficient data,1,-0.05760786018903338,-0.05760786018903338,2,1,1426,373,"AT,CZ",FALSE,FALSE
Def_dec,defoliator,C,lym_mon,defoliator,-0.05536062331372908,-0.12411299161811214,insufficient data,DE,38.35904628330996,46,insufficient data,1,-0.05536062331372908,-0.05536062331372908,2,1,1426,547,"CZ,LT,PL",FALSE,FALSE
Def_dec,defoliator,C,ips_acu,borer,-0.05066524086339646,0.22587360627565123,insufficient data,DE,41.164095371669006,23,insufficient data,1,-0.05066524086339646,-0.05066524086339646,1,1,1426,587,"BG,CZ,LT,PL,SK",FALSE,FALSE
Def_dec,defoliator,C,pis_pin,borer,0.047935607440218034,0.013829421493162731,insufficient data,DE,1.6129032258064515,23,insufficient data,1,0.047935607440218034,0.047935607440218034,1,1,1426,23,LT,FALSE,FALSE
Def_dec,defoliator,C,xyl_spp,borer,-0.04790893656529612,0.009412435917109276,insufficient data,DE,0,46,insufficient data,1,-0.04790893656529612,-0.04790893656529612,2,1,1426,0,NA,FALSE,FALSE
Def_dec,defoliator,C,era_def,defoliator,-0.04545454545454545,-0.025650650344387925,insufficient data,DE,0,23,insufficient data,1,-0.04545454545454545,-0.04545454545454545,1,0,1426,0,NA,FALSE,FALSE
Def_dec,defoliator,C,agr_big,borer,0.041005586539887035,-0.19738490494406433,insufficient data,DE,23.842917251051894,46,insufficient data,1,0.041005586539887035,0.041005586539887035,2,1,1426,340,PL,FALSE,FALSE
Def_dec,defoliator,C,sco_int,borer,0.0391640041483102,0.02804896777026468,insufficient data,DE,12.903225806451612,46,insufficient data,1,0.0391640041483102,0.0391640041483102,2,1,1426,184,CZ,FALSE,FALSE
Def_dec,defoliator,C,pri_abi,defoliator,0.034752146176104705,-0.01689728153511007,insufficient data,DE,12.903225806451612,46,insufficient data,1,0.034752146176104705,0.034752146176104705,2,1,1426,184,CZ,FALSE,FALSE
Def_dec,defoliator,C,tha_pro,defoliator,0.024091422145301643,0.10753594578086585,insufficient data,DE,0,23,insufficient data,1,0.024091422145301643,0.024091422145301643,1,1,1426,0,NA,FALSE,FALSE
Def_dec,defoliator,C,pha_cya,borer,0.014916770907577396,0.13287419602586145,insufficient data,DE,51.61290322580645,46,insufficient data,1,0.014916770907577396,0.014916770907577396,2,2,1426,736,"AT,CZ,LT,PL",FALSE,FALSE
Def_dec,defoliator,C,tor_vir,defoliator,-0.009021902171087948,-0.04625502763039444,insufficient data,DE,28.68162692847125,23,insufficient data,1,-0.009021902171087948,-0.009021902171087948,1,1,1426,409,"BG,LT,PL,RO",FALSE,FALSE
Def_dec,defoliator,C,Def_dec&DB,defoliator,0.005859444997207841,0.041688676860264055,insufficient data,DE,26.157082748948106,46,insufficient data,1,0.005859444997207841,0.005859444997207841,2,1,1426,373,"AT,CZ",FALSE,TRUE
Def_dec,defoliator,C,pit_bid,borer,-0.0031573234898099527,0.1819986626335654,insufficient data,DE,0,23,insufficient data,1,-0.0031573234898099527,-0.0031573234898099527,1,1,1426,0,NA,FALSE,FALSE
Def_dec,defoliator,C,bup_pin,defoliator,-0.002263108920180249,0.07879416376747848,insufficient data,DE,23.842917251051894,46,insufficient data,1,-0.002263108920180249,-0.002263108920180249,2,1,1426,340,PL,FALSE,FALSE
Def_dec,defoliator,C,cep_spp,defoliator,NA,NA,insufficient data,NA,12.903225806451612,0,insufficient data,0,NA,NA,0,0,1426,184,CZ,FALSE,FALSE
Def_dec,defoliator,C,clo_ana,defoliator,NA,NA,insufficient data,NA,1.6129032258064515,0,insufficient data,0,NA,NA,0,0,1426,23,RO,FALSE,FALSE
Def_dec,defoliator,C,den_mic,borer,NA,NA,insufficient data,NA,14.516129032258064,0,insufficient data,0,NA,NA,0,0,1426,207,"CZ,LT",FALSE,FALSE
Def_dec,defoliator,C,ips_ami,borer,NA,NA,insufficient data,NA,0,0,insufficient data,0,NA,NA,0,0,1426,0,NA,FALSE,FALSE
Def_dec,defoliator,C,ips_dup,borer,NA,NA,insufficient data,NA,15.918653576437588,0,insufficient data,0,NA,NA,0,0,1426,227,"CZ,RO,SK",FALSE,FALSE
Def_dec,defoliator,C,pol_pol,borer,NA,NA,insufficient data,NA,14.516129032258064,0,insufficient data,0,NA,NA,0,0,1426,207,"CZ,LT",FALSE,FALSE
Def_dec,defoliator,C,sap_car,borer,NA,NA,insufficient data,NA,0,0,insufficient data,0,NA,NA,0,0,1426,0,NA,FALSE,FALSE
Def_dec,defoliator,C,tha_pit,defoliator,NA,NA,insufficient data,NA,2.8751753155680224,0,insufficient data,0,NA,NA,0,0,1426,41,"BG,HR",FALSE,FALSE
Def_dec,defoliator,C,CambXyl_con&BB_con&BO,borer,NA,NA,insufficient data,NA,14.866760168302946,0,insufficient data,0,NA,NA,0,0,1426,212,"AT,HR",FALSE,TRUE
Def_dec,defoliator,C,CambXyl_con&BB_con&SM,borer,NA,NA,insufficient data,NA,0,0,insufficient data,0,NA,NA,0,0,1426,0,NA,FALSE,TRUE
Def_dec,defoliator,C,CambXyl_con&BO,borer,NA,NA,insufficient data,NA,1.6129032258064515,0,insufficient data,0,NA,NA,0,0,1426,23,SI,FALSE,TRUE
Def_dec,defoliator,C,CambXyl_con&MD,borer,NA,NA,insufficient data,NA,12.903225806451612,0,insufficient data,0,NA,NA,0,0,1426,184,CZ,FALSE,TRUE
Def_dec&DB,defoliator,C,tha_pit,defoliator,0.4899013852018552,0.6912907041099254,insufficient data,DE,3.89363722697056,23,insufficient data,1,0.4899013852018552,0.4899013852018552,1,6,1053,41,"BG,HR",TRUE,FALSE
Def_dec&DB,defoliator,C,den_mic,borer,0.44936409809977634,0.18521554826543662,insufficient data,CZ,2.184235517568851,23,insufficient data,1,0.44936409809977634,0.44936409809977634,1,1,1053,23,LT,FALSE,FALSE
Def_dec&DB,defoliator,C,CambXyl_con&BB_con&SM,borer,0.44845796712858993,0.023719437662557127,insufficient data,DE,0,46,insufficient data,1,0.44845796712858993,0.44845796712858993,2,14,1053,0,NA,FALSE,TRUE
Def_dec&DB,defoliator,C,era_def,defoliator,-0.4011728810889084,-0.47278623033362566,insufficient data,DE,0,138,insufficient data,1,-0.4011728810889084,-0.4011728810889084,6,0,1053,0,NA,TRUE,FALSE
Def_dec&DB,defoliator,C,sap_car,borer,0.3990765396574864,NA,insufficient data,DE,0,23,insufficient data,1,0.3990765396574864,0.3990765396574864,1,1,1053,0,NA,FALSE,FALSE
Def_dec&DB,defoliator,C,tor_vir,defoliator,-0.38151204577929937,-0.4090624076099985,insufficient data,DE,38.84140550807218,138,insufficient data,1,-0.38151204577929937,-0.38151204577929937,6,0,1053,409,"BG,LT,PL,RO",TRUE,FALSE
Def_dec&DB,defoliator,C,pan_fla,defoliator,0.28042437011146454,0.18148528207110967,consistent,"CZ,DE",34.472934472934476,92,consistent,2,0.23548949253841236,0.29540266263581527,4,9,1053,363,"LT,PL",FALSE,FALSE
Def_dec&DB,defoliator,C,geo_db,defoliator,-0.276865879437037,-0.046597522247154924,insufficient data,DE,40.55080721747388,115,insufficient data,1,-0.276865879437037,-0.276865879437037,5,0,1053,427,"BG,HR,LT,PL,RO",FALSE,FALSE
Def_dec&DB,defoliator,C,bup_pin,defoliator,0.2651966072469017,0.31372819151160813,insufficient data,DE,32.288698955365625,115,insufficient data,1,0.2651966072469017,0.2651966072469017,5,16,1053,340,PL,TRUE,FALSE
Def_dec&DB,defoliator,C,pis_pin,borer,0.2510610297675176,0.28771212244629035,insufficient data,DE,2.184235517568851,115,insufficient data,1,0.2510610297675176,0.2510610297675176,5,14,1053,23,LT,TRUE,FALSE
Def_dec&DB,defoliator,C,ips_dup,borer,-0.25020303855968506,0.07316051201733129,insufficient data,CZ,4.083570750237417,184,insufficient data,1,-0.25020303855968506,-0.25020303855968506,8,96,1053,43,"RO,SK",FALSE,FALSE
Def_dec&DB,defoliator,C,pri_abi,defoliator,0.21947170134934643,0.12026570945338196,inconsistent,"CZ,DE",0,276,consistent,2,-0.03516814125771405,0.40135730321153246,12,86,1053,0,NA,FALSE,FALSE
Def_dec&DB,defoliator,C,agr_big,borer,0.19581356008786657,0.1929404632096448,insufficient data,DE,32.288698955365625,161,insufficient data,1,0.19581356008786657,0.19581356008786657,7,43,1053,340,PL,FALSE,FALSE
Def_dec&DB,defoliator,C,lym_dis,defoliator,0.17696083288010994,0.14287759078724396,inconsistent,"AT,CZ,DE",14.719848053181387,381,inconsistent,3,-0.08102894540370782,0.41626945823653083,17,79,1053,155,"BG,HR,HU,LT,RO,RS,SK",FALSE,FALSE
Def_dec&DB,defoliator,C,tha_pro,defoliator,0.1639678493720578,0.1583152394179912,insufficient data,DE,0,138,insufficient data,1,0.1639678493720578,0.1639678493720578,6,47,1053,0,NA,FALSE,FALSE
Def_dec&DB,defoliator,C,dip_sp,defoliator,0.16396749339264585,0.07070381776252063,inconsistent,"AT,DE",34.472934472934476,222,consistent,2,0.02589378931358187,0.39178910512310133,10,47,1053,363,"LT,PL",FALSE,FALSE
Def_dec&DB,defoliator,C,agr_vir,borer,0.160435637316341,0.0992337866030503,insufficient data,DE,0,138,insufficient data,1,0.160435637316341,0.160435637316341,6,20,1053,0,NA,FALSE,FALSE
Def_dec&DB,defoliator,C,pit_spp,borer,-0.15589839616354878,-0.07430782590517068,consistent,"AT,CZ,DE",4.368471035137702,337,inconsistent,3,-0.2714209756937098,-0.11458096362822914,15,153,1053,46,"HR,SI",FALSE,FALSE
Def_dec&DB,defoliator,C,tet_spp,borer,0.15548884580632624,0.15034808460237473,insufficient data,DE,0,138,insufficient data,1,0.15548884580632624,0.15548884580632624,6,45,1053,0,NA,FALSE,FALSE
Def_dec&DB,defoliator,C,CambXyl_con&BB_con&BO,borer,0.15476225866383506,0.12070218583510862,inconsistent,"AT,DE",2.184235517568851,195,inconsistent,2,-0.021836648893794247,0.47585118149588834,9,87,1053,23,HR,FALSE,TRUE
Def_dec&DB,defoliator,C,ips_ami,borer,-0.1482438477178945,-0.04097756985519248,insufficient data,DE,0,23,insufficient data,1,-0.1482438477178945,-0.1482438477178945,1,0,1053,0,NA,FALSE,FALSE
Def_dec&DB,defoliator,C,ips_cem,borer,0.14678734690646594,0.14209879872884892,insufficient data,DE,0,161,insufficient data,1,0.14678734690646594,0.14678734690646594,7,60,1053,0,NA,FALSE,FALSE
Def_dec&DB,defoliator,C,CambXyl_con&BO,borer,-0.14624997885919855,-0.207171860474128,insufficient data,DE,2.184235517568851,46,insufficient data,1,-0.14624997885919855,-0.14624997885919855,2,5,1053,23,SI,TRUE,TRUE
Def_dec&DB,defoliator,C,lym_mon,defoliator,0.14194234738112996,0.04914680736460121,consistent,"CZ,DE",34.472934472934476,253,inconsistent,2,0.12349219454703382,0.1640825307820453,11,71,1053,363,"LT,PL",FALSE,FALSE
Def_dec&DB,defoliator,C,xyl_spp,borer,0.13987329415948246,0.13580126093502698,insufficient data,DE,0,161,insufficient data,1,0.13987329415948246,0.13987329415948246,7,26,1053,0,NA,FALSE,FALSE
Def_dec&DB,defoliator,C,ope_spp,defoliator,-0.10950511630780273,-0.26178887641902426,insufficient data,DE,0,115,insufficient data,1,-0.10950511630780273,-0.10950511630780273,5,2,1053,0,NA,TRUE,FALSE
Def_dec&DB,defoliator,C,den_pin,defoliator,-0.10327541499752042,-0.06771424528629427,insufficient data,DE,34.472934472934476,69,insufficient data,1,-0.10327541499752042,-0.10327541499752042,3,5,1053,363,"LT,PL",FALSE,FALSE
Def_dec&DB,defoliator,C,pha_cya,borer,0.09601879435748371,0.07828063348173715,inconsistent,"AT,CZ,DE",34.472934472934476,450,inconsistent,3,-0.04650237931642953,0.20038643703317488,20,185,1053,363,"LT,PL",FALSE,FALSE
Def_dec&DB,defoliator,C,xyl_lin,borer,-0.09314944036378515,-0.018327512319817947,insufficient data,DE,0,138,insufficient data,1,-0.09314944036378515,-0.09314944036378515,6,34,1053,0,NA,FALSE,FALSE
Def_dec&DB,defoliator,C,zei_gri,defoliator,-0.09056968796497658,0.02163061807244473,consistent,"CZ,DE",0,184,inconsistent,2,-0.09766853508096923,-0.0895555669484062,8,55,1053,0,NA,FALSE,FALSE
Def_dec&DB,defoliator,C,ips_typ,borer,-0.08836681490827927,-0.05250444876781934,inconsistent,"AT,CZ,DE",73.1244064577398,471,inconsistent,3,-0.23533264045506685,0.1557176120732402,21,244,1053,770,"BG,CH,FI,HR,HU,IT,LT,PL,RO,RS,SE,SI,SK",FALSE,FALSE
Def_dec&DB,defoliator,C,mel_spp,defoliator,0.08193908555152642,0.07597890234912245,insufficient data,DE,32.288698955365625,161,insufficient data,1,0.08193908555152642,0.08193908555152642,7,40,1053,340,PL,FALSE,FALSE
Def_dec&DB,defoliator,C,uro_sir_spp,borer,0.08141405594730934,0.1549511510253831,insufficient data,DE,0,69,insufficient data,1,0.08141405594730934,0.08141405594730934,3,11,1053,0,NA,FALSE,FALSE
Def_dec&DB,defoliator,C,pit_cha,borer,0.07875534760857462,0.07263300636783174,inconsistent,"AT,DE",8.641975308641975,287,inconsistent,2,-0.010924602781395268,0.14863582843192777,13,126,1053,91,"IT,LT,SI,SK",FALSE,FALSE
Def_dec&DB,defoliator,C,cep_spp,defoliator,0.0623217714086977,-0.1396443899941075,insufficient data,CZ,0,161,insufficient data,1,0.0623217714086977,0.0623217714086977,7,74,1053,0,NA,FALSE,FALSE
Def_dec&DB,defoliator,C,sco_rat,borer,-0.06150605990333788,0.05724686650181605,consistent,"CZ,DE",2.184235517568851,230,inconsistent,2,-0.08507518564773003,-0.05561377846723984,10,55,1053,23,LT,FALSE,FALSE
Def_dec&DB,defoliator,C,tom_spp,borer,0.05980389685733547,0.04333514479535955,inconsistent,"AT,CZ,DE",34.472934472934476,471,inconsistent,3,-0.08583650740316706,0.2505774822800933,21,236,1053,363,"LT,PL",FALSE,FALSE
Def_dec&DB,defoliator,C,neo_ser,defoliator,0.05722014899959021,-0.14147658770709526,inconsistent,"CZ,DE",1.7094017094017093,69,consistent,2,-0.17030598012606962,0.17098321356242013,3,2,1053,18,BG,FALSE,FALSE
Def_dec&DB,defoliator,C,tet_gab,borer,0.05257446473063327,0.022425458103824875,inconsistent,"AT,CZ,DE",0,312,inconsistent,3,-0.054484817931396264,0.2545258147361116,14,101,1053,0,NA,FALSE,FALSE
Def_dec&DB,defoliator,C,ips_acu,borer,0.04818574082146784,0.06655500976167975,inconsistent,"CZ,DE",38.27160493827161,299,inconsistent,2,-0.0366107431499605,0.18386011517575318,13,103,1053,403,"BG,LT,PL,SK",FALSE,FALSE
Def_dec&DB,defoliator,C,pit_bid,borer,-0.0435202252672427,0.008325206409358698,insufficient data,DE,0,69,insufficient data,1,-0.0435202252672427,-0.0435202252672427,3,5,1053,0,NA,FALSE,FALSE
Def_dec&DB,defoliator,C,CambXyl_con&MD,borer,-0.03172351110377995,0.1373070320487957,inconsistent,"CZ,DE",0,207,inconsistent,2,-0.06171787797879782,0.20823142389636293,9,88,1053,0,NA,FALSE,TRUE
Def_dec&DB,defoliator,C,pol_pol,borer,-0.028681736429911037,-0.034975316325477734,insufficient data,CZ,2.184235517568851,184,insufficient data,1,-0.028681736429911037,-0.028681736429911037,8,90,1053,23,LT,FALSE,FALSE
Def_dec&DB,defoliator,C,sco_sco,borer,0.017143124488312525,0.13646300587610935,insufficient data,DE,2.184235517568851,69,insufficient data,1,0.017143124488312525,0.017143124488312525,3,4,1053,23,LT,FALSE,FALSE
Def_dec&DB,defoliator,C,sco_int,borer,0.006714383265588024,0.05578285561423956,inconsistent,"CZ,DE",0,299,consistent,2,-0.03261623439060007,0.06964337151548897,13,76,1053,0,NA,FALSE,FALSE
Def_dec&DB,defoliator,C,Def_dec,defoliator,0.005859444997207841,0.041688676860264055,insufficient data,DE,0,46,insufficient data,1,0.005859444997207841,0.005859444997207841,2,1,1053,0,NA,FALSE,TRUE
Def_dec&DB,defoliator,C,ips_sex,borer,4.4870607188378695e-4,0.027951542688959045,inconsistent,"CZ,DE",1.7094017094017093,322,inconsistent,2,-0.014631889871831467,0.020556167330170794,14,101,1053,18,BG,FALSE,FALSE
Def_dec&DB,defoliator,C,clo_ana,defoliator,NA,NA,insufficient data,NA,2.184235517568851,0,insufficient data,0,NA,NA,0,0,1053,23,RO,FALSE,FALSE
agr_big,borer,A,pha_cya,borer,0.3929146419422751,0.326682826382897,consistent,"DE,PL",36.46408839779006,593,consistent,2,0.3869003245165622,0.39742072496711245,28,425,1086,396,"AT,CZ,LT",TRUE,FALSE
agr_big,borer,A,tom_spp,borer,0.33320232030004104,0.233725071952734,consistent,"DE,PL",36.46408839779006,533,consistent,2,0.2307168021908929,0.42644102474520584,25,263,1086,396,"AT,CZ,LT",TRUE,FALSE
agr_big,borer,B,sco_rat,borer,0.6533638926742446,0.5309023239202235,insufficient data,DE,19.060773480662984,69,insufficient data,1,0.6533638926742446,0.6533638926742446,3,32,1086,207,"CZ,LT",TRUE,FALSE
agr_big,borer,B,CambXyl_con&BO,borer,-0.48523093396203837,-0.3008511975850872,insufficient data,DE,2.117863720073665,46,insufficient data,1,-0.48523093396203837,-0.48523093396203837,2,11,1086,23,SI,TRUE,TRUE
agr_big,borer,B,pis_pin,borer,0.4044548598037905,0.40422006732041954,insufficient data,DE,2.117863720073665,161,insufficient data,1,0.4044548598037905,0.4044548598037905,7,44,1086,23,LT,TRUE,FALSE
agr_big,borer,B,sco_int,borer,0.3583582539819958,0.34152549497726237,insufficient data,DE,16.94290976058932,184,insufficient data,1,0.3583582539819958,0.3583582539819958,8,58,1086,184,CZ,TRUE,FALSE
agr_big,borer,B,ips_sex,borer,0.3202276000503943,0.1732738806903379,insufficient data,DE,18.60036832412523,184,insufficient data,1,0.3202276000503943,0.3202276000503943,8,57,1086,202,"BG,CZ",FALSE,FALSE
agr_big,borer,B,ips_typ,borer,0.21841834072505428,0.2483365137921285,consistent,"DE,PL",73.94106813996316,593,consistent,2,0.1501885664900762,0.30948535344364064,28,479,1086,803,"AT,BG,CH,CZ,FI,HR,HU,IT,LT,RO,RS,SE,SI,SK",TRUE,FALSE
agr_big,borer,C,CambXyl_con&MD,borer,-0.5679302367098098,-0.03159396756151424,insufficient data,DE,16.94290976058932,23,insufficient data,1,-0.5679302367098098,-0.5679302367098098,1,15,1086,184,CZ,FALSE,TRUE
agr_big,borer,C,agr_vir,borer,0.4023832540310443,0.33162141450420557,insufficient data,DE,0,207,insufficient data,1,0.4023832540310443,0.4023832540310443,9,56,1086,0,NA,TRUE,FALSE
agr_big,borer,C,CambXyl_con&BB_con&SM,borer,-0.31814835511866024,0.05756456863647677,insufficient data,DE,0,46,insufficient data,1,-0.31814835511866024,-0.31814835511866024,2,18,1086,0,NA,FALSE,TRUE
agr_big,borer,C,ips_ami,borer,0.3081380685253343,0.3008706814354196,insufficient data,DE,0,46,insufficient data,1,0.3081380685253343,0.3081380685253343,2,7,1086,0,NA,TRUE,FALSE
agr_big,borer,C,pit_bid,borer,0.3062203632781392,0.2944176027839035,insufficient data,DE,0,115,insufficient data,1,0.3062203632781392,0.3062203632781392,5,45,1086,0,NA,TRUE,FALSE
agr_big,borer,C,ips_cem,borer,0.3015366518934127,0.31487883988062465,insufficient data,DE,0,253,insufficient data,1,0.3015366518934127,0.3015366518934127,11,136,1086,0,NA,TRUE,FALSE
agr_big,borer,C,tet_gab,borer,0.28818159823377065,0.21238532432616866,insufficient data,DE,34.34622467771639,207,insufficient data,1,0.28818159823377065,0.28818159823377065,9,68,1086,373,"AT,CZ",TRUE,FALSE
agr_big,borer,C,sap_car,borer,0.25395933013360983,NA,insufficient data,DE,0,23,insufficient data,1,0.25395933013360983,0.25395933013360983,1,1,1086,0,NA,FALSE,FALSE
agr_big,borer,C,sco_sco,borer,0.25211305451952576,0.21537128893488156,insufficient data,DE,2.117863720073665,115,insufficient data,1,0.25211305451952576,0.25211305451952576,5,24,1086,23,LT,TRUE,FALSE
agr_big,borer,C,den_mic,borer,0.24910932455580456,-0.06790179828938255,insufficient data,DE,19.060773480662984,23,insufficient data,1,0.24910932455580456,0.24910932455580456,1,1,1086,207,"CZ,LT",FALSE,FALSE
agr_big,borer,C,pit_cha,borer,0.24553837228852635,0.2710736157842711,insufficient data,DE,25.78268876611418,253,insufficient data,1,0.24553837228852635,0.24553837228852635,11,134,1086,280,"AT,IT,LT,SI,SK",TRUE,FALSE
agr_big,borer,C,bup_pin,defoliator,0.23914367957071236,0.12892119586338108,inconsistent,"DE,PL",0,464,consistent,2,-0.01565710590010523,0.40773367296493745,22,135,1086,0,NA,FALSE,FALSE
agr_big,borer,C,uro_sir_spp,borer,0.22612088080254372,0.22394737402193512,insufficient data,DE,0,92,insufficient data,1,0.22612088080254372,0.22612088080254372,4,6,1086,0,NA,TRUE,FALSE
agr_big,borer,C,tha_pit,defoliator,0.22386911130466447,0.5795668056497473,insufficient data,DE,3.7753222836095763,23,insufficient data,1,0.22386911130466447,0.22386911130466447,1,10,1086,41,"BG,HR",TRUE,FALSE
agr_big,borer,C,Def_dec&DB,defoliator,0.19581356008786657,0.1929404632096448,insufficient data,DE,34.34622467771639,161,insufficient data,1,0.19581356008786657,0.19581356008786657,7,43,1086,373,"AT,CZ",FALSE,TRUE
agr_big,borer,C,dip_sp,defoliator,0.19068414044471008,0.11704764872379769,consistent,"DE,PL",19.521178637200737,527,consistent,2,0.18175620305904142,0.19649904703142845,25,250,1086,212,"AT,LT",FALSE,FALSE
agr_big,borer,C,den_pin,defoliator,0.17634488713423768,0.10925446319457996,consistent,"DE,PL",2.117863720073665,395,consistent,2,0.08262993946204511,0.2150991888031895,19,163,1086,23,LT,FALSE,FALSE
agr_big,borer,C,lym_dis,defoliator,0.1718260569772289,0.19476885370034328,insufficient data,DE,48.61878453038674,207,insufficient data,1,0.1718260569772289,0.1718260569772289,9,65,1086,528,"AT,BG,CZ,HR,HU,LT,RO,RS,SK",FALSE,FALSE
agr_big,borer,C,tor_vir,defoliator,0.16928675351966008,0.08536637918379944,consistent,"DE,PL",6.3535911602209945,570,consistent,2,0.04780187226737358,0.25203187387725456,27,265,1086,69,"BG,LT,RO",FALSE,FALSE
agr_big,borer,C,neo_ser,defoliator,0.15933046984177585,0.12777475940564803,insufficient data,DE,18.60036832412523,46,insufficient data,1,0.15933046984177585,0.15933046984177585,2,5,1086,202,"BG,CZ",FALSE,FALSE
agr_big,borer,C,mel_spp,defoliator,0.14844897898179013,0.10062218729803193,consistent,"DE,PL",0,547,consistent,2,0.08166156491688491,0.18938987057575676,26,369,1086,0,NA,FALSE,FALSE
agr_big,borer,C,pri_abi,defoliator,-0.116906913128948,0.04488547445869386,insufficient data,DE,16.94290976058932,184,insufficient data,1,-0.116906913128948,-0.116906913128948,8,31,1086,184,CZ,FALSE,FALSE
agr_big,borer,C,xyl_spp,borer,0.09401765810216339,0.0852122690137859,insufficient data,DE,0,253,insufficient data,1,0.09401765810216339,0.09401765810216339,11,93,1086,0,NA,FALSE,FALSE
agr_big,borer,C,ips_acu,borer,-0.08324653033002702,0.1262151501580865,inconsistent,"DE,PL",22.74401473296501,481,inconsistent,2,-0.3611640526611437,0.46536987738854096,23,130,1086,247,"BG,CZ,LT,SK",FALSE,FALSE
agr_big,borer,C,geo_db,defoliator,0.06485766920984902,0.07747994104535572,inconsistent,"DE,PL",8.011049723756907,501,inconsistent,2,-0.17823865518199247,0.18076117991060311,24,236,1086,87,"BG,HR,LT,RO",FALSE,FALSE
agr_big,borer,C,tha_pro,defoliator,0.0620513058985319,0.09055792948185115,insufficient data,DE,0,230,insufficient data,1,0.0620513058985319,0.0620513058985319,10,87,1086,0,NA,FALSE,FALSE
agr_big,borer,C,tet_spp,borer,0.061878490187534836,0.06837982010067832,insufficient data,DE,0,184,insufficient data,1,0.061878490187534836,0.061878490187534836,8,57,1086,0,NA,FALSE,FALSE
agr_big,borer,C,xyl_lin,borer,0.0606327788079029,0.04957011027923417,insufficient data,DE,0,230,insufficient data,1,0.0606327788079029,0.0606327788079029,10,103,1086,0,NA,FALSE,FALSE
agr_big,borer,C,CambXyl_con&BB_con&BO,borer,-0.059048366597316694,0.0663828252348464,insufficient data,DE,19.521178637200737,69,insufficient data,1,-0.059048366597316694,-0.059048366597316694,3,21,1086,212,"AT,HR",FALSE,TRUE
agr_big,borer,C,Def_dec,defoliator,0.041005586539887035,-0.19738490494406433,insufficient data,DE,0,46,insufficient data,1,0.041005586539887035,0.041005586539887035,2,1,1086,0,NA,FALSE,TRUE
agr_big,borer,C,lym_mon,defoliator,0.03586357942828582,0.02547567775122825,inconsistent,"DE,PL",19.060773480662984,504,inconsistent,2,-0.0778427113680816,0.10169353725776172,24,281,1086,207,"CZ,LT",FALSE,FALSE
agr_big,borer,C,pan_fla,defoliator,0.028126834762366708,0.028568614052531985,inconsistent,"DE,PL",19.060773480662984,438,consistent,2,-0.10456890869527448,0.08958591594274788,21,168,1086,207,"CZ,LT",FALSE,FALSE
agr_big,borer,C,ope_spp,defoliator,0.027201630958977815,0.10485239083557381,insufficient data,DE,0,207,insufficient data,1,0.027201630958977815,0.027201630958977815,9,31,1086,0,NA,FALSE,FALSE
agr_big,borer,C,era_def,defoliator,0.016872835582134572,0.07487165963333885,insufficient data,DE,0,230,insufficient data,1,0.016872835582134572,0.016872835582134572,10,33,1086,0,NA,FALSE,FALSE
agr_big,borer,C,zei_gri,defoliator,0.006149642809086199,-0.005466199135774032,insufficient data,DE,16.94290976058932,23,insufficient data,1,0.006149642809086199,0.006149642809086199,1,2,1086,184,CZ,FALSE,FALSE
agr_big,borer,C,pit_spp,borer,-0.004985416969537053,-0.015994789242274255,insufficient data,DE,38.58195211786372,92,insufficient data,1,-0.004985416969537053,-0.004985416969537053,4,58,1086,419,"AT,CZ,HR,SI",FALSE,FALSE
agr_big,borer,C,cep_spp,defoliator,NA,NA,insufficient data,NA,16.94290976058932,0,insufficient data,0,NA,NA,0,0,1086,184,CZ,FALSE,FALSE
agr_big,borer,C,clo_ana,defoliator,NA,NA,insufficient data,NA,2.117863720073665,0,insufficient data,0,NA,NA,0,0,1086,23,RO,FALSE,FALSE
agr_big,borer,C,ips_dup,borer,NA,NA,insufficient data,NA,20.902394106813997,0,insufficient data,0,NA,NA,0,0,1086,227,"CZ,RO,SK",FALSE,FALSE
agr_big,borer,C,pol_pol,borer,NA,NA,insufficient data,NA,19.060773480662984,0,insufficient data,0,NA,NA,0,0,1086,207,"CZ,LT",FALSE,FALSE
agr_vir,borer,B,ips_acu,borer,0.4701470767696961,0.40243732586009073,insufficient data,DE,41.164095371669006,138,insufficient data,1,0.4701470767696961,0.4701470767696961,6,16,1426,587,"BG,CZ,LT,PL,SK",TRUE,FALSE
agr_vir,borer,B,pha_cya,borer,0.40813548237545116,0.3794658619130994,insufficient data,DE,51.61290322580645,207,insufficient data,1,0.40813548237545116,0.40813548237545116,9,54,1426,736,"AT,CZ,LT,PL",TRUE,FALSE
agr_vir,borer,B,agr_big,borer,0.4023832540310443,0.33162141450420557,insufficient data,DE,23.842917251051894,207,insufficient data,1,0.4023832540310443,0.4023832540310443,9,56,1426,340,PL,TRUE,FALSE
agr_vir,borer,B,lym_dis,defoliator,0.36464002527305583,0.2787909495151251,insufficient data,DE,37.02664796633941,161,insufficient data,1,0.36464002527305583,0.36464002527305583,7,43,1426,528,"AT,BG,CZ,HR,HU,LT,RO,RS,SK",TRUE,FALSE
agr_vir,borer,C,den_mic,borer,0.7693546402599964,0.46285670928406475,insufficient data,DE,14.516129032258064,23,insufficient data,1,0.7693546402599964,0.7693546402599964,1,1,1426,207,"CZ,LT",TRUE,FALSE
agr_vir,borer,C,tha_pit,defoliator,0.4819421532933191,0.5313339141218938,insufficient data,DE,2.8751753155680224,23,insufficient data,1,0.4819421532933191,0.4819421532933191,1,4,1426,41,"BG,HR",TRUE,FALSE
agr_vir,borer,C,sap_car,borer,0.47273607767830916,NA,insufficient data,DE,0,23,insufficient data,1,0.47273607767830916,0.47273607767830916,1,1,1426,0,NA,FALSE,FALSE
agr_vir,borer,C,sco_rat,borer,0.44660997739058744,0.19301152878412017,insufficient data,DE,14.516129032258064,46,insufficient data,1,0.44660997739058744,0.44660997739058744,2,6,1426,207,"CZ,LT",FALSE,FALSE
agr_vir,borer,C,pit_bid,borer,0.4054515066097496,0.34178915012173816,insufficient data,DE,0,92,insufficient data,1,0.4054515066097496,0.4054515066097496,4,14,1426,0,NA,TRUE,FALSE
agr_vir,borer,C,ips_typ,borer,0.29213200593072136,0.1776987501180382,insufficient data,DE,80.15427769985975,207,insufficient data,1,0.29213200593072136,0.29213200593072136,9,52,1426,1143,"AT,BG,CH,CZ,FI,HR,HU,IT,LT,PL,RO,RS,SE,SI,SK",FALSE,FALSE
agr_vir,borer,C,ips_cem,borer,0.2848920006194881,0.2515308280070094,insufficient data,DE,0,207,insufficient data,1,0.2848920006194881,0.2848920006194881,9,53,1426,0,NA,TRUE,FALSE
agr_vir,borer,C,sco_int,borer,0.2533880052668425,0.22293661903029585,insufficient data,DE,12.903225806451612,138,insufficient data,1,0.2533880052668425,0.2533880052668425,6,20,1426,184,CZ,TRUE,FALSE
agr_vir,borer,C,ips_sex,borer,0.25127795465337566,0.24590820535799007,insufficient data,DE,14.165497896213184,138,insufficient data,1,0.25127795465337566,0.25127795465337566,6,15,1426,202,"BG,CZ",TRUE,FALSE
agr_vir,borer,C,CambXyl_con&BB_con&SM,borer,0.24630907020242818,0.17259129800452452,insufficient data,DE,0,46,insufficient data,1,0.24630907020242818,0.24630907020242818,2,13,1426,0,NA,FALSE,TRUE
agr_vir,borer,C,neo_ser,defoliator,0.24284748902538117,0.2353435527567059,insufficient data,DE,14.165497896213184,23,insufficient data,1,0.24284748902538117,0.24284748902538117,1,2,1426,202,"BG,CZ",TRUE,FALSE
agr_vir,borer,C,CambXyl_con&MD,borer,0.23955636739227198,0.24489034880065044,insufficient data,DE,12.903225806451612,23,insufficient data,1,0.23955636739227198,0.23955636739227198,1,13,1426,184,CZ,TRUE,TRUE
agr_vir,borer,C,tha_pro,defoliator,0.22867607226968842,0.13703163228420426,insufficient data,DE,0,184,insufficient data,1,0.22867607226968842,0.22867607226968842,8,42,1426,0,NA,FALSE,FALSE
agr_vir,borer,C,pri_abi,defoliator,-0.21430461722681685,-0.010834130850596944,insufficient data,DE,12.903225806451612,138,insufficient data,1,-0.21430461722681685,-0.21430461722681685,6,11,1426,184,CZ,FALSE,FALSE
agr_vir,borer,C,CambXyl_con&BO,borer,-0.21028859099322655,-0.2259526802180518,insufficient data,DE,1.6129032258064515,46,insufficient data,1,-0.21028859099322655,-0.21028859099322655,2,5,1426,23,SI,TRUE,TRUE
agr_vir,borer,C,tet_gab,borer,0.20557875517291666,0.21108040226121846,insufficient data,DE,26.157082748948106,161,insufficient data,1,0.20557875517291666,0.20557875517291666,7,29,1426,373,"AT,CZ",TRUE,FALSE
agr_vir,borer,C,xyl_lin,borer,-0.1922649887915832,-0.2767925559352295,insufficient data,DE,0,184,insufficient data,1,-0.1922649887915832,-0.1922649887915832,8,32,1426,0,NA,TRUE,FALSE
agr_vir,borer,C,pit_cha,borer,0.17793386462787442,0.1399503250857518,insufficient data,DE,19.635343618513325,207,insufficient data,1,0.17793386462787442,0.17793386462787442,9,50,1426,280,"AT,IT,LT,SI,SK",FALSE,FALSE
agr_vir,borer,C,lym_mon,defoliator,-0.17507862178476968,-0.026657691065684063,insufficient data,DE,38.35904628330996,138,insufficient data,1,-0.17507862178476968,-0.17507862178476968,6,8,1426,547,"CZ,LT,PL",FALSE,FALSE
agr_vir,borer,C,geo_db,defoliator,-0.17486371436479012,-0.1592776872120035,insufficient data,DE,29.94389901823282,161,insufficient data,1,-0.17486371436479012,-0.17486371436479012,7,10,1426,427,"BG,HR,LT,PL,RO",FALSE,FALSE
agr_vir,borer,C,tom_spp,borer,0.17343652188604344,0.20357189187931987,insufficient data,DE,51.61290322580645,207,insufficient data,1,0.17343652188604344,0.17343652188604344,9,47,1426,736,"AT,CZ,LT,PL",TRUE,FALSE
agr_vir,borer,C,Def_dec&DB,defoliator,0.160435637316341,0.0992337866030503,insufficient data,DE,26.157082748948106,138,insufficient data,1,0.160435637316341,0.160435637316341,6,20,1426,373,"AT,CZ",FALSE,TRUE
agr_vir,borer,C,bup_pin,defoliator,-0.15322996158086244,0.09805573687825081,insufficient data,DE,23.842917251051894,138,insufficient data,1,-0.15322996158086244,-0.15322996158086244,6,5,1426,340,PL,FALSE,FALSE
agr_vir,borer,C,pis_pin,borer,0.1481390221526748,0.09069198672282153,insufficient data,DE,1.6129032258064515,138,insufficient data,1,0.1481390221526748,0.1481390221526748,6,12,1426,23,LT,FALSE,FALSE
agr_vir,borer,C,zei_gri,defoliator,-0.13775445706015418,0.079396921892454,insufficient data,DE,12.903225806451612,23,insufficient data,1,-0.13775445706015418,-0.13775445706015418,1,0,1426,184,CZ,FALSE,FALSE
agr_vir,borer,C,uro_sir_spp,borer,0.12944890142742785,0.07897885098927453,insufficient data,DE,0,69,insufficient data,1,0.12944890142742785,0.12944890142742785,3,1,1426,0,NA,FALSE,FALSE
agr_vir,borer,C,pan_fla,defoliator,-0.1259169781486554,-0.011599509447898537,insufficient data,DE,38.35904628330996,115,insufficient data,1,-0.1259169781486554,-0.1259169781486554,5,4,1426,547,"CZ,LT,PL",FALSE,FALSE
agr_vir,borer,C,mel_spp,defoliator,0.11997315562944859,0.18854726064956467,insufficient data,DE,23.842917251051894,161,insufficient data,1,0.11997315562944859,0.11997315562944859,7,37,1426,340,PL,FALSE,FALSE
agr_vir,borer,C,xyl_spp,borer,-0.1170737818533673,-0.2220099614646706,insufficient data,DE,0,207,insufficient data,1,-0.1170737818533673,-0.1170737818533673,9,30,1426,0,NA,TRUE,FALSE
agr_vir,borer,C,den_pin,defoliator,-0.11679159435643065,0.015019603600368912,insufficient data,DE,25.455820476858346,92,insufficient data,1,-0.11679159435643065,-0.11679159435643065,4,4,1426,363,"LT,PL",FALSE,FALSE
agr_vir,borer,C,era_def,defoliator,0.09436195187295861,0.12987455214460447,insufficient data,DE,0,184,insufficient data,1,0.09436195187295861,0.09436195187295861,8,14,1426,0,NA,FALSE,FALSE
agr_vir,borer,C,pit_spp,borer,0.08617441261279489,0.06663244294128964,insufficient data,DE,29.38288920056101,69,insufficient data,1,0.08617441261279489,0.08617441261279489,3,35,1426,419,"AT,CZ,HR,SI",FALSE,FALSE
agr_vir,borer,C,tet_spp,borer,0.08333191916871574,0.13694253089971328,insufficient data,DE,0,161,insufficient data,1,0.08333191916871574,0.08333191916871574,7,28,1426,0,NA,FALSE,FALSE
agr_vir,borer,C,ope_spp,defoliator,0.0646994334318808,0.1528275825878945,insufficient data,DE,0,161,insufficient data,1,0.0646994334318808,0.0646994334318808,7,16,1426,0,NA,FALSE,FALSE
agr_vir,borer,C,Def_dec,defoliator,-0.06411037315974936,-0.02985191242914553,insufficient data,DE,0,23,insufficient data,1,-0.06411037315974936,-0.06411037315974936,1,0,1426,0,NA,FALSE,TRUE
agr_vir,borer,C,ips_ami,borer,-0.06261931301983985,-0.006283194520040653,insufficient data,DE,0,46,insufficient data,1,-0.06261931301983985,-0.06261931301983985,2,1,1426,0,NA,FALSE,FALSE
agr_vir,borer,C,tor_vir,defoliator,-0.023473080572688366,-0.011327915104073645,insufficient data,DE,28.68162692847125,207,insufficient data,1,-0.023473080572688366,-0.023473080572688366,9,27,1426,409,"BG,LT,PL,RO",FALSE,FALSE
agr_vir,borer,C,dip_sp,defoliator,-0.023275853826580244,0.03601807195239929,insufficient data,DE,38.70967741935484,184,insufficient data,1,-0.023275853826580244,-0.023275853826580244,8,13,1426,552,"AT,LT,PL",FALSE,FALSE
agr_vir,borer,C,sco_sco,borer,0.009041036574031498,0.07740053606862904,insufficient data,DE,1.6129032258064515,92,insufficient data,1,0.009041036574031498,0.009041036574031498,4,5,1426,23,LT,FALSE,FALSE
agr_vir,borer,C,CambXyl_con&BB_con&BO,borer,0.003370578998842854,0.1274076588091582,insufficient data,DE,14.866760168302946,69,insufficient data,1,0.003370578998842854,0.003370578998842854,3,13,1426,212,"AT,HR",FALSE,TRUE
agr_vir,borer,C,cep_spp,defoliator,NA,NA,insufficient data,NA,12.903225806451612,0,insufficient data,0,NA,NA,0,0,1426,184,CZ,FALSE,FALSE
agr_vir,borer,C,clo_ana,defoliator,NA,NA,insufficient data,NA,1.6129032258064515,0,insufficient data,0,NA,NA,0,0,1426,23,RO,FALSE,FALSE
agr_vir,borer,C,ips_dup,borer,NA,NA,insufficient data,NA,15.918653576437588,0,insufficient data,0,NA,NA,0,0,1426,227,"CZ,RO,SK",FALSE,FALSE
agr_vir,borer,C,pol_pol,borer,NA,NA,insufficient data,NA,14.516129032258064,0,insufficient data,0,NA,NA,0,0,1426,207,"CZ,LT",FALSE,FALSE
bup_pin,defoliator,A,pan_fla,defoliator,0.37370528267476955,0.32228446866460003,consistent,"DE,PL",19.060773480662984,418,consistent,2,0.29284820884888113,0.5366445375057264,20,92,1086,207,"CZ,LT",TRUE,FALSE
bup_pin,defoliator,B,den_pin,defoliator,0.36819042668057694,0.17145503896847253,consistent,"DE,PL",2.117863720073665,375,consistent,2,0.33767165654993553,0.43671893779210813,18,88,1086,23,LT,FALSE,FALSE
bup_pin,defoliator,B,tet_gab,borer,0.3561664914978123,0.33484218875824695,insufficient data,DE,34.34622467771639,138,insufficient data,1,0.3561664914978123,0.3561664914978123,6,27,1086,373,"AT,CZ",TRUE,FALSE
bup_pin,defoliator,B,dip_sp,defoliator,0.31976033256971936,0.15959695457220044,consistent,"DE,PL",19.521178637200737,441,consistent,2,0.2985132977335034,0.33206124747489707,21,119,1086,212,"AT,LT",FALSE,FALSE
bup_pin,defoliator,B,lym_mon,defoliator,0.3136177982309187,0.15665283610642625,consistent,"DE,PL",19.060773480662984,464,consistent,2,0.27190532415050916,0.34121702920141517,22,131,1086,207,"CZ,LT",FALSE,FALSE
bup_pin,defoliator,B,tom_spp,borer,0.2763126195280879,0.0696550222773856,consistent,"DE,PL",36.46408839779006,404,inconsistent,2,0.2212367561413115,0.3226922939590576,19,106,1086,396,"AT,CZ,LT",FALSE,FALSE
bup_pin,defoliator,B,pha_cya,borer,0.24656345209279046,0.11084041604834001,consistent,"DE,PL",36.46408839779006,464,inconsistent,2,0.20325637840415314,0.2752177564882798,22,156,1086,396,"AT,CZ,LT",FALSE,FALSE
bup_pin,defoliator,C,tha_pit,defoliator,-0.6439950439766439,-0.4931266980802371,insufficient data,DE,3.7753222836095763,23,insufficient data,1,-0.6439950439766439,-0.6439950439766439,1,3,1086,41,"BG,HR",TRUE,FALSE
bup_pin,defoliator,C,CambXyl_con&BB_con&BO,borer,0.6177253516644907,0.35594379025100614,insufficient data,DE,19.521178637200737,23,insufficient data,1,0.6177253516644907,0.6177253516644907,1,4,1086,212,"AT,HR",TRUE,TRUE
bup_pin,defoliator,C,xyl_lin,borer,0.29680306723036703,0.1941507890685994,insufficient data,DE,0,161,insufficient data,1,0.29680306723036703,0.29680306723036703,7,44,1086,0,NA,FALSE,FALSE
bup_pin,defoliator,C,pit_cha,borer,0.2882006577656623,0.1662629698584991,insufficient data,DE,25.78268876611418,184,insufficient data,1,0.2882006577656623,0.2882006577656623,8,55,1086,280,"AT,IT,LT,SI,SK",FALSE,FALSE
bup_pin,defoliator,C,xyl_spp,borer,0.28698121489114825,0.20637666813364686,insufficient data,DE,0,184,insufficient data,1,0.28698121489114825,0.28698121489114825,8,45,1086,0,NA,TRUE,FALSE
bup_pin,defoliator,C,pis_pin,borer,0.2748315377423307,0.2542431423574157,insufficient data,DE,2.117863720073665,138,insufficient data,1,0.2748315377423307,0.2748315377423307,6,31,1086,23,LT,TRUE,FALSE
bup_pin,defoliator,C,Def_dec&DB,defoliator,0.2651966072469017,0.31372819151160813,insufficient data,DE,34.34622467771639,115,insufficient data,1,0.2651966072469017,0.2651966072469017,5,16,1086,373,"AT,CZ",TRUE,TRUE
bup_pin,defoliator,C,ips_sex,borer,0.25145974022469053,0.23563421362428705,insufficient data,DE,18.60036832412523,138,insufficient data,1,0.25145974022469053,0.25145974022469053,6,34,1086,202,"BG,CZ",TRUE,FALSE
bup_pin,defoliator,C,sap_car,borer,-0.23988087104031094,NA,insufficient data,DE,0,23,insufficient data,1,-0.23988087104031094,-0.23988087104031094,1,0,1086,0,NA,FALSE,FALSE
bup_pin,defoliator,C,agr_big,borer,0.23914367957071236,0.12892119586338108,inconsistent,"DE,PL",0,464,consistent,2,-0.01565710590010523,0.40773367296493745,22,135,1086,0,NA,FALSE,FALSE
bup_pin,defoliator,C,ips_acu,borer,-0.2346991825263723,0.1057275625657981,inconsistent,"DE,PL",22.74401473296501,375,consistent,2,-0.3652754498087298,0.05850389037128495,18,30,1086,247,"BG,CZ,LT,SK",FALSE,FALSE
bup_pin,defoliator,C,ips_ami,borer,0.2325004055948246,-0.16853699625436697,insufficient data,DE,0,23,insufficient data,1,0.2325004055948246,0.2325004055948246,1,2,1086,0,NA,FALSE,FALSE
bup_pin,defoliator,C,mel_spp,defoliator,0.22899176132458166,0.11688340810554995,consistent,"DE,PL",0,441,consistent,2,0.1970779354714164,0.24746818681851945,21,118,1086,0,NA,FALSE,FALSE
bup_pin,defoliator,C,ope_spp,defoliator,0.2109041046958048,-0.03999376839202289,insufficient data,DE,0,138,insufficient data,1,0.2109041046958048,0.2109041046958048,6,13,1086,0,NA,FALSE,FALSE
bup_pin,defoliator,C,ips_cem,borer,0.2035466331704299,0.17148559630402746,insufficient data,DE,0,184,insufficient data,1,0.2035466331704299,0.2035466331704299,8,52,1086,0,NA,FALSE,FALSE
bup_pin,defoliator,C,lym_dis,defoliator,0.19149794648436289,0.16042168720078953,insufficient data,DE,48.61878453038674,161,insufficient data,1,0.19149794648436289,0.19149794648436289,7,22,1086,528,"AT,BG,CZ,HR,HU,LT,RO,RS,SK",FALSE,FALSE
bup_pin,defoliator,C,tet_spp,borer,0.18382826153365703,0.06397185973672523,insufficient data,DE,0,115,insufficient data,1,0.18382826153365703,0.18382826153365703,5,14,1086,0,NA,FALSE,FALSE
bup_pin,defoliator,C,geo_db,defoliator,0.1837680358682625,0.09505329230592009,inconsistent,"DE,PL",8.011049723756907,395,consistent,2,-0.02438160056889732,0.2698449531919001,19,93,1086,87,"BG,HR,LT,RO",FALSE,FALSE
bup_pin,defoliator,C,tor_vir,defoliator,0.16669179263283912,0.03317541907395925,consistent,"DE,PL",6.3535911602209945,441,consistent,2,0.14605715739512298,0.20233343531616693,21,93,1086,69,"BG,LT,RO",FALSE,FALSE
bup_pin,defoliator,C,agr_vir,borer,-0.15322996158086244,0.09805573687825081,insufficient data,DE,0,138,insufficient data,1,-0.15322996158086244,-0.15322996158086244,6,5,1086,0,NA,FALSE,FALSE
bup_pin,defoliator,C,pit_bid,borer,0.11893758063975918,0.018713921509468896,insufficient data,DE,0,92,insufficient data,1,0.11893758063975918,0.11893758063975918,4,26,1086,0,NA,FALSE,FALSE
bup_pin,defoliator,C,sco_sco,borer,0.11569773106173332,-0.06079191358226157,insufficient data,DE,2.117863720073665,69,insufficient data,1,0.11569773106173332,0.11569773106173332,3,13,1086,23,LT,FALSE,FALSE
bup_pin,defoliator,C,pri_abi,defoliator,0.11207858376349693,0.06678225045212864,insufficient data,DE,16.94290976058932,161,insufficient data,1,0.11207858376349693,0.11207858376349693,7,18,1086,184,CZ,FALSE,FALSE
bup_pin,defoliator,C,neo_ser,defoliator,-0.1060048844379545,-0.23913352651317754,insufficient data,DE,18.60036832412523,46,insufficient data,1,-0.1060048844379545,-0.1060048844379545,2,3,1086,202,"BG,CZ",TRUE,FALSE
bup_pin,defoliator,C,pit_spp,borer,-0.10279297904618881,-0.005578980430831058,insufficient data,DE,38.58195211786372,46,insufficient data,1,-0.10279297904618881,-0.10279297904618881,2,4,1086,419,"AT,CZ,HR,SI",FALSE,FALSE
bup_pin,defoliator,C,sco_int,borer,-0.09181098423318342,0.11327495137148205,insufficient data,DE,16.94290976058932,115,insufficient data,1,-0.09181098423318342,-0.09181098423318342,5,20,1086,184,CZ,FALSE,FALSE
bup_pin,defoliator,C,ips_typ,borer,0.08722043139296448,0.1009308933947239,inconsistent,"DE,PL",73.94106813996316,464,consistent,2,-0.0037980783962560313,0.22478249732440003,22,159,1086,803,"AT,BG,CH,CZ,FI,HR,HU,IT,LT,RO,RS,SE,SI,SK",FALSE,FALSE
bup_pin,defoliator,C,tha_pro,defoliator,0.06135750591113279,0.18293768798397453,insufficient data,DE,0,161,insufficient data,1,0.06135750591113279,0.06135750591113279,7,27,1086,0,NA,FALSE,FALSE
bup_pin,defoliator,C,era_def,defoliator,-0.06018925444776836,-0.15035345783004817,insufficient data,DE,0,161,insufficient data,1,-0.06018925444776836,-0.06018925444776836,7,12,1086,0,NA,FALSE,FALSE
bup_pin,defoliator,C,sco_rat,borer,-0.058508791031153064,0.09162273991430481,insufficient data,DE,19.060773480662984,69,insufficient data,1,-0.058508791031153064,-0.058508791031153064,3,17,1086,207,"CZ,LT",FALSE,FALSE
bup_pin,defoliator,C,zei_gri,defoliator,0.05686098573937332,-0.12454896903754606,insufficient data,DE,16.94290976058932,23,insufficient data,1,0.05686098573937332,0.05686098573937332,1,1,1086,184,CZ,FALSE,FALSE
bup_pin,defoliator,C,uro_sir_spp,borer,0.03649087514490206,0.19310918142277236,insufficient data,DE,0,46,insufficient data,1,0.03649087514490206,0.03649087514490206,2,4,1086,0,NA,FALSE,FALSE
bup_pin,defoliator,C,Def_dec,defoliator,-0.002263108920180249,0.07879416376747848,insufficient data,DE,0,46,insufficient data,1,-0.002263108920180249,-0.002263108920180249,2,1,1086,0,NA,FALSE,TRUE
bup_pin,defoliator,C,cep_spp,defoliator,NA,NA,insufficient data,NA,16.94290976058932,0,insufficient data,0,NA,NA,0,0,1086,184,CZ,FALSE,FALSE
bup_pin,defoliator,C,clo_ana,defoliator,NA,NA,insufficient data,NA,2.117863720073665,0,insufficient data,0,NA,NA,0,0,1086,23,RO,FALSE,FALSE
bup_pin,defoliator,C,den_mic,borer,NA,NA,insufficient data,NA,19.060773480662984,0,insufficient data,0,NA,NA,0,0,1086,207,"CZ,LT",FALSE,FALSE
bup_pin,defoliator,C,ips_dup,borer,NA,NA,insufficient data,NA,20.902394106813997,0,insufficient data,0,NA,NA,0,0,1086,227,"CZ,RO,SK",FALSE,FALSE
bup_pin,defoliator,C,pol_pol,borer,NA,NA,insufficient data,NA,19.060773480662984,0,insufficient data,0,NA,NA,0,0,1086,207,"CZ,LT",FALSE,FALSE
bup_pin,defoliator,C,CambXyl_con&BB_con&SM,borer,NA,NA,insufficient data,NA,0,0,insufficient data,0,NA,NA,0,0,1086,0,NA,FALSE,TRUE
bup_pin,defoliator,C,CambXyl_con&BO,borer,NA,NA,insufficient data,NA,2.117863720073665,0,insufficient data,0,NA,NA,0,0,1086,23,SI,FALSE,TRUE
bup_pin,defoliator,C,CambXyl_con&MD,borer,NA,NA,insufficient data,NA,16.94290976058932,0,insufficient data,0,NA,NA,0,0,1086,184,CZ,FALSE,TRUE
cep_spp,defoliator,B,pri_abi,defoliator,0.4241814920248439,0.12612148265679052,insufficient data,CZ,21.73913043478261,138,insufficient data,1,0.4241814920248439,0.4241814920248439,6,73,1587,345,DE,FALSE,FALSE
cep_spp,defoliator,B,ips_typ,borer,-0.3086505720179531,-0.02616608065951862,insufficient data,CZ,82.1676118462508,161,insufficient data,1,-0.3086505720179531,-0.3086505720179531,7,96,1587,1304,"AT,BG,CH,DE,FI,HR,HU,IT,LT,PL,RO,RS,SE,SI,SK",FALSE,FALSE
cep_spp,defoliator,B,pit_spp,borer,-0.30151873422441144,0.03039584992183645,insufficient data,CZ,36.54694391934468,161,insufficient data,1,-0.30151873422441144,-0.30151873422441144,7,76,1587,580,"AT,DE,HR,SI",FALSE,FALSE
cep_spp,defoliator,C,tet_gab,borer,0.30764492106557895,0.016658869560927415,insufficient data,CZ,33.648393194707,46,insufficient data,1,0.30764492106557895,0.30764492106557895,2,4,1587,534,"AT,DE",FALSE,FALSE
cep_spp,defoliator,C,sco_rat,borer,-0.2803473165745918,-0.10696378723344588,insufficient data,CZ,23.18840579710145,161,insufficient data,1,-0.2803473165745918,-0.2803473165745918,7,44,1587,368,"DE,LT",FALSE,FALSE
cep_spp,defoliator,C,ips_dup,borer,-0.26750068839798585,-0.0017580498669795578,insufficient data,CZ,2.7095148078134845,161,insufficient data,1,-0.26750068839798585,-0.26750068839798585,7,91,1587,43,"RO,SK",FALSE,FALSE
cep_spp,defoliator,C,pan_fla,defoliator,-0.2632700447611223,-0.05715559293193709,insufficient data,CZ,44.6124763705104,23,insufficient data,1,-0.2632700447611223,-0.2632700447611223,1,0,1587,708,"DE,LT,PL",FALSE,FALSE
cep_spp,defoliator,C,ips_sex,borer,-0.18201932465111778,0.08805333306016584,insufficient data,CZ,22.873345935727787,161,insufficient data,1,-0.18201932465111778,-0.18201932465111778,7,88,1587,363,"BG,DE",FALSE,FALSE
cep_spp,defoliator,C,tom_spp,borer,-0.18084574632645886,0.05120724137194832,insufficient data,CZ,56.52173913043478,161,insufficient data,1,-0.18084574632645886,-0.18084574632645886,7,94,1587,897,"AT,DE,LT,PL",FALSE,FALSE
cep_spp,defoliator,C,lym_mon,defoliator,0.14391281355955865,-0.027380932213092766,insufficient data,CZ,44.6124763705104,138,insufficient data,1,0.14391281355955865,0.14391281355955865,6,65,1587,708,"DE,LT,PL",FALSE,FALSE
cep_spp,defoliator,C,sco_int,borer,-0.13321963715066498,-7.198082737877167e-4,insufficient data,CZ,21.73913043478261,161,insufficient data,1,-0.13321963715066498,-0.13321963715066498,7,55,1587,345,DE,FALSE,FALSE
cep_spp,defoliator,C,ips_acu,borer,-0.1323541372395329,0.06650830067615235,insufficient data,CZ,47.13295526149968,161,insufficient data,1,-0.1323541372395329,-0.1323541372395329,7,92,1587,748,"BG,DE,LT,PL,SK",FALSE,FALSE
cep_spp,defoliator,C,den_mic,borer,-0.10852937104017223,-0.21414966357968376,insufficient data,CZ,23.18840579710145,23,insufficient data,1,-0.10852937104017223,-0.10852937104017223,1,0,1587,368,"DE,LT",TRUE,FALSE
cep_spp,defoliator,C,CambXyl_con&MD,borer,-0.08729467552807127,0.04762577168463433,insufficient data,CZ,21.73913043478261,161,insufficient data,1,-0.08729467552807127,-0.08729467552807127,7,77,1587,345,DE,FALSE,TRUE
cep_spp,defoliator,C,pha_cya,borer,-0.08165632095752541,0.07448715749046723,insufficient data,CZ,56.52173913043478,161,insufficient data,1,-0.08165632095752541,-0.08165632095752541,7,86,1587,897,"AT,DE,LT,PL",FALSE,FALSE
cep_spp,defoliator,C,Def_dec&DB,defoliator,0.0623217714086977,-0.1396443899941075,insufficient data,CZ,33.648393194707,161,insufficient data,1,0.0623217714086977,0.0623217714086977,7,74,1587,534,"AT,DE",FALSE,TRUE
cep_spp,defoliator,C,neo_ser,defoliator,-0.05881882010846213,-0.12761408222244616,insufficient data,CZ,22.873345935727787,46,insufficient data,1,-0.05881882010846213,-0.05881882010846213,2,1,1587,363,"BG,DE",FALSE,FALSE
cep_spp,defoliator,C,lym_dis,defoliator,-0.048900388515316244,0.10984739518487717,insufficient data,CZ,43.41524889729048,115,insufficient data,1,-0.048900388515316244,-0.048900388515316244,5,7,1587,689,"AT,BG,DE,HR,HU,LT,RO,RS,SK",FALSE,FALSE
cep_spp,defoliator,C,zei_gri,defoliator,0.03014999269485231,0.045621696807565074,insufficient data,CZ,21.73913043478261,161,insufficient data,1,0.03014999269485231,0.03014999269485231,7,53,1587,345,DE,FALSE,FALSE
cep_spp,defoliator,C,pol_pol,borer,0.01702239275412908,0.019969424062831954,insufficient data,CZ,1.4492753623188406,161,insufficient data,1,0.01702239275412908,0.01702239275412908,7,84,1587,23,LT,FALSE,FALSE
cep_spp,defoliator,C,clo_ana,defoliator,NA,NA,insufficient data,NA,1.4492753623188406,0,insufficient data,0,NA,NA,0,0,1587,23,RO,FALSE,FALSE
cep_spp,defoliator,C,den_pin,defoliator,NA,NA,insufficient data,NA,44.6124763705104,0,insufficient data,0,NA,NA,0,0,1587,708,"DE,LT,PL",FALSE,FALSE
cep_spp,defoliator,C,dip_sp,defoliator,NA,NA,insufficient data,NA,56.52173913043478,0,insufficient data,0,NA,NA,0,0,1587,897,"AT,DE,LT,PL",FALSE,FALSE
cep_spp,defoliator,C,era_def,defoliator,NA,NA,insufficient data,NA,21.73913043478261,0,insufficient data,0,NA,NA,0,0,1587,345,DE,FALSE,FALSE
cep_spp,defoliator,C,geo_db,defoliator,NA,NA,insufficient data,NA,48.645242596093254,0,insufficient data,0,NA,NA,0,0,1587,772,"BG,DE,HR,LT,PL,RO",FALSE,FALSE
cep_spp,defoliator,C,ips_ami,borer,NA,NA,insufficient data,NA,21.73913043478261,0,insufficient data,0,NA,NA,0,0,1587,345,DE,FALSE,FALSE
cep_spp,defoliator,C,ips_cem,borer,NA,NA,insufficient data,NA,21.73913043478261,0,insufficient data,0,NA,NA,0,0,1587,345,DE,FALSE,FALSE
cep_spp,defoliator,C,mel_spp,defoliator,NA,NA,insufficient data,NA,43.16320100819156,0,insufficient data,0,NA,NA,0,0,1587,685,"DE,PL",FALSE,FALSE
cep_spp,defoliator,C,ope_spp,defoliator,NA,NA,insufficient data,NA,21.73913043478261,0,insufficient data,0,NA,NA,0,0,1587,345,DE,FALSE,FALSE
cep_spp,defoliator,C,pis_pin,borer,NA,NA,insufficient data,NA,23.18840579710145,0,insufficient data,0,NA,NA,0,0,1587,368,"DE,LT",FALSE,FALSE
cep_spp,defoliator,C,pit_bid,borer,NA,NA,insufficient data,NA,21.73913043478261,0,insufficient data,0,NA,NA,0,0,1587,345,DE,FALSE,FALSE
cep_spp,defoliator,C,pit_cha,borer,NA,NA,insufficient data,NA,39.38248267170763,0,insufficient data,0,NA,NA,0,0,1587,625,"AT,DE,IT,LT,SI,SK",FALSE,FALSE
cep_spp,defoliator,C,sap_car,borer,NA,NA,insufficient data,NA,21.73913043478261,0,insufficient data,0,NA,NA,0,0,1587,345,DE,FALSE,FALSE
cep_spp,defoliator,C,sco_sco,borer,NA,NA,insufficient data,NA,23.18840579710145,0,insufficient data,0,NA,NA,0,0,1587,368,"DE,LT",FALSE,FALSE
cep_spp,defoliator,C,tet_spp,borer,NA,NA,insufficient data,NA,21.73913043478261,0,insufficient data,0,NA,NA,0,0,1587,345,DE,FALSE,FALSE
cep_spp,defoliator,C,tha_pit,defoliator,NA,NA,insufficient data,NA,24.322621298046627,0,insufficient data,0,NA,NA,0,0,1587,386,"BG,DE,HR",FALSE,FALSE
cep_spp,defoliator,C,tha_pro,defoliator,NA,NA,insufficient data,NA,21.73913043478261,0,insufficient data,0,NA,NA,0,0,1587,345,DE,FALSE,FALSE
cep_spp,defoliator,C,tor_vir,defoliator,NA,NA,insufficient data,NA,47.51102709514808,0,insufficient data,0,NA,NA,0,0,1587,754,"BG,DE,LT,PL,RO",FALSE,FALSE
cep_spp,defoliator,C,uro_sir_spp,borer,NA,NA,insufficient data,NA,21.73913043478261,0,insufficient data,0,NA,NA,0,0,1587,345,DE,FALSE,FALSE
cep_spp,defoliator,C,xyl_lin,borer,NA,NA,insufficient data,NA,21.73913043478261,0,insufficient data,0,NA,NA,0,0,1587,345,DE,FALSE,FALSE
cep_spp,defoliator,C,xyl_spp,borer,NA,NA,insufficient data,NA,21.73913043478261,0,insufficient data,0,NA,NA,0,0,1587,345,DE,FALSE,FALSE
cep_spp,defoliator,C,CambXyl_con&BB_con&BO,borer,NA,NA,insufficient data,NA,35.097668557025834,0,insufficient data,0,NA,NA,0,0,1587,557,"AT,DE,HR",FALSE,TRUE
cep_spp,defoliator,C,CambXyl_con&BB_con&SM,borer,NA,NA,insufficient data,NA,21.73913043478261,0,insufficient data,0,NA,NA,0,0,1587,345,DE,FALSE,TRUE
cep_spp,defoliator,C,CambXyl_con&BO,borer,NA,NA,insufficient data,NA,23.18840579710145,0,insufficient data,0,NA,NA,0,0,1587,368,"DE,SI",FALSE,TRUE
cep_spp,defoliator,C,Def_dec,defoliator,NA,NA,insufficient data,NA,21.73913043478261,0,insufficient data,0,NA,NA,0,0,1587,345,DE,FALSE,TRUE
cep_spp,defoliator,C,agr_big,borer,NA,NA,insufficient data,NA,43.16320100819156,0,insufficient data,0,NA,NA,0,0,1587,685,"DE,PL",FALSE,FALSE
cep_spp,defoliator,C,agr_vir,borer,NA,NA,insufficient data,NA,21.73913043478261,0,insufficient data,0,NA,NA,0,0,1587,345,DE,FALSE,FALSE
cep_spp,defoliator,C,bup_pin,defoliator,NA,NA,insufficient data,NA,43.16320100819156,0,insufficient data,0,NA,NA,0,0,1587,685,"DE,PL",FALSE,FALSE
clo_ana,defoliator,C,tor_vir,defoliator,-0.5616943032115271,NA,insufficient data,RO,41.81922196796339,23,insufficient data,1,-0.5616943032115271,-0.5616943032115271,1,2,1748,731,"BG,DE,LT,PL",FALSE,FALSE
clo_ana,defoliator,C,ips_dup,borer,0.5583304608419918,NA,insufficient data,RO,11.727688787185354,22,insufficient data,1,0.5583304608419918,0.5583304608419918,1,3,1748,205,"CZ,SK",FALSE,FALSE
clo_ana,defoliator,C,geo_db,defoliator,-0.3995241449660467,NA,insufficient data,RO,42.848970251716246,23,insufficient data,1,-0.3995241449660467,-0.3995241449660467,1,1,1748,749,"BG,DE,HR,LT,PL",FALSE,FALSE
clo_ana,defoliator,C,ips_typ,borer,-0.3055440512168623,NA,insufficient data,RO,83.86727688787185,22,insufficient data,1,-0.3055440512168623,-0.3055440512168623,1,3,1748,1466,"AT,BG,CH,CZ,DE,FI,HR,HU,IT,LT,PL,RS,SE,SI,SK",FALSE,FALSE
clo_ana,defoliator,C,lym_dis,defoliator,0.018086008169012586,NA,insufficient data,RO,48.62700228832952,23,insufficient data,1,0.018086008169012586,0.018086008169012586,1,4,1748,850,"AT,BG,CZ,DE,HR,HU,LT,RS,SK",FALSE,FALSE
clo_ana,defoliator,C,den_mic,borer,NA,NA,insufficient data,NA,31.57894736842105,0,insufficient data,0,NA,NA,0,0,1748,552,"CZ,DE,LT",FALSE,FALSE
clo_ana,defoliator,C,den_pin,defoliator,NA,NA,insufficient data,NA,40.503432494279174,0,insufficient data,0,NA,NA,0,0,1748,708,"DE,LT,PL",FALSE,FALSE
clo_ana,defoliator,C,dip_sp,defoliator,NA,NA,insufficient data,NA,51.31578947368421,0,insufficient data,0,NA,NA,0,0,1748,897,"AT,DE,LT,PL",FALSE,FALSE
clo_ana,defoliator,C,era_def,defoliator,NA,NA,insufficient data,NA,19.736842105263158,0,insufficient data,0,NA,NA,0,0,1748,345,DE,FALSE,FALSE
clo_ana,defoliator,C,ips_acu,borer,NA,NA,insufficient data,NA,53.318077803203664,0,insufficient data,0,NA,NA,0,0,1748,932,"BG,CZ,DE,LT,PL,SK",FALSE,FALSE
clo_ana,defoliator,C,ips_ami,borer,NA,NA,insufficient data,NA,19.736842105263158,0,insufficient data,0,NA,NA,0,0,1748,345,DE,FALSE,FALSE
clo_ana,defoliator,C,ips_cem,borer,NA,NA,insufficient data,NA,19.736842105263158,0,insufficient data,0,NA,NA,0,0,1748,345,DE,FALSE,FALSE
clo_ana,defoliator,C,ips_sex,borer,NA,NA,insufficient data,NA,31.2929061784897,0,insufficient data,0,NA,NA,0,0,1748,547,"BG,CZ,DE",FALSE,FALSE
clo_ana,defoliator,C,lym_mon,defoliator,NA,NA,insufficient data,NA,51.02974828375286,0,insufficient data,0,NA,NA,0,0,1748,892,"CZ,DE,LT,PL",FALSE,FALSE
clo_ana,defoliator,C,mel_spp,defoliator,NA,NA,insufficient data,NA,39.18764302059497,0,insufficient data,0,NA,NA,0,0,1748,685,"DE,PL",FALSE,FALSE
clo_ana,defoliator,C,neo_ser,defoliator,NA,NA,insufficient data,NA,31.2929061784897,0,insufficient data,0,NA,NA,0,0,1748,547,"BG,CZ,DE",FALSE,FALSE
clo_ana,defoliator,C,ope_spp,defoliator,NA,NA,insufficient data,NA,19.736842105263158,0,insufficient data,0,NA,NA,0,0,1748,345,DE,FALSE,FALSE
clo_ana,defoliator,C,pan_fla,defoliator,NA,NA,insufficient data,NA,51.02974828375286,0,insufficient data,0,NA,NA,0,0,1748,892,"CZ,DE,LT,PL",FALSE,FALSE
clo_ana,defoliator,C,pha_cya,borer,NA,NA,insufficient data,NA,61.8421052631579,0,insufficient data,0,NA,NA,0,0,1748,1081,"AT,CZ,DE,LT,PL",FALSE,FALSE
clo_ana,defoliator,C,pis_pin,borer,NA,NA,insufficient data,NA,21.05263157894737,0,insufficient data,0,NA,NA,0,0,1748,368,"DE,LT",FALSE,FALSE
clo_ana,defoliator,C,pit_bid,borer,NA,NA,insufficient data,NA,19.736842105263158,0,insufficient data,0,NA,NA,0,0,1748,345,DE,FALSE,FALSE
clo_ana,defoliator,C,pit_cha,borer,NA,NA,insufficient data,NA,35.755148741418765,0,insufficient data,0,NA,NA,0,0,1748,625,"AT,DE,IT,LT,SI,SK",FALSE,FALSE
clo_ana,defoliator,C,pit_spp,borer,NA,NA,insufficient data,NA,43.7070938215103,0,insufficient data,0,NA,NA,0,0,1748,764,"AT,CZ,DE,HR,SI",FALSE,FALSE
clo_ana,defoliator,C,pol_pol,borer,NA,NA,insufficient data,NA,11.842105263157896,0,insufficient data,0,NA,NA,0,0,1748,207,"CZ,LT",FALSE,FALSE
clo_ana,defoliator,C,pri_abi,defoliator,NA,NA,insufficient data,NA,30.263157894736842,0,insufficient data,0,NA,NA,0,0,1748,529,"CZ,DE",FALSE,FALSE
clo_ana,defoliator,C,sap_car,borer,NA,NA,insufficient data,NA,19.736842105263158,0,insufficient data,0,NA,NA,0,0,1748,345,DE,FALSE,FALSE
clo_ana,defoliator,C,sco_int,borer,NA,NA,insufficient data,NA,30.263157894736842,0,insufficient data,0,NA,NA,0,0,1748,529,"CZ,DE",FALSE,FALSE
clo_ana,defoliator,C,sco_rat,borer,NA,NA,insufficient data,NA,31.57894736842105,0,insufficient data,0,NA,NA,0,0,1748,552,"CZ,DE,LT",FALSE,FALSE
clo_ana,defoliator,C,sco_sco,borer,NA,NA,insufficient data,NA,21.05263157894737,0,insufficient data,0,NA,NA,0,0,1748,368,"DE,LT",FALSE,FALSE
clo_ana,defoliator,C,tet_gab,borer,NA,NA,insufficient data,NA,41.075514874141874,0,insufficient data,0,NA,NA,0,0,1748,718,"AT,CZ,DE",FALSE,FALSE
clo_ana,defoliator,C,tet_spp,borer,NA,NA,insufficient data,NA,19.736842105263158,0,insufficient data,0,NA,NA,0,0,1748,345,DE,FALSE,FALSE
clo_ana,defoliator,C,tha_pit,defoliator,NA,NA,insufficient data,NA,22.08237986270023,0,insufficient data,0,NA,NA,0,0,1748,386,"BG,DE,HR",FALSE,FALSE
clo_ana,defoliator,C,tha_pro,defoliator,NA,NA,insufficient data,NA,19.736842105263158,0,insufficient data,0,NA,NA,0,0,1748,345,DE,FALSE,FALSE
clo_ana,defoliator,C,tom_spp,borer,NA,NA,insufficient data,NA,61.8421052631579,0,insufficient data,0,NA,NA,0,0,1748,1081,"AT,CZ,DE,LT,PL",FALSE,FALSE
clo_ana,defoliator,C,uro_sir_spp,borer,NA,NA,insufficient data,NA,19.736842105263158,0,insufficient data,0,NA,NA,0,0,1748,345,DE,FALSE,FALSE
clo_ana,defoliator,C,xyl_lin,borer,NA,NA,insufficient data,NA,19.736842105263158,0,insufficient data,0,NA,NA,0,0,1748,345,DE,FALSE,FALSE
clo_ana,defoliator,C,xyl_spp,borer,NA,NA,insufficient data,NA,19.736842105263158,0,insufficient data,0,NA,NA,0,0,1748,345,DE,FALSE,FALSE
clo_ana,defoliator,C,zei_gri,defoliator,NA,NA,insufficient data,NA,30.263157894736842,0,insufficient data,0,NA,NA,0,0,1748,529,"CZ,DE",FALSE,FALSE
clo_ana,defoliator,C,CambXyl_con&BB_con&BO,borer,NA,NA,insufficient data,NA,31.8649885583524,0,insufficient data,0,NA,NA,0,0,1748,557,"AT,DE,HR",FALSE,TRUE
clo_ana,defoliator,C,CambXyl_con&BB_con&SM,borer,NA,NA,insufficient data,NA,19.736842105263158,0,insufficient data,0,NA,NA,0,0,1748,345,DE,FALSE,TRUE
clo_ana,defoliator,C,CambXyl_con&BO,borer,NA,NA,insufficient data,NA,21.05263157894737,0,insufficient data,0,NA,NA,0,0,1748,368,"DE,SI",FALSE,TRUE
clo_ana,defoliator,C,CambXyl_con&MD,borer,NA,NA,insufficient data,NA,30.263157894736842,0,insufficient data,0,NA,NA,0,0,1748,529,"CZ,DE",FALSE,TRUE
clo_ana,defoliator,C,Def_dec,defoliator,NA,NA,insufficient data,NA,19.736842105263158,0,insufficient data,0,NA,NA,0,0,1748,345,DE,FALSE,TRUE
clo_ana,defoliator,C,Def_dec&DB,defoliator,NA,NA,insufficient data,NA,41.075514874141874,0,insufficient data,0,NA,NA,0,0,1748,718,"AT,CZ,DE",FALSE,TRUE
clo_ana,defoliator,C,agr_big,borer,NA,NA,insufficient data,NA,39.18764302059497,0,insufficient data,0,NA,NA,0,0,1748,685,"DE,PL",FALSE,FALSE
clo_ana,defoliator,C,agr_vir,borer,NA,NA,insufficient data,NA,19.736842105263158,0,insufficient data,0,NA,NA,0,0,1748,345,DE,FALSE,FALSE
clo_ana,defoliator,C,bup_pin,defoliator,NA,NA,insufficient data,NA,39.18764302059497,0,insufficient data,0,NA,NA,0,0,1748,685,"DE,PL",FALSE,FALSE
clo_ana,defoliator,C,cep_spp,defoliator,NA,NA,insufficient data,NA,10.526315789473685,0,insufficient data,0,NA,NA,0,0,1748,184,CZ,FALSE,FALSE
den_mic,borer,C,agr_vir,borer,0.7693546402599964,0.46285670928406475,insufficient data,DE,0,23,insufficient data,1,0.7693546402599964,0.7693546402599964,1,1,1219,0,NA,TRUE,FALSE
den_mic,borer,C,Def_dec&DB,defoliator,0.44936409809977634,0.18521554826543662,insufficient data,CZ,15.504511894995899,23,insufficient data,1,0.44936409809977634,0.44936409809977634,1,1,1219,189,AT,FALSE,TRUE
den_mic,borer,C,den_pin,defoliator,0.4329575969819365,0.3628995278157773,insufficient data,LT,27.891714520098443,23,insufficient data,1,0.4329575969819365,0.4329575969819365,1,3,1219,340,PL,TRUE,FALSE
den_mic,borer,C,ips_dup,borer,-0.4087510131576323,-0.015864476295679865,insufficient data,CZ,3.527481542247744,23,insufficient data,1,-0.4087510131576323,-0.4087510131576323,1,1,1219,43,"RO,SK",FALSE,FALSE
den_mic,borer,C,pri_abi,defoliator,0.4021470672164959,0.2792030218344123,insufficient data,CZ,0,23,insufficient data,1,0.4021470672164959,0.4021470672164959,1,1,1219,0,NA,TRUE,FALSE
den_mic,borer,C,tet_spp,borer,0.3388119209471302,0.19054847186370905,insufficient data,DE,0,23,insufficient data,1,0.3388119209471302,0.3388119209471302,1,1,1219,0,NA,FALSE,FALSE
den_mic,borer,C,ips_cem,borer,0.2775572961866366,0.05787424030516142,insufficient data,DE,0,23,insufficient data,1,0.2775572961866366,0.2775572961866366,1,1,1219,0,NA,FALSE,FALSE
den_mic,borer,C,lym_dis,defoliator,0.27699953281394063,0.3900694804057316,insufficient data,LT,26.333059885151762,23,insufficient data,1,0.27699953281394063,0.27699953281394063,1,3,1219,321,"AT,BG,HR,HU,RO,RS,SK",TRUE,FALSE
den_mic,borer,C,geo_db,defoliator,-0.27284088622532837,-0.1836027918670495,insufficient data,LT,33.141919606234616,23,insufficient data,1,-0.27284088622532837,-0.27284088622532837,1,0,1219,404,"BG,HR,PL,RO",FALSE,FALSE
den_mic,borer,C,agr_big,borer,0.24910932455580456,-0.06790179828938255,insufficient data,DE,27.891714520098443,23,insufficient data,1,0.24910932455580456,0.24910932455580456,1,1,1219,340,PL,FALSE,FALSE
den_mic,borer,C,pol_pol,borer,-0.2456644615835504,-0.049782340972290076,consistent,"CZ,LT",0,46,consistent,2,-0.36333229591381244,-0.12799662725328836,2,5,1219,0,NA,FALSE,FALSE
den_mic,borer,C,tet_gab,borer,0.22979319190479602,0.15851258491898337,insufficient data,DE,15.504511894995899,23,insufficient data,1,0.22979319190479602,0.22979319190479602,1,1,1219,189,AT,FALSE,FALSE
den_mic,borer,C,pis_pin,borer,0.2296257921084678,0.48120156272417014,insufficient data,LT,0,23,insufficient data,1,0.2296257921084678,0.2296257921084678,1,5,1219,0,NA,TRUE,FALSE
den_mic,borer,C,lym_mon,defoliator,-0.20031172025825586,-0.1388196421736729,insufficient data,LT,27.891714520098443,23,insufficient data,1,-0.20031172025825586,-0.20031172025825586,1,1,1219,340,PL,FALSE,FALSE
den_mic,borer,C,dip_sp,defoliator,0.18673725823522513,0.17087731286025445,insufficient data,LT,43.39622641509434,23,insufficient data,1,0.18673725823522513,0.18673725823522513,1,1,1219,529,"AT,PL",FALSE,FALSE
den_mic,borer,C,ips_ami,borer,-0.16489564030321066,-0.10143782374342952,insufficient data,DE,0,23,insufficient data,1,-0.16489564030321066,-0.16489564030321066,1,0,1219,0,NA,FALSE,FALSE
den_mic,borer,C,pit_cha,borer,0.12967312900881206,0.1812541194079019,consistent,"DE,LT",21.082854799015585,46,inconsistent,2,0.10699140839064299,0.15235484962698115,2,6,1219,257,"AT,IT,SI,SK",FALSE,FALSE
den_mic,borer,C,ips_sex,borer,-0.12639434103572164,-0.16790614831337972,insufficient data,CZ,1.4766201804758,23,insufficient data,1,-0.12639434103572164,-0.12639434103572164,1,1,1219,18,BG,FALSE,FALSE
den_mic,borer,C,ips_typ,borer,-0.1161791207461158,-0.10834254974707432,inconsistent,"CZ,DE,LT",76.78424938474159,69,inconsistent,3,-0.3331588770129552,0.1889622729404412,3,7,1219,936,"AT,BG,CH,FI,HR,HU,IT,PL,RO,RS,SE,SI,SK",FALSE,FALSE
den_mic,borer,C,era_def,defoliator,-0.11215048658060106,-0.10374176783986326,insufficient data,DE,0,23,insufficient data,1,-0.11215048658060106,-0.11215048658060106,1,0,1219,0,NA,FALSE,FALSE
den_mic,borer,C,ope_spp,defoliator,-0.11206835021885247,-0.11019697753066098,insufficient data,DE,0,23,insufficient data,1,-0.11206835021885247,-0.11206835021885247,1,0,1219,0,NA,FALSE,FALSE
den_mic,borer,C,cep_spp,defoliator,-0.10852937104017223,-0.21414966357968376,insufficient data,CZ,0,23,insufficient data,1,-0.10852937104017223,-0.10852937104017223,1,0,1219,0,NA,TRUE,FALSE
den_mic,borer,C,pha_cya,borer,-0.10591108390854956,-0.12493517863330496,consistent,"CZ,DE,LT",43.39622641509434,69,consistent,3,-0.2263242758434149,-0.04545454545454546,3,1,1219,529,"AT,PL",FALSE,FALSE
den_mic,borer,C,zei_gri,defoliator,-0.0968452048716532,-0.04583028215035987,insufficient data,CZ,0,23,insufficient data,1,-0.0968452048716532,-0.0968452048716532,1,0,1219,0,NA,FALSE,FALSE
den_mic,borer,C,sco_sco,borer,-0.09456034591249297,-0.1528663043805217,consistent,"DE,LT",0,46,consistent,2,-0.11080092043032796,-0.07831977139465801,2,0,1219,0,NA,FALSE,FALSE
den_mic,borer,C,xyl_spp,borer,-0.0825349731013383,-0.26058085612194787,insufficient data,DE,0,23,insufficient data,1,-0.0825349731013383,-0.0825349731013383,1,0,1219,0,NA,TRUE,FALSE
den_mic,borer,C,pit_spp,borer,0.0650932592453634,0.18693051075276026,insufficient data,CZ,19.278096800656275,23,insufficient data,1,0.0650932592453634,0.0650932592453634,1,1,1219,235,"AT,HR,SI",FALSE,FALSE
den_mic,borer,C,tor_vir,defoliator,-0.052440742082064465,0.015665922581245335,inconsistent,"DE,LT",31.665299425758818,46,consistent,2,-0.12516787374240565,0.02028638957827671,2,4,1219,386,"BG,PL,RO",FALSE,FALSE
den_mic,borer,C,tha_pro,defoliator,-0.04545454545454546,-0.019381192532603283,insufficient data,DE,0,23,insufficient data,1,-0.04545454545454546,-0.04545454545454546,1,0,1219,0,NA,FALSE,FALSE
den_mic,borer,C,uro_sir_spp,borer,-0.045454545454545456,-0.05519511730711038,insufficient data,DE,0,23,insufficient data,1,-0.045454545454545456,-0.045454545454545456,1,0,1219,0,NA,FALSE,FALSE
den_mic,borer,C,xyl_lin,borer,-0.03725343431019633,-0.3259775661906663,insufficient data,DE,0,23,insufficient data,1,-0.03725343431019633,-0.03725343431019633,1,1,1219,0,NA,TRUE,FALSE
den_mic,borer,C,pan_fla,defoliator,-0.02412422073911762,-0.3399381751528617,insufficient data,LT,27.891714520098443,23,insufficient data,1,-0.02412422073911762,-0.02412422073911762,1,1,1219,340,PL,TRUE,FALSE
den_mic,borer,C,sco_rat,borer,-0.02221613819249527,0.11717053809521469,inconsistent,"CZ,LT",0,46,inconsistent,2,-0.24488547236783853,0.20045319598284797,2,2,1219,0,NA,FALSE,FALSE
den_mic,borer,C,CambXyl_con&MD,borer,-0.019165484321685695,0.07475747991834208,insufficient data,CZ,0,23,insufficient data,1,-0.019165484321685695,-0.019165484321685695,1,1,1219,0,NA,FALSE,TRUE
den_mic,borer,C,tom_spp,borer,-0.009566237449802648,-0.04959613697135544,inconsistent,"CZ,DE,LT",43.39622641509434,69,inconsistent,3,-0.1066760727580237,0.14376310824619606,3,6,1219,529,"AT,PL",FALSE,FALSE
den_mic,borer,C,sco_int,borer,0.006152597081615267,-0.162797412987614,inconsistent,"CZ,DE",0,46,inconsistent,2,-0.045454545454545456,0.057759739617775994,2,1,1219,0,NA,FALSE,FALSE
den_mic,borer,C,ips_acu,borer,0.005844293675881043,0.10727102911460065,inconsistent,"CZ,LT",31.17309269893355,46,inconsistent,2,-0.01390889014080843,0.02559747749257052,2,6,1219,380,"BG,PL,SK",FALSE,FALSE
den_mic,borer,C,mel_spp,defoliator,NA,NA,insufficient data,NA,27.891714520098443,0,insufficient data,0,NA,NA,0,0,1219,340,PL,FALSE,FALSE
den_mic,borer,C,neo_ser,defoliator,NA,NA,insufficient data,NA,1.4766201804758,0,insufficient data,0,NA,NA,0,0,1219,18,BG,FALSE,FALSE
den_mic,borer,C,pit_bid,borer,NA,NA,insufficient data,NA,0,0,insufficient data,0,NA,NA,0,0,1219,0,NA,FALSE,FALSE
den_mic,borer,C,sap_car,borer,NA,NA,insufficient data,NA,0,0,insufficient data,0,NA,NA,0,0,1219,0,NA,FALSE,FALSE
den_mic,borer,C,tha_pit,defoliator,NA,NA,insufficient data,NA,3.3634126333059884,0,insufficient data,0,NA,NA,0,0,1219,41,"BG,HR",FALSE,FALSE
den_mic,borer,C,CambXyl_con&BB_con&BO,borer,NA,NA,insufficient data,NA,17.391304347826086,0,insufficient data,0,NA,NA,0,0,1219,212,"AT,HR",FALSE,TRUE
den_mic,borer,C,CambXyl_con&BB_con&SM,borer,NA,NA,insufficient data,NA,0,0,insufficient data,0,NA,NA,0,0,1219,0,NA,FALSE,TRUE
den_mic,borer,C,CambXyl_con&BO,borer,NA,NA,insufficient data,NA,1.8867924528301887,0,insufficient data,0,NA,NA,0,0,1219,23,SI,FALSE,TRUE
den_mic,borer,C,Def_dec,defoliator,NA,NA,insufficient data,NA,0,0,insufficient data,0,NA,NA,0,0,1219,0,NA,FALSE,TRUE
den_mic,borer,C,bup_pin,defoliator,NA,NA,insufficient data,NA,27.891714520098443,0,insufficient data,0,NA,NA,0,0,1219,340,PL,FALSE,FALSE
den_mic,borer,C,clo_ana,defoliator,NA,NA,insufficient data,NA,1.8867924528301887,0,insufficient data,0,NA,NA,0,0,1219,23,RO,FALSE,FALSE
den_pin,defoliator,A,pan_fla,defoliator,0.30165047017685614,0.26873983042668587,consistent,"DE,LT,PL",17.30950141110066,395,consistent,3,0.08527791143281638,0.3378993530118463,19,98,1063,184,CZ,TRUE,FALSE
den_pin,defoliator,B,geo_db,defoliator,0.2637857055493073,0.09109003630066766,consistent,"DE,LT,PL",6.020696142991533,395,inconsistent,3,0.11037318158681289,0.3217413779283343,19,117,1063,64,"BG,HR,RO",FALSE,FALSE
den_pin,defoliator,B,sco_rat,borer,0.24020833554626667,0.23628944108650682,consistent,"DE,LT",17.30950141110066,92,inconsistent,2,0.23597493466618627,0.2529085381865079,4,23,1063,184,CZ,TRUE,FALSE
den_pin,defoliator,B,pit_cha,borer,0.2026225356910675,0.09289832632351873,consistent,"DE,LT",24.176857949200375,138,consistent,2,0.19380110107735052,0.24672970875965236,6,38,1063,257,"AT,IT,SI,SK",FALSE,FALSE
den_pin,defoliator,C,tha_pit,defoliator,-0.46113821271489674,-0.26897925311731113,insufficient data,DE,3.857008466603951,23,insufficient data,1,-0.46113821271489674,-0.46113821271489674,1,7,1063,41,"BG,HR",TRUE,FALSE
den_pin,defoliator,C,lym_mon,defoliator,0.4432021899808284,0.32545241558694343,inconsistent,"DE,LT,PL",17.30950141110066,441,inconsistent,3,-0.23544279747501903,0.6196553988827285,21,155,1063,184,CZ,TRUE,FALSE
den_pin,defoliator,C,uro_sir_spp,borer,0.43376798937257055,0.34243082729044355,insufficient data,DE,0,23,insufficient data,1,0.43376798937257055,0.43376798937257055,1,1,1063,0,NA,TRUE,FALSE
den_pin,defoliator,C,den_mic,borer,0.4329575969819365,0.3628995278157773,insufficient data,LT,17.30950141110066,23,insufficient data,1,0.4329575969819365,0.4329575969819365,1,3,1063,184,CZ,TRUE,FALSE
den_pin,defoliator,C,xyl_lin,borer,0.3812946579062535,0.3479276748658103,insufficient data,DE,0,115,insufficient data,1,0.3812946579062535,0.3812946579062535,5,32,1063,0,NA,TRUE,FALSE
den_pin,defoliator,C,bup_pin,defoliator,0.36819042668057694,0.17145503896847253,consistent,"DE,PL",0,375,consistent,2,0.33767165654993553,0.43671893779210813,18,88,1063,0,NA,FALSE,FALSE
den_pin,defoliator,C,ope_spp,defoliator,0.3229249694011392,0.07591529154061515,insufficient data,DE,0,92,insufficient data,1,0.3229249694011392,0.3229249694011392,4,7,1063,0,NA,FALSE,FALSE
den_pin,defoliator,C,dip_sp,defoliator,0.3076445644869295,0.20181818614319008,inconsistent,"DE,LT,PL",17.77986829727187,418,consistent,3,-0.03642366878019748,0.37840950129192014,20,146,1063,189,AT,TRUE,FALSE
den_pin,defoliator,C,pit_bid,borer,0.27182503700044225,0.2655419645703592,insufficient data,DE,0,92,insufficient data,1,0.27182503700044225,0.27182503700044225,4,28,1063,0,NA,TRUE,FALSE
den_pin,defoliator,C,pol_pol,borer,0.24962873584533693,0.009178286409460073,insufficient data,LT,17.30950141110066,23,insufficient data,1,0.24962873584533693,0.24962873584533693,1,5,1063,184,CZ,FALSE,FALSE
den_pin,defoliator,C,ips_cem,borer,0.21790087112659803,0.10604888525086914,insufficient data,DE,0,115,insufficient data,1,0.21790087112659803,0.21790087112659803,5,33,1063,0,NA,FALSE,FALSE
den_pin,defoliator,C,zei_gri,defoliator,-0.19018198491410837,-0.24373345180880454,insufficient data,DE,17.30950141110066,23,insufficient data,1,-0.19018198491410837,-0.19018198491410837,1,0,1063,184,CZ,TRUE,FALSE
den_pin,defoliator,C,lym_dis,defoliator,0.1815382838314081,0.10766108422646027,consistent,"DE,LT",47.50705550329257,115,inconsistent,2,0.1448978169366601,0.3281001514104,5,13,1063,505,"AT,BG,CZ,HR,HU,RO,RS,SK",FALSE,FALSE
den_pin,defoliator,C,agr_big,borer,0.17634488713423768,0.10925446319457996,consistent,"DE,PL",0,395,consistent,2,0.08262993946204511,0.2150991888031895,19,163,1063,0,NA,FALSE,FALSE
den_pin,defoliator,C,tom_spp,borer,0.17421542865867715,0.05025022666767292,consistent,"DE,LT,PL",35.08936970837253,358,consistent,3,0.1369573217192927,0.24627068711258868,17,93,1063,373,"AT,CZ",FALSE,FALSE
den_pin,defoliator,C,ips_ami,borer,0.15747503237031577,0.030463596339687517,insufficient data,DE,0,23,insufficient data,1,0.15747503237031577,0.15747503237031577,1,2,1063,0,NA,FALSE,FALSE
den_pin,defoliator,C,sco_sco,borer,0.15484514219113038,0.08069243278755518,inconsistent,"DE,LT",0,92,inconsistent,2,-0.10889219035958807,0.24275758637470324,4,14,1063,0,NA,FALSE,FALSE
den_pin,defoliator,C,tor_vir,defoliator,0.15219879073042472,0.07563597811273434,consistent,"DE,LT,PL",4.327375352775165,418,inconsistent,3,0.041428962858144076,0.37959623734799103,20,112,1063,46,"BG,RO",FALSE,FALSE
den_pin,defoliator,C,sap_car,borer,-0.15177611257650636,NA,insufficient data,DE,0,23,insufficient data,1,-0.15177611257650636,-0.15177611257650636,1,1,1063,0,NA,FALSE,FALSE
den_pin,defoliator,C,ips_acu,borer,-0.13684989761595842,0.07672876021513125,inconsistent,"DE,LT,PL",21.072436500470367,375,consistent,3,-0.21944001761969778,0.26165127474938976,18,51,1063,224,"BG,CZ,SK",FALSE,FALSE
den_pin,defoliator,C,neo_ser,defoliator,-0.13074981768605018,-0.06159488027376573,insufficient data,DE,19.002822201317027,46,insufficient data,1,-0.13074981768605018,-0.13074981768605018,2,1,1063,202,"BG,CZ",FALSE,FALSE
den_pin,defoliator,C,tha_pro,defoliator,0.1272038513434976,0.1779874224815056,insufficient data,DE,0,92,insufficient data,1,0.1272038513434976,0.1272038513434976,4,16,1063,0,NA,FALSE,FALSE
den_pin,defoliator,C,agr_vir,borer,-0.11679159435643065,0.015019603600368912,insufficient data,DE,0,92,insufficient data,1,-0.11679159435643065,-0.11679159435643065,4,4,1063,0,NA,FALSE,FALSE
den_pin,defoliator,C,ips_typ,borer,0.11541634996122327,0.14019030255820814,consistent,"DE,LT,PL",73.3772342427093,418,consistent,3,0.11291178239412422,0.11586805023171218,20,176,1063,780,"AT,BG,CH,CZ,FI,HR,HU,IT,RO,RS,SE,SI,SK",FALSE,FALSE
den_pin,defoliator,C,mel_spp,defoliator,0.10756913145244507,0.06847194856171247,consistent,"DE,PL",0,372,consistent,2,0.0526025867535625,0.1257535522550829,18,138,1063,0,NA,FALSE,FALSE
den_pin,defoliator,C,pis_pin,borer,0.10567655850645563,0.06507511025975607,consistent,"DE,LT",0,138,consistent,2,0.07352746753019676,0.26642201338774996,6,27,1063,0,NA,FALSE,FALSE
den_pin,defoliator,C,Def_dec&DB,defoliator,-0.10327541499752042,-0.06771424528629427,insufficient data,DE,35.08936970837253,69,insufficient data,1,-0.10327541499752042,-0.10327541499752042,3,5,1063,373,"AT,CZ",FALSE,TRUE
den_pin,defoliator,C,xyl_spp,borer,0.09399678264424874,0.08340177347787014,insufficient data,DE,0,115,insufficient data,1,0.09399678264424874,0.09399678264424874,5,30,1063,0,NA,FALSE,FALSE
den_pin,defoliator,C,pha_cya,borer,0.09301882664157693,-0.014455228356613255,inconsistent,"DE,LT,PL",35.08936970837253,418,inconsistent,3,-0.06389433078886773,0.14659752882044305,20,172,1063,373,"AT,CZ",FALSE,FALSE
den_pin,defoliator,C,Def_dec,defoliator,-0.08850993486026422,0.02851016594869565,insufficient data,DE,0,23,insufficient data,1,-0.08850993486026422,-0.08850993486026422,1,0,1063,0,NA,FALSE,TRUE
den_pin,defoliator,C,era_def,defoliator,0.05236952535273219,0.07931745787121351,insufficient data,DE,0,115,insufficient data,1,0.05236952535273219,0.05236952535273219,5,13,1063,0,NA,FALSE,FALSE
den_pin,defoliator,C,sco_int,borer,-0.04374446867728745,0.1235025645844757,insufficient data,DE,17.30950141110066,92,insufficient data,1,-0.04374446867728745,-0.04374446867728745,4,19,1063,184,CZ,FALSE,FALSE
den_pin,defoliator,C,pri_abi,defoliator,0.028537371259221175,0.0025253354327752294,insufficient data,DE,17.30950141110066,115,insufficient data,1,0.028537371259221175,0.028537371259221175,5,9,1063,184,CZ,FALSE,FALSE
den_pin,defoliator,C,tet_spp,borer,0.017661322080644484,-0.005961082906469549,insufficient data,DE,0,46,insufficient data,1,0.017661322080644484,0.017661322080644484,2,3,1063,0,NA,FALSE,FALSE
den_pin,defoliator,C,ips_sex,borer,0.013074940840131617,0.02300483885573092,insufficient data,DE,19.002822201317027,115,insufficient data,1,0.013074940840131617,0.013074940840131617,5,29,1063,202,"BG,CZ",FALSE,FALSE
den_pin,defoliator,C,tet_gab,borer,0.007299186530976299,0.013837522496242184,insufficient data,DE,35.08936970837253,115,insufficient data,1,0.007299186530976299,0.007299186530976299,5,10,1063,373,"AT,CZ",FALSE,FALSE
den_pin,defoliator,C,ips_dup,borer,NA,NA,insufficient data,NA,21.354656632173096,0,insufficient data,0,NA,NA,0,0,1063,227,"CZ,RO,SK",FALSE,FALSE
den_pin,defoliator,C,pit_spp,borer,NA,NA,insufficient data,NA,39.416745061147694,0,insufficient data,0,NA,NA,0,0,1063,419,"AT,CZ,HR,SI",FALSE,FALSE
den_pin,defoliator,C,CambXyl_con&BB_con&BO,borer,NA,NA,insufficient data,NA,19.943555973659453,0,insufficient data,0,NA,NA,0,0,1063,212,"AT,HR",FALSE,TRUE
den_pin,defoliator,C,CambXyl_con&BB_con&SM,borer,NA,NA,insufficient data,NA,0,0,insufficient data,0,NA,NA,0,0,1063,0,NA,FALSE,TRUE
den_pin,defoliator,C,CambXyl_con&BO,borer,NA,NA,insufficient data,NA,2.1636876763875823,0,insufficient data,0,NA,NA,0,0,1063,23,SI,FALSE,TRUE
den_pin,defoliator,C,CambXyl_con&MD,borer,NA,NA,insufficient data,NA,17.30950141110066,0,insufficient data,0,NA,NA,0,0,1063,184,CZ,FALSE,TRUE
den_pin,defoliator,C,cep_spp,defoliator,NA,NA,insufficient data,NA,17.30950141110066,0,insufficient data,0,NA,NA,0,0,1063,184,CZ,FALSE,FALSE
den_pin,defoliator,C,clo_ana,defoliator,NA,NA,insufficient data,NA,2.1636876763875823,0,insufficient data,0,NA,NA,0,0,1063,23,RO,FALSE,FALSE
dip_sp,defoliator,C,bup_pin,defoliator,0.31976033256971936,0.15959695457220044,consistent,"DE,PL",0,441,consistent,2,0.2985132977335034,0.33206124747489707,21,119,874,0,NA,FALSE,FALSE
dip_sp,defoliator,C,tha_pit,defoliator,-0.31652171728521383,-0.15864719113642348,insufficient data,DE,4.691075514874142,23,insufficient data,1,-0.31652171728521383,-0.31652171728521383,1,11,874,41,"BG,HR",FALSE,FALSE
dip_sp,defoliator,C,den_pin,defoliator,0.3076445644869295,0.20181818614319008,inconsistent,"DE,LT,PL",0,418,consistent,3,-0.03642366878019748,0.37840950129192014,20,146,874,0,NA,TRUE,FALSE
dip_sp,defoliator,C,uro_sir_spp,borer,0.2947148988368689,0.23537820198846185,insufficient data,DE,0,46,insufficient data,1,0.2947148988368689,0.2947148988368689,2,2,874,0,NA,TRUE,FALSE
dip_sp,defoliator,C,ope_spp,defoliator,0.2881808207142827,0.14543341958791556,insufficient data,DE,0,161,insufficient data,1,0.2881808207142827,0.2881808207142827,7,12,874,0,NA,FALSE,FALSE
dip_sp,defoliator,C,CambXyl_con&BB_con&SM,borer,-0.26143808090395076,-0.041314228422543946,insufficient data,DE,0,46,insufficient data,1,-0.26143808090395076,-0.26143808090395076,2,1,874,0,NA,FALSE,TRUE
dip_sp,defoliator,C,ips_cem,borer,0.2490732508163989,0.21515426719194908,insufficient data,DE,0,207,insufficient data,1,0.2490732508163989,0.2490732508163989,9,55,874,0,NA,TRUE,FALSE
dip_sp,defoliator,C,pit_bid,borer,0.2463474132188226,0.1500943368215849,insufficient data,DE,0,115,insufficient data,1,0.2463474132188226,0.2463474132188226,5,34,874,0,NA,FALSE,FALSE
dip_sp,defoliator,C,CambXyl_con&BO,borer,-0.2197696264453036,-0.05563379794579508,insufficient data,DE,2.6315789473684212,46,insufficient data,1,-0.2197696264453036,-0.2197696264453036,2,0,874,23,SI,FALSE,TRUE
dip_sp,defoliator,C,agr_big,borer,0.19068414044471008,0.11704764872379769,consistent,"DE,PL",0,527,consistent,2,0.18175620305904142,0.19649904703142845,25,250,874,0,NA,FALSE,FALSE
dip_sp,defoliator,C,xyl_lin,borer,0.18762955158591144,0.14816142136161947,insufficient data,DE,0,184,insufficient data,1,0.18762955158591144,0.18762955158591144,8,46,874,0,NA,FALSE,FALSE
dip_sp,defoliator,C,den_mic,borer,0.18673725823522513,0.17087731286025445,insufficient data,LT,21.05263157894737,23,insufficient data,1,0.18673725823522513,0.18673725823522513,1,1,874,184,CZ,FALSE,FALSE
dip_sp,defoliator,C,pan_fla,defoliator,0.18667030701110984,0.14111678654096046,inconsistent,"DE,LT,PL",21.05263157894737,461,inconsistent,3,-0.13989991033634272,0.26364920987538415,22,134,874,184,CZ,FALSE,FALSE
dip_sp,defoliator,C,ips_ami,borer,-0.1699389648885799,-0.3218047761715999,insufficient data,DE,0,23,insufficient data,1,-0.1699389648885799,-0.1699389648885799,1,2,874,0,NA,TRUE,FALSE
dip_sp,defoliator,C,Def_dec&DB,defoliator,0.16396749339264585,0.07070381776252063,inconsistent,"AT,DE",21.05263157894737,222,consistent,2,0.02589378931358187,0.39178910512310133,10,47,874,184,CZ,FALSE,TRUE
dip_sp,defoliator,C,ips_sex,borer,0.15934506299637471,0.05534687904932844,insufficient data,DE,23.112128146453088,161,insufficient data,1,0.15934506299637471,0.15934506299637471,7,41,874,202,"BG,CZ",FALSE,FALSE
dip_sp,defoliator,C,era_def,defoliator,0.1591774437182982,0.14208512592845599,insufficient data,DE,0,184,insufficient data,1,0.1591774437182982,0.1591774437182982,8,18,874,0,NA,FALSE,FALSE
dip_sp,defoliator,C,tor_vir,defoliator,0.15538439077046834,0.0567660328911353,inconsistent,"DE,LT,PL",5.2631578947368425,550,inconsistent,3,-0.11295130539567581,0.2040585234824965,26,163,874,46,"BG,RO",FALSE,FALSE
dip_sp,defoliator,C,lym_mon,defoliator,0.1547481938926923,0.08220527223916171,inconsistent,"DE,LT,PL",21.05263157894737,504,consistent,3,-0.22498788527588065,0.1889856135728183,24,206,874,184,CZ,FALSE,FALSE
dip_sp,defoliator,C,CambXyl_con&MD,borer,-0.15203047166365852,0.1324390075085736,insufficient data,DE,21.05263157894737,23,insufficient data,1,-0.15203047166365852,-0.15203047166365852,1,3,874,184,CZ,FALSE,TRUE
dip_sp,defoliator,C,Def_dec,defoliator,-0.15123501397980835,-0.12096815130947329,insufficient data,DE,0,23,insufficient data,1,-0.15123501397980835,-0.15123501397980835,1,0,874,0,NA,FALSE,TRUE
dip_sp,defoliator,C,sco_int,borer,-0.15109109782587538,0.0203205213565176,insufficient data,DE,21.05263157894737,138,insufficient data,1,-0.15109109782587538,-0.15109109782587538,6,27,874,184,CZ,FALSE,FALSE
dip_sp,defoliator,C,sco_rat,borer,0.14451192010930736,0.08040405950598743,inconsistent,"DE,LT",21.05263157894737,92,inconsistent,2,-0.23638206838885156,0.27147658294202703,4,29,874,184,CZ,FALSE,FALSE
dip_sp,defoliator,C,xyl_spp,borer,0.135597709708527,0.13437191477863986,insufficient data,DE,0,207,insufficient data,1,0.135597709708527,0.135597709708527,9,46,874,0,NA,FALSE,FALSE
dip_sp,defoliator,C,lym_dis,defoliator,0.13297797258670588,0.09356185273144521,inconsistent,"AT,DE,LT",36.15560640732266,291,inconsistent,3,-0.018237841494618028,0.4313945955889823,13,46,874,316,"BG,CZ,HR,HU,RO,RS,SK",FALSE,FALSE
dip_sp,defoliator,C,tom_spp,borer,0.1260182866798072,0.0014952920225469789,inconsistent,"AT,DE,LT,PL",21.05263157894737,595,inconsistent,4,-0.15492696955319016,0.18089027403337082,28,186,874,184,CZ,FALSE,FALSE
dip_sp,defoliator,C,mel_spp,defoliator,0.11513310156260939,0.07596651916239304,consistent,"DE,PL",0,504,consistent,2,0.1054119214793334,0.12076115318976921,24,212,874,0,NA,FALSE,FALSE
dip_sp,defoliator,C,ips_acu,borer,-0.10843114053192929,0.012348843434538237,inconsistent,"DE,LT,PL",25.62929061784897,484,inconsistent,3,-0.22013304600507355,0.08028067545782486,23,70,874,224,"BG,CZ,SK",FALSE,FALSE
dip_sp,defoliator,C,neo_ser,defoliator,-0.10710353437588324,-0.08947737957267055,insufficient data,DE,23.112128146453088,46,insufficient data,1,-0.10710353437588324,-0.10710353437588324,2,4,874,202,"BG,CZ",FALSE,FALSE
dip_sp,defoliator,C,tet_spp,borer,0.10697811275640033,0.06135958332854461,insufficient data,DE,0,138,insufficient data,1,0.10697811275640033,0.10697811275640033,6,12,874,0,NA,FALSE,FALSE
dip_sp,defoliator,C,sap_car,borer,-0.10575206068332288,NA,insufficient data,DE,0,23,insufficient data,1,-0.10575206068332288,-0.10575206068332288,1,1,874,0,NA,FALSE,FALSE
dip_sp,defoliator,C,zei_gri,defoliator,-0.09256578997880191,-0.32130051839462176,insufficient data,DE,21.05263157894737,23,insufficient data,1,-0.09256578997880191,-0.09256578997880191,1,2,874,184,CZ,TRUE,FALSE
dip_sp,defoliator,C,tha_pro,defoliator,-0.09162562254979881,-0.009839672896373686,insufficient data,DE,0,184,insufficient data,1,-0.09162562254979881,-0.09162562254979881,8,26,874,0,NA,FALSE,FALSE
dip_sp,defoliator,C,pit_cha,borer,0.08552085824605755,0.06986213972219975,inconsistent,"AT,DE,LT",7.780320366132723,335,inconsistent,3,-0.2380299036041152,0.2268791045999074,15,100,874,68,"IT,SI,SK",FALSE,FALSE
dip_sp,defoliator,C,pha_cya,borer,0.08201789389156428,0.030406376719390095,inconsistent,"AT,DE,LT,PL",21.05263157894737,655,inconsistent,4,-0.162066112500044,0.14599564524708492,31,291,874,184,CZ,FALSE,FALSE
dip_sp,defoliator,C,pis_pin,borer,0.05761189915703429,0.01785603355641182,inconsistent,"DE,LT",0,184,inconsistent,2,-0.21860423670970625,0.09707134713799721,8,36,874,0,NA,FALSE,FALSE
dip_sp,defoliator,C,geo_db,defoliator,0.05532400856922286,2.0494272956910479e-4,inconsistent,"DE,LT,PL",7.322654462242563,504,inconsistent,3,-0.1505061059455147,0.12762366307636833,24,155,874,64,"BG,HR,RO",FALSE,FALSE
dip_sp,defoliator,C,pit_spp,borer,0.032521619847465565,0.06348353973725988,inconsistent,"AT,DE",26.31578947368421,153,inconsistent,2,-0.10938676752484373,0.20453178635935568,7,48,874,230,"CZ,HR,SI",FALSE,FALSE
dip_sp,defoliator,C,tet_gab,borer,0.03203975641790537,0.001293955536899007,inconsistent,"AT,DE",21.05263157894737,245,inconsistent,2,-0.15923583954535134,0.13140370237284393,11,58,874,184,CZ,FALSE,FALSE
dip_sp,defoliator,C,agr_vir,borer,-0.023275853826580244,0.03601807195239929,insufficient data,DE,0,184,insufficient data,1,-0.023275853826580244,-0.023275853826580244,8,13,874,0,NA,FALSE,FALSE
dip_sp,defoliator,C,pri_abi,defoliator,0.023111305207663784,0.010381917394232556,insufficient data,DE,21.05263157894737,161,insufficient data,1,0.023111305207663784,0.023111305207663784,7,15,874,184,CZ,FALSE,FALSE
dip_sp,defoliator,C,CambXyl_con&BB_con&BO,borer,0.011583588251076467,-0.015759747628889934,inconsistent,"AT,DE",2.6315789473684212,174,inconsistent,2,-0.1922525482050706,0.14611543831213347,8,42,874,23,HR,FALSE,TRUE
dip_sp,defoliator,C,sco_sco,borer,-0.006217285596628248,-0.005872062433059229,inconsistent,"DE,LT",0,115,inconsistent,2,-0.07934223745398733,0.012063952367711522,5,16,874,0,NA,FALSE,FALSE
dip_sp,defoliator,C,ips_typ,borer,-0.0024260127310789235,0.04378872048495332,inconsistent,"AT,DE,LT,PL",67.62013729977117,655,inconsistent,4,-0.19038207424176198,0.32308895582706604,31,308,874,591,"BG,CH,CZ,FI,HR,HU,IT,RO,RS,SE,SI,SK",FALSE,FALSE
dip_sp,defoliator,C,pol_pol,borer,7.0041247750066e-4,-0.2344413380910708,insufficient data,LT,21.05263157894737,23,insufficient data,1,7.0041247750066e-4,7.0041247750066e-4,1,3,874,184,CZ,FALSE,FALSE
dip_sp,defoliator,C,ips_dup,borer,NA,NA,insufficient data,NA,25.97254004576659,0,insufficient data,0,NA,NA,0,0,874,227,"CZ,RO,SK",FALSE,FALSE
dip_sp,defoliator,C,cep_spp,defoliator,NA,NA,insufficient data,NA,21.05263157894737,0,insufficient data,0,NA,NA,0,0,874,184,CZ,FALSE,FALSE
dip_sp,defoliator,C,clo_ana,defoliator,NA,NA,insufficient data,NA,2.6315789473684212,0,insufficient data,0,NA,NA,0,0,874,23,RO,FALSE,FALSE
era_def,defoliator,B,tor_vir,defoliator,0.3904364654787419,0.2392320672002543,insufficient data,DE,28.68162692847125,207,insufficient data,1,0.3904364654787419,0.3904364654787419,9,31,1426,409,"BG,LT,PL,RO",TRUE,FALSE
era_def,defoliator,C,tha_pit,defoliator,-0.5340941073139082,-0.5318911052135054,insufficient data,DE,2.8751753155680224,23,insufficient data,1,-0.5340941073139082,-0.5340941073139082,1,3,1426,41,"BG,HR",TRUE,FALSE
era_def,defoliator,C,CambXyl_con&MD,borer,-0.41447166147635073,-0.28729320474455977,insufficient data,DE,12.903225806451612,23,insufficient data,1,-0.41447166147635073,-0.41447166147635073,1,0,1426,184,CZ,TRUE,TRUE
era_def,defoliator,C,Def_dec&DB,defoliator,-0.4011728810889084,-0.47278623033362566,insufficient data,DE,26.157082748948106,138,insufficient data,1,-0.4011728810889084,-0.4011728810889084,6,0,1426,373,"AT,CZ",TRUE,TRUE
era_def,defoliator,C,ips_ami,borer,0.34190697442748985,0.2220784764102165,insufficient data,DE,0,46,insufficient data,1,0.34190697442748985,0.34190697442748985,2,7,1426,0,NA,TRUE,FALSE
era_def,defoliator,C,sap_car,borer,-0.2561351893660142,NA,insufficient data,DE,0,23,insufficient data,1,-0.2561351893660142,-0.2561351893660142,1,0,1426,0,NA,FALSE,FALSE
era_def,defoliator,C,CambXyl_con&BB_con&SM,borer,-0.24549439001010348,-3.8058639201118917e-4,insufficient data,DE,0,46,insufficient data,1,-0.24549439001010348,-0.24549439001010348,2,0,1426,0,NA,FALSE,TRUE
era_def,defoliator,C,geo_db,defoliator,-0.2447686658809204,-0.3560144571926316,insufficient data,DE,29.94389901823282,138,insufficient data,1,-0.2447686658809204,-0.2447686658809204,6,0,1426,427,"BG,HR,LT,PL,RO",TRUE,FALSE
era_def,defoliator,C,CambXyl_con&BB_con&BO,borer,-0.21755077437398868,-0.31690456981623105,insufficient data,DE,14.866760168302946,69,insufficient data,1,-0.21755077437398868,-0.21755077437398868,3,0,1426,212,"AT,HR",TRUE,TRUE
era_def,defoliator,C,ope_spp,defoliator,0.21384212948273226,0.17992485874443298,insufficient data,DE,0,184,insufficient data,1,0.21384212948273226,0.21384212948273226,8,15,1426,0,NA,FALSE,FALSE
era_def,defoliator,C,CambXyl_con&BO,borer,-0.17031205440760822,-0.142379693725984,insufficient data,DE,1.6129032258064515,46,insufficient data,1,-0.17031205440760822,-0.17031205440760822,2,0,1426,23,SI,FALSE,TRUE
era_def,defoliator,C,dip_sp,defoliator,0.1591774437182982,0.14208512592845599,insufficient data,DE,38.70967741935484,184,insufficient data,1,0.1591774437182982,0.1591774437182982,8,18,1426,552,"AT,LT,PL",FALSE,FALSE
era_def,defoliator,C,pit_bid,borer,0.15069251600998462,0.06365930237672432,insufficient data,DE,0,92,insufficient data,1,0.15069251600998462,0.15069251600998462,4,15,1426,0,NA,FALSE,FALSE
era_def,defoliator,C,sco_sco,borer,0.12399104923770464,-0.022993526697016004,insufficient data,DE,1.6129032258064515,92,insufficient data,1,0.12399104923770464,0.12399104923770464,4,12,1426,23,LT,FALSE,FALSE
era_def,defoliator,C,pan_fla,defoliator,-0.12173103787943793,-0.1421101102829674,insufficient data,DE,38.35904628330996,115,insufficient data,1,-0.12173103787943793,-0.12173103787943793,5,7,1426,547,"CZ,LT,PL",FALSE,FALSE
era_def,defoliator,C,uro_sir_spp,borer,-0.11916955122736426,-0.10593974139261916,insufficient data,DE,0,69,insufficient data,1,-0.11916955122736426,-0.11916955122736426,3,0,1426,0,NA,FALSE,FALSE
era_def,defoliator,C,den_mic,borer,-0.11215048658060106,-0.10374176783986326,insufficient data,DE,14.516129032258064,23,insufficient data,1,-0.11215048658060106,-0.11215048658060106,1,0,1426,207,"CZ,LT",FALSE,FALSE
era_def,defoliator,C,agr_vir,borer,0.09436195187295861,0.12987455214460447,insufficient data,DE,0,184,insufficient data,1,0.09436195187295861,0.09436195187295861,8,14,1426,0,NA,FALSE,FALSE
era_def,defoliator,C,tet_spp,borer,0.08333227306625438,0.07688123000402323,insufficient data,DE,0,161,insufficient data,1,0.08333227306625438,0.08333227306625438,7,11,1426,0,NA,FALSE,FALSE
era_def,defoliator,C,tha_pro,defoliator,0.08243819006645746,0.06163455033985395,insufficient data,DE,0,230,insufficient data,1,0.08243819006645746,0.08243819006645746,10,25,1426,0,NA,FALSE,FALSE
era_def,defoliator,C,mel_spp,defoliator,-0.07351158784335307,-0.049074720386584725,insufficient data,DE,23.842917251051894,184,insufficient data,1,-0.07351158784335307,-0.07351158784335307,8,14,1426,340,PL,FALSE,FALSE
era_def,defoliator,C,tet_gab,borer,0.07327966378548946,0.04630570110810024,insufficient data,DE,26.157082748948106,207,insufficient data,1,0.07327966378548946,0.07327966378548946,9,15,1426,373,"AT,CZ",FALSE,FALSE
era_def,defoliator,C,lym_mon,defoliator,0.0726468312654702,0.030910648392932578,insufficient data,DE,38.35904628330996,184,insufficient data,1,0.0726468312654702,0.0726468312654702,8,19,1426,547,"CZ,LT,PL",FALSE,FALSE
era_def,defoliator,C,pit_spp,borer,-0.06945931476538518,0.20229499086308775,insufficient data,DE,29.38288920056101,92,insufficient data,1,-0.06945931476538518,-0.06945931476538518,4,13,1426,419,"AT,CZ,HR,SI",FALSE,FALSE
era_def,defoliator,C,bup_pin,defoliator,-0.06018925444776836,-0.15035345783004817,insufficient data,DE,23.842917251051894,161,insufficient data,1,-0.06018925444776836,-0.06018925444776836,7,12,1426,340,PL,FALSE,FALSE
era_def,defoliator,C,pis_pin,borer,0.0586753233526046,0.07124422467004776,insufficient data,DE,1.6129032258064515,138,insufficient data,1,0.0586753233526046,0.0586753233526046,6,15,1426,23,LT,FALSE,FALSE
era_def,defoliator,C,tom_spp,borer,0.05501238273656167,-0.011559747016312337,insufficient data,DE,51.61290322580645,230,insufficient data,1,0.05501238273656167,0.05501238273656167,10,32,1426,736,"AT,CZ,LT,PL",FALSE,FALSE
era_def,defoliator,C,ips_acu,borer,-0.053793562124768136,-0.012219412044153529,insufficient data,DE,41.164095371669006,138,insufficient data,1,-0.053793562124768136,-0.053793562124768136,6,10,1426,587,"BG,CZ,LT,PL,SK",FALSE,FALSE
era_def,defoliator,C,sco_int,borer,-0.052425331023245474,0.0063189293597692405,insufficient data,DE,12.903225806451612,161,insufficient data,1,-0.052425331023245474,-0.052425331023245474,7,13,1426,184,CZ,FALSE,FALSE
era_def,defoliator,C,den_pin,defoliator,0.05236952535273219,0.07931745787121351,insufficient data,DE,25.455820476858346,115,insufficient data,1,0.05236952535273219,0.05236952535273219,5,13,1426,363,"LT,PL",FALSE,FALSE
era_def,defoliator,C,xyl_spp,borer,-0.05174667231566433,-0.04013729168960273,insufficient data,DE,0,230,insufficient data,1,-0.05174667231566433,-0.05174667231566433,10,26,1426,0,NA,FALSE,FALSE
era_def,defoliator,C,lym_dis,defoliator,-0.04584204992755515,-0.06241633071239781,insufficient data,DE,37.02664796633941,184,insufficient data,1,-0.04584204992755515,-0.04584204992755515,8,11,1426,528,"AT,BG,CZ,HR,HU,LT,RO,RS,SK",FALSE,FALSE
era_def,defoliator,C,neo_ser,defoliator,-0.045454545454545456,-0.03934164550586991,insufficient data,DE,14.165497896213184,23,insufficient data,1,-0.045454545454545456,-0.045454545454545456,1,0,1426,202,"BG,CZ",FALSE,FALSE
era_def,defoliator,C,Def_dec,defoliator,-0.04545454545454545,-0.025650650344387925,insufficient data,DE,0,23,insufficient data,1,-0.04545454545454545,-0.04545454545454545,1,0,1426,0,NA,FALSE,TRUE
era_def,defoliator,C,pha_cya,borer,-0.044034042514077734,-0.05270809121976224,insufficient data,DE,51.61290322580645,230,insufficient data,1,-0.044034042514077734,-0.044034042514077734,10,32,1426,736,"AT,CZ,LT,PL",FALSE,FALSE
era_def,defoliator,C,sco_rat,borer,-0.043856698431753084,-0.035323965576249346,insufficient data,DE,14.516129032258064,46,insufficient data,1,-0.043856698431753084,-0.043856698431753084,2,13,1426,207,"CZ,LT",FALSE,FALSE
era_def,defoliator,C,ips_cem,borer,-0.036534098354328616,0.044817475253700674,insufficient data,DE,0,230,insufficient data,1,-0.036534098354328616,-0.036534098354328616,10,35,1426,0,NA,FALSE,FALSE
era_def,defoliator,C,pri_abi,defoliator,0.03589811178666344,-0.043206456043159785,insufficient data,DE,12.903225806451612,161,insufficient data,1,0.03589811178666344,0.03589811178666344,7,11,1426,184,CZ,FALSE,FALSE
era_def,defoliator,C,pit_cha,borer,-0.03471135733896092,0.028676787431552376,insufficient data,DE,19.635343618513325,230,insufficient data,1,-0.03471135733896092,-0.03471135733896092,10,35,1426,280,"AT,IT,LT,SI,SK",FALSE,FALSE
era_def,defoliator,C,ips_sex,borer,0.02646434831589846,-0.020583620739426333,insufficient data,DE,14.165497896213184,161,insufficient data,1,0.02646434831589846,0.02646434831589846,7,17,1426,202,"BG,CZ",FALSE,FALSE
era_def,defoliator,C,ips_typ,borer,-0.023404776614628576,0.04270804394974152,insufficient data,DE,80.15427769985975,230,insufficient data,1,-0.023404776614628576,-0.023404776614628576,10,37,1426,1143,"AT,BG,CH,CZ,FI,HR,HU,IT,LT,PL,RO,RS,SE,SI,SK",FALSE,FALSE
era_def,defoliator,C,agr_big,borer,0.016872835582134572,0.07487165963333885,insufficient data,DE,23.842917251051894,230,insufficient data,1,0.016872835582134572,0.016872835582134572,10,33,1426,340,PL,FALSE,FALSE
era_def,defoliator,C,xyl_lin,borer,0.004492547465887175,0.02470364993919775,insufficient data,DE,0,207,insufficient data,1,0.004492547465887175,0.004492547465887175,9,33,1426,0,NA,FALSE,FALSE
era_def,defoliator,C,ips_dup,borer,NA,NA,insufficient data,NA,15.918653576437588,0,insufficient data,0,NA,NA,0,0,1426,227,"CZ,RO,SK",FALSE,FALSE
era_def,defoliator,C,pol_pol,borer,NA,NA,insufficient data,NA,14.516129032258064,0,insufficient data,0,NA,NA,0,0,1426,207,"CZ,LT",FALSE,FALSE
era_def,defoliator,C,zei_gri,defoliator,NA,NA,insufficient data,NA,12.903225806451612,0,insufficient data,0,NA,NA,0,0,1426,184,CZ,FALSE,FALSE
era_def,defoliator,C,cep_spp,defoliator,NA,NA,insufficient data,NA,12.903225806451612,0,insufficient data,0,NA,NA,0,0,1426,184,CZ,FALSE,FALSE
era_def,defoliator,C,clo_ana,defoliator,NA,NA,insufficient data,NA,1.6129032258064515,0,insufficient data,0,NA,NA,0,0,1426,23,RO,FALSE,FALSE
geo_db,defoliator,B,neo_ser,defoliator,-0.22132577607165868,3.7478874826017315e-4,consistent,"BG,DE",18.41841841841842,41,inconsistent,2,-0.3238789221257264,-0.08860994000168873,2,15,999,184,CZ,FALSE,FALSE
geo_db,defoliator,B,sco_rat,borer,0.20291615973181779,0.15410733359334075,consistent,"DE,LT",18.41841841841842,69,consistent,2,0.19376540017428076,0.2212176788468918,3,18,999,184,CZ,FALSE,FALSE
geo_db,defoliator,C,pol_pol,borer,0.4747352618651723,0.16258372070375773,insufficient data,LT,18.41841841841842,23,insufficient data,1,0.4747352618651723,0.4747352618651723,1,6,999,184,CZ,FALSE,FALSE
geo_db,defoliator,C,clo_ana,defoliator,-0.3995241449660467,NA,insufficient data,RO,0,23,insufficient data,1,-0.3995241449660467,-0.3995241449660467,1,1,999,0,NA,FALSE,FALSE
geo_db,defoliator,C,ips_dup,borer,-0.3392287054820189,-0.04567643277961245,insufficient data,RO,20.52052052052052,22,insufficient data,1,-0.3392287054820189,-0.3392287054820189,1,4,999,205,"CZ,SK",FALSE,FALSE
geo_db,defoliator,C,Def_dec&DB,defoliator,-0.276865879437037,-0.046597522247154924,insufficient data,DE,37.33733733733734,115,insufficient data,1,-0.276865879437037,-0.276865879437037,5,0,999,373,"AT,CZ",FALSE,TRUE
geo_db,defoliator,C,ips_acu,borer,-0.2757627659723428,-0.15011585879727432,inconsistent,"BG,DE,LT,PL",20.62062062062062,476,inconsistent,4,-0.37815160056896435,0.3462104864621494,23,69,999,206,"CZ,SK",FALSE,FALSE
geo_db,defoliator,C,den_mic,borer,-0.27284088622532837,-0.1836027918670495,insufficient data,LT,18.41841841841842,23,insufficient data,1,-0.27284088622532837,-0.27284088622532837,1,0,999,184,CZ,FALSE,FALSE
geo_db,defoliator,C,tha_pit,defoliator,0.2675037506267358,0.22369384456393768,inconsistent,"BG,DE,HR",0,64,consistent,3,-0.053632936971593534,0.4602467727511005,3,34,999,0,NA,TRUE,FALSE
geo_db,defoliator,C,den_pin,defoliator,0.2637857055493073,0.09109003630066766,consistent,"DE,LT,PL",0,395,inconsistent,3,0.11037318158681289,0.3217413779283343,19,117,999,0,NA,FALSE,FALSE
geo_db,defoliator,C,CambXyl_con&MD,borer,0.2470975298187842,0.15396403869833664,insufficient data,DE,18.41841841841842,23,insufficient data,1,0.2470975298187842,0.2470975298187842,1,4,999,184,CZ,FALSE,TRUE
geo_db,defoliator,C,era_def,defoliator,-0.2447686658809204,-0.3560144571926316,insufficient data,DE,0,138,insufficient data,1,-0.2447686658809204,-0.2447686658809204,6,0,999,0,NA,TRUE,FALSE
geo_db,defoliator,C,ope_spp,defoliator,-0.22258703927661513,-0.2656701363535496,insufficient data,DE,0,138,insufficient data,1,-0.22258703927661513,-0.22258703927661513,6,2,999,0,NA,TRUE,FALSE
geo_db,defoliator,C,ips_cem,borer,-0.21961812680275922,-0.03525344425836247,insufficient data,DE,0,161,insufficient data,1,-0.21961812680275922,-0.21961812680275922,7,46,999,0,NA,FALSE,FALSE
geo_db,defoliator,C,pit_bid,borer,-0.20434885599028016,0.05259529095462002,insufficient data,DE,0,92,insufficient data,1,-0.20434885599028016,-0.20434885599028016,4,29,999,0,NA,FALSE,FALSE
geo_db,defoliator,C,tet_spp,borer,-0.18460802428708342,-0.18216924236613297,insufficient data,DE,0,115,insufficient data,1,-0.18460802428708342,-0.18460802428708342,5,3,999,0,NA,FALSE,FALSE
geo_db,defoliator,C,Def_dec,defoliator,0.1840790011792562,0.09587147610549109,insufficient data,DE,0,23,insufficient data,1,0.1840790011792562,0.1840790011792562,1,1,999,0,NA,FALSE,TRUE
geo_db,defoliator,C,bup_pin,defoliator,0.1837680358682625,0.09505329230592009,inconsistent,"DE,PL",0,395,consistent,2,-0.02438160056889732,0.2698449531919001,19,93,999,0,NA,FALSE,FALSE
geo_db,defoliator,C,agr_vir,borer,-0.17486371436479012,-0.1592776872120035,insufficient data,DE,0,161,insufficient data,1,-0.17486371436479012,-0.17486371436479012,7,10,999,0,NA,FALSE,FALSE
geo_db,defoliator,C,lym_mon,defoliator,0.15804249450192134,0.012311821539950848,inconsistent,"DE,LT,PL",18.41841841841842,458,inconsistent,3,-0.31739354702769107,0.2526651335528251,22,176,999,184,CZ,FALSE,FALSE
geo_db,defoliator,C,ips_sex,borer,-0.14995425224255626,-0.09626850663279339,inconsistent,"BG,DE",18.41841841841842,156,inconsistent,2,-0.1828285417551614,0.10530493691414254,7,43,999,184,CZ,FALSE,FALSE
geo_db,defoliator,C,tor_vir,defoliator,0.13656241160943658,0.10611239900018257,inconsistent,"BG,DE,LT,PL,RO",0.5005005005005005,565,inconsistent,5,0.05603508566103402,0.5746432797987436,27,202,999,5,BG,FALSE,FALSE
geo_db,defoliator,C,xyl_lin,borer,0.12209721654557396,0.28127738135398567,insufficient data,DE,0,161,insufficient data,1,0.12209721654557396,0.12209721654557396,7,39,999,0,NA,TRUE,FALSE
geo_db,defoliator,C,zei_gri,defoliator,-0.11970291279339365,-0.39980411255574,insufficient data,DE,18.41841841841842,23,insufficient data,1,-0.11970291279339365,-0.11970291279339365,1,2,999,184,CZ,TRUE,FALSE
geo_db,defoliator,C,sco_sco,borer,-0.11860037420234268,-0.06422580343248316,consistent,"DE,LT",0,92,consistent,2,-0.12082409869049812,-0.11192920073787645,4,3,999,0,NA,FALSE,FALSE
geo_db,defoliator,C,tom_spp,borer,0.1166576310820372,-0.011273203120607828,inconsistent,"DE,LT,PL",37.33733733733734,464,inconsistent,3,-0.08501060982478419,0.400812214688315,22,141,999,373,"AT,CZ",FALSE,FALSE
geo_db,defoliator,C,pis_pin,borer,-0.10455002524624174,0.004461618602968269,inconsistent,"DE,LT",0,138,inconsistent,2,-0.19610816943142617,0.35324069567968036,6,23,999,0,NA,FALSE,FALSE
geo_db,defoliator,C,sco_int,borer,0.09313275207361599,0.030686346444526603,insufficient data,DE,18.41841841841842,115,insufficient data,1,0.09313275207361599,0.09313275207361599,5,24,999,184,CZ,FALSE,FALSE
geo_db,defoliator,C,ips_ami,borer,-0.08509664615990228,0.1856859319082963,insufficient data,DE,0,23,insufficient data,1,-0.08509664615990228,-0.08509664615990228,1,0,999,0,NA,FALSE,FALSE
geo_db,defoliator,C,tet_gab,borer,-0.0767731636572564,0.01871090419597836,insufficient data,DE,37.33733733733734,115,insufficient data,1,-0.0767731636572564,-0.0767731636572564,5,10,999,373,"AT,CZ",FALSE,FALSE
geo_db,defoliator,C,CambXyl_con&BO,borer,0.07504624600914299,0.3460024023588016,insufficient data,DE,2.3023023023023024,46,insufficient data,1,0.07504624600914299,0.07504624600914299,2,2,999,23,SI,TRUE,TRUE
geo_db,defoliator,C,pri_abi,defoliator,-0.06861765075404705,0.07555157913225681,insufficient data,DE,18.41841841841842,138,insufficient data,1,-0.06861765075404705,-0.06861765075404705,6,20,999,184,CZ,FALSE,FALSE
geo_db,defoliator,C,sap_car,borer,-0.06575211977248926,NA,insufficient data,DE,0,23,insufficient data,1,-0.06575211977248926,-0.06575211977248926,1,0,999,0,NA,FALSE,FALSE
geo_db,defoliator,C,agr_big,borer,0.06485766920984902,0.07747994104535572,inconsistent,"DE,PL",0,501,inconsistent,2,-0.17823865518199247,0.18076117991060311,24,236,999,0,NA,FALSE,FALSE
geo_db,defoliator,C,lym_dis,defoliator,-0.05931197946278122,-0.0618189539977926,inconsistent,"BG,DE,HR,LT,RO",44.14414414414414,225,inconsistent,5,-0.14879009382358677,0.27224659034482823,10,58,999,441,"AT,CZ,HU,RS,SK",FALSE,FALSE
geo_db,defoliator,C,CambXyl_con&BB_con&BO,borer,0.0581314550260122,0.04695059409103419,inconsistent,"DE,HR",18.91891891891892,69,inconsistent,2,-0.25532602862093584,0.2148601968494862,3,21,999,189,AT,FALSE,TRUE
geo_db,defoliator,C,pit_cha,borer,-0.05655794378574977,-0.007110904187972716,inconsistent,"DE,LT",25.725725725725727,184,consistent,2,-0.12485161015293757,0.42149772078456477,8,52,999,257,"AT,IT,SI,SK",FALSE,FALSE
geo_db,defoliator,C,dip_sp,defoliator,0.05532400856922286,2.0494272956910479e-4,inconsistent,"DE,LT,PL",18.91891891891892,504,inconsistent,3,-0.1505061059455147,0.12762366307636833,24,155,999,189,AT,FALSE,FALSE
geo_db,defoliator,C,xyl_spp,borer,-0.05460910622914823,0.2646776443473938,insufficient data,DE,0,161,insufficient data,1,-0.05460910622914823,-0.05460910622914823,7,37,999,0,NA,FALSE,FALSE
geo_db,defoliator,C,pan_fla,defoliator,0.047800925053061875,-0.01480553579827292,inconsistent,"DE,LT,PL",18.41841841841842,415,inconsistent,3,-0.19735875429941613,0.06934601655295948,20,113,999,184,CZ,FALSE,FALSE
geo_db,defoliator,C,CambXyl_con&BB_con&SM,borer,0.04182563996401112,-0.24518767465487612,insufficient data,DE,0,46,insufficient data,1,0.04182563996401112,0.04182563996401112,2,3,999,0,NA,FALSE,TRUE
geo_db,defoliator,C,pit_spp,borer,-0.03469115653502927,0.010817806416234518,inconsistent,"DE,HR",39.63963963963964,92,inconsistent,2,-0.058366233717470274,0.03633407501229372,4,29,999,396,"AT,CZ,SI",FALSE,FALSE
geo_db,defoliator,C,tha_pro,defoliator,-0.028072191270748635,0.036687437758087665,insufficient data,DE,0,138,insufficient data,1,-0.028072191270748635,-0.028072191270748635,6,11,999,0,NA,FALSE,FALSE
geo_db,defoliator,C,mel_spp,defoliator,-0.027702887217370725,0.0020722259081112624,inconsistent,"DE,PL",0,478,inconsistent,2,-0.1445905994559794,0.020065465771782042,23,198,999,0,NA,FALSE,FALSE
geo_db,defoliator,C,pha_cya,borer,0.027595245249431237,0.020847899746376523,inconsistent,"DE,LT,PL",37.33733733733734,524,inconsistent,3,-0.16008452040354323,0.6846478790300254,25,241,999,373,"AT,CZ",FALSE,FALSE
geo_db,defoliator,C,uro_sir_spp,borer,0.024990919622671498,-0.027321617300328952,insufficient data,DE,0,46,insufficient data,1,0.024990919622671498,0.024990919622671498,2,1,999,0,NA,FALSE,FALSE
geo_db,defoliator,C,ips_typ,borer,0.02252462690770797,0.047613863045120074,inconsistent,"BG,DE,HR,LT,PL,RO",71.77177177177177,587,inconsistent,6,-0.20079687477006652,0.41235528235036734,28,308,999,717,"AT,CH,CZ,FI,HU,IT,RS,SE,SI,SK",FALSE,FALSE
geo_db,defoliator,C,cep_spp,defoliator,NA,NA,insufficient data,NA,18.41841841841842,0,insufficient data,0,NA,NA,0,0,999,184,CZ,FALSE,FALSE
ips_acu,borer,A,tha_pit,defoliator,0.3570891304862017,0.3341546790992371,consistent,"BG,DE",2.7413587604290823,41,inconsistent,2,0.3423989055417726,0.3684406679432606,2,25,839,23,HR,TRUE,FALSE
ips_acu,borer,B,ips_dup,borer,0.5118176598021795,0.12784238472089895,consistent,"CZ,SK",2.622169249106079,205,consistent,2,0.5112240857466919,0.5173238781506965,9,161,839,22,RO,FALSE,FALSE
ips_acu,borer,B,ips_typ,borer,0.3132291187938481,0.16945067859186227,consistent,"BG,CZ,DE,LT,PL,SK",66.26936829558998,728,inconsistent,6,0.07080442817668686,0.5948420261747787,34,352,839,556,"AT,CH,FI,HR,HU,IT,RO,RS,SE,SI",FALSE,FALSE
ips_acu,borer,C,pit_bid,borer,0.5893332407556338,0.5121560581936346,insufficient data,DE,0,115,insufficient data,1,0.5893332407556338,0.5893332407556338,5,46,839,0,NA,TRUE,FALSE
ips_acu,borer,C,agr_vir,borer,0.4701470767696961,0.40243732586009073,insufficient data,DE,0,138,insufficient data,1,0.4701470767696961,0.4701470767696961,6,16,839,0,NA,TRUE,FALSE
ips_acu,borer,C,pit_spp,borer,0.46105709158335173,0.056893778675920235,inconsistent,"CZ,DE",28.00953516090584,230,inconsistent,2,-0.09824900861950113,0.600883616634065,10,121,839,235,"AT,HR,SI",FALSE,FALSE
ips_acu,borer,C,ips_sex,borer,0.4483831596781036,0.3025601855967626,consistent,"BG,CZ,DE",0,340,consistent,3,0.3004119235242232,0.551972021351017,15,197,839,0,NA,TRUE,FALSE
ips_acu,borer,C,ips_cem,borer,0.4043776576322786,0.36630251970781685,insufficient data,DE,0,161,insufficient data,1,0.4043776576322786,0.4043776576322786,7,58,839,0,NA,TRUE,FALSE
ips_acu,borer,C,CambXyl_con&MD,borer,0.39856366387056996,0.1173061757526707,inconsistent,"CZ,DE",0,207,inconsistent,2,-0.287018411535239,0.48426142329629607,9,119,839,0,NA,FALSE,TRUE
ips_acu,borer,C,sco_rat,borer,0.3670454702313205,0.2653773304363497,consistent,"CZ,DE,LT",0,276,inconsistent,3,0.13999180256167595,0.44449805242133916,12,111,839,0,NA,TRUE,FALSE
ips_acu,borer,C,pis_pin,borer,0.35840602764970364,0.3572102759610169,consistent,"DE,LT",0,161,consistent,2,0.2881526935853854,0.37011491666042334,7,61,839,0,NA,TRUE,FALSE
ips_acu,borer,C,sap_car,borer,0.34539864813295723,NA,insufficient data,DE,0,23,insufficient data,1,0.34539864813295723,0.34539864813295723,1,1,839,0,NA,FALSE,FALSE
ips_acu,borer,C,sco_int,borer,0.31747639352144724,0.2563119425829086,consistent,"CZ,DE",0,322,consistent,2,0.27737201237595394,0.3709489017154383,14,126,839,0,NA,TRUE,FALSE
ips_acu,borer,C,pit_cha,borer,0.30598208011882894,0.29864395446153635,inconsistent,"DE,LT,SK",28.00953516090584,206,inconsistent,3,-0.543735428020831,0.6032609500056727,9,98,839,235,"AT,IT,SI",TRUE,FALSE
ips_acu,borer,C,pol_pol,borer,0.28957731621901056,0.2606312027064596,inconsistent,"CZ,LT",0,207,inconsistent,2,0.24697401788166623,0.6304037029177656,9,147,839,0,NA,TRUE,FALSE
ips_acu,borer,C,geo_db,defoliator,-0.2757627659723428,-0.15011585879727432,inconsistent,"BG,DE,LT,PL",5.482717520858165,476,inconsistent,4,-0.37815160056896435,0.3462104864621494,23,69,839,46,"HR,RO",FALSE,FALSE
ips_acu,borer,C,bup_pin,defoliator,-0.2346991825263723,0.1057275625657981,inconsistent,"DE,PL",0,375,consistent,2,-0.3652754498087298,0.05850389037128495,18,30,839,0,NA,FALSE,FALSE
ips_acu,borer,C,tet_gab,borer,0.22997599810460187,0.2111296107518824,inconsistent,"CZ,DE",22.526817640047675,184,inconsistent,2,-0.1525794760664408,0.35749448949494933,8,25,839,189,AT,TRUE,FALSE
ips_acu,borer,C,CambXyl_con&BB_con&BO,borer,-0.20007759886663357,0.09564600189373257,insufficient data,DE,25.268176400476758,69,insufficient data,1,-0.20007759886663357,-0.20007759886663357,3,0,839,212,"AT,HR",FALSE,TRUE
ips_acu,borer,C,lym_dis,defoliator,0.1966668850355266,0.09711438634474995,inconsistent,"BG,CZ,DE,LT,SK",33.49225268176401,362,inconsistent,5,-0.4687616453300833,0.3151067553527296,16,66,839,281,"AT,HR,HU,RO,RS",FALSE,FALSE
ips_acu,borer,C,uro_sir_spp,borer,0.14974305906121788,0.09928576975890727,insufficient data,DE,0,46,insufficient data,1,0.14974305906121788,0.14974305906121788,2,1,839,0,NA,FALSE,FALSE
ips_acu,borer,C,ope_spp,defoliator,0.14791303269738298,0.1926110670573984,insufficient data,DE,0,115,insufficient data,1,0.14791303269738298,0.14791303269738298,5,14,839,0,NA,FALSE,FALSE
ips_acu,borer,C,CambXyl_con&BO,borer,-0.14309502033855018,-0.1949610510568594,insufficient data,DE,2.7413587604290823,46,insufficient data,1,-0.14309502033855018,-0.14309502033855018,2,0,839,23,SI,FALSE,TRUE
ips_acu,borer,C,den_pin,defoliator,-0.13684989761595842,0.07672876021513125,inconsistent,"DE,LT,PL",0,375,consistent,3,-0.21944001761969778,0.26165127474938976,18,51,839,0,NA,FALSE,FALSE
ips_acu,borer,C,pha_cya,borer,0.13237658800296717,0.10947960224953245,inconsistent,"CZ,DE,LT,PL",22.526817640047675,688,inconsistent,4,-0.2933197836879542,0.5560302362888412,32,251,839,189,AT,FALSE,FALSE
ips_acu,borer,C,cep_spp,defoliator,-0.1323541372395329,0.06650830067615235,insufficient data,CZ,0,161,insufficient data,1,-0.1323541372395329,-0.1323541372395329,7,92,839,0,NA,FALSE,FALSE
ips_acu,borer,C,pri_abi,defoliator,-0.12094874978760113,-0.07760347390080992,inconsistent,"CZ,DE",0,276,consistent,2,-0.21178151703999631,0.006217124365752131,12,115,839,0,NA,FALSE,FALSE
ips_acu,borer,C,tom_spp,borer,0.1197432113994354,0.22037230729422008,inconsistent,"CZ,DE,LT,PL",22.526817640047675,628,inconsistent,4,-0.5196944750111081,0.6759519602558376,29,229,839,189,AT,TRUE,FALSE
ips_acu,borer,C,dip_sp,defoliator,-0.10843114053192929,0.012348843434538237,inconsistent,"DE,LT,PL",22.526817640047675,484,inconsistent,3,-0.22013304600507355,0.08028067545782486,23,70,839,189,AT,FALSE,FALSE
ips_acu,borer,C,tor_vir,defoliator,-0.09811449433660957,0.10445783528645324,inconsistent,"BG,DE,LT,PL",3.3373063170441,522,consistent,4,-0.20933063044399464,0.5033746686702024,25,102,839,28,"BG,RO",FALSE,FALSE
ips_acu,borer,C,agr_big,borer,-0.08324653033002702,0.1262151501580865,inconsistent,"DE,PL",0,481,inconsistent,2,-0.3611640526611437,0.46536987738854096,23,130,839,0,NA,FALSE,FALSE
ips_acu,borer,C,zei_gri,defoliator,-0.08139074699949432,0.1461728252649335,consistent,"CZ,DE",0,184,consistent,2,-0.24817016631918246,-0.05756511566811031,8,69,839,0,NA,FALSE,FALSE
ips_acu,borer,C,tha_pro,defoliator,0.06406159707957278,0.17801854433040337,insufficient data,DE,0,138,insufficient data,1,0.06406159707957278,0.06406159707957278,6,19,839,0,NA,FALSE,FALSE
ips_acu,borer,C,era_def,defoliator,-0.053793562124768136,-0.012219412044153529,insufficient data,DE,0,138,insufficient data,1,-0.053793562124768136,-0.053793562124768136,6,10,839,0,NA,FALSE,FALSE
ips_acu,borer,C,CambXyl_con&BB_con&SM,borer,-0.051170256560591244,0.052656820806610966,insufficient data,DE,0,46,insufficient data,1,-0.051170256560591244,-0.051170256560591244,2,1,839,0,NA,FALSE,TRUE
ips_acu,borer,C,Def_dec,defoliator,-0.05066524086339646,0.22587360627565123,insufficient data,DE,0,23,insufficient data,1,-0.05066524086339646,-0.05066524086339646,1,1,839,0,NA,FALSE,TRUE
ips_acu,borer,C,Def_dec&DB,defoliator,0.04818574082146784,0.06655500976167975,inconsistent,"CZ,DE",22.526817640047675,299,inconsistent,2,-0.0366107431499605,0.18386011517575318,13,103,839,189,AT,FALSE,TRUE
ips_acu,borer,C,ips_ami,borer,-0.041114849524094416,-0.002625318340097152,insufficient data,DE,0,23,insufficient data,1,-0.041114849524094416,-0.041114849524094416,1,1,839,0,NA,FALSE,FALSE
ips_acu,borer,C,xyl_spp,borer,0.03803983299095406,-0.06403117587685486,insufficient data,DE,0,161,insufficient data,1,0.03803983299095406,0.03803983299095406,7,50,839,0,NA,FALSE,FALSE
ips_acu,borer,C,tet_spp,borer,0.03620360375343028,0.02391310469147132,insufficient data,DE,0,115,insufficient data,1,0.03620360375343028,0.03620360375343028,5,6,839,0,NA,FALSE,FALSE
ips_acu,borer,C,xyl_lin,borer,-0.03336637612581675,-0.074190052671126,insufficient data,DE,0,138,insufficient data,1,-0.03336637612581675,-0.03336637612581675,6,52,839,0,NA,FALSE,FALSE
ips_acu,borer,C,neo_ser,defoliator,-0.02205625024723737,-0.14670396473755526,inconsistent,"BG,CZ,DE",0,110,consistent,3,-0.40724662564495084,0.2141898412858137,5,29,839,0,NA,FALSE,FALSE
ips_acu,borer,C,lym_mon,defoliator,-0.020210825790474996,0.01647264417826194,inconsistent,"CZ,DE,LT,PL",0,576,inconsistent,4,-0.1026983937268398,0.0509883592765609,27,176,839,0,NA,FALSE,FALSE
ips_acu,borer,C,pan_fla,defoliator,-0.017401633371073554,0.027699793893564015,inconsistent,"CZ,DE,LT,PL",0,441,inconsistent,4,-0.1292320320806357,0.3395087814347363,21,48,839,0,NA,FALSE,FALSE
ips_acu,borer,C,den_mic,borer,0.005844293675881043,0.10727102911460065,inconsistent,"CZ,LT",0,46,inconsistent,2,-0.01390889014080843,0.02559747749257052,2,6,839,0,NA,FALSE,FALSE
ips_acu,borer,C,mel_spp,defoliator,9.433930643531443e-4,-0.012329671949844752,inconsistent,"DE,PL",0,458,inconsistent,2,-0.03718610766230662,0.08875678867726654,22,92,839,0,NA,FALSE,FALSE
ips_acu,borer,C,sco_sco,borer,3.8587904247209203e-4,-0.0013366180045702978,inconsistent,"DE,LT",0,115,inconsistent,2,-0.5289940261531664,0.1327308553413817,5,16,839,0,NA,FALSE,FALSE
ips_acu,borer,C,clo_ana,defoliator,NA,NA,insufficient data,NA,2.7413587604290823,0,insufficient data,0,NA,NA,0,0,839,23,RO,FALSE,FALSE
ips_ami,borer,C,ope_spp,defoliator,0.5319562092489521,0.4917549893619408,insufficient data,DE,0,23,insufficient data,1,0.5319562092489521,0.5319562092489521,1,5,1426,0,NA,TRUE,FALSE
ips_ami,borer,C,xyl_lin,borer,0.3835526025622549,0.19323021952537317,insufficient data,DE,0,46,insufficient data,1,0.3835526025622549,0.3835526025622549,2,9,1426,0,NA,FALSE,FALSE
ips_ami,borer,C,sco_sco,borer,0.3575384771325581,0.2127392602442819,insufficient data,DE,1.6129032258064515,46,insufficient data,1,0.3575384771325581,0.3575384771325581,2,5,1426,23,LT,TRUE,FALSE
ips_ami,borer,C,era_def,defoliator,0.34190697442748985,0.2220784764102165,insufficient data,DE,0,46,insufficient data,1,0.34190697442748985,0.34190697442748985,2,7,1426,0,NA,TRUE,FALSE
ips_ami,borer,C,tor_vir,defoliator,0.3188396202796396,0.18247239874123186,insufficient data,DE,28.68162692847125,46,insufficient data,1,0.3188396202796396,0.3188396202796396,2,7,1426,409,"BG,LT,PL,RO",FALSE,FALSE
ips_ami,borer,C,agr_big,borer,0.3081380685253343,0.3008706814354196,insufficient data,DE,23.842917251051894,46,insufficient data,1,0.3081380685253343,0.3081380685253343,2,7,1426,340,PL,TRUE,FALSE
ips_ami,borer,C,tet_gab,borer,0.2830422997424196,0.23988872902070202,insufficient data,DE,26.157082748948106,46,insufficient data,1,0.2830422997424196,0.2830422997424196,2,4,1426,373,"AT,CZ",TRUE,FALSE
ips_ami,borer,C,lym_mon,defoliator,-0.26067803201986134,-0.3588545804769921,insufficient data,DE,38.35904628330996,23,insufficient data,1,-0.26067803201986134,-0.26067803201986134,1,1,1426,547,"CZ,LT,PL",TRUE,FALSE
ips_ami,borer,C,tha_pit,defoliator,-0.23975398474086962,0.005770398590368004,insufficient data,DE,2.8751753155680224,23,insufficient data,1,-0.23975398474086962,-0.23975398474086962,1,0,1426,41,"BG,HR",FALSE,FALSE
ips_ami,borer,C,bup_pin,defoliator,0.2325004055948246,-0.16853699625436697,insufficient data,DE,23.842917251051894,23,insufficient data,1,0.2325004055948246,0.2325004055948246,1,2,1426,340,PL,FALSE,FALSE
ips_ami,borer,C,sco_int,borer,0.22680942530306233,0.26726903228112253,insufficient data,DE,12.903225806451612,46,insufficient data,1,0.22680942530306233,0.22680942530306233,2,3,1426,184,CZ,TRUE,FALSE
ips_ami,borer,C,xyl_spp,borer,0.2110998605754242,-0.038752904183766104,insufficient data,DE,0,46,insufficient data,1,0.2110998605754242,0.2110998605754242,2,4,1426,0,NA,FALSE,FALSE
ips_ami,borer,C,mel_spp,defoliator,-0.17267375081949468,-0.2611238001920939,insufficient data,DE,23.842917251051894,23,insufficient data,1,-0.17267375081949468,-0.17267375081949468,1,0,1426,340,PL,TRUE,FALSE
ips_ami,borer,C,dip_sp,defoliator,-0.1699389648885799,-0.3218047761715999,insufficient data,DE,38.70967741935484,23,insufficient data,1,-0.1699389648885799,-0.1699389648885799,1,2,1426,552,"AT,LT,PL",TRUE,FALSE
ips_ami,borer,C,uro_sir_spp,borer,-0.16489564030321066,0.022451909825529227,insufficient data,DE,0,23,insufficient data,1,-0.16489564030321066,-0.16489564030321066,1,0,1426,0,NA,FALSE,FALSE
ips_ami,borer,C,den_mic,borer,-0.16489564030321066,-0.10143782374342952,insufficient data,DE,14.516129032258064,23,insufficient data,1,-0.16489564030321066,-0.16489564030321066,1,0,1426,207,"CZ,LT",FALSE,FALSE
ips_ami,borer,C,pis_pin,borer,0.1643202189393955,0.08072899841742162,insufficient data,DE,1.6129032258064515,23,insufficient data,1,0.1643202189393955,0.1643202189393955,1,2,1426,23,LT,FALSE,FALSE
ips_ami,borer,C,den_pin,defoliator,0.15747503237031577,0.030463596339687517,insufficient data,DE,25.455820476858346,23,insufficient data,1,0.15747503237031577,0.15747503237031577,1,2,1426,363,"LT,PL",FALSE,FALSE
ips_ami,borer,C,sco_rat,borer,0.15274117389643582,0.09279420264576219,insufficient data,DE,14.516129032258064,23,insufficient data,1,0.15274117389643582,0.15274117389643582,1,2,1426,207,"CZ,LT",FALSE,FALSE
ips_ami,borer,C,pri_abi,defoliator,0.14869694535119574,-0.02840499776672619,insufficient data,DE,12.903225806451612,23,insufficient data,1,0.14869694535119574,0.14869694535119574,1,1,1426,184,CZ,FALSE,FALSE
ips_ami,borer,C,Def_dec&DB,defoliator,-0.1482438477178945,-0.04097756985519248,insufficient data,DE,26.157082748948106,23,insufficient data,1,-0.1482438477178945,-0.1482438477178945,1,0,1426,373,"AT,CZ",FALSE,TRUE
ips_ami,borer,C,pha_cya,borer,-0.14741145945235332,-0.3617941706092791,insufficient data,DE,51.61290322580645,46,insufficient data,1,-0.14741145945235332,-0.14741145945235332,2,2,1426,736,"AT,CZ,LT,PL",TRUE,FALSE
ips_ami,borer,C,ips_typ,borer,-0.13570534654602873,0.025966992909157074,insufficient data,DE,80.15427769985975,46,insufficient data,1,-0.13570534654602873,-0.13570534654602873,2,9,1426,1143,"AT,BG,CH,CZ,FI,HR,HU,IT,LT,PL,RO,RS,SE,SI,SK",FALSE,FALSE
ips_ami,borer,C,lym_dis,defoliator,-0.13235301453945433,-0.03395079652791259,insufficient data,DE,37.02664796633941,23,insufficient data,1,-0.13235301453945433,-0.13235301453945433,1,0,1426,528,"AT,BG,CZ,HR,HU,LT,RO,RS,SK",FALSE,FALSE
ips_ami,borer,C,pan_fla,defoliator,0.12092384780681295,-9.382744889226474e-4,insufficient data,DE,38.35904628330996,23,insufficient data,1,0.12092384780681295,0.12092384780681295,1,1,1426,547,"CZ,LT,PL",FALSE,FALSE
ips_ami,borer,C,tet_spp,borer,-0.11020898297785141,-0.21061735721164362,insufficient data,DE,0,46,insufficient data,1,-0.11020898297785141,-0.11020898297785141,2,3,1426,0,NA,TRUE,FALSE
ips_ami,borer,C,geo_db,defoliator,-0.08509664615990228,0.1856859319082963,insufficient data,DE,29.94389901823282,23,insufficient data,1,-0.08509664615990228,-0.08509664615990228,1,0,1426,427,"BG,HR,LT,PL,RO",FALSE,FALSE
ips_ami,borer,C,tom_spp,borer,-0.07414805479336577,-0.33077645036861836,insufficient data,DE,51.61290322580645,46,insufficient data,1,-0.07414805479336577,-0.07414805479336577,2,3,1426,736,"AT,CZ,LT,PL",TRUE,FALSE
ips_ami,borer,C,pit_cha,borer,0.07346028329919875,0.14499444735929196,insufficient data,DE,19.635343618513325,46,insufficient data,1,0.07346028329919875,0.07346028329919875,2,9,1426,280,"AT,IT,LT,SI,SK",FALSE,FALSE
ips_ami,borer,C,ips_sex,borer,-0.06668262929957959,-0.21001166030187193,insufficient data,DE,14.165497896213184,23,insufficient data,1,-0.06668262929957959,-0.06668262929957959,1,2,1426,202,"BG,CZ",TRUE,FALSE
ips_ami,borer,C,agr_vir,borer,-0.06261931301983985,-0.006283194520040653,insufficient data,DE,0,46,insufficient data,1,-0.06261931301983985,-0.06261931301983985,2,1,1426,0,NA,FALSE,FALSE
ips_ami,borer,C,sap_car,borer,-0.058827447453991225,NA,insufficient data,DE,0,23,insufficient data,1,-0.058827447453991225,-0.058827447453991225,1,0,1426,0,NA,FALSE,FALSE
ips_ami,borer,C,ips_acu,borer,-0.041114849524094416,-0.002625318340097152,insufficient data,DE,41.164095371669006,23,insufficient data,1,-0.041114849524094416,-0.041114849524094416,1,1,1426,587,"BG,CZ,LT,PL,SK",FALSE,FALSE
ips_ami,borer,C,tha_pro,defoliator,-0.035764258743985505,-0.06369099743811753,insufficient data,DE,0,46,insufficient data,1,-0.035764258743985505,-0.035764258743985505,2,1,1426,0,NA,FALSE,FALSE
ips_ami,borer,C,pit_bid,borer,0.027711524102041963,-0.03492590045649884,insufficient data,DE,0,23,insufficient data,1,0.027711524102041963,0.027711524102041963,1,2,1426,0,NA,FALSE,FALSE
ips_ami,borer,C,ips_cem,borer,-0.005332224534492878,0.10000049409267049,insufficient data,DE,0,46,insufficient data,1,-0.005332224534492878,-0.005332224534492878,2,6,1426,0,NA,FALSE,FALSE
ips_ami,borer,C,ips_dup,borer,NA,NA,insufficient data,NA,15.918653576437588,0,insufficient data,0,NA,NA,0,0,1426,227,"CZ,RO,SK",FALSE,FALSE
ips_ami,borer,C,neo_ser,defoliator,NA,NA,insufficient data,NA,14.165497896213184,0,insufficient data,0,NA,NA,0,0,1426,202,"BG,CZ",FALSE,FALSE
ips_ami,borer,C,pit_spp,borer,NA,NA,insufficient data,NA,29.38288920056101,0,insufficient data,0,NA,NA,0,0,1426,419,"AT,CZ,HR,SI",FALSE,FALSE
ips_ami,borer,C,pol_pol,borer,NA,NA,insufficient data,NA,14.516129032258064,0,insufficient data,0,NA,NA,0,0,1426,207,"CZ,LT",FALSE,FALSE
ips_ami,borer,C,zei_gri,defoliator,NA,NA,insufficient data,NA,12.903225806451612,0,insufficient data,0,NA,NA,0,0,1426,184,CZ,FALSE,FALSE
ips_ami,borer,C,CambXyl_con&BB_con&BO,borer,NA,NA,insufficient data,NA,14.866760168302946,0,insufficient data,0,NA,NA,0,0,1426,212,"AT,HR",FALSE,TRUE
ips_ami,borer,C,CambXyl_con&BB_con&SM,borer,NA,NA,insufficient data,NA,0,0,insufficient data,0,NA,NA,0,0,1426,0,NA,FALSE,TRUE
ips_ami,borer,C,CambXyl_con&BO,borer,NA,NA,insufficient data,NA,1.6129032258064515,0,insufficient data,0,NA,NA,0,0,1426,23,SI,FALSE,TRUE
ips_ami,borer,C,CambXyl_con&MD,borer,NA,NA,insufficient data,NA,12.903225806451612,0,insufficient data,0,NA,NA,0,0,1426,184,CZ,FALSE,TRUE
ips_ami,borer,C,Def_dec,defoliator,NA,NA,insufficient data,NA,0,0,insufficient data,0,NA,NA,0,0,1426,0,NA,FALSE,TRUE
ips_ami,borer,C,cep_spp,defoliator,NA,NA,insufficient data,NA,12.903225806451612,0,insufficient data,0,NA,NA,0,0,1426,184,CZ,FALSE,FALSE
ips_ami,borer,C,clo_ana,defoliator,NA,NA,insufficient data,NA,1.6129032258064515,0,insufficient data,0,NA,NA,0,0,1426,23,RO,FALSE,FALSE
ips_cem,borer,B,pit_cha,borer,0.5794674466791996,0.5073575272653552,insufficient data,DE,19.635343618513325,253,insufficient data,1,0.5794674466791996,0.5794674466791996,11,184,1426,280,"AT,IT,LT,SI,SK",TRUE,FALSE
ips_cem,borer,B,ips_typ,borer,0.5628439496475026,0.4568084600907263,insufficient data,DE,80.15427769985975,253,insufficient data,1,0.5628439496475026,0.5628439496475026,11,188,1426,1143,"AT,BG,CH,CZ,FI,HR,HU,IT,LT,PL,RO,RS,SE,SI,SK",TRUE,FALSE
ips_cem,borer,B,pha_cya,borer,0.501503437783238,0.4380172805427547,insufficient data,DE,51.61290322580645,253,insufficient data,1,0.501503437783238,0.501503437783238,11,172,1426,736,"AT,CZ,LT,PL",TRUE,FALSE
ips_cem,borer,B,pis_pin,borer,0.42083512509871746,0.29647642532982627,insufficient data,DE,1.6129032258064515,161,insufficient data,1,0.42083512509871746,0.42083512509871746,7,62,1426,23,LT,TRUE,FALSE
ips_cem,borer,B,ips_acu,borer,0.4043776576322786,0.36630251970781685,insufficient data,DE,41.164095371669006,161,insufficient data,1,0.4043776576322786,0.4043776576322786,7,58,1426,587,"BG,CZ,LT,PL,SK",TRUE,FALSE
ips_cem,borer,B,tet_gab,borer,0.40139010006928144,0.3835359345646558,insufficient data,DE,26.157082748948106,207,insufficient data,1,0.40139010006928144,0.40139010006928144,9,87,1426,373,"AT,CZ",TRUE,FALSE
ips_cem,borer,B,pit_spp,borer,0.3874720404102154,1.7915386292261608e-4,insufficient data,DE,29.38288920056101,92,insufficient data,1,0.3874720404102154,0.3874720404102154,4,57,1426,419,"AT,CZ,HR,SI",FALSE,FALSE
ips_cem,borer,B,ips_sex,borer,0.36730916595009067,0.30453456667600287,insufficient data,DE,14.165497896213184,184,insufficient data,1,0.36730916595009067,0.36730916595009067,8,79,1426,202,"BG,CZ",TRUE,FALSE
ips_cem,borer,B,sco_rat,borer,0.35525391499078646,0.44951264706817856,insufficient data,DE,14.516129032258064,69,insufficient data,1,0.35525391499078646,0.35525391499078646,3,37,1426,207,"CZ,LT",TRUE,FALSE
ips_cem,borer,B,tom_spp,borer,0.32566979690656916,0.319882158874989,insufficient data,DE,51.61290322580645,253,insufficient data,1,0.32566979690656916,0.32566979690656916,11,162,1426,736,"AT,CZ,LT,PL",TRUE,FALSE
ips_cem,borer,B,agr_big,borer,0.3015366518934127,0.31487883988062465,insufficient data,DE,23.842917251051894,253,insufficient data,1,0.3015366518934127,0.3015366518934127,11,136,1426,340,PL,TRUE,FALSE
ips_cem,borer,C,CambXyl_con&BB_con&SM,borer,-0.5963053050449754,-0.1647162412218006,insufficient data,DE,0,46,insufficient data,1,-0.5963053050449754,-0.5963053050449754,2,14,1426,0,NA,FALSE,TRUE
ips_cem,borer,C,CambXyl_con&MD,borer,-0.5080285918640388,-0.4264493068742526,insufficient data,DE,12.903225806451612,23,insufficient data,1,-0.5080285918640388,-0.5080285918640388,1,11,1426,184,CZ,TRUE,TRUE
ips_cem,borer,C,pit_bid,borer,0.5050950140642676,0.3354984734379648,insufficient data,DE,0,115,insufficient data,1,0.5050950140642676,0.5050950140642676,5,63,1426,0,NA,TRUE,FALSE
ips_cem,borer,C,sap_car,borer,0.346239912168909,NA,insufficient data,DE,0,23,insufficient data,1,0.346239912168909,0.346239912168909,1,1,1426,0,NA,FALSE,FALSE
ips_cem,borer,C,xyl_spp,borer,0.3436019344431189,0.2549609707765595,insufficient data,DE,0,253,insufficient data,1,0.3436019344431189,0.3436019344431189,11,122,1426,0,NA,TRUE,FALSE
ips_cem,borer,C,tet_spp,borer,0.30918644201167683,0.30296130331186344,insufficient data,DE,0,184,insufficient data,1,0.30918644201167683,0.30918644201167683,8,73,1426,0,NA,TRUE,FALSE
ips_cem,borer,C,xyl_lin,borer,0.2911769923497923,0.22678764639118434,insufficient data,DE,0,230,insufficient data,1,0.2911769923497923,0.2911769923497923,10,137,1426,0,NA,TRUE,FALSE
ips_cem,borer,C,agr_vir,borer,0.2848920006194881,0.2515308280070094,insufficient data,DE,0,207,insufficient data,1,0.2848920006194881,0.2848920006194881,9,53,1426,0,NA,TRUE,FALSE
ips_cem,borer,C,den_mic,borer,0.2775572961866366,0.05787424030516142,insufficient data,DE,14.516129032258064,23,insufficient data,1,0.2775572961866366,0.2775572961866366,1,1,1426,207,"CZ,LT",FALSE,FALSE
ips_cem,borer,C,uro_sir_spp,borer,0.2577401890352104,0.21047724557374253,insufficient data,DE,0,92,insufficient data,1,0.2577401890352104,0.2577401890352104,4,12,1426,0,NA,TRUE,FALSE
ips_cem,borer,C,dip_sp,defoliator,0.2490732508163989,0.21515426719194908,insufficient data,DE,38.70967741935484,207,insufficient data,1,0.2490732508163989,0.2490732508163989,9,55,1426,552,"AT,LT,PL",TRUE,FALSE
ips_cem,borer,C,lym_dis,defoliator,0.24787380718169388,0.17160840143968376,insufficient data,DE,37.02664796633941,207,insufficient data,1,0.24787380718169388,0.24787380718169388,9,79,1426,528,"AT,BG,CZ,HR,HU,LT,RO,RS,SK",FALSE,FALSE
ips_cem,borer,C,geo_db,defoliator,-0.21961812680275922,-0.03525344425836247,insufficient data,DE,29.94389901823282,161,insufficient data,1,-0.21961812680275922,-0.21961812680275922,7,46,1426,427,"BG,HR,LT,PL,RO",FALSE,FALSE
ips_cem,borer,C,den_pin,defoliator,0.21790087112659803,0.10604888525086914,insufficient data,DE,25.455820476858346,115,insufficient data,1,0.21790087112659803,0.21790087112659803,5,33,1426,363,"LT,PL",FALSE,FALSE
ips_cem,borer,C,neo_ser,defoliator,0.21391879719449855,0.015455804844248352,insufficient data,DE,14.165497896213184,46,insufficient data,1,0.21391879719449855,0.21391879719449855,2,12,1426,202,"BG,CZ",FALSE,FALSE
ips_cem,borer,C,bup_pin,defoliator,0.2035466331704299,0.17148559630402746,insufficient data,DE,23.842917251051894,184,insufficient data,1,0.2035466331704299,0.2035466331704299,8,52,1426,340,PL,FALSE,FALSE
ips_cem,borer,C,ope_spp,defoliator,0.19609558506538374,0.23594052294787368,insufficient data,DE,0,207,insufficient data,1,0.19609558506538374,0.19609558506538374,9,44,1426,0,NA,TRUE,FALSE
ips_cem,borer,C,Def_dec,defoliator,-0.19007771378048055,-0.029321966133890466,insufficient data,DE,0,46,insufficient data,1,-0.19007771378048055,-0.19007771378048055,2,2,1426,0,NA,FALSE,TRUE
ips_cem,borer,C,tha_pit,defoliator,0.1851310882907218,0.29551961058258547,insufficient data,DE,2.8751753155680224,23,insufficient data,1,0.1851310882907218,0.1851310882907218,1,11,1426,41,"BG,HR",TRUE,FALSE
ips_cem,borer,C,pan_fla,defoliator,0.17215975678270967,0.0268312565261344,insufficient data,DE,38.35904628330996,138,insufficient data,1,0.17215975678270967,0.17215975678270967,6,29,1426,547,"CZ,LT,PL",FALSE,FALSE
ips_cem,borer,C,zei_gri,defoliator,-0.15296503764945543,-0.20771879122525042,insufficient data,DE,12.903225806451612,23,insufficient data,1,-0.15296503764945543,-0.15296503764945543,1,4,1426,184,CZ,TRUE,FALSE
ips_cem,borer,C,sco_int,borer,0.14802038054405475,0.24191476226764225,insufficient data,DE,12.903225806451612,184,insufficient data,1,0.14802038054405475,0.14802038054405475,8,64,1426,184,CZ,TRUE,FALSE
ips_cem,borer,C,Def_dec&DB,defoliator,0.14678734690646594,0.14209879872884892,insufficient data,DE,26.157082748948106,161,insufficient data,1,0.14678734690646594,0.14678734690646594,7,60,1426,373,"AT,CZ",FALSE,TRUE
ips_cem,borer,C,mel_spp,defoliator,0.13842853847036135,0.13690204395967798,insufficient data,DE,23.842917251051894,207,insufficient data,1,0.13842853847036135,0.13842853847036135,9,77,1426,340,PL,FALSE,FALSE
ips_cem,borer,C,sco_sco,borer,0.09250077641770556,0.16807574733272307,insufficient data,DE,1.6129032258064515,115,insufficient data,1,0.09250077641770556,0.09250077641770556,5,25,1426,23,LT,FALSE,FALSE
ips_cem,borer,C,tha_pro,defoliator,0.08897845839668189,0.18714785168275483,insufficient data,DE,0,230,insufficient data,1,0.08897845839668189,0.08897845839668189,10,99,1426,0,NA,FALSE,FALSE
ips_cem,borer,C,lym_mon,defoliator,0.0740770553209341,0.07402409845340172,insufficient data,DE,38.35904628330996,184,insufficient data,1,0.0740770553209341,0.0740770553209341,8,54,1426,547,"CZ,LT,PL",FALSE,FALSE
ips_cem,borer,C,tor_vir,defoliator,0.06991147851734973,0.13143790225221963,insufficient data,DE,28.68162692847125,230,insufficient data,1,0.06991147851734973,0.06991147851734973,10,97,1426,409,"BG,LT,PL,RO",FALSE,FALSE
ips_cem,borer,C,CambXyl_con&BO,borer,0.0690729314005082,0.23468678824502287,insufficient data,DE,1.6129032258064515,46,insufficient data,1,0.0690729314005082,0.0690729314005082,2,11,1426,23,SI,TRUE,TRUE
ips_cem,borer,C,pri_abi,defoliator,0.03719055316979803,0.06695885205292612,insufficient data,DE,12.903225806451612,184,insufficient data,1,0.03719055316979803,0.03719055316979803,8,48,1426,184,CZ,FALSE,FALSE
ips_cem,borer,C,era_def,defoliator,-0.036534098354328616,0.044817475253700674,insufficient data,DE,0,230,insufficient data,1,-0.036534098354328616,-0.036534098354328616,10,35,1426,0,NA,FALSE,FALSE
ips_cem,borer,C,CambXyl_con&BB_con&BO,borer,0.02424894799108295,0.2699165751872373,insufficient data,DE,14.866760168302946,69,insufficient data,1,0.02424894799108295,0.02424894799108295,3,22,1426,212,"AT,HR",TRUE,TRUE
ips_cem,borer,C,ips_ami,borer,-0.005332224534492878,0.10000049409267049,insufficient data,DE,0,46,insufficient data,1,-0.005332224534492878,-0.005332224534492878,2,6,1426,0,NA,FALSE,FALSE
ips_cem,borer,C,ips_dup,borer,NA,NA,insufficient data,NA,15.918653576437588,0,insufficient data,0,NA,NA,0,0,1426,227,"CZ,RO,SK",FALSE,FALSE
ips_cem,borer,C,pol_pol,borer,NA,NA,insufficient data,NA,14.516129032258064,0,insufficient data,0,NA,NA,0,0,1426,207,"CZ,LT",FALSE,FALSE
ips_cem,borer,C,cep_spp,defoliator,NA,NA,insufficient data,NA,12.903225806451612,0,insufficient data,0,NA,NA,0,0,1426,184,CZ,FALSE,FALSE
ips_cem,borer,C,clo_ana,defoliator,NA,NA,insufficient data,NA,1.6129032258064515,0,insufficient data,0,NA,NA,0,0,1426,23,RO,FALSE,FALSE
ips_dup,borer,B,pit_spp,borer,0.6416633164268658,0.15040880326765643,insufficient data,CZ,37.56476683937824,184,insufficient data,1,0.6416633164268658,0.6416633164268658,8,125,1544,580,"AT,DE,HR,SI",FALSE,FALSE
ips_dup,borer,B,pri_abi,defoliator,-0.5704777170785686,-0.08747847739198707,insufficient data,CZ,22.344559585492227,161,insufficient data,1,-0.5704777170785686,-0.5704777170785686,7,94,1544,345,DE,FALSE,FALSE
ips_dup,borer,B,tom_spp,borer,0.5594019061776835,0.05237689511125323,insufficient data,CZ,58.09585492227979,184,insufficient data,1,0.5594019061776835,0.5594019061776835,8,150,1544,897,"AT,DE,LT,PL",FALSE,FALSE
ips_dup,borer,B,ips_acu,borer,0.5118176598021795,0.12784238472089895,consistent,"CZ,SK",47.08549222797927,205,consistent,2,0.5112240857466919,0.5173238781506965,9,161,1544,727,"BG,DE,LT,PL,SK",FALSE,FALSE
ips_dup,borer,B,ips_sex,borer,0.48819117600825906,0.008088375132060593,insufficient data,CZ,23.510362694300518,184,insufficient data,1,0.48819117600825906,0.48819117600825906,8,136,1544,363,"BG,DE",FALSE,FALSE
ips_dup,borer,B,pha_cya,borer,0.3887651601013897,0.03153580333940368,insufficient data,CZ,58.09585492227979,184,insufficient data,1,0.3887651601013897,0.3887651601013897,8,134,1544,897,"AT,DE,LT,PL",FALSE,FALSE
ips_dup,borer,B,sco_rat,borer,0.3479730093302379,0.02636170763150118,insufficient data,CZ,23.83419689119171,184,insufficient data,1,0.3479730093302379,0.3479730093302379,8,80,1544,368,"DE,LT",FALSE,FALSE
ips_dup,borer,B,CambXyl_con&MD,borer,0.32381019760645086,0.008906729338813138,insufficient data,CZ,22.344559585492227,184,insufficient data,1,0.32381019760645086,0.32381019760645086,8,120,1544,345,DE,FALSE,TRUE
ips_dup,borer,C,ips_typ,borer,0.6975451525059526,0.21267587331046936,inconsistent,"CZ,RO,SK",81.67098445595855,227,inconsistent,3,-0.3944671374019965,0.8195872083434662,10,183,1544,1261,"AT,BG,CH,DE,FI,HR,HU,IT,LT,PL,RS,SE,SI,SK",TRUE,FALSE
ips_dup,borer,C,clo_ana,defoliator,0.5583304608419918,NA,insufficient data,RO,0.06476683937823834,22,insufficient data,1,0.5583304608419918,0.5583304608419918,1,3,1544,1,RO,FALSE,FALSE
ips_dup,borer,C,den_mic,borer,-0.4087510131576323,-0.015864476295679865,insufficient data,CZ,23.83419689119171,23,insufficient data,1,-0.4087510131576323,-0.4087510131576323,1,1,1544,368,"DE,LT",FALSE,FALSE
ips_dup,borer,C,neo_ser,defoliator,-0.39445704818924987,-0.008130472862178655,insufficient data,CZ,23.510362694300518,46,insufficient data,1,-0.39445704818924987,-0.39445704818924987,2,2,1544,363,"BG,DE",FALSE,FALSE
ips_dup,borer,C,geo_db,defoliator,-0.3392287054820189,-0.04567643277961245,insufficient data,RO,48.575129533678755,22,insufficient data,1,-0.3392287054820189,-0.3392287054820189,1,4,1544,750,"BG,DE,HR,LT,PL,RO",FALSE,FALSE
ips_dup,borer,C,pan_fla,defoliator,0.32904230358377695,0.4491571631350562,insufficient data,CZ,45.854922279792746,23,insufficient data,1,0.32904230358377695,0.32904230358377695,1,1,1544,708,"DE,LT,PL",TRUE,FALSE
ips_dup,borer,C,tet_gab,borer,-0.31806627958700223,-0.029419079372568845,insufficient data,CZ,34.58549222797927,46,insufficient data,1,-0.31806627958700223,-0.31806627958700223,2,4,1544,534,"AT,DE",FALSE,FALSE
ips_dup,borer,C,cep_spp,defoliator,-0.26750068839798585,-0.0017580498669795578,insufficient data,CZ,0,161,insufficient data,1,-0.26750068839798585,-0.26750068839798585,7,91,1544,0,NA,FALSE,FALSE
ips_dup,borer,C,Def_dec&DB,defoliator,-0.25020303855968506,0.07316051201733129,insufficient data,CZ,34.58549222797927,184,insufficient data,1,-0.25020303855968506,-0.25020303855968506,8,96,1544,534,"AT,DE",FALSE,TRUE
ips_dup,borer,C,tor_vir,defoliator,-0.23181160141943202,0.5094007000414424,insufficient data,RO,47.409326424870464,22,insufficient data,1,-0.23181160141943202,-0.23181160141943202,1,6,1544,732,"BG,DE,LT,PL,RO",FALSE,FALSE
ips_dup,borer,C,pit_cha,borer,-0.16718987394725757,0.3376826194703534,insufficient data,SK,39.119170984455955,21,insufficient data,1,-0.16718987394725757,-0.16718987394725757,1,21,1544,604,"AT,DE,IT,LT,SI,SK",FALSE,FALSE
ips_dup,borer,C,lym_dis,defoliator,0.15564972812567052,-0.0771820489426577,inconsistent,"CZ,RO,SK",41.83937823834197,181,consistent,3,-0.7540658445505445,0.3807123539394081,8,28,1544,646,"AT,BG,DE,HR,HU,LT,RO,RS,SK",FALSE,FALSE
ips_dup,borer,C,pol_pol,borer,0.12934763165336186,0.06634340538175333,insufficient data,CZ,1.4896373056994818,184,insufficient data,1,0.12934763165336186,0.12934763165336186,8,132,1544,23,LT,FALSE,FALSE
ips_dup,borer,C,lym_mon,defoliator,-0.1283818841158283,0.03740859169798879,insufficient data,CZ,45.854922279792746,138,insufficient data,1,-0.1283818841158283,-0.1283818841158283,6,81,1544,708,"DE,LT,PL",FALSE,FALSE
ips_dup,borer,C,sco_int,borer,0.12352900798641978,0.013564064202672208,insufficient data,CZ,22.344559585492227,184,insufficient data,1,0.12352900798641978,0.12352900798641978,8,86,1544,345,DE,FALSE,FALSE
ips_dup,borer,C,zei_gri,defoliator,0.07410008759150935,0.018611316737836926,insufficient data,CZ,22.344559585492227,161,insufficient data,1,0.07410008759150935,0.07410008759150935,7,69,1544,345,DE,FALSE,FALSE
ips_dup,borer,C,mel_spp,defoliator,NA,NA,insufficient data,NA,44.365284974093264,0,insufficient data,0,NA,NA,0,0,1544,685,"DE,PL",FALSE,FALSE
ips_dup,borer,C,ope_spp,defoliator,NA,NA,insufficient data,NA,22.344559585492227,0,insufficient data,0,NA,NA,0,0,1544,345,DE,FALSE,FALSE
ips_dup,borer,C,pis_pin,borer,NA,NA,insufficient data,NA,23.83419689119171,0,insufficient data,0,NA,NA,0,0,1544,368,"DE,LT",FALSE,FALSE
ips_dup,borer,C,pit_bid,borer,NA,NA,insufficient data,NA,22.344559585492227,0,insufficient data,0,NA,NA,0,0,1544,345,DE,FALSE,FALSE
ips_dup,borer,C,sap_car,borer,NA,NA,insufficient data,NA,22.344559585492227,0,insufficient data,0,NA,NA,0,0,1544,345,DE,FALSE,FALSE
ips_dup,borer,C,sco_sco,borer,NA,NA,insufficient data,NA,23.83419689119171,0,insufficient data,0,NA,NA,0,0,1544,368,"DE,LT",FALSE,FALSE
ips_dup,borer,C,tet_spp,borer,NA,NA,insufficient data,NA,22.344559585492227,0,insufficient data,0,NA,NA,0,0,1544,345,DE,FALSE,FALSE
ips_dup,borer,C,tha_pit,defoliator,NA,NA,insufficient data,NA,25,0,insufficient data,0,NA,NA,0,0,1544,386,"BG,DE,HR",FALSE,FALSE
ips_dup,borer,C,tha_pro,defoliator,NA,NA,insufficient data,NA,22.344559585492227,0,insufficient data,0,NA,NA,0,0,1544,345,DE,FALSE,FALSE
ips_dup,borer,C,uro_sir_spp,borer,NA,NA,insufficient data,NA,22.344559585492227,0,insufficient data,0,NA,NA,0,0,1544,345,DE,FALSE,FALSE
ips_dup,borer,C,xyl_lin,borer,NA,NA,insufficient data,NA,22.344559585492227,0,insufficient data,0,NA,NA,0,0,1544,345,DE,FALSE,FALSE
ips_dup,borer,C,xyl_spp,borer,NA,NA,insufficient data,NA,22.344559585492227,0,insufficient data,0,NA,NA,0,0,1544,345,DE,FALSE,FALSE
ips_dup,borer,C,CambXyl_con&BB_con&BO,borer,NA,NA,insufficient data,NA,36.075129533678755,0,insufficient data,0,NA,NA,0,0,1544,557,"AT,DE,HR",FALSE,TRUE
ips_dup,borer,C,CambXyl_con&BB_con&SM,borer,NA,NA,insufficient data,NA,22.344559585492227,0,insufficient data,0,NA,NA,0,0,1544,345,DE,FALSE,TRUE
ips_dup,borer,C,CambXyl_con&BO,borer,NA,NA,insufficient data,NA,23.83419689119171,0,insufficient data,0,NA,NA,0,0,1544,368,"DE,SI",FALSE,TRUE
ips_dup,borer,C,Def_dec,defoliator,NA,NA,insufficient data,NA,22.344559585492227,0,insufficient data,0,NA,NA,0,0,1544,345,DE,FALSE,TRUE
ips_dup,borer,C,agr_big,borer,NA,NA,insufficient data,NA,44.365284974093264,0,insufficient data,0,NA,NA,0,0,1544,685,"DE,PL",FALSE,FALSE
ips_dup,borer,C,agr_vir,borer,NA,NA,insufficient data,NA,22.344559585492227,0,insufficient data,0,NA,NA,0,0,1544,345,DE,FALSE,FALSE
ips_dup,borer,C,bup_pin,defoliator,NA,NA,insufficient data,NA,44.365284974093264,0,insufficient data,0,NA,NA,0,0,1544,685,"DE,PL",FALSE,FALSE
ips_dup,borer,C,den_pin,defoliator,NA,NA,insufficient data,NA,45.854922279792746,0,insufficient data,0,NA,NA,0,0,1544,708,"DE,LT,PL",FALSE,FALSE
ips_dup,borer,C,dip_sp,defoliator,NA,NA,insufficient data,NA,58.09585492227979,0,insufficient data,0,NA,NA,0,0,1544,897,"AT,DE,LT,PL",FALSE,FALSE
ips_dup,borer,C,era_def,defoliator,NA,NA,insufficient data,NA,22.344559585492227,0,insufficient data,0,NA,NA,0,0,1544,345,DE,FALSE,FALSE
ips_dup,borer,C,ips_ami,borer,NA,NA,insufficient data,NA,22.344559585492227,0,insufficient data,0,NA,NA,0,0,1544,345,DE,FALSE,FALSE
ips_dup,borer,C,ips_cem,borer,NA,NA,insufficient data,NA,22.344559585492227,0,insufficient data,0,NA,NA,0,0,1544,345,DE,FALSE,FALSE
ips_sex,borer,A,pha_cya,borer,0.5083318670172224,0.4191066172070308,consistent,"CZ,DE",45.09803921568628,368,consistent,2,0.45158818122522104,0.565075552809224,16,207,1224,552,"AT,LT,PL",TRUE,FALSE
ips_sex,borer,A,tom_spp,borer,0.4735130068663596,0.36776000215464966,consistent,"CZ,DE",45.09803921568628,368,consistent,2,0.33819666393979164,0.6088293497929277,16,220,1224,552,"AT,LT,PL",TRUE,FALSE
ips_sex,borer,A,ips_acu,borer,0.4483831596781036,0.3025601855967626,consistent,"BG,CZ,DE",31.454248366013072,340,consistent,3,0.3004119235242232,0.551972021351017,15,197,1224,385,"LT,PL,SK",TRUE,FALSE
ips_sex,borer,B,ips_dup,borer,0.48819117600825906,0.008088375132060593,insufficient data,CZ,3.5130718954248366,184,insufficient data,1,0.48819117600825906,0.48819117600825906,8,136,1224,43,"RO,SK",FALSE,FALSE
ips_sex,borer,B,pis_pin,borer,0.3714874913521598,0.28097810345902857,insufficient data,DE,1.8790849673202614,138,insufficient data,1,0.3714874913521598,0.3714874913521598,6,51,1224,23,LT,TRUE,FALSE
ips_sex,borer,B,sco_rat,borer,0.35142625797883975,0.189627778676756,consistent,"CZ,DE",1.8790849673202614,253,inconsistent,2,0.32638183034793106,0.4182113983279296,11,111,1224,23,LT,FALSE,FALSE
ips_sex,borer,B,pit_cha,borer,0.3465202285444606,0.29314799061054403,insufficient data,DE,22.875816993464053,184,insufficient data,1,0.3465202285444606,0.3465202285444606,8,79,1224,280,"AT,IT,LT,SI,SK",TRUE,FALSE
ips_sex,borer,B,agr_big,borer,0.3202276000503943,0.1732738806903379,insufficient data,DE,27.77777777777778,184,insufficient data,1,0.3202276000503943,0.3202276000503943,8,57,1224,340,PL,FALSE,FALSE
ips_sex,borer,C,pit_bid,borer,0.5263323495026262,0.3226897801741528,insufficient data,DE,0,115,insufficient data,1,0.5263323495026262,0.5263323495026262,5,62,1224,0,NA,TRUE,FALSE
ips_sex,borer,C,ips_typ,borer,0.48403908056210027,0.3402881982845565,inconsistent,"BG,CZ,DE",76.87908496732027,386,inconsistent,3,0.0722462635832828,0.5972798148431542,17,237,1224,941,"AT,CH,FI,HR,HU,IT,LT,PL,RO,RS,SE,SI,SK",TRUE,FALSE
ips_sex,borer,C,pit_spp,borer,0.38042587343109124,0.1618728281279168,inconsistent,"CZ,DE",19.19934640522876,253,consistent,2,-0.002156439345611337,0.5238942407223548,11,120,1224,235,"AT,HR,SI",FALSE,FALSE
ips_sex,borer,C,sap_car,borer,0.3689403717139749,NA,insufficient data,DE,0,23,insufficient data,1,0.3689403717139749,0.3689403717139749,1,1,1224,0,NA,FALSE,FALSE
ips_sex,borer,C,ips_cem,borer,0.36730916595009067,0.30453456667600287,insufficient data,DE,0,184,insufficient data,1,0.36730916595009067,0.36730916595009067,8,79,1224,0,NA,TRUE,FALSE
ips_sex,borer,C,CambXyl_con&BB_con&BO,borer,-0.2755842068346394,0.01405365252436329,insufficient data,DE,17.320261437908496,46,insufficient data,1,-0.2755842068346394,-0.2755842068346394,2,0,1224,212,"AT,HR",FALSE,TRUE
ips_sex,borer,C,tha_pit,defoliator,0.2667011231882058,0.24433755095142537,inconsistent,"BG,DE",1.8790849673202614,41,consistent,2,0.0618963517907204,0.4249593556317173,2,25,1224,23,HR,TRUE,FALSE
ips_sex,borer,C,CambXyl_con&MD,borer,0.2621792154650376,-0.011897130238536205,inconsistent,"CZ,DE",0,207,inconsistent,2,-0.40886788878655883,0.34606010349648714,9,115,1224,0,NA,FALSE,TRUE
ips_sex,borer,C,bup_pin,defoliator,0.25145974022469053,0.23563421362428705,insufficient data,DE,27.77777777777778,138,insufficient data,1,0.25145974022469053,0.25145974022469053,6,34,1224,340,PL,TRUE,FALSE
ips_sex,borer,C,agr_vir,borer,0.25127795465337566,0.24590820535799007,insufficient data,DE,0,138,insufficient data,1,0.25127795465337566,0.25127795465337566,6,15,1224,0,NA,TRUE,FALSE
ips_sex,borer,C,ope_spp,defoliator,0.2470822073336677,0.12412930798171459,insufficient data,DE,0,161,insufficient data,1,0.2470822073336677,0.2470822073336677,7,17,1224,0,NA,FALSE,FALSE
ips_sex,borer,C,CambXyl_con&BB_con&SM,borer,-0.24389783284653566,1.9547325903180535e-4,insufficient data,DE,0,46,insufficient data,1,-0.24389783284653566,-0.24389783284653566,2,0,1224,0,NA,FALSE,TRUE
ips_sex,borer,C,xyl_spp,borer,0.24107923944678716,0.16196954716061568,insufficient data,DE,0,184,insufficient data,1,0.24107923944678716,0.24107923944678716,8,73,1224,0,NA,FALSE,FALSE
ips_sex,borer,C,sco_int,borer,0.20122306073413296,0.18436087229872444,consistent,"CZ,DE",0,345,consistent,2,0.19260635494178027,0.2087626783024416,15,132,1224,0,NA,FALSE,FALSE
ips_sex,borer,C,uro_sir_spp,borer,0.1909167036277084,0.24609600548086555,insufficient data,DE,0,69,insufficient data,1,0.1909167036277084,0.1909167036277084,3,3,1224,0,NA,TRUE,FALSE
ips_sex,borer,C,cep_spp,defoliator,-0.18201932465111778,0.08805333306016584,insufficient data,CZ,0,161,insufficient data,1,-0.18201932465111778,-0.18201932465111778,7,88,1224,0,NA,FALSE,FALSE
ips_sex,borer,C,sco_sco,borer,0.18170088989717512,0.20637898090517215,insufficient data,DE,1.8790849673202614,92,insufficient data,1,0.18170088989717512,0.18170088989717512,4,22,1224,23,LT,TRUE,FALSE
ips_sex,borer,C,CambXyl_con&BO,borer,-0.16923579078471165,-0.14869823675768834,insufficient data,DE,1.8790849673202614,46,insufficient data,1,-0.16923579078471165,-0.16923579078471165,2,0,1224,23,SI,FALSE,TRUE
ips_sex,borer,C,tet_gab,borer,0.16917015453721057,0.1460729836051633,inconsistent,"CZ,DE",15.441176470588236,207,inconsistent,2,-0.24078095898534838,0.28629904411508456,9,31,1224,189,AT,FALSE,FALSE
ips_sex,borer,C,dip_sp,defoliator,0.15934506299637471,0.05534687904932844,insufficient data,DE,45.09803921568628,161,insufficient data,1,0.15934506299637471,0.15934506299637471,7,41,1224,552,"AT,LT,PL",FALSE,FALSE
ips_sex,borer,C,lym_dis,defoliator,0.15579491352646513,0.05196047630171467,inconsistent,"BG,CZ,DE",26.633986928104576,317,inconsistent,3,-0.6706730376197346,0.274597490525984,14,46,1224,326,"AT,HR,HU,LT,RO,RS,SK",FALSE,FALSE
ips_sex,borer,C,geo_db,defoliator,-0.14995425224255626,-0.09626850663279339,inconsistent,"BG,DE",33.41503267973856,156,inconsistent,2,-0.1828285417551614,0.10530493691414254,7,43,1224,409,"HR,LT,PL,RO",FALSE,FALSE
ips_sex,borer,C,den_mic,borer,-0.12639434103572164,-0.16790614831337972,insufficient data,CZ,1.8790849673202614,23,insufficient data,1,-0.12639434103572164,-0.12639434103572164,1,1,1224,23,LT,FALSE,FALSE
ips_sex,borer,C,zei_gri,defoliator,-0.10343016619441693,0.0553918710317288,consistent,"CZ,DE",0,184,consistent,2,-0.1824975724914392,-0.09213482243769948,8,67,1224,0,NA,FALSE,FALSE
ips_sex,borer,C,neo_ser,defoliator,0.10248287218136404,0.10352017382532314,inconsistent,"BG,CZ,DE",0,110,consistent,3,-0.12215071371004071,0.2782148121292909,5,28,1224,0,NA,FALSE,FALSE
ips_sex,borer,C,tet_spp,borer,0.09239498025767841,0.049582453292420225,insufficient data,DE,0,115,insufficient data,1,0.09239498025767841,0.09239498025767841,5,11,1224,0,NA,FALSE,FALSE
ips_sex,borer,C,pol_pol,borer,0.09170300005728516,0.0011026676875831964,insufficient data,CZ,1.8790849673202614,184,insufficient data,1,0.09170300005728516,0.09170300005728516,8,123,1224,23,LT,FALSE,FALSE
ips_sex,borer,C,pri_abi,defoliator,-0.09098833630814482,-0.04082215992630844,inconsistent,"CZ,DE",0,322,consistent,2,-0.277894421080274,0.09591774846398445,14,121,1224,0,NA,FALSE,FALSE
ips_sex,borer,C,xyl_lin,borer,0.08162039870238538,0.025321446062323862,insufficient data,DE,0,184,insufficient data,1,0.08162039870238538,0.08162039870238538,8,75,1224,0,NA,FALSE,FALSE
ips_sex,borer,C,ips_ami,borer,-0.06668262929957959,-0.21001166030187193,insufficient data,DE,0,23,insufficient data,1,-0.06668262929957959,-0.06668262929957959,1,2,1224,0,NA,TRUE,FALSE
ips_sex,borer,C,pan_fla,defoliator,0.06658466053827775,0.177973517229113,consistent,"CZ,DE",29.65686274509804,115,inconsistent,2,0.019169794055487552,0.25624412646943856,5,18,1224,363,"LT,PL",FALSE,FALSE
ips_sex,borer,C,Def_dec,defoliator,-0.05989375640280196,0.051748285059801544,insufficient data,DE,0,46,insufficient data,1,-0.05989375640280196,-0.05989375640280196,2,1,1224,0,NA,FALSE,TRUE
ips_sex,borer,C,tha_pro,defoliator,-0.04488240693743447,0.05649064412638527,insufficient data,DE,0,161,insufficient data,1,-0.04488240693743447,-0.04488240693743447,7,27,1224,0,NA,FALSE,FALSE
ips_sex,borer,C,mel_spp,defoliator,0.04173545796708475,-0.012341454777959818,insufficient data,DE,27.77777777777778,161,insufficient data,1,0.04173545796708475,0.04173545796708475,7,19,1224,340,PL,FALSE,FALSE
ips_sex,borer,C,lym_mon,defoliator,-0.03529447098492091,0.03316951213569029,consistent,"CZ,DE",29.65686274509804,276,consistent,2,-0.04801925570013873,-0.02256968626970309,12,114,1224,363,"LT,PL",FALSE,FALSE
ips_sex,borer,C,era_def,defoliator,0.02646434831589846,-0.020583620739426333,insufficient data,DE,0,161,insufficient data,1,0.02646434831589846,0.02646434831589846,7,17,1224,0,NA,FALSE,FALSE
ips_sex,borer,C,tor_vir,defoliator,-0.02004120679986864,0.011387729353390892,consistent,"BG,DE",31.944444444444443,179,inconsistent,2,-0.02242183588354103,-8.722352610638798e-5,8,65,1224,391,"BG,LT,PL,RO",FALSE,FALSE
ips_sex,borer,C,den_pin,defoliator,0.013074940840131617,0.02300483885573092,insufficient data,DE,29.65686274509804,115,insufficient data,1,0.013074940840131617,0.013074940840131617,5,29,1224,363,"LT,PL",FALSE,FALSE
ips_sex,borer,C,Def_dec&DB,defoliator,4.4870607188378695e-4,0.027951542688959045,inconsistent,"CZ,DE",15.441176470588236,322,inconsistent,2,-0.014631889871831467,0.020556167330170794,14,101,1224,189,AT,FALSE,TRUE
ips_sex,borer,C,clo_ana,defoliator,NA,NA,insufficient data,NA,1.8790849673202614,0,insufficient data,0,NA,NA,0,0,1224,23,RO,FALSE,FALSE
ips_typ,borer,C,ips_dup,borer,0.6975451525059526,0.21267587331046936,inconsistent,"CZ,RO,SK",0,227,inconsistent,3,-0.3944671374019965,0.8195872083434662,10,183,283,0,NA,TRUE,FALSE
ips_typ,borer,C,pit_cha,borer,0.645974459727935,0.6147238482528651,inconsistent,"AT,DE,IT,LT,SI,SK",0,533,inconsistent,6,-0.30605767381480703,0.7922654603433804,24,434,283,0,NA,TRUE,FALSE
ips_typ,borer,C,CambXyl_con&BB_con&SM,borer,-0.6208701363135091,-0.16793262141190318,insufficient data,DE,0,46,insufficient data,1,-0.6208701363135091,-0.6208701363135091,2,14,283,0,NA,FALSE,TRUE
ips_typ,borer,C,ips_cem,borer,0.5628439496475026,0.4568084600907263,insufficient data,DE,0,253,insufficient data,1,0.5628439496475026,0.5628439496475026,11,188,283,0,NA,TRUE,FALSE
ips_typ,borer,C,pit_bid,borer,0.5315507408812948,0.39025230363932467,insufficient data,DE,0,115,insufficient data,1,0.5315507408812948,0.5315507408812948,5,64,283,0,NA,TRUE,FALSE
ips_typ,borer,C,pit_spp,borer,0.5286213888659772,0.31609549488038147,consistent,"AT,CZ,DE,HR,SI",0,469,consistent,5,0.25953479895064374,0.6878035311953974,21,363,283,0,NA,TRUE,FALSE
ips_typ,borer,C,ips_sex,borer,0.48403908056210027,0.3402881982845565,inconsistent,"BG,CZ,DE",0,386,inconsistent,3,0.0722462635832828,0.5972798148431542,17,237,283,0,NA,TRUE,FALSE
ips_typ,borer,C,sco_rat,borer,0.41405897755919985,0.22350212046687,consistent,"CZ,DE,LT",0,276,consistent,3,0.16716650468322924,0.46790556354944185,12,125,283,0,NA,TRUE,FALSE
ips_typ,borer,C,sap_car,borer,0.36186041108726574,NA,insufficient data,DE,0,23,insufficient data,1,0.36186041108726574,0.36186041108726574,1,1,283,0,NA,FALSE,FALSE
ips_typ,borer,C,pha_cya,borer,0.3319830959491541,0.3132926573697427,consistent,"AT,CZ,DE,LT,PL",0,947,consistent,5,0.15032202687608284,0.5536290611118615,44,686,283,0,NA,TRUE,FALSE
ips_typ,borer,C,pis_pin,borer,0.3235043924296048,0.2737512811389904,inconsistent,"DE,LT",0,184,inconsistent,2,-0.1609429333726012,0.39271115325849143,8,82,283,0,NA,TRUE,FALSE
ips_typ,borer,C,ips_acu,borer,0.3132291187938481,0.16945067859186227,consistent,"BG,CZ,DE,LT,PL,SK",0,728,inconsistent,6,0.07080442817668686,0.5948420261747787,34,352,283,0,NA,FALSE,FALSE
ips_typ,borer,C,cep_spp,defoliator,-0.3086505720179531,-0.02616608065951862,insufficient data,CZ,0,161,insufficient data,1,-0.3086505720179531,-0.3086505720179531,7,96,283,0,NA,FALSE,FALSE
ips_typ,borer,C,CambXyl_con&MD,borer,0.3074949946386806,-0.14360563725971032,inconsistent,"CZ,DE",0,207,inconsistent,2,-0.3525099958742969,0.3899956184528028,9,139,283,0,NA,FALSE,TRUE
ips_typ,borer,C,xyl_spp,borer,0.3060653837916277,0.2603440667168601,insufficient data,DE,0,253,insufficient data,1,0.3060653837916277,0.3060653837916277,11,121,283,0,NA,TRUE,FALSE
ips_typ,borer,C,clo_ana,defoliator,-0.3055440512168623,NA,insufficient data,RO,0.35335689045936397,22,insufficient data,1,-0.3055440512168623,-0.3055440512168623,1,3,283,1,RO,FALSE,FALSE
ips_typ,borer,C,agr_vir,borer,0.29213200593072136,0.1776987501180382,insufficient data,DE,0,207,insufficient data,1,0.29213200593072136,0.29213200593072136,9,52,283,0,NA,FALSE,FALSE
ips_typ,borer,C,tom_spp,borer,0.27488646287240986,0.3027837358730333,inconsistent,"AT,CZ,DE,LT,PL",0,908,consistent,5,0.057305687895785516,0.6582652043883976,42,632,283,0,NA,TRUE,FALSE
ips_typ,borer,C,pri_abi,defoliator,-0.2681434956355257,-0.13373756717327842,inconsistent,"CZ,DE",0,345,consistent,2,-0.5008383777623912,-0.06453547377451845,15,157,283,0,NA,FALSE,FALSE
ips_typ,borer,C,CambXyl_con&BB_con&BO,borer,0.2566538490750496,0.2543423860629971,inconsistent,"AT,DE,HR",0,260,inconsistent,3,0.05452673908901857,0.9211927344218434,12,160,283,0,NA,TRUE,TRUE
ips_typ,borer,C,lym_dis,defoliator,0.24855116461298588,0.2090640290117094,inconsistent,"AT,BG,CZ,DE,HR,HU,LT,RO,RS,SK",1.4134275618374559,622,inconsistent,10,-0.5290099980083933,0.5668328408377148,28,241,283,4,"RO,RS",TRUE,FALSE
ips_typ,borer,C,agr_big,borer,0.21841834072505428,0.2483365137921285,consistent,"DE,PL",0,593,consistent,2,0.1501885664900762,0.30948535344364064,28,479,283,0,NA,TRUE,FALSE
ips_typ,borer,C,uro_sir_spp,borer,0.20419035898138796,0.16085832136372186,insufficient data,DE,0,92,insufficient data,1,0.20419035898138796,0.20419035898138796,4,11,283,0,NA,FALSE,FALSE
ips_typ,borer,C,sco_int,borer,0.20111081122093652,0.14056584192940338,consistent,"CZ,DE",0,368,consistent,2,0.16509876231743995,0.23712286012443312,16,154,283,0,NA,FALSE,FALSE
ips_typ,borer,C,pol_pol,borer,0.19355938120872257,0.1772081803949266,inconsistent,"CZ,LT",0,207,inconsistent,2,0.1533008709230397,0.5156274634941853,9,161,283,0,NA,FALSE,FALSE
ips_typ,borer,C,tet_gab,borer,0.1897234436180047,0.17379154966742916,inconsistent,"AT,CZ,DE",0,379,inconsistent,3,-0.2915528252529193,0.30490137315810223,17,167,283,0,NA,FALSE,FALSE
ips_typ,borer,C,pan_fla,defoliator,0.18252690628935667,0.16531822777115382,inconsistent,"CZ,DE,LT,PL",0,484,consistent,4,-0.11623971452622975,0.3148455983643563,23,183,283,0,NA,FALSE,FALSE
ips_typ,borer,C,CambXyl_con&BO,borer,0.18233600948312736,0.023044881257053406,consistent,"DE,SI",0,69,inconsistent,2,0.14997136657978294,0.2470652952898162,3,34,283,0,NA,FALSE,TRUE
ips_typ,borer,C,tet_spp,borer,0.1518982847509325,0.11702441050878785,insufficient data,DE,0,184,insufficient data,1,0.1518982847509325,0.1518982847509325,8,72,283,0,NA,FALSE,FALSE
ips_typ,borer,C,neo_ser,defoliator,-0.14974531554375956,-0.08383725249543462,inconsistent,"BG,CZ,DE",0,110,inconsistent,3,-0.46898085165843384,0.09601210879619826,5,30,283,0,NA,FALSE,FALSE
ips_typ,borer,C,xyl_lin,borer,0.1486321035438791,0.11178664884945308,insufficient data,DE,0,230,insufficient data,1,0.1486321035438791,0.1486321035438791,10,139,283,0,NA,FALSE,FALSE
ips_typ,borer,C,ips_ami,borer,-0.13570534654602873,0.025966992909157074,insufficient data,DE,0,46,insufficient data,1,-0.13570534654602873,-0.13570534654602873,2,9,283,0,NA,FALSE,FALSE
ips_typ,borer,C,tha_pit,defoliator,-0.12998119933084806,-0.008173226013838585,inconsistent,"BG,DE,HR",0,64,inconsistent,3,-0.5156774761015955,0.4635481508056629,3,52,283,0,NA,FALSE,FALSE
ips_typ,borer,C,ope_spp,defoliator,0.11863863460231239,0.10331076567040148,insufficient data,DE,0,207,insufficient data,1,0.11863863460231239,0.11863863460231239,9,45,283,0,NA,FALSE,FALSE
ips_typ,borer,C,den_mic,borer,-0.1161791207461158,-0.10834254974707432,inconsistent,"CZ,DE,LT",0,69,inconsistent,3,-0.3331588770129552,0.1889622729404412,3,7,283,0,NA,FALSE,FALSE
ips_typ,borer,C,den_pin,defoliator,0.11541634996122327,0.14019030255820814,consistent,"DE,LT,PL",0,418,consistent,3,0.11291178239412422,0.11586805023171218,20,176,283,0,NA,FALSE,FALSE
ips_typ,borer,C,Def_dec&DB,defoliator,-0.08836681490827927,-0.05250444876781934,inconsistent,"AT,CZ,DE",0,471,inconsistent,3,-0.23533264045506685,0.1557176120732402,21,244,283,0,NA,FALSE,TRUE
ips_typ,borer,C,bup_pin,defoliator,0.08722043139296448,0.1009308933947239,inconsistent,"DE,PL",0,464,consistent,2,-0.0037980783962560313,0.22478249732440003,22,159,283,0,NA,FALSE,FALSE
ips_typ,borer,C,Def_dec,defoliator,0.06621435755806492,0.020450681273448387,insufficient data,DE,0,46,insufficient data,1,0.06621435755806492,0.06621435755806492,2,2,283,0,NA,FALSE,TRUE
ips_typ,borer,C,tha_pro,defoliator,0.05994628894858977,0.07789167497616997,insufficient data,DE,0,230,insufficient data,1,0.05994628894858977,0.05994628894858977,10,96,283,0,NA,FALSE,FALSE
ips_typ,borer,C,zei_gri,defoliator,-0.056634448063355484,-0.004044081905767608,consistent,"CZ,DE",0,184,inconsistent,2,-0.21936721309081564,-0.033386910202289746,8,76,283,0,NA,FALSE,FALSE
ips_typ,borer,C,tor_vir,defoliator,0.04805932838652716,0.1406921558599321,inconsistent,"BG,DE,LT,PL,RO",2.1201413427561837,633,inconsistent,5,-0.08347332628763973,0.23334067203710557,30,335,283,6,"BG,RO",FALSE,FALSE
ips_typ,borer,C,sco_sco,borer,-0.03032269583950967,0.037026632219952796,consistent,"DE,LT",0,138,inconsistent,2,-0.17091183995147077,-0.0022048670171174525,6,27,283,0,NA,FALSE,FALSE
ips_typ,borer,C,era_def,defoliator,-0.023404776614628576,0.04270804394974152,insufficient data,DE,0,230,insufficient data,1,-0.023404776614628576,-0.023404776614628576,10,37,283,0,NA,FALSE,FALSE
ips_typ,borer,C,lym_mon,defoliator,0.02313540347925277,0.006157886639810521,inconsistent,"CZ,DE,LT,PL",0,665,inconsistent,4,-0.15939086936690294,0.09173982185204123,31,392,283,0,NA,FALSE,FALSE
ips_typ,borer,C,geo_db,defoliator,0.02252462690770797,0.047613863045120074,inconsistent,"BG,DE,HR,LT,PL,RO",0.35335689045936397,587,inconsistent,6,-0.20079687477006652,0.41235528235036734,28,308,283,1,RO,FALSE,FALSE
ips_typ,borer,C,mel_spp,defoliator,0.010766657902572162,-0.004915822243925853,inconsistent,"DE,PL",0,547,inconsistent,2,-0.017876939117760494,0.02832527155590301,26,374,283,0,NA,FALSE,FALSE
ips_typ,borer,C,dip_sp,defoliator,-0.0024260127310789235,0.04378872048495332,inconsistent,"AT,DE,LT,PL",0,655,inconsistent,4,-0.19038207424176198,0.32308895582706604,31,308,283,0,NA,FALSE,FALSE
lym_dis,defoliator,B,tom_spp,borer,0.2627527930819277,0.21502995020599466,consistent,"AT,CZ,DE,LT",37.8619153674833,494,consistent,4,0.139249198663142,0.42856024817756994,22,139,898,340,PL,TRUE,FALSE
lym_dis,defoliator,B,pha_cya,borer,0.2299865635285942,0.16932974516641894,consistent,"AT,CZ,DE,LT",37.8619153674833,494,consistent,4,0.1387253344368727,0.30984092015168047,22,124,898,340,PL,FALSE,FALSE
lym_dis,defoliator,B,pit_spp,borer,0.2184224341170629,0.06996638803512593,consistent,"AT,CZ,DE,HR",2.5612472160356345,358,inconsistent,4,0.0613348826606355,0.37429815444886405,16,106,898,23,SI,FALSE,FALSE
lym_dis,defoliator,C,agr_vir,borer,0.36464002527305583,0.2787909495151251,insufficient data,DE,0,161,insufficient data,1,0.36464002527305583,0.36464002527305583,7,43,898,0,NA,TRUE,FALSE
lym_dis,defoliator,C,pis_pin,borer,0.2824255637257937,0.24894371885047295,consistent,"DE,LT",0,161,consistent,2,0.1734625104595429,0.3005860726035022,7,35,898,0,NA,TRUE,FALSE
lym_dis,defoliator,C,den_mic,borer,0.27699953281394063,0.3900694804057316,insufficient data,LT,0,23,insufficient data,1,0.27699953281394063,0.27699953281394063,1,3,898,0,NA,TRUE,FALSE
lym_dis,defoliator,C,ips_typ,borer,0.24855116461298588,0.2090640290117094,inconsistent,"AT,BG,CZ,DE,HR,HU,LT,RO,RS,SK",68.93095768374165,622,inconsistent,10,-0.5290099980083933,0.5668328408377148,28,241,898,619,"CH,FI,IT,PL,SE,SI",TRUE,FALSE
lym_dis,defoliator,C,ips_cem,borer,0.24787380718169388,0.17160840143968376,insufficient data,DE,0,207,insufficient data,1,0.24787380718169388,0.24787380718169388,9,79,898,0,NA,FALSE,FALSE
lym_dis,defoliator,C,tha_pro,defoliator,0.24772176627645368,0.19880314352412798,insufficient data,DE,0,184,insufficient data,1,0.24772176627645368,0.24772176627645368,8,54,898,0,NA,FALSE,FALSE
lym_dis,defoliator,C,pan_fla,defoliator,0.23933594974640196,0.1991661844377919,inconsistent,"CZ,DE,LT",37.8619153674833,184,inconsistent,3,-0.09185928413704443,0.5223743090238153,8,17,898,340,PL,FALSE,FALSE
lym_dis,defoliator,C,CambXyl_con&BO,borer,-0.22368969366303829,-0.01295995522839349,insufficient data,DE,2.5612472160356345,46,insufficient data,1,-0.22368969366303829,-0.22368969366303829,2,7,898,23,SI,FALSE,TRUE
lym_dis,defoliator,C,CambXyl_con&BB_con&BO,borer,0.22208914189214224,0.21649966905335039,consistent,"AT,DE,HR",0,218,consistent,3,0.19997425019163567,0.2883457998312226,10,79,898,0,NA,TRUE,TRUE
lym_dis,defoliator,C,pit_cha,borer,0.1976419245862337,0.12277346926472471,consistent,"AT,DE,LT,SK",5.122494432071269,378,consistent,4,0.06222733480031171,0.29366106719643903,17,143,898,46,"IT,SI",FALSE,FALSE
lym_dis,defoliator,C,ips_acu,borer,0.1966668850355266,0.09711438634474995,inconsistent,"BG,CZ,DE,LT,SK",37.8619153674833,362,inconsistent,5,-0.4687616453300833,0.3151067553527296,16,66,898,340,PL,FALSE,FALSE
lym_dis,defoliator,C,bup_pin,defoliator,0.19149794648436289,0.16042168720078953,insufficient data,DE,37.8619153674833,161,insufficient data,1,0.19149794648436289,0.19149794648436289,7,22,898,340,PL,FALSE,FALSE
lym_dis,defoliator,C,den_pin,defoliator,0.1815382838314081,0.10766108422646027,consistent,"DE,LT",37.8619153674833,115,inconsistent,2,0.1448978169366601,0.3281001514104,5,13,898,340,PL,FALSE,FALSE
lym_dis,defoliator,C,Def_dec&DB,defoliator,0.17696083288010994,0.14287759078724396,inconsistent,"AT,CZ,DE",0,381,inconsistent,3,-0.08102894540370782,0.41626945823653083,17,79,898,0,NA,FALSE,TRUE
lym_dis,defoliator,C,pit_bid,borer,0.1751403150041175,0.11037927863021502,insufficient data,DE,0,115,insufficient data,1,0.1751403150041175,0.1751403150041175,5,21,898,0,NA,FALSE,FALSE
lym_dis,defoliator,C,agr_big,borer,0.1718260569772289,0.19476885370034328,insufficient data,DE,37.8619153674833,207,insufficient data,1,0.1718260569772289,0.1718260569772289,9,65,898,340,PL,FALSE,FALSE
lym_dis,defoliator,C,uro_sir_spp,borer,0.1704052472932392,0.19396229507754656,insufficient data,DE,0,69,insufficient data,1,0.1704052472932392,0.1704052472932392,3,5,898,0,NA,FALSE,FALSE
lym_dis,defoliator,C,tet_spp,borer,0.16804547214768528,0.12691240205129597,insufficient data,DE,0,161,insufficient data,1,0.16804547214768528,0.16804547214768528,7,38,898,0,NA,FALSE,FALSE
lym_dis,defoliator,C,Def_dec,defoliator,-0.1584249882659077,-0.20541442484819697,insufficient data,DE,0,46,insufficient data,1,-0.1584249882659077,-0.1584249882659077,2,0,898,0,NA,TRUE,TRUE
lym_dis,defoliator,C,sco_sco,borer,0.15718529002986967,0.13806666933448272,inconsistent,"DE,LT",0,115,inconsistent,2,-0.13804713062760607,0.23099339519423862,5,9,898,0,NA,FALSE,FALSE
lym_dis,defoliator,C,ips_sex,borer,0.15579491352646513,0.05196047630171467,inconsistent,"BG,CZ,DE",0,317,inconsistent,3,-0.6706730376197346,0.274597490525984,14,46,898,0,NA,FALSE,FALSE
lym_dis,defoliator,C,ips_dup,borer,0.15564972812567052,-0.0771820489426577,inconsistent,"CZ,RO,SK",0,181,consistent,3,-0.7540658445505445,0.3807123539394081,8,28,898,0,NA,FALSE,FALSE
lym_dis,defoliator,C,ope_spp,defoliator,0.13572171802283703,0.10881942317164087,insufficient data,DE,0,161,insufficient data,1,0.13572171802283703,0.13572171802283703,7,23,898,0,NA,FALSE,FALSE
lym_dis,defoliator,C,dip_sp,defoliator,0.13297797258670588,0.09356185273144521,inconsistent,"AT,DE,LT",37.8619153674833,291,inconsistent,3,-0.018237841494618028,0.4313945955889823,13,46,898,340,PL,FALSE,FALSE
lym_dis,defoliator,C,ips_ami,borer,-0.13235301453945433,-0.03395079652791259,insufficient data,DE,0,23,insufficient data,1,-0.13235301453945433,-0.13235301453945433,1,0,898,0,NA,FALSE,FALSE
lym_dis,defoliator,C,pri_abi,defoliator,-0.11953292512374628,-0.06405334226086477,consistent,"CZ,DE",0,276,consistent,2,-0.13140072041908096,-0.11105592848422148,12,24,898,0,NA,FALSE,FALSE
lym_dis,defoliator,C,sap_car,borer,-0.1022659723615388,NA,insufficient data,DE,0,23,insufficient data,1,-0.1022659723615388,-0.1022659723615388,1,0,898,0,NA,FALSE,FALSE
lym_dis,defoliator,C,mel_spp,defoliator,0.09597843222882448,0.09586092695244798,insufficient data,DE,37.8619153674833,184,insufficient data,1,0.09597843222882448,0.09597843222882448,8,44,898,340,PL,FALSE,FALSE
lym_dis,defoliator,C,xyl_lin,borer,-0.09262171471154892,-0.14203859583426898,insufficient data,DE,0,184,insufficient data,1,-0.09262171471154892,-0.09262171471154892,8,50,898,0,NA,FALSE,FALSE
lym_dis,defoliator,C,CambXyl_con&BB_con&SM,borer,0.08992415101059414,0.09909611084211056,insufficient data,DE,0,46,insufficient data,1,0.08992415101059414,0.08992415101059414,2,14,898,0,NA,FALSE,TRUE
lym_dis,defoliator,C,neo_ser,defoliator,0.08413804906744832,0.05013846676459501,inconsistent,"BG,CZ,DE",0,87,inconsistent,3,-0.10819382064556525,0.1763366651069287,4,19,898,0,NA,FALSE,FALSE
lym_dis,defoliator,C,sco_rat,borer,0.07124037271093261,0.02250545931770574,inconsistent,"CZ,DE,LT",0,230,inconsistent,3,-0.18020259891700577,0.32978402220803593,10,21,898,0,NA,FALSE,FALSE
lym_dis,defoliator,C,CambXyl_con&MD,borer,-0.06913806778621184,0.01101708638892005,consistent,"CZ,DE",0,161,consistent,2,-0.22684908623911468,-0.04285289804406137,7,20,898,0,NA,FALSE,TRUE
lym_dis,defoliator,C,tet_gab,borer,0.0640905097595749,0.02004215970228129,inconsistent,"AT,CZ,DE",0,312,inconsistent,3,-0.12158789097747172,0.15959653439612054,14,74,898,0,NA,FALSE,FALSE
lym_dis,defoliator,C,zei_gri,defoliator,0.06364662224101415,0.13288173808019027,consistent,"CZ,DE",0,138,consistent,2,0.04708345119231212,0.14646247748452437,6,10,898,0,NA,FALSE,FALSE
lym_dis,defoliator,C,lym_mon,defoliator,0.06242313431798265,0.038552243936020525,inconsistent,"CZ,DE,LT",37.8619153674833,299,inconsistent,3,-0.027454399346749477,0.12724125941812411,13,37,898,340,PL,FALSE,FALSE
lym_dis,defoliator,C,geo_db,defoliator,-0.05931197946278122,-0.0618189539977926,inconsistent,"BG,DE,HR,LT,RO",37.8619153674833,225,inconsistent,5,-0.14879009382358677,0.27224659034482823,10,58,898,340,PL,FALSE,FALSE
lym_dis,defoliator,C,tor_vir,defoliator,-0.05611534097677585,-0.09454513560140934,inconsistent,"BG,DE,LT,RO",38.41870824053452,248,inconsistent,4,-0.13894627194179246,0.33515979972268684,11,69,898,345,"BG,PL",FALSE,FALSE
lym_dis,defoliator,C,pol_pol,borer,0.05209333963908175,0.12547065844176575,inconsistent,"CZ,LT",0,161,consistent,2,0.00189611071114487,0.35327671320670295,7,18,898,0,NA,FALSE,FALSE
lym_dis,defoliator,C,cep_spp,defoliator,-0.048900388515316244,0.10984739518487717,insufficient data,CZ,0,115,insufficient data,1,-0.048900388515316244,-0.048900388515316244,5,7,898,0,NA,FALSE,FALSE
lym_dis,defoliator,C,era_def,defoliator,-0.04584204992755515,-0.06241633071239781,insufficient data,DE,0,184,insufficient data,1,-0.04584204992755515,-0.04584204992755515,8,11,898,0,NA,FALSE,FALSE
lym_dis,defoliator,C,xyl_spp,borer,0.04286681876578998,-0.02327364459031797,insufficient data,DE,0,207,insufficient data,1,0.04286681876578998,0.04286681876578998,9,50,898,0,NA,FALSE,FALSE
lym_dis,defoliator,C,clo_ana,defoliator,0.018086008169012586,NA,insufficient data,RO,0,23,insufficient data,1,0.018086008169012586,0.018086008169012586,1,4,898,0,NA,FALSE,FALSE
lym_dis,defoliator,C,tha_pit,defoliator,-0.011600778087988343,0.03436866247082485,inconsistent,"BG,DE,HR",0,64,inconsistent,3,-0.17319928399977583,0.24194222470103663,3,31,898,0,NA,FALSE,FALSE
lym_dis,defoliator,C,sco_int,borer,0.006532228451070593,0.01948718994153727,inconsistent,"CZ,DE",0,299,inconsistent,2,-0.035529901095216615,0.042585482347888205,13,34,898,0,NA,FALSE,FALSE
lym_mon,defoliator,B,pit_spp,borer,-0.24046379357533265,-0.08364452046596862,consistent,"CZ,DE",26.734926052332195,184,consistent,2,-0.31966248334720193,-0.21406423031804286,8,80,879,235,"AT,HR,SI",FALSE,FALSE
lym_mon,defoliator,C,CambXyl_con&BB_con&BO,borer,0.7936260747343145,0.4920042539596617,insufficient data,DE,24.118316268486918,23,insufficient data,1,0.7936260747343145,0.7936260747343145,1,4,879,212,"AT,HR",TRUE,TRUE
lym_mon,defoliator,C,tha_pit,defoliator,-0.45812713815045525,-0.2918661568914187,insufficient data,DE,4.6643913538111494,23,insufficient data,1,-0.45812713815045525,-0.45812713815045525,1,6,879,41,"BG,HR",TRUE,FALSE
lym_mon,defoliator,C,den_pin,defoliator,0.4432021899808284,0.32545241558694343,inconsistent,"DE,LT,PL",0,441,inconsistent,3,-0.23544279747501903,0.6196553988827285,21,155,879,0,NA,TRUE,FALSE
lym_mon,defoliator,C,pan_fla,defoliator,0.3137447090653971,0.16963507180504467,consistent,"CZ,DE,LT,PL",0,484,consistent,4,0.1316635440982935,0.3962742215328316,23,159,879,0,NA,FALSE,FALSE
lym_mon,defoliator,C,bup_pin,defoliator,0.3136177982309187,0.15665283610642625,consistent,"DE,PL",0,464,consistent,2,0.27190532415050916,0.34121702920141517,22,131,879,0,NA,FALSE,FALSE
lym_mon,defoliator,C,tet_spp,borer,0.2933750115784773,0.28843329668697226,insufficient data,DE,0,115,insufficient data,1,0.2933750115784773,0.2933750115784773,5,11,879,0,NA,TRUE,FALSE
lym_mon,defoliator,C,sap_car,borer,-0.2849030264603879,NA,insufficient data,DE,0,23,insufficient data,1,-0.2849030264603879,-0.2849030264603879,1,0,879,0,NA,FALSE,FALSE
lym_mon,defoliator,C,ips_ami,borer,-0.26067803201986134,-0.3588545804769921,insufficient data,DE,0,23,insufficient data,1,-0.26067803201986134,-0.26067803201986134,1,1,879,0,NA,TRUE,FALSE
lym_mon,defoliator,C,ope_spp,defoliator,0.2378431017438669,0.12817700469818274,insufficient data,DE,0,138,insufficient data,1,0.2378431017438669,0.2378431017438669,6,19,879,0,NA,FALSE,FALSE
lym_mon,defoliator,C,tha_pro,defoliator,0.22890753998842775,0.24872997280428036,insufficient data,DE,0,161,insufficient data,1,0.22890753998842775,0.22890753998842775,7,30,879,0,NA,TRUE,FALSE
lym_mon,defoliator,C,den_mic,borer,-0.20031172025825586,-0.1388196421736729,insufficient data,LT,0,23,insufficient data,1,-0.20031172025825586,-0.20031172025825586,1,1,879,0,NA,FALSE,FALSE
lym_mon,defoliator,C,pri_abi,defoliator,0.19788204969515147,0.033857574150089956,consistent,"CZ,DE",0,276,inconsistent,2,0.11118625149408996,0.3192561671766376,12,80,879,0,NA,FALSE,FALSE
lym_mon,defoliator,C,sco_sco,borer,0.18368714760379748,0.14550538080905925,inconsistent,"DE,LT",0,92,consistent,2,-0.12889379460625022,0.2878807950071467,4,16,879,0,NA,FALSE,FALSE
lym_mon,defoliator,C,agr_vir,borer,-0.17507862178476968,-0.026657691065684063,insufficient data,DE,0,138,insufficient data,1,-0.17507862178476968,-0.17507862178476968,6,8,879,0,NA,FALSE,FALSE
lym_mon,defoliator,C,geo_db,defoliator,0.15804249450192134,0.012311821539950848,inconsistent,"DE,LT,PL",7.281001137656427,458,inconsistent,3,-0.31739354702769107,0.2526651335528251,22,176,879,64,"BG,HR,RO",FALSE,FALSE
lym_mon,defoliator,C,dip_sp,defoliator,0.1547481938926923,0.08220527223916171,inconsistent,"DE,LT,PL",21.501706484641637,504,consistent,3,-0.22498788527588065,0.1889856135728183,24,206,879,189,AT,FALSE,FALSE
lym_mon,defoliator,C,cep_spp,defoliator,0.14391281355955865,-0.027380932213092766,insufficient data,CZ,0,138,insufficient data,1,0.14391281355955865,0.14391281355955865,6,65,879,0,NA,FALSE,FALSE
lym_mon,defoliator,C,Def_dec&DB,defoliator,0.14194234738112996,0.04914680736460121,consistent,"CZ,DE",21.501706484641637,253,inconsistent,2,0.12349219454703382,0.1640825307820453,11,71,879,189,AT,FALSE,TRUE
lym_mon,defoliator,C,pit_cha,borer,0.136279183998604,0.02686555876237278,inconsistent,"DE,LT",29.23777019340159,207,inconsistent,2,-0.10996814754111858,0.16706010044106934,9,59,879,257,"AT,IT,SI,SK",FALSE,FALSE
lym_mon,defoliator,C,mel_spp,defoliator,0.12958396461892052,0.09466508786561754,consistent,"DE,PL",0,481,consistent,2,0.0975497804100974,0.1458118079352322,23,241,879,0,NA,FALSE,FALSE
lym_mon,defoliator,C,ips_dup,borer,-0.1283818841158283,0.03740859169798879,insufficient data,CZ,4.891922639362912,138,insufficient data,1,-0.1283818841158283,-0.1283818841158283,6,81,879,43,"RO,SK",FALSE,FALSE
lym_mon,defoliator,C,pis_pin,borer,0.1276608085806043,-0.01632684077992368,inconsistent,"DE,LT",0,161,inconsistent,2,-0.39814898277049604,0.21529577380578765,7,40,879,0,NA,FALSE,FALSE
lym_mon,defoliator,C,neo_ser,defoliator,0.12219839482146622,0.11472894906539662,consistent,"CZ,DE",2.04778156996587,92,consistent,2,0.10252825194998152,0.1418685376929509,4,8,879,18,BG,FALSE,FALSE
lym_mon,defoliator,C,xyl_spp,borer,0.1195009147257254,0.07217810809605579,insufficient data,DE,0,184,insufficient data,1,0.1195009147257254,0.1195009147257254,8,48,879,0,NA,FALSE,FALSE
lym_mon,defoliator,C,tor_vir,defoliator,0.11814031501611885,0.050084907091727644,inconsistent,"DE,LT,PL",5.233219567690558,504,inconsistent,3,-0.07651463094453423,0.28350039037343233,24,187,879,46,"BG,RO",FALSE,FALSE
lym_mon,defoliator,C,xyl_lin,borer,0.08258686148283656,0.03543121525802586,insufficient data,DE,0,161,insufficient data,1,0.08258686148283656,0.08258686148283656,7,47,879,0,NA,FALSE,FALSE
lym_mon,defoliator,C,ips_cem,borer,0.0740770553209341,0.07402409845340172,insufficient data,DE,0,184,insufficient data,1,0.0740770553209341,0.0740770553209341,8,54,879,0,NA,FALSE,FALSE
lym_mon,defoliator,C,era_def,defoliator,0.0726468312654702,0.030910648392932578,insufficient data,DE,0,184,insufficient data,1,0.0726468312654702,0.0726468312654702,8,19,879,0,NA,FALSE,FALSE
lym_mon,defoliator,C,lym_dis,defoliator,0.06242313431798265,0.038552243936020525,inconsistent,"CZ,DE,LT",36.51877133105802,299,inconsistent,3,-0.027454399346749477,0.12724125941812411,13,37,879,321,"AT,BG,HR,HU,RO,RS,SK",FALSE,FALSE
lym_mon,defoliator,C,pit_bid,borer,-0.05958419817413302,-0.11936820253324332,insufficient data,DE,0,92,insufficient data,1,-0.05958419817413302,-0.05958419817413302,4,29,879,0,NA,FALSE,FALSE
lym_mon,defoliator,C,Def_dec,defoliator,-0.05536062331372908,-0.12411299161811214,insufficient data,DE,0,46,insufficient data,1,-0.05536062331372908,-0.05536062331372908,2,1,879,0,NA,FALSE,TRUE
lym_mon,defoliator,C,uro_sir_spp,borer,0.0466252264243432,0.2976467407343714,insufficient data,DE,0,46,insufficient data,1,0.0466252264243432,0.0466252264243432,2,1,879,0,NA,TRUE,FALSE
lym_mon,defoliator,C,tom_spp,borer,0.044027961841267255,-0.05468445356413119,inconsistent,"CZ,DE,LT,PL",21.501706484641637,605,inconsistent,4,-0.22751432895823992,0.17593286283121407,28,243,879,189,AT,FALSE,FALSE
lym_mon,defoliator,C,zei_gri,defoliator,0.04206584395751018,0.1175638758456738,inconsistent,"CZ,DE",0,161,inconsistent,2,-0.04527870734875965,0.5661331517951291,7,51,879,0,NA,FALSE,FALSE
lym_mon,defoliator,C,sco_int,borer,-0.04000021516017061,0.08258006069999466,inconsistent,"CZ,DE",0,253,inconsistent,2,-0.16250486499279806,0.062086993033685596,11,71,879,0,NA,FALSE,FALSE
lym_mon,defoliator,C,agr_big,borer,0.03586357942828582,0.02547567775122825,inconsistent,"DE,PL",0,504,inconsistent,2,-0.0778427113680816,0.10169353725776172,24,281,879,0,NA,FALSE,FALSE
lym_mon,defoliator,C,ips_sex,borer,-0.03529447098492091,0.03316951213569029,consistent,"CZ,DE",2.04778156996587,276,consistent,2,-0.04801925570013873,-0.02256968626970309,12,114,879,18,BG,FALSE,FALSE
lym_mon,defoliator,C,pha_cya,borer,0.03424321386197566,-0.022196336247506655,inconsistent,"CZ,DE,LT,PL",21.501706484641637,665,inconsistent,4,-0.04499185128836557,0.12614913482278076,31,363,879,189,AT,FALSE,FALSE
lym_mon,defoliator,C,sco_rat,borer,-0.033410835174173474,0.08112332308954344,inconsistent,"CZ,DE,LT",0,230,inconsistent,3,-0.27504481568938155,0.007108337037725534,10,69,879,0,NA,FALSE,FALSE
lym_mon,defoliator,C,pol_pol,borer,0.025929446931220828,0.04852984996727999,inconsistent,"CZ,LT",0,161,inconsistent,2,-0.14704427210175436,0.05475840010338336,7,83,879,0,NA,FALSE,FALSE
lym_mon,defoliator,C,ips_typ,borer,0.02313540347925277,0.006157886639810521,inconsistent,"CZ,DE,LT,PL",67.80432309442548,665,inconsistent,4,-0.15939086936690294,0.09173982185204123,31,392,879,596,"AT,BG,CH,FI,HR,HU,IT,RO,RS,SE,SI,SK",FALSE,FALSE
lym_mon,defoliator,C,ips_acu,borer,-0.020210825790474996,0.01647264417826194,inconsistent,"CZ,DE,LT,PL",4.550625711035267,576,inconsistent,4,-0.1026983937268398,0.0509883592765609,27,176,879,40,"BG,SK",FALSE,FALSE
lym_mon,defoliator,C,tet_gab,borer,0.002082855323614126,-0.05380965561185268,inconsistent,"CZ,DE",21.501706484641637,207,inconsistent,2,-0.01967241297124206,0.008298646265001607,9,18,879,189,AT,FALSE,FALSE
lym_mon,defoliator,C,CambXyl_con&MD,borer,-7.701405872143058e-4,0.07914154298291325,insufficient data,CZ,0,138,insufficient data,1,-7.701405872143058e-4,-7.701405872143058e-4,6,74,879,0,NA,FALSE,TRUE
lym_mon,defoliator,C,CambXyl_con&BB_con&SM,borer,NA,NA,insufficient data,NA,0,0,insufficient data,0,NA,NA,0,0,879,0,NA,FALSE,TRUE
lym_mon,defoliator,C,CambXyl_con&BO,borer,NA,NA,insufficient data,NA,2.616609783845279,0,insufficient data,0,NA,NA,0,0,879,23,SI,FALSE,TRUE
lym_mon,defoliator,C,clo_ana,defoliator,NA,NA,insufficient data,NA,2.616609783845279,0,insufficient data,0,NA,NA,0,0,879,23,RO,FALSE,FALSE
mel_spp,defoliator,B,CambXyl_con&BB_con&BO,borer,0.3266384348023231,0.3258833570129733,insufficient data,DE,19.521178637200737,69,insufficient data,1,0.3266384348023231,0.3266384348023231,3,25,1086,212,"AT,HR",TRUE,TRUE
mel_spp,defoliator,C,CambXyl_con&MD,borer,-0.37181353861969174,0.09265681234435456,insufficient data,DE,16.94290976058932,23,insufficient data,1,-0.37181353861969174,-0.37181353861969174,1,15,1086,184,CZ,FALSE,TRUE
mel_spp,defoliator,C,tet_spp,borer,0.3689755364368466,0.3412585056020712,insufficient data,DE,0,161,insufficient data,1,0.3689755364368466,0.3689755364368466,7,56,1086,0,NA,TRUE,FALSE
mel_spp,defoliator,C,tha_pit,defoliator,-0.30624404663563387,-0.17324492192190089,insufficient data,DE,3.7753222836095763,23,insufficient data,1,-0.30624404663563387,-0.30624404663563387,1,2,1086,41,"BG,HR",FALSE,FALSE
mel_spp,defoliator,C,bup_pin,defoliator,0.22899176132458166,0.11688340810554995,consistent,"DE,PL",0,441,consistent,2,0.1970779354714164,0.24746818681851945,21,118,1086,0,NA,FALSE,FALSE
mel_spp,defoliator,C,CambXyl_con&BB_con&SM,borer,0.22253800186976816,-0.06283869451574797,insufficient data,DE,0,46,insufficient data,1,0.22253800186976816,0.22253800186976816,2,18,1086,0,NA,FALSE,TRUE
mel_spp,defoliator,C,pan_fla,defoliator,0.19558617869370232,0.15634150420584497,consistent,"DE,PL",19.060773480662984,415,consistent,2,0.1560420702408838,0.2980413687760049,20,155,1086,207,"CZ,LT",FALSE,FALSE
mel_spp,defoliator,C,pis_pin,borer,0.19127499112975718,0.03574574687323915,insufficient data,DE,2.117863720073665,138,insufficient data,1,0.19127499112975718,0.19127499112975718,6,21,1086,23,LT,FALSE,FALSE
mel_spp,defoliator,C,pri_abi,defoliator,0.1836602168951483,0.14109345680108865,insufficient data,DE,16.94290976058932,161,insufficient data,1,0.1836602168951483,0.1836602168951483,7,9,1086,184,CZ,FALSE,FALSE
mel_spp,defoliator,C,uro_sir_spp,borer,0.17705501703533644,0.1681662407728021,insufficient data,DE,0,69,insufficient data,1,0.17705501703533644,0.17705501703533644,3,6,1086,0,NA,FALSE,FALSE
mel_spp,defoliator,C,ips_ami,borer,-0.17267375081949468,-0.2611238001920939,insufficient data,DE,0,23,insufficient data,1,-0.17267375081949468,-0.17267375081949468,1,0,1086,0,NA,TRUE,FALSE
mel_spp,defoliator,C,tha_pro,defoliator,0.16625123070372314,0.28434324741531114,insufficient data,DE,0,184,insufficient data,1,0.16625123070372314,0.16625123070372314,8,59,1086,0,NA,TRUE,FALSE
mel_spp,defoliator,C,tet_gab,borer,0.15704488950845902,0.07208001603343017,insufficient data,DE,34.34622467771639,184,insufficient data,1,0.15704488950845902,0.15704488950845902,8,60,1086,373,"AT,CZ",FALSE,FALSE
mel_spp,defoliator,C,agr_big,borer,0.14844897898179013,0.10062218729803193,consistent,"DE,PL",0,547,consistent,2,0.08166156491688491,0.18938987057575676,26,369,1086,0,NA,FALSE,FALSE
mel_spp,defoliator,C,tom_spp,borer,0.14831006526860172,0.09468480684539406,consistent,"DE,PL",36.46408839779006,487,consistent,2,0.141778458512896,0.1570848501020246,23,189,1086,396,"AT,CZ,LT",FALSE,FALSE
mel_spp,defoliator,C,pit_spp,borer,0.14578869059689398,-0.009207907680443267,insufficient data,DE,38.58195211786372,92,insufficient data,1,0.14578869059689398,0.14578869059689398,4,44,1086,419,"AT,CZ,HR,SI",FALSE,FALSE
mel_spp,defoliator,C,zei_gri,defoliator,0.14383660286916528,0.12894555502531332,insufficient data,DE,16.94290976058932,23,insufficient data,1,0.14383660286916528,0.14383660286916528,1,2,1086,184,CZ,FALSE,FALSE
mel_spp,defoliator,C,ips_cem,borer,0.13842853847036135,0.13690204395967798,insufficient data,DE,0,207,insufficient data,1,0.13842853847036135,0.13842853847036135,9,77,1086,0,NA,FALSE,FALSE
mel_spp,defoliator,C,lym_mon,defoliator,0.12958396461892052,0.09466508786561754,consistent,"DE,PL",19.060773480662984,481,consistent,2,0.0975497804100974,0.1458118079352322,23,241,1086,207,"CZ,LT",FALSE,FALSE
mel_spp,defoliator,C,pha_cya,borer,0.12520730313614978,0.08892352881564272,consistent,"DE,PL",36.46408839779006,547,consistent,2,0.08671422031332625,0.18800157460974573,26,341,1086,396,"AT,CZ,LT",FALSE,FALSE
mel_spp,defoliator,C,neo_ser,defoliator,-0.12106473765154466,-0.10103697793048631,insufficient data,DE,18.60036832412523,46,insufficient data,1,-0.12106473765154466,-0.12106473765154466,2,2,1086,202,"BG,CZ",FALSE,FALSE
mel_spp,defoliator,C,agr_vir,borer,0.11997315562944859,0.18854726064956467,insufficient data,DE,0,161,insufficient data,1,0.11997315562944859,0.11997315562944859,7,37,1086,0,NA,FALSE,FALSE
mel_spp,defoliator,C,dip_sp,defoliator,0.11513310156260939,0.07596651916239304,consistent,"DE,PL",19.521178637200737,504,consistent,2,0.1054119214793334,0.12076115318976921,24,212,1086,212,"AT,LT",FALSE,FALSE
mel_spp,defoliator,C,Def_dec,defoliator,-0.1150527484178654,-0.11305849079827777,insufficient data,DE,0,46,insufficient data,1,-0.1150527484178654,-0.1150527484178654,2,0,1086,0,NA,FALSE,TRUE
mel_spp,defoliator,C,den_pin,defoliator,0.10756913145244507,0.06847194856171247,consistent,"DE,PL",2.117863720073665,372,consistent,2,0.0526025867535625,0.1257535522550829,18,138,1086,23,LT,FALSE,FALSE
mel_spp,defoliator,C,sco_sco,borer,-0.10135336539474932,-0.18673306760685351,insufficient data,DE,2.117863720073665,92,insufficient data,1,-0.10135336539474932,-0.10135336539474932,4,5,1086,23,LT,FALSE,FALSE
mel_spp,defoliator,C,lym_dis,defoliator,0.09597843222882448,0.09586092695244798,insufficient data,DE,48.61878453038674,184,insufficient data,1,0.09597843222882448,0.09597843222882448,8,44,1086,528,"AT,BG,CZ,HR,HU,LT,RO,RS,SK",FALSE,FALSE
mel_spp,defoliator,C,Def_dec&DB,defoliator,0.08193908555152642,0.07597890234912245,insufficient data,DE,34.34622467771639,161,insufficient data,1,0.08193908555152642,0.08193908555152642,7,40,1086,373,"AT,CZ",FALSE,TRUE
mel_spp,defoliator,C,pit_cha,borer,-0.0808327025076635,-0.1176120624939309,insufficient data,DE,25.78268876611418,207,insufficient data,1,-0.0808327025076635,-0.0808327025076635,9,69,1086,280,"AT,IT,LT,SI,SK",FALSE,FALSE
mel_spp,defoliator,C,sap_car,borer,0.07614457387190585,NA,insufficient data,DE,0,23,insufficient data,1,0.07614457387190585,0.07614457387190585,1,1,1086,0,NA,FALSE,FALSE
mel_spp,defoliator,C,era_def,defoliator,-0.07351158784335307,-0.049074720386584725,insufficient data,DE,0,184,insufficient data,1,-0.07351158784335307,-0.07351158784335307,8,14,1086,0,NA,FALSE,FALSE
mel_spp,defoliator,C,CambXyl_con&BO,borer,-0.0670962167597237,-0.09143494053943993,insufficient data,DE,2.117863720073665,46,insufficient data,1,-0.0670962167597237,-0.0670962167597237,2,11,1086,23,SI,FALSE,TRUE
mel_spp,defoliator,C,pit_bid,borer,-0.05982057628450395,-0.12908524642709254,insufficient data,DE,0,92,insufficient data,1,-0.05982057628450395,-0.05982057628450395,4,12,1086,0,NA,FALSE,FALSE
mel_spp,defoliator,C,sco_rat,borer,0.057681480233476454,0.1747652863196074,insufficient data,DE,19.060773480662984,69,insufficient data,1,0.057681480233476454,0.057681480233476454,3,10,1086,207,"CZ,LT",FALSE,FALSE
mel_spp,defoliator,C,ips_sex,borer,0.04173545796708475,-0.012341454777959818,insufficient data,DE,18.60036832412523,161,insufficient data,1,0.04173545796708475,0.04173545796708475,7,19,1086,202,"BG,CZ",FALSE,FALSE
mel_spp,defoliator,C,ope_spp,defoliator,0.03399786445962709,0.07620576637757534,insufficient data,DE,0,161,insufficient data,1,0.03399786445962709,0.03399786445962709,7,15,1086,0,NA,FALSE,FALSE
mel_spp,defoliator,C,sco_int,borer,0.03274659932177143,0.08376059001557831,insufficient data,DE,16.94290976058932,138,insufficient data,1,0.03274659932177143,0.03274659932177143,6,23,1086,184,CZ,FALSE,FALSE
mel_spp,defoliator,C,geo_db,defoliator,-0.027702887217370725,0.0020722259081112624,inconsistent,"DE,PL",8.011049723756907,478,inconsistent,2,-0.1445905994559794,0.020065465771782042,23,198,1086,87,"BG,HR,LT,RO",FALSE,FALSE
mel_spp,defoliator,C,xyl_spp,borer,-0.017471893717549987,-0.03064944830134782,insufficient data,DE,0,207,insufficient data,1,-0.017471893717549987,-0.017471893717549987,9,35,1086,0,NA,FALSE,FALSE
mel_spp,defoliator,C,tor_vir,defoliator,-0.013023978666001603,-0.03342774845452436,inconsistent,"DE,PL",6.3535911602209945,524,inconsistent,2,-0.04585781837615609,0.00486690612962437,25,193,1086,69,"BG,LT,RO",FALSE,FALSE
mel_spp,defoliator,C,ips_typ,borer,0.010766657902572162,-0.004915822243925853,inconsistent,"DE,PL",73.94106813996316,547,inconsistent,2,-0.017876939117760494,0.02832527155590301,26,374,1086,803,"AT,BG,CH,CZ,FI,HR,HU,IT,LT,RO,RS,SE,SI,SK",FALSE,FALSE
mel_spp,defoliator,C,ips_acu,borer,9.433930643531443e-4,-0.012329671949844752,inconsistent,"DE,PL",22.74401473296501,458,inconsistent,2,-0.03718610766230662,0.08875678867726654,22,92,1086,247,"BG,CZ,LT,SK",FALSE,FALSE
mel_spp,defoliator,C,xyl_lin,borer,-7.821162001359268e-4,-0.03374624863947371,insufficient data,DE,0,184,insufficient data,1,-7.821162001359268e-4,-7.821162001359268e-4,8,35,1086,0,NA,FALSE,FALSE
mel_spp,defoliator,C,pol_pol,borer,NA,NA,insufficient data,NA,19.060773480662984,0,insufficient data,0,NA,NA,0,0,1086,207,"CZ,LT",FALSE,FALSE
mel_spp,defoliator,C,cep_spp,defoliator,NA,NA,insufficient data,NA,16.94290976058932,0,insufficient data,0,NA,NA,0,0,1086,184,CZ,FALSE,FALSE
mel_spp,defoliator,C,clo_ana,defoliator,NA,NA,insufficient data,NA,2.117863720073665,0,insufficient data,0,NA,NA,0,0,1086,23,RO,FALSE,FALSE
mel_spp,defoliator,C,den_mic,borer,NA,NA,insufficient data,NA,19.060773480662984,0,insufficient data,0,NA,NA,0,0,1086,207,"CZ,LT",FALSE,FALSE
mel_spp,defoliator,C,ips_dup,borer,NA,NA,insufficient data,NA,20.902394106813997,0,insufficient data,0,NA,NA,0,0,1086,227,"CZ,RO,SK",FALSE,FALSE
neo_ser,defoliator,B,geo_db,defoliator,-0.22132577607165868,3.7478874826017315e-4,consistent,"BG,DE",33.41503267973856,41,inconsistent,2,-0.3238789221257264,-0.08860994000168873,2,15,1224,409,"HR,LT,PL,RO",FALSE,FALSE
neo_ser,defoliator,C,ips_dup,borer,-0.39445704818924987,-0.008130472862178655,insufficient data,CZ,3.5130718954248366,46,insufficient data,1,-0.39445704818924987,-0.39445704818924987,2,2,1224,43,"RO,SK",FALSE,FALSE
neo_ser,defoliator,C,pri_abi,defoliator,0.34350764690467256,0.09615369771132602,consistent,"CZ,DE",0,92,inconsistent,2,0.3397459748150702,0.34726931899427493,4,9,1224,0,NA,FALSE,FALSE
neo_ser,defoliator,C,tha_pro,defoliator,0.2701441526624266,0.016308945166665104,insufficient data,DE,0,23,insufficient data,1,0.2701441526624266,0.2701441526624266,1,1,1224,0,NA,FALSE,FALSE
neo_ser,defoliator,C,pit_spp,borer,-0.26836271181038623,-0.05806536642634244,insufficient data,CZ,19.19934640522876,46,insufficient data,1,-0.26836271181038623,-0.26836271181038623,2,1,1224,235,"AT,HR,SI",FALSE,FALSE
neo_ser,defoliator,C,ope_spp,defoliator,0.2608398767546145,0.022489752745831478,insufficient data,DE,0,46,insufficient data,1,0.2608398767546145,0.2608398767546145,2,7,1224,0,NA,FALSE,FALSE
neo_ser,defoliator,C,pit_bid,borer,0.24915579607054422,0.13856510408049816,insufficient data,DE,0,46,insufficient data,1,0.24915579607054422,0.24915579607054422,2,11,1224,0,NA,FALSE,FALSE
neo_ser,defoliator,C,agr_vir,borer,0.24284748902538117,0.2353435527567059,insufficient data,DE,0,23,insufficient data,1,0.24284748902538117,0.24284748902538117,1,2,1224,0,NA,TRUE,FALSE
neo_ser,defoliator,C,sco_sco,borer,0.24111443417023712,-0.03478201868503957,insufficient data,DE,1.8790849673202614,46,insufficient data,1,0.24111443417023712,0.24111443417023712,2,3,1224,23,LT,FALSE,FALSE
neo_ser,defoliator,C,ips_cem,borer,0.21391879719449855,0.015455804844248352,insufficient data,DE,0,46,insufficient data,1,0.21391879719449855,0.21391879719449855,2,12,1224,0,NA,FALSE,FALSE
neo_ser,defoliator,C,tet_spp,borer,-0.17030598012606962,-0.5326589141982495,insufficient data,DE,0,23,insufficient data,1,-0.17030598012606962,-0.17030598012606962,1,0,1224,0,NA,TRUE,FALSE
neo_ser,defoliator,C,Def_dec,defoliator,-0.17030598012606962,-0.1162538909021103,insufficient data,DE,0,23,insufficient data,1,-0.17030598012606962,-0.17030598012606962,1,0,1224,0,NA,FALSE,TRUE
neo_ser,defoliator,C,agr_big,borer,0.15933046984177585,0.12777475940564803,insufficient data,DE,27.77777777777778,46,insufficient data,1,0.15933046984177585,0.15933046984177585,2,5,1224,340,PL,FALSE,FALSE
neo_ser,defoliator,C,uro_sir_spp,borer,0.15045390445454052,0.09987997997380227,insufficient data,DE,0,23,insufficient data,1,0.15045390445454052,0.15045390445454052,1,1,1224,0,NA,FALSE,FALSE
neo_ser,defoliator,C,ips_typ,borer,-0.14974531554375956,-0.08383725249543462,inconsistent,"BG,CZ,DE",76.87908496732027,110,inconsistent,3,-0.46898085165843384,0.09601210879619826,5,30,1224,941,"AT,CH,FI,HR,HU,IT,LT,PL,RO,RS,SE,SI,SK",FALSE,FALSE
neo_ser,defoliator,C,pol_pol,borer,0.1421798470928714,0.15131620715784017,insufficient data,CZ,1.8790849673202614,46,insufficient data,1,0.1421798470928714,0.1421798470928714,2,2,1224,23,LT,FALSE,FALSE
neo_ser,defoliator,C,xyl_spp,borer,0.1396057422978602,0.055437061670985645,insufficient data,DE,0,46,insufficient data,1,0.1396057422978602,0.1396057422978602,2,12,1224,0,NA,FALSE,FALSE
neo_ser,defoliator,C,CambXyl_con&MD,borer,-0.1385423290230635,-0.036105340250286194,insufficient data,CZ,0,46,insufficient data,1,-0.1385423290230635,-0.1385423290230635,2,1,1224,0,NA,FALSE,TRUE
neo_ser,defoliator,C,den_pin,defoliator,-0.13074981768605018,-0.06159488027376573,insufficient data,DE,29.65686274509804,46,insufficient data,1,-0.13074981768605018,-0.13074981768605018,2,1,1224,363,"LT,PL",FALSE,FALSE
neo_ser,defoliator,C,lym_mon,defoliator,0.12219839482146622,0.11472894906539662,consistent,"CZ,DE",29.65686274509804,92,consistent,2,0.10252825194998152,0.1418685376929509,4,8,1224,363,"LT,PL",FALSE,FALSE
neo_ser,defoliator,C,mel_spp,defoliator,-0.12106473765154466,-0.10103697793048631,insufficient data,DE,27.77777777777778,46,insufficient data,1,-0.12106473765154466,-0.12106473765154466,2,2,1224,340,PL,FALSE,FALSE
neo_ser,defoliator,C,tor_vir,defoliator,0.10948696306080286,0.1126236960530652,consistent,"BG,DE",31.944444444444443,64,inconsistent,2,0.04452525500229951,0.13675818722767327,3,18,1224,391,"BG,LT,PL,RO",FALSE,FALSE
neo_ser,defoliator,C,dip_sp,defoliator,-0.10710353437588324,-0.08947737957267055,insufficient data,DE,45.09803921568628,46,insufficient data,1,-0.10710353437588324,-0.10710353437588324,2,4,1224,552,"AT,LT,PL",FALSE,FALSE
neo_ser,defoliator,C,bup_pin,defoliator,-0.1060048844379545,-0.23913352651317754,insufficient data,DE,27.77777777777778,46,insufficient data,1,-0.1060048844379545,-0.1060048844379545,2,3,1224,340,PL,TRUE,FALSE
neo_ser,defoliator,C,ips_sex,borer,0.10248287218136404,0.10352017382532314,inconsistent,"BG,CZ,DE",0,110,consistent,3,-0.12215071371004071,0.2782148121292909,5,28,1224,0,NA,FALSE,FALSE
neo_ser,defoliator,C,lym_dis,defoliator,0.08413804906744832,0.05013846676459501,inconsistent,"BG,CZ,DE",26.633986928104576,87,inconsistent,3,-0.10819382064556525,0.1763366651069287,4,19,1224,326,"AT,HR,HU,LT,RO,RS,SK",FALSE,FALSE
neo_ser,defoliator,C,xyl_lin,borer,0.08057980581614524,-0.02099653902038721,insufficient data,DE,0,46,insufficient data,1,0.08057980581614524,0.08057980581614524,2,11,1224,0,NA,FALSE,FALSE
neo_ser,defoliator,C,pha_cya,borer,0.07923805408676056,0.09326984848930034,inconsistent,"CZ,DE",45.09803921568628,92,consistent,2,-0.04471112099142981,0.20318722916495094,4,14,1224,552,"AT,LT,PL",FALSE,FALSE
neo_ser,defoliator,C,tha_pit,defoliator,-0.07015616178597157,-0.09061769681712895,insufficient data,BG,1.8790849673202614,18,insufficient data,1,-0.07015616178597157,-0.07015616178597157,1,16,1224,23,HR,FALSE,FALSE
neo_ser,defoliator,C,pit_cha,borer,0.06409917451486274,0.15613227080785114,insufficient data,DE,22.875816993464053,46,insufficient data,1,0.06409917451486274,0.06409917451486274,2,12,1224,280,"AT,IT,LT,SI,SK",FALSE,FALSE
neo_ser,defoliator,C,pan_fla,defoliator,-0.06386657507055891,-0.07619251322936733,consistent,"CZ,DE",29.65686274509804,69,inconsistent,2,-0.07307258987856566,-0.04545454545454546,3,2,1224,363,"LT,PL",FALSE,FALSE
neo_ser,defoliator,C,cep_spp,defoliator,-0.05881882010846213,-0.12761408222244616,insufficient data,CZ,0,46,insufficient data,1,-0.05881882010846213,-0.05881882010846213,2,1,1224,0,NA,FALSE,FALSE
neo_ser,defoliator,C,Def_dec&DB,defoliator,0.05722014899959021,-0.14147658770709526,inconsistent,"CZ,DE",15.441176470588236,69,consistent,2,-0.17030598012606962,0.17098321356242013,3,2,1224,189,AT,FALSE,TRUE
neo_ser,defoliator,C,sco_int,borer,-0.04836315575315628,-0.10040256977819945,inconsistent,"CZ,DE",0,92,inconsistent,2,-0.1886837413165013,0.09195742981018876,4,6,1224,0,NA,FALSE,FALSE
neo_ser,defoliator,C,tom_spp,borer,0.047834806387392716,-0.025910497869168624,inconsistent,"CZ,DE",45.09803921568628,92,inconsistent,2,-0.1860218563728017,0.28169146914758714,4,14,1224,552,"AT,LT,PL",FALSE,FALSE
neo_ser,defoliator,C,zei_gri,defoliator,-0.0476576999545067,0.08262051785260147,inconsistent,"CZ,DE",0,69,consistent,2,-0.16871715419616914,0.19446120852881824,3,3,1224,0,NA,FALSE,FALSE
neo_ser,defoliator,C,era_def,defoliator,-0.045454545454545456,-0.03934164550586991,insufficient data,DE,0,23,insufficient data,1,-0.045454545454545456,-0.045454545454545456,1,0,1224,0,NA,FALSE,FALSE
neo_ser,defoliator,C,sco_rat,borer,-0.035561846500657655,0.08529492791621249,inconsistent,"CZ,DE",1.8790849673202614,92,consistent,2,-0.09082806801933213,0.01970437501801681,4,7,1224,23,LT,FALSE,FALSE
neo_ser,defoliator,C,pis_pin,borer,0.028240597159295108,0.011004938717794763,insufficient data,DE,1.8790849673202614,46,insufficient data,1,0.028240597159295108,0.028240597159295108,2,11,1224,23,LT,FALSE,FALSE
neo_ser,defoliator,C,ips_acu,borer,-0.02205625024723737,-0.14670396473755526,inconsistent,"BG,CZ,DE",31.454248366013072,110,consistent,3,-0.40724662564495084,0.2141898412858137,5,29,1224,385,"LT,PL,SK",FALSE,FALSE
neo_ser,defoliator,C,tet_gab,borer,-0.010692954811966159,-0.3062052557980981,inconsistent,"CZ,DE",15.441176470588236,69,inconsistent,2,-0.06314693216676635,0.01553403386543394,3,6,1224,189,AT,TRUE,FALSE
neo_ser,defoliator,C,sap_car,borer,NA,NA,insufficient data,NA,0,0,insufficient data,0,NA,NA,0,0,1224,0,NA,FALSE,FALSE
neo_ser,defoliator,C,CambXyl_con&BB_con&BO,borer,NA,NA,insufficient data,NA,17.320261437908496,0,insufficient data,0,NA,NA,0,0,1224,212,"AT,HR",FALSE,TRUE
neo_ser,defoliator,C,CambXyl_con&BB_con&SM,borer,NA,NA,insufficient data,NA,0,0,insufficient data,0,NA,NA,0,0,1224,0,NA,FALSE,TRUE
neo_ser,defoliator,C,CambXyl_con&BO,borer,NA,NA,insufficient data,NA,1.8790849673202614,0,insufficient data,0,NA,NA,0,0,1224,23,SI,FALSE,TRUE
neo_ser,defoliator,C,clo_ana,defoliator,NA,NA,insufficient data,NA,1.8790849673202614,0,insufficient data,0,NA,NA,0,0,1224,23,RO,FALSE,FALSE
neo_ser,defoliator,C,den_mic,borer,NA,NA,insufficient data,NA,1.8790849673202614,0,insufficient data,0,NA,NA,0,0,1224,23,LT,FALSE,FALSE
neo_ser,defoliator,C,ips_ami,borer,NA,NA,insufficient data,NA,0,0,insufficient data,0,NA,NA,0,0,1224,0,NA,FALSE,FALSE
ope_spp,defoliator,B,tor_vir,defoliator,0.5102158892514843,0.4118505445371596,insufficient data,DE,28.68162692847125,184,insufficient data,1,0.5102158892514843,0.5102158892514843,8,41,1426,409,"BG,LT,PL,RO",TRUE,FALSE
ope_spp,defoliator,C,ips_ami,borer,0.5319562092489521,0.4917549893619408,insufficient data,DE,0,23,insufficient data,1,0.5319562092489521,0.5319562092489521,1,5,1426,0,NA,TRUE,FALSE
ope_spp,defoliator,C,den_pin,defoliator,0.3229249694011392,0.07591529154061515,insufficient data,DE,25.455820476858346,92,insufficient data,1,0.3229249694011392,0.3229249694011392,4,7,1426,363,"LT,PL",FALSE,FALSE
ope_spp,defoliator,C,pit_bid,borer,0.3015953913947821,0.11722059316457682,insufficient data,DE,0,92,insufficient data,1,0.3015953913947821,0.3015953913947821,4,14,1426,0,NA,FALSE,FALSE
ope_spp,defoliator,C,dip_sp,defoliator,0.2881808207142827,0.14543341958791556,insufficient data,DE,38.70967741935484,161,insufficient data,1,0.2881808207142827,0.2881808207142827,7,12,1426,552,"AT,LT,PL",FALSE,FALSE
ope_spp,defoliator,C,CambXyl_con&MD,borer,-0.27135129003727565,-0.042619187365732336,insufficient data,DE,12.903225806451612,23,insufficient data,1,-0.27135129003727565,-0.27135129003727565,1,1,1426,184,CZ,FALSE,TRUE
ope_spp,defoliator,C,neo_ser,defoliator,0.2608398767546145,0.022489752745831478,insufficient data,DE,14.165497896213184,46,insufficient data,1,0.2608398767546145,0.2608398767546145,2,7,1426,202,"BG,CZ",FALSE,FALSE
ope_spp,defoliator,C,sco_sco,borer,0.2514751074719057,0.2359162901879531,insufficient data,DE,1.6129032258064515,92,insufficient data,1,0.2514751074719057,0.2514751074719057,4,9,1426,23,LT,TRUE,FALSE
ope_spp,defoliator,C,ips_sex,borer,0.2470822073336677,0.12412930798171459,insufficient data,DE,14.165497896213184,161,insufficient data,1,0.2470822073336677,0.2470822073336677,7,17,1426,202,"BG,CZ",FALSE,FALSE
ope_spp,defoliator,C,lym_mon,defoliator,0.2378431017438669,0.12817700469818274,insufficient data,DE,38.35904628330996,138,insufficient data,1,0.2378431017438669,0.2378431017438669,6,19,1426,547,"CZ,LT,PL",FALSE,FALSE
ope_spp,defoliator,C,geo_db,defoliator,-0.22258703927661513,-0.2656701363535496,insufficient data,DE,29.94389901823282,138,insufficient data,1,-0.22258703927661513,-0.22258703927661513,6,2,1426,427,"BG,HR,LT,PL,RO",TRUE,FALSE
ope_spp,defoliator,C,era_def,defoliator,0.21384212948273226,0.17992485874443298,insufficient data,DE,0,184,insufficient data,1,0.21384212948273226,0.21384212948273226,8,15,1426,0,NA,FALSE,FALSE
ope_spp,defoliator,C,bup_pin,defoliator,0.2109041046958048,-0.03999376839202289,insufficient data,DE,23.842917251051894,138,insufficient data,1,0.2109041046958048,0.2109041046958048,6,13,1426,340,PL,FALSE,FALSE
ope_spp,defoliator,C,ips_cem,borer,0.19609558506538374,0.23594052294787368,insufficient data,DE,0,207,insufficient data,1,0.19609558506538374,0.19609558506538374,9,44,1426,0,NA,TRUE,FALSE
ope_spp,defoliator,C,CambXyl_con&BO,borer,-0.19373954305906851,0.10068896159838756,insufficient data,DE,1.6129032258064515,46,insufficient data,1,-0.19373954305906851,-0.19373954305906851,2,0,1426,23,SI,FALSE,TRUE
ope_spp,defoliator,C,CambXyl_con&BB_con&BO,borer,-0.18464281038198482,-0.19407490521894197,insufficient data,DE,14.866760168302946,46,insufficient data,1,-0.18464281038198482,-0.18464281038198482,2,1,1426,212,"AT,HR",FALSE,TRUE
ope_spp,defoliator,C,tom_spp,borer,0.1649355936162675,0.0962916363836137,insufficient data,DE,51.61290322580645,207,insufficient data,1,0.1649355936162675,0.1649355936162675,9,39,1426,736,"AT,CZ,LT,PL",FALSE,FALSE
ope_spp,defoliator,C,CambXyl_con&BB_con&SM,borer,-0.15383990674347625,-0.0507679595307606,insufficient data,DE,0,46,insufficient data,1,-0.15383990674347625,-0.15383990674347625,2,1,1426,0,NA,FALSE,TRUE
ope_spp,defoliator,C,ips_acu,borer,0.14791303269738298,0.1926110670573984,insufficient data,DE,41.164095371669006,115,insufficient data,1,0.14791303269738298,0.14791303269738298,5,14,1426,587,"BG,CZ,LT,PL,SK",FALSE,FALSE
ope_spp,defoliator,C,lym_dis,defoliator,0.13572171802283703,0.10881942317164087,insufficient data,DE,37.02664796633941,161,insufficient data,1,0.13572171802283703,0.13572171802283703,7,23,1426,528,"AT,BG,CZ,HR,HU,LT,RO,RS,SK",FALSE,FALSE
ope_spp,defoliator,C,uro_sir_spp,borer,-0.13170583075763934,-0.11306626482536342,insufficient data,DE,0,92,insufficient data,1,-0.13170583075763934,-0.13170583075763934,4,0,1426,0,NA,FALSE,FALSE
ope_spp,defoliator,C,tha_pro,defoliator,0.13057213234747828,0.2598300602275232,insufficient data,DE,0,184,insufficient data,1,0.13057213234747828,0.13057213234747828,8,26,1426,0,NA,TRUE,FALSE
ope_spp,defoliator,C,zei_gri,defoliator,0.12688204890511523,0.41413975417592763,insufficient data,DE,12.903225806451612,23,insufficient data,1,0.12688204890511523,0.12688204890511523,1,2,1426,184,CZ,TRUE,FALSE
ope_spp,defoliator,C,pit_cha,borer,0.12655918559733276,0.06386256815233708,insufficient data,DE,19.635343618513325,207,insufficient data,1,0.12655918559733276,0.12655918559733276,9,43,1426,280,"AT,IT,LT,SI,SK",FALSE,FALSE
ope_spp,defoliator,C,pha_cya,borer,0.12213133145403925,0.08365736448104956,insufficient data,DE,51.61290322580645,207,insufficient data,1,0.12213133145403925,0.12213133145403925,9,40,1426,736,"AT,CZ,LT,PL",FALSE,FALSE
ope_spp,defoliator,C,ips_typ,borer,0.11863863460231239,0.10331076567040148,insufficient data,DE,80.15427769985975,207,insufficient data,1,0.11863863460231239,0.11863863460231239,9,45,1426,1143,"AT,BG,CH,CZ,FI,HR,HU,IT,LT,PL,RO,RS,SE,SI,SK",FALSE,FALSE
ope_spp,defoliator,C,tet_gab,borer,0.11395038540058705,0.08545250239417934,insufficient data,DE,26.157082748948106,161,insufficient data,1,0.11395038540058705,0.11395038540058705,7,12,1426,373,"AT,CZ",FALSE,FALSE
ope_spp,defoliator,C,den_mic,borer,-0.11206835021885247,-0.11019697753066098,insufficient data,DE,14.516129032258064,23,insufficient data,1,-0.11206835021885247,-0.11206835021885247,1,0,1426,207,"CZ,LT",FALSE,FALSE
ope_spp,defoliator,C,Def_dec&DB,defoliator,-0.10950511630780273,-0.26178887641902426,insufficient data,DE,26.157082748948106,115,insufficient data,1,-0.10950511630780273,-0.10950511630780273,5,2,1426,373,"AT,CZ",TRUE,TRUE
ope_spp,defoliator,C,pis_pin,borer,0.10255921585612508,0.02191126114946468,insufficient data,DE,1.6129032258064515,115,insufficient data,1,0.10255921585612508,0.10255921585612508,5,13,1426,23,LT,FALSE,FALSE
ope_spp,defoliator,C,Def_dec,defoliator,-0.0991952608416622,-9.12951371324264e-18,insufficient data,DE,0,46,insufficient data,1,-0.0991952608416622,-0.0991952608416622,2,0,1426,0,NA,FALSE,TRUE
ope_spp,defoliator,C,sco_rat,borer,-0.08381725113691679,-0.029685393621392813,insufficient data,DE,14.516129032258064,46,insufficient data,1,-0.08381725113691679,-0.08381725113691679,2,3,1426,207,"CZ,LT",FALSE,FALSE
ope_spp,defoliator,C,sco_int,borer,-0.07300850908550445,0.07518842979769945,insufficient data,DE,12.903225806451612,161,insufficient data,1,-0.07300850908550445,-0.07300850908550445,7,4,1426,184,CZ,FALSE,FALSE
ope_spp,defoliator,C,agr_vir,borer,0.0646994334318808,0.1528275825878945,insufficient data,DE,0,161,insufficient data,1,0.0646994334318808,0.0646994334318808,7,16,1426,0,NA,FALSE,FALSE
ope_spp,defoliator,C,pri_abi,defoliator,0.05579603096651908,-0.005438326250677396,insufficient data,DE,12.903225806451612,161,insufficient data,1,0.05579603096651908,0.05579603096651908,7,16,1426,184,CZ,FALSE,FALSE
ope_spp,defoliator,C,pit_spp,borer,0.03947941719645301,-0.05422248191110784,insufficient data,DE,29.38288920056101,92,insufficient data,1,0.03947941719645301,0.03947941719645301,4,19,1426,419,"AT,CZ,HR,SI",FALSE,FALSE
ope_spp,defoliator,C,tet_spp,borer,0.03576993202787229,0.10755001729971671,insufficient data,DE,0,138,insufficient data,1,0.03576993202787229,0.03576993202787229,6,9,1426,0,NA,FALSE,FALSE
ope_spp,defoliator,C,mel_spp,defoliator,0.03399786445962709,0.07620576637757534,insufficient data,DE,23.842917251051894,161,insufficient data,1,0.03399786445962709,0.03399786445962709,7,15,1426,340,PL,FALSE,FALSE
ope_spp,defoliator,C,agr_big,borer,0.027201630958977815,0.10485239083557381,insufficient data,DE,23.842917251051894,207,insufficient data,1,0.027201630958977815,0.027201630958977815,9,31,1426,340,PL,FALSE,FALSE
ope_spp,defoliator,C,xyl_spp,borer,0.024234432424789756,0.0244997332723996,insufficient data,DE,0,207,insufficient data,1,0.024234432424789756,0.024234432424789756,9,32,1426,0,NA,FALSE,FALSE
ope_spp,defoliator,C,pan_fla,defoliator,-0.012231036206837355,-0.15529812540171226,insufficient data,DE,38.35904628330996,92,insufficient data,1,-0.012231036206837355,-0.012231036206837355,4,5,1426,547,"CZ,LT,PL",FALSE,FALSE
ope_spp,defoliator,C,xyl_lin,borer,0.003398576897489748,0.04665859310809628,insufficient data,DE,0,207,insufficient data,1,0.003398576897489748,0.003398576897489748,9,37,1426,0,NA,FALSE,FALSE
ope_spp,defoliator,C,pol_pol,borer,NA,NA,insufficient data,NA,14.516129032258064,0,insufficient data,0,NA,NA,0,0,1426,207,"CZ,LT",FALSE,FALSE
ope_spp,defoliator,C,sap_car,borer,NA,NA,insufficient data,NA,0,0,insufficient data,0,NA,NA,0,0,1426,0,NA,FALSE,FALSE
ope_spp,defoliator,C,tha_pit,defoliator,NA,NA,insufficient data,NA,2.8751753155680224,0,insufficient data,0,NA,NA,0,0,1426,41,"BG,HR",FALSE,FALSE
ope_spp,defoliator,C,cep_spp,defoliator,NA,NA,insufficient data,NA,12.903225806451612,0,insufficient data,0,NA,NA,0,0,1426,184,CZ,FALSE,FALSE
ope_spp,defoliator,C,clo_ana,defoliator,NA,NA,insufficient data,NA,1.6129032258064515,0,insufficient data,0,NA,NA,0,0,1426,23,RO,FALSE,FALSE
ope_spp,defoliator,C,ips_dup,borer,NA,NA,insufficient data,NA,15.918653576437588,0,insufficient data,0,NA,NA,0,0,1426,227,"CZ,RO,SK",FALSE,FALSE
pan_fla,defoliator,B,pit_cha,borer,0.206512251004872,0.11477424179504606,consistent,"DE,LT",29.23777019340159,161,consistent,2,0.10253752186388969,0.22384137252836905,7,32,879,257,"AT,IT,SI,SK",FALSE,FALSE
pan_fla,defoliator,C,CambXyl_con&BB_con&BO,borer,0.8048371230685313,0.7577233057616424,insufficient data,DE,24.118316268486918,23,insufficient data,1,0.8048371230685313,0.8048371230685313,1,4,879,212,"AT,HR",TRUE,TRUE
pan_fla,defoliator,C,tha_pit,defoliator,-0.47239412810897125,-0.09790512400863446,insufficient data,DE,4.6643913538111494,23,insufficient data,1,-0.47239412810897125,-0.47239412810897125,1,2,879,41,"BG,HR",FALSE,FALSE
pan_fla,defoliator,C,tet_spp,borer,0.44632066952455196,0.3076786350071905,insufficient data,DE,0,92,insufficient data,1,0.44632066952455196,0.44632066952455196,4,9,879,0,NA,TRUE,FALSE
pan_fla,defoliator,C,Def_dec,defoliator,0.4349557387080115,0.22678741280816186,insufficient data,DE,0,23,insufficient data,1,0.4349557387080115,0.4349557387080115,1,1,879,0,NA,TRUE,TRUE
pan_fla,defoliator,C,xyl_lin,borer,0.40239394906106984,0.2612057731467066,insufficient data,DE,0,115,insufficient data,1,0.40239394906106984,0.40239394906106984,5,23,879,0,NA,TRUE,FALSE
pan_fla,defoliator,C,bup_pin,defoliator,0.37370528267476955,0.32228446866460003,consistent,"DE,PL",0,418,consistent,2,0.29284820884888113,0.5366445375057264,20,92,879,0,NA,TRUE,FALSE
pan_fla,defoliator,C,ips_dup,borer,0.32904230358377695,0.4491571631350562,insufficient data,CZ,4.891922639362912,23,insufficient data,1,0.32904230358377695,0.32904230358377695,1,1,879,43,"RO,SK",TRUE,FALSE
pan_fla,defoliator,C,lym_mon,defoliator,0.3137447090653971,0.16963507180504467,consistent,"CZ,DE,LT,PL",0,484,consistent,4,0.1316635440982935,0.3962742215328316,23,159,879,0,NA,FALSE,FALSE
pan_fla,defoliator,C,den_pin,defoliator,0.30165047017685614,0.26873983042668587,consistent,"DE,LT,PL",0,395,consistent,3,0.08527791143281638,0.3378993530118463,19,98,879,0,NA,TRUE,FALSE
pan_fla,defoliator,C,zei_gri,defoliator,0.2894964075144088,0.3535271795745735,inconsistent,"CZ,DE",0,46,inconsistent,2,-0.031112637108863035,0.6101054521376807,2,2,879,0,NA,TRUE,FALSE
pan_fla,defoliator,C,Def_dec&DB,defoliator,0.28042437011146454,0.18148528207110967,consistent,"CZ,DE",21.501706484641637,92,consistent,2,0.23548949253841236,0.29540266263581527,4,9,879,189,AT,FALSE,TRUE
pan_fla,defoliator,C,cep_spp,defoliator,-0.2632700447611223,-0.05715559293193709,insufficient data,CZ,0,23,insufficient data,1,-0.2632700447611223,-0.2632700447611223,1,0,879,0,NA,FALSE,FALSE
pan_fla,defoliator,C,xyl_spp,borer,0.26045022010175806,0.09835249358224184,insufficient data,DE,0,138,insufficient data,1,0.26045022010175806,0.26045022010175806,6,26,879,0,NA,FALSE,FALSE
pan_fla,defoliator,C,lym_dis,defoliator,0.23933594974640196,0.1991661844377919,inconsistent,"CZ,DE,LT",36.51877133105802,184,inconsistent,3,-0.09185928413704443,0.5223743090238153,8,17,879,321,"AT,BG,HR,HU,RO,RS,SK",FALSE,FALSE
pan_fla,defoliator,C,pri_abi,defoliator,0.23321401772048966,-0.02492574915595366,inconsistent,"CZ,DE",0,138,inconsistent,2,-0.13297270228009586,0.3064513617206068,6,12,879,0,NA,FALSE,FALSE
pan_fla,defoliator,C,CambXyl_con&MD,borer,0.23224287580754416,-0.21849236697330093,insufficient data,CZ,0,23,insufficient data,1,0.23224287580754416,0.23224287580754416,1,1,879,0,NA,FALSE,TRUE
pan_fla,defoliator,C,tom_spp,borer,0.1984667455410152,0.13042218886751097,consistent,"CZ,DE,LT,PL",21.501706484641637,424,inconsistent,4,0.04288067003612662,0.3518928768944758,20,103,879,189,AT,FALSE,FALSE
pan_fla,defoliator,C,mel_spp,defoliator,0.19558617869370232,0.15634150420584497,consistent,"DE,PL",0,415,consistent,2,0.1560420702408838,0.2980413687760049,20,155,879,0,NA,FALSE,FALSE
pan_fla,defoliator,C,dip_sp,defoliator,0.18667030701110984,0.14111678654096046,inconsistent,"DE,LT,PL",21.501706484641637,461,inconsistent,3,-0.13989991033634272,0.26364920987538415,22,134,879,189,AT,FALSE,FALSE
pan_fla,defoliator,C,ips_typ,borer,0.18252690628935667,0.16531822777115382,inconsistent,"CZ,DE,LT,PL",67.80432309442548,484,consistent,4,-0.11623971452622975,0.3148455983643563,23,183,879,596,"AT,BG,CH,FI,HR,HU,IT,RO,RS,SE,SI,SK",FALSE,FALSE
pan_fla,defoliator,C,ips_cem,borer,0.17215975678270967,0.0268312565261344,insufficient data,DE,0,138,insufficient data,1,0.17215975678270967,0.17215975678270967,6,29,879,0,NA,FALSE,FALSE
pan_fla,defoliator,C,pit_bid,borer,0.16326578955205245,0.1512751836465536,insufficient data,DE,0,92,insufficient data,1,0.16326578955205245,0.16326578955205245,4,17,879,0,NA,FALSE,FALSE
pan_fla,defoliator,C,sap_car,borer,-0.16148790635021953,NA,insufficient data,DE,0,23,insufficient data,1,-0.16148790635021953,-0.16148790635021953,1,0,879,0,NA,FALSE,FALSE
pan_fla,defoliator,C,pis_pin,borer,0.15477961051706823,0.011993117528350928,consistent,"DE,LT",0,138,inconsistent,2,0.08180253664588327,0.16937502529130524,6,22,879,0,NA,FALSE,FALSE
pan_fla,defoliator,C,tor_vir,defoliator,0.13589926750302703,0.051138077801480254,consistent,"DE,LT,PL",5.233219567690558,461,inconsistent,3,0.07249180215342617,0.16614780116695585,22,118,879,46,"BG,RO",FALSE,FALSE
pan_fla,defoliator,C,pol_pol,borer,0.12702264782734599,0.12677092963579997,consistent,"CZ,LT",0,46,consistent,2,0.10570974410942036,0.14833555154527162,2,4,879,0,NA,FALSE,FALSE
pan_fla,defoliator,C,agr_vir,borer,-0.1259169781486554,-0.011599509447898537,insufficient data,DE,0,115,insufficient data,1,-0.1259169781486554,-0.1259169781486554,5,4,879,0,NA,FALSE,FALSE
pan_fla,defoliator,C,era_def,defoliator,-0.12173103787943793,-0.1421101102829674,insufficient data,DE,0,115,insufficient data,1,-0.12173103787943793,-0.12173103787943793,5,7,879,0,NA,FALSE,FALSE
pan_fla,defoliator,C,ips_ami,borer,0.12092384780681295,-9.382744889226474e-4,insufficient data,DE,0,23,insufficient data,1,0.12092384780681295,0.12092384780681295,1,1,879,0,NA,FALSE,FALSE
pan_fla,defoliator,C,sco_rat,borer,-0.1160457869139796,-0.025224744511271567,inconsistent,"CZ,DE,LT",0,115,inconsistent,3,-0.23731192692617162,0.1269783234307444,5,11,879,0,NA,FALSE,FALSE
pan_fla,defoliator,C,tet_gab,borer,0.10717903070164547,-0.020538312419550772,inconsistent,"CZ,DE",21.501706484641637,115,inconsistent,2,-0.06314693216676635,0.1497605214187484,5,9,879,189,AT,FALSE,FALSE
pan_fla,defoliator,C,pha_cya,borer,0.10302006627359132,0.1061844655562702,inconsistent,"CZ,DE,LT,PL",21.501706484641637,484,inconsistent,4,-0.16371108365072917,0.2216398907234759,23,173,879,189,AT,FALSE,FALSE
pan_fla,defoliator,C,pit_spp,borer,0.10266729905675964,0.24779582403203898,inconsistent,"CZ,DE",26.734926052332195,46,consistent,2,-0.016712735533669153,0.22204733364718843,2,5,879,235,"AT,HR,SI",TRUE,FALSE
pan_fla,defoliator,C,uro_sir_spp,borer,-0.09349088024409397,0.20460879652723518,insufficient data,DE,0,23,insufficient data,1,-0.09349088024409397,-0.09349088024409397,1,0,879,0,NA,FALSE,FALSE
pan_fla,defoliator,C,ips_sex,borer,0.06658466053827775,0.177973517229113,consistent,"CZ,DE",2.04778156996587,115,inconsistent,2,0.019169794055487552,0.25624412646943856,5,18,879,18,BG,FALSE,FALSE
pan_fla,defoliator,C,neo_ser,defoliator,-0.06386657507055891,-0.07619251322936733,consistent,"CZ,DE",2.04778156996587,69,inconsistent,2,-0.07307258987856566,-0.04545454545454546,3,2,879,18,BG,FALSE,FALSE
pan_fla,defoliator,C,geo_db,defoliator,0.047800925053061875,-0.01480553579827292,inconsistent,"DE,LT,PL",7.281001137656427,415,inconsistent,3,-0.19735875429941613,0.06934601655295948,20,113,879,64,"BG,HR,RO",FALSE,FALSE
pan_fla,defoliator,C,sco_int,borer,-0.04695601087530223,0.04510088063622152,inconsistent,"CZ,DE",0,115,inconsistent,2,-0.14698650254183668,0.35316595579083554,5,12,879,0,NA,FALSE,FALSE
pan_fla,defoliator,C,sco_sco,borer,0.03204202659778427,-0.03883144552463266,inconsistent,"DE,LT",0,92,consistent,2,-0.08014756121741497,0.06943855586951736,4,7,879,0,NA,FALSE,FALSE
pan_fla,defoliator,C,agr_big,borer,0.028126834762366708,0.028568614052531985,inconsistent,"DE,PL",0,438,consistent,2,-0.10456890869527448,0.08958591594274788,21,168,879,0,NA,FALSE,FALSE
pan_fla,defoliator,C,tha_pro,defoliator,-0.026133601559517453,0.028864830057443485,insufficient data,DE,0,115,insufficient data,1,-0.026133601559517453,-0.026133601559517453,5,9,879,0,NA,FALSE,FALSE
pan_fla,defoliator,C,den_mic,borer,-0.02412422073911762,-0.3399381751528617,insufficient data,LT,0,23,insufficient data,1,-0.02412422073911762,-0.02412422073911762,1,1,879,0,NA,TRUE,FALSE
pan_fla,defoliator,C,ips_acu,borer,-0.017401633371073554,0.027699793893564015,inconsistent,"CZ,DE,LT,PL",4.550625711035267,441,inconsistent,4,-0.1292320320806357,0.3395087814347363,21,48,879,40,"BG,SK",FALSE,FALSE
pan_fla,defoliator,C,ope_spp,defoliator,-0.012231036206837355,-0.15529812540171226,insufficient data,DE,0,92,insufficient data,1,-0.012231036206837355,-0.012231036206837355,4,5,879,0,NA,FALSE,FALSE
pan_fla,defoliator,C,CambXyl_con&BB_con&SM,borer,NA,NA,insufficient data,NA,0,0,insufficient data,0,NA,NA,0,0,879,0,NA,FALSE,TRUE
pan_fla,defoliator,C,CambXyl_con&BO,borer,NA,NA,insufficient data,NA,2.616609783845279,0,insufficient data,0,NA,NA,0,0,879,23,SI,FALSE,TRUE
pan_fla,defoliator,C,clo_ana,defoliator,NA,NA,insufficient data,NA,2.616609783845279,0,insufficient data,0,NA,NA,0,0,879,23,RO,FALSE,FALSE
pha_cya,borer,A,ips_sex,borer,0.5083318670172224,0.4191066172070308,consistent,"CZ,DE",2.608695652173913,368,consistent,2,0.45158818122522104,0.565075552809224,16,207,690,18,BG,TRUE,FALSE
pha_cya,borer,A,pit_cha,borer,0.3495793541687242,0.3279300032220071,consistent,"AT,DE,LT",9.855072463768115,423,consistent,3,0.2315296591427105,0.413154108865828,19,250,690,68,"IT,SI,SK",TRUE,FALSE
pha_cya,borer,A,ips_typ,borer,0.3319830959491541,0.3132926573697427,consistent,"AT,CZ,DE,LT,PL",58.98550724637681,947,consistent,5,0.15032202687608284,0.5536290611118615,44,686,690,407,"BG,CH,FI,HR,HU,IT,RO,RS,SE,SI,SK",TRUE,FALSE
pha_cya,borer,B,ips_dup,borer,0.3887651601013897,0.03153580333940368,insufficient data,CZ,6.231884057971015,184,insufficient data,1,0.3887651601013897,0.3887651601013897,8,134,690,43,"RO,SK",FALSE,FALSE
pha_cya,borer,B,CambXyl_con&BB_con&BO,borer,0.2739529177734577,0.2787911674051678,consistent,"AT,DE",3.3333333333333335,216,consistent,2,0.24575175406797495,0.3337735680578152,10,98,690,23,HR,TRUE,TRUE
pha_cya,borer,B,pit_spp,borer,0.2562962553260354,0.13946279060520034,consistent,"AT,CZ,DE",6.666666666666667,402,inconsistent,3,0.05687830670913615,0.430673690943094,18,233,690,46,"HR,SI",FALSE,FALSE
pha_cya,borer,B,lym_dis,defoliator,0.2299865635285942,0.16932974516641894,consistent,"AT,CZ,DE,LT",19.130434782608695,494,consistent,4,0.1387253344368727,0.30984092015168047,22,124,690,132,"BG,HR,HU,RO,RS,SK",FALSE,FALSE
pha_cya,borer,C,pit_bid,borer,0.6044388237191045,0.44155308216726846,insufficient data,DE,0,115,insufficient data,1,0.6044388237191045,0.6044388237191045,5,64,690,0,NA,TRUE,FALSE
pha_cya,borer,C,ips_cem,borer,0.501503437783238,0.4380172805427547,insufficient data,DE,0,253,insufficient data,1,0.501503437783238,0.501503437783238,11,172,690,0,NA,TRUE,FALSE
pha_cya,borer,C,sap_car,borer,0.4897466971970208,NA,insufficient data,DE,0,23,insufficient data,1,0.4897466971970208,0.4897466971970208,1,1,690,0,NA,FALSE,FALSE
pha_cya,borer,C,agr_vir,borer,0.40813548237545116,0.3794658619130994,insufficient data,DE,0,207,insufficient data,1,0.40813548237545116,0.40813548237545116,9,54,690,0,NA,TRUE,FALSE
pha_cya,borer,C,agr_big,borer,0.3929146419422751,0.326682826382897,consistent,"DE,PL",0,593,consistent,2,0.3869003245165622,0.39742072496711245,28,425,690,0,NA,TRUE,FALSE
pha_cya,borer,C,tha_pit,defoliator,0.38795166376655693,0.6109339512084138,insufficient data,DE,5.942028985507246,23,insufficient data,1,0.38795166376655693,0.38795166376655693,1,11,690,41,"BG,HR",TRUE,FALSE
pha_cya,borer,C,pis_pin,borer,0.38143548702689134,0.2568599849860177,consistent,"DE,LT",0,184,consistent,2,0.32494631019915204,0.3895053694308542,8,66,690,0,NA,TRUE,FALSE
pha_cya,borer,C,sco_rat,borer,0.34923850849324495,0.22949191337853597,consistent,"CZ,DE,LT",0,276,consistent,3,0.2896718071785416,0.4711901049885443,12,112,690,0,NA,TRUE,FALSE
pha_cya,borer,C,tom_spp,borer,0.2878472325700574,0.2668157370160743,consistent,"AT,CZ,DE,LT,PL",0,887,consistent,5,0.09147871361425336,0.5175402892397701,41,486,690,0,NA,TRUE,FALSE
pha_cya,borer,C,xyl_spp,borer,0.2864029749936338,0.21169255492994424,insufficient data,DE,0,253,insufficient data,1,0.2864029749936338,0.2864029749936338,11,118,690,0,NA,TRUE,FALSE
pha_cya,borer,C,CambXyl_con&BO,borer,-0.2775604572294517,-0.05396660984378443,insufficient data,DE,3.3333333333333335,46,insufficient data,1,-0.2775604572294517,-0.2775604572294517,2,10,690,23,SI,FALSE,TRUE
pha_cya,borer,C,CambXyl_con&MD,borer,0.25558267964124454,-0.0057001762508264355,inconsistent,"CZ,DE",0,207,inconsistent,2,-0.5243136442823004,0.35306972013168764,9,125,690,0,NA,FALSE,TRUE
pha_cya,borer,C,bup_pin,defoliator,0.24656345209279046,0.11084041604834001,consistent,"DE,PL",0,464,inconsistent,2,0.20325637840415314,0.2752177564882798,22,156,690,0,NA,FALSE,FALSE
pha_cya,borer,C,sco_int,borer,0.24601577831480403,0.23183726883533257,consistent,"CZ,DE",0,368,consistent,2,0.1722059658395673,0.3198255907900408,16,143,690,0,NA,TRUE,FALSE
pha_cya,borer,C,uro_sir_spp,borer,0.21537837496359108,0.200057450934208,insufficient data,DE,0,92,insufficient data,1,0.21537837496359108,0.21537837496359108,4,8,690,0,NA,TRUE,FALSE
pha_cya,borer,C,CambXyl_con&BB_con&SM,borer,-0.15684754186581196,0.11306255304950975,insufficient data,DE,0,46,insufficient data,1,-0.15684754186581196,-0.15684754186581196,2,17,690,0,NA,FALSE,TRUE
pha_cya,borer,C,ips_ami,borer,-0.14741145945235332,-0.3617941706092791,insufficient data,DE,0,46,insufficient data,1,-0.14741145945235332,-0.14741145945235332,2,2,690,0,NA,TRUE,FALSE
pha_cya,borer,C,tet_spp,borer,0.145875328322962,0.14831917216743132,insufficient data,DE,0,184,insufficient data,1,0.145875328322962,0.145875328322962,8,59,690,0,NA,FALSE,FALSE
pha_cya,borer,C,tet_gab,borer,0.14516863960167734,0.1349720319302355,inconsistent,"AT,CZ,DE",0,358,inconsistent,3,-0.30538490778327454,0.3157295407397057,16,133,690,0,NA,FALSE,FALSE
pha_cya,borer,C,pri_abi,defoliator,-0.14454814615347625,-0.10035672705974671,consistent,"CZ,DE",0,345,consistent,2,-0.26876376069268126,-0.0358594834316719,15,139,690,0,NA,FALSE,FALSE
pha_cya,borer,C,pol_pol,borer,0.13614999139408854,0.06565635641475402,inconsistent,"CZ,LT",0,207,inconsistent,2,0.09794083500613875,0.44182324249768684,9,125,690,0,NA,FALSE,FALSE
pha_cya,borer,C,ips_acu,borer,0.13237658800296717,0.10947960224953245,inconsistent,"CZ,DE,LT,PL",5.797101449275362,688,inconsistent,4,-0.2933197836879542,0.5560302362888412,32,251,690,40,"BG,SK",FALSE,FALSE
pha_cya,borer,C,tha_pro,defoliator,0.12957864961418486,0.18227771206141036,insufficient data,DE,0,230,insufficient data,1,0.12957864961418486,0.12957864961418486,10,95,690,0,NA,FALSE,FALSE
pha_cya,borer,C,mel_spp,defoliator,0.12520730313614978,0.08892352881564272,consistent,"DE,PL",0,547,consistent,2,0.08671422031332625,0.18800157460974573,26,341,690,0,NA,FALSE,FALSE
pha_cya,borer,C,ope_spp,defoliator,0.12213133145403925,0.08365736448104956,insufficient data,DE,0,207,insufficient data,1,0.12213133145403925,0.12213133145403925,9,40,690,0,NA,FALSE,FALSE
pha_cya,borer,C,den_mic,borer,-0.10591108390854956,-0.12493517863330496,consistent,"CZ,DE,LT",0,69,consistent,3,-0.2263242758434149,-0.04545454545454546,3,1,690,0,NA,FALSE,FALSE
pha_cya,borer,C,pan_fla,defoliator,0.10302006627359132,0.1061844655562702,inconsistent,"CZ,DE,LT,PL",0,484,inconsistent,4,-0.16371108365072917,0.2216398907234759,23,173,690,0,NA,FALSE,FALSE
pha_cya,borer,C,Def_dec&DB,defoliator,0.09601879435748371,0.07828063348173715,inconsistent,"AT,CZ,DE",0,450,inconsistent,3,-0.04650237931642953,0.20038643703317488,20,185,690,0,NA,FALSE,TRUE
pha_cya,borer,C,den_pin,defoliator,0.09301882664157693,-0.014455228356613255,inconsistent,"DE,LT,PL",0,418,inconsistent,3,-0.06389433078886773,0.14659752882044305,20,172,690,0,NA,FALSE,FALSE
pha_cya,borer,C,dip_sp,defoliator,0.08201789389156428,0.030406376719390095,inconsistent,"AT,DE,LT,PL",0,655,inconsistent,4,-0.162066112500044,0.14599564524708492,31,291,690,0,NA,FALSE,FALSE
pha_cya,borer,C,cep_spp,defoliator,-0.08165632095752541,0.07448715749046723,insufficient data,CZ,0,161,insufficient data,1,-0.08165632095752541,-0.08165632095752541,7,86,690,0,NA,FALSE,FALSE
pha_cya,borer,C,neo_ser,defoliator,0.07923805408676056,0.09326984848930034,inconsistent,"CZ,DE",2.608695652173913,92,consistent,2,-0.04471112099142981,0.20318722916495094,4,14,690,18,BG,FALSE,FALSE
pha_cya,borer,C,era_def,defoliator,-0.044034042514077734,-0.05270809121976224,insufficient data,DE,0,230,insufficient data,1,-0.044034042514077734,-0.044034042514077734,10,32,690,0,NA,FALSE,FALSE
pha_cya,borer,C,zei_gri,defoliator,-0.039492033826317004,0.07782316763376174,inconsistent,"CZ,DE",0,184,inconsistent,2,-0.31477949687454415,-1.6525339085598863e-4,8,69,690,0,NA,FALSE,FALSE
pha_cya,borer,C,sco_sco,borer,0.03647298611798391,0.05661862269707645,inconsistent,"DE,LT",0,138,inconsistent,2,-0.0928464045590703,0.06233686425339475,6,24,690,0,NA,FALSE,FALSE
pha_cya,borer,C,lym_mon,defoliator,0.03424321386197566,-0.022196336247506655,inconsistent,"CZ,DE,LT,PL",0,665,inconsistent,4,-0.04499185128836557,0.12614913482278076,31,363,690,0,NA,FALSE,FALSE
pha_cya,borer,C,geo_db,defoliator,0.027595245249431237,0.020847899746376523,inconsistent,"DE,LT,PL",9.27536231884058,524,inconsistent,3,-0.16008452040354323,0.6846478790300254,25,241,690,64,"BG,HR,RO",FALSE,FALSE
pha_cya,borer,C,xyl_lin,borer,0.026680925184946237,-0.04938268861963407,insufficient data,DE,0,230,insufficient data,1,0.026680925184946237,0.026680925184946237,10,122,690,0,NA,FALSE,FALSE
pha_cya,borer,C,tor_vir,defoliator,0.018753908372652946,-0.012079607228894042,inconsistent,"DE,LT,PL",6.666666666666667,593,inconsistent,3,-0.014999429742494486,0.3489019565507059,28,268,690,46,"BG,RO",FALSE,FALSE
pha_cya,borer,C,Def_dec,defoliator,0.014916770907577396,0.13287419602586145,insufficient data,DE,0,46,insufficient data,1,0.014916770907577396,0.014916770907577396,2,2,690,0,NA,FALSE,TRUE
pha_cya,borer,C,clo_ana,defoliator,NA,NA,insufficient data,NA,3.3333333333333335,0,insufficient data,0,NA,NA,0,0,690,23,RO,FALSE,FALSE
pis_pin,borer,A,pit_cha,borer,0.43155102237460574,0.3634478902467035,consistent,"DE,LT",18.317890235210264,184,consistent,2,0.39920152776561846,0.6579974846375166,8,80,1403,257,"AT,IT,SI,SK",TRUE,FALSE
pis_pin,borer,A,pha_cya,borer,0.38143548702689134,0.2568599849860177,consistent,"DE,LT",50.81967213114754,184,consistent,2,0.32494631019915204,0.3895053694308542,8,66,1403,713,"AT,CZ,PL",TRUE,FALSE
pis_pin,borer,A,sco_rat,borer,0.36348986828610524,0.47649409009804244,consistent,"DE,LT",13.114754098360656,92,consistent,2,0.3388875108765492,0.43729694051477325,4,42,1403,184,CZ,TRUE,FALSE
pis_pin,borer,A,ips_acu,borer,0.35840602764970364,0.3572102759610169,consistent,"DE,LT",40.19957234497505,161,consistent,2,0.2881526935853854,0.37011491666042334,7,61,1403,564,"BG,CZ,PL,SK",TRUE,FALSE
pis_pin,borer,B,tet_gab,borer,0.44438769006133133,0.36558775003755684,insufficient data,DE,26.585887384176765,138,insufficient data,1,0.44438769006133133,0.44438769006133133,6,28,1403,373,"AT,CZ",TRUE,FALSE
pis_pin,borer,B,agr_big,borer,0.4044548598037905,0.40422006732041954,insufficient data,DE,24.233784746970777,161,insufficient data,1,0.4044548598037905,0.4044548598037905,7,44,1403,340,PL,TRUE,FALSE
pis_pin,borer,B,ips_sex,borer,0.3714874913521598,0.28097810345902857,insufficient data,DE,14.397719173200285,138,insufficient data,1,0.3714874913521598,0.3714874913521598,6,51,1403,202,"BG,CZ",TRUE,FALSE
pis_pin,borer,B,lym_dis,defoliator,0.2824255637257937,0.24894371885047295,consistent,"DE,LT",35.994297933000716,161,consistent,2,0.1734625104595429,0.3005860726035022,7,35,1403,505,"AT,BG,CZ,HR,HU,RO,RS,SK",TRUE,FALSE
pis_pin,borer,C,pol_pol,borer,0.5437025759288647,0.5404959179979373,insufficient data,LT,13.114754098360656,23,insufficient data,1,0.5437025759288647,0.5437025759288647,1,17,1403,184,CZ,TRUE,FALSE
pis_pin,borer,C,tom_spp,borer,0.47459157788404155,0.39147621127622767,inconsistent,"DE,LT",50.81967213114754,184,inconsistent,2,0.4223572562459879,0.8402318293504166,8,80,1403,713,"AT,CZ,PL",TRUE,FALSE
pis_pin,borer,C,CambXyl_con&BB_con&BO,borer,0.4323093313081473,0.4804965214731647,insufficient data,DE,15.11047754811119,46,insufficient data,1,0.4323093313081473,0.4323093313081473,2,5,1403,212,"AT,HR",TRUE,TRUE
pis_pin,borer,C,ips_cem,borer,0.42083512509871746,0.29647642532982627,insufficient data,DE,0,161,insufficient data,1,0.42083512509871746,0.42083512509871746,7,62,1403,0,NA,TRUE,FALSE
pis_pin,borer,C,pit_bid,borer,0.4183824476545878,0.323604989474916,insufficient data,DE,0,115,insufficient data,1,0.4183824476545878,0.4183824476545878,5,43,1403,0,NA,TRUE,FALSE
pis_pin,borer,C,CambXyl_con&MD,borer,-0.4132447049303443,-0.2036313536740119,insufficient data,DE,13.114754098360656,23,insufficient data,1,-0.4132447049303443,-0.4132447049303443,1,0,1403,184,CZ,TRUE,TRUE
pis_pin,borer,C,xyl_spp,borer,0.3833883761546389,0.3363250003602539,insufficient data,DE,0,161,insufficient data,1,0.3833883761546389,0.3833883761546389,7,55,1403,0,NA,TRUE,FALSE
pis_pin,borer,C,ips_typ,borer,0.3235043924296048,0.2737512811389904,inconsistent,"DE,LT",79.82893799002139,184,inconsistent,2,-0.1609429333726012,0.39271115325849143,8,82,1403,1120,"AT,BG,CH,CZ,FI,HR,HU,IT,PL,RO,RS,SE,SI,SK",TRUE,FALSE
pis_pin,borer,C,tet_spp,borer,0.32143307968465457,0.14635955931246933,insufficient data,DE,0,92,insufficient data,1,0.32143307968465457,0.32143307968465457,4,12,1403,0,NA,FALSE,FALSE
pis_pin,borer,C,bup_pin,defoliator,0.2748315377423307,0.2542431423574157,insufficient data,DE,24.233784746970777,138,insufficient data,1,0.2748315377423307,0.2748315377423307,6,31,1403,340,PL,TRUE,FALSE
pis_pin,borer,C,CambXyl_con&BB_con&SM,borer,-0.2679619886936452,-0.05984406650627484,insufficient data,DE,0,23,insufficient data,1,-0.2679619886936452,-0.2679619886936452,1,0,1403,0,NA,FALSE,TRUE
pis_pin,borer,C,sco_sco,borer,0.2600752836446467,0.21768312361485562,inconsistent,"DE,LT",0,115,inconsistent,2,0.009956881286391975,0.32260488423421046,5,23,1403,0,NA,TRUE,FALSE
pis_pin,borer,C,Def_dec&DB,defoliator,0.2510610297675176,0.28771212244629035,insufficient data,DE,26.585887384176765,115,insufficient data,1,0.2510610297675176,0.2510610297675176,5,14,1403,373,"AT,CZ",TRUE,TRUE
pis_pin,borer,C,den_mic,borer,0.2296257921084678,0.48120156272417014,insufficient data,LT,13.114754098360656,23,insufficient data,1,0.2296257921084678,0.2296257921084678,1,5,1403,184,CZ,TRUE,FALSE
pis_pin,borer,C,sco_int,borer,0.22537551920105753,0.31531148283674915,insufficient data,DE,13.114754098360656,115,insufficient data,1,0.22537551920105753,0.22537551920105753,5,36,1403,184,CZ,TRUE,FALSE
pis_pin,borer,C,xyl_lin,borer,0.21742164189690152,0.19255696144258902,insufficient data,DE,0,138,insufficient data,1,0.21742164189690152,0.21742164189690152,6,53,1403,0,NA,FALSE,FALSE
pis_pin,borer,C,mel_spp,defoliator,0.19127499112975718,0.03574574687323915,insufficient data,DE,24.233784746970777,138,insufficient data,1,0.19127499112975718,0.19127499112975718,6,21,1403,340,PL,FALSE,FALSE
pis_pin,borer,C,CambXyl_con&BO,borer,-0.1818665055313,0.08003884202916925,insufficient data,DE,1.639344262295082,23,insufficient data,1,-0.1818665055313,-0.1818665055313,1,0,1403,23,SI,FALSE,TRUE
pis_pin,borer,C,pri_abi,defoliator,0.17203170432508988,0.11260893422106796,insufficient data,DE,13.114754098360656,138,insufficient data,1,0.17203170432508988,0.17203170432508988,6,24,1403,184,CZ,FALSE,FALSE
pis_pin,borer,C,pit_spp,borer,0.16778578762789031,0.1886221414884108,insufficient data,DE,29.864575908766927,23,insufficient data,1,0.16778578762789031,0.16778578762789031,1,2,1403,419,"AT,CZ,HR,SI",FALSE,FALSE
pis_pin,borer,C,ips_ami,borer,0.1643202189393955,0.08072899841742162,insufficient data,DE,0,23,insufficient data,1,0.1643202189393955,0.1643202189393955,1,2,1403,0,NA,FALSE,FALSE
pis_pin,borer,C,pan_fla,defoliator,0.15477961051706823,0.011993117528350928,consistent,"DE,LT",37.34853884533143,138,inconsistent,2,0.08180253664588327,0.16937502529130524,6,22,1403,524,"CZ,PL",FALSE,FALSE
pis_pin,borer,C,tha_pit,defoliator,-0.15133556560130884,0.002808210228680315,insufficient data,DE,2.9223093371347115,23,insufficient data,1,-0.15133556560130884,-0.15133556560130884,1,8,1403,41,"BG,HR",FALSE,FALSE
pis_pin,borer,C,agr_vir,borer,0.1481390221526748,0.09069198672282153,insufficient data,DE,0,138,insufficient data,1,0.1481390221526748,0.1481390221526748,6,12,1403,0,NA,FALSE,FALSE
pis_pin,borer,C,tor_vir,defoliator,0.14612201449204124,0.03510569939005553,consistent,"DE,LT",27.512473271560943,184,inconsistent,2,0.11583303306808435,0.3581448844597397,8,56,1403,386,"BG,PL,RO",FALSE,FALSE
pis_pin,borer,C,lym_mon,defoliator,0.1276608085806043,-0.01632684077992368,inconsistent,"DE,LT",37.34853884533143,161,inconsistent,2,-0.39814898277049604,0.21529577380578765,7,40,1403,524,"CZ,PL",FALSE,FALSE
pis_pin,borer,C,den_pin,defoliator,0.10567655850645563,0.06507511025975607,consistent,"DE,LT",24.233784746970777,138,consistent,2,0.07352746753019676,0.26642201338774996,6,27,1403,340,PL,FALSE,FALSE
pis_pin,borer,C,geo_db,defoliator,-0.10455002524624174,0.004461618602968269,inconsistent,"DE,LT",28.79543834640057,138,inconsistent,2,-0.19610816943142617,0.35324069567968036,6,23,1403,404,"BG,HR,PL,RO",FALSE,FALSE
pis_pin,borer,C,ope_spp,defoliator,0.10255921585612508,0.02191126114946468,insufficient data,DE,0,115,insufficient data,1,0.10255921585612508,0.10255921585612508,5,13,1403,0,NA,FALSE,FALSE
pis_pin,borer,C,tha_pro,defoliator,0.1018585202072589,0.19445663826966453,insufficient data,DE,0,138,insufficient data,1,0.1018585202072589,0.1018585202072589,6,23,1403,0,NA,FALSE,FALSE
pis_pin,borer,C,sap_car,borer,0.08203379930183087,NA,insufficient data,DE,0,23,insufficient data,1,0.08203379930183087,0.08203379930183087,1,1,1403,0,NA,FALSE,FALSE
pis_pin,borer,C,era_def,defoliator,0.0586753233526046,0.07124422467004776,insufficient data,DE,0,138,insufficient data,1,0.0586753233526046,0.0586753233526046,6,15,1403,0,NA,FALSE,FALSE
pis_pin,borer,C,dip_sp,defoliator,0.05761189915703429,0.01785603355641182,inconsistent,"DE,LT",37.704918032786885,184,inconsistent,2,-0.21860423670970625,0.09707134713799721,8,36,1403,529,"AT,PL",FALSE,FALSE
pis_pin,borer,C,Def_dec,defoliator,0.047935607440218034,0.013829421493162731,insufficient data,DE,0,23,insufficient data,1,0.047935607440218034,0.047935607440218034,1,1,1403,0,NA,FALSE,TRUE
pis_pin,borer,C,zei_gri,defoliator,0.04548936441277936,-0.18584369347772084,insufficient data,DE,13.114754098360656,23,insufficient data,1,0.04548936441277936,0.04548936441277936,1,4,1403,184,CZ,FALSE,FALSE
pis_pin,borer,C,neo_ser,defoliator,0.028240597159295108,0.011004938717794763,insufficient data,DE,14.397719173200285,46,insufficient data,1,0.028240597159295108,0.028240597159295108,2,11,1403,202,"BG,CZ",FALSE,FALSE
pis_pin,borer,C,uro_sir_spp,borer,-0.006111886103271918,-0.07091987963010046,insufficient data,DE,0,46,insufficient data,1,-0.006111886103271918,-0.006111886103271918,2,1,1403,0,NA,FALSE,FALSE
pis_pin,borer,C,cep_spp,defoliator,NA,NA,insufficient data,NA,13.114754098360656,0,insufficient data,0,NA,NA,0,0,1403,184,CZ,FALSE,FALSE
pis_pin,borer,C,clo_ana,defoliator,NA,NA,insufficient data,NA,1.639344262295082,0,insufficient data,0,NA,NA,0,0,1403,23,RO,FALSE,FALSE
pis_pin,borer,C,ips_dup,borer,NA,NA,insufficient data,NA,16.17961511047755,0,insufficient data,0,NA,NA,0,0,1403,227,"CZ,RO,SK",FALSE,FALSE
pit_bid,borer,B,pha_cya,borer,0.6044388237191045,0.44155308216726846,insufficient data,DE,51.61290322580645,115,insufficient data,1,0.6044388237191045,0.6044388237191045,5,64,1426,736,"AT,CZ,LT,PL",TRUE,FALSE
pit_bid,borer,B,ips_acu,borer,0.5893332407556338,0.5121560581936346,insufficient data,DE,41.164095371669006,115,insufficient data,1,0.5893332407556338,0.5893332407556338,5,46,1426,587,"BG,CZ,LT,PL,SK",TRUE,FALSE
pit_bid,borer,B,ips_typ,borer,0.5315507408812948,0.39025230363932467,insufficient data,DE,80.15427769985975,115,insufficient data,1,0.5315507408812948,0.5315507408812948,5,64,1426,1143,"AT,BG,CH,CZ,FI,HR,HU,IT,LT,PL,RO,RS,SE,SI,SK",TRUE,FALSE
pit_bid,borer,B,ips_sex,borer,0.5263323495026262,0.3226897801741528,insufficient data,DE,14.165497896213184,115,insufficient data,1,0.5263323495026262,0.5263323495026262,5,62,1426,202,"BG,CZ",TRUE,FALSE
pit_bid,borer,B,sco_rat,borer,0.4613483122109086,0.45040139914867106,insufficient data,DE,14.516129032258064,69,insufficient data,1,0.4613483122109086,0.4613483122109086,3,31,1426,207,"CZ,LT",TRUE,FALSE
pit_bid,borer,B,pit_cha,borer,0.4343617702834948,0.2604047633308429,insufficient data,DE,19.635343618513325,115,insufficient data,1,0.4343617702834948,0.4343617702834948,5,63,1426,280,"AT,IT,LT,SI,SK",TRUE,FALSE
pit_bid,borer,B,pis_pin,borer,0.4183824476545878,0.323604989474916,insufficient data,DE,1.6129032258064515,115,insufficient data,1,0.4183824476545878,0.4183824476545878,5,43,1426,23,LT,TRUE,FALSE
pit_bid,borer,B,tom_spp,borer,0.3980823426219632,0.3199314255854327,insufficient data,DE,51.61290322580645,115,insufficient data,1,0.3980823426219632,0.3980823426219632,5,64,1426,736,"AT,CZ,LT,PL",TRUE,FALSE
pit_bid,borer,B,agr_big,borer,0.3062203632781392,0.2944176027839035,insufficient data,DE,23.842917251051894,115,insufficient data,1,0.3062203632781392,0.3062203632781392,5,45,1426,340,PL,TRUE,FALSE
pit_bid,borer,C,ips_cem,borer,0.5050950140642676,0.3354984734379648,insufficient data,DE,0,115,insufficient data,1,0.5050950140642676,0.5050950140642676,5,63,1426,0,NA,TRUE,FALSE
pit_bid,borer,C,agr_vir,borer,0.4054515066097496,0.34178915012173816,insufficient data,DE,0,92,insufficient data,1,0.4054515066097496,0.4054515066097496,4,14,1426,0,NA,TRUE,FALSE
pit_bid,borer,C,zei_gri,defoliator,-0.3778711320327924,-0.23677899725493032,insufficient data,DE,12.903225806451612,23,insufficient data,1,-0.3778711320327924,-0.3778711320327924,1,2,1426,184,CZ,TRUE,FALSE
pit_bid,borer,C,ope_spp,defoliator,0.3015953913947821,0.11722059316457682,insufficient data,DE,0,92,insufficient data,1,0.3015953913947821,0.3015953913947821,4,14,1426,0,NA,FALSE,FALSE
pit_bid,borer,C,tet_gab,borer,0.2958822072737022,0.19646259945531436,insufficient data,DE,26.157082748948106,92,insufficient data,1,0.2958822072737022,0.2958822072737022,4,19,1426,373,"AT,CZ",FALSE,FALSE
pit_bid,borer,C,tor_vir,defoliator,0.29529278227271977,0.23639711265600577,insufficient data,DE,28.68162692847125,115,insufficient data,1,0.29529278227271977,0.29529278227271977,5,56,1426,409,"BG,LT,PL,RO",TRUE,FALSE
pit_bid,borer,C,xyl_spp,borer,0.2921792341093277,0.12984355328431135,insufficient data,DE,0,115,insufficient data,1,0.2921792341093277,0.2921792341093277,5,61,1426,0,NA,FALSE,FALSE
pit_bid,borer,C,CambXyl_con&MD,borer,-0.287018411535239,-0.08949765619296925,insufficient data,DE,12.903225806451612,23,insufficient data,1,-0.287018411535239,-0.287018411535239,1,0,1426,184,CZ,FALSE,TRUE
pit_bid,borer,C,sap_car,borer,0.2762426839708649,NA,insufficient data,DE,0,23,insufficient data,1,0.2762426839708649,0.2762426839708649,1,1,1426,0,NA,FALSE,FALSE
pit_bid,borer,C,den_pin,defoliator,0.27182503700044225,0.2655419645703592,insufficient data,DE,25.455820476858346,92,insufficient data,1,0.27182503700044225,0.27182503700044225,4,28,1426,363,"LT,PL",TRUE,FALSE
pit_bid,borer,C,neo_ser,defoliator,0.24915579607054422,0.13856510408049816,insufficient data,DE,14.165497896213184,46,insufficient data,1,0.24915579607054422,0.24915579607054422,2,11,1426,202,"BG,CZ",FALSE,FALSE
pit_bid,borer,C,dip_sp,defoliator,0.2463474132188226,0.1500943368215849,insufficient data,DE,38.70967741935484,115,insufficient data,1,0.2463474132188226,0.2463474132188226,5,34,1426,552,"AT,LT,PL",FALSE,FALSE
pit_bid,borer,C,sco_int,borer,0.22852493148438127,0.31410930444899177,insufficient data,DE,12.903225806451612,115,insufficient data,1,0.22852493148438127,0.22852493148438127,5,38,1426,184,CZ,TRUE,FALSE
pit_bid,borer,C,CambXyl_con&BB_con&BO,borer,-0.22156513687916324,0.016404993318078494,insufficient data,DE,14.866760168302946,23,insufficient data,1,-0.22156513687916324,-0.22156513687916324,1,0,1426,212,"AT,HR",FALSE,TRUE
pit_bid,borer,C,sco_sco,borer,0.2080301339631069,0.18863090471231328,insufficient data,DE,1.6129032258064515,92,insufficient data,1,0.2080301339631069,0.2080301339631069,4,18,1426,23,LT,FALSE,FALSE
pit_bid,borer,C,tha_pit,defoliator,0.20749572935287808,0.327208816305554,insufficient data,DE,2.8751753155680224,23,insufficient data,1,0.20749572935287808,0.20749572935287808,1,7,1426,41,"BG,HR",TRUE,FALSE
pit_bid,borer,C,geo_db,defoliator,-0.20434885599028016,0.05259529095462002,insufficient data,DE,29.94389901823282,92,insufficient data,1,-0.20434885599028016,-0.20434885599028016,4,29,1426,427,"BG,HR,LT,PL,RO",FALSE,FALSE
pit_bid,borer,C,CambXyl_con&BB_con&SM,borer,-0.18611254646236183,0.02952896384538219,insufficient data,DE,0,23,insufficient data,1,-0.18611254646236183,-0.18611254646236183,1,0,1426,0,NA,FALSE,TRUE
pit_bid,borer,C,pit_spp,borer,0.18027932399395025,-0.003939247990406962,insufficient data,DE,29.38288920056101,23,insufficient data,1,0.18027932399395025,0.18027932399395025,1,1,1426,419,"AT,CZ,HR,SI",FALSE,FALSE
pit_bid,borer,C,lym_dis,defoliator,0.1751403150041175,0.11037927863021502,insufficient data,DE,37.02664796633941,115,insufficient data,1,0.1751403150041175,0.1751403150041175,5,21,1426,528,"AT,BG,CZ,HR,HU,LT,RO,RS,SK",FALSE,FALSE
pit_bid,borer,C,xyl_lin,borer,0.1729300942397273,0.14942763582231902,insufficient data,DE,0,115,insufficient data,1,0.1729300942397273,0.1729300942397273,5,62,1426,0,NA,FALSE,FALSE
pit_bid,borer,C,pan_fla,defoliator,0.16326578955205245,0.1512751836465536,insufficient data,DE,38.35904628330996,92,insufficient data,1,0.16326578955205245,0.16326578955205245,4,17,1426,547,"CZ,LT,PL",FALSE,FALSE
pit_bid,borer,C,era_def,defoliator,0.15069251600998462,0.06365930237672432,insufficient data,DE,0,92,insufficient data,1,0.15069251600998462,0.15069251600998462,4,15,1426,0,NA,FALSE,FALSE
pit_bid,borer,C,CambXyl_con&BO,borer,-0.126315074110525,-0.01783468698745733,insufficient data,DE,1.6129032258064515,23,insufficient data,1,-0.126315074110525,-0.126315074110525,1,0,1426,23,SI,FALSE,TRUE
pit_bid,borer,C,bup_pin,defoliator,0.11893758063975918,0.018713921509468896,insufficient data,DE,23.842917251051894,92,insufficient data,1,0.11893758063975918,0.11893758063975918,4,26,1426,340,PL,FALSE,FALSE
pit_bid,borer,C,uro_sir_spp,borer,0.11832848278078659,-0.05228092970931647,insufficient data,DE,0,46,insufficient data,1,0.11832848278078659,0.11832848278078659,2,1,1426,0,NA,FALSE,FALSE
pit_bid,borer,C,mel_spp,defoliator,-0.05982057628450395,-0.12908524642709254,insufficient data,DE,23.842917251051894,92,insufficient data,1,-0.05982057628450395,-0.05982057628450395,4,12,1426,340,PL,FALSE,FALSE
pit_bid,borer,C,lym_mon,defoliator,-0.05958419817413302,-0.11936820253324332,insufficient data,DE,38.35904628330996,92,insufficient data,1,-0.05958419817413302,-0.05958419817413302,4,29,1426,547,"CZ,LT,PL",FALSE,FALSE
pit_bid,borer,C,pri_abi,defoliator,0.05320308063758207,-0.04582558613219691,insufficient data,DE,12.903225806451612,115,insufficient data,1,0.05320308063758207,0.05320308063758207,5,30,1426,184,CZ,FALSE,FALSE
pit_bid,borer,C,Def_dec&DB,defoliator,-0.0435202252672427,0.008325206409358698,insufficient data,DE,26.157082748948106,69,insufficient data,1,-0.0435202252672427,-0.0435202252672427,3,5,1426,373,"AT,CZ",FALSE,TRUE
pit_bid,borer,C,ips_ami,borer,0.027711524102041963,-0.03492590045649884,insufficient data,DE,0,23,insufficient data,1,0.027711524102041963,0.027711524102041963,1,2,1426,0,NA,FALSE,FALSE
pit_bid,borer,C,tha_pro,defoliator,-0.01783327705465471,0.09216933358129722,insufficient data,DE,0,92,insufficient data,1,-0.01783327705465471,-0.01783327705465471,4,18,1426,0,NA,FALSE,FALSE
pit_bid,borer,C,tet_spp,borer,-0.006668287204101228,-0.08713933816710205,insufficient data,DE,0,69,insufficient data,1,-0.006668287204101228,-0.006668287204101228,3,4,1426,0,NA,FALSE,FALSE
pit_bid,borer,C,Def_dec,defoliator,-0.0031573234898099527,0.1819986626335654,insufficient data,DE,0,23,insufficient data,1,-0.0031573234898099527,-0.0031573234898099527,1,1,1426,0,NA,FALSE,TRUE
pit_bid,borer,C,pol_pol,borer,NA,NA,insufficient data,NA,14.516129032258064,0,insufficient data,0,NA,NA,0,0,1426,207,"CZ,LT",FALSE,FALSE
pit_bid,borer,C,cep_spp,defoliator,NA,NA,insufficient data,NA,12.903225806451612,0,insufficient data,0,NA,NA,0,0,1426,184,CZ,FALSE,FALSE
pit_bid,borer,C,clo_ana,defoliator,NA,NA,insufficient data,NA,1.6129032258064515,0,insufficient data,0,NA,NA,0,0,1426,23,RO,FALSE,FALSE
pit_bid,borer,C,den_mic,borer,NA,NA,insufficient data,NA,14.516129032258064,0,insufficient data,0,NA,NA,0,0,1426,207,"CZ,LT",FALSE,FALSE
pit_bid,borer,C,ips_dup,borer,NA,NA,insufficient data,NA,15.918653576437588,0,insufficient data,0,NA,NA,0,0,1426,227,"CZ,RO,SK",FALSE,FALSE
pit_cha,borer,A,pha_cya,borer,0.3495793541687242,0.3279300032220071,consistent,"AT,DE,LT",45.724258289703315,423,consistent,3,0.2315296591427105,0.413154108865828,19,250,1146,524,"CZ,PL",TRUE,FALSE
pit_cha,borer,A,sco_rat,borer,0.3255521694996514,0.38874867409963465,consistent,"DE,LT",16.05584642233857,92,consistent,2,0.31049173860189994,0.3707334621929058,4,44,1146,184,CZ,TRUE,FALSE
pit_cha,borer,A,pit_spp,borer,0.31562567503059846,0.2504761543318217,consistent,"AT,DE,SI",18.06282722513089,262,inconsistent,3,0.14355210491997336,0.43005095680724986,12,197,1146,207,"CZ,HR",TRUE,FALSE
pit_cha,borer,B,ips_sex,borer,0.3465202285444606,0.29314799061054403,insufficient data,DE,17.62652705061082,184,insufficient data,1,0.3465202285444606,0.3465202285444606,8,79,1146,202,"BG,CZ",TRUE,FALSE
pit_cha,borer,B,CambXyl_con&BB_con&BO,borer,0.22251242611474137,0.222892407101082,consistent,"AT,DE",2.006980802792321,237,consistent,2,0.09185348069147886,0.2764092411018371,11,140,1146,23,HR,TRUE,TRUE
pit_cha,borer,B,tet_gab,borer,0.2113280107582787,0.18652214016803562,consistent,"AT,DE",16.05584642233857,333,consistent,2,0.15255453540735367,0.24694829884974845,15,159,1146,184,CZ,FALSE,FALSE
pit_cha,borer,B,pan_fla,defoliator,0.206512251004872,0.11477424179504606,consistent,"DE,LT",45.724258289703315,161,consistent,2,0.10253752186388969,0.22384137252836905,7,32,1146,524,"CZ,PL",FALSE,FALSE
pit_cha,borer,B,den_pin,defoliator,0.2026225356910675,0.09289832632351873,consistent,"DE,LT",29.668411867364746,138,consistent,2,0.19380110107735052,0.24672970875965236,6,38,1146,340,PL,FALSE,FALSE
pit_cha,borer,C,ips_typ,borer,0.645974459727935,0.6147238482528651,inconsistent,"AT,DE,IT,LT,SI,SK",75.30541012216405,533,inconsistent,6,-0.30605767381480703,0.7922654603433804,24,434,1146,863,"BG,CH,CZ,FI,HR,HU,PL,RO,RS,SE",TRUE,FALSE
pit_cha,borer,C,pol_pol,borer,0.6183597328246233,0.6835843118243207,insufficient data,LT,16.05584642233857,23,insufficient data,1,0.6183597328246233,0.6183597328246233,1,17,1146,184,CZ,TRUE,FALSE
pit_cha,borer,C,CambXyl_con&BB_con&SM,borer,-0.6155328156771573,-0.1765715481343606,insufficient data,DE,0,46,insufficient data,1,-0.6155328156771573,-0.6155328156771573,2,11,1146,0,NA,FALSE,TRUE
pit_cha,borer,C,ips_cem,borer,0.5794674466791996,0.5073575272653552,insufficient data,DE,0,253,insufficient data,1,0.5794674466791996,0.5794674466791996,11,184,1146,0,NA,TRUE,FALSE
pit_cha,borer,C,CambXyl_con&MD,borer,-0.43752968401052406,-0.4819254747100671,insufficient data,DE,16.05584642233857,23,insufficient data,1,-0.43752968401052406,-0.43752968401052406,1,11,1146,184,CZ,TRUE,TRUE
pit_cha,borer,C,pit_bid,borer,0.4343617702834948,0.2604047633308429,insufficient data,DE,0,115,insufficient data,1,0.4343617702834948,0.4343617702834948,5,63,1146,0,NA,TRUE,FALSE
pit_cha,borer,C,pis_pin,borer,0.43155102237460574,0.3634478902467035,consistent,"DE,LT",0,184,consistent,2,0.39920152776561846,0.6579974846375166,8,80,1146,0,NA,TRUE,FALSE
pit_cha,borer,C,tha_pit,defoliator,0.415623705184031,0.6214259923138733,insufficient data,DE,3.5776614310645725,23,insufficient data,1,0.415623705184031,0.415623705184031,1,11,1146,41,"BG,HR",TRUE,FALSE
pit_cha,borer,C,tom_spp,borer,0.3371010577556004,0.3226214386273922,inconsistent,"AT,DE,LT",45.724258289703315,444,inconsistent,3,0.28376239805972775,0.8321044573164398,20,325,1146,524,"CZ,PL",TRUE,FALSE
pit_cha,borer,C,ips_acu,borer,0.30598208011882894,0.29864395446153635,inconsistent,"DE,LT,SK",47.294938917975564,206,inconsistent,3,-0.543735428020831,0.6032609500056727,9,98,1146,542,"BG,CZ,PL",TRUE,FALSE
pit_cha,borer,C,bup_pin,defoliator,0.2882006577656623,0.1662629698584991,insufficient data,DE,29.668411867364746,184,insufficient data,1,0.2882006577656623,0.2882006577656623,8,55,1146,340,PL,FALSE,FALSE
pit_cha,borer,C,agr_big,borer,0.24553837228852635,0.2710736157842711,insufficient data,DE,29.668411867364746,253,insufficient data,1,0.24553837228852635,0.24553837228852635,11,134,1146,340,PL,TRUE,FALSE
pit_cha,borer,C,xyl_spp,borer,0.22615246625169083,0.1924921729141541,insufficient data,DE,0,253,insufficient data,1,0.22615246625169083,0.22615246625169083,11,118,1146,0,NA,FALSE,FALSE
pit_cha,borer,C,CambXyl_con&BO,borer,0.19946240844398355,-0.07288821490196253,consistent,"DE,SI",0,69,inconsistent,2,0.11253953796886483,0.37330814939422097,3,20,1146,0,NA,FALSE,TRUE
pit_cha,borer,C,lym_dis,defoliator,0.1976419245862337,0.12277346926472471,consistent,"AT,DE,LT,SK",25.654450261780106,378,consistent,4,0.06222733480031171,0.29366106719643903,17,143,1146,294,"BG,CZ,HR,HU,RO,RS",FALSE,FALSE
pit_cha,borer,C,agr_vir,borer,0.17793386462787442,0.1399503250857518,insufficient data,DE,0,207,insufficient data,1,0.17793386462787442,0.17793386462787442,9,50,1146,0,NA,FALSE,FALSE
pit_cha,borer,C,uro_sir_spp,borer,0.17764580846896885,0.20002435748762598,insufficient data,DE,0,92,insufficient data,1,0.17764580846896885,0.17764580846896885,4,11,1146,0,NA,TRUE,FALSE
pit_cha,borer,C,ips_dup,borer,-0.16718987394725757,0.3376826194703534,insufficient data,SK,17.975567190226876,21,insufficient data,1,-0.16718987394725757,-0.16718987394725757,1,21,1146,206,"CZ,RO",FALSE,FALSE
pit_cha,borer,C,sap_car,borer,0.16067892468251915,NA,insufficient data,DE,0,23,insufficient data,1,0.16067892468251915,0.16067892468251915,1,1,1146,0,NA,FALSE,FALSE
pit_cha,borer,C,tet_spp,borer,0.14433685344952601,0.0751785597562354,insufficient data,DE,0,184,insufficient data,1,0.14433685344952601,0.14433685344952601,8,68,1146,0,NA,FALSE,FALSE
pit_cha,borer,C,sco_int,borer,0.13824810076219993,0.16537467202664213,insufficient data,DE,16.05584642233857,184,insufficient data,1,0.13824810076219993,0.13824810076219993,8,62,1146,184,CZ,FALSE,FALSE
pit_cha,borer,C,lym_mon,defoliator,0.136279183998604,0.02686555876237278,inconsistent,"DE,LT",45.724258289703315,207,inconsistent,2,-0.10996814754111858,0.16706010044106934,9,59,1146,524,"CZ,PL",FALSE,FALSE
pit_cha,borer,C,den_mic,borer,0.12967312900881206,0.1812541194079019,consistent,"DE,LT",16.05584642233857,46,inconsistent,2,0.10699140839064299,0.15235484962698115,2,6,1146,184,CZ,FALSE,FALSE
pit_cha,borer,C,ope_spp,defoliator,0.12655918559733276,0.06386256815233708,insufficient data,DE,0,207,insufficient data,1,0.12655918559733276,0.12655918559733276,9,43,1146,0,NA,FALSE,FALSE
pit_cha,borer,C,tor_vir,defoliator,0.11812625782433,0.15762698057922836,inconsistent,"DE,LT",33.682373472949386,253,consistent,2,0.07927256708370736,0.5066631652305564,11,112,1146,386,"BG,PL,RO",FALSE,FALSE
pit_cha,borer,C,xyl_lin,borer,0.11529754035762718,0.09633960731364875,insufficient data,DE,0,230,insufficient data,1,0.11529754035762718,0.11529754035762718,10,138,1146,0,NA,FALSE,FALSE
pit_cha,borer,C,Def_dec,defoliator,-0.08651135198533992,-0.10598372714801071,insufficient data,DE,0,46,insufficient data,1,-0.08651135198533992,-0.08651135198533992,2,2,1146,0,NA,FALSE,TRUE
pit_cha,borer,C,dip_sp,defoliator,0.08552085824605755,0.06986213972219975,inconsistent,"AT,DE,LT",29.668411867364746,335,inconsistent,3,-0.2380299036041152,0.2268791045999074,15,100,1146,340,PL,FALSE,FALSE
pit_cha,borer,C,zei_gri,defoliator,-0.08515120707103326,-0.06099757689146905,insufficient data,DE,16.05584642233857,23,insufficient data,1,-0.08515120707103326,-0.08515120707103326,1,4,1146,184,CZ,FALSE,FALSE
pit_cha,borer,C,mel_spp,defoliator,-0.0808327025076635,-0.1176120624939309,insufficient data,DE,29.668411867364746,207,insufficient data,1,-0.0808327025076635,-0.0808327025076635,9,69,1146,340,PL,FALSE,FALSE
pit_cha,borer,C,Def_dec&DB,defoliator,0.07875534760857462,0.07263300636783174,inconsistent,"AT,DE",16.05584642233857,287,inconsistent,2,-0.010924602781395268,0.14863582843192777,13,126,1146,184,CZ,FALSE,TRUE
pit_cha,borer,C,ips_ami,borer,0.07346028329919875,0.14499444735929196,insufficient data,DE,0,46,insufficient data,1,0.07346028329919875,0.07346028329919875,2,9,1146,0,NA,FALSE,FALSE
pit_cha,borer,C,neo_ser,defoliator,0.06409917451486274,0.15613227080785114,insufficient data,DE,17.62652705061082,46,insufficient data,1,0.06409917451486274,0.06409917451486274,2,12,1146,202,"BG,CZ",FALSE,FALSE
pit_cha,borer,C,sco_sco,borer,0.06076952557841103,0.07125533999070773,consistent,"DE,LT",0,138,inconsistent,2,0.022283548208416694,0.0684667210524099,6,27,1146,0,NA,FALSE,FALSE
pit_cha,borer,C,geo_db,defoliator,-0.05655794378574977,-0.007110904187972716,inconsistent,"DE,LT",35.25305410122164,184,consistent,2,-0.12485161015293757,0.42149772078456477,8,52,1146,404,"BG,HR,PL,RO",FALSE,FALSE
pit_cha,borer,C,tha_pro,defoliator,-0.03795836670418357,0.03167816473065048,insufficient data,DE,0,230,insufficient data,1,-0.03795836670418357,-0.03795836670418357,10,92,1146,0,NA,FALSE,FALSE
pit_cha,borer,C,era_def,defoliator,-0.03471135733896092,0.028676787431552376,insufficient data,DE,0,230,insufficient data,1,-0.03471135733896092,-0.03471135733896092,10,35,1146,0,NA,FALSE,FALSE
pit_cha,borer,C,pri_abi,defoliator,-0.010128895184766005,0.004470514950403831,insufficient data,DE,16.05584642233857,184,insufficient data,1,-0.010128895184766005,-0.010128895184766005,8,48,1146,184,CZ,FALSE,FALSE
pit_cha,borer,C,cep_spp,defoliator,NA,NA,insufficient data,NA,16.05584642233857,0,insufficient data,0,NA,NA,0,0,1146,184,CZ,FALSE,FALSE
pit_cha,borer,C,clo_ana,defoliator,NA,NA,insufficient data,NA,2.006980802792321,0,insufficient data,0,NA,NA,0,0,1146,23,RO,FALSE,FALSE
pit_spp,borer,A,ips_typ,borer,0.5286213888659772,0.31609549488038147,consistent,"AT,CZ,DE,HR,SI",71.89672293942404,469,consistent,5,0.25953479895064374,0.6878035311953974,21,363,1007,724,"BG,CH,FI,HU,IT,LT,PL,RO,RS,SE,SK",TRUE,FALSE
pit_spp,borer,A,pit_cha,borer,0.31562567503059846,0.2504761543318217,consistent,"AT,DE,SI",6.752730883813307,262,inconsistent,3,0.14355210491997336,0.43005095680724986,12,197,1007,68,"IT,LT,SK",TRUE,FALSE
pit_spp,borer,B,ips_dup,borer,0.6416633164268658,0.15040880326765643,insufficient data,CZ,4.270109235352532,184,insufficient data,1,0.6416633164268658,0.6416633164268658,8,125,1007,43,"RO,SK",FALSE,FALSE
pit_spp,borer,B,sco_rat,borer,0.4080050912537393,0.09385319505966273,insufficient data,CZ,2.284011916583913,184,insufficient data,1,0.4080050912537393,0.4080050912537393,8,72,1007,23,LT,FALSE,FALSE
pit_spp,borer,B,pha_cya,borer,0.2562962553260354,0.13946279060520034,consistent,"AT,CZ,DE",36.04766633565045,402,inconsistent,3,0.05687830670913615,0.430673690943094,18,233,1007,363,"LT,PL",FALSE,FALSE
pit_spp,borer,B,lym_mon,defoliator,-0.24046379357533265,-0.08364452046596862,consistent,"CZ,DE",36.04766633565045,184,consistent,2,-0.31966248334720193,-0.21406423031804286,8,80,1007,363,"LT,PL",FALSE,FALSE
pit_spp,borer,B,lym_dis,defoliator,0.2184224341170629,0.06996638803512593,consistent,"AT,CZ,DE,HR",13.10824230387289,358,inconsistent,4,0.0613348826606355,0.37429815444886405,16,106,1007,132,"BG,HU,LT,RO,RS,SK",FALSE,FALSE
pit_spp,borer,C,ips_acu,borer,0.46105709158335173,0.056893778675920235,inconsistent,"CZ,DE",40.01986097318768,230,inconsistent,2,-0.09824900861950113,0.600883616634065,10,121,1007,403,"BG,LT,PL,SK",FALSE,FALSE
pit_spp,borer,C,pri_abi,defoliator,-0.3893076355577473,-0.2477407517612625,consistent,"CZ,DE",0,230,consistent,2,-0.4581187404909346,-0.22874839071364372,10,90,1007,0,NA,TRUE,FALSE
pit_spp,borer,C,ips_cem,borer,0.3874720404102154,1.7915386292261608e-4,insufficient data,DE,0,92,insufficient data,1,0.3874720404102154,0.3874720404102154,4,57,1007,0,NA,FALSE,FALSE
pit_spp,borer,C,CambXyl_con&MD,borer,0.3868752957230249,0.059362568127733,inconsistent,"CZ,DE",0,207,inconsistent,2,0.03263001461107959,0.43115595586201805,9,120,1007,0,NA,FALSE,TRUE
pit_spp,borer,C,ips_sex,borer,0.38042587343109124,0.1618728281279168,inconsistent,"CZ,DE",1.7874875868917577,253,consistent,2,-0.002156439345611337,0.5238942407223548,11,120,1007,18,BG,FALSE,FALSE
pit_spp,borer,C,tom_spp,borer,0.3528813147678372,0.2850345319761238,inconsistent,"AT,CZ,DE",36.04766633565045,402,inconsistent,3,-0.26483608335937786,0.6646158080773606,18,294,1007,363,"LT,PL",TRUE,FALSE
pit_spp,borer,C,CambXyl_con&BO,borer,0.34232828647433744,0.21853039432021593,consistent,"DE,SI",0,69,inconsistent,2,0.28680140790128006,0.45338204362045226,3,34,1007,0,NA,TRUE,TRUE
pit_spp,borer,C,cep_spp,defoliator,-0.30151873422441144,0.03039584992183645,insufficient data,CZ,0,161,insufficient data,1,-0.30151873422441144,-0.30151873422441144,7,76,1007,0,NA,FALSE,FALSE
pit_spp,borer,C,neo_ser,defoliator,-0.26836271181038623,-0.05806536642634244,insufficient data,CZ,1.7874875868917577,46,insufficient data,1,-0.26836271181038623,-0.26836271181038623,2,1,1007,18,BG,FALSE,FALSE
pit_spp,borer,C,CambXyl_con&BB_con&BO,borer,0.24899967534917553,0.2636896556194703,inconsistent,"AT,DE,HR",0,195,consistent,3,-0.17330735765542235,0.49060379219057193,9,133,1007,0,NA,TRUE,TRUE
pit_spp,borer,C,xyl_lin,borer,0.24674766441230933,0.004924338218378052,insufficient data,DE,0,92,insufficient data,1,0.24674766441230933,0.24674766441230933,4,31,1007,0,NA,FALSE,FALSE
pit_spp,borer,C,sco_sco,borer,-0.24660806558417117,-0.2580021481343389,insufficient data,DE,2.284011916583913,23,insufficient data,1,-0.24660806558417117,-0.24660806558417117,1,2,1007,23,LT,TRUE,FALSE
pit_spp,borer,C,xyl_spp,borer,0.24118365152927246,0.038333447450784534,insufficient data,DE,0,92,insufficient data,1,0.24118365152927246,0.24118365152927246,4,32,1007,0,NA,FALSE,FALSE
pit_spp,borer,C,sco_int,borer,0.2044168697000314,0.09554115262003851,consistent,"CZ,DE",0,253,consistent,2,0.06835793158741611,0.25543897149226213,11,92,1007,0,NA,FALSE,FALSE
pit_spp,borer,C,CambXyl_con&BB_con&SM,borer,-0.19485959984782372,0.08114723200154603,insufficient data,DE,0,46,insufficient data,1,-0.19485959984782372,-0.19485959984782372,2,14,1007,0,NA,FALSE,TRUE
pit_spp,borer,C,uro_sir_spp,borer,0.18953046743086874,0.21994217784367245,insufficient data,DE,0,46,insufficient data,1,0.18953046743086874,0.18953046743086874,2,3,1007,0,NA,TRUE,FALSE
pit_spp,borer,C,tet_spp,borer,0.1830318375862749,0.14733140026291386,insufficient data,DE,0,92,insufficient data,1,0.1830318375862749,0.1830318375862749,4,37,1007,0,NA,FALSE,FALSE
pit_spp,borer,C,pit_bid,borer,0.18027932399395025,-0.003939247990406962,insufficient data,DE,0,23,insufficient data,1,0.18027932399395025,0.18027932399395025,1,1,1007,0,NA,FALSE,FALSE
pit_spp,borer,C,pis_pin,borer,0.16778578762789031,0.1886221414884108,insufficient data,DE,2.284011916583913,23,insufficient data,1,0.16778578762789031,0.16778578762789031,1,2,1007,23,LT,FALSE,FALSE
pit_spp,borer,C,tha_pro,defoliator,0.16531744195920015,-0.03992086242462603,insufficient data,DE,0,92,insufficient data,1,0.16531744195920015,0.16531744195920015,4,49,1007,0,NA,FALSE,FALSE
pit_spp,borer,C,Def_dec&DB,defoliator,-0.15589839616354878,-0.07430782590517068,consistent,"AT,CZ,DE",0,337,inconsistent,3,-0.2714209756937098,-0.11458096362822914,15,153,1007,0,NA,FALSE,TRUE
pit_spp,borer,C,mel_spp,defoliator,0.14578869059689398,-0.009207907680443267,insufficient data,DE,33.76365441906653,92,insufficient data,1,0.14578869059689398,0.14578869059689398,4,44,1007,340,PL,FALSE,FALSE
pit_spp,borer,C,pol_pol,borer,0.130965943995909,0.07111359880492836,insufficient data,CZ,2.284011916583913,184,insufficient data,1,0.130965943995909,0.130965943995909,8,119,1007,23,LT,FALSE,FALSE
pit_spp,borer,C,bup_pin,defoliator,-0.10279297904618881,-0.005578980430831058,insufficient data,DE,33.76365441906653,46,insufficient data,1,-0.10279297904618881,-0.10279297904618881,2,4,1007,340,PL,FALSE,FALSE
pit_spp,borer,C,pan_fla,defoliator,0.10266729905675964,0.24779582403203898,inconsistent,"CZ,DE",36.04766633565045,46,consistent,2,-0.016712735533669153,0.22204733364718843,2,5,1007,363,"LT,PL",TRUE,FALSE
pit_spp,borer,C,tor_vir,defoliator,-0.09425909217331976,0.07462334969382783,insufficient data,DE,40.61569016881827,69,insufficient data,1,-0.09425909217331976,-0.09425909217331976,3,24,1007,409,"BG,LT,PL,RO",FALSE,FALSE
pit_spp,borer,C,tet_gab,borer,0.09343213981213513,-0.02191826175743695,inconsistent,"AT,CZ,DE",0,220,inconsistent,3,-0.3171026983392907,0.2141055710114086,10,109,1007,0,NA,FALSE,FALSE
pit_spp,borer,C,agr_vir,borer,0.08617441261279489,0.06663244294128964,insufficient data,DE,0,69,insufficient data,1,0.08617441261279489,0.08617441261279489,3,35,1007,0,NA,FALSE,FALSE
pit_spp,borer,C,era_def,defoliator,-0.06945931476538518,0.20229499086308775,insufficient data,DE,0,92,insufficient data,1,-0.06945931476538518,-0.06945931476538518,4,13,1007,0,NA,FALSE,FALSE
pit_spp,borer,C,den_mic,borer,0.0650932592453634,0.18693051075276026,insufficient data,CZ,2.284011916583913,23,insufficient data,1,0.0650932592453634,0.0650932592453634,1,1,1007,23,LT,FALSE,FALSE
pit_spp,borer,C,Def_dec,defoliator,-0.06473165280672023,0.08392938583524885,insufficient data,DE,0,23,insufficient data,1,-0.06473165280672023,-0.06473165280672023,1,0,1007,0,NA,FALSE,TRUE
pit_spp,borer,C,tha_pit,defoliator,0.0395373576969938,0.2594468771441311,insufficient data,HR,1.7874875868917577,23,insufficient data,1,0.0395373576969938,0.0395373576969938,1,23,1007,18,BG,TRUE,FALSE
pit_spp,borer,C,ope_spp,defoliator,0.03947941719645301,-0.05422248191110784,insufficient data,DE,0,92,insufficient data,1,0.03947941719645301,0.03947941719645301,4,19,1007,0,NA,FALSE,FALSE
pit_spp,borer,C,geo_db,defoliator,-0.03469115653502927,0.010817806416234518,inconsistent,"DE,HR",40.11916583912612,92,inconsistent,2,-0.058366233717470274,0.03633407501229372,4,29,1007,404,"BG,LT,PL,RO",FALSE,FALSE
pit_spp,borer,C,dip_sp,defoliator,0.032521619847465565,0.06348353973725988,inconsistent,"AT,DE",36.04766633565045,153,inconsistent,2,-0.10938676752484373,0.20453178635935568,7,48,1007,363,"LT,PL",FALSE,FALSE
pit_spp,borer,C,zei_gri,defoliator,-0.020617565990020396,0.14600812189071463,insufficient data,CZ,0,161,insufficient data,1,-0.020617565990020396,-0.020617565990020396,7,58,1007,0,NA,FALSE,FALSE
pit_spp,borer,C,agr_big,borer,-0.004985416969537053,-0.015994789242274255,insufficient data,DE,33.76365441906653,92,insufficient data,1,-0.004985416969537053,-0.004985416969537053,4,58,1007,340,PL,FALSE,FALSE
pit_spp,borer,C,sap_car,borer,NA,NA,insufficient data,NA,0,0,insufficient data,0,NA,NA,0,0,1007,0,NA,FALSE,FALSE
pit_spp,borer,C,clo_ana,defoliator,NA,NA,insufficient data,NA,2.284011916583913,0,insufficient data,0,NA,NA,0,0,1007,23,RO,FALSE,FALSE
pit_spp,borer,C,den_pin,defoliator,NA,NA,insufficient data,NA,36.04766633565045,0,insufficient data,0,NA,NA,0,0,1007,363,"LT,PL",FALSE,FALSE
pit_spp,borer,C,ips_ami,borer,NA,NA,insufficient data,NA,0,0,insufficient data,0,NA,NA,0,0,1007,0,NA,FALSE,FALSE
pol_pol,borer,B,sco_rat,borer,0.20927121449987235,0.18827903733895304,consistent,"CZ,LT",22.058823529411764,207,inconsistent,2,0.19063586439589883,0.35835401533166084,9,79,1564,345,DE,FALSE,FALSE
pol_pol,borer,C,pit_cha,borer,0.6183597328246233,0.6835843118243207,insufficient data,LT,38.491048593350385,23,insufficient data,1,0.6183597328246233,0.6183597328246233,1,17,1564,602,"AT,DE,IT,SI,SK",TRUE,FALSE
pol_pol,borer,C,pis_pin,borer,0.5437025759288647,0.5404959179979373,insufficient data,LT,22.058823529411764,23,insufficient data,1,0.5437025759288647,0.5437025759288647,1,17,1564,345,DE,TRUE,FALSE
pol_pol,borer,C,geo_db,defoliator,0.4747352618651723,0.16258372070375773,insufficient data,LT,47.890025575447574,23,insufficient data,1,0.4747352618651723,0.4747352618651723,1,6,1564,749,"BG,DE,HR,PL,RO",FALSE,FALSE
pol_pol,borer,C,tor_vir,defoliator,0.3738754014462137,0.07106623960411135,insufficient data,LT,46.73913043478261,23,insufficient data,1,0.3738754014462137,0.3738754014462137,1,13,1564,731,"BG,DE,PL,RO",FALSE,FALSE
pol_pol,borer,C,ips_acu,borer,0.28957731621901056,0.2606312027064596,inconsistent,"CZ,LT",46.35549872122762,207,inconsistent,2,0.24697401788166623,0.6304037029177656,9,147,1564,725,"BG,DE,PL,SK",TRUE,FALSE
pol_pol,borer,C,tet_gab,borer,-0.2513555305339332,-0.24968008274338999,insufficient data,CZ,34.14322250639386,46,insufficient data,1,-0.2513555305339332,-0.2513555305339332,2,4,1564,534,"AT,DE",TRUE,FALSE
pol_pol,borer,C,den_pin,defoliator,0.24962873584533693,0.009178286409460073,insufficient data,LT,43.79795396419437,23,insufficient data,1,0.24962873584533693,0.24962873584533693,1,5,1564,685,"DE,PL",FALSE,FALSE
pol_pol,borer,C,den_mic,borer,-0.2456644615835504,-0.049782340972290076,consistent,"CZ,LT",22.058823529411764,46,consistent,2,-0.36333229591381244,-0.12799662725328836,2,5,1564,345,DE,FALSE,FALSE
pol_pol,borer,C,CambXyl_con&MD,borer,0.2217338760347831,0.11454135932901752,insufficient data,CZ,22.058823529411764,184,insufficient data,1,0.2217338760347831,0.2217338760347831,8,111,1564,345,DE,FALSE,TRUE
pol_pol,borer,C,ips_typ,borer,0.19355938120872257,0.1772081803949266,inconsistent,"CZ,LT",81.90537084398977,207,inconsistent,2,0.1533008709230397,0.5156274634941853,9,161,1564,1281,"AT,BG,CH,DE,FI,HR,HU,IT,PL,RO,RS,SE,SI,SK",FALSE,FALSE
pol_pol,borer,C,sco_int,borer,0.17847978028893166,0.1129597888271306,insufficient data,CZ,22.058823529411764,184,insufficient data,1,0.17847978028893166,0.17847978028893166,8,84,1564,345,DE,FALSE,FALSE
pol_pol,borer,C,zei_gri,defoliator,-0.1448021470525006,-0.09668356186642245,insufficient data,CZ,22.058823529411764,161,insufficient data,1,-0.1448021470525006,-0.1448021470525006,7,58,1564,345,DE,FALSE,FALSE
pol_pol,borer,C,neo_ser,defoliator,0.1421798470928714,0.15131620715784017,insufficient data,CZ,23.209718670076725,46,insufficient data,1,0.1421798470928714,0.1421798470928714,2,2,1564,363,"BG,DE",FALSE,FALSE
pol_pol,borer,C,pha_cya,borer,0.13614999139408854,0.06565635641475402,inconsistent,"CZ,LT",55.88235294117647,207,inconsistent,2,0.09794083500613875,0.44182324249768684,9,125,1564,874,"AT,DE,PL",FALSE,FALSE
pol_pol,borer,C,pit_spp,borer,0.130965943995909,0.07111359880492836,insufficient data,CZ,37.084398976982094,184,insufficient data,1,0.130965943995909,0.130965943995909,8,119,1564,580,"AT,DE,HR,SI",FALSE,FALSE
pol_pol,borer,C,ips_dup,borer,0.12934763165336186,0.06634340538175333,insufficient data,CZ,2.7493606138107416,184,insufficient data,1,0.12934763165336186,0.12934763165336186,8,132,1564,43,"RO,SK",FALSE,FALSE
pol_pol,borer,C,sco_sco,borer,0.1292409422107587,-0.017362066542345928,insufficient data,LT,22.058823529411764,23,insufficient data,1,0.1292409422107587,0.1292409422107587,1,1,1564,345,DE,FALSE,FALSE
pol_pol,borer,C,tom_spp,borer,0.12900187849990705,0.14184315413276977,inconsistent,"CZ,LT",55.88235294117647,207,inconsistent,2,0.04355937263856415,0.8125419253906503,9,151,1564,874,"AT,DE,PL",FALSE,FALSE
pol_pol,borer,C,pan_fla,defoliator,0.12702264782734599,0.12677092963579997,consistent,"CZ,LT",43.79795396419437,46,consistent,2,0.10570974410942036,0.14833555154527162,2,4,1564,685,"DE,PL",FALSE,FALSE
pol_pol,borer,C,ips_sex,borer,0.09170300005728516,0.0011026676875831964,insufficient data,CZ,23.209718670076725,184,insufficient data,1,0.09170300005728516,0.09170300005728516,8,123,1564,363,"BG,DE",FALSE,FALSE
pol_pol,borer,C,lym_dis,defoliator,0.05209333963908175,0.12547065844176575,inconsistent,"CZ,LT",42.58312020460358,161,consistent,2,0.00189611071114487,0.35327671320670295,7,18,1564,666,"AT,BG,DE,HR,HU,RO,RS,SK",FALSE,FALSE
pol_pol,borer,C,pri_abi,defoliator,-0.037121419679986355,-0.08207593246634141,insufficient data,CZ,22.058823529411764,161,insufficient data,1,-0.037121419679986355,-0.037121419679986355,7,87,1564,345,DE,FALSE,FALSE
pol_pol,borer,C,Def_dec&DB,defoliator,-0.028681736429911037,-0.034975316325477734,insufficient data,CZ,34.14322250639386,184,insufficient data,1,-0.028681736429911037,-0.028681736429911037,8,90,1564,534,"AT,DE",FALSE,TRUE
pol_pol,borer,C,lym_mon,defoliator,0.025929446931220828,0.04852984996727999,inconsistent,"CZ,LT",43.79795396419437,161,inconsistent,2,-0.14704427210175436,0.05475840010338336,7,83,1564,685,"DE,PL",FALSE,FALSE
pol_pol,borer,C,cep_spp,defoliator,0.01702239275412908,0.019969424062831954,insufficient data,CZ,0,161,insufficient data,1,0.01702239275412908,0.01702239275412908,7,84,1564,0,NA,FALSE,FALSE
pol_pol,borer,C,dip_sp,defoliator,7.0041247750066e-4,-0.2344413380910708,insufficient data,LT,55.88235294117647,23,insufficient data,1,7.0041247750066e-4,7.0041247750066e-4,1,3,1564,874,"AT,DE,PL",FALSE,FALSE
pol_pol,borer,C,sap_car,borer,NA,NA,insufficient data,NA,22.058823529411764,0,insufficient data,0,NA,NA,0,0,1564,345,DE,FALSE,FALSE
pol_pol,borer,C,tet_spp,borer,NA,NA,insufficient data,NA,22.058823529411764,0,insufficient data,0,NA,NA,0,0,1564,345,DE,FALSE,FALSE
pol_pol,borer,C,tha_pit,defoliator,NA,NA,insufficient data,NA,24.680306905370845,0,insufficient data,0,NA,NA,0,0,1564,386,"BG,DE,HR",FALSE,FALSE
pol_pol,borer,C,tha_pro,defoliator,NA,NA,insufficient data,NA,22.058823529411764,0,insufficient data,0,NA,NA,0,0,1564,345,DE,FALSE,FALSE
pol_pol,borer,C,uro_sir_spp,borer,NA,NA,insufficient data,NA,22.058823529411764,0,insufficient data,0,NA,NA,0,0,1564,345,DE,FALSE,FALSE
pol_pol,borer,C,xyl_lin,borer,NA,NA,insufficient data,NA,22.058823529411764,0,insufficient data,0,NA,NA,0,0,1564,345,DE,FALSE,FALSE
pol_pol,borer,C,xyl_spp,borer,NA,NA,insufficient data,NA,22.058823529411764,0,insufficient data,0,NA,NA,0,0,1564,345,DE,FALSE,FALSE
pol_pol,borer,C,CambXyl_con&BB_con&BO,borer,NA,NA,insufficient data,NA,35.61381074168798,0,insufficient data,0,NA,NA,0,0,1564,557,"AT,DE,HR",FALSE,TRUE
pol_pol,borer,C,CambXyl_con&BB_con&SM,borer,NA,NA,insufficient data,NA,22.058823529411764,0,insufficient data,0,NA,NA,0,0,1564,345,DE,FALSE,TRUE
pol_pol,borer,C,CambXyl_con&BO,borer,NA,NA,insufficient data,NA,23.529411764705884,0,insufficient data,0,NA,NA,0,0,1564,368,"DE,SI",FALSE,TRUE
pol_pol,borer,C,Def_dec,defoliator,NA,NA,insufficient data,NA,22.058823529411764,0,insufficient data,0,NA,NA,0,0,1564,345,DE,FALSE,TRUE
pol_pol,borer,C,agr_big,borer,NA,NA,insufficient data,NA,43.79795396419437,0,insufficient data,0,NA,NA,0,0,1564,685,"DE,PL",FALSE,FALSE
pol_pol,borer,C,agr_vir,borer,NA,NA,insufficient data,NA,22.058823529411764,0,insufficient data,0,NA,NA,0,0,1564,345,DE,FALSE,FALSE
pol_pol,borer,C,bup_pin,defoliator,NA,NA,insufficient data,NA,43.79795396419437,0,insufficient data,0,NA,NA,0,0,1564,685,"DE,PL",FALSE,FALSE
pol_pol,borer,C,clo_ana,defoliator,NA,NA,insufficient data,NA,1.4705882352941178,0,insufficient data,0,NA,NA,0,0,1564,23,RO,FALSE,FALSE
pol_pol,borer,C,era_def,defoliator,NA,NA,insufficient data,NA,22.058823529411764,0,insufficient data,0,NA,NA,0,0,1564,345,DE,FALSE,FALSE
pol_pol,borer,C,ips_ami,borer,NA,NA,insufficient data,NA,22.058823529411764,0,insufficient data,0,NA,NA,0,0,1564,345,DE,FALSE,FALSE
pol_pol,borer,C,ips_cem,borer,NA,NA,insufficient data,NA,22.058823529411764,0,insufficient data,0,NA,NA,0,0,1564,345,DE,FALSE,FALSE
pol_pol,borer,C,mel_spp,defoliator,NA,NA,insufficient data,NA,43.79795396419437,0,insufficient data,0,NA,NA,0,0,1564,685,"DE,PL",FALSE,FALSE
pol_pol,borer,C,ope_spp,defoliator,NA,NA,insufficient data,NA,22.058823529411764,0,insufficient data,0,NA,NA,0,0,1564,345,DE,FALSE,FALSE
pol_pol,borer,C,pit_bid,borer,NA,NA,insufficient data,NA,22.058823529411764,0,insufficient data,0,NA,NA,0,0,1564,345,DE,FALSE,FALSE
pri_abi,defoliator,A,pit_spp,borer,-0.3893076355577473,-0.2477407517612625,consistent,"CZ,DE",18.92109500805153,230,consistent,2,-0.4581187404909346,-0.22874839071364372,10,90,1242,235,"AT,HR,SI",TRUE,FALSE
pri_abi,defoliator,B,ips_dup,borer,-0.5704777170785686,-0.08747847739198707,insufficient data,CZ,3.4621578099838968,161,insufficient data,1,-0.5704777170785686,-0.5704777170785686,7,94,1242,43,"RO,SK",FALSE,FALSE
pri_abi,defoliator,C,cep_spp,defoliator,0.4241814920248439,0.12612148265679052,insufficient data,CZ,0,138,insufficient data,1,0.4241814920248439,0.4241814920248439,6,73,1242,0,NA,FALSE,FALSE
pri_abi,defoliator,C,den_mic,borer,0.4021470672164959,0.2792030218344123,insufficient data,CZ,1.8518518518518519,23,insufficient data,1,0.4021470672164959,0.4021470672164959,1,1,1242,23,LT,TRUE,FALSE
pri_abi,defoliator,C,neo_ser,defoliator,0.34350764690467256,0.09615369771132602,consistent,"CZ,DE",1.4492753623188406,92,inconsistent,2,0.3397459748150702,0.34726931899427493,4,9,1242,18,BG,FALSE,FALSE
pri_abi,defoliator,C,CambXyl_con&BB_con&SM,borer,-0.3345684224604586,-0.02168193654453713,insufficient data,DE,0,23,insufficient data,1,-0.3345684224604586,-0.3345684224604586,1,0,1242,0,NA,FALSE,TRUE
pri_abi,defoliator,C,sco_sco,borer,0.2963606629380736,0.17870780923668178,insufficient data,DE,1.8518518518518519,92,insufficient data,1,0.2963606629380736,0.2963606629380736,4,8,1242,23,LT,FALSE,FALSE
pri_abi,defoliator,C,tha_pit,defoliator,-0.2726532185868306,0.19354219223891994,insufficient data,DE,3.3011272141706924,23,insufficient data,1,-0.2726532185868306,-0.2726532185868306,1,0,1242,41,"BG,HR",FALSE,FALSE
pri_abi,defoliator,C,ips_typ,borer,-0.2681434956355257,-0.13373756717327842,inconsistent,"CZ,DE",77.21417069243157,345,consistent,2,-0.5008383777623912,-0.06453547377451845,15,157,1242,959,"AT,BG,CH,FI,HR,HU,IT,LT,PL,RO,RS,SE,SI,SK",FALSE,FALSE
pri_abi,defoliator,C,CambXyl_con&MD,borer,-0.24169837052052556,0.03298186215325157,inconsistent,"CZ,DE",0,184,inconsistent,2,-0.5159635875696942,-0.2025176252277872,8,77,1242,0,NA,FALSE,TRUE
pri_abi,defoliator,C,pan_fla,defoliator,0.23321401772048966,-0.02492574915595366,inconsistent,"CZ,DE",29.22705314009662,138,inconsistent,2,-0.13297270228009586,0.3064513617206068,6,12,1242,363,"LT,PL",FALSE,FALSE
pri_abi,defoliator,C,tet_gab,borer,0.22921920994177877,0.13403070552476481,inconsistent,"CZ,DE",15.217391304347826,184,consistent,2,0.1538578081837643,0.4553034152158222,8,18,1242,189,AT,FALSE,FALSE
pri_abi,defoliator,C,CambXyl_con&BO,borer,-0.22707246707132053,0.12623457908863728,insufficient data,DE,1.8518518518518519,23,insufficient data,1,-0.22707246707132053,-0.22707246707132053,1,0,1242,23,SI,FALSE,TRUE
pri_abi,defoliator,C,sco_rat,borer,-0.22199405349296994,0.02357177031551123,inconsistent,"CZ,DE",1.8518518518518519,230,inconsistent,2,-0.31646036087958396,-0.001572669590870403,10,63,1242,23,LT,FALSE,FALSE
pri_abi,defoliator,C,Def_dec&DB,defoliator,0.21947170134934643,0.12026570945338196,inconsistent,"CZ,DE",15.217391304347826,276,consistent,2,-0.03516814125771405,0.40135730321153246,12,86,1242,189,AT,FALSE,TRUE
pri_abi,defoliator,C,agr_vir,borer,-0.21430461722681685,-0.010834130850596944,insufficient data,DE,0,138,insufficient data,1,-0.21430461722681685,-0.21430461722681685,6,11,1242,0,NA,FALSE,FALSE
pri_abi,defoliator,C,lym_mon,defoliator,0.19788204969515147,0.033857574150089956,consistent,"CZ,DE",29.22705314009662,276,inconsistent,2,0.11118625149408996,0.3192561671766376,12,80,1242,363,"LT,PL",FALSE,FALSE
pri_abi,defoliator,C,mel_spp,defoliator,0.1836602168951483,0.14109345680108865,insufficient data,DE,27.375201288244767,161,insufficient data,1,0.1836602168951483,0.1836602168951483,7,9,1242,340,PL,FALSE,FALSE
pri_abi,defoliator,C,zei_gri,defoliator,-0.17291216853200186,0.029521248198493995,inconsistent,"CZ,DE",0,161,consistent,2,-0.2446020681405268,0.2572272291191479,7,51,1242,0,NA,FALSE,FALSE
pri_abi,defoliator,C,pis_pin,borer,0.17203170432508988,0.11260893422106796,insufficient data,DE,1.8518518518518519,138,insufficient data,1,0.17203170432508988,0.17203170432508988,6,24,1242,23,LT,FALSE,FALSE
pri_abi,defoliator,C,sco_int,borer,-0.16232401174226802,-0.08238645437412392,consistent,"CZ,DE",0,299,consistent,2,-0.19994368795542222,-0.11843438949358817,13,69,1242,0,NA,FALSE,FALSE
pri_abi,defoliator,C,xyl_lin,borer,0.15406291978712452,0.09858619927008211,insufficient data,DE,0,184,insufficient data,1,0.15406291978712452,0.15406291978712452,8,45,1242,0,NA,FALSE,FALSE
pri_abi,defoliator,C,ips_ami,borer,0.14869694535119574,-0.02840499776672619,insufficient data,DE,0,23,insufficient data,1,0.14869694535119574,0.14869694535119574,1,1,1242,0,NA,FALSE,FALSE
pri_abi,defoliator,C,pha_cya,borer,-0.14454814615347625,-0.10035672705974671,consistent,"CZ,DE",44.44444444444444,345,consistent,2,-0.26876376069268126,-0.0358594834316719,15,139,1242,552,"AT,LT,PL",FALSE,FALSE
pri_abi,defoliator,C,xyl_spp,borer,0.1359588825238368,0.0856587314684176,insufficient data,DE,0,184,insufficient data,1,0.1359588825238368,0.1359588825238368,8,45,1242,0,NA,FALSE,FALSE
pri_abi,defoliator,C,ips_acu,borer,-0.12094874978760113,-0.07760347390080992,inconsistent,"CZ,DE",32.447665056360705,276,consistent,2,-0.21178151703999631,0.006217124365752131,12,115,1242,403,"BG,LT,PL,SK",FALSE,FALSE
pri_abi,defoliator,C,lym_dis,defoliator,-0.11953292512374628,-0.06405334226086477,consistent,"CZ,DE",27.697262479871174,276,consistent,2,-0.13140072041908096,-0.11105592848422148,12,24,1242,344,"AT,BG,HR,HU,LT,RO,RS,SK",FALSE,FALSE
pri_abi,defoliator,C,agr_big,borer,-0.116906913128948,0.04488547445869386,insufficient data,DE,27.375201288244767,184,insufficient data,1,-0.116906913128948,-0.116906913128948,8,31,1242,340,PL,FALSE,FALSE
pri_abi,defoliator,C,CambXyl_con&BB_con&BO,borer,0.11332176360300306,0.08531931527476268,insufficient data,DE,17.06924315619968,23,insufficient data,1,0.11332176360300306,0.11332176360300306,1,2,1242,212,"AT,HR",FALSE,TRUE
pri_abi,defoliator,C,bup_pin,defoliator,0.11207858376349693,0.06678225045212864,insufficient data,DE,27.375201288244767,161,insufficient data,1,0.11207858376349693,0.11207858376349693,7,18,1242,340,PL,FALSE,FALSE
pri_abi,defoliator,C,tor_vir,defoliator,0.09161002773430094,-0.07211212403382221,insufficient data,DE,32.930756843800324,161,insufficient data,1,0.09161002773430094,0.09161002773430094,7,43,1242,409,"BG,LT,PL,RO",FALSE,FALSE
pri_abi,defoliator,C,ips_sex,borer,-0.09098833630814482,-0.04082215992630844,inconsistent,"CZ,DE",1.4492753623188406,322,consistent,2,-0.277894421080274,0.09591774846398445,14,121,1242,18,BG,FALSE,FALSE
pri_abi,defoliator,C,geo_db,defoliator,-0.06861765075404705,0.07555157913225681,insufficient data,DE,34.38003220611916,138,insufficient data,1,-0.06861765075404705,-0.06861765075404705,6,20,1242,427,"BG,HR,LT,PL,RO",FALSE,FALSE
pri_abi,defoliator,C,sap_car,borer,-0.06689979691855438,NA,insufficient data,DE,0,23,insufficient data,1,-0.06689979691855438,-0.06689979691855438,1,0,1242,0,NA,FALSE,FALSE
pri_abi,defoliator,C,tha_pro,defoliator,-0.05983429407536036,0.11699072932199246,insufficient data,DE,0,161,insufficient data,1,-0.05983429407536036,-0.05983429407536036,7,18,1242,0,NA,FALSE,FALSE
pri_abi,defoliator,C,ope_spp,defoliator,0.05579603096651908,-0.005438326250677396,insufficient data,DE,0,161,insufficient data,1,0.05579603096651908,0.05579603096651908,7,16,1242,0,NA,FALSE,FALSE
pri_abi,defoliator,C,tom_spp,borer,-0.054403767694148085,-0.028494522286248235,inconsistent,"CZ,DE",44.44444444444444,345,inconsistent,2,-0.3641340692854234,0.2166102461982178,15,148,1242,552,"AT,LT,PL",FALSE,FALSE
pri_abi,defoliator,C,pit_bid,borer,0.05320308063758207,-0.04582558613219691,insufficient data,DE,0,115,insufficient data,1,0.05320308063758207,0.05320308063758207,5,30,1242,0,NA,FALSE,FALSE
pri_abi,defoliator,C,tet_spp,borer,0.04941210102977778,-0.012974650546011945,insufficient data,DE,0,115,insufficient data,1,0.04941210102977778,0.04941210102977778,5,6,1242,0,NA,FALSE,FALSE
pri_abi,defoliator,C,uro_sir_spp,borer,0.0416870208408851,0.05172262353337982,insufficient data,DE,0,69,insufficient data,1,0.0416870208408851,0.0416870208408851,3,3,1242,0,NA,FALSE,FALSE
pri_abi,defoliator,C,ips_cem,borer,0.03719055316979803,0.06695885205292612,insufficient data,DE,0,184,insufficient data,1,0.03719055316979803,0.03719055316979803,8,48,1242,0,NA,FALSE,FALSE
pri_abi,defoliator,C,pol_pol,borer,-0.037121419679986355,-0.08207593246634141,insufficient data,CZ,1.8518518518518519,161,insufficient data,1,-0.037121419679986355,-0.037121419679986355,7,87,1242,23,LT,FALSE,FALSE
pri_abi,defoliator,C,era_def,defoliator,0.03589811178666344,-0.043206456043159785,insufficient data,DE,0,161,insufficient data,1,0.03589811178666344,0.03589811178666344,7,11,1242,0,NA,FALSE,FALSE
pri_abi,defoliator,C,Def_dec,defoliator,0.034752146176104705,-0.01689728153511007,insufficient data,DE,0,46,insufficient data,1,0.034752146176104705,0.034752146176104705,2,1,1242,0,NA,FALSE,TRUE
pri_abi,defoliator,C,den_pin,defoliator,0.028537371259221175,0.0025253354327752294,insufficient data,DE,29.22705314009662,115,insufficient data,1,0.028537371259221175,0.028537371259221175,5,9,1242,363,"LT,PL",FALSE,FALSE
pri_abi,defoliator,C,dip_sp,defoliator,0.023111305207663784,0.010381917394232556,insufficient data,DE,44.44444444444444,161,insufficient data,1,0.023111305207663784,0.023111305207663784,7,15,1242,552,"AT,LT,PL",FALSE,FALSE
pri_abi,defoliator,C,pit_cha,borer,-0.010128895184766005,0.004470514950403831,insufficient data,DE,22.544283413848632,184,insufficient data,1,-0.010128895184766005,-0.010128895184766005,8,48,1242,280,"AT,IT,LT,SI,SK",FALSE,FALSE
pri_abi,defoliator,C,clo_ana,defoliator,NA,NA,insufficient data,NA,1.8518518518518519,0,insufficient data,0,NA,NA,0,0,1242,23,RO,FALSE,FALSE
sap_car,borer,C,pha_cya,borer,0.4897466971970208,NA,insufficient data,DE,51.61290322580645,23,insufficient data,1,0.4897466971970208,0.4897466971970208,1,1,1426,736,"AT,CZ,LT,PL",FALSE,FALSE
sap_car,borer,C,agr_vir,borer,0.47273607767830916,NA,insufficient data,DE,0,23,insufficient data,1,0.47273607767830916,0.47273607767830916,1,1,1426,0,NA,FALSE,FALSE
sap_car,borer,C,Def_dec&DB,defoliator,0.3990765396574864,NA,insufficient data,DE,26.157082748948106,23,insufficient data,1,0.3990765396574864,0.3990765396574864,1,1,1426,373,"AT,CZ",FALSE,TRUE
sap_car,borer,C,ips_sex,borer,0.3689403717139749,NA,insufficient data,DE,14.165497896213184,23,insufficient data,1,0.3689403717139749,0.3689403717139749,1,1,1426,202,"BG,CZ",FALSE,FALSE
sap_car,borer,C,ips_typ,borer,0.36186041108726574,NA,insufficient data,DE,80.15427769985975,23,insufficient data,1,0.36186041108726574,0.36186041108726574,1,1,1426,1143,"AT,BG,CH,CZ,FI,HR,HU,IT,LT,PL,RO,RS,SE,SI,SK",FALSE,FALSE
sap_car,borer,C,ips_cem,borer,0.346239912168909,NA,insufficient data,DE,0,23,insufficient data,1,0.346239912168909,0.346239912168909,1,1,1426,0,NA,FALSE,FALSE
sap_car,borer,C,ips_acu,borer,0.34539864813295723,NA,insufficient data,DE,41.164095371669006,23,insufficient data,1,0.34539864813295723,0.34539864813295723,1,1,1426,587,"BG,CZ,LT,PL,SK",FALSE,FALSE
sap_car,borer,C,tet_gab,borer,0.3376767787549809,NA,insufficient data,DE,26.157082748948106,23,insufficient data,1,0.3376767787549809,0.3376767787549809,1,1,1426,373,"AT,CZ",FALSE,FALSE
sap_car,borer,C,tha_pit,defoliator,0.30712838660682645,NA,insufficient data,DE,2.8751753155680224,23,insufficient data,1,0.30712838660682645,0.30712838660682645,1,1,1426,41,"BG,HR",FALSE,FALSE
sap_car,borer,C,xyl_lin,borer,-0.2883484644918905,NA,insufficient data,DE,0,23,insufficient data,1,-0.2883484644918905,-0.2883484644918905,1,1,1426,0,NA,FALSE,FALSE
sap_car,borer,C,lym_mon,defoliator,-0.2849030264603879,NA,insufficient data,DE,38.35904628330996,23,insufficient data,1,-0.2849030264603879,-0.2849030264603879,1,0,1426,547,"CZ,LT,PL",FALSE,FALSE
sap_car,borer,C,pit_bid,borer,0.2762426839708649,NA,insufficient data,DE,0,23,insufficient data,1,0.2762426839708649,0.2762426839708649,1,1,1426,0,NA,FALSE,FALSE
sap_car,borer,C,era_def,defoliator,-0.2561351893660142,NA,insufficient data,DE,0,23,insufficient data,1,-0.2561351893660142,-0.2561351893660142,1,0,1426,0,NA,FALSE,FALSE
sap_car,borer,C,agr_big,borer,0.25395933013360983,NA,insufficient data,DE,23.842917251051894,23,insufficient data,1,0.25395933013360983,0.25395933013360983,1,1,1426,340,PL,FALSE,FALSE
sap_car,borer,C,sco_rat,borer,0.2536007562385222,NA,insufficient data,DE,14.516129032258064,23,insufficient data,1,0.2536007562385222,0.2536007562385222,1,1,1426,207,"CZ,LT",FALSE,FALSE
sap_car,borer,C,tha_pro,defoliator,-0.24827081762145595,NA,insufficient data,DE,0,23,insufficient data,1,-0.24827081762145595,-0.24827081762145595,1,0,1426,0,NA,FALSE,FALSE
sap_car,borer,C,bup_pin,defoliator,-0.23988087104031094,NA,insufficient data,DE,23.842917251051894,23,insufficient data,1,-0.23988087104031094,-0.23988087104031094,1,0,1426,340,PL,FALSE,FALSE
sap_car,borer,C,sco_sco,borer,-0.2247083218876505,NA,insufficient data,DE,1.6129032258064515,23,insufficient data,1,-0.2247083218876505,-0.2247083218876505,1,0,1426,23,LT,FALSE,FALSE
sap_car,borer,C,tor_vir,defoliator,-0.21548151620876924,NA,insufficient data,DE,28.68162692847125,23,insufficient data,1,-0.21548151620876924,-0.21548151620876924,1,0,1426,409,"BG,LT,PL,RO",FALSE,FALSE
sap_car,borer,C,sco_int,borer,0.19236201758772603,NA,insufficient data,DE,12.903225806451612,23,insufficient data,1,0.19236201758772603,0.19236201758772603,1,1,1426,184,CZ,FALSE,FALSE
sap_car,borer,C,pan_fla,defoliator,-0.16148790635021953,NA,insufficient data,DE,38.35904628330996,23,insufficient data,1,-0.16148790635021953,-0.16148790635021953,1,0,1426,547,"CZ,LT,PL",FALSE,FALSE
sap_car,borer,C,pit_cha,borer,0.16067892468251915,NA,insufficient data,DE,19.635343618513325,23,insufficient data,1,0.16067892468251915,0.16067892468251915,1,1,1426,280,"AT,IT,LT,SI,SK",FALSE,FALSE
sap_car,borer,C,xyl_spp,borer,-0.15711827670663825,NA,insufficient data,DE,0,23,insufficient data,1,-0.15711827670663825,-0.15711827670663825,1,1,1426,0,NA,FALSE,FALSE
sap_car,borer,C,den_pin,defoliator,-0.15177611257650636,NA,insufficient data,DE,25.455820476858346,23,insufficient data,1,-0.15177611257650636,-0.15177611257650636,1,1,1426,363,"LT,PL",FALSE,FALSE
sap_car,borer,C,dip_sp,defoliator,-0.10575206068332288,NA,insufficient data,DE,38.70967741935484,23,insufficient data,1,-0.10575206068332288,-0.10575206068332288,1,1,1426,552,"AT,LT,PL",FALSE,FALSE
sap_car,borer,C,lym_dis,defoliator,-0.1022659723615388,NA,insufficient data,DE,37.02664796633941,23,insufficient data,1,-0.1022659723615388,-0.1022659723615388,1,0,1426,528,"AT,BG,CZ,HR,HU,LT,RO,RS,SK",FALSE,FALSE
sap_car,borer,C,pis_pin,borer,0.08203379930183087,NA,insufficient data,DE,1.6129032258064515,23,insufficient data,1,0.08203379930183087,0.08203379930183087,1,1,1426,23,LT,FALSE,FALSE
sap_car,borer,C,tom_spp,borer,0.07976752604516332,NA,insufficient data,DE,51.61290322580645,23,insufficient data,1,0.07976752604516332,0.07976752604516332,1,1,1426,736,"AT,CZ,LT,PL",FALSE,FALSE
sap_car,borer,C,mel_spp,defoliator,0.07614457387190585,NA,insufficient data,DE,23.842917251051894,23,insufficient data,1,0.07614457387190585,0.07614457387190585,1,1,1426,340,PL,FALSE,FALSE
sap_car,borer,C,tet_spp,borer,-0.07479526688260059,NA,insufficient data,DE,0,23,insufficient data,1,-0.07479526688260059,-0.07479526688260059,1,0,1426,0,NA,FALSE,FALSE
sap_car,borer,C,pri_abi,defoliator,-0.06689979691855438,NA,insufficient data,DE,12.903225806451612,23,insufficient data,1,-0.06689979691855438,-0.06689979691855438,1,0,1426,184,CZ,FALSE,FALSE
sap_car,borer,C,geo_db,defoliator,-0.06575211977248926,NA,insufficient data,DE,29.94389901823282,23,insufficient data,1,-0.06575211977248926,-0.06575211977248926,1,0,1426,427,"BG,HR,LT,PL,RO",FALSE,FALSE
sap_car,borer,C,ips_ami,borer,-0.058827447453991225,NA,insufficient data,DE,0,23,insufficient data,1,-0.058827447453991225,-0.058827447453991225,1,0,1426,0,NA,FALSE,FALSE
sap_car,borer,C,uro_sir_spp,borer,NA,NA,insufficient data,NA,0,0,insufficient data,0,NA,NA,0,0,1426,0,NA,FALSE,FALSE
sap_car,borer,C,zei_gri,defoliator,NA,NA,insufficient data,NA,12.903225806451612,0,insufficient data,0,NA,NA,0,0,1426,184,CZ,FALSE,FALSE
sap_car,borer,C,CambXyl_con&BB_con&BO,borer,NA,NA,insufficient data,NA,14.866760168302946,0,insufficient data,0,NA,NA,0,0,1426,212,"AT,HR",FALSE,TRUE
sap_car,borer,C,CambXyl_con&BB_con&SM,borer,NA,NA,insufficient data,NA,0,0,insufficient data,0,NA,NA,0,0,1426,0,NA,FALSE,TRUE
sap_car,borer,C,CambXyl_con&BO,borer,NA,NA,insufficient data,NA,1.6129032258064515,0,insufficient data,0,NA,NA,0,0,1426,23,SI,FALSE,TRUE
sap_car,borer,C,CambXyl_con&MD,borer,NA,NA,insufficient data,NA,12.903225806451612,0,insufficient data,0,NA,NA,0,0,1426,184,CZ,FALSE,TRUE
sap_car,borer,C,Def_dec,defoliator,NA,NA,insufficient data,NA,0,0,insufficient data,0,NA,NA,0,0,1426,0,NA,FALSE,TRUE
sap_car,borer,C,cep_spp,defoliator,NA,NA,insufficient data,NA,12.903225806451612,0,insufficient data,0,NA,NA,0,0,1426,184,CZ,FALSE,FALSE
sap_car,borer,C,clo_ana,defoliator,NA,NA,insufficient data,NA,1.6129032258064515,0,insufficient data,0,NA,NA,0,0,1426,23,RO,FALSE,FALSE
sap_car,borer,C,den_mic,borer,NA,NA,insufficient data,NA,14.516129032258064,0,insufficient data,0,NA,NA,0,0,1426,207,"CZ,LT",FALSE,FALSE
sap_car,borer,C,ips_dup,borer,NA,NA,insufficient data,NA,15.918653576437588,0,insufficient data,0,NA,NA,0,0,1426,227,"CZ,RO,SK",FALSE,FALSE
sap_car,borer,C,neo_ser,defoliator,NA,NA,insufficient data,NA,14.165497896213184,0,insufficient data,0,NA,NA,0,0,1426,202,"BG,CZ",FALSE,FALSE
sap_car,borer,C,ope_spp,defoliator,NA,NA,insufficient data,NA,0,0,insufficient data,0,NA,NA,0,0,1426,0,NA,FALSE,FALSE
sap_car,borer,C,pit_spp,borer,NA,NA,insufficient data,NA,29.38288920056101,0,insufficient data,0,NA,NA,0,0,1426,419,"AT,CZ,HR,SI",FALSE,FALSE
sap_car,borer,C,pol_pol,borer,NA,NA,insufficient data,NA,14.516129032258064,0,insufficient data,0,NA,NA,0,0,1426,207,"CZ,LT",FALSE,FALSE
sco_int,borer,A,sco_rat,borer,0.43571267708369443,0.36068165608706193,consistent,"CZ,DE",1.8518518518518519,253,consistent,2,0.40170089090857825,0.4484670968993631,11,92,1242,23,LT,TRUE,FALSE
sco_int,borer,A,ips_acu,borer,0.31747639352144724,0.2563119425829086,consistent,"CZ,DE",32.447665056360705,322,consistent,2,0.27737201237595394,0.3709489017154383,14,126,1242,403,"BG,LT,PL,SK",TRUE,FALSE
sco_int,borer,B,CambXyl_con&BB_con&BO,borer,0.3654961652028063,0.3842492877589892,insufficient data,DE,17.06924315619968,46,insufficient data,1,0.3654961652028063,0.3654961652028063,2,10,1242,212,"AT,HR",TRUE,TRUE
sco_int,borer,B,agr_big,borer,0.3583582539819958,0.34152549497726237,insufficient data,DE,27.375201288244767,184,insufficient data,1,0.3583582539819958,0.3583582539819958,8,58,1242,340,PL,TRUE,FALSE
sco_int,borer,B,pha_cya,borer,0.24601577831480403,0.23183726883533257,consistent,"CZ,DE",44.44444444444444,368,consistent,2,0.1722059658395673,0.3198255907900408,16,143,1242,552,"AT,LT,PL",TRUE,FALSE
sco_int,borer,B,pit_spp,borer,0.2044168697000314,0.09554115262003851,consistent,"CZ,DE",18.92109500805153,253,consistent,2,0.06835793158741611,0.25543897149226213,11,92,1242,235,"AT,HR,SI",FALSE,FALSE
sco_int,borer,B,ips_sex,borer,0.20122306073413296,0.18436087229872444,consistent,"CZ,DE",1.4492753623188406,345,consistent,2,0.19260635494178027,0.2087626783024416,15,132,1242,18,BG,FALSE,FALSE
sco_int,borer,B,ips_typ,borer,0.20111081122093652,0.14056584192940338,consistent,"CZ,DE",77.21417069243157,368,consistent,2,0.16509876231743995,0.23712286012443312,16,154,1242,959,"AT,BG,CH,FI,HR,HU,IT,LT,PL,RO,RS,SE,SI,SK",FALSE,FALSE
sco_int,borer,C,CambXyl_con&BB_con&SM,borer,0.6154330250403487,-3.7955782067273754e-4,insufficient data,DE,0,46,insufficient data,1,0.6154330250403487,0.6154330250403487,2,11,1242,0,NA,FALSE,TRUE
sco_int,borer,C,CambXyl_con&BO,borer,0.4226891249451951,-0.17574238748981547,insufficient data,DE,1.8518518518518519,46,insufficient data,1,0.4226891249451951,0.4226891249451951,2,7,1242,23,SI,FALSE,TRUE
sco_int,borer,C,CambXyl_con&MD,borer,0.33711950666930385,0.32179871025987394,consistent,"CZ,DE",0,207,consistent,2,0.3198081808132602,0.3392834224013094,9,81,1242,0,NA,TRUE,TRUE
sco_int,borer,C,agr_vir,borer,0.2533880052668425,0.22293661903029585,insufficient data,DE,0,138,insufficient data,1,0.2533880052668425,0.2533880052668425,6,20,1242,0,NA,TRUE,FALSE
sco_int,borer,C,pit_bid,borer,0.22852493148438127,0.31410930444899177,insufficient data,DE,0,115,insufficient data,1,0.22852493148438127,0.22852493148438127,5,38,1242,0,NA,TRUE,FALSE
sco_int,borer,C,ips_ami,borer,0.22680942530306233,0.26726903228112253,insufficient data,DE,0,46,insufficient data,1,0.22680942530306233,0.22680942530306233,2,3,1242,0,NA,TRUE,FALSE
sco_int,borer,C,pis_pin,borer,0.22537551920105753,0.31531148283674915,insufficient data,DE,1.8518518518518519,115,insufficient data,1,0.22537551920105753,0.22537551920105753,5,36,1242,23,LT,TRUE,FALSE
sco_int,borer,C,sap_car,borer,0.19236201758772603,NA,insufficient data,DE,0,23,insufficient data,1,0.19236201758772603,0.19236201758772603,1,1,1242,0,NA,FALSE,FALSE
sco_int,borer,C,pol_pol,borer,0.17847978028893166,0.1129597888271306,insufficient data,CZ,1.8518518518518519,184,insufficient data,1,0.17847978028893166,0.17847978028893166,8,84,1242,23,LT,FALSE,FALSE
sco_int,borer,C,tet_spp,borer,-0.1633641873350131,-0.09490380821594556,insufficient data,DE,0,138,insufficient data,1,-0.1633641873350131,-0.1633641873350131,6,17,1242,0,NA,FALSE,FALSE
sco_int,borer,C,pri_abi,defoliator,-0.16232401174226802,-0.08238645437412392,consistent,"CZ,DE",0,299,consistent,2,-0.19994368795542222,-0.11843438949358817,13,69,1242,0,NA,FALSE,FALSE
sco_int,borer,C,tom_spp,borer,0.1513395669561561,0.1462334466317737,consistent,"CZ,DE",44.44444444444444,368,consistent,2,0.10795734330445404,0.19472179060785824,16,153,1242,552,"AT,LT,PL",FALSE,FALSE
sco_int,borer,C,dip_sp,defoliator,-0.15109109782587538,0.0203205213565176,insufficient data,DE,44.44444444444444,138,insufficient data,1,-0.15109109782587538,-0.15109109782587538,6,27,1242,552,"AT,LT,PL",FALSE,FALSE
sco_int,borer,C,ips_cem,borer,0.14802038054405475,0.24191476226764225,insufficient data,DE,0,184,insufficient data,1,0.14802038054405475,0.14802038054405475,8,64,1242,0,NA,TRUE,FALSE
sco_int,borer,C,tet_gab,borer,0.14150656647921508,0.17903129403566262,inconsistent,"CZ,DE",15.217391304347826,207,inconsistent,2,-0.2850565215789142,0.26338173449582347,9,35,1242,189,AT,FALSE,FALSE
sco_int,borer,C,pit_cha,borer,0.13824810076219993,0.16537467202664213,insufficient data,DE,22.544283413848632,184,insufficient data,1,0.13824810076219993,0.13824810076219993,8,62,1242,280,"AT,IT,LT,SI,SK",FALSE,FALSE
sco_int,borer,C,xyl_spp,borer,0.13494794262307708,0.22214850186215354,insufficient data,DE,0,184,insufficient data,1,0.13494794262307708,0.13494794262307708,8,48,1242,0,NA,TRUE,FALSE
sco_int,borer,C,cep_spp,defoliator,-0.13321963715066498,-7.198082737877167e-4,insufficient data,CZ,0,161,insufficient data,1,-0.13321963715066498,-0.13321963715066498,7,55,1242,0,NA,FALSE,FALSE
sco_int,borer,C,tha_pro,defoliator,0.127151222308722,0.09555896620814047,insufficient data,DE,0,161,insufficient data,1,0.127151222308722,0.127151222308722,7,33,1242,0,NA,FALSE,FALSE
sco_int,borer,C,ips_dup,borer,0.12352900798641978,0.013564064202672208,insufficient data,CZ,3.4621578099838968,184,insufficient data,1,0.12352900798641978,0.12352900798641978,8,86,1242,43,"RO,SK",FALSE,FALSE
sco_int,borer,C,uro_sir_spp,borer,0.12056864515565222,0.15224193899095648,insufficient data,DE,0,92,insufficient data,1,0.12056864515565222,0.12056864515565222,4,5,1242,0,NA,FALSE,FALSE
sco_int,borer,C,geo_db,defoliator,0.09313275207361599,0.030686346444526603,insufficient data,DE,34.38003220611916,115,insufficient data,1,0.09313275207361599,0.09313275207361599,5,24,1242,427,"BG,HR,LT,PL,RO",FALSE,FALSE
sco_int,borer,C,bup_pin,defoliator,-0.09181098423318342,0.11327495137148205,insufficient data,DE,27.375201288244767,115,insufficient data,1,-0.09181098423318342,-0.09181098423318342,5,20,1242,340,PL,FALSE,FALSE
sco_int,borer,C,tha_pit,defoliator,0.08789146246312574,0.03202068809375306,insufficient data,DE,3.3011272141706924,23,insufficient data,1,0.08789146246312574,0.08789146246312574,1,10,1242,41,"BG,HR",FALSE,FALSE
sco_int,borer,C,ope_spp,defoliator,-0.07300850908550445,0.07518842979769945,insufficient data,DE,0,161,insufficient data,1,-0.07300850908550445,-0.07300850908550445,7,4,1242,0,NA,FALSE,FALSE
sco_int,borer,C,sco_sco,borer,0.05727300257621063,0.08068081140395024,insufficient data,DE,1.8518518518518519,115,insufficient data,1,0.05727300257621063,0.05727300257621063,5,16,1242,23,LT,FALSE,FALSE
sco_int,borer,C,era_def,defoliator,-0.052425331023245474,0.0063189293597692405,insufficient data,DE,0,161,insufficient data,1,-0.052425331023245474,-0.052425331023245474,7,13,1242,0,NA,FALSE,FALSE
sco_int,borer,C,neo_ser,defoliator,-0.04836315575315628,-0.10040256977819945,inconsistent,"CZ,DE",1.4492753623188406,92,inconsistent,2,-0.1886837413165013,0.09195742981018876,4,6,1242,18,BG,FALSE,FALSE
sco_int,borer,C,pan_fla,defoliator,-0.04695601087530223,0.04510088063622152,inconsistent,"CZ,DE",29.22705314009662,115,inconsistent,2,-0.14698650254183668,0.35316595579083554,5,12,1242,363,"LT,PL",FALSE,FALSE
sco_int,borer,C,den_pin,defoliator,-0.04374446867728745,0.1235025645844757,insufficient data,DE,29.22705314009662,92,insufficient data,1,-0.04374446867728745,-0.04374446867728745,4,19,1242,363,"LT,PL",FALSE,FALSE
sco_int,borer,C,lym_mon,defoliator,-0.04000021516017061,0.08258006069999466,inconsistent,"CZ,DE",29.22705314009662,253,inconsistent,2,-0.16250486499279806,0.062086993033685596,11,71,1242,363,"LT,PL",FALSE,FALSE
sco_int,borer,C,Def_dec,defoliator,0.0391640041483102,0.02804896777026468,insufficient data,DE,0,46,insufficient data,1,0.0391640041483102,0.0391640041483102,2,1,1242,0,NA,FALSE,TRUE
sco_int,borer,C,mel_spp,defoliator,0.03274659932177143,0.08376059001557831,insufficient data,DE,27.375201288244767,138,insufficient data,1,0.03274659932177143,0.03274659932177143,6,23,1242,340,PL,FALSE,FALSE
sco_int,borer,C,tor_vir,defoliator,0.03106633550703826,0.08946590722793364,insufficient data,DE,32.930756843800324,161,insufficient data,1,0.03106633550703826,0.03106633550703826,7,37,1242,409,"BG,LT,PL,RO",FALSE,FALSE
sco_int,borer,C,xyl_lin,borer,-0.007317605651569363,0.05136828872515962,insufficient data,DE,0,184,insufficient data,1,-0.007317605651569363,-0.007317605651569363,8,51,1242,0,NA,FALSE,FALSE
sco_int,borer,C,Def_dec&DB,defoliator,0.006714383265588024,0.05578285561423956,inconsistent,"CZ,DE",15.217391304347826,299,consistent,2,-0.03261623439060007,0.06964337151548897,13,76,1242,189,AT,FALSE,TRUE
sco_int,borer,C,lym_dis,defoliator,0.006532228451070593,0.01948718994153727,inconsistent,"CZ,DE",27.697262479871174,299,inconsistent,2,-0.035529901095216615,0.042585482347888205,13,34,1242,344,"AT,BG,HR,HU,LT,RO,RS,SK",FALSE,FALSE
sco_int,borer,C,den_mic,borer,0.006152597081615267,-0.162797412987614,inconsistent,"CZ,DE",1.8518518518518519,46,inconsistent,2,-0.045454545454545456,0.057759739617775994,2,1,1242,23,LT,FALSE,FALSE
sco_int,borer,C,zei_gri,defoliator,-0.005026221841110531,0.05944061787492932,inconsistent,"CZ,DE",0,184,consistent,2,-0.09529260254344465,0.007868975402080059,8,43,1242,0,NA,FALSE,FALSE
sco_int,borer,C,clo_ana,defoliator,NA,NA,insufficient data,NA,1.8518518518518519,0,insufficient data,0,NA,NA,0,0,1242,23,RO,FALSE,FALSE
sco_rat,borer,A,ips_typ,borer,0.41405897755919985,0.22350212046687,consistent,"CZ,DE,LT",76.78424938474159,276,consistent,3,0.16716650468322924,0.46790556354944185,12,125,1219,936,"AT,BG,CH,FI,HR,HU,IT,PL,RO,RS,SE,SI,SK",TRUE,FALSE
sco_rat,borer,A,ips_acu,borer,0.3670454702313205,0.2653773304363497,consistent,"CZ,DE,LT",31.17309269893355,276,inconsistent,3,0.13999180256167595,0.44449805242133916,12,111,1219,380,"BG,PL,SK",TRUE,FALSE
sco_rat,borer,A,tom_spp,borer,0.3645841960605989,0.24202444980111146,consistent,"CZ,DE,LT",43.39622641509434,276,inconsistent,3,0.1500819670009449,0.5010652255230372,12,125,1219,529,"AT,PL",TRUE,FALSE
sco_rat,borer,A,pha_cya,borer,0.34923850849324495,0.22949191337853597,consistent,"CZ,DE,LT",43.39622641509434,276,consistent,3,0.2896718071785416,0.4711901049885443,12,112,1219,529,"AT,PL",TRUE,FALSE
sco_rat,borer,A,pit_cha,borer,0.3255521694996514,0.38874867409963465,consistent,"DE,LT",21.082854799015585,92,consistent,2,0.31049173860189994,0.3707334621929058,4,44,1219,257,"AT,IT,SI,SK",TRUE,FALSE
sco_rat,borer,B,agr_big,borer,0.6533638926742446,0.5309023239202235,insufficient data,DE,27.891714520098443,69,insufficient data,1,0.6533638926742446,0.6533638926742446,3,32,1219,340,PL,TRUE,FALSE
sco_rat,borer,B,pit_spp,borer,0.4080050912537393,0.09385319505966273,insufficient data,CZ,19.278096800656275,184,insufficient data,1,0.4080050912537393,0.4080050912537393,8,72,1219,235,"AT,HR,SI",FALSE,FALSE
sco_rat,borer,B,ips_sex,borer,0.35142625797883975,0.189627778676756,consistent,"CZ,DE",1.4766201804758,253,inconsistent,2,0.32638183034793106,0.4182113983279296,11,111,1219,18,BG,FALSE,FALSE
sco_rat,borer,B,ips_dup,borer,0.3479730093302379,0.02636170763150118,insufficient data,CZ,3.527481542247744,184,insufficient data,1,0.3479730093302379,0.3479730093302379,8,80,1219,43,"RO,SK",FALSE,FALSE
sco_rat,borer,B,tor_vir,defoliator,0.2995362181624372,0.3435367548316211,consistent,"DE,LT",31.665299425758818,92,consistent,2,0.2966054956811503,0.30832838560629805,4,34,1219,386,"BG,PL,RO",TRUE,FALSE
sco_rat,borer,B,den_pin,defoliator,0.24020833554626667,0.23628944108650682,consistent,"DE,LT",27.891714520098443,92,inconsistent,2,0.23597493466618627,0.2529085381865079,4,23,1219,340,PL,TRUE,FALSE
sco_rat,borer,B,geo_db,defoliator,0.20291615973181779,0.15410733359334075,consistent,"DE,LT",33.141919606234616,69,consistent,2,0.19376540017428076,0.2212176788468918,3,18,1219,404,"BG,HR,PL,RO",FALSE,FALSE
sco_rat,borer,C,pit_bid,borer,0.4613483122109086,0.45040139914867106,insufficient data,DE,0,69,insufficient data,1,0.4613483122109086,0.4613483122109086,3,31,1219,0,NA,TRUE,FALSE
sco_rat,borer,C,agr_vir,borer,0.44660997739058744,0.19301152878412017,insufficient data,DE,0,46,insufficient data,1,0.44660997739058744,0.44660997739058744,2,6,1219,0,NA,FALSE,FALSE
sco_rat,borer,C,sco_int,borer,0.43571267708369443,0.36068165608706193,consistent,"CZ,DE",0,253,consistent,2,0.40170089090857825,0.4484670968993631,11,92,1219,0,NA,TRUE,FALSE
sco_rat,borer,C,CambXyl_con&MD,borer,0.3842897970706356,0.18534420113655634,insufficient data,CZ,0,184,insufficient data,1,0.3842897970706356,0.3842897970706356,8,67,1219,0,NA,FALSE,TRUE
sco_rat,borer,C,pis_pin,borer,0.36348986828610524,0.47649409009804244,consistent,"DE,LT",0,92,consistent,2,0.3388875108765492,0.43729694051477325,4,42,1219,0,NA,TRUE,FALSE
sco_rat,borer,C,ips_cem,borer,0.35525391499078646,0.44951264706817856,insufficient data,DE,0,69,insufficient data,1,0.35525391499078646,0.35525391499078646,3,37,1219,0,NA,TRUE,FALSE
sco_rat,borer,C,tha_pit,defoliator,0.3376629381122109,0.014053567829270428,insufficient data,DE,3.3634126333059884,23,insufficient data,1,0.3376629381122109,0.3376629381122109,1,9,1219,41,"BG,HR",FALSE,FALSE
sco_rat,borer,C,tet_spp,borer,-0.31027070725386074,-0.1383979333348233,insufficient data,DE,0,46,insufficient data,1,-0.31027070725386074,-0.31027070725386074,2,2,1219,0,NA,FALSE,FALSE
sco_rat,borer,C,uro_sir_spp,borer,0.3039489097315388,0.005377397377304708,insufficient data,DE,0,23,insufficient data,1,0.3039489097315388,0.3039489097315388,1,1,1219,0,NA,FALSE,FALSE
sco_rat,borer,C,cep_spp,defoliator,-0.2803473165745918,-0.10696378723344588,insufficient data,CZ,0,161,insufficient data,1,-0.2803473165745918,-0.2803473165745918,7,44,1219,0,NA,FALSE,FALSE
sco_rat,borer,C,sap_car,borer,0.2536007562385222,NA,insufficient data,DE,0,23,insufficient data,1,0.2536007562385222,0.2536007562385222,1,1,1219,0,NA,FALSE,FALSE
sco_rat,borer,C,xyl_spp,borer,0.24421893598324806,0.4175743463872228,insufficient data,DE,0,69,insufficient data,1,0.24421893598324806,0.24421893598324806,3,35,1219,0,NA,TRUE,FALSE
sco_rat,borer,C,pri_abi,defoliator,-0.22199405349296994,0.02357177031551123,inconsistent,"CZ,DE",0,230,inconsistent,2,-0.31646036087958396,-0.001572669590870403,10,63,1219,0,NA,FALSE,FALSE
sco_rat,borer,C,tha_pro,defoliator,0.2139351897881134,0.4074790077011401,insufficient data,DE,0,46,insufficient data,1,0.2139351897881134,0.2139351897881134,2,14,1219,0,NA,TRUE,FALSE
sco_rat,borer,C,pol_pol,borer,0.20927121449987235,0.18827903733895304,consistent,"CZ,LT",0,207,inconsistent,2,0.19063586439589883,0.35835401533166084,9,79,1219,0,NA,FALSE,FALSE
sco_rat,borer,C,xyl_lin,borer,0.1887369291439691,0.41430980380627935,insufficient data,DE,0,69,insufficient data,1,0.1887369291439691,0.1887369291439691,3,37,1219,0,NA,TRUE,FALSE
sco_rat,borer,C,Def_dec,defoliator,0.16704155744010196,0.0793890263491628,insufficient data,DE,0,23,insufficient data,1,0.16704155744010196,0.16704155744010196,1,1,1219,0,NA,FALSE,TRUE
sco_rat,borer,C,ips_ami,borer,0.15274117389643582,0.09279420264576219,insufficient data,DE,0,23,insufficient data,1,0.15274117389643582,0.15274117389643582,1,2,1219,0,NA,FALSE,FALSE
sco_rat,borer,C,dip_sp,defoliator,0.14451192010930736,0.08040405950598743,inconsistent,"DE,LT",43.39622641509434,92,inconsistent,2,-0.23638206838885156,0.27147658294202703,4,29,1219,529,"AT,PL",FALSE,FALSE
sco_rat,borer,C,pan_fla,defoliator,-0.1160457869139796,-0.025224744511271567,inconsistent,"CZ,DE,LT",27.891714520098443,115,inconsistent,3,-0.23731192692617162,0.1269783234307444,5,11,1219,340,PL,FALSE,FALSE
sco_rat,borer,C,ope_spp,defoliator,-0.08381725113691679,-0.029685393621392813,insufficient data,DE,0,46,insufficient data,1,-0.08381725113691679,-0.08381725113691679,2,3,1219,0,NA,FALSE,FALSE
sco_rat,borer,C,lym_dis,defoliator,0.07124037271093261,0.02250545931770574,inconsistent,"CZ,DE,LT",26.333059885151762,230,inconsistent,3,-0.18020259891700577,0.32978402220803593,10,21,1219,321,"AT,BG,HR,HU,RO,RS,SK",FALSE,FALSE
sco_rat,borer,C,Def_dec&DB,defoliator,-0.06150605990333788,0.05724686650181605,consistent,"CZ,DE",15.504511894995899,230,inconsistent,2,-0.08507518564773003,-0.05561377846723984,10,55,1219,189,AT,FALSE,TRUE
sco_rat,borer,C,bup_pin,defoliator,-0.058508791031153064,0.09162273991430481,insufficient data,DE,27.891714520098443,69,insufficient data,1,-0.058508791031153064,-0.058508791031153064,3,17,1219,340,PL,FALSE,FALSE
sco_rat,borer,C,tet_gab,borer,0.05771493817705466,0.11291888348234914,inconsistent,"CZ,DE",15.504511894995899,115,inconsistent,2,-0.16733625920908335,0.20774906976781335,5,18,1219,189,AT,FALSE,FALSE
sco_rat,borer,C,mel_spp,defoliator,0.057681480233476454,0.1747652863196074,insufficient data,DE,27.891714520098443,69,insufficient data,1,0.057681480233476454,0.057681480233476454,3,10,1219,340,PL,FALSE,FALSE
sco_rat,borer,C,sco_sco,borer,0.046619093233399515,0.1170163668093828,inconsistent,"DE,LT",0,92,inconsistent,2,-0.13542143273249166,0.10729926855536324,4,16,1219,0,NA,FALSE,FALSE
sco_rat,borer,C,era_def,defoliator,-0.043856698431753084,-0.035323965576249346,insufficient data,DE,0,46,insufficient data,1,-0.043856698431753084,-0.043856698431753084,2,13,1219,0,NA,FALSE,FALSE
sco_rat,borer,C,neo_ser,defoliator,-0.035561846500657655,0.08529492791621249,inconsistent,"CZ,DE",1.4766201804758,92,consistent,2,-0.09082806801933213,0.01970437501801681,4,7,1219,18,BG,FALSE,FALSE
sco_rat,borer,C,lym_mon,defoliator,-0.033410835174173474,0.08112332308954344,inconsistent,"CZ,DE,LT",27.891714520098443,230,inconsistent,3,-0.27504481568938155,0.007108337037725534,10,69,1219,340,PL,FALSE,FALSE
sco_rat,borer,C,den_mic,borer,-0.02221613819249527,0.11717053809521469,inconsistent,"CZ,LT",0,46,inconsistent,2,-0.24488547236783853,0.20045319598284797,2,2,1219,0,NA,FALSE,FALSE
sco_rat,borer,C,zei_gri,defoliator,-0.016113062756124046,0.03191887314071898,inconsistent,"CZ,DE",0,184,inconsistent,2,-0.17919774174202865,0.007184748527576616,8,42,1219,0,NA,FALSE,FALSE
sco_rat,borer,C,CambXyl_con&BB_con&BO,borer,NA,NA,insufficient data,NA,17.391304347826086,0,insufficient data,0,NA,NA,0,0,1219,212,"AT,HR",FALSE,TRUE
sco_rat,borer,C,CambXyl_con&BB_con&SM,borer,NA,NA,insufficient data,NA,0,0,insufficient data,0,NA,NA,0,0,1219,0,NA,FALSE,TRUE
sco_rat,borer,C,CambXyl_con&BO,borer,NA,NA,insufficient data,NA,1.8867924528301887,0,insufficient data,0,NA,NA,0,0,1219,23,SI,FALSE,TRUE
sco_rat,borer,C,clo_ana,defoliator,NA,NA,insufficient data,NA,1.8867924528301887,0,insufficient data,0,NA,NA,0,0,1219,23,RO,FALSE,FALSE
sco_sco,borer,B,tet_gab,borer,0.3095899257253502,0.25511847216121686,insufficient data,DE,26.585887384176765,115,insufficient data,1,0.3095899257253502,0.3095899257253502,5,15,1403,373,"AT,CZ",TRUE,FALSE
sco_sco,borer,B,tom_spp,borer,0.21053378695560196,0.16889535833593242,consistent,"DE,LT",50.81967213114754,138,inconsistent,2,0.04446577250960447,0.24374738984480146,6,26,1403,713,"AT,CZ,PL",FALSE,FALSE
sco_sco,borer,C,CambXyl_con&MD,borer,-0.41283202496390564,-0.24279978482950573,insufficient data,DE,13.114754098360656,23,insufficient data,1,-0.41283202496390564,-0.41283202496390564,1,0,1403,184,CZ,TRUE,TRUE
sco_sco,borer,C,tha_pro,defoliator,0.41222709841054606,0.4536777863646597,insufficient data,DE,0,92,insufficient data,1,0.41222709841054606,0.41222709841054606,4,18,1403,0,NA,TRUE,FALSE
sco_sco,borer,C,ips_ami,borer,0.3575384771325581,0.2127392602442819,insufficient data,DE,0,46,insufficient data,1,0.3575384771325581,0.3575384771325581,2,5,1403,0,NA,TRUE,FALSE
sco_sco,borer,C,pri_abi,defoliator,0.2963606629380736,0.17870780923668178,insufficient data,DE,13.114754098360656,92,insufficient data,1,0.2963606629380736,0.2963606629380736,4,8,1403,184,CZ,FALSE,FALSE
sco_sco,borer,C,CambXyl_con&BB_con&BO,borer,0.2817473930476846,0.21666054546763264,insufficient data,DE,15.11047754811119,23,insufficient data,1,0.2817473930476846,0.2817473930476846,1,2,1403,212,"AT,HR",TRUE,TRUE
sco_sco,borer,C,CambXyl_con&BB_con&SM,borer,-0.2676943929006886,-0.040926690131325175,insufficient data,DE,0,23,insufficient data,1,-0.2676943929006886,-0.2676943929006886,1,0,1403,0,NA,FALSE,TRUE
sco_sco,borer,C,pis_pin,borer,0.2600752836446467,0.21768312361485562,inconsistent,"DE,LT",0,115,inconsistent,2,0.009956881286391975,0.32260488423421046,5,23,1403,0,NA,TRUE,FALSE
sco_sco,borer,C,agr_big,borer,0.25211305451952576,0.21537128893488156,insufficient data,DE,24.233784746970777,115,insufficient data,1,0.25211305451952576,0.25211305451952576,5,24,1403,340,PL,TRUE,FALSE
sco_sco,borer,C,ope_spp,defoliator,0.2514751074719057,0.2359162901879531,insufficient data,DE,0,92,insufficient data,1,0.2514751074719057,0.2514751074719057,4,9,1403,0,NA,TRUE,FALSE
sco_sco,borer,C,pit_spp,borer,-0.24660806558417117,-0.2580021481343389,insufficient data,DE,29.864575908766927,23,insufficient data,1,-0.24660806558417117,-0.24660806558417117,1,2,1403,419,"AT,CZ,HR,SI",TRUE,FALSE
sco_sco,borer,C,neo_ser,defoliator,0.24111443417023712,-0.03478201868503957,insufficient data,DE,14.397719173200285,46,insufficient data,1,0.24111443417023712,0.24111443417023712,2,3,1403,202,"BG,CZ",FALSE,FALSE
sco_sco,borer,C,sap_car,borer,-0.2247083218876505,NA,insufficient data,DE,0,23,insufficient data,1,-0.2247083218876505,-0.2247083218876505,1,0,1403,0,NA,FALSE,FALSE
sco_sco,borer,C,pit_bid,borer,0.2080301339631069,0.18863090471231328,insufficient data,DE,0,92,insufficient data,1,0.2080301339631069,0.2080301339631069,4,18,1403,0,NA,FALSE,FALSE
sco_sco,borer,C,xyl_lin,borer,0.20069455823759416,0.19237268515923875,insufficient data,DE,0,115,insufficient data,1,0.20069455823759416,0.20069455823759416,5,25,1403,0,NA,FALSE,FALSE
sco_sco,borer,C,lym_mon,defoliator,0.18368714760379748,0.14550538080905925,inconsistent,"DE,LT",37.34853884533143,92,consistent,2,-0.12889379460625022,0.2878807950071467,4,16,1403,524,"CZ,PL",FALSE,FALSE
sco_sco,borer,C,ips_sex,borer,0.18170088989717512,0.20637898090517215,insufficient data,DE,14.397719173200285,92,insufficient data,1,0.18170088989717512,0.18170088989717512,4,22,1403,202,"BG,CZ",TRUE,FALSE
sco_sco,borer,C,CambXyl_con&BO,borer,-0.18168488756377726,0.18625486497746074,insufficient data,DE,1.639344262295082,23,insufficient data,1,-0.18168488756377726,-0.18168488756377726,1,0,1403,23,SI,FALSE,TRUE
sco_sco,borer,C,lym_dis,defoliator,0.15718529002986967,0.13806666933448272,inconsistent,"DE,LT",35.994297933000716,115,inconsistent,2,-0.13804713062760607,0.23099339519423862,5,9,1403,505,"AT,BG,CZ,HR,HU,RO,RS,SK",FALSE,FALSE
sco_sco,borer,C,den_pin,defoliator,0.15484514219113038,0.08069243278755518,inconsistent,"DE,LT",24.233784746970777,92,inconsistent,2,-0.10889219035958807,0.24275758637470324,4,14,1403,340,PL,FALSE,FALSE
sco_sco,borer,C,xyl_spp,borer,0.14706445812982097,0.13170444478287668,insufficient data,DE,0,115,insufficient data,1,0.14706445812982097,0.14706445812982097,5,23,1403,0,NA,FALSE,FALSE
sco_sco,borer,C,zei_gri,defoliator,0.14029028071059302,-0.024871872632628987,insufficient data,DE,13.114754098360656,23,insufficient data,1,0.14029028071059302,0.14029028071059302,1,1,1403,184,CZ,FALSE,FALSE
sco_sco,borer,C,pol_pol,borer,0.1292409422107587,-0.017362066542345928,insufficient data,LT,13.114754098360656,23,insufficient data,1,0.1292409422107587,0.1292409422107587,1,1,1403,184,CZ,FALSE,FALSE
sco_sco,borer,C,era_def,defoliator,0.12399104923770464,-0.022993526697016004,insufficient data,DE,0,92,insufficient data,1,0.12399104923770464,0.12399104923770464,4,12,1403,0,NA,FALSE,FALSE
sco_sco,borer,C,geo_db,defoliator,-0.11860037420234268,-0.06422580343248316,consistent,"DE,LT",28.79543834640057,92,consistent,2,-0.12082409869049812,-0.11192920073787645,4,3,1403,404,"BG,HR,PL,RO",FALSE,FALSE
sco_sco,borer,C,tor_vir,defoliator,0.11652897175300349,0.021217224657640102,inconsistent,"DE,LT",27.512473271560943,138,inconsistent,2,-0.2488243755582519,0.18959964121525458,6,19,1403,386,"BG,PL,RO",FALSE,FALSE
sco_sco,borer,C,bup_pin,defoliator,0.11569773106173332,-0.06079191358226157,insufficient data,DE,24.233784746970777,69,insufficient data,1,0.11569773106173332,0.11569773106173332,3,13,1403,340,PL,FALSE,FALSE
sco_sco,borer,C,tha_pit,defoliator,-0.10807205026320002,0.010499821776314422,insufficient data,DE,2.9223093371347115,23,insufficient data,1,-0.10807205026320002,-0.10807205026320002,1,5,1403,41,"BG,HR",FALSE,FALSE
sco_sco,borer,C,mel_spp,defoliator,-0.10135336539474932,-0.18673306760685351,insufficient data,DE,24.233784746970777,92,insufficient data,1,-0.10135336539474932,-0.10135336539474932,4,5,1403,340,PL,FALSE,FALSE
sco_sco,borer,C,Def_dec,defoliator,-0.09494059709301478,0.03541375850492393,insufficient data,DE,0,23,insufficient data,1,-0.09494059709301478,-0.09494059709301478,1,0,1403,0,NA,FALSE,TRUE
sco_sco,borer,C,den_mic,borer,-0.09456034591249297,-0.1528663043805217,consistent,"DE,LT",13.114754098360656,46,consistent,2,-0.11080092043032796,-0.07831977139465801,2,0,1403,184,CZ,FALSE,FALSE
sco_sco,borer,C,ips_cem,borer,0.09250077641770556,0.16807574733272307,insufficient data,DE,0,115,insufficient data,1,0.09250077641770556,0.09250077641770556,5,25,1403,0,NA,FALSE,FALSE
sco_sco,borer,C,uro_sir_spp,borer,-0.07954659008666243,-0.1292880184994271,insufficient data,DE,0,69,insufficient data,1,-0.07954659008666243,-0.07954659008666243,3,0,1403,0,NA,FALSE,FALSE
sco_sco,borer,C,pit_cha,borer,0.06076952557841103,0.07125533999070773,consistent,"DE,LT",18.317890235210264,138,inconsistent,2,0.022283548208416694,0.0684667210524099,6,27,1403,257,"AT,IT,SI,SK",FALSE,FALSE
sco_sco,borer,C,sco_int,borer,0.05727300257621063,0.08068081140395024,insufficient data,DE,13.114754098360656,115,insufficient data,1,0.05727300257621063,0.05727300257621063,5,16,1403,184,CZ,FALSE,FALSE
sco_sco,borer,C,sco_rat,borer,0.046619093233399515,0.1170163668093828,inconsistent,"DE,LT",13.114754098360656,92,inconsistent,2,-0.13542143273249166,0.10729926855536324,4,16,1403,184,CZ,FALSE,FALSE
sco_sco,borer,C,pha_cya,borer,0.03647298611798391,0.05661862269707645,inconsistent,"DE,LT",50.81967213114754,138,inconsistent,2,-0.0928464045590703,0.06233686425339475,6,24,1403,713,"AT,CZ,PL",FALSE,FALSE
sco_sco,borer,C,pan_fla,defoliator,0.03204202659778427,-0.03883144552463266,inconsistent,"DE,LT",37.34853884533143,92,consistent,2,-0.08014756121741497,0.06943855586951736,4,7,1403,524,"CZ,PL",FALSE,FALSE
sco_sco,borer,C,ips_typ,borer,-0.03032269583950967,0.037026632219952796,consistent,"DE,LT",79.82893799002139,138,inconsistent,2,-0.17091183995147077,-0.0022048670171174525,6,27,1403,1120,"AT,BG,CH,CZ,FI,HR,HU,IT,PL,RO,RS,SE,SI,SK",FALSE,FALSE
sco_sco,borer,C,Def_dec&DB,defoliator,0.017143124488312525,0.13646300587610935,insufficient data,DE,26.585887384176765,69,insufficient data,1,0.017143124488312525,0.017143124488312525,3,4,1403,373,"AT,CZ",FALSE,TRUE
sco_sco,borer,C,agr_vir,borer,0.009041036574031498,0.07740053606862904,insufficient data,DE,0,92,insufficient data,1,0.009041036574031498,0.009041036574031498,4,5,1403,0,NA,FALSE,FALSE
sco_sco,borer,C,tet_spp,borer,-0.00807703286241614,0.029137784623419004,insufficient data,DE,0,92,insufficient data,1,-0.00807703286241614,-0.00807703286241614,4,6,1403,0,NA,FALSE,FALSE
sco_sco,borer,C,dip_sp,defoliator,-0.006217285596628248,-0.005872062433059229,inconsistent,"DE,LT",37.704918032786885,115,inconsistent,2,-0.07934223745398733,0.012063952367711522,5,16,1403,529,"AT,PL",FALSE,FALSE
sco_sco,borer,C,ips_acu,borer,3.8587904247209203e-4,-0.0013366180045702978,inconsistent,"DE,LT",40.19957234497505,115,inconsistent,2,-0.5289940261531664,0.1327308553413817,5,16,1403,564,"BG,CZ,PL,SK",FALSE,FALSE
sco_sco,borer,C,cep_spp,defoliator,NA,NA,insufficient data,NA,13.114754098360656,0,insufficient data,0,NA,NA,0,0,1403,184,CZ,FALSE,FALSE
sco_sco,borer,C,clo_ana,defoliator,NA,NA,insufficient data,NA,1.639344262295082,0,insufficient data,0,NA,NA,0,0,1403,23,RO,FALSE,FALSE
sco_sco,borer,C,ips_dup,borer,NA,NA,insufficient data,NA,16.17961511047755,0,insufficient data,0,NA,NA,0,0,1403,227,"CZ,RO,SK",FALSE,FALSE
tet_gab,borer,B,pis_pin,borer,0.44438769006133133,0.36558775003755684,insufficient data,DE,2.184235517568851,138,insufficient data,1,0.44438769006133133,0.44438769006133133,6,28,1053,23,LT,TRUE,FALSE
tet_gab,borer,B,bup_pin,defoliator,0.3561664914978123,0.33484218875824695,insufficient data,DE,32.288698955365625,138,insufficient data,1,0.3561664914978123,0.3561664914978123,6,27,1053,340,PL,TRUE,FALSE
tet_gab,borer,B,sco_sco,borer,0.3095899257253502,0.25511847216121686,insufficient data,DE,2.184235517568851,115,insufficient data,1,0.3095899257253502,0.3095899257253502,5,15,1053,23,LT,TRUE,FALSE
tet_gab,borer,B,pit_cha,borer,0.2113280107582787,0.18652214016803562,consistent,"AT,DE",8.641975308641975,333,consistent,2,0.15255453540735367,0.24694829884974845,15,159,1053,91,"IT,LT,SI,SK",FALSE,FALSE
tet_gab,borer,C,CambXyl_con&BB_con&SM,borer,-0.41562211067990973,-0.1919251605479994,insufficient data,DE,0,46,insufficient data,1,-0.41562211067990973,-0.41562211067990973,2,13,1053,0,NA,FALSE,TRUE
tet_gab,borer,C,ips_cem,borer,0.40139010006928144,0.3835359345646558,insufficient data,DE,0,207,insufficient data,1,0.40139010006928144,0.40139010006928144,9,87,1053,0,NA,TRUE,FALSE
tet_gab,borer,C,sap_car,borer,0.3376767787549809,NA,insufficient data,DE,0,23,insufficient data,1,0.3376767787549809,0.3376767787549809,1,1,1053,0,NA,FALSE,FALSE
tet_gab,borer,C,ips_dup,borer,-0.31806627958700223,-0.029419079372568845,insufficient data,CZ,4.083570750237417,46,insufficient data,1,-0.31806627958700223,-0.31806627958700223,2,4,1053,43,"RO,SK",FALSE,FALSE
tet_gab,borer,C,tet_spp,borer,0.3150905519496324,0.3266389339965026,insufficient data,DE,0,161,insufficient data,1,0.3150905519496324,0.3150905519496324,7,63,1053,0,NA,TRUE,FALSE
tet_gab,borer,C,cep_spp,defoliator,0.30764492106557895,0.016658869560927415,insufficient data,CZ,0,46,insufficient data,1,0.30764492106557895,0.30764492106557895,2,4,1053,0,NA,FALSE,FALSE
tet_gab,borer,C,pit_bid,borer,0.2958822072737022,0.19646259945531436,insufficient data,DE,0,92,insufficient data,1,0.2958822072737022,0.2958822072737022,4,19,1053,0,NA,FALSE,FALSE
tet_gab,borer,C,CambXyl_con&MD,borer,-0.28844313453319853,-0.14771344610169493,inconsistent,"CZ,DE",0,69,inconsistent,2,-0.6303115469932534,-0.11750892830317107,3,15,1053,0,NA,FALSE,TRUE
tet_gab,borer,C,agr_big,borer,0.28818159823377065,0.21238532432616866,insufficient data,DE,32.288698955365625,207,insufficient data,1,0.28818159823377065,0.28818159823377065,9,68,1053,340,PL,TRUE,FALSE
tet_gab,borer,C,ips_ami,borer,0.2830422997424196,0.23988872902070202,insufficient data,DE,0,46,insufficient data,1,0.2830422997424196,0.2830422997424196,2,4,1053,0,NA,TRUE,FALSE
tet_gab,borer,C,uro_sir_spp,borer,0.2801228012842594,0.20371872836363283,insufficient data,DE,0,92,insufficient data,1,0.2801228012842594,0.2801228012842594,4,12,1053,0,NA,TRUE,FALSE
tet_gab,borer,C,tha_pit,defoliator,-0.2561056600274978,-0.18404147856819722,insufficient data,DE,3.89363722697056,23,insufficient data,1,-0.2561056600274978,-0.2561056600274978,1,3,1053,41,"BG,HR",FALSE,FALSE
tet_gab,borer,C,pol_pol,borer,-0.2513555305339332,-0.24968008274338999,insufficient data,CZ,2.184235517568851,46,insufficient data,1,-0.2513555305339332,-0.2513555305339332,2,4,1053,23,LT,TRUE,FALSE
tet_gab,borer,C,ips_acu,borer,0.22997599810460187,0.2111296107518824,inconsistent,"CZ,DE",38.27160493827161,184,inconsistent,2,-0.1525794760664408,0.35749448949494933,8,25,1053,403,"BG,LT,PL,SK",TRUE,FALSE
tet_gab,borer,C,den_mic,borer,0.22979319190479602,0.15851258491898337,insufficient data,DE,2.184235517568851,23,insufficient data,1,0.22979319190479602,0.22979319190479602,1,1,1053,23,LT,FALSE,FALSE
tet_gab,borer,C,pri_abi,defoliator,0.22921920994177877,0.13403070552476481,inconsistent,"CZ,DE",0,184,consistent,2,0.1538578081837643,0.4553034152158222,8,18,1053,0,NA,FALSE,FALSE
tet_gab,borer,C,xyl_spp,borer,0.2255819374076223,0.17872756624794736,insufficient data,DE,0,207,insufficient data,1,0.2255819374076223,0.2255819374076223,9,42,1053,0,NA,FALSE,FALSE
tet_gab,borer,C,agr_vir,borer,0.20557875517291666,0.21108040226121846,insufficient data,DE,0,161,insufficient data,1,0.20557875517291666,0.20557875517291666,7,29,1053,0,NA,TRUE,FALSE
tet_gab,borer,C,ips_typ,borer,0.1897234436180047,0.17379154966742916,inconsistent,"AT,CZ,DE",73.1244064577398,379,inconsistent,3,-0.2915528252529193,0.30490137315810223,17,167,1053,770,"BG,CH,FI,HR,HU,IT,LT,PL,RO,RS,SE,SI,SK",FALSE,FALSE
tet_gab,borer,C,zei_gri,defoliator,-0.17663183388472267,-0.19052989955152616,consistent,"CZ,DE",0,69,consistent,2,-0.18621033320131222,-0.1718425842264279,3,2,1053,0,NA,FALSE,FALSE
tet_gab,borer,C,tor_vir,defoliator,0.17243209484278207,0.1394379973224593,insufficient data,DE,38.84140550807218,184,insufficient data,1,0.17243209484278207,0.17243209484278207,8,27,1053,409,"BG,LT,PL,RO",FALSE,FALSE
tet_gab,borer,C,ips_sex,borer,0.16917015453721057,0.1460729836051633,inconsistent,"CZ,DE",1.7094017094017093,207,inconsistent,2,-0.24078095898534838,0.28629904411508456,9,31,1053,18,BG,FALSE,FALSE
tet_gab,borer,C,xyl_lin,borer,0.16409591346371794,0.1383666669189238,insufficient data,DE,0,184,insufficient data,1,0.16409591346371794,0.16409591346371794,8,48,1053,0,NA,FALSE,FALSE
tet_gab,borer,C,mel_spp,defoliator,0.15704488950845902,0.07208001603343017,insufficient data,DE,32.288698955365625,184,insufficient data,1,0.15704488950845902,0.15704488950845902,8,60,1053,340,PL,FALSE,FALSE
tet_gab,borer,C,CambXyl_con&BO,borer,-0.15084846095658896,-0.059278012036528084,insufficient data,DE,2.184235517568851,46,insufficient data,1,-0.15084846095658896,-0.15084846095658896,2,10,1053,23,SI,FALSE,TRUE
tet_gab,borer,C,pha_cya,borer,0.14516863960167734,0.1349720319302355,inconsistent,"AT,CZ,DE",34.472934472934476,358,inconsistent,3,-0.30538490778327454,0.3157295407397057,16,133,1053,363,"LT,PL",FALSE,FALSE
tet_gab,borer,C,sco_int,borer,0.14150656647921508,0.17903129403566262,inconsistent,"CZ,DE",0,207,inconsistent,2,-0.2850565215789142,0.26338173449582347,9,35,1053,0,NA,FALSE,FALSE
tet_gab,borer,C,tom_spp,borer,0.11816863378427862,0.07170321934654918,inconsistent,"AT,CZ,DE",34.472934472934476,358,inconsistent,3,-0.16594359500699238,0.2417289760902326,16,155,1053,363,"LT,PL",FALSE,FALSE
tet_gab,borer,C,ope_spp,defoliator,0.11395038540058705,0.08545250239417934,insufficient data,DE,0,161,insufficient data,1,0.11395038540058705,0.11395038540058705,7,12,1053,0,NA,FALSE,FALSE
tet_gab,borer,C,pan_fla,defoliator,0.10717903070164547,-0.020538312419550772,inconsistent,"CZ,DE",34.472934472934476,115,inconsistent,2,-0.06314693216676635,0.1497605214187484,5,9,1053,363,"LT,PL",FALSE,FALSE
tet_gab,borer,C,tha_pro,defoliator,0.1037199841903357,0.21292318492112183,insufficient data,DE,0,184,insufficient data,1,0.1037199841903357,0.1037199841903357,8,61,1053,0,NA,TRUE,FALSE
tet_gab,borer,C,pit_spp,borer,0.09343213981213513,-0.02191826175743695,inconsistent,"AT,CZ,DE",4.368471035137702,220,inconsistent,3,-0.3171026983392907,0.2141055710114086,10,109,1053,46,"HR,SI",FALSE,FALSE
tet_gab,borer,C,geo_db,defoliator,-0.0767731636572564,0.01871090419597836,insufficient data,DE,40.55080721747388,115,insufficient data,1,-0.0767731636572564,-0.0767731636572564,5,10,1053,427,"BG,HR,LT,PL,RO",FALSE,FALSE
tet_gab,borer,C,CambXyl_con&BB_con&BO,borer,0.07339287631937812,0.10686101647611351,consistent,"AT,DE",2.184235517568851,174,consistent,2,0.03880199815919929,0.12580329777419452,8,94,1053,23,HR,FALSE,TRUE
tet_gab,borer,C,era_def,defoliator,0.07327966378548946,0.04630570110810024,insufficient data,DE,0,207,insufficient data,1,0.07327966378548946,0.07327966378548946,9,15,1053,0,NA,FALSE,FALSE
tet_gab,borer,C,lym_dis,defoliator,0.0640905097595749,0.02004215970228129,inconsistent,"AT,CZ,DE",14.719848053181387,312,inconsistent,3,-0.12158789097747172,0.15959653439612054,14,74,1053,155,"BG,HR,HU,LT,RO,RS,SK",FALSE,FALSE
tet_gab,borer,C,sco_rat,borer,0.05771493817705466,0.11291888348234914,inconsistent,"CZ,DE",2.184235517568851,115,inconsistent,2,-0.16733625920908335,0.20774906976781335,5,18,1053,23,LT,FALSE,FALSE
tet_gab,borer,C,Def_dec,defoliator,-0.05760786018903338,0.012613023247094502,insufficient data,DE,0,46,insufficient data,1,-0.05760786018903338,-0.05760786018903338,2,1,1053,0,NA,FALSE,TRUE
tet_gab,borer,C,Def_dec&DB,defoliator,0.05257446473063327,0.022425458103824875,inconsistent,"AT,CZ,DE",0,312,inconsistent,3,-0.054484817931396264,0.2545258147361116,14,101,1053,0,NA,FALSE,TRUE
tet_gab,borer,C,dip_sp,defoliator,0.03203975641790537,0.001293955536899007,inconsistent,"AT,DE",34.472934472934476,245,inconsistent,2,-0.15923583954535134,0.13140370237284393,11,58,1053,363,"LT,PL",FALSE,FALSE
tet_gab,borer,C,neo_ser,defoliator,-0.010692954811966159,-0.3062052557980981,inconsistent,"CZ,DE",1.7094017094017093,69,inconsistent,2,-0.06314693216676635,0.01553403386543394,3,6,1053,18,BG,TRUE,FALSE
tet_gab,borer,C,den_pin,defoliator,0.007299186530976299,0.013837522496242184,insufficient data,DE,34.472934472934476,115,insufficient data,1,0.007299186530976299,0.007299186530976299,5,10,1053,363,"LT,PL",FALSE,FALSE
tet_gab,borer,C,lym_mon,defoliator,0.002082855323614126,-0.05380965561185268,inconsistent,"CZ,DE",34.472934472934476,207,inconsistent,2,-0.01967241297124206,0.008298646265001607,9,18,1053,363,"LT,PL",FALSE,FALSE
tet_gab,borer,C,clo_ana,defoliator,NA,NA,insufficient data,NA,2.184235517568851,0,insufficient data,0,NA,NA,0,0,1053,23,RO,FALSE,FALSE
tet_spp,borer,B,mel_spp,defoliator,0.3689755364368466,0.3412585056020712,insufficient data,DE,23.842917251051894,161,insufficient data,1,0.3689755364368466,0.3689755364368466,7,56,1426,340,PL,TRUE,FALSE
tet_spp,borer,B,pis_pin,borer,0.32143307968465457,0.14635955931246933,insufficient data,DE,1.6129032258064515,92,insufficient data,1,0.32143307968465457,0.32143307968465457,4,12,1426,23,LT,FALSE,FALSE
tet_spp,borer,B,tet_gab,borer,0.3150905519496324,0.3266389339965026,insufficient data,DE,26.157082748948106,161,insufficient data,1,0.3150905519496324,0.3150905519496324,7,63,1426,373,"AT,CZ",TRUE,FALSE
tet_spp,borer,C,pan_fla,defoliator,0.44632066952455196,0.3076786350071905,insufficient data,DE,38.35904628330996,92,insufficient data,1,0.44632066952455196,0.44632066952455196,4,9,1426,547,"CZ,LT,PL",TRUE,FALSE
tet_spp,borer,C,den_mic,borer,0.3388119209471302,0.19054847186370905,insufficient data,DE,14.516129032258064,23,insufficient data,1,0.3388119209471302,0.3388119209471302,1,1,1426,207,"CZ,LT",FALSE,FALSE
tet_spp,borer,C,CambXyl_con&MD,borer,-0.3141758054767339,-0.18896837048641504,insufficient data,DE,12.903225806451612,23,insufficient data,1,-0.3141758054767339,-0.3141758054767339,1,12,1426,184,CZ,FALSE,TRUE
tet_spp,borer,C,sco_rat,borer,-0.31027070725386074,-0.1383979333348233,insufficient data,DE,14.516129032258064,46,insufficient data,1,-0.31027070725386074,-0.31027070725386074,2,2,1426,207,"CZ,LT",FALSE,FALSE
tet_spp,borer,C,ips_cem,borer,0.30918644201167683,0.30296130331186344,insufficient data,DE,0,184,insufficient data,1,0.30918644201167683,0.30918644201167683,8,73,1426,0,NA,TRUE,FALSE
tet_spp,borer,C,lym_mon,defoliator,0.2933750115784773,0.28843329668697226,insufficient data,DE,38.35904628330996,115,insufficient data,1,0.2933750115784773,0.2933750115784773,5,11,1426,547,"CZ,LT,PL",TRUE,FALSE
tet_spp,borer,C,uro_sir_spp,borer,0.2422829636267983,0.27687406357615607,insufficient data,DE,0,92,insufficient data,1,0.2422829636267983,0.2422829636267983,4,11,1426,0,NA,TRUE,FALSE
tet_spp,borer,C,Def_dec,defoliator,-0.20132639388006474,-0.13661500617491146,insufficient data,DE,0,46,insufficient data,1,-0.20132639388006474,-0.20132639388006474,2,0,1426,0,NA,FALSE,TRUE
tet_spp,borer,C,CambXyl_con&BB_con&BO,borer,0.1939588055413299,0.22738081723628253,insufficient data,DE,14.866760168302946,69,insufficient data,1,0.1939588055413299,0.1939588055413299,3,21,1426,212,"AT,HR",TRUE,TRUE
tet_spp,borer,C,tha_pit,defoliator,-0.19185599655687058,-0.1867735940426178,insufficient data,DE,2.8751753155680224,23,insufficient data,1,-0.19185599655687058,-0.19185599655687058,1,1,1426,41,"BG,HR",FALSE,FALSE
tet_spp,borer,C,geo_db,defoliator,-0.18460802428708342,-0.18216924236613297,insufficient data,DE,29.94389901823282,115,insufficient data,1,-0.18460802428708342,-0.18460802428708342,5,3,1426,427,"BG,HR,LT,PL,RO",FALSE,FALSE
tet_spp,borer,C,bup_pin,defoliator,0.18382826153365703,0.06397185973672523,insufficient data,DE,23.842917251051894,115,insufficient data,1,0.18382826153365703,0.18382826153365703,5,14,1426,340,PL,FALSE,FALSE
tet_spp,borer,C,pit_spp,borer,0.1830318375862749,0.14733140026291386,insufficient data,DE,29.38288920056101,92,insufficient data,1,0.1830318375862749,0.1830318375862749,4,37,1426,419,"AT,CZ,HR,SI",FALSE,FALSE
tet_spp,borer,C,tom_spp,borer,0.17514842267223155,0.13087622947129934,insufficient data,DE,51.61290322580645,184,insufficient data,1,0.17514842267223155,0.17514842267223155,8,59,1426,736,"AT,CZ,LT,PL",FALSE,FALSE
tet_spp,borer,C,neo_ser,defoliator,-0.17030598012606962,-0.5326589141982495,insufficient data,DE,14.165497896213184,23,insufficient data,1,-0.17030598012606962,-0.17030598012606962,1,0,1426,202,"BG,CZ",TRUE,FALSE
tet_spp,borer,C,lym_dis,defoliator,0.16804547214768528,0.12691240205129597,insufficient data,DE,37.02664796633941,161,insufficient data,1,0.16804547214768528,0.16804547214768528,7,38,1426,528,"AT,BG,CZ,HR,HU,LT,RO,RS,SK",FALSE,FALSE
tet_spp,borer,C,sco_int,borer,-0.1633641873350131,-0.09490380821594556,insufficient data,DE,12.903225806451612,138,insufficient data,1,-0.1633641873350131,-0.1633641873350131,6,17,1426,184,CZ,FALSE,FALSE
tet_spp,borer,C,Def_dec&DB,defoliator,0.15548884580632624,0.15034808460237473,insufficient data,DE,26.157082748948106,138,insufficient data,1,0.15548884580632624,0.15548884580632624,6,45,1426,373,"AT,CZ",FALSE,TRUE
tet_spp,borer,C,ips_typ,borer,0.1518982847509325,0.11702441050878785,insufficient data,DE,80.15427769985975,184,insufficient data,1,0.1518982847509325,0.1518982847509325,8,72,1426,1143,"AT,BG,CH,CZ,FI,HR,HU,IT,LT,PL,RO,RS,SE,SI,SK",FALSE,FALSE
tet_spp,borer,C,pha_cya,borer,0.145875328322962,0.14831917216743132,insufficient data,DE,51.61290322580645,184,insufficient data,1,0.145875328322962,0.145875328322962,8,59,1426,736,"AT,CZ,LT,PL",FALSE,FALSE
tet_spp,borer,C,pit_cha,borer,0.14433685344952601,0.0751785597562354,insufficient data,DE,19.635343618513325,184,insufficient data,1,0.14433685344952601,0.14433685344952601,8,68,1426,280,"AT,IT,LT,SI,SK",FALSE,FALSE
tet_spp,borer,C,CambXyl_con&BB_con&SM,borer,-0.13533920230271942,-0.018434528880432594,insufficient data,DE,0,46,insufficient data,1,-0.13533920230271942,-0.13533920230271942,2,14,1426,0,NA,FALSE,TRUE
tet_spp,borer,C,tha_pro,defoliator,0.12307832134195376,0.23510667788400366,insufficient data,DE,0,161,insufficient data,1,0.12307832134195376,0.12307832134195376,7,56,1426,0,NA,TRUE,FALSE
tet_spp,borer,C,ips_ami,borer,-0.11020898297785141,-0.21061735721164362,insufficient data,DE,0,46,insufficient data,1,-0.11020898297785141,-0.11020898297785141,2,3,1426,0,NA,TRUE,FALSE
tet_spp,borer,C,dip_sp,defoliator,0.10697811275640033,0.06135958332854461,insufficient data,DE,38.70967741935484,138,insufficient data,1,0.10697811275640033,0.10697811275640033,6,12,1426,552,"AT,LT,PL",FALSE,FALSE
tet_spp,borer,C,zei_gri,defoliator,-0.09766853508096923,-0.05460698777143614,insufficient data,DE,12.903225806451612,23,insufficient data,1,-0.09766853508096923,-0.09766853508096923,1,0,1426,184,CZ,FALSE,FALSE
tet_spp,borer,C,ips_sex,borer,0.09239498025767841,0.049582453292420225,insufficient data,DE,14.165497896213184,115,insufficient data,1,0.09239498025767841,0.09239498025767841,5,11,1426,202,"BG,CZ",FALSE,FALSE
tet_spp,borer,C,xyl_lin,borer,0.08659942607938206,0.053712320136518124,insufficient data,DE,0,161,insufficient data,1,0.08659942607938206,0.08659942607938206,7,37,1426,0,NA,FALSE,FALSE
tet_spp,borer,C,era_def,defoliator,0.08333227306625438,0.07688123000402323,insufficient data,DE,0,161,insufficient data,1,0.08333227306625438,0.08333227306625438,7,11,1426,0,NA,FALSE,FALSE
tet_spp,borer,C,agr_vir,borer,0.08333191916871574,0.13694253089971328,insufficient data,DE,0,161,insufficient data,1,0.08333191916871574,0.08333191916871574,7,28,1426,0,NA,FALSE,FALSE
tet_spp,borer,C,sap_car,borer,-0.07479526688260059,NA,insufficient data,DE,0,23,insufficient data,1,-0.07479526688260059,-0.07479526688260059,1,0,1426,0,NA,FALSE,FALSE
tet_spp,borer,C,CambXyl_con&BO,borer,-0.06629566544783358,-0.07509168504343637,insufficient data,DE,1.6129032258064515,46,insufficient data,1,-0.06629566544783358,-0.06629566544783358,2,10,1426,23,SI,FALSE,TRUE
tet_spp,borer,C,agr_big,borer,0.061878490187534836,0.06837982010067832,insufficient data,DE,23.842917251051894,184,insufficient data,1,0.061878490187534836,0.061878490187534836,8,57,1426,340,PL,FALSE,FALSE
tet_spp,borer,C,pri_abi,defoliator,0.04941210102977778,-0.012974650546011945,insufficient data,DE,12.903225806451612,115,insufficient data,1,0.04941210102977778,0.04941210102977778,5,6,1426,184,CZ,FALSE,FALSE
tet_spp,borer,C,ips_acu,borer,0.03620360375343028,0.02391310469147132,insufficient data,DE,41.164095371669006,115,insufficient data,1,0.03620360375343028,0.03620360375343028,5,6,1426,587,"BG,CZ,LT,PL,SK",FALSE,FALSE
tet_spp,borer,C,ope_spp,defoliator,0.03576993202787229,0.10755001729971671,insufficient data,DE,0,138,insufficient data,1,0.03576993202787229,0.03576993202787229,6,9,1426,0,NA,FALSE,FALSE
tet_spp,borer,C,den_pin,defoliator,0.017661322080644484,-0.005961082906469549,insufficient data,DE,25.455820476858346,46,insufficient data,1,0.017661322080644484,0.017661322080644484,2,3,1426,363,"LT,PL",FALSE,FALSE
tet_spp,borer,C,xyl_spp,borer,0.016823916076906423,-0.005778130158244033,insufficient data,DE,0,184,insufficient data,1,0.016823916076906423,0.016823916076906423,8,27,1426,0,NA,FALSE,FALSE
tet_spp,borer,C,tor_vir,defoliator,0.01577170983108481,0.03429696466801749,insufficient data,DE,28.68162692847125,161,insufficient data,1,0.01577170983108481,0.01577170983108481,7,13,1426,409,"BG,LT,PL,RO",FALSE,FALSE
tet_spp,borer,C,sco_sco,borer,-0.00807703286241614,0.029137784623419004,insufficient data,DE,1.6129032258064515,92,insufficient data,1,-0.00807703286241614,-0.00807703286241614,4,6,1426,23,LT,FALSE,FALSE
tet_spp,borer,C,pit_bid,borer,-0.006668287204101228,-0.08713933816710205,insufficient data,DE,0,69,insufficient data,1,-0.006668287204101228,-0.006668287204101228,3,4,1426,0,NA,FALSE,FALSE
tet_spp,borer,C,cep_spp,defoliator,NA,NA,insufficient data,NA,12.903225806451612,0,insufficient data,0,NA,NA,0,0,1426,184,CZ,FALSE,FALSE
tet_spp,borer,C,clo_ana,defoliator,NA,NA,insufficient data,NA,1.6129032258064515,0,insufficient data,0,NA,NA,0,0,1426,23,RO,FALSE,FALSE
tet_spp,borer,C,ips_dup,borer,NA,NA,insufficient data,NA,15.918653576437588,0,insufficient data,0,NA,NA,0,0,1426,227,"CZ,RO,SK",FALSE,FALSE
tet_spp,borer,C,pol_pol,borer,NA,NA,insufficient data,NA,14.516129032258064,0,insufficient data,0,NA,NA,0,0,1426,207,"CZ,LT",FALSE,FALSE
tha_pit,defoliator,A,ips_acu,borer,0.3570891304862017,0.3341546790992371,consistent,"BG,DE",41.08303249097473,41,inconsistent,2,0.3423989055417726,0.3684406679432606,2,25,1385,569,"CZ,LT,PL,SK",TRUE,FALSE
tha_pit,defoliator,C,xyl_lin,borer,-0.879837319677754,-0.9127185595676303,insufficient data,DE,0,23,insufficient data,1,-0.879837319677754,-0.879837319677754,1,11,1385,0,NA,TRUE,FALSE
tha_pit,defoliator,C,xyl_spp,borer,-0.6727864719718979,-0.7834635769199595,insufficient data,DE,0,23,insufficient data,1,-0.6727864719718979,-0.6727864719718979,1,10,1385,0,NA,TRUE,FALSE
tha_pit,defoliator,C,bup_pin,defoliator,-0.6439950439766439,-0.4931266980802371,insufficient data,DE,24.548736462093864,23,insufficient data,1,-0.6439950439766439,-0.6439950439766439,1,3,1385,340,PL,TRUE,FALSE
tha_pit,defoliator,C,CambXyl_con&BB_con&BO,borer,-0.6217247719356802,-0.769112268048811,insufficient data,HR,13.646209386281589,23,insufficient data,1,-0.6217247719356802,-0.6217247719356802,1,19,1385,189,AT,TRUE,TRUE
tha_pit,defoliator,C,era_def,defoliator,-0.5340941073139082,-0.5318911052135054,insufficient data,DE,0,23,insufficient data,1,-0.5340941073139082,-0.5340941073139082,1,3,1385,0,NA,TRUE,FALSE
tha_pit,defoliator,C,Def_dec&DB,defoliator,0.4899013852018552,0.6912907041099254,insufficient data,DE,26.931407942238266,23,insufficient data,1,0.4899013852018552,0.4899013852018552,1,6,1385,373,"AT,CZ",TRUE,TRUE
tha_pit,defoliator,C,agr_vir,borer,0.4819421532933191,0.5313339141218938,insufficient data,DE,0,23,insufficient data,1,0.4819421532933191,0.4819421532933191,1,4,1385,0,NA,TRUE,FALSE
tha_pit,defoliator,C,pan_fla,defoliator,-0.47239412810897125,-0.09790512400863446,insufficient data,DE,39.494584837545126,23,insufficient data,1,-0.47239412810897125,-0.47239412810897125,1,2,1385,547,"CZ,LT,PL",FALSE,FALSE
tha_pit,defoliator,C,den_pin,defoliator,-0.46113821271489674,-0.26897925311731113,insufficient data,DE,26.209386281588447,23,insufficient data,1,-0.46113821271489674,-0.46113821271489674,1,7,1385,363,"LT,PL",TRUE,FALSE
tha_pit,defoliator,C,lym_mon,defoliator,-0.45812713815045525,-0.2918661568914187,insufficient data,DE,39.494584837545126,23,insufficient data,1,-0.45812713815045525,-0.45812713815045525,1,6,1385,547,"CZ,LT,PL",TRUE,FALSE
tha_pit,defoliator,C,tom_spp,borer,0.42526525436470464,0.5314571340678687,insufficient data,DE,53.14079422382672,23,insufficient data,1,0.42526525436470464,0.42526525436470464,1,11,1385,736,"AT,CZ,LT,PL",TRUE,FALSE
tha_pit,defoliator,C,pit_cha,borer,0.415623705184031,0.6214259923138733,insufficient data,DE,20.216606498194945,23,insufficient data,1,0.415623705184031,0.415623705184031,1,11,1385,280,"AT,IT,LT,SI,SK",TRUE,FALSE
tha_pit,defoliator,C,pha_cya,borer,0.38795166376655693,0.6109339512084138,insufficient data,DE,53.14079422382672,23,insufficient data,1,0.38795166376655693,0.38795166376655693,1,11,1385,736,"AT,CZ,LT,PL",TRUE,FALSE
tha_pit,defoliator,C,sco_rat,borer,0.3376629381122109,0.014053567829270428,insufficient data,DE,14.945848375451263,23,insufficient data,1,0.3376629381122109,0.3376629381122109,1,9,1385,207,"CZ,LT",FALSE,FALSE
tha_pit,defoliator,C,dip_sp,defoliator,-0.31652171728521383,-0.15864719113642348,insufficient data,DE,39.855595667870034,23,insufficient data,1,-0.31652171728521383,-0.31652171728521383,1,11,1385,552,"AT,LT,PL",FALSE,FALSE
tha_pit,defoliator,C,sap_car,borer,0.30712838660682645,NA,insufficient data,DE,0,23,insufficient data,1,0.30712838660682645,0.30712838660682645,1,1,1385,0,NA,FALSE,FALSE
tha_pit,defoliator,C,mel_spp,defoliator,-0.30624404663563387,-0.17324492192190089,insufficient data,DE,24.548736462093864,23,insufficient data,1,-0.30624404663563387,-0.30624404663563387,1,2,1385,340,PL,FALSE,FALSE
tha_pit,defoliator,C,pri_abi,defoliator,-0.2726532185868306,0.19354219223891994,insufficient data,DE,13.28519855595668,23,insufficient data,1,-0.2726532185868306,-0.2726532185868306,1,0,1385,184,CZ,FALSE,FALSE
tha_pit,defoliator,C,geo_db,defoliator,0.2675037506267358,0.22369384456393768,inconsistent,"BG,DE,HR",27.870036101083034,64,consistent,3,-0.053632936971593534,0.4602467727511005,3,34,1385,386,"LT,PL,RO",TRUE,FALSE
tha_pit,defoliator,C,ips_sex,borer,0.2667011231882058,0.24433755095142537,inconsistent,"BG,DE",13.28519855595668,41,consistent,2,0.0618963517907204,0.4249593556317173,2,25,1385,184,CZ,TRUE,FALSE
tha_pit,defoliator,C,tet_gab,borer,-0.2561056600274978,-0.18404147856819722,insufficient data,DE,26.931407942238266,23,insufficient data,1,-0.2561056600274978,-0.2561056600274978,1,3,1385,373,"AT,CZ",FALSE,FALSE
tha_pit,defoliator,C,tor_vir,defoliator,-0.2553699518564751,-0.4045274785437123,inconsistent,"BG,DE",28.231046931407942,41,inconsistent,2,-0.7682396452909971,0.3664215520407706,2,9,1385,391,"BG,LT,PL,RO",TRUE,FALSE
tha_pit,defoliator,C,ips_ami,borer,-0.23975398474086962,0.005770398590368004,insufficient data,DE,0,23,insufficient data,1,-0.23975398474086962,-0.23975398474086962,1,0,1385,0,NA,FALSE,FALSE
tha_pit,defoliator,C,agr_big,borer,0.22386911130466447,0.5795668056497473,insufficient data,DE,24.548736462093864,23,insufficient data,1,0.22386911130466447,0.22386911130466447,1,10,1385,340,PL,TRUE,FALSE
tha_pit,defoliator,C,pit_bid,borer,0.20749572935287808,0.327208816305554,insufficient data,DE,0,23,insufficient data,1,0.20749572935287808,0.20749572935287808,1,7,1385,0,NA,TRUE,FALSE
tha_pit,defoliator,C,tet_spp,borer,-0.19185599655687058,-0.1867735940426178,insufficient data,DE,0,23,insufficient data,1,-0.19185599655687058,-0.19185599655687058,1,1,1385,0,NA,FALSE,FALSE
tha_pit,defoliator,C,ips_cem,borer,0.1851310882907218,0.29551961058258547,insufficient data,DE,0,23,insufficient data,1,0.1851310882907218,0.1851310882907218,1,11,1385,0,NA,TRUE,FALSE
tha_pit,defoliator,C,pis_pin,borer,-0.15133556560130884,0.002808210228680315,insufficient data,DE,1.660649819494585,23,insufficient data,1,-0.15133556560130884,-0.15133556560130884,1,8,1385,23,LT,FALSE,FALSE
tha_pit,defoliator,C,ips_typ,borer,-0.12998119933084806,-0.008173226013838585,inconsistent,"BG,DE,HR",79.5667870036101,64,inconsistent,3,-0.5156774761015955,0.4635481508056629,3,52,1385,1102,"AT,CH,CZ,FI,HU,IT,LT,PL,RO,RS,SE,SI,SK",FALSE,FALSE
tha_pit,defoliator,C,sco_sco,borer,-0.10807205026320002,0.010499821776314422,insufficient data,DE,1.660649819494585,23,insufficient data,1,-0.10807205026320002,-0.10807205026320002,1,5,1385,23,LT,FALSE,FALSE
tha_pit,defoliator,C,tha_pro,defoliator,0.1005071363815457,-0.05847596677337101,insufficient data,DE,0,23,insufficient data,1,0.1005071363815457,0.1005071363815457,1,7,1385,0,NA,FALSE,FALSE
tha_pit,defoliator,C,sco_int,borer,0.08789146246312574,0.03202068809375306,insufficient data,DE,13.28519855595668,23,insufficient data,1,0.08789146246312574,0.08789146246312574,1,10,1385,184,CZ,FALSE,FALSE
tha_pit,defoliator,C,neo_ser,defoliator,-0.07015616178597157,-0.09061769681712895,insufficient data,BG,13.28519855595668,18,insufficient data,1,-0.07015616178597157,-0.07015616178597157,1,16,1385,184,CZ,FALSE,FALSE
tha_pit,defoliator,C,pit_spp,borer,0.0395373576969938,0.2594468771441311,insufficient data,HR,28.592057761732853,23,insufficient data,1,0.0395373576969938,0.0395373576969938,1,23,1385,396,"AT,CZ,SI",TRUE,FALSE
tha_pit,defoliator,C,lym_dis,defoliator,-0.011600778087988343,0.03436866247082485,inconsistent,"BG,DE,HR",35.16245487364621,64,inconsistent,3,-0.17319928399977583,0.24194222470103663,3,31,1385,487,"AT,CZ,HU,LT,RO,RS,SK",FALSE,FALSE
tha_pit,defoliator,C,uro_sir_spp,borer,NA,NA,insufficient data,NA,0,0,insufficient data,0,NA,NA,0,0,1385,0,NA,FALSE,FALSE
tha_pit,defoliator,C,zei_gri,defoliator,NA,NA,insufficient data,NA,13.28519855595668,0,insufficient data,0,NA,NA,0,0,1385,184,CZ,FALSE,FALSE
tha_pit,defoliator,C,CambXyl_con&BB_con&SM,borer,NA,NA,insufficient data,NA,0,0,insufficient data,0,NA,NA,0,0,1385,0,NA,FALSE,TRUE
tha_pit,defoliator,C,CambXyl_con&BO,borer,NA,NA,insufficient data,NA,1.660649819494585,0,insufficient data,0,NA,NA,0,0,1385,23,SI,FALSE,TRUE
tha_pit,defoliator,C,CambXyl_con&MD,borer,NA,NA,insufficient data,NA,13.28519855595668,0,insufficient data,0,NA,NA,0,0,1385,184,CZ,FALSE,TRUE
tha_pit,defoliator,C,Def_dec,defoliator,NA,NA,insufficient data,NA,0,0,insufficient data,0,NA,NA,0,0,1385,0,NA,FALSE,TRUE
tha_pit,defoliator,C,cep_spp,defoliator,NA,NA,insufficient data,NA,13.28519855595668,0,insufficient data,0,NA,NA,0,0,1385,184,CZ,FALSE,FALSE
tha_pit,defoliator,C,clo_ana,defoliator,NA,NA,insufficient data,NA,1.660649819494585,0,insufficient data,0,NA,NA,0,0,1385,23,RO,FALSE,FALSE
tha_pit,defoliator,C,den_mic,borer,NA,NA,insufficient data,NA,14.945848375451263,0,insufficient data,0,NA,NA,0,0,1385,207,"CZ,LT",FALSE,FALSE
tha_pit,defoliator,C,ips_dup,borer,NA,NA,insufficient data,NA,16.3898916967509,0,insufficient data,0,NA,NA,0,0,1385,227,"CZ,RO,SK",FALSE,FALSE
tha_pit,defoliator,C,ope_spp,defoliator,NA,NA,insufficient data,NA,0,0,insufficient data,0,NA,NA,0,0,1385,0,NA,FALSE,FALSE
tha_pit,defoliator,C,pol_pol,borer,NA,NA,insufficient data,NA,14.945848375451263,0,insufficient data,0,NA,NA,0,0,1385,207,"CZ,LT",FALSE,FALSE
tha_pro,defoliator,B,sco_sco,borer,0.41222709841054606,0.4536777863646597,insufficient data,DE,1.6129032258064515,92,insufficient data,1,0.41222709841054606,0.41222709841054606,4,18,1426,23,LT,TRUE,FALSE
tha_pro,defoliator,C,CambXyl_con&MD,borer,0.6669559593540159,0.3831203024115438,insufficient data,DE,12.903225806451612,23,insufficient data,1,0.6669559593540159,0.6669559593540159,1,15,1426,184,CZ,TRUE,TRUE
tha_pro,defoliator,C,CambXyl_con&BB_con&SM,borer,0.3129135890893612,0.07748079672168286,insufficient data,DE,0,46,insufficient data,1,0.3129135890893612,0.3129135890893612,2,18,1426,0,NA,FALSE,TRUE
tha_pro,defoliator,C,CambXyl_con&BO,borer,0.2753810185803453,0.22252890793156002,insufficient data,DE,1.6129032258064515,46,insufficient data,1,0.2753810185803453,0.2753810185803453,2,11,1426,23,SI,TRUE,TRUE
tha_pro,defoliator,C,neo_ser,defoliator,0.2701441526624266,0.016308945166665104,insufficient data,DE,14.165497896213184,23,insufficient data,1,0.2701441526624266,0.2701441526624266,1,1,1426,202,"BG,CZ",FALSE,FALSE
tha_pro,defoliator,C,sap_car,borer,-0.24827081762145595,NA,insufficient data,DE,0,23,insufficient data,1,-0.24827081762145595,-0.24827081762145595,1,0,1426,0,NA,FALSE,FALSE
tha_pro,defoliator,C,lym_dis,defoliator,0.24772176627645368,0.19880314352412798,insufficient data,DE,37.02664796633941,184,insufficient data,1,0.24772176627645368,0.24772176627645368,8,54,1426,528,"AT,BG,CZ,HR,HU,LT,RO,RS,SK",FALSE,FALSE
tha_pro,defoliator,C,lym_mon,defoliator,0.22890753998842775,0.24872997280428036,insufficient data,DE,38.35904628330996,161,insufficient data,1,0.22890753998842775,0.22890753998842775,7,30,1426,547,"CZ,LT,PL",TRUE,FALSE
tha_pro,defoliator,C,agr_vir,borer,0.22867607226968842,0.13703163228420426,insufficient data,DE,0,184,insufficient data,1,0.22867607226968842,0.22867607226968842,8,42,1426,0,NA,FALSE,FALSE
tha_pro,defoliator,C,sco_rat,borer,0.2139351897881134,0.4074790077011401,insufficient data,DE,14.516129032258064,46,insufficient data,1,0.2139351897881134,0.2139351897881134,2,14,1426,207,"CZ,LT",TRUE,FALSE
tha_pro,defoliator,C,mel_spp,defoliator,0.16625123070372314,0.28434324741531114,insufficient data,DE,23.842917251051894,184,insufficient data,1,0.16625123070372314,0.16625123070372314,8,59,1426,340,PL,TRUE,FALSE
tha_pro,defoliator,C,pit_spp,borer,0.16531744195920015,-0.03992086242462603,insufficient data,DE,29.38288920056101,92,insufficient data,1,0.16531744195920015,0.16531744195920015,4,49,1426,419,"AT,CZ,HR,SI",FALSE,FALSE
tha_pro,defoliator,C,xyl_lin,borer,0.16507154086640408,0.25071841199144834,insufficient data,DE,0,207,insufficient data,1,0.16507154086640408,0.16507154086640408,9,72,1426,0,NA,TRUE,FALSE
tha_pro,defoliator,C,Def_dec&DB,defoliator,0.1639678493720578,0.1583152394179912,insufficient data,DE,26.157082748948106,138,insufficient data,1,0.1639678493720578,0.1639678493720578,6,47,1426,373,"AT,CZ",FALSE,TRUE
tha_pro,defoliator,C,xyl_spp,borer,0.14150837742776468,0.23067489578325434,insufficient data,DE,0,230,insufficient data,1,0.14150837742776468,0.14150837742776468,10,61,1426,0,NA,TRUE,FALSE
tha_pro,defoliator,C,ope_spp,defoliator,0.13057213234747828,0.2598300602275232,insufficient data,DE,0,184,insufficient data,1,0.13057213234747828,0.13057213234747828,8,26,1426,0,NA,TRUE,FALSE
tha_pro,defoliator,C,tor_vir,defoliator,0.1301890427870311,0.12254083854316025,insufficient data,DE,28.68162692847125,207,insufficient data,1,0.1301890427870311,0.1301890427870311,9,40,1426,409,"BG,LT,PL,RO",FALSE,FALSE
tha_pro,defoliator,C,pha_cya,borer,0.12957864961418486,0.18227771206141036,insufficient data,DE,51.61290322580645,230,insufficient data,1,0.12957864961418486,0.12957864961418486,10,95,1426,736,"AT,CZ,LT,PL",FALSE,FALSE
tha_pro,defoliator,C,den_pin,defoliator,0.1272038513434976,0.1779874224815056,insufficient data,DE,25.455820476858346,92,insufficient data,1,0.1272038513434976,0.1272038513434976,4,16,1426,363,"LT,PL",FALSE,FALSE
tha_pro,defoliator,C,sco_int,borer,0.127151222308722,0.09555896620814047,insufficient data,DE,12.903225806451612,161,insufficient data,1,0.127151222308722,0.127151222308722,7,33,1426,184,CZ,FALSE,FALSE
tha_pro,defoliator,C,tet_spp,borer,0.12307832134195376,0.23510667788400366,insufficient data,DE,0,161,insufficient data,1,0.12307832134195376,0.12307832134195376,7,56,1426,0,NA,TRUE,FALSE
tha_pro,defoliator,C,CambXyl_con&BB_con&BO,borer,0.10777719946167566,0.1332644992369107,insufficient data,DE,14.866760168302946,69,insufficient data,1,0.10777719946167566,0.10777719946167566,3,20,1426,212,"AT,HR",FALSE,TRUE
tha_pro,defoliator,C,tet_gab,borer,0.1037199841903357,0.21292318492112183,insufficient data,DE,26.157082748948106,184,insufficient data,1,0.1037199841903357,0.1037199841903357,8,61,1426,373,"AT,CZ",TRUE,FALSE
tha_pro,defoliator,C,pis_pin,borer,0.1018585202072589,0.19445663826966453,insufficient data,DE,1.6129032258064515,138,insufficient data,1,0.1018585202072589,0.1018585202072589,6,23,1426,23,LT,FALSE,FALSE
tha_pro,defoliator,C,tha_pit,defoliator,0.1005071363815457,-0.05847596677337101,insufficient data,DE,2.8751753155680224,23,insufficient data,1,0.1005071363815457,0.1005071363815457,1,7,1426,41,"BG,HR",FALSE,FALSE
tha_pro,defoliator,C,dip_sp,defoliator,-0.09162562254979881,-0.009839672896373686,insufficient data,DE,38.70967741935484,184,insufficient data,1,-0.09162562254979881,-0.09162562254979881,8,26,1426,552,"AT,LT,PL",FALSE,FALSE
tha_pro,defoliator,C,ips_cem,borer,0.08897845839668189,0.18714785168275483,insufficient data,DE,0,230,insufficient data,1,0.08897845839668189,0.08897845839668189,10,99,1426,0,NA,FALSE,FALSE
tha_pro,defoliator,C,era_def,defoliator,0.08243819006645746,0.06163455033985395,insufficient data,DE,0,230,insufficient data,1,0.08243819006645746,0.08243819006645746,10,25,1426,0,NA,FALSE,FALSE
tha_pro,defoliator,C,uro_sir_spp,borer,-0.06642399526161498,-0.191827495996131,insufficient data,DE,0,69,insufficient data,1,-0.06642399526161498,-0.06642399526161498,3,10,1426,0,NA,FALSE,FALSE
tha_pro,defoliator,C,ips_acu,borer,0.06406159707957278,0.17801854433040337,insufficient data,DE,41.164095371669006,138,insufficient data,1,0.06406159707957278,0.06406159707957278,6,19,1426,587,"BG,CZ,LT,PL,SK",FALSE,FALSE
tha_pro,defoliator,C,agr_big,borer,0.0620513058985319,0.09055792948185115,insufficient data,DE,23.842917251051894,230,insufficient data,1,0.0620513058985319,0.0620513058985319,10,87,1426,340,PL,FALSE,FALSE
tha_pro,defoliator,C,bup_pin,defoliator,0.06135750591113279,0.18293768798397453,insufficient data,DE,23.842917251051894,161,insufficient data,1,0.06135750591113279,0.06135750591113279,7,27,1426,340,PL,FALSE,FALSE
tha_pro,defoliator,C,ips_typ,borer,0.05994628894858977,0.07789167497616997,insufficient data,DE,80.15427769985975,230,insufficient data,1,0.05994628894858977,0.05994628894858977,10,96,1426,1143,"AT,BG,CH,CZ,FI,HR,HU,IT,LT,PL,RO,RS,SE,SI,SK",FALSE,FALSE
tha_pro,defoliator,C,pri_abi,defoliator,-0.05983429407536036,0.11699072932199246,insufficient data,DE,12.903225806451612,161,insufficient data,1,-0.05983429407536036,-0.05983429407536036,7,18,1426,184,CZ,FALSE,FALSE
tha_pro,defoliator,C,tom_spp,borer,-0.05800026761847843,0.04532325097389827,insufficient data,DE,51.61290322580645,230,insufficient data,1,-0.05800026761847843,-0.05800026761847843,10,89,1426,736,"AT,CZ,LT,PL",FALSE,FALSE
tha_pro,defoliator,C,den_mic,borer,-0.04545454545454546,-0.019381192532603283,insufficient data,DE,14.516129032258064,23,insufficient data,1,-0.04545454545454546,-0.04545454545454546,1,0,1426,207,"CZ,LT",FALSE,FALSE
tha_pro,defoliator,C,ips_sex,borer,-0.04488240693743447,0.05649064412638527,insufficient data,DE,14.165497896213184,161,insufficient data,1,-0.04488240693743447,-0.04488240693743447,7,27,1426,202,"BG,CZ",FALSE,FALSE
tha_pro,defoliator,C,pit_cha,borer,-0.03795836670418357,0.03167816473065048,insufficient data,DE,19.635343618513325,230,insufficient data,1,-0.03795836670418357,-0.03795836670418357,10,92,1426,280,"AT,IT,LT,SI,SK",FALSE,FALSE
tha_pro,defoliator,C,ips_ami,borer,-0.035764258743985505,-0.06369099743811753,insufficient data,DE,0,46,insufficient data,1,-0.035764258743985505,-0.035764258743985505,2,1,1426,0,NA,FALSE,FALSE
tha_pro,defoliator,C,geo_db,defoliator,-0.028072191270748635,0.036687437758087665,insufficient data,DE,29.94389901823282,138,insufficient data,1,-0.028072191270748635,-0.028072191270748635,6,11,1426,427,"BG,HR,LT,PL,RO",FALSE,FALSE
tha_pro,defoliator,C,pan_fla,defoliator,-0.026133601559517453,0.028864830057443485,insufficient data,DE,38.35904628330996,115,insufficient data,1,-0.026133601559517453,-0.026133601559517453,5,9,1426,547,"CZ,LT,PL",FALSE,FALSE
tha_pro,defoliator,C,Def_dec,defoliator,0.024091422145301643,0.10753594578086585,insufficient data,DE,0,23,insufficient data,1,0.024091422145301643,0.024091422145301643,1,1,1426,0,NA,FALSE,TRUE
tha_pro,defoliator,C,pit_bid,borer,-0.01783327705465471,0.09216933358129722,insufficient data,DE,0,92,insufficient data,1,-0.01783327705465471,-0.01783327705465471,4,18,1426,0,NA,FALSE,FALSE
tha_pro,defoliator,C,zei_gri,defoliator,NA,NA,insufficient data,NA,12.903225806451612,0,insufficient data,0,NA,NA,0,0,1426,184,CZ,FALSE,FALSE
tha_pro,defoliator,C,cep_spp,defoliator,NA,NA,insufficient data,NA,12.903225806451612,0,insufficient data,0,NA,NA,0,0,1426,184,CZ,FALSE,FALSE
tha_pro,defoliator,C,clo_ana,defoliator,NA,NA,insufficient data,NA,1.6129032258064515,0,insufficient data,0,NA,NA,0,0,1426,23,RO,FALSE,FALSE
tha_pro,defoliator,C,ips_dup,borer,NA,NA,insufficient data,NA,15.918653576437588,0,insufficient data,0,NA,NA,0,0,1426,227,"CZ,RO,SK",FALSE,FALSE
tha_pro,defoliator,C,pol_pol,borer,NA,NA,insufficient data,NA,14.516129032258064,0,insufficient data,0,NA,NA,0,0,1426,207,"CZ,LT",FALSE,FALSE
tom_spp,borer,A,CambXyl_con&BB_con&BO,borer,0.5390441793261151,0.554048441713131,consistent,"AT,DE",3.3333333333333335,237,consistent,2,0.43747384829482266,0.5809419408765234,11,142,690,23,HR,TRUE,TRUE
tom_spp,borer,A,ips_sex,borer,0.4735130068663596,0.36776000215464966,consistent,"CZ,DE",2.608695652173913,368,consistent,2,0.33819666393979164,0.6088293497929277,16,220,690,18,BG,TRUE,FALSE
tom_spp,borer,B,ips_dup,borer,0.5594019061776835,0.05237689511125323,insufficient data,CZ,6.231884057971015,184,insufficient data,1,0.5594019061776835,0.5594019061776835,8,150,690,43,"RO,SK",FALSE,FALSE
tom_spp,borer,B,lym_dis,defoliator,0.2627527930819277,0.21502995020599466,consistent,"AT,CZ,DE,LT",19.130434782608695,494,consistent,4,0.139249198663142,0.42856024817756994,22,139,690,132,"BG,HR,HU,RO,RS,SK",TRUE,FALSE
tom_spp,borer,C,pis_pin,borer,0.47459157788404155,0.39147621127622767,inconsistent,"DE,LT",0,184,inconsistent,2,0.4223572562459879,0.8402318293504166,8,80,690,0,NA,TRUE,FALSE
tom_spp,borer,C,tha_pit,defoliator,0.42526525436470464,0.5314571340678687,insufficient data,DE,5.942028985507246,23,insufficient data,1,0.42526525436470464,0.42526525436470464,1,11,690,41,"BG,HR",TRUE,FALSE
tom_spp,borer,C,pit_bid,borer,0.3980823426219632,0.3199314255854327,insufficient data,DE,0,115,insufficient data,1,0.3980823426219632,0.3980823426219632,5,64,690,0,NA,TRUE,FALSE
tom_spp,borer,C,sco_rat,borer,0.3645841960605989,0.24202444980111146,consistent,"CZ,DE,LT",0,276,inconsistent,3,0.1500819670009449,0.5010652255230372,12,125,690,0,NA,TRUE,FALSE
tom_spp,borer,C,pit_spp,borer,0.3528813147678372,0.2850345319761238,inconsistent,"AT,CZ,DE",6.666666666666667,402,inconsistent,3,-0.26483608335937786,0.6646158080773606,18,294,690,46,"HR,SI",TRUE,FALSE
tom_spp,borer,C,pit_cha,borer,0.3371010577556004,0.3226214386273922,inconsistent,"AT,DE,LT",9.855072463768115,444,inconsistent,3,0.28376239805972775,0.8321044573164398,20,325,690,68,"IT,SI,SK",TRUE,FALSE
tom_spp,borer,C,agr_big,borer,0.33320232030004104,0.233725071952734,consistent,"DE,PL",0,533,consistent,2,0.2307168021908929,0.42644102474520584,25,263,690,0,NA,TRUE,FALSE
tom_spp,borer,C,ips_cem,borer,0.32566979690656916,0.319882158874989,insufficient data,DE,0,253,insufficient data,1,0.32566979690656916,0.32566979690656916,11,162,690,0,NA,TRUE,FALSE
tom_spp,borer,C,CambXyl_con&BO,borer,-0.2999851652308982,-0.1838659018966131,insufficient data,DE,3.3333333333333335,46,insufficient data,1,-0.2999851652308982,-0.2999851652308982,2,6,690,23,SI,FALSE,TRUE
tom_spp,borer,C,Def_dec,defoliator,-0.2917135929147534,-0.11077547380719381,insufficient data,DE,0,46,insufficient data,1,-0.2917135929147534,-0.2917135929147534,2,2,690,0,NA,FALSE,TRUE
tom_spp,borer,C,pha_cya,borer,0.2878472325700574,0.2668157370160743,consistent,"AT,CZ,DE,LT,PL",0,887,consistent,5,0.09147871361425336,0.5175402892397701,41,486,690,0,NA,TRUE,FALSE
tom_spp,borer,C,bup_pin,defoliator,0.2763126195280879,0.0696550222773856,consistent,"DE,PL",0,404,inconsistent,2,0.2212367561413115,0.3226922939590576,19,106,690,0,NA,FALSE,FALSE
tom_spp,borer,C,ips_typ,borer,0.27488646287240986,0.3027837358730333,inconsistent,"AT,CZ,DE,LT,PL",58.98550724637681,908,consistent,5,0.057305687895785516,0.6582652043883976,42,632,690,407,"BG,CH,FI,HR,HU,IT,RO,RS,SE,SI,SK",TRUE,FALSE
tom_spp,borer,C,CambXyl_con&MD,borer,0.2396955642856203,-0.029991914752385898,inconsistent,"CZ,DE",0,207,inconsistent,2,-0.5942723102564771,0.34394154860338255,9,134,690,0,NA,FALSE,TRUE
tom_spp,borer,C,sco_sco,borer,0.21053378695560196,0.16889535833593242,consistent,"DE,LT",0,138,inconsistent,2,0.04446577250960447,0.24374738984480146,6,26,690,0,NA,FALSE,FALSE
tom_spp,borer,C,pan_fla,defoliator,0.1984667455410152,0.13042218886751097,consistent,"CZ,DE,LT,PL",0,424,inconsistent,4,0.04288067003612662,0.3518928768944758,20,103,690,0,NA,FALSE,FALSE
tom_spp,borer,C,cep_spp,defoliator,-0.18084574632645886,0.05120724137194832,insufficient data,CZ,0,161,insufficient data,1,-0.18084574632645886,-0.18084574632645886,7,94,690,0,NA,FALSE,FALSE
tom_spp,borer,C,tor_vir,defoliator,0.1790927162487887,0.036027833747087575,consistent,"DE,LT,PL",6.666666666666667,533,consistent,3,0.08929920345576164,0.39848770192383653,25,175,690,46,"BG,RO",FALSE,FALSE
tom_spp,borer,C,tet_spp,borer,0.17514842267223155,0.13087622947129934,insufficient data,DE,0,184,insufficient data,1,0.17514842267223155,0.17514842267223155,8,59,690,0,NA,FALSE,FALSE
tom_spp,borer,C,den_pin,defoliator,0.17421542865867715,0.05025022666767292,consistent,"DE,LT,PL",0,358,consistent,3,0.1369573217192927,0.24627068711258868,17,93,690,0,NA,FALSE,FALSE
tom_spp,borer,C,agr_vir,borer,0.17343652188604344,0.20357189187931987,insufficient data,DE,0,207,insufficient data,1,0.17343652188604344,0.17343652188604344,9,47,690,0,NA,TRUE,FALSE
tom_spp,borer,C,xyl_spp,borer,0.17196302226035315,0.15068023696111127,insufficient data,DE,0,253,insufficient data,1,0.17196302226035315,0.17196302226035315,11,115,690,0,NA,FALSE,FALSE
tom_spp,borer,C,ope_spp,defoliator,0.1649355936162675,0.0962916363836137,insufficient data,DE,0,207,insufficient data,1,0.1649355936162675,0.1649355936162675,9,39,690,0,NA,FALSE,FALSE
tom_spp,borer,C,sco_int,borer,0.1513395669561561,0.1462334466317737,consistent,"CZ,DE",0,368,consistent,2,0.10795734330445404,0.19472179060785824,16,153,690,0,NA,FALSE,FALSE
tom_spp,borer,C,mel_spp,defoliator,0.14831006526860172,0.09468480684539406,consistent,"DE,PL",0,487,consistent,2,0.141778458512896,0.1570848501020246,23,189,690,0,NA,FALSE,FALSE
tom_spp,borer,C,pol_pol,borer,0.12900187849990705,0.14184315413276977,inconsistent,"CZ,LT",0,207,inconsistent,2,0.04355937263856415,0.8125419253906503,9,151,690,0,NA,FALSE,FALSE
tom_spp,borer,C,CambXyl_con&BB_con&SM,borer,0.12721567842373077,-0.17283661835419145,insufficient data,DE,0,46,insufficient data,1,0.12721567842373077,0.12721567842373077,2,15,690,0,NA,FALSE,TRUE
tom_spp,borer,C,dip_sp,defoliator,0.1260182866798072,0.0014952920225469789,inconsistent,"AT,DE,LT,PL",0,595,inconsistent,4,-0.15492696955319016,0.18089027403337082,28,186,690,0,NA,FALSE,FALSE
tom_spp,borer,C,ips_acu,borer,0.1197432113994354,0.22037230729422008,inconsistent,"CZ,DE,LT,PL",5.797101449275362,628,inconsistent,4,-0.5196944750111081,0.6759519602558376,29,229,690,40,"BG,SK",TRUE,FALSE
tom_spp,borer,C,tet_gab,borer,0.11816863378427862,0.07170321934654918,inconsistent,"AT,CZ,DE",0,358,inconsistent,3,-0.16594359500699238,0.2417289760902326,16,155,690,0,NA,FALSE,FALSE
tom_spp,borer,C,geo_db,defoliator,0.1166576310820372,-0.011273203120607828,inconsistent,"DE,LT,PL",9.27536231884058,464,inconsistent,3,-0.08501060982478419,0.400812214688315,22,141,690,64,"BG,HR,RO",FALSE,FALSE
tom_spp,borer,C,uro_sir_spp,borer,0.1066226108023297,0.08648463908642963,insufficient data,DE,0,92,insufficient data,1,0.1066226108023297,0.1066226108023297,4,12,690,0,NA,FALSE,FALSE
tom_spp,borer,C,xyl_lin,borer,0.10250653376240551,0.060113336286536374,insufficient data,DE,0,230,insufficient data,1,0.10250653376240551,0.10250653376240551,10,128,690,0,NA,FALSE,FALSE
tom_spp,borer,C,sap_car,borer,0.07976752604516332,NA,insufficient data,DE,0,23,insufficient data,1,0.07976752604516332,0.07976752604516332,1,1,690,0,NA,FALSE,FALSE
tom_spp,borer,C,ips_ami,borer,-0.07414805479336577,-0.33077645036861836,insufficient data,DE,0,46,insufficient data,1,-0.07414805479336577,-0.07414805479336577,2,3,690,0,NA,TRUE,FALSE
tom_spp,borer,C,zei_gri,defoliator,-0.06250113782993941,0.05425521200857946,inconsistent,"CZ,DE",0,184,inconsistent,2,-0.3637306060810667,-0.01946835665120693,8,75,690,0,NA,FALSE,FALSE
tom_spp,borer,C,Def_dec&DB,defoliator,0.05980389685733547,0.04333514479535955,inconsistent,"AT,CZ,DE",0,471,inconsistent,3,-0.08583650740316706,0.2505774822800933,21,236,690,0,NA,FALSE,TRUE
tom_spp,borer,C,tha_pro,defoliator,-0.05800026761847843,0.04532325097389827,insufficient data,DE,0,230,insufficient data,1,-0.05800026761847843,-0.05800026761847843,10,89,690,0,NA,FALSE,FALSE
tom_spp,borer,C,era_def,defoliator,0.05501238273656167,-0.011559747016312337,insufficient data,DE,0,230,insufficient data,1,0.05501238273656167,0.05501238273656167,10,32,690,0,NA,FALSE,FALSE
tom_spp,borer,C,pri_abi,defoliator,-0.054403767694148085,-0.028494522286248235,inconsistent,"CZ,DE",0,345,inconsistent,2,-0.3641340692854234,0.2166102461982178,15,148,690,0,NA,FALSE,FALSE
tom_spp,borer,C,neo_ser,defoliator,0.047834806387392716,-0.025910497869168624,inconsistent,"CZ,DE",2.608695652173913,92,inconsistent,2,-0.1860218563728017,0.28169146914758714,4,14,690,18,BG,FALSE,FALSE
tom_spp,borer,C,lym_mon,defoliator,0.044027961841267255,-0.05468445356413119,inconsistent,"CZ,DE,LT,PL",0,605,inconsistent,4,-0.22751432895823992,0.17593286283121407,28,243,690,0,NA,FALSE,FALSE
tom_spp,borer,C,den_mic,borer,-0.009566237449802648,-0.04959613697135544,inconsistent,"CZ,DE,LT",0,69,inconsistent,3,-0.1066760727580237,0.14376310824619606,3,6,690,0,NA,FALSE,FALSE
tom_spp,borer,C,clo_ana,defoliator,NA,NA,insufficient data,NA,3.3333333333333335,0,insufficient data,0,NA,NA,0,0,690,23,RO,FALSE,FALSE
tor_vir,defoliator,B,sco_rat,borer,0.2995362181624372,0.3435367548316211,consistent,"DE,LT",18.09242871189774,92,consistent,2,0.2966054956811503,0.30832838560629805,4,34,1017,184,CZ,TRUE,FALSE
tor_vir,defoliator,C,clo_ana,defoliator,-0.5616943032115271,NA,insufficient data,RO,0,23,insufficient data,1,-0.5616943032115271,-0.5616943032115271,1,2,1017,0,NA,FALSE,FALSE
tor_vir,defoliator,C,ope_spp,defoliator,0.5102158892514843,0.4118505445371596,insufficient data,DE,0,184,insufficient data,1,0.5102158892514843,0.5102158892514843,8,41,1017,0,NA,TRUE,FALSE
tor_vir,defoliator,C,era_def,defoliator,0.3904364654787419,0.2392320672002543,insufficient data,DE,0,207,insufficient data,1,0.3904364654787419,0.3904364654787419,9,31,1017,0,NA,TRUE,FALSE
tor_vir,defoliator,C,Def_dec&DB,defoliator,-0.38151204577929937,-0.4090624076099985,insufficient data,DE,36.676499508357914,138,insufficient data,1,-0.38151204577929937,-0.38151204577929937,6,0,1017,373,"AT,CZ",TRUE,TRUE
tor_vir,defoliator,C,pol_pol,borer,0.3738754014462137,0.07106623960411135,insufficient data,LT,18.09242871189774,23,insufficient data,1,0.3738754014462137,0.3738754014462137,1,13,1017,184,CZ,FALSE,FALSE
tor_vir,defoliator,C,ips_ami,borer,0.3188396202796396,0.18247239874123186,insufficient data,DE,0,46,insufficient data,1,0.3188396202796396,0.3188396202796396,2,7,1017,0,NA,FALSE,FALSE
tor_vir,defoliator,C,pit_bid,borer,0.29529278227271977,0.23639711265600577,insufficient data,DE,0,115,insufficient data,1,0.29529278227271977,0.29529278227271977,5,56,1017,0,NA,TRUE,FALSE
tor_vir,defoliator,C,xyl_lin,borer,0.27784579538565135,0.3152402476180027,insufficient data,DE,0,207,insufficient data,1,0.27784579538565135,0.27784579538565135,9,89,1017,0,NA,TRUE,FALSE
tor_vir,defoliator,C,tha_pit,defoliator,-0.2553699518564751,-0.4045274785437123,inconsistent,"BG,DE",2.2615535889872174,41,inconsistent,2,-0.7682396452909971,0.3664215520407706,2,9,1017,23,HR,TRUE,FALSE
tor_vir,defoliator,C,ips_dup,borer,-0.23181160141943202,0.5094007000414424,insufficient data,RO,20.15732546705998,22,insufficient data,1,-0.23181160141943202,-0.23181160141943202,1,6,1017,205,"CZ,SK",FALSE,FALSE
tor_vir,defoliator,C,sap_car,borer,-0.21548151620876924,NA,insufficient data,DE,0,23,insufficient data,1,-0.21548151620876924,-0.21548151620876924,1,0,1017,0,NA,FALSE,FALSE
tor_vir,defoliator,C,CambXyl_con&BB_con&SM,borer,-0.21414762490728567,-0.021283002837393022,insufficient data,DE,0,46,insufficient data,1,-0.21414762490728567,-0.21414762490728567,2,1,1017,0,NA,FALSE,TRUE
tor_vir,defoliator,C,CambXyl_con&MD,borer,-0.1878748028105495,-0.2853682546719263,insufficient data,DE,18.09242871189774,23,insufficient data,1,-0.1878748028105495,-0.1878748028105495,1,2,1017,184,CZ,TRUE,TRUE
tor_vir,defoliator,C,tom_spp,borer,0.1790927162487887,0.036027833747087575,consistent,"DE,LT,PL",36.676499508357914,533,consistent,3,0.08929920345576164,0.39848770192383653,25,175,1017,373,"AT,CZ",FALSE,FALSE
tor_vir,defoliator,C,tet_gab,borer,0.17243209484278207,0.1394379973224593,insufficient data,DE,36.676499508357914,184,insufficient data,1,0.17243209484278207,0.17243209484278207,8,27,1017,373,"AT,CZ",FALSE,FALSE
tor_vir,defoliator,C,agr_big,borer,0.16928675351966008,0.08536637918379944,consistent,"DE,PL",0,570,consistent,2,0.04780187226737358,0.25203187387725456,27,265,1017,0,NA,FALSE,FALSE
tor_vir,defoliator,C,bup_pin,defoliator,0.16669179263283912,0.03317541907395925,consistent,"DE,PL",0,441,consistent,2,0.14605715739512298,0.20233343531616693,21,93,1017,0,NA,FALSE,FALSE
tor_vir,defoliator,C,dip_sp,defoliator,0.15538439077046834,0.0567660328911353,inconsistent,"DE,LT,PL",18.58407079646018,550,inconsistent,3,-0.11295130539567581,0.2040585234824965,26,163,1017,189,AT,FALSE,FALSE
tor_vir,defoliator,C,den_pin,defoliator,0.15219879073042472,0.07563597811273434,consistent,"DE,LT,PL",0,418,inconsistent,3,0.041428962858144076,0.37959623734799103,20,112,1017,0,NA,FALSE,FALSE
tor_vir,defoliator,C,pis_pin,borer,0.14612201449204124,0.03510569939005553,consistent,"DE,LT",0,184,inconsistent,2,0.11583303306808435,0.3581448844597397,8,56,1017,0,NA,FALSE,FALSE
tor_vir,defoliator,C,geo_db,defoliator,0.13656241160943658,0.10611239900018257,inconsistent,"BG,DE,LT,PL,RO",2.2615535889872174,565,inconsistent,5,0.05603508566103402,0.5746432797987436,27,202,1017,23,HR,FALSE,FALSE
tor_vir,defoliator,C,pan_fla,defoliator,0.13589926750302703,0.051138077801480254,consistent,"DE,LT,PL",18.09242871189774,461,inconsistent,3,0.07249180215342617,0.16614780116695585,22,118,1017,184,CZ,FALSE,FALSE
tor_vir,defoliator,C,xyl_spp,borer,0.1305666336620319,0.11673582002636808,insufficient data,DE,0,230,insufficient data,1,0.1305666336620319,0.1305666336620319,10,81,1017,0,NA,FALSE,FALSE
tor_vir,defoliator,C,tha_pro,defoliator,0.1301890427870311,0.12254083854316025,insufficient data,DE,0,207,insufficient data,1,0.1301890427870311,0.1301890427870311,9,40,1017,0,NA,FALSE,FALSE
tor_vir,defoliator,C,lym_mon,defoliator,0.11814031501611885,0.050084907091727644,inconsistent,"DE,LT,PL",18.09242871189774,504,inconsistent,3,-0.07651463094453423,0.28350039037343233,24,187,1017,184,CZ,FALSE,FALSE
tor_vir,defoliator,C,pit_cha,borer,0.11812625782433,0.15762698057922836,inconsistent,"DE,LT",25.27040314650934,253,consistent,2,0.07927256708370736,0.5066631652305564,11,112,1017,257,"AT,IT,SI,SK",FALSE,FALSE
tor_vir,defoliator,C,CambXyl_con&BO,borer,-0.11718395903150548,-0.022676887654463716,insufficient data,DE,2.2615535889872174,46,insufficient data,1,-0.11718395903150548,-0.11718395903150548,2,1,1017,23,SI,FALSE,TRUE
tor_vir,defoliator,C,sco_sco,borer,0.11652897175300349,0.021217224657640102,inconsistent,"DE,LT",0,138,inconsistent,2,-0.2488243755582519,0.18959964121525458,6,19,1017,0,NA,FALSE,FALSE
tor_vir,defoliator,C,neo_ser,defoliator,0.10948696306080286,0.1126236960530652,consistent,"BG,DE",18.09242871189774,64,inconsistent,2,0.04452525500229951,0.13675818722767327,3,18,1017,184,CZ,FALSE,FALSE
tor_vir,defoliator,C,zei_gri,defoliator,-0.0991223611896074,0.02107639669685038,insufficient data,DE,18.09242871189774,23,insufficient data,1,-0.0991223611896074,-0.0991223611896074,1,4,1017,184,CZ,FALSE,FALSE
tor_vir,defoliator,C,ips_acu,borer,-0.09811449433660957,0.10445783528645324,inconsistent,"BG,DE,LT,PL",20.255653883972467,522,consistent,4,-0.20933063044399464,0.5033746686702024,25,102,1017,206,"CZ,SK",FALSE,FALSE
tor_vir,defoliator,C,pit_spp,borer,-0.09425909217331976,0.07462334969382783,insufficient data,DE,41.19960668633235,69,insufficient data,1,-0.09425909217331976,-0.09425909217331976,3,24,1017,419,"AT,CZ,HR,SI",FALSE,FALSE
tor_vir,defoliator,C,pri_abi,defoliator,0.09161002773430094,-0.07211212403382221,insufficient data,DE,18.09242871189774,161,insufficient data,1,0.09161002773430094,0.09161002773430094,7,43,1017,184,CZ,FALSE,FALSE
tor_vir,defoliator,C,uro_sir_spp,borer,-0.09114268012731687,-0.08488607515996287,insufficient data,DE,0,69,insufficient data,1,-0.09114268012731687,-0.09114268012731687,3,1,1017,0,NA,FALSE,FALSE
tor_vir,defoliator,C,CambXyl_con&BB_con&BO,borer,-0.07555506164483235,-0.1747487295018274,insufficient data,DE,20.845624385447394,69,insufficient data,1,-0.07555506164483235,-0.07555506164483235,3,3,1017,212,"AT,HR",FALSE,TRUE
tor_vir,defoliator,C,ips_cem,borer,0.06991147851734973,0.13143790225221963,insufficient data,DE,0,230,insufficient data,1,0.06991147851734973,0.06991147851734973,10,97,1017,0,NA,FALSE,FALSE
tor_vir,defoliator,C,lym_dis,defoliator,-0.05611534097677585,-0.09454513560140934,inconsistent,"BG,DE,LT,RO",45.624385447394296,248,inconsistent,4,-0.13894627194179246,0.33515979972268684,11,69,1017,464,"AT,CZ,HR,HU,RS,SK",FALSE,FALSE
tor_vir,defoliator,C,den_mic,borer,-0.052440742082064465,0.015665922581245335,inconsistent,"DE,LT",18.09242871189774,46,consistent,2,-0.12516787374240565,0.02028638957827671,2,4,1017,184,CZ,FALSE,FALSE
tor_vir,defoliator,C,ips_typ,borer,0.04805932838652716,0.1406921558599321,inconsistent,"BG,DE,LT,PL,RO",72.7630285152409,633,inconsistent,5,-0.08347332628763973,0.23334067203710557,30,335,1017,740,"AT,CH,CZ,FI,HR,HU,IT,RS,SE,SI,SK",FALSE,FALSE
tor_vir,defoliator,C,sco_int,borer,0.03106633550703826,0.08946590722793364,insufficient data,DE,18.09242871189774,161,insufficient data,1,0.03106633550703826,0.03106633550703826,7,37,1017,184,CZ,FALSE,FALSE
tor_vir,defoliator,C,agr_vir,borer,-0.023473080572688366,-0.011327915104073645,insufficient data,DE,0,207,insufficient data,1,-0.023473080572688366,-0.023473080572688366,9,27,1017,0,NA,FALSE,FALSE
tor_vir,defoliator,C,ips_sex,borer,-0.02004120679986864,0.011387729353390892,consistent,"BG,DE",18.09242871189774,179,inconsistent,2,-0.02242183588354103,-8.722352610638798e-5,8,65,1017,184,CZ,FALSE,FALSE
tor_vir,defoliator,C,pha_cya,borer,0.018753908372652946,-0.012079607228894042,inconsistent,"DE,LT,PL",36.676499508357914,593,inconsistent,3,-0.014999429742494486,0.3489019565507059,28,268,1017,373,"AT,CZ",FALSE,FALSE
tor_vir,defoliator,C,tet_spp,borer,0.01577170983108481,0.03429696466801749,insufficient data,DE,0,161,insufficient data,1,0.01577170983108481,0.01577170983108481,7,13,1017,0,NA,FALSE,FALSE
tor_vir,defoliator,C,mel_spp,defoliator,-0.013023978666001603,-0.03342774845452436,inconsistent,"DE,PL",0,524,inconsistent,2,-0.04585781837615609,0.00486690612962437,25,193,1017,0,NA,FALSE,FALSE
tor_vir,defoliator,C,Def_dec,defoliator,-0.009021902171087948,-0.04625502763039444,insufficient data,DE,0,23,insufficient data,1,-0.009021902171087948,-0.009021902171087948,1,1,1017,0,NA,FALSE,TRUE
tor_vir,defoliator,C,cep_spp,defoliator,NA,NA,insufficient data,NA,18.09242871189774,0,insufficient data,0,NA,NA,0,0,1017,184,CZ,FALSE,FALSE
uro_sir_spp,borer,C,den_pin,defoliator,0.43376798937257055,0.34243082729044355,insufficient data,DE,25.455820476858346,23,insufficient data,1,0.43376798937257055,0.43376798937257055,1,1,1426,363,"LT,PL",TRUE,FALSE
uro_sir_spp,borer,C,sco_rat,borer,0.3039489097315388,0.005377397377304708,insufficient data,DE,14.516129032258064,23,insufficient data,1,0.3039489097315388,0.3039489097315388,1,1,1426,207,"CZ,LT",FALSE,FALSE
uro_sir_spp,borer,C,dip_sp,defoliator,0.2947148988368689,0.23537820198846185,insufficient data,DE,38.70967741935484,46,insufficient data,1,0.2947148988368689,0.2947148988368689,2,2,1426,552,"AT,LT,PL",TRUE,FALSE
uro_sir_spp,borer,C,CambXyl_con&MD,borer,-0.287018411535239,-0.08480658425202098,insufficient data,DE,12.903225806451612,23,insufficient data,1,-0.287018411535239,-0.287018411535239,1,0,1426,184,CZ,FALSE,TRUE
uro_sir_spp,borer,C,tet_gab,borer,0.2801228012842594,0.20371872836363283,insufficient data,DE,26.157082748948106,92,insufficient data,1,0.2801228012842594,0.2801228012842594,4,12,1426,373,"AT,CZ",TRUE,FALSE
uro_sir_spp,borer,C,ips_cem,borer,0.2577401890352104,0.21047724557374253,insufficient data,DE,0,92,insufficient data,1,0.2577401890352104,0.2577401890352104,4,12,1426,0,NA,TRUE,FALSE
uro_sir_spp,borer,C,tet_spp,borer,0.2422829636267983,0.27687406357615607,insufficient data,DE,0,92,insufficient data,1,0.2422829636267983,0.2422829636267983,4,11,1426,0,NA,TRUE,FALSE
uro_sir_spp,borer,C,agr_big,borer,0.22612088080254372,0.22394737402193512,insufficient data,DE,23.842917251051894,92,insufficient data,1,0.22612088080254372,0.22612088080254372,4,6,1426,340,PL,TRUE,FALSE
uro_sir_spp,borer,C,pha_cya,borer,0.21537837496359108,0.200057450934208,insufficient data,DE,51.61290322580645,92,insufficient data,1,0.21537837496359108,0.21537837496359108,4,8,1426,736,"AT,CZ,LT,PL",TRUE,FALSE
uro_sir_spp,borer,C,ips_typ,borer,0.20419035898138796,0.16085832136372186,insufficient data,DE,80.15427769985975,92,insufficient data,1,0.20419035898138796,0.20419035898138796,4,11,1426,1143,"AT,BG,CH,CZ,FI,HR,HU,IT,LT,PL,RO,RS,SE,SI,SK",FALSE,FALSE
uro_sir_spp,borer,C,CambXyl_con&BB_con&BO,borer,0.20163660776972783,0.2595494250083509,insufficient data,DE,14.866760168302946,23,insufficient data,1,0.20163660776972783,0.20163660776972783,1,1,1426,212,"AT,HR",TRUE,TRUE
uro_sir_spp,borer,C,xyl_lin,borer,0.19568165715823388,0.11953850226785791,insufficient data,DE,0,92,insufficient data,1,0.19568165715823388,0.19568165715823388,4,12,1426,0,NA,FALSE,FALSE
uro_sir_spp,borer,C,ips_sex,borer,0.1909167036277084,0.24609600548086555,insufficient data,DE,14.165497896213184,69,insufficient data,1,0.1909167036277084,0.1909167036277084,3,3,1426,202,"BG,CZ",TRUE,FALSE
uro_sir_spp,borer,C,pit_spp,borer,0.18953046743086874,0.21994217784367245,insufficient data,DE,29.38288920056101,46,insufficient data,1,0.18953046743086874,0.18953046743086874,2,3,1426,419,"AT,CZ,HR,SI",TRUE,FALSE
uro_sir_spp,borer,C,CambXyl_con&BB_con&SM,borer,-0.18611254646236183,0.0037292912911681994,insufficient data,DE,0,23,insufficient data,1,-0.18611254646236183,-0.18611254646236183,1,0,1426,0,NA,FALSE,TRUE
uro_sir_spp,borer,C,pit_cha,borer,0.17764580846896885,0.20002435748762598,insufficient data,DE,19.635343618513325,92,insufficient data,1,0.17764580846896885,0.17764580846896885,4,11,1426,280,"AT,IT,LT,SI,SK",TRUE,FALSE
uro_sir_spp,borer,C,mel_spp,defoliator,0.17705501703533644,0.1681662407728021,insufficient data,DE,23.842917251051894,69,insufficient data,1,0.17705501703533644,0.17705501703533644,3,6,1426,340,PL,FALSE,FALSE
uro_sir_spp,borer,C,lym_dis,defoliator,0.1704052472932392,0.19396229507754656,insufficient data,DE,37.02664796633941,69,insufficient data,1,0.1704052472932392,0.1704052472932392,3,5,1426,528,"AT,BG,CZ,HR,HU,LT,RO,RS,SK",FALSE,FALSE
uro_sir_spp,borer,C,ips_ami,borer,-0.16489564030321066,0.022451909825529227,insufficient data,DE,0,23,insufficient data,1,-0.16489564030321066,-0.16489564030321066,1,0,1426,0,NA,FALSE,FALSE
uro_sir_spp,borer,C,neo_ser,defoliator,0.15045390445454052,0.09987997997380227,insufficient data,DE,14.165497896213184,23,insufficient data,1,0.15045390445454052,0.15045390445454052,1,1,1426,202,"BG,CZ",FALSE,FALSE
uro_sir_spp,borer,C,ips_acu,borer,0.14974305906121788,0.09928576975890727,insufficient data,DE,41.164095371669006,46,insufficient data,1,0.14974305906121788,0.14974305906121788,2,1,1426,587,"BG,CZ,LT,PL,SK",FALSE,FALSE
uro_sir_spp,borer,C,ope_spp,defoliator,-0.13170583075763934,-0.11306626482536342,insufficient data,DE,0,92,insufficient data,1,-0.13170583075763934,-0.13170583075763934,4,0,1426,0,NA,FALSE,FALSE
uro_sir_spp,borer,C,agr_vir,borer,0.12944890142742785,0.07897885098927453,insufficient data,DE,0,69,insufficient data,1,0.12944890142742785,0.12944890142742785,3,1,1426,0,NA,FALSE,FALSE
uro_sir_spp,borer,C,CambXyl_con&BO,borer,-0.126315074110525,-0.3154546635555691,insufficient data,DE,1.6129032258064515,23,insufficient data,1,-0.126315074110525,-0.126315074110525,1,0,1426,23,SI,TRUE,TRUE
uro_sir_spp,borer,C,sco_int,borer,0.12056864515565222,0.15224193899095648,insufficient data,DE,12.903225806451612,92,insufficient data,1,0.12056864515565222,0.12056864515565222,4,5,1426,184,CZ,FALSE,FALSE
uro_sir_spp,borer,C,era_def,defoliator,-0.11916955122736426,-0.10593974139261916,insufficient data,DE,0,69,insufficient data,1,-0.11916955122736426,-0.11916955122736426,3,0,1426,0,NA,FALSE,FALSE
uro_sir_spp,borer,C,pit_bid,borer,0.11832848278078659,-0.05228092970931647,insufficient data,DE,0,46,insufficient data,1,0.11832848278078659,0.11832848278078659,2,1,1426,0,NA,FALSE,FALSE
uro_sir_spp,borer,C,Def_dec,defoliator,-0.1125868223752524,-0.1402302214835335,insufficient data,DE,0,46,insufficient data,1,-0.1125868223752524,-0.1125868223752524,2,0,1426,0,NA,FALSE,TRUE
uro_sir_spp,borer,C,tom_spp,borer,0.1066226108023297,0.08648463908642963,insufficient data,DE,51.61290322580645,92,insufficient data,1,0.1066226108023297,0.1066226108023297,4,12,1426,736,"AT,CZ,LT,PL",FALSE,FALSE
uro_sir_spp,borer,C,zei_gri,defoliator,-0.09766853508096923,0.00352768763747443,insufficient data,DE,12.903225806451612,23,insufficient data,1,-0.09766853508096923,-0.09766853508096923,1,0,1426,184,CZ,FALSE,FALSE
uro_sir_spp,borer,C,pan_fla,defoliator,-0.09349088024409397,0.20460879652723518,insufficient data,DE,38.35904628330996,23,insufficient data,1,-0.09349088024409397,-0.09349088024409397,1,0,1426,547,"CZ,LT,PL",FALSE,FALSE
uro_sir_spp,borer,C,tor_vir,defoliator,-0.09114268012731687,-0.08488607515996287,insufficient data,DE,28.68162692847125,69,insufficient data,1,-0.09114268012731687,-0.09114268012731687,3,1,1426,409,"BG,LT,PL,RO",FALSE,FALSE
uro_sir_spp,borer,C,Def_dec&DB,defoliator,0.08141405594730934,0.1549511510253831,insufficient data,DE,26.157082748948106,69,insufficient data,1,0.08141405594730934,0.08141405594730934,3,11,1426,373,"AT,CZ",FALSE,TRUE
uro_sir_spp,borer,C,sco_sco,borer,-0.07954659008666243,-0.1292880184994271,insufficient data,DE,1.6129032258064515,69,insufficient data,1,-0.07954659008666243,-0.07954659008666243,3,0,1426,23,LT,FALSE,FALSE
uro_sir_spp,borer,C,tha_pro,defoliator,-0.06642399526161498,-0.191827495996131,insufficient data,DE,0,69,insufficient data,1,-0.06642399526161498,-0.06642399526161498,3,10,1426,0,NA,FALSE,FALSE
uro_sir_spp,borer,C,lym_mon,defoliator,0.0466252264243432,0.2976467407343714,insufficient data,DE,38.35904628330996,46,insufficient data,1,0.0466252264243432,0.0466252264243432,2,1,1426,547,"CZ,LT,PL",TRUE,FALSE
uro_sir_spp,borer,C,den_mic,borer,-0.045454545454545456,-0.05519511730711038,insufficient data,DE,14.516129032258064,23,insufficient data,1,-0.045454545454545456,-0.045454545454545456,1,0,1426,207,"CZ,LT",FALSE,FALSE
uro_sir_spp,borer,C,pri_abi,defoliator,0.0416870208408851,0.05172262353337982,insufficient data,DE,12.903225806451612,69,insufficient data,1,0.0416870208408851,0.0416870208408851,3,3,1426,184,CZ,FALSE,FALSE
uro_sir_spp,borer,C,bup_pin,defoliator,0.03649087514490206,0.19310918142277236,insufficient data,DE,23.842917251051894,46,insufficient data,1,0.03649087514490206,0.03649087514490206,2,4,1426,340,PL,FALSE,FALSE
uro_sir_spp,borer,C,geo_db,defoliator,0.024990919622671498,-0.027321617300328952,insufficient data,DE,29.94389901823282,46,insufficient data,1,0.024990919622671498,0.024990919622671498,2,1,1426,427,"BG,HR,LT,PL,RO",FALSE,FALSE
uro_sir_spp,borer,C,pis_pin,borer,-0.006111886103271918,-0.07091987963010046,insufficient data,DE,1.6129032258064515,46,insufficient data,1,-0.006111886103271918,-0.006111886103271918,2,1,1426,23,LT,FALSE,FALSE
uro_sir_spp,borer,C,xyl_spp,borer,0.005503700160225675,-0.01411203464368005,insufficient data,DE,0,92,insufficient data,1,0.005503700160225675,0.005503700160225675,4,6,1426,0,NA,FALSE,FALSE
uro_sir_spp,borer,C,cep_spp,defoliator,NA,NA,insufficient data,NA,12.903225806451612,0,insufficient data,0,NA,NA,0,0,1426,184,CZ,FALSE,FALSE
uro_sir_spp,borer,C,clo_ana,defoliator,NA,NA,insufficient data,NA,1.6129032258064515,0,insufficient data,0,NA,NA,0,0,1426,23,RO,FALSE,FALSE
uro_sir_spp,borer,C,ips_dup,borer,NA,NA,insufficient data,NA,15.918653576437588,0,insufficient data,0,NA,NA,0,0,1426,227,"CZ,RO,SK",FALSE,FALSE
uro_sir_spp,borer,C,pol_pol,borer,NA,NA,insufficient data,NA,14.516129032258064,0,insufficient data,0,NA,NA,0,0,1426,207,"CZ,LT",FALSE,FALSE
uro_sir_spp,borer,C,sap_car,borer,NA,NA,insufficient data,NA,0,0,insufficient data,0,NA,NA,0,0,1426,0,NA,FALSE,FALSE
uro_sir_spp,borer,C,tha_pit,defoliator,NA,NA,insufficient data,NA,2.8751753155680224,0,insufficient data,0,NA,NA,0,0,1426,41,"BG,HR",FALSE,FALSE
xyl_lin,borer,B,pan_fla,defoliator,0.40239394906106984,0.2612057731467066,insufficient data,DE,38.35904628330996,115,insufficient data,1,0.40239394906106984,0.40239394906106984,5,23,1426,547,"CZ,LT,PL",TRUE,FALSE
xyl_lin,borer,B,den_pin,defoliator,0.3812946579062535,0.3479276748658103,insufficient data,DE,25.455820476858346,115,insufficient data,1,0.3812946579062535,0.3812946579062535,5,32,1426,363,"LT,PL",TRUE,FALSE
xyl_lin,borer,C,tha_pit,defoliator,-0.879837319677754,-0.9127185595676303,insufficient data,DE,2.8751753155680224,23,insufficient data,1,-0.879837319677754,-0.879837319677754,1,11,1426,41,"BG,HR",TRUE,FALSE
xyl_lin,borer,C,xyl_spp,borer,0.5789800273779526,0.5659284814263518,insufficient data,DE,0,230,insufficient data,1,0.5789800273779526,0.5789800273779526,10,118,1426,0,NA,TRUE,FALSE
xyl_lin,borer,C,CambXyl_con&MD,borer,0.4395034611066269,0.16510921354732133,insufficient data,DE,12.903225806451612,23,insufficient data,1,0.4395034611066269,0.4395034611066269,1,4,1426,184,CZ,FALSE,TRUE
xyl_lin,borer,C,CambXyl_con&BB_con&BO,borer,-0.38622899102215574,-0.3169061355818835,insufficient data,DE,14.866760168302946,46,insufficient data,1,-0.38622899102215574,-0.38622899102215574,2,0,1426,212,"AT,HR",TRUE,TRUE
xyl_lin,borer,C,ips_ami,borer,0.3835526025622549,0.19323021952537317,insufficient data,DE,0,46,insufficient data,1,0.3835526025622549,0.3835526025622549,2,9,1426,0,NA,FALSE,FALSE
xyl_lin,borer,C,CambXyl_con&BO,borer,0.36282935360827007,0.40055765996309267,insufficient data,DE,1.6129032258064515,46,insufficient data,1,0.36282935360827007,0.36282935360827007,2,4,1426,23,SI,TRUE,TRUE
xyl_lin,borer,C,CambXyl_con&BB_con&SM,borer,-0.34003444818021533,-0.009622692023659776,insufficient data,DE,0,46,insufficient data,1,-0.34003444818021533,-0.34003444818021533,2,0,1426,0,NA,FALSE,TRUE
xyl_lin,borer,C,bup_pin,defoliator,0.29680306723036703,0.1941507890685994,insufficient data,DE,23.842917251051894,161,insufficient data,1,0.29680306723036703,0.29680306723036703,7,44,1426,340,PL,FALSE,FALSE
xyl_lin,borer,C,ips_cem,borer,0.2911769923497923,0.22678764639118434,insufficient data,DE,0,230,insufficient data,1,0.2911769923497923,0.2911769923497923,10,137,1426,0,NA,TRUE,FALSE
xyl_lin,borer,C,sap_car,borer,-0.2883484644918905,NA,insufficient data,DE,0,23,insufficient data,1,-0.2883484644918905,-0.2883484644918905,1,1,1426,0,NA,FALSE,FALSE
xyl_lin,borer,C,tor_vir,defoliator,0.27784579538565135,0.3152402476180027,insufficient data,DE,28.68162692847125,207,insufficient data,1,0.27784579538565135,0.27784579538565135,9,89,1426,409,"BG,LT,PL,RO",TRUE,FALSE
xyl_lin,borer,C,pit_spp,borer,0.24674766441230933,0.004924338218378052,insufficient data,DE,29.38288920056101,92,insufficient data,1,0.24674766441230933,0.24674766441230933,4,31,1426,419,"AT,CZ,HR,SI",FALSE,FALSE
xyl_lin,borer,C,pis_pin,borer,0.21742164189690152,0.19255696144258902,insufficient data,DE,1.6129032258064515,138,insufficient data,1,0.21742164189690152,0.21742164189690152,6,53,1426,23,LT,FALSE,FALSE
xyl_lin,borer,C,sco_sco,borer,0.20069455823759416,0.19237268515923875,insufficient data,DE,1.6129032258064515,115,insufficient data,1,0.20069455823759416,0.20069455823759416,5,25,1426,23,LT,FALSE,FALSE
xyl_lin,borer,C,uro_sir_spp,borer,0.19568165715823388,0.11953850226785791,insufficient data,DE,0,92,insufficient data,1,0.19568165715823388,0.19568165715823388,4,12,1426,0,NA,FALSE,FALSE
xyl_lin,borer,C,agr_vir,borer,-0.1922649887915832,-0.2767925559352295,insufficient data,DE,0,184,insufficient data,1,-0.1922649887915832,-0.1922649887915832,8,32,1426,0,NA,TRUE,FALSE
xyl_lin,borer,C,sco_rat,borer,0.1887369291439691,0.41430980380627935,insufficient data,DE,14.516129032258064,69,insufficient data,1,0.1887369291439691,0.1887369291439691,3,37,1426,207,"CZ,LT",TRUE,FALSE
xyl_lin,borer,C,dip_sp,defoliator,0.18762955158591144,0.14816142136161947,insufficient data,DE,38.70967741935484,184,insufficient data,1,0.18762955158591144,0.18762955158591144,8,46,1426,552,"AT,LT,PL",FALSE,FALSE
xyl_lin,borer,C,pit_bid,borer,0.1729300942397273,0.14942763582231902,insufficient data,DE,0,115,insufficient data,1,0.1729300942397273,0.1729300942397273,5,62,1426,0,NA,FALSE,FALSE
xyl_lin,borer,C,tha_pro,defoliator,0.16507154086640408,0.25071841199144834,insufficient data,DE,0,207,insufficient data,1,0.16507154086640408,0.16507154086640408,9,72,1426,0,NA,TRUE,FALSE
xyl_lin,borer,C,tet_gab,borer,0.16409591346371794,0.1383666669189238,insufficient data,DE,26.157082748948106,184,insufficient data,1,0.16409591346371794,0.16409591346371794,8,48,1426,373,"AT,CZ",FALSE,FALSE
xyl_lin,borer,C,Def_dec,defoliator,-0.15882600672809638,-0.0776690770645014,insufficient data,DE,0,46,insufficient data,1,-0.15882600672809638,-0.15882600672809638,2,2,1426,0,NA,FALSE,TRUE
xyl_lin,borer,C,pri_abi,defoliator,0.15406291978712452,0.09858619927008211,insufficient data,DE,12.903225806451612,184,insufficient data,1,0.15406291978712452,0.15406291978712452,8,45,1426,184,CZ,FALSE,FALSE
xyl_lin,borer,C,ips_typ,borer,0.1486321035438791,0.11178664884945308,insufficient data,DE,80.15427769985975,230,insufficient data,1,0.1486321035438791,0.1486321035438791,10,139,1426,1143,"AT,BG,CH,CZ,FI,HR,HU,IT,LT,PL,RO,RS,SE,SI,SK",FALSE,FALSE
xyl_lin,borer,C,geo_db,defoliator,0.12209721654557396,0.28127738135398567,insufficient data,DE,29.94389901823282,161,insufficient data,1,0.12209721654557396,0.12209721654557396,7,39,1426,427,"BG,HR,LT,PL,RO",TRUE,FALSE
xyl_lin,borer,C,pit_cha,borer,0.11529754035762718,0.09633960731364875,insufficient data,DE,19.635343618513325,230,insufficient data,1,0.11529754035762718,0.11529754035762718,10,138,1426,280,"AT,IT,LT,SI,SK",FALSE,FALSE
xyl_lin,borer,C,tom_spp,borer,0.10250653376240551,0.060113336286536374,insufficient data,DE,51.61290322580645,230,insufficient data,1,0.10250653376240551,0.10250653376240551,10,128,1426,736,"AT,CZ,LT,PL",FALSE,FALSE
xyl_lin,borer,C,Def_dec&DB,defoliator,-0.09314944036378515,-0.018327512319817947,insufficient data,DE,26.157082748948106,138,insufficient data,1,-0.09314944036378515,-0.09314944036378515,6,34,1426,373,"AT,CZ",FALSE,TRUE
xyl_lin,borer,C,lym_dis,defoliator,-0.09262171471154892,-0.14203859583426898,insufficient data,DE,37.02664796633941,184,insufficient data,1,-0.09262171471154892,-0.09262171471154892,8,50,1426,528,"AT,BG,CZ,HR,HU,LT,RO,RS,SK",FALSE,FALSE
xyl_lin,borer,C,tet_spp,borer,0.08659942607938206,0.053712320136518124,insufficient data,DE,0,161,insufficient data,1,0.08659942607938206,0.08659942607938206,7,37,1426,0,NA,FALSE,FALSE
xyl_lin,borer,C,lym_mon,defoliator,0.08258686148283656,0.03543121525802586,insufficient data,DE,38.35904628330996,161,insufficient data,1,0.08258686148283656,0.08258686148283656,7,47,1426,547,"CZ,LT,PL",FALSE,FALSE
xyl_lin,borer,C,ips_sex,borer,0.08162039870238538,0.025321446062323862,insufficient data,DE,14.165497896213184,184,insufficient data,1,0.08162039870238538,0.08162039870238538,8,75,1426,202,"BG,CZ",FALSE,FALSE
xyl_lin,borer,C,neo_ser,defoliator,0.08057980581614524,-0.02099653902038721,insufficient data,DE,14.165497896213184,46,insufficient data,1,0.08057980581614524,0.08057980581614524,2,11,1426,202,"BG,CZ",FALSE,FALSE
xyl_lin,borer,C,agr_big,borer,0.0606327788079029,0.04957011027923417,insufficient data,DE,23.842917251051894,230,insufficient data,1,0.0606327788079029,0.0606327788079029,10,103,1426,340,PL,FALSE,FALSE
xyl_lin,borer,C,den_mic,borer,-0.03725343431019633,-0.3259775661906663,insufficient data,DE,14.516129032258064,23,insufficient data,1,-0.03725343431019633,-0.03725343431019633,1,1,1426,207,"CZ,LT",TRUE,FALSE
xyl_lin,borer,C,ips_acu,borer,-0.03336637612581675,-0.074190052671126,insufficient data,DE,41.164095371669006,138,insufficient data,1,-0.03336637612581675,-0.03336637612581675,6,52,1426,587,"BG,CZ,LT,PL,SK",FALSE,FALSE
xyl_lin,borer,C,pha_cya,borer,0.026680925184946237,-0.04938268861963407,insufficient data,DE,51.61290322580645,230,insufficient data,1,0.026680925184946237,0.026680925184946237,10,122,1426,736,"AT,CZ,LT,PL",FALSE,FALSE
xyl_lin,borer,C,zei_gri,defoliator,0.02333864118750081,-0.1649289430327809,insufficient data,DE,12.903225806451612,23,insufficient data,1,0.02333864118750081,0.02333864118750081,1,4,1426,184,CZ,FALSE,FALSE
xyl_lin,borer,C,sco_int,borer,-0.007317605651569363,0.05136828872515962,insufficient data,DE,12.903225806451612,184,insufficient data,1,-0.007317605651569363,-0.007317605651569363,8,51,1426,184,CZ,FALSE,FALSE
xyl_lin,borer,C,era_def,defoliator,0.004492547465887175,0.02470364993919775,insufficient data,DE,0,207,insufficient data,1,0.004492547465887175,0.004492547465887175,9,33,1426,0,NA,FALSE,FALSE
xyl_lin,borer,C,ope_spp,defoliator,0.003398576897489748,0.04665859310809628,insufficient data,DE,0,207,insufficient data,1,0.003398576897489748,0.003398576897489748,9,37,1426,0,NA,FALSE,FALSE
xyl_lin,borer,C,mel_spp,defoliator,-7.821162001359268e-4,-0.03374624863947371,insufficient data,DE,23.842917251051894,184,insufficient data,1,-7.821162001359268e-4,-7.821162001359268e-4,8,35,1426,340,PL,FALSE,FALSE
xyl_lin,borer,C,cep_spp,defoliator,NA,NA,insufficient data,NA,12.903225806451612,0,insufficient data,0,NA,NA,0,0,1426,184,CZ,FALSE,FALSE
xyl_lin,borer,C,clo_ana,defoliator,NA,NA,insufficient data,NA,1.6129032258064515,0,insufficient data,0,NA,NA,0,0,1426,23,RO,FALSE,FALSE
xyl_lin,borer,C,ips_dup,borer,NA,NA,insufficient data,NA,15.918653576437588,0,insufficient data,0,NA,NA,0,0,1426,227,"CZ,RO,SK",FALSE,FALSE
xyl_lin,borer,C,pol_pol,borer,NA,NA,insufficient data,NA,14.516129032258064,0,insufficient data,0,NA,NA,0,0,1426,207,"CZ,LT",FALSE,FALSE
xyl_spp,borer,B,pis_pin,borer,0.3833883761546389,0.3363250003602539,insufficient data,DE,1.6129032258064515,161,insufficient data,1,0.3833883761546389,0.3833883761546389,7,55,1426,23,LT,TRUE,FALSE
xyl_spp,borer,B,ips_typ,borer,0.3060653837916277,0.2603440667168601,insufficient data,DE,80.15427769985975,253,insufficient data,1,0.3060653837916277,0.3060653837916277,11,121,1426,1143,"AT,BG,CH,CZ,FI,HR,HU,IT,LT,PL,RO,RS,SE,SI,SK",TRUE,FALSE
xyl_spp,borer,C,tha_pit,defoliator,-0.6727864719718979,-0.7834635769199595,insufficient data,DE,2.8751753155680224,23,insufficient data,1,-0.6727864719718979,-0.6727864719718979,1,10,1426,41,"BG,HR",TRUE,FALSE
xyl_spp,borer,C,xyl_lin,borer,0.5789800273779526,0.5659284814263518,insufficient data,DE,0,230,insufficient data,1,0.5789800273779526,0.5789800273779526,10,118,1426,0,NA,TRUE,FALSE
xyl_spp,borer,C,CambXyl_con&MD,borer,0.3834003930964955,0.33519360088124883,insufficient data,DE,12.903225806451612,23,insufficient data,1,0.3834003930964955,0.3834003930964955,1,5,1426,184,CZ,TRUE,TRUE
xyl_spp,borer,C,ips_cem,borer,0.3436019344431189,0.2549609707765595,insufficient data,DE,0,253,insufficient data,1,0.3436019344431189,0.3436019344431189,11,122,1426,0,NA,TRUE,FALSE
xyl_spp,borer,C,CambXyl_con&BB_con&SM,borer,-0.3103685696707953,-0.015208859256744162,insufficient data,DE,0,46,insufficient data,1,-0.3103685696707953,-0.3103685696707953,2,1,1426,0,NA,FALSE,TRUE
xyl_spp,borer,C,pit_bid,borer,0.2921792341093277,0.12984355328431135,insufficient data,DE,0,115,insufficient data,1,0.2921792341093277,0.2921792341093277,5,61,1426,0,NA,FALSE,FALSE
xyl_spp,borer,C,bup_pin,defoliator,0.28698121489114825,0.20637666813364686,insufficient data,DE,23.842917251051894,184,insufficient data,1,0.28698121489114825,0.28698121489114825,8,45,1426,340,PL,TRUE,FALSE
xyl_spp,borer,C,pha_cya,borer,0.2864029749936338,0.21169255492994424,insufficient data,DE,51.61290322580645,253,insufficient data,1,0.2864029749936338,0.2864029749936338,11,118,1426,736,"AT,CZ,LT,PL",TRUE,FALSE
xyl_spp,borer,C,pan_fla,defoliator,0.26045022010175806,0.09835249358224184,insufficient data,DE,38.35904628330996,138,insufficient data,1,0.26045022010175806,0.26045022010175806,6,26,1426,547,"CZ,LT,PL",FALSE,FALSE
xyl_spp,borer,C,CambXyl_con&BO,borer,0.25422927671137563,0.35834166855491945,insufficient data,DE,1.6129032258064515,46,insufficient data,1,0.25422927671137563,0.25422927671137563,2,4,1426,23,SI,TRUE,TRUE
xyl_spp,borer,C,sco_rat,borer,0.24421893598324806,0.4175743463872228,insufficient data,DE,14.516129032258064,69,insufficient data,1,0.24421893598324806,0.24421893598324806,3,35,1426,207,"CZ,LT",TRUE,FALSE
xyl_spp,borer,C,pit_spp,borer,0.24118365152927246,0.038333447450784534,insufficient data,DE,29.38288920056101,92,insufficient data,1,0.24118365152927246,0.24118365152927246,4,32,1426,419,"AT,CZ,HR,SI",FALSE,FALSE
xyl_spp,borer,C,ips_sex,borer,0.24107923944678716,0.16196954716061568,insufficient data,DE,14.165497896213184,184,insufficient data,1,0.24107923944678716,0.24107923944678716,8,73,1426,202,"BG,CZ",FALSE,FALSE
xyl_spp,borer,C,pit_cha,borer,0.22615246625169083,0.1924921729141541,insufficient data,DE,19.635343618513325,253,insufficient data,1,0.22615246625169083,0.22615246625169083,11,118,1426,280,"AT,IT,LT,SI,SK",FALSE,FALSE
xyl_spp,borer,C,tet_gab,borer,0.2255819374076223,0.17872756624794736,insufficient data,DE,26.157082748948106,207,insufficient data,1,0.2255819374076223,0.2255819374076223,9,42,1426,373,"AT,CZ",FALSE,FALSE
xyl_spp,borer,C,ips_ami,borer,0.2110998605754242,-0.038752904183766104,insufficient data,DE,0,46,insufficient data,1,0.2110998605754242,0.2110998605754242,2,4,1426,0,NA,FALSE,FALSE
xyl_spp,borer,C,tom_spp,borer,0.17196302226035315,0.15068023696111127,insufficient data,DE,51.61290322580645,253,insufficient data,1,0.17196302226035315,0.17196302226035315,11,115,1426,736,"AT,CZ,LT,PL",FALSE,FALSE
xyl_spp,borer,C,sap_car,borer,-0.15711827670663825,NA,insufficient data,DE,0,23,insufficient data,1,-0.15711827670663825,-0.15711827670663825,1,1,1426,0,NA,FALSE,FALSE
xyl_spp,borer,C,zei_gri,defoliator,-0.15610350462591693,-0.3274957243546209,insufficient data,DE,12.903225806451612,23,insufficient data,1,-0.15610350462591693,-0.15610350462591693,1,4,1426,184,CZ,TRUE,FALSE
xyl_spp,borer,C,sco_sco,borer,0.14706445812982097,0.13170444478287668,insufficient data,DE,1.6129032258064515,115,insufficient data,1,0.14706445812982097,0.14706445812982097,5,23,1426,23,LT,FALSE,FALSE
xyl_spp,borer,C,tha_pro,defoliator,0.14150837742776468,0.23067489578325434,insufficient data,DE,0,230,insufficient data,1,0.14150837742776468,0.14150837742776468,10,61,1426,0,NA,TRUE,FALSE
xyl_spp,borer,C,Def_dec&DB,defoliator,0.13987329415948246,0.13580126093502698,insufficient data,DE,26.157082748948106,161,insufficient data,1,0.13987329415948246,0.13987329415948246,7,26,1426,373,"AT,CZ",FALSE,TRUE
xyl_spp,borer,C,neo_ser,defoliator,0.1396057422978602,0.055437061670985645,insufficient data,DE,14.165497896213184,46,insufficient data,1,0.1396057422978602,0.1396057422978602,2,12,1426,202,"BG,CZ",FALSE,FALSE
xyl_spp,borer,C,pri_abi,defoliator,0.1359588825238368,0.0856587314684176,insufficient data,DE,12.903225806451612,184,insufficient data,1,0.1359588825238368,0.1359588825238368,8,45,1426,184,CZ,FALSE,FALSE
xyl_spp,borer,C,dip_sp,defoliator,0.135597709708527,0.13437191477863986,insufficient data,DE,38.70967741935484,207,insufficient data,1,0.135597709708527,0.135597709708527,9,46,1426,552,"AT,LT,PL",FALSE,FALSE
xyl_spp,borer,C,sco_int,borer,0.13494794262307708,0.22214850186215354,insufficient data,DE,12.903225806451612,184,insufficient data,1,0.13494794262307708,0.13494794262307708,8,48,1426,184,CZ,TRUE,FALSE
xyl_spp,borer,C,tor_vir,defoliator,0.1305666336620319,0.11673582002636808,insufficient data,DE,28.68162692847125,230,insufficient data,1,0.1305666336620319,0.1305666336620319,10,81,1426,409,"BG,LT,PL,RO",FALSE,FALSE
xyl_spp,borer,C,lym_mon,defoliator,0.1195009147257254,0.07217810809605579,insufficient data,DE,38.35904628330996,184,insufficient data,1,0.1195009147257254,0.1195009147257254,8,48,1426,547,"CZ,LT,PL",FALSE,FALSE
xyl_spp,borer,C,agr_vir,borer,-0.1170737818533673,-0.2220099614646706,insufficient data,DE,0,207,insufficient data,1,-0.1170737818533673,-0.1170737818533673,9,30,1426,0,NA,TRUE,FALSE
xyl_spp,borer,C,agr_big,borer,0.09401765810216339,0.0852122690137859,insufficient data,DE,23.842917251051894,253,insufficient data,1,0.09401765810216339,0.09401765810216339,11,93,1426,340,PL,FALSE,FALSE
xyl_spp,borer,C,den_pin,defoliator,0.09399678264424874,0.08340177347787014,insufficient data,DE,25.455820476858346,115,insufficient data,1,0.09399678264424874,0.09399678264424874,5,30,1426,363,"LT,PL",FALSE,FALSE
xyl_spp,borer,C,den_mic,borer,-0.0825349731013383,-0.26058085612194787,insufficient data,DE,14.516129032258064,23,insufficient data,1,-0.0825349731013383,-0.0825349731013383,1,0,1426,207,"CZ,LT",TRUE,FALSE
xyl_spp,borer,C,geo_db,defoliator,-0.05460910622914823,0.2646776443473938,insufficient data,DE,29.94389901823282,161,insufficient data,1,-0.05460910622914823,-0.05460910622914823,7,37,1426,427,"BG,HR,LT,PL,RO",FALSE,FALSE
xyl_spp,borer,C,era_def,defoliator,-0.05174667231566433,-0.04013729168960273,insufficient data,DE,0,230,insufficient data,1,-0.05174667231566433,-0.05174667231566433,10,26,1426,0,NA,FALSE,FALSE
xyl_spp,borer,C,Def_dec,defoliator,-0.04790893656529612,0.009412435917109276,insufficient data,DE,0,46,insufficient data,1,-0.04790893656529612,-0.04790893656529612,2,1,1426,0,NA,FALSE,TRUE
xyl_spp,borer,C,lym_dis,defoliator,0.04286681876578998,-0.02327364459031797,insufficient data,DE,37.02664796633941,207,insufficient data,1,0.04286681876578998,0.04286681876578998,9,50,1426,528,"AT,BG,CZ,HR,HU,LT,RO,RS,SK",FALSE,FALSE
xyl_spp,borer,C,ips_acu,borer,0.03803983299095406,-0.06403117587685486,insufficient data,DE,41.164095371669006,161,insufficient data,1,0.03803983299095406,0.03803983299095406,7,50,1426,587,"BG,CZ,LT,PL,SK",FALSE,FALSE
xyl_spp,borer,C,ope_spp,defoliator,0.024234432424789756,0.0244997332723996,insufficient data,DE,0,207,insufficient data,1,0.024234432424789756,0.024234432424789756,9,32,1426,0,NA,FALSE,FALSE
xyl_spp,borer,C,CambXyl_con&BB_con&BO,borer,0.018922301649942113,0.08090637722789795,insufficient data,DE,14.866760168302946,69,insufficient data,1,0.018922301649942113,0.018922301649942113,3,4,1426,212,"AT,HR",FALSE,TRUE
xyl_spp,borer,C,mel_spp,defoliator,-0.017471893717549987,-0.03064944830134782,insufficient data,DE,23.842917251051894,207,insufficient data,1,-0.017471893717549987,-0.017471893717549987,9,35,1426,340,PL,FALSE,FALSE
xyl_spp,borer,C,tet_spp,borer,0.016823916076906423,-0.005778130158244033,insufficient data,DE,0,184,insufficient data,1,0.016823916076906423,0.016823916076906423,8,27,1426,0,NA,FALSE,FALSE
xyl_spp,borer,C,uro_sir_spp,borer,0.005503700160225675,-0.01411203464368005,insufficient data,DE,0,92,insufficient data,1,0.005503700160225675,0.005503700160225675,4,6,1426,0,NA,FALSE,FALSE
xyl_spp,borer,C,cep_spp,defoliator,NA,NA,insufficient data,NA,12.903225806451612,0,insufficient data,0,NA,NA,0,0,1426,184,CZ,FALSE,FALSE
xyl_spp,borer,C,clo_ana,defoliator,NA,NA,insufficient data,NA,1.6129032258064515,0,insufficient data,0,NA,NA,0,0,1426,23,RO,FALSE,FALSE
xyl_spp,borer,C,ips_dup,borer,NA,NA,insufficient data,NA,15.918653576437588,0,insufficient data,0,NA,NA,0,0,1426,227,"CZ,RO,SK",FALSE,FALSE
xyl_spp,borer,C,pol_pol,borer,NA,NA,insufficient data,NA,14.516129032258064,0,insufficient data,0,NA,NA,0,0,1426,207,"CZ,LT",FALSE,FALSE
zei_gri,defoliator,C,pit_bid,borer,-0.3778711320327924,-0.23677899725493032,insufficient data,DE,0,23,insufficient data,1,-0.3778711320327924,-0.3778711320327924,1,2,1242,0,NA,TRUE,FALSE
zei_gri,defoliator,C,pan_fla,defoliator,0.2894964075144088,0.3535271795745735,inconsistent,"CZ,DE",29.22705314009662,46,inconsistent,2,-0.031112637108863035,0.6101054521376807,2,2,1242,363,"LT,PL",TRUE,FALSE
zei_gri,defoliator,C,den_pin,defoliator,-0.19018198491410837,-0.24373345180880454,insufficient data,DE,29.22705314009662,23,insufficient data,1,-0.19018198491410837,-0.19018198491410837,1,0,1242,363,"LT,PL",TRUE,FALSE
zei_gri,defoliator,C,tet_gab,borer,-0.17663183388472267,-0.19052989955152616,consistent,"CZ,DE",15.217391304347826,69,consistent,2,-0.18621033320131222,-0.1718425842264279,3,2,1242,189,AT,FALSE,FALSE
zei_gri,defoliator,C,pri_abi,defoliator,-0.17291216853200186,0.029521248198493995,inconsistent,"CZ,DE",0,161,consistent,2,-0.2446020681405268,0.2572272291191479,7,51,1242,0,NA,FALSE,FALSE
zei_gri,defoliator,C,xyl_spp,borer,-0.15610350462591693,-0.3274957243546209,insufficient data,DE,0,23,insufficient data,1,-0.15610350462591693,-0.15610350462591693,1,4,1242,0,NA,TRUE,FALSE
zei_gri,defoliator,C,ips_cem,borer,-0.15296503764945543,-0.20771879122525042,insufficient data,DE,0,23,insufficient data,1,-0.15296503764945543,-0.15296503764945543,1,4,1242,0,NA,TRUE,FALSE
zei_gri,defoliator,C,pol_pol,borer,-0.1448021470525006,-0.09668356186642245,insufficient data,CZ,1.8518518518518519,161,insufficient data,1,-0.1448021470525006,-0.1448021470525006,7,58,1242,23,LT,FALSE,FALSE
zei_gri,defoliator,C,mel_spp,defoliator,0.14383660286916528,0.12894555502531332,insufficient data,DE,27.375201288244767,23,insufficient data,1,0.14383660286916528,0.14383660286916528,1,2,1242,340,PL,FALSE,FALSE
zei_gri,defoliator,C,sco_sco,borer,0.14029028071059302,-0.024871872632628987,insufficient data,DE,1.8518518518518519,23,insufficient data,1,0.14029028071059302,0.14029028071059302,1,1,1242,23,LT,FALSE,FALSE
zei_gri,defoliator,C,agr_vir,borer,-0.13775445706015418,0.079396921892454,insufficient data,DE,0,23,insufficient data,1,-0.13775445706015418,-0.13775445706015418,1,0,1242,0,NA,FALSE,FALSE
zei_gri,defoliator,C,ope_spp,defoliator,0.12688204890511523,0.41413975417592763,insufficient data,DE,0,23,insufficient data,1,0.12688204890511523,0.12688204890511523,1,2,1242,0,NA,TRUE,FALSE
zei_gri,defoliator,C,geo_db,defoliator,-0.11970291279339365,-0.39980411255574,insufficient data,DE,34.38003220611916,23,insufficient data,1,-0.11970291279339365,-0.11970291279339365,1,2,1242,427,"BG,HR,LT,PL,RO",TRUE,FALSE
zei_gri,defoliator,C,ips_sex,borer,-0.10343016619441693,0.0553918710317288,consistent,"CZ,DE",1.4492753623188406,184,consistent,2,-0.1824975724914392,-0.09213482243769948,8,67,1242,18,BG,FALSE,FALSE
zei_gri,defoliator,C,tor_vir,defoliator,-0.0991223611896074,0.02107639669685038,insufficient data,DE,32.930756843800324,23,insufficient data,1,-0.0991223611896074,-0.0991223611896074,1,4,1242,409,"BG,LT,PL,RO",FALSE,FALSE
zei_gri,defoliator,C,Def_dec,defoliator,-0.09766853508096923,-0.19945998088079495,insufficient data,DE,0,23,insufficient data,1,-0.09766853508096923,-0.09766853508096923,1,0,1242,0,NA,FALSE,TRUE
zei_gri,defoliator,C,tet_spp,borer,-0.09766853508096923,-0.05460698777143614,insufficient data,DE,0,23,insufficient data,1,-0.09766853508096923,-0.09766853508096923,1,0,1242,0,NA,FALSE,FALSE
zei_gri,defoliator,C,uro_sir_spp,borer,-0.09766853508096923,0.00352768763747443,insufficient data,DE,0,23,insufficient data,1,-0.09766853508096923,-0.09766853508096923,1,0,1242,0,NA,FALSE,FALSE
zei_gri,defoliator,C,den_mic,borer,-0.0968452048716532,-0.04583028215035987,insufficient data,CZ,1.8518518518518519,23,insufficient data,1,-0.0968452048716532,-0.0968452048716532,1,0,1242,23,LT,FALSE,FALSE
zei_gri,defoliator,C,dip_sp,defoliator,-0.09256578997880191,-0.32130051839462176,insufficient data,DE,44.44444444444444,23,insufficient data,1,-0.09256578997880191,-0.09256578997880191,1,2,1242,552,"AT,LT,PL",TRUE,FALSE
zei_gri,defoliator,C,Def_dec&DB,defoliator,-0.09056968796497658,0.02163061807244473,consistent,"CZ,DE",15.217391304347826,184,inconsistent,2,-0.09766853508096923,-0.0895555669484062,8,55,1242,189,AT,FALSE,TRUE
zei_gri,defoliator,C,pit_cha,borer,-0.08515120707103326,-0.06099757689146905,insufficient data,DE,22.544283413848632,23,insufficient data,1,-0.08515120707103326,-0.08515120707103326,1,4,1242,280,"AT,IT,LT,SI,SK",FALSE,FALSE
zei_gri,defoliator,C,ips_acu,borer,-0.08139074699949432,0.1461728252649335,consistent,"CZ,DE",32.447665056360705,184,consistent,2,-0.24817016631918246,-0.05756511566811031,8,69,1242,403,"BG,LT,PL,SK",FALSE,FALSE
zei_gri,defoliator,C,ips_dup,borer,0.07410008759150935,0.018611316737836926,insufficient data,CZ,3.4621578099838968,161,insufficient data,1,0.07410008759150935,0.07410008759150935,7,69,1242,43,"RO,SK",FALSE,FALSE
zei_gri,defoliator,C,lym_dis,defoliator,0.06364662224101415,0.13288173808019027,consistent,"CZ,DE",27.697262479871174,138,consistent,2,0.04708345119231212,0.14646247748452437,6,10,1242,344,"AT,BG,HR,HU,LT,RO,RS,SK",FALSE,FALSE
zei_gri,defoliator,C,tom_spp,borer,-0.06250113782993941,0.05425521200857946,inconsistent,"CZ,DE",44.44444444444444,184,inconsistent,2,-0.3637306060810667,-0.01946835665120693,8,75,1242,552,"AT,LT,PL",FALSE,FALSE
zei_gri,defoliator,C,bup_pin,defoliator,0.05686098573937332,-0.12454896903754606,insufficient data,DE,27.375201288244767,23,insufficient data,1,0.05686098573937332,0.05686098573937332,1,1,1242,340,PL,FALSE,FALSE
zei_gri,defoliator,C,ips_typ,borer,-0.056634448063355484,-0.004044081905767608,consistent,"CZ,DE",77.21417069243157,184,inconsistent,2,-0.21936721309081564,-0.033386910202289746,8,76,1242,959,"AT,BG,CH,FI,HR,HU,IT,LT,PL,RO,RS,SE,SI,SK",FALSE,FALSE
zei_gri,defoliator,C,neo_ser,defoliator,-0.0476576999545067,0.08262051785260147,inconsistent,"CZ,DE",1.4492753623188406,69,consistent,2,-0.16871715419616914,0.19446120852881824,3,3,1242,18,BG,FALSE,FALSE
zei_gri,defoliator,C,pis_pin,borer,0.04548936441277936,-0.18584369347772084,insufficient data,DE,1.8518518518518519,23,insufficient data,1,0.04548936441277936,0.04548936441277936,1,4,1242,23,LT,FALSE,FALSE
zei_gri,defoliator,C,lym_mon,defoliator,0.04206584395751018,0.1175638758456738,inconsistent,"CZ,DE",29.22705314009662,161,inconsistent,2,-0.04527870734875965,0.5661331517951291,7,51,1242,363,"LT,PL",FALSE,FALSE
zei_gri,defoliator,C,pha_cya,borer,-0.039492033826317004,0.07782316763376174,inconsistent,"CZ,DE",44.44444444444444,184,inconsistent,2,-0.31477949687454415,-1.6525339085598863e-4,8,69,1242,552,"AT,LT,PL",FALSE,FALSE
zei_gri,defoliator,C,CambXyl_con&MD,borer,-0.0335578961466258,0.022567776224732276,insufficient data,CZ,0,161,insufficient data,1,-0.0335578961466258,-0.0335578961466258,7,58,1242,0,NA,FALSE,TRUE
zei_gri,defoliator,C,cep_spp,defoliator,0.03014999269485231,0.045621696807565074,insufficient data,CZ,0,161,insufficient data,1,0.03014999269485231,0.03014999269485231,7,53,1242,0,NA,FALSE,FALSE
zei_gri,defoliator,C,xyl_lin,borer,0.02333864118750081,-0.1649289430327809,insufficient data,DE,0,23,insufficient data,1,0.02333864118750081,0.02333864118750081,1,4,1242,0,NA,FALSE,FALSE
zei_gri,defoliator,C,pit_spp,borer,-0.020617565990020396,0.14600812189071463,insufficient data,CZ,18.92109500805153,161,insufficient data,1,-0.020617565990020396,-0.020617565990020396,7,58,1242,235,"AT,HR,SI",FALSE,FALSE
zei_gri,defoliator,C,sco_rat,borer,-0.016113062756124046,0.03191887314071898,inconsistent,"CZ,DE",1.8518518518518519,184,inconsistent,2,-0.17919774174202865,0.007184748527576616,8,42,1242,23,LT,FALSE,FALSE
zei_gri,defoliator,C,agr_big,borer,0.006149642809086199,-0.005466199135774032,insufficient data,DE,27.375201288244767,23,insufficient data,1,0.006149642809086199,0.006149642809086199,1,2,1242,340,PL,FALSE,FALSE
zei_gri,defoliator,C,sco_int,borer,-0.005026221841110531,0.05944061787492932,inconsistent,"CZ,DE",0,184,consistent,2,-0.09529260254344465,0.007868975402080059,8,43,1242,0,NA,FALSE,FALSE
zei_gri,defoliator,C,CambXyl_con&BB_con&BO,borer,NA,NA,insufficient data,NA,17.06924315619968,0,insufficient data,0,NA,NA,0,0,1242,212,"AT,HR",FALSE,TRUE
zei_gri,defoliator,C,CambXyl_con&BB_con&SM,borer,NA,NA,insufficient data,NA,0,0,insufficient data,0,NA,NA,0,0,1242,0,NA,FALSE,TRUE
zei_gri,defoliator,C,CambXyl_con&BO,borer,NA,NA,insufficient data,NA,1.8518518518518519,0,insufficient data,0,NA,NA,0,0,1242,23,SI,FALSE,TRUE
zei_gri,defoliator,C,clo_ana,defoliator,NA,NA,insufficient data,NA,1.8518518518518519,0,insufficient data,0,NA,NA,0,0,1242,23,RO,FALSE,FALSE
zei_gri,defoliator,C,era_def,defoliator,NA,NA,insufficient data,NA,0,0,insufficient data,0,NA,NA,0,0,1242,0,NA,FALSE,FALSE
zei_gri,defoliator,C,ips_ami,borer,NA,NA,insufficient data,NA,0,0,insufficient data,0,NA,NA,0,0,1242,0,NA,FALSE,FALSE
zei_gri,defoliator,C,sap_car,borer,NA,NA,insufficient data,NA,0,0,insufficient data,0,NA,NA,0,0,1242,0,NA,FALSE,FALSE
zei_gri,defoliator,C,tha_pit,defoliator,NA,NA,insufficient data,NA,3.3011272141706924,0,insufficient data,0,NA,NA,0,0,1242,41,"BG,HR",FALSE,FALSE
zei_gri,defoliator,C,tha_pro,defoliator,NA,NA,insufficient data,NA,0,0,insufficient data,0,NA,NA,0,0,1242,0,NA,FALSE,FALSE
