species_a,species_b,version,dropped_country,n_without,r_without
CambXyl_con&BB_con&BO,CambXyl_con&BB_con&SM,z_within,DE,0,NA
CambXyl_con&BB_con&BO,CambXyl_con&BO,z_within,DE,0,NA
CambXyl_con&BB_con&BO,CambXyl_con&MD,z_within,DE,0,NA
CambXyl_con&BB_con&BO,Def_dec&DB,z_within,AT,69,0.47585118149588834
CambXyl_con&BB_con&BO,Def_dec&DB,z_within,DE,126,-0.021836648893794247
CambXyl_con&BB_con&BO,agr_big,z_within,DE,0,NA
CambXyl_con&BB_con&BO,agr_vir,z_within,DE,0,NA
CambXyl_con&BB_con&BO,bup_pin,z_within,DE,0,NA
CambXyl_con&BB_con&BO,dip_sp,z_within,AT,69,-0.1922525482050706
CambXyl_con&BB_con&BO,dip_sp,z_within,DE,105,0.14611543831213347
CambXyl_con&BB_con&BO,era_def,z_within,DE,0,NA
CambXyl_con&BB_con&BO,geo_db,z_within,DE,23,-0.25532602862093584
CambXyl_con&BB_con&BO,geo_db,z_within,HR,46,0.2148601968494862
CambXyl_con&BB_con&BO,ips_acu,z_within,DE,0,NA
CambXyl_con&BB_con&BO,ips_cem,z_within,DE,0,NA
CambXyl_con&BB_con&BO,ips_sex,z_within,DE,0,NA
CambXyl_con&BB_con&BO,ips_typ,z_within,AT,92,0.2711932379222248
CambXyl_con&BB_con&BO,ips_typ,z_within,DE,191,0.3299526911578961
CambXyl_con&BB_con&BO,ips_typ,z_within,HR,237,0.19196422306783964
CambXyl_con&BB_con&BO,lym_dis,z_within,AT,92,0.25224581239283306
CambXyl_con&BB_con&BO,lym_dis,z_within,DE,149,0.2136656170372055
CambXyl_con&BB_con&BO,lym_dis,z_within,HR,195,0.21425233288859513
CambXyl_con&BB_con&BO,lym_mon,z_within,DE,0,NA
CambXyl_con&BB_con&BO,mel_spp,z_within,DE,0,NA
CambXyl_con&BB_con&BO,ope_spp,z_within,DE,0,NA
CambXyl_con&BB_con&BO,pan_fla,z_within,DE,0,NA
CambXyl_con&BB_con&BO,pha_cya,z_within,AT,69,0.3337735680578152
CambXyl_con&BB_con&BO,pha_cya,z_within,DE,147,0.24575175406797495
CambXyl_con&BB_con&BO,pis_pin,z_within,DE,0,NA
CambXyl_con&BB_con&BO,pit_bid,z_within,DE,0,NA
CambXyl_con&BB_con&BO,pit_cha,z_within,AT,69,0.09185348069147886
CambXyl_con&BB_con&BO,pit_cha,z_within,DE,168,0.2764092411018371
CambXyl_con&BB_con&BO,pit_spp,z_within,AT,69,0.04799635895990905
CambXyl_con&BB_con&BO,pit_spp,z_within,DE,149,0.3798553757167974
CambXyl_con&BB_con&BO,pit_spp,z_within,HR,172,0.21658936699240286
CambXyl_con&BB_con&BO,pri_abi,z_within,DE,0,NA
CambXyl_con&BB_con&BO,sco_int,z_within,DE,0,NA
CambXyl_con&BB_con&BO,sco_sco,z_within,DE,0,NA
CambXyl_con&BB_con&BO,tet_gab,z_within,AT,69,0.12580329777419452
CambXyl_con&BB_con&BO,tet_gab,z_within,DE,105,0.03880199815919929
CambXyl_con&BB_con&BO,tet_spp,z_within,DE,0,NA
CambXyl_con&BB_con&BO,tha_pit,z_within,HR,0,NA
CambXyl_con&BB_con&BO,tha_pro,z_within,DE,0,NA
CambXyl_con&BB_con&BO,tom_spp,z_within,AT,69,0.43747384829482266
CambXyl_con&BB_con&BO,tom_spp,z_within,DE,168,0.5809419408765234
CambXyl_con&BB_con&BO,tor_vir,z_within,DE,0,NA
CambXyl_con&BB_con&BO,uro_sir_spp,z_within,DE,0,NA
CambXyl_con&BB_con&BO,xyl_lin,z_within,DE,0,NA
CambXyl_con&BB_con&BO,xyl_spp,z_within,DE,0,NA
CambXyl_con&BB_con&SM,CambXyl_con&BO,z_within,DE,0,NA
CambXyl_con&BB_con&SM,CambXyl_con&MD,z_within,DE,0,NA
CambXyl_con&BB_con&SM,Def_dec&DB,z_within,DE,0,NA
CambXyl_con&BB_con&SM,agr_big,z_within,DE,0,NA
CambXyl_con&BB_con&SM,agr_vir,z_within,DE,0,NA
CambXyl_con&BB_con&SM,dip_sp,z_within,DE,0,NA
CambXyl_con&BB_con&SM,era_def,z_within,DE,0,NA
CambXyl_con&BB_con&SM,geo_db,z_within,DE,0,NA
CambXyl_con&BB_con&SM,ips_acu,z_within,DE,0,NA
CambXyl_con&BB_con&SM,ips_cem,z_within,DE,0,NA
CambXyl_con&BB_con&SM,ips_sex,z_within,DE,0,NA
CambXyl_con&BB_con&SM,ips_typ,z_within,DE,0,NA
CambXyl_con&BB_con&SM,lym_dis,z_within,DE,0,NA
CambXyl_con&BB_con&SM,mel_spp,z_within,DE,0,NA
CambXyl_con&BB_con&SM,ope_spp,z_within,DE,0,NA
CambXyl_con&BB_con&SM,pha_cya,z_within,DE,0,NA
CambXyl_con&BB_con&SM,pis_pin,z_within,DE,0,NA
CambXyl_con&BB_con&SM,pit_bid,z_within,DE,0,NA
CambXyl_con&BB_con&SM,pit_cha,z_within,DE,0,NA
CambXyl_con&BB_con&SM,pit_spp,z_within,DE,0,NA
CambXyl_con&BB_con&SM,pri_abi,z_within,DE,0,NA
CambXyl_con&BB_con&SM,sco_int,z_within,DE,0,NA
CambXyl_con&BB_con&SM,sco_sco,z_within,DE,0,NA
CambXyl_con&BB_con&SM,tet_gab,z_within,DE,0,NA
CambXyl_con&BB_con&SM,tet_spp,z_within,DE,0,NA
CambXyl_con&BB_con&SM,tha_pro,z_within,DE,0,NA
CambXyl_con&BB_con&SM,tom_spp,z_within,DE,0,NA
CambXyl_con&BB_con&SM,tor_vir,z_within,DE,0,NA
CambXyl_con&BB_con&SM,uro_sir_spp,z_within,DE,0,NA
CambXyl_con&BB_con&SM,xyl_lin,z_within,DE,0,NA
CambXyl_con&BB_con&SM,xyl_spp,z_within,DE,0,NA
CambXyl_con&BO,CambXyl_con&MD,z_within,DE,0,NA
CambXyl_con&BO,Def_dec&DB,z_within,DE,0,NA
CambXyl_con&BO,agr_big,z_within,DE,0,NA
CambXyl_con&BO,agr_vir,z_within,DE,0,NA
CambXyl_con&BO,dip_sp,z_within,DE,0,NA
CambXyl_con&BO,era_def,z_within,DE,0,NA
CambXyl_con&BO,geo_db,z_within,DE,0,NA
CambXyl_con&BO,ips_acu,z_within,DE,0,NA
CambXyl_con&BO,ips_cem,z_within,DE,0,NA
CambXyl_con&BO,ips_sex,z_within,DE,0,NA
CambXyl_con&BO,ips_typ,z_within,DE,23,0.2470652952898162
CambXyl_con&BO,ips_typ,z_within,SI,46,0.14997136657978294
CambXyl_con&BO,lym_dis,z_within,DE,0,NA
CambXyl_con&BO,mel_spp,z_within,DE,0,NA
CambXyl_con&BO,ope_spp,z_within,DE,0,NA
CambXyl_con&BO,pha_cya,z_within,DE,0,NA
CambXyl_con&BO,pis_pin,z_within,DE,0,NA
CambXyl_con&BO,pit_bid,z_within,DE,0,NA
CambXyl_con&BO,pit_cha,z_within,DE,23,0.37330814939422097
CambXyl_con&BO,pit_cha,z_within,SI,46,0.11253953796886483
CambXyl_con&BO,pit_spp,z_within,DE,23,0.45338204362045226
CambXyl_con&BO,pit_spp,z_within,SI,46,0.28680140790128006
CambXyl_con&BO,pri_abi,z_within,DE,0,NA
CambXyl_con&BO,sco_int,z_within,DE,0,NA
CambXyl_con&BO,sco_sco,z_within,DE,0,NA
CambXyl_con&BO,tet_gab,z_within,DE,0,NA
CambXyl_con&BO,tet_spp,z_within,DE,0,NA
CambXyl_con&BO,tha_pro,z_within,DE,0,NA
CambXyl_con&BO,tom_spp,z_within,DE,0,NA
CambXyl_con&BO,tor_vir,z_within,DE,0,NA
CambXyl_con&BO,uro_sir_spp,z_within,DE,0,NA
CambXyl_con&BO,xyl_lin,z_within,DE,0,NA
CambXyl_con&BO,xyl_spp,z_within,DE,0,NA
CambXyl_con&MD,Def_dec&DB,z_within,CZ,23,0.20823142389636293
CambXyl_con&MD,Def_dec&DB,z_within,DE,184,-0.06171787797879782
CambXyl_con&MD,agr_big,z_within,DE,0,NA
CambXyl_con&MD,agr_vir,z_within,DE,0,NA
CambXyl_con&MD,cep_spp,z_within,CZ,0,NA
CambXyl_con&MD,den_mic,z_within,CZ,0,NA
CambXyl_con&MD,dip_sp,z_within,DE,0,NA
CambXyl_con&MD,era_def,z_within,DE,0,NA
CambXyl_con&MD,geo_db,z_within,DE,0,NA
CambXyl_con&MD,ips_acu,z_within,CZ,23,-0.287018411535239
CambXyl_con&MD,ips_acu,z_within,DE,184,0.48426142329629607
CambXyl_con&MD,ips_cem,z_within,DE,0,NA
CambXyl_con&MD,ips_dup,z_within,CZ,0,NA
CambXyl_con&MD,ips_sex,z_within,CZ,23,-0.40886788878655883
CambXyl_con&MD,ips_sex,z_within,DE,184,0.34606010349648714
CambXyl_con&MD,ips_typ,z_within,CZ,23,-0.3525099958742969
CambXyl_con&MD,ips_typ,z_within,DE,184,0.3899956184528028
CambXyl_con&MD,lym_dis,z_within,CZ,23,-0.22684908623911468
CambXyl_con&MD,lym_dis,z_within,DE,138,-0.04285289804406137
CambXyl_con&MD,lym_mon,z_within,CZ,0,NA
CambXyl_con&MD,mel_spp,z_within,DE,0,NA
CambXyl_con&MD,neo_ser,z_within,CZ,0,NA
CambXyl_con&MD,ope_spp,z_within,DE,0,NA
CambXyl_con&MD,pan_fla,z_within,CZ,0,NA
CambXyl_con&MD,pha_cya,z_within,CZ,23,-0.5243136442823004
CambXyl_con&MD,pha_cya,z_within,DE,184,0.35306972013168764
CambXyl_con&MD,pis_pin,z_within,DE,0,NA
CambXyl_con&MD,pit_bid,z_within,DE,0,NA
CambXyl_con&MD,pit_cha,z_within,DE,0,NA
CambXyl_con&MD,pit_spp,z_within,CZ,23,0.03263001461107959
CambXyl_con&MD,pit_spp,z_within,DE,184,0.43115595586201805
CambXyl_con&MD,pol_pol,z_within,CZ,0,NA
CambXyl_con&MD,pri_abi,z_within,CZ,23,-0.5159635875696942
CambXyl_con&MD,pri_abi,z_within,DE,161,-0.2025176252277872
CambXyl_con&MD,sco_int,z_within,CZ,23,0.3198081808132602
CambXyl_con&MD,sco_int,z_within,DE,184,0.3392834224013094
CambXyl_con&MD,sco_rat,z_within,CZ,0,NA
CambXyl_con&MD,sco_sco,z_within,DE,0,NA
CambXyl_con&MD,tet_gab,z_within,CZ,23,-0.6303115469932534
CambXyl_con&MD,tet_gab,z_within,DE,46,-0.11750892830317107
CambXyl_con&MD,tet_spp,z_within,DE,0,NA
CambXyl_con&MD,tha_pro,z_within,DE,0,NA
CambXyl_con&MD,tom_spp,z_within,CZ,23,-0.5942723102564771
CambXyl_con&MD,tom_spp,z_within,DE,184,0.34394154860338255
CambXyl_con&MD,tor_vir,z_within,DE,0,NA
CambXyl_con&MD,uro_sir_spp,z_within,DE,0,NA
CambXyl_con&MD,xyl_lin,z_within,DE,0,NA
CambXyl_con&MD,xyl_spp,z_within,DE,0,NA
CambXyl_con&MD,zei_gri,z_within,CZ,0,NA
Def_dec,Def_dec&DB,z_within,DE,0,NA
Def_dec,agr_big,z_within,DE,0,NA
Def_dec,agr_vir,z_within,DE,0,NA
Def_dec,bup_pin,z_within,DE,0,NA
Def_dec,den_pin,z_within,DE,0,NA
Def_dec,dip_sp,z_within,DE,0,NA
Def_dec,era_def,z_within,DE,0,NA
Def_dec,geo_db,z_within,DE,0,NA
Def_dec,ips_acu,z_within,DE,0,NA
Def_dec,ips_cem,z_within,DE,0,NA
Def_dec,ips_sex,z_within,DE,0,NA
Def_dec,ips_typ,z_within,DE,0,NA
Def_dec,lym_dis,z_within,DE,0,NA
Def_dec,lym_mon,z_within,DE,0,NA
Def_dec,mel_spp,z_within,DE,0,NA
Def_dec,neo_ser,z_within,DE,0,NA
Def_dec,ope_spp,z_within,DE,0,NA
Def_dec,pan_fla,z_within,DE,0,NA
Def_dec,pha_cya,z_within,DE,0,NA
Def_dec,pis_pin,z_within,DE,0,NA
Def_dec,pit_bid,z_within,DE,0,NA
Def_dec,pit_cha,z_within,DE,0,NA
Def_dec,pit_spp,z_within,DE,0,NA
Def_dec,pri_abi,z_within,DE,0,NA
Def_dec,sco_int,z_within,DE,0,NA
Def_dec,sco_rat,z_within,DE,0,NA
Def_dec,sco_sco,z_within,DE,0,NA
Def_dec,tet_gab,z_within,DE,0,NA
Def_dec,tet_spp,z_within,DE,0,NA
Def_dec,tha_pro,z_within,DE,0,NA
Def_dec,tom_spp,z_within,DE,0,NA
Def_dec,tor_vir,z_within,DE,0,NA
Def_dec,uro_sir_spp,z_within,DE,0,NA
Def_dec,xyl_lin,z_within,DE,0,NA
Def_dec,xyl_spp,z_within,DE,0,NA
Def_dec,zei_gri,z_within,DE,0,NA
Def_dec&DB,agr_big,z_within,DE,0,NA
Def_dec&DB,agr_vir,z_within,DE,0,NA
Def_dec&DB,bup_pin,z_within,DE,0,NA
Def_dec&DB,cep_spp,z_within,CZ,0,NA
Def_dec&DB,den_mic,z_within,CZ,0,NA
Def_dec&DB,den_pin,z_within,DE,0,NA
Def_dec&DB,dip_sp,z_within,AT,138,0.02589378931358187
Def_dec&DB,dip_sp,z_within,DE,84,0.39178910512310133
Def_dec&DB,era_def,z_within,DE,0,NA
Def_dec&DB,geo_db,z_within,DE,0,NA
Def_dec&DB,ips_acu,z_within,CZ,115,0.18386011517575318
Def_dec&DB,ips_acu,z_within,DE,184,-0.0366107431499605
Def_dec&DB,ips_ami,z_within,DE,0,NA
Def_dec&DB,ips_cem,z_within,DE,0,NA
Def_dec&DB,ips_dup,z_within,CZ,0,NA
Def_dec&DB,ips_sex,z_within,CZ,138,0.020556167330170794
Def_dec&DB,ips_sex,z_within,DE,184,-0.014631889871831467
Def_dec&DB,ips_typ,z_within,AT,345,-0.05284252260852357
Def_dec&DB,ips_typ,z_within,CZ,287,0.006034591282358003
Def_dec&DB,ips_typ,z_within,DE,310,-0.21535668570271846
Def_dec&DB,lym_dis,z_within,AT,276,0.08631362630570802
Def_dec&DB,lym_dis,z_within,CZ,243,0.3237481205243511
Def_dec&DB,lym_dis,z_within,DE,243,0.13332381478605027
Def_dec&DB,lym_mon,z_within,CZ,115,0.1640825307820453
Def_dec&DB,lym_mon,z_within,DE,138,0.12349219454703382
Def_dec&DB,mel_spp,z_within,DE,0,NA
Def_dec&DB,neo_ser,z_within,CZ,23,-0.17030598012606962
Def_dec&DB,neo_ser,z_within,DE,46,0.17098321356242013
Def_dec&DB,ope_spp,z_within,DE,0,NA
Def_dec&DB,pan_fla,z_within,CZ,69,0.29540266263581527
Def_dec&DB,pan_fla,z_within,DE,23,0.23548949253841236
Def_dec&DB,pha_cya,z_within,AT,345,0.0687124016467192
Def_dec&DB,pha_cya,z_within,CZ,266,0.1947736233598803
Def_dec&DB,pha_cya,z_within,DE,289,0.03778467489351111
Def_dec&DB,pis_pin,z_within,DE,0,NA
Def_dec&DB,pit_bid,z_within,DE,0,NA
Def_dec&DB,pit_cha,z_within,AT,161,0.14863582843192777
Def_dec&DB,pit_cha,z_within,DE,126,-0.010924602781395268
Def_dec&DB,pit_spp,z_within,AT,253,-0.16955705154712555
Def_dec&DB,pit_spp,z_within,CZ,153,-0.18548124305509026
Def_dec&DB,pit_spp,z_within,DE,268,-0.12611523112842915
Def_dec&DB,pol_pol,z_within,CZ,0,NA
Def_dec&DB,pri_abi,z_within,CZ,115,-0.03516814125771405
Def_dec&DB,pri_abi,z_within,DE,161,0.40135730321153246
Def_dec&DB,sap_car,z_within,DE,0,NA
Def_dec&DB,sco_int,z_within,CZ,115,0.06964337151548897
Def_dec&DB,sco_int,z_within,DE,184,-0.03261623439060007
Def_dec&DB,sco_rat,z_within,CZ,46,-0.08507518564773003
Def_dec&DB,sco_rat,z_within,DE,184,-0.05561377846723984
Def_dec&DB,sco_sco,z_within,DE,0,NA
Def_dec&DB,tet_gab,z_within,AT,207,0.10664480950943607
Def_dec&DB,tet_gab,z_within,CZ,266,0.01759076630448742
Def_dec&DB,tet_gab,z_within,DE,151,0.03993509760589779
Def_dec&DB,tet_spp,z_within,DE,0,NA
Def_dec&DB,tha_pit,z_within,DE,0,NA
Def_dec&DB,tha_pro,z_within,DE,0,NA
Def_dec&DB,tom_spp,z_within,AT,345,0.11276404386115459
Def_dec&DB,tom_spp,z_within,CZ,287,0.10324288825822746
Def_dec&DB,tom_spp,z_within,DE,310,-0.039449927990991236
Def_dec&DB,tor_vir,z_within,DE,0,NA
Def_dec&DB,uro_sir_spp,z_within,DE,0,NA
Def_dec&DB,xyl_lin,z_within,DE,0,NA
Def_dec&DB,xyl_spp,z_within,DE,0,NA
Def_dec&DB,zei_gri,z_within,CZ,23,-0.09766853508096923
Def_dec&DB,zei_gri,z_within,DE,161,-0.0895555669484062
agr_big,agr_vir,z_within,DE,0,NA
agr_big,bup_pin,z_within,DE,280,0.40773367296493745
agr_big,bup_pin,z_within,PL,184,-0.01565710590010523
agr_big,den_mic,z_within,DE,0,NA
agr_big,den_pin,z_within,DE,280,0.2150991888031895
agr_big,den_pin,z_within,PL,115,0.08262993946204511
agr_big,dip_sp,z_within,DE,320,0.19649904703142845
agr_big,dip_sp,z_within,PL,207,0.18175620305904142
agr_big,era_def,z_within,DE,0,NA
agr_big,geo_db,z_within,DE,340,0.18076117991060311
agr_big,geo_db,z_within,PL,161,-0.17823865518199247
agr_big,ips_acu,z_within,DE,320,-0.3611640526611437
agr_big,ips_acu,z_within,PL,161,0.46536987738854096
agr_big,ips_ami,z_within,DE,0,NA
agr_big,ips_cem,z_within,DE,0,NA
agr_big,ips_sex,z_within,DE,0,NA
agr_big,ips_typ,z_within,DE,340,0.1501885664900762
agr_big,ips_typ,z_within,PL,253,0.30948535344364064
agr_big,lym_dis,z_within,DE,0,NA
agr_big,lym_mon,z_within,DE,320,0.10169353725776172
agr_big,lym_mon,z_within,PL,184,-0.0778427113680816
agr_big,mel_spp,z_within,DE,340,0.18938987057575676
agr_big,mel_spp,z_within,PL,207,0.08166156491688491
agr_big,neo_ser,z_within,DE,0,NA
agr_big,ope_spp,z_within,DE,0,NA
agr_big,pan_fla,z_within,DE,300,0.08958591594274788
agr_big,pan_fla,z_within,PL,138,-0.10456890869527448
agr_big,pha_cya,z_within,DE,340,0.39742072496711245
agr_big,pha_cya,z_within,PL,253,0.3869003245165622
agr_big,pis_pin,z_within,DE,0,NA
agr_big,pit_bid,z_within,DE,0,NA
agr_big,pit_cha,z_within,DE,0,NA
agr_big,pit_spp,z_within,DE,0,NA
agr_big,pri_abi,z_within,DE,0,NA
agr_big,sap_car,z_within,DE,0,NA
agr_big,sco_int,z_within,DE,0,NA
agr_big,sco_rat,z_within,DE,0,NA
agr_big,sco_sco,z_within,DE,0,NA
agr_big,tet_gab,z_within,DE,0,NA
agr_big,tet_spp,z_within,DE,0,NA
agr_big,tha_pit,z_within,DE,0,NA
agr_big,tha_pro,z_within,DE,0,NA
agr_big,tom_spp,z_within,DE,280,0.42644102474520584
agr_big,tom_spp,z_within,PL,253,0.2307168021908929
agr_big,tor_vir,z_within,DE,340,0.25203187387725456
agr_big,tor_vir,z_within,PL,230,0.04780187226737358
agr_big,uro_sir_spp,z_within,DE,0,NA
agr_big,xyl_lin,z_within,DE,0,NA
agr_big,xyl_spp,z_within,DE,0,NA
agr_big,zei_gri,z_within,DE,0,NA
agr_vir,bup_pin,z_within,DE,0,NA
agr_vir,den_mic,z_within,DE,0,NA
agr_vir,den_pin,z_within,DE,0,NA
agr_vir,dip_sp,z_within,DE,0,NA
agr_vir,era_def,z_within,DE,0,NA
agr_vir,geo_db,z_within,DE,0,NA
agr_vir,ips_acu,z_within,DE,0,NA
agr_vir,ips_ami,z_within,DE,0,NA
agr_vir,ips_cem,z_within,DE,0,NA
agr_vir,ips_sex,z_within,DE,0,NA
agr_vir,ips_typ,z_within,DE,0,NA
agr_vir,lym_dis,z_within,DE,0,NA
agr_vir,lym_mon,z_within,DE,0,NA
agr_vir,mel_spp,z_within,DE,0,NA
agr_vir,neo_ser,z_within,DE,0,NA
agr_vir,ope_spp,z_within,DE,0,NA
agr_vir,pan_fla,z_within,DE,0,NA
agr_vir,pha_cya,z_within,DE,0,NA
agr_vir,pis_pin,z_within,DE,0,NA
agr_vir,pit_bid,z_within,DE,0,NA
agr_vir,pit_cha,z_within,DE,0,NA
agr_vir,pit_spp,z_within,DE,0,NA
agr_vir,pri_abi,z_within,DE,0,NA
agr_vir,sap_car,z_within,DE,0,NA
agr_vir,sco_int,z_within,DE,0,NA
agr_vir,sco_rat,z_within,DE,0,NA
agr_vir,sco_sco,z_within,DE,0,NA
agr_vir,tet_gab,z_within,DE,0,NA
agr_vir,tet_spp,z_within,DE,0,NA
agr_vir,tha_pit,z_within,DE,0,NA
agr_vir,tha_pro,z_within,DE,0,NA
agr_vir,tom_spp,z_within,DE,0,NA
agr_vir,tor_vir,z_within,DE,0,NA
agr_vir,uro_sir_spp,z_within,DE,0,NA
agr_vir,xyl_lin,z_within,DE,0,NA
agr_vir,xyl_spp,z_within,DE,0,NA
agr_vir,zei_gri,z_within,DE,0,NA
bup_pin,den_pin,z_within,DE,260,0.33767165654993553
bup_pin,den_pin,z_within,PL,115,0.43671893779210813
bup_pin,dip_sp,z_within,DE,280,0.33206124747489707
bup_pin,dip_sp,z_within,PL,161,0.2985132977335034
bup_pin,era_def,z_within,DE,0,NA
bup_pin,geo_db,z_within,DE,280,0.2698449531919001
bup_pin,geo_db,z_within,PL,115,-0.02438160056889732
bup_pin,ips_acu,z_within,DE,260,-0.3652754498087298
bup_pin,ips_acu,z_within,PL,115,0.05850389037128495
bup_pin,ips_ami,z_within,DE,0,NA
bup_pin,ips_cem,z_within,DE,0,NA
bup_pin,ips_sex,z_within,DE,0,NA
bup_pin,ips_typ,z_within,DE,280,-0.0037980783962560313
bup_pin,ips_typ,z_within,PL,184,0.22478249732440003
bup_pin,lym_dis,z_within,DE,0,NA
bup_pin,lym_mon,z_within,DE,280,0.34121702920141517
bup_pin,lym_mon,z_within,PL,184,0.27190532415050916
bup_pin,mel_spp,z_within,DE,280,0.24746818681851945
bup_pin,mel_spp,z_within,PL,161,0.1970779354714164
bup_pin,neo_ser,z_within,DE,0,NA
bup_pin,ope_spp,z_within,DE,0,NA
bup_pin,pan_fla,z_within,DE,280,0.29284820884888113
bup_pin,pan_fla,z_within,PL,138,0.5366445375057264
bup_pin,pha_cya,z_within,DE,280,0.2752177564882798
bup_pin,pha_cya,z_within,PL,184,0.20325637840415314
bup_pin,pis_pin,z_within,DE,0,NA
bup_pin,pit_bid,z_within,DE,0,NA
bup_pin,pit_cha,z_within,DE,0,NA
bup_pin,pit_spp,z_within,DE,0,NA
bup_pin,pri_abi,z_within,DE,0,NA
bup_pin,sap_car,z_within,DE,0,NA
bup_pin,sco_int,z_within,DE,0,NA
bup_pin,sco_rat,z_within,DE,0,NA
bup_pin,sco_sco,z_within,DE,0,NA
bup_pin,tet_gab,z_within,DE,0,NA
bup_pin,tet_spp,z_within,DE,0,NA
bup_pin,tha_pit,z_within,DE,0,NA
bup_pin,tha_pro,z_within,DE,0,NA
bup_pin,tom_spp,z_within,DE,220,0.3226922939590576
bup_pin,tom_spp,z_within,PL,184,0.2212367561413115
bup_pin,tor_vir,z_within,DE,280,0.14605715739512298
bup_pin,tor_vir,z_within,PL,161,0.20233343531616693
bup_pin,uro_sir_spp,z_within,DE,0,NA
bup_pin,xyl_lin,z_within,DE,0,NA
bup_pin,xyl_spp,z_within,DE,0,NA
bup_pin,zei_gri,z_within,DE,0,NA
cep_spp,den_mic,z_within,CZ,0,NA
cep_spp,ips_acu,z_within,CZ,0,NA
cep_spp,ips_dup,z_within,CZ,0,NA
cep_spp,ips_sex,z_within,CZ,0,NA
cep_spp,ips_typ,z_within,CZ,0,NA
cep_spp,lym_dis,z_within,CZ,0,NA
cep_spp,lym_mon,z_within,CZ,0,NA
cep_spp,neo_ser,z_within,CZ,0,NA
cep_spp,pan_fla,z_within,CZ,0,NA
cep_spp,pha_cya,z_within,CZ,0,NA
cep_spp,pit_spp,z_within,CZ,0,NA
cep_spp,pol_pol,z_within,CZ,0,NA
cep_spp,pri_abi,z_within,CZ,0,NA
cep_spp,sco_int,z_within,CZ,0,NA
cep_spp,sco_rat,z_within,CZ,0,NA
cep_spp,tet_gab,z_within,CZ,0,NA
cep_spp,tom_spp,z_within,CZ,0,NA
cep_spp,zei_gri,z_within,CZ,0,NA
clo_ana,geo_db,z_within,RO,0,NA
clo_ana,ips_dup,z_within,RO,0,NA
clo_ana,ips_typ,z_within,RO,0,NA
clo_ana,lym_dis,z_within,RO,0,NA
clo_ana,tor_vir,z_within,RO,0,NA
den_mic,den_pin,z_within,LT,0,NA
den_mic,dip_sp,z_within,LT,0,NA
den_mic,era_def,z_within,DE,0,NA
den_mic,geo_db,z_within,LT,0,NA
den_mic,ips_acu,z_within,CZ,23,-0.01390889014080843
den_mic,ips_acu,z_within,LT,23,0.02559747749257052
den_mic,ips_ami,z_within,DE,0,NA
den_mic,ips_cem,z_within,DE,0,NA
den_mic,ips_dup,z_within,CZ,0,NA
den_mic,ips_sex,z_within,CZ,0,NA
den_mic,ips_typ,z_within,CZ,46,-0.007689242612696124
den_mic,ips_typ,z_within,DE,46,-0.26874981758939437
den_mic,ips_typ,z_within,LT,46,-0.07209830203625699
den_mic,lym_dis,z_within,LT,0,NA
den_mic,lym_mon,z_within,LT,0,NA
den_mic,ope_spp,z_within,DE,0,NA
den_mic,pan_fla,z_within,LT,0,NA
den_mic,pha_cya,z_within,CZ,46,-0.1358894106489802
den_mic,pha_cya,z_within,DE,46,-0.1361393531355516
den_mic,pha_cya,z_within,LT,46,-0.04570448794111688
den_mic,pis_pin,z_within,LT,0,NA
den_mic,pit_cha,z_within,DE,23,0.15235484962698115
den_mic,pit_cha,z_within,LT,23,0.10699140839064299
den_mic,pit_spp,z_within,CZ,0,NA
den_mic,pol_pol,z_within,CZ,23,-0.12799662725328836
den_mic,pol_pol,z_within,LT,23,-0.36333229591381244
den_mic,pri_abi,z_within,CZ,0,NA
den_mic,sco_int,z_within,CZ,23,-0.045454545454545456
den_mic,sco_int,z_within,DE,23,0.057759739617775994
den_mic,sco_rat,z_within,CZ,23,0.20045319598284797
den_mic,sco_rat,z_within,LT,23,-0.24488547236783853
den_mic,sco_sco,z_within,DE,23,-0.11080092043032796
den_mic,sco_sco,z_within,LT,23,-0.07831977139465801
den_mic,tet_gab,z_within,DE,0,NA
den_mic,tet_spp,z_within,DE,0,NA
den_mic,tha_pro,z_within,DE,0,NA
den_mic,tom_spp,z_within,CZ,46,0.038988680204307874
den_mic,tom_spp,z_within,DE,46,0.018543517744086184
den_mic,tom_spp,z_within,LT,46,-0.08623091029780201
den_mic,tor_vir,z_within,DE,23,0.02028638957827671
den_mic,tor_vir,z_within,LT,23,-0.12516787374240565
den_mic,uro_sir_spp,z_within,DE,0,NA
den_mic,xyl_lin,z_within,DE,0,NA
den_mic,xyl_spp,z_within,DE,0,NA
den_mic,zei_gri,z_within,CZ,0,NA
den_pin,dip_sp,z_within,DE,303,0.2806162900128011
den_pin,dip_sp,z_within,LT,395,0.3277762164334103
den_pin,dip_sp,z_within,PL,138,0.3092706396132339
den_pin,era_def,z_within,DE,0,NA
den_pin,geo_db,z_within,DE,303,0.305595196263357
den_pin,geo_db,z_within,LT,372,0.2733198172079935
den_pin,geo_db,z_within,PL,115,0.12363835234184226
den_pin,ips_acu,z_within,DE,283,-0.18009426136646384
den_pin,ips_acu,z_within,LT,352,-0.163020123860847
den_pin,ips_acu,z_within,PL,115,0.048602462756074404
den_pin,ips_ami,z_within,DE,0,NA
den_pin,ips_cem,z_within,DE,0,NA
den_pin,ips_sex,z_within,DE,0,NA
den_pin,ips_typ,z_within,DE,303,0.11564222421634089
den_pin,ips_typ,z_within,LT,395,0.11556289380823438
den_pin,ips_typ,z_within,PL,138,0.1145061054767532
den_pin,lym_dis,z_within,DE,23,0.3281001514104
den_pin,lym_dis,z_within,LT,92,0.1448978169366601
den_pin,lym_mon,z_within,DE,303,0.3623278025674576
den_pin,lym_mon,z_within,LT,418,0.48071522948843803
den_pin,lym_mon,z_within,PL,161,0.4974985136887645
den_pin,mel_spp,z_within,DE,280,0.1257535522550829
den_pin,mel_spp,z_within,PL,92,0.0526025867535625
den_pin,neo_ser,z_within,DE,0,NA
den_pin,ope_spp,z_within,DE,0,NA
den_pin,pan_fla,z_within,DE,303,0.29057442264394256
den_pin,pan_fla,z_within,LT,372,0.3150973523586892
den_pin,pan_fla,z_within,PL,115,0.2873750646960403
den_pin,pha_cya,z_within,DE,303,0.07255473900381557
den_pin,pha_cya,z_within,LT,395,0.10219991564016677
den_pin,pha_cya,z_within,PL,138,0.11151555221889127
den_pin,pis_pin,z_within,DE,23,0.26642201338774996
den_pin,pis_pin,z_within,LT,115,0.07352746753019676
den_pin,pit_bid,z_within,DE,0,NA
den_pin,pit_cha,z_within,DE,23,0.24672970875965236
den_pin,pit_cha,z_within,LT,115,0.19380110107735052
den_pin,pol_pol,z_within,LT,0,NA
den_pin,pri_abi,z_within,DE,0,NA
den_pin,sap_car,z_within,DE,0,NA
den_pin,sco_int,z_within,DE,0,NA
den_pin,sco_rat,z_within,DE,23,0.2529085381865079
den_pin,sco_rat,z_within,LT,69,0.23597493466618627
den_pin,sco_sco,z_within,DE,23,-0.10889219035958807
den_pin,sco_sco,z_within,LT,69,0.24275758637470324
den_pin,tet_gab,z_within,DE,0,NA
den_pin,tet_spp,z_within,DE,0,NA
den_pin,tha_pit,z_within,DE,0,NA
den_pin,tha_pro,z_within,DE,0,NA
den_pin,tom_spp,z_within,DE,243,0.19195738434409834
den_pin,tom_spp,z_within,LT,335,0.1692461004894419
den_pin,tom_spp,z_within,PL,138,0.15517621595150868
den_pin,tor_vir,z_within,DE,303,0.0653455993139932
den_pin,tor_vir,z_within,LT,395,0.14036087826740778
den_pin,tor_vir,z_within,PL,138,0.3754167772003236
den_pin,uro_sir_spp,z_within,DE,0,NA
den_pin,xyl_lin,z_within,DE,0,NA
den_pin,xyl_spp,z_within,DE,0,NA
den_pin,zei_gri,z_within,DE,0,NA
dip_sp,era_def,z_within,DE,0,NA
dip_sp,geo_db,z_within,DE,343,0.1088541694613946
dip_sp,geo_db,z_within,LT,481,0.06521104463761637
dip_sp,geo_db,z_within,PL,184,-0.06955721285221021
dip_sp,ips_acu,z_within,DE,323,-0.20309439676131738
dip_sp,ips_acu,z_within,LT,461,-0.11474873369234836
dip_sp,ips_acu,z_within,PL,184,0.07244978594446902
dip_sp,ips_ami,z_within,DE,0,NA
dip_sp,ips_cem,z_within,DE,0,NA
dip_sp,ips_sex,z_within,DE,0,NA
dip_sp,ips_typ,z_within,AT,550,0.03344346465645601
dip_sp,ips_typ,z_within,DE,448,-0.09638633938637407
dip_sp,ips_typ,z_within,LT,632,-0.01432190859200781
dip_sp,ips_typ,z_within,PL,335,0.08630155699506674
dip_sp,lym_dis,z_within,AT,207,0.012405599656493118
dip_sp,lym_dis,z_within,DE,107,0.393899377276049
dip_sp,lym_dis,z_within,LT,268,0.1222722950940071
dip_sp,lym_mon,z_within,DE,343,0.16104875168732324
dip_sp,lym_mon,z_within,LT,481,0.1729887915820124
dip_sp,lym_mon,z_within,PL,184,0.09561083262702015
dip_sp,mel_spp,z_within,DE,320,0.12076115318976921
dip_sp,mel_spp,z_within,PL,184,0.1054119214793334
dip_sp,neo_ser,z_within,DE,0,NA
dip_sp,ope_spp,z_within,DE,0,NA
dip_sp,pan_fla,z_within,DE,323,0.23473038041395747
dip_sp,pan_fla,z_within,LT,438,0.20389943118771406
dip_sp,pan_fla,z_within,PL,161,0.044209350411641146
dip_sp,pha_cya,z_within,AT,550,0.09016216621834992
dip_sp,pha_cya,z_within,DE,448,0.052281755937589894
dip_sp,pha_cya,z_within,LT,632,0.0909379074141812
dip_sp,pha_cya,z_within,PL,335,0.09148710616825809
dip_sp,pis_pin,z_within,DE,23,-0.21860423670970625
dip_sp,pis_pin,z_within,LT,161,0.09707134713799721
dip_sp,pit_bid,z_within,DE,0,NA
dip_sp,pit_cha,z_within,AT,230,0.18038820377950515
dip_sp,pit_cha,z_within,DE,128,-0.14389662354133803
dip_sp,pit_cha,z_within,LT,312,0.10940715610076829
dip_sp,pit_spp,z_within,AT,69,0.20453178635935568
dip_sp,pit_spp,z_within,DE,84,-0.10938676752484373
dip_sp,pol_pol,z_within,LT,0,NA
dip_sp,pri_abi,z_within,DE,0,NA
dip_sp,sap_car,z_within,DE,0,NA
dip_sp,sco_int,z_within,DE,0,NA
dip_sp,sco_rat,z_within,DE,23,-0.23638206838885156
dip_sp,sco_rat,z_within,LT,69,0.27147658294202703
dip_sp,sco_sco,z_within,DE,23,-0.07934223745398733
dip_sp,sco_sco,z_within,LT,92,0.012063952367711522
dip_sp,tet_gab,z_within,AT,161,0.13140370237284393
dip_sp,tet_gab,z_within,DE,84,-0.15923583954535134
dip_sp,tet_spp,z_within,DE,0,NA
dip_sp,tha_pit,z_within,DE,0,NA
dip_sp,tha_pro,z_within,DE,0,NA
dip_sp,tom_spp,z_within,AT,490,0.12140368881123921
dip_sp,tom_spp,z_within,DE,388,0.1518383475031826
dip_sp,tom_spp,z_within,LT,572,0.13735919610572636
dip_sp,tom_spp,z_within,PL,335,0.0836639714412753
dip_sp,tor_vir,z_within,DE,343,0.1826652221471597
dip_sp,tor_vir,z_within,LT,527,0.16714412247496072
dip_sp,tor_vir,z_within,PL,230,0.08812558920475676
dip_sp,uro_sir_spp,z_within,DE,0,NA
dip_sp,xyl_lin,z_within,DE,0,NA
dip_sp,xyl_spp,z_within,DE,0,NA
dip_sp,zei_gri,z_within,DE,0,NA
era_def,geo_db,z_within,DE,0,NA
era_def,ips_acu,z_within,DE,0,NA
era_def,ips_ami,z_within,DE,0,NA
era_def,ips_cem,z_within,DE,0,NA
era_def,ips_sex,z_within,DE,0,NA
era_def,ips_typ,z_within,DE,0,NA
era_def,lym_dis,z_within,DE,0,NA
era_def,lym_mon,z_within,DE,0,NA
era_def,mel_spp,z_within,DE,0,NA
era_def,neo_ser,z_within,DE,0,NA
era_def,ope_spp,z_within,DE,0,NA
era_def,pan_fla,z_within,DE,0,NA
era_def,pha_cya,z_within,DE,0,NA
era_def,pis_pin,z_within,DE,0,NA
era_def,pit_bid,z_within,DE,0,NA
era_def,pit_cha,z_within,DE,0,NA
era_def,pit_spp,z_within,DE,0,NA
era_def,pri_abi,z_within,DE,0,NA
era_def,sap_car,z_within,DE,0,NA
era_def,sco_int,z_within,DE,0,NA
era_def,sco_rat,z_within,DE,0,NA
era_def,sco_sco,z_within,DE,0,NA
era_def,tet_gab,z_within,DE,0,NA
era_def,tet_spp,z_within,DE,0,NA
era_def,tha_pit,z_within,DE,0,NA
era_def,tha_pro,z_within,DE,0,NA
era_def,tom_spp,z_within,DE,0,NA
era_def,tor_vir,z_within,DE,0,NA
era_def,uro_sir_spp,z_within,DE,0,NA
era_def,xyl_lin,z_within,DE,0,NA
era_def,xyl_spp,z_within,DE,0,NA
geo_db,ips_acu,z_within,BG,458,-0.2959072334548532
geo_db,ips_acu,z_within,DE,361,-0.3010100147812046
geo_db,ips_acu,z_within,LT,453,-0.30751082062097124
geo_db,ips_acu,z_within,PL,156,-0.06686205645977286
geo_db,ips_ami,z_within,DE,0,NA
geo_db,ips_cem,z_within,DE,0,NA
geo_db,ips_dup,z_within,RO,0,NA
geo_db,ips_sex,z_within,BG,138,-0.1828285417551614
geo_db,ips_sex,z_within,DE,18,0.10530493691414254
geo_db,ips_typ,z_within,BG,569,0.019596823395234712
geo_db,ips_typ,z_within,DE,426,0.07375427608998002
geo_db,ips_typ,z_within,HR,564,0.03168324399806609
geo_db,ips_typ,z_within,LT,564,0.006537328351298582
geo_db,ips_typ,z_within,PL,247,-0.04739602280089481
geo_db,ips_typ,z_within,RO,565,0.024367038751523247
geo_db,lym_dis,z_within,BG,207,-0.06464657862018207
geo_db,lym_dis,z_within,DE,87,0.08299056385801801
geo_db,lym_dis,z_within,HR,202,-0.07578629795499288
geo_db,lym_dis,z_within,LT,202,-0.09710622058074705
geo_db,lym_dis,z_within,RO,202,-0.06076808546120976
geo_db,lym_mon,z_within,DE,343,0.2141949158449375
geo_db,lym_mon,z_within,LT,435,0.18330721168465436
geo_db,lym_mon,z_within,PL,138,-0.0598763105850085
geo_db,mel_spp,z_within,DE,340,0.020065465771782042
geo_db,mel_spp,z_within,PL,138,-0.1445905994559794
geo_db,neo_ser,z_within,BG,23,-0.3238789221257264
geo_db,neo_ser,z_within,DE,18,-0.08860994000168873
geo_db,ope_spp,z_within,DE,0,NA
geo_db,pan_fla,z_within,DE,323,0.04162513335276549
geo_db,pan_fla,z_within,LT,392,0.06226074528296675
geo_db,pan_fla,z_within,PL,115,0.016005062382484368
geo_db,pha_cya,z_within,DE,363,0.11137114064235318
geo_db,pha_cya,z_within,LT,501,-0.002709069096843547
geo_db,pha_cya,z_within,PL,184,-0.05449297047434717
geo_db,pis_pin,z_within,DE,23,0.35324069567968036
geo_db,pis_pin,z_within,LT,115,-0.19610816943142617
geo_db,pit_bid,z_within,DE,0,NA
geo_db,pit_cha,z_within,DE,23,0.42149772078456477
geo_db,pit_cha,z_within,LT,161,-0.12485161015293757
geo_db,pit_spp,z_within,DE,23,0.03633407501229372
geo_db,pit_spp,z_within,HR,69,-0.058366233717470274
geo_db,pol_pol,z_within,LT,0,NA
geo_db,pri_abi,z_within,DE,0,NA
geo_db,sap_car,z_within,DE,0,NA
geo_db,sco_int,z_within,DE,0,NA
geo_db,sco_rat,z_within,DE,23,0.2212176788468918
geo_db,sco_rat,z_within,LT,46,0.19376540017428076
geo_db,sco_sco,z_within,DE,23,-0.11192920073787645
geo_db,sco_sco,z_within,LT,69,-0.12082409869049812
geo_db,tet_gab,z_within,DE,0,NA
geo_db,tet_spp,z_within,DE,0,NA
geo_db,tha_pit,z_within,BG,46,0.20330691788975347
geo_db,tha_pit,z_within,DE,41,0.4486577795283575
geo_db,tha_pit,z_within,HR,41,0.15877691763350446
geo_db,tha_pro,z_within,DE,0,NA
geo_db,tom_spp,z_within,DE,303,0.22449412101137917
geo_db,tom_spp,z_within,LT,441,0.10177334336932738
geo_db,tom_spp,z_within,PL,184,-0.024282756760646784
geo_db,tor_vir,z_within,BG,547,0.12169303601008717
geo_db,tor_vir,z_within,DE,404,0.1360525804880934
geo_db,tor_vir,z_within,LT,542,0.11793506322826043
geo_db,tor_vir,z_within,PL,225,0.25678047001638915
geo_db,tor_vir,z_within,RO,542,0.12027231490706282
geo_db,uro_sir_spp,z_within,DE,0,NA
geo_db,xyl_lin,z_within,DE,0,NA
geo_db,xyl_spp,z_within,DE,0,NA
geo_db,zei_gri,z_within,DE,0,NA
ips_acu,ips_ami,z_within,DE,0,NA
ips_acu,ips_cem,z_within,DE,0,NA
ips_acu,ips_dup,z_within,CZ,21,0.5173238781506965
ips_acu,ips_dup,z_within,SK,184,0.5112240857466919
ips_acu,ips_sex,z_within,BG,322,0.44416055085381967
ips_acu,ips_sex,z_within,CZ,156,0.3260231619973467
ips_acu,ips_sex,z_within,DE,202,0.5495862849232445
ips_acu,ips_typ,z_within,BG,710,0.31195805888788697
ips_acu,ips_typ,z_within,CZ,544,0.2175459687956941
ips_acu,ips_typ,z_within,DE,567,0.2800016386828515
ips_acu,ips_typ,z_within,LT,705,0.30963367119484303
ips_acu,ips_typ,z_within,PL,408,0.5021960571210712
ips_acu,ips_typ,z_within,SK,706,0.3088996289784424
ips_acu,lym_dis,z_within,BG,344,0.23105073006961585
ips_acu,lym_dis,z_within,CZ,224,0.13037613504414275
ips_acu,lym_dis,z_within,DE,201,0.1613544557227046
ips_acu,lym_dis,z_within,LT,339,0.1886246716189264
ips_acu,lym_dis,z_within,SK,340,0.23438872828777607
ips_acu,lym_mon,z_within,CZ,438,-0.04274869732248636
ips_acu,lym_mon,z_within,DE,461,4.580408906186887e-4
ips_acu,lym_mon,z_within,LT,553,-0.022296560917667532
ips_acu,lym_mon,z_within,PL,276,-0.014817483487902737
ips_acu,mel_spp,z_within,DE,320,-0.03718610766230662
ips_acu,mel_spp,z_within,PL,138,0.08875678867726654
ips_acu,neo_ser,z_within,BG,92,0.05235552681823
ips_acu,neo_ser,z_within,CZ,64,0.04100262919035474
ips_acu,neo_ser,z_within,DE,64,-0.19246326709074962
ips_acu,ope_spp,z_within,DE,0,NA
ips_acu,pan_fla,z_within,CZ,418,-0.037130349767374594
ips_acu,pan_fla,z_within,DE,326,-0.08103408751419118
ips_acu,pan_fla,z_within,LT,418,-0.022850869920443523
ips_acu,pan_fla,z_within,PL,161,0.1757599643999883
ips_acu,pha_cya,z_within,CZ,504,-0.022963083035186585
ips_acu,pha_cya,z_within,DE,527,0.031266678996902664
ips_acu,pha_cya,z_within,LT,665,0.12592314861072448
ips_acu,pha_cya,z_within,PL,368,0.5000234544633084
ips_acu,pis_pin,z_within,DE,23,0.2881526935853854
ips_acu,pis_pin,z_within,LT,138,0.37011491666042334
ips_acu,pit_bid,z_within,DE,0,NA
ips_acu,pit_cha,z_within,DE,45,0.043099928178775615
ips_acu,pit_cha,z_within,LT,183,0.26860987933305436
ips_acu,pit_cha,z_within,SK,184,0.4073688282491293
ips_acu,pit_spp,z_within,CZ,46,-0.09824900861950113
ips_acu,pit_spp,z_within,DE,184,0.600883616634065
ips_acu,pol_pol,z_within,CZ,23,0.6304037029177656
ips_acu,pol_pol,z_within,LT,184,0.24697401788166623
ips_acu,pri_abi,z_within,CZ,115,0.006217124365752131
ips_acu,pri_abi,z_within,DE,161,-0.21178151703999631
ips_acu,sap_car,z_within,DE,0,NA
ips_acu,sco_int,z_within,CZ,138,0.3709489017154383
ips_acu,sco_int,z_within,DE,184,0.27737201237595394
ips_acu,sco_rat,z_within,CZ,92,0.2121403058512833
ips_acu,sco_rat,z_within,DE,207,0.44273002612120205
ips_acu,sco_rat,z_within,LT,253,0.36145089336870373
ips_acu,sco_sco,z_within,DE,23,-0.5289940261531664
ips_acu,sco_sco,z_within,LT,92,0.1327308553413817
ips_acu,tet_gab,z_within,CZ,138,0.35749448949494933
ips_acu,tet_gab,z_within,DE,46,-0.1525794760664408
ips_acu,tet_spp,z_within,DE,0,NA
ips_acu,tha_pit,z_within,BG,23,0.3684406679432606
ips_acu,tha_pit,z_within,DE,18,0.3423989055417726
ips_acu,tha_pro,z_within,DE,0,NA
ips_acu,tom_spp,z_within,CZ,444,-0.11168170538242457
ips_acu,tom_spp,z_within,DE,467,0.008999677790151872
ips_acu,tom_spp,z_within,LT,605,0.10108203932223211
ips_acu,tom_spp,z_within,PL,368,0.568439542488652
ips_acu,tor_vir,z_within,BG,504,-0.10926695959326256
ips_acu,tor_vir,z_within,DE,361,-0.14232108609907765
ips_acu,tor_vir,z_within,LT,499,-0.12589149163810867
ips_acu,tor_vir,z_within,PL,202,0.07581547854687926
ips_acu,uro_sir_spp,z_within,DE,0,NA
ips_acu,xyl_lin,z_within,DE,0,NA
ips_acu,xyl_spp,z_within,DE,0,NA
ips_acu,zei_gri,z_within,CZ,23,-0.24817016631918246
ips_acu,zei_gri,z_within,DE,161,-0.05756511566811031
ips_ami,ips_cem,z_within,DE,0,NA
ips_ami,ips_sex,z_within,DE,0,NA
ips_ami,ips_typ,z_within,DE,0,NA
ips_ami,lym_dis,z_within,DE,0,NA
ips_ami,lym_mon,z_within,DE,0,NA
ips_ami,mel_spp,z_within,DE,0,NA
ips_ami,ope_spp,z_within,DE,0,NA
ips_ami,pan_fla,z_within,DE,0,NA
ips_ami,pha_cya,z_within,DE,0,NA
ips_ami,pis_pin,z_within,DE,0,NA
ips_ami,pit_bid,z_within,DE,0,NA
ips_ami,pit_cha,z_within,DE,0,NA
ips_ami,pri_abi,z_within,DE,0,NA
ips_ami,sap_car,z_within,DE,0,NA
ips_ami,sco_int,z_within,DE,0,NA
ips_ami,sco_rat,z_within,DE,0,NA
ips_ami,sco_sco,z_within,DE,0,NA
ips_ami,tet_gab,z_within,DE,0,NA
ips_ami,tet_spp,z_within,DE,0,NA
ips_ami,tha_pit,z_within,DE,0,NA
ips_ami,tha_pro,z_within,DE,0,NA
ips_ami,tom_spp,z_within,DE,0,NA
ips_ami,tor_vir,z_within,DE,0,NA
ips_ami,uro_sir_spp,z_within,DE,0,NA
ips_ami,xyl_lin,z_within,DE,0,NA
ips_ami,xyl_spp,z_within,DE,0,NA
ips_cem,ips_sex,z_within,DE,0,NA
ips_cem,ips_typ,z_within,DE,0,NA
ips_cem,lym_dis,z_within,DE,0,NA
ips_cem,lym_mon,z_within,DE,0,NA
ips_cem,mel_spp,z_within,DE,0,NA
ips_cem,neo_ser,z_within,DE,0,NA
ips_cem,ope_spp,z_within,DE,0,NA
ips_cem,pan_fla,z_within,DE,0,NA
ips_cem,pha_cya,z_within,DE,0,NA
ips_cem,pis_pin,z_within,DE,0,NA
ips_cem,pit_bid,z_within,DE,0,NA
ips_cem,pit_cha,z_within,DE,0,NA
ips_cem,pit_spp,z_within,DE,0,NA
ips_cem,pri_abi,z_within,DE,0,NA
ips_cem,sap_car,z_within,DE,0,NA
ips_cem,sco_int,z_within,DE,0,NA
ips_cem,sco_rat,z_within,DE,0,NA
ips_cem,sco_sco,z_within,DE,0,NA
ips_cem,tet_gab,z_within,DE,0,NA
ips_cem,tet_spp,z_within,DE,0,NA
ips_cem,tha_pit,z_within,DE,0,NA
ips_cem,tha_pro,z_within,DE,0,NA
ips_cem,tom_spp,z_within,DE,0,NA
ips_cem,tor_vir,z_within,DE,0,NA
ips_cem,uro_sir_spp,z_within,DE,0,NA
ips_cem,xyl_lin,z_within,DE,0,NA
ips_cem,xyl_spp,z_within,DE,0,NA
ips_cem,zei_gri,z_within,DE,0,NA
ips_dup,ips_sex,z_within,CZ,0,NA
ips_dup,ips_typ,z_within,CZ,43,0.17835757180614453
ips_dup,ips_typ,z_within,RO,205,0.8143264749733875
ips_dup,ips_typ,z_within,SK,206,0.6901702476294829
ips_dup,lym_dis,z_within,CZ,43,-0.5566343539834087
ips_dup,lym_dis,z_within,RO,159,0.22826089564078564
ips_dup,lym_dis,z_within,SK,160,0.2772741337882884
ips_dup,lym_mon,z_within,CZ,0,NA
ips_dup,neo_ser,z_within,CZ,0,NA
ips_dup,pan_fla,z_within,CZ,0,NA
ips_dup,pha_cya,z_within,CZ,0,NA
ips_dup,pit_cha,z_within,SK,0,NA
ips_dup,pit_spp,z_within,CZ,0,NA
ips_dup,pol_pol,z_within,CZ,0,NA
ips_dup,pri_abi,z_within,CZ,0,NA
ips_dup,sco_int,z_within,CZ,0,NA
ips_dup,sco_rat,z_within,CZ,0,NA
ips_dup,tet_gab,z_within,CZ,0,NA
ips_dup,tom_spp,z_within,CZ,0,NA
ips_dup,tor_vir,z_within,RO,0,NA
ips_dup,zei_gri,z_within,CZ,0,NA
ips_sex,ips_typ,z_within,BG,368,0.5039268018366454
ips_sex,ips_typ,z_within,CZ,202,0.38077291873067287
ips_sex,ips_typ,z_within,DE,202,0.5510333362347718
ips_sex,lym_dis,z_within,BG,299,0.2049206309022882
ips_sex,lym_dis,z_within,CZ,179,0.0640876611057839
ips_sex,lym_dis,z_within,DE,156,0.16674783295231138
ips_sex,lym_mon,z_within,CZ,138,-0.04801925570013873
ips_sex,lym_mon,z_within,DE,138,-0.02256968626970309
ips_sex,mel_spp,z_within,DE,0,NA
ips_sex,neo_ser,z_within,BG,92,0.07803204920962507
ips_sex,neo_ser,z_within,CZ,64,0.2645136554472953
ips_sex,neo_ser,z_within,DE,64,-0.024274592699107783
ips_sex,ope_spp,z_within,DE,0,NA
ips_sex,pan_fla,z_within,CZ,92,0.019169794055487552
ips_sex,pan_fla,z_within,DE,23,0.25624412646943856
ips_sex,pha_cya,z_within,CZ,184,0.45158818122522104
ips_sex,pha_cya,z_within,DE,184,0.565075552809224
ips_sex,pis_pin,z_within,DE,0,NA
ips_sex,pit_bid,z_within,DE,0,NA
ips_sex,pit_cha,z_within,DE,0,NA
ips_sex,pit_spp,z_within,CZ,69,-0.002156439345611337
ips_sex,pit_spp,z_within,DE,184,0.5238942407223548
ips_sex,pol_pol,z_within,CZ,0,NA
ips_sex,pri_abi,z_within,CZ,161,0.09591774846398445
ips_sex,pri_abi,z_within,DE,161,-0.277894421080274
ips_sex,sap_car,z_within,DE,0,NA
ips_sex,sco_int,z_within,CZ,161,0.19260635494178027
ips_sex,sco_int,z_within,DE,184,0.2087626783024416
ips_sex,sco_rat,z_within,CZ,69,0.4182113983279296
ips_sex,sco_rat,z_within,DE,184,0.32638183034793106
ips_sex,sco_sco,z_within,DE,0,NA
ips_sex,tet_gab,z_within,CZ,161,0.28629904411508456
ips_sex,tet_gab,z_within,DE,46,-0.24078095898534838
ips_sex,tet_spp,z_within,DE,0,NA
ips_sex,tha_pit,z_within,BG,23,0.4249593556317173
ips_sex,tha_pit,z_within,DE,18,0.0618963517907204
ips_sex,tha_pro,z_within,DE,0,NA
ips_sex,tom_spp,z_within,CZ,184,0.33819666393979164
ips_sex,tom_spp,z_within,DE,184,0.6088293497929277
ips_sex,tor_vir,z_within,BG,161,-0.02242183588354103
ips_sex,tor_vir,z_within,DE,18,-8.722352610638798e-5
ips_sex,uro_sir_spp,z_within,DE,0,NA
ips_sex,xyl_lin,z_within,DE,0,NA
ips_sex,xyl_spp,z_within,DE,0,NA
ips_sex,zei_gri,z_within,CZ,23,-0.1824975724914392
ips_sex,zei_gri,z_within,DE,161,-0.09213482243769948
ips_typ,lym_dis,z_within,AT,496,0.2944507130452007
ips_typ,lym_dis,z_within,BG,604,0.255648459387405
ips_typ,lym_dis,z_within,CZ,484,0.18998763704952504
ips_typ,lym_dis,z_within,DE,415,0.19411786756984228
ips_typ,lym_dis,z_within,HR,599,0.2471983750013386
ips_typ,lym_dis,z_within,HU,599,0.2363156099912902
ips_typ,lym_dis,z_within,LT,599,0.24845643426603328
ips_typ,lym_dis,z_within,RO,600,0.2594718664533768
ips_typ,lym_dis,z_within,RS,602,0.2624964260783003
ips_typ,lym_dis,z_within,SK,600,0.27703443252605303
ips_typ,lym_mon,z_within,CZ,527,0.07113035968581165
ips_typ,lym_mon,z_within,DE,481,0.010261727481951529
ips_typ,lym_mon,z_within,LT,642,0.027479225009316675
ips_typ,lym_mon,z_within,PL,345,-0.04006381829446748
ips_typ,mel_spp,z_within,DE,340,0.02832527155590301
ips_typ,mel_spp,z_within,PL,207,-0.017876939117760494
ips_typ,neo_ser,z_within,BG,92,-0.0880748142488793
ips_typ,neo_ser,z_within,CZ,64,-0.06144494575673198
ips_typ,neo_ser,z_within,DE,64,-0.32701296588733564
ips_typ,ope_spp,z_within,DE,0,NA
ips_typ,pan_fla,z_within,CZ,461,0.1758959012195389
ips_typ,pan_fla,z_within,DE,346,0.1859037434396494
ips_typ,pan_fla,z_within,LT,461,0.19749926541906715
ips_typ,pan_fla,z_within,PL,184,0.15540853211470196
ips_typ,pha_cya,z_within,AT,800,0.3553095507558264
ips_typ,pha_cya,z_within,CZ,763,0.3045885944655064
ips_typ,pha_cya,z_within,DE,694,0.2508358590817181
ips_typ,pha_cya,z_within,LT,924,0.32866813093200786
ips_typ,pha_cya,z_within,PL,607,0.4331495188984679
ips_typ,pis_pin,z_within,DE,23,-0.1609429333726012
ips_typ,pis_pin,z_within,LT,161,0.39271115325849143
ips_typ,pit_bid,z_within,DE,0,NA
ips_typ,pit_cha,z_within,AT,344,0.6227248010235679
ips_typ,pit_cha,z_within,DE,280,0.5133811183461453
ips_typ,pit_cha,z_within,IT,510,0.6889820715101531
ips_typ,pit_cha,z_within,LT,510,0.6725481608392396
ips_typ,pit_cha,z_within,SI,510,0.6435852612340806
ips_typ,pit_cha,z_within,SK,511,0.6671404436419428
ips_typ,pit_spp,z_within,AT,322,0.5227075837283909
ips_typ,pit_spp,z_within,CZ,285,0.42562117912341124
ips_typ,pit_spp,z_within,DE,377,0.5943981108452809
ips_typ,pit_spp,z_within,HR,446,0.5311550114696812
ips_typ,pit_spp,z_within,SI,446,0.5405429050411585
ips_typ,pol_pol,z_within,CZ,23,0.5156274634941853
ips_typ,pol_pol,z_within,LT,184,0.1533008709230397
ips_typ,pri_abi,z_within,CZ,184,-0.06453547377451845
ips_typ,pri_abi,z_within,DE,161,-0.5008383777623912
ips_typ,sap_car,z_within,DE,0,NA
ips_typ,sco_int,z_within,CZ,184,0.23712286012443312
ips_typ,sco_int,z_within,DE,184,0.16509876231743995
ips_typ,sco_rat,z_within,CZ,92,0.3927207988328887
ips_typ,sco_rat,z_within,DE,207,0.39611011556245257
ips_typ,sco_rat,z_within,LT,253,0.43650374782065177
ips_typ,sco_sco,z_within,DE,23,-0.17091183995147077
ips_typ,sco_sco,z_within,LT,115,-0.0022048670171174525
ips_typ,tet_gab,z_within,AT,253,0.1964551552651892
ips_typ,tet_gab,z_within,CZ,333,0.25631512861901307
ips_typ,tet_gab,z_within,DE,172,0.05066716283178943
ips_typ,tet_spp,z_within,DE,0,NA
ips_typ,tha_pit,z_within,BG,46,-0.02606466264796628
ips_typ,tha_pit,z_within,DE,41,-0.46479262761298246
ips_typ,tha_pit,z_within,HR,41,0.08759105936034281
ips_typ,tha_pro,z_within,DE,0,NA
ips_typ,tom_spp,z_within,AT,740,0.2600573659373058
ips_typ,tom_spp,z_within,CZ,724,0.17709710271760715
ips_typ,tom_spp,z_within,DE,655,0.3015938488135063
ips_typ,tom_spp,z_within,LT,885,0.27891739411882094
ips_typ,tom_spp,z_within,PL,628,0.37134727311204657
ips_typ,tor_vir,z_within,BG,615,0.04234677582933665
ips_typ,tor_vir,z_within,DE,403,0.03331157745850411
ips_typ,tor_vir,z_within,LT,610,0.04372518602438619
ips_typ,tor_vir,z_within,PL,293,0.08064662364612551
ips_typ,tor_vir,z_within,RO,611,0.052162674196161614
ips_typ,uro_sir_spp,z_within,DE,0,NA
ips_typ,xyl_lin,z_within,DE,0,NA
ips_typ,xyl_spp,z_within,DE,0,NA
ips_typ,zei_gri,z_within,CZ,23,-0.21936721309081564
ips_typ,zei_gri,z_within,DE,161,-0.033386910202289746
lym_dis,lym_mon,z_within,CZ,184,0.11859659285844024
lym_dis,lym_mon,z_within,DE,138,-0.013198011632182375
lym_dis,lym_mon,z_within,LT,276,0.06278473493276011
lym_dis,mel_spp,z_within,DE,0,NA
lym_dis,neo_ser,z_within,BG,69,0.08149316985609736
lym_dis,neo_ser,z_within,CZ,64,0.15350364142296138
lym_dis,neo_ser,z_within,DE,41,-0.01988090236170903
lym_dis,ope_spp,z_within,DE,0,NA
lym_dis,pan_fla,z_within,CZ,161,0.19890189842105718
lym_dis,pan_fla,z_within,DE,46,0.21525751244338548
lym_dis,pan_fla,z_within,LT,161,0.2866495545868943
lym_dis,pha_cya,z_within,AT,368,0.2203158533258692
lym_dis,pha_cya,z_within,CZ,356,0.2654173936465567
lym_dis,pha_cya,z_within,DE,287,0.2048566496488857
lym_dis,pha_cya,z_within,LT,471,0.22608257276035443
lym_dis,pis_pin,z_within,DE,23,0.1734625104595429
lym_dis,pis_pin,z_within,LT,138,0.3005860726035022
lym_dis,pit_bid,z_within,DE,0,NA
lym_dis,pit_cha,z_within,AT,252,0.26506827634685876
lym_dis,pit_cha,z_within,DE,171,0.1105162439792766
lym_dis,pit_cha,z_within,LT,355,0.1914105937973708
lym_dis,pit_cha,z_within,SK,356,0.1978306195922569
lym_dis,pit_spp,z_within,AT,253,0.2833346454626941
lym_dis,pit_spp,z_within,CZ,220,0.13785204375593965
lym_dis,pit_spp,z_within,DE,266,0.23669130292608956
lym_dis,pit_spp,z_within,HR,335,0.20770597834425156
lym_dis,pol_pol,z_within,CZ,23,0.35327671320670295
lym_dis,pol_pol,z_within,LT,138,0.00189611071114487
lym_dis,pri_abi,z_within,CZ,161,-0.11105592848422148
lym_dis,pri_abi,z_within,DE,115,-0.13140072041908096
lym_dis,sap_car,z_within,DE,0,NA
lym_dis,sco_int,z_within,CZ,161,0.042585482347888205
lym_dis,sco_int,z_within,DE,138,-0.035529901095216615
lym_dis,sco_rat,z_within,CZ,92,-0.05270594363574535
lym_dis,sco_rat,z_within,DE,161,0.17900164626576334
lym_dis,sco_rat,z_within,LT,207,0.04251330054458779
lym_dis,sco_sco,z_within,DE,23,-0.13804713062760607
lym_dis,sco_sco,z_within,LT,92,0.23099339519423862
lym_dis,tet_gab,z_within,AT,207,0.09711110653532226
lym_dis,tet_gab,z_within,CZ,266,0.09625527209197669
lym_dis,tet_gab,z_within,DE,151,-0.038047877698953035
lym_dis,tet_spp,z_within,DE,0,NA
lym_dis,tha_pit,z_within,BG,46,0.0343714703506304
lym_dis,tha_pit,z_within,DE,41,-0.1546250360715409
lym_dis,tha_pit,z_within,HR,41,0.07955735345199434
lym_dis,tha_pro,z_within,DE,0,NA
lym_dis,tom_spp,z_within,AT,368,0.26032558109255766
lym_dis,tom_spp,z_within,CZ,356,0.19838048698597255
lym_dis,tom_spp,z_within,DE,287,0.3519999160560868
lym_dis,tom_spp,z_within,LT,471,0.25894668418851324
lym_dis,tor_vir,z_within,BG,230,-0.07607248767440007
lym_dis,tor_vir,z_within,DE,64,0.17778759758798052
lym_dis,tor_vir,z_within,LT,225,-0.09589830002353915
lym_dis,tor_vir,z_within,RO,225,-0.0634162625442085
lym_dis,uro_sir_spp,z_within,DE,0,NA
lym_dis,xyl_lin,z_within,DE,0,NA
lym_dis,xyl_spp,z_within,DE,0,NA
lym_dis,zei_gri,z_within,CZ,23,0.14646247748452437
lym_dis,zei_gri,z_within,DE,115,0.04708345119231212
lym_mon,mel_spp,z_within,DE,320,0.1458118079352322
lym_mon,mel_spp,z_within,PL,161,0.0975497804100974
lym_mon,neo_ser,z_within,CZ,46,0.1418685376929509
lym_mon,neo_ser,z_within,DE,46,0.10252825194998152
lym_mon,ope_spp,z_within,DE,0,NA
lym_mon,pan_fla,z_within,CZ,461,0.3157479424219922
lym_mon,pan_fla,z_within,DE,346,0.3703881922884891
lym_mon,pan_fla,z_within,LT,461,0.32286950548743876
lym_mon,pan_fla,z_within,PL,184,0.18010316899029008
lym_mon,pha_cya,z_within,CZ,527,0.04368680325233301
lym_mon,pha_cya,z_within,DE,481,-0.0010743452845345899
lym_mon,pha_cya,z_within,LT,642,0.03709153319744545
lym_mon,pha_cya,z_within,PL,345,0.0636116647160205
lym_mon,pis_pin,z_within,DE,23,-0.39814898277049604
lym_mon,pis_pin,z_within,LT,138,0.21529577380578765
lym_mon,pit_bid,z_within,DE,0,NA
lym_mon,pit_cha,z_within,DE,23,-0.10996814754111858
lym_mon,pit_cha,z_within,LT,184,0.16706010044106934
lym_mon,pit_spp,z_within,CZ,46,-0.31966248334720193
lym_mon,pit_spp,z_within,DE,138,-0.21406423031804286
lym_mon,pol_pol,z_within,CZ,23,-0.14704427210175436
lym_mon,pol_pol,z_within,LT,138,0.05475840010338336
lym_mon,pri_abi,z_within,CZ,161,0.11118625149408996
lym_mon,pri_abi,z_within,DE,115,0.3192561671766376
lym_mon,sap_car,z_within,DE,0,NA
lym_mon,sco_int,z_within,CZ,115,-0.16250486499279806
lym_mon,sco_int,z_within,DE,138,0.062086993033685596
lym_mon,sco_rat,z_within,CZ,92,-0.094189593492022
lym_mon,sco_rat,z_within,DE,161,-0.03319925620900405
lym_mon,sco_rat,z_within,LT,207,-0.00656261511692813
lym_mon,sco_sco,z_within,DE,23,-0.12889379460625022
lym_mon,sco_sco,z_within,LT,69,0.2878807950071467
lym_mon,tet_gab,z_within,CZ,161,0.008298646265001607
lym_mon,tet_gab,z_within,DE,46,-0.01967241297124206
lym_mon,tet_spp,z_within,DE,0,NA
lym_mon,tha_pit,z_within,DE,0,NA
lym_mon,tha_pro,z_within,DE,0,NA
lym_mon,tom_spp,z_within,CZ,467,0.07119590225874832
lym_mon,tom_spp,z_within,DE,421,-0.013865461037113388
lym_mon,tom_spp,z_within,LT,582,0.054791800395481954
lym_mon,tom_spp,z_within,PL,345,0.059638866965092734
lym_mon,tor_vir,z_within,DE,343,0.04002543279211188
lym_mon,tor_vir,z_within,LT,481,0.12749055259501488
lym_mon,tor_vir,z_within,PL,184,0.23849851270868652
lym_mon,uro_sir_spp,z_within,DE,0,NA
lym_mon,xyl_lin,z_within,DE,0,NA
lym_mon,xyl_spp,z_within,DE,0,NA
lym_mon,zei_gri,z_within,CZ,23,0.5661331517951291
lym_mon,zei_gri,z_within,DE,138,-0.04527870734875965
mel_spp,neo_ser,z_within,DE,0,NA
mel_spp,ope_spp,z_within,DE,0,NA
mel_spp,pan_fla,z_within,DE,300,0.1560420702408838
mel_spp,pan_fla,z_within,PL,115,0.2980413687760049
mel_spp,pha_cya,z_within,DE,340,0.08671422031332625
mel_spp,pha_cya,z_within,PL,207,0.18800157460974573
mel_spp,pis_pin,z_within,DE,0,NA
mel_spp,pit_bid,z_within,DE,0,NA
mel_spp,pit_cha,z_within,DE,0,NA
mel_spp,pit_spp,z_within,DE,0,NA
mel_spp,pri_abi,z_within,DE,0,NA
mel_spp,sap_car,z_within,DE,0,NA
mel_spp,sco_int,z_within,DE,0,NA
mel_spp,sco_rat,z_within,DE,0,NA
mel_spp,sco_sco,z_within,DE,0,NA
mel_spp,tet_gab,z_within,DE,0,NA
mel_spp,tet_spp,z_within,DE,0,NA
mel_spp,tha_pit,z_within,DE,0,NA
mel_spp,tha_pro,z_within,DE,0,NA
mel_spp,tom_spp,z_within,DE,280,0.141778458512896
mel_spp,tom_spp,z_within,PL,207,0.1570848501020246
mel_spp,tor_vir,z_within,DE,340,0.00486690612962437
mel_spp,tor_vir,z_within,PL,184,-0.04585781837615609
mel_spp,uro_sir_spp,z_within,DE,0,NA
mel_spp,xyl_lin,z_within,DE,0,NA
mel_spp,xyl_spp,z_within,DE,0,NA
mel_spp,zei_gri,z_within,DE,0,NA
neo_ser,ope_spp,z_within,DE,0,NA
neo_ser,pan_fla,z_within,CZ,46,-0.07307258987856566
neo_ser,pan_fla,z_within,DE,23,-0.04545454545454546
neo_ser,pha_cya,z_within,CZ,46,0.20318722916495094
neo_ser,pha_cya,z_within,DE,46,-0.04471112099142981
neo_ser,pis_pin,z_within,DE,0,NA
neo_ser,pit_bid,z_within,DE,0,NA
neo_ser,pit_cha,z_within,DE,0,NA
neo_ser,pit_spp,z_within,CZ,0,NA
neo_ser,pol_pol,z_within,CZ,0,NA
neo_ser,pri_abi,z_within,CZ,46,0.34726931899427493
neo_ser,pri_abi,z_within,DE,46,0.3397459748150702
neo_ser,sco_int,z_within,CZ,46,-0.1886837413165013
neo_ser,sco_int,z_within,DE,46,0.09195742981018876
neo_ser,sco_rat,z_within,CZ,46,-0.09082806801933213
neo_ser,sco_rat,z_within,DE,46,0.01970437501801681
neo_ser,sco_sco,z_within,DE,0,NA
neo_ser,tet_gab,z_within,CZ,46,0.01553403386543394
neo_ser,tet_gab,z_within,DE,23,-0.06314693216676635
neo_ser,tet_spp,z_within,DE,0,NA
neo_ser,tha_pit,z_within,BG,0,NA
neo_ser,tha_pro,z_within,DE,0,NA
neo_ser,tom_spp,z_within,CZ,46,0.28169146914758714
neo_ser,tom_spp,z_within,DE,46,-0.1860218563728017
neo_ser,tor_vir,z_within,BG,46,0.13675818722767327
neo_ser,tor_vir,z_within,DE,18,0.04452525500229951
neo_ser,uro_sir_spp,z_within,DE,0,NA
neo_ser,xyl_lin,z_within,DE,0,NA
neo_ser,xyl_spp,z_within,DE,0,NA
neo_ser,zei_gri,z_within,CZ,23,0.19446120852881824
neo_ser,zei_gri,z_within,DE,46,-0.16871715419616914
ope_spp,pan_fla,z_within,DE,0,NA
ope_spp,pha_cya,z_within,DE,0,NA
ope_spp,pis_pin,z_within,DE,0,NA
ope_spp,pit_bid,z_within,DE,0,NA
ope_spp,pit_cha,z_within,DE,0,NA
ope_spp,pit_spp,z_within,DE,0,NA
ope_spp,pri_abi,z_within,DE,0,NA
ope_spp,sco_int,z_within,DE,0,NA
ope_spp,sco_rat,z_within,DE,0,NA
ope_spp,sco_sco,z_within,DE,0,NA
ope_spp,tet_gab,z_within,DE,0,NA
ope_spp,tet_spp,z_within,DE,0,NA
ope_spp,tha_pro,z_within,DE,0,NA
ope_spp,tom_spp,z_within,DE,0,NA
ope_spp,tor_vir,z_within,DE,0,NA
ope_spp,uro_sir_spp,z_within,DE,0,NA
ope_spp,xyl_lin,z_within,DE,0,NA
ope_spp,xyl_spp,z_within,DE,0,NA
ope_spp,zei_gri,z_within,DE,0,NA
pan_fla,pha_cya,z_within,CZ,461,0.09707556482052193
pan_fla,pha_cya,z_within,DE,346,0.11089694554536435
pan_fla,pha_cya,z_within,LT,461,0.11638700317184883
pan_fla,pha_cya,z_within,PL,184,0.06978175695057474
pan_fla,pis_pin,z_within,DE,23,0.08180253664588327
pan_fla,pis_pin,z_within,LT,115,0.16937502529130524
pan_fla,pit_bid,z_within,DE,0,NA
pan_fla,pit_cha,z_within,DE,23,0.10253752186388969
pan_fla,pit_cha,z_within,LT,138,0.22384137252836905
pan_fla,pit_spp,z_within,CZ,23,-0.016712735533669153
pan_fla,pit_spp,z_within,DE,23,0.22204733364718843
pan_fla,pol_pol,z_within,CZ,23,0.10570974410942036
pan_fla,pol_pol,z_within,LT,23,0.14833555154527162
pan_fla,pri_abi,z_within,CZ,115,0.3064513617206068
pan_fla,pri_abi,z_within,DE,23,-0.13297270228009586
pan_fla,sap_car,z_within,DE,0,NA
pan_fla,sco_int,z_within,CZ,92,-0.14698650254183668
pan_fla,sco_int,z_within,DE,23,0.35316595579083554
pan_fla,sco_rat,z_within,CZ,92,-0.1768018145001606
pan_fla,sco_rat,z_within,DE,46,0.06585342310430839
pan_fla,sco_rat,z_within,LT,92,-0.14623936433694257
pan_fla,sco_sco,z_within,DE,23,-0.08014756121741497
pan_fla,sco_sco,z_within,LT,69,0.06943855586951736
pan_fla,tet_gab,z_within,CZ,92,0.1497605214187484
pan_fla,tet_gab,z_within,DE,23,-0.06314693216676635
pan_fla,tet_spp,z_within,DE,0,NA
pan_fla,tha_pit,z_within,DE,0,NA
pan_fla,tha_pro,z_within,DE,0,NA
pan_fla,tom_spp,z_within,CZ,401,0.1896306856201353
pan_fla,tom_spp,z_within,DE,286,0.15448009442208205
pan_fla,tom_spp,z_within,LT,401,0.20742720015124438
pan_fla,tom_spp,z_within,PL,184,0.2661761224331653
pan_fla,tor_vir,z_within,DE,323,0.15943629635165402
pan_fla,tor_vir,z_within,LT,438,0.13924450548310188
pan_fla,tor_vir,z_within,PL,161,0.07991983831978214
pan_fla,uro_sir_spp,z_within,DE,0,NA
pan_fla,xyl_lin,z_within,DE,0,NA
pan_fla,xyl_spp,z_within,DE,0,NA
pan_fla,zei_gri,z_within,CZ,23,-0.031112637108863035
pan_fla,zei_gri,z_within,DE,23,0.6101054521376807
pha_cya,pis_pin,z_within,DE,23,0.32494631019915204
pha_cya,pis_pin,z_within,LT,161,0.3895053694308542
pha_cya,pit_bid,z_within,DE,0,NA
pha_cya,pit_cha,z_within,AT,276,0.41218146516736787
pha_cya,pit_cha,z_within,DE,170,0.25460965888045806
pha_cya,pit_cha,z_within,LT,400,0.3465901744123294
pha_cya,pit_spp,z_within,AT,276,0.30607522953177474
pha_cya,pit_spp,z_within,CZ,218,0.1087461174962166
pha_cya,pit_spp,z_within,DE,310,0.3155826724824109
pha_cya,pol_pol,z_within,CZ,23,0.44182324249768684
pha_cya,pol_pol,z_within,LT,184,0.09794083500613875
pha_cya,pri_abi,z_within,CZ,184,-0.0358594834316719
pha_cya,pri_abi,z_within,DE,161,-0.26876376069268126
pha_cya,sap_car,z_within,DE,0,NA
pha_cya,sco_int,z_within,CZ,184,0.1722059658395673
pha_cya,sco_int,z_within,DE,184,0.3198255907900408
pha_cya,sco_rat,z_within,CZ,92,0.4258105305360436
pha_cya,sco_rat,z_within,DE,207,0.3085879763281453
pha_cya,sco_rat,z_within,LT,253,0.35465366315821806
pha_cya,sco_sco,z_within,DE,23,-0.0928464045590703
pha_cya,sco_sco,z_within,LT,115,0.06233686425339475
pha_cya,tet_gab,z_within,AT,253,0.20279964100825476
pha_cya,tet_gab,z_within,CZ,312,0.21169332445046216
pha_cya,tet_gab,z_within,DE,151,-0.08935259946311172
pha_cya,tet_spp,z_within,DE,0,NA
pha_cya,tha_pit,z_within,DE,0,NA
pha_cya,tha_pro,z_within,DE,0,NA
pha_cya,tom_spp,z_within,AT,740,0.28639043381349444
pha_cya,tom_spp,z_within,CZ,703,0.22750995201204338
pha_cya,tom_spp,z_within,DE,634,0.27371368428906107
pha_cya,tom_spp,z_within,LT,864,0.28512528477331084
pha_cya,tom_spp,z_within,PL,607,0.3779058981601331
pha_cya,tor_vir,z_within,DE,363,0.00820587605011539
pha_cya,tor_vir,z_within,LT,570,0.00537774435807253
pha_cya,tor_vir,z_within,PL,253,0.06380485139411006
pha_cya,uro_sir_spp,z_within,DE,0,NA
pha_cya,xyl_lin,z_within,DE,0,NA
pha_cya,xyl_spp,z_within,DE,0,NA
pha_cya,zei_gri,z_within,CZ,23,-0.31477949687454415
pha_cya,zei_gri,z_within,DE,161,-1.6525339085598863e-4
pis_pin,pit_bid,z_within,DE,0,NA
pis_pin,pit_cha,z_within,DE,23,0.6579974846375166
pis_pin,pit_cha,z_within,LT,161,0.39920152776561846
pis_pin,pit_spp,z_within,DE,0,NA
pis_pin,pol_pol,z_within,LT,0,NA
pis_pin,pri_abi,z_within,DE,0,NA
pis_pin,sap_car,z_within,DE,0,NA
pis_pin,sco_int,z_within,DE,0,NA
pis_pin,sco_rat,z_within,DE,23,0.43729694051477325
pis_pin,sco_rat,z_within,LT,69,0.3388875108765492
pis_pin,sco_sco,z_within,DE,23,0.009956881286391975
pis_pin,sco_sco,z_within,LT,92,0.32260488423421046
pis_pin,tet_gab,z_within,DE,0,NA
pis_pin,tet_spp,z_within,DE,0,NA
pis_pin,tha_pit,z_within,DE,0,NA
pis_pin,tha_pro,z_within,DE,0,NA
pis_pin,tom_spp,z_within,DE,23,0.8402318293504166
pis_pin,tom_spp,z_within,LT,161,0.4223572562459879
pis_pin,tor_vir,z_within,DE,23,0.3581448844597397
pis_pin,tor_vir,z_within,LT,161,0.11583303306808435
pis_pin,uro_sir_spp,z_within,DE,0,NA
pis_pin,xyl_lin,z_within,DE,0,NA
pis_pin,xyl_spp,z_within,DE,0,NA
pis_pin,zei_gri,z_within,DE,0,NA
pit_bid,pit_cha,z_within,DE,0,NA
pit_bid,pit_spp,z_within,DE,0,NA
pit_bid,pri_abi,z_within,DE,0,NA
pit_bid,sap_car,z_within,DE,0,NA
pit_bid,sco_int,z_within,DE,0,NA
pit_bid,sco_rat,z_within,DE,0,NA
pit_bid,sco_sco,z_within,DE,0,NA
pit_bid,tet_gab,z_within,DE,0,NA
pit_bid,tet_spp,z_within,DE,0,NA
pit_bid,tha_pit,z_within,DE,0,NA
pit_bid,tha_pro,z_within,DE,0,NA
pit_bid,tom_spp,z_within,DE,0,NA
pit_bid,tor_vir,z_within,DE,0,NA
pit_bid,uro_sir_spp,z_within,DE,0,NA
pit_bid,xyl_lin,z_within,DE,0,NA
pit_bid,xyl_spp,z_within,DE,0,NA
pit_bid,zei_gri,z_within,DE,0,NA
pit_cha,pit_spp,z_within,AT,115,0.16999349822395118
pit_cha,pit_spp,z_within,DE,170,0.4090977378067405
pit_cha,pit_spp,z_within,SI,239,0.31947245257005547
pit_cha,pol_pol,z_within,LT,0,NA
pit_cha,pri_abi,z_within,DE,0,NA
pit_cha,sap_car,z_within,DE,0,NA
pit_cha,sco_int,z_within,DE,0,NA
pit_cha,sco_rat,z_within,DE,23,0.3707334621929058
pit_cha,sco_rat,z_within,LT,69,0.31049173860189994
pit_cha,sco_sco,z_within,DE,23,0.022283548208416694
pit_cha,sco_sco,z_within,LT,115,0.0684667210524099
pit_cha,tet_gab,z_within,AT,207,0.24694829884974845
pit_cha,tet_gab,z_within,DE,126,0.15255453540735367
pit_cha,tet_spp,z_within,DE,0,NA
pit_cha,tha_pit,z_within,DE,0,NA
pit_cha,tha_pro,z_within,DE,0,NA
pit_cha,tom_spp,z_within,AT,276,0.3294575696644538
pit_cha,tom_spp,z_within,DE,191,0.4080238909775848
pit_cha,tom_spp,z_within,LT,421,0.31001131947117627
pit_cha,tor_vir,z_within,DE,23,0.5066631652305564
pit_cha,tor_vir,z_within,LT,230,0.07927256708370736
pit_cha,uro_sir_spp,z_within,DE,0,NA
pit_cha,xyl_lin,z_within,DE,0,NA
pit_cha,xyl_spp,z_within,DE,0,NA
pit_cha,zei_gri,z_within,DE,0,NA
pit_spp,pol_pol,z_within,CZ,0,NA
pit_spp,pri_abi,z_within,CZ,69,-0.22874839071364372
pit_spp,pri_abi,z_within,DE,161,-0.4581187404909346
pit_spp,sco_int,z_within,CZ,69,0.06835793158741611
pit_spp,sco_int,z_within,DE,184,0.25543897149226213
pit_spp,sco_rat,z_within,CZ,0,NA
pit_spp,sco_sco,z_within,DE,0,NA
pit_spp,tet_gab,z_within,AT,115,0.0016222632711288603
pit_spp,tet_gab,z_within,CZ,174,0.20224860293660948
pit_spp,tet_gab,z_within,DE,151,0.03812348384580146
pit_spp,tet_spp,z_within,DE,0,NA
pit_spp,tha_pit,z_within,HR,0,NA
pit_spp,tha_pro,z_within,DE,0,NA
pit_spp,tom_spp,z_within,AT,276,0.35479851093178105
pit_spp,tom_spp,z_within,CZ,218,0.08910597427516355
pit_spp,tom_spp,z_within,DE,310,0.5365270277245768
pit_spp,tor_vir,z_within,DE,0,NA
pit_spp,uro_sir_spp,z_within,DE,0,NA
pit_spp,xyl_lin,z_within,DE,0,NA
pit_spp,xyl_spp,z_within,DE,0,NA
pit_spp,zei_gri,z_within,CZ,0,NA
pol_pol,pri_abi,z_within,CZ,0,NA
pol_pol,sco_int,z_within,CZ,0,NA
pol_pol,sco_rat,z_within,CZ,23,0.35835401533166084
pol_pol,sco_rat,z_within,LT,184,0.19063586439589883
pol_pol,sco_sco,z_within,LT,0,NA
pol_pol,tet_gab,z_within,CZ,0,NA
pol_pol,tom_spp,z_within,CZ,23,0.8125419253906503
pol_pol,tom_spp,z_within,LT,184,0.04355937263856415
pol_pol,tor_vir,z_within,LT,0,NA
pol_pol,zei_gri,z_within,CZ,0,NA
pri_abi,sap_car,z_within,DE,0,NA
pri_abi,sco_int,z_within,CZ,138,-0.11843438949358817
pri_abi,sco_int,z_within,DE,161,-0.19994368795542222
pri_abi,sco_rat,z_within,CZ,69,-0.001572669590870403
pri_abi,sco_rat,z_within,DE,161,-0.31646036087958396
pri_abi,sco_sco,z_within,DE,0,NA
pri_abi,tet_gab,z_within,CZ,138,0.1538578081837643
pri_abi,tet_gab,z_within,DE,46,0.4553034152158222
pri_abi,tet_spp,z_within,DE,0,NA
pri_abi,tha_pit,z_within,DE,0,NA
pri_abi,tha_pro,z_within,DE,0,NA
pri_abi,tom_spp,z_within,CZ,184,0.2166102461982178
pri_abi,tom_spp,z_within,DE,161,-0.3641340692854234
pri_abi,tor_vir,z_within,DE,0,NA
pri_abi,uro_sir_spp,z_within,DE,0,NA
pri_abi,xyl_lin,z_within,DE,0,NA
pri_abi,xyl_spp,z_within,DE,0,NA
pri_abi,zei_gri,z_within,CZ,23,0.2572272291191479
pri_abi,zei_gri,z_within,DE,138,-0.2446020681405268
sap_car,sco_int,z_within,DE,0,NA
sap_car,sco_rat,z_within,DE,0,NA
sap_car,sco_sco,z_within,DE,0,NA
sap_car,tet_gab,z_within,DE,0,NA
sap_car,tet_spp,z_within,DE,0,NA
sap_car,tha_pit,z_within,DE,0,NA
sap_car,tha_pro,z_within,DE,0,NA
sap_car,tom_spp,z_within,DE,0,NA
sap_car,tor_vir,z_within,DE,0,NA
sap_car,xyl_lin,z_within,DE,0,NA
sap_car,xyl_spp,z_within,DE,0,NA
sco_int,sco_rat,z_within,CZ,69,0.40170089090857825
sco_int,sco_rat,z_within,DE,184,0.4484670968993631
sco_int,sco_sco,z_within,DE,0,NA
sco_int,tet_gab,z_within,CZ,161,0.26338173449582347
sco_int,tet_gab,z_within,DE,46,-0.2850565215789142
sco_int,tet_spp,z_within,DE,0,NA
sco_int,tha_pit,z_within,DE,0,NA
sco_int,tha_pro,z_within,DE,0,NA
sco_int,tom_spp,z_within,CZ,184,0.10795734330445404
sco_int,tom_spp,z_within,DE,184,0.19472179060785824
sco_int,tor_vir,z_within,DE,0,NA
sco_int,uro_sir_spp,z_within,DE,0,NA
sco_int,xyl_lin,z_within,DE,0,NA
sco_int,xyl_spp,z_within,DE,0,NA
sco_int,zei_gri,z_within,CZ,23,-0.09529260254344465
sco_int,zei_gri,z_within,DE,161,0.007868975402080059
sco_rat,sco_sco,z_within,DE,23,-0.13542143273249166
sco_rat,sco_sco,z_within,LT,69,0.10729926855536324
sco_rat,tet_gab,z_within,CZ,69,0.20774906976781335
sco_rat,tet_gab,z_within,DE,46,-0.16733625920908335
sco_rat,tet_spp,z_within,DE,0,NA
sco_rat,tha_pit,z_within,DE,0,NA
sco_rat,tha_pro,z_within,DE,0,NA
sco_rat,tom_spp,z_within,CZ,92,0.23782778163146798
sco_rat,tom_spp,z_within,DE,207,0.43608493908048357
sco_rat,tom_spp,z_within,LT,253,0.3521768297458318
sco_rat,tor_vir,z_within,DE,23,0.30832838560629805
sco_rat,tor_vir,z_within,LT,69,0.2966054956811503
sco_rat,uro_sir_spp,z_within,DE,0,NA
sco_rat,xyl_lin,z_within,DE,0,NA
sco_rat,xyl_spp,z_within,DE,0,NA
sco_rat,zei_gri,z_within,CZ,23,-0.17919774174202865
sco_rat,zei_gri,z_within,DE,161,0.007184748527576616
sco_sco,tet_gab,z_within,DE,0,NA
sco_sco,tet_spp,z_within,DE,0,NA
sco_sco,tha_pit,z_within,DE,0,NA
sco_sco,tha_pro,z_within,DE,0,NA
sco_sco,tom_spp,z_within,DE,23,0.04446577250960447
sco_sco,tom_spp,z_within,LT,115,0.24374738984480146
sco_sco,tor_vir,z_within,DE,23,-0.2488243755582519
sco_sco,tor_vir,z_within,LT,115,0.18959964121525458
sco_sco,uro_sir_spp,z_within,DE,0,NA
sco_sco,xyl_lin,z_within,DE,0,NA
sco_sco,xyl_spp,z_within,DE,0,NA
sco_sco,zei_gri,z_within,DE,0,NA
tet_gab,tet_spp,z_within,DE,0,NA
tet_gab,tha_pit,z_within,DE,0,NA
tet_gab,tha_pro,z_within,DE,0,NA
tet_gab,tom_spp,z_within,AT,253,0.16760669043619167
tet_gab,tom_spp,z_within,CZ,312,0.16011809038433206
tet_gab,tom_spp,z_within,DE,151,-0.051726836886408105
tet_gab,tor_vir,z_within,DE,0,NA
tet_gab,uro_sir_spp,z_within,DE,0,NA
tet_gab,xyl_lin,z_within,DE,0,NA
tet_gab,xyl_spp,z_within,DE,0,NA
tet_gab,zei_gri,z_within,CZ,23,-0.18621033320131222
tet_gab,zei_gri,z_within,DE,46,-0.1718425842264279
tet_spp,tha_pit,z_within,DE,0,NA
tet_spp,tha_pro,z_within,DE,0,NA
tet_spp,tom_spp,z_within,DE,0,NA
tet_spp,tor_vir,z_within,DE,0,NA
tet_spp,uro_sir_spp,z_within,DE,0,NA
tet_spp,xyl_lin,z_within,DE,0,NA
tet_spp,xyl_spp,z_within,DE,0,NA
tet_spp,zei_gri,z_within,DE,0,NA
tha_pit,tha_pro,z_within,DE,0,NA
tha_pit,tom_spp,z_within,DE,0,NA
tha_pit,tor_vir,z_within,BG,23,-0.7682396452909971
tha_pit,tor_vir,z_within,DE,18,0.3664215520407706
tha_pit,xyl_lin,z_within,DE,0,NA
tha_pit,xyl_spp,z_within,DE,0,NA
tha_pro,tom_spp,z_within,DE,0,NA
tha_pro,tor_vir,z_within,DE,0,NA
tha_pro,uro_sir_spp,z_within,DE,0,NA
tha_pro,xyl_lin,z_within,DE,0,NA
tha_pro,xyl_spp,z_within,DE,0,NA
tom_spp,tor_vir,z_within,DE,303,0.24768498296568434
tom_spp,tor_vir,z_within,LT,510,0.16916125599189352
tom_spp,tor_vir,z_within,PL,253,0.11740724877104117
tom_spp,uro_sir_spp,z_within,DE,0,NA
tom_spp,xyl_lin,z_within,DE,0,NA
tom_spp,xyl_spp,z_within,DE,0,NA
tom_spp,zei_gri,z_within,CZ,23,-0.3637306060810667
tom_spp,zei_gri,z_within,DE,161,-0.01946835665120693
tor_vir,uro_sir_spp,z_within,DE,0,NA
tor_vir,xyl_lin,z_within,DE,0,NA
tor_vir,xyl_spp,z_within,DE,0,NA
tor_vir,zei_gri,z_within,DE,0,NA
uro_sir_spp,xyl_lin,z_within,DE,0,NA
uro_sir_spp,xyl_spp,z_within,DE,0,NA
uro_sir_spp,zei_gri,z_within,DE,0,NA
xyl_lin,xyl_spp,z_within,DE,0,NA
xyl_lin,zei_gri,z_within,DE,0,NA
xyl_spp,zei_gri,z_within,DE,0,NA
CambXyl_con&BB_con&BO,CambXyl_con&BB_con&SM,detrended,DE,0,NA
CambXyl_con&BB_con&BO,CambXyl_con&BO,detrended,DE,0,NA
CambXyl_con&BB_con&BO,CambXyl_con&MD,detrended,DE,0,NA
CambXyl_con&BB_con&BO,Def_dec&DB,detrended,AT,69,0.34321428317531844
CambXyl_con&BB_con&BO,Def_dec&DB,detrended,DE,126,0.10899592065604287
CambXyl_con&BB_con&BO,agr_big,detrended,DE,0,NA
CambXyl_con&BB_con&BO,agr_vir,detrended,DE,0,NA
CambXyl_con&BB_con&BO,bup_pin,detrended,DE,0,NA
CambXyl_con&BB_con&BO,dip_sp,detrended,AT,69,-0.3034187615608912
CambXyl_con&BB_con&BO,dip_sp,detrended,DE,105,-0.026243880156552647
CambXyl_con&BB_con&BO,era_def,detrended,DE,0,NA
CambXyl_con&BB_con&BO,geo_db,detrended,DE,23,0.28093236841007263
CambXyl_con&BB_con&BO,geo_db,detrended,HR,46,0.23907277158810716
CambXyl_con&BB_con&BO,ips_acu,detrended,DE,0,NA
CambXyl_con&BB_con&BO,ips_cem,detrended,DE,0,NA
CambXyl_con&BB_con&BO,ips_sex,detrended,DE,0,NA
CambXyl_con&BB_con&BO,ips_typ,detrended,AT,92,-1.727322852016333e-4
CambXyl_con&BB_con&BO,ips_typ,detrended,DE,191,0.43221889301047073
CambXyl_con&BB_con&BO,ips_typ,detrended,HR,237,-0.008518764773097171
CambXyl_con&BB_con&BO,lym_dis,detrended,AT,92,0.13123704382209647
CambXyl_con&BB_con&BO,lym_dis,detrended,DE,149,0.29386037706993173
CambXyl_con&BB_con&BO,lym_dis,detrended,HR,195,0.10705784556815914
CambXyl_con&BB_con&BO,lym_mon,detrended,DE,0,NA
CambXyl_con&BB_con&BO,mel_spp,detrended,DE,0,NA
CambXyl_con&BB_con&BO,ope_spp,detrended,DE,0,NA
CambXyl_con&BB_con&BO,pan_fla,detrended,DE,0,NA
CambXyl_con&BB_con&BO,pha_cya,detrended,AT,69,0.36778234730496856
CambXyl_con&BB_con&BO,pha_cya,detrended,DE,147,0.3652904801789969
CambXyl_con&BB_con&BO,pis_pin,detrended,DE,0,NA
CambXyl_con&BB_con&BO,pit_bid,detrended,DE,0,NA
CambXyl_con&BB_con&BO,pit_cha,detrended,AT,69,-0.10975479920379504
CambXyl_con&BB_con&BO,pit_cha,detrended,DE,168,0.27808472587923566
CambXyl_con&BB_con&BO,pit_spp,detrended,AT,69,0.030104475228759295
CambXyl_con&BB_con&BO,pit_spp,detrended,DE,149,0.46017784182681154
CambXyl_con&BB_con&BO,pit_spp,detrended,HR,172,0.008830598080472183
CambXyl_con&BB_con&BO,pri_abi,detrended,DE,0,NA
CambXyl_con&BB_con&BO,sco_int,detrended,DE,0,NA
CambXyl_con&BB_con&BO,sco_sco,detrended,DE,0,NA
CambXyl_con&BB_con&BO,tet_gab,detrended,AT,69,-0.06663570132506544
CambXyl_con&BB_con&BO,tet_gab,detrended,DE,105,0.2150390792103174
CambXyl_con&BB_con&BO,tet_spp,detrended,DE,0,NA
CambXyl_con&BB_con&BO,tha_pit,detrended,HR,0,NA
CambXyl_con&BB_con&BO,tha_pro,detrended,DE,0,NA
CambXyl_con&BB_con&BO,tom_spp,detrended,AT,69,0.32899851527349466
CambXyl_con&BB_con&BO,tom_spp,detrended,DE,168,0.4314729874725399
CambXyl_con&BB_con&BO,tor_vir,detrended,DE,0,NA
CambXyl_con&BB_con&BO,uro_sir_spp,detrended,DE,0,NA
CambXyl_con&BB_con&BO,xyl_lin,detrended,DE,0,NA
CambXyl_con&BB_con&BO,xyl_spp,detrended,DE,0,NA
CambXyl_con&BB_con&SM,CambXyl_con&BO,detrended,DE,0,NA
CambXyl_con&BB_con&SM,CambXyl_con&MD,detrended,DE,0,NA
CambXyl_con&BB_con&SM,Def_dec&DB,detrended,DE,0,NA
CambXyl_con&BB_con&SM,agr_big,detrended,DE,0,NA
CambXyl_con&BB_con&SM,agr_vir,detrended,DE,0,NA
CambXyl_con&BB_con&SM,dip_sp,detrended,DE,0,NA
CambXyl_con&BB_con&SM,era_def,detrended,DE,0,NA
CambXyl_con&BB_con&SM,geo_db,detrended,DE,0,NA
CambXyl_con&BB_con&SM,ips_acu,detrended,DE,0,NA
CambXyl_con&BB_con&SM,ips_cem,detrended,DE,0,NA
CambXyl_con&BB_con&SM,ips_sex,detrended,DE,0,NA
CambXyl_con&BB_con&SM,ips_typ,detrended,DE,0,NA
CambXyl_con&BB_con&SM,lym_dis,detrended,DE,0,NA
CambXyl_con&BB_con&SM,mel_spp,detrended,DE,0,NA
CambXyl_con&BB_con&SM,ope_spp,detrended,DE,0,NA
CambXyl_con&BB_con&SM,pha_cya,detrended,DE,0,NA
CambXyl_con&BB_con&SM,pis_pin,detrended,DE,0,NA
CambXyl_con&BB_con&SM,pit_bid,detrended,DE,0,NA
CambXyl_con&BB_con&SM,pit_cha,detrended,DE,0,NA
CambXyl_con&BB_con&SM,pit_spp,detrended,DE,0,NA
CambXyl_con&BB_con&SM,pri_abi,detrended,DE,0,NA
CambXyl_con&BB_con&SM,sco_int,detrended,DE,0,NA
CambXyl_con&BB_con&SM,sco_sco,detrended,DE,0,NA
CambXyl_con&BB_con&SM,tet_gab,detrended,DE,0,NA
CambXyl_con&BB_con&SM,tet_spp,detrended,DE,0,NA
CambXyl_con&BB_con&SM,tha_pro,detrended,DE,0,NA
CambXyl_con&BB_con&SM,tom_spp,detrended,DE,0,NA
CambXyl_con&BB_con&SM,tor_vir,detrended,DE,0,NA
CambXyl_con&BB_con&SM,uro_sir_spp,detrended,DE,0,NA
CambXyl_con&BB_con&SM,xyl_lin,detrended,DE,0,NA
CambXyl_con&BB_con&SM,xyl_spp,detrended,DE,0,NA
CambXyl_con&BO,CambXyl_con&MD,detrended,DE,0,NA
CambXyl_con&BO,Def_dec&DB,detrended,DE,0,NA
CambXyl_con&BO,agr_big,detrended,DE,0,NA
CambXyl_con&BO,agr_vir,detrended,DE,0,NA
CambXyl_con&BO,dip_sp,detrended,DE,0,NA
CambXyl_con&BO,era_def,detrended,DE,0,NA
CambXyl_con&BO,geo_db,detrended,DE,0,NA
CambXyl_con&BO,ips_acu,detrended,DE,0,NA
CambXyl_con&BO,ips_cem,detrended,DE,0,NA
CambXyl_con&BO,ips_sex,detrended,DE,0,NA
CambXyl_con&BO,ips_typ,detrended,DE,23,0.28904748397190966
CambXyl_con&BO,ips_typ,detrended,SI,46,0.05121939530352502
CambXyl_con&BO,lym_dis,detrended,DE,0,NA
CambXyl_con&BO,mel_spp,detrended,DE,0,NA
CambXyl_con&BO,ope_spp,detrended,DE,0,NA
CambXyl_con&BO,pha_cya,detrended,DE,0,NA
CambXyl_con&BO,pis_pin,detrended,DE,0,NA
CambXyl_con&BO,pit_bid,detrended,DE,0,NA
CambXyl_con&BO,pit_cha,detrended,DE,23,0.6139050922256907
CambXyl_con&BO,pit_cha,detrended,SI,46,0.10368122724327158
CambXyl_con&BO,pit_spp,detrended,DE,23,0.4529755194220998
CambXyl_con&BO,pit_spp,detrended,SI,46,0.11691947828470442
CambXyl_con&BO,pri_abi,detrended,DE,0,NA
CambXyl_con&BO,sco_int,detrended,DE,0,NA
CambXyl_con&BO,sco_sco,detrended,DE,0,NA
CambXyl_con&BO,tet_gab,detrended,DE,0,NA
CambXyl_con&BO,tet_spp,detrended,DE,0,NA
CambXyl_con&BO,tha_pro,detrended,DE,0,NA
CambXyl_con&BO,tom_spp,detrended,DE,0,NA
CambXyl_con&BO,tor_vir,detrended,DE,0,NA
CambXyl_con&BO,uro_sir_spp,detrended,DE,0,NA
CambXyl_con&BO,xyl_lin,detrended,DE,0,NA
CambXyl_con&BO,xyl_spp,detrended,DE,0,NA
CambXyl_con&MD,Def_dec&DB,detrended,CZ,23,0.2895719721735356
CambXyl_con&MD,Def_dec&DB,detrended,DE,184,0.15968220449899037
CambXyl_con&MD,agr_big,detrended,DE,0,NA
CambXyl_con&MD,agr_vir,detrended,DE,0,NA
CambXyl_con&MD,cep_spp,detrended,CZ,0,NA
CambXyl_con&MD,den_mic,detrended,CZ,0,NA
CambXyl_con&MD,dip_sp,detrended,DE,0,NA
CambXyl_con&MD,era_def,detrended,DE,0,NA
CambXyl_con&MD,geo_db,detrended,DE,0,NA
CambXyl_con&MD,ips_acu,detrended,CZ,23,-0.1844062558342597
CambXyl_con&MD,ips_acu,detrended,DE,184,0.32237979004753164
CambXyl_con&MD,ips_cem,detrended,DE,0,NA
CambXyl_con&MD,ips_dup,detrended,CZ,0,NA
CambXyl_con&MD,ips_sex,detrended,CZ,23,-0.30571803437077233
CambXyl_con&MD,ips_sex,detrended,DE,184,0.19641468857655567
CambXyl_con&MD,ips_typ,detrended,CZ,23,-0.7425820601283959
CambXyl_con&MD,ips_typ,detrended,DE,184,0.107739597374939
CambXyl_con&MD,lym_dis,detrended,CZ,23,-0.14578933903298802
CambXyl_con&MD,lym_dis,detrended,DE,138,-0.1090595677661847
CambXyl_con&MD,lym_mon,detrended,CZ,0,NA
CambXyl_con&MD,mel_spp,detrended,DE,0,NA
CambXyl_con&MD,neo_ser,detrended,CZ,0,NA
CambXyl_con&MD,ope_spp,detrended,DE,0,NA
CambXyl_con&MD,pan_fla,detrended,CZ,0,NA
CambXyl_con&MD,pha_cya,detrended,CZ,23,-0.0663679747338287
CambXyl_con&MD,pha_cya,detrended,DE,184,0.21385522625585707
CambXyl_con&MD,pis_pin,detrended,DE,0,NA
CambXyl_con&MD,pit_bid,detrended,DE,0,NA
CambXyl_con&MD,pit_cha,detrended,DE,0,NA
CambXyl_con&MD,pit_spp,detrended,CZ,23,-0.07415003034247708
CambXyl_con&MD,pit_spp,detrended,DE,184,0.17143190185690338
CambXyl_con&MD,pol_pol,detrended,CZ,0,NA
CambXyl_con&MD,pri_abi,detrended,CZ,23,-0.4193153258604849
CambXyl_con&MD,pri_abi,detrended,DE,161,0.18232514504596245
CambXyl_con&MD,sco_int,detrended,CZ,23,0.1447460576371739
CambXyl_con&MD,sco_int,detrended,DE,184,0.13504918386432213
CambXyl_con&MD,sco_rat,detrended,CZ,0,NA
CambXyl_con&MD,sco_sco,detrended,DE,0,NA
CambXyl_con&MD,tet_gab,detrended,CZ,23,-0.776880530891963
CambXyl_con&MD,tet_gab,detrended,DE,46,-0.027706509828393112
CambXyl_con&MD,tet_spp,detrended,DE,0,NA
CambXyl_con&MD,tha_pro,detrended,DE,0,NA
CambXyl_con&MD,tom_spp,detrended,CZ,23,-0.1941529086227143
CambXyl_con&MD,tom_spp,detrended,DE,184,0.14001626599131992
CambXyl_con&MD,tor_vir,detrended,DE,0,NA
CambXyl_con&MD,uro_sir_spp,detrended,DE,0,NA
CambXyl_con&MD,xyl_lin,detrended,DE,0,NA
CambXyl_con&MD,xyl_spp,detrended,DE,0,NA
CambXyl_con&MD,zei_gri,detrended,CZ,0,NA
Def_dec,Def_dec&DB,detrended,DE,0,NA
Def_dec,agr_big,detrended,DE,0,NA
Def_dec,agr_vir,detrended,DE,0,NA
Def_dec,bup_pin,detrended,DE,0,NA
Def_dec,den_pin,detrended,DE,0,NA
Def_dec,dip_sp,detrended,DE,0,NA
Def_dec,era_def,detrended,DE,0,NA
Def_dec,geo_db,detrended,DE,0,NA
Def_dec,ips_acu,detrended,DE,0,NA
Def_dec,ips_cem,detrended,DE,0,NA
Def_dec,ips_sex,detrended,DE,0,NA
Def_dec,ips_typ,detrended,DE,0,NA
Def_dec,lym_dis,detrended,DE,0,NA
Def_dec,lym_mon,detrended,DE,0,NA
Def_dec,mel_spp,detrended,DE,0,NA
Def_dec,neo_ser,detrended,DE,0,NA
Def_dec,ope_spp,detrended,DE,0,NA
Def_dec,pan_fla,detrended,DE,0,NA
Def_dec,pha_cya,detrended,DE,0,NA
Def_dec,pis_pin,detrended,DE,0,NA
Def_dec,pit_bid,detrended,DE,0,NA
Def_dec,pit_cha,detrended,DE,0,NA
Def_dec,pit_spp,detrended,DE,0,NA
Def_dec,pri_abi,detrended,DE,0,NA
Def_dec,sco_int,detrended,DE,0,NA
Def_dec,sco_rat,detrended,DE,0,NA
Def_dec,sco_sco,detrended,DE,0,NA
Def_dec,tet_gab,detrended,DE,0,NA
Def_dec,tet_spp,detrended,DE,0,NA
Def_dec,tha_pro,detrended,DE,0,NA
Def_dec,tom_spp,detrended,DE,0,NA
Def_dec,tor_vir,detrended,DE,0,NA
Def_dec,uro_sir_spp,detrended,DE,0,NA
Def_dec,xyl_lin,detrended,DE,0,NA
Def_dec,xyl_spp,detrended,DE,0,NA
Def_dec,zei_gri,detrended,DE,0,NA
Def_dec&DB,agr_big,detrended,DE,0,NA
Def_dec&DB,agr_vir,detrended,DE,0,NA
Def_dec&DB,bup_pin,detrended,DE,0,NA
Def_dec&DB,cep_spp,detrended,CZ,0,NA
Def_dec&DB,den_mic,detrended,CZ,0,NA
Def_dec&DB,den_pin,detrended,DE,0,NA
Def_dec&DB,dip_sp,detrended,AT,138,-0.0725884064802624
Def_dec&DB,dip_sp,detrended,DE,84,0.13105552896814773
Def_dec&DB,era_def,detrended,DE,0,NA
Def_dec&DB,geo_db,detrended,DE,0,NA
Def_dec&DB,ips_acu,detrended,CZ,115,0.07967409576245227
Def_dec&DB,ips_acu,detrended,DE,184,0.20109339078825178
Def_dec&DB,ips_ami,detrended,DE,0,NA
Def_dec&DB,ips_cem,detrended,DE,0,NA
Def_dec&DB,ips_dup,detrended,CZ,0,NA
Def_dec&DB,ips_sex,detrended,CZ,138,-0.1322291053284289
Def_dec&DB,ips_sex,detrended,DE,184,0.26720130983386436
Def_dec&DB,ips_typ,detrended,AT,345,0.09418796032029707
Def_dec&DB,ips_typ,detrended,CZ,287,0.03729967658221639
Def_dec&DB,ips_typ,detrended,DE,310,0.1574767186388355
Def_dec&DB,lym_dis,detrended,AT,276,0.23629513936592278
Def_dec&DB,lym_dis,detrended,CZ,243,0.24911984764686965
Def_dec&DB,lym_dis,detrended,DE,243,0.2959776763286378
Def_dec&DB,lym_mon,detrended,CZ,115,0.18433085971289162
Def_dec&DB,lym_mon,detrended,DE,138,0.08763217338638185
Def_dec&DB,mel_spp,detrended,DE,0,NA
Def_dec&DB,neo_ser,detrended,CZ,23,-0.2452651818156319
Def_dec&DB,neo_ser,detrended,DE,46,0.07049882430604443
Def_dec&DB,ope_spp,detrended,DE,0,NA
Def_dec&DB,pan_fla,detrended,CZ,69,0.335903756681545
Def_dec&DB,pan_fla,detrended,DE,23,0.3505623686181527
Def_dec&DB,pha_cya,detrended,AT,345,0.19161412326658386
Def_dec&DB,pha_cya,detrended,CZ,266,0.2033218464505057
Def_dec&DB,pha_cya,detrended,DE,289,0.1863703694371592
Def_dec&DB,pis_pin,detrended,DE,0,NA
Def_dec&DB,pit_bid,detrended,DE,0,NA
Def_dec&DB,pit_cha,detrended,AT,161,-0.0535514882428858
Def_dec&DB,pit_cha,detrended,DE,126,-0.0067424234744607615
Def_dec&DB,pit_spp,detrended,AT,253,-0.09089312372180545
Def_dec&DB,pit_spp,detrended,CZ,153,-0.25613959289995414
Def_dec&DB,pit_spp,detrended,DE,268,0.16567962679802334
Def_dec&DB,pol_pol,detrended,CZ,0,NA
Def_dec&DB,pri_abi,detrended,CZ,115,0.005931954260607444
Def_dec&DB,pri_abi,detrended,DE,161,0.2764913327156204
Def_dec&DB,sap_car,detrended,DE,0,NA
Def_dec&DB,sco_int,detrended,CZ,115,0.1540170588772603
Def_dec&DB,sco_int,detrended,DE,184,0.07212465024194209
Def_dec&DB,sco_rat,detrended,CZ,46,-0.09046500446989746
Def_dec&DB,sco_rat,detrended,DE,184,0.22758404415822298
Def_dec&DB,sco_sco,detrended,DE,0,NA
Def_dec&DB,tet_gab,detrended,AT,207,0.013778428064609965
Def_dec&DB,tet_gab,detrended,CZ,266,0.033432294473883
Def_dec&DB,tet_gab,detrended,DE,151,0.07817967479149567
Def_dec&DB,tet_spp,detrended,DE,0,NA
Def_dec&DB,tha_pit,detrended,DE,0,NA
Def_dec&DB,tha_pro,detrended,DE,0,NA
Def_dec&DB,tom_spp,detrended,AT,345,0.21450968825912664
Def_dec&DB,tom_spp,detrended,CZ,287,0.14288370951836488
Def_dec&DB,tom_spp,detrended,DE,310,0.20924043193899752
Def_dec&DB,tor_vir,detrended,DE,0,NA
Def_dec&DB,uro_sir_spp,detrended,DE,0,NA
Def_dec&DB,xyl_lin,detrended,DE,0,NA
Def_dec&DB,xyl_spp,detrended,DE,0,NA
Def_dec&DB,zei_gri,detrended,CZ,23,-0.13304314367213185
Def_dec&DB,zei_gri,detrended,DE,161,-0.049617624508871715
agr_big,agr_vir,detrended,DE,0,NA
agr_big,bup_pin,detrended,DE,280,0.16082094635367797
agr_big,bup_pin,detrended,PL,184,0.15286179996457877
agr_big,den_mic,detrended,DE,0,NA
agr_big,den_pin,detrended,DE,280,-0.039283593651146094
agr_big,den_pin,detrended,PL,115,0.283508684654155
agr_big,dip_sp,detrended,DE,320,-0.020703455647849683
agr_big,dip_sp,detrended,PL,207,0.13886054797295772
agr_big,era_def,detrended,DE,0,NA
agr_big,geo_db,detrended,DE,340,-0.17288842477456176
agr_big,geo_db,detrended,PL,161,-0.16289485765795503
agr_big,ips_acu,detrended,DE,320,0.0791869278141468
agr_big,ips_acu,detrended,PL,161,0.16238711067723388
agr_big,ips_ami,detrended,DE,0,NA
agr_big,ips_cem,detrended,DE,0,NA
agr_big,ips_sex,detrended,DE,0,NA
agr_big,ips_typ,detrended,DE,340,0.1050836032613966
agr_big,ips_typ,detrended,PL,253,0.26231957406821693
agr_big,lym_dis,detrended,DE,0,NA
agr_big,lym_mon,detrended,DE,320,-0.09368087500127402
agr_big,lym_mon,detrended,PL,184,0.03187126152775101
agr_big,mel_spp,detrended,DE,340,0.0972879907428772
agr_big,mel_spp,detrended,PL,207,0.08342085134385152
agr_big,neo_ser,detrended,DE,0,NA
agr_big,ope_spp,detrended,DE,0,NA
agr_big,pan_fla,detrended,DE,300,-0.06870393016002786
agr_big,pan_fla,detrended,PL,138,-0.019976435107215872
agr_big,pha_cya,detrended,DE,340,0.158210834294905
agr_big,pha_cya,detrended,PL,253,0.23500779812572387
agr_big,pis_pin,detrended,DE,0,NA
agr_big,pit_bid,detrended,DE,0,NA
agr_big,pit_cha,detrended,DE,0,NA
agr_big,pit_spp,detrended,DE,0,NA
agr_big,pri_abi,detrended,DE,0,NA
agr_big,sap_car,detrended,DE,0,NA
agr_big,sco_int,detrended,DE,0,NA
agr_big,sco_rat,detrended,DE,0,NA
agr_big,sco_sco,detrended,DE,0,NA
agr_big,tet_gab,detrended,DE,0,NA
agr_big,tet_spp,detrended,DE,0,NA
agr_big,tha_pit,detrended,DE,0,NA
agr_big,tha_pro,detrended,DE,0,NA
agr_big,tom_spp,detrended,DE,280,0.08708626101610471
agr_big,tom_spp,detrended,PL,253,0.18081371288346015
agr_big,tor_vir,detrended,DE,340,0.1373995798028334
agr_big,tor_vir,detrended,PL,230,0.2017867721350515
agr_big,uro_sir_spp,detrended,DE,0,NA
agr_big,xyl_lin,detrended,DE,0,NA
agr_big,xyl_spp,detrended,DE,0,NA
agr_big,zei_gri,detrended,DE,0,NA
agr_vir,bup_pin,detrended,DE,0,NA
agr_vir,den_mic,detrended,DE,0,NA
agr_vir,den_pin,detrended,DE,0,NA
agr_vir,dip_sp,detrended,DE,0,NA
agr_vir,era_def,detrended,DE,0,NA
agr_vir,geo_db,detrended,DE,0,NA
agr_vir,ips_acu,detrended,DE,0,NA
agr_vir,ips_ami,detrended,DE,0,NA
agr_vir,ips_cem,detrended,DE,0,NA
agr_vir,ips_sex,detrended,DE,0,NA
agr_vir,ips_typ,detrended,DE,0,NA
agr_vir,lym_dis,detrended,DE,0,NA
agr_vir,lym_mon,detrended,DE,0,NA
agr_vir,mel_spp,detrended,DE,0,NA
agr_vir,neo_ser,detrended,DE,0,NA
agr_vir,ope_spp,detrended,DE,0,NA
agr_vir,pan_fla,detrended,DE,0,NA
agr_vir,pha_cya,detrended,DE,0,NA
agr_vir,pis_pin,detrended,DE,0,NA
agr_vir,pit_bid,detrended,DE,0,NA
agr_vir,pit_cha,detrended,DE,0,NA
agr_vir,pit_spp,detrended,DE,0,NA
agr_vir,pri_abi,detrended,DE,0,NA
agr_vir,sap_car,detrended,DE,0,NA
agr_vir,sco_int,detrended,DE,0,NA
agr_vir,sco_rat,detrended,DE,0,NA
agr_vir,sco_sco,detrended,DE,0,NA
agr_vir,tet_gab,detrended,DE,0,NA
agr_vir,tet_spp,detrended,DE,0,NA
agr_vir,tha_pit,detrended,DE,0,NA
agr_vir,tha_pro,detrended,DE,0,NA
agr_vir,tom_spp,detrended,DE,0,NA
agr_vir,tor_vir,detrended,DE,0,NA
agr_vir,uro_sir_spp,detrended,DE,0,NA
agr_vir,xyl_lin,detrended,DE,0,NA
agr_vir,xyl_spp,detrended,DE,0,NA
agr_vir,zei_gri,detrended,DE,0,NA
bup_pin,den_pin,detrended,DE,260,0.11610036334468579
bup_pin,den_pin,detrended,PL,115,0.2131064464612046
bup_pin,dip_sp,detrended,DE,280,0.12931815411106345
bup_pin,dip_sp,detrended,PL,161,0.1772708161981659
bup_pin,era_def,detrended,DE,0,NA
bup_pin,geo_db,detrended,DE,280,-0.030606566853832964
bup_pin,geo_db,detrended,PL,115,-0.14569072931220217
bup_pin,ips_acu,detrended,DE,260,0.29022323372723763
bup_pin,ips_acu,detrended,PL,115,0.14415220769236453
bup_pin,ips_ami,detrended,DE,0,NA
bup_pin,ips_cem,detrended,DE,0,NA
bup_pin,ips_sex,detrended,DE,0,NA
bup_pin,ips_typ,detrended,DE,280,0.03213010739448087
bup_pin,ips_typ,detrended,PL,184,0.3375208761181825
bup_pin,lym_dis,detrended,DE,0,NA
bup_pin,lym_mon,detrended,DE,280,0.2874149247615106
bup_pin,lym_mon,detrended,PL,184,0.047903810916205755
bup_pin,mel_spp,detrended,DE,280,0.17636727914789876
bup_pin,mel_spp,detrended,PL,161,0.13174625035619628
bup_pin,neo_ser,detrended,DE,0,NA
bup_pin,ope_spp,detrended,DE,0,NA
bup_pin,pan_fla,detrended,DE,280,0.12978936942046185
bup_pin,pan_fla,detrended,PL,138,0.19673651179162174
bup_pin,pha_cya,detrended,DE,280,-0.017904909229111293
bup_pin,pha_cya,detrended,PL,184,0.3131259329319842
bup_pin,pis_pin,detrended,DE,0,NA
bup_pin,pit_bid,detrended,DE,0,NA
bup_pin,pit_cha,detrended,DE,0,NA
bup_pin,pit_spp,detrended,DE,0,NA
bup_pin,pri_abi,detrended,DE,0,NA
bup_pin,sap_car,detrended,DE,0,NA
bup_pin,sco_int,detrended,DE,0,NA
bup_pin,sco_rat,detrended,DE,0,NA
bup_pin,sco_sco,detrended,DE,0,NA
bup_pin,tet_gab,detrended,DE,0,NA
bup_pin,tet_spp,detrended,DE,0,NA
bup_pin,tha_pit,detrended,DE,0,NA
bup_pin,tha_pro,detrended,DE,0,NA
bup_pin,tom_spp,detrended,DE,220,-0.012204760075142011
bup_pin,tom_spp,detrended,PL,184,0.24135406946241145
bup_pin,tor_vir,detrended,DE,280,-0.05938772056669794
bup_pin,tor_vir,detrended,PL,161,-0.013132550693776663
bup_pin,uro_sir_spp,detrended,DE,0,NA
bup_pin,xyl_lin,detrended,DE,0,NA
bup_pin,xyl_spp,detrended,DE,0,NA
bup_pin,zei_gri,detrended,DE,0,NA
cep_spp,den_mic,detrended,CZ,0,NA
cep_spp,ips_acu,detrended,CZ,0,NA
cep_spp,ips_dup,detrended,CZ,0,NA
cep_spp,ips_sex,detrended,CZ,0,NA
cep_spp,ips_typ,detrended,CZ,0,NA
cep_spp,lym_dis,detrended,CZ,0,NA
cep_spp,lym_mon,detrended,CZ,0,NA
cep_spp,neo_ser,detrended,CZ,0,NA
cep_spp,pan_fla,detrended,CZ,0,NA
cep_spp,pha_cya,detrended,CZ,0,NA
cep_spp,pit_spp,detrended,CZ,0,NA
cep_spp,pol_pol,detrended,CZ,0,NA
cep_spp,pri_abi,detrended,CZ,0,NA
cep_spp,sco_int,detrended,CZ,0,NA
cep_spp,sco_rat,detrended,CZ,0,NA
cep_spp,tet_gab,detrended,CZ,0,NA
cep_spp,tom_spp,detrended,CZ,0,NA
cep_spp,zei_gri,detrended,CZ,0,NA
clo_ana,geo_db,detrended,RO,0,NA
clo_ana,ips_dup,detrended,RO,0,NA
clo_ana,ips_typ,detrended,RO,0,NA
clo_ana,lym_dis,detrended,RO,0,NA
clo_ana,tor_vir,detrended,RO,0,NA
den_mic,den_pin,detrended,LT,0,NA
den_mic,dip_sp,detrended,LT,0,NA
den_mic,era_def,detrended,DE,0,NA
den_mic,geo_db,detrended,LT,0,NA
den_mic,ips_acu,detrended,CZ,23,0.0010753276256124573
den_mic,ips_acu,detrended,LT,23,0.5583673687199954
den_mic,ips_ami,detrended,DE,0,NA
den_mic,ips_cem,detrended,DE,0,NA
den_mic,ips_dup,detrended,CZ,0,NA
den_mic,ips_sex,detrended,CZ,0,NA
den_mic,ips_typ,detrended,CZ,46,-0.02335066224949762
den_mic,ips_typ,detrended,DE,46,-0.16532825468722198
den_mic,ips_typ,detrended,LT,46,-0.0013479094425805735
den_mic,lym_dis,detrended,LT,0,NA
den_mic,lym_mon,detrended,LT,0,NA
den_mic,ope_spp,detrended,DE,0,NA
den_mic,pan_fla,detrended,LT,0,NA
den_mic,pha_cya,detrended,CZ,46,-0.1781972446716508
den_mic,pha_cya,detrended,DE,46,-0.17688446460245477
den_mic,pha_cya,detrended,LT,46,0.06961113156352025
den_mic,pis_pin,detrended,LT,0,NA
den_mic,pit_cha,detrended,DE,23,0.23440162534155762
den_mic,pit_cha,detrended,LT,23,0.06312956214460728
den_mic,pit_spp,detrended,CZ,0,NA
den_mic,pol_pol,detrended,CZ,23,-0.14484685541150769
den_mic,pol_pol,detrended,LT,23,-0.8096673016845433
den_mic,pri_abi,detrended,CZ,0,NA
den_mic,sco_int,detrended,CZ,23,-0.04800153607373143
den_mic,sco_int,detrended,DE,23,0.5718393678759204
den_mic,sco_rat,detrended,CZ,23,0.21471792974486437
den_mic,sco_rat,detrended,LT,23,0.17267146805759717
den_mic,sco_sco,detrended,DE,23,-0.115537606853063
den_mic,sco_sco,detrended,LT,23,0.0332610651697995
den_mic,tet_gab,detrended,DE,0,NA
den_mic,tet_spp,detrended,DE,0,NA
den_mic,tha_pro,detrended,DE,0,NA
den_mic,tom_spp,detrended,CZ,46,0.12456936179547867
den_mic,tom_spp,detrended,DE,46,0.24066638559278997
den_mic,tom_spp,detrended,LT,46,0.04513090835452708
den_mic,tor_vir,detrended,DE,23,0.042380678403839966
den_mic,tor_vir,detrended,LT,23,-0.14812837988418967
den_mic,uro_sir_spp,detrended,DE,0,NA
den_mic,xyl_lin,detrended,DE,0,NA
den_mic,xyl_spp,detrended,DE,0,NA
den_mic,zei_gri,detrended,CZ,0,NA
den_pin,dip_sp,detrended,DE,303,0.1907491270340561
den_pin,dip_sp,detrended,LT,395,0.20897657171254624
den_pin,dip_sp,detrended,PL,138,0.1634547180159638
den_pin,era_def,detrended,DE,0,NA
den_pin,geo_db,detrended,DE,303,0.13629057540991846
den_pin,geo_db,detrended,LT,372,0.12673955869858966
den_pin,geo_db,detrended,PL,115,0.04742698730754998
den_pin,ips_acu,detrended,DE,283,0.04735945037365303
den_pin,ips_acu,detrended,LT,352,0.045434456114486384
den_pin,ips_acu,detrended,PL,115,0.13127106233666633
den_pin,ips_ami,detrended,DE,0,NA
den_pin,ips_cem,detrended,DE,0,NA
den_pin,ips_sex,detrended,DE,0,NA
den_pin,ips_typ,detrended,DE,303,0.034125740397613506
den_pin,ips_typ,detrended,LT,395,0.11515389060082871
den_pin,ips_typ,detrended,PL,138,0.234812410102802
den_pin,lym_dis,detrended,DE,23,0.31098449188635563
den_pin,lym_dis,detrended,LT,92,0.23357248696867552
den_pin,lym_mon,detrended,DE,303,0.26506162005160694
den_pin,lym_mon,detrended,LT,418,0.34944696562740546
den_pin,lym_mon,detrended,PL,161,0.3016346737773287
den_pin,mel_spp,detrended,DE,280,0.02146132376210899
den_pin,mel_spp,detrended,PL,92,0.0035025183100413086
den_pin,neo_ser,detrended,DE,0,NA
den_pin,ope_spp,detrended,DE,0,NA
den_pin,pan_fla,detrended,DE,303,0.24535115247830958
den_pin,pan_fla,detrended,LT,372,0.2579149270597399
den_pin,pan_fla,detrended,PL,115,0.1343188878840447
den_pin,pha_cya,detrended,DE,303,-0.10743248859382216
den_pin,pha_cya,detrended,LT,395,-0.024866537878008205
den_pin,pha_cya,detrended,PL,138,0.1009341602551988
den_pin,pis_pin,detrended,DE,23,0.1947985611178334
den_pin,pis_pin,detrended,LT,115,0.04826140892312647
den_pin,pit_bid,detrended,DE,0,NA
den_pin,pit_cha,detrended,DE,23,0.16686938005125812
den_pin,pit_cha,detrended,LT,115,0.27584305024079103
den_pin,pol_pol,detrended,LT,0,NA
den_pin,pri_abi,detrended,DE,0,NA
den_pin,sap_car,detrended,DE,0,NA
den_pin,sco_int,detrended,DE,0,NA
den_pin,sco_rat,detrended,DE,23,0.2167653639984639
den_pin,sco_rat,detrended,LT,69,0.16781547034465363
den_pin,sco_sco,detrended,DE,23,-0.08719912223553722
den_pin,sco_sco,detrended,LT,69,0.25600539643403025
den_pin,tet_gab,detrended,DE,0,NA
den_pin,tet_spp,detrended,DE,0,NA
den_pin,tha_pit,detrended,DE,0,NA
den_pin,tha_pro,detrended,DE,0,NA
den_pin,tom_spp,detrended,DE,243,-0.06276733644459552
den_pin,tom_spp,detrended,LT,335,-0.036854803499887775
den_pin,tom_spp,detrended,PL,138,0.10559786860713466
den_pin,tor_vir,detrended,DE,303,0.06836341884315879
den_pin,tor_vir,detrended,LT,395,0.08742602627420172
den_pin,tor_vir,detrended,PL,138,0.26407928173218015
den_pin,uro_sir_spp,detrended,DE,0,NA
den_pin,xyl_lin,detrended,DE,0,NA
den_pin,xyl_spp,detrended,DE,0,NA
den_pin,zei_gri,detrended,DE,0,NA
dip_sp,era_def,detrended,DE,0,NA
dip_sp,geo_db,detrended,DE,343,-0.062387445533329026
dip_sp,geo_db,detrended,LT,481,-0.07034089550047735
dip_sp,geo_db,detrended,PL,184,-0.08979988536599194
dip_sp,ips_acu,detrended,DE,323,-0.001879013257374149
dip_sp,ips_acu,detrended,LT,461,-0.0020104845905452684
dip_sp,ips_acu,detrended,PL,184,0.05802443280401169
dip_sp,ips_ami,detrended,DE,0,NA
dip_sp,ips_cem,detrended,DE,0,NA
dip_sp,ips_sex,detrended,DE,0,NA
dip_sp,ips_typ,detrended,AT,550,0.0778201921026818
dip_sp,ips_typ,detrended,DE,448,-0.06820319727398254
dip_sp,ips_typ,detrended,LT,632,0.0730373025482859
dip_sp,ips_typ,detrended,PL,335,0.19269595850067534
dip_sp,lym_dis,detrended,AT,207,0.07181115515707237
dip_sp,lym_dis,detrended,DE,107,0.17927239491332517
dip_sp,lym_dis,detrended,LT,268,0.03442839861322584
dip_sp,lym_mon,detrended,DE,343,0.10831938369091902
dip_sp,lym_mon,detrended,LT,481,0.10807819058964727
dip_sp,lym_mon,detrended,PL,184,-0.02541815886139653
dip_sp,mel_spp,detrended,DE,320,0.02449540631110202
dip_sp,mel_spp,detrended,PL,184,0.0758181637671432
dip_sp,neo_ser,detrended,DE,0,NA
dip_sp,ope_spp,detrended,DE,0,NA
dip_sp,pan_fla,detrended,DE,323,0.1154496445839564
dip_sp,pan_fla,detrended,LT,438,0.09320685528329592
dip_sp,pan_fla,detrended,PL,161,-0.05377503115568516
dip_sp,pha_cya,detrended,AT,550,0.03702731594541514
dip_sp,pha_cya,detrended,DE,448,0.006226494605745106
dip_sp,pha_cya,detrended,LT,632,0.03710710068492999
dip_sp,pha_cya,detrended,PL,335,0.05796639597835324
dip_sp,pis_pin,detrended,DE,23,-0.07856363745130647
dip_sp,pis_pin,detrended,LT,161,-0.036218515110882726
dip_sp,pit_bid,detrended,DE,0,NA
dip_sp,pit_cha,detrended,AT,230,0.1523474175789291
dip_sp,pit_cha,detrended,DE,128,-0.13593159851502745
dip_sp,pit_cha,detrended,LT,312,0.16829628233497174
dip_sp,pit_spp,detrended,AT,69,0.2875979393812006
dip_sp,pit_spp,detrended,DE,84,-0.04189812327280379
dip_sp,pol_pol,detrended,LT,0,NA
dip_sp,pri_abi,detrended,DE,0,NA
dip_sp,sap_car,detrended,DE,0,NA
dip_sp,sco_int,detrended,DE,0,NA
dip_sp,sco_rat,detrended,DE,23,-0.19057237238714295
dip_sp,sco_rat,detrended,LT,69,0.28810911290592905
dip_sp,sco_sco,detrended,DE,23,-0.11213986226299319
dip_sp,sco_sco,detrended,LT,92,-0.10047705366909952
dip_sp,tet_gab,detrended,AT,161,0.037780498214024454
dip_sp,tet_gab,detrended,DE,84,-0.0471495169125616
dip_sp,tet_spp,detrended,DE,0,NA
dip_sp,tha_pit,detrended,DE,0,NA
dip_sp,tha_pro,detrended,DE,0,NA
dip_sp,tom_spp,detrended,AT,490,0.027542238577938676
dip_sp,tom_spp,detrended,DE,388,0.05534566071805489
dip_sp,tom_spp,detrended,LT,572,0.02700351412094566
dip_sp,tom_spp,detrended,PL,335,-0.023139800402120013
dip_sp,tor_vir,detrended,DE,343,0.13880720745071193
dip_sp,tor_vir,detrended,LT,527,0.12452350004631398
dip_sp,tor_vir,detrended,PL,230,0.0626000700476949
dip_sp,uro_sir_spp,detrended,DE,0,NA
dip_sp,xyl_lin,detrended,DE,0,NA
dip_sp,xyl_spp,detrended,DE,0,NA
dip_sp,zei_gri,detrended,DE,0,NA
era_def,geo_db,detrended,DE,0,NA
era_def,ips_acu,detrended,DE,0,NA
era_def,ips_ami,detrended,DE,0,NA
era_def,ips_cem,detrended,DE,0,NA
era_def,ips_sex,detrended,DE,0,NA
era_def,ips_typ,detrended,DE,0,NA
era_def,lym_dis,detrended,DE,0,NA
era_def,lym_mon,detrended,DE,0,NA
era_def,mel_spp,detrended,DE,0,NA
era_def,neo_ser,detrended,DE,0,NA
era_def,ope_spp,detrended,DE,0,NA
era_def,pan_fla,detrended,DE,0,NA
era_def,pha_cya,detrended,DE,0,NA
era_def,pis_pin,detrended,DE,0,NA
era_def,pit_bid,detrended,DE,0,NA
era_def,pit_cha,detrended,DE,0,NA
era_def,pit_spp,detrended,DE,0,NA
era_def,pri_abi,detrended,DE,0,NA
era_def,sap_car,detrended,DE,0,NA
era_def,sco_int,detrended,DE,0,NA
era_def,sco_rat,detrended,DE,0,NA
era_def,sco_sco,detrended,DE,0,NA
era_def,tet_gab,detrended,DE,0,NA
era_def,tet_spp,detrended,DE,0,NA
era_def,tha_pit,detrended,DE,0,NA
era_def,tha_pro,detrended,DE,0,NA
era_def,tom_spp,detrended,DE,0,NA
era_def,tor_vir,detrended,DE,0,NA
era_def,uro_sir_spp,detrended,DE,0,NA
era_def,xyl_lin,detrended,DE,0,NA
era_def,xyl_spp,detrended,DE,0,NA
geo_db,ips_acu,detrended,BG,458,-0.11887807009011753
geo_db,ips_acu,detrended,DE,361,-0.05896044182394378
geo_db,ips_acu,detrended,LT,453,-0.12425697011156388
geo_db,ips_acu,detrended,PL,156,-0.15712437236529847
geo_db,ips_ami,detrended,DE,0,NA
geo_db,ips_cem,detrended,DE,0,NA
geo_db,ips_dup,detrended,RO,0,NA
geo_db,ips_sex,detrended,BG,138,-0.25317877598694627
geo_db,ips_sex,detrended,DE,18,0.12849291797558632
geo_db,ips_typ,detrended,BG,569,-0.06055452606962229
geo_db,ips_typ,detrended,DE,426,0.05099712792691211
geo_db,ips_typ,detrended,HR,564,-0.059163969626289385
geo_db,ips_typ,detrended,LT,564,-0.056501296027366824
geo_db,ips_typ,detrended,PL,247,-0.07718568346866558
geo_db,ips_typ,detrended,RO,565,-0.04936220584192422
geo_db,lym_dis,detrended,BG,207,-0.059776744481779026
geo_db,lym_dis,detrended,DE,87,0.016377123350849964
geo_db,lym_dis,detrended,HR,202,-0.07541007078329658
geo_db,lym_dis,detrended,LT,202,-0.078292978513307
geo_db,lym_dis,detrended,RO,202,-0.036221651837113726
geo_db,lym_mon,detrended,DE,343,0.09446741087523777
geo_db,lym_mon,detrended,LT,435,0.10199558907802415
geo_db,lym_mon,detrended,PL,138,-0.0201469799065523
geo_db,mel_spp,detrended,DE,340,-0.08339552896581402
geo_db,mel_spp,detrended,PL,138,-0.024698756663317507
geo_db,neo_ser,detrended,BG,23,-0.11257741510156181
geo_db,neo_ser,detrended,DE,18,-0.10565055964765252
geo_db,ope_spp,detrended,DE,0,NA
geo_db,pan_fla,detrended,DE,323,-0.10928110789366695
geo_db,pan_fla,detrended,LT,392,-0.07438438575116654
geo_db,pan_fla,detrended,PL,115,-0.15003787654211984
geo_db,pha_cya,detrended,DE,363,-0.007607190938764947
geo_db,pha_cya,detrended,LT,501,-0.05552130339556984
geo_db,pha_cya,detrended,PL,184,0.04135297739570938
geo_db,pis_pin,detrended,DE,23,0.0711774826511247
geo_db,pis_pin,detrended,LT,115,-0.2674668742820089
geo_db,pit_bid,detrended,DE,0,NA
geo_db,pit_cha,detrended,DE,23,0.20657394378098248
geo_db,pit_cha,detrended,LT,161,-0.14691818782368563
geo_db,pit_spp,detrended,DE,23,0.09638609571973523
geo_db,pit_spp,detrended,HR,69,0.004916441154657971
geo_db,pol_pol,detrended,LT,0,NA
geo_db,pri_abi,detrended,DE,0,NA
geo_db,sap_car,detrended,DE,0,NA
geo_db,sco_int,detrended,DE,0,NA
geo_db,sco_rat,detrended,DE,23,0.13215828000361104
geo_db,sco_rat,detrended,LT,46,-0.13888511462514766
geo_db,sco_sco,detrended,DE,23,-0.06459882692643164
geo_db,sco_sco,detrended,LT,69,-0.0841790260644194
geo_db,tet_gab,detrended,DE,0,NA
geo_db,tet_spp,detrended,DE,0,NA
geo_db,tha_pit,detrended,BG,46,-0.27762144185930515
geo_db,tha_pit,detrended,DE,41,0.33606787854842884
geo_db,tha_pit,detrended,HR,41,-0.024180562409873343
geo_db,tha_pro,detrended,DE,0,NA
geo_db,tom_spp,detrended,DE,303,-0.09107359896593256
geo_db,tom_spp,detrended,LT,441,-0.11429595145344303
geo_db,tom_spp,detrended,PL,184,-0.11187344121042242
geo_db,tor_vir,detrended,BG,547,-0.006920624502904424
geo_db,tor_vir,detrended,DE,404,-0.006182138428078424
geo_db,tor_vir,detrended,LT,542,-0.002492769964092701
geo_db,tor_vir,detrended,PL,225,0.20284819525259143
geo_db,tor_vir,detrended,RO,542,-0.002472710591542315
geo_db,uro_sir_spp,detrended,DE,0,NA
geo_db,xyl_lin,detrended,DE,0,NA
geo_db,xyl_spp,detrended,DE,0,NA
geo_db,zei_gri,detrended,DE,0,NA
ips_acu,ips_ami,detrended,DE,0,NA
ips_acu,ips_cem,detrended,DE,0,NA
ips_acu,ips_dup,detrended,CZ,21,-0.3290180171679899
ips_acu,ips_dup,detrended,SK,184,0.2886040009891808
ips_acu,ips_sex,detrended,BG,322,0.31939922506431606
ips_acu,ips_sex,detrended,CZ,156,0.2514992932416394
ips_acu,ips_sex,detrended,DE,202,0.4284430977840037
ips_acu,ips_typ,detrended,BG,710,0.18930157596878072
ips_acu,ips_typ,detrended,CZ,544,0.1636111472670435
ips_acu,ips_typ,detrended,DE,567,0.2615437269324876
ips_acu,ips_typ,detrended,LT,705,0.18887819694851057
ips_acu,ips_typ,detrended,PL,408,0.22281410083938843
ips_acu,ips_typ,detrended,SK,706,0.19392055889383458
ips_acu,lym_dis,detrended,BG,344,0.19191985863213692
ips_acu,lym_dis,detrended,CZ,224,0.11235356461960265
ips_acu,lym_dis,detrended,DE,201,0.12429419345306894
ips_acu,lym_dis,detrended,LT,339,0.11786434067941864
ips_acu,lym_dis,detrended,SK,340,0.12910281120873238
ips_acu,lym_mon,detrended,CZ,438,0.20612903541791391
ips_acu,lym_mon,detrended,DE,461,0.31045089197330683
ips_acu,lym_mon,detrended,LT,553,0.2241576724305381
ips_acu,lym_mon,detrended,PL,276,0.03203993013962303
ips_acu,mel_spp,detrended,DE,320,0.10609876515649891
ips_acu,mel_spp,detrended,PL,138,0.16570868950238377
ips_acu,neo_ser,detrended,BG,92,0.14385511734107173
ips_acu,neo_ser,detrended,CZ,64,0.043525757282988575
ips_acu,neo_ser,detrended,DE,64,-0.14303868693006164
ips_acu,ope_spp,detrended,DE,0,NA
ips_acu,pan_fla,detrended,CZ,418,0.10567114441395016
ips_acu,pan_fla,detrended,DE,326,0.05195197534802972
ips_acu,pan_fla,detrended,LT,418,0.13256148614915816
ips_acu,pan_fla,detrended,PL,161,0.2027137473011737
ips_acu,pha_cya,detrended,CZ,504,-0.10128807190046393
ips_acu,pha_cya,detrended,DE,527,-0.0822400816871297
ips_acu,pha_cya,detrended,LT,665,-0.006569153540375134
ips_acu,pha_cya,detrended,PL,368,0.3374635724019508
ips_acu,pis_pin,detrended,DE,23,-0.15767859249535865
ips_acu,pis_pin,detrended,LT,138,0.24064203156717837
ips_acu,pit_bid,detrended,DE,0,NA
ips_acu,pit_cha,detrended,DE,45,0.3131597070606538
ips_acu,pit_cha,detrended,LT,183,0.18001240846150288
ips_acu,pit_cha,detrended,SK,184,0.2099500571737085
ips_acu,pit_spp,detrended,CZ,46,-0.08131197215561821
ips_acu,pit_spp,detrended,DE,184,0.4298151633117608
ips_acu,pol_pol,detrended,CZ,23,0.45393709611500327
ips_acu,pol_pol,detrended,LT,184,0.2451643518376625
ips_acu,pri_abi,detrended,CZ,115,0.24366636627123645
ips_acu,pri_abi,detrended,DE,161,0.3333759198265184
ips_acu,sap_car,detrended,DE,0,NA
ips_acu,sco_int,detrended,CZ,138,0.14793472909873379
ips_acu,sco_int,detrended,DE,184,0.15306466891316722
ips_acu,sco_rat,detrended,CZ,92,0.08733062707304089
ips_acu,sco_rat,detrended,DE,207,0.2484913428148018
ips_acu,sco_rat,detrended,LT,253,0.06574224860857736
ips_acu,sco_sco,detrended,DE,23,-0.5435584486341207
ips_acu,sco_sco,detrended,LT,92,0.01586992798032665
ips_acu,tet_gab,detrended,CZ,138,0.24311795951328227
ips_acu,tet_gab,detrended,DE,46,0.05470641830767981
ips_acu,tet_spp,detrended,DE,0,NA
ips_acu,tha_pit,detrended,BG,23,0.0265175056860091
ips_acu,tha_pit,detrended,DE,18,0.6668572047560554
ips_acu,tha_pro,detrended,DE,0,NA
ips_acu,tom_spp,detrended,CZ,444,-0.017786949788289774
ips_acu,tom_spp,detrended,DE,467,-0.02734525500837263
ips_acu,tom_spp,detrended,LT,605,0.044570901992053456
ips_acu,tom_spp,detrended,PL,368,0.3782366786762536
ips_acu,tor_vir,detrended,BG,504,-0.0691046185532395
ips_acu,tor_vir,detrended,DE,361,-0.0666860387602083
ips_acu,tor_vir,detrended,LT,499,-0.08543593262223308
ips_acu,tor_vir,detrended,PL,202,0.02917475685917123
ips_acu,uro_sir_spp,detrended,DE,0,NA
ips_acu,xyl_lin,detrended,DE,0,NA
ips_acu,xyl_spp,detrended,DE,0,NA
ips_acu,zei_gri,detrended,CZ,23,-0.1927142076227894
ips_acu,zei_gri,detrended,DE,161,-0.14275750647933072
ips_ami,ips_cem,detrended,DE,0,NA
ips_ami,ips_sex,detrended,DE,0,NA
ips_ami,ips_typ,detrended,DE,0,NA
ips_ami,lym_dis,detrended,DE,0,NA
ips_ami,lym_mon,detrended,DE,0,NA
ips_ami,mel_spp,detrended,DE,0,NA
ips_ami,ope_spp,detrended,DE,0,NA
ips_ami,pan_fla,detrended,DE,0,NA
ips_ami,pha_cya,detrended,DE,0,NA
ips_ami,pis_pin,detrended,DE,0,NA
ips_ami,pit_bid,detrended,DE,0,NA
ips_ami,pit_cha,detrended,DE,0,NA
ips_ami,pri_abi,detrended,DE,0,NA
ips_ami,sap_car,detrended,DE,0,NA
ips_ami,sco_int,detrended,DE,0,NA
ips_ami,sco_rat,detrended,DE,0,NA
ips_ami,sco_sco,detrended,DE,0,NA
ips_ami,tet_gab,detrended,DE,0,NA
ips_ami,tet_spp,detrended,DE,0,NA
ips_ami,tha_pit,detrended,DE,0,NA
ips_ami,tha_pro,detrended,DE,0,NA
ips_ami,tom_spp,detrended,DE,0,NA
ips_ami,tor_vir,detrended,DE,0,NA
ips_ami,uro_sir_spp,detrended,DE,0,NA
ips_ami,xyl_lin,detrended,DE,0,NA
ips_ami,xyl_spp,detrended,DE,0,NA
ips_cem,ips_sex,detrended,DE,0,NA
ips_cem,ips_typ,detrended,DE,0,NA
ips_cem,lym_dis,detrended,DE,0,NA
ips_cem,lym_mon,detrended,DE,0,NA
ips_cem,mel_spp,detrended,DE,0,NA
ips_cem,neo_ser,detrended,DE,0,NA
ips_cem,ope_spp,detrended,DE,0,NA
ips_cem,pan_fla,detrended,DE,0,NA
ips_cem,pha_cya,detrended,DE,0,NA
ips_cem,pis_pin,detrended,DE,0,NA
ips_cem,pit_bid,detrended,DE,0,NA
ips_cem,pit_cha,detrended,DE,0,NA
ips_cem,pit_spp,detrended,DE,0,NA
ips_cem,pri_abi,detrended,DE,0,NA
ips_cem,sap_car,detrended,DE,0,NA
ips_cem,sco_int,detrended,DE,0,NA
ips_cem,sco_rat,detrended,DE,0,NA
ips_cem,sco_sco,detrended,DE,0,NA
ips_cem,tet_gab,detrended,DE,0,NA
ips_cem,tet_spp,detrended,DE,0,NA
ips_cem,tha_pit,detrended,DE,0,NA
ips_cem,tha_pro,detrended,DE,0,NA
ips_cem,tom_spp,detrended,DE,0,NA
ips_cem,tor_vir,detrended,DE,0,NA
ips_cem,uro_sir_spp,detrended,DE,0,NA
ips_cem,xyl_lin,detrended,DE,0,NA
ips_cem,xyl_spp,detrended,DE,0,NA
ips_cem,zei_gri,detrended,DE,0,NA
ips_dup,ips_sex,detrended,CZ,0,NA
ips_dup,ips_typ,detrended,CZ,43,0.2267527835061153
ips_dup,ips_typ,detrended,RO,205,0.59501066389194
ips_dup,ips_typ,detrended,SK,206,0.5003122323798059
ips_dup,lym_dis,detrended,CZ,43,-0.4023463593930215
ips_dup,lym_dis,detrended,RO,159,0.06838255315867964
ips_dup,lym_dis,detrended,SK,160,-0.008525270476087716
ips_dup,lym_mon,detrended,CZ,0,NA
ips_dup,neo_ser,detrended,CZ,0,NA
ips_dup,pan_fla,detrended,CZ,0,NA
ips_dup,pha_cya,detrended,CZ,0,NA
ips_dup,pit_cha,detrended,SK,0,NA
ips_dup,pit_spp,detrended,CZ,0,NA
ips_dup,pol_pol,detrended,CZ,0,NA
ips_dup,pri_abi,detrended,CZ,0,NA
ips_dup,sco_int,detrended,CZ,0,NA
ips_dup,sco_rat,detrended,CZ,0,NA
ips_dup,tet_gab,detrended,CZ,0,NA
ips_dup,tom_spp,detrended,CZ,0,NA
ips_dup,tor_vir,detrended,RO,0,NA
ips_dup,zei_gri,detrended,CZ,0,NA
ips_sex,ips_typ,detrended,BG,368,0.338503894963681
ips_sex,ips_typ,detrended,CZ,202,0.3000139486434102
ips_sex,ips_typ,detrended,DE,202,0.3127856728934472
ips_sex,lym_dis,detrended,BG,299,0.18306419968116652
ips_sex,lym_dis,detrended,CZ,179,-0.04528590245684609
ips_sex,lym_dis,detrended,DE,156,-0.22037652286819606
ips_sex,lym_mon,detrended,CZ,138,-0.1445487104893056
ips_sex,lym_mon,detrended,DE,138,0.18772703044541136
ips_sex,mel_spp,detrended,DE,0,NA
ips_sex,neo_ser,detrended,BG,92,0.2606381882839871
ips_sex,neo_ser,detrended,CZ,64,0.27500768424586036
ips_sex,neo_ser,detrended,DE,64,0.22092368292710127
ips_sex,ope_spp,detrended,DE,0,NA
ips_sex,pan_fla,detrended,CZ,92,-0.03302805787845796
ips_sex,pan_fla,detrended,DE,23,0.14205136003884453
ips_sex,pha_cya,detrended,CZ,184,0.33661108098463177
ips_sex,pha_cya,detrended,DE,184,0.4634177399853375
ips_sex,pis_pin,detrended,DE,0,NA
ips_sex,pit_bid,detrended,DE,0,NA
ips_sex,pit_cha,detrended,DE,0,NA
ips_sex,pit_spp,detrended,CZ,69,0.133738512434288
ips_sex,pit_spp,detrended,DE,184,0.36569131849013276
ips_sex,pol_pol,detrended,CZ,0,NA
ips_sex,pri_abi,detrended,CZ,161,0.11904894119910583
ips_sex,pri_abi,detrended,DE,161,0.2064932485255135
ips_sex,sap_car,detrended,DE,0,NA
ips_sex,sco_int,detrended,CZ,161,0.0678746598650672
ips_sex,sco_int,detrended,DE,184,0.1450477020436479
ips_sex,sco_rat,detrended,CZ,69,0.31111258395610464
ips_sex,sco_rat,detrended,DE,184,0.15764404711221194
ips_sex,sco_sco,detrended,DE,0,NA
ips_sex,tet_gab,detrended,CZ,161,0.2752491627040874
ips_sex,tet_gab,detrended,DE,46,0.11126574721837049
ips_sex,tet_spp,detrended,DE,0,NA
ips_sex,tha_pit,detrended,BG,23,0.42256915817161783
ips_sex,tha_pit,detrended,DE,18,0.2552171840746348
ips_sex,tha_pro,detrended,DE,0,NA
ips_sex,tom_spp,detrended,CZ,184,0.21810537488886264
ips_sex,tom_spp,detrended,DE,184,0.40685180105340585
ips_sex,tor_vir,detrended,BG,161,-0.06512117123486785
ips_sex,tor_vir,detrended,DE,18,0.032015628556161156
ips_sex,uro_sir_spp,detrended,DE,0,NA
ips_sex,xyl_lin,detrended,DE,0,NA
ips_sex,xyl_spp,detrended,DE,0,NA
ips_sex,zei_gri,detrended,CZ,23,-0.1394829709549954
ips_sex,zei_gri,detrended,DE,161,-0.2283645087933653
ips_typ,lym_dis,detrended,AT,496,0.21196314985503253
ips_typ,lym_dis,detrended,BG,604,0.2168499212821032
ips_typ,lym_dis,detrended,CZ,484,0.20114876633049053
ips_typ,lym_dis,detrended,DE,415,0.1621560605614301
ips_typ,lym_dis,detrended,HR,599,0.20550700150812629
ips_typ,lym_dis,detrended,HU,599,0.20997076890090388
ips_typ,lym_dis,detrended,LT,599,0.21019928215801822
ips_typ,lym_dis,detrended,RO,600,0.21692570583041146
ips_typ,lym_dis,detrended,RS,602,0.23310044170573105
ips_typ,lym_dis,detrended,SK,600,0.21663244745707858
ips_typ,lym_mon,detrended,CZ,527,0.06747432159484036
ips_typ,lym_mon,detrended,DE,481,0.09867124680552584
ips_typ,lym_mon,detrended,LT,642,0.08201310420410775
ips_typ,lym_mon,detrended,PL,345,0.09524116477528083
ips_typ,mel_spp,detrended,DE,340,0.03352302918710431
ips_typ,mel_spp,detrended,PL,207,0.07044270025389436
ips_typ,neo_ser,detrended,BG,92,0.09567839970295591
ips_typ,neo_ser,detrended,CZ,64,-0.04334334298333152
ips_typ,neo_ser,detrended,DE,64,-0.36506013324608555
ips_typ,ope_spp,detrended,DE,0,NA
ips_typ,pan_fla,detrended,CZ,461,0.16944844348753843
ips_typ,pan_fla,detrended,DE,346,0.20955112442442717
ips_typ,pan_fla,detrended,LT,461,0.18125552215640728
ips_typ,pan_fla,detrended,PL,184,0.20249579874664506
ips_typ,pha_cya,detrended,AT,800,0.3067575401008452
ips_typ,pha_cya,detrended,CZ,763,0.2950017853785281
ips_typ,pha_cya,detrended,DE,694,0.16643513254166173
ips_typ,pha_cya,detrended,LT,924,0.2919852534223318
ips_typ,pha_cya,detrended,PL,607,0.3690772143111001
ips_typ,pis_pin,detrended,DE,23,-0.3615664621137557
ips_typ,pis_pin,detrended,LT,161,0.4017743909038858
ips_typ,pit_bid,detrended,DE,0,NA
ips_typ,pit_cha,detrended,AT,344,0.746047598268815
ips_typ,pit_cha,detrended,DE,280,0.39807098142964253
ips_typ,pit_cha,detrended,IT,510,0.7569800849095674
ips_typ,pit_cha,detrended,LT,510,0.7582084532144895
ips_typ,pit_cha,detrended,SI,510,0.762974815928155
ips_typ,pit_cha,detrended,SK,511,0.744934850680637
ips_typ,pit_spp,detrended,AT,322,0.2370823710651212
ips_typ,pit_spp,detrended,CZ,285,0.23420689106239023
ips_typ,pit_spp,detrended,DE,377,0.40402397642392296
ips_typ,pit_spp,detrended,HR,446,0.23456810337076445
ips_typ,pit_spp,detrended,SI,446,0.24680826782879733
ips_typ,pol_pol,detrended,CZ,23,0.5943054449901346
ips_typ,pol_pol,detrended,LT,184,0.19761003793894782
ips_typ,pri_abi,detrended,CZ,184,0.04528313024051258
ips_typ,pri_abi,detrended,DE,161,0.1699954308386116
ips_typ,sap_car,detrended,DE,0,NA
ips_typ,sco_int,detrended,CZ,184,0.05371300151172181
ips_typ,sco_int,detrended,DE,184,-0.0019489200583561587
ips_typ,sco_rat,detrended,CZ,92,0.18654845592331004
ips_typ,sco_rat,detrended,DE,207,0.15824517096775825
ips_typ,sco_rat,detrended,LT,253,0.21345796879246368
ips_typ,sco_sco,detrended,DE,23,-0.15924417594077983
ips_typ,sco_sco,detrended,LT,115,0.03232650554512718
ips_typ,tet_gab,detrended,AT,253,0.3958627794805379
ips_typ,tet_gab,detrended,CZ,333,0.3618265588084901
ips_typ,tet_gab,detrended,DE,172,0.12242453364203348
ips_typ,tet_spp,detrended,DE,0,NA
ips_typ,tha_pit,detrended,BG,46,-0.0341565618379416
ips_typ,tha_pit,detrended,DE,41,0.17883763169668743
ips_typ,tha_pit,detrended,HR,41,0.027061856868478295
ips_typ,tha_pro,detrended,DE,0,NA
ips_typ,tom_spp,detrended,AT,740,0.12505050597755688
ips_typ,tom_spp,detrended,CZ,724,0.11548586322067064
ips_typ,tom_spp,detrended,DE,655,0.07744428356682836
ips_typ,tom_spp,detrended,LT,885,0.13443012981819982
ips_typ,tom_spp,detrended,PL,628,0.2199131401596757
ips_typ,tor_vir,detrended,BG,615,0.10340565200059429
ips_typ,tor_vir,detrended,DE,403,0.012372707440513562
ips_typ,tor_vir,detrended,LT,610,0.11287660884976829
ips_typ,tor_vir,detrended,PL,293,0.19208867040917046
ips_typ,tor_vir,detrended,RO,611,0.11464761164196467
ips_typ,uro_sir_spp,detrended,DE,0,NA
ips_typ,xyl_lin,detrended,DE,0,NA
ips_typ,xyl_spp,detrended,DE,0,NA
ips_typ,zei_gri,detrended,CZ,23,-0.122239775651862
ips_typ,zei_gri,detrended,DE,161,-0.1963509861174429
lym_dis,lym_mon,detrended,CZ,184,0.09623303187275238
lym_dis,lym_mon,detrended,DE,138,0.11811021432991568
lym_dis,lym_mon,detrended,LT,276,0.11231930876248747
lym_dis,mel_spp,detrended,DE,0,NA
lym_dis,neo_ser,detrended,BG,69,0.23061202108806886
lym_dis,neo_ser,detrended,CZ,64,0.18072228871550908
lym_dis,neo_ser,detrended,DE,41,0.06874783543829882
lym_dis,ope_spp,detrended,DE,0,NA
lym_dis,pan_fla,detrended,CZ,161,0.12989998787687318
lym_dis,pan_fla,detrended,DE,46,0.08005225273181153
lym_dis,pan_fla,detrended,LT,161,0.2565266613658751
lym_dis,pha_cya,detrended,AT,368,0.13371315071072176
lym_dis,pha_cya,detrended,CZ,356,0.1811455137825848
lym_dis,pha_cya,detrended,DE,287,0.22138193197395495
lym_dis,pha_cya,detrended,LT,471,0.16042314599314805
lym_dis,pis_pin,detrended,DE,23,0.10866391142875607
lym_dis,pis_pin,detrended,LT,138,0.2743555512816221
lym_dis,pit_bid,detrended,DE,0,NA
lym_dis,pit_cha,detrended,AT,252,0.20826385148036747
lym_dis,pit_cha,detrended,DE,171,0.10906328222020782
lym_dis,pit_cha,detrended,LT,355,0.18630971204529984
lym_dis,pit_cha,detrended,SK,356,0.20900913725354237
lym_dis,pit_spp,detrended,AT,253,0.17424329162260058
lym_dis,pit_spp,detrended,CZ,220,0.16318972494377473
lym_dis,pit_spp,detrended,DE,266,0.20255717544965995
lym_dis,pit_spp,detrended,HR,335,0.12462320532305184
lym_dis,pol_pol,detrended,CZ,23,0.35342632545535546
lym_dis,pol_pol,detrended,LT,138,-0.10147702277955552
lym_dis,pri_abi,detrended,CZ,161,-0.01781245523652358
lym_dis,pri_abi,detrended,DE,115,0.08313354991162604
lym_dis,sap_car,detrended,DE,0,NA
lym_dis,sco_int,detrended,CZ,161,-0.005870201467122093
lym_dis,sco_int,detrended,DE,138,-0.02618324222107899
lym_dis,sco_rat,detrended,CZ,92,0.029289524866165588
lym_dis,sco_rat,detrended,DE,161,0.23987794353377587
lym_dis,sco_rat,detrended,LT,207,-1.6182070938224987e-4
lym_dis,sco_sco,detrended,DE,23,-0.12265080913875877
lym_dis,sco_sco,detrended,LT,92,0.20878511470805336
lym_dis,tet_gab,detrended,AT,207,0.17191265680420792
lym_dis,tet_gab,detrended,CZ,266,0.1752041278797219
lym_dis,tet_gab,detrended,DE,151,0.08764138101054689
lym_dis,tet_spp,detrended,DE,0,NA
lym_dis,tha_pit,detrended,BG,46,-0.03806690014131892
lym_dis,tha_pit,detrended,DE,41,-0.29483649684045166
lym_dis,tha_pit,detrended,HR,41,-0.12973303268999242
lym_dis,tha_pro,detrended,DE,0,NA
lym_dis,tom_spp,detrended,AT,368,0.16011890516967217
lym_dis,tom_spp,detrended,CZ,356,0.14646647999331575
lym_dis,tom_spp,detrended,DE,287,0.31401915122489543
lym_dis,tom_spp,detrended,LT,471,0.1621079878094793
lym_dis,tor_vir,detrended,BG,230,0.004678500706282315
lym_dis,tor_vir,detrended,DE,64,0.10493056943801261
lym_dis,tor_vir,detrended,LT,225,-0.004052797978622246
lym_dis,tor_vir,detrended,RO,225,0.047444824178422614
lym_dis,uro_sir_spp,detrended,DE,0,NA
lym_dis,xyl_lin,detrended,DE,0,NA
lym_dis,xyl_spp,detrended,DE,0,NA
lym_dis,zei_gri,detrended,CZ,23,0.12833460144423542
lym_dis,zei_gri,detrended,DE,115,0.15870673549166678
lym_mon,mel_spp,detrended,DE,320,0.16723167124623523
lym_mon,mel_spp,detrended,PL,161,0.0192821950643234
lym_mon,neo_ser,detrended,CZ,46,-0.1843311184613481
lym_mon,neo_ser,detrended,DE,46,-0.004294451522832836
lym_mon,ope_spp,detrended,DE,0,NA
lym_mon,pan_fla,detrended,CZ,461,0.2934466381095339
lym_mon,pan_fla,detrended,DE,346,0.3901684048878058
lym_mon,pan_fla,detrended,LT,461,0.30224292897126925
lym_mon,pan_fla,detrended,PL,184,0.033674428598841025
lym_mon,pha_cya,detrended,CZ,527,-0.03950881602807289
lym_mon,pha_cya,detrended,DE,481,-0.0689512105366661
lym_mon,pha_cya,detrended,LT,642,-0.015069751311892842
lym_mon,pha_cya,detrended,PL,345,0.11023552662443721
lym_mon,pis_pin,detrended,DE,23,-0.4785009333058062
lym_mon,pis_pin,detrended,LT,138,0.11549788823282166
lym_mon,pit_bid,detrended,DE,0,NA
lym_mon,pit_cha,detrended,DE,23,-0.0517045654554139
lym_mon,pit_cha,detrended,LT,184,0.1553303965310421
lym_mon,pit_spp,detrended,CZ,46,-0.3868689930971267
lym_mon,pit_spp,detrended,DE,138,0.17053512968076967
lym_mon,pol_pol,detrended,CZ,23,-0.10286916374955161
lym_mon,pol_pol,detrended,LT,138,0.1564109204474331
lym_mon,pri_abi,detrended,CZ,161,-0.0795539193880965
lym_mon,pri_abi,detrended,DE,115,0.040976592811155635
lym_mon,sap_car,detrended,DE,0,NA
lym_mon,sco_int,detrended,CZ,115,-0.01584929607989289
lym_mon,sco_int,detrended,DE,138,0.05549984323682466
lym_mon,sco_rat,detrended,CZ,92,-0.15155141557488283
lym_mon,sco_rat,detrended,DE,161,-0.008509930571836691
lym_mon,sco_rat,detrended,LT,207,0.024297672608523384
lym_mon,sco_sco,detrended,DE,23,-0.14458473182969236
lym_mon,sco_sco,detrended,LT,69,0.18208850494181408
lym_mon,tet_gab,detrended,CZ,161,-0.1585865360385841
lym_mon,tet_gab,detrended,DE,46,-0.16368778065140444
lym_mon,tet_spp,detrended,DE,0,NA
lym_mon,tha_pit,detrended,DE,0,NA
lym_mon,tha_pro,detrended,DE,0,NA
lym_mon,tom_spp,detrended,CZ,467,-0.08969132416652613
lym_mon,tom_spp,detrended,DE,421,-0.10700366516973156
lym_mon,tom_spp,detrended,LT,582,-0.054178122356117416
lym_mon,tom_spp,detrended,PL,345,0.0718682778455726
lym_mon,tor_vir,detrended,DE,343,0.0026774349718321597
lym_mon,tor_vir,detrended,LT,481,0.07059088276339624
lym_mon,tor_vir,detrended,PL,184,0.19416292219630046
lym_mon,uro_sir_spp,detrended,DE,0,NA
lym_mon,xyl_lin,detrended,DE,0,NA
lym_mon,xyl_spp,detrended,DE,0,NA
lym_mon,zei_gri,detrended,CZ,23,0.543414068210346
lym_mon,zei_gri,detrended,DE,138,-0.026118827444405683
mel_spp,neo_ser,detrended,DE,0,NA
mel_spp,ope_spp,detrended,DE,0,NA
mel_spp,pan_fla,detrended,DE,300,0.08597448912256515
mel_spp,pan_fla,detrended,PL,115,0.2224801510897847
mel_spp,pha_cya,detrended,DE,340,-0.023648498604402612
mel_spp,pha_cya,detrended,PL,207,0.08472130975388745
mel_spp,pis_pin,detrended,DE,0,NA
mel_spp,pit_bid,detrended,DE,0,NA
mel_spp,pit_cha,detrended,DE,0,NA
mel_spp,pit_spp,detrended,DE,0,NA
mel_spp,pri_abi,detrended,DE,0,NA
mel_spp,sap_car,detrended,DE,0,NA
mel_spp,sco_int,detrended,DE,0,NA
mel_spp,sco_rat,detrended,DE,0,NA
mel_spp,sco_sco,detrended,DE,0,NA
mel_spp,tet_gab,detrended,DE,0,NA
mel_spp,tet_spp,detrended,DE,0,NA
mel_spp,tha_pit,detrended,DE,0,NA
mel_spp,tha_pro,detrended,DE,0,NA
mel_spp,tom_spp,detrended,DE,280,0.046714582673772265
mel_spp,tom_spp,detrended,PL,207,0.3057452044231285
mel_spp,tor_vir,detrended,DE,340,-0.09352612830346214
mel_spp,tor_vir,detrended,PL,184,-0.08749417192986678
mel_spp,uro_sir_spp,detrended,DE,0,NA
mel_spp,xyl_lin,detrended,DE,0,NA
mel_spp,xyl_spp,detrended,DE,0,NA
mel_spp,zei_gri,detrended,DE,0,NA
neo_ser,ope_spp,detrended,DE,0,NA
neo_ser,pan_fla,detrended,CZ,46,-0.18276610180819847
neo_ser,pan_fla,detrended,DE,23,0.03740369259167708
neo_ser,pha_cya,detrended,CZ,46,0.19479099163406854
neo_ser,pha_cya,detrended,DE,46,0.07914839782365105
neo_ser,pis_pin,detrended,DE,0,NA
neo_ser,pit_bid,detrended,DE,0,NA
neo_ser,pit_cha,detrended,DE,0,NA
neo_ser,pit_spp,detrended,CZ,0,NA
neo_ser,pol_pol,detrended,CZ,0,NA
neo_ser,pri_abi,detrended,CZ,46,-0.01602132580191802
neo_ser,pri_abi,detrended,DE,46,0.09072729506271757
neo_ser,sco_int,detrended,CZ,46,-0.05420412984330511
neo_ser,sco_int,detrended,DE,46,0.07912798004675664
neo_ser,sco_rat,detrended,CZ,46,0.2903579375965137
neo_ser,sco_rat,detrended,DE,46,0.09593755650370245
neo_ser,sco_sco,detrended,DE,0,NA
neo_ser,tet_gab,detrended,CZ,46,0.2708649332597117
neo_ser,tet_gab,detrended,DE,23,-0.23121711719033672
neo_ser,tet_spp,detrended,DE,0,NA
neo_ser,tha_pit,detrended,BG,0,NA
neo_ser,tha_pro,detrended,DE,0,NA
neo_ser,tom_spp,detrended,CZ,46,0.19217286227035718
neo_ser,tom_spp,detrended,DE,46,0.031098299930491
neo_ser,tor_vir,detrended,BG,46,0.11986927142564195
neo_ser,tor_vir,detrended,DE,18,0.01987861816354593
neo_ser,uro_sir_spp,detrended,DE,0,NA
neo_ser,xyl_lin,detrended,DE,0,NA
neo_ser,xyl_spp,detrended,DE,0,NA
neo_ser,zei_gri,detrended,CZ,23,0.13764115714561714
neo_ser,zei_gri,detrended,DE,46,-0.09281074467045189
ope_spp,pan_fla,detrended,DE,0,NA
ope_spp,pha_cya,detrended,DE,0,NA
ope_spp,pis_pin,detrended,DE,0,NA
ope_spp,pit_bid,detrended,DE,0,NA
ope_spp,pit_cha,detrended,DE,0,NA
ope_spp,pit_spp,detrended,DE,0,NA
ope_spp,pri_abi,detrended,DE,0,NA
ope_spp,sco_int,detrended,DE,0,NA
ope_spp,sco_rat,detrended,DE,0,NA
ope_spp,sco_sco,detrended,DE,0,NA
ope_spp,tet_gab,detrended,DE,0,NA
ope_spp,tet_spp,detrended,DE,0,NA
ope_spp,tha_pro,detrended,DE,0,NA
ope_spp,tom_spp,detrended,DE,0,NA
ope_spp,tor_vir,detrended,DE,0,NA
ope_spp,uro_sir_spp,detrended,DE,0,NA
ope_spp,xyl_lin,detrended,DE,0,NA
ope_spp,xyl_spp,detrended,DE,0,NA
ope_spp,zei_gri,detrended,DE,0,NA
pan_fla,pha_cya,detrended,CZ,461,-0.009400751090282563
pan_fla,pha_cya,detrended,DE,346,-0.05252719657865035
pan_fla,pha_cya,detrended,LT,461,0.03128658039325709
pan_fla,pha_cya,detrended,PL,184,-0.006003591710613498
pan_fla,pis_pin,detrended,DE,23,-0.474644720550129
pan_fla,pis_pin,detrended,LT,115,0.008550394319097055
pan_fla,pit_bid,detrended,DE,0,NA
pan_fla,pit_cha,detrended,DE,23,-0.35407921169665646
pan_fla,pit_cha,detrended,LT,138,0.24075902012624123
pan_fla,pit_spp,detrended,CZ,23,0.30568457915142133
pan_fla,pit_spp,detrended,DE,23,0.07009047066473051
pan_fla,pol_pol,detrended,CZ,23,-0.3264313241551197
pan_fla,pol_pol,detrended,LT,23,0.16614377769736643
pan_fla,pri_abi,detrended,CZ,115,0.1934400430499727
pan_fla,pri_abi,detrended,DE,23,0.05074338991268127
pan_fla,sap_car,detrended,DE,0,NA
pan_fla,sco_int,detrended,CZ,92,0.019436498588493258
pan_fla,sco_int,detrended,DE,23,0.3058617676603815
pan_fla,sco_rat,detrended,CZ,92,-0.18452640718993318
pan_fla,sco_rat,detrended,DE,46,-0.08931689480054564
pan_fla,sco_rat,detrended,LT,92,-0.16905785757918956
pan_fla,sco_sco,detrended,DE,23,-0.020405806916955038
pan_fla,sco_sco,detrended,LT,69,-0.023421431877738555
pan_fla,tet_gab,detrended,CZ,92,0.03512051886447315
pan_fla,tet_gab,detrended,DE,23,0.026308307468919913
pan_fla,tet_spp,detrended,DE,0,NA
pan_fla,tha_pit,detrended,DE,0,NA
pan_fla,tha_pro,detrended,DE,0,NA
pan_fla,tom_spp,detrended,CZ,401,0.016511971283252085
pan_fla,tom_spp,detrended,DE,286,-0.028096309520296903
pan_fla,tom_spp,detrended,LT,401,0.0500824391198119
pan_fla,tom_spp,detrended,PL,184,0.08666825560232685
pan_fla,tor_vir,detrended,DE,323,0.04698348651797306
pan_fla,tor_vir,detrended,LT,438,0.03526398705446385
pan_fla,tor_vir,detrended,PL,161,-0.12927740334799925
pan_fla,uro_sir_spp,detrended,DE,0,NA
pan_fla,xyl_lin,detrended,DE,0,NA
pan_fla,xyl_spp,detrended,DE,0,NA
pan_fla,zei_gri,detrended,CZ,23,-0.09406084549920249
pan_fla,zei_gri,detrended,DE,23,0.5824255737853409
pha_cya,pis_pin,detrended,DE,23,-0.03966098017817783
pha_cya,pis_pin,detrended,LT,161,0.40755872464786336
pha_cya,pit_bid,detrended,DE,0,NA
pha_cya,pit_cha,detrended,AT,276,0.36211757050520804
pha_cya,pit_cha,detrended,DE,170,0.13672250134046462
pha_cya,pit_cha,detrended,LT,400,0.3183207485618965
pha_cya,pit_spp,detrended,AT,276,0.06927891452056077
pha_cya,pit_spp,detrended,CZ,218,-0.031492938641983416
pha_cya,pit_spp,detrended,DE,310,0.20015362429157213
pha_cya,pol_pol,detrended,CZ,23,0.1989007975640931
pha_cya,pol_pol,detrended,LT,184,0.11543559557537823
pha_cya,pri_abi,detrended,CZ,184,-0.057726656406385586
pha_cya,pri_abi,detrended,DE,161,0.1186433095496222
pha_cya,sap_car,detrended,DE,0,NA
pha_cya,sco_int,detrended,CZ,184,0.007462647880593222
pha_cya,sco_int,detrended,DE,184,0.1591209594252205
pha_cya,sco_rat,detrended,CZ,92,0.2238731194759916
pha_cya,sco_rat,detrended,DE,207,0.11616187196168769
pha_cya,sco_rat,detrended,LT,253,0.14167995171678308
pha_cya,sco_sco,detrended,DE,23,-0.03704261412548707
pha_cya,sco_sco,detrended,LT,115,0.09494799146434874
pha_cya,tet_gab,detrended,AT,253,0.1992537283203165
pha_cya,tet_gab,detrended,CZ,312,0.15708544265824023
pha_cya,tet_gab,detrended,DE,151,-0.005238426557654097
pha_cya,tet_spp,detrended,DE,0,NA
pha_cya,tha_pit,detrended,DE,0,NA
pha_cya,tha_pro,detrended,DE,0,NA
pha_cya,tom_spp,detrended,AT,740,0.07398557707447666
pha_cya,tom_spp,detrended,CZ,703,0.06615119387752427
pha_cya,tom_spp,detrended,DE,634,0.007751396166822031
pha_cya,tom_spp,detrended,LT,864,0.10113561038264571
pha_cya,tom_spp,detrended,PL,607,0.3107924151172321
pha_cya,tor_vir,detrended,DE,363,-0.04831862296889627
pha_cya,tor_vir,detrended,LT,570,-0.006499440060001556
pha_cya,tor_vir,detrended,PL,253,0.09775028230647058
pha_cya,uro_sir_spp,detrended,DE,0,NA
pha_cya,xyl_lin,detrended,DE,0,NA
pha_cya,xyl_spp,detrended,DE,0,NA
pha_cya,zei_gri,detrended,CZ,23,-0.25394872615603453
pha_cya,zei_gri,detrended,DE,161,-0.15616332334489674
pis_pin,pit_bid,detrended,DE,0,NA
pis_pin,pit_cha,detrended,DE,23,0.31395839507244844
pis_pin,pit_cha,detrended,LT,161,0.36896017175028933
pis_pin,pit_spp,detrended,DE,0,NA
pis_pin,pol_pol,detrended,LT,0,NA
pis_pin,pri_abi,detrended,DE,0,NA
pis_pin,sap_car,detrended,DE,0,NA
pis_pin,sco_int,detrended,DE,0,NA
pis_pin,sco_rat,detrended,DE,23,0.386453114454171
pis_pin,sco_rat,detrended,LT,69,0.3090960554075851
pis_pin,sco_sco,detrended,DE,23,0.15819792091417909
pis_pin,sco_sco,detrended,LT,92,0.2923205686688777
pis_pin,tet_gab,detrended,DE,0,NA
pis_pin,tet_spp,detrended,DE,0,NA
pis_pin,tha_pit,detrended,DE,0,NA
pis_pin,tha_pro,detrended,DE,0,NA
pis_pin,tom_spp,detrended,DE,23,0.6492494970210669
pis_pin,tom_spp,detrended,LT,161,0.3477474328104045
pis_pin,tor_vir,detrended,DE,23,-0.06753649715652706
pis_pin,tor_vir,detrended,LT,161,0.025118687925577945
pis_pin,uro_sir_spp,detrended,DE,0,NA
pis_pin,xyl_lin,detrended,DE,0,NA
pis_pin,xyl_spp,detrended,DE,0,NA
pis_pin,zei_gri,detrended,DE,0,NA
pit_bid,pit_cha,detrended,DE,0,NA
pit_bid,pit_spp,detrended,DE,0,NA
pit_bid,pri_abi,detrended,DE,0,NA
pit_bid,sap_car,detrended,DE,0,NA
pit_bid,sco_int,detrended,DE,0,NA
pit_bid,sco_rat,detrended,DE,0,NA
pit_bid,sco_sco,detrended,DE,0,NA
pit_bid,tet_gab,detrended,DE,0,NA
pit_bid,tet_spp,detrended,DE,0,NA
pit_bid,tha_pit,detrended,DE,0,NA
pit_bid,tha_pro,detrended,DE,0,NA
pit_bid,tom_spp,detrended,DE,0,NA
pit_bid,tor_vir,detrended,DE,0,NA
pit_bid,uro_sir_spp,detrended,DE,0,NA
pit_bid,xyl_lin,detrended,DE,0,NA
pit_bid,xyl_spp,detrended,DE,0,NA
pit_bid,zei_gri,detrended,DE,0,NA
pit_cha,pit_spp,detrended,AT,115,0.2083975070803381
pit_cha,pit_spp,detrended,DE,170,0.23708071528695174
pit_cha,pit_spp,detrended,SI,239,0.20354043724722423
pit_cha,pol_pol,detrended,LT,0,NA
pit_cha,pri_abi,detrended,DE,0,NA
pit_cha,sap_car,detrended,DE,0,NA
pit_cha,sco_int,detrended,DE,0,NA
pit_cha,sco_rat,detrended,DE,23,0.28163675400513294
pit_cha,sco_rat,detrended,LT,69,0.20406495247195977
pit_cha,sco_sco,detrended,DE,23,0.15044919930722975
pit_cha,sco_sco,detrended,LT,115,0.04684881754650864
pit_cha,tet_gab,detrended,AT,207,0.31670330836781235
pit_cha,tet_gab,detrended,DE,126,0.23298999534015963
pit_cha,tet_spp,detrended,DE,0,NA
pit_cha,tha_pit,detrended,DE,0,NA
pit_cha,tha_pro,detrended,DE,0,NA
pit_cha,tom_spp,detrended,AT,276,0.2116890491418956
pit_cha,tom_spp,detrended,DE,191,0.4699237182983105
pit_cha,tom_spp,detrended,LT,421,0.2048338160608057
pit_cha,tor_vir,detrended,DE,23,0.2315633620549644
pit_cha,tor_vir,detrended,LT,230,0.1344799250802861
pit_cha,uro_sir_spp,detrended,DE,0,NA
pit_cha,xyl_lin,detrended,DE,0,NA
pit_cha,xyl_spp,detrended,DE,0,NA
pit_cha,zei_gri,detrended,DE,0,NA
pit_spp,pol_pol,detrended,CZ,0,NA
pit_spp,pri_abi,detrended,CZ,69,-0.1955348934853434
pit_spp,pri_abi,detrended,DE,161,0.26067307194723194
pit_spp,sco_int,detrended,CZ,69,-0.013806078106880764
pit_spp,sco_int,detrended,DE,184,0.25519365266331756
pit_spp,sco_rat,detrended,CZ,0,NA
pit_spp,sco_sco,detrended,DE,0,NA
pit_spp,tet_gab,detrended,AT,115,0.23506992719489703
pit_spp,tet_gab,detrended,CZ,174,0.23643532413016904
pit_spp,tet_gab,detrended,DE,151,0.0630905103069091
pit_spp,tet_spp,detrended,DE,0,NA
pit_spp,tha_pit,detrended,HR,0,NA
pit_spp,tha_pro,detrended,DE,0,NA
pit_spp,tom_spp,detrended,AT,276,0.015293466038756696
pit_spp,tom_spp,detrended,CZ,218,-0.12773836466884853
pit_spp,tom_spp,detrended,DE,310,0.40402086741247467
pit_spp,tor_vir,detrended,DE,0,NA
pit_spp,uro_sir_spp,detrended,DE,0,NA
pit_spp,xyl_lin,detrended,DE,0,NA
pit_spp,xyl_spp,detrended,DE,0,NA
pit_spp,zei_gri,detrended,CZ,0,NA
pol_pol,pri_abi,detrended,CZ,0,NA
pol_pol,sco_int,detrended,CZ,0,NA
pol_pol,sco_rat,detrended,CZ,23,0.264785743843615
pol_pol,sco_rat,detrended,LT,184,0.2717550952586626
pol_pol,sco_sco,detrended,LT,0,NA
pol_pol,tet_gab,detrended,CZ,0,NA
pol_pol,tom_spp,detrended,CZ,23,0.6434598791151049
pol_pol,tom_spp,detrended,LT,184,0.07812031959964023
pol_pol,tor_vir,detrended,LT,0,NA
pol_pol,zei_gri,detrended,CZ,0,NA
pri_abi,sap_car,detrended,DE,0,NA
pri_abi,sco_int,detrended,CZ,138,0.07955239447823535
pri_abi,sco_int,detrended,DE,161,-0.03836645188068711
pri_abi,sco_rat,detrended,CZ,69,0.041358394239125094
pri_abi,sco_rat,detrended,DE,161,0.1486641460800368
pri_abi,sco_sco,detrended,DE,0,NA
pri_abi,tet_gab,detrended,CZ,138,0.14515517566148087
pri_abi,tet_gab,detrended,DE,46,0.33367422587710216
pri_abi,tet_spp,detrended,DE,0,NA
pri_abi,tha_pit,detrended,DE,0,NA
pri_abi,tha_pro,detrended,DE,0,NA
pri_abi,tom_spp,detrended,CZ,184,0.1142487691292486
pri_abi,tom_spp,detrended,DE,161,0.22568965381346723
pri_abi,tor_vir,detrended,DE,0,NA
pri_abi,uro_sir_spp,detrended,DE,0,NA
pri_abi,xyl_lin,detrended,DE,0,NA
pri_abi,xyl_spp,detrended,DE,0,NA
pri_abi,zei_gri,detrended,CZ,23,0.18984299902393423
pri_abi,zei_gri,detrended,DE,138,-0.2013989896573516
sap_car,sco_int,detrended,DE,0,NA
sap_car,sco_rat,detrended,DE,0,NA
sap_car,sco_sco,detrended,DE,0,NA
sap_car,tet_gab,detrended,DE,0,NA
sap_car,tet_spp,detrended,DE,0,NA
sap_car,tha_pit,detrended,DE,0,NA
sap_car,tha_pro,detrended,DE,0,NA
sap_car,tom_spp,detrended,DE,0,NA
sap_car,tor_vir,detrended,DE,0,NA
sap_car,xyl_lin,detrended,DE,0,NA
sap_car,xyl_spp,detrended,DE,0,NA
sco_int,sco_rat,detrended,CZ,69,0.2818550204691906
sco_int,sco_rat,detrended,DE,184,0.30317064483252143
sco_int,sco_sco,detrended,DE,0,NA
sco_int,tet_gab,detrended,CZ,161,0.07916807160166675
sco_int,tet_gab,detrended,DE,46,-0.2509843393461491
sco_int,tet_spp,detrended,DE,0,NA
sco_int,tha_pit,detrended,DE,0,NA
sco_int,tha_pro,detrended,DE,0,NA
sco_int,tom_spp,detrended,CZ,184,0.2613509262538686
sco_int,tom_spp,detrended,DE,184,0.11309080920852863
sco_int,tor_vir,detrended,DE,0,NA
sco_int,uro_sir_spp,detrended,DE,0,NA
sco_int,xyl_lin,detrended,DE,0,NA
sco_int,xyl_spp,detrended,DE,0,NA
sco_int,zei_gri,detrended,CZ,23,0.1223701193527393
sco_int,zei_gri,detrended,DE,161,-0.03156549610376919
sco_rat,sco_sco,detrended,DE,23,-0.10742739601488774
sco_rat,sco_sco,detrended,LT,69,0.15049956905437606
sco_rat,tet_gab,detrended,CZ,69,0.18750711459840683
sco_rat,tet_gab,detrended,DE,46,-0.10066546111359392
sco_rat,tet_spp,detrended,DE,0,NA
sco_rat,tha_pit,detrended,DE,0,NA
sco_rat,tha_pro,detrended,DE,0,NA
sco_rat,tom_spp,detrended,CZ,92,0.19508647480664926
sco_rat,tom_spp,detrended,DE,207,0.2526585517932048
sco_rat,tom_spp,detrended,LT,253,0.11780316244040433
sco_rat,tor_vir,detrended,DE,23,0.21270485511463813
sco_rat,tor_vir,detrended,LT,69,0.3207737965978112
sco_rat,uro_sir_spp,detrended,DE,0,NA
sco_rat,xyl_lin,detrended,DE,0,NA
sco_rat,xyl_spp,detrended,DE,0,NA
sco_rat,zei_gri,detrended,CZ,23,-0.013343317048235197
sco_rat,zei_gri,detrended,DE,161,-0.07150429836286386
sco_sco,tet_gab,detrended,DE,0,NA
sco_sco,tet_spp,detrended,DE,0,NA
sco_sco,tha_pit,detrended,DE,0,NA
sco_sco,tha_pro,detrended,DE,0,NA
sco_sco,tom_spp,detrended,DE,23,0.2064070700612738
sco_sco,tom_spp,detrended,LT,115,0.21225335693268874
sco_sco,tor_vir,detrended,DE,23,-0.21488610494795907
sco_sco,tor_vir,detrended,LT,115,0.12082759044283309
sco_sco,uro_sir_spp,detrended,DE,0,NA
sco_sco,xyl_lin,detrended,DE,0,NA
sco_sco,xyl_spp,detrended,DE,0,NA
sco_sco,zei_gri,detrended,DE,0,NA
tet_gab,tet_spp,detrended,DE,0,NA
tet_gab,tha_pit,detrended,DE,0,NA
tet_gab,tha_pro,detrended,DE,0,NA
tet_gab,tom_spp,detrended,AT,253,0.16382450665837509
tet_gab,tom_spp,detrended,CZ,312,0.16763168737040468
tet_gab,tom_spp,detrended,DE,151,0.15672625881359822
tet_gab,tor_vir,detrended,DE,0,NA
tet_gab,uro_sir_spp,detrended,DE,0,NA
tet_gab,xyl_lin,detrended,DE,0,NA
tet_gab,xyl_spp,detrended,DE,0,NA
tet_gab,zei_gri,detrended,CZ,23,-0.1080571854882406
tet_gab,zei_gri,detrended,DE,46,-0.16627629229333682
tet_spp,tha_pit,detrended,DE,0,NA
tet_spp,tha_pro,detrended,DE,0,NA
tet_spp,tom_spp,detrended,DE,0,NA
tet_spp,tor_vir,detrended,DE,0,NA
tet_spp,uro_sir_spp,detrended,DE,0,NA
tet_spp,xyl_lin,detrended,DE,0,NA
tet_spp,xyl_spp,detrended,DE,0,NA
tet_spp,zei_gri,detrended,DE,0,NA
tha_pit,tha_pro,detrended,DE,0,NA
tha_pit,tom_spp,detrended,DE,0,NA
tha_pit,tor_vir,detrended,BG,23,-0.34619409886923574
tha_pit,tor_vir,detrended,DE,18,0.3067333219438422
tha_pit,xyl_lin,detrended,DE,0,NA
tha_pit,xyl_spp,detrended,DE,0,NA
tha_pro,tom_spp,detrended,DE,0,NA
tha_pro,tor_vir,detrended,DE,0,NA
tha_pro,uro_sir_spp,detrended,DE,0,NA
tha_pro,xyl_lin,detrended,DE,0,NA
tha_pro,xyl_spp,detrended,DE,0,NA
tom_spp,tor_vir,detrended,DE,303,0.12418668048596364
tom_spp,tor_vir,detrended,LT,510,0.08925781650251531
tom_spp,tor_vir,detrended,PL,253,0.026561722691305627
tom_spp,uro_sir_spp,detrended,DE,0,NA
tom_spp,xyl_lin,detrended,DE,0,NA
tom_spp,xyl_spp,detrended,DE,0,NA
tom_spp,zei_gri,detrended,CZ,23,-0.3494613513235228
tom_spp,zei_gri,detrended,DE,161,-0.15615756083460028
tor_vir,uro_sir_spp,detrended,DE,0,NA
tor_vir,xyl_lin,detrended,DE,0,NA
tor_vir,xyl_spp,detrended,DE,0,NA
tor_vir,zei_gri,detrended,DE,0,NA
uro_sir_spp,xyl_lin,detrended,DE,0,NA
uro_sir_spp,xyl_spp,detrended,DE,0,NA
uro_sir_spp,zei_gri,detrended,DE,0,NA
xyl_lin,xyl_spp,detrended,DE,0,NA
xyl_lin,zei_gri,detrended,DE,0,NA
xyl_spp,zei_gri,detrended,DE,0,NA
CambXyl_con&BB_con&BO,CambXyl_con&BB_con&SM,anomaly,DE,0,NA
CambXyl_con&BB_con&BO,CambXyl_con&BO,anomaly,DE,0,NA
CambXyl_con&BB_con&BO,CambXyl_con&MD,anomaly,DE,0,NA
CambXyl_con&BB_con&BO,Def_dec&DB,anomaly,AT,69,0.43428267244884294
CambXyl_con&BB_con&BO,Def_dec&DB,anomaly,DE,126,-0.060693541259392685
CambXyl_con&BB_con&BO,agr_big,anomaly,DE,0,NA
CambXyl_con&BB_con&BO,agr_vir,anomaly,DE,0,NA
CambXyl_con&BB_con&BO,bup_pin,anomaly,DE,0,NA
CambXyl_con&BB_con&BO,dip_sp,anomaly,AT,69,-0.17992434216466416
CambXyl_con&BB_con&BO,dip_sp,anomaly,DE,105,0.11114421754707461
CambXyl_con&BB_con&BO,era_def,anomaly,DE,0,NA
CambXyl_con&BB_con&BO,geo_db,anomaly,DE,23,-0.20484872066744958
CambXyl_con&BB_con&BO,geo_db,anomaly,HR,46,0.1582184767671538
CambXyl_con&BB_con&BO,ips_acu,anomaly,DE,0,NA
CambXyl_con&BB_con&BO,ips_cem,anomaly,DE,0,NA
CambXyl_con&BB_con&BO,ips_sex,anomaly,DE,0,NA
CambXyl_con&BB_con&BO,ips_typ,anomaly,AT,92,0.33946451487733076
CambXyl_con&BB_con&BO,ips_typ,anomaly,DE,191,0.2665398281705671
CambXyl_con&BB_con&BO,ips_typ,anomaly,HR,237,0.20958370128232293
CambXyl_con&BB_con&BO,lym_dis,anomaly,AT,92,0.2995159339015255
CambXyl_con&BB_con&BO,lym_dis,anomaly,DE,149,0.1773983365444203
CambXyl_con&BB_con&BO,lym_dis,anomaly,HR,195,0.20732103081116632
CambXyl_con&BB_con&BO,lym_mon,anomaly,DE,0,NA
CambXyl_con&BB_con&BO,mel_spp,anomaly,DE,0,NA
CambXyl_con&BB_con&BO,ope_spp,anomaly,DE,0,NA
CambXyl_con&BB_con&BO,pan_fla,anomaly,DE,0,NA
CambXyl_con&BB_con&BO,pha_cya,anomaly,AT,69,0.40300429876516
CambXyl_con&BB_con&BO,pha_cya,anomaly,DE,147,0.22124745243275618
CambXyl_con&BB_con&BO,pis_pin,anomaly,DE,0,NA
CambXyl_con&BB_con&BO,pit_bid,anomaly,DE,0,NA
CambXyl_con&BB_con&BO,pit_cha,anomaly,AT,69,0.24442451730592302
CambXyl_con&BB_con&BO,pit_cha,anomaly,DE,168,0.2133524678962725
CambXyl_con&BB_con&BO,pit_spp,anomaly,AT,69,0.11969416216357479
CambXyl_con&BB_con&BO,pit_spp,anomaly,DE,149,0.31121695766067503
CambXyl_con&BB_con&BO,pit_spp,anomaly,HR,172,0.279838988029054
CambXyl_con&BB_con&BO,pri_abi,anomaly,DE,0,NA
CambXyl_con&BB_con&BO,sco_int,anomaly,DE,0,NA
CambXyl_con&BB_con&BO,sco_sco,anomaly,DE,0,NA
CambXyl_con&BB_con&BO,tet_gab,anomaly,AT,69,0.23108102985025003
CambXyl_con&BB_con&BO,tet_gab,anomaly,DE,105,0.02753468280018651
CambXyl_con&BB_con&BO,tet_spp,anomaly,DE,0,NA
CambXyl_con&BB_con&BO,tha_pit,anomaly,HR,0,NA
CambXyl_con&BB_con&BO,tha_pro,anomaly,DE,0,NA
CambXyl_con&BB_con&BO,tom_spp,anomaly,AT,69,0.5094337943805776
CambXyl_con&BB_con&BO,tom_spp,anomaly,DE,168,0.5733226210505475
CambXyl_con&BB_con&BO,tor_vir,anomaly,DE,0,NA
CambXyl_con&BB_con&BO,uro_sir_spp,anomaly,DE,0,NA
CambXyl_con&BB_con&BO,xyl_lin,anomaly,DE,0,NA
CambXyl_con&BB_con&BO,xyl_spp,anomaly,DE,0,NA
CambXyl_con&BB_con&SM,CambXyl_con&BO,anomaly,DE,0,NA
CambXyl_con&BB_con&SM,CambXyl_con&MD,anomaly,DE,0,NA
CambXyl_con&BB_con&SM,Def_dec&DB,anomaly,DE,0,NA
CambXyl_con&BB_con&SM,agr_big,anomaly,DE,0,NA
CambXyl_con&BB_con&SM,agr_vir,anomaly,DE,0,NA
CambXyl_con&BB_con&SM,dip_sp,anomaly,DE,0,NA
CambXyl_con&BB_con&SM,era_def,anomaly,DE,0,NA
CambXyl_con&BB_con&SM,geo_db,anomaly,DE,0,NA
CambXyl_con&BB_con&SM,ips_acu,anomaly,DE,0,NA
CambXyl_con&BB_con&SM,ips_cem,anomaly,DE,0,NA
CambXyl_con&BB_con&SM,ips_sex,anomaly,DE,0,NA
CambXyl_con&BB_con&SM,ips_typ,anomaly,DE,0,NA
CambXyl_con&BB_con&SM,lym_dis,anomaly,DE,0,NA
CambXyl_con&BB_con&SM,mel_spp,anomaly,DE,0,NA
CambXyl_con&BB_con&SM,ope_spp,anomaly,DE,0,NA
CambXyl_con&BB_con&SM,pha_cya,anomaly,DE,0,NA
CambXyl_con&BB_con&SM,pis_pin,anomaly,DE,0,NA
CambXyl_con&BB_con&SM,pit_bid,anomaly,DE,0,NA
CambXyl_con&BB_con&SM,pit_cha,anomaly,DE,0,NA
CambXyl_con&BB_con&SM,pit_spp,anomaly,DE,0,NA
CambXyl_con&BB_con&SM,pri_abi,anomaly,DE,0,NA
CambXyl_con&BB_con&SM,sco_int,anomaly,DE,0,NA
CambXyl_con&BB_con&SM,sco_sco,anomaly,DE,0,NA
CambXyl_con&BB_con&SM,tet_gab,anomaly,DE,0,NA
CambXyl_con&BB_con&SM,tet_spp,anomaly,DE,0,NA
CambXyl_con&BB_con&SM,tha_pro,anomaly,DE,0,NA
CambXyl_con&BB_con&SM,tom_spp,anomaly,DE,0,NA
CambXyl_con&BB_con&SM,tor_vir,anomaly,DE,0,NA
CambXyl_con&BB_con&SM,uro_sir_spp,anomaly,DE,0,NA
CambXyl_con&BB_con&SM,xyl_lin,anomaly,DE,0,NA
CambXyl_con&BB_con&SM,xyl_spp,anomaly,DE,0,NA
CambXyl_con&BO,CambXyl_con&MD,anomaly,DE,0,NA
CambXyl_con&BO,Def_dec&DB,anomaly,DE,0,NA
CambXyl_con&BO,agr_big,anomaly,DE,0,NA
CambXyl_con&BO,agr_vir,anomaly,DE,0,NA
CambXyl_con&BO,dip_sp,anomaly,DE,0,NA
CambXyl_con&BO,era_def,anomaly,DE,0,NA
CambXyl_con&BO,geo_db,anomaly,DE,0,NA
CambXyl_con&BO,ips_acu,anomaly,DE,0,NA
CambXyl_con&BO,ips_cem,anomaly,DE,0,NA
CambXyl_con&BO,ips_sex,anomaly,DE,0,NA
CambXyl_con&BO,ips_typ,anomaly,DE,23,-0.16827325579546634
CambXyl_con&BO,ips_typ,anomaly,SI,46,0.1566828257825453
CambXyl_con&BO,lym_dis,anomaly,DE,0,NA
CambXyl_con&BO,mel_spp,anomaly,DE,0,NA
CambXyl_con&BO,ope_spp,anomaly,DE,0,NA
CambXyl_con&BO,pha_cya,anomaly,DE,0,NA
CambXyl_con&BO,pis_pin,anomaly,DE,0,NA
CambXyl_con&BO,pit_bid,anomaly,DE,0,NA
CambXyl_con&BO,pit_cha,anomaly,DE,23,-0.24790456107221598
CambXyl_con&BO,pit_cha,anomaly,SI,46,0.08941064057577348
CambXyl_con&BO,pit_spp,anomaly,DE,23,0.4121753144893874
CambXyl_con&BO,pit_spp,anomaly,SI,46,-0.024199359099675216
CambXyl_con&BO,pri_abi,anomaly,DE,0,NA
CambXyl_con&BO,sco_int,anomaly,DE,0,NA
CambXyl_con&BO,sco_sco,anomaly,DE,0,NA
CambXyl_con&BO,tet_gab,anomaly,DE,0,NA
CambXyl_con&BO,tet_spp,anomaly,DE,0,NA
CambXyl_con&BO,tha_pro,anomaly,DE,0,NA
CambXyl_con&BO,tom_spp,anomaly,DE,0,NA
CambXyl_con&BO,tor_vir,anomaly,DE,0,NA
CambXyl_con&BO,uro_sir_spp,anomaly,DE,0,NA
CambXyl_con&BO,xyl_lin,anomaly,DE,0,NA
CambXyl_con&BO,xyl_spp,anomaly,DE,0,NA
CambXyl_con&MD,Def_dec&DB,anomaly,CZ,23,0.5053981156210801
CambXyl_con&MD,Def_dec&DB,anomaly,DE,184,0.056152175820444954
CambXyl_con&MD,agr_big,anomaly,DE,0,NA
CambXyl_con&MD,agr_vir,anomaly,DE,0,NA
CambXyl_con&MD,cep_spp,anomaly,CZ,0,NA
CambXyl_con&MD,den_mic,anomaly,CZ,0,NA
CambXyl_con&MD,dip_sp,anomaly,DE,0,NA
CambXyl_con&MD,era_def,anomaly,DE,0,NA
CambXyl_con&MD,geo_db,anomaly,DE,0,NA
CambXyl_con&MD,ips_acu,anomaly,CZ,23,-0.20957108214919035
CambXyl_con&MD,ips_acu,anomaly,DE,184,0.2157456148772746
CambXyl_con&MD,ips_cem,anomaly,DE,0,NA
CambXyl_con&MD,ips_dup,anomaly,CZ,0,NA
CambXyl_con&MD,ips_sex,anomaly,CZ,23,-0.3521949939468764
CambXyl_con&MD,ips_sex,anomaly,DE,184,0.06325735996557219
CambXyl_con&MD,ips_typ,anomaly,CZ,23,-0.4960174648852661
CambXyl_con&MD,ips_typ,anomaly,DE,184,-0.05185247048126715
CambXyl_con&MD,lym_dis,anomaly,CZ,23,0.03501130162477166
CambXyl_con&MD,lym_dis,anomaly,DE,138,0.006359112422891563
CambXyl_con&MD,lym_mon,anomaly,CZ,0,NA
CambXyl_con&MD,mel_spp,anomaly,DE,0,NA
CambXyl_con&MD,neo_ser,anomaly,CZ,0,NA
CambXyl_con&MD,ope_spp,anomaly,DE,0,NA
CambXyl_con&MD,pan_fla,anomaly,CZ,0,NA
CambXyl_con&MD,pha_cya,anomaly,CZ,23,-0.4094748360036953
CambXyl_con&MD,pha_cya,anomaly,DE,184,0.06850511083591909
CambXyl_con&MD,pis_pin,anomaly,DE,0,NA
CambXyl_con&MD,pit_bid,anomaly,DE,0,NA
CambXyl_con&MD,pit_cha,anomaly,DE,0,NA
CambXyl_con&MD,pit_spp,anomaly,CZ,23,-0.17283170728267708
CambXyl_con&MD,pit_spp,anomaly,DE,184,0.11400014743003987
CambXyl_con&MD,pol_pol,anomaly,CZ,0,NA
CambXyl_con&MD,pri_abi,anomaly,CZ,23,-0.007378967841991664
CambXyl_con&MD,pri_abi,anomaly,DE,161,0.046449113175538556
CambXyl_con&MD,sco_int,anomaly,CZ,23,0.38238361859813874
CambXyl_con&MD,sco_int,anomaly,DE,184,0.3131385691341586
CambXyl_con&MD,sco_rat,anomaly,CZ,0,NA
CambXyl_con&MD,sco_sco,anomaly,DE,0,NA
CambXyl_con&MD,tet_gab,anomaly,CZ,23,-0.47971548592562185
CambXyl_con&MD,tet_gab,anomaly,DE,46,0.09594364074706498
CambXyl_con&MD,tet_spp,anomaly,DE,0,NA
CambXyl_con&MD,tha_pro,anomaly,DE,0,NA
CambXyl_con&MD,tom_spp,anomaly,CZ,23,-0.2654666695310524
CambXyl_con&MD,tom_spp,anomaly,DE,184,0.007774114098577254
CambXyl_con&MD,tor_vir,anomaly,DE,0,NA
CambXyl_con&MD,uro_sir_spp,anomaly,DE,0,NA
CambXyl_con&MD,xyl_lin,anomaly,DE,0,NA
CambXyl_con&MD,xyl_spp,anomaly,DE,0,NA
CambXyl_con&MD,zei_gri,anomaly,CZ,0,NA
Def_dec,Def_dec&DB,anomaly,DE,0,NA
Def_dec,agr_big,anomaly,DE,0,NA
Def_dec,agr_vir,anomaly,DE,0,NA
Def_dec,bup_pin,anomaly,DE,0,NA
Def_dec,den_pin,anomaly,DE,0,NA
Def_dec,dip_sp,anomaly,DE,0,NA
Def_dec,era_def,anomaly,DE,0,NA
Def_dec,geo_db,anomaly,DE,0,NA
Def_dec,ips_acu,anomaly,DE,0,NA
Def_dec,ips_cem,anomaly,DE,0,NA
Def_dec,ips_sex,anomaly,DE,0,NA
Def_dec,ips_typ,anomaly,DE,0,NA
Def_dec,lym_dis,anomaly,DE,0,NA
Def_dec,lym_mon,anomaly,DE,0,NA
Def_dec,mel_spp,anomaly,DE,0,NA
Def_dec,neo_ser,anomaly,DE,0,NA
Def_dec,ope_spp,anomaly,DE,0,NA
Def_dec,pan_fla,anomaly,DE,0,NA
Def_dec,pha_cya,anomaly,DE,0,NA
Def_dec,pis_pin,anomaly,DE,0,NA
Def_dec,pit_bid,anomaly,DE,0,NA
Def_dec,pit_cha,anomaly,DE,0,NA
Def_dec,pit_spp,anomaly,DE,0,NA
Def_dec,pri_abi,anomaly,DE,0,NA
Def_dec,sco_int,anomaly,DE,0,NA
Def_dec,sco_rat,anomaly,DE,0,NA
Def_dec,sco_sco,anomaly,DE,0,NA
Def_dec,tet_gab,anomaly,DE,0,NA
Def_dec,tet_spp,anomaly,DE,0,NA
Def_dec,tha_pro,anomaly,DE,0,NA
Def_dec,tom_spp,anomaly,DE,0,NA
Def_dec,tor_vir,anomaly,DE,0,NA
Def_dec,uro_sir_spp,anomaly,DE,0,NA
Def_dec,xyl_lin,anomaly,DE,0,NA
Def_dec,xyl_spp,anomaly,DE,0,NA
Def_dec,zei_gri,anomaly,DE,0,NA
Def_dec&DB,agr_big,anomaly,DE,0,NA
Def_dec&DB,agr_vir,anomaly,DE,0,NA
Def_dec&DB,bup_pin,anomaly,DE,0,NA
Def_dec&DB,cep_spp,anomaly,CZ,0,NA
Def_dec&DB,den_mic,anomaly,CZ,0,NA
Def_dec&DB,den_pin,anomaly,DE,0,NA
Def_dec&DB,dip_sp,anomaly,AT,138,0.0011555422635329917
Def_dec&DB,dip_sp,anomaly,DE,84,0.23447962768304215
Def_dec&DB,era_def,anomaly,DE,0,NA
Def_dec&DB,geo_db,anomaly,DE,0,NA
Def_dec&DB,ips_acu,anomaly,CZ,115,0.16167834366045788
Def_dec&DB,ips_acu,anomaly,DE,184,-0.028845564168889337
Def_dec&DB,ips_ami,anomaly,DE,0,NA
Def_dec&DB,ips_cem,anomaly,DE,0,NA
Def_dec&DB,ips_dup,anomaly,CZ,0,NA
Def_dec&DB,ips_sex,anomaly,CZ,138,-0.015223771724981983
Def_dec&DB,ips_sex,anomaly,DE,184,0.07363051177574918
Def_dec&DB,ips_typ,anomaly,AT,345,0.005931082570996669
Def_dec&DB,ips_typ,anomaly,CZ,287,-0.0306484941588405
Def_dec&DB,ips_typ,anomaly,DE,310,-0.15306833044306825
Def_dec&DB,lym_dis,anomaly,AT,276,0.11005817032638783
Def_dec&DB,lym_dis,anomaly,CZ,243,0.23012828975288108
Def_dec&DB,lym_dis,anomaly,DE,243,0.08374648461311657
Def_dec&DB,lym_mon,anomaly,CZ,115,0.10529379699773583
Def_dec&DB,lym_mon,anomaly,DE,138,-0.006625907458479932
Def_dec&DB,mel_spp,anomaly,DE,0,NA
Def_dec&DB,neo_ser,anomaly,CZ,23,-0.19051450202519477
Def_dec&DB,neo_ser,anomaly,DE,46,-0.1241957516315411
Def_dec&DB,ope_spp,anomaly,DE,0,NA
Def_dec&DB,pan_fla,anomaly,CZ,69,0.201442414638772
Def_dec&DB,pan_fla,anomaly,DE,23,0.12924636362274594
Def_dec&DB,pha_cya,anomaly,AT,345,0.07159766835427497
Def_dec&DB,pha_cya,anomaly,CZ,266,0.14225583843854267
Def_dec&DB,pha_cya,anomaly,DE,289,0.022159191318271286
Def_dec&DB,pis_pin,anomaly,DE,0,NA
Def_dec&DB,pit_bid,anomaly,DE,0,NA
Def_dec&DB,pit_cha,anomaly,AT,161,0.1536383498995024
Def_dec&DB,pit_cha,anomaly,DE,126,-0.045191290679750556
Def_dec&DB,pit_spp,anomaly,AT,253,-0.06282105351167719
Def_dec&DB,pit_spp,anomaly,CZ,153,-0.18029500589119354
Def_dec&DB,pit_spp,anomaly,DE,268,-0.007255008667507603
Def_dec&DB,pol_pol,anomaly,CZ,0,NA
Def_dec&DB,pri_abi,anomaly,CZ,115,0.20321381095201368
Def_dec&DB,pri_abi,anomaly,DE,161,8.580912522391215e-4
Def_dec&DB,sco_int,anomaly,CZ,115,0.08098504156406527
Def_dec&DB,sco_int,anomaly,DE,184,0.03717199216729415
Def_dec&DB,sco_rat,anomaly,CZ,46,-0.13540148521529152
Def_dec&DB,sco_rat,anomaly,DE,184,0.1128821167371
Def_dec&DB,sco_sco,anomaly,DE,0,NA
Def_dec&DB,tet_gab,anomaly,AT,207,0.06410481759748277
Def_dec&DB,tet_gab,anomaly,CZ,266,0.003670357753673735
Def_dec&DB,tet_gab,anomaly,DE,151,-0.00586289675222391
Def_dec&DB,tet_spp,anomaly,DE,0,NA
Def_dec&DB,tha_pit,anomaly,DE,0,NA
Def_dec&DB,tha_pro,anomaly,DE,0,NA
Def_dec&DB,tom_spp,anomaly,AT,345,0.11198518031847182
Def_dec&DB,tom_spp,anomaly,CZ,287,0.04019027482729337
Def_dec&DB,tom_spp,anomaly,DE,310,-0.03527515211763592
Def_dec&DB,tor_vir,anomaly,DE,0,NA
Def_dec&DB,uro_sir_spp,anomaly,DE,0,NA
Def_dec&DB,xyl_lin,anomaly,DE,0,NA
Def_dec&DB,xyl_spp,anomaly,DE,0,NA
Def_dec&DB,zei_gri,anomaly,CZ,23,-0.4280054291552738
Def_dec&DB,zei_gri,anomaly,DE,161,0.11347217602681625
agr_big,agr_vir,anomaly,DE,0,NA
agr_big,bup_pin,anomaly,DE,280,0.006340982558864585
agr_big,bup_pin,anomaly,PL,184,0.2197379373775527
agr_big,den_mic,anomaly,DE,0,NA
agr_big,den_pin,anomaly,DE,280,0.07367403838959856
agr_big,den_pin,anomaly,PL,115,0.1712118372272957
agr_big,dip_sp,anomaly,DE,320,0.026312535511732855
agr_big,dip_sp,anomaly,PL,207,0.21256080937922203
agr_big,era_def,anomaly,DE,0,NA
agr_big,geo_db,anomaly,DE,340,0.15837917218894393
agr_big,geo_db,anomaly,PL,161,-0.012145944424815596
agr_big,ips_acu,anomaly,DE,320,-0.17171653104903517
agr_big,ips_acu,anomaly,PL,161,0.36314135996462776
agr_big,ips_ami,anomaly,DE,0,NA
agr_big,ips_cem,anomaly,DE,0,NA
agr_big,ips_sex,anomaly,DE,0,NA
agr_big,ips_typ,anomaly,DE,340,0.2187208599252916
agr_big,ips_typ,anomaly,PL,253,0.28429251734331135
agr_big,lym_dis,anomaly,DE,0,NA
agr_big,lym_mon,anomaly,DE,320,-0.012913264737314217
agr_big,lym_mon,anomaly,PL,184,0.06462624856757536
agr_big,mel_spp,anomaly,DE,340,0.1286304228208447
agr_big,mel_spp,anomaly,PL,207,0.07035562942117084
agr_big,neo_ser,anomaly,DE,0,NA
agr_big,ope_spp,anomaly,DE,0,NA
agr_big,pan_fla,anomaly,DE,300,0.04065226495084769
agr_big,pan_fla,anomaly,PL,138,0.010997413725244258
agr_big,pha_cya,anomaly,DE,340,0.2754418037358871
agr_big,pha_cya,anomaly,PL,253,0.3788389051914428
agr_big,pis_pin,anomaly,DE,0,NA
agr_big,pit_bid,anomaly,DE,0,NA
agr_big,pit_cha,anomaly,DE,0,NA
agr_big,pit_spp,anomaly,DE,0,NA
agr_big,pri_abi,anomaly,DE,0,NA
agr_big,sco_int,anomaly,DE,0,NA
agr_big,sco_rat,anomaly,DE,0,NA
agr_big,sco_sco,anomaly,DE,0,NA
agr_big,tet_gab,anomaly,DE,0,NA
agr_big,tet_spp,anomaly,DE,0,NA
agr_big,tha_pit,anomaly,DE,0,NA
agr_big,tha_pro,anomaly,DE,0,NA
agr_big,tom_spp,anomaly,DE,280,0.2543030394414722
agr_big,tom_spp,anomaly,PL,253,0.22204561183374721
agr_big,tor_vir,anomaly,DE,340,0.052436396343761474
agr_big,tor_vir,anomaly,PL,230,0.11532388020971825
agr_big,uro_sir_spp,anomaly,DE,0,NA
agr_big,xyl_lin,anomaly,DE,0,NA
agr_big,xyl_spp,anomaly,DE,0,NA
agr_big,zei_gri,anomaly,DE,0,NA
agr_vir,bup_pin,anomaly,DE,0,NA
agr_vir,den_mic,anomaly,DE,0,NA
agr_vir,den_pin,anomaly,DE,0,NA
agr_vir,dip_sp,anomaly,DE,0,NA
agr_vir,era_def,anomaly,DE,0,NA
agr_vir,geo_db,anomaly,DE,0,NA
agr_vir,ips_acu,anomaly,DE,0,NA
agr_vir,ips_ami,anomaly,DE,0,NA
agr_vir,ips_cem,anomaly,DE,0,NA
agr_vir,ips_sex,anomaly,DE,0,NA
agr_vir,ips_typ,anomaly,DE,0,NA
agr_vir,lym_dis,anomaly,DE,0,NA
agr_vir,lym_mon,anomaly,DE,0,NA
agr_vir,mel_spp,anomaly,DE,0,NA
agr_vir,neo_ser,anomaly,DE,0,NA
agr_vir,ope_spp,anomaly,DE,0,NA
agr_vir,pan_fla,anomaly,DE,0,NA
agr_vir,pha_cya,anomaly,DE,0,NA
agr_vir,pis_pin,anomaly,DE,0,NA
agr_vir,pit_bid,anomaly,DE,0,NA
agr_vir,pit_cha,anomaly,DE,0,NA
agr_vir,pit_spp,anomaly,DE,0,NA
agr_vir,pri_abi,anomaly,DE,0,NA
agr_vir,sco_int,anomaly,DE,0,NA
agr_vir,sco_rat,anomaly,DE,0,NA
agr_vir,sco_sco,anomaly,DE,0,NA
agr_vir,tet_gab,anomaly,DE,0,NA
agr_vir,tet_spp,anomaly,DE,0,NA
agr_vir,tha_pit,anomaly,DE,0,NA
agr_vir,tha_pro,anomaly,DE,0,NA
agr_vir,tom_spp,anomaly,DE,0,NA
agr_vir,tor_vir,anomaly,DE,0,NA
agr_vir,uro_sir_spp,anomaly,DE,0,NA
agr_vir,xyl_lin,anomaly,DE,0,NA
agr_vir,xyl_spp,anomaly,DE,0,NA
agr_vir,zei_gri,anomaly,DE,0,NA
bup_pin,den_pin,anomaly,DE,260,0.12080800246354674
bup_pin,den_pin,anomaly,PL,115,0.2601015530895049
bup_pin,dip_sp,anomaly,DE,280,0.11559880093744189
bup_pin,dip_sp,anomaly,PL,161,0.2143562513565969
bup_pin,era_def,anomaly,DE,0,NA
bup_pin,geo_db,anomaly,DE,280,0.10597253668289315
bup_pin,geo_db,anomaly,PL,115,0.07968674799948579
bup_pin,ips_acu,anomaly,DE,260,0.0033731015872992837
bup_pin,ips_acu,anomaly,PL,115,0.22197504315987152
bup_pin,ips_ami,anomaly,DE,0,NA
bup_pin,ips_cem,anomaly,DE,0,NA
bup_pin,ips_sex,anomaly,DE,0,NA
bup_pin,ips_typ,anomaly,DE,280,0.052672099976494594
bup_pin,ips_typ,anomaly,PL,184,0.15602359373434985
bup_pin,lym_dis,anomaly,DE,0,NA
bup_pin,lym_mon,anomaly,DE,280,0.18999494570884912
bup_pin,lym_mon,anomaly,PL,184,0.1258656001202266
bup_pin,mel_spp,anomaly,DE,280,0.07811225460521508
bup_pin,mel_spp,anomaly,PL,161,0.16282835727860182
bup_pin,neo_ser,anomaly,DE,0,NA
bup_pin,ope_spp,anomaly,DE,0,NA
bup_pin,pan_fla,anomaly,DE,280,0.28398828618718014
bup_pin,pan_fla,anomaly,PL,138,0.3759946589237946
bup_pin,pha_cya,anomaly,DE,280,-0.02996396128212217
bup_pin,pha_cya,anomaly,PL,184,0.24697447194374603
bup_pin,pis_pin,anomaly,DE,0,NA
bup_pin,pit_bid,anomaly,DE,0,NA
bup_pin,pit_cha,anomaly,DE,0,NA
bup_pin,pit_spp,anomaly,DE,0,NA
bup_pin,pri_abi,anomaly,DE,0,NA
bup_pin,sco_int,anomaly,DE,0,NA
bup_pin,sco_rat,anomaly,DE,0,NA
bup_pin,sco_sco,anomaly,DE,0,NA
bup_pin,tet_gab,anomaly,DE,0,NA
bup_pin,tet_spp,anomaly,DE,0,NA
bup_pin,tha_pit,anomaly,DE,0,NA
bup_pin,tha_pro,anomaly,DE,0,NA
bup_pin,tom_spp,anomaly,DE,220,-0.0445022991181983
bup_pin,tom_spp,anomaly,PL,184,0.16511746012116812
bup_pin,tor_vir,anomaly,DE,280,0.009502453576641274
bup_pin,tor_vir,anomaly,PL,161,0.06100367281298764
bup_pin,uro_sir_spp,anomaly,DE,0,NA
bup_pin,xyl_lin,anomaly,DE,0,NA
bup_pin,xyl_spp,anomaly,DE,0,NA
bup_pin,zei_gri,anomaly,DE,0,NA
cep_spp,den_mic,anomaly,CZ,0,NA
cep_spp,ips_acu,anomaly,CZ,0,NA
cep_spp,ips_dup,anomaly,CZ,0,NA
cep_spp,ips_sex,anomaly,CZ,0,NA
cep_spp,ips_typ,anomaly,CZ,0,NA
cep_spp,lym_dis,anomaly,CZ,0,NA
cep_spp,lym_mon,anomaly,CZ,0,NA
cep_spp,neo_ser,anomaly,CZ,0,NA
cep_spp,pan_fla,anomaly,CZ,0,NA
cep_spp,pha_cya,anomaly,CZ,0,NA
cep_spp,pit_spp,anomaly,CZ,0,NA
cep_spp,pol_pol,anomaly,CZ,0,NA
cep_spp,pri_abi,anomaly,CZ,0,NA
cep_spp,sco_int,anomaly,CZ,0,NA
cep_spp,sco_rat,anomaly,CZ,0,NA
cep_spp,tet_gab,anomaly,CZ,0,NA
cep_spp,tom_spp,anomaly,CZ,0,NA
cep_spp,zei_gri,anomaly,CZ,0,NA
den_mic,den_pin,anomaly,LT,0,NA
den_mic,dip_sp,anomaly,LT,0,NA
den_mic,era_def,anomaly,DE,0,NA
den_mic,geo_db,anomaly,LT,0,NA
den_mic,ips_acu,anomaly,CZ,23,0.1969612341087133
den_mic,ips_acu,anomaly,LT,23,-0.05502663041383097
den_mic,ips_ami,anomaly,DE,0,NA
den_mic,ips_cem,anomaly,DE,0,NA
den_mic,ips_dup,anomaly,CZ,0,NA
den_mic,ips_sex,anomaly,CZ,0,NA
den_mic,ips_typ,anomaly,CZ,46,-0.06433582635367979
den_mic,ips_typ,anomaly,DE,46,-0.20895962603544205
den_mic,ips_typ,anomaly,LT,46,-0.05224873046283951
den_mic,lym_dis,anomaly,LT,0,NA
den_mic,lym_mon,anomaly,LT,0,NA
den_mic,ope_spp,anomaly,DE,0,NA
den_mic,pan_fla,anomaly,LT,0,NA
den_mic,pha_cya,anomaly,CZ,46,-0.18424487982494997
den_mic,pha_cya,anomaly,DE,46,-0.058526484713549154
den_mic,pha_cya,anomaly,LT,46,-0.13408731992967377
den_mic,pis_pin,anomaly,LT,0,NA
den_mic,pit_cha,anomaly,DE,23,0.3400944859982978
den_mic,pit_cha,anomaly,LT,23,0.022198437572719186
den_mic,pit_spp,anomaly,CZ,0,NA
den_mic,pol_pol,anomaly,CZ,23,-0.0011429612945567556
den_mic,pol_pol,anomaly,LT,23,-0.09682018299406339
den_mic,pri_abi,anomaly,CZ,0,NA
den_mic,sco_int,anomaly,CZ,23,-0.30991110684246226
den_mic,sco_int,anomaly,DE,23,0.03574944306196061
den_mic,sco_rat,anomaly,CZ,23,0.28392732546055843
den_mic,sco_rat,anomaly,LT,23,-0.13626630014530286
den_mic,sco_sco,anomaly,DE,23,-0.07671054914400814
den_mic,sco_sco,anomaly,LT,23,-0.23465054914899064
den_mic,tet_gab,anomaly,DE,0,NA
den_mic,tet_spp,anomaly,DE,0,NA
den_mic,tha_pro,anomaly,DE,0,NA
den_mic,tom_spp,anomaly,CZ,46,0.04226197547038913
den_mic,tom_spp,anomaly,DE,46,0.016799089349246968
den_mic,tom_spp,anomaly,LT,46,-0.19735050004960303
den_mic,tor_vir,anomaly,DE,23,0.015520589881550043
den_mic,tor_vir,anomaly,LT,23,0.01582352045130333
den_mic,uro_sir_spp,anomaly,DE,0,NA
den_mic,xyl_lin,anomaly,DE,0,NA
den_mic,xyl_spp,anomaly,DE,0,NA
den_mic,zei_gri,anomaly,CZ,0,NA
den_pin,dip_sp,anomaly,DE,303,0.17377874506055116
den_pin,dip_sp,anomaly,LT,395,0.21265278851617309
den_pin,dip_sp,anomaly,PL,138,0.23011420742116254
den_pin,era_def,anomaly,DE,0,NA
den_pin,geo_db,anomaly,DE,303,0.046380366126417424
den_pin,geo_db,anomaly,LT,372,0.11088594428281935
den_pin,geo_db,anomaly,PL,115,0.12727643764751403
den_pin,ips_acu,anomaly,DE,283,0.058556107042888654
den_pin,ips_acu,anomaly,LT,352,0.07327187239418548
den_pin,ips_acu,anomaly,PL,115,0.11596327299583095
den_pin,ips_ami,anomaly,DE,0,NA
den_pin,ips_cem,anomaly,DE,0,NA
den_pin,ips_sex,anomaly,DE,0,NA
den_pin,ips_typ,anomaly,DE,303,0.14835309125995177
den_pin,ips_typ,anomaly,LT,395,0.1501538697120452
den_pin,ips_typ,anomaly,PL,138,0.09348851878840754
den_pin,lym_dis,anomaly,DE,23,0.35431749494758746
den_pin,lym_dis,anomaly,LT,92,0.03923196243254585
den_pin,lym_mon,anomaly,DE,303,0.24549289041096398
den_pin,lym_mon,anomaly,LT,418,0.3475894128583308
den_pin,lym_mon,anomaly,PL,161,0.40735675476859873
den_pin,mel_spp,anomaly,DE,280,0.08279740491713936
den_pin,mel_spp,anomaly,PL,92,0.03018703319229816
den_pin,neo_ser,anomaly,DE,0,NA
den_pin,ope_spp,anomaly,DE,0,NA
den_pin,pan_fla,anomaly,DE,303,0.239720576149242
den_pin,pan_fla,anomaly,LT,372,0.27536336503043274
den_pin,pan_fla,anomaly,PL,115,0.3197087293844893
den_pin,pha_cya,anomaly,DE,303,-0.0731680160812134
den_pin,pha_cya,anomaly,LT,395,0.0026762953270718865
den_pin,pha_cya,anomaly,PL,138,0.05501364128952102
den_pin,pis_pin,anomaly,DE,23,0.13629305422543622
den_pin,pis_pin,anomaly,LT,115,0.04867092087728955
den_pin,pit_bid,anomaly,DE,0,NA
den_pin,pit_cha,anomaly,DE,23,0.15517447244160862
den_pin,pit_cha,anomaly,LT,115,0.07602663336834574
den_pin,pol_pol,anomaly,LT,0,NA
den_pin,pri_abi,anomaly,DE,0,NA
den_pin,sco_int,anomaly,DE,0,NA
den_pin,sco_rat,anomaly,DE,23,0.041903679236065715
den_pin,sco_rat,anomaly,LT,69,0.3317400264671228
den_pin,sco_sco,anomaly,DE,23,-0.07988781267319087
den_pin,sco_sco,anomaly,LT,69,0.14290346353047476
den_pin,tet_gab,anomaly,DE,0,NA
den_pin,tet_spp,anomaly,DE,0,NA
den_pin,tha_pit,anomaly,DE,0,NA
den_pin,tha_pro,anomaly,DE,0,NA
den_pin,tom_spp,anomaly,DE,243,0.007839567978014893
den_pin,tom_spp,anomaly,LT,335,0.05303111902124138
den_pin,tom_spp,anomaly,PL,138,0.11076423268408217
den_pin,tor_vir,anomaly,DE,303,0.00826105344909738
den_pin,tor_vir,anomaly,LT,395,0.08505668470898756
den_pin,tor_vir,anomaly,PL,138,0.17739968412120555
den_pin,uro_sir_spp,anomaly,DE,0,NA
den_pin,xyl_lin,anomaly,DE,0,NA
den_pin,xyl_spp,anomaly,DE,0,NA
den_pin,zei_gri,anomaly,DE,0,NA
dip_sp,era_def,anomaly,DE,0,NA
dip_sp,geo_db,anomaly,DE,343,-0.01408142115425003
dip_sp,geo_db,anomaly,LT,481,0.008494229795908623
dip_sp,geo_db,anomaly,PL,184,0.001532918958800554
dip_sp,ips_acu,anomaly,DE,323,-0.048012760904903265
dip_sp,ips_acu,anomaly,LT,461,0.03812845399875364
dip_sp,ips_acu,anomaly,PL,184,0.029564077615753886
dip_sp,ips_ami,anomaly,DE,0,NA
dip_sp,ips_cem,anomaly,DE,0,NA
dip_sp,ips_sex,anomaly,DE,0,NA
dip_sp,ips_typ,anomaly,AT,550,0.07934683970925473
dip_sp,ips_typ,anomaly,DE,448,-0.031043217707571805
dip_sp,ips_typ,anomaly,LT,632,0.03836743564137835
dip_sp,ips_typ,anomaly,PL,335,0.09133244941340922
dip_sp,lym_dis,anomaly,AT,207,5.218410392585264e-4
dip_sp,lym_dis,anomaly,DE,107,0.3620119669522729
dip_sp,lym_dis,anomaly,LT,268,0.07274162176785735
dip_sp,lym_mon,anomaly,DE,343,0.07713318193057368
dip_sp,lym_mon,anomaly,LT,481,0.08655658583007778
dip_sp,lym_mon,anomaly,PL,184,0.07988296105178305
dip_sp,mel_spp,anomaly,DE,320,0.07313524573024069
dip_sp,mel_spp,anomaly,PL,184,0.0795397878866614
dip_sp,neo_ser,anomaly,DE,0,NA
dip_sp,ope_spp,anomaly,DE,0,NA
dip_sp,pan_fla,anomaly,DE,323,0.2218397848656073
dip_sp,pan_fla,anomaly,LT,438,0.15391602427684392
dip_sp,pan_fla,anomaly,PL,161,-0.025521798994849017
dip_sp,pha_cya,anomaly,AT,550,0.035943318461878995
dip_sp,pha_cya,anomaly,DE,448,0.0035525153076376137
dip_sp,pha_cya,anomaly,LT,632,0.03930004923142704
dip_sp,pha_cya,anomaly,PL,335,0.038970492524928554
dip_sp,pis_pin,anomaly,DE,23,-0.1894700680934545
dip_sp,pis_pin,anomaly,LT,161,0.05000919973998638
dip_sp,pit_bid,anomaly,DE,0,NA
dip_sp,pit_cha,anomaly,AT,230,0.14957549000724107
dip_sp,pit_cha,anomaly,DE,128,-0.16808719255389223
dip_sp,pit_cha,anomaly,LT,312,0.1024023502442607
dip_sp,pit_spp,anomaly,AT,69,0.17091516341037405
dip_sp,pit_spp,anomaly,DE,84,-0.021268798214509287
dip_sp,pol_pol,anomaly,LT,0,NA
dip_sp,pri_abi,anomaly,DE,0,NA
dip_sp,sco_int,anomaly,DE,0,NA
dip_sp,sco_rat,anomaly,DE,23,-0.4710289548234696
dip_sp,sco_rat,anomaly,LT,69,0.3288114819194085
dip_sp,sco_sco,anomaly,DE,23,0.032595878334274325
dip_sp,sco_sco,anomaly,LT,92,-0.01589194318682993
dip_sp,tet_gab,anomaly,AT,161,0.07846900311401651
dip_sp,tet_gab,anomaly,DE,84,-0.1709667730074362
dip_sp,tet_spp,anomaly,DE,0,NA
dip_sp,tha_pit,anomaly,DE,0,NA
dip_sp,tha_pro,anomaly,DE,0,NA
dip_sp,tom_spp,anomaly,AT,490,-0.011286723045532509
dip_sp,tom_spp,anomaly,DE,388,-0.012697323506102337
dip_sp,tom_spp,anomaly,LT,572,0.015488357371269287
dip_sp,tom_spp,anomaly,PL,335,0.011787504243028976
dip_sp,tor_vir,anomaly,DE,343,0.06490147275763183
dip_sp,tor_vir,anomaly,LT,527,0.07040005704008036
dip_sp,tor_vir,anomaly,PL,230,0.020088491913377547
dip_sp,uro_sir_spp,anomaly,DE,0,NA
dip_sp,xyl_lin,anomaly,DE,0,NA
dip_sp,xyl_spp,anomaly,DE,0,NA
dip_sp,zei_gri,anomaly,DE,0,NA
era_def,geo_db,anomaly,DE,0,NA
era_def,ips_acu,anomaly,DE,0,NA
era_def,ips_ami,anomaly,DE,0,NA
era_def,ips_cem,anomaly,DE,0,NA
era_def,ips_sex,anomaly,DE,0,NA
era_def,ips_typ,anomaly,DE,0,NA
era_def,lym_dis,anomaly,DE,0,NA
era_def,lym_mon,anomaly,DE,0,NA
era_def,mel_spp,anomaly,DE,0,NA
era_def,neo_ser,anomaly,DE,0,NA
era_def,ope_spp,anomaly,DE,0,NA
era_def,pan_fla,anomaly,DE,0,NA
era_def,pha_cya,anomaly,DE,0,NA
era_def,pis_pin,anomaly,DE,0,NA
era_def,pit_bid,anomaly,DE,0,NA
era_def,pit_cha,anomaly,DE,0,NA
era_def,pit_spp,anomaly,DE,0,NA
era_def,pri_abi,anomaly,DE,0,NA
era_def,sco_int,anomaly,DE,0,NA
era_def,sco_rat,anomaly,DE,0,NA
era_def,sco_sco,anomaly,DE,0,NA
era_def,tet_gab,anomaly,DE,0,NA
era_def,tet_spp,anomaly,DE,0,NA
era_def,tha_pit,anomaly,DE,0,NA
era_def,tha_pro,anomaly,DE,0,NA
era_def,tom_spp,anomaly,DE,0,NA
era_def,tor_vir,anomaly,DE,0,NA
era_def,uro_sir_spp,anomaly,DE,0,NA
era_def,xyl_lin,anomaly,DE,0,NA
era_def,xyl_spp,anomaly,DE,0,NA
geo_db,ips_acu,anomaly,BG,458,-0.17156864916669176
geo_db,ips_acu,anomaly,DE,361,-0.11571152531572304
geo_db,ips_acu,anomaly,LT,453,-0.18525566184317502
geo_db,ips_acu,anomaly,PL,156,-0.09875720068451867
geo_db,ips_ami,anomaly,DE,0,NA
geo_db,ips_cem,anomaly,DE,0,NA
geo_db,ips_dup,anomaly,RO,0,NA
geo_db,ips_sex,anomaly,BG,138,-0.15711484179218244
geo_db,ips_sex,anomaly,DE,18,0.37677264549129225
geo_db,ips_typ,anomaly,BG,569,0.04424017638953289
geo_db,ips_typ,anomaly,DE,426,0.06816740599978095
geo_db,ips_typ,anomaly,HR,564,0.05195905323067653
geo_db,ips_typ,anomaly,LT,564,0.039480141412439
geo_db,ips_typ,anomaly,PL,247,0.027378598838918248
geo_db,ips_typ,anomaly,RO,565,0.050474550753341875
geo_db,lym_dis,anomaly,BG,207,-0.059677378892051436
geo_db,lym_dis,anomaly,DE,87,-0.06404867062469448
geo_db,lym_dis,anomaly,HR,202,-0.06832979262993644
geo_db,lym_dis,anomaly,LT,202,-0.07490045465185487
geo_db,lym_dis,anomaly,RO,202,-0.0431608054732316
geo_db,lym_mon,anomaly,DE,343,0.04548867503604366
geo_db,lym_mon,anomaly,LT,435,0.03652869851657381
geo_db,lym_mon,anomaly,PL,138,-0.09712657774698995
geo_db,mel_spp,anomaly,DE,340,0.057703431169793415
geo_db,mel_spp,anomaly,PL,138,-0.09037326085811306
geo_db,neo_ser,anomaly,BG,23,-0.030986039125746007
geo_db,neo_ser,anomaly,DE,18,0.027174770001848834
geo_db,ope_spp,anomaly,DE,0,NA
geo_db,pan_fla,anomaly,DE,323,-0.011952468869212439
geo_db,pan_fla,anomaly,LT,392,-0.002780803100392976
geo_db,pan_fla,anomaly,PL,115,-0.05246643119168467
geo_db,pha_cya,anomaly,DE,363,0.024551720717158908
geo_db,pha_cya,anomaly,LT,501,0.002876872759393478
geo_db,pha_cya,anomaly,PL,184,0.05713203075721772
geo_db,pis_pin,anomaly,DE,23,-0.09719574251435809
geo_db,pis_pin,anomaly,LT,115,0.02090517587105867
geo_db,pit_bid,anomaly,DE,0,NA
geo_db,pit_cha,anomaly,DE,23,-0.010649132975768784
geo_db,pit_cha,anomaly,LT,161,-0.006697916851765949
geo_db,pit_spp,anomaly,DE,23,0.0820994454463653
geo_db,pit_spp,anomaly,HR,69,-0.01959310865469139
geo_db,pol_pol,anomaly,LT,0,NA
geo_db,pri_abi,anomaly,DE,0,NA
geo_db,sco_int,anomaly,DE,0,NA
geo_db,sco_rat,anomaly,DE,23,0.061196188745750474
geo_db,sco_rat,anomaly,LT,46,0.2141330954072182
geo_db,sco_sco,anomaly,DE,23,-0.08701706978263035
geo_db,sco_sco,anomaly,LT,69,-0.058984026260674616
geo_db,tet_gab,anomaly,DE,0,NA
geo_db,tet_spp,anomaly,DE,0,NA
geo_db,tha_pit,anomaly,BG,46,0.20103018468485356
geo_db,tha_pit,anomaly,DE,41,0.2517512361908663
geo_db,tha_pit,anomaly,HR,41,0.2300565755379333
geo_db,tha_pro,anomaly,DE,0,NA
geo_db,tom_spp,anomaly,DE,303,0.03939993981206548
geo_db,tom_spp,anomaly,LT,441,-0.01432896562329121
geo_db,tom_spp,anomaly,PL,184,-0.06599536897546526
geo_db,tor_vir,anomaly,BG,547,0.09098487424791735
geo_db,tor_vir,anomaly,DE,404,0.16143664835309676
geo_db,tor_vir,anomaly,LT,542,0.08888372370673565
geo_db,tor_vir,anomaly,PL,225,0.09540676467096336
geo_db,tor_vir,anomaly,RO,542,0.10794758703444204
geo_db,uro_sir_spp,anomaly,DE,0,NA
geo_db,xyl_lin,anomaly,DE,0,NA
geo_db,xyl_spp,anomaly,DE,0,NA
geo_db,zei_gri,anomaly,DE,0,NA
ips_acu,ips_ami,anomaly,DE,0,NA
ips_acu,ips_cem,anomaly,DE,0,NA
ips_acu,ips_dup,anomaly,CZ,21,0.1427934494457939
ips_acu,ips_dup,anomaly,SK,184,0.12520397468756284
ips_acu,ips_sex,anomaly,BG,322,0.2850709130904602
ips_acu,ips_sex,anomaly,CZ,156,0.37639113286508297
ips_acu,ips_sex,anomaly,DE,202,0.2539625025611362
ips_acu,ips_typ,anomaly,BG,710,0.169386357708873
ips_acu,ips_typ,anomaly,CZ,544,0.17070951585627014
ips_acu,ips_typ,anomaly,DE,567,0.10930420096323647
ips_acu,ips_typ,anomaly,LT,705,0.1508271821912209
ips_acu,ips_typ,anomaly,PL,408,0.274656525534468
ips_acu,ips_typ,anomaly,SK,706,0.16494613005282366
ips_acu,lym_dis,anomaly,BG,344,0.11781004885212071
ips_acu,lym_dis,anomaly,CZ,224,0.15604291470922055
ips_acu,lym_dis,anomaly,DE,201,-0.04462746648906523
ips_acu,lym_dis,anomaly,LT,339,0.07879701934457387
ips_acu,lym_dis,anomaly,SK,340,0.12648932712957311
ips_acu,lym_mon,anomaly,CZ,438,0.001371162584735046
ips_acu,lym_mon,anomaly,DE,461,-0.0066176187978327925
ips_acu,lym_mon,anomaly,LT,553,0.062600236558522
ips_acu,lym_mon,anomaly,PL,276,-0.004812238158381638
ips_acu,mel_spp,anomaly,DE,320,-0.06924369966341946
ips_acu,mel_spp,anomaly,PL,138,0.05005001330892814
ips_acu,neo_ser,anomaly,BG,92,-0.08873568543224233
ips_acu,neo_ser,anomaly,CZ,64,-0.1366995803365335
ips_acu,neo_ser,anomaly,DE,64,-0.2383947280617292
ips_acu,ope_spp,anomaly,DE,0,NA
ips_acu,pan_fla,anomaly,CZ,418,0.010534628526733493
ips_acu,pan_fla,anomaly,DE,326,-0.021332893632246462
ips_acu,pan_fla,anomaly,LT,418,0.030490968107487797
ips_acu,pan_fla,anomaly,PL,161,0.11394970770861321
ips_acu,pha_cya,anomaly,CZ,504,0.029470065022127026
ips_acu,pha_cya,anomaly,DE,527,0.003676917647153268
ips_acu,pha_cya,anomaly,LT,665,0.0988981551409294
ips_acu,pha_cya,anomaly,PL,368,0.3238778054169278
ips_acu,pis_pin,anomaly,DE,23,0.5450149134731341
ips_acu,pis_pin,anomaly,LT,138,0.311985090421138
ips_acu,pit_bid,anomaly,DE,0,NA
ips_acu,pit_cha,anomaly,DE,45,0.4143232676698721
ips_acu,pit_cha,anomaly,LT,183,0.2006122891693775
ips_acu,pit_cha,anomaly,SK,184,0.3569433421831907
ips_acu,pit_spp,anomaly,CZ,46,-0.08151885339779039
ips_acu,pit_spp,anomaly,DE,184,0.12676577056860033
ips_acu,pol_pol,anomaly,CZ,23,0.6811894009563569
ips_acu,pol_pol,anomaly,LT,184,0.16710267739066947
ips_acu,pri_abi,anomaly,CZ,115,-0.12495639368055171
ips_acu,pri_abi,anomaly,DE,161,-0.015563553868764103
ips_acu,sco_int,anomaly,CZ,138,0.3345960462952428
ips_acu,sco_int,anomaly,DE,184,0.18117866011859657
ips_acu,sco_rat,anomaly,CZ,92,0.3742805937236426
ips_acu,sco_rat,anomaly,DE,207,0.28048205376635077
ips_acu,sco_rat,anomaly,LT,253,0.19492336291340753
ips_acu,sco_sco,anomaly,DE,23,-0.5168331339584228
ips_acu,sco_sco,anomaly,LT,92,0.17476016474152345
ips_acu,tet_gab,anomaly,CZ,138,0.2817498098962355
ips_acu,tet_gab,anomaly,DE,46,-0.0880527122440333
ips_acu,tet_spp,anomaly,DE,0,NA
ips_acu,tha_pit,anomaly,BG,23,0.2061370891685748
ips_acu,tha_pit,anomaly,DE,18,0.5836790478052651
ips_acu,tha_pro,anomaly,DE,0,NA
ips_acu,tom_spp,anomaly,CZ,444,0.17881104104490866
ips_acu,tom_spp,anomaly,DE,467,0.09135563562932063
ips_acu,tom_spp,anomaly,LT,605,0.18888874776584005
ips_acu,tom_spp,anomaly,PL,368,0.42820219711892593
ips_acu,tor_vir,anomaly,BG,504,0.09054982717384169
ips_acu,tor_vir,anomaly,DE,361,0.12599934299709223
ips_acu,tor_vir,anomaly,LT,499,0.09180738415661066
ips_acu,tor_vir,anomaly,PL,202,0.12872618304262767
ips_acu,uro_sir_spp,anomaly,DE,0,NA
ips_acu,xyl_lin,anomaly,DE,0,NA
ips_acu,xyl_spp,anomaly,DE,0,NA
ips_acu,zei_gri,anomaly,CZ,23,0.13408061645568256
ips_acu,zei_gri,anomaly,DE,161,0.1490904070770836
ips_ami,ips_cem,anomaly,DE,0,NA
ips_ami,ips_sex,anomaly,DE,0,NA
ips_ami,ips_typ,anomaly,DE,0,NA
ips_ami,lym_dis,anomaly,DE,0,NA
ips_ami,lym_mon,anomaly,DE,0,NA
ips_ami,mel_spp,anomaly,DE,0,NA
ips_ami,ope_spp,anomaly,DE,0,NA
ips_ami,pan_fla,anomaly,DE,0,NA
ips_ami,pha_cya,anomaly,DE,0,NA
ips_ami,pis_pin,anomaly,DE,0,NA
ips_ami,pit_bid,anomaly,DE,0,NA
ips_ami,pit_cha,anomaly,DE,0,NA
ips_ami,pri_abi,anomaly,DE,0,NA
ips_ami,sco_int,anomaly,DE,0,NA
ips_ami,sco_rat,anomaly,DE,0,NA
ips_ami,sco_sco,anomaly,DE,0,NA
ips_ami,tet_gab,anomaly,DE,0,NA
ips_ami,tet_spp,anomaly,DE,0,NA
ips_ami,tha_pit,anomaly,DE,0,NA
ips_ami,tha_pro,anomaly,DE,0,NA
ips_ami,tom_spp,anomaly,DE,0,NA
ips_ami,tor_vir,anomaly,DE,0,NA
ips_ami,uro_sir_spp,anomaly,DE,0,NA
ips_ami,xyl_lin,anomaly,DE,0,NA
ips_ami,xyl_spp,anomaly,DE,0,NA
ips_cem,ips_sex,anomaly,DE,0,NA
ips_cem,ips_typ,anomaly,DE,0,NA
ips_cem,lym_dis,anomaly,DE,0,NA
ips_cem,lym_mon,anomaly,DE,0,NA
ips_cem,mel_spp,anomaly,DE,0,NA
ips_cem,neo_ser,anomaly,DE,0,NA
ips_cem,ope_spp,anomaly,DE,0,NA
ips_cem,pan_fla,anomaly,DE,0,NA
ips_cem,pha_cya,anomaly,DE,0,NA
ips_cem,pis_pin,anomaly,DE,0,NA
ips_cem,pit_bid,anomaly,DE,0,NA
ips_cem,pit_cha,anomaly,DE,0,NA
ips_cem,pit_spp,anomaly,DE,0,NA
ips_cem,pri_abi,anomaly,DE,0,NA
ips_cem,sco_int,anomaly,DE,0,NA
ips_cem,sco_rat,anomaly,DE,0,NA
ips_cem,sco_sco,anomaly,DE,0,NA
ips_cem,tet_gab,anomaly,DE,0,NA
ips_cem,tet_spp,anomaly,DE,0,NA
ips_cem,tha_pit,anomaly,DE,0,NA
ips_cem,tha_pro,anomaly,DE,0,NA
ips_cem,tom_spp,anomaly,DE,0,NA
ips_cem,tor_vir,anomaly,DE,0,NA
ips_cem,uro_sir_spp,anomaly,DE,0,NA
ips_cem,xyl_lin,anomaly,DE,0,NA
ips_cem,xyl_spp,anomaly,DE,0,NA
ips_cem,zei_gri,anomaly,DE,0,NA
ips_dup,ips_sex,anomaly,CZ,0,NA
ips_dup,ips_typ,anomaly,CZ,43,0.15001357582381028
ips_dup,ips_typ,anomaly,RO,205,0.27131383083071603
ips_dup,ips_typ,anomaly,SK,206,0.17468697026251942
ips_dup,lym_dis,anomaly,CZ,43,-0.2607674009395162
ips_dup,lym_dis,anomaly,RO,159,-0.054415268658661246
ips_dup,lym_dis,anomaly,SK,160,-0.04190377364383567
ips_dup,lym_mon,anomaly,CZ,0,NA
ips_dup,neo_ser,anomaly,CZ,0,NA
ips_dup,pan_fla,anomaly,CZ,0,NA
ips_dup,pha_cya,anomaly,CZ,0,NA
ips_dup,pit_cha,anomaly,SK,0,NA
ips_dup,pit_spp,anomaly,CZ,0,NA
ips_dup,pol_pol,anomaly,CZ,0,NA
ips_dup,pri_abi,anomaly,CZ,0,NA
ips_dup,sco_int,anomaly,CZ,0,NA
ips_dup,sco_rat,anomaly,CZ,0,NA
ips_dup,tet_gab,anomaly,CZ,0,NA
ips_dup,tom_spp,anomaly,CZ,0,NA
ips_dup,tor_vir,anomaly,RO,0,NA
ips_dup,zei_gri,anomaly,CZ,0,NA
ips_sex,ips_typ,anomaly,BG,368,0.36377075564564554
ips_sex,ips_typ,anomaly,CZ,202,0.3416186019522178
ips_sex,ips_typ,anomaly,DE,202,0.2872028541471304
ips_sex,lym_dis,anomaly,BG,299,0.08901185049693339
ips_sex,lym_dis,anomaly,CZ,179,0.030199290091289417
ips_sex,lym_dis,anomaly,DE,156,0.0027753364102632715
ips_sex,lym_mon,anomaly,CZ,138,0.055984323993723176
ips_sex,lym_mon,anomaly,DE,138,0.006037396532620061
ips_sex,mel_spp,anomaly,DE,0,NA
ips_sex,neo_ser,anomaly,BG,92,0.10480527659653704
ips_sex,neo_ser,anomaly,CZ,64,0.07992009179599033
ips_sex,neo_ser,anomaly,DE,64,0.1270667657236303
ips_sex,ope_spp,anomaly,DE,0,NA
ips_sex,pan_fla,anomaly,CZ,92,0.07262304432336751
ips_sex,pan_fla,anomaly,DE,23,0.6608102583842649
ips_sex,pha_cya,anomaly,CZ,184,0.3809233440326247
ips_sex,pha_cya,anomaly,DE,184,0.4660404258498839
ips_sex,pis_pin,anomaly,DE,0,NA
ips_sex,pit_bid,anomaly,DE,0,NA
ips_sex,pit_cha,anomaly,DE,0,NA
ips_sex,pit_spp,anomaly,CZ,69,0.1200158474262904
ips_sex,pit_spp,anomaly,DE,184,0.1866665020107209
ips_sex,pol_pol,anomaly,CZ,0,NA
ips_sex,pri_abi,anomaly,CZ,161,-0.010810247614438795
ips_sex,pri_abi,anomaly,DE,161,-0.0957551927772576
ips_sex,sco_int,anomaly,CZ,161,0.27119749193458276
ips_sex,sco_int,anomaly,DE,184,0.09567542317516166
ips_sex,sco_rat,anomaly,CZ,69,0.4301095413589766
ips_sex,sco_rat,anomaly,DE,184,0.08402693483793881
ips_sex,sco_sco,anomaly,DE,0,NA
ips_sex,tet_gab,anomaly,CZ,161,0.2137214394840692
ips_sex,tet_gab,anomaly,DE,46,-0.16917926824697344
ips_sex,tet_spp,anomaly,DE,0,NA
ips_sex,tha_pit,anomaly,BG,23,0.2327032224271212
ips_sex,tha_pit,anomaly,DE,18,0.2961685514292745
ips_sex,tha_pro,anomaly,DE,0,NA
ips_sex,tom_spp,anomaly,CZ,184,0.29741319804998284
ips_sex,tom_spp,anomaly,DE,184,0.4484430559483348
ips_sex,tor_vir,anomaly,BG,161,-0.0015374203412366753
ips_sex,tor_vir,anomaly,DE,18,0.1296087487195074
ips_sex,uro_sir_spp,anomaly,DE,0,NA
ips_sex,xyl_lin,anomaly,DE,0,NA
ips_sex,xyl_spp,anomaly,DE,0,NA
ips_sex,zei_gri,anomaly,CZ,23,0.15186536339271106
ips_sex,zei_gri,anomaly,DE,161,0.04024703590438685
ips_typ,lym_dis,anomaly,AT,496,0.2484225890237091
ips_typ,lym_dis,anomaly,BG,604,0.20350237602913265
ips_typ,lym_dis,anomaly,CZ,484,0.17107603259128315
ips_typ,lym_dis,anomaly,DE,415,0.18588753831768196
ips_typ,lym_dis,anomaly,HR,599,0.20837964501054074
ips_typ,lym_dis,anomaly,HU,599,0.19302417183595436
ips_typ,lym_dis,anomaly,LT,599,0.20820347203715545
ips_typ,lym_dis,anomaly,RO,600,0.21577631578727421
ips_typ,lym_dis,anomaly,RS,602,0.21515376462333324
ips_typ,lym_dis,anomaly,SK,600,0.2340815999850329
ips_typ,lym_mon,anomaly,CZ,527,0.0034457971761535033
ips_typ,lym_mon,anomaly,DE,481,0.0031331024780056555
ips_typ,lym_mon,anomaly,LT,642,0.018871450434640023
ips_typ,lym_mon,anomaly,PL,345,-0.006796764556936677
ips_typ,mel_spp,anomaly,DE,340,0.02245193493790972
ips_typ,mel_spp,anomaly,PL,207,-0.03941066295219121
ips_typ,neo_ser,anomaly,BG,92,-0.002406923858685866
ips_typ,neo_ser,anomaly,CZ,64,-0.08219093960603269
ips_typ,neo_ser,anomaly,DE,64,-0.20816090830663575
ips_typ,ope_spp,anomaly,DE,0,NA
ips_typ,pan_fla,anomaly,CZ,461,0.15286154398807927
ips_typ,pan_fla,anomaly,DE,346,0.16383098096324228
ips_typ,pan_fla,anomaly,LT,461,0.16924430579724795
ips_typ,pan_fla,anomaly,PL,184,0.19674194950995064
ips_typ,pha_cya,anomaly,AT,800,0.33664739407343114
ips_typ,pha_cya,anomaly,CZ,763,0.30947027768737123
ips_typ,pha_cya,anomaly,DE,694,0.22129864178780767
ips_typ,pha_cya,anomaly,LT,924,0.30823027345676024
ips_typ,pha_cya,anomaly,PL,607,0.39776484498797454
ips_typ,pis_pin,anomaly,DE,23,-0.03805795063528899
ips_typ,pis_pin,anomaly,LT,161,0.3234437724200012
ips_typ,pit_bid,anomaly,DE,0,NA
ips_typ,pit_cha,anomaly,AT,344,0.62061699908346
ips_typ,pit_cha,anomaly,DE,280,0.45623422977937195
ips_typ,pit_cha,anomaly,IT,510,0.6512675686482575
ips_typ,pit_cha,anomaly,LT,510,0.6346138173365432
ips_typ,pit_cha,anomaly,SI,510,0.6198401387573486
ips_typ,pit_cha,anomaly,SK,511,0.6314804012649768
ips_typ,pit_spp,anomaly,AT,322,0.258259476171451
ips_typ,pit_spp,anomaly,CZ,285,0.3055713000557353
ips_typ,pit_spp,anomaly,DE,377,0.3478688501588576
ips_typ,pit_spp,anomaly,HR,446,0.3221692294159773
ips_typ,pit_spp,anomaly,SI,446,0.33379318235055927
ips_typ,pol_pol,anomaly,CZ,23,0.49430970225953963
ips_typ,pol_pol,anomaly,LT,184,0.12001499932766335
ips_typ,pri_abi,anomaly,CZ,184,-0.0960920741911892
ips_typ,pri_abi,anomaly,DE,161,-0.22297834410182604
ips_typ,sco_int,anomaly,CZ,184,0.236939064172664
ips_typ,sco_int,anomaly,DE,184,0.014051186503461587
ips_typ,sco_rat,anomaly,CZ,92,0.3290305854056357
ips_typ,sco_rat,anomaly,DE,207,0.14534036941470785
ips_typ,sco_rat,anomaly,LT,253,0.2368021057807173
ips_typ,sco_sco,anomaly,DE,23,-0.2870975603952428
ips_typ,sco_sco,anomaly,LT,115,0.10756895658589685
ips_typ,tet_gab,anomaly,AT,253,0.2083798943496646
ips_typ,tet_gab,anomaly,CZ,333,0.21989937175016025
ips_typ,tet_gab,anomaly,DE,172,0.01228845329662241
ips_typ,tet_spp,anomaly,DE,0,NA
ips_typ,tha_pit,anomaly,BG,46,0.09161151137489465
ips_typ,tha_pit,anomaly,DE,41,-0.44028847908291874
ips_typ,tha_pit,anomaly,HR,41,0.237801514641311
ips_typ,tha_pro,anomaly,DE,0,NA
ips_typ,tom_spp,anomaly,AT,740,0.3032248351368803
ips_typ,tom_spp,anomaly,CZ,724,0.23306987797595724
ips_typ,tom_spp,anomaly,DE,655,0.3293802066324839
ips_typ,tom_spp,anomaly,LT,885,0.30418819181968815
ips_typ,tom_spp,anomaly,PL,628,0.35787792466452323
ips_typ,tor_vir,anomaly,BG,615,0.12477942915766715
ips_typ,tor_vir,anomaly,DE,403,0.1034988929087678
ips_typ,tor_vir,anomaly,LT,610,0.1371843029789152
ips_typ,tor_vir,anomaly,PL,293,0.20345171458012154
ips_typ,tor_vir,anomaly,RO,611,0.15094689558359314
ips_typ,uro_sir_spp,anomaly,DE,0,NA
ips_typ,xyl_lin,anomaly,DE,0,NA
ips_typ,xyl_spp,anomaly,DE,0,NA
ips_typ,zei_gri,anomaly,CZ,23,-0.09126125992415368
ips_typ,zei_gri,anomaly,DE,161,0.010195222534641762
lym_dis,lym_mon,anomaly,CZ,184,0.041079518583766114
lym_dis,lym_mon,anomaly,DE,138,0.0029309539862019756
lym_dis,lym_mon,anomaly,LT,276,0.05411852442078857
lym_dis,mel_spp,anomaly,DE,0,NA
lym_dis,neo_ser,anomaly,BG,69,0.08172684215498058
lym_dis,neo_ser,anomaly,CZ,64,0.07281713243642397
lym_dis,neo_ser,anomaly,DE,41,-0.03531857118030451
lym_dis,ope_spp,anomaly,DE,0,NA
lym_dis,pan_fla,anomaly,CZ,161,0.15210830227835592
lym_dis,pan_fla,anomaly,DE,46,0.2521101888362788
lym_dis,pan_fla,anomaly,LT,161,0.23172892607354476
lym_dis,pha_cya,anomaly,AT,368,0.1698701239244923
lym_dis,pha_cya,anomaly,CZ,356,0.19058780075167092
lym_dis,pha_cya,anomaly,DE,287,0.14130518465236103
lym_dis,pha_cya,anomaly,LT,471,0.16915601671660946
lym_dis,pis_pin,anomaly,DE,23,0.2098103148236819
lym_dis,pis_pin,anomaly,LT,138,0.2561152153733346
lym_dis,pit_bid,anomaly,DE,0,NA
lym_dis,pit_cha,anomaly,AT,252,0.1734493922232135
lym_dis,pit_cha,anomaly,DE,171,0.062479082056292885
lym_dis,pit_cha,anomaly,LT,355,0.11819417511247342
lym_dis,pit_cha,anomaly,SK,356,0.11915804668798587
lym_dis,pit_spp,anomaly,AT,253,0.09369618110439216
lym_dis,pit_spp,anomaly,CZ,220,0.029162969359814484
lym_dis,pit_spp,anomaly,DE,266,0.10891094645324609
lym_dis,pit_spp,anomaly,HR,335,0.052293023131070177
lym_dis,pol_pol,anomaly,CZ,23,0.338432245760208
lym_dis,pol_pol,anomaly,LT,138,0.08754604231052525
lym_dis,pri_abi,anomaly,CZ,161,-0.049508730209761674
lym_dis,pri_abi,anomaly,DE,115,-0.09947495224989071
lym_dis,sco_int,anomaly,CZ,161,0.09080158771854872
lym_dis,sco_int,anomaly,DE,138,-0.06897770982111773
lym_dis,sco_rat,anomaly,CZ,92,-0.031348750522670527
lym_dis,sco_rat,anomaly,DE,161,0.11667458799351287
lym_dis,sco_rat,anomaly,LT,207,-0.023285760574770543
lym_dis,sco_sco,anomaly,DE,23,-0.29908649635844636
lym_dis,sco_sco,anomaly,LT,92,0.2421988665001275
lym_dis,tet_gab,anomaly,AT,207,0.0537161192055052
lym_dis,tet_gab,anomaly,CZ,266,0.061130799551752435
lym_dis,tet_gab,anomaly,DE,151,-0.104753186429128
lym_dis,tet_spp,anomaly,DE,0,NA
lym_dis,tha_pit,anomaly,BG,46,0.08866783121513543
lym_dis,tha_pit,anomaly,DE,41,-0.111587401738671
lym_dis,tha_pit,anomaly,HR,41,0.07796702081490979
lym_dis,tha_pro,anomaly,DE,0,NA
lym_dis,tom_spp,anomaly,AT,368,0.22791164535699848
lym_dis,tom_spp,anomaly,CZ,356,0.1405858940541413
lym_dis,tom_spp,anomaly,DE,287,0.29589528246579877
lym_dis,tom_spp,anomaly,LT,471,0.21165198129670204
lym_dis,tor_vir,anomaly,BG,230,-0.12816976396567162
lym_dis,tor_vir,anomaly,DE,64,0.0906788280888297
lym_dis,tor_vir,anomaly,LT,225,-0.11464872531653406
lym_dis,tor_vir,anomaly,RO,225,-0.0908158499476898
lym_dis,uro_sir_spp,anomaly,DE,0,NA
lym_dis,xyl_lin,anomaly,DE,0,NA
lym_dis,xyl_spp,anomaly,DE,0,NA
lym_dis,zei_gri,anomaly,CZ,23,0.3293197023256759
lym_dis,zei_gri,anomaly,DE,115,0.09164692701608068
lym_mon,mel_spp,anomaly,DE,320,0.08180239894875477
lym_mon,mel_spp,anomaly,PL,161,0.11346560929917704
lym_mon,neo_ser,anomaly,CZ,46,0.18620353048961572
lym_mon,neo_ser,anomaly,DE,46,0.05575029091768186
lym_mon,ope_spp,anomaly,DE,0,NA
lym_mon,pan_fla,anomaly,CZ,461,0.17071427440060358
lym_mon,pan_fla,anomaly,DE,346,0.23851798748690356
lym_mon,pan_fla,anomaly,LT,461,0.166889346407929
lym_mon,pan_fla,anomaly,PL,184,0.06415912131161523
lym_mon,pha_cya,anomaly,CZ,527,-0.03277962986156743
lym_mon,pha_cya,anomaly,DE,481,-0.09122240014206684
lym_mon,pha_cya,anomaly,LT,642,-0.007893889225957218
lym_mon,pha_cya,anomaly,PL,345,0.05109973483006675
lym_mon,pis_pin,anomaly,DE,23,-0.5813853774609904
lym_mon,pis_pin,anomaly,LT,138,0.10062050046215337
lym_mon,pit_bid,anomaly,DE,0,NA
lym_mon,pit_cha,anomaly,DE,23,-0.23652173767560908
lym_mon,pit_cha,anomaly,LT,184,0.06653408110098254
lym_mon,pit_spp,anomaly,CZ,46,-0.1991866711726359
lym_mon,pit_spp,anomaly,DE,138,-0.024336918416491403
lym_mon,pol_pol,anomaly,CZ,23,-0.22750945832325778
lym_mon,pol_pol,anomaly,LT,138,0.10232201067728929
lym_mon,pri_abi,anomaly,CZ,161,0.05369797624256426
lym_mon,pri_abi,anomaly,DE,115,-0.009519680668256989
lym_mon,sco_int,anomaly,CZ,115,-0.003447952674849691
lym_mon,sco_int,anomaly,DE,138,0.15082579531211035
lym_mon,sco_rat,anomaly,CZ,92,0.01294059755788664
lym_mon,sco_rat,anomaly,DE,161,0.02689346189264424
lym_mon,sco_rat,anomaly,LT,207,0.15994896410556633
lym_mon,sco_sco,anomaly,DE,23,0.15748920105690276
lym_mon,sco_sco,anomaly,LT,69,0.14172232448966282
lym_mon,tet_gab,anomaly,CZ,161,0.008969364639607555
lym_mon,tet_gab,anomaly,DE,46,-0.26587811649419757
lym_mon,tet_spp,anomaly,DE,0,NA
lym_mon,tha_pit,anomaly,DE,0,NA
lym_mon,tha_pro,anomaly,DE,0,NA
lym_mon,tom_spp,anomaly,CZ,467,-0.08437989904362972
lym_mon,tom_spp,anomaly,DE,421,-0.1162147581924491
lym_mon,tom_spp,anomaly,LT,582,-0.038423170180572445
lym_mon,tom_spp,anomaly,PL,345,0.022644650929272304
lym_mon,tor_vir,anomaly,DE,343,-0.009276581160738562
lym_mon,tor_vir,anomaly,LT,481,0.06554039549412755
lym_mon,tor_vir,anomaly,PL,184,0.10362721399744224
lym_mon,uro_sir_spp,anomaly,DE,0,NA
lym_mon,xyl_lin,anomaly,DE,0,NA
lym_mon,xyl_spp,anomaly,DE,0,NA
lym_mon,zei_gri,anomaly,CZ,23,0.3907064414132872
lym_mon,zei_gri,anomaly,DE,138,0.05813016926182662
mel_spp,neo_ser,anomaly,DE,0,NA
mel_spp,ope_spp,anomaly,DE,0,NA
mel_spp,pan_fla,anomaly,DE,300,0.11536611004005692
mel_spp,pan_fla,anomaly,PL,115,0.2451884059448042
mel_spp,pha_cya,anomaly,DE,340,0.022943491962318083
mel_spp,pha_cya,anomaly,PL,207,0.18414200874208972
mel_spp,pis_pin,anomaly,DE,0,NA
mel_spp,pit_bid,anomaly,DE,0,NA
mel_spp,pit_cha,anomaly,DE,0,NA
mel_spp,pit_spp,anomaly,DE,0,NA
mel_spp,pri_abi,anomaly,DE,0,NA
mel_spp,sco_int,anomaly,DE,0,NA
mel_spp,sco_rat,anomaly,DE,0,NA
mel_spp,sco_sco,anomaly,DE,0,NA
mel_spp,tet_gab,anomaly,DE,0,NA
mel_spp,tet_spp,anomaly,DE,0,NA
mel_spp,tha_pit,anomaly,DE,0,NA
mel_spp,tha_pro,anomaly,DE,0,NA
mel_spp,tom_spp,anomaly,DE,280,0.08369815225342388
mel_spp,tom_spp,anomaly,PL,207,0.10720714691980204
mel_spp,tor_vir,anomaly,DE,340,0.014409981285213423
mel_spp,tor_vir,anomaly,PL,184,-0.10069915705046847
mel_spp,uro_sir_spp,anomaly,DE,0,NA
mel_spp,xyl_lin,anomaly,DE,0,NA
mel_spp,xyl_spp,anomaly,DE,0,NA
mel_spp,zei_gri,anomaly,DE,0,NA
neo_ser,ope_spp,anomaly,DE,0,NA
neo_ser,pan_fla,anomaly,CZ,46,-0.13688009530230652
neo_ser,pan_fla,anomaly,DE,23,0.0299956301700556
neo_ser,pha_cya,anomaly,CZ,46,0.04330749843543203
neo_ser,pha_cya,anomaly,DE,46,0.13685359316752863
neo_ser,pis_pin,anomaly,DE,0,NA
neo_ser,pit_bid,anomaly,DE,0,NA
neo_ser,pit_cha,anomaly,DE,0,NA
neo_ser,pit_spp,anomaly,CZ,0,NA
neo_ser,pol_pol,anomaly,CZ,0,NA
neo_ser,pri_abi,anomaly,CZ,46,0.18614810181768526
neo_ser,pri_abi,anomaly,DE,46,-0.0071726202345675175
neo_ser,sco_int,anomaly,CZ,46,-0.24893698170598114
neo_ser,sco_int,anomaly,DE,46,0.026306154195280183
neo_ser,sco_rat,anomaly,CZ,46,0.12898467128568264
neo_ser,sco_rat,anomaly,DE,46,0.04752252410727813
neo_ser,sco_sco,anomaly,DE,0,NA
neo_ser,tet_gab,anomaly,CZ,46,-0.20607594191492132
neo_ser,tet_gab,anomaly,DE,23,-0.4957124145327782
neo_ser,tet_spp,anomaly,DE,0,NA
neo_ser,tha_pit,anomaly,BG,0,NA
neo_ser,tha_pro,anomaly,DE,0,NA
neo_ser,tom_spp,anomaly,CZ,46,0.035630093077424686
neo_ser,tom_spp,anomaly,DE,46,-0.0703953812315396
neo_ser,tor_vir,anomaly,BG,46,0.16278175702971062
neo_ser,tor_vir,anomaly,DE,18,-0.04555101919564702
neo_ser,uro_sir_spp,anomaly,DE,0,NA
neo_ser,xyl_lin,anomaly,DE,0,NA
neo_ser,xyl_spp,anomaly,DE,0,NA
neo_ser,zei_gri,anomaly,CZ,23,0.20959109541685017
neo_ser,zei_gri,anomaly,DE,46,0.025163561646569237
ope_spp,pan_fla,anomaly,DE,0,NA
ope_spp,pha_cya,anomaly,DE,0,NA
ope_spp,pis_pin,anomaly,DE,0,NA
ope_spp,pit_bid,anomaly,DE,0,NA
ope_spp,pit_cha,anomaly,DE,0,NA
ope_spp,pit_spp,anomaly,DE,0,NA
ope_spp,pri_abi,anomaly,DE,0,NA
ope_spp,sco_int,anomaly,DE,0,NA
ope_spp,sco_rat,anomaly,DE,0,NA
ope_spp,sco_sco,anomaly,DE,0,NA
ope_spp,tet_gab,anomaly,DE,0,NA
ope_spp,tet_spp,anomaly,DE,0,NA
ope_spp,tha_pro,anomaly,DE,0,NA
ope_spp,tom_spp,anomaly,DE,0,NA
ope_spp,tor_vir,anomaly,DE,0,NA
ope_spp,uro_sir_spp,anomaly,DE,0,NA
ope_spp,xyl_lin,anomaly,DE,0,NA
ope_spp,xyl_spp,anomaly,DE,0,NA
ope_spp,zei_gri,anomaly,DE,0,NA
pan_fla,pha_cya,anomaly,CZ,461,0.07937387515963289
pan_fla,pha_cya,anomaly,DE,346,0.12843435311252993
pan_fla,pha_cya,anomaly,LT,461,0.125105169305272
pan_fla,pha_cya,anomaly,PL,184,0.09096189958911148
pan_fla,pis_pin,anomaly,DE,23,-0.2054816414968831
pan_fla,pis_pin,anomaly,LT,115,0.057245720273484985
pan_fla,pit_bid,anomaly,DE,0,NA
pan_fla,pit_cha,anomaly,DE,23,0.10700752443955983
pan_fla,pit_cha,anomaly,LT,138,0.11644750448460912
pan_fla,pit_spp,anomaly,CZ,23,0.1577446022316061
pan_fla,pit_spp,anomaly,DE,23,0.35553902704728463
pan_fla,pol_pol,anomaly,CZ,23,0.094749763741798
pan_fla,pol_pol,anomaly,LT,23,0.1589909283686621
pan_fla,pri_abi,anomaly,CZ,115,0.00598891069239168
pan_fla,pri_abi,anomaly,DE,23,-0.2811870764305897
pan_fla,sco_int,anomaly,CZ,92,-0.02847353807255559
pan_fla,sco_int,anomaly,DE,23,0.3357992248236282
pan_fla,sco_rat,anomaly,CZ,92,-0.015071437579437885
pan_fla,sco_rat,anomaly,DE,46,-0.011977454212514959
pan_fla,sco_rat,anomaly,LT,92,-0.0436534521838263
pan_fla,sco_sco,anomaly,DE,23,-0.0021295600376866355
pan_fla,sco_sco,anomaly,LT,69,-0.05123068346683437
pan_fla,tet_gab,anomaly,CZ,92,0.01481776010762501
pan_fla,tet_gab,anomaly,DE,23,-0.15164831006801624
pan_fla,tet_spp,anomaly,DE,0,NA
pan_fla,tha_pit,anomaly,DE,0,NA
pan_fla,tha_pro,anomaly,DE,0,NA
pan_fla,tom_spp,anomaly,CZ,401,0.09494667898454118
pan_fla,tom_spp,anomaly,DE,286,0.10046773284797415
pan_fla,tom_spp,anomaly,LT,401,0.142491780125786
pan_fla,tom_spp,anomaly,PL,184,0.21762228276659504
pan_fla,tor_vir,anomaly,DE,323,0.04862991416637835
pan_fla,tor_vir,anomaly,LT,438,0.06449725096715146
pan_fla,tor_vir,anomaly,PL,161,0.024005482885904744
pan_fla,uro_sir_spp,anomaly,DE,0,NA
pan_fla,xyl_lin,anomaly,DE,0,NA
pan_fla,xyl_spp,anomaly,DE,0,NA
pan_fla,zei_gri,anomaly,CZ,23,0.18751205898192744
pan_fla,zei_gri,anomaly,DE,23,0.5150135904345504
pha_cya,pis_pin,anomaly,DE,23,0.19320427756420575
pha_cya,pis_pin,anomaly,LT,161,0.2663214984322892
pha_cya,pit_bid,anomaly,DE,0,NA
pha_cya,pit_cha,anomaly,AT,276,0.3848348126344019
pha_cya,pit_cha,anomaly,DE,170,0.2214247258186214
pha_cya,pit_cha,anomaly,LT,400,0.33242621505672204
pha_cya,pit_spp,anomaly,AT,276,0.13226843802585367
pha_cya,pit_spp,anomaly,CZ,218,0.07879044050600104
pha_cya,pit_spp,anomaly,DE,310,0.1946924098166944
pha_cya,pol_pol,anomaly,CZ,23,0.42013129156686135
pha_cya,pol_pol,anomaly,LT,184,0.021462120042707478
pha_cya,pri_abi,anomaly,CZ,184,-0.019118544854700183
pha_cya,pri_abi,anomaly,DE,161,-0.24842241556620956
pha_cya,sco_int,anomaly,CZ,184,0.22235954813493383
pha_cya,sco_int,anomaly,DE,184,0.24157425279566958
pha_cya,sco_rat,anomaly,CZ,92,0.35937111128983146
pha_cya,sco_rat,anomaly,DE,207,0.18411192985070934
pha_cya,sco_rat,anomaly,LT,253,0.2173848507126234
pha_cya,sco_sco,anomaly,DE,23,-0.1767666499964954
pha_cya,sco_sco,anomaly,LT,115,0.10183956432115604
pha_cya,tet_gab,anomaly,AT,253,0.18185455940040035
pha_cya,tet_gab,anomaly,CZ,312,0.19157946257372174
pha_cya,tet_gab,anomaly,DE,151,-0.06814044028151181
pha_cya,tet_spp,anomaly,DE,0,NA
pha_cya,tha_pit,anomaly,DE,0,NA
pha_cya,tha_pro,anomaly,DE,0,NA
pha_cya,tom_spp,anomaly,AT,740,0.2657022460486544
pha_cya,tom_spp,anomaly,CZ,703,0.1918547110635485
pha_cya,tom_spp,anomaly,DE,634,0.25423533650000196
pha_cya,tom_spp,anomaly,LT,864,0.26431540629325984
pha_cya,tom_spp,anomaly,PL,607,0.3656163110686763
pha_cya,tor_vir,anomaly,DE,363,-0.053927003252756914
pha_cya,tor_vir,anomaly,LT,570,-0.02376342404522646
pha_cya,tor_vir,anomaly,PL,253,0.06023295286140543
pha_cya,uro_sir_spp,anomaly,DE,0,NA
pha_cya,xyl_lin,anomaly,DE,0,NA
pha_cya,xyl_spp,anomaly,DE,0,NA
pha_cya,zei_gri,anomaly,CZ,23,-0.09056394062556121
pha_cya,zei_gri,anomaly,DE,161,0.10598375378047233
pis_pin,pit_bid,anomaly,DE,0,NA
pis_pin,pit_cha,anomaly,DE,23,0.5480048484195943
pis_pin,pit_cha,anomaly,LT,161,0.3321858650382627
pis_pin,pit_spp,anomaly,DE,0,NA
pis_pin,pol_pol,anomaly,LT,0,NA
pis_pin,pri_abi,anomaly,DE,0,NA
pis_pin,sco_int,anomaly,DE,0,NA
pis_pin,sco_rat,anomaly,DE,23,0.6002294254122128
pis_pin,sco_rat,anomaly,LT,69,0.42366015948330826
pis_pin,sco_sco,anomaly,DE,23,-0.10421084851400754
pis_pin,sco_sco,anomaly,LT,92,0.3052984506449048
pis_pin,tet_gab,anomaly,DE,0,NA
pis_pin,tet_spp,anomaly,DE,0,NA
pis_pin,tha_pit,anomaly,DE,0,NA
pis_pin,tha_pro,anomaly,DE,0,NA
pis_pin,tom_spp,anomaly,DE,23,0.7984898743730269
pis_pin,tom_spp,anomaly,LT,161,0.3346078662294877
pis_pin,tor_vir,anomaly,DE,23,-0.15631476219533627
pis_pin,tor_vir,anomaly,LT,161,0.0619638522180085
pis_pin,uro_sir_spp,anomaly,DE,0,NA
pis_pin,xyl_lin,anomaly,DE,0,NA
pis_pin,xyl_spp,anomaly,DE,0,NA
pis_pin,zei_gri,anomaly,DE,0,NA
pit_bid,pit_cha,anomaly,DE,0,NA
pit_bid,pit_spp,anomaly,DE,0,NA
pit_bid,pri_abi,anomaly,DE,0,NA
pit_bid,sco_int,anomaly,DE,0,NA
pit_bid,sco_rat,anomaly,DE,0,NA
pit_bid,sco_sco,anomaly,DE,0,NA
pit_bid,tet_gab,anomaly,DE,0,NA
pit_bid,tet_spp,anomaly,DE,0,NA
pit_bid,tha_pit,anomaly,DE,0,NA
pit_bid,tha_pro,anomaly,DE,0,NA
pit_bid,tom_spp,anomaly,DE,0,NA
pit_bid,tor_vir,anomaly,DE,0,NA
pit_bid,uro_sir_spp,anomaly,DE,0,NA
pit_bid,xyl_lin,anomaly,DE,0,NA
pit_bid,xyl_spp,anomaly,DE,0,NA
pit_bid,zei_gri,anomaly,DE,0,NA
pit_cha,pit_spp,anomaly,AT,115,0.06763094576132812
pit_cha,pit_spp,anomaly,DE,170,0.3185082603070742
pit_cha,pit_spp,anomaly,SI,239,0.2970964816336898
pit_cha,pol_pol,anomaly,LT,0,NA
pit_cha,pri_abi,anomaly,DE,0,NA
pit_cha,sco_int,anomaly,DE,0,NA
pit_cha,sco_rat,anomaly,DE,23,0.5150330307568386
pit_cha,sco_rat,anomaly,LT,69,0.3250413504700079
pit_cha,sco_sco,anomaly,DE,23,-0.21659726121913986
pit_cha,sco_sco,anomaly,LT,115,0.13623556454549265
pit_cha,tet_gab,anomaly,AT,207,0.2306386573996808
pit_cha,tet_gab,anomaly,DE,126,0.11004083335953005
pit_cha,tet_spp,anomaly,DE,0,NA
pit_cha,tha_pit,anomaly,DE,0,NA
pit_cha,tha_pro,anomaly,DE,0,NA
pit_cha,tom_spp,anomaly,AT,276,0.32304964041460577
pit_cha,tom_spp,anomaly,DE,191,0.3834501176603296
pit_cha,tom_spp,anomaly,LT,421,0.2954756141306102
pit_cha,tor_vir,anomaly,DE,23,0.15450703386058207
pit_cha,tor_vir,anomaly,LT,230,0.1581467104119016
pit_cha,uro_sir_spp,anomaly,DE,0,NA
pit_cha,xyl_lin,anomaly,DE,0,NA
pit_cha,xyl_spp,anomaly,DE,0,NA
pit_cha,zei_gri,anomaly,DE,0,NA
pit_spp,pol_pol,anomaly,CZ,0,NA
pit_spp,pri_abi,anomaly,CZ,69,-0.2862795960406194
pit_spp,pri_abi,anomaly,DE,161,-0.21458211569433533
pit_spp,sco_int,anomaly,CZ,69,0.11412006829958782
pit_spp,sco_int,anomaly,DE,184,0.087232474289779
pit_spp,sco_rat,anomaly,CZ,0,NA
pit_spp,sco_sco,anomaly,DE,0,NA
pit_spp,tet_gab,anomaly,AT,115,-0.04287064434939917
pit_spp,tet_gab,anomaly,CZ,174,0.024731355203187436
pit_spp,tet_gab,anomaly,DE,151,-0.06414669760824909
pit_spp,tet_spp,anomaly,DE,0,NA
pit_spp,tha_pit,anomaly,HR,0,NA
pit_spp,tha_pro,anomaly,DE,0,NA
pit_spp,tom_spp,anomaly,AT,276,0.28141742638342004
pit_spp,tom_spp,anomaly,CZ,218,0.1865474712017692
pit_spp,tom_spp,anomaly,DE,310,0.3642929879764419
pit_spp,tor_vir,anomaly,DE,0,NA
pit_spp,uro_sir_spp,anomaly,DE,0,NA
pit_spp,xyl_lin,anomaly,DE,0,NA
pit_spp,xyl_spp,anomaly,DE,0,NA
pit_spp,zei_gri,anomaly,CZ,0,NA
pol_pol,pri_abi,anomaly,CZ,0,NA
pol_pol,sco_int,anomaly,CZ,0,NA
pol_pol,sco_rat,anomaly,CZ,23,0.5150253874795373
pol_pol,sco_rat,anomaly,LT,184,0.13202449539742944
pol_pol,sco_sco,anomaly,LT,0,NA
pol_pol,tet_gab,anomaly,CZ,0,NA
pol_pol,tom_spp,anomaly,CZ,23,0.8542869059822115
pol_pol,tom_spp,anomaly,LT,184,0.062053032923557266
pol_pol,tor_vir,anomaly,LT,0,NA
pol_pol,zei_gri,anomaly,CZ,0,NA
pri_abi,sco_int,anomaly,CZ,138,-0.040748023346471575
pri_abi,sco_int,anomaly,DE,161,-0.14362894633127957
pri_abi,sco_rat,anomaly,CZ,69,0.19250675334487474
pri_abi,sco_rat,anomaly,DE,161,-0.08699574851777252
pri_abi,sco_sco,anomaly,DE,0,NA
pri_abi,tet_gab,anomaly,CZ,138,0.15191141988932957
pri_abi,tet_gab,anomaly,DE,46,0.0544043133282578
pri_abi,tet_spp,anomaly,DE,0,NA
pri_abi,tha_pit,anomaly,DE,0,NA
pri_abi,tha_pro,anomaly,DE,0,NA
pri_abi,tom_spp,anomaly,CZ,184,0.09798482619173705
pri_abi,tom_spp,anomaly,DE,161,-0.23125249878679785
pri_abi,tor_vir,anomaly,DE,0,NA
pri_abi,uro_sir_spp,anomaly,DE,0,NA
pri_abi,xyl_lin,anomaly,DE,0,NA
pri_abi,xyl_spp,anomaly,DE,0,NA
pri_abi,zei_gri,anomaly,CZ,23,0.024354431367002886
pri_abi,zei_gri,anomaly,DE,138,0.030895649766494403
sco_int,sco_rat,anomaly,CZ,69,0.3684963061520056
sco_int,sco_rat,anomaly,DE,184,0.35750484885696704
sco_int,sco_sco,anomaly,DE,0,NA
sco_int,tet_gab,anomaly,CZ,161,0.25166345099385273
sco_int,tet_gab,anomaly,DE,46,-0.081534159465204
sco_int,tet_spp,anomaly,DE,0,NA
sco_int,tha_pit,anomaly,DE,0,NA
sco_int,tha_pro,anomaly,DE,0,NA
sco_int,tom_spp,anomaly,CZ,184,0.22128127124601893
sco_int,tom_spp,anomaly,DE,184,0.07669737045019803
sco_int,tor_vir,anomaly,DE,0,NA
sco_int,uro_sir_spp,anomaly,DE,0,NA
sco_int,xyl_lin,anomaly,DE,0,NA
sco_int,xyl_spp,anomaly,DE,0,NA
sco_int,zei_gri,anomaly,CZ,23,0.01845903666689818
sco_int,zei_gri,anomaly,DE,161,0.06597805163390529
sco_rat,sco_sco,anomaly,DE,23,-0.17691158757939393
sco_rat,sco_sco,anomaly,LT,69,0.2392202163199936
sco_rat,tet_gab,anomaly,CZ,69,0.19659395702708862
sco_rat,tet_gab,anomaly,DE,46,-0.005023980202358848
sco_rat,tet_spp,anomaly,DE,0,NA
sco_rat,tha_pit,anomaly,DE,0,NA
sco_rat,tha_pro,anomaly,DE,0,NA
sco_rat,tom_spp,anomaly,CZ,92,0.29507129321950343
sco_rat,tom_spp,anomaly,DE,207,0.2707321336815752
sco_rat,tom_spp,anomaly,LT,253,0.1992215378418593
sco_rat,tor_vir,anomaly,DE,23,0.2206062060828717
sco_rat,tor_vir,anomaly,LT,69,0.39495098592729666
sco_rat,uro_sir_spp,anomaly,DE,0,NA
sco_rat,xyl_lin,anomaly,DE,0,NA
sco_rat,xyl_spp,anomaly,DE,0,NA
sco_rat,zei_gri,anomaly,CZ,23,-0.14525171272835508
sco_rat,zei_gri,anomaly,DE,161,0.05987556883411795
sco_sco,tet_gab,anomaly,DE,0,NA
sco_sco,tet_spp,anomaly,DE,0,NA
sco_sco,tha_pit,anomaly,DE,0,NA
sco_sco,tha_pro,anomaly,DE,0,NA
sco_sco,tom_spp,anomaly,DE,23,-0.08824377869315733
sco_sco,tom_spp,anomaly,LT,115,0.217228873850366
sco_sco,tor_vir,anomaly,DE,23,-0.18553798848095515
sco_sco,tor_vir,anomaly,LT,115,0.058299042526117784
sco_sco,uro_sir_spp,anomaly,DE,0,NA
sco_sco,xyl_lin,anomaly,DE,0,NA
sco_sco,xyl_spp,anomaly,DE,0,NA
sco_sco,zei_gri,anomaly,DE,0,NA
tet_gab,tet_spp,anomaly,DE,0,NA
tet_gab,tha_pit,anomaly,DE,0,NA
tet_gab,tha_pro,anomaly,DE,0,NA
tet_gab,tom_spp,anomaly,AT,253,0.11075484456139138
tet_gab,tom_spp,anomaly,CZ,312,0.11653529135900241
tet_gab,tom_spp,anomaly,DE,151,-0.09062783568319929
tet_gab,tor_vir,anomaly,DE,0,NA
tet_gab,uro_sir_spp,anomaly,DE,0,NA
tet_gab,xyl_lin,anomaly,DE,0,NA
tet_gab,xyl_spp,anomaly,DE,0,NA
tet_gab,zei_gri,anomaly,CZ,23,-0.1691223961966835
tet_gab,zei_gri,anomaly,DE,46,-0.20455763507857588
tet_spp,tha_pit,anomaly,DE,0,NA
tet_spp,tha_pro,anomaly,DE,0,NA
tet_spp,tom_spp,anomaly,DE,0,NA
tet_spp,tor_vir,anomaly,DE,0,NA
tet_spp,uro_sir_spp,anomaly,DE,0,NA
tet_spp,xyl_lin,anomaly,DE,0,NA
tet_spp,xyl_spp,anomaly,DE,0,NA
tet_spp,zei_gri,anomaly,DE,0,NA
tha_pit,tha_pro,anomaly,DE,0,NA
tha_pit,tom_spp,anomaly,DE,0,NA
tha_pit,tor_vir,anomaly,BG,23,-0.6503725316951708
tha_pit,tor_vir,anomaly,DE,18,-0.07918105995416283
tha_pit,xyl_lin,anomaly,DE,0,NA
tha_pit,xyl_spp,anomaly,DE,0,NA
tha_pro,tom_spp,anomaly,DE,0,NA
tha_pro,tor_vir,anomaly,DE,0,NA
tha_pro,uro_sir_spp,anomaly,DE,0,NA
tha_pro,xyl_lin,anomaly,DE,0,NA
tha_pro,xyl_spp,anomaly,DE,0,NA
tom_spp,tor_vir,anomaly,DE,303,0.02241436972375791
tom_spp,tor_vir,anomaly,LT,510,0.037516336261826405
tom_spp,tor_vir,anomaly,PL,253,0.04656396017379873
tom_spp,uro_sir_spp,anomaly,DE,0,NA
tom_spp,xyl_lin,anomaly,DE,0,NA
tom_spp,xyl_spp,anomaly,DE,0,NA
tom_spp,zei_gri,anomaly,CZ,23,-0.04340068134041344
tom_spp,zei_gri,anomaly,DE,161,0.06976304733556886
tor_vir,uro_sir_spp,anomaly,DE,0,NA
tor_vir,xyl_lin,anomaly,DE,0,NA
tor_vir,xyl_spp,anomaly,DE,0,NA
tor_vir,zei_gri,anomaly,DE,0,NA
uro_sir_spp,xyl_lin,anomaly,DE,0,NA
uro_sir_spp,xyl_spp,anomaly,DE,0,NA
uro_sir_spp,zei_gri,anomaly,DE,0,NA
xyl_lin,xyl_spp,anomaly,DE,0,NA
xyl_lin,zei_gri,anomaly,DE,0,NA
xyl_spp,zei_gri,anomaly,DE,0,NA
