species_a,species_b,version,n,r_pearson,p_pearson,r_spearman,p_spearman,n_both_positive,n_regions,n_countries,countries,fdr_pearson,fdr_spearman,low_n,reference_only
CambXyl_con&BB_con&BO,CambXyl_con&BB_con&SM,z_within,46,0.40042944557789645,0.005824055171743973,0.45301498138702906,0.0015700769670004885,13,2,1,DE,0.02292935106985816,0.00723537772811285,FALSE,FALSE
CambXyl_con&BB_con&BO,CambXyl_con&BO,z_within,46,-0.015700260870400468,0.9175184164304451,0.0764312738956142,0.6136603306024767,6,2,1,DE,0.9507962864564197,0.7505590870238206,FALSE,FALSE
CambXyl_con&BB_con&BO,CambXyl_con&MD,z_within,23,-0.07276338550706798,0.7414465573985767,-0.206332753143491,0.34487722520350095,8,1,1,DE,0.8247458925456914,0.514252456180836,FALSE,FALSE
CambXyl_con&BB_con&BO,Def_dec,z_within,0,NA,NA,NA,NA,0,0,0,,NA,NA,TRUE,FALSE
CambXyl_con&BB_con&BO,Def_dec&DB,z_within,195,0.15476225866383506,0.030751358104620458,0.14283500596629914,0.04637279072593867,87,9,2,"AT,DE",0.08978869557302714,0.11982633262516451,FALSE,FALSE
CambXyl_con&BB_con&BO,agr_big,z_within,69,-0.059048366597316694,0.6298395306109998,-0.09148078253715562,0.4547113428085626,21,3,1,DE,0.7597581792653797,0.6172291733246208,FALSE,FALSE
CambXyl_con&BB_con&BO,agr_vir,z_within,69,0.003370578998842854,0.9780715425136777,0.03798027378369664,0.7566856294529983,13,3,1,DE,0.9859592162436267,0.8559792188382334,FALSE,FALSE
CambXyl_con&BB_con&BO,bup_pin,z_within,23,0.6177253516644907,0.0016847974409167582,0.7095315394589511,1.497477262571333e-4,4,1,1,DE,0.008056004005205118,9.488588315613495e-4,FALSE,FALSE
CambXyl_con&BB_con&BO,cep_spp,z_within,0,NA,NA,NA,NA,0,0,0,,NA,NA,TRUE,FALSE
CambXyl_con&BB_con&BO,clo_ana,z_within,0,NA,NA,NA,NA,0,0,0,,NA,NA,TRUE,FALSE
CambXyl_con&BB_con&BO,den_mic,z_within,0,NA,NA,NA,NA,0,0,0,,NA,NA,TRUE,FALSE
CambXyl_con&BB_con&BO,den_pin,z_within,0,NA,NA,NA,NA,0,0,0,,NA,NA,TRUE,FALSE
CambXyl_con&BB_con&BO,dip_sp,z_within,174,0.011583588251076467,0.8794221541801595,-0.10781074444628994,0.15677501167767274,42,8,2,"AT,DE",0.9237627669959658,0.2966100387271638,FALSE,FALSE
CambXyl_con&BB_con&BO,era_def,z_within,69,-0.21755077437398868,0.07254663357380813,0.03154672537052677,0.7969290402781761,0,3,1,DE,0.1660106031437257,0.8864616688300068,FALSE,FALSE
CambXyl_con&BB_con&BO,geo_db,z_within,69,0.0581314550260122,0.635174699371537,0.03410209520742853,0.780874872755521,21,3,2,"DE,HR",0.7625146451038859,0.8715121347717869,FALSE,FALSE
CambXyl_con&BB_con&BO,ips_acu,z_within,69,-0.20007759886663357,0.09928697800537896,-0.2626298944326087,0.029247142645402076,0,3,1,DE,0.21035376696054867,0.0842857136755103,FALSE,FALSE
CambXyl_con&BB_con&BO,ips_ami,z_within,0,NA,NA,NA,NA,0,0,0,,NA,NA,TRUE,FALSE
CambXyl_con&BB_con&BO,ips_cem,z_within,69,0.02424894799108295,0.8432202493452021,-0.11438899435724184,0.34932243383262673,22,3,1,DE,0.8932417895605955,0.5182702559753074,FALSE,FALSE
CambXyl_con&BB_con&BO,ips_dup,z_within,0,NA,NA,NA,NA,0,0,0,,NA,NA,TRUE,FALSE
CambXyl_con&BB_con&BO,ips_sex,z_within,46,-0.2755842068346394,0.06377625096813985,-0.3330411256788119,0.02372058640835132,0,2,1,DE,0.15054138913452397,0.0723188610010711,FALSE,FALSE
CambXyl_con&BB_con&BO,ips_typ,z_within,260,0.2566538490750496,2.8036337543209414e-5,0.2121172692347764,5.751489433722519e-4,160,12,3,"AT,DE,HR",2.1903388705632354e-4,0.0030270997019592205,FALSE,FALSE
CambXyl_con&BB_con&BO,lym_dis,z_within,218,0.22208914189214224,9.614056298873875e-4,0.17975074596973029,0.0078039982830605936,79,10,3,"AT,DE,HR",0.00500732098899681,0.02838211450201146,FALSE,FALSE
CambXyl_con&BB_con&BO,lym_mon,z_within,23,0.7936260747343145,6.217149657794504e-6,0.8691916046094927,7.373244099144225e-8,4,1,1,DE,5.75662005351343e-5,1.1171581968400342e-6,FALSE,FALSE
CambXyl_con&BB_con&BO,mel_spp,z_within,69,0.3266384348023231,0.006157653351087525,0.17833755647173896,0.14262073897032626,25,3,1,DE,0.023866873453827615,0.27747225480608223,FALSE,FALSE
CambXyl_con&BB_con&BO,neo_ser,z_within,0,NA,NA,NA,NA,0,0,0,,NA,NA,TRUE,FALSE
CambXyl_con&BB_con&BO,ope_spp,z_within,46,-0.18464281038198482,0.21928193083140204,0.0943731897870257,0.5327262124752733,1,2,1,DE,0.3820242697411185,0.6910235697389383,FALSE,FALSE
CambXyl_con&BB_con&BO,pan_fla,z_within,23,0.8048371230685313,3.6471826716469035e-6,0.8209488232908603,1.5922028010811463e-6,4,1,1,DE,3.5794001852113396e-5,1.7496734077814794e-5,FALSE,FALSE
CambXyl_con&BB_con&BO,pha_cya,z_within,216,0.2739529177734577,4.4792392392419814e-5,0.2604319990130915,1.077782387704157e-4,98,10,2,"AT,DE",3.3427158501805833e-4,7.090673603316822e-4,FALSE,FALSE
CambXyl_con&BB_con&BO,pis_pin,z_within,46,0.4323093313081473,0.0026966733112924607,0.2642906031668255,0.0759170222395172,5,2,1,DE,0.012147177077893968,0.17936150788830926,FALSE,FALSE
CambXyl_con&BB_con&BO,pit_bid,z_within,23,-0.22156513687916324,0.3096141560594416,-0.20426810464901224,0.3498324227833325,0,1,1,DE,0.48377211884287746,0.5182702559753074,FALSE,FALSE
CambXyl_con&BB_con&BO,pit_cha,z_within,237,0.22251242611474137,5.589548859920708e-4,0.19078093234772067,0.0031917813465301447,140,11,2,"AT,DE",0.003140195988719499,0.013410845993824139,FALSE,FALSE
CambXyl_con&BB_con&BO,pit_spp,z_within,195,0.24899967534917553,4.477922457410774e-4,0.19320255973084113,0.006807323264457096,133,9,3,"AT,DE,HR",0.002618668103748991,0.025212308386878133,FALSE,FALSE
CambXyl_con&BB_con&BO,pol_pol,z_within,0,NA,NA,NA,NA,0,0,0,,NA,NA,TRUE,FALSE
CambXyl_con&BB_con&BO,pri_abi,z_within,23,0.11332176360300306,0.6066731446766647,0.1009904812277195,0.6465939228532904,2,1,1,DE,0.7434719910253244,0.7743639794650184,FALSE,FALSE
CambXyl_con&BB_con&BO,sap_car,z_within,0,NA,NA,NA,NA,0,0,0,,NA,NA,TRUE,FALSE
CambXyl_con&BB_con&BO,sco_int,z_within,46,0.3654961652028063,0.012497327829246133,0.1565093597660174,0.29894273645487124,10,2,1,DE,0.043544696269150286,0.46813875970669816,FALSE,FALSE
CambXyl_con&BB_con&BO,sco_rat,z_within,0,NA,NA,NA,NA,0,0,0,,NA,NA,TRUE,FALSE
CambXyl_con&BB_con&BO,sco_sco,z_within,23,0.2817473930476846,0.19276781791591246,0.1990544984971138,0.36253011878828445,2,1,1,DE,0.35240917352086376,0.5284695609158665,FALSE,FALSE
CambXyl_con&BB_con&BO,tet_gab,z_within,174,0.07339287631937812,0.3358290026869615,0.04349488319527323,0.5687649647139241,94,8,2,"AT,DE",0.5103784235364156,0.7196928191725609,FALSE,FALSE
CambXyl_con&BB_con&BO,tet_spp,z_within,69,0.1939588055413299,0.11028471503129691,-0.006937769692598746,0.9548819328000447,21,3,1,DE,0.22739116501298332,0.974256691950179,FALSE,FALSE
CambXyl_con&BB_con&BO,tha_pit,z_within,23,-0.6217247719356802,0.0015400586976846487,-0.6052519798078108,0.002212805783463424,19,1,1,HR,0.007522816128615213,0.009748043098957814,FALSE,FALSE
CambXyl_con&BB_con&BO,tha_pro,z_within,69,0.10777719946167566,0.3780577332740772,0.015898940549214917,0.8968338693227175,20,3,1,DE,0.5559672548148195,0.9462736144938956,FALSE,FALSE
CambXyl_con&BB_con&BO,tom_spp,z_within,237,0.5390441793261151,2.8968454566814224e-19,0.5054829052766224,8.917961456776094e-17,142,11,2,"AT,DE",2.0691753262010162e-17,4.693663924618997e-15,FALSE,FALSE
CambXyl_con&BB_con&BO,tor_vir,z_within,69,-0.07555506164483235,0.5372184036377115,0.12476477714033052,0.3070467156247953,3,3,1,DE,0.6887415431252711,0.4760414195733261,FALSE,FALSE
CambXyl_con&BB_con&BO,uro_sir_spp,z_within,23,0.20163660776972783,0.35620836561071734,0.13617873643267484,0.5355430029828825,1,1,1,DE,0.5316542770309214,0.6922240872226237,FALSE,FALSE
CambXyl_con&BB_con&BO,xyl_lin,z_within,46,-0.38622899102215574,0.008020848770283142,-0.13455816171254864,0.3726254565897813,0,2,1,DE,0.029597227934624142,0.5369188054976699,FALSE,FALSE
CambXyl_con&BB_con&BO,xyl_spp,z_within,69,0.018922301649942113,0.877355289092141,-0.09627504477135365,0.431316354546621,4,3,1,DE,0.9225607666584027,0.5968592738768788,FALSE,FALSE
CambXyl_con&BB_con&BO,zei_gri,z_within,0,NA,NA,NA,NA,0,0,0,,NA,NA,TRUE,FALSE
CambXyl_con&BB_con&SM,CambXyl_con&BO,z_within,46,0.21620744598922761,0.14897339116325806,0.34993321388201776,0.017127362819051695,7,2,1,DE,0.2875934192340889,0.05597177391846959,FALSE,FALSE
CambXyl_con&BB_con&SM,CambXyl_con&MD,z_within,23,0.5425991896891499,0.007471081736158168,0.34437654618821845,0.10758674753661923,10,1,1,DE,0.027981579536172915,0.2322971232538319,FALSE,FALSE
CambXyl_con&BB_con&SM,Def_dec,z_within,0,NA,NA,NA,NA,0,0,0,,NA,NA,TRUE,FALSE
CambXyl_con&BB_con&SM,Def_dec&DB,z_within,46,0.44845796712858993,0.0017736952076878572,0.4577017618568639,0.0013825907583775823,14,2,1,DE,0.008366486828716308,0.006491036424307898,FALSE,FALSE
CambXyl_con&BB_con&SM,agr_big,z_within,46,-0.31814835511866024,0.031182424319456448,-0.3229644463959518,0.028581775084689086,18,2,1,DE,0.09025545688571149,0.08307398922922532,FALSE,FALSE
CambXyl_con&BB_con&SM,agr_vir,z_within,46,0.24630907020242818,0.09892099305524596,0.22853295191460427,0.1266055726743291,13,2,1,DE,0.2100233398200551,0.25785249017174966,FALSE,FALSE
CambXyl_con&BB_con&SM,bup_pin,z_within,0,NA,NA,NA,NA,0,0,0,,NA,NA,TRUE,FALSE
CambXyl_con&BB_con&SM,cep_spp,z_within,0,NA,NA,NA,NA,0,0,0,,NA,NA,TRUE,FALSE
CambXyl_con&BB_con&SM,clo_ana,z_within,0,NA,NA,NA,NA,0,0,0,,NA,NA,TRUE,FALSE
CambXyl_con&BB_con&SM,den_mic,z_within,0,NA,NA,NA,NA,0,0,0,,NA,NA,TRUE,FALSE
CambXyl_con&BB_con&SM,den_pin,z_within,0,NA,NA,NA,NA,0,0,0,,NA,NA,TRUE,FALSE
CambXyl_con&BB_con&SM,dip_sp,z_within,46,-0.26143808090395076,0.07925457155755843,-0.024799848058736883,0.870048532811861,1,2,1,DE,0.1781001608035021,0.9302009733566018,FALSE,FALSE
CambXyl_con&BB_con&SM,era_def,z_within,46,-0.24549439001010348,0.10007799324908385,0.15375322981039463,0.30763895982141115,0,2,1,DE,0.2111350068546073,0.4762213000331442,FALSE,FALSE
CambXyl_con&BB_con&SM,geo_db,z_within,46,0.04182563996401112,0.7825564028417717,0.33317113606478116,0.02366270653156814,3,2,1,DE,0.8515303621782064,0.0723188610010711,FALSE,FALSE
CambXyl_con&BB_con&SM,ips_acu,z_within,46,-0.051170256560591244,0.735571314271863,-0.2812722636378531,0.058277051494459546,1,2,1,DE,0.8217190620387868,0.1435395357006393,FALSE,FALSE
CambXyl_con&BB_con&SM,ips_ami,z_within,0,NA,NA,NA,NA,0,0,0,,NA,NA,TRUE,FALSE
CambXyl_con&BB_con&SM,ips_cem,z_within,46,-0.5963053050449754,1.2253406019678452e-5,-0.5195394692080925,2.155710821183506e-4,14,2,1,DE,1.0211171683065378e-4,0.0013064914067778823,FALSE,FALSE
CambXyl_con&BB_con&SM,ips_dup,z_within,0,NA,NA,NA,NA,0,0,0,,NA,NA,TRUE,FALSE
CambXyl_con&BB_con&SM,ips_sex,z_within,46,-0.24389783284653566,0.10237558473008593,-0.4004357866792059,0.005823205075169902,0,2,1,DE,0.215074757836315,0.02248341727864827,FALSE,FALSE
CambXyl_con&BB_con&SM,ips_typ,z_within,46,-0.6208701363135091,4.154994873782297e-6,-0.5856543226827599,1.905942173276903e-5,14,2,1,DE,3.995187378636824e-5,1.5126525184737326e-4,FALSE,FALSE
CambXyl_con&BB_con&SM,lym_dis,z_within,46,0.08992415101059414,0.5523003055087214,0.027777169792437603,0.8546061883964553,14,2,1,DE,0.701779295436749,0.9201744551587204,FALSE,FALSE
CambXyl_con&BB_con&SM,lym_mon,z_within,0,NA,NA,NA,NA,0,0,0,,NA,NA,TRUE,FALSE
CambXyl_con&BB_con&SM,mel_spp,z_within,46,0.22253800186976816,0.13714685012339542,0.1011702323266991,0.5034917420538237,18,2,1,DE,0.2689153923988145,0.6659027152942776,FALSE,FALSE
CambXyl_con&BB_con&SM,neo_ser,z_within,0,NA,NA,NA,NA,0,0,0,,NA,NA,TRUE,FALSE
CambXyl_con&BB_con&SM,ope_spp,z_within,46,-0.15383990674347625,0.30736303733555925,0.18040027088570273,0.2302422505728566,1,2,1,DE,0.4810063182090129,0.3895807962315679,FALSE,FALSE
CambXyl_con&BB_con&SM,pan_fla,z_within,0,NA,NA,NA,NA,0,0,0,,NA,NA,TRUE,FALSE
CambXyl_con&BB_con&SM,pha_cya,z_within,46,-0.15684754186581196,0.29788671597676325,-0.11660657554706433,0.4402699463453533,17,2,1,DE,0.4713397404695621,0.6047664098150458,FALSE,FALSE
CambXyl_con&BB_con&SM,pis_pin,z_within,23,-0.2679619886936452,0.21638580664359586,-0.25659672623858565,0.23725105712130162,0,1,1,DE,0.37913028130601945,0.39345117267214197,FALSE,FALSE
CambXyl_con&BB_con&SM,pit_bid,z_within,23,-0.18611254646236183,0.39518375462322275,-0.17745307757998113,0.4179201236933249,0,1,1,DE,0.5694290412438368,0.5828732548024057,FALSE,FALSE
CambXyl_con&BB_con&SM,pit_cha,z_within,46,-0.6155328156771573,5.296709243703627e-6,-0.5118992679510231,2.7654621223771657e-4,11,2,1,DE,4.9725047271940495e-5,0.001580264069929809,FALSE,FALSE
CambXyl_con&BB_con&SM,pit_spp,z_within,46,-0.19485959984782372,0.1943865026117184,-0.19282438031090268,0.19917853363457375,14,2,1,DE,0.3541031420947569,0.3494360239203048,FALSE,FALSE
CambXyl_con&BB_con&SM,pol_pol,z_within,0,NA,NA,NA,NA,0,0,0,,NA,NA,TRUE,FALSE
CambXyl_con&BB_con&SM,pri_abi,z_within,23,-0.3345684224604586,0.11866184500114058,-0.3214291914461276,0.13476513583395522,0,1,1,DE,0.239237590728106,0.2670148793867423,FALSE,FALSE
CambXyl_con&BB_con&SM,sap_car,z_within,0,NA,NA,NA,NA,0,0,0,,NA,NA,TRUE,FALSE
CambXyl_con&BB_con&SM,sco_int,z_within,46,0.6154330250403487,5.320580058097633e-6,0.2293607994912909,0.12519915048080327,11,2,1,DE,4.9725047271940495e-5,0.2574775643368968,FALSE,FALSE
CambXyl_con&BB_con&SM,sco_rat,z_within,0,NA,NA,NA,NA,0,0,0,,NA,NA,TRUE,FALSE
CambXyl_con&BB_con&SM,sco_sco,z_within,23,-0.2676943929006886,0.2168625209070431,-0.25659672623858565,0.23725105712130162,0,1,1,DE,0.37913028130601945,0.39345117267214197,FALSE,FALSE
CambXyl_con&BB_con&SM,tet_gab,z_within,46,-0.41562211067990973,0.004072259987270964,-0.4410535060220646,0.0021547622181989296,13,2,1,DE,0.017110336080970436,0.00964329716039964,FALSE,FALSE
CambXyl_con&BB_con&SM,tet_spp,z_within,46,-0.13533920230271942,0.36983128836447954,-0.05251697319027223,0.7288735763738922,14,2,1,DE,0.5462795987658486,0.838749800200106,FALSE,FALSE
CambXyl_con&BB_con&SM,tha_pit,z_within,0,NA,NA,NA,NA,0,0,0,,NA,NA,TRUE,FALSE
CambXyl_con&BB_con&SM,tha_pro,z_within,46,0.3129135890893612,0.03422841036361502,0.15831387801910154,0.2933357470849941,18,2,1,DE,0.09696433530769127,0.4626746799447856,FALSE,FALSE
CambXyl_con&BB_con&SM,tom_spp,z_within,46,0.12721567842373077,0.3995057608131769,-0.04470774582957186,0.7679745046308265,15,2,1,DE,0.5720853662956015,0.8599938461711383,FALSE,FALSE
CambXyl_con&BB_con&SM,tor_vir,z_within,46,-0.21414762490728567,0.15297897688835171,0.08401502714679047,0.5788133077189725,1,2,1,DE,0.29336289826939094,0.7274063058452217,FALSE,FALSE
CambXyl_con&BB_con&SM,uro_sir_spp,z_within,23,-0.18611254646236183,0.39518375462322275,-0.17745307757998113,0.4179201236933249,0,1,1,DE,0.5694290412438368,0.5828732548024057,FALSE,FALSE
CambXyl_con&BB_con&SM,xyl_lin,z_within,46,-0.34003444818021533,0.020770729750316547,-0.019451755053690407,0.897904020689638,0,2,1,DE,0.06490853046973921,0.9462736144938956,FALSE,FALSE
CambXyl_con&BB_con&SM,xyl_spp,z_within,46,-0.3103685696707953,0.0357956564285254,-0.029324149009643908,0.8466033418730242,1,2,1,DE,0.10047943862266967,0.9162373829794634,FALSE,FALSE
CambXyl_con&BB_con&SM,zei_gri,z_within,0,NA,NA,NA,NA,0,0,0,,NA,NA,TRUE,FALSE
CambXyl_con&BO,CambXyl_con&MD,z_within,23,0.4085899793736814,0.05290368131810672,0.34490507954164734,0.10701227669092946,6,1,1,DE,0.13094970623293742,0.23162830452582134,FALSE,FALSE
CambXyl_con&BO,Def_dec,z_within,0,NA,NA,NA,NA,0,0,0,,NA,NA,TRUE,FALSE
CambXyl_con&BO,Def_dec&DB,z_within,46,-0.14624997885919855,0.33212353803434835,-0.010123199783794796,0.9467640051451323,5,2,1,DE,0.5055152785910934,0.9719623187904415,FALSE,FALSE
CambXyl_con&BO,agr_big,z_within,46,-0.48523093396203837,6.310532362240133e-4,-0.45975599292842734,0.001306896007704092,11,2,1,DE,0.0034864819680884714,0.006193819941725555,FALSE,FALSE
CambXyl_con&BO,agr_vir,z_within,46,-0.21028859099322655,0.1606952948029189,-0.23578681765831805,0.11467894362246085,5,2,1,DE,0.3037718238240433,0.24254285881882884,FALSE,FALSE
CambXyl_con&BO,bup_pin,z_within,0,NA,NA,NA,NA,0,0,0,,NA,NA,TRUE,FALSE
CambXyl_con&BO,cep_spp,z_within,0,NA,NA,NA,NA,0,0,0,,NA,NA,TRUE,FALSE
CambXyl_con&BO,clo_ana,z_within,0,NA,NA,NA,NA,0,0,0,,NA,NA,TRUE,FALSE
CambXyl_con&BO,den_mic,z_within,0,NA,NA,NA,NA,0,0,0,,NA,NA,TRUE,FALSE
CambXyl_con&BO,den_pin,z_within,0,NA,NA,NA,NA,0,0,0,,NA,NA,TRUE,FALSE
CambXyl_con&BO,dip_sp,z_within,46,-0.2197696264453036,0.14222954348534614,-0.009092032024952875,0.9521800925077322,0,2,1,DE,0.2772505720961913,0.9735992765927732,FALSE,FALSE
CambXyl_con&BO,era_def,z_within,46,-0.17031205440760822,0.2577965209677629,0.3075407361426557,0.037605865037960054,0,2,1,DE,0.4310978611501052,0.10191291338200557,FALSE,FALSE
CambXyl_con&BO,geo_db,z_within,46,0.07504624600914299,0.6201196852867507,0.4540052584453348,0.0015286800127282919,2,2,1,DE,0.7534868594006692,0.0070772222811495,FALSE,FALSE
CambXyl_con&BO,ips_acu,z_within,46,-0.14309502033855018,0.34277180533762086,-0.45142475335105264,0.0016386403958999457,0,2,1,DE,0.5177821832894575,0.007482376236986054,FALSE,FALSE
CambXyl_con&BO,ips_ami,z_within,0,NA,NA,NA,NA,0,0,0,,NA,NA,TRUE,FALSE
CambXyl_con&BO,ips_cem,z_within,46,0.0690729314005082,0.6482978138070516,0.027731616375904315,0.8548420688424513,11,2,1,DE,0.7711768082764909,0.9201744551587204,FALSE,FALSE
CambXyl_con&BO,ips_dup,z_within,0,NA,NA,NA,NA,0,0,0,,NA,NA,TRUE,FALSE
CambXyl_con&BO,ips_sex,z_within,46,-0.16923579078471165,0.26086118087515553,-0.461238468234734,0.001254585379257536,0,2,1,DE,0.4333242207228497,0.005974216091702553,FALSE,FALSE
CambXyl_con&BO,ips_typ,z_within,69,0.18233600948312736,0.13373658991262882,0.1199772972507963,0.32612341645597076,34,3,2,"DE,SI",0.26378025623792667,0.4941263885696527,FALSE,FALSE
CambXyl_con&BO,lym_dis,z_within,46,-0.22368969366303829,0.1350726722462435,-0.2862039627976733,0.05382295382568194,7,2,1,DE,0.2658910870989045,0.13591655006485337,FALSE,FALSE
CambXyl_con&BO,lym_mon,z_within,0,NA,NA,NA,NA,0,0,0,,NA,NA,TRUE,FALSE
CambXyl_con&BO,mel_spp,z_within,46,-0.0670962167597237,0.6577333284385734,-0.10734823367891289,0.47764822820650243,11,2,1,DE,0.7747153456284727,0.6385671500086931,FALSE,FALSE
CambXyl_con&BO,neo_ser,z_within,0,NA,NA,NA,NA,0,0,0,,NA,NA,TRUE,FALSE
CambXyl_con&BO,ope_spp,z_within,46,-0.19373954305906851,0.1970135259428996,0.23023874424026103,0.12372049823026182,0,2,1,DE,0.3569085614907601,0.25615009985561454,FALSE,FALSE
CambXyl_con&BO,pan_fla,z_within,0,NA,NA,NA,NA,0,0,0,,NA,NA,TRUE,FALSE
CambXyl_con&BO,pha_cya,z_within,46,-0.2775604572294517,0.06182056185733535,-0.2239541501931388,0.13459971159924924,10,2,1,DE,0.14684218968488205,0.2670148793867423,FALSE,FALSE
CambXyl_con&BO,pis_pin,z_within,23,-0.1818665055313,0.4062443169526988,-0.18047744680791855,0.409899483814116,0,1,1,DE,0.57690950196856,0.5757015222108371,FALSE,FALSE
CambXyl_con&BO,pit_bid,z_within,23,-0.126315074110525,0.565756889259071,-0.12481171852545074,0.5704275291186521,0,1,1,DE,0.7125401627947997,0.7196928191725609,FALSE,FALSE
CambXyl_con&BO,pit_cha,z_within,69,0.19946240844398355,0.10035243075268824,0.1567088727162858,0.19847719969608554,20,3,2,"DE,SI",0.21126827526881733,0.34881757415832254,FALSE,FALSE
CambXyl_con&BO,pit_spp,z_within,69,0.34232828647433744,0.003987077163538512,0.2673989836273511,0.026335989669334463,34,3,2,"DE,SI",0.016823110394677265,0.07908705606406745,FALSE,FALSE
CambXyl_con&BO,pol_pol,z_within,0,NA,NA,NA,NA,0,0,0,,NA,NA,TRUE,FALSE
CambXyl_con&BO,pri_abi,z_within,23,-0.22707246707132053,0.2974295791121207,-0.2260773964348709,0.2996088062122868,0,1,1,DE,0.4713397404695621,0.46813875970669816,FALSE,FALSE
CambXyl_con&BO,sap_car,z_within,0,NA,NA,NA,NA,0,0,0,,NA,NA,TRUE,FALSE
CambXyl_con&BO,sco_int,z_within,46,0.4226891249451951,0.0034285837045377127,-0.007789719869400621,0.9590233521336933,7,2,1,DE,0.014971981242522765,0.9746172277781436,FALSE,FALSE
CambXyl_con&BO,sco_rat,z_within,0,NA,NA,NA,NA,0,0,0,,NA,NA,TRUE,FALSE
CambXyl_con&BO,sco_sco,z_within,23,-0.18168488756377726,0.40672119888783476,-0.18047744680791855,0.409899483814116,0,1,1,DE,0.57690950196856,0.5757015222108371,FALSE,FALSE
CambXyl_con&BO,tet_gab,z_within,46,-0.15084846095658896,0.3169773178666746,-0.14670639271480526,0.3306003740192829,10,2,1,DE,0.49255039276869944,0.49939633537656025,FALSE,FALSE
CambXyl_con&BO,tet_spp,z_within,46,-0.06629566544783358,0.6615697607571529,-0.18682477429632882,0.21378811637875236,10,2,1,DE,0.7760373856622171,0.36733353329682533,FALSE,FALSE
CambXyl_con&BO,tha_pit,z_within,0,NA,NA,NA,NA,0,0,0,,NA,NA,TRUE,FALSE
CambXyl_con&BO,tha_pro,z_within,46,0.2753810185803453,0.06398009038217269,0.13754151801847436,0.36202047250066993,11,2,1,DE,0.15054138913452397,0.5284695609158665,FALSE,FALSE
CambXyl_con&BO,tom_spp,z_within,46,-0.2999851652308982,0.04281402007492618,-0.3123872821744755,0.034547785136059134,6,2,1,DE,0.11509145181431768,0.09517296180732543,FALSE,FALSE
CambXyl_con&BO,tor_vir,z_within,46,-0.11718395903150548,0.4379938995165711,0.30188160184222584,0.04145447886000017,1,2,1,DE,0.6081149158237587,0.10995882986737446,FALSE,FALSE
CambXyl_con&BO,uro_sir_spp,z_within,23,-0.126315074110525,0.565756889259071,-0.12481171852545074,0.5704275291186521,0,1,1,DE,0.7125401627947997,0.7196928191725609,FALSE,FALSE
CambXyl_con&BO,xyl_lin,z_within,46,0.36282935360827007,0.013204749556120065,0.5267573005448789,1.694385420757355e-4,4,2,1,DE,0.0452217450552057,0.001052413304818233,FALSE,FALSE
CambXyl_con&BO,xyl_spp,z_within,46,0.25422927671137563,0.08820315190388478,0.4000210485099592,0.005879033359646035,4,2,1,DE,0.19300470876123582,0.022611666767869364,FALSE,FALSE
CambXyl_con&BO,zei_gri,z_within,0,NA,NA,NA,NA,0,0,0,,NA,NA,TRUE,FALSE
CambXyl_con&MD,Def_dec,z_within,0,NA,NA,NA,NA,0,0,0,,NA,NA,TRUE,FALSE
CambXyl_con&MD,Def_dec&DB,z_within,207,-0.03172351110377995,0.6499927760919801,-0.01591925555786448,0.8199061461216727,88,9,2,"CZ,DE",0.7715666885428982,0.8990198970632376,FALSE,FALSE
CambXyl_con&MD,agr_big,z_within,23,-0.5679302367098098,0.004699460940766874,-0.4236142102829411,0.04398063869951812,15,1,1,DE,0.019181473227619896,0.11543474724282972,FALSE,FALSE
CambXyl_con&MD,agr_vir,z_within,23,0.23955636739227198,0.2709265164562373,0.10701206181237612,0.6269732944070698,13,1,1,DE,0.4448711271859397,0.7588222229824121,FALSE,FALSE
CambXyl_con&MD,bup_pin,z_within,0,NA,NA,NA,NA,0,0,0,,NA,NA,TRUE,FALSE
CambXyl_con&MD,cep_spp,z_within,161,-0.08729467552807127,0.27084524599696336,-0.07064968140553868,0.3731585698208806,77,7,1,CZ,0.4448711271859397,0.5369188054976699,FALSE,FALSE
CambXyl_con&MD,clo_ana,z_within,0,NA,NA,NA,NA,0,0,0,,NA,NA,TRUE,FALSE
CambXyl_con&MD,den_mic,z_within,23,-0.019165484321685695,0.930833419352936,-0.06565936920776054,0.765968703888172,1,1,1,CZ,0.9596220818071504,0.8587093092916726,FALSE,FALSE
CambXyl_con&MD,den_pin,z_within,0,NA,NA,NA,NA,0,0,0,,NA,NA,TRUE,FALSE
CambXyl_con&MD,dip_sp,z_within,23,-0.15203047166365852,0.4886267952205854,0.102557002818255,0.6414669651746094,3,1,1,DE,0.6480461475074076,0.7692915410937531,FALSE,FALSE
CambXyl_con&MD,era_def,z_within,23,-0.41447166147635073,0.04925738320444935,-0.3560373412939601,0.09542910676547361,0,1,1,DE,0.12597796215971702,0.21493042064295861,FALSE,FALSE
CambXyl_con&MD,geo_db,z_within,23,0.2470975298187842,0.25566806134794784,0.05345287174322452,0.8086035124155312,4,1,1,DE,0.4289732572952145,0.8934487606432271,FALSE,FALSE
CambXyl_con&MD,ips_acu,z_within,207,0.39856366387056996,2.7159680867664567e-9,0.3952308585607694,3.7771202453004924e-9,119,9,2,"CZ,DE",4.849943012082959e-8,7.406118128040181e-8,FALSE,FALSE
CambXyl_con&MD,ips_ami,z_within,0,NA,NA,NA,NA,0,0,0,,NA,NA,TRUE,FALSE
CambXyl_con&MD,ips_cem,z_within,23,-0.5080285918640388,0.013325190978122067,-0.4028007915565637,0.05669320461084822,11,1,1,DE,0.045323778837149886,0.14137956262056914,FALSE,FALSE
CambXyl_con&MD,ips_dup,z_within,184,0.32381019760645086,7.330990364044868e-6,0.3332274426813301,3.7986305876782104e-6,120,8,1,CZ,6.545527110754347e-5,3.687990861823505e-5,FALSE,FALSE
CambXyl_con&MD,ips_sex,z_within,207,0.2621792154650376,1.3550469410888544e-4,0.32351732855999055,1.9853172633694494e-6,115,9,2,"CZ,DE",8.86915456307616e-4,2.0898076456520523e-5,FALSE,FALSE
CambXyl_con&MD,ips_typ,z_within,207,0.3074949946386806,6.575964288383449e-6,0.29895521255981916,1.2106715459849889e-5,139,9,2,"CZ,DE",6.0329947599848156e-05,1.0259928355804991e-4,FALSE,FALSE
CambXyl_con&MD,lym_dis,z_within,161,-0.06913806778621184,0.38349669178678036,-0.0018557261765688867,0.9813606597637347,20,7,2,"CZ,DE",0.5598491850901903,0.9872843659594915,FALSE,FALSE
CambXyl_con&MD,lym_mon,z_within,138,-7.701405872143058e-4,0.9928472104656136,0.003885912941634774,0.9639207242114477,74,6,1,CZ,0.9955918749034547,0.978599720011622,FALSE,FALSE
CambXyl_con&MD,mel_spp,z_within,23,-0.37181353861969174,0.08064216617420983,-0.39312561176816213,0.06348919865699505,15,1,1,DE,0.17904255774713812,0.15372687326148923,FALSE,FALSE
CambXyl_con&MD,neo_ser,z_within,46,-0.1385423290230635,0.3585041927474586,-0.1359933907387713,0.3675006349160067,1,2,1,CZ,0.5334883820646705,0.5333826341306338,FALSE,FALSE
CambXyl_con&MD,ope_spp,z_within,23,-0.27135129003727565,0.21040829904511862,-0.2775078492145931,0.19983570872508719,1,1,1,DE,0.37497924163198293,0.3495270358342769,FALSE,FALSE
CambXyl_con&MD,pan_fla,z_within,23,0.23224287580754416,0.2862647596192523,0.25719328235295114,0.2361242488332975,1,1,1,CZ,0.4631736532396508,0.39345117267214197,FALSE,FALSE
CambXyl_con&MD,pha_cya,z_within,207,0.25558267964124454,2.01722509170913e-4,0.19708775853593327,0.004421656065861134,125,9,2,"CZ,DE",0.0012930930075058526,0.017757654882976443,FALSE,FALSE
CambXyl_con&MD,pis_pin,z_within,23,-0.4132447049303443,0.05000141846617726,-0.3560373412939601,0.09542910676547361,0,1,1,DE,0.12722435763868395,0.21493042064295861,FALSE,FALSE
CambXyl_con&MD,pit_bid,z_within,23,-0.287018411535239,0.18422018614830712,-0.246222634529102,0.2574093004651455,0,1,1,DE,0.33801869018038005,0.4199172927653271,FALSE,FALSE
CambXyl_con&MD,pit_cha,z_within,23,-0.43752968401052406,0.03680888752893853,-0.32023818225056216,0.13629843787464524,11,1,1,DE,0.10224690980260702,0.2683040115642623,FALSE,FALSE
CambXyl_con&MD,pit_spp,z_within,207,0.3868752957230249,8.498634192930157e-9,0.3933616517906016,4.537353087025139e-9,120,9,2,"CZ,DE",1.3839113762971773e-7,8.725679013509882e-8,FALSE,FALSE
CambXyl_con&MD,pol_pol,z_within,184,0.2217338760347831,0.0024863805725883733,0.14198101200689225,0.05453654392173203,111,8,1,CZ,0.011301729875401697,0.13698060887693111,FALSE,FALSE
CambXyl_con&MD,pri_abi,z_within,184,-0.24169837052052556,9.485502657451229e-4,-0.22361383740915353,0.0022784685858894603,77,8,2,"CZ,DE",0.004967488086561097,0.00994964447986664,FALSE,FALSE
CambXyl_con&MD,sap_car,z_within,0,NA,NA,NA,NA,0,0,0,,NA,NA,TRUE,FALSE
CambXyl_con&MD,sco_int,z_within,207,0.33711950666930385,6.795921120048412e-7,0.2572585440932168,1.8250909582761017e-4,81,9,2,"CZ,DE",7.72263763641865e-6,0.001119687704463866,FALSE,FALSE
CambXyl_con&MD,sco_rat,z_within,184,0.3842897970706356,7.225294040398814e-8,0.3130927248917662,1.509102399372606e-5,67,8,1,CZ,1.017647047943495e-6,1.247192065597195e-4,FALSE,FALSE
CambXyl_con&MD,sco_sco,z_within,23,-0.41283202496390564,0.050253621267280155,-0.3560373412939601,0.09542910676547361,0,1,1,DE,0.12722435763868395,0.21493042064295861,FALSE,FALSE
CambXyl_con&MD,tet_gab,z_within,69,-0.28844313453319853,0.01623703242736654,-0.2430181649664391,0.044214203342159863,15,3,2,"CZ,DE",0.053587565766886266,0.11574398780670121,FALSE,FALSE
CambXyl_con&MD,tet_spp,z_within,23,-0.3141758054767339,0.14429671511485007,-0.17984940567152424,0.41155803621887965,12,1,1,DE,0.280732908783755,0.5772202471513038,FALSE,FALSE
CambXyl_con&MD,tha_pit,z_within,0,NA,NA,NA,NA,0,0,0,,NA,NA,TRUE,FALSE
CambXyl_con&MD,tha_pro,z_within,23,0.6669559593540159,5.091638769174259e-4,0.6642890335495346,5.462470491528881e-4,15,1,1,DE,0.0028929765733944654,0.0029055694103877023,FALSE,FALSE
CambXyl_con&MD,tom_spp,z_within,207,0.2396955642856203,5.040688399666441e-4,0.2534142958669533,2.2938601276981905e-4,134,9,2,"CZ,DE",0.0028803933712379663,0.0013735689387414315,FALSE,FALSE
CambXyl_con&MD,tor_vir,z_within,23,-0.1878748028105495,0.39064326935449845,-0.11072380575382224,0.6149986206200115,2,1,1,DE,0.565330346388565,0.7505590870238206,FALSE,FALSE
CambXyl_con&MD,uro_sir_spp,z_within,23,-0.287018411535239,0.18422018614830712,-0.246222634529102,0.2574093004651455,0,1,1,DE,0.33801869018038005,0.4199172927653271,FALSE,FALSE
CambXyl_con&MD,xyl_lin,z_within,23,0.4395034611066269,0.035871159588293074,0.6093627378727596,0.0020251652141227033,4,1,1,DE,0.10047943862266967,0.009122365829381546,FALSE,FALSE
CambXyl_con&MD,xyl_spp,z_within,23,0.3834003930964955,0.07093145840865196,0.605543577149824,0.0021990268311293665,5,1,1,DE,0.16306082392793553,0.009730207217386577,FALSE,FALSE
CambXyl_con&MD,zei_gri,z_within,161,-0.0335578961466258,0.6725847573197541,-0.00782602458887191,0.9215123353513472,58,7,1,CZ,0.7829857477529152,0.9593973705541226,FALSE,FALSE
Def_dec,Def_dec&DB,z_within,46,0.005859444997207841,0.969171588605639,0.06887871838665466,0.6492224758084331,1,2,1,DE,0.9810235489719787,0.7755123535377572,FALSE,FALSE
Def_dec,agr_big,z_within,46,0.041005586539887035,0.7867191865322409,0.08572576196885379,0.5710784939347745,1,2,1,DE,0.8551295505785227,0.7196928191725609,FALSE,FALSE
Def_dec,agr_vir,z_within,23,-0.06411037315974936,0.7713455122710939,-0.065727164134656485,0.7657336135204261,0,1,1,DE,0.8430005598591191,0.8587093092916726,FALSE,FALSE
Def_dec,bup_pin,z_within,46,-0.002263108920180249,0.9880906264876619,0.1193531568088493,0.4295015493822836,1,2,1,DE,0.9935603971000745,0.5961094112161857,FALSE,FALSE
Def_dec,cep_spp,z_within,0,NA,NA,NA,NA,0,0,0,,NA,NA,TRUE,FALSE
Def_dec,clo_ana,z_within,0,NA,NA,NA,NA,0,0,0,,NA,NA,TRUE,FALSE
Def_dec,den_mic,z_within,0,NA,NA,NA,NA,0,0,0,,NA,NA,TRUE,FALSE
Def_dec,den_pin,z_within,23,-0.08850993486026422,0.6879807690681756,-0.09726832530780989,0.6588380776636403,0,1,1,DE,0.7953534902522262,0.7787684133139956,FALSE,FALSE
Def_dec,dip_sp,z_within,23,-0.15123501397980835,0.4909310394457721,-0.16427391877398576,0.45385333064612643,0,1,1,DE,0.6483326124808171,0.6172291733246208,FALSE,FALSE
Def_dec,era_def,z_within,23,-0.04545454545454545,0.836836496093119,-0.04545454545454546,0.8368364960931192,0,1,1,DE,0.8883614608207209,0.9105946638662885,FALSE,FALSE
Def_dec,geo_db,z_within,23,0.1840790011792562,0.400459756406921,0.23197017141823967,0.28684698528465674,1,1,1,DE,0.5720853662956015,0.4560763249792194,FALSE,FALSE
Def_dec,ips_acu,z_within,23,-0.05066524086339646,0.8184191272056185,-0.16086512287868954,0.4634026713459771,1,1,1,DE,0.8779119774205454,0.6241437459470919,FALSE,FALSE
Def_dec,ips_ami,z_within,0,NA,NA,NA,NA,0,0,0,,NA,NA,TRUE,FALSE
Def_dec,ips_cem,z_within,46,-0.19007771378048055,0.2057769701117415,-0.23069784432969942,0.12295253137510685,2,2,1,DE,0.36943800738194166,0.25515316760271617,FALSE,FALSE
Def_dec,ips_dup,z_within,0,NA,NA,NA,NA,0,0,0,,NA,NA,TRUE,FALSE
Def_dec,ips_sex,z_within,46,-0.05989375640280196,0.6925512911772681,0.014664994383502283,0.9229402704730658,1,2,1,DE,0.7978701511258849,0.9593973705541226,FALSE,FALSE
Def_dec,ips_typ,z_within,46,0.06621435755806492,0.6619598899698712,0.038416667686737356,0.7998992968793812,2,2,1,DE,0.7760373856622171,0.8887769965326459,FALSE,FALSE
Def_dec,lym_dis,z_within,46,-0.1584249882659077,0.2929927475660112,-0.1735992862466569,0.24858584654075924,0,2,1,DE,0.46700603173249094,0.40751778121435944,FALSE,FALSE
Def_dec,lym_mon,z_within,46,-0.05536062331372908,0.7147970057573344,-0.0879496022759327,0.561095379530434,1,2,1,DE,0.8085207571690034,0.7147711841152025,FALSE,FALSE
Def_dec,mel_spp,z_within,46,-0.1150527484178654,0.44642754798025086,-0.10698509668208353,0.47914763969816776,0,2,1,DE,0.6132246538190259,0.6397164748974202,FALSE,FALSE
Def_dec,neo_ser,z_within,23,-0.17030598012606962,0.43721039572534093,-0.1909327929196652,0.3828343983519594,0,1,1,DE,0.6081149158237587,0.5453481458005119,FALSE,FALSE
Def_dec,ope_spp,z_within,46,-0.0991952608416622,0.5119010479056401,-0.11193113484941901,0.4589399206349145,0,2,1,DE,0.6648065557216105,0.6210283093841874,FALSE,FALSE
Def_dec,pan_fla,z_within,23,0.4349557387080115,0.038060671244731954,0.445185843392689,0.03327646080713169,1,1,1,DE,0.10467560467330475,0.09243461335314358,FALSE,FALSE
Def_dec,pha_cya,z_within,46,0.014916770907577396,0.921621349505054,0.054015908064927946,0.7214422442210885,2,2,1,DE,0.953072750263758,0.8321133151338967,FALSE,FALSE
Def_dec,pis_pin,z_within,23,0.047935607440218034,0.8280561583419527,0.048247595867045585,0.8269534345825931,1,1,1,DE,0.8847607011792935,0.9057540356873967,FALSE,FALSE
Def_dec,pit_bid,z_within,23,-0.0031573234898099527,0.9885925951145742,0,1,1,1,1,DE,0.9935603971000745,1,FALSE,FALSE
Def_dec,pit_cha,z_within,46,-0.08651135198533992,0.5675425644050587,-0.08365131106896255,0.5804638950354867,2,2,1,DE,0.7129931713631391,0.7282989050266541,FALSE,FALSE
Def_dec,pit_spp,z_within,23,-0.06473165280672023,0.7691877155755654,-0.065727164134656485,0.7657336135204261,0,1,1,DE,0.8424838067640367,0.8587093092916726,FALSE,FALSE
Def_dec,pol_pol,z_within,0,NA,NA,NA,NA,0,0,0,,NA,NA,TRUE,FALSE
Def_dec,pri_abi,z_within,46,0.034752146176104705,0.8186488892827721,0.07052081230550551,0.6414209236377713,1,2,1,DE,0.8779119774205454,0.7692915410937531,FALSE,FALSE
Def_dec,sap_car,z_within,0,NA,NA,NA,NA,0,0,0,,NA,NA,TRUE,FALSE
Def_dec,sco_int,z_within,46,0.0391640041483102,0.7960888017087911,0.07374680841147614,0.6262057203715696,1,2,1,DE,0.8612335609475574,0.7588222229824121,FALSE,FALSE
Def_dec,sco_rat,z_within,23,0.16704155744010196,0.4461764506173179,0.19707972130433635,0.36740856241959974,1,1,1,DE,0.6132246538190259,0.5333826341306338,FALSE,FALSE
Def_dec,sco_sco,z_within,23,-0.09494059709301478,0.6665387556336386,-0.09726832530780989,0.6588380776636403,0,1,1,DE,0.7804903461752208,0.7787684133139956,FALSE,FALSE
Def_dec,tet_gab,z_within,46,-0.05760786018903338,0.7037384009447496,-0.07604509951927425,0.6154584513595329,1,2,1,DE,0.8002197267295614,0.7505590870238206,FALSE,FALSE
Def_dec,tet_spp,z_within,46,-0.20132639388006474,0.17970352037883602,-0.21417344828215704,0.15292827537429396,0,2,1,DE,0.33262920928818546,0.2918478537677366,FALSE,FALSE
Def_dec,tha_pit,z_within,0,NA,NA,NA,NA,0,0,0,,NA,NA,TRUE,FALSE
Def_dec,tha_pro,z_within,23,0.024091422145301643,0.913114726804021,-0.032228915217702124,0.8839353102159593,1,1,1,DE,0.9481980548328358,0.9405087695132044,FALSE,FALSE
Def_dec,tom_spp,z_within,46,-0.2917135929147534,0.0491756829032382,-0.2925808920176061,0.04847467448173923,2,2,1,DE,0.12597796215971702,0.12395934122361547,FALSE,FALSE
Def_dec,tor_vir,z_within,23,-0.009021902171087948,0.9674112525937775,-0.06440985288470351,0.7703051689179773,1,1,1,DE,0.9810235489719787,0.8606761663888014,FALSE,FALSE
Def_dec,uro_sir_spp,z_within,46,-0.1125868223752524,0.4562960988694841,-0.13025629353384574,0.388240447951834,0,2,1,DE,0.6192498794360822,0.552262372619963,FALSE,FALSE
Def_dec,xyl_lin,z_within,46,-0.15882600672809638,0.29175695835927073,-0.19754927336242395,0.18817962301525515,2,2,1,DE,0.46700603173249094,0.33603504109866994,FALSE,FALSE
Def_dec,xyl_spp,z_within,46,-0.04790893656529612,0.7518708460671452,-0.08649060459708299,0.5676358178399998,1,2,1,DE,0.832636595866163,0.7196928191725609,FALSE,FALSE
Def_dec,zei_gri,z_within,23,-0.09766853508096923,0.657517432053448,-0.09737854440867527,0.658474268902284,0,1,1,DE,0.7747153456284727,0.7787684133139956,FALSE,FALSE
Def_dec&DB,agr_big,z_within,161,0.19581356008786657,0.012796481465495169,0.0965399956636614,0.22312583235200142,43,7,1,DE,0.04443222731074711,0.37882144711715016,FALSE,FALSE
Def_dec&DB,agr_vir,z_within,138,0.160435637316341,0.060142923945252245,0.2487519670903404,0.0032611812499016967,20,6,1,DE,0.14562451318463013,0.013645109832224672,FALSE,FALSE
Def_dec&DB,bup_pin,z_within,115,0.2651966072469017,0.004179030619627084,-0.034361623543020935,0.7154327216335982,16,5,1,DE,0.01730739896871568,0.8280471315203682,FALSE,FALSE
Def_dec&DB,cep_spp,z_within,161,0.0623217714086977,0.43223263543704415,0.0930827359911697,0.24022028760885727,74,7,1,CZ,0.6062168799958544,0.39640311486610114,FALSE,FALSE
Def_dec&DB,clo_ana,z_within,0,NA,NA,NA,NA,0,0,0,,NA,NA,TRUE,FALSE
Def_dec&DB,den_mic,z_within,23,0.44936409809977634,0.03146523528660655,0.3122555567747248,0.14689822960232407,1,1,1,CZ,0.09053281559911319,0.28391169491701423,FALSE,FALSE
Def_dec&DB,den_pin,z_within,69,-0.10327541499752042,0.39841296073547006,-0.3926649834811243,8.461001348776592e-4,5,3,1,DE,0.5720853662956015,0.004209453407351538,FALSE,FALSE
Def_dec&DB,dip_sp,z_within,222,0.16396749339264585,0.014451299732690293,0.15709101086829788,0.019183320459331767,47,10,2,"AT,DE",0.04882195855638612,0.060899430029624654,FALSE,FALSE
Def_dec&DB,era_def,z_within,138,-0.4011728810889084,1.0811153699840647e-6,-0.2613506243265216,0.0019598718979084388,0,6,1,DE,1.1880388681143568e-5,0.008868198633069858,FALSE,FALSE
Def_dec&DB,geo_db,z_within,115,-0.276865879437037,0.002740798734046755,-0.22521269701430582,0.015523578380938449,0,5,1,DE,0.012181327706874466,0.05123293195029191,FALSE,FALSE
Def_dec&DB,ips_acu,z_within,299,0.04818574082146784,0.4064247670915523,0.03516641802729434,0.5446976850224418,103,13,2,"CZ,DE",0.57690950196856,0.6995408796166239,FALSE,FALSE
Def_dec&DB,ips_ami,z_within,23,-0.1482438477178945,0.4996438653704085,-0.18047744680791855,0.409899483814116,0,1,1,DE,0.65398411697697445,0.5757015222108371,FALSE,FALSE
Def_dec&DB,ips_cem,z_within,161,0.14678734690646594,0.06315654191454159,0.13328800152610537,0.09187542125459716,60,7,1,DE,0.14966005193019336,0.20928341971434433,FALSE,FALSE
Def_dec&DB,ips_dup,z_within,184,-0.25020303855968506,6.138096962120754e-4,-0.24927983645929727,6.439751474186348e-4,96,8,1,CZ,0.0034100538678448634,0.0033194595227764682,FALSE,FALSE
Def_dec&DB,ips_sex,z_within,322,4.4870607188378695e-4,0.9936006911536479,-0.013900889619517704,0.8037595719655414,101,14,2,"CZ,DE",0.9955918749034547,0.8910859999617975,FALSE,FALSE
Def_dec&DB,ips_typ,z_within,471,-0.08836681490827927,0.05530931720179964,-0.0942922208525784,0.04080540340260698,244,21,3,"AT,CZ,DE",0.13622984532462967,0.10852500904948664,FALSE,FALSE
Def_dec&DB,lym_dis,z_within,381,0.17696083288010994,5.2004382996427e-4,0.2416991633483477,1.8129363169743419e-6,79,17,3,"AT,CZ,DE",0.002938100734261413,1.9493938892197222e-5,FALSE,FALSE
Def_dec&DB,lym_mon,z_within,253,0.14194234738112996,0.023945929011819366,0.1449286825224164,0.021110384608704763,71,11,2,"CZ,DE",0.07256342124793748,0.06556020064815143,FALSE,FALSE
Def_dec&DB,mel_spp,z_within,161,0.08193908555152642,0.30145039939121937,0.16301558567530644,0.038813311339804125,40,7,1,DE,0.4754738160744785,0.10461808986470114,FALSE,FALSE
Def_dec&DB,neo_ser,z_within,69,0.05722014899959021,0.6404956610331296,0.036695190610497135,0.7646765266624469,2,3,2,"CZ,DE",0.7661431352070929,0.8587093092916726,FALSE,FALSE
Def_dec&DB,ope_spp,z_within,115,-0.10950511630780273,0.24402294511697425,-0.06630029354152224,0.4814330877651396,2,5,1,DE,0.41571200190285224,0.6410560422971233,FALSE,FALSE
Def_dec&DB,pan_fla,z_within,92,0.28042437011146454,0.00677892843353654,0.35505584849804606,5.148850772309753e-4,9,4,2,"CZ,DE",0.025960038684018593,0.00276819933995148,FALSE,FALSE
Def_dec&DB,pha_cya,z_within,450,0.09601879435748371,0.041759681293616166,0.08287740038680917,0.07904954302495108,185,20,3,"AT,CZ,DE",0.1128640034962599,0.18426466905583003,FALSE,FALSE
Def_dec&DB,pis_pin,z_within,115,0.2510610297675176,0.006801530135212871,0.3412967292679181,1.8940598879488532e-4,14,5,1,DE,0.025960038684018593,0.0011549145658224715,FALSE,FALSE
Def_dec&DB,pit_bid,z_within,69,-0.0435202252672427,0.72253704409679,0.023896717358472423,0.8454693154513022,5,3,1,DE,0.8144537029119822,0.91600142519101,FALSE,FALSE
Def_dec&DB,pit_cha,z_within,287,0.07875534760857462,0.18337173672317852,0.08869379717113815,0.13388235864793477,126,13,2,"AT,DE",0.33770117260253874,0.2670148793867423,FALSE,FALSE
Def_dec&DB,pit_spp,z_within,337,-0.15589839616354878,0.004119782962798384,-0.18793361899873376,5.240818452804477e-4,153,15,3,"AT,CZ,DE",0.017186289339005418,0.0028025767127296667,FALSE,FALSE
Def_dec&DB,pol_pol,z_within,184,-0.028681736429911037,0.6991366364180622,0.012114524545161934,0.8703487461103729,90,8,1,CZ,0.7984683097814228,0.9302009733566018,FALSE,FALSE
Def_dec&DB,pri_abi,z_within,276,0.21947170134934643,2.3832515763985498e-4,0.22626396445419758,1.4991969538669323e-4,86,12,2,"CZ,DE",0.0014989003625148112,9.488588315613495e-4,FALSE,FALSE
Def_dec&DB,sap_car,z_within,23,0.3990765396574864,0.059239403131787806,0.41603906175150246,0.04831944539663497,1,1,1,DE,0.1437849590577374,0.12389601383752558,FALSE,FALSE
Def_dec&DB,sco_int,z_within,299,0.006714383265588024,0.90795567030482,0.030908566160507415,0.5944852608260034,76,13,2,"CZ,DE",0.945787156567521,0.7403303372677502,FALSE,FALSE
Def_dec&DB,sco_rat,z_within,230,-0.06150605990333788,0.3531053058682839,7.790398068428623e-4,0.9906247899229819,55,10,2,"CZ,DE",0.5293932621713402,0.9956028039426953,FALSE,FALSE
Def_dec&DB,sco_sco,z_within,69,0.017143124488312525,0.8888099454144538,-0.09341731953283557,0.4451783884505842,4,3,1,DE,0.9316201559132254,0.6106699430049166,FALSE,FALSE
Def_dec&DB,tet_gab,z_within,312,0.05257446473063327,0.3546731099653233,0.05363203533663939,0.345063398097341,101,14,3,"AT,CZ,DE",0.5303300069933093,0.514252456180836,FALSE,FALSE
Def_dec&DB,tet_spp,z_within,138,0.15548884580632624,0.06859803088552227,0.21438378587688006,0.011571132009715586,45,6,1,DE,0.1587917381609312,0.03990045520591581,FALSE,FALSE
Def_dec&DB,tha_pit,z_within,23,0.4899013852018552,0.01764709278977977,0.6199543255983624,0.0016027677492373095,6,1,1,DE,0.05701891171121669,0.007352145638703254,FALSE,FALSE
Def_dec&DB,tha_pro,z_within,138,0.1639678493720578,0.05464443938409355,0.11746698844291056,0.1700234965344479,47,6,1,DE,0.13492454168911988,0.3136964880709371,FALSE,FALSE
Def_dec&DB,tom_spp,z_within,471,0.05980389685733547,0.19511083129421106,0.0686146688126108,0.13703906315402736,236,21,3,"AT,CZ,DE",0.3541031420947569,0.26923195118669424,FALSE,FALSE
Def_dec&DB,tor_vir,z_within,138,-0.38151204577929937,3.896323640199328e-6,-0.3394651699592681,4.6378323059327494e-5,0,6,1,DE,3.782838485630415e-5,3.2892427701650703e-4,FALSE,FALSE
Def_dec&DB,uro_sir_spp,z_within,69,0.08141405594730934,0.5060335900451438,0.013945551121149577,0.9094520905780851,11,3,1,DE,0.6610635604093344,0.9533040781740935,FALSE,FALSE
Def_dec&DB,xyl_lin,z_within,138,-0.09314944036378515,0.27718292280434487,-0.08954583430583468,0.2962740022135929,34,6,1,DE,0.4521744254557013,0.4656454607475567,FALSE,FALSE
Def_dec&DB,xyl_spp,z_within,161,0.13987329415948246,0.0767814028446019,0.015038823999524711,0.8498223188732283,26,7,1,DE,0.17398927989546564,0.918726831214301,FALSE,FALSE
Def_dec&DB,zei_gri,z_within,184,-0.09056968796497658,0.2214470876681404,-0.12887403962132496,0.08124679401198429,55,8,2,"CZ,DE",0.38512536985763546,0.18850764271922107,FALSE,FALSE
agr_big,agr_vir,z_within,207,0.4023832540310443,1.8527065799532068e-9,0.2980400812683783,1.2910369535916354e-5,56,9,1,DE,3.495672792364541e-8,1.0849050030181811e-4,FALSE,FALSE
agr_big,bup_pin,z_within,464,0.23914367957071236,1.8556015502470687e-7,0.23705556464237407,2.3866936163118403e-7,135,22,2,"DE,PL",2.319501937808836e-6,3.225261643664649e-6,FALSE,FALSE
agr_big,cep_spp,z_within,0,NA,NA,NA,NA,0,0,0,,NA,NA,TRUE,FALSE
agr_big,clo_ana,z_within,0,NA,NA,NA,NA,0,0,0,,NA,NA,TRUE,FALSE
agr_big,den_mic,z_within,23,0.24910932455580456,0.2516929637770547,0.266340110575914,0.2192858677398718,1,1,1,DE,0.42515703340718697,0.374847637162174,FALSE,FALSE
agr_big,den_pin,z_within,395,0.17634488713423768,4.294163322971661e-4,0.1795504125397907,3.353103600075045e-4,163,19,2,"DE,PL",0.002556049597006941,0.001862835333375025,FALSE,FALSE
agr_big,dip_sp,z_within,527,0.19068414044471008,1.0454773056677151e-5,0.19750001501058068,4.919035781068473e-6,250,25,2,"DE,PL",8.855124536346036e-5,4.471850710062249e-5,FALSE,FALSE
agr_big,era_def,z_within,230,0.016872835582134572,0.7990991469494914,0.03312352871632353,0.6172557882083407,33,10,1,DE,0.8629580420620856,0.7518340903877476,FALSE,FALSE
agr_big,geo_db,z_within,501,0.06485766920984902,0.14716688906421446,0.11637719563029562,0.009127749624423413,236,24,2,"DE,PL",0.284655491420144,0.03259910580151219,FALSE,FALSE
agr_big,ips_acu,z_within,481,-0.08324653033002702,0.06812850302367739,-0.16669032412510038,2.4064653105986702e-4,130,23,2,"DE,PL",0.15807077267674569,0.0014155678297639238,FALSE,FALSE
agr_big,ips_ami,z_within,46,0.3081380685253343,0.03721735419781497,0.32265436567096134,0.028743600273311957,7,2,1,DE,0.10309516398286696,0.08307398922922532,FALSE,FALSE
agr_big,ips_cem,z_within,253,0.3015366518934127,1.0254044206490004e-6,0.24222806323518611,9.945774887228965e-5,136,11,1,DE,1.139338245165556e-5,6.586605885582096e-4,FALSE,FALSE
agr_big,ips_dup,z_within,0,NA,NA,NA,NA,0,0,0,,NA,NA,TRUE,FALSE
agr_big,ips_sex,z_within,184,0.3202276000503943,9.360837048260712e-6,0.1731281213303989,0.01876355691259255,57,8,1,DE,8.000715425863856e-5,0.05975655067704634,FALSE,FALSE
agr_big,ips_typ,z_within,593,0.21841834072505428,7.760372914542046e-8,0.18726475491730518,4.405995463826126e-6,479,28,2,"DE,PL",1.063064782813979e-6,4.079625429468635e-5,FALSE,FALSE
agr_big,lym_dis,z_within,207,0.1718260569772289,0.013300639786623911,0.09835438714733044,0.15856181552412973,65,9,1,DE,0.045323778837149886,0.29860982207934034,FALSE,FALSE
agr_big,lym_mon,z_within,504,0.03586357942828582,0.42174664567415,0.03722337578011692,0.40435042112777564,281,24,2,"DE,PL",0.594847173024189,0.5703108901661151,FALSE,FALSE
agr_big,mel_spp,z_within,547,0.14844897898179013,4.952633607125255e-4,0.15034866526571922,4.180941486801081e-4,369,26,2,"DE,PL",0.002862793992557951,0.0022846674791262736,FALSE,FALSE
agr_big,neo_ser,z_within,46,0.15933046984177585,0.290207201144342,0.10823194317080995,0.4740097219765568,5,2,1,DE,0.46700603173249094,0.6362546603712171,FALSE,FALSE
agr_big,ope_spp,z_within,207,0.027201630958977815,0.6972277455599389,0.10696188963840024,0.1250299500048905,31,9,1,DE,0.7984683097814228,0.2574775643368968,FALSE,FALSE
agr_big,pan_fla,z_within,438,0.028126834762366708,0.5571465851477002,0.03921785527887046,0.41293564829231566,168,21,2,"DE,PL",0.7061426934698356,0.5783412441068846,FALSE,FALSE
agr_big,pha_cya,z_within,593,0.3929146419422751,2.4988240614733947e-23,0.3836611283754312,3.117728130630947e-22,425,28,2,"DE,PL",3.1235300768417435e-21,3.117728130630947e-20,FALSE,FALSE
agr_big,pis_pin,z_within,161,0.4044548598037905,1.0313957535857742e-7,0.3186152409751393,3.8028087148266796e-5,44,7,1,DE,1.3476885697860304e-6,2.775772784545022e-4,FALSE,FALSE
agr_big,pit_bid,z_within,115,0.3062203632781392,8.737600045718264e-4,0.2469259950457928,0.007805081488053152,45,5,1,DE,0.004672513393432227,0.02838211450201146,FALSE,FALSE
agr_big,pit_cha,z_within,253,0.24553837228852635,7.921094215897541e-5,0.24601414071226513,7.664162813408916e-5,134,11,1,DE,5.425406997190096e-4,5.213716199597902e-4,FALSE,FALSE
agr_big,pit_spp,z_within,92,-0.004985416969537053,0.9623817868223141,-0.011297604987563655,0.9148805253270668,58,4,1,DE,0.9790252154855689,0.9559880097461513,FALSE,FALSE
agr_big,pol_pol,z_within,0,NA,NA,NA,NA,0,0,0,,NA,NA,TRUE,FALSE
agr_big,pri_abi,z_within,184,-0.116906913128948,0.11401077971244748,-0.2407990337605844,9.923601806205175e-4,31,8,1,DE,0.2341083772329517,0.004794010534398635,FALSE,FALSE
agr_big,sap_car,z_within,23,0.25395933013360983,0.24227484409713712,0.32149160294118895,0.13468512939845867,1,1,1,DE,0.41414503264467883,0.2670148793867423,FALSE,FALSE
agr_big,sco_int,z_within,184,0.3583582539819958,5.890498962233952e-7,0.2859983766144233,8.300406602409211e-5,58,8,1,DE,6.770688462337876e-6,5.608382839465683e-4,FALSE,FALSE
agr_big,sco_rat,z_within,69,0.6533638926742446,1.1618698201504026e-9,0.6017467583866305,4.535505557443572e-8,32,3,1,DE,2.278176117941966e-8,7.315331544263826e-7,FALSE,FALSE
agr_big,sco_sco,z_within,115,0.25211305451952576,0.006565215668114978,0.20120994601930212,0.03106270933661258,24,5,1,DE,0.025348323042914973,0.08820411176693971,FALSE,FALSE
agr_big,tet_gab,z_within,207,0.28818159823377065,2.5448774522279517e-5,0.209666268257098,0.002428754078001367,68,9,1,DE,2.0197440097047238e-4,0.010559800339136378,FALSE,FALSE
agr_big,tet_spp,z_within,184,0.061878490187534836,0.40403274762550134,0.145401715076067,0.04891149109182647,57,8,1,DE,0.5763662590948664,0.12440388926605918,FALSE,FALSE
agr_big,tha_pit,z_within,23,0.22386911130466447,0.30448013884448794,0.27745229987799047,0.1999294644972064,10,1,1,DE,0.47799079881395284,0.3495270358342769,FALSE,FALSE
agr_big,tha_pro,z_within,230,0.0620513058985319,0.3488457503731486,0.13207548126916527,0.0454048535405433,87,10,1,DE,0.5245800757490956,0.11836851140994416,FALSE,FALSE
agr_big,tom_spp,z_within,533,0.33320232030004104,2.7575037046913464e-15,0.3708636784845403,8.01158371122279e-19,263,25,2,"DE,PL",1.2135501492442922e-13,5.722559793730565e-17,FALSE,FALSE
agr_big,tor_vir,z_within,570,0.16928675351966008,4.862318601202959e-5,0.19614693081997722,2.3750152722179205e-6,265,27,2,"DE,PL",3.5752342655904107e-4,2.44846935280198e-5,FALSE,FALSE
agr_big,uro_sir_spp,z_within,92,0.22612088080254372,0.030206160450221984,0.03514485721919206,0.7394427510334731,6,4,1,DE,0.08858111568980054,0.8470134605194423,FALSE,FALSE
agr_big,xyl_lin,z_within,230,0.0606327788079029,0.35999528217894294,0.09721577756111112,0.14161565712108629,103,10,1,DE,0.5341176293456127,0.27713435835829014,FALSE,FALSE
agr_big,xyl_spp,z_within,253,0.09401765810216339,0.13587166507078652,0.10298084773454583,0.10220699840986222,93,11,1,DE,0.2669384382530187,0.2251255471582868,FALSE,FALSE
agr_big,zei_gri,z_within,23,0.006149642809086199,0.9777833093237914,0.019013862564943734,0.9313793521963667,2,1,1,DE,0.9859592162436267,0.9626396358005693,FALSE,FALSE
agr_vir,bup_pin,z_within,138,-0.15322996158086244,0.07276800674064708,-0.23118782569847662,0.006368085193445657,5,6,1,DE,0.1661370016909751,0.023884660890019147,FALSE,FALSE
agr_vir,cep_spp,z_within,0,NA,NA,NA,NA,0,0,0,,NA,NA,TRUE,FALSE
agr_vir,clo_ana,z_within,0,NA,NA,NA,NA,0,0,0,,NA,NA,TRUE,FALSE
agr_vir,den_mic,z_within,23,0.7693546402599964,1.7794306754216794e-5,0.7229988054812213,9.720119627037229e-5,1,1,1,DE,1.470603863984859e-4,6.480079751358153e-4,FALSE,FALSE
agr_vir,den_pin,z_within,92,-0.11679159435643065,0.26755599226053123,-0.1664268630761798,0.112838288125852,4,4,1,DE,0.4429734971200848,0.24008146409755746,FALSE,FALSE
agr_vir,dip_sp,z_within,184,-0.023275853826580244,0.7538097383427853,-0.09399023595551632,0.2044166724708511,13,8,1,DE,0.833860330025205,0.3548900563730054,FALSE,FALSE
agr_vir,era_def,z_within,184,0.09436195187295861,0.20262449656615958,-0.07255525306196231,0.3276931553740634,14,8,1,DE,0.36443254778086254,0.4957536389925316,FALSE,FALSE
agr_vir,geo_db,z_within,161,-0.17486371436479012,0.02651354700867048,-0.25745590271269864,9.770441618099058e-4,10,7,1,DE,0.07867521367558006,0.004742932824319931,FALSE,FALSE
agr_vir,ips_acu,z_within,138,0.4701470767696961,5.953430193530306e-9,0.3504346328083651,2.51287159454686e-5,16,6,1,DE,1.0052962841898035e-7,1.9292151901814447e-4,FALSE,FALSE
agr_vir,ips_ami,z_within,46,-0.06261931301983985,0.6792968075118051,-0.18921939544480187,0.2078700299551066,1,2,1,DE,0.7871341917865644,0.3586919794162386,FALSE,FALSE
agr_vir,ips_cem,z_within,207,0.2848920006194881,3.1739994435669995e-5,0.17280664708326782,0.012775739006241555,53,9,1,DE,2.4415380335130767e-4,0.043201900114655696,FALSE,FALSE
agr_vir,ips_dup,z_within,0,NA,NA,NA,NA,0,0,0,,NA,NA,TRUE,FALSE
agr_vir,ips_sex,z_within,138,0.25127795465337566,0.0029505004161534494,0.14925696081031312,0.08059837954464051,15,6,1,DE,0.0129977991901033,0.18743809196428027,FALSE,FALSE
agr_vir,ips_typ,z_within,207,0.29213200593072136,1.9447795555743487e-5,0.22053490882139817,0.0014073582356888032,52,9,1,DE,1.5725918444733531e-4,0.0065764403536859965,FALSE,FALSE
agr_vir,lym_dis,z_within,161,0.36464002527305583,1.9797327984911225e-6,0.3955981595291035,2.059000258874718e-7,43,7,1,DE,2.0201355086644108e-5,2.8597225817704417e-6,FALSE,FALSE
agr_vir,lym_mon,z_within,138,-0.17507862178476968,0.03998610899748219,-0.12131241908354334,0.156372992054721,8,6,1,DE,0.10836343901756693,0.2966100387271638,FALSE,FALSE
agr_vir,mel_spp,z_within,161,0.11997315562944859,0.12954262297395666,0.19837866038551827,0.0116473223760899,37,7,1,DE,0.2565776286456645,0.04002516280443264,FALSE,FALSE
agr_vir,neo_ser,z_within,23,0.24284748902538117,0.2641978672303349,0.32410372979295693,0.13136701743636436,2,1,1,DE,0.4381390833007212,0.2670061330007406,FALSE,FALSE
agr_vir,ope_spp,z_within,161,0.0646994334318808,0.41484229995476984,0.08941382356885191,0.2593389259795012,16,7,1,DE,0.5859354519135168,0.42237610094381306,FALSE,FALSE
agr_vir,pan_fla,z_within,115,-0.1259169781486554,0.17995240222490833,-0.09246724650527378,0.3256685371581258,4,5,1,DE,0.33262920928818546,0.4941263885696527,FALSE,FALSE
agr_vir,pha_cya,z_within,207,0.40813548237545116,1.0318997907205209e-9,0.401475727240043,2.0298629377060864e-9,54,9,1,DE,2.0637995814410417e-8,4.412745516752362e-8,FALSE,FALSE
agr_vir,pis_pin,z_within,138,0.1481390221526748,0.08291968950353323,0.2517288206862922,0.00289794371883055,12,6,1,DE,0.18285225082663564,0.012384374866797221,FALSE,FALSE
agr_vir,pit_bid,z_within,92,0.4054515066097496,6.087311239305018e-5,0.2421980677414897,0.020015042836461994,14,4,1,DE,4.3172420136915017e-4,0.06313893639262458,FALSE,FALSE
agr_vir,pit_cha,z_within,207,0.17793386462787442,0.010316932603091484,0.1605506060345118,0.020835899086690143,50,9,1,DE,0.03671506264445368,0.06490934294919047,FALSE,FALSE
agr_vir,pit_spp,z_within,69,0.08617441261279489,0.48140004174070505,0.2186479905197893,0.07108187356375728,35,3,1,DE,0.6427236872372564,0.1696464762858169,FALSE,FALSE
agr_vir,pol_pol,z_within,0,NA,NA,NA,NA,0,0,0,,NA,NA,TRUE,FALSE
agr_vir,pri_abi,z_within,138,-0.21430461722681685,0.01160260447688727,-0.18673733136154244,0.028304376379092035,11,6,1,DE,0.04085424111580025,0.0825200477524549,FALSE,FALSE
agr_vir,sap_car,z_within,23,0.47273607767830916,0.022726264642799334,0.4863416265390495,0.018616434413576122,1,1,1,DE,0.06971246822944581,0.059477426241457264,FALSE,FALSE
agr_vir,sco_int,z_within,138,0.2533880052668425,0.002711733126801213,0.25412991172872207,0.002632022739834027,20,6,1,DE,0.012160238236776737,0.011344925602732876,FALSE,FALSE
agr_vir,sco_rat,z_within,46,0.44660997739058744,0.0018627278054700097,0.40877661017329237,0.004794297697360432,6,2,1,DE,0.008623739840138934,0.018994481082092885,FALSE,FALSE
agr_vir,sco_sco,z_within,92,0.009041036574031498,0.9318363601909831,0.018071617961465242,0.8642388334601466,5,4,1,DE,0.9596666943264502,0.9263010004931904,FALSE,FALSE
agr_vir,tet_gab,z_within,161,0.20557875517291666,0.008891918289773601,0.09354896623128037,0.237863136808271,29,7,1,DE,0.03210078804972419,0.3938131404110447,FALSE,FALSE
agr_vir,tet_spp,z_within,161,0.08333191916871574,0.2932797879280043,0.12205184457605904,0.12298382678450918,28,7,1,DE,0.46700603173249094,0.25515316760271617,FALSE,FALSE
agr_vir,tha_pit,z_within,23,0.4819421532933191,0.019873542810707225,0.44678616600510684,0.03257322915697752,4,1,1,DE,0.06289095826173172,0.09098667362284224,FALSE,FALSE
agr_vir,tha_pro,z_within,184,0.22867607226968842,0.0017947352105201582,0.23254736344311225,0.0014901603734048417,42,8,1,DE,0.008386613133271768,0.006930978480952752,FALSE,FALSE
agr_vir,tom_spp,z_within,207,0.17343652188604344,0.012448251641655916,0.08977303116480333,0.19830815834763316,47,9,1,DE,0.04352535539040531,0.34881757415832254,FALSE,FALSE
agr_vir,tor_vir,z_within,207,-0.023473080572688366,0.7370819986487918,-0.11426128264547043,0.10113994319252609,27,9,1,DE,0.8217190620387868,0.22326698276495827,FALSE,FALSE
agr_vir,uro_sir_spp,z_within,69,0.12944890142742785,0.28909578160694455,-0.18677428519711733,0.12437236810178633,1,3,1,DE,0.46628351872087825,0.25696770268964114,FALSE,FALSE
agr_vir,xyl_lin,z_within,184,-0.1922649887915832,0.008931200454308896,-0.2752378619526263,1.5597178945740936e-4,32,8,1,DE,0.03212662033924063,9.809546506755306e-4,FALSE,FALSE
agr_vir,xyl_spp,z_within,207,-0.1170737818533673,0.09296108620641967,-0.2370809019154884,5.827608535211774e-4,30,9,1,DE,0.19991631442240787,0.0030511039451370544,FALSE,FALSE
agr_vir,zei_gri,z_within,23,-0.13775445706015418,0.5307871812101217,-0.14080914257394453,0.5216245289391647,0,1,1,DE,0.6832652053377484,0.6819463083573284,FALSE,FALSE
bup_pin,cep_spp,z_within,0,NA,NA,NA,NA,0,0,0,,NA,NA,TRUE,FALSE
bup_pin,clo_ana,z_within,0,NA,NA,NA,NA,0,0,0,,NA,NA,TRUE,FALSE
bup_pin,den_mic,z_within,0,NA,NA,NA,NA,0,0,0,,NA,NA,TRUE,FALSE
bup_pin,den_pin,z_within,375,0.36819042668057694,1.7509904352151565e-13,0.30026795388954486,2.9798565356826333e-9,88,18,2,"DE,PL",6.253537268625559e-12,6.081339868740069e-8,FALSE,FALSE
bup_pin,dip_sp,z_within,441,0.31976033256971936,6.1002471562039e-12,0.3239518192699779,3.1116346921247616e-12,119,21,2,"DE,PL",1.6053281990010263e-10,9.151866741543415e-11,FALSE,FALSE
bup_pin,era_def,z_within,161,-0.06018925444776836,0.44817969224911247,0.15174799611413092,0.054655262941895516,12,7,1,DE,0.6147869578177126,0.13698060887693111,FALSE,FALSE
bup_pin,geo_db,z_within,395,0.1837680358682625,2.4060099506249043e-4,0.20916213195423594,2.7861103688762586e-5,93,19,2,"DE,PL",0.0015037562191405653,2.0948198262227507e-4,FALSE,FALSE
bup_pin,ips_acu,z_within,375,-0.2346991825263723,4.346548033155246e-6,-0.2212672553501563,1.5306325517071867e-5,30,18,2,"DE,PL",4.139569555385948e-5,1.2546168456616284e-4,FALSE,FALSE
bup_pin,ips_ami,z_within,23,0.2325004055948246,0.28571561128876916,0.30425713851176006,0.15809173180279243,2,1,1,DE,0.46307230354743784,0.2982862864203631,FALSE,FALSE
bup_pin,ips_cem,z_within,184,0.2035466331704299,0.0055833385513493405,0.10081493841446598,0.1733011877173881,52,8,1,DE,0.02206853182351518,0.317401442705839,FALSE,FALSE
bup_pin,ips_dup,z_within,0,NA,NA,NA,NA,0,0,0,,NA,NA,TRUE,FALSE
bup_pin,ips_sex,z_within,138,0.25145974022469053,0.002929207360980399,0.07929094301691632,0.3552563858702633,34,6,1,DE,0.012961094517612383,0.5232052811049533,FALSE,FALSE
bup_pin,ips_typ,z_within,464,0.08722043139296448,0.060477418393114324,-0.005716940322218385,0.9022531982872644,159,22,2,"DE,PL",0.14608072075631479,0.9483995543515493,FALSE,FALSE
bup_pin,lym_dis,z_within,161,0.19149794648436289,0.01495493586661826,0.11063748417728124,0.16235733258783627,22,7,1,DE,0.05001650791511124,0.30290547124596323,FALSE,FALSE
bup_pin,lym_mon,z_within,464,0.3136177982309187,4.763021485110595e-12,0.2797763478404495,8.612128818867316e-10,131,22,2,"DE,PL",1.2873031040839446e-10,1.9573020042880264e-8,FALSE,FALSE
bup_pin,mel_spp,z_within,441,0.22899176132458166,1.1744286993500173e-6,0.2271973451346106,1.4299157096090497e-6,118,21,2,"DE,PL",1.2765529340761058e-5,1.6066468647292694e-5,FALSE,FALSE
bup_pin,neo_ser,z_within,46,-0.1060048844379545,0.4832073409267972,0.030434856306419372,0.8408667790730913,3,2,1,DE,0.6434185631515276,0.913985629427273,FALSE,FALSE
bup_pin,ope_spp,z_within,138,0.2109041046958048,0.01302730130317256,0.13656482390997646,0.11022708528500215,13,6,1,DE,0.0450771671390054,0.23552796001068835,FALSE,FALSE
bup_pin,pan_fla,z_within,418,0.37370528267476955,2.662340644805847e-15,0.28393283565569477,3.4273837154177344e-9,92,20,2,"DE,PL",1.2135501492442922e-13,6.854767430835469e-8,FALSE,FALSE
bup_pin,pha_cya,z_within,464,0.24656345209279046,7.44459887331092e-8,0.23870221850884749,1.9573990285553853e-7,156,22,2,"DE,PL",1.0339720657376278e-6,2.7569000402188525e-6,FALSE,FALSE
bup_pin,pis_pin,z_within,138,0.2748315377423307,0.0011054050600502686,0.10145823018496497,0.2363808469156488,31,6,1,DE,0.0055547992967350185,0.39345117267214197,FALSE,FALSE
bup_pin,pit_bid,z_within,92,0.11893758063975918,0.25880294015672944,-0.0064237027479799045,0.9515406452759532,26,4,1,DE,0.4317207423115079,0.9735992765927732,FALSE,FALSE
bup_pin,pit_cha,z_within,184,0.2882006577656623,7.271909071430872e-5,0.15229642902992704,0.03903425777089921,55,8,1,DE,5.049936855160328e-4,0.10464948464048045,FALSE,FALSE
bup_pin,pit_spp,z_within,46,-0.10279297904618881,0.4966352854471744,-0.02615041896565487,0.8630373012951531,4,2,1,DE,0.6524469658617936,0.9263010004931904,FALSE,FALSE
bup_pin,pol_pol,z_within,0,NA,NA,NA,NA,0,0,0,,NA,NA,TRUE,FALSE
bup_pin,pri_abi,z_within,161,0.11207858376349693,0.1569217113934657,0.10757401023518194,0.1743778660074319,18,7,1,DE,0.2983302497974633,0.31878951738104555,FALSE,FALSE
bup_pin,sap_car,z_within,23,-0.23988087104031094,0.27025828468974933,-0.23203111196084317,0.28671681261304705,0,1,1,DE,0.4448711271859397,0.4560763249792194,FALSE,FALSE
bup_pin,sco_int,z_within,115,-0.09181098423318342,0.3291286809363634,-0.09967426193234502,0.28921173573738707,20,5,1,DE,0.5029232352719941,0.4583387254158274,FALSE,FALSE
bup_pin,sco_rat,z_within,69,-0.058508791031153064,0.6329768581581505,-0.2292632988991294,0.0581007771121935,17,3,1,DE,0.7607894929785463,0.14345870891899629,FALSE,FALSE
bup_pin,sco_sco,z_within,69,0.11569773106173332,0.3437996786710903,0.11207566315266235,0.35921827423842134,13,3,1,DE,0.518551551540106,0.5259418363666492,FALSE,FALSE
bup_pin,tet_gab,z_within,138,0.3561664914978123,1.8076760243026143e-5,0.23872666103191148,0.0048056037137695,27,6,1,DE,1.481701659264438e-4,0.018994481082092885,FALSE,FALSE
bup_pin,tet_spp,z_within,115,0.18382826153365703,0.04922978277243684,0.1473099354389485,0.116171154524334,14,5,1,DE,0.12597796215971702,0.24457085163017683,FALSE,FALSE
bup_pin,tha_pit,z_within,23,-0.6439950439766439,9.127783342963421e-4,-0.6943787330028675,2.3693764692776786e-4,3,1,1,DE,0.0048552039058316065,0.0014103431364748088,FALSE,FALSE
bup_pin,tha_pro,z_within,161,0.06135750591113279,0.43940278723797244,0.1289451174870263,0.10306038121221218,27,7,1,DE,0.6085911180581336,0.22551505735713825,FALSE,FALSE
bup_pin,tom_spp,z_within,404,0.2763126195280879,1.6335106854563726e-8,0.2757788924461138,1.744849464605336e-8,106,19,2,"DE,PL",2.5130933622405733e-7,3.0083611458712695e-7,FALSE,FALSE
bup_pin,tor_vir,z_within,441,0.16669179263283912,4.393952814612117e-4,0.1805036036215948,1.383122732977438e-4,93,21,2,"DE,PL",0.002584678126242422,8.866171365239988e-4,FALSE,FALSE
bup_pin,uro_sir_spp,z_within,46,0.03649087514490206,0.8097394810534784,0.2100715091013846,0.16113764122577584,4,2,1,DE,0.8716248450521834,0.30191436499470736,FALSE,FALSE
bup_pin,xyl_lin,z_within,161,0.29680306723036703,1.3174185595537884e-4,0.20611571806901766,0.008711692034146458,44,7,1,DE,8.724626222210519e-4,0.031224702631349313,FALSE,FALSE
bup_pin,xyl_spp,z_within,184,0.28698121489114825,7.825617788199882e-5,0.3386069238383962,2.5836322423052165e-6,45,8,1,DE,5.396977784965436e-4,2.6097295376820365e-5,FALSE,FALSE
bup_pin,zei_gri,z_within,23,0.05686098573937332,0.7966410438764906,-0.008728734952918088,0.9684697062672593,1,1,1,DE,0.8612335609475574,0.9792413612409093,FALSE,FALSE
cep_spp,clo_ana,z_within,0,NA,NA,NA,NA,0,0,0,,NA,NA,TRUE,FALSE
cep_spp,den_mic,z_within,23,-0.10852937104017223,0.6220669808320997,-0.13815269518188256,0.5295883758547573,0,1,1,CZ,0.7549356563496354,0.6895681977275485,FALSE,FALSE
cep_spp,den_pin,z_within,0,NA,NA,NA,NA,0,0,0,,NA,NA,TRUE,FALSE
cep_spp,dip_sp,z_within,0,NA,NA,NA,NA,0,0,0,,NA,NA,TRUE,FALSE
cep_spp,era_def,z_within,0,NA,NA,NA,NA,0,0,0,,NA,NA,TRUE,FALSE
cep_spp,geo_db,z_within,0,NA,NA,NA,NA,0,0,0,,NA,NA,TRUE,FALSE
cep_spp,ips_acu,z_within,161,-0.1323541372395329,0.09419517464496203,-0.13712634460813541,0.08281443245378264,92,7,1,CZ,0.2017027294324669,0.191257349777789,FALSE,FALSE
cep_spp,ips_ami,z_within,0,NA,NA,NA,NA,0,0,0,,NA,NA,TRUE,FALSE
cep_spp,ips_cem,z_within,0,NA,NA,NA,NA,0,0,0,,NA,NA,TRUE,FALSE
cep_spp,ips_dup,z_within,161,-0.26750068839798585,6.024927346854068e-4,-0.29988906607447424,1.1115567372050528e-4,91,7,1,CZ,0.003365881199359815,7.265076713758514e-4,FALSE,FALSE
cep_spp,ips_sex,z_within,161,-0.18201932465111778,0.020837847809482845,-0.20372704777667344,0.00953898561760116,88,7,1,CZ,0.06491541373670669,0.033826190133337444,FALSE,FALSE
cep_spp,ips_typ,z_within,161,-0.3086505720179531,6.790061863137903e-5,-0.3180034863922516,3.9429347166450554e-5,96,7,1,CZ,4.748295009187345e-4,2.857199070032649e-4,FALSE,FALSE
cep_spp,lym_dis,z_within,115,-0.048900388515316244,0.603774545152085,-0.05796401631121088,0.5383420879447689,7,5,1,CZ,0.7408276627632945,0.6946349521867986,FALSE,FALSE
cep_spp,lym_mon,z_within,138,0.14391281355955865,0.09218301251931042,0.17746603489783633,0.037310529948383825,65,6,1,CZ,0.19867028560196215,0.10138730964234735,FALSE,FALSE
cep_spp,mel_spp,z_within,0,NA,NA,NA,NA,0,0,0,,NA,NA,TRUE,FALSE
cep_spp,neo_ser,z_within,46,-0.05881882010846213,0.6978041086960439,-0.1269722692054924,0.40041570770150603,1,2,1,CZ,0.7984683097814228,0.5663588510629506,FALSE,FALSE
cep_spp,ope_spp,z_within,0,NA,NA,NA,NA,0,0,0,,NA,NA,TRUE,FALSE
cep_spp,pan_fla,z_within,23,-0.2632700447611223,0.22484591006143906,-0.2756628939405246,0.20296553887920404,0,1,1,CZ,0.38968095331271935,0.35359849978955404,FALSE,FALSE
cep_spp,pha_cya,z_within,161,-0.08165632095752541,0.3031273047589603,-0.06265169233108167,0.42979488548686984,86,7,1,CZ,0.4766152590549691,0.5961094112161857,FALSE,FALSE
cep_spp,pis_pin,z_within,0,NA,NA,NA,NA,0,0,0,,NA,NA,TRUE,FALSE
cep_spp,pit_bid,z_within,0,NA,NA,NA,NA,0,0,0,,NA,NA,TRUE,FALSE
cep_spp,pit_cha,z_within,0,NA,NA,NA,NA,0,0,0,,NA,NA,TRUE,FALSE
cep_spp,pit_spp,z_within,161,-0.30151873422441144,1.0153780089746621e-4,-0.3528999419984013,4.400495489764322e-6,76,7,1,CZ,6.878789872530258e-4,4.079625429468635e-5,FALSE,FALSE
cep_spp,pol_pol,z_within,161,0.01702239275412908,0.8302955598584398,-0.025697310771888405,0.7462597133732685,84,7,1,CZ,0.8861211951530841,0.8509232763663267,FALSE,FALSE
cep_spp,pri_abi,z_within,138,0.4241814920248439,2.164487226478626e-7,0.4213204939277098,2.6611580602370574e-7,73,6,1,CZ,2.6396185688763734e-6,3.397592750652284e-6,FALSE,FALSE
cep_spp,sap_car,z_within,0,NA,NA,NA,NA,0,0,0,,NA,NA,TRUE,FALSE
cep_spp,sco_int,z_within,161,-0.13321963715066498,0.09204368370109188,-0.07454945677726142,0.34728697766613525,55,7,1,CZ,0.19867028560196215,0.5167960977174632,FALSE,FALSE
cep_spp,sco_rat,z_within,161,-0.2803473165745918,3.157806295079755e-4,-0.26355274071950996,7.302113370430333e-4,44,7,1,CZ,0.001909252429840233,0.003687936045671885,FALSE,FALSE
cep_spp,sco_sco,z_within,0,NA,NA,NA,NA,0,0,0,,NA,NA,TRUE,FALSE
cep_spp,tet_gab,z_within,46,0.30764492106557895,0.03753786333826127,0.17638354902591527,0.24096036574240765,4,2,1,CZ,0.10369575507806982,0.3969693010583322,FALSE,FALSE
cep_spp,tet_spp,z_within,0,NA,NA,NA,NA,0,0,0,,NA,NA,TRUE,FALSE
cep_spp,tha_pit,z_within,0,NA,NA,NA,NA,0,0,0,,NA,NA,TRUE,FALSE
cep_spp,tha_pro,z_within,0,NA,NA,NA,NA,0,0,0,,NA,NA,TRUE,FALSE
cep_spp,tom_spp,z_within,161,-0.18084574632645886,0.02168969655854988,-0.13884557732546415,0.07899560328794288,94,7,1,CZ,0.06715076333916373,0.18426466905583003,FALSE,FALSE
cep_spp,tor_vir,z_within,0,NA,NA,NA,NA,0,0,0,,NA,NA,TRUE,FALSE
cep_spp,uro_sir_spp,z_within,0,NA,NA,NA,NA,0,0,0,,NA,NA,TRUE,FALSE
cep_spp,xyl_lin,z_within,0,NA,NA,NA,NA,0,0,0,,NA,NA,TRUE,FALSE
cep_spp,xyl_spp,z_within,0,NA,NA,NA,NA,0,0,0,,NA,NA,TRUE,FALSE
cep_spp,zei_gri,z_within,161,0.03014999269485231,0.704193359522014,-0.018699742877449438,0.8138634180358664,53,7,1,CZ,0.8002197267295614,0.8967732984666332,FALSE,FALSE
clo_ana,den_mic,z_within,0,NA,NA,NA,NA,0,0,0,,NA,NA,TRUE,FALSE
clo_ana,den_pin,z_within,0,NA,NA,NA,NA,0,0,0,,NA,NA,TRUE,FALSE
clo_ana,dip_sp,z_within,0,NA,NA,NA,NA,0,0,0,,NA,NA,TRUE,FALSE
clo_ana,era_def,z_within,0,NA,NA,NA,NA,0,0,0,,NA,NA,TRUE,FALSE
clo_ana,geo_db,z_within,23,-0.3995241449660467,0.05892882134655456,-0.34559522606575716,0.10626553850228947,1,1,1,RO,0.14337912736387973,0.2310120402223684,FALSE,FALSE
clo_ana,ips_acu,z_within,0,NA,NA,NA,NA,0,0,0,,NA,NA,TRUE,FALSE
clo_ana,ips_ami,z_within,0,NA,NA,NA,NA,0,0,0,,NA,NA,TRUE,FALSE
clo_ana,ips_cem,z_within,0,NA,NA,NA,NA,0,0,0,,NA,NA,TRUE,FALSE
clo_ana,ips_dup,z_within,22,0.5583304608419918,0.0069225204416039215,0.46023930668430163,0.03113605145372972,3,1,1,RO,0.026221668339408796,0.08820411176693971,FALSE,FALSE
clo_ana,ips_sex,z_within,0,NA,NA,NA,NA,0,0,0,,NA,NA,TRUE,FALSE
clo_ana,ips_typ,z_within,22,-0.3055440512168623,0.1667237954412371,-0.3124168034772494,0.15690671048666965,3,1,1,RO,0.31163326250698525,0.2966100387271638,FALSE,FALSE
clo_ana,lym_dis,z_within,23,0.018086008169012586,0.9347208492978561,-0.09277765514295684,0.6737236033410711,4,1,1,RO,0.9616469642982058,0.7907554029824778,FALSE,FALSE
clo_ana,lym_mon,z_within,0,NA,NA,NA,NA,0,0,0,,NA,NA,TRUE,FALSE
clo_ana,mel_spp,z_within,0,NA,NA,NA,NA,0,0,0,,NA,NA,TRUE,FALSE
clo_ana,neo_ser,z_within,0,NA,NA,NA,NA,0,0,0,,NA,NA,TRUE,FALSE
clo_ana,ope_spp,z_within,0,NA,NA,NA,NA,0,0,0,,NA,NA,TRUE,FALSE
clo_ana,pan_fla,z_within,0,NA,NA,NA,NA,0,0,0,,NA,NA,TRUE,FALSE
clo_ana,pha_cya,z_within,0,NA,NA,NA,NA,0,0,0,,NA,NA,TRUE,FALSE
clo_ana,pis_pin,z_within,0,NA,NA,NA,NA,0,0,0,,NA,NA,TRUE,FALSE
clo_ana,pit_bid,z_within,0,NA,NA,NA,NA,0,0,0,,NA,NA,TRUE,FALSE
clo_ana,pit_cha,z_within,0,NA,NA,NA,NA,0,0,0,,NA,NA,TRUE,FALSE
clo_ana,pit_spp,z_within,0,NA,NA,NA,NA,0,0,0,,NA,NA,TRUE,FALSE
clo_ana,pol_pol,z_within,0,NA,NA,NA,NA,0,0,0,,NA,NA,TRUE,FALSE
clo_ana,pri_abi,z_within,0,NA,NA,NA,NA,0,0,0,,NA,NA,TRUE,FALSE
clo_ana,sap_car,z_within,0,NA,NA,NA,NA,0,0,0,,NA,NA,TRUE,FALSE
clo_ana,sco_int,z_within,0,NA,NA,NA,NA,0,0,0,,NA,NA,TRUE,FALSE
clo_ana,sco_rat,z_within,0,NA,NA,NA,NA,0,0,0,,NA,NA,TRUE,FALSE
clo_ana,sco_sco,z_within,0,NA,NA,NA,NA,0,0,0,,NA,NA,TRUE,FALSE
clo_ana,tet_gab,z_within,0,NA,NA,NA,NA,0,0,0,,NA,NA,TRUE,FALSE
clo_ana,tet_spp,z_within,0,NA,NA,NA,NA,0,0,0,,NA,NA,TRUE,FALSE
clo_ana,tha_pit,z_within,0,NA,NA,NA,NA,0,0,0,,NA,NA,TRUE,FALSE
clo_ana,tha_pro,z_within,0,NA,NA,NA,NA,0,0,0,,NA,NA,TRUE,FALSE
clo_ana,tom_spp,z_within,0,NA,NA,NA,NA,0,0,0,,NA,NA,TRUE,FALSE
clo_ana,tor_vir,z_within,23,-0.5616943032115271,0.005285247047472498,-0.4433125860661446,0.034114848401569683,2,1,1,RO,0.02105676114530876,0.09423991271151846,FALSE,FALSE
clo_ana,uro_sir_spp,z_within,0,NA,NA,NA,NA,0,0,0,,NA,NA,TRUE,FALSE
clo_ana,xyl_lin,z_within,0,NA,NA,NA,NA,0,0,0,,NA,NA,TRUE,FALSE
clo_ana,xyl_spp,z_within,0,NA,NA,NA,NA,0,0,0,,NA,NA,TRUE,FALSE
clo_ana,zei_gri,z_within,0,NA,NA,NA,NA,0,0,0,,NA,NA,TRUE,FALSE
den_mic,den_pin,z_within,23,0.4329575969819365,0.039055336542544374,0.445708916865013,0.03304529557809414,3,1,1,LT,0.1067085697883726,0.09204817709775526,FALSE,FALSE
den_mic,dip_sp,z_within,23,0.18673725823522513,0.3935708036079911,0.13446145291543896,0.5407486275890219,1,1,1,LT,0.5687439358496982,0.6959441796512508,FALSE,FALSE
den_mic,era_def,z_within,23,-0.11215048658060106,0.6104208731121894,-0.11129646084817225,0.6131594779723348,0,1,1,DE,0.7465575075171318,0.7505590870238206,FALSE,FALSE
den_mic,geo_db,z_within,23,-0.27284088622532837,0.20781654937030425,-0.3057491951594907,0.15595959954117655,0,1,1,LT,0.37168193931414223,0.2966100387271638,FALSE,FALSE
den_mic,ips_acu,z_within,46,0.005844293675881043,0.969251266384315,-0.05114955181178645,0.7356744400213054,6,2,2,"CZ,LT",0.9810235489719787,0.8446319632850808,FALSE,FALSE
den_mic,ips_ami,z_within,23,-0.16489564030321066,0.4521228150979183,-0.1643262936896395,0.4537074156191987,0,1,1,DE,0.6176541189862271,0.6172291733246208,FALSE,FALSE
den_mic,ips_cem,z_within,23,0.2775572961866366,0.19975227750474603,0.28401048234119036,0.18906547580997035,1,1,1,DE,0.3612156916903183,0.33701510839566906,FALSE,FALSE
den_mic,ips_dup,z_within,23,-0.4087510131576323,0.05280114713067655,-0.32141217326661253,0.1347869576511152,1,1,1,CZ,0.13094970623293742,0.2670148793867423,FALSE,FALSE
den_mic,ips_sex,z_within,23,-0.12639434103572164,0.5655110951150264,-0.1930859469221538,0.37738971107054564,1,1,1,CZ,0.7125401627947997,0.5404158425965603,FALSE,FALSE
den_mic,ips_typ,z_within,69,-0.1161791207461158,0.34178204172049764,-0.052672017400082954,0.6673177707133218,7,3,3,"CZ,DE,LT",0.51755585292737,0.7850797302509668,FALSE,FALSE
den_mic,lym_dis,z_within,23,0.27699953281394063,0.20069475114732205,0.28497871130539626,0.18749641735056832,3,1,1,LT,0.3622648937677293,0.3358657197508397,FALSE,FALSE
den_mic,lym_mon,z_within,23,-0.20031172025825586,0.3594439887922287,-0.1596370380461474,0.46686822952353146,1,1,1,LT,0.5340921081608153,0.6275110611875423,FALSE,FALSE
den_mic,mel_spp,z_within,0,NA,NA,NA,NA,0,0,0,,NA,NA,TRUE,FALSE
den_mic,neo_ser,z_within,0,NA,NA,NA,NA,0,0,0,,NA,NA,TRUE,FALSE
den_mic,ope_spp,z_within,23,-0.11206835021885247,0.6106840411490138,-0.11129646084817225,0.6131594779723348,0,1,1,DE,0.7465575075171318,0.7505590870238206,FALSE,FALSE
den_mic,pan_fla,z_within,23,-0.02412422073911762,0.9129968744797604,0.04384612595068662,0.8425387471994339,1,1,1,LT,0.9481980548328358,0.9140076293377153,FALSE,FALSE
den_mic,pha_cya,z_within,69,-0.10591108390854956,0.3864183899022202,0.028801454631722477,0.8142701550077031,1,3,3,"CZ,DE,LT",0.5616711653051603,0.8967732984666332,FALSE,FALSE
den_mic,pis_pin,z_within,23,0.2296257921084678,0.291882775016323,0.10005916298980733,0.6496493721769443,5,1,1,LT,0.46700603173249094,0.7755123535377572,FALSE,FALSE
den_mic,pit_bid,z_within,0,NA,NA,NA,NA,0,0,0,,NA,NA,TRUE,FALSE
den_mic,pit_cha,z_within,46,0.12967312900881206,0.39038643337520595,0.012262773956216085,0.9355339926597397,6,2,2,"DE,LT",0.565330346388565,0.9644680336698346,FALSE,FALSE
den_mic,pit_spp,z_within,23,0.0650932592453634,0.7679325636494312,0.06444182600798551,0.7701941221286093,1,1,1,CZ,0.8420313197910431,0.8606761663888014,FALSE,FALSE
den_mic,pol_pol,z_within,46,-0.2456644615835504,0.09983560322490716,-0.15493123662065356,0.3039024977771012,5,2,2,"CZ,LT",0.21106892859388404,0.47332936742819826,FALSE,FALSE
den_mic,pri_abi,z_within,23,0.4021470672164959,0.05713392918767409,0.353815703025001,0.09766290779148226,1,1,1,CZ,0.13969175840507114,0.21739496860291382,FALSE,FALSE
den_mic,sap_car,z_within,0,NA,NA,NA,NA,0,0,0,,NA,NA,TRUE,FALSE
den_mic,sco_int,z_within,46,0.006152597081615267,0.9676300196381603,0.21003002655144626,0.16122227090717375,1,2,2,"CZ,DE",0.9810235489719787,0.30191436499470736,FALSE,FALSE
den_mic,sco_rat,z_within,46,-0.02221613819249527,0.8834884430345571,0.014710106767338187,0.9227039359597489,2,2,2,"CZ,LT",0.9270602760068806,0.9593973705541226,FALSE,FALSE
den_mic,sco_sco,z_within,46,-0.09456034591249297,0.5319102889061319,-0.4279766476640631,0.0030072364856924766,0,2,2,"DE,LT",0.6836893173600668,0.01279675100294671,FALSE,FALSE
den_mic,tet_gab,z_within,23,0.22979319190479602,0.2915213829703632,0.4940038682537012,0.016581172085228617,1,1,1,DE,0.46700603173249094,0.05436449864009383,FALSE,FALSE
den_mic,tet_spp,z_within,23,0.3388119209471302,0.11377293538107539,0.32133966610173914,0.13487995940224934,1,1,1,DE,0.23410069008451725,0.2670148793867423,FALSE,FALSE
den_mic,tha_pit,z_within,0,NA,NA,NA,NA,0,0,0,,NA,NA,TRUE,FALSE
den_mic,tha_pro,z_within,23,-0.04545454545454546,0.8368364960931189,-0.04545454545454546,0.8368364960931192,0,1,1,DE,0.8883614608207209,0.9105946638662885,FALSE,FALSE
den_mic,tom_spp,z_within,69,-0.009566237449802648,0.9378175568380251,-0.008049230941954342,0.9476632608206805,6,3,3,"CZ,DE,LT",0.9631688247745364,0.9719623187904415,FALSE,FALSE
den_mic,tor_vir,z_within,46,-0.052440742082064465,0.7292521752700925,0.09436104674011969,0.5327791722687214,4,2,2,"DE,LT",0.8182269556379271,0.6910235697389383,FALSE,FALSE
den_mic,uro_sir_spp,z_within,23,-0.045454545454545456,0.8368364960931189,-0.04545454545454546,0.8368364960931192,0,1,1,DE,0.8883614608207209,0.9105946638662885,FALSE,FALSE
den_mic,xyl_lin,z_within,23,-0.03725343431019633,0.8659886004924222,0,1,1,1,1,DE,0.9125527811507693,1,FALSE,FALSE
den_mic,xyl_spp,z_within,23,-0.0825349731013383,0.7081142304574116,-0.08239336065226961,0.7085937764416448,0,1,1,DE,0.8034819024176845,0.8217577684157124,FALSE,FALSE
den_mic,zei_gri,z_within,23,-0.0968452048716532,0.6602353985296816,-0.12486341110108819,0.5702666479500165,0,1,1,CZ,0.7758347808809419,0.7196928191725609,FALSE,FALSE
den_pin,dip_sp,z_within,418,0.3076445644869295,1.2970882364086553e-10,0.31689179615367374,3.3311944943013884e-11,146,20,3,"DE,LT,PL",3.2427205910216385e-9,9.003228362976725e-10,FALSE,FALSE
den_pin,era_def,z_within,115,0.05236952535273219,0.5783153565131331,0.13522294612000493,0.14961571912517907,13,5,1,DE,0.7219917060089053,0.2877225367791905,FALSE,FALSE
den_pin,geo_db,z_within,395,0.2637857055493073,1.034545984904634e-7,0.25613110913520776,2.4601583811660517e-7,117,19,3,"DE,LT,PL",1.3476885697860304e-6,3.280211174888069e-6,FALSE,FALSE
den_pin,ips_acu,z_within,375,-0.13684989761595842,0.007960614365599084,-0.16984164935183751,9.599438013850585e-4,51,18,3,"DE,LT,PL",0.029483756909626235,0.004682652689683212,FALSE,FALSE
den_pin,ips_ami,z_within,23,0.15747503237031577,0.4730014518007759,0.22744504445537395,0.2966161584961936,2,1,1,DE,0.6366102985205597,0.4656454607475567,FALSE,FALSE
den_pin,ips_cem,z_within,115,0.21790087112659803,0.019315590195457488,0.17733189635541824,0.057966180434307964,33,5,1,DE,0.061514618456870986,0.14345870891899629,FALSE,FALSE
den_pin,ips_dup,z_within,0,NA,NA,NA,NA,0,0,0,,NA,NA,TRUE,FALSE
den_pin,ips_sex,z_within,115,0.013074940840131617,0.8896972488971303,0.07135009572108107,0.4485992624721483,29,5,1,DE,0.9316201559132254,0.6136788816308459,FALSE,FALSE
den_pin,ips_typ,z_within,418,0.11541634996122327,0.018249331893656368,0.141111502808436,0.00384176299389776,176,20,3,"DE,LT,PL",0.058491448377103746,0.015744930302859672,FALSE,FALSE
den_pin,lym_dis,z_within,115,0.1815382838314081,0.0521758696294348,0.13606735197828917,0.1470662579670134,13,5,2,"DE,LT",0.12979072047123083,0.28391169491701423,FALSE,FALSE
den_pin,lym_mon,z_within,441,0.4432021899808284,1.2101521435308173e-22,0.34789852789102127,5.4208217388306433e-14,155,21,3,"DE,LT,PL",1.2101521435308174e-20,1.936007763868087e-12,FALSE,FALSE
den_pin,mel_spp,z_within,372,0.10756913145244507,0.03810192010108293,0.11526605563925298,0.026208792339691908,138,18,2,"DE,PL",0.10467560467330475,0.07894214560148166,FALSE,FALSE
den_pin,neo_ser,z_within,46,-0.13074981768605018,0.38642976172995025,-0.1668260493274183,0.2678108200045722,1,2,1,DE,0.5616711653051603,0.4333508414313466,FALSE,FALSE
den_pin,ope_spp,z_within,92,0.3229249694011392,0.0016917608410930748,0.09066414932724215,0.3900636328562541,7,4,1,DE,0.008056004005205118,0.5540676603071791,FALSE,FALSE
den_pin,pan_fla,z_within,395,0.30165047017685614,9.39846736259096e-10,0.26402953627118686,1.0059320524740573e-7,98,19,3,"DE,LT,PL",2.004189387395745e-8,1.501391123095608e-6,FALSE,FALSE
den_pin,pha_cya,z_within,418,0.09301882664157693,0.057406739554254724,0.09679739324759029,0.04795720177500077,172,20,3,"DE,LT,PL",0.14001643793720664,0.12360103550257931,FALSE,FALSE
den_pin,pis_pin,z_within,138,0.10567655850645563,0.21735796952915978,0.1114280770289336,0.19321292952963265,27,6,2,"DE,LT",0.3793332801556017,0.3407635441439729,FALSE,FALSE
den_pin,pit_bid,z_within,92,0.27182503700044225,0.008763189789880098,0.2281569732508337,0.028711765511500315,28,4,1,DE,0.03175068764449311,0.08307398922922532,FALSE,FALSE
den_pin,pit_cha,z_within,138,0.2026225356910675,0.017153413527685745,0.12584429527745677,0.1413607725600742,38,6,2,"DE,LT",0.056240700090772935,0.27713435835829014,FALSE,FALSE
den_pin,pit_spp,z_within,0,NA,NA,NA,NA,0,0,0,,NA,NA,TRUE,FALSE
den_pin,pol_pol,z_within,23,0.24962873584533693,0.25067318392965804,0.08807480762519095,0.6894402850165993,5,1,1,LT,0.4241509034342776,0.8047818450686088,FALSE,FALSE
den_pin,pri_abi,z_within,115,0.028537371259221175,0.7620821249235984,0.046075857788511455,0.6248625410305408,9,5,1,DE,0.8387486374614179,0.7583283264933748,FALSE,FALSE
den_pin,sap_car,z_within,23,-0.15177611257650636,0.48936302265953435,-0.1938072267849048,0.37557574829429163,1,1,1,DE,0.6481629439199131,0.538846123808166,FALSE,FALSE
den_pin,sco_int,z_within,92,-0.04374446867728745,0.6788421069396331,-0.11221798637611244,0.286872008411929,19,4,1,DE,0.7871341917865644,0.4560763249792194,FALSE,FALSE
den_pin,sco_rat,z_within,92,0.24020833554626667,0.02108974233385903,0.137983208906084,0.18962919321733862,23,4,2,"DE,LT",0.06549609420453115,0.3374184932692858,FALSE,FALSE
den_pin,sco_sco,z_within,92,0.15484514219113038,0.1405299168842142,0.14485841398271254,0.16829142790364574,14,4,2,"DE,LT",0.275009622082611,0.3122289942553724,FALSE,FALSE
den_pin,tet_gab,z_within,115,0.007299186530976299,0.9382886522882921,0.04829383857481784,0.6082764134552423,10,5,1,DE,0.9631688247745364,0.7505590870238206,FALSE,FALSE
den_pin,tet_spp,z_within,46,0.017661322080644484,0.9072583716887932,7.828909533492964e-4,0.9958799883785291,3,2,1,DE,0.945787156567521,0.9978757398582455,FALSE,FALSE
den_pin,tha_pit,z_within,23,-0.46113821271489674,0.02677934255168621,-0.458257657463047,0.027870574201340006,7,1,1,DE,0.07922882411741483,0.08173188915348975,FALSE,FALSE
den_pin,tha_pro,z_within,92,0.1272038513434976,0.22692032302158202,0.11114326278293785,0.291541992952934,16,4,1,DE,0.3924983294280119,0.46057186880400314,FALSE,FALSE
den_pin,tom_spp,z_within,358,0.17421542865867715,9.325231029750489e-4,0.216180054233259,3.7090872284820654e-5,93,17,3,"DE,LT,PL",0.004933984671825656,2.727270020942695e-4,FALSE,FALSE
den_pin,tor_vir,z_within,418,0.15219879073042472,0.0018048764043226918,0.1495690436809565,0.0021690454858435603,112,20,3,"DE,LT,PL",0.008394773973593917,0.00964329716039964,FALSE,FALSE
den_pin,uro_sir_spp,z_within,23,0.43376798937257055,0.038649492480007014,0.4863416265390495,0.018616434413576122,1,1,1,DE,0.1058890204931699,0.059477426241457264,FALSE,FALSE
den_pin,xyl_lin,z_within,115,0.3812946579062535,2.61978397899765e-5,0.468495975235204,1.2901159302401674e-7,32,5,1,DE,2.062822030706811e-4,1.8972293091767166e-6,FALSE,FALSE
den_pin,xyl_spp,z_within,115,0.09399678264424874,0.31769500333581113,0.2831212772540681,0.0021697418610899188,30,5,1,DE,0.49255039276869944,0.00964329716039964,FALSE,FALSE
den_pin,zei_gri,z_within,23,-0.19018198491410837,0.384743399044183,-0.20838065458196883,0.34000342890783053,0,1,1,DE,0.5608504359244649,0.5100971643030249,FALSE,FALSE
dip_sp,era_def,z_within,184,0.1591774437182982,0.03090814258047754,0.0917598170057172,0.21541080314352884,18,8,1,DE,0.08984925168743471,0.3694867978448179,FALSE,FALSE
dip_sp,geo_db,z_within,504,0.05532400856922286,0.21501729201231065,0.09873441329228165,0.026657515206439587,155,24,3,"DE,LT,PL",0.37913028130601945,0.07979122977911024,FALSE,FALSE
dip_sp,ips_acu,z_within,484,-0.10843114053192929,0.01701624191343994,-0.19117349011536366,2.2951482398837057e-5,70,23,3,"DE,LT,PL",0.05597447997842085,1.7791846820803918e-4,FALSE,FALSE
dip_sp,ips_ami,z_within,23,-0.1699389648885799,0.43821361562904393,-0.06063601171271025,0.7834423045544414,2,1,1,DE,0.6081149158237587,0.8734027921454196,FALSE,FALSE
dip_sp,ips_cem,z_within,207,0.2490732508163989,2.9569448101592077e-4,0.22579314968751274,0.0010706373631920228,55,9,1,DE,0.0018030151281458583,0.00512266680953121,FALSE,FALSE
dip_sp,ips_dup,z_within,0,NA,NA,NA,NA,0,0,0,,NA,NA,TRUE,FALSE
dip_sp,ips_sex,z_within,161,0.15934506299637471,0.04348438361107557,0.12696599474860773,0.10850100937338682,41,7,1,DE,0.11564995641243501,0.23333550402878883,FALSE,FALSE
dip_sp,ips_typ,z_within,655,-0.0024260127310789235,0.950586433937468,-0.02921334477071325,0.45543341777124957,308,31,4,"AT,DE,LT,PL",0.970976949885054,0.6172291733246208,FALSE,FALSE
dip_sp,lym_dis,z_within,291,0.13297797258670588,0.023283189875866594,0.10211908889211423,0.08202201305053519,46,13,3,"AT,DE,LT",0.07098533498739815,0.18986577095031296,FALSE,FALSE
dip_sp,lym_mon,z_within,504,0.1547481938926923,4.894108247492491e-4,0.16909009300594174,1.3666022010251565e-4,206,24,3,"DE,LT,PL",0.0028454117717979593,8.816788393710686e-4,FALSE,FALSE
dip_sp,mel_spp,z_within,504,0.11513310156260939,0.009683765758061038,0.12340250855330544,0.00553528170442748,212,24,2,"DE,PL",0.03458487770736085,0.021454580249718913,FALSE,FALSE
dip_sp,neo_ser,z_within,46,-0.10710353437588324,0.47865833190855944,0.02221914135445756,0.8834728016665023,4,2,1,DE,0.6411102935986526,0.9405087695132044,FALSE,FALSE
dip_sp,ope_spp,z_within,161,0.2881808207142827,2.0966879118313443e-4,0.12908997323279472,0.10267076747442726,12,7,1,DE,0.0013270176657160407,0.22551505735713825,FALSE,FALSE
dip_sp,pan_fla,z_within,461,0.18667030701110984,5.5163046829119996e-5,0.20425451084800159,9.855931351052115e-6,134,22,3,"DE,LT,PL",3.968564520080575e-4,8.496492544010445e-5,FALSE,FALSE
dip_sp,pha_cya,z_within,655,0.08201789389156428,0.035851416256089466,0.08492625143018934,0.029758443860227364,291,31,4,"AT,DE,LT,PL",0.10047943862266967,0.0852677474505082,FALSE,FALSE
dip_sp,pis_pin,z_within,184,0.05761189915703429,0.4372734534503794,0.05233011609416653,0.4805076028799551,36,8,2,"DE,LT",0.6081149158237587,0.6406768038399401,FALSE,FALSE
dip_sp,pit_bid,z_within,115,0.2463474132188226,0.007955464907450365,0.1679050458492926,0.07286624965672461,34,5,1,DE,0.029483756909626235,0.1730789778069468,FALSE,FALSE
dip_sp,pit_cha,z_within,335,0.08552085824605755,0.11821698802095089,0.07903259721168433,0.14891181681250695,100,15,3,"AT,DE,LT",0.239237590728106,0.2869206489643679,FALSE,FALSE
dip_sp,pit_spp,z_within,153,0.032521619847465565,0.6898365594656017,0.018961585397153657,0.816041475672123,48,7,2,"AT,DE",0.7959118657471691,0.8977353967790133,FALSE,FALSE
dip_sp,pol_pol,z_within,23,7.0041247750066e-4,0.9974693348485334,-0.07805056577703715,0.7233510917276575,3,1,1,LT,0.9974693348485334,0.8333537923129695,FALSE,FALSE
dip_sp,pri_abi,z_within,161,0.023111305207663784,0.7710486374230916,0.04874899769962342,0.5391485753298528,15,7,1,DE,0.8430005598591191,0.6947790919199135,FALSE,FALSE
dip_sp,sap_car,z_within,23,-0.10575206068332288,0.6310592487728373,-0.16074580147059447,0.4637388032386893,1,1,1,DE,0.7603123479190811,0.6241437459470919,FALSE,FALSE
dip_sp,sco_int,z_within,138,-0.15109109782587538,0.07690326171379581,-0.1213635601602869,0.15619716208843235,27,6,1,DE,0.17398927989546564,0.2966100387271638,FALSE,FALSE
dip_sp,sco_rat,z_within,92,0.14451192010930736,0.16932248159753763,0.13781375825959413,0.1901787632537043,29,4,2,"DE,LT",0.31531188379429725,0.3377953166140396,FALSE,FALSE
dip_sp,sco_sco,z_within,115,-0.006217285596628248,0.9474214262370904,0.07291339495758212,0.4386950112244389,16,5,2,"DE,LT",0.9697251036203586,0.6034319274063809,FALSE,FALSE
dip_sp,tet_gab,z_within,245,0.03203975641790537,0.6177336199747964,-0.022112509791286566,0.7305548231322427,58,11,2,"AT,DE",0.7521382575281536,0.8397181875083249,FALSE,FALSE
dip_sp,tet_spp,z_within,138,0.10697811275640033,0.2117146137340065,0.18337091478200457,0.03133316926337479,12,6,1,DE,0.375380520804976,0.08851177758015477,FALSE,FALSE
dip_sp,tha_pit,z_within,23,-0.31652171728521383,0.14116311889951064,-0.33806988608810007,0.11461704837338095,11,1,1,DE,0.2757092166006067,0.24254285881882884,FALSE,FALSE
dip_sp,tha_pro,z_within,184,-0.09162562254979881,0.21608549060162588,0.002445555831383889,0.9737167621292677,26,8,1,DE,0.37913028130601945,0.9815693166625683,FALSE,FALSE
dip_sp,tom_spp,z_within,595,0.1260182866798072,0.0020718260348084536,0.16841433500026368,3.644135896692625e-5,186,28,4,"AT,DE,LT,PL",0.009503789150497493,2.699359923476019e-4,FALSE,FALSE
dip_sp,tor_vir,z_within,550,0.15538439077046834,2.541539688981433e-4,0.217226530465504,2.6840982730153046e-7,163,26,3,"DE,LT,PL",0.0015785960801126915,3.397592750652284e-6,FALSE,FALSE
dip_sp,uro_sir_spp,z_within,46,0.2947148988368689,0.046784275323846186,-0.16872874199673185,0.26231339721176894,2,2,1,DE,0.12247192493153451,0.4258334370320924,FALSE,FALSE
dip_sp,xyl_lin,z_within,184,0.18762955158591144,0.010757497885054975,0.2469960498733462,7.245678838413295e-4,46,8,1,DE,0.0380123600178621,0.0036780095626463426,FALSE,FALSE
dip_sp,xyl_spp,z_within,207,0.135597709708527,0.05140245474174076,0.2435874677760199,4.0498331738564964e-4,46,9,1,DE,0.12818567267267023,0.0022251830625585147,FALSE,FALSE
dip_sp,zei_gri,z_within,23,-0.09256578997880191,0.6744288734088881,-0.030602488006907225,0.8897568955824458,2,1,1,DE,0.7842196202428933,0.9425390843034384,FALSE,FALSE
era_def,geo_db,z_within,138,-0.2447686658809204,0.003811287808755348,0.044885322740169584,0.6011478215979419,0,6,1,DE,0.01614952461337012,0.7449884315457692,FALSE,FALSE
era_def,ips_acu,z_within,138,-0.053793562124768136,0.5308970645474305,-0.28532542392518934,6.935314149439297e-4,10,6,1,DE,0.6832652053377484,0.003538425586448621,FALSE,FALSE
era_def,ips_ami,z_within,46,0.34190697442748985,0.02003546461738945,0.37230259863933196,0.010836948128391519,7,2,1,DE,0.06300460571506117,0.037498090409659235,FALSE,FALSE
era_def,ips_cem,z_within,230,-0.036534098354328616,0.5814744299760827,-0.02109162202666207,0.7503613761041091,35,10,1,DE,0.7241275591233907,0.8535022418713629,FALSE,FALSE
era_def,ips_dup,z_within,0,NA,NA,NA,NA,0,0,0,,NA,NA,TRUE,FALSE
era_def,ips_sex,z_within,161,0.02646434831589846,0.7389555038470075,-0.26630290066229645,6.388787398860653e-4,17,7,1,DE,0.8228903160879816,0.0033102525382697687,FALSE,FALSE
era_def,ips_typ,z_within,230,-0.023404776614628576,0.7240393649230334,-0.1092912936608196,0.09824738895366919,37,10,1,DE,0.8144537029119822,0.21739496860291382,FALSE,FALSE
era_def,lym_dis,z_within,184,-0.04584204992755515,0.5366286485880588,-0.07371424800887796,0.32000472312228395,11,8,1,DE,0.6887415431252711,0.48888375894468383,FALSE,FALSE
era_def,lym_mon,z_within,184,0.0726468312654702,0.3270813617465206,0.1564256592387494,0.0339662594027745,19,8,1,DE,0.5016585302860745,0.09408936122652217,FALSE,FALSE
era_def,mel_spp,z_within,184,-0.07351158784335307,0.3213406026141005,-0.03230907392915567,0.6632803589520132,14,8,1,DE,0.49666244608052634,0.7821702346132232,FALSE,FALSE
era_def,neo_ser,z_within,23,-0.045454545454545456,0.8368364960931189,-0.04545454545454546,0.8368364960931192,0,1,1,DE,0.8883614608207209,0.9105946638662885,FALSE,FALSE
era_def,ope_spp,z_within,184,0.21384212948273226,0.0035600713361900655,0.3300999977090264,4.737023437121092e-6,15,8,1,DE,0.015279276120987404,4.3458930615789836e-5,FALSE,FALSE
era_def,pan_fla,z_within,115,-0.12173103787943793,0.19498078468254398,0.0651905106458331,0.48881797174675734,7,5,1,DE,0.3541031420947569,0.6491606530501425,FALSE,FALSE
era_def,pha_cya,z_within,230,-0.044034042514077734,0.5063746872735502,-0.09055526292353817,0.17110256156728418,32,10,1,DE,0.6610635604093344,0.3150747334238594,FALSE,FALSE
era_def,pis_pin,z_within,138,0.0586753233526046,0.4942286519734317,-0.1010307652118253,0.23837155648535965,15,6,1,DE,0.6503008578597785,0.3940025727030738,FALSE,FALSE
era_def,pit_bid,z_within,92,0.15069251600998462,0.15162039021450965,-0.003693012228823458,0.9721292376385438,15,4,1,DE,0.29157767348944164,0.9809578583638181,FALSE,FALSE
era_def,pit_cha,z_within,230,-0.03471135733896092,0.6004778379090158,-0.1508878031257626,0.022080525899083984,35,10,1,DE,0.7385951265793552,0.06794007968948919,FALSE,FALSE
era_def,pit_spp,z_within,92,-0.06945931476538518,0.5105917962052884,-0.17621121322070754,0.09291362703052866,13,4,1,DE,0.6648065557216105,0.21116733416029243,FALSE,FALSE
era_def,pol_pol,z_within,0,NA,NA,NA,NA,0,0,0,,NA,NA,TRUE,FALSE
era_def,pri_abi,z_within,161,0.03589811178666344,0.6512022851302061,0.07277027384294767,0.35894688663498675,11,7,1,DE,0.7715666885428982,0.5259418363666492,FALSE,FALSE
era_def,sap_car,z_within,23,-0.2561351893660142,0.23812524428036058,-0.23197017141823967,0.28684698528465674,0,1,1,DE,0.4085441625627119,0.4560763249792194,FALSE,FALSE
era_def,sco_int,z_within,161,-0.052425331023245474,0.5089496259766348,-0.04918681728038323,0.5355060342288477,13,7,1,DE,0.6635588343893544,0.6922240872226237,FALSE,FALSE
era_def,sco_rat,z_within,46,-0.043856698431753084,0.7722723501839293,0.028420728201737615,0.8512751242184077,13,2,1,DE,0.8430920853536347,0.9193035898686908,FALSE,FALSE
era_def,sco_sco,z_within,92,0.12399104923770464,0.23896801803367246,0.1574688416939247,0.13384594693400928,12,4,1,DE,0.40919181170149393,0.2670148793867423,FALSE,FALSE
era_def,tet_gab,z_within,207,0.07327966378548946,0.2940226377117974,0.23161562831820992,7.8517447075384e-4,15,9,1,DE,0.4674445750585014,0.003945600355546935,FALSE,FALSE
era_def,tet_spp,z_within,161,0.08333227306625438,0.2932777307886723,0.11612054375421284,0.1424057069124049,11,7,1,DE,0.46700603173249094,0.27747225480608223,FALSE,FALSE
era_def,tha_pit,z_within,23,-0.5340941073139082,0.008661733643899362,-0.4607790283432619,0.02691351684391275,3,1,1,DE,0.031598961557646875,0.0800997525116451,FALSE,FALSE
era_def,tha_pro,z_within,230,0.08243819006645746,0.21293096665447536,0.03139995949202922,0.6356951360960255,25,10,1,DE,0.37620312129765965,0.7669014553085644,FALSE,FALSE
era_def,tom_spp,z_within,230,0.05501238273656167,0.40631973446131653,0.017743478816221684,0.7889701876325351,32,10,1,DE,0.57690950196856,0.8785859550473665,FALSE,FALSE
era_def,tor_vir,z_within,207,0.3904364654787419,6.031777705138821e-9,0.41773413185010916,3.789819606206469e-10,31,9,1,DE,1.0052962841898035e-7,9.023380014777308e-9,FALSE,FALSE
era_def,uro_sir_spp,z_within,69,-0.11916955122736426,0.3294147191031561,-0.2244296657319891,0.06375039909353464,0,3,1,DE,0.5029232352719941,0.15398647124042183,FALSE,FALSE
era_def,xyl_lin,z_within,207,0.004492547465887175,0.9487748122382955,0.09727562655574343,0.16320087399308933,33,9,1,DE,0.9701173949266826,0.30391224207279205,FALSE,FALSE
era_def,xyl_spp,z_within,230,-0.05174667231566433,0.43478792091650376,-0.043035992554058836,0.5160681893353913,26,10,1,DE,0.6080949942888164,0.6772548416474952,FALSE,FALSE
era_def,zei_gri,z_within,0,NA,NA,NA,NA,0,0,0,,NA,NA,TRUE,FALSE
geo_db,ips_acu,z_within,476,-0.2757627659723428,9.376969378069087e-10,-0.29789138442304786,3.2821595618347635e-11,69,23,4,"BG,DE,LT,PL",2.004189387395745e-8,9.003228362976725e-10,FALSE,FALSE
geo_db,ips_ami,z_within,23,-0.08509664615990228,0.6994582393685264,-0.09504132231404959,0.6662048509608638,0,1,1,DE,0.7984683097814228,0.7846935818149161,FALSE,FALSE
geo_db,ips_cem,z_within,161,-0.21961812680275922,0.00512315248719274,-0.1799969658261309,0.022324345942229824,46,7,1,DE,0.02057490958711944,0.06847958877984608,FALSE,FALSE
geo_db,ips_dup,z_within,22,-0.3392287054820189,0.12247743573702376,-0.29597983623215396,0.181082102680553,4,1,1,RO,0.2444659395948578,0.326863001228435,FALSE,FALSE
geo_db,ips_sex,z_within,156,-0.14995425224255626,0.06170021705735055,-0.23533620009578782,0.0031028598129127093,43,7,2,"BG,DE",0.14684218968488205,0.013147711071664023,FALSE,FALSE
geo_db,ips_typ,z_within,587,0.02252462690770797,0.5860050078286605,-0.013540740145281793,0.7433790616118274,308,28,6,"BG,DE,HR,LT,PL,RO",0.7275748799490158,0.849576070413517,FALSE,FALSE
geo_db,lym_dis,z_within,225,-0.05931197946278122,0.37588474932982274,-0.11415157290036645,0.08757604606432745,58,10,5,"BG,DE,HR,LT,RO",0.5544022851472311,0.20040285140578365,FALSE,FALSE
geo_db,lym_mon,z_within,458,0.15804249450192134,6.87865651036857e-4,0.15830444503169355,6.736897094958357e-4,176,22,3,"DE,LT,PL",0.00377948159910361,0.003454819023055568,FALSE,FALSE
geo_db,mel_spp,z_within,478,-0.027702887217370725,0.5457078511319031,-0.01644698978727881,0.7198443657138918,198,23,2,"DE,PL",0.6960559325662029,0.8312290597158103,FALSE,FALSE
geo_db,neo_ser,z_within,41,-0.22132577607165868,0.1643267597968988,-0.23176077288129657,0.14483059186153094,15,2,2,"BG,DE",0.3083053654726057,0.28122445021656495,FALSE,FALSE
geo_db,ope_spp,z_within,138,-0.22258703927661513,0.00868971442835289,-0.254938058087817,0.0025476108239329844,2,6,1,DE,0.031598961557646875,0.011028618285424174,FALSE,FALSE
geo_db,pan_fla,z_within,415,0.047800925053061875,0.33135056737231183,0.08126989896202019,0.09826252580851705,113,20,3,"DE,LT,PL",0.50510757221389,0.21739496860291382,FALSE,FALSE
geo_db,pha_cya,z_within,524,0.027595245249431237,0.5285012420828803,0.0439827311780911,0.3149485248458439,241,25,3,"DE,LT,PL",0.6819370865585552,0.48528278096432037,FALSE,FALSE
geo_db,pis_pin,z_within,138,-0.10455002524624174,0.22232815162557987,-0.11307763942016644,0.18666199906578212,23,6,2,"DE,LT",0.3859863743499651,0.3357230199024858,FALSE,FALSE
geo_db,pit_bid,z_within,92,-0.20434885599028016,0.05071097746836391,-0.0952197660761743,0.3665884177619979,29,4,1,DE,0.12741451625217062,0.5333826341306338,FALSE,FALSE
geo_db,pit_cha,z_within,184,-0.05655794378574977,0.44571887227055984,-0.10378529587412241,0.16091306408905598,52,8,2,"DE,LT",0.6132246538190259,0.30191436499470736,FALSE,FALSE
geo_db,pit_spp,z_within,92,-0.03469115653502927,0.74268847040627,-0.044541171269293155,0.6733228764125327,29,4,2,"DE,HR",0.824885532056436,0.7907554029824778,FALSE,FALSE
geo_db,pol_pol,z_within,23,0.4747352618651723,0.022080365404479888,0.5356480123433695,0.008433203926885615,6,1,1,LT,0.06793958585993812,0.030335265924048976,FALSE,FALSE
geo_db,pri_abi,z_within,138,-0.06861765075404705,0.4238927408970441,-0.1722980934642289,0.04330333705891468,20,6,1,DE,0.5961923219367709,0.11419356426033256,FALSE,FALSE
geo_db,sap_car,z_within,23,-0.06575211977248926,0.7656470806605167,-0.065727164134656485,0.7657336135204261,0,1,1,DE,0.840983366843632,0.8587093092916726,FALSE,FALSE
geo_db,sco_int,z_within,115,0.09313275207361599,0.32218358344612424,0.08650399401186178,0.35796866940435246,24,5,1,DE,0.49719688803414236,0.5259418363666492,FALSE,FALSE
geo_db,sco_rat,z_within,69,0.20291615973181779,0.0944846944543841,0.42622737483314643,2.6055485281848323e-4,18,3,2,"DE,LT",0.20189037276577798,0.0015237125895817734,FALSE,FALSE
geo_db,sco_sco,z_within,92,-0.11860037420234268,0.2601652608301481,-0.13171875567897137,0.21071961014886073,3,4,2,"DE,LT",0.4328872892348555,0.36268435481731626,FALSE,FALSE
geo_db,tet_gab,z_within,115,-0.0767731636572564,0.4147798511890778,0.004882873743161878,0.9586950183495255,10,5,1,DE,0.5859354519135168,0.9746172277781436,FALSE,FALSE
geo_db,tet_spp,z_within,115,-0.18460802428708342,0.048258593639852326,-0.17793537729337872,0.05710444007253361,3,5,1,DE,0.12469920837171143,0.14205084595157613,FALSE,FALSE
geo_db,tha_pit,z_within,64,0.2675037506267358,0.0326010067946185,0.2637472912614946,0.035218608502297535,34,3,3,"BG,DE,HR",0.09314573369891,0.09675441896235587,FALSE,FALSE
geo_db,tha_pro,z_within,138,-0.028072191270748635,0.7437901103716427,-0.008548413642847306,0.9207337363707466,11,6,1,DE,0.824885532056436,0.9593973705541226,FALSE,FALSE
geo_db,tom_spp,z_within,464,0.1166576310820372,0.011913518397158809,0.12720833261579434,0.006071113574189636,141,22,3,"DE,LT,PL",0.04180181893739933,0.023166155409843778,FALSE,FALSE
geo_db,tor_vir,z_within,565,0.13656241160943658,0.0011374422449454866,0.19275079080909455,3.934148942877968e-6,202,27,5,"BG,DE,LT,PL,RO",0.005687211224727433,3.782835521998046e-5,FALSE,FALSE
geo_db,uro_sir_spp,z_within,46,0.024990919622671498,0.8690560093088382,0.004648866210958987,0.9755386523770604,1,2,1,DE,0.9147957992724612,0.9824155613062038,FALSE,FALSE
geo_db,xyl_lin,z_within,161,0.12209721654557396,0.1228435865479499,0.16314809250512233,0.03865290717950089,39,7,1,DE,0.244708339736952,0.10446731670135374,FALSE,FALSE
geo_db,xyl_spp,z_within,161,-0.05460910622914823,0.49143612026045935,0.01973634919090741,0.8037482508294949,37,7,1,DE,0.6483326124808171,0.8910859999617975,FALSE,FALSE
geo_db,zei_gri,z_within,23,-0.11970291279339365,0.5864253532389068,-0.09182886083655663,0.6768840709389226,2,1,1,DE,0.7275748799490158,0.7926042985233285,FALSE,FALSE
ips_acu,ips_ami,z_within,23,-0.041114849524094416,0.8522392120051482,-0.12074309835186474,0.5831525163334224,1,1,1,DE,0.9008871162845118,0.7290338039960796,FALSE,FALSE
ips_acu,ips_cem,z_within,161,0.4043776576322786,1.0377201987352434e-7,0.3242392248402499,2.716627607484368e-5,58,7,1,DE,1.3476885697860304e-6,2.058051217791188e-4,FALSE,FALSE
ips_acu,ips_dup,z_within,205,0.5118176598021795,4.395757496841569e-15,0.5131628150029558,3.6266680522357176e-15,161,9,2,"CZ,SK",1.831565623683987e-13,1.576812196624225e-13,FALSE,FALSE
ips_acu,ips_sex,z_within,340,0.4483831596781036,3.210855503527999e-18,0.484151673842738,2.2087923956911973e-21,197,15,3,"BG,CZ,DE",2.0067846897049995e-16,2.0079930869919974e-19,FALSE,FALSE
ips_acu,ips_typ,z_within,728,0.3132291187938481,4.902886323847239e-18,0.2702059367653321,1.2033381445689616e-13,352,34,6,"BG,CZ,DE,LT,PL,SK",2.8840507787336696e-16,4.0111271485632055e-12,FALSE,FALSE
ips_acu,lym_dis,z_within,362,0.1966668850355266,1.660551186925706e-4,0.07645328490069005,0.14658015450494394,66,16,5,"BG,CZ,DE,LT,SK",0.0010782799915101987,0.28391169491701423,FALSE,FALSE
ips_acu,lym_mon,z_within,576,-0.020210825790474996,0.6283464364101695,-0.02177795709201889,0.6019506526889815,176,27,4,"CZ,DE,LT,PL",0.7588725077417506,0.7449884315457692,FALSE,FALSE
ips_acu,mel_spp,z_within,458,9.433930643531443e-4,0.9839362174617672,-0.004282815831519719,0.9271698257514934,92,22,2,"DE,PL",0.9908723237278622,0.9607977468927392,FALSE,FALSE
ips_acu,neo_ser,z_within,110,-0.02205625024723737,0.8190918749333689,-0.013723504914803822,0.8868463620809395,29,5,3,"BG,CZ,DE",0.8779119774205454,0.9414504905317829,FALSE,FALSE
ips_acu,ope_spp,z_within,115,0.14791303269738298,0.11466832653042061,0.22558139664526317,0.015350815942036435,14,5,1,DE,0.23481066999317807,0.050830516364359056,FALSE,FALSE
ips_acu,pan_fla,z_within,441,-0.017401633371073554,0.715540870094568,-0.05314548510040802,0.26541872096099994,48,21,4,"CZ,DE,LT,PL",0.8085207571690034,0.4301762090129658,FALSE,FALSE
ips_acu,pha_cya,z_within,688,0.13237658800296717,4.991298144235095e-4,0.08446536555333439,0.026730061976001928,251,32,4,"CZ,DE,LT,PL",0.00286856215185925,0.07979122977911024,FALSE,FALSE
ips_acu,pis_pin,z_within,161,0.35840602764970364,3.0375565702351873e-6,0.4180707037254262,3.424119722537553e-8,61,7,2,"DE,LT",3.0682389598335224e-5,5.80359275006365e-7,FALSE,FALSE
ips_acu,pit_bid,z_within,115,0.5893332407556338,4.246699354427461e-12,0.3315940050071989,2.945073619781933e-4,46,5,1,DE,1.1796387095631837e-10,0.0016638834010067418,FALSE,FALSE
ips_acu,pit_cha,z_within,206,0.30598208011882894,7.72416186080388e-6,0.2512549223732251,2.696304092011684e-4,98,9,3,"DE,LT,SK",6.775580579652527e-5,0.0015496000528802782,FALSE,FALSE
ips_acu,pit_spp,z_within,230,0.46105709158335173,1.659359365196101e-13,0.44398720427051036,1.5762802103331395e-12,121,10,2,"CZ,DE",6.1457754266522265e-12,4.925875657291061e-11,FALSE,FALSE
ips_acu,pol_pol,z_within,207,0.28957731621901056,2.3152593949264844e-05,0.2507985486837688,2.6745301134496394e-4,147,9,2,"CZ,LT",1.8522075159411875e-4,0.0015459711638437222,FALSE,FALSE
ips_acu,pri_abi,z_within,276,-0.12094874978760113,0.044684949754881347,-0.15402206671308658,0.010392089438674309,115,12,2,"CZ,DE",0.11821415279069139,0.03633597705830178,FALSE,FALSE
ips_acu,sap_car,z_within,23,0.34539864813295723,0.10647784487852834,0.3282968460388027,0.12616400652507942,1,1,1,DE,0.22109103681098413,0.2574775643368968,FALSE,FALSE
ips_acu,sco_int,z_within,322,0.31747639352144724,5.671499146559533e-9,0.23742682123909967,1.665134877887151e-5,126,14,2,"CZ,DE",9.778446804412989e-8,1.3428507079735088e-4,FALSE,FALSE
ips_acu,sco_rat,z_within,276,0.3670454702313205,3.152593973728434e-10,0.2937616607574586,6.756537569692097e-7,111,12,3,"CZ,DE,LT",7.689253594459594e-9,7.948867729049527e-6,FALSE,FALSE
ips_acu,sco_sco,z_within,115,3.8587904247209203e-4,0.9967343588259471,0.23812754788382362,0.0103857821800732,16,5,2,"DE,LT",0.9974693348485334,0.03633597705830178,FALSE,FALSE
ips_acu,tet_gab,z_within,184,0.22997599810460187,0.0016866544459644796,0.16175470738917905,0.02825974469745011,25,8,2,"CZ,DE",0.008056004005205118,0.0825200477524549,FALSE,FALSE
ips_acu,tet_spp,z_within,115,0.03620360375343028,0.7008857201738566,0.1449886972623017,0.12209818480874272,6,5,1,DE,0.7991855418173964,0.2549022647364149,FALSE,FALSE
ips_acu,tha_pit,z_within,41,0.3570891304862017,0.02191033126644827,0.2819688946609678,0.0740855468322894,25,2,2,"BG,DE",0.06762447921743293,0.17555816784902703,FALSE,FALSE
ips_acu,tha_pro,z_within,138,0.06406159707957278,0.4553802868281568,0.17599131544782404,0.03894483502918718,19,6,1,DE,0.6192498794360822,0.10464948464048045,FALSE,FALSE
ips_acu,tom_spp,z_within,628,0.1197432113994354,0.002650585574490973,0.05730991923785338,0.1514295264873484,229,29,4,"CZ,DE,LT,PL",0.011993599884574538,0.2897613947141156,FALSE,FALSE
ips_acu,tor_vir,z_within,522,-0.09811449433660957,0.024981395932154225,-0.16788285568387087,1.1626817752131368e-4,102,25,4,"BG,DE,LT,PL",0.07479459859926416,7.549881657228161e-4,FALSE,FALSE
ips_acu,uro_sir_spp,z_within,46,0.14974305906121788,0.32057764989813076,0.2291967323571798,0.12547694420916602,1,2,1,DE,0.4962502320404501,0.2574775643368968,FALSE,FALSE
ips_acu,xyl_lin,z_within,138,-0.03336637612581675,0.697639335329516,0.03203181782791058,0.7091769541427597,52,6,1,DE,0.7984683097814228,0.8217577684157124,FALSE,FALSE
ips_acu,xyl_spp,z_within,161,0.03803983299095406,0.6318789227895156,0.07375678380821886,0.35245197918091553,50,7,1,DE,0.760383781936842,0.5206085364563007,FALSE,FALSE
ips_acu,zei_gri,z_within,184,-0.08139074699949432,0.27205722367953517,-0.06577035051085106,0.37506086573183506,69,8,2,"CZ,DE",0.4459954486549757,0.538846123808166,FALSE,FALSE
ips_ami,ips_cem,z_within,46,-0.005332224534492878,0.9719443052442032,0.02108328378782066,0.8893917646759077,6,2,1,DE,0.9827546059092045,0.9425390843034384,FALSE,FALSE
ips_ami,ips_dup,z_within,0,NA,NA,NA,NA,0,0,0,,NA,NA,TRUE,FALSE
ips_ami,ips_sex,z_within,23,-0.06668262929957959,0.7624225114524289,-0.008082804081352491,0.9708019603225442,2,1,1,DE,0.8387486374614179,0.9806080407298426,FALSE,FALSE
ips_ami,ips_typ,z_within,46,-0.13570534654602873,0.3685257489548186,-0.08194969525298534,0.588214156075803,9,2,1,DE,0.5451564333651163,0.734349757897382,FALSE,FALSE
ips_ami,lym_dis,z_within,23,-0.13235301453945433,0.5471718239230144,-0.1609344164950321,0.4632075269509055,0,1,1,DE,0.6970341706025661,0.6241437459470919,FALSE,FALSE
ips_ami,lym_mon,z_within,23,-0.26067803201986134,0.22961218195251604,-0.19672792029107614,0.36828160068910887,1,1,1,DE,0.39588307233192416,0.5337414502740708,FALSE,FALSE
ips_ami,mel_spp,z_within,23,-0.17267375081949468,0.4307677300848394,-0.21881144502927113,0.31581933351446906,0,1,1,DE,0.6050108568607295,0.48546966957054266,FALSE,FALSE
ips_ami,neo_ser,z_within,0,NA,NA,NA,NA,0,0,0,,NA,NA,TRUE,FALSE
ips_ami,ope_spp,z_within,23,0.5319562092489521,0.008984499337392038,0.5512479357616654,0.00640289481829482,5,1,1,DE,0.03220250658563455,0.02389139857572694,FALSE,FALSE
ips_ami,pan_fla,z_within,23,0.12092384780681295,0.5825846125991971,0.024098229835280465,0.9130902651801709,1,1,1,DE,0.7246077271134292,0.9559880097461513,FALSE,FALSE
ips_ami,pha_cya,z_within,46,-0.14741145945235332,0.32825598802461675,-0.14615110313195653,0.3324540863068116,2,2,1,DE,0.5026891087666413,0.5014390442033357,FALSE,FALSE
ips_ami,pis_pin,z_within,23,0.1643202189393955,0.4537243384437588,0.2570102563782735,0.23646958491064188,2,1,1,DE,0.6181530496508976,0.39345117267214197,FALSE,FALSE
ips_ami,pit_bid,z_within,23,0.027711524102041963,0.9001181505275941,-0.02234392810843759,0.919396344375799,2,1,1,DE,0.9405623307498371,0.9593973705541226,FALSE,FALSE
ips_ami,pit_cha,z_within,46,0.07346028329919875,0.627551019680534,0.11512263448682386,0.44614958685792416,9,2,1,DE,0.7588283188398234,0.6111638176135947,FALSE,FALSE
ips_ami,pit_spp,z_within,0,NA,NA,NA,NA,0,0,0,,NA,NA,TRUE,FALSE
ips_ami,pol_pol,z_within,0,NA,NA,NA,NA,0,0,0,,NA,NA,TRUE,FALSE
ips_ami,pri_abi,z_within,23,0.14869694535119574,0.49831919135981617,0.3157538638504673,0.14218341136096055,1,1,1,DE,0.6531051000783961,0.27747225480608223,FALSE,FALSE
ips_ami,sap_car,z_within,23,-0.058827447453991225,0.7897586765248885,-0.065727164134656485,0.7657336135204261,0,1,1,DE,0.8568574227763501,0.8587093092916726,FALSE,FALSE
ips_ami,sco_int,z_within,46,0.22680942530306233,0.1295717024660606,0.23714023767664694,0.11255145771743569,3,2,1,DE,0.2565776286456645,0.23998178617790125,FALSE,FALSE
ips_ami,sco_rat,z_within,23,0.15274117389643582,0.48657264505825515,0.25890569279417297,0.23290925686048397,2,1,1,DE,0.6461788114983468,0.39272592550559854,FALSE,FALSE
ips_ami,sco_sco,z_within,46,0.3575384771325581,0.014709818950089411,0.2845168197947756,0.055314747764956845,5,2,1,DE,0.049528009932960984,0.1382868694123921,FALSE,FALSE
ips_ami,tet_gab,z_within,46,0.2830422997424196,0.05664561500664405,0.13853016344681432,0.3585468107405001,4,2,1,DE,0.13883729168295111,0.5259418363666492,FALSE,FALSE
ips_ami,tet_spp,z_within,46,-0.11020898297785141,0.4659231754741199,0.03244363209595571,0.830512771912564,3,2,1,DE,0.6287762152147367,0.9086572996855186,FALSE,FALSE
ips_ami,tha_pit,z_within,23,-0.23975398474086962,0.2705194496151513,-0.2762476288629365,0.20197002198502761,0,1,1,DE,0.4448711271859397,0.35247822335955953,FALSE,FALSE
ips_ami,tha_pro,z_within,46,-0.035764258743985505,0.8134599046991657,0.0014714740632117463,0.992256361707042,1,2,1,DE,0.8746880695689954,0.9962413270151025,FALSE,FALSE
ips_ami,tom_spp,z_within,46,-0.07414805479336577,0.6243237966642384,0.014122337473029977,0.9257836475108262,3,2,1,DE,0.7558399475353976,0.9603564808203592,FALSE,FALSE
ips_ami,tor_vir,z_within,46,0.3188396202796396,0.03079752258154831,0.2792155160538472,0.060219850831248666,7,2,1,DE,0.08978869557302714,0.1472367990984075,FALSE,FALSE
ips_ami,uro_sir_spp,z_within,23,-0.16489564030321066,0.4521228150979183,-0.1643262936896395,0.4537074156191987,0,1,1,DE,0.6176541189862271,0.6172291733246208,FALSE,FALSE
ips_ami,xyl_lin,z_within,46,0.3835526025622549,0.008506706456985532,0.3472826430979419,0.01804539457342722,9,2,1,DE,0.031274656091858574,0.05802377676343158,FALSE,FALSE
ips_ami,xyl_spp,z_within,46,0.2110998605754242,0.15905001622278722,0.24024415055267093,0.107785865189778,4,2,1,DE,0.3012310913310364,0.2322971232538319,FALSE,FALSE
ips_ami,zei_gri,z_within,0,NA,NA,NA,NA,0,0,0,,NA,NA,TRUE,FALSE
ips_cem,ips_dup,z_within,0,NA,NA,NA,NA,0,0,0,,NA,NA,TRUE,FALSE
ips_cem,ips_sex,z_within,184,0.36730916595009067,2.914525399283047e-7,0.4147439459204987,4.819291219770888e-9,79,8,1,DE,3.4696730943845797e-6,8.973523501848609e-8,FALSE,FALSE
ips_cem,ips_typ,z_within,253,0.5628439496475026,1.5273740940457847e-22,0.5835110606224947,1.7580910579731817e-24,188,11,1,DE,1.3885219036779862e-20,2.197613822466477e-22,FALSE,FALSE
ips_cem,lym_dis,z_within,207,0.24787380718169388,3.169359033534787e-4,0.19812084132827154,0.004214785559067253,79,9,1,DE,0.001909252429840233,0.01713327463035469,FALSE,FALSE
ips_cem,lym_mon,z_within,184,0.0740770553209341,0.31762220687303394,0.04593733108110399,0.5357814435103108,54,8,1,DE,0.49255039276869944,0.6922240872226237,FALSE,FALSE
ips_cem,mel_spp,z_within,207,0.13842853847036135,0.04668282753715391,0.13027876940343563,0.061342775533263706,77,9,1,DE,0.12247192493153451,0.1496165256908871,FALSE,FALSE
ips_cem,neo_ser,z_within,46,0.21391879719449855,0.15342879579489146,0.30996031145632014,0.03605247919100353,12,2,1,DE,0.29336289826939094,0.0987739155917905,FALSE,FALSE
ips_cem,ope_spp,z_within,207,0.19609558506538374,0.004628887479146517,0.24490610917632835,3.757366308736041e-4,44,9,1,DE,0.01897085032437097,0.0020758929882519566,FALSE,FALSE
ips_cem,pan_fla,z_within,138,0.17215975678270967,0.04347420801741262,0.09423397997848297,0.27160329066905525,29,6,1,DE,0.11564995641243501,0.43736439721264936,FALSE,FALSE
ips_cem,pha_cya,z_within,253,0.501503437783238,1.6109631969712853e-17,0.5153768618158232,1.4404022054946195e-18,172,11,1,DE,8.949795538729364e-16,9.60268136996413e-17,FALSE,FALSE
ips_cem,pis_pin,z_within,161,0.42083512509871746,2.7208163673646243e-8,0.4400812753768643,5.177715790935341e-9,62,7,1,DE,4.060919951290484e-7,9.41402871079153e-8,FALSE,FALSE
ips_cem,pit_bid,z_within,115,0.5050950140642676,8.580250533042499e-9,0.46550918244236206,1.5876620307963042e-7,63,5,1,DE,1.3839113762971773e-7,2.268088615423292e-6,FALSE,FALSE
ips_cem,pit_cha,z_within,253,0.5794674466791996,4.317695014314646e-24,0.6059802900269026,9.423261332998277e-27,184,11,1,DE,6.543988349001738e-22,1.5705435554997128e-24,FALSE,FALSE
ips_cem,pit_spp,z_within,92,0.3874720404102154,1.3569806481506525e-4,0.4593849205503097,4.100901431040739e-6,57,4,1,DE,8.86915456307616e-4,3.905620410514989e-5,FALSE,FALSE
ips_cem,pol_pol,z_within,0,NA,NA,NA,NA,0,0,0,,NA,NA,TRUE,FALSE
ips_cem,pri_abi,z_within,184,0.03719055316979803,0.6162214066335261,5.455174870391076e-4,0.9941361345076182,48,8,1,DE,0.7514895202847879,0.9971275170587945,FALSE,FALSE
ips_cem,sap_car,z_within,23,0.346239912168909,0.10557145136748726,0.28934244264707,0.1805353564389842,1,1,1,DE,0.2208607769194294,0.32666896793485306,FALSE,FALSE
ips_cem,sco_int,z_within,184,0.14802038054405475,0.04493924163682926,0.04222591262096574,0.5692674517769478,64,8,1,DE,0.11857319693094791,0.7196928191725609,FALSE,FALSE
ips_cem,sco_rat,z_within,69,0.35525391499078646,0.002740705457276091,0.18156223066833538,0.1354223484859446,37,3,1,DE,0.012181327706874466,0.267105223838155,FALSE,FALSE
ips_cem,sco_sco,z_within,115,0.09250077641770556,0.32549237963548705,0.12280620128524278,0.19103677313603362,25,5,1,DE,0.5007575071315186,0.33811818254165243,FALSE,FALSE
ips_cem,tet_gab,z_within,207,0.40139010006928144,2.0473994179220566e-9,0.36932974807185337,4.34042038347928e-8,87,9,1,DE,3.7914804035593644e-8,7.115443251605377e-7,FALSE,FALSE
ips_cem,tet_spp,z_within,184,0.30918644201167683,1.950013887146958e-5,0.3610962294351903,4.760608057195164e-7,73,8,1,DE,1.5725918444733531e-4,5.805619581945322e-6,FALSE,FALSE
ips_cem,tha_pit,z_within,23,0.1851310882907218,0.3977252546377209,0.10788328118451218,0.6241542665794287,11,1,1,DE,0.5720853662956015,0.7583283264933748,FALSE,FALSE
ips_cem,tha_pro,z_within,230,0.08897845839668189,0.17870867290963843,0.10564005883467965,0.11007502640645288,99,10,1,DE,0.33155597942419,0.23552796001068835,FALSE,FALSE
ips_cem,tom_spp,z_within,253,0.32566979690656916,1.1604096761760742e-7,0.32258549035317463,1.5496891257310055e-7,162,11,1,DE,1.487704713046249e-6,2.2459262691753704e-6,FALSE,FALSE
ips_cem,tor_vir,z_within,230,0.06991147851734973,0.2910707085949699,0.08636750037203611,0.1918480556956279,97,10,1,DE,0.46700603173249094,0.3389541620064097,FALSE,FALSE
ips_cem,uro_sir_spp,z_within,92,0.2577401890352104,0.013122917742192593,0.04218447728413735,0.6896980412237977,12,4,1,DE,0.0452217450552057,0.8047818450686088,FALSE,FALSE
ips_cem,xyl_lin,z_within,230,0.2911769923497923,7.138389895215562e-6,0.2982423715875915,4.151978529802337e-6,137,10,1,DE,6.489445359286876e-5,3.9169608771720165e-5,FALSE,FALSE
ips_cem,xyl_spp,z_within,253,0.3436019344431189,2.023371140013114e-8,0.3172328455336754,2.5408066598924013e-7,122,11,1,DE,3.065713848504718e-7,3.3431666577531593e-6,FALSE,FALSE
ips_cem,zei_gri,z_within,23,-0.15296503764945543,0.4859265061771145,-0.05096993023975951,0.8173449636479675,4,1,1,DE,0.6461788114983468,0.8981812787340303,FALSE,FALSE
ips_dup,ips_sex,z_within,184,0.48819117600825906,2.0712131737177515e-12,0.5268616161417639,1.5608631078006286e-14,136,8,1,CZ,5.917751924907861e-11,6.503596282502619e-13,FALSE,FALSE
ips_dup,ips_typ,z_within,227,0.6975451525059526,2.0370880384288883e-34,0.6653451841477211,2.1694222430040027e-30,183,10,3,"CZ,RO,SK",6.790293461429627e-32,7.231407476680008e-28,FALSE,FALSE
ips_dup,lym_dis,z_within,181,0.15564972812567052,0.036410414058523334,-0.02319320538758365,0.7566274494362932,28,8,3,"CZ,RO,SK",0.10170506720257914,0.8559792188382334,FALSE,FALSE
ips_dup,lym_mon,z_within,138,-0.1283818841158283,0.13344747018770195,-0.1592404041144551,0.06210319921980596,81,6,1,CZ,0.2637301782365651,0.15083577778351173,FALSE,FALSE
ips_dup,mel_spp,z_within,0,NA,NA,NA,NA,0,0,0,,NA,NA,TRUE,FALSE
ips_dup,neo_ser,z_within,46,-0.39445704818924987,0.006674276422947351,-0.17914882364104387,0.23354586640964783,2,2,1,CZ,0.025670293934412888,0.39272592550559854,FALSE,FALSE
ips_dup,ope_spp,z_within,0,NA,NA,NA,NA,0,0,0,,NA,NA,TRUE,FALSE
ips_dup,pan_fla,z_within,23,0.32904230358377695,0.12525480287547724,0.32141217326661253,0.13478695765111537,1,1,1,CZ,0.24901551267490507,0.2670148793867423,FALSE,FALSE
ips_dup,pha_cya,z_within,184,0.3887651601013897,4.9362762410622866e-8,0.3635945122407684,3.9130428779966777e-7,134,8,1,CZ,7.051823201517552e-7,4.8309171333292315e-6,FALSE,FALSE
ips_dup,pis_pin,z_within,0,NA,NA,NA,NA,0,0,0,,NA,NA,TRUE,FALSE
ips_dup,pit_bid,z_within,0,NA,NA,NA,NA,0,0,0,,NA,NA,TRUE,FALSE
ips_dup,pit_cha,z_within,21,-0.16718987394725757,0.4688393951754848,-0.19480519480519481,0.39744295350722547,21,1,1,SK,0.6318590231475536,0.5632712967852359,FALSE,FALSE
ips_dup,pit_spp,z_within,184,0.6416633164268658,9.81858082209852e-23,0.59295749559375,7.444468558856863e-19,125,8,1,CZ,1.0909534246776134e-20,5.722559793730565e-17,FALSE,FALSE
ips_dup,pol_pol,z_within,184,0.12934763165336186,0.0801254556271533,0.13095645233307163,0.07640903741900687,132,8,1,CZ,0.1784531305727245,0.17978597039766323,FALSE,FALSE
ips_dup,pri_abi,z_within,161,-0.5704777170785686,2.7911653432618716e-15,-0.5011812308104122,1.2756895300301314e-11,94,7,1,CZ,1.2135501492442922e-13,3.6448272286575186e-10,FALSE,FALSE
ips_dup,sap_car,z_within,0,NA,NA,NA,NA,0,0,0,,NA,NA,TRUE,FALSE
ips_dup,sco_int,z_within,184,0.12352900798641978,0.09479783605855575,0.08787238495523703,0.23557019306363403,86,8,1,CZ,0.20204020397340894,0.39345117267214197,FALSE,FALSE
ips_dup,sco_rat,z_within,184,0.3479730093302379,1.297781597155398e-6,0.3051776905175297,2.5272718991376925e-5,80,8,1,CZ,1.3806187203780831e-5,1.9292151901814447e-4,FALSE,FALSE
ips_dup,sco_sco,z_within,0,NA,NA,NA,NA,0,0,0,,NA,NA,TRUE,FALSE
ips_dup,tet_gab,z_within,46,-0.31806627958700223,0.031228388082456173,-0.2290671758755081,0.12569663295166392,4,2,1,CZ,0.09025545688571149,0.2574775643368968,FALSE,FALSE
ips_dup,tet_spp,z_within,0,NA,NA,NA,NA,0,0,0,,NA,NA,TRUE,FALSE
ips_dup,tha_pit,z_within,0,NA,NA,NA,NA,0,0,0,,NA,NA,TRUE,FALSE
ips_dup,tha_pro,z_within,0,NA,NA,NA,NA,0,0,0,,NA,NA,TRUE,FALSE
ips_dup,tom_spp,z_within,184,0.5594019061776835,1.5332306333876744e-16,0.5803771367611916,5.894901583292212e-18,150,8,1,CZ,7.666153166938371e-15,3.467589166642477e-16,FALSE,FALSE
ips_dup,tor_vir,z_within,22,-0.23181160141943202,0.2992462887115439,-0.14407913853709495,0.5223708722017135,6,1,1,RO,0.47274295215093826,0.6819463083573284,FALSE,FALSE
ips_dup,uro_sir_spp,z_within,0,NA,NA,NA,NA,0,0,0,,NA,NA,TRUE,FALSE
ips_dup,xyl_lin,z_within,0,NA,NA,NA,NA,0,0,0,,NA,NA,TRUE,FALSE
ips_dup,xyl_spp,z_within,0,NA,NA,NA,NA,0,0,0,,NA,NA,TRUE,FALSE
ips_dup,zei_gri,z_within,161,0.07410008759150935,0.3502091522914036,0.05211460769980048,0.5114676346904958,69,7,1,CZ,0.5258395680051104,0.6723648263486169,FALSE,FALSE
ips_sex,ips_typ,z_within,386,0.48403908056210027,4.5807918443012166e-24,0.5127764454219874,2.8644842608895404e-27,237,17,3,"BG,CZ,DE",6.543988349001738e-22,5.728968521779081e-25,FALSE,FALSE
ips_sex,lym_dis,z_within,317,0.15579491352646513,0.005437804242259119,0.12362690701518518,0.02774532945114563,46,14,3,"BG,CZ,DE",0.02157858826293301,0.08160391015042832,FALSE,FALSE
ips_sex,lym_mon,z_within,276,-0.03529447098492091,0.5593033409527377,-0.04004048700903883,0.5076833436885554,114,12,2,"CZ,DE",0.7079789125984022,0.6697669441801523,FALSE,FALSE
ips_sex,mel_spp,z_within,161,0.04173545796708475,0.5991199839776464,0.07943979951310631,0.3164845812140913,19,7,1,DE,0.7385951265793552,0.48546966957054266,FALSE,FALSE
ips_sex,neo_ser,z_within,110,0.10248287218136404,0.28670449135534387,0.15115255360195445,0.11496531508012486,28,5,3,"BG,CZ,DE",0.4631736532396508,0.24254285881882884,FALSE,FALSE
ips_sex,ope_spp,z_within,161,0.2470822073336677,0.0015785924004699564,0.22708366354690343,0.0037691715928653995,17,7,1,DE,0.007663069905193963,0.015510994209322632,FALSE,FALSE
ips_sex,pan_fla,z_within,115,0.06658466053827775,0.4795504996117921,-0.0446321033406369,0.6357613064507999,18,5,2,"CZ,DE",0.6411102935986526,0.7669014553085644,FALSE,FALSE
ips_sex,pha_cya,z_within,368,0.5083318670172224,1.4169445289811748e-25,0.5171933197528896,1.459059578322136e-26,207,16,2,"CZ,DE",2.8338890579623493e-23,2.0843708261744802e-24,FALSE,FALSE
ips_sex,pis_pin,z_within,138,0.3714874913521598,7.260783005706423e-6,0.4445559198133638,4.6985440931877844e-8,51,6,1,DE,6.541245951086868e-5,7.458006497123467e-7,FALSE,FALSE
ips_sex,pit_bid,z_within,115,0.5263323495026262,1.528483066845587e-9,0.6300477779683922,4.560914667608368e-14,62,5,1,DE,2.93939051316459e-8,1.689227654669766e-12,FALSE,FALSE
ips_sex,pit_cha,z_within,184,0.3465202285444606,1.4461779237961e-6,0.45218735422464157,1.1663284142110834e-10,79,8,1,DE,1.522292551364316e-5,2.9905856774643166e-9,FALSE,FALSE
ips_sex,pit_spp,z_within,253,0.38042587343109124,3.900624729257667e-10,0.37316719516970154,8.842254967208787e-10,120,11,2,"CZ,DE",9.071220300599226e-9,1.9649455482686194e-8,FALSE,FALSE
ips_sex,pol_pol,z_within,184,0.09170300005728516,0.2156962769164068,0.11664737068691398,0.11482155666557005,123,8,1,CZ,0.37913028130601945,0.24254285881882884,FALSE,FALSE
ips_sex,pri_abi,z_within,322,-0.09098833630814482,0.1031522418543121,-0.08710584067711057,0.1187726127119179,121,14,2,"CZ,DE",0.21625207935914487,0.24899918807529958,FALSE,FALSE
ips_sex,sap_car,z_within,23,0.3689403717139749,0.08319777412611921,0.3535533905932738,0.097929188376558507,1,1,1,DE,0.18285225082663564,0.21739496860291382,FALSE,FALSE
ips_sex,sco_int,z_within,345,0.20122306073413296,1.681935763892339e-4,0.13421951709181704,0.012586150518130135,132,15,2,"CZ,DE",0.0010851198476724765,0.04281003577595284,FALSE,FALSE
ips_sex,sco_rat,z_within,253,0.35142625797883975,9.114717945185085e-9,0.2895469300606609,2.821154704963851e-6,111,11,2,"CZ,DE",1.4241746789351695e-7,2.7932224801622287e-5,FALSE,FALSE
ips_sex,sco_sco,z_within,92,0.18170088989717512,0.0830164782253835,0.25093962068350856,0.015832234636048752,22,4,1,DE,0.18285225082663564,0.05207971919752879,FALSE,FALSE
ips_sex,tet_gab,z_within,207,0.16917015453721057,0.014818477215443184,0.11141379154314524,0.10998992931962501,31,9,2,"CZ,DE",0.04972643360886975,0.23552796001068835,FALSE,FALSE
ips_sex,tet_spp,z_within,115,0.09239498025767841,0.32604841335590073,0.028735677047594582,0.7604785852185445,11,5,1,DE,0.5008424168293406,0.8587093092916726,FALSE,FALSE
ips_sex,tha_pit,z_within,41,0.2667011231882058,0.09187416296507878,0.2776081689562835,0.0788646049218321,25,2,2,"BG,DE",0.19867028560196215,0.18426466905583003,FALSE,FALSE
ips_sex,tha_pro,z_within,161,-0.04488240693743447,0.5718415075823072,-0.009597391152401753,0.9038247752970264,27,7,1,DE,0.7157732852024262,0.9483995543515493,FALSE,FALSE
ips_sex,tom_spp,z_within,368,0.4735130068663596,5.7982291475673435e-22,0.42247821149034354,2.3077429481452318e-17,220,16,2,"CZ,DE",4.460176267359495e-20,1.28207941563624e-15,FALSE,FALSE
ips_sex,tor_vir,z_within,179,-0.02004120679986864,0.7900225437997948,-0.04150587909164369,0.58118252621127,65,8,2,"BG,DE",0.8568574227763501,0.7282989050266541,FALSE,FALSE
ips_sex,uro_sir_spp,z_within,69,0.1909167036277084,0.11609139544592835,0.12069004090184808,0.32323663134358516,3,3,1,DE,0.23595812082505765,0.4919887843890185,FALSE,FALSE
ips_sex,xyl_lin,z_within,184,0.08162039870238538,0.27070226903853994,0.16015851525748845,0.029876085602892427,75,8,1,DE,0.4448711271859397,0.08536024457969266,FALSE,FALSE
ips_sex,xyl_spp,z_within,184,0.24107923944678716,9.785150774346445e-4,0.34963060661745465,1.146209756817054e-6,73,8,1,DE,0.0050700263079515254,1.317482479100062e-5,FALSE,FALSE
ips_sex,zei_gri,z_within,184,-0.10343016619441693,0.16235824372631413,-0.09347804939262762,0.2069048010403634,67,8,2,"CZ,DE",0.3051846686584852,0.35796678380685715,FALSE,FALSE
ips_typ,lym_dis,z_within,622,0.24855116461298588,3.2727552077347915e-10,0.17579681487780113,1.03404365383675e-5,241,28,10,"AT,BG,CZ,DE,HR,HU,LT,RO,RS,SK",7.792274304130456e-9,8.83797994732265e-5,FALSE,FALSE
ips_typ,lym_mon,z_within,665,0.02313540347925277,0.551466736675761,-0.0055798879887061425,0.8857987335858661,392,31,4,"CZ,DE,LT,PL",0.701611624269416,0.9413376552453412,FALSE,FALSE
ips_typ,mel_spp,z_within,547,0.010766657902572162,0.801626882775991,0.02819845679643927,0.5104555137967819,374,26,2,"DE,PL",0.8647539188522018,0.6723648263486169,FALSE,FALSE
ips_typ,neo_ser,z_within,110,-0.14974531554375956,0.1184249633603801,-0.07767572951058897,0.41990666382015696,30,5,3,"BG,CZ,DE",0.239237590728106,0.5848282225907478,FALSE,FALSE
ips_typ,ope_spp,z_within,207,0.11863863460231239,0.088643927145313,0.15454881691713845,0.026183334938071404,45,9,1,DE,0.19354569245701528,0.07894214560148166,FALSE,FALSE
ips_typ,pan_fla,z_within,484,0.18252690628935667,5.363611024125184e-5,0.15923324688621124,4.3721908131407166e-4,183,23,4,"CZ,DE,LT,PL",3.886674655163177e-4,0.002376190659315607,FALSE,FALSE
ips_typ,pha_cya,z_within,947,0.3319830959491541,8.454340169537245e-26,0.34313077600671066,1.4789807854376054e-27,686,44,5,"AT,CZ,DE,LT,PL",2.1135850423843113e-23,3.6974519635940135e-25,FALSE,FALSE
ips_typ,pis_pin,z_within,184,0.3235043924296048,7.48645938485356e-6,0.3877388373339655,5.3896587250944535e-8,82,8,2,"DE,LT",6.625185296330583e-5,8.421341757960084e-7,FALSE,FALSE
ips_typ,pit_bid,z_within,115,0.5315507408812948,9.82052799823915e-10,0.47858972795962207,6.303919113533799e-8,64,5,1,DE,2.004189387395745e-8,9.698337097744306e-7,FALSE,FALSE
ips_typ,pit_cha,z_within,533,0.645974459727935,2.8632427662159428e-64,0.6538222617610971,2.602256324442258e-66,434,24,6,"AT,DE,IT,LT,SI,SK",2.8632427662159428e-61,2.602256324442258e-63,FALSE,FALSE
ips_typ,pit_spp,z_within,469,0.5286213888659772,4.049932594501847e-35,0.5332932668506153,7.99951696785062e-36,363,21,5,"AT,CZ,DE,HR,SI",2.0249662972509237e-32,3.99975848392531e-33,FALSE,FALSE
ips_typ,pol_pol,z_within,207,0.19355938120872257,0.0051988516503928325,0.16060604829274602,0.020791274552278364,161,9,2,"CZ,LT",0.02079540660157133,0.06490934294919047,FALSE,FALSE
ips_typ,pri_abi,z_within,345,-0.2681434956355257,4.2961339686483486e-7,-0.24962846010045878,2.6746877424300685e-6,157,15,2,"CZ,DE",5.054275257233352e-6,2.6746877424300684e-5,FALSE,FALSE
ips_typ,sap_car,z_within,23,0.36186041108726574,0.08975413507714967,0.2892709559399512,0.18064793926797373,1,1,1,DE,0.19554277794585986,0.32666896793485306,FALSE,FALSE
ips_typ,sco_int,z_within,368,0.20111081122093652,1.0249396910070085e-4,0.15353706598622857,0.0031484582144249433,154,16,2,"CZ,DE",6.878789872530258e-4,0.013284633816139,FALSE,FALSE
ips_typ,sco_rat,z_within,276,0.41405897755919985,7.384861589406179e-13,0.33160275000721057,1.6565659622681387e-8,125,12,3,"CZ,DE,LT",2.307769246689431e-11,2.9062560741546294e-7,FALSE,FALSE
ips_typ,sco_sco,z_within,138,-0.03032269583950967,0.7240493418887521,0.01175730949338361,0.8911370825687355,27,6,2,"DE,LT",0.8144537029119822,0.9430022037764396,FALSE,FALSE
ips_typ,tet_gab,z_within,379,0.1897234436180047,2.031091175335427e-4,0.21153411653342977,3.301575673108304e-5,167,17,3,"AT,CZ,DE",0.001293688646710463,2.463862442618137e-4,FALSE,FALSE
ips_typ,tet_spp,z_within,184,0.1518982847509325,0.03955495662287249,0.293395258560653,5.299691566743986e-5,72,8,1,DE,0.10748629517084916,3.706078018702088e-4,FALSE,FALSE
ips_typ,tha_pit,z_within,64,-0.12998119933084806,0.3059742274187583,-0.11342791531595608,0.3721659427717382,52,3,3,"BG,DE,HR",0.47958342855604746,0.5369188054976699,FALSE,FALSE
ips_typ,tha_pro,z_within,230,0.05994628894858977,0.3654699767707903,0.10666925316452992,0.10663330341328336,96,10,1,DE,0.541437002623393,0.23130868419367326,FALSE,FALSE
ips_typ,tom_spp,z_within,908,0.27488646287240986,3.31859094175049e-17,0.2937990933038835,1.5504884431587414e-19,632,42,5,"AT,CZ,DE,LT,PL",1.7466268114476262e-15,1.2920737026322845e-17,FALSE,FALSE
ips_typ,tor_vir,z_within,633,0.04805932838652716,0.22725653273881888,0.018619807792681235,0.6400853295135047,335,30,5,"BG,DE,LT,PL,RO",0.3924983294280119,0.7692915410937531,FALSE,FALSE
ips_typ,uro_sir_spp,z_within,92,0.20419035898138796,0.05089438692547588,0.10085686985871016,0.33876898775890907,11,4,1,DE,0.12751285610955224,0.5100971643030249,FALSE,FALSE
ips_typ,xyl_lin,z_within,230,0.1486321035438791,0.024172747282459363,0.16207066242521942,0.013861890976490378,139,10,1,DE,0.07280947976644386,0.0466730335908767,FALSE,FALSE
ips_typ,xyl_spp,z_within,253,0.3060653837916277,6.912958851805521e-7,0.2999275395679027,1.1777214949022546e-6,121,11,1,DE,7.767369496410699e-6,1.3383198805707438e-5,FALSE,FALSE
ips_typ,zei_gri,z_within,184,-0.056634448063355484,0.4451027529340462,0.006522572455068929,0.9299764555692568,76,8,2,"CZ,DE",0.6132246538190259,0.9626396358005693,FALSE,FALSE
lym_dis,lym_mon,z_within,299,0.06242313431798265,0.2819606773824966,0.043318057062929065,0.4555151299135701,37,13,3,"CZ,DE,LT",0.45775049544858015,0.6172291733246208,FALSE,FALSE
lym_dis,mel_spp,z_within,184,0.09597843222882448,0.1949628647858774,0.12736526488736916,0.08490361146709698,44,8,1,DE,0.3541031420947569,0.19518071601631487,FALSE,FALSE
lym_dis,neo_ser,z_within,87,0.08413804906744832,0.43845085430892994,0.25370912972536536,0.0177328155430196,19,4,3,"BG,CZ,DE",0.6081149158237587,0.05755472505225946,FALSE,FALSE
lym_dis,ope_spp,z_within,161,0.13572171802283703,0.08604324541873143,0.12894891428741917,0.10305015424244596,23,7,1,DE,0.18869132767265664,0.22551505735713825,FALSE,FALSE
lym_dis,pan_fla,z_within,184,0.23933594974640196,0.0010676181891385657,0.12642372378154357,0.08725174423651774,17,8,3,"CZ,DE,LT",0.00544703157723758,0.20011867944155445,FALSE,FALSE
lym_dis,pha_cya,z_within,494,0.2299865635285942,2.3636474595842256e-7,0.2260901985171202,3.8087106908438207e-7,124,22,4,"AT,CZ,DE,LT",2.8477680235954525e-6,4.760888363554776e-6,FALSE,FALSE
lym_dis,pis_pin,z_within,161,0.2824255637257937,2.8359985659893365e-4,0.21033907269331284,0.0074032917122531,35,7,2,"DE,LT",0.0017506163987588497,0.027318419602409962,FALSE,FALSE
lym_dis,pit_bid,z_within,115,0.1751403150041175,0.061185757164618264,0.06181140091173582,0.5116696328512975,21,5,1,DE,0.14684218968488205,0.6723648263486169,FALSE,FALSE
lym_dis,pit_cha,z_within,378,0.1976419245862337,1.0968934843550274e-4,0.16452781023694346,0.0013269118735764452,143,17,4,"AT,DE,LT,SK",7.312623229033516e-4,0.006259018271587006,FALSE,FALSE
lym_dis,pit_spp,z_within,358,0.2184224341170629,3.06293539637556e-5,0.12816730334501678,0.015242141959658005,106,16,4,"AT,CZ,DE,HR",2.3743685243221392e-4,0.050638345380923606,FALSE,FALSE
lym_dis,pol_pol,z_within,161,0.05209333963908175,0.5116402199518801,0.016575499847388823,0.834686286342631,18,7,2,"CZ,LT",0.6648065557216105,0.9105946638662885,FALSE,FALSE
lym_dis,pri_abi,z_within,276,-0.11953292512374628,0.0472629638169031,-0.17067390892483847,0.004462496574625093,24,12,2,"CZ,DE",0.1234019943000081,0.017849986298500372,FALSE,FALSE
lym_dis,sap_car,z_within,23,-0.1022659723615388,0.6424182696773159,-0.11129646084817225,0.6131594779723348,0,1,1,DE,0.7675248144292902,0.7505590870238206,FALSE,FALSE
lym_dis,sco_int,z_within,299,0.006532228451070593,0.9104421390817721,0.06325835810638751,0.27555903772017143,34,13,2,"CZ,DE",0.947390363248462,0.4423098518782848,FALSE,FALSE
lym_dis,sco_rat,z_within,230,0.07124037271093261,0.2819743051963254,0.042429451517359495,0.5220055442594652,21,10,3,"CZ,DE,LT",0.45775049544858015,0.6819463083573284,FALSE,FALSE
lym_dis,sco_sco,z_within,115,0.15718529002986967,0.09341428246622877,0.036022879503991995,0.7023083095400826,9,5,2,"DE,LT",0.20045983361851666,0.817588253248059,FALSE,FALSE
lym_dis,tet_gab,z_within,312,0.0640905097595749,0.25903244538690473,0.09435993652911157,0.09616181278144208,74,14,3,"AT,CZ,DE",0.4317207423115079,0.2156094456983006,FALSE,FALSE
lym_dis,tet_spp,z_within,161,0.16804547214768528,0.03310391729880947,0.22421991211036107,0.004244931459102632,38,7,1,DE,0.09431315469746286,0.017185957324302156,FALSE,FALSE
lym_dis,tha_pit,z_within,64,-0.011600778087988343,0.927508390908802,-0.008803925548608578,0.9449541433629496,31,3,3,"BG,DE,HR",0.9581698253190102,0.9711758924593521,FALSE,FALSE
lym_dis,tha_pro,z_within,184,0.24772176627645368,6.980030077332553e-4,0.2010990920402997,0.006195105372182796,54,8,1,DE,0.003793494607245953,0.023377756121444514,FALSE,FALSE
lym_dis,tom_spp,z_within,494,0.2627527930819277,3.0352298022360996e-9,0.14907098137274216,8.890738121577317e-4,139,22,4,"AT,CZ,DE,LT",5.324964565326491e-8,0.004401355505731345,FALSE,FALSE
lym_dis,tor_vir,z_within,248,-0.05611534097677585,0.37889488627557366,-0.03769697158966274,0.5546119459832598,69,11,4,"BG,DE,LT,RO",0.5560342482140674,0.7083166615367303,FALSE,FALSE
lym_dis,uro_sir_spp,z_within,69,0.1704052472932392,0.1615447162128428,0.06720598791367968,0.5832270431968637,5,3,1,DE,0.30422733750064557,0.7290338039960796,FALSE,FALSE
lym_dis,xyl_lin,z_within,184,-0.09262171471154892,0.21111331303880637,-0.11460201863064544,0.12136930710007267,50,8,1,DE,0.37497924163198293,0.2539106843097754,FALSE,FALSE
lym_dis,xyl_spp,z_within,207,0.04286681876578998,0.5396823432597551,-0.0028036666101795876,0.9680185427821448,50,9,1,DE,0.6906550774200453,0.9792413612409093,FALSE,FALSE
lym_dis,zei_gri,z_within,138,0.06364662224101415,0.4583115085872834,0.15461209782879298,0.07019286730837339,10,6,2,"CZ,DE",0.6210183043188122,0.1684047669469463,FALSE,FALSE
lym_mon,mel_spp,z_within,481,0.12958396461892052,0.004418677142051826,0.12523547756228096,0.005953751466056255,241,23,2,"DE,PL",0.018183856551653606,0.02281130829906611,FALSE,FALSE
lym_mon,neo_ser,z_within,92,0.12219839482146622,0.24587983639212121,-0.035485864381644035,0.7370062240748534,8,4,2,"CZ,DE",0.4181629870614306,0.8451906239390521,FALSE,FALSE
lym_mon,ope_spp,z_within,138,0.2378431017438669,0.004968999786764758,0.32752203487885945,8.809656132878389e-5,19,6,1,DE,0.020117408043582016,5.912520894549255e-4,FALSE,FALSE
lym_mon,pan_fla,z_within,484,0.3137447090653971,1.6216346729920854e-12,0.32307757028286377,3.202089937535414e-13,159,23,4,"CZ,DE,LT,PL",4.769513744094369e-11,1.0329322379146497e-11,FALSE,FALSE
lym_mon,pha_cya,z_within,665,0.03424321386197566,0.37796753404638284,0.05198174518279398,0.18061380716573366,363,31,4,"CZ,DE,LT,PL",0.5559672548148195,0.32666896793485306,FALSE,FALSE
lym_mon,pis_pin,z_within,161,0.1276608085806043,0.10656587974289435,0.09670366240143828,0.2223385240758099,40,7,2,"DE,LT",0.22109103681098413,0.37882144711715016,FALSE,FALSE
lym_mon,pit_bid,z_within,92,-0.05958419817413302,0.572618628161941,-0.07756299029310788,0.46240386469566197,29,4,1,DE,0.7157732852024262,0.6241437459470919,FALSE,FALSE
lym_mon,pit_cha,z_within,207,0.136279183998604,0.050231503176533715,0.08832248383747321,0.20568535285419676,59,9,2,"DE,LT",0.12722435763868395,0.35647374844748136,FALSE,FALSE
lym_mon,pit_spp,z_within,184,-0.24046379357533265,0.001009160796769193,-0.29375262773918465,5.184420402388978e-5,80,8,2,"CZ,DE",0.005201859777160789,3.65100028337252e-4,FALSE,FALSE
lym_mon,pol_pol,z_within,161,0.025929446931220828,0.7440467499149053,0.05302748172183509,0.5040883554777681,83,7,2,"CZ,LT",0.824885532056436,0.6659027152942776,FALSE,FALSE
lym_mon,pri_abi,z_within,276,0.19788204969515147,9.487902245331695e-4,0.21782318045026175,2.6614189496411823e-4,80,12,2,"CZ,DE",0.004967488086561097,0.0015459711638437222,FALSE,FALSE
lym_mon,sap_car,z_within,23,-0.2849030264603879,0.1876187461901742,-0.2607624275212971,0.2294559526654545,0,1,1,DE,0.34362407727138133,0.38890839434822794,FALSE,FALSE
lym_mon,sco_int,z_within,253,-0.04000021516017061,0.5265082091453782,-0.03940972470747994,0.532635225306864,71,11,2,"CZ,DE",0.6802431642705145,0.6910235697389383,FALSE,FALSE
lym_mon,sco_rat,z_within,230,-0.033410835174173474,0.6142048425580255,-0.0871675620781047,0.18774893734071937,69,10,3,"CZ,DE,LT",0.7499448627082119,0.3358657197508397,FALSE,FALSE
lym_mon,sco_sco,z_within,92,0.18368714760379748,0.07964969790299671,0.1751515716594581,0.09492710125187294,16,4,2,"DE,LT",0.17818724363086513,0.21493042064295861,FALSE,FALSE
lym_mon,tet_gab,z_within,207,0.002082855323614126,0.9762380143199748,0.06942535261128828,0.3202188621087679,18,9,2,"CZ,DE",0.9859592162436267,0.48888375894468383,FALSE,FALSE
lym_mon,tet_spp,z_within,115,0.2933750115784773,0.0014623613993151737,0.23778766475082785,0.010498986155273322,11,5,1,DE,0.0072394128678969,0.03658183329363526,FALSE,FALSE
lym_mon,tha_pit,z_within,23,-0.45812713815045525,0.027920846132460916,-0.38391440413818073,0.07052225774602708,6,1,1,DE,0.0823623779718611,0.16871353527757674,FALSE,FALSE
lym_mon,tha_pro,z_within,161,0.22890753998842775,0.00349175787369995,0.3345416063855381,1.441620698527623e-5,30,7,1,DE,0.015050680490085993,1.2013505821063526e-4,FALSE,FALSE
lym_mon,tom_spp,z_within,605,0.044027961841267255,0.279595082404615,0.061265324462296995,0.13226611932014706,243,28,4,"CZ,DE,LT,PL",0.45536658372087135,0.2670148793867423,FALSE,FALSE
lym_mon,tor_vir,z_within,504,0.11814031501611885,0.007931747384067307,0.10553866076504985,0.017784410041148172,187,24,3,"DE,LT,PL",0.029483756909626235,0.05755472505225946,FALSE,FALSE
lym_mon,uro_sir_spp,z_within,46,0.0466252264243432,0.7583164847578339,-0.009540085325607272,0.949826468999907,1,2,1,DE,0.8379187676882143,0.9731828575818718,FALSE,FALSE
lym_mon,xyl_lin,z_within,161,0.08258686148283656,0.29763193783651554,0.18115601512273063,0.021461616618028666,47,7,1,DE,0.4713397404695621,0.066239557463051435,FALSE,FALSE
lym_mon,xyl_spp,z_within,184,0.1195009147257254,0.10615102464676852,0.13377982615902353,0.0702247878168766,48,8,1,DE,0.22109103681098413,0.1684047669469463,FALSE,FALSE
lym_mon,zei_gri,z_within,161,0.04206584395751018,0.5962288364844741,-0.041559800758426274,0.600659686121257,51,7,2,"CZ,DE",0.7360849833141655,0.7449884315457692,FALSE,FALSE
mel_spp,neo_ser,z_within,46,-0.12106473765154466,0.42286647718558545,0.03671172157531988,0.8086095204891688,2,2,1,DE,0.5955865875853316,0.8934487606432271,FALSE,FALSE
mel_spp,ope_spp,z_within,161,0.03399786445962709,0.6685440510857439,-0.008551743786126558,0.9142606878344463,15,7,1,DE,0.7819228667669519,0.9559880097461513,FALSE,FALSE
mel_spp,pan_fla,z_within,415,0.19558617869370232,6.041570677286963e-5,0.17531210863409613,3.326675764509263e-4,155,20,2,"DE,PL",4.315407626633545e-4,0.001862835333375025,FALSE,FALSE
mel_spp,pha_cya,z_within,547,0.12520730313614978,0.0033548332715044476,0.12424035759731132,0.0036099673331877577,341,26,2,"DE,PL",0.014714181015370385,0.014917220385073378,FALSE,FALSE
mel_spp,pis_pin,z_within,138,0.19127499112975718,0.024619221878346892,0.2784345951155714,9.438283600748389e-4,21,6,1,DE,0.07393159723227294,0.004626609608209995,FALSE,FALSE
mel_spp,pit_bid,z_within,92,-0.05982057628450395,0.5710937715916109,-0.11143269613754736,0.2902794066177933,12,4,1,DE,0.7157732852024262,0.45930285857245773,FALSE,FALSE
mel_spp,pit_cha,z_within,207,-0.0808327025076635,0.24693206123329375,-0.03518818937107731,0.61471111920321,69,9,1,DE,0.4192394927560166,0.7505590870238206,FALSE,FALSE
mel_spp,pit_spp,z_within,92,0.14578869059689398,0.16554615766627215,0.20140594641963275,0.054206531725183076,44,4,1,DE,0.31001153121024744,0.13654038217930245,FALSE,FALSE
mel_spp,pol_pol,z_within,0,NA,NA,NA,NA,0,0,0,,NA,NA,TRUE,FALSE
mel_spp,pri_abi,z_within,161,0.1836602168951483,0.01969530668654574,-0.014754412682122957,0.852629925327008,9,7,1,DE,0.06252478313189123,0.9197733822297821,FALSE,FALSE
mel_spp,sap_car,z_within,23,0.07614457387190585,0.729858444429031,0.17023740135648377,0.4373977596362363,1,1,1,DE,0.8182269556379271,0.6029804967098679,FALSE,FALSE
mel_spp,sco_int,z_within,138,0.03274659932177143,0.7029890709476551,-0.011622962773308805,0.8923734895990456,23,6,1,DE,0.8002197267295614,0.943312356870027,FALSE,FALSE
mel_spp,sco_rat,z_within,69,0.057681480233476454,0.6377997464166307,-0.240690470886258,0.046350002777263,10,3,1,DE,0.7647478973820513,0.11982633262516451,FALSE,FALSE
mel_spp,sco_sco,z_within,92,-0.10135336539474932,0.33638431611382835,-0.10372868835025378,0.3251230082197005,5,4,1,DE,0.5104466101879035,0.4941079152275084,FALSE,FALSE
mel_spp,tet_gab,z_within,184,0.15704488950845902,0.033256603141866806,0.20017210378927625,0.006442001376313525,60,8,1,DE,0.09447898619848524,0.02394796050674173,FALSE,FALSE
mel_spp,tet_spp,z_within,161,0.3689755364368466,1.4621301995060826e-6,0.3273711514367802,2.246060251845739e-5,56,7,1,DE,1.5230522911521693e-5,1.7547345717544837e-4,FALSE,FALSE
mel_spp,tha_pit,z_within,23,-0.30624404663563387,0.15525694640451046,-0.30165938968536776,0.16185251853932503,2,1,1,DE,0.29572751696097227,0.30252807203612153,FALSE,FALSE
mel_spp,tha_pro,z_within,184,0.16625123070372314,0.024102406706047592,0.14988802654418892,0.04227411707854053,59,8,1,DE,0.07280947976644386,0.11183628856756754,FALSE,FALSE
mel_spp,tom_spp,z_within,487,0.14831006526860172,0.0010282572627183183,0.14009776136144897,0.0019414860924260814,189,23,2,"DE,PL",0.005273114167786248,0.008824936783754917,FALSE,FALSE
mel_spp,tor_vir,z_within,524,-0.013023978666001603,0.7661358471945486,-0.007815881603438352,0.8583388283284369,193,25,2,"DE,PL",0.840983366843632,0.922944976697244,FALSE,FALSE
mel_spp,uro_sir_spp,z_within,69,0.17705501703533644,0.1455621821388818,0.1631511672264587,0.1804172686128892,6,3,1,DE,0.28264501386190644,0.32666896793485306,FALSE,FALSE
mel_spp,xyl_lin,z_within,184,-7.821162001359268e-4,0.9915929716491485,-0.018053273093935483,0.8078214326051945,35,8,1,DE,0.995575272740109,0.8934487606432271,FALSE,FALSE
mel_spp,xyl_spp,z_within,207,-0.017471893717549987,0.8026850677391915,-0.08043246218302195,0.2492875214027386,35,9,1,DE,0.8649623574775771,0.40799921669842654,FALSE,FALSE
mel_spp,zei_gri,z_within,23,0.14383660286916528,0.512618599996389,0.28625592465679256,0.1854402888680538,2,1,1,DE,0.6648749675698951,0.33412664660910596,FALSE,FALSE
neo_ser,ope_spp,z_within,46,0.2608398767546145,0.07996888498355657,0.2991916843511767,0.04339355441892637,7,2,1,DE,0.1784531305727245,0.11419356426033256,FALSE,FALSE
neo_ser,pan_fla,z_within,69,-0.06386657507055891,0.6021184735101563,0.05431165500388644,0.6575979713550811,2,3,2,"CZ,DE",0.7397032844105115,0.7787684133139956,FALSE,FALSE
neo_ser,pha_cya,z_within,92,0.07923805408676056,0.45276411333975286,0.10848500721416282,0.3033075876058804,14,4,2,"CZ,DE",0.6176863756340422,0.47317876381572604,FALSE,FALSE
neo_ser,pis_pin,z_within,46,0.028240597159295108,0.8522072285538566,0.14926206317871643,0.3221522939388861,11,2,1,DE,0.9008871162845118,0.49108581393122885,FALSE,FALSE
neo_ser,pit_bid,z_within,46,0.24915579607054422,0.0949588958675022,0.2058955617037459,0.16982054465048035,11,2,1,DE,0.20204020397340894,0.3136964880709371,FALSE,FALSE
neo_ser,pit_cha,z_within,46,0.06409917451486274,0.672139774783112,0.11883305883973064,0.43152925501298334,12,2,1,DE,0.7829857477529152,0.5968592738768788,FALSE,FALSE
neo_ser,pit_spp,z_within,46,-0.26836271181038623,0.07134546132603566,-0.15260054063104703,0.31132340831616023,1,2,1,CZ,0.16363637918815518,0.48043735851259295,FALSE,FALSE
neo_ser,pol_pol,z_within,46,0.1421798470928714,0.34589957317442976,0.0764730723949345,0.6134658409771262,2,2,1,CZ,0.5209330921301654,0.7505590870238206,FALSE,FALSE
neo_ser,pri_abi,z_within,92,0.34350764690467256,8.011843220449118e-4,0.11843609386536208,0.2608307212410778,9,4,2,"CZ,DE",0.00430744259163931,0.4241149938879314,FALSE,FALSE
neo_ser,sap_car,z_within,0,NA,NA,NA,NA,0,0,0,,NA,NA,TRUE,FALSE
neo_ser,sco_int,z_within,92,-0.04836315575315628,0.6470899352240798,-0.008142551197526132,0.9385964746360032,6,4,2,"CZ,DE",0.7711768082764909,0.9666287071431546,FALSE,FALSE
neo_ser,sco_rat,z_within,92,-0.035561846500657655,0.7364636779169709,0.047459315372897826,0.6532563237708331,7,4,2,"CZ,DE",0.8217190620387868,0.7778254037536524,FALSE,FALSE
neo_ser,sco_sco,z_within,46,0.24111443417023712,0.10647776485524586,0.030076829469432905,0.8427150342493734,3,2,1,DE,0.22109103681098413,0.9140076293377153,FALSE,FALSE
neo_ser,tet_gab,z_within,69,-0.010692954811966159,0.9305108417724325,0.12942018000358912,0.28920369967223936,6,3,2,"CZ,DE",0.9596220818071504,0.4583387254158274,FALSE,FALSE
neo_ser,tet_spp,z_within,23,-0.17030598012606962,0.43721039572534093,-0.1909327929196652,0.3828343983519594,0,1,1,DE,0.6081149158237587,0.5453481458005119,FALSE,FALSE
neo_ser,tha_pit,z_within,18,-0.07015616178597157,0.782072326100219,-0.09705731804518168,0.7016279617635952,16,1,1,BG,0.8515303621782064,0.817588253248059,FALSE,FALSE
neo_ser,tha_pro,z_within,23,0.2701441526624266,0.21252442320278153,0.26454227075346565,0.22253063790287697,1,1,1,DE,0.3761494215978434,0.37882144711715016,FALSE,FALSE
neo_ser,tom_spp,z_within,92,0.047834806387392716,0.6506917036114515,0.1002685481634065,0.34160847427630514,14,4,2,"CZ,DE",0.7715666885428982,0.5106255220871526,FALSE,FALSE
neo_ser,tor_vir,z_within,64,0.10948696306080286,0.3891137500029338,-0.06402379281367983,0.6152373406924195,18,3,2,"BG,DE",0.5647514513830679,0.7505590870238206,FALSE,FALSE
neo_ser,uro_sir_spp,z_within,23,0.15045390445454052,0.49319897201877116,0.1909327929196652,0.3828343983519594,1,1,1,DE,0.6498010171525311,0.5453481458005119,FALSE,FALSE
neo_ser,xyl_lin,z_within,46,0.08057980581614524,0.5944868545037181,-0.15314632109362328,0.3095753914799072,11,2,1,DE,0.7349205728799284,0.478478193941124,FALSE,FALSE
neo_ser,xyl_spp,z_within,46,0.1396057422978602,0.35479077467852393,0.10759701454060906,0.47662243120406056,12,2,1,DE,0.5303300069933093,0.6385671500086931,FALSE,FALSE
neo_ser,zei_gri,z_within,69,-0.0476576999545067,0.6973771245890164,0.005317472536500327,0.9654116966144969,3,3,2,"CZ,DE",0.7984683097814228,0.9791193677631814,FALSE,FALSE
ope_spp,pan_fla,z_within,92,-0.012231036206837355,0.9078774133557578,-0.006189151847983565,0.9533080336177715,5,4,1,DE,0.945787156567521,0.9737569291294907,FALSE,FALSE
ope_spp,pha_cya,z_within,207,0.12213133145403925,0.07958621582991797,0.17742009870097866,0.010542888952411797,40,9,1,DE,0.17818724363086513,0.03660725330698541,FALSE,FALSE
ope_spp,pis_pin,z_within,115,0.10255921585612508,0.27540967333564453,0.20177884020951511,0.03058016548354365,13,5,1,DE,0.45001580610399433,0.08712297858559444,FALSE,FALSE
ope_spp,pit_bid,z_within,92,0.3015953913947821,0.003482351957914418,0.23275210359573478,0.02556776855160518,14,4,1,DE,0.015050680490085993,0.0774780865200157,FALSE,FALSE
ope_spp,pit_cha,z_within,207,0.12655918559733276,0.06919307251427848,0.20191262077089858,0.003528098362057057,43,9,1,DE,0.15979924368193643,0.014700409841904405,FALSE,FALSE
ope_spp,pit_spp,z_within,92,0.03947941719645301,0.7086710379323977,0.03825375819786313,0.7173273818663133,19,4,1,DE,0.8034819024176845,0.8292802102500733,FALSE,FALSE
ope_spp,pol_pol,z_within,0,NA,NA,NA,NA,0,0,0,,NA,NA,TRUE,FALSE
ope_spp,pri_abi,z_within,161,0.05579603096651908,0.48205340542265773,0.025801879826511703,0.7452625944963397,16,7,1,DE,0.642737873896877,0.8507563864113468,FALSE,FALSE
ope_spp,sap_car,z_within,0,NA,NA,NA,NA,0,0,0,,NA,NA,TRUE,FALSE
ope_spp,sco_int,z_within,161,-0.07300850908550445,0.35737162703881564,-0.2187845771130042,0.005298596578507003,4,7,1,DE,0.5325955693574004,0.02069764288479298,FALSE,FALSE
ope_spp,sco_rat,z_within,46,-0.08381725113691679,0.5797105749985737,-0.5271048674873967,1.6746220895964665e-4,3,2,1,DE,0.7228311408959772,0.0010466388059977916,FALSE,FALSE
ope_spp,sco_sco,z_within,92,0.2514751074719057,0.01560261779032547,0.534915221689235,3.953548903503976e-8,9,4,1,DE,0.05166429731895851,6.589248172506626e-7,FALSE,FALSE
ope_spp,tet_gab,z_within,161,0.11395038540058705,0.1500670305475275,0.1919890054563076,0.014694287460605441,12,7,1,DE,0.28914649431122835,0.04930968946511893,FALSE,FALSE
ope_spp,tet_spp,z_within,138,0.03576993202787229,0.677034826369765,0.08588226990257598,0.31655453373900666,9,6,1,DE,0.7863354545525726,0.48546966957054266,FALSE,FALSE
ope_spp,tha_pit,z_within,0,NA,NA,NA,NA,0,0,0,,NA,NA,TRUE,FALSE
ope_spp,tha_pro,z_within,184,0.13057213234747828,0.07728390270103982,0.26757943223746855,2.4058774432638547e-4,26,8,1,DE,0.17445576230483031,0.0014155678297639238,FALSE,FALSE
ope_spp,tom_spp,z_within,207,0.1649355936162675,0.017552344762281555,0.2573032274715895,1.8202099422237613e-4,39,9,1,DE,0.05698813234506998,0.001119687704463866,FALSE,FALSE
ope_spp,tor_vir,z_within,184,0.5102158892514843,1.3805901217933476e-13,0.42216636379448547,2.388293087433521e-9,41,8,1,DE,5.3099620068974904e-12,5.0814746541138745e-8,FALSE,FALSE
ope_spp,uro_sir_spp,z_within,92,-0.13170583075763934,0.210764782120773,-0.2232678882066756,0.032410270358517686,0,4,1,DE,0.37497924163198293,0.09098667362284224,FALSE,FALSE
ope_spp,xyl_lin,z_within,207,0.003398576897489748,0.9612372324094105,0.07147354531253616,0.30611511399688596,37,9,1,DE,0.9788566521480758,0.4753340279454751,FALSE,FALSE
ope_spp,xyl_spp,z_within,207,0.024234432424789756,0.7288826066705285,0.04416009786232817,0.5275083511666485,32,9,1,DE,0.8182269556379271,0.6877553470230098,FALSE,FALSE
ope_spp,zei_gri,z_within,23,0.12688204890511523,0.5639998374759176,0.11616334257857575,0.5976208508498371,2,1,1,DE,0.7125401627947997,0.7433095159823844,FALSE,FALSE
pan_fla,pha_cya,z_within,484,0.10302006627359132,0.023413766299947885,0.12689222517786997,0.005178428039580429,173,23,4,"CZ,DE,LT,PL",0.07116646291777473,0.02038751196685208,FALSE,FALSE
pan_fla,pis_pin,z_within,138,0.15477961051706823,0.06988585228941528,0.16147158429033687,0.05848520210607039,22,6,2,"DE,LT",0.16102730942261584,0.1436982852729002,FALSE,FALSE
pan_fla,pit_bid,z_within,92,0.16326578955205245,0.1199382142071738,0.032947583796910485,0.7552032237325019,17,4,1,DE,0.24083978756460603,0.8559792188382334,FALSE,FALSE
pan_fla,pit_cha,z_within,161,0.206512251004872,0.008580682949169848,0.103671820594685,0.1906266525698066,32,7,2,"DE,LT",0.031431073073882224,0.33799051874079183,FALSE,FALSE
pan_fla,pit_spp,z_within,46,0.10266729905675964,0.4971645879866867,-0.061826752137010166,0.6831414154287465,5,2,2,"CZ,DE",0.6524469658617936,0.7989958075190017,FALSE,FALSE
pan_fla,pol_pol,z_within,46,0.12702264782734599,0.4002272765723587,0.006210367945911506,0.9673262394850501,4,2,2,"CZ,LT",0.5720853662956015,0.9792413612409093,FALSE,FALSE
pan_fla,pri_abi,z_within,138,0.23321401772048966,0.0059089810920127965,0.23238692628959617,0.006092698872788914,12,6,2,"CZ,DE",0.02315859254438533,0.023166155409843778,FALSE,FALSE
pan_fla,sap_car,z_within,23,-0.16148790635021953,0.46165031541193047,-0.16427391877398576,0.45385333064612643,0,1,1,DE,0.6246959613151968,0.6172291733246208,FALSE,FALSE
pan_fla,sco_int,z_within,115,-0.04695601087530223,0.6182576476881422,-0.055870484432008274,0.5531393388339734,12,5,2,"CZ,DE",0.7521382575281536,0.707339307971833,FALSE,FALSE
pan_fla,sco_rat,z_within,115,-0.1160457869139796,0.21681747864288195,-0.20869042182696898,0.025207244123771504,11,5,3,"CZ,DE,LT",0.37913028130601945,0.07661776329413832,FALSE,FALSE
pan_fla,sco_sco,z_within,92,0.03204202659778427,0.7617282403515864,-0.025482498815086338,0.8094645771427637,7,4,2,"DE,LT",0.8387486374614179,0.8934487606432271,FALSE,FALSE
pan_fla,tet_gab,z_within,115,0.10717903070164547,0.25424524544877214,0.199538973001986,0.03251749027141562,9,5,2,"CZ,DE",0.42730293352734816,0.09098667362284224,FALSE,FALSE
pan_fla,tet_spp,z_within,92,0.44632066952455196,8.226474068286887e-6,0.6221872200673764,3.585098840189321e-11,9,4,1,DE,7.131549280111753e-5,9.43447063207716e-10,FALSE,FALSE
pan_fla,tha_pit,z_within,23,-0.47239412810897125,0.02283824857609897,-0.43208990062862507,0.03949358524636205,2,1,1,DE,0.06984173876482865,0.10531622732363212,FALSE,FALSE
pan_fla,tha_pro,z_within,115,-0.026133601559517453,0.7815977834467698,-0.08776058261307715,0.3510020926816997,9,5,1,DE,0.8515303621782064,0.5192338649137569,FALSE,FALSE
pan_fla,tom_spp,z_within,424,0.1984667455410152,3.8612750542186305e-5,0.21336363247700874,9.354130744418327e-6,103,20,4,"CZ,DE,LT,PL",2.9252083744080534e-4,8.205377845980989e-5,FALSE,FALSE
pan_fla,tor_vir,z_within,461,0.13589926750302703,0.0034608286366661235,0.15193678390867513,0.0010664526330367457,118,22,3,"DE,LT,PL",0.015047081028983144,0.00512266680953121,FALSE,FALSE
pan_fla,uro_sir_spp,z_within,23,-0.09349088024409397,0.6713513301129916,-0.11129646084817225,0.6131594779723348,0,1,1,DE,0.7829857477529152,0.7505590870238206,FALSE,FALSE
pan_fla,xyl_lin,z_within,115,0.40239394906106984,8.272597164929634e-6,0.2822827567224406,0.002239461344460458,23,5,1,DE,7.131549280111753e-5,0.009822198879212535,FALSE,FALSE
pan_fla,xyl_spp,z_within,138,0.26045022010175806,0.002034187125171594,0.23114891345722455,0.006377204457635113,26,6,1,DE,0.009374134217380616,0.023884660890019147,FALSE,FALSE
pan_fla,zei_gri,z_within,46,0.2894964075144088,0.05100514244382089,0.012611804711315042,0.9337031468976925,2,2,2,"CZ,DE",0.12751285610955224,0.9635739390069067,FALSE,FALSE
pha_cya,pis_pin,z_within,184,0.38143548702689134,9.185396367395235e-8,0.40622564912294995,1.0565111341059392e-8,66,8,2,"DE,LT",1.2412697793777344e-6,1.8866270251891772e-7,FALSE,FALSE
pha_cya,pit_bid,z_within,115,0.6044388237191045,8.513040914465994e-13,0.549219902850277,2.0736758785723248e-10,64,5,1,DE,2.5797093680199984e-11,5.184189696430812e-9,FALSE,FALSE
pha_cya,pit_cha,z_within,423,0.3495793541687242,1.3276434205757344e-13,0.385591902344646,1.9148849434294787e-16,250,19,3,"AT,DE,LT",5.3099620068974904e-12,9.574424717147394e-15,FALSE,FALSE
pha_cya,pit_spp,z_within,402,0.2562962553260354,1.8884231019616616e-7,0.3042074498701469,4.706975512552531e-10,233,18,3,"AT,CZ,DE",2.3313865456316808e-6,1.0946454680354722e-8,FALSE,FALSE
pha_cya,pol_pol,z_within,207,0.13614999139408854,0.05045176901827906,0.05679099751886751,0.4163392871950171,125,9,2,"CZ,LT",0.1274034571168663,0.5822927093636603,FALSE,FALSE
pha_cya,pri_abi,z_within,345,-0.14454814615347625,0.007161146002991405,-0.12737888991396074,0.017931921719859974,139,15,2,"CZ,DE",0.02702319246411851,0.05784490877374185,FALSE,FALSE
pha_cya,sap_car,z_within,23,0.4897466971970208,0.017688346248105623,0.32141217326661253,0.13478695765111537,1,1,1,DE,0.05701891171121669,0.2670148793867423,FALSE,FALSE
pha_cya,sco_int,z_within,368,0.24601577831480403,1.7796437416736223e-6,0.1804021670952376,5.060870509309334e-4,143,16,2,"CZ,DE",1.834684269766621e-5,0.0027356056807077483,FALSE,FALSE
pha_cya,sco_rat,z_within,276,0.34923850849324495,2.453695385642673e-9,0.24309945406030423,4.4699889285620484e-5,112,12,3,"CZ,DE,LT",4.461264337532133e-8,3.1928492346871776e-4,FALSE,FALSE
pha_cya,sco_sco,z_within,138,0.03647298611798391,0.6710519697505604,0.10527263155337718,0.219130897451572,24,6,2,"DE,LT",0.7829857477529152,0.374847637162174,FALSE,FALSE
pha_cya,tet_gab,z_within,358,0.14516863960167734,0.005928599691362645,0.17643299006247717,7.995970537317716e-4,133,16,3,"AT,CZ,DE",0.02315859254438533,0.003997985268658858,FALSE,FALSE
pha_cya,tet_spp,z_within,184,0.145875328322962,0.04817215964202162,0.1789510242770431,0.015077183457067564,59,8,1,DE,0.12469920837171143,0.050283680943832246,FALSE,FALSE
pha_cya,tha_pit,z_within,23,0.38795166376655693,0.06737028834455824,-0.027765072267072408,0.8999260845626953,11,1,1,DE,0.15704029917146445,0.9472906153291529,FALSE,FALSE
pha_cya,tha_pro,z_within,230,0.12957864961418486,0.04967719248246004,0.15182177423172802,0.021261168684912343,95,10,1,DE,0.1267275318430103,0.06582405165607537,FALSE,FALSE
pha_cya,tom_spp,z_within,887,0.2878472325700574,2.200511626695353e-18,0.28711741204182883,2.7008702615728e-18,486,41,5,"AT,CZ,DE,LT,PL",1.4670077511302353e-16,1.688043913483e-16,FALSE,FALSE
pha_cya,tor_vir,z_within,593,0.018753908372652946,0.6485596957605289,0.0449286062017481,0.2746897436882758,268,28,3,"DE,LT,PL",0.7711768082764909,0.4416233821354916,FALSE,FALSE
pha_cya,uro_sir_spp,z_within,92,0.21537837496359108,0.03922139553927915,0.10825259943851495,0.30435078325633147,8,4,1,DE,0.1068702875729677,0.47332936742819826,FALSE,FALSE
pha_cya,xyl_lin,z_within,230,0.026680925184946237,0.6873136558681736,0.03893680026543513,0.5568603359979323,122,10,1,DE,0.7953534902522262,0.7102810408136891,FALSE,FALSE
pha_cya,xyl_spp,z_within,253,0.2864029749936338,3.650988188915566e-6,0.2673009014936288,1.63775025523554e-5,118,11,1,DE,3.5794001852113396e-5,1.3315042725492194e-4,FALSE,FALSE
pha_cya,zei_gri,z_within,184,-0.039492033826317004,0.594550743459862,-0.03368420123581783,0.6498793522646406,69,8,2,"CZ,DE",0.7349205728799284,0.7755123535377572,FALSE,FALSE
pis_pin,pit_bid,z_within,115,0.4183824476545878,3.2728224114841428e-6,0.4398401841094375,8.729431358063286e-7,43,5,1,DE,3.272822411484143e-5,1.0150501579143355e-5,FALSE,FALSE
pis_pin,pit_cha,z_within,184,0.43155102237460574,9.590786163491182e-10,0.5260795402097889,1.7338447530676176e-14,80,8,2,"DE,LT",2.004189387395745e-8,6.93537901227047e-13,FALSE,FALSE
pis_pin,pit_spp,z_within,23,0.16778578762789031,0.444123860926249,0.29502234896936597,0.17174393736749274,2,1,1,DE,0.6132246538190259,0.3151264905825555,FALSE,FALSE
pis_pin,pol_pol,z_within,23,0.5437025759288647,0.007327091214696604,0.658882779443589,6.286083688551445e-4,17,1,1,LT,0.027545455694348138,0.003274001921120544,FALSE,FALSE
pis_pin,pri_abi,z_within,138,0.17203170432508988,0.043632877734163515,0.07852639525344927,0.3599291069460664,24,6,1,DE,0.11573707621794035,0.5262121446579918,FALSE,FALSE
pis_pin,sap_car,z_within,23,0.08203379930183087,0.7098118491481702,0.03218896365255206,0.8840782433424121,1,1,1,DE,0.8038639288201248,0.9405087695132044,FALSE,FALSE
pis_pin,sco_int,z_within,115,0.22537551920105753,0.01544707737428904,0.12372531822519729,0.18771138359438175,36,5,1,DE,0.05131919393451508,0.3358657197508397,FALSE,FALSE
pis_pin,sco_rat,z_within,92,0.36348986828610524,3.6882712791659985e-4,0.2890102816507586,0.005204819810056413,42,4,2,"DE,LT",0.0022085456761473045,0.020411058078652598,FALSE,FALSE
pis_pin,sco_sco,z_within,115,0.2600752836446467,0.005000491897645132,0.40807455026317097,5.983052657024355e-6,23,5,2,"DE,LT",0.020163273780827145,5.3901375288507706e-5,FALSE,FALSE
pis_pin,tet_gab,z_within,138,0.44438769006133133,4.760151568320984e-8,0.39270529164357865,1.897010689842593e-6,28,6,1,DE,6.898770388870992e-7,2.0180964785559497e-5,FALSE,FALSE
pis_pin,tet_spp,z_within,92,0.32143307968465457,0.0017824298529390493,0.49163383207667977,6.47109702977556e-7,12,4,1,DE,0.008368215272014317,7.703686940209001e-6,FALSE,FALSE
pis_pin,tha_pit,z_within,23,-0.15133556560130884,0.4906394679459021,-0.09892632278194816,0.6533733391530681,8,1,1,DE,0.6483326124808171,0.7778254037536524,FALSE,FALSE
pis_pin,tha_pro,z_within,138,0.1018585202072589,0.2345272590845006,0.1784297803569859,0.03627399329265231,23,6,1,DE,0.4036613753605862,0.09910927129139975,FALSE,FALSE
pis_pin,tom_spp,z_within,184,0.47459157788404155,1.0036271508260739e-11,0.48918563060664233,1.840407460728856e-12,80,8,2,"DE,LT",2.573402950836087e-10,5.576992305238958e-11,FALSE,FALSE
pis_pin,tor_vir,z_within,184,0.14612201449204124,0.047790774275024796,0.08155146907421822,0.27110847405984756,56,8,2,"DE,LT",0.1244551413412104,0.4372717323545928,FALSE,FALSE
pis_pin,uro_sir_spp,z_within,46,-0.006111886103271918,0.9678440954513099,0.3493714209365663,0.017318565552959665,1,2,1,DE,0.9810235489719787,0.056412265644819756,FALSE,FALSE
pis_pin,xyl_lin,z_within,138,0.21742164189690152,0.010418702082042616,0.3566231350017579,1.7603741931991796e-5,53,6,1,DE,0.0369457520639809,1.4082993545593437e-4,FALSE,FALSE
pis_pin,xyl_spp,z_within,161,0.3833883761546389,5.16950498758205e-7,0.3611047541731147,2.526503639031035e-6,55,7,1,DE,6.011052311141918e-6,2.5780649377867702e-5,FALSE,FALSE
pis_pin,zei_gri,z_within,23,0.04548936441277936,0.8367131408766496,-0.09250165611878433,0.6746424185284973,4,1,1,DE,0.8883614608207209,0.7909055316863978,FALSE,FALSE
pit_bid,pit_cha,z_within,115,0.4343617702834948,1.2338971869095532e-6,0.4303143070003907,1.587230507255823e-6,63,5,1,DE,1.3267711687199496e-5,1.7496734077814794e-5,FALSE,FALSE
pit_bid,pit_spp,z_within,23,0.18027932399395025,0.41042229533895735,0.32141217326661253,0.13478695765111537,1,1,1,DE,0.5813346959475316,0.2670148793867423,FALSE,FALSE
pit_bid,pol_pol,z_within,0,NA,NA,NA,NA,0,0,0,,NA,NA,TRUE,FALSE
pit_bid,pri_abi,z_within,115,0.05320308063758207,0.5722731334687392,0.050842966560144705,0.5894570423404425,30,5,1,DE,0.7157732852024262,0.73498384331726,FALSE,FALSE
pit_bid,sap_car,z_within,23,0.2762426839708649,0.20197842686290604,0.2907833999788559,0.17827630983875373,1,1,1,DE,0.36392509344667756,0.32532173328239733,FALSE,FALSE
pit_bid,sco_int,z_within,115,0.22852493148438127,0.014030433648345554,0.17151252120185073,0.06683528581302432,38,5,1,DE,0.047560792028290014,0.16104888147716706,FALSE,FALSE
pit_bid,sco_rat,z_within,69,0.4613483122109086,6.614471990853759e-5,0.4241164947977931,2.8162040879972335e-4,31,3,1,DE,4.6580788667984223e-4,0.001600115959089337,FALSE,FALSE
pit_bid,sco_sco,z_within,92,0.2080301339631069,0.04660192222134656,0.34041719952097804,8.992826029435e-4,18,4,1,DE,0.12247192493153451,0.00442996356129803,FALSE,FALSE
pit_bid,tet_gab,z_within,92,0.2958822072737022,0.004188390550429195,0.2410006975738426,0.020655988476947454,19,4,1,DE,0.01730739896871568,0.0647523149747569,FALSE,FALSE
pit_bid,tet_spp,z_within,69,-0.006668287204101228,0.9566327234991986,0.014940799817817743,0.9030201383951268,4,3,1,DE,0.9761558403053047,0.9483995543515493,FALSE,FALSE
pit_bid,tha_pit,z_within,23,0.20749572935287808,0.34210441878499165,0.20825333720544723,0.3403052329970564,7,1,1,DE,0.51755585292737,0.5100971643030249,FALSE,FALSE
pit_bid,tha_pro,z_within,92,-0.01783327705465471,0.86601258931208,0.05976748427604704,0.57143609842301335,18,4,1,DE,0.9125527811507693,0.7196928191725609,FALSE,FALSE
pit_bid,tom_spp,z_within,115,0.3980823426219632,1.0537598198251782e-5,0.32874646627634707,3.3432643210557454e-4,64,5,1,DE,8.855124536346036e-5,0.001862835333375025,FALSE,FALSE
pit_bid,tor_vir,z_within,115,0.29529278227271977,0.0013561379407286249,0.24066524160170769,0.009573900720135992,56,5,1,DE,0.006746954928998133,0.03383003788033919,FALSE,FALSE
pit_bid,uro_sir_spp,z_within,46,0.11832848278078659,0.4335015544868528,0.29243495305221456,0.04859206175965727,1,2,1,DE,0.607145034295312,0.12395934122361547,FALSE,FALSE
pit_bid,xyl_lin,z_within,115,0.1729300942397273,0.06457924197194273,0.26946885668475284,0.003588524017791228,62,5,1,DE,0.15159446472287028,0.0148901411526607,FALSE,FALSE
pit_bid,xyl_spp,z_within,115,0.2921792341093277,0.0015323674394759977,0.40085361557021076,9.023126310025337e-6,61,5,1,DE,0.007522816128615213,8.056362776808337e-5,FALSE,FALSE
pit_bid,zei_gri,z_within,23,-0.3778711320327924,0.07544805716815678,-0.41615853131700087,0.04824852819941006,2,1,1,DE,0.17186345596391064,0.12389601383752558,FALSE,FALSE
pit_cha,pit_spp,z_within,262,0.31562567503059846,1.804570645763712e-7,0.356776285034654,2.780162256910514e-9,197,12,3,"AT,DE,SI",2.2842666402072304e-6,5.792004701896904e-8,FALSE,FALSE
pit_cha,pol_pol,z_within,23,0.6183597328246233,0.0016610956737812207,0.7674337048810539,1.923505582280193e-5,17,1,1,LT,0.00802461678155179,1.514571324630073e-4,FALSE,FALSE
pit_cha,pri_abi,z_within,184,-0.010128895184766005,0.8914559070437477,-0.038561006974013115,0.6032756847373165,48,8,1,DE,0.9324852584139619,0.7457054199472393,FALSE,FALSE
pit_cha,sap_car,z_within,23,0.16067892468251915,0.46392725210702257,0.19294265491954393,0.3777506739749956,1,1,1,DE,0.626928719063544,0.5404158425965603,FALSE,FALSE
pit_cha,sco_int,z_within,184,0.13824810076219993,0.061275047458105456,0.1400681904374365,0.05790865188492044,62,8,1,DE,0.14684218968488205,0.14345870891899629,FALSE,FALSE
pit_cha,sco_rat,z_within,92,0.3255521694996514,0.0015421773063661187,0.25270745265685474,0.015085104283149674,44,4,2,"DE,LT",0.007522816128615213,0.050283680943832246,FALSE,FALSE
pit_cha,sco_sco,z_within,138,0.06076952557841103,0.47891940630867247,0.09960900217295168,0.2450768020607357,27,6,2,"DE,LT",0.6411102935986526,0.4030868454946311,FALSE,FALSE
pit_cha,tet_gab,z_within,333,0.2113280107582787,1.0197308168387441e-4,0.21720878066645746,6.425847148950611e-5,159,15,2,"AT,DE",6.878789872530258e-4,4.431618723414214e-4,FALSE,FALSE
pit_cha,tet_spp,z_within,184,0.14433685344952601,0.050608327250304,0.251846553195572,5.633135802491149e-4,68,8,1,DE,0.12741451625217062,0.0029804951335932004,FALSE,FALSE
pit_cha,tha_pit,z_within,23,0.415623705184031,0.04856663228718697,0.48265665630669563,0.01966484149562658,11,1,1,DE,0.1251717326989355,0.06223051106210943,FALSE,FALSE
pit_cha,tha_pro,z_within,230,-0.03795836670418357,0.5668227008766608,0.020954124468854442,0.7519354750886708,92,10,1,DE,0.7129845294046047,0.8535022418713629,FALSE,FALSE
pit_cha,tom_spp,z_within,444,0.3371010577556004,2.9245286357596186e-13,0.3632154633880813,2.71458906791626e-15,325,20,3,"AT,DE,LT",1.0084581502619375e-11,1.292661460912505e-13,FALSE,FALSE
pit_cha,tor_vir,z_within,253,0.11812625782433,0.06063018316381311,0.09845845161223164,0.11825967594661314,112,11,2,"DE,LT",0.1460968269007545,0.24844469736683433,FALSE,FALSE
pit_cha,uro_sir_spp,z_within,92,0.17764580846896885,0.09024156450962456,0.08922364313296108,0.39766953553037654,11,4,1,DE,0.19617731415135772,0.5632712967852359,FALSE,FALSE
pit_cha,xyl_lin,z_within,230,0.11529754035762718,0.08100742439941269,0.14352813767188188,0.029545407397028906,138,10,1,DE,0.1792199654854263,0.08490059596847387,FALSE,FALSE
pit_cha,xyl_spp,z_within,253,0.22615246625169083,2.8733586780700985e-4,0.24714806299954334,7.083033724639923e-5,118,11,1,DE,0.0017627967350123304,4.851392962082139e-4,FALSE,FALSE
pit_cha,zei_gri,z_within,23,-0.08515120707103326,0.6992742645483605,-0.01198402022591538,0.9567200714950759,4,1,1,DE,0.7984683097814228,0.974256691950179,FALSE,FALSE
pit_spp,pol_pol,z_within,184,0.130965943995909,0.07638753238865066,0.10299244369966642,0.1641528666168825,119,8,1,CZ,0.17360802815602425,0.305116852447737,FALSE,FALSE
pit_spp,pri_abi,z_within,230,-0.3893076355577473,9.660268580930467e-10,-0.4675307997185273,6.834293153460102e-14,90,10,2,"CZ,DE",2.004189387395745e-8,2.3566528115379664e-12,FALSE,FALSE
pit_spp,sap_car,z_within,0,NA,NA,NA,NA,0,0,0,,NA,NA,TRUE,FALSE
pit_spp,sco_int,z_within,253,0.2044168697000314,0.0010756827807355954,0.2541594361646667,4.313800688299701e-5,92,11,2,"CZ,DE",0.0054603186839370325,3.103453732589713e-4,FALSE,FALSE
pit_spp,sco_rat,z_within,184,0.4080050912537393,8.983576856406341e-9,0.368698025981207,2.6080474954812955e-7,72,8,1,CZ,1.4241746789351695e-7,3.387074669456228e-6,FALSE,FALSE
pit_spp,sco_sco,z_within,23,-0.24660806558417117,0.25664126884172,-0.4203058122303296,0.045836483099850944,2,1,1,DE,0.4298848724316918,0.1190558002593531,FALSE,FALSE
pit_spp,tet_gab,z_within,220,0.09343213981213513,0.1672941625515109,0.011039194250686623,0.8706681110617793,109,10,3,"AT,CZ,DE",0.31211597490953524,0.9302009733566018,FALSE,FALSE
pit_spp,tet_spp,z_within,92,0.1830318375862749,0.08074819354395929,0.07067491011425045,0.5032025850693582,37,4,1,DE,0.17904255774713812,0.6659027152942776,FALSE,FALSE
pit_spp,tha_pit,z_within,23,0.0395373576969938,0.8578514096682792,0.3557312252964427,0.09573462668647775,23,1,1,HR,0.9058621010224701,0.2151339925538826,FALSE,FALSE
pit_spp,tha_pro,z_within,92,0.16531744195920015,0.11529203896665044,0.295141805507533,0.004288665166558772,49,4,1,DE,0.23481066999317807,0.017293004703866015,FALSE,FALSE
pit_spp,tom_spp,z_within,402,0.3528813147678372,3.1221038633758224e-13,0.3693605996829246,1.9336789258529844e-14,294,18,3,"AT,CZ,DE",1.040701287791941e-11,7.437226637896093e-13,FALSE,FALSE
pit_spp,tor_vir,z_within,69,-0.09425909217331976,0.4410696015116552,-0.05703325592738983,0.64158914527219,24,3,1,DE,0.6100547738750417,0.7692915410937531,FALSE,FALSE
pit_spp,uro_sir_spp,z_within,46,0.18953046743086874,0.20710974745383698,0.22366911421314328,0.1351095289696916,3,2,1,DE,0.3711644219602813,0.2670148793867423,FALSE,FALSE
pit_spp,xyl_lin,z_within,92,0.24674766441230933,0.01773288154218839,0.22327137567638936,0.0324074955404445,31,4,1,DE,0.05701891171121669,0.09098667362284224,FALSE,FALSE
pit_spp,xyl_spp,z_within,92,0.24118365152927246,0.02055692991452335,0.27609777933962715,0.007721226122624226,32,4,1,DE,0.06444178656590392,0.02838211450201146,FALSE,FALSE
pit_spp,zei_gri,z_within,161,-0.020617565990020396,0.7951748244951686,0.0440481995390208,0.5790154194527964,58,7,1,CZ,0.8612335609475574,0.7274063058452217,FALSE,FALSE
pol_pol,pri_abi,z_within,161,-0.037121419679986355,0.6401356820805636,-0.04598228699562621,0.56244737764031,87,7,1,CZ,0.7661431352070929,0.7155819053947965,FALSE,FALSE
pol_pol,sap_car,z_within,0,NA,NA,NA,NA,0,0,0,,NA,NA,TRUE,FALSE
pol_pol,sco_int,z_within,184,0.17847978028893166,0.015349997025229078,0.12043646302490786,0.10342323707135648,84,8,1,CZ,0.051166656750763595,0.22581492810339845,FALSE,FALSE
pol_pol,sco_rat,z_within,207,0.20927121449987235,0.002476187953429227,0.12540938349542732,0.07177923587659048,79,9,2,"CZ,LT",0.011301729875401697,0.17090294256331065,FALSE,FALSE
pol_pol,sco_sco,z_within,23,0.1292409422107587,0.5567159136954148,0.226221344330375,0.2992929483134546,1,1,1,LT,0.7061426934698356,0.46813875970669816,FALSE,FALSE
pol_pol,tet_gab,z_within,46,-0.2513555305339332,0.09198224182354688,-0.1180624421278793,0.4345434835762927,4,2,1,CZ,0.19867028560196215,0.6001981817352109,FALSE,FALSE
pol_pol,tet_spp,z_within,0,NA,NA,NA,NA,0,0,0,,NA,NA,TRUE,FALSE
pol_pol,tha_pit,z_within,0,NA,NA,NA,NA,0,0,0,,NA,NA,TRUE,FALSE
pol_pol,tha_pro,z_within,0,NA,NA,NA,NA,0,0,0,,NA,NA,TRUE,FALSE
pol_pol,tom_spp,z_within,207,0.12900187849990705,0.06395078567005326,0.1453992588563687,0.03658323299740484,151,9,2,"CZ,LT",0.15054138913452397,0.09968183378039465,FALSE,FALSE
pol_pol,tor_vir,z_within,23,0.3738754014462137,0.07884490221442515,0.4323213596802483,0.03937630575447397,13,1,1,LT,0.17757860859104765,0.10528423998522451,FALSE,FALSE
pol_pol,uro_sir_spp,z_within,0,NA,NA,NA,NA,0,0,0,,NA,NA,TRUE,FALSE
pol_pol,xyl_lin,z_within,0,NA,NA,NA,NA,0,0,0,,NA,NA,TRUE,FALSE
pol_pol,xyl_spp,z_within,0,NA,NA,NA,NA,0,0,0,,NA,NA,TRUE,FALSE
pol_pol,zei_gri,z_within,161,-0.1448021470525006,0.06684894117345998,-0.13346626282970506,0.09143782522732828,58,7,1,CZ,0.15618911489126164,0.20876215805326093,FALSE,FALSE
pri_abi,sap_car,z_within,23,-0.06689979691855438,0.7616704905578371,-0.08233397804228353,0.7087948972111991,0,1,1,DE,0.8387486374614179,0.8217577684157124,FALSE,FALSE
pri_abi,sco_int,z_within,299,-0.16232401174226802,0.004896387795923401,-0.21220377537134474,2.1888639724321286e-4,69,13,2,"CZ,DE",0.019904015430582934,0.001318592754477186,FALSE,FALSE
pri_abi,sco_rat,z_within,230,-0.22199405349296994,6.969629870993047e-4,-0.30936800896960226,1.7173907232670648e-6,63,10,2,"CZ,DE",0.003793494607245953,1.8667290470294183e-5,FALSE,FALSE
pri_abi,sco_sco,z_within,92,0.2963606629380736,0.0041247094413613,-0.05235807025958212,0.6201239049781779,8,4,1,DE,0.017186289339005418,0.754408643525764,FALSE,FALSE
pri_abi,tet_gab,z_within,184,0.22921920994177877,0.0017488311991507078,-0.038734493976710756,0.6016455596692089,18,8,2,"CZ,DE",0.008288299522041269,0.7449884315457692,FALSE,FALSE
pri_abi,tet_spp,z_within,115,0.04941210102977778,0.5999880984231055,-0.0669282234594458,0.47728131467810997,6,5,1,DE,0.7385951265793552,0.6385671500086931,FALSE,FALSE
pri_abi,tha_pit,z_within,23,-0.2726532185868306,0.20814188601591965,-0.34604514751977866,0.10578078833225583,0,1,1,DE,0.37168193931414223,0.23045923383933734,FALSE,FALSE
pri_abi,tha_pro,z_within,161,-0.05983429407536036,0.45086586581796495,-0.09975027435919348,0.20804134806141839,18,7,1,DE,0.6176244737232396,0.3586919794162386,FALSE,FALSE
pri_abi,tom_spp,z_within,345,-0.054403767694148085,0.3136541434978135,-0.0929158447002701,0.08483401254876292,148,15,2,"CZ,DE",0.48855785591559736,0.19518071601631487,FALSE,FALSE
pri_abi,tor_vir,z_within,161,0.09161002773430094,0.247772865424073,0.02626354586561898,0.7408654470539475,43,7,1,DE,0.4199540091933441,0.8476721362173313,FALSE,FALSE
pri_abi,uro_sir_spp,z_within,69,0.0416870208408851,0.7337810798639464,0.1486629231718887,0.2228006151138752,3,3,1,DE,0.8215616762952936,0.37882144711715016,FALSE,FALSE
pri_abi,xyl_lin,z_within,184,0.15406291978712452,0.036793125931403256,0.04983959645910258,0.5016679328655596,45,8,1,DE,0.10224690980260702,0.6653420860285936,FALSE,FALSE
pri_abi,xyl_spp,z_within,184,0.1359588825238368,0.06573563172296361,0.08585815654917761,0.24652094975511338,45,8,1,DE,0.15394761527626138,0.4047963050166065,FALSE,FALSE
pri_abi,zei_gri,z_within,161,-0.17291216853200186,0.02827401090524212,-0.2223028385621641,0.004592879860231302,51,7,2,"CZ,DE",0.0831588556036533,0.01829832613637969,FALSE,FALSE
sap_car,sco_int,z_within,23,0.19236201758772603,0.37921535728199396,0.2573841966059033,0.23576438129985616,1,1,1,DE,0.5560342482140674,0.39345117267214197,FALSE,FALSE
sap_car,sco_rat,z_within,23,0.2536007562385222,0.2429631764444944,0.3217302457573791,0.13437952240087786,1,1,1,DE,0.4146129290861679,0.2670148793867423,FALSE,FALSE
sap_car,sco_sco,z_within,23,-0.2247083218876505,0.3026231897856664,-0.2182860927312738,0.3170116942295643,0,1,1,DE,0.4765719524183723,0.48546966957054266,FALSE,FALSE
sap_car,tet_gab,z_within,23,0.3376767787549809,0.11506607845024812,0.35501310292648797,0.09645419594096268,1,1,1,DE,0.23481066999317807,0.21578119897307085,FALSE,FALSE
sap_car,tet_spp,z_within,23,-0.07479526688260059,0.7344761386079925,-0.08239336065226961,0.7085937764416448,0,1,1,DE,0.8215616762952936,0.8217577684157124,FALSE,FALSE
sap_car,tha_pit,z_within,23,0.30712838660682645,0.1540067972314415,0.29524817362119027,0.1714006549825795,1,1,1,DE,0.2939061015867204,0.3150747334238594,FALSE,FALSE
sap_car,tha_pro,z_within,23,-0.24827081762145595,0.2533448843000021,-0.23197017141823967,0.28684698528465674,0,1,1,DE,0.42650653922559284,0.4560763249792194,FALSE,FALSE
sap_car,tom_spp,z_within,23,0.07976752604516332,0.7175049322418137,0.09642365197998375,0.6616286352534391,1,1,1,DE,0.8098249799569004,0.7811436071469174,FALSE,FALSE
sap_car,tor_vir,z_within,23,-0.21548151620876924,0.3234232560187733,-0.20426810464901224,0.3498324227833325,0,1,1,DE,0.4983409183648279,0.5182702559753074,FALSE,FALSE
sap_car,uro_sir_spp,z_within,0,NA,NA,NA,NA,0,0,0,,NA,NA,TRUE,FALSE
sap_car,xyl_lin,z_within,23,-0.2883484644918905,0.18210508463014444,-0.25719328235295114,0.23612424883329736,1,1,1,DE,0.33598724101502664,0.39345117267214197,FALSE,FALSE
sap_car,xyl_spp,z_within,23,-0.15711827670663825,0.4740174356062621,-0.2892709559399512,0.18064793926797365,1,1,1,DE,0.6371202091482017,0.32666896793485306,FALSE,FALSE
sap_car,zei_gri,z_within,0,NA,NA,NA,NA,0,0,0,,NA,NA,TRUE,FALSE
sco_int,sco_rat,z_within,253,0.43571267708369443,3.8079487605721783e-13,0.46918635283353943,2.9704484149469513e-15,92,11,2,"CZ,DE",1.2283705679265091e-11,1.350203824975887e-13,FALSE,FALSE
sco_int,sco_sco,z_within,115,0.05727300257621063,0.5432044903364684,0.0655011381059553,0.4867448982052235,16,5,1,DE,0.6937477526647107,0.6472671518686482,FALSE,FALSE
sco_int,tet_gab,z_within,207,0.14150656647921508,0.04196751316062776,0.08313703042001201,0.23367192567583112,35,9,2,"CZ,DE",0.11311998156503439,0.39272592550559854,FALSE,FALSE
sco_int,tet_spp,z_within,138,-0.1633641873350131,0.05555361930148232,-0.1874639262984985,0.02768445274005452,17,6,1,DE,0.13649537911912116,0.08160391015042832,FALSE,FALSE
sco_int,tha_pit,z_within,23,0.08789146246312574,0.6900555876027956,0.1330835511861911,0.54494234522135,10,1,1,DE,0.7959118657471691,0.6995408796166239,FALSE,FALSE
sco_int,tha_pro,z_within,161,0.127151222308722,0.10798245880181849,0.12207522247644462,0.1229115525639402,33,7,1,DE,0.22310425372276546,0.25515316760271617,FALSE,FALSE
sco_int,tom_spp,z_within,368,0.1513395669561561,0.0036131438618302652,0.1498617661378313,0.003959687983962994,153,16,2,"CZ,DE",0.015440785734317373,0.01616199177127753,FALSE,FALSE
sco_int,tor_vir,z_within,161,0.03106633550703826,0.6956415659201814,-0.005560122141530706,0.9441929714841555,37,7,1,DE,0.7984683097814228,0.9711758924593521,FALSE,FALSE
sco_int,uro_sir_spp,z_within,92,0.12056864515565222,0.25228207308988454,0.1574355746159665,0.13392915483697235,5,4,1,DE,0.4254335127991307,0.2670148793867423,FALSE,FALSE
sco_int,xyl_lin,z_within,184,-0.007317605651569363,0.9214672186289761,-0.0349785556911053,0.637367204017095,51,8,1,DE,0.953072750263758,0.7679122939965001,FALSE,FALSE
sco_int,xyl_spp,z_within,184,0.13494794262307708,0.06778824577863712,0.08838544739368938,0.23283623805378437,48,8,1,DE,0.15764708320613285,0.39272592550559854,FALSE,FALSE
sco_int,zei_gri,z_within,184,-0.005026221841110531,0.9460126756319682,0.00634901153363542,0.9318351674549512,43,8,2,"CZ,DE",0.9692752824098034,0.9626396358005693,FALSE,FALSE
sco_rat,sco_sco,z_within,92,0.046619093233399515,0.6590096525454996,0.016585954110778147,0.8753059139576657,16,4,2,"DE,LT",0.7753054735829408,0.9341578590796858,FALSE,FALSE
sco_rat,tet_gab,z_within,115,0.05771493817705466,0.5400922705424754,0.10216664816987715,0.27726124975047517,18,5,2,"CZ,DE",0.6906550774200453,0.44432892588217177,FALSE,FALSE
sco_rat,tet_spp,z_within,46,-0.31027070725386074,0.035857081023246855,-0.026029449998560543,0.8636648723547313,2,2,1,DE,0.10047943862266967,0.9263010004931904,FALSE,FALSE
sco_rat,tha_pit,z_within,23,0.3376629381122109,0.1150819113558478,0.3949748768136355,0.06214434044680684,9,1,1,DE,0.23481066999317807,0.15083577778351173,FALSE,FALSE
sco_rat,tha_pro,z_within,46,0.2139351897881134,0.15339653974452577,0.15758285143340167,0.2955989238474922,14,2,1,DE,0.29336289826939094,0.46551011629526334,FALSE,FALSE
sco_rat,tom_spp,z_within,276,0.3645841960605989,4.2183421125358903e-10,0.2808106513333456,2.1401890338149454e-6,125,12,3,"CZ,DE,LT",9.587141164854296e-9,2.229363576890568e-5,FALSE,FALSE
sco_rat,tor_vir,z_within,92,0.2995362181624372,0.0037235025195794446,0.25939148142109175,0.012529393597506702,34,4,2,"DE,LT",0.01584469157267849,0.042762435486371,FALSE,FALSE
sco_rat,uro_sir_spp,z_within,23,0.3039489097315388,0.15853472268313018,0.32846620217389394,0.12595703322983312,1,1,1,DE,0.30082490072700224,0.2574775643368968,FALSE,FALSE
sco_rat,xyl_lin,z_within,69,0.1887369291439691,0.12039447121297932,0.11669876878667616,0.33961238306826924,37,3,1,DE,0.2412714853967521,0.5100971643030249,FALSE,FALSE
sco_rat,xyl_spp,z_within,69,0.24421893598324806,0.043144570931233896,0.27828167941438164,0.02059712802651365,35,3,1,DE,0.1153598153241548,0.0647523149747569,FALSE,FALSE
sco_rat,zei_gri,z_within,184,-0.016113062756124046,0.8281360163038187,-0.023816928166596942,0.7482767667565511,42,8,2,"CZ,DE",0.8847607011792935,0.8522514427751151,FALSE,FALSE
sco_sco,tet_gab,z_within,115,0.3095899257253502,7.603821897279333e-4,0.24493970027423229,0.008332094668187543,15,5,1,DE,0.004110173998529369,0.030079764145081383,FALSE,FALSE
sco_sco,tet_spp,z_within,92,-0.00807703286241614,0.9390896041551731,0.08857332249269292,0.40113184148886216,6,4,1,DE,0.9631688247745364,0.5665703975831387,FALSE,FALSE
sco_sco,tha_pit,z_within,23,-0.10807205026320002,0.6235441310604128,-0.10683526511001214,0.6275459784064548,5,1,1,DE,0.7558110679520156,0.7588222229824121,FALSE,FALSE
sco_sco,tha_pro,z_within,92,0.41222709841054606,4.446054407307136e-5,0.4935467277731396,5.764903472958916e-7,18,4,1,DE,3.3427158501805833e-4,6.9456668348902604e-6,FALSE,FALSE
sco_sco,tom_spp,z_within,138,0.21053378695560196,0.013191327647917576,0.21145229995048317,0.012787762433938085,26,6,2,"DE,LT",0.0452217450552057,0.043201900114655696,FALSE,FALSE
sco_sco,tor_vir,z_within,138,0.11652897175300349,0.17348342591979313,0.23597366295488673,0.005331189719678182,19,6,2,"DE,LT",0.32245989947916937,0.02074392887034312,FALSE,FALSE
sco_sco,uro_sir_spp,z_within,69,-0.07954659008666243,0.5158711788573834,-0.6343642442105921,4.845702690998249e-9,0,3,1,DE,0.6682269156183723,8.973523501848609e-8,FALSE,FALSE
sco_sco,xyl_lin,z_within,115,0.20069455823759416,0.03150541982849139,0.27589686575403405,0.0028404701415219273,25,5,1,DE,0.09053281559911319,0.012190858976488958,FALSE,FALSE
sco_sco,xyl_spp,z_within,115,0.14706445812982097,0.11678720198445312,0.2414871110807282,0.009323207688385952,23,5,1,DE,0.23689087623621324,0.033178675047636844,FALSE,FALSE
sco_sco,zei_gri,z_within,23,0.14029028071059302,0.5231755421268989,0.13137041267124122,0.550177142317751,1,1,1,DE,0.676811826813582,0.7044521668601164,FALSE,FALSE
tet_gab,tet_spp,z_within,161,0.3150905519496324,4.679321133828913e-5,0.35881667112170507,2.953913746926046e-6,63,7,1,DE,3.4661638028362317e-4,2.8959938695353396e-5,FALSE,FALSE
tet_gab,tha_pit,z_within,23,-0.2561056600274978,0.23818124677406105,-0.27512444135096914,0.20388518262353186,3,1,1,DE,0.4085441625627119,0.35458292630179455,FALSE,FALSE
tet_gab,tha_pro,z_within,184,0.1037199841903357,0.16117812038346055,0.06651568561083049,0.3696613385400549,61,8,1,DE,0.30410966110086896,0.534965757655651,FALSE,FALSE
tet_gab,tom_spp,z_within,358,0.11816863378427862,0.02535993723616975,0.10272766015896578,0.05213206466455357,155,16,3,"AT,CZ,DE",0.07570130518259627,0.1319799105431736,FALSE,FALSE
tet_gab,tor_vir,z_within,184,0.17243209484278207,0.019252651304798266,0.18510081591691072,0.01188654427985922,27,8,1,DE,0.06151006806644814,0.04070734342417541,FALSE,FALSE
tet_gab,uro_sir_spp,z_within,92,0.2801228012842594,0.006841148776795666,0.06359566308252895,0.5470023250103788,12,4,1,DE,0.02601197253534474,0.7012850320645883,FALSE,FALSE
tet_gab,xyl_lin,z_within,184,0.16409591346371794,0.026024461722194227,0.14767071839612428,0.04545350838141856,48,8,1,DE,0.07745375512557806,0.11836851140994416,FALSE,FALSE
tet_gab,xyl_spp,z_within,207,0.2255819374076223,0.001082592487082457,0.05422263230429523,0.4377638406113641,42,9,1,DE,0.005467638823648772,0.6029804967098679,FALSE,FALSE
tet_gab,zei_gri,z_within,69,-0.17663183388472267,0.14654262560419337,-0.16735364744448294,0.16929809279591412,2,3,2,"CZ,DE",0.2839973364422352,0.3135149866591002,FALSE,FALSE
tet_spp,tha_pit,z_within,23,-0.19185599655687058,0.38049445289229,-0.19573180353949807,0.3707600693388633,1,1,1,DE,0.557092903209795,0.5357804470214788,FALSE,FALSE
tet_spp,tha_pro,z_within,161,0.12307832134195376,0.11984125813225621,0.1484571085673506,0.06018166568328539,56,7,1,DE,0.24083978756460603,0.1472367990984075,FALSE,FALSE
tet_spp,tom_spp,z_within,184,0.17514842267223155,0.01740445943022623,0.19487686280901548,0.008028039755809666,59,8,1,DE,0.056867053455669475,0.029087100564527773,FALSE,FALSE
tet_spp,tor_vir,z_within,161,0.01577170983108481,0.8425963039724492,0.05125224922792208,0.518489531708615,13,7,1,DE,0.8932417895605955,0.6795406706534929,FALSE,FALSE
tet_spp,uro_sir_spp,z_within,92,0.2422829636267983,0.019970253692384185,0.1164198589178319,0.2690923201488088,11,4,1,DE,0.06299764571730027,0.4347210341660885,FALSE,FALSE
tet_spp,xyl_lin,z_within,161,0.08659942607938206,0.27469460413886204,0.11373354306520092,0.15084933957510813,37,7,1,DE,0.4495820035005925,0.289538079798672,FALSE,FALSE
tet_spp,xyl_spp,z_within,184,0.016823916076906423,0.8206791647623467,-0.009513509506674055,0.8980136601547068,27,8,1,DE,0.8786714826149323,0.9462736144938956,FALSE,FALSE
tet_spp,zei_gri,z_within,23,-0.09766853508096923,0.657517432053448,-0.09737854440867527,0.658474268902284,0,1,1,DE,0.7747153456284727,0.7787684133139956,FALSE,FALSE
tha_pit,tha_pro,z_within,23,0.1005071363815457,0.6481789851899,0.1750630000157196,0.42431870363452984,7,1,1,DE,0.7711768082764909,0.5901511872524754,FALSE,FALSE
tha_pit,tom_spp,z_within,23,0.42526525436470464,0.043076729746003885,0.414874252913755,0.049015132370827316,11,1,1,DE,0.1153598153241548,0.12440388926605918,FALSE,FALSE
tha_pit,tor_vir,z_within,41,-0.2553699518564751,0.10708309032424887,-0.4205745549719309,0.006181906237243887,9,2,2,"BG,DE",0.22170412075413845,0.023377756121444514,FALSE,FALSE
tha_pit,uro_sir_spp,z_within,0,NA,NA,NA,NA,0,0,0,,NA,NA,TRUE,FALSE
tha_pit,xyl_lin,z_within,23,-0.879837319677754,3.1750010093619157e-8,-0.8534528877863885,2.260742037717979e-7,11,1,1,DE,4.6691191314145815e-7,3.0969069009835327e-6,FALSE,FALSE
tha_pit,xyl_spp,z_within,23,-0.6727864719718979,4.355701381320511e-4,-0.7352404713799752,6.420564790541848e-5,10,1,1,DE,0.0025773380954559237,4.431618723414214e-4,FALSE,FALSE
tha_pit,zei_gri,z_within,0,NA,NA,NA,NA,0,0,0,,NA,NA,TRUE,FALSE
tha_pro,tom_spp,z_within,230,-0.05800026761847843,0.3812679610573284,0.0200190253871279,0.7626675691673946,89,10,1,DE,0.5574092997914158,0.8587093092916726,FALSE,FALSE
tha_pro,tor_vir,z_within,207,0.1301890427870311,0.061523137706184436,0.12358259268570686,0.07604927934464312,40,9,1,DE,0.14684218968488205,0.17936150788830926,FALSE,FALSE
tha_pro,uro_sir_spp,z_within,69,-0.06642399526161498,0.5876265828102918,0.006668705534591062,0.9566300055028585,10,3,1,DE,0.7281618126521583,0.974256691950179,FALSE,FALSE
tha_pro,xyl_lin,z_within,207,0.16507154086640408,0.017458185410890528,0.1782159907573825,0.01019468108716224,72,9,1,DE,0.056867053455669475,0.03589676439141634,FALSE,FALSE
tha_pro,xyl_spp,z_within,230,0.14150837742776468,0.03193729418895089,0.14526116802926636,0.027616742531165677,61,10,1,DE,0.09151087160157848,0.08160391015042832,FALSE,FALSE
tha_pro,zei_gri,z_within,0,NA,NA,NA,NA,0,0,0,,NA,NA,TRUE,FALSE
tom_spp,tor_vir,z_within,533,0.1790927162487887,3.2015052240994175e-5,0.19075324738134716,9.236240019578642e-6,175,25,3,"DE,LT,PL",2.443897117633143e-4,8.173663734140391e-5,FALSE,FALSE
tom_spp,uro_sir_spp,z_within,92,0.1066226108023297,0.3117329704395727,-0.009888076394305277,0.9254677327243754,12,4,1,DE,0.4863228868012055,0.9603564808203592,FALSE,FALSE
tom_spp,xyl_lin,z_within,230,0.10250653376240551,0.12109237711283961,0.17511121520815445,0.0077718899138582865,128,10,1,DE,0.24218475422567923,0.02838211450201146,FALSE,FALSE
tom_spp,xyl_spp,z_within,253,0.17196302226035315,0.006103824850681592,0.1384904979176545,0.027627041695574443,115,11,1,DE,0.023750291247788297,0.08160391015042832,FALSE,FALSE
tom_spp,zei_gri,z_within,184,-0.06250113782993941,0.399310397684565,-0.023529044663270812,0.7512190543296026,75,8,2,"CZ,DE",0.5720853662956015,0.8535022418713629,FALSE,FALSE
tor_vir,uro_sir_spp,z_within,69,-0.09114268012731687,0.4563871611443926,0.02801842159165289,0.8192331016580522,1,3,1,DE,0.6192498794360822,0.8990198970632376,FALSE,FALSE
tor_vir,xyl_lin,z_within,207,0.27784579538565135,5.047912724659489e-5,0.4194405713787232,3.1610585592766724e-10,89,9,1,DE,3.684607828218605e-4,7.709898925065055e-9,FALSE,FALSE
tor_vir,xyl_spp,z_within,230,0.1305666336620319,0.04794821479262835,0.2874336475775679,9.45736507234198e-6,81,10,1,DE,0.12454081764319051,8.223795715079983e-5,FALSE,FALSE
tor_vir,zei_gri,z_within,23,-0.0991223611896074,0.6527283295982163,-0.20248096768351462,0.35415518686993264,4,1,1,DE,0.7724595616546939,0.5223527829940009,FALSE,FALSE
uro_sir_spp,xyl_lin,z_within,92,0.19568165715823388,0.06157193945367113,0.15071988545307086,0.15154520943548247,12,4,1,DE,0.14684218968488205,0.2897613947141156,FALSE,FALSE
uro_sir_spp,xyl_spp,z_within,92,0.005503700160225675,0.9584743131743767,0.1740562544075196,0.09704432914838655,6,4,1,DE,0.9770380358556336,0.21661680613479142,FALSE,FALSE
uro_sir_spp,zei_gri,z_within,23,-0.09766853508096923,0.657517432053448,-0.09737854440867527,0.658474268902284,0,1,1,DE,0.7747153456284727,0.7787684133139956,FALSE,FALSE
xyl_lin,xyl_spp,z_within,230,0.5789800273779526,5.5158086106242955e-22,0.6024995533541301,4.080731041613308e-24,118,10,1,DE,4.460176267359495e-20,4.534145601792564e-22,FALSE,FALSE
xyl_lin,zei_gri,z_within,23,0.02333864118750081,0.9158201107231192,-0.20806797921716305,0.3407449057544206,4,1,1,DE,0.9500208617459743,0.5100971643030249,FALSE,FALSE
xyl_spp,zei_gri,z_within,23,-0.15610350462591693,0.4769134106451396,-0.37506409579306615,0.0778225607753847,4,1,1,DE,0.6401522290538787,0.1826820675478514,FALSE,FALSE
CambXyl_con&BB_con&BO,CambXyl_con&BB_con&SM,anomaly,46,-0.08893995324987732,0.5566759653881617,-0.06405070532802294,0.6723737360030797,13,2,1,DE,0.7875327627991346,0.8567199126290896,FALSE,FALSE
CambXyl_con&BB_con&BO,CambXyl_con&BO,anomaly,46,-0.15395261001477445,0.3070045006940972,-0.12846130126426147,0.3948680294726883,6,2,1,DE,0.5712540225681266,0.6735160360863939,FALSE,FALSE
CambXyl_con&BB_con&BO,CambXyl_con&MD,anomaly,23,-0.06057767382527122,0.7836458444018877,0.009881422924901186,0.9643083438096367,8,1,1,DE,0.9351312539761704,0.9905133367493923,FALSE,FALSE
CambXyl_con&BB_con&BO,Def_dec,anomaly,0,NA,NA,NA,NA,0,0,0,,NA,NA,TRUE,FALSE
CambXyl_con&BB_con&BO,Def_dec&DB,anomaly,195,0.12070218583510862,0.09279621696610035,0.14238294842124,0.04707612833296772,87,9,2,"AT,DE",0.2672753315011633,0.16773050169005535,FALSE,FALSE
CambXyl_con&BB_con&BO,agr_big,anomaly,69,0.0663828252348464,0.5878586231968674,-0.029082937522835223,0.8124878546219297,21,3,1,DE,0.8136978352739375,0.9338271399597329,FALSE,FALSE
CambXyl_con&BB_con&BO,agr_vir,anomaly,69,0.1274076588091582,0.2968316204654119,0.09707709170624772,0.42747028018866995,13,3,1,DE,0.5599059193876985,0.6986995979013735,FALSE,FALSE
CambXyl_con&BB_con&BO,bup_pin,anomaly,23,0.35594379025100614,0.09552239881828155,0.18774703557312253,0.3909714729657896,4,1,1,DE,0.2734897251880561,0.6704359304689654,FALSE,FALSE
CambXyl_con&BB_con&BO,cep_spp,anomaly,0,NA,NA,NA,NA,0,0,0,,NA,NA,TRUE,FALSE
CambXyl_con&BB_con&BO,clo_ana,anomaly,0,NA,NA,NA,NA,0,0,0,,NA,NA,TRUE,FALSE
CambXyl_con&BB_con&BO,den_mic,anomaly,0,NA,NA,NA,NA,0,0,0,,NA,NA,TRUE,FALSE
CambXyl_con&BB_con&BO,den_pin,anomaly,0,NA,NA,NA,NA,0,0,0,,NA,NA,TRUE,FALSE
CambXyl_con&BB_con&BO,dip_sp,anomaly,174,-0.015759747628889934,0.8364786442097449,-0.14789828867564567,0.0514658524003728,42,8,2,"AT,DE",0.9587149820270895,0.18069397813561544,FALSE,FALSE
CambXyl_con&BB_con&BO,era_def,anomaly,69,-0.31690456981623105,0.00797620459055513,-0.3626973099881018,0.0021929936613661535,0,3,1,DE,0.04170167834844585,0.014449725357768766,FALSE,FALSE
CambXyl_con&BB_con&BO,geo_db,anomaly,69,0.04695059409103419,0.7016549360339621,-0.02809645597369383,0.8187381903652362,21,3,2,"DE,HR",0.8907957524737868,0.9370581382237622,FALSE,FALSE
CambXyl_con&BB_con&BO,ips_acu,anomaly,69,0.09564600189373257,0.43434648991286906,0.17975886006576547,0.13941339071881903,0,3,1,DE,0.6881713974126852,0.36127560685382304,FALSE,FALSE
CambXyl_con&BB_con&BO,ips_ami,anomaly,0,NA,NA,NA,NA,0,0,0,,NA,NA,TRUE,FALSE
CambXyl_con&BB_con&BO,ips_cem,anomaly,69,0.2699165751872373,0.02490053176803431,0.25166240409207163,0.036980810597722055,22,3,1,DE,0.10022724502447282,0.14061478179845302,FALSE,FALSE
CambXyl_con&BB_con&BO,ips_dup,anomaly,0,NA,NA,NA,NA,0,0,0,,NA,NA,TRUE,FALSE
CambXyl_con&BB_con&BO,ips_sex,anomaly,46,0.01405365252436329,0.9261436042649692,0.4189330866481652,0.0037585853464933813,0,2,1,DE,0.9833886835572853,0.02274062329136247,FALSE,FALSE
CambXyl_con&BB_con&BO,ips_typ,anomaly,260,0.2543423860629971,3.327159444904823e-5,0.2202875099426823,3.4493977282142393e-4,160,12,3,"AT,DE,HR",4.5080667408428724e-4,0.0032050240836906533,FALSE,FALSE
CambXyl_con&BB_con&BO,lym_dis,anomaly,218,0.21649966905335039,0.0012979376854892807,0.21555781681376104,0.0013642794140330814,79,10,3,"AT,DE,HR",0.00950523751170584,0.009650270561028119,FALSE,FALSE
CambXyl_con&BB_con&BO,lym_mon,anomaly,23,0.4920042539596617,0.017093983609947846,0.358695652173913,0.09280630150475375,4,1,1,DE,0.07469125428303915,0.2747066524540711,FALSE,FALSE
CambXyl_con&BB_con&BO,mel_spp,anomaly,69,0.3258833570129733,0.006284353459175429,0.25074899525027405,0.03769529221860066,25,3,1,DE,0.03474452889498139,0.14165184029021027,FALSE,FALSE
CambXyl_con&BB_con&BO,neo_ser,anomaly,0,NA,NA,NA,NA,0,0,0,,NA,NA,TRUE,FALSE
CambXyl_con&BB_con&BO,ope_spp,anomaly,46,-0.19407490521894197,0.19622433711414206,-0.30011101574285726,0.0427226857373035,1,2,1,DE,0.4420791857231959,0.15476395353644953,FALSE,FALSE
CambXyl_con&BB_con&BO,pan_fla,anomaly,23,0.7577233057616424,2.820354792633318e-5,0.5780632411067194,0.0038638302419369674,4,1,1,DE,4.0495243440496294e-4,0.023086985669213436,FALSE,FALSE
CambXyl_con&BB_con&BO,pha_cya,anomaly,216,0.2787911674051678,3.2343369469197484e-5,0.2778551780802343,3.44627738816848e-5,98,10,2,"AT,DE",4.4449030613382827e-4,5.262410868917584e-4,FALSE,FALSE
CambXyl_con&BB_con&BO,pis_pin,anomaly,46,0.4804965214731647,7.255776799049987e-4,0.3993216157878507,0.005974239741121466,5,2,1,DE,0.005721358426791875,0.0326546513122662,FALSE,FALSE
CambXyl_con&BB_con&BO,pit_bid,anomaly,23,0.016404993318078494,0.9407773928370933,0.2994071146245059,0.16516341275547833,0,1,1,DE,0.98638412535406,0.39721800767692533,FALSE,FALSE
CambXyl_con&BB_con&BO,pit_cha,anomaly,237,0.222892407101082,5.465648324208529e-4,0.21042929078947606,0.0011182245735815455,140,11,2,"AT,DE",0.004736895214314058,0.008274861844503437,FALSE,FALSE
CambXyl_con&BB_con&BO,pit_spp,anomaly,195,0.2636896556194703,1.9555456199917397e-4,0.2624172587353736,2.1050897096712876e-4,133,9,3,"AT,DE,HR",0.0020672910839912677,0.0022011916311997595,FALSE,FALSE
CambXyl_con&BB_con&BO,pol_pol,anomaly,0,NA,NA,NA,NA,0,0,0,,NA,NA,TRUE,FALSE
CambXyl_con&BB_con&BO,pri_abi,anomaly,23,0.08531931527476268,0.6987075206572974,-0.03557312252964427,0.871983698281857,2,1,1,DE,0.8907957524737868,0.9604424983769284,FALSE,FALSE
CambXyl_con&BB_con&BO,sap_car,anomaly,0,NA,NA,NA,NA,0,0,0,,NA,NA,TRUE,FALSE
CambXyl_con&BB_con&BO,sco_int,anomaly,46,0.3842492877589892,0.00837785044405365,0.357631822386679,0.014682052077543792,10,2,1,DE,0.04356482230907899,0.06889821511510794,FALSE,FALSE
CambXyl_con&BB_con&BO,sco_rat,anomaly,0,NA,NA,NA,NA,0,0,0,,NA,NA,TRUE,FALSE
CambXyl_con&BB_con&BO,sco_sco,anomaly,23,0.21666054546763264,0.32071839646359346,4.983992204334163e-4,0.9981992289594358,2,1,1,DE,0.5899256164397264,0.9992379378345236,FALSE,FALSE
CambXyl_con&BB_con&BO,tet_gab,anomaly,174,0.10686101647611351,0.16048103637584427,0.09446852131324923,0.2150055386224535,94,8,2,"AT,DE",0.38915663939830775,0.46901434955737026,FALSE,FALSE
CambXyl_con&BB_con&BO,tet_spp,anomaly,69,0.22738081723628253,0.060250683623237246,0.15838509316770188,0.19365849276059677,21,3,1,DE,0.19781965066742058,0.4393855425370144,FALSE,FALSE
CambXyl_con&BB_con&BO,tha_pit,anomaly,23,-0.769112268048811,1.797069368616383e-5,-0.6768774703557312,3.895866748636051e-4,19,1,1,HR,2.7847434473594017e-4,0.0035356828416866805,FALSE,FALSE
CambXyl_con&BB_con&BO,tha_pro,anomaly,69,0.1332644992369107,0.2749946213586243,0.024369747899159667,0.8424492034729818,20,3,1,DE,0.5344339914080739,0.949453276640307,FALSE,FALSE
CambXyl_con&BB_con&BO,tom_spp,anomaly,237,0.554048441713131,1.8060949875442506e-20,0.5492536855978178,4.4509964625511787e-20,142,11,2,"AT,DE",3.474926756035138e-18,8.563717193948468e-18,FALSE,FALSE
CambXyl_con&BB_con&BO,tor_vir,anomaly,69,-0.1747487295018274,0.1509653977833256,-0.1605407380343442,0.1875857559797878,3,3,1,DE,0.37048140986622247,0.432751791972556,FALSE,FALSE
CambXyl_con&BB_con&BO,uro_sir_spp,anomaly,23,0.2595494250083509,0.23170814733141698,0.15076112526384566,0.49230634405399,1,1,1,DE,0.4892259716765883,0.7426494841302561,FALSE,FALSE
CambXyl_con&BB_con&BO,xyl_lin,anomaly,46,-0.3169061355818835,0.03188411436816124,-0.1400555041628122,0.35322729629879746,0,2,1,DE,0.12468503261045169,0.6375321933197808,FALSE,FALSE
CambXyl_con&BB_con&BO,xyl_spp,anomaly,69,0.08090637722789795,0.5086983975476553,0.028827183047131902,0.8141072080116842,4,3,1,DE,0.7425915909572752,0.9345717590778523,FALSE,FALSE
CambXyl_con&BB_con&BO,zei_gri,anomaly,0,NA,NA,NA,NA,0,0,0,,NA,NA,TRUE,FALSE
CambXyl_con&BB_con&SM,CambXyl_con&BO,anomaly,46,-0.083810557557592,0.579740953346736,-0.04701258666933703,0.7563697781882948,7,2,1,DE,0.8091613838270444,0.9027639288053841,FALSE,FALSE
CambXyl_con&BB_con&SM,CambXyl_con&MD,anomaly,23,0.09457499668105644,0.6677512370775611,0.015275616025992868,0.9448482395015261,10,1,1,DE,0.8718422141386646,0.982685294674052,FALSE,FALSE
CambXyl_con&BB_con&SM,Def_dec,anomaly,0,NA,NA,NA,NA,0,0,0,,NA,NA,TRUE,FALSE
CambXyl_con&BB_con&SM,Def_dec&DB,anomaly,46,0.023719437662557127,0.875664412989365,0.013188765924686496,0.9306774354145642,14,2,1,DE,0.9734668072557205,0.9784827244467877,FALSE,FALSE
CambXyl_con&BB_con&SM,agr_big,anomaly,46,0.05756456863647677,0.7039508759414247,-0.003975561020360043,0.9790805911931739,18,2,1,DE,0.891053608757435,0.9917814824114102,FALSE,FALSE
CambXyl_con&BB_con&SM,agr_vir,anomaly,46,0.17259129800452452,0.2513862368632981,0.05710924957818793,0.706186931192963,13,2,1,DE,0.5134470485403243,0.8821510768796061,FALSE,FALSE
CambXyl_con&BB_con&SM,bup_pin,anomaly,0,NA,NA,NA,NA,0,0,0,,NA,NA,TRUE,FALSE
CambXyl_con&BB_con&SM,cep_spp,anomaly,0,NA,NA,NA,NA,0,0,0,,NA,NA,TRUE,FALSE
CambXyl_con&BB_con&SM,clo_ana,anomaly,0,NA,NA,NA,NA,0,0,0,,NA,NA,TRUE,FALSE
CambXyl_con&BB_con&SM,den_mic,anomaly,0,NA,NA,NA,NA,0,0,0,,NA,NA,TRUE,FALSE
CambXyl_con&BB_con&SM,den_pin,anomaly,0,NA,NA,NA,NA,0,0,0,,NA,NA,TRUE,FALSE
CambXyl_con&BB_con&SM,dip_sp,anomaly,46,-0.041314228422543946,0.7851517503470549,0.0827295317093971,0.5846565444841044,1,2,1,DE,0.9351312539761704,0.8011960054041432,FALSE,FALSE
CambXyl_con&BB_con&SM,era_def,anomaly,46,-3.8058639201118917e-4,0.997997134225427,0.05596810426286193,0.7118017873970759,0,2,1,DE,1,0.882414071489674,FALSE,FALSE
CambXyl_con&BB_con&SM,geo_db,anomaly,46,-0.24518767465487612,0.10051627602213309,-0.01571293165189922,0.9174520799798708,3,2,1,DE,0.2852408776793275,0.9733464522816394,FALSE,FALSE
CambXyl_con&BB_con&SM,ips_acu,anomaly,46,0.052656820806610966,0.7281791945291787,-0.028081343715241583,0.8530314659251917,1,2,1,DE,0.9003963819242543,0.9545996674340143,FALSE,FALSE
CambXyl_con&BB_con&SM,ips_ami,anomaly,0,NA,NA,NA,NA,0,0,0,,NA,NA,TRUE,FALSE
CambXyl_con&BB_con&SM,ips_cem,anomaly,46,-0.1647162412218006,0.27399541305545294,-0.1309410970991602,0.38572931879868777,14,2,1,DE,0.533570014897461,0.665069452990803,FALSE,FALSE
CambXyl_con&BB_con&SM,ips_dup,anomaly,0,NA,NA,NA,NA,0,0,0,,NA,NA,TRUE,FALSE
CambXyl_con&BB_con&SM,ips_sex,anomaly,46,1.9547325903180535e-4,0.9989713058563874,-0.02227576254265231,0.8831779097543281,0,2,1,DE,1,0.963284749641342,FALSE,FALSE
CambXyl_con&BB_con&SM,ips_typ,anomaly,46,-0.16793262141190318,0.264604389693576,-0.120592017617588,0.4246931944834995,14,2,1,DE,0.5226887533577416,0.6971925820701818,FALSE,FALSE
CambXyl_con&BB_con&SM,lym_dis,anomaly,46,0.09909611084211056,0.5123250792989531,0.00649972674757277,0.9658047557203726,14,2,1,DE,0.744496565386092,0.9905133367493923,FALSE,FALSE
CambXyl_con&BB_con&SM,lym_mon,anomaly,0,NA,NA,NA,NA,0,0,0,,NA,NA,TRUE,FALSE
CambXyl_con&BB_con&SM,mel_spp,anomaly,46,-0.06283869451574797,0.6782340334838761,0.042469088360354124,0.7792943052093599,18,2,1,DE,0.8746127884872504,0.9147052793948706,FALSE,FALSE
CambXyl_con&BB_con&SM,neo_ser,anomaly,0,NA,NA,NA,NA,0,0,0,,NA,NA,TRUE,FALSE
CambXyl_con&BB_con&SM,ope_spp,anomaly,46,-0.0507679595307606,0.7375758880575938,0.015335252566820915,0.9194296125806483,1,2,1,DE,0.9038828080400066,0.9733464522816394,FALSE,FALSE
CambXyl_con&BB_con&SM,pan_fla,anomaly,0,NA,NA,NA,NA,0,0,0,,NA,NA,TRUE,FALSE
CambXyl_con&BB_con&SM,pha_cya,anomaly,46,0.11306255304950975,0.4543830754042756,0.02429509512442249,0.8726714248268241,17,2,1,DE,0.6994115444167665,0.9604424983769284,FALSE,FALSE
CambXyl_con&BB_con&SM,pis_pin,anomaly,23,-0.05984406650627484,0.7862065540162197,-0.18330739231191442,0.4024718955073153,0,1,1,DE,0.9351312539761704,0.6792595850491883,FALSE,FALSE
CambXyl_con&BB_con&SM,pit_bid,anomaly,23,0.02952896384538219,0.8936024744755846,-0.06874027211696791,0.7553056173280496,0,1,1,DE,0.9734668072557205,0.9027639288053841,FALSE,FALSE
CambXyl_con&BB_con&SM,pit_cha,anomaly,46,-0.1765715481343606,0.2404512744574887,-0.0389352563422563,0.7972546396566711,11,2,1,DE,0.5025728655425327,0.9307754409583952,FALSE,FALSE
CambXyl_con&BB_con&SM,pit_spp,anomaly,46,0.08114723200154603,0.5918850399468758,-0.013567390783768403,0.9286923662938205,14,2,1,DE,0.8180939776277221,0.9774639566462312,FALSE,FALSE
CambXyl_con&BB_con&SM,pol_pol,anomaly,0,NA,NA,NA,NA,0,0,0,,NA,NA,TRUE,FALSE
CambXyl_con&BB_con&SM,pri_abi,anomaly,23,-0.02168193654453713,0.9217772055439393,0.14293612138607611,0.5152894347243051,0,1,1,DE,0.9820040661498002,0.7556531039707036,FALSE,FALSE
CambXyl_con&BB_con&SM,sap_car,anomaly,0,NA,NA,NA,NA,0,0,0,,NA,NA,TRUE,FALSE
CambXyl_con&BB_con&SM,sco_int,anomaly,46,-3.7955782067273754e-4,0.9980025471519349,8.20353861344136e-4,0.9956828393443738,11,2,1,DE,1,0.9992379378345236,FALSE,FALSE
CambXyl_con&BB_con&SM,sco_rat,anomaly,0,NA,NA,NA,NA,0,0,0,,NA,NA,TRUE,FALSE
CambXyl_con&BB_con&SM,sco_sco,anomaly,23,-0.040926690131325175,0.8529082627125362,0.02036246207683218,0.9265246309882449,0,1,1,DE,0.965620572915441,0.9762504874158726,FALSE,FALSE
CambXyl_con&BB_con&SM,tet_gab,anomaly,46,-0.1919251605479994,0.20132211999504734,-0.17738574647987435,0.23825491802564155,13,2,1,DE,0.44727916728691813,0.5035335273681549,FALSE,FALSE
CambXyl_con&BB_con&SM,tet_spp,anomaly,46,-0.018434528880432594,0.9032170533084053,0.011548058201998222,0.9392840613437936,14,2,1,DE,0.9762862980704337,0.9814147847628528,FALSE,FALSE
CambXyl_con&BB_con&SM,tha_pit,anomaly,0,NA,NA,NA,NA,0,0,0,,NA,NA,TRUE,FALSE
CambXyl_con&BB_con&SM,tha_pro,anomaly,46,0.07748079672168286,0.6087848451300736,0.07048732793241538,0.641579629628892,18,2,1,DE,0.8330739985990481,0.8351821430351748,FALSE,FALSE
CambXyl_con&BB_con&SM,tom_spp,anomaly,46,-0.17283661835419145,0.25070274046373525,-0.042469088360354124,0.7792943052093594,15,2,1,DE,0.5134470485403243,0.9147052793948706,FALSE,FALSE
CambXyl_con&BB_con&SM,tor_vir,anomaly,46,-0.021283002837393022,0.8883505863654844,-0.028712385147044762,0.8497663448311213,1,2,1,DE,0.9734668072557205,0.9527683260227723,FALSE,FALSE
CambXyl_con&BB_con&SM,uro_sir_spp,anomaly,23,0.0037292912911681994,0.9865262443916258,0.2329448635997598,0.28476941572384773,0,1,1,DE,0.9998689195248821,0.5602212227532546,FALSE,FALSE
CambXyl_con&BB_con&SM,xyl_lin,anomaly,46,-0.009622692023659776,0.9493925816496253,0.018615722238193855,0.9022703565854724,0,2,1,DE,0.98638412535406,0.9687322355303843,FALSE,FALSE
CambXyl_con&BB_con&SM,xyl_spp,anomaly,46,-0.015208859256744162,0.9200915176462144,0.07111836936421856,0.6385913461051483,1,2,1,DE,0.981294944540641,0.8335479985795831,FALSE,FALSE
CambXyl_con&BB_con&SM,zei_gri,anomaly,0,NA,NA,NA,NA,0,0,0,,NA,NA,TRUE,FALSE
CambXyl_con&BO,CambXyl_con&MD,anomaly,23,0.013006952294596101,0.9530295844985168,-0.14031620553359683,0.5230979940664653,6,1,1,DE,0.9868831650027698,0.7624549549877873,FALSE,FALSE
CambXyl_con&BO,Def_dec,anomaly,0,NA,NA,NA,NA,0,0,0,,NA,NA,TRUE,FALSE
CambXyl_con&BO,Def_dec&DB,anomaly,46,-0.207171860474128,0.16713161678820976,-0.07567067530064754,0.6172039918859711,5,2,1,DE,0.39791242685986117,0.8203657798450211,FALSE,FALSE
CambXyl_con&BO,agr_big,anomaly,46,-0.3008511975850872,0.04218872142375638,-0.21665124884366324,0.1481205751500476,11,2,1,DE,0.15431768064507087,0.37584682104128275,FALSE,FALSE
CambXyl_con&BO,agr_vir,anomaly,46,-0.2259526802180518,0.13106537179589722,-0.16521739130434782,0.27251790474238746,5,2,1,DE,0.34169346251396515,0.5473115331151915,FALSE,FALSE
CambXyl_con&BO,bup_pin,anomaly,0,NA,NA,NA,NA,0,0,0,,NA,NA,TRUE,FALSE
CambXyl_con&BO,cep_spp,anomaly,0,NA,NA,NA,NA,0,0,0,,NA,NA,TRUE,FALSE
CambXyl_con&BO,clo_ana,anomaly,0,NA,NA,NA,NA,0,0,0,,NA,NA,TRUE,FALSE
CambXyl_con&BO,den_mic,anomaly,0,NA,NA,NA,NA,0,0,0,,NA,NA,TRUE,FALSE
CambXyl_con&BO,den_pin,anomaly,0,NA,NA,NA,NA,0,0,0,,NA,NA,TRUE,FALSE
CambXyl_con&BO,dip_sp,anomaly,46,-0.05563379794579508,0.7134495752468215,-0.05013876040703052,0.7407145277442879,0,2,1,DE,0.8972218434424893,0.9000455582590207,FALSE,FALSE
CambXyl_con&BO,era_def,anomaly,46,-0.142379693725984,0.34521506793943935,-0.04703348457802062,0.7562647965639278,0,2,1,DE,0.6138574775558977,0.9027639288053841,FALSE,FALSE
CambXyl_con&BO,geo_db,anomaly,46,0.3460024023588016,0.018503498458362307,0.365895775516497,0.012394166267181525,2,2,1,DE,0.08013156660139156,0.06011124670010779,FALSE,FALSE
CambXyl_con&BO,ips_acu,anomaly,46,-0.1949610510568594,0.19414978681166362,-0.09774899784150477,0.5181037014722453,0,2,1,DE,0.43946375273604804,0.757256791269836,FALSE,FALSE
CambXyl_con&BO,ips_ami,anomaly,0,NA,NA,NA,NA,0,0,0,,NA,NA,TRUE,FALSE
CambXyl_con&BO,ips_cem,anomaly,46,0.23468678824502287,0.11643050714655022,0.26759173604687014,0.0721938556423683,11,2,1,DE,0.31663683981890023,0.23305533264415537,FALSE,FALSE
CambXyl_con&BO,ips_dup,anomaly,0,NA,NA,NA,NA,0,0,0,,NA,NA,TRUE,FALSE
CambXyl_con&BO,ips_sex,anomaly,46,-0.14869823675768834,0.3240042938613099,-0.23737280296022198,0.11218892489678865,0,2,1,DE,0.593699296561105,0.3119241206667939,FALSE,FALSE
CambXyl_con&BO,ips_typ,anomaly,69,0.023044881257053406,0.8509135231316187,-0.04044574351479723,0.7414264874176991,34,3,2,"DE,SI",0.965620572915441,0.9000455582590207,FALSE,FALSE
CambXyl_con&BO,lym_dis,anomaly,46,-0.01295995522839349,0.931877255658774,0.08627813752698119,0.5685912024760126,7,2,1,DE,0.9861303675354863,0.789299764476081,FALSE,FALSE
CambXyl_con&BO,lym_mon,anomaly,0,NA,NA,NA,NA,0,0,0,,NA,NA,TRUE,FALSE
CambXyl_con&BO,mel_spp,anomaly,46,-0.09143494053943993,0.5456153498371167,-0.17409805735430156,0.24720798223296558,11,2,1,DE,0.7794468473208224,0.5092378563342889,FALSE,FALSE
CambXyl_con&BO,neo_ser,anomaly,0,NA,NA,NA,NA,0,0,0,,NA,NA,TRUE,FALSE
CambXyl_con&BO,ope_spp,anomaly,46,0.10068896159838756,0.5055344514655522,0.23183668478779293,0.12106303916103613,0,2,1,DE,0.7425915909572752,0.33085978316169534,FALSE,FALSE
CambXyl_con&BO,pan_fla,anomaly,0,NA,NA,NA,NA,0,0,0,,NA,NA,TRUE,FALSE
CambXyl_con&BO,pha_cya,anomaly,46,-0.05396660984378443,0.7216862530855357,-0.12747456059204437,0.3985392899197415,10,2,1,DE,0.89790449284574,0.6762042904026416,FALSE,FALSE
CambXyl_con&BO,pis_pin,anomaly,23,0.08003884202916925,0.7165825070344518,0.2075098814229249,0.34207075853531854,0,1,1,DE,0.8978209065317858,0.6244251797172229,FALSE,FALSE
CambXyl_con&BO,pit_bid,anomaly,23,-0.01783468698745733,0.9356261220866038,0.020750988142292492,0.9251264681656184,0,1,1,DE,0.9861303675354863,0.9762504874158726,FALSE,FALSE
CambXyl_con&BO,pit_cha,anomaly,69,-0.07288821490196253,0.5517187898016023,-0.1183777858969675,0.33266124400929475,20,3,2,"DE,SI",0.7828222356771997,0.6154233014171954,FALSE,FALSE
CambXyl_con&BO,pit_spp,anomaly,69,0.21853039432021593,0.07123771905925695,0.03562294483010596,0.7713627912211937,34,3,2,"DE,SI",0.2225022264123545,0.9127318636590261,FALSE,FALSE
CambXyl_con&BO,pol_pol,anomaly,0,NA,NA,NA,NA,0,0,0,,NA,NA,TRUE,FALSE
CambXyl_con&BO,pri_abi,anomaly,23,0.12623457908863728,0.5660065401684131,0.08498023715415019,0.6998508154199039,0,1,1,DE,0.7960501339795518,0.8781237814104695,FALSE,FALSE
CambXyl_con&BO,sap_car,anomaly,0,NA,NA,NA,NA,0,0,0,,NA,NA,TRUE,FALSE
CambXyl_con&BO,sco_int,anomaly,46,-0.17574238748981547,0.24270210497297348,-0.20271353684859697,0.17666053989438738,7,2,1,DE,0.5042752159481652,0.41551941168313117,FALSE,FALSE
CambXyl_con&BO,sco_rat,anomaly,0,NA,NA,NA,NA,0,0,0,,NA,NA,TRUE,FALSE
CambXyl_con&BO,sco_sco,anomaly,23,0.18625486497746074,0.3948159755035554,0.32844508626562136,0.12598282599995175,0,1,1,DE,0.6497800021350626,0.3385348564579709,FALSE,FALSE
CambXyl_con&BO,tet_gab,anomaly,46,-0.059278012036528084,0.6955584793102454,-0.016219549799568297,0.9148001969882433,10,2,1,DE,0.8897968844367767,0.9724174469642984,FALSE,FALSE
CambXyl_con&BO,tet_spp,anomaly,46,-0.07509168504343637,0.6199073181392929,6.783842121492444e-4,0.996429957692456,10,2,1,DE,0.8423034463983048,0.9992379378345236,FALSE,FALSE
CambXyl_con&BO,tha_pit,anomaly,0,NA,NA,NA,NA,0,0,0,,NA,NA,TRUE,FALSE
CambXyl_con&BO,tha_pro,anomaly,46,0.22252890793156002,0.13716332198725936,0.07776749922910885,0.6074558894504691,11,2,1,DE,0.3504195385724523,0.8173042876242675,FALSE,FALSE
CambXyl_con&BO,tom_spp,anomaly,46,-0.1838659018966131,0.22126146920745587,-0.03595436324390996,0.8124861349049544,6,2,1,DE,0.4804820166536627,0.9338271399597329,FALSE,FALSE
CambXyl_con&BO,tor_vir,anomaly,46,-0.022676887654463716,0.8810892378980386,-0.07394387912426766,0.6252811256630817,1,2,1,DE,0.9734668072557205,0.8240006066957324,FALSE,FALSE
CambXyl_con&BO,uro_sir_spp,anomaly,23,-0.3154546635555691,0.14258239301320969,-0.20782002336717614,0.34133358860428764,0,1,1,DE,0.35534782921945,0.6242640917059405,FALSE,FALSE
CambXyl_con&BO,xyl_lin,anomaly,46,0.40055765996309267,0.005806887543856262,0.3180388529139685,0.031243760012540443,4,2,1,DE,0.03247805707668444,0.1226167688571906,FALSE,FALSE
CambXyl_con&BO,xyl_spp,anomaly,46,0.35834166855491945,0.014472353517717407,0.30274437249460373,0.040847753016864156,4,2,1,DE,0.06623118046688703,0.14998297100085234,FALSE,FALSE
CambXyl_con&BO,zei_gri,anomaly,0,NA,NA,NA,NA,0,0,0,,NA,NA,TRUE,FALSE
CambXyl_con&MD,Def_dec,anomaly,0,NA,NA,NA,NA,0,0,0,,NA,NA,TRUE,FALSE
CambXyl_con&MD,Def_dec&DB,anomaly,207,0.1373070320487957,0.04850743238292819,0.15797263802751352,0.023004439187738812,88,9,2,"CZ,DE",0.1690730070738294,0.09536111428235183,FALSE,FALSE
CambXyl_con&MD,agr_big,anomaly,23,-0.03159396756151424,0.8862073486170832,-0.10573122529644267,0.6311269024565604,15,1,1,DE,0.9734668072557205,0.8279972262752595,FALSE,FALSE
CambXyl_con&MD,agr_vir,anomaly,23,0.24489034880065044,0.2600754554854468,0.2292490118577075,0.2926972090293334,13,1,1,DE,0.5201509109708936,0.5665487225074823,FALSE,FALSE
CambXyl_con&MD,bup_pin,anomaly,0,NA,NA,NA,NA,0,0,0,,NA,NA,TRUE,FALSE
CambXyl_con&MD,cep_spp,anomaly,161,0.04762577168463433,0.5485493981133998,0.07612433862433864,0.3371675282331116,77,7,1,CZ,0.780627989622915,0.6189984010691857,FALSE,FALSE
CambXyl_con&MD,clo_ana,anomaly,0,NA,NA,NA,NA,0,0,0,,NA,NA,TRUE,FALSE
CambXyl_con&MD,den_mic,anomaly,23,0.07475747991834208,0.7346055848144869,-0.09765233124371876,0.6575708836228724,1,1,1,CZ,0.9025422383033671,0.8434442533936043,FALSE,FALSE
CambXyl_con&MD,den_pin,anomaly,0,NA,NA,NA,NA,0,0,0,,NA,NA,TRUE,FALSE
CambXyl_con&MD,dip_sp,anomaly,23,0.1324390075085736,0.5469091704174169,0.1798418972332016,0.41157788704520926,3,1,1,DE,0.7794468473208224,0.6838306171631975,FALSE,FALSE
CambXyl_con&MD,era_def,anomaly,23,-0.28729320474455977,0.18378182506702198,-0.2048420795981341,0.348450691008495,0,1,1,DE,0.4229619993169262,0.6325521362037804,FALSE,FALSE
CambXyl_con&MD,geo_db,anomaly,23,0.15396403869833664,0.4830483354663817,0.2628458498023716,0.22562141550970763,4,1,1,DE,0.7241899519556514,0.4834026764372801,FALSE,FALSE
CambXyl_con&MD,ips_acu,anomaly,207,0.1173061757526707,0.09230955913939655,0.14958572804710418,0.03145648291690081,119,9,2,"CZ,DE",0.2672753315011633,0.1226167688571906,FALSE,FALSE
CambXyl_con&MD,ips_ami,anomaly,0,NA,NA,NA,NA,0,0,0,,NA,NA,TRUE,FALSE
CambXyl_con&MD,ips_cem,anomaly,23,-0.4264493068742526,0.042437487731192686,-0.1956521739130435,0.3709586113629685,11,1,1,DE,0.15463963332351274,0.6523988740972133,FALSE,FALSE
CambXyl_con&MD,ips_dup,anomaly,184,0.008906729338813138,0.9044864825767145,-0.01663423937123153,0.8226673311502863,120,8,1,CZ,0.9765611630065087,0.9399120814329875,FALSE,FALSE
CambXyl_con&MD,ips_sex,anomaly,207,-0.011897130238536205,0.8649005087930706,0.03472199673128336,0.6194096127352016,115,9,2,"CZ,DE",0.9708684824491643,0.8203657798450211,FALSE,FALSE
CambXyl_con&MD,ips_typ,anomaly,207,-0.14360563725971032,0.038986825329706556,-0.1238229372990876,0.0754760008648977,139,9,2,"CZ,DE",0.1482423951271846,0.24042355242394564,FALSE,FALSE
CambXyl_con&MD,lym_dis,anomaly,161,0.01101708638892005,0.8896823739707925,0.003896614626320379,0.9608735260731872,20,7,2,"CZ,DE",0.9734668072557205,0.9905133367493923,FALSE,FALSE
CambXyl_con&MD,lym_mon,anomaly,138,0.07914154298291325,0.3561664921209051,0.07310914201041578,0.39412132737083083,74,6,1,CZ,0.6212520228993552,0.6735160360863939,FALSE,FALSE
CambXyl_con&MD,mel_spp,anomaly,23,0.09265681234435456,0.6741258399270658,0.16897233201581027,0.44086172206576324,15,1,1,DE,0.8728251117225265,0.7092123354970974,FALSE,FALSE
CambXyl_con&MD,neo_ser,anomaly,46,-0.036105340250286194,0.8117129866806242,-0.019183321325237857,0.8993056464472939,1,2,1,CZ,0.9430771656844934,0.9675635974887773,FALSE,FALSE
CambXyl_con&MD,ope_spp,anomaly,23,-0.042619187365732336,0.8468937177050282,-0.08253027185482469,0.7081301486932726,1,1,1,DE,0.9630162605581999,0.8821510768796061,FALSE,FALSE
CambXyl_con&MD,pan_fla,anomaly,23,-0.21849236697330093,0.31654320020753907,-0.599802371541502,0.0024841109463468835,1,1,1,CZ,0.5844809186173754,0.016038353895206053,FALSE,FALSE
CambXyl_con&MD,pha_cya,anomaly,207,-0.0057001762508264355,0.9350321595770236,-0.03597482438765681,0.6068186070773205,125,9,2,"CZ,DE",0.9861303675354863,0.8173042876242675,FALSE,FALSE
CambXyl_con&MD,pis_pin,anomaly,23,-0.2036313536740119,0.3513690379654375,0.1482213438735178,0.49970970261304004,0,1,1,DE,0.6190172865439908,0.7476216701613445,FALSE,FALSE
CambXyl_con&MD,pit_bid,anomaly,23,-0.08949765619296925,0.6846717272482754,0.18181818181818182,0.4063711723526793,0,1,1,DE,0.8805537454717125,0.6806653408980011,FALSE,FALSE
CambXyl_con&MD,pit_cha,anomaly,23,-0.4819254747100671,0.019878435798830266,-0.47727272727272724,0.021281928974200757,11,1,1,DE,0.0841136442278646,0.09127079665292503,FALSE,FALSE
CambXyl_con&MD,pit_spp,anomaly,207,0.059362568127733,0.3955161709622562,0.05745013042395905,0.41094170388857587,120,9,2,"CZ,DE",0.6497800021350626,0.6838306171631975,FALSE,FALSE
CambXyl_con&MD,pol_pol,anomaly,184,0.11454135932901752,0.12156782682551921,0.06746739612028278,0.36283679407726643,111,8,1,CZ,0.3266710877266745,0.6445705166715455,FALSE,FALSE
CambXyl_con&MD,pri_abi,anomaly,184,0.03298186215325157,0.6567101580784798,0.05611142147136444,0.44932449302076005,77,8,2,"CZ,DE",0.8682647552350639,0.7156459640496211,FALSE,FALSE
CambXyl_con&MD,sap_car,anomaly,0,NA,NA,NA,NA,0,0,0,,NA,NA,TRUE,FALSE
CambXyl_con&MD,sco_int,anomaly,207,0.32179871025987394,2.2650073940149635e-6,0.2511878862659783,2.614370818471683e-4,81,9,2,"CZ,DE",4.7368198109617284e-5,0.002619817424343499,FALSE,FALSE
CambXyl_con&MD,sco_rat,anomaly,184,0.18534420113655634,0.011773518716482993,0.20932557646741537,0.004348033954537796,67,8,1,CZ,0.05606992576859722,0.025197642555815424,FALSE,FALSE
CambXyl_con&MD,sco_sco,anomaly,23,-0.24279978482950573,0.26429462822250527,-0.08173747215108026,0.7108162225506318,0,1,1,DE,0.5226887533577416,0.882414071489674,FALSE,FALSE
CambXyl_con&MD,tet_gab,anomaly,69,-0.14771344610169493,0.22580278858910127,-0.17979539641943737,0.13933166339481035,15,3,2,"CZ,DE",0.4870454767325457,0.36127560685382304,FALSE,FALSE
CambXyl_con&MD,tet_spp,anomaly,23,-0.18896837048641504,0.387840504462974,-0.2519762845849803,0.24609751665416496,12,1,1,DE,0.6477475091898975,0.5090938734552479,FALSE,FALSE
CambXyl_con&MD,tha_pit,anomaly,0,NA,NA,NA,NA,0,0,0,,NA,NA,TRUE,FALSE
CambXyl_con&MD,tha_pro,anomaly,23,0.3831203024115438,0.07115519411783475,0.2766798418972332,0.20123629781698102,15,1,1,DE,0.2225022264123545,0.45092690608633945,FALSE,FALSE
CambXyl_con&MD,tom_spp,anomaly,207,-0.029991914752385898,0.6679290143661079,0.0032051282051282055,0.9634420488838621,134,9,2,"CZ,DE",0.8718422141386646,0.9905133367493923,FALSE,FALSE
CambXyl_con&MD,tor_vir,anomaly,23,-0.2853682546719263,0.18686766412026878,-0.18181818181818182,0.40637117235267894,2,1,1,DE,0.42801593543737754,0.6806653408980011,FALSE,FALSE
CambXyl_con&MD,uro_sir_spp,anomaly,23,-0.08480658425202098,0.7004365780809203,-0.03297899615146624,0.8812524299453339,0,1,1,DE,0.8907957524737868,0.9628335076348142,FALSE,FALSE
CambXyl_con&MD,xyl_lin,anomaly,23,0.16510921354732133,0.45152914833874347,0.13241106719367587,0.546994503861721,4,1,1,DE,0.6994115444167665,0.7735337744312513,FALSE,FALSE
CambXyl_con&MD,xyl_spp,anomaly,23,0.33519360088124883,0.11793216287771437,0.4298418972332016,0.040646976298646303,5,1,1,DE,0.3186818558661832,0.14981759080190707,FALSE,FALSE
CambXyl_con&MD,zei_gri,anomaly,161,0.022567776224732276,0.776289335029254,0.01354122035166917,0.8646264870649152,58,7,1,CZ,0.9311600253094044,0.9580916653207999,FALSE,FALSE
Def_dec,Def_dec&DB,anomaly,46,0.041688676860264055,0.7832512450988172,0.15418173242684294,0.30627643109463537,1,2,1,DE,0.9351312539761704,0.5811398948975133,FALSE,FALSE
Def_dec,agr_big,anomaly,46,-0.19738490494406433,0.1885548314624814,-0.11052634828634567,0.46463200637703406,1,2,1,DE,0.428817370843752,0.7220936835778784,FALSE,FALSE
Def_dec,agr_vir,anomaly,23,-0.02985191242914553,0.8924453602087263,-0.15559397856603546,0.4783708817801149,0,1,1,DE,0.9734668072557205,0.7304647432896362,FALSE,FALSE
Def_dec,bup_pin,anomaly,46,0.07879416376747848,0.6027072677483014,0.07078228469022822,0.6401821666222001,1,2,1,DE,0.8282919879626657,0.8344922009357134,FALSE,FALSE
Def_dec,cep_spp,anomaly,0,NA,NA,NA,NA,0,0,0,,NA,NA,TRUE,FALSE
Def_dec,clo_ana,anomaly,0,NA,NA,NA,NA,0,0,0,,NA,NA,TRUE,FALSE
Def_dec,den_mic,anomaly,0,NA,NA,NA,NA,0,0,0,,NA,NA,TRUE,FALSE
Def_dec,den_pin,anomaly,23,0.02851016594869565,0.8972541588217731,0.15559397856603546,0.4783708817801152,0,1,1,DE,0.9735301501850687,0.7304647432896362,FALSE,FALSE
Def_dec,dip_sp,anomaly,23,-0.12096815130947329,0.5824454502070384,-0.044455422447438706,0.8403777220835165,0,1,1,DE,0.8107616540636646,0.949453276640307,FALSE,FALSE
Def_dec,era_def,anomaly,23,-0.025650650344387925,0.9075140893524407,-0.14574577203253436,0.5069781947240848,0,1,1,DE,0.9787315627321165,0.7547683512948383,FALSE,FALSE
Def_dec,geo_db,anomaly,23,0.09587147610549109,0.6634552253753625,0.2222771122371935,0.3080220169811823,1,1,1,DE,0.8718422141386646,0.5833015360942861,FALSE,FALSE
Def_dec,ips_acu,anomaly,23,0.22587360627565123,0.3000563251606172,0.044455422447438706,0.8403777220835157,1,1,1,DE,0.5626783752267457,0.949453276640307,FALSE,FALSE
Def_dec,ips_ami,anomaly,0,NA,NA,NA,NA,0,0,0,,NA,NA,TRUE,FALSE
Def_dec,ips_cem,anomaly,46,-0.029321966133890466,0.8466146237863433,-0.04718818979348549,0.7554877628663687,2,2,1,DE,0.9630162605581999,0.9027639288053841,FALSE,FALSE
Def_dec,ips_dup,anomaly,0,NA,NA,NA,NA,0,0,0,,NA,NA,TRUE,FALSE
Def_dec,ips_sex,anomaly,46,0.051748285059801544,0.7326941460329448,0.10358690861083311,0.49329835796178134,1,2,1,DE,0.9025422383033671,0.7426494841302561,FALSE,FALSE
Def_dec,ips_typ,anomaly,46,0.020450681273448387,0.8926908652587504,0.031038221094110773,0.8377539269027066,2,2,1,DE,0.9734668072557205,0.949453276640307,FALSE,FALSE
Def_dec,lym_dis,anomaly,46,-0.20541442484819697,0.1708422940611046,-0.13412044318308844,0.37419689803047806,0,2,1,DE,0.40241684492590746,0.6556965681335517,FALSE,FALSE
Def_dec,lym_mon,anomaly,46,-0.12411299161811214,0.4111943854888436,-0.0823900746929038,0.5862039589371013,1,2,1,DE,0.6592816647337791,0.8014002464604679,FALSE,FALSE
Def_dec,mel_spp,anomaly,46,-0.11305849079827777,0.4543993921626601,-0.09626895404392895,0.5244898418055512,0,2,1,DE,0.6994115444167665,0.76332712226466,FALSE,FALSE
Def_dec,neo_ser,anomaly,23,-0.1162538909021103,0.5973333324334086,-0.21121544079927404,0.33332482853312373,0,1,1,DE,0.8240031273982812,0.6154673417444626,FALSE,FALSE
Def_dec,ope_spp,anomaly,46,-9.12951371324264e-18,1,-0.004542458844643814,0.9760983817447235,0,2,1,DE,1,0.9905133367493923,FALSE,FALSE
Def_dec,pan_fla,anomaly,23,0.22678741280816186,0.2980528486447527,0.08891084489487741,0.6866369777417285,1,1,1,DE,0.5611092767049943,0.8691378586678196,FALSE,FALSE
Def_dec,pha_cya,anomaly,46,0.13287419602586145,0.3786926407328721,0.12062007872345487,0.4245846346976233,2,2,1,DE,0.6402501236995132,0.6971925820701818,FALSE,FALSE
Def_dec,pis_pin,anomaly,23,0.013829421493162731,0.9500629913564127,0.044455422447438706,0.8403777220835157,1,1,1,DE,0.98638412535406,0.949453276640307,FALSE,FALSE
Def_dec,pit_bid,anomaly,23,0.1819986626335654,0.40589750097705035,0.20004940101347418,0.36008664365013365,1,1,1,DE,0.6528292174399369,0.6430369433985823,FALSE,FALSE
Def_dec,pit_cha,anomaly,46,-0.10598372714801071,0.48329516544233697,-0.09336700654326004,0.5371232085692723,2,2,1,DE,0.7241899519556514,0.7723655106780867,FALSE,FALSE
Def_dec,pit_spp,anomaly,23,0.08392938583524885,0.7033980445853263,0.06668313367115805,0.7624207646435835,0,1,1,DE,0.891053608757435,0.9032620389004031,FALSE,FALSE
Def_dec,pol_pol,anomaly,0,NA,NA,NA,NA,0,0,0,,NA,NA,TRUE,FALSE
Def_dec,pri_abi,anomaly,46,-0.01689728153511007,0.9112540594033629,0.004794521957626867,0.974772485617128,1,2,1,DE,0.9794019792061184,0.9905133367493923,FALSE,FALSE
Def_dec,sap_car,anomaly,0,NA,NA,NA,NA,0,0,0,,NA,NA,TRUE,FALSE
Def_dec,sco_int,anomaly,46,0.02804896777026468,0.8531990509128117,0.005299208479482328,0.9721179519293317,1,2,1,DE,0.965620572915441,0.9905133367493923,FALSE,FALSE
Def_dec,sco_rat,anomaly,23,0.0793890263491628,0.7187924002600089,0.1333662673423161,0.5440806649124246,1,1,1,DE,0.89790449284574,0.7735337744312513,FALSE,FALSE
Def_dec,sco_sco,anomaly,23,0.03541375850492393,0.8725526440534094,0.07847849263290312,0.7218926087804767,0,1,1,DE,0.9734668072557205,0.8869229752832932,FALSE,FALSE
Def_dec,tet_gab,anomaly,46,0.012613023247094502,0.9336967556385762,0.014005050981489008,0.9263983188703782,1,2,1,DE,0.9861303675354863,0.9762504874158726,FALSE,FALSE
Def_dec,tet_spp,anomaly,46,-0.13661500617491146,0.36529423331715805,-0.2197909802680527,0.14218981118482402,0,2,1,DE,0.6275233079484036,0.36672010284128875,FALSE,FALSE
Def_dec,tha_pit,anomaly,0,NA,NA,NA,NA,0,0,0,,NA,NA,TRUE,FALSE
Def_dec,tha_pro,anomaly,23,0.10753594578086585,0.6252775408804262,0.1333662673423161,0.5440806649124246,1,1,1,DE,0.847207034263338,0.7735337744312513,FALSE,FALSE
Def_dec,tom_spp,anomaly,46,-0.11077547380719381,0.46361981204517533,-0.1360130176400464,0.36743084764431677,2,2,1,DE,0.707940093948347,0.6497582269004278,FALSE,FALSE
Def_dec,tor_vir,anomaly,23,-0.04625502763039444,0.8340015249049466,-0.1333662673423161,0.54408066491242435,1,1,1,DE,0.9585537239648252,0.7735337744312513,FALSE,FALSE
Def_dec,uro_sir_spp,anomaly,46,-0.1402302214835335,0.35262107383171204,-0.19662417239042004,0.19029831541376127,0,2,1,DE,0.6190172865439908,0.4358737605429484,FALSE,FALSE
Def_dec,xyl_lin,anomaly,46,-0.0776690770645014,0.6079119660373586,-0.08125453001872902,0.591393615337922,2,2,1,DE,0.8330645460511952,0.8058366259986982,FALSE,FALSE
Def_dec,xyl_spp,anomaly,46,0.009412435917109276,0.9504969690262096,-0.0058038950013377865,0.9694637164072588,1,2,1,DE,0.98638412535406,0.9905133367493923,FALSE,FALSE
Def_dec,zei_gri,anomaly,23,-0.19945998088079495,0.36153309740982975,-0.20024737177049315,0.3596015740611561,0,1,1,DE,0.62501522045599,0.6430369433985823,FALSE,FALSE
Def_dec&DB,agr_big,anomaly,161,0.1929404632096448,0.014200532694286243,0.2275448585231194,0.0036972099177985905,43,7,1,DE,0.06536321747322185,0.022637795007389994,FALSE,FALSE
Def_dec&DB,agr_vir,anomaly,138,0.0992337866030503,0.2468679909366023,0.09675813776145062,0.25891342579921695,20,6,1,DE,0.5107247468408848,0.5277006686839972,FALSE,FALSE
Def_dec&DB,bup_pin,anomaly,115,0.31372819151160813,6.396261955062097e-4,0.23760751203345698,0.010559427163405874,16,5,1,DE,0.0052591487186066125,0.05290712984998151,FALSE,FALSE
Def_dec&DB,cep_spp,anomaly,161,-0.1396443899941075,0.07727018461816347,-0.13856395215090866,0.07961125848489857,74,7,1,CZ,0.2337544578700417,0.24865594370932606,FALSE,FALSE
Def_dec&DB,clo_ana,anomaly,0,NA,NA,NA,NA,0,0,0,,NA,NA,TRUE,FALSE
Def_dec&DB,den_mic,anomaly,23,0.18521554826543662,0.39750618612952127,-0.070964737611895,0.74763332725662,1,1,1,CZ,0.6497800021350626,0.9012822817304117,FALSE,FALSE
Def_dec&DB,den_pin,anomaly,69,-0.06771424528629427,0.5803756287324955,-0.004640116916331751,0.9698154535385418,5,3,1,DE,0.8091613838270444,0.9905133367493923,FALSE,FALSE
Def_dec&DB,dip_sp,anomaly,222,0.07070381776252063,0.29425670906842183,0.11204839561473695,0.09585152962236154,47,10,2,"AT,DE",0.556139399064483,0.27942173180821755,FALSE,FALSE
Def_dec&DB,era_def,anomaly,138,-0.47278623033362566,4.764101643609118e-9,-0.348726777910626,2.7686033708361652e-5,0,6,1,DE,2.0488815111466255e-7,4.295800714103856e-4,FALSE,FALSE
Def_dec&DB,geo_db,anomaly,115,-0.046597522247154924,0.6209442053513066,0.15192140771719406,0.10506040981275451,0,5,1,DE,0.8425223209421112,0.2981360302061057,FALSE,FALSE
Def_dec&DB,ips_acu,anomaly,299,0.06655500976167975,0.25125942725424466,0.061381338241565844,0.29008524008801334,103,13,2,"CZ,DE",0.5134470485403243,0.5656537855026781,FALSE,FALSE
Def_dec&DB,ips_ami,anomaly,23,-0.04097756985519248,0.8527273366460412,-0.004266628437847128,0.984585080050709,0,1,1,DE,0.965620572915441,0.9938833651718594,FALSE,FALSE
Def_dec&DB,ips_cem,anomaly,161,0.14209879872884892,0.07215824899119906,0.1322061191626409,0.09456709059725406,60,7,1,DE,0.2237614865280595,0.27788971985284744,FALSE,FALSE
Def_dec&DB,ips_dup,anomaly,184,0.07316051201733129,0.3236633323996061,0.036707056307911615,0.6208173469097458,96,8,1,CZ,0.593699296561105,0.8203657798450211,FALSE,FALSE
Def_dec&DB,ips_sex,anomaly,322,0.027951542688959045,0.61727255152376,0.014056011801674052,0.8016149265642989,101,14,2,"CZ,DE",0.8422924745614995,0.9316201905361897,FALSE,FALSE
Def_dec&DB,ips_typ,anomaly,471,-0.05250444876781934,0.25543949911340297,-0.07986555984573722,0.08337223466749248,244,21,3,"AT,CZ,DE",0.5184236247828979,0.2530097468458289,FALSE,FALSE
Def_dec&DB,lym_dis,anomaly,381,0.14287759078724396,0.005205338401166108,0.1917084738477747,1.667620972713575e-4,79,17,3,"AT,CZ,DE",0.029985242765998774,0.0018654085764540226,FALSE,FALSE
Def_dec&DB,lym_mon,anomaly,253,0.04914680736460121,0.4363761422633078,0.02372402897616632,0.7072603925271734,71,11,2,"CZ,DE",0.688186637470987,0.8821510768796061,FALSE,FALSE
Def_dec&DB,mel_spp,anomaly,161,0.07597890234912245,0.3380940858035034,0.09157177363699102,0.24797121545336934,40,7,1,DE,0.6068031913115117,0.5097186095430369,FALSE,FALSE
Def_dec&DB,neo_ser,anomaly,69,-0.14147658770709526,0.24622519453408223,-0.35751281210902397,0.0025628261739405935,2,3,2,"CZ,DE",0.510492752460748,0.016327409134641396,FALSE,FALSE
Def_dec&DB,ope_spp,anomaly,115,-0.26178887641902426,0.00471086379882544,-0.30154956946911404,0.0010565583481270022,2,5,1,DE,0.028502207386604233,0.00813127304718541,FALSE,FALSE
Def_dec&DB,pan_fla,anomaly,92,0.18148528207110967,0.08338866230307923,0.16862660481173802,0.10809289593332677,9,4,2,"CZ,DE",0.24759226276408092,0.3031756301875419,FALSE,FALSE
Def_dec&DB,pha_cya,anomaly,450,0.07828063348173715,0.09721453582784301,0.06027045401047249,0.20190825096205317,185,20,3,"AT,CZ,DE",0.27668752504847627,0.45092690608633945,FALSE,FALSE
Def_dec&DB,pis_pin,anomaly,115,0.28771212244629035,0.0018216588395552687,0.3669770377968911,5.4816690768902336e-5,14,5,1,DE,0.01251739859751549,7.870695002937917e-4,FALSE,FALSE
Def_dec&DB,pit_bid,anomaly,69,0.008325206409358698,0.9458714949069181,0.1667153818048959,0.170953698273197,5,3,1,DE,0.98638412535406,0.4080830216844058,FALSE,FALSE
Def_dec&DB,pit_cha,anomaly,287,0.07263300636783174,0.2199233211123954,0.09504672157111181,0.10809692427684706,126,13,2,"AT,DE",0.4795721719898321,0.3031756301875419,FALSE,FALSE
Def_dec&DB,pit_spp,anomaly,337,-0.07430782590517068,0.1735376833176807,-0.07745453017651145,0.1559791504254277,153,15,3,"AT,CZ,DE",0.4071786618331923,0.38707510057173294,FALSE,FALSE
Def_dec&DB,pol_pol,anomaly,184,-0.034975316325477734,0.6373983923393493,-0.014682822523164645,0.8431852168744352,90,8,1,CZ,0.85427731557585,0.949453276640307,FALSE,FALSE
Def_dec&DB,pri_abi,anomaly,276,0.12026570945338196,0.04591355022865067,0.142716570825188,0.017673828217011658,86,12,2,"CZ,DE",0.16298463217698134,0.07835125688831897,FALSE,FALSE
Def_dec&DB,sap_car,anomaly,0,NA,NA,NA,NA,0,0,0,,NA,NA,TRUE,FALSE
Def_dec&DB,sco_int,anomaly,299,0.05578285561423956,0.3364093104875634,0.10055980786065408,0.0825707171384801,76,13,2,"CZ,DE",0.6064733866181594,0.25286040361076034,FALSE,FALSE
Def_dec&DB,sco_rat,anomaly,230,0.05724686650181605,0.38749429717108874,0.1628078775221361,0.013429655309753938,55,10,2,"CZ,DE",0.6477475091898975,0.06427526571135964,FALSE,FALSE
Def_dec&DB,sco_sco,anomaly,69,0.13646300587610935,0.26353358449365927,0.17184922204528263,0.15796863565225175,4,3,1,DE,0.5226887533577416,0.38929086630670096,FALSE,FALSE
Def_dec&DB,tet_gab,anomaly,312,0.022425458103824875,0.6931585810113228,0.03835564802968725,0.4996599341147716,101,14,3,"AT,CZ,DE",0.8879650655720437,0.7476216701613445,FALSE,FALSE
Def_dec&DB,tet_spp,anomaly,138,0.15034808460237473,0.07838336367385336,0.20635906381210484,0.015169100888827877,45,6,1,DE,0.23621609450433734,0.07015709161082893,FALSE,FALSE
Def_dec&DB,tha_pit,anomaly,23,0.6912907041099254,2.5930059085036366e-4,0.8033596837944664,3.920261428213202e-6,6,1,1,DE,0.00262713172895279,7.85685727904396e-5,FALSE,FALSE
Def_dec&DB,tha_pro,anomaly,138,0.1583152394179912,0.06365617581676218,0.128010064179694,0.13458528905749367,47,6,1,DE,0.20549409777088998,0.3547681770017519,FALSE,FALSE
Def_dec&DB,tom_spp,anomaly,471,0.04333514479535955,0.348026382414222,0.035023922675664565,0.4482589429309025,236,21,3,"AT,CZ,DE",0.6154437130192676,0.715132840961075,FALSE,FALSE
Def_dec&DB,tor_vir,anomaly,138,-0.4090624076099985,6.312506216704626e-7,-0.33898796545118703,4.760680839115669e-5,0,6,1,DE,1.598060784334171e-5,7.155898386295741e-4,FALSE,FALSE
Def_dec&DB,uro_sir_spp,anomaly,69,0.1549511510253831,0.20362160513962893,0.1548910589849035,0.2037991406008179,11,3,1,DE,0.45030800952717936,0.45092690608633945,FALSE,FALSE
Def_dec&DB,xyl_lin,anomaly,138,-0.018327512319817947,0.8310468900017546,-0.011486589845863707,0.8936288086680511,34,6,1,DE,0.9563003686383827,0.9637566299760819,FALSE,FALSE
Def_dec&DB,xyl_spp,anomaly,161,0.13580126093502698,0.08585774860899603,0.08769266160570507,0.26865829173553013,26,7,1,DE,0.25413893588262826,0.5406888632836401,FALSE,FALSE
Def_dec&DB,zei_gri,anomaly,184,0.02163061807244473,0.7707098263557243,-0.00852048345127787,0.9086100657427372,55,8,2,"CZ,DE",0.9267730582418938,0.9700076052339917,FALSE,FALSE
agr_big,agr_vir,anomaly,207,0.33162141450420557,1.0547345065971915e-6,0.20007901202498082,0.0038464306411959788,56,9,1,DE,2.4747673057231665e-5,0.023086985669213436,FALSE,FALSE
agr_big,bup_pin,anomaly,464,0.12892119586338108,0.005416305818491363,0.13986983377258627,0.0025309351310038317,135,22,2,"DE,PL",0.0308312792744893,0.01623173064017124,FALSE,FALSE
agr_big,cep_spp,anomaly,0,NA,NA,NA,NA,0,0,0,,NA,NA,TRUE,FALSE
agr_big,clo_ana,anomaly,0,NA,NA,NA,NA,0,0,0,,NA,NA,TRUE,FALSE
agr_big,den_mic,anomaly,23,-0.06790179828938255,0.7582034108481571,-0.2972027472634919,0.1684493208706585,1,1,1,DE,0.91747381287538,0.4041103408418291,FALSE,FALSE
agr_big,den_pin,anomaly,395,0.10925446319457996,0.029930366384001563,0.12031430412847877,0.016742348953471282,163,19,2,"DE,PL",0.11848976321567697,0.07561567931098297,FALSE,FALSE
agr_big,dip_sp,anomaly,527,0.11704764872379769,0.007147916569693583,0.1155845742634634,0.007906853106996476,250,25,2,"DE,PL",0.038227925865317126,0.0408945843490893,FALSE,FALSE
agr_big,era_def,anomaly,230,0.07487165963333885,0.25810291711057276,0.15663157866687608,0.017445367448566142,33,10,1,DE,0.5197134286831501,0.07805787667684014,FALSE,FALSE
agr_big,geo_db,anomaly,501,0.07747994104535572,0.08318297530654603,0.11873740964286567,0.007802890423364013,236,24,2,"DE,PL",0.24759226276408092,0.04069935348306565,FALSE,FALSE
agr_big,ips_acu,anomaly,481,0.1262151501580865,0.00557121041874291,9.928097583699242e-4,0.9826734076507561,130,23,2,"DE,PL",0.03134213112766479,0.992995607310953,FALSE,FALSE
agr_big,ips_ami,anomaly,46,0.3008706814354196,0.042174739817844906,0.351513621978239,0.01659904191481552,7,2,1,DE,0.15431768064507087,0.07532206755685157,FALSE,FALSE
agr_big,ips_cem,anomaly,253,0.31487883988062465,3.148391421699957e-7,0.3077824264061854,5.942729307978569e-7,136,11,1,DE,8.41320152132044e-6,1.4658732293013804e-5,FALSE,FALSE
agr_big,ips_dup,anomaly,0,NA,NA,NA,NA,0,0,0,,NA,NA,TRUE,FALSE
agr_big,ips_sex,anomaly,184,0.1732738806903379,0.018662508614019163,0.10929668085762169,0.13970324921998148,57,8,1,DE,0.08014880931556444,0.36127560685382304,FALSE,FALSE
agr_big,ips_typ,anomaly,593,0.2483365137921285,8.736850950359565e-10,0.2179326536409167,8.305148089213859e-8,479,28,2,"DE,PL",4.423605586445211e-8,2.4210765035829492e-6,FALSE,FALSE
agr_big,lym_dis,anomaly,207,0.19476885370034328,0.00491962967694518,0.14866437207087274,0.03252893715574138,65,9,1,DE,0.028823793509081153,0.12618079654767422,FALSE,FALSE
agr_big,lym_mon,anomaly,504,0.02547567775122825,0.568270772039286,0.03488612719273354,0.4345173827027504,281,24,2,"DE,PL",0.7969044937343923,0.7044727567432312,FALSE,FALSE
agr_big,mel_spp,anomaly,547,0.10062218729803193,0.01857519683171551,0.13032922454585408,0.0022565606735924213,369,26,2,"DE,PL",0.08013156660139156,0.014767424272081015,FALSE,FALSE
agr_big,neo_ser,anomaly,46,0.12777475940564803,0.3974202776904594,0.0735783891864424,0.6269963410672401,5,2,1,DE,0.6497800021350626,0.8251306157410192,FALSE,FALSE
agr_big,ope_spp,anomaly,207,0.10485239083557381,0.13269065276581277,0.16481045841353567,0.017639405792223253,31,9,1,DE,0.3449956971911132,0.07835125688831897,FALSE,FALSE
agr_big,pan_fla,anomaly,438,0.028568614052531985,0.550968185277962,0.054538246492797794,0.254708540933907,168,21,2,"DE,PL",0.7828222356771997,0.5202327311643705,FALSE,FALSE
agr_big,pha_cya,anomaly,593,0.326682826382897,3.25467214999087e-16,0.32327743963494393,6.83148425950744e-16,425,28,2,"DE,PL",3.9137432603640214e-14,8.214859822057697e-14,FALSE,FALSE
agr_big,pis_pin,anomaly,161,0.40422006732041954,1.0507456769593763e-7,0.4222481021394065,2.4172152298295618e-8,44,7,1,DE,3.0630828522270307e-6,7.532000781706397e-7,FALSE,FALSE
agr_big,pit_bid,anomaly,115,0.2944176027839035,0.0014037102767863487,0.2900733843604514,0.0016630960166294357,45,5,1,DE,0.010077382733346772,0.01140937167390916,FALSE,FALSE
agr_big,pit_cha,anomaly,253,0.2710736157842711,1.2284206396579194e-5,0.31347119159512177,3.5759315164421833e-7,134,11,1,DE,2.037483888536066e-4,9.297421942749677e-6,FALSE,FALSE
agr_big,pit_spp,anomaly,92,-0.015994789242274255,0.8797164492845749,-0.08707982060015719,0.40915030347945824,58,4,1,DE,0.9734668072557205,0.683337833241734,FALSE,FALSE
agr_big,pol_pol,anomaly,0,NA,NA,NA,NA,0,0,0,,NA,NA,TRUE,FALSE
agr_big,pri_abi,anomaly,184,0.04488547445869386,0.5451710248031485,0.025117990406657544,0.7350252391550279,31,8,1,DE,0.7794468473208224,0.897327766582661,FALSE,FALSE
agr_big,sap_car,anomaly,0,NA,NA,NA,NA,0,0,0,,NA,NA,TRUE,FALSE
agr_big,sco_int,anomaly,184,0.34152549497726237,2.0897264798570323e-6,0.29148735335478027,5.956949643419605e-5,58,8,1,DE,4.4673708302721445e-5,8.305196459376319e-4,FALSE,FALSE
agr_big,sco_rat,anomaly,69,0.5309023239202235,2.694776929239545e-6,0.6024113993423457,4.3442579635537756e-8,32,3,1,DE,5.5156923530392384e-5,1.3059925502933537e-6,FALSE,FALSE
agr_big,sco_sco,anomaly,115,0.21537128893488156,0.02080160246585969,0.20994781664164536,0.024321938786572118,24,5,1,DE,0.08662831849418624,0.09999019278924091,FALSE,FALSE
agr_big,tet_gab,anomaly,207,0.21238532432616866,0.002124043567366109,0.19113198255241312,0.005802510196195858,68,9,1,DE,0.0141897910542097,0.03189722747851666,FALSE,FALSE
agr_big,tet_spp,anomaly,184,0.06837982010067832,0.3563679303113515,0.16480322089730498,0.025379705203571294,57,8,1,DE,0.6212520228993552,0.10221427086987192,FALSE,FALSE
agr_big,tha_pit,anomaly,23,0.5795668056497473,0.00375120089568407,0.6037549407114625,0.0022847038296714087,10,1,1,DE,0.023432826374338155,0.014850574892864156,FALSE,FALSE
agr_big,tha_pro,anomaly,230,0.09055792948185115,0.17108990600280266,0.05745501887518215,0.3857679363501747,87,10,1,DE,0.40241684492590746,0.665069452990803,FALSE,FALSE
agr_big,tom_spp,anomaly,533,0.233725071952734,4.785983124222364e-8,0.25757274966386,1.5927472407088589e-9,263,25,2,"DE,PL",1.4851986340328754e-6,6.66183845896488e-8,FALSE,FALSE
agr_big,tor_vir,anomaly,570,0.08536637918379944,0.04161592679596189,0.08010641687675896,0.055954645966796744,265,27,2,"DE,PL",0.153978929145059,0.1908807426243208,FALSE,FALSE
agr_big,uro_sir_spp,anomaly,92,0.22394737402193512,0.031873400245879355,0.05942981104168838,0.573615592301282,6,4,1,DE,0.12468503261045169,0.7928422410830938,FALSE,FALSE
agr_big,xyl_lin,anomaly,230,0.04957011027923417,0.454380503821724,0.05758520955027505,0.3846905455078591,103,10,1,DE,0.6994115444167665,0.665069452990803,FALSE,FALSE
agr_big,xyl_spp,anomaly,253,0.0852122690137859,0.17665347758145283,0.06499508707656602,0.30311330115066604,93,11,1,DE,0.4109388431241839,0.5785614994185332,FALSE,FALSE
agr_big,zei_gri,anomaly,23,-0.005466199135774032,0.9802518760944119,0.11177057890925157,0.6116385024236434,2,1,1,DE,0.9992699968552277,0.8183536012956119,FALSE,FALSE
agr_vir,bup_pin,anomaly,138,0.09805573687825081,0.2525505680198769,0.08520533620707368,0.32039819136187203,5,6,1,DE,0.5136440728015256,0.5982142663294551,FALSE,FALSE
agr_vir,cep_spp,anomaly,0,NA,NA,NA,NA,0,0,0,,NA,NA,TRUE,FALSE
agr_vir,clo_ana,anomaly,0,NA,NA,NA,NA,0,0,0,,NA,NA,TRUE,FALSE
agr_vir,den_mic,anomaly,23,0.46285670928406475,0.026144773652182107,-0.1340445043780239,0.5420160540653801,1,1,1,DE,0.10479696772249662,0.7735337744312513,FALSE,FALSE
agr_vir,den_pin,anomaly,92,0.015019603600368912,0.887000031702118,-0.17825932832945451,0.08911755329403427,4,4,1,DE,0.9734668072557205,0.2660951243612305,FALSE,FALSE
agr_vir,dip_sp,anomaly,184,0.03601807195239929,0.6273919811175541,-0.02443919074261758,0.7419294466729764,13,8,1,DE,0.8476841093189426,0.9000455582590207,FALSE,FALSE
agr_vir,era_def,anomaly,184,0.12987455214460447,0.07889254154776663,0.03352812264228192,0.6513948463587367,14,8,1,DE,0.23643185348583023,0.841753782300808,FALSE,FALSE
agr_vir,geo_db,anomaly,161,-0.1592776872120035,0.04357433921257806,-0.19536749482401658,0.013006152811561943,10,7,1,DE,0.1581830729150947,0.06255959502361294,FALSE,FALSE
agr_vir,ips_acu,anomaly,138,0.40243732586009073,9.927144636862152e-7,0.33730755795236866,5.217992676411708e-5,16,6,1,DE,2.3874782851653476e-5,7.60561962834555e-4,FALSE,FALSE
agr_vir,ips_ami,anomaly,46,-0.006283194520040653,0.9669432974781269,-0.05437849171724811,0.7196484249318882,1,2,1,DE,0.9927422114983545,0.8854782766643153,FALSE,FALSE
agr_vir,ips_cem,anomaly,207,0.2515308280070094,2.562426112061374e-4,0.19828094727841458,0.004183516915039706,53,9,1,DE,0.00262713172895279,0.024391171347079982,FALSE,FALSE
agr_vir,ips_dup,anomaly,0,NA,NA,NA,NA,0,0,0,,NA,NA,TRUE,FALSE
agr_vir,ips_sex,anomaly,138,0.24590820535799007,0.0036459697391234072,0.24929164887702654,0.0031924305696058508,15,6,1,DE,0.023075150585767878,0.019813665857811795,FALSE,FALSE
agr_vir,ips_typ,anomaly,207,0.1776987501180382,0.010419800476854545,0.10055227240748559,0.14941779170953873,52,9,1,DE,0.05136027702684248,0.377270119749544,FALSE,FALSE
agr_vir,lym_dis,anomaly,161,0.2787909495151251,3.4206270765950203e-4,0.3100902921555096,6.252425772531953e-5,43,7,1,DE,0.003323882068368091,8.592619418822484e-4,FALSE,FALSE
agr_vir,lym_mon,anomaly,138,-0.026657691065684063,0.7562844158572639,-0.05200815545595893,0.5446406258173964,8,6,1,DE,0.9163042922603122,0.7735337744312513,FALSE,FALSE
agr_vir,mel_spp,anomaly,161,0.18854726064956467,0.01660769174214274,0.19990510697032435,0.011007399447984416,37,7,1,DE,0.07430976491135496,0.05458308386062376,FALSE,FALSE
agr_vir,neo_ser,anomaly,23,0.2353435527567059,0.27969684538817863,0.38398815108502266,0.07046369570223796,2,1,1,DE,0.5381453928986336,0.23056488185562216,FALSE,FALSE
agr_vir,ope_spp,anomaly,161,0.1528275825878945,0.05293632543900377,0.1432935092140329,0.06977113940128919,16,7,1,DE,0.18122685079118017,0.2290779389216389,FALSE,FALSE
agr_vir,pan_fla,anomaly,115,-0.011599509447898537,0.9020784907276904,0.06974670559457115,0.4588863299458935,4,5,1,DE,0.9761524275366008,0.7201446156736534,FALSE,FALSE
agr_vir,pha_cya,anomaly,207,0.3794658619130994,1.7120868248811884e-8,0.3960193633579029,3.494748375215332e-9,54,9,1,DE,5.882241162627511e-7,1.3447791747828598e-7,FALSE,FALSE
agr_vir,pis_pin,anomaly,138,0.09069198672282153,0.29010983861024797,0.18890200438823804,0.026491583253583258,12,6,1,DE,0.5504648219784192,0.10574648585040287,FALSE,FALSE
agr_vir,pit_bid,anomaly,92,0.34178915012173816,8.544564876155581e-4,0.341923153984865,8.501892062353029e-4,14,4,1,DE,0.00648807389964581,0.006872958120994634,FALSE,FALSE
agr_vir,pit_cha,anomaly,207,0.1399503250857518,0.04429899378188673,0.17123556407009344,0.013625773153252762,50,9,1,DE,0.15928534185119061,0.06489105828430275,FALSE,FALSE
agr_vir,pit_spp,anomaly,69,0.06663244294128964,0.58645237694330965,0.10946291560102304,0.3705997350057426,35,3,1,DE,0.8129210181836655,0.6523988740972133,FALSE,FALSE
agr_vir,pol_pol,anomaly,0,NA,NA,NA,NA,0,0,0,,NA,NA,TRUE,FALSE
agr_vir,pri_abi,anomaly,138,-0.010834130850596944,0.8996383169908246,-0.049948743004961306,0.5607074513837407,11,6,1,DE,0.97460817674006,0.7860957894948747,FALSE,FALSE
agr_vir,sap_car,anomaly,0,NA,NA,NA,NA,0,0,0,,NA,NA,TRUE,FALSE
agr_vir,sco_int,anomaly,138,0.22293661903029585,0.00858244131321458,0.23551961350627523,0.005422641721393544,20,6,1,DE,0.0443887556092066,0.030153649340928262,FALSE,FALSE
agr_vir,sco_rat,anomaly,46,0.19301152878412017,0.1987344356340313,-0.019426456984273817,0.8980361014113273,6,2,1,DE,0.44255214601837517,0.9674252290679695,FALSE,FALSE
agr_vir,sco_sco,anomaly,92,0.07740053606862904,0.46334471613354355,-0.0041327417813105585,0.9688122202987894,5,4,1,DE,0.707940093948347,0.9905133367493923,FALSE,FALSE
agr_vir,tet_gab,anomaly,161,0.21108040226121846,0.0071925723301688145,0.142750747642052,0.0708475305136646,29,7,1,DE,0.038227925865317126,0.23070751317521646,FALSE,FALSE
agr_vir,tet_spp,anomaly,161,0.13694253089971328,0.08323134975587405,0.13144122383252818,0.09650760871700875,28,7,1,DE,0.24759226276408092,0.2804843492016992,FALSE,FALSE
agr_vir,tha_pit,anomaly,23,0.5313339141218938,0.009080294749770854,0,1,4,1,1,DE,0.04573425942031184,1,FALSE,FALSE
agr_vir,tha_pro,anomaly,184,0.13703163228420426,0.06361337138909995,0.2051491976652347,0.0052126415966949145,42,8,1,DE,0.20549409777088998,0.029309383475598996,FALSE,FALSE
agr_vir,tom_spp,anomaly,207,0.20357189187931987,0.003260752431842822,0.1452941844984901,0.03672050079115488,47,9,1,DE,0.020773800261144337,0.1405436883946258,FALSE,FALSE
agr_vir,tor_vir,anomaly,207,-0.011327915104073645,0.8713069656877901,-0.09843355954584322,0.15822528973588365,27,9,1,DE,0.9734668072557205,0.38929086630670096,FALSE,FALSE
agr_vir,uro_sir_spp,anomaly,69,0.07897885098927453,0.5188810642711534,0.029597535058147655,0.8092319724876214,1,3,1,DE,0.751190519163805,0.9334152768313039,FALSE,FALSE
agr_vir,xyl_lin,anomaly,184,-0.2767925559352295,1.4261146137514122e-4,-0.34492689410722194,1.6274980516488002e-6,32,8,1,DE,0.0016332407838438793,3.727745537347966e-5,FALSE,FALSE
agr_vir,xyl_spp,anomaly,207,-0.2220099614646706,0.0013042529641841695,-0.23292853199987015,7.313653965412584e-4,30,9,1,DE,0.00950523751170584,0.006171697469058689,FALSE,FALSE
agr_vir,zei_gri,anomaly,23,0.079396921892454,0.7187655359749507,0.23639971999390375,0.27748150129721066,0,1,1,DE,0.89790449284574,0.5515231492725551,FALSE,FALSE
bup_pin,cep_spp,anomaly,0,NA,NA,NA,NA,0,0,0,,NA,NA,TRUE,FALSE
bup_pin,clo_ana,anomaly,0,NA,NA,NA,NA,0,0,0,,NA,NA,TRUE,FALSE
bup_pin,den_mic,anomaly,0,NA,NA,NA,NA,0,0,0,,NA,NA,TRUE,FALSE
bup_pin,den_pin,anomaly,375,0.17145503896847253,8.565336645062556e-4,0.15801160541586076,0.0021479941957097634,88,18,2,"DE,PL",0.00648807389964581,0.014250830457053741,FALSE,FALSE
bup_pin,dip_sp,anomaly,441,0.15959695457220044,7.69307258526254e-4,0.20207215753434243,1.9057313214032236e-5,119,21,2,"DE,PL",0.006016858395953304,3.0054320183441e-4,FALSE,FALSE
bup_pin,era_def,anomaly,161,-0.15035345783004817,0.05694366883660827,0.013460473944163538,0.8654260715008225,12,7,1,DE,0.18990456970735436,0.9580916653207999,FALSE,FALSE
bup_pin,geo_db,anomaly,395,0.09505329230592009,0.059101803081335454,0.0878661315980599,0.08113377280171119,93,19,2,"DE,PL",0.19471210467207092,0.25096684705866934,FALSE,FALSE
bup_pin,ips_acu,anomaly,375,0.1057275625657981,0.0407259906317423,0.012742519057913302,0.8057255701934614,30,18,2,"DE,PL",0.1530406366708441,0.9316201905361897,FALSE,FALSE
bup_pin,ips_ami,anomaly,23,-0.16853699625436697,0.4420571001567021,-0.1845316799368883,0.39928190912594963,2,1,1,DE,0.6926041210924225,0.6762485855266964,FALSE,FALSE
bup_pin,ips_cem,anomaly,184,0.17148559630402746,0.019935458299327576,0.14102983953304693,0.05619248369804195,52,8,1,DE,0.0841136442278646,0.19101473257072918,FALSE,FALSE
bup_pin,ips_dup,anomaly,0,NA,NA,NA,NA,0,0,0,,NA,NA,TRUE,FALSE
bup_pin,ips_sex,anomaly,138,0.23563421362428705,0.00539942845123585,0.10717849078401512,0.21085519212049272,34,6,1,DE,0.0308312792744893,0.4631111753879315,FALSE,FALSE
bup_pin,ips_typ,anomaly,464,0.1009308933947239,0.029719601255202475,0.05684249598185648,0.2216658535869291,159,22,2,"DE,PL",0.11814155540291231,0.4791967441587097,FALSE,FALSE
bup_pin,lym_dis,anomaly,161,0.16042168720078953,0.04206789975436416,0.12973027375201288,0.10096245718924195,22,7,1,DE,0.15431768064507087,0.2899280113911963,FALSE,FALSE
bup_pin,lym_mon,anomaly,464,0.15665283610642625,7.085928923999006e-4,0.15493382536906133,8.121614778582336e-4,131,22,2,"DE,PL",0.00563360630155954,0.006677772151278809,FALSE,FALSE
bup_pin,mel_spp,anomaly,441,0.11688340810554995,0.014048974221946965,0.1548476733350683,0.001105239091701204,118,21,2,"DE,PL",0.06497650577650471,0.008242170590826032,FALSE,FALSE
bup_pin,neo_ser,anomaly,46,-0.23913352651317754,0.1094730114319245,-0.20346614075949163,0.17502514848519363,3,2,1,DE,0.30683625761836913,0.4144879407714818,FALSE,FALSE
bup_pin,ope_spp,anomaly,138,-0.03999376839202289,0.6414063762705273,0.01586631110033237,0.8534618282126297,13,6,1,DE,0.8569901860725656,0.9545996674340143,FALSE,FALSE
bup_pin,pan_fla,anomaly,418,0.32228446866460003,1.4750069369771013e-11,0.27356227863286103,1.307753481267797e-8,92,20,2,"DE,PL",7.883092629844285e-10,4.659477218443039e-7,FALSE,FALSE
bup_pin,pha_cya,anomaly,464,0.11084041604834001,0.016917334932299143,0.10172834226654524,0.028446594012250387,156,22,2,"DE,PL",0.07453641014388133,0.11261573432010236,FALSE,FALSE
bup_pin,pis_pin,anomaly,138,0.2542431423574157,0.002620045321910652,0.23864297961820957,0.004820870082008766,31,6,1,DE,0.017030294592419237,0.027280453052308428,FALSE,FALSE
bup_pin,pit_bid,anomaly,92,0.018713921509468896,0.859462120863921,-0.06915524867839032,0.5124487959277636,26,4,1,DE,0.9681528808794988,0.7556531039707036,FALSE,FALSE
bup_pin,pit_cha,anomaly,184,0.1662629698584991,0.024092281672763,0.0972433588256824,0.18911611473382584,55,8,1,DE,0.09820667359829664,0.4352385224256949,FALSE,FALSE
bup_pin,pit_spp,anomaly,46,-0.005578980430831058,0.9706465431971493,0.0322540857230959,0.831488582846756,4,2,1,DE,0.9936902010633442,0.9466177712409222,FALSE,FALSE
bup_pin,pol_pol,anomaly,0,NA,NA,NA,NA,0,0,0,,NA,NA,TRUE,FALSE
bup_pin,pri_abi,anomaly,161,0.06678225045212864,0.399950670186381,0.05945479641131815,0.4537476849094204,18,7,1,DE,0.6497800021350626,0.717960112661591,FALSE,FALSE
bup_pin,sap_car,anomaly,0,NA,NA,NA,NA,0,0,0,,NA,NA,TRUE,FALSE
bup_pin,sco_int,anomaly,115,0.11327495137148205,0.22806736463920765,0.0824429890317999,0.38106442786745087,20,5,1,DE,0.4886432177793269,0.6629005056211351,FALSE,FALSE
bup_pin,sco_rat,anomaly,69,0.09162273991430481,0.4540087366674599,0.14947022287175743,0.22027005099665425,17,3,1,DE,0.6994115444167665,0.4772517771594175,FALSE,FALSE
bup_pin,sco_sco,anomaly,69,-0.06079191358226157,0.6197465503032132,-0.03536458772457721,0.7729763489496463,13,3,1,DE,0.8423034463983048,0.9134959844889234,FALSE,FALSE
bup_pin,tet_gab,anomaly,138,0.33484218875824695,5.9639245253541735e-5,0.26427832662464124,0.0017349509669826622,27,6,1,DE,7.549072886040414e-4,0.011753681903079726,FALSE,FALSE
bup_pin,tet_spp,anomaly,115,0.06397185973672523,0.4969961657059955,0.10126252663142114,0.2815573738752803,14,5,1,DE,0.7378245546437772,0.556176989051375,FALSE,FALSE
bup_pin,tha_pit,anomaly,23,-0.4931266980802371,0.016804565241238866,-0.5,0.015117916451873041,3,1,1,DE,0.07453641014388133,0.07015709161082893,FALSE,FALSE
bup_pin,tha_pro,anomaly,161,0.18293768798397453,0.020191543256409688,0.10739878076834598,0.17508482251873855,27,7,1,DE,0.08445332440289618,0.4144879407714818,FALSE,FALSE
bup_pin,tom_spp,anomaly,404,0.0696550222773856,0.16229080747943267,0.006706582467381618,0.8930985579204217,106,19,2,"DE,PL",0.3912876110155745,0.9637566299760819,FALSE,FALSE
bup_pin,tor_vir,anomaly,441,0.03317541907395925,0.48711935604156753,0.04709156389828659,0.32380759114945523,93,21,2,"DE,PL",0.7276383121787108,0.6001982710708592,FALSE,FALSE
bup_pin,uro_sir_spp,anomaly,46,0.19310918142277236,0.1985029863554217,0.25943454655107295,0.08166685462544439,4,2,1,DE,0.44255214601837517,0.25137863910355523,FALSE,FALSE
bup_pin,xyl_lin,anomaly,161,0.1941507890685994,0.013593436113356424,0.16427996319300667,0.03730534221661942,44,7,1,DE,0.06317336010168541,0.14080853523034875,FALSE,FALSE
bup_pin,xyl_spp,anomaly,184,0.20637666813364686,0.004943789946983774,0.1954942112461713,0.007826798746743394,45,8,1,DE,0.028823793509081153,0.04069935348306565,FALSE,FALSE
bup_pin,zei_gri,anomaly,23,-0.12454896903754606,0.5712455856447101,-0.18595459145963975,0.395592166051586,1,1,1,DE,0.7999101213831311,0.6735569269763286,FALSE,FALSE
cep_spp,clo_ana,anomaly,0,NA,NA,NA,NA,0,0,0,,NA,NA,TRUE,FALSE
cep_spp,den_mic,anomaly,23,-0.21414966357968376,0.3264952246639936,-0.2274510820894071,0.2966029883386303,0,1,1,CZ,0.5971262473892811,0.5718077650937121,FALSE,FALSE
cep_spp,den_pin,anomaly,0,NA,NA,NA,NA,0,0,0,,NA,NA,TRUE,FALSE
cep_spp,dip_sp,anomaly,0,NA,NA,NA,NA,0,0,0,,NA,NA,TRUE,FALSE
cep_spp,era_def,anomaly,0,NA,NA,NA,NA,0,0,0,,NA,NA,TRUE,FALSE
cep_spp,geo_db,anomaly,0,NA,NA,NA,NA,0,0,0,,NA,NA,TRUE,FALSE
cep_spp,ips_acu,anomaly,161,0.06650830067615235,0.4018909576614992,0.06698010121923166,0.39855284060114116,92,7,1,CZ,0.6497800021350626,0.6762042904026416,FALSE,FALSE
cep_spp,ips_ami,anomaly,0,NA,NA,NA,NA,0,0,0,,NA,NA,TRUE,FALSE
cep_spp,ips_cem,anomaly,0,NA,NA,NA,NA,0,0,0,,NA,NA,TRUE,FALSE
cep_spp,ips_dup,anomaly,161,-0.0017580498669795578,0.9823415799799085,-0.028896365309408787,0.7159529478262141,91,7,1,CZ,0.9998689195248821,0.8841421512308318,FALSE,FALSE
cep_spp,ips_sex,anomaly,161,0.08805333306016584,0.2666867855437064,0.08660858063031976,0.27464367930998895,88,7,1,CZ,0.5235769136592766,0.5481477582908908,FALSE,FALSE
cep_spp,ips_typ,anomaly,161,-0.02616608065951862,0.7417930639267722,-0.008652518978605934,0.9132542508525104,96,7,1,CZ,0.9064461017307921,0.9718479970355254,FALSE,FALSE
cep_spp,lym_dis,anomaly,115,0.10984739518487717,0.24254314017788478,0.04359070979458495,0.6436714663854427,7,5,1,CZ,0.5042752159481652,0.8367729063010756,FALSE,FALSE
cep_spp,lym_mon,anomaly,138,-0.027380932213092766,0.7498879098941497,0.0011073337458246666,0.9897156267607011,65,6,1,CZ,0.9108486986340556,0.9980151288719019,FALSE,FALSE
cep_spp,mel_spp,anomaly,0,NA,NA,NA,NA,0,0,0,,NA,NA,TRUE,FALSE
cep_spp,neo_ser,anomaly,46,-0.12761408222244616,0.3980189855431605,-0.00986923283613523,0.9480977255830848,1,2,1,CZ,0.6497800021350626,0.9838942955889186,FALSE,FALSE
cep_spp,ope_spp,anomaly,0,NA,NA,NA,NA,0,0,0,,NA,NA,TRUE,FALSE
cep_spp,pan_fla,anomaly,23,-0.05715559293193709,0.7956090090547675,0.03656126482213439,0.8684573099373571,0,1,1,CZ,0.9368125663533492,0.9580916653207999,FALSE,FALSE
cep_spp,pha_cya,anomaly,161,0.07448715749046723,0.34769117969736074,0.13979468599033817,0.07694897356131085,86,7,1,CZ,0.6154437130192676,0.24270463136387224,FALSE,FALSE
cep_spp,pis_pin,anomaly,0,NA,NA,NA,NA,0,0,0,,NA,NA,TRUE,FALSE
cep_spp,pit_bid,anomaly,0,NA,NA,NA,NA,0,0,0,,NA,NA,TRUE,FALSE
cep_spp,pit_cha,anomaly,0,NA,NA,NA,NA,0,0,0,,NA,NA,TRUE,FALSE
cep_spp,pit_spp,anomaly,161,0.03039584992183645,0.701895197895146,0.02441051299746952,0.7585639744520769,76,7,1,CZ,0.8907957524737868,0.903198892273412,FALSE,FALSE
cep_spp,pol_pol,anomaly,161,0.019969424062831954,0.8014783260414768,-0.0024384633080285255,0.975509117618314,84,7,1,CZ,0.9402709142096349,0.9905133367493923,FALSE,FALSE
cep_spp,pri_abi,anomaly,138,0.12612148265679052,0.14047941833947436,0.11947103694385017,0.16280326301159492,73,6,1,CZ,0.3528490873174264,0.39350939451546313,FALSE,FALSE
cep_spp,sap_car,anomaly,0,NA,NA,NA,NA,0,0,0,,NA,NA,TRUE,FALSE
cep_spp,sco_int,anomaly,161,-7.198082737877167e-4,0.9927695267862775,0.035993213710605015,0.6503391744938749,55,7,1,CZ,1,0.841753782300808,FALSE,FALSE
cep_spp,sco_rat,anomaly,161,-0.10696378723344588,0.1768489408039627,-0.06407292385553255,0.4193844108265379,44,7,1,CZ,0.4109388431241839,0.6932092838747929,FALSE,FALSE
cep_spp,sco_sco,anomaly,0,NA,NA,NA,NA,0,0,0,,NA,NA,TRUE,FALSE
cep_spp,tet_gab,anomaly,46,0.016658869560927415,0.9125013260899719,0.12846130126426147,0.3948680294726883,4,2,1,CZ,0.9794019792061184,0.6735160360863939,FALSE,FALSE
cep_spp,tet_spp,anomaly,0,NA,NA,NA,NA,0,0,0,,NA,NA,TRUE,FALSE
cep_spp,tha_pit,anomaly,0,NA,NA,NA,NA,0,0,0,,NA,NA,TRUE,FALSE
cep_spp,tha_pro,anomaly,0,NA,NA,NA,NA,0,0,0,,NA,NA,TRUE,FALSE
cep_spp,tom_spp,anomaly,161,0.05120724137194832,0.5188573659612742,0.11554807913503566,0.14439718229985926,94,7,1,CZ,0.751190519163805,0.37086750761240045,FALSE,FALSE
cep_spp,tor_vir,anomaly,0,NA,NA,NA,NA,0,0,0,,NA,NA,TRUE,FALSE
cep_spp,uro_sir_spp,anomaly,0,NA,NA,NA,NA,0,0,0,,NA,NA,TRUE,FALSE
cep_spp,xyl_lin,anomaly,0,NA,NA,NA,NA,0,0,0,,NA,NA,TRUE,FALSE
cep_spp,xyl_spp,anomaly,0,NA,NA,NA,NA,0,0,0,,NA,NA,TRUE,FALSE
cep_spp,zei_gri,anomaly,161,0.045621696807565074,0.5655190514858691,0.06149192100235583,0.4383992554978374,53,7,1,CZ,0.7960501339795518,0.7076848518739953,FALSE,FALSE
clo_ana,den_mic,anomaly,0,NA,NA,NA,NA,0,0,0,,NA,NA,TRUE,FALSE
clo_ana,den_pin,anomaly,0,NA,NA,NA,NA,0,0,0,,NA,NA,TRUE,FALSE
clo_ana,dip_sp,anomaly,0,NA,NA,NA,NA,0,0,0,,NA,NA,TRUE,FALSE
clo_ana,era_def,anomaly,0,NA,NA,NA,NA,0,0,0,,NA,NA,TRUE,FALSE
clo_ana,geo_db,anomaly,0,NA,NA,NA,NA,0,0,0,,NA,NA,TRUE,FALSE
clo_ana,ips_acu,anomaly,0,NA,NA,NA,NA,0,0,0,,NA,NA,TRUE,FALSE
clo_ana,ips_ami,anomaly,0,NA,NA,NA,NA,0,0,0,,NA,NA,TRUE,FALSE
clo_ana,ips_cem,anomaly,0,NA,NA,NA,NA,0,0,0,,NA,NA,TRUE,FALSE
clo_ana,ips_dup,anomaly,0,NA,NA,NA,NA,0,0,0,,NA,NA,TRUE,FALSE
clo_ana,ips_sex,anomaly,0,NA,NA,NA,NA,0,0,0,,NA,NA,TRUE,FALSE
clo_ana,ips_typ,anomaly,0,NA,NA,NA,NA,0,0,0,,NA,NA,TRUE,FALSE
clo_ana,lym_dis,anomaly,0,NA,NA,NA,NA,0,0,0,,NA,NA,TRUE,FALSE
clo_ana,lym_mon,anomaly,0,NA,NA,NA,NA,0,0,0,,NA,NA,TRUE,FALSE
clo_ana,mel_spp,anomaly,0,NA,NA,NA,NA,0,0,0,,NA,NA,TRUE,FALSE
clo_ana,neo_ser,anomaly,0,NA,NA,NA,NA,0,0,0,,NA,NA,TRUE,FALSE
clo_ana,ope_spp,anomaly,0,NA,NA,NA,NA,0,0,0,,NA,NA,TRUE,FALSE
clo_ana,pan_fla,anomaly,0,NA,NA,NA,NA,0,0,0,,NA,NA,TRUE,FALSE
clo_ana,pha_cya,anomaly,0,NA,NA,NA,NA,0,0,0,,NA,NA,TRUE,FALSE
clo_ana,pis_pin,anomaly,0,NA,NA,NA,NA,0,0,0,,NA,NA,TRUE,FALSE
clo_ana,pit_bid,anomaly,0,NA,NA,NA,NA,0,0,0,,NA,NA,TRUE,FALSE
clo_ana,pit_cha,anomaly,0,NA,NA,NA,NA,0,0,0,,NA,NA,TRUE,FALSE
clo_ana,pit_spp,anomaly,0,NA,NA,NA,NA,0,0,0,,NA,NA,TRUE,FALSE
clo_ana,pol_pol,anomaly,0,NA,NA,NA,NA,0,0,0,,NA,NA,TRUE,FALSE
clo_ana,pri_abi,anomaly,0,NA,NA,NA,NA,0,0,0,,NA,NA,TRUE,FALSE
clo_ana,sap_car,anomaly,0,NA,NA,NA,NA,0,0,0,,NA,NA,TRUE,FALSE
clo_ana,sco_int,anomaly,0,NA,NA,NA,NA,0,0,0,,NA,NA,TRUE,FALSE
clo_ana,sco_rat,anomaly,0,NA,NA,NA,NA,0,0,0,,NA,NA,TRUE,FALSE
clo_ana,sco_sco,anomaly,0,NA,NA,NA,NA,0,0,0,,NA,NA,TRUE,FALSE
clo_ana,tet_gab,anomaly,0,NA,NA,NA,NA,0,0,0,,NA,NA,TRUE,FALSE
clo_ana,tet_spp,anomaly,0,NA,NA,NA,NA,0,0,0,,NA,NA,TRUE,FALSE
clo_ana,tha_pit,anomaly,0,NA,NA,NA,NA,0,0,0,,NA,NA,TRUE,FALSE
clo_ana,tha_pro,anomaly,0,NA,NA,NA,NA,0,0,0,,NA,NA,TRUE,FALSE
clo_ana,tom_spp,anomaly,0,NA,NA,NA,NA,0,0,0,,NA,NA,TRUE,FALSE
clo_ana,tor_vir,anomaly,0,NA,NA,NA,NA,0,0,0,,NA,NA,TRUE,FALSE
clo_ana,uro_sir_spp,anomaly,0,NA,NA,NA,NA,0,0,0,,NA,NA,TRUE,FALSE
clo_ana,xyl_lin,anomaly,0,NA,NA,NA,NA,0,0,0,,NA,NA,TRUE,FALSE
clo_ana,xyl_spp,anomaly,0,NA,NA,NA,NA,0,0,0,,NA,NA,TRUE,FALSE
clo_ana,zei_gri,anomaly,0,NA,NA,NA,NA,0,0,0,,NA,NA,TRUE,FALSE
den_mic,den_pin,anomaly,23,0.3628995278157773,0.08876849488017702,0.2759739796018139,0.20243550124987197,3,1,1,LT,0.26035150022783626,0.45092690608633945,FALSE,FALSE
den_mic,dip_sp,anomaly,23,0.17087731286025445,0.43565112372590986,0.01758955034824748,0.9365091921201257,1,1,1,LT,0.6881713974126852,0.9812467899754717,FALSE,FALSE
den_mic,era_def,anomaly,23,-0.10374176783986326,0.6375999091304161,-0.11013290813193469,0.6168987039001144,0,1,1,DE,0.85427731557585,0.8203657798450211,FALSE,FALSE
den_mic,geo_db,anomaly,23,-0.1836027918670495,0.40170091401028307,-0.13283143194021374,0.5457112995085358,0,1,1,LT,0.6497800021350626,0.7735337744312513,FALSE,FALSE
den_mic,ips_acu,anomaly,46,0.10727102911460065,0.47796680230389577,0.08847182178143723,0.5587629469241471,6,2,2,"CZ,LT",0.7195681749864596,0.7847152626876343,FALSE,FALSE
den_mic,ips_ami,anomaly,23,-0.10143782374342952,0.6451282478075656,-0.25501724310981094,0.24025144393137537,0,1,1,DE,0.8595753107906898,0.5035335273681549,FALSE,FALSE
den_mic,ips_cem,anomaly,23,0.05787424030516142,0.7930929169239593,-0.10553730208948488,0.6317567194241586,1,1,1,DE,0.9361415780133115,0.8279972262752595,FALSE,FALSE
den_mic,ips_dup,anomaly,23,-0.015864476295679865,0.9427255166429515,-0.11342227293525099,0.6063519899201779,1,1,1,CZ,0.98638412535406,0.8173042876242675,FALSE,FALSE
den_mic,ips_sex,anomaly,23,-0.16790614831337972,0.4437923755560591,-0.20986153174115957,0.336504715634411,1,1,1,CZ,0.694006254458206,0.6189627847806948,FALSE,FALSE
den_mic,ips_typ,anomaly,69,-0.10834254974707432,0.37554648431110893,-0.11458414060170329,0.3484954596548894,7,3,3,"CZ,DE,LT",0.6388364901697581,0.6325521362037804,FALSE,FALSE
den_mic,lym_dis,anomaly,23,0.3900694804057316,0.06576039769634426,0.31843151492516986,0.13864808186563213,3,1,1,LT,0.20878383691050553,0.36127560685382304,FALSE,FALSE
den_mic,lym_mon,anomaly,23,-0.1388196421736729,0.5275835446036712,-0.07581702736313568,0.7309785703294005,1,1,1,LT,0.7620651199830806,0.8946582501995971,FALSE,FALSE
den_mic,mel_spp,anomaly,0,NA,NA,NA,NA,0,0,0,,NA,NA,TRUE,FALSE
den_mic,neo_ser,anomaly,0,NA,NA,NA,NA,0,0,0,,NA,NA,TRUE,FALSE
den_mic,ope_spp,anomaly,23,-0.11019697753066098,0.6166925679073699,-0.0815992818585719,0.7112847649599925,0,1,1,DE,0.8422924745614995,0.882414071489674,FALSE,FALSE
den_mic,pan_fla,anomaly,23,-0.3399381751528617,0.11250042395548779,-0.25171253084561046,0.24660888256771885,1,1,1,LT,0.31081429166295343,0.5090938734552479,FALSE,FALSE
den_mic,pha_cya,anomaly,69,-0.12493517863330496,0.3063813098530306,-0.11272219486556902,0.3564353966998689,1,3,3,"CZ,DE,LT",0.5711992637182469,0.6409174796734092,FALSE,FALSE
den_mic,pis_pin,anomaly,23,0.48120156272417014,0.020091749428885513,0.4743113231837769,0.022216082127345094,5,1,1,LT,0.08440289498073303,0.09373627634432448,FALSE,FALSE
den_mic,pit_bid,anomaly,0,NA,NA,NA,NA,0,0,0,,NA,NA,TRUE,FALSE
den_mic,pit_cha,anomaly,46,0.1812541194079019,0.2280067263040583,0.11953039286567081,0.42881178233531647,6,2,2,"DE,LT",0.4886432177793269,0.6986995979013735,FALSE,FALSE
den_mic,pit_spp,anomaly,23,0.18693051075276026,0.3930725916589187,0.17407589482575953,0.4269767193070424,1,1,1,CZ,0.6497800021350626,0.6986995979013735,FALSE,FALSE
den_mic,pol_pol,anomaly,46,-0.049782340972290076,0.7424943120206489,0.057735435044550434,0.7031123932934904,5,2,2,"CZ,LT",0.9064461017307921,0.8807215134743982,FALSE,FALSE
den_mic,pri_abi,anomaly,23,0.2792030218344123,0.19698890149111625,0.14556869253722052,0.5075000797228144,1,1,1,CZ,0.44255214601837517,0.7547683512948383,FALSE,FALSE
den_mic,sap_car,anomaly,0,NA,NA,NA,NA,0,0,0,,NA,NA,TRUE,FALSE
den_mic,sco_int,anomaly,46,-0.162797412987614,0.2797013476604125,0.048074759924862584,0.7510394370601005,1,2,2,"CZ,DE",0.5381453928986336,0.9027639288053841,FALSE,FALSE
den_mic,sco_rat,anomaly,46,0.11717053809521469,0.4380467305901622,0.11134691044306155,0.46130255758376004,2,2,2,"CZ,LT",0.6885636516793072,0.7215822120253287,FALSE,FALSE
den_mic,sco_sco,anomaly,46,-0.1528663043805217,0.3104714409982097,-0.0891154431741514,0.5558945584549035,0,2,2,"DE,LT",0.5754788559542924,0.7818283117450544,FALSE,FALSE
den_mic,tet_gab,anomaly,23,0.15851258491898337,0.4700529877687575,-0.01637647791043731,0.940880159557989,1,1,1,DE,0.7132349751317739,0.9814147847628528,FALSE,FALSE
den_mic,tet_spp,anomaly,23,0.19054847186370905,0.3838108984237919,-0.05458825970145769,0.8046135596594315,1,1,1,DE,0.6456046565983347,0.9316201905361897,FALSE,FALSE
den_mic,tha_pit,anomaly,0,NA,NA,NA,NA,0,0,0,,NA,NA,TRUE,FALSE
den_mic,tha_pro,anomaly,23,-0.019381192532603283,0.9300567873440075,0.11099612805963065,0.6141237481597823,0,1,1,DE,0.985924300411829,0.8203657798450211,FALSE,FALSE
den_mic,tom_spp,anomaly,69,-0.04959613697135544,0.6856985339952716,-0.020444164182754344,0.8675770573719964,6,3,3,"CZ,DE,LT",0.8806969154919243,0.9580916653207999,FALSE,FALSE
den_mic,tor_vir,anomaly,46,0.015665922581245335,0.9176981934646833,-0.014176111283260153,0.9255018456937825,4,2,2,"DE,LT",0.9812272406534651,0.9762504874158726,FALSE,FALSE
den_mic,uro_sir_spp,anomaly,23,-0.05519511730711038,0.8024828809443474,0.03791544364114524,0.8636285936189473,0,1,1,DE,0.9403027179883827,0.9580916653207999,FALSE,FALSE
den_mic,xyl_lin,anomaly,23,-0.3259775661906663,0.12902317015766465,-0.38333089034801404,0.07098692713083583,1,1,1,DE,0.3391264745674136,0.23070751317521646,FALSE,FALSE
den_mic,xyl_spp,anomaly,23,-0.26058085612194787,0.22979215655824797,-0.42578842567137004,0.04279335929386234,0,1,1,DE,0.4890709172766251,0.15476395353644953,FALSE,FALSE
den_mic,zei_gri,anomaly,23,-0.04583028215035987,0.8355055480563097,-0.095927559544983,0.6632696173402598,0,1,1,CZ,0.9587149820270895,0.8488119656924745,FALSE,FALSE
den_pin,dip_sp,anomaly,418,0.20181818614319008,3.2291269322367366e-5,0.20797718176305696,1.816497127732595e-5,146,20,3,"DE,LT,PL",4.4449030613382827e-4,2.9124503947979273e-4,FALSE,FALSE
den_pin,era_def,anomaly,115,0.07931745787121351,0.3994401347173351,0.29383969389622533,0.0014359507642617525,13,5,1,DE,0.6497800021350626,0.010083099527151867,FALSE,FALSE
den_pin,geo_db,anomaly,395,0.09109003630066766,0.07054388979149992,0.08268873922025627,0.10079549986773992,117,19,3,"DE,LT,PL",0.22177523522687229,0.2899280113911963,FALSE,FALSE
den_pin,ips_acu,anomaly,375,0.07672876021513125,0.1380550988762572,0.027415860735009675,0.5966438660695773,51,18,3,"DE,LT,PL",0.3504195385724523,0.8097528361118715,FALSE,FALSE
den_pin,ips_ami,anomaly,23,0.030463596339687517,0.8902542998787232,-0.05599949824674355,0.7996607952098949,2,1,1,DE,0.9734668072557205,0.9316201905361897,FALSE,FALSE
den_pin,ips_cem,anomaly,115,0.10604888525086914,0.2593164716922162,0.09775112443778113,0.29866343423049574,33,5,1,DE,0.5197134286831501,0.5734814844904929,FALSE,FALSE
den_pin,ips_dup,anomaly,0,NA,NA,NA,NA,0,0,0,,NA,NA,TRUE,FALSE
den_pin,ips_sex,anomaly,115,0.02300483885573092,0.8072024084719325,0.01563954864672927,0.868240813932517,29,5,1,DE,0.9412469296363625,0.9580916653207999,FALSE,FALSE
den_pin,ips_typ,anomaly,418,0.14019030255820814,0.004081292246596848,0.16150143000101297,9.20386034148437e-4,176,20,3,"DE,LT,PL",0.0250076633199119,0.007358275511702586,FALSE,FALSE
den_pin,lym_dis,anomaly,115,0.10766108422646027,0.25210301304294125,0.01641284620847471,0.8617891391633206,13,5,2,"DE,LT",0.5136440728015256,0.9580916653207999,FALSE,FALSE
den_pin,lym_mon,anomaly,441,0.32545241558694343,2.4390227358285158e-12,0.27413012454860375,4.831193602487782e-9,155,21,3,"DE,LT,PL",1.6759570513335942e-10,1.7875416329204793e-7,FALSE,FALSE
den_pin,mel_spp,anomaly,372,0.06847194856171247,0.18759016307897636,0.07731510932841135,0.13664280374565213,138,18,2,"DE,PL",0.42865020637048756,0.3591540360746376,FALSE,FALSE
den_pin,neo_ser,anomaly,46,-0.06159488027376573,0.6842677023311435,-0.1686813867769656,0.26244929993561417,1,2,1,DE,0.8805537454717125,0.5326502669579342,FALSE,FALSE
den_pin,ope_spp,anomaly,92,0.07591529154061515,0.47199494092837024,-0.0036065472708577593,0.9727815273676264,7,4,1,DE,0.7150537530284916,0.9905133367493923,FALSE,FALSE
den_pin,pan_fla,anomaly,395,0.26873983042668587,5.818978441610074e-8,0.2472762710313311,6.476607383855942e-7,98,19,3,"DE,LT,PL",1.7493303940090284e-6,1.557624075817354e-5,FALSE,FALSE
den_pin,pha_cya,anomaly,418,-0.014455228356613255,0.7682473312178224,-0.02828775565380905,0.5641231667523183,172,20,3,"DE,LT,PL",0.9260045148226355,0.7860957894948747,FALSE,FALSE
den_pin,pis_pin,anomaly,138,0.06507511025975607,0.448265279580773,0.03948729305987136,0.6456377202897595,27,6,2,"DE,LT",0.6966578335326391,0.8381963386217931,FALSE,FALSE
den_pin,pit_bid,anomaly,92,0.2655419645703592,0.010519469570443843,0.16591402986914905,0.11396746399095056,28,4,1,DE,0.05136027702684248,0.31595590881641045,FALSE,FALSE
den_pin,pit_cha,anomaly,138,0.09289832632351873,0.27848576220627486,0.038350278203333865,0.6551781489846319,38,6,2,"DE,LT",0.5379584402458563,0.841753782300808,FALSE,FALSE
den_pin,pit_spp,anomaly,0,NA,NA,NA,NA,0,0,0,,NA,NA,TRUE,FALSE
den_pin,pol_pol,anomaly,23,0.009178286409460073,0.9668466631191591,-0.03359683794466403,0.8790434876667224,5,1,1,LT,0.9927422114983545,0.962047594010679,FALSE,FALSE
den_pin,pri_abi,anomaly,115,0.0025253354327752294,0.9786308964445447,0.010739367158526001,0.9093075214248798,9,5,1,DE,0.9992699968552277,0.9700076052339917,FALSE,FALSE
den_pin,sap_car,anomaly,0,NA,NA,NA,NA,0,0,0,,NA,NA,TRUE,FALSE
den_pin,sco_int,anomaly,92,0.1235025645844757,0.24083793244813678,0.13908111523819797,0.1860962721075373,19,4,1,DE,0.5025728655425327,0.43138461148783347,FALSE,FALSE
den_pin,sco_rat,anomaly,92,0.23628944108650682,0.02335153446408221,0.16520506141824512,0.11554287896417745,23,4,2,"DE,LT",0.09641277319505188,0.31848782109896473,FALSE,FALSE
den_pin,sco_sco,anomaly,92,0.08069243278755518,0.4444856919172575,0.06812855667847031,0.5187445170964885,14,4,2,"DE,LT",0.694006254458206,0.757256791269836,FALSE,FALSE
den_pin,tet_gab,anomaly,115,0.013837522496242184,0.8833081606838336,-0.061440247518196676,0.5142127080005072,10,5,1,DE,0.9734668072557205,0.7556531039707036,FALSE,FALSE
den_pin,tet_spp,anomaly,46,-0.005961082906469549,0.9686371028198238,0.05963613937711994,0.6938088818586186,3,2,1,DE,0.9934209945764078,0.8770619505229842,FALSE,FALSE
den_pin,tha_pit,anomaly,23,-0.26897925311731113,0.21457995849935999,-0.37549407114624506,0.07745523146339539,7,1,1,DE,0.4702184967571396,0.24350304793394237,FALSE,FALSE
den_pin,tha_pro,anomaly,92,0.1779874224815056,0.08961432792455534,0.20168611192454108,0.05386546208165014,16,4,1,DE,0.26203338438730167,0.18707066614638063,FALSE,FALSE
den_pin,tom_spp,anomaly,358,0.05025022666767292,0.3431025440693727,0.09268464214111953,0.07989180546035961,93,17,3,"DE,LT,PL",0.6113303085689566,0.2487246500092749,FALSE,FALSE
den_pin,tor_vir,anomaly,418,0.07563597811273434,0.1225973403543671,0.06969678622131814,0.15490515632142515,112,20,3,"DE,LT,PL",0.3285198925373291,0.38707510057173294,FALSE,FALSE
den_pin,uro_sir_spp,anomaly,23,0.34243082729044355,0.10972107341031079,-0.14552636396996213,0.5076248682824952,1,1,1,DE,0.30683625761836913,0.7547683512948383,FALSE,FALSE
den_pin,xyl_lin,anomaly,115,0.3479276748658103,1.3890973483427e-4,0.32921170993450644,3.2749812402435823e-4,32,5,1,DE,0.0016100140350670813,0.003119338567439927,FALSE,FALSE
den_pin,xyl_spp,anomaly,115,0.08340177347787014,0.37553183090047204,0.15615876272390122,0.09560137299380461,30,5,1,DE,0.6388364901697581,0.27942173180821755,FALSE,FALSE
den_pin,zei_gri,anomaly,23,-0.24373345180880454,0.2624049338149954,-0.3056381317075994,0.1561176081308029,0,1,1,DE,0.5226367418841109,0.38707510057173294,FALSE,FALSE
dip_sp,era_def,anomaly,184,0.14208512592845599,0.054357764027727865,0.2319408939872764,0.0015345203252080126,18,8,1,DE,0.18375078781190407,0.010697163426450058,FALSE,FALSE
dip_sp,geo_db,anomaly,504,2.0494272956910479e-4,0.996338098702906,0.025714467087244137,0.564648846716173,155,24,3,"DE,LT,PL",1,0.7860957894948747,FALSE,FALSE
dip_sp,ips_acu,anomaly,484,0.012348843434538237,0.786404557657715,-0.079467331902033,0.08071999946607024,70,23,3,"DE,LT,PL",0.9351312539761704,0.25049238543986957,FALSE,FALSE
dip_sp,ips_ami,anomaly,23,-0.3218047761715999,0.13428418027850925,-0.25226440638771147,0.24553969338203502,2,1,1,DE,0.3465575215562124,0.5090938734552479,FALSE,FALSE
dip_sp,ips_cem,anomaly,207,0.21515426719194908,0.0018498925108001562,0.11838087787476066,0.08934378915662936,55,9,1,DE,0.012621252449572696,0.2660951243612305,FALSE,FALSE
dip_sp,ips_dup,anomaly,0,NA,NA,NA,NA,0,0,0,,NA,NA,TRUE,FALSE
dip_sp,ips_sex,anomaly,161,0.05534687904932844,0.4855925883751936,-0.03931159420289855,0.6205203364939096,41,7,1,DE,0.7265008864960129,0.8203657798450211,FALSE,FALSE
dip_sp,ips_typ,anomaly,655,0.04378872048495332,0.26310620847191324,2.690075914096094e-4,0.9945173375405447,308,31,4,"AT,DE,LT,PL",0.5226887533577416,0.9992379378345236,FALSE,FALSE
dip_sp,lym_dis,anomaly,291,0.09356185273144521,0.11123387626058667,0.05350003207978976,0.3631571933845922,46,13,3,"AT,DE,LT",0.3083774898060068,0.6445705166715455,FALSE,FALSE
dip_sp,lym_mon,anomaly,504,0.08220527223916171,0.0651768057040929,0.08520175505196075,0.05594006654177056,206,24,3,"DE,LT,PL",0.20830593716723378,0.1908807426243208,FALSE,FALSE
dip_sp,mel_spp,anomaly,504,0.07596651916239304,0.08844237970016094,0.10444288988607786,0.019010116217958162,212,24,2,"DE,PL",0.26018828523411264,0.0831260536439807,FALSE,FALSE
dip_sp,neo_ser,anomaly,46,-0.08947737957267055,0.5542845922533328,-0.07542864205785335,0.6183334474445807,4,2,1,DE,0.7853045327653995,0.8203657798450211,FALSE,FALSE
dip_sp,ope_spp,anomaly,161,0.14543341958791556,0.06565617290464626,0.13702397967066687,0.08304640429024418,12,7,1,DE,0.20878383691050553,0.25286040361076034,FALSE,FALSE
dip_sp,pan_fla,anomaly,461,0.14111678654096046,0.0023903211422069202,0.16647028346547355,3.3113139343964406e-4,134,22,3,"DE,LT,PL",0.015858544405538327,0.0031230235342052707,FALSE,FALSE
dip_sp,pha_cya,anomaly,655,0.030406376719390095,0.43722800402466644,0.009646224911676814,0.8053650938192867,291,31,4,"AT,DE,LT,PL",0.6884015382516026,0.9316201905361897,FALSE,FALSE
dip_sp,pis_pin,anomaly,184,0.01785603355641182,0.8098809749483507,-0.02253279651711583,0.7614285879768578,36,8,2,"DE,LT",0.9420864545348407,0.903198892273412,FALSE,FALSE
dip_sp,pit_bid,anomaly,115,0.1500943368215849,0.10935857483151261,0.13160261974276022,0.16092444541104206,34,5,1,DE,0.30683625761836913,0.39350939451546313,FALSE,FALSE
dip_sp,pit_cha,anomaly,335,0.06986213972219975,0.2021441448551211,0.03027835340879709,0.5807838760625097,100,15,3,"AT,DE,LT",0.4480706620982178,0.7993048480288044,FALSE,FALSE
dip_sp,pit_spp,anomaly,153,0.06348353973725988,0.4356292090965882,-0.021719117400350027,0.789870384316492,48,7,2,"AT,DE",0.6881713974126852,0.9232749814246238,FALSE,FALSE
dip_sp,pol_pol,anomaly,23,-0.2344413380910708,0.28159806284300787,-0.46640316205533594,0.024873248757749603,3,1,1,LT,0.5390043671642184,0.10171706815544163,FALSE,FALSE
dip_sp,pri_abi,anomaly,161,0.010381917394232556,0.8960056315451834,0.03844317920404877,0.6282669858248746,15,7,1,DE,0.9735301501850687,0.8256732791851494,FALSE,FALSE
dip_sp,sap_car,anomaly,0,NA,NA,NA,NA,0,0,0,,NA,NA,TRUE,FALSE
dip_sp,sco_int,anomaly,138,0.0203205213565176,0.8129941278315015,0.06363401820593667,0.4584007020570062,27,6,1,DE,0.9434262376042273,0.7201446156736534,FALSE,FALSE
dip_sp,sco_rat,anomaly,92,0.08040405950598743,0.44612034912850107,0.0394556355285668,0.7088386511724902,29,4,2,"DE,LT",0.6944462392582816,0.8821510768796061,FALSE,FALSE
dip_sp,sco_sco,anomaly,115,-0.005872062433059229,0.9503370900771859,-0.004254605627214846,0.9640058137795091,16,5,2,"DE,LT",0.98638412535406,0.9905133367493923,FALSE,FALSE
dip_sp,tet_gab,anomaly,245,0.001293955536899007,0.9839236837312262,-0.04367314298770289,0.49623753622298583,58,11,2,"AT,DE",0.9998689195248821,0.7459070466351756,FALSE,FALSE
dip_sp,tet_spp,anomaly,138,0.06135958332854461,0.47465262347622084,0.09109351260727465,0.28797071631687776,12,6,1,DE,0.7179494084656045,0.5649415092911065,FALSE,FALSE
dip_sp,tha_pit,anomaly,23,-0.15864719113642348,0.4696711614131225,-0.23122529644268774,0.2884410695828934,11,1,1,DE,0.7132349751317739,0.5649415092911065,FALSE,FALSE
dip_sp,tha_pro,anomaly,184,-0.009839672896373686,0.8945370661268784,0.050359778062783966,0.4972082489036791,26,8,1,DE,0.9734668072557205,0.7462002113031814,FALSE,FALSE
dip_sp,tom_spp,anomaly,595,0.0014952920225469789,0.9709654771305026,0.004229398112381537,0.91800295275435,186,28,4,"AT,DE,LT,PL",0.9936902010633442,0.9733464522816394,FALSE,FALSE
dip_sp,tor_vir,anomaly,550,0.0567660328911353,0.18374085642572965,0.08696788166078134,0.0414698369825496,163,26,3,"DE,LT,PL",0.4229619993169262,0.15168814896278598,FALSE,FALSE
dip_sp,uro_sir_spp,anomaly,46,0.23537820198846185,0.11532722559286894,0.0909889535181882,0.5475847197377153,2,2,1,DE,0.3151840653986929,0.7735337744312513,FALSE,FALSE
dip_sp,xyl_lin,anomaly,184,0.14816142136161947,0.04473318714586082,0.1775460540569384,0.01590330509173948,46,8,1,DE,0.15938268901599298,0.07285228332501609,FALSE,FALSE
dip_sp,xyl_spp,anomaly,207,0.13437191477863986,0.05356576842417781,0.23198920612892177,7.695035725350881e-4,46,9,1,DE,0.1820857569754737,0.006437064667641346,FALSE,FALSE
dip_sp,zei_gri,anomaly,23,-0.32130051839462176,0.13493019153433786,-0.4658755988164379,0.02505919454557138,2,1,1,DE,0.3470664284920669,0.10171706815544163,FALSE,FALSE
era_def,geo_db,anomaly,138,-0.3560144571926316,1.823688536212498e-5,-0.3307839614240826,7.412911218216144e-5,0,6,1,DE,2.7847434473594017e-4,9.704542669572332e-4,FALSE,FALSE
era_def,ips_acu,anomaly,138,-0.012219412044153529,0.886886320507895,-0.28878156363565294,5.924590664183041e-4,10,6,1,DE,0.9734668072557205,0.005185695776743119,FALSE,FALSE
era_def,ips_ami,anomaly,46,0.2220784764102165,0.13798103395748257,0.19577116643206938,0.1922668720468718,7,2,1,DE,0.3504195385724523,0.4380680832329449,FALSE,FALSE
era_def,ips_cem,anomaly,230,0.044817475253700674,0.4988328254496286,-0.011128709424915945,0.8666927312812642,35,10,1,DE,0.7382725816654503,0.9580916653207999,FALSE,FALSE
era_def,ips_dup,anomaly,0,NA,NA,NA,NA,0,0,0,,NA,NA,TRUE,FALSE
era_def,ips_sex,anomaly,161,-0.020583620739426333,0.7955046342951893,-0.2639128566281848,7.176040068094146e-4,17,7,1,DE,0.9368125663533492,0.006109159774784574,FALSE,FALSE
era_def,ips_typ,anomaly,230,0.04270804394974152,0.5192741114801771,-0.06328991063424406,0.3392906453377502,37,10,1,DE,0.751190519163805,0.6217097158379347,FALSE,FALSE
era_def,lym_dis,anomaly,184,-0.06241633071239781,0.39995165627552776,-0.05454270791941785,0.462120917257169,11,8,1,DE,0.6497800021350626,0.7216888350672023,FALSE,FALSE
era_def,lym_mon,anomaly,184,0.030910648392932578,0.6770188551657574,0.1974355179095351,0.007222869976726693,19,8,1,DE,0.8745044847421467,0.03838895534591757,FALSE,FALSE
era_def,mel_spp,anomaly,184,-0.049074720386584725,0.5082634079298265,0.07537699337031907,0.30918058055379427,14,8,1,DE,0.7425915909572752,0.5842092611041175,FALSE,FALSE
era_def,neo_ser,anomaly,23,-0.03934164550586991,0.8585481593564985,-0.030409865693172753,0.8904467329282807,0,1,1,DE,0.9681528808794988,0.9637566299760819,FALSE,FALSE
era_def,ope_spp,anomaly,184,0.17992485874443298,0.014526797378911811,0.3154567381667086,1.2899880301995627e-5,15,8,1,DE,0.06623118046688703,2.2563063364581444e-4,FALSE,FALSE
era_def,pan_fla,anomaly,115,-0.1421101102829674,0.12976909779854476,-0.0786737411997423,0.40328897136335784,7,5,1,DE,0.3392333480494567,0.6794465682163752,FALSE,FALSE
era_def,pha_cya,anomaly,230,-0.05270809121976224,0.42629030745700913,-0.09770693167993749,0.13960531449734548,32,10,1,DE,0.6778368194605665,0.36127560685382304,FALSE,FALSE
era_def,pis_pin,anomaly,138,0.07124422467004776,0.40632774110314784,0.07153920934983224,0.40438226140561695,15,6,1,DE,0.6528292174399369,0.6800974396367194,FALSE,FALSE
era_def,pit_bid,anomaly,92,0.06365930237672432,0.5466004772866058,-0.0655699886942553,0.53460292308998425,15,4,1,DE,0.7794468473208224,0.7704409031095922,FALSE,FALSE
era_def,pit_cha,anomaly,230,0.028676787431552376,0.6652876154902091,-0.09895238825727605,0.1346053894029516,35,10,1,DE,0.8718422141386646,0.3547681770017519,FALSE,FALSE
era_def,pit_spp,anomaly,92,0.20229499086308775,0.053130292724952656,0.07236924320780018,0.49299671055674,13,4,1,DE,0.18124589220356188,0.7426494841302561,FALSE,FALSE
era_def,pol_pol,anomaly,0,NA,NA,NA,NA,0,0,0,,NA,NA,TRUE,FALSE
era_def,pri_abi,anomaly,161,-0.043206456043159785,0.5862962894307734,0.05176657039959032,0.5142956549655031,11,7,1,DE,0.8129210181836655,0.7556531039707036,FALSE,FALSE
era_def,sap_car,anomaly,0,NA,NA,NA,NA,0,0,0,,NA,NA,TRUE,FALSE
era_def,sco_int,anomaly,161,0.0063189293597692405,0.9365917588766394,-0.08055518101078725,0.30971592844397083,13,7,1,DE,0.9861303675354863,0.5842092611041175,FALSE,FALSE
era_def,sco_rat,anomaly,46,-0.035323965576249346,0.8157162795861945,-0.03640305179560334,0.8101889357111629,13,2,1,DE,0.9437331580634217,0.9334152768313039,FALSE,FALSE
era_def,sco_sco,anomaly,92,-0.022993526697016004,0.827772377765395,0.14865844815083396,0.15728624816833706,12,4,1,DE,0.9536730867189341,0.3889701047247821,FALSE,FALSE
era_def,tet_gab,anomaly,207,0.04630570110810024,0.5076224965564888,0.09445645882910096,0.17580301027541057,15,9,1,DE,0.7425915909572752,0.41451592128662984,FALSE,FALSE
era_def,tet_spp,anomaly,161,0.07688123000402323,0.3323715975672591,0.1632827412253754,0.03849048212334719,11,7,1,DE,0.6032858053956666,0.14407721323992217,FALSE,FALSE
era_def,tha_pit,anomaly,23,-0.5318911052135054,0.00899448209775976,-0.4739776586321789,0.022323370665282716,3,1,1,DE,0.04573425942031184,0.09377765318778154,FALSE,FALSE
era_def,tha_pro,anomaly,230,0.06163455033985395,0.35209858523131987,0.06610143637318656,0.31822696138989215,25,10,1,DE,0.6190172865439908,0.597918626673977,FALSE,FALSE
era_def,tom_spp,anomaly,230,-0.011559747016312337,0.8615802737001326,-0.03434204702598829,0.6043618906039594,32,10,1,DE,0.969403769940968,0.8165676106193946,FALSE,FALSE
era_def,tor_vir,anomaly,207,0.2392320672002543,5.172589309254658e-4,0.23661437077777164,5.979423355844361e-4,31,9,1,DE,0.00456516597752567,0.005185695776743119,FALSE,FALSE
era_def,uro_sir_spp,anomaly,69,-0.10593974139261916,0.38628916931513546,-0.2253664839748673,0.06262209836020292,0,3,1,DE,0.6477475091898975,0.2063097898031343,FALSE,FALSE
era_def,xyl_lin,anomaly,207,0.02470364993919775,0.7238445825930646,0.05370790961726166,0.4421319991146244,33,9,1,DE,0.8979899907235653,0.7100684192792466,FALSE,FALSE
era_def,xyl_spp,anomaly,230,-0.04013729168960273,0.5447539894405558,-0.03623119502250579,0.5846129958281545,26,10,1,DE,0.7794468473208224,0.8011960054041432,FALSE,FALSE
era_def,zei_gri,anomaly,0,NA,NA,NA,NA,0,0,0,,NA,NA,TRUE,FALSE
geo_db,ips_acu,anomaly,476,-0.15011585879727432,0.001019229209303273,-0.16968670288373544,1.996966850198718e-4,69,23,4,"BG,DE,LT,PL",0.007600763560850765,0.0021110792416386445,FALSE,FALSE
geo_db,ips_ami,anomaly,23,0.1856859319082963,0.39628735963021033,0.15893190930980552,0.46886404842750806,0,1,1,DE,0.6497800021350626,0.7263240170487323,FALSE,FALSE
geo_db,ips_cem,anomaly,161,-0.03525344425836247,0.6570652201778862,0.03259144237405107,0.6814935678880767,46,7,1,DE,0.8682647552350639,0.8637639160847559,FALSE,FALSE
geo_db,ips_dup,anomaly,22,-0.04567643277961245,0.8400413737028415,-0.2670807453416149,0.2295283525028699,4,1,1,RO,0.96090345006199,0.4895926277333943,FALSE,FALSE
geo_db,ips_sex,anomaly,156,-0.09626850663279339,0.23189101394815959,-0.0893774399013766,0.2671852000230088,43,7,2,"BG,DE",0.4892259716765883,0.5399835345002825,FALSE,FALSE
geo_db,ips_typ,anomaly,587,0.047613863045120074,0.24940861529629801,0.0411873710999828,0.31915942740953895,308,28,6,"BG,DE,HR,LT,PL,RO",0.5134470485403243,0.5982142663294551,FALSE,FALSE
geo_db,lym_dis,anomaly,225,-0.0618189539977926,0.35600582270149606,-0.08892751790981882,0.18380907899951973,58,10,5,"BG,DE,HR,LT,RO",0.6212520228993552,0.42833293152094903,FALSE,FALSE
geo_db,lym_mon,anomaly,458,0.012311821539950848,0.7927244486195397,0.014265944179422951,0.7607578625115899,176,22,3,"DE,LT,PL",0.9361415780133115,0.903198892273412,FALSE,FALSE
geo_db,mel_spp,anomaly,478,0.0020722259081112624,0.9639583028510763,0.01478243705156863,0.7471777323543727,198,23,2,"DE,PL",0.991794531917364,0.9012822817304117,FALSE,FALSE
geo_db,neo_ser,anomaly,41,3.7478874826017315e-4,0.9981444404404154,-0.0608938063117345,0.7052792054301972,15,2,2,"BG,DE",1,0.8821510768796061,FALSE,FALSE
geo_db,ope_spp,anomaly,138,-0.2656701363535496,0.0016364862417278564,-0.3294740014598301,7.94689891094383e-5,2,6,1,DE,0.011407969308276795,9.928463314711642e-4,FALSE,FALSE
geo_db,pan_fla,anomaly,415,-0.01480553579827292,0.7636292000486411,0.008703879061396086,0.8596811732311349,113,20,3,"DE,LT,PL",0.9217205651779081,0.9573587220338288,FALSE,FALSE
geo_db,pha_cya,anomaly,524,0.020847899746376523,0.6339729979531912,0.018275905928176298,0.6763928829891381,241,25,3,"DE,LT,PL",0.8529818517915663,0.858764128765699,FALSE,FALSE
geo_db,pis_pin,anomaly,138,0.004461618602968269,0.9585799528085215,0.06360662025758637,0.4585946190473974,23,6,2,"DE,LT",0.9894355306886242,0.7201446156736534,FALSE,FALSE
geo_db,pit_bid,anomaly,92,0.05259529095462002,0.618537870590411,0.12460891142518069,0.2366173053413798,29,4,1,DE,0.8423034463983048,0.5013785192475934,FALSE,FALSE
geo_db,pit_cha,anomaly,184,-0.007110904187972716,0.9236787254614434,0.006021845081004026,0.9353398780327,52,8,2,"DE,LT",0.9821494958694572,0.9812467899754717,FALSE,FALSE
geo_db,pit_spp,anomaly,92,0.010817806416234518,0.9184828006709509,-0.14939198249156171,0.15522509010261712,29,4,2,"DE,HR",0.9812272406534651,0.38707510057173294,FALSE,FALSE
geo_db,pol_pol,anomaly,23,0.16258372070375773,0.4585753129791227,0.004940711462450593,0.9821500334482506,6,1,1,LT,0.7024672787992293,0.992995607310953,FALSE,FALSE
geo_db,pri_abi,anomaly,138,0.07555157913225681,0.3784711266516837,0.1378778919105274,0.10681453326042001,20,6,1,DE,0.6402501236995132,0.3018033964016852,FALSE,FALSE
geo_db,sap_car,anomaly,0,NA,NA,NA,NA,0,0,0,,NA,NA,TRUE,FALSE
geo_db,sco_int,anomaly,115,0.030686346444526603,0.7447601705814797,0.05125069044425157,0.5864716980334401,24,5,1,DE,0.9080599291500424,0.8014002464604679,FALSE,FALSE
geo_db,sco_rat,anomaly,69,0.15410733359334075,0.2061246616690193,0.2740226525392766,0.022701541179526545,18,3,2,"DE,LT",0.45375726436063285,0.09495166354219364,FALSE,FALSE
geo_db,sco_sco,anomaly,92,-0.06422580343248316,0.5430296786496049,0.029561440279001268,0.7796864127898065,3,4,2,"DE,LT",0.7794468473208224,0.9147052793948706,FALSE,FALSE
geo_db,tet_gab,anomaly,115,0.01871090419597836,0.8426715066333721,0.006951787264262607,0.9412203777847068,10,5,1,DE,0.9627672082913349,0.9814147847628528,FALSE,FALSE
geo_db,tet_spp,anomaly,115,-0.18216924236613297,0.051349971929785666,-0.07212972461137854,0.44364436225676107,3,5,1,DE,0.17674476100141273,0.7113097941516736,FALSE,FALSE
geo_db,tha_pit,anomaly,64,0.22369384456393768,0.07558938304139115,0.27614468864468866,0.027191437304514253,34,3,3,"BG,DE,HR",0.23084757614545487,0.10809158135100294,FALSE,FALSE
geo_db,tha_pro,anomaly,138,0.036687437758087665,0.6692311021241157,0.09605949007851794,0.2623844007017264,11,6,1,DE,0.8723581575113812,0.5326502669579342,FALSE,FALSE
geo_db,tom_spp,anomaly,464,-0.011273203120607828,0.8086368724906198,-0.025929113659478517,0.5774472562039549,141,22,3,"DE,LT,PL",0.9417780524648622,0.7969932000978545,FALSE,FALSE
geo_db,tor_vir,anomaly,565,0.10611239900018257,0.01160919896440967,0.14076664672893716,7.9280133041917e-4,202,27,5,"BG,DE,LT,PL,RO",0.05556243484458757,0.006574783447096909,FALSE,FALSE
geo_db,uro_sir_spp,anomaly,46,-0.027321617300328952,0.8569656490400562,-0.25727048438063654,0.084336617581071055,1,2,1,DE,0.9676067539630682,0.2543317433009102,FALSE,FALSE
geo_db,xyl_lin,anomaly,161,0.28127738135398567,3.009817668443063e-4,0.2905567057740971,1.8474038677602882e-4,39,7,1,DE,0.00298499442994044,0.0020128475469988806,FALSE,FALSE
geo_db,xyl_spp,anomaly,161,0.2646776443473938,6.914912403326329e-4,0.27819760754543366,3.526053990317348e-4,37,7,1,DE,0.005590038430252041,0.0032305370844621798,FALSE,FALSE
geo_db,zei_gri,anomaly,23,-0.39980411255574,0.05873519630810966,-0.4104848694454814,0.051706873305810884,2,1,1,DE,0.19471210467207092,0.18088004407341843,FALSE,FALSE
ips_acu,ips_ami,anomaly,23,-0.002625318340097152,0.9905146364939841,-0.012266556758810493,0.9557006602051813,1,1,1,DE,0.9998689195248821,0.9905133367493923,FALSE,FALSE
ips_acu,ips_cem,anomaly,161,0.36630251970781685,1.7634454143748997e-6,0.2785397975615367,3.464890901287193e-4,58,7,1,DE,3.855532928701485e-5,0.0032050240836906533,FALSE,FALSE
ips_acu,ips_dup,anomaly,205,0.12784238472089895,0.06773967298527318,0.13401122703402932,0.055407621440009956,161,9,2,"CZ,SK",0.21436041253892368,0.1908807426243208,FALSE,FALSE
ips_acu,ips_sex,anomaly,340,0.3025601855967626,1.2529921831111355e-8,0.3374531532177919,1.6834542279488645e-10,197,15,3,"BG,CZ,DE",4.4643647413070824e-7,8.097414836434038e-9,FALSE,FALSE
ips_acu,ips_typ,anomaly,728,0.16945067859186227,4.276735203875495e-6,0.1394452876189083,1.6037397498939613e-4,352,34,6,"BG,CZ,DE,LT,PL,SK",8.067096600251424e-5,0.0018150560463505775,FALSE,FALSE
ips_acu,lym_dis,anomaly,362,0.09711438634474995,0.06493554218018974,0.04436336891082485,0.4000310310387992,66,16,5,"BG,CZ,DE,LT,SK",0.20822663859114174,0.6763266289267572,FALSE,FALSE
ips_acu,lym_mon,anomaly,576,0.01647264417826194,0.6932034971357639,0.03234634415894306,0.43844092694064574,176,27,4,"CZ,DE,LT,PL",0.8879650655720437,0.7076848518739953,FALSE,FALSE
ips_acu,mel_spp,anomaly,458,-0.012329671949844752,0.7924307741594785,-0.029296506743824235,0.5317127941478242,92,22,2,"DE,PL",0.9361415780133115,0.7680295915468572,FALSE,FALSE
ips_acu,neo_ser,anomaly,110,-0.14670396473755526,0.12617653832465778,-0.19567300305872595,0.04049729732102089,29,5,3,"BG,CZ,DE",0.335308922288179,0.14981759080190707,FALSE,FALSE
ips_acu,ope_spp,anomaly,115,0.1926110670573984,0.03917805184616189,0.09903435487693617,0.29233437984637123,14,5,1,DE,0.148383015259873,0.5665487225074823,FALSE,FALSE
ips_acu,pan_fla,anomaly,441,0.027699793893564015,0.5618093879804698,-2.623428920240389e-4,0.995616791532951,48,21,4,"CZ,DE,LT,PL",0.79246426867626385,0.9992379378345236,FALSE,FALSE
ips_acu,pha_cya,anomaly,688,0.10947960224953245,0.004039665579811972,0.055391318817973045,0.14667598131892493,251,32,4,"CZ,DE,LT,PL",0.024911271075507165,0.37328649213969783,FALSE,FALSE
ips_acu,pis_pin,anomaly,161,0.3572102759610169,3.2941227118589976e-6,0.42219921785139175,2.427152019052997e-8,61,7,2,"DE,LT",6.467236834302766e-5,7.532000781706397e-7,FALSE,FALSE
ips_acu,pit_bid,anomaly,115,0.5121560581936346,4.8985732594981686e-9,0.32481653909887165,3.974727556438373e-4,46,5,1,DE,2.0488815111466255e-7,0.0035735401021436586,FALSE,FALSE
ips_acu,pit_cha,anomaly,206,0.29864395446153635,1.299542578922766e-5,0.24890952581961445,3.088839556979491e-4,98,9,3,"DE,LT,SK",2.0835999348728352e-4,0.00297146365381427,FALSE,FALSE
ips_acu,pit_spp,anomaly,230,0.056893778675920235,0.39043339326259874,0.0603340081221228,0.3623716345483431,121,10,2,"CZ,DE",0.6497800021350626,0.6445705166715455,FALSE,FALSE
ips_acu,pol_pol,anomaly,207,0.2606312027064596,1.4890667743210865e-4,0.27157001223062854,7.5517731394666e-5,147,9,2,"CZ,LT",0.001665677019647541,9.704542669572332e-4,FALSE,FALSE
ips_acu,pri_abi,anomaly,276,-0.07760347390080992,0.19867569250609055,-0.06263495098528846,0.29979840755830484,115,12,2,"CZ,DE",0.44255214601837517,0.5745140798228869,FALSE,FALSE
ips_acu,sap_car,anomaly,0,NA,NA,NA,NA,0,0,0,,NA,NA,TRUE,FALSE
ips_acu,sco_int,anomaly,322,0.2563119425829086,3.1692395438315636e-6,0.22245787042120685,5.651415645822185e-5,126,14,2,"CZ,DE",6.351684252429093e-5,7.995090957766091e-4,FALSE,FALSE
ips_acu,sco_rat,anomaly,276,0.2653773304363497,7.852730948599181e-6,0.23255204691713874,9.638942012735412e-5,111,12,3,"CZ,DE,LT",1.3989494763985949e-4,0.001173754710917907,FALSE,FALSE
ips_acu,sco_sco,anomaly,115,-0.0013366180045702978,0.9886887286642665,-0.026853744608135256,0.7757362419287365,16,5,2,"DE,LT",0.9998689195248821,0.9145321871757899,FALSE,FALSE
ips_acu,tet_gab,anomaly,184,0.2111296107518824,0.004016204614568794,0.09801390842018069,0.18561789376290866,25,8,2,"CZ,DE",0.024911271075507165,0.4313150091785462,FALSE,FALSE
ips_acu,tet_spp,anomaly,115,0.02391310469147132,0.799747168913489,-0.10980825376785293,0.2427120477607026,6,5,1,DE,0.9393855634856855,0.5072445109449707,FALSE,FALSE
ips_acu,tha_pit,anomaly,41,0.3341546790992371,0.03273915625538851,0.27299651567944255,0.08417735600332044,25,2,2,"BG,DE",0.1275103980473026,0.2543317433009102,FALSE,FALSE
ips_acu,tha_pro,anomaly,138,0.17801854433040337,0.03671328231283018,0.1283845028071481,0.1334394828285507,19,6,1,DE,0.14130785314349759,0.35363300958971283,FALSE,FALSE
ips_acu,tom_spp,anomaly,628,0.22037230729422008,2.401645077314743e-8,0.12772077076764146,0.0013392120597291812,229,29,4,"CZ,DE,LT,PL",7.966836428885457e-7,0.009543125936736832,FALSE,FALSE
ips_acu,tor_vir,anomaly,522,0.10445783528645324,0.016968268005727663,1.1402166563507223e-4,0.9979264246022785,102,25,4,"BG,DE,LT,PL",0.07453641014388133,0.9992379378345236,FALSE,FALSE
ips_acu,uro_sir_spp,anomaly,46,0.09928576975890727,0.5115141259422236,0.037771359398615575,0.8031932815343297,1,2,1,DE,0.7444426462275628,0.9316201905361897,FALSE,FALSE
ips_acu,xyl_lin,anomaly,138,-0.074190052671126,0.3871480518922761,-0.02619015546052526,0.7604282424626481,52,6,1,DE,0.6477475091898975,0.903198892273412,FALSE,FALSE
ips_acu,xyl_spp,anomaly,161,-0.06403117587685486,0.4196881039684688,0.01252012882447665,0.8747476002571917,50,7,1,DE,0.6695521658667778,0.9604424983769284,FALSE,FALSE
ips_acu,zei_gri,anomaly,184,0.1461728252649335,0.047712532466289266,0.11440911421464901,0.1220014983799752,69,8,2,"CZ,DE",0.16751626362251926,0.3324800040836718,FALSE,FALSE
ips_ami,ips_cem,anomaly,46,0.10000049409267049,0.5084638946738957,0.1770126653012961,0.23925962708337706,6,2,1,DE,0.7425915909572752,0.5035335273681549,FALSE,FALSE
ips_ami,ips_dup,anomaly,0,NA,NA,NA,NA,0,0,0,,NA,NA,TRUE,FALSE
ips_ami,ips_sex,anomaly,23,-0.21001166030187193,0.3361512248402658,-0.14506536688680235,0.5089848962642611,2,1,1,DE,0.6064733866181594,0.7556226392071284,FALSE,FALSE
ips_ami,ips_typ,anomaly,46,0.025966992909157074,0.8639889240391008,0.1392114505047795,0.35616488988145023,9,2,1,DE,0.9708684824491643,0.6409174796734092,FALSE,FALSE
ips_ami,lym_dis,anomaly,23,-0.03395079652791259,0.877778387164073,-0.053866184027819994,0.8071505211190683,0,1,1,DE,0.9734668072557205,0.9321474205480716,FALSE,FALSE
ips_ami,lym_mon,anomaly,23,-0.3588545804769921,0.0926512116840839,-0.24106450673836274,0.26782977254514073,1,1,1,DE,0.2672753315011633,0.5401514490323382,FALSE,FALSE
ips_ami,mel_spp,anomaly,23,-0.2611238001920939,0.22878778763455643,-0.1775984087253867,0.41753275808788537,0,1,1,DE,0.4890709172766251,0.6913365116704745,FALSE,FALSE
ips_ami,neo_ser,anomaly,0,NA,NA,NA,NA,0,0,0,,NA,NA,TRUE,FALSE
ips_ami,ope_spp,anomaly,23,0.4917549893619408,0.017158801659617102,0.5259919097312451,0.009937872804505907,5,1,1,DE,0.07469125428303915,0.050053579256202525,FALSE,FALSE
ips_ami,pan_fla,anomaly,23,-9.382744889226474e-4,0.9966099181595209,-0.1247988818070285,0.5704674835371006,1,1,1,DE,1,0.7896254951981163,FALSE,FALSE
ips_ami,pha_cya,anomaly,46,-0.3617941706092791,0.013488413449348804,-0.023735646500138322,0.8755801154642061,2,2,1,DE,0.0629895812537551,0.9604424983769284,FALSE,FALSE
ips_ami,pis_pin,anomaly,23,0.08072899841742162,0.7142378290859094,0.07199935488867029,0.7440727098371012,2,1,1,DE,0.8972218434424893,0.9003747759286683,FALSE,FALSE
ips_ami,pit_bid,anomaly,23,-0.03492590045649884,0.8742947254841384,-0.09333249707790592,0.6718778707089301,2,1,1,DE,0.9734668072557205,0.8567199126290896,FALSE,FALSE
ips_ami,pit_cha,anomaly,46,0.14499444735929196,0.33633609067783277,0.23767042857942738,0.11172627085033959,9,2,1,DE,0.6064733866181594,0.3115381813276136,FALSE,FALSE
ips_ami,pit_spp,anomaly,0,NA,NA,NA,NA,0,0,0,,NA,NA,TRUE,FALSE
ips_ami,pol_pol,anomaly,0,NA,NA,NA,NA,0,0,0,,NA,NA,TRUE,FALSE
ips_ami,pri_abi,anomaly,23,-0.02840499776672619,0.8976312299523451,-0.046399584261587516,0.8334897781296082,1,1,1,DE,0.9735301501850687,0.9477744285587271,FALSE,FALSE
ips_ami,sap_car,anomaly,0,NA,NA,NA,NA,0,0,0,,NA,NA,TRUE,FALSE
ips_ami,sco_int,anomaly,46,0.26726903228112253,0.07255132315546987,0.18109419181587016,0.2284243041656852,3,2,1,DE,0.2237614865280595,0.48832040134975374,FALSE,FALSE
ips_ami,sco_rat,anomaly,23,0.09279420264576219,0.6736685301512971,0.030399727619660786,0.890483042494171,2,1,1,DE,0.8728251117225265,0.9637566299760819,FALSE,FALSE
ips_ami,sco_sco,anomaly,46,0.2127392602442819,0.1557628855618408,0.14146370367704658,0.3483593233836395,5,2,1,DE,0.3803144566256113,0.6325521362037804,FALSE,FALSE
ips_ami,tet_gab,anomaly,46,0.23988872902070202,0.10832360855435941,0.17707545801690494,0.2390903244630016,4,2,1,DE,0.3064920924390993,0.5035335273681549,FALSE,FALSE
ips_ami,tet_spp,anomaly,46,-0.21061735721164362,0.1600270575407564,-0.1206875994001742,0.4243234821467967,3,2,1,DE,0.38915663939830775,0.6971925820701818,FALSE,FALSE
ips_ami,tha_pit,anomaly,23,0.005770398590368004,0.9791530988658658,0.08639922586640435,0.6950705344030199,0,1,1,DE,0.9992699968552277,0.8771307403034515,FALSE,FALSE
ips_ami,tha_pro,anomaly,46,-0.06369099743811753,0.6741110053373747,-0.17286834607111323,0.25061443421089086,1,2,1,DE,0.8728251117225265,0.5140534876564542,FALSE,FALSE
ips_ami,tom_spp,anomaly,46,-0.33077645036861836,0.02474798129821898,-0.22134432252113115,0.13932158020698476,3,2,1,DE,0.10022724502447282,0.36127560685382304,FALSE,FALSE
ips_ami,tor_vir,anomaly,46,0.18247239874123186,0.2248429772429421,0.1846105838899647,0.21936379806870296,7,2,1,DE,0.48606504293867486,0.4767956295199426,FALSE,FALSE
ips_ami,uro_sir_spp,anomaly,23,0.022451909825529227,0.9190080497180584,0.1144266688168994,0.6031465490767735,0,1,1,DE,0.9812272406534651,0.8160717021263799,FALSE,FALSE
ips_ami,xyl_lin,anomaly,46,0.19323021952537317,0.19821637468554423,0.25933391546447426,0.08178951563348522,9,2,1,DE,0.44255214601837517,0.25137863910355523,FALSE,FALSE
ips_ami,xyl_spp,anomaly,46,-0.038752904183766104,0.7981843302090477,0.02982653991419498,0.8440076108506969,4,2,1,DE,0.9386959971407137,0.949453276640307,FALSE,FALSE
ips_ami,zei_gri,anomaly,0,NA,NA,NA,NA,0,0,0,,NA,NA,TRUE,FALSE
ips_cem,ips_dup,anomaly,0,NA,NA,NA,NA,0,0,0,,NA,NA,TRUE,FALSE
ips_cem,ips_sex,anomaly,184,0.30453456667600287,2.6337006402590716e-5,0.31155246479551535,1.6703198156179815e-5,79,8,1,DE,3.897876947583426e-4,2.74373733534126e-4,FALSE,FALSE
ips_cem,ips_typ,anomaly,253,0.4568084600907263,1.902225010068706e-14,0.4530789876561873,3.280363462369654e-14,188,11,1,DE,1.829940459686095e-12,2.8688269552723703e-12,FALSE,FALSE
ips_cem,lym_dis,anomaly,207,0.17160840143968376,0.013419682968542209,0.17532145988245612,0.01151189728756777,79,9,1,DE,0.06297431714993953,0.056502271380817315,FALSE,FALSE
ips_cem,lym_mon,anomaly,184,0.07402409845340172,0.3179692483014595,0.039252193321371205,0.5967928906479386,54,8,1,DE,0.5859893043410039,0.8097528361118715,FALSE,FALSE
ips_cem,mel_spp,anomaly,207,0.13690204395967798,0.049180760903020294,0.11839762530982456,0.0892981826762376,77,9,1,DE,0.17080105411085028,0.2660951243612305,FALSE,FALSE
ips_cem,neo_ser,anomaly,46,0.015455804844248352,0.9187983464411231,-0.03762180838535613,0.8039571508747576,12,2,1,DE,0.9812272406534651,0.9316201905361897,FALSE,FALSE
ips_cem,ope_spp,anomaly,207,0.23594052294787368,6.205159969086772e-4,0.23547704616292003,6.364963768011178e-4,44,9,1,DE,0.005219544748400657,0.005467049236452458,FALSE,FALSE
ips_cem,pan_fla,anomaly,138,0.0268312565261344,0.7547478388282385,0.029295256273559375,0.7330401390739059,29,6,1,DE,0.9155957389063877,0.8960414406468837,FALSE,FALSE
ips_cem,pha_cya,anomaly,253,0.4380172805427547,2.7723766516804486e-13,0.477496143021648,8.182005047305394e-16,172,11,1,DE,2.424569399015083e-11,8.745654283897543e-14,FALSE,FALSE
ips_cem,pis_pin,anomaly,161,0.29647642532982627,1.3411765019674226e-4,0.34774269611226133,6.18825361302704e-6,62,7,1,DE,0.0015734290181617812,1.1906199951464023e-4,FALSE,FALSE
ips_cem,pit_bid,anomaly,115,0.3354984734379648,2.4700660151832953e-4,0.34854414897814257,1.3491515436863917e-4,63,5,1,DE,0.0025828298984851413,0.0015827851036906207,FALSE,FALSE
ips_cem,pit_cha,anomaly,253,0.5073575272653552,5.894227599359539e-18,0.5199747758802877,6.31360929018261e-19,184,11,1,DE,9.45041158430646e-16,8.67670305307953e-17,FALSE,FALSE
ips_cem,pit_spp,anomaly,92,1.7915386292261608e-4,0.9986476754261995,-0.015720604780913333,0.8817633266385356,57,4,1,DE,1,0.9628335076348142,FALSE,FALSE
ips_cem,pol_pol,anomaly,0,NA,NA,NA,NA,0,0,0,,NA,NA,TRUE,FALSE
ips_cem,pri_abi,anomaly,184,0.06695885205292612,0.36647368457509844,0.042150989193041936,0.5699535181403612,48,8,1,DE,0.6284272452072098,0.7896254951981163,FALSE,FALSE
ips_cem,sap_car,anomaly,0,NA,NA,NA,NA,0,0,0,,NA,NA,TRUE,FALSE
ips_cem,sco_int,anomaly,184,0.24191476226764225,9.382777007653192e-4,0.17325037082699232,0.018678774921689234,64,8,1,DE,0.0070517433448143525,0.0821391376395841,FALSE,FALSE
ips_cem,sco_rat,anomaly,69,0.44951264706817856,1.0676263484423867e-4,0.380306905370844,0.0012668063428284014,37,3,1,DE,0.0013000715787361721,0.009162915051134753,FALSE,FALSE
ips_cem,sco_sco,anomaly,115,0.16807574733272307,0.0725712929280193,0.11776337913250146,0.210044851558428,25,5,1,DE,0.2237614865280595,0.46238706452907946,FALSE,FALSE
ips_cem,tet_gab,anomaly,207,0.3835359345646558,1.1678182823115467e-8,0.42860776482557833,1.1720683231038831e-10,87,9,1,DE,4.320927644552723e-7,5.9343669832943976e-9,FALSE,FALSE
ips_cem,tet_spp,anomaly,184,0.30296130331186344,2.9121486388651768e-5,0.33462271965479373,3.439627141708848e-6,73,8,1,DE,4.1198338096886766e-4,7.040258107072154e-5,FALSE,FALSE
ips_cem,tha_pit,anomaly,23,0.29551961058258547,0.1709886660468035,0.3804347826086957,0.07332766007090889,11,1,1,DE,0.40241684492590746,0.2355473954308461,FALSE,FALSE
ips_cem,tha_pro,anomaly,230,0.18714785168275483,0.004399772472500459,0.16089249652948154,0.014578008686661998,99,10,1,DE,0.02678848809205975,0.06874531547337667,FALSE,FALSE
ips_cem,tom_spp,anomaly,253,0.319882158874989,1.9916505995825925e-7,0.3266686525844349,1.0559043197227644e-7,162,11,1,DE,5.474193933709869e-6,2.9875881046273508e-6,FALSE,FALSE
ips_cem,tor_vir,anomaly,230,0.13143790225221963,0.04646545102577977,0.12303955774622188,0.062475624284697995,97,10,1,DE,0.16433736723088285,0.2063097898031343,FALSE,FALSE
ips_cem,uro_sir_spp,anomaly,92,0.21047724557374253,0.04402595555919672,0.17147646454631077,0.10217771028801671,12,4,1,DE,0.15922168890205732,0.2908134831274322,FALSE,FALSE
ips_cem,xyl_lin,anomaly,230,0.22678764639118434,5.283904585686113e-4,0.2064316166081877,0.0016461389717260383,137,10,1,DE,0.004621014737663673,0.01139270281151402,FALSE,FALSE
ips_cem,xyl_spp,anomaly,253,0.2549609707765595,4.0723243020729574e-5,0.21791371928311337,4.811935708893919e-4,122,11,1,DE,5.433282270213196e-4,0.00428618717773699,FALSE,FALSE
ips_cem,zei_gri,anomaly,23,-0.20771879122525042,0.3415741015357445,-0.13847682342739132,0.5286136038679972,4,1,1,DE,0.6107700477274838,0.765309099852616,FALSE,FALSE
ips_dup,ips_sex,anomaly,184,0.008088375132060593,0.9132261698002995,0.06716688177842846,0.3649832279520038,136,8,1,CZ,0.9794019792061184,0.6466185364453547,FALSE,FALSE
ips_dup,ips_typ,anomaly,227,0.21267587331046936,0.0012661077290582103,0.1769675543581968,0.007524501524179896,183,10,3,"CZ,RO,SK",0.009369197195030756,0.03977236519923659,FALSE,FALSE
ips_dup,lym_dis,anomaly,181,-0.0771820489426577,0.3017323104329231,-0.11310690847626399,0.12951316676627894,28,8,3,"CZ,RO,SK",0.5636242381290719,0.34512926988687076,FALSE,FALSE
ips_dup,lym_mon,anomaly,138,0.03740859169798879,0.663122069368488,0.06365228350483687,0.45827144933061414,81,6,1,CZ,0.8718422141386646,0.7201446156736534,FALSE,FALSE
ips_dup,mel_spp,anomaly,0,NA,NA,NA,NA,0,0,0,,NA,NA,TRUE,FALSE
ips_dup,neo_ser,anomaly,46,-0.008130472862178655,0.957232495917123,0.21064643834626134,0.1599680461607149,2,2,1,CZ,0.9891059732247823,0.39257464389440744,FALSE,FALSE
ips_dup,ope_spp,anomaly,0,NA,NA,NA,NA,0,0,0,,NA,NA,TRUE,FALSE
ips_dup,pan_fla,anomaly,23,0.4491571631350562,0.0315530556623618,0.4723320158102767,0.022858637065060545,1,1,1,CZ,0.12440180142291825,0.09519484353501405,FALSE,FALSE
ips_dup,pha_cya,anomaly,184,0.03153580333940368,0.6708636547524653,0.023233996648109264,0.7542382925633658,134,8,1,CZ,0.8728251117225265,0.9027639288053841,FALSE,FALSE
ips_dup,pis_pin,anomaly,0,NA,NA,NA,NA,0,0,0,,NA,NA,TRUE,FALSE
ips_dup,pit_bid,anomaly,0,NA,NA,NA,NA,0,0,0,,NA,NA,TRUE,FALSE
ips_dup,pit_cha,anomaly,21,0.3376826194703534,0.13437209515641083,0.38701298701298703,0.08306017415904395,21,1,1,SK,0.3465575215562124,0.25286040361076034,FALSE,FALSE
ips_dup,pit_spp,anomaly,184,0.15040880326765643,0.04155506353275247,0.1315154784149795,0.07515078763871291,125,8,1,CZ,0.153978929145059,0.24018291597488975,FALSE,FALSE
ips_dup,pol_pol,anomaly,184,0.06634340538175333,0.37090513322004726,0.07834370364662595,0.29047086282569956,132,8,1,CZ,0.6348945518820026,0.5656537855026781,FALSE,FALSE
ips_dup,pri_abi,anomaly,161,-0.08747847739198707,0.26983374790476017,-0.11370772946859904,0.15094267279866,94,7,1,CZ,0.5276017591145921,0.38012264720500244,FALSE,FALSE
ips_dup,sap_car,anomaly,0,NA,NA,NA,NA,0,0,0,,NA,NA,TRUE,FALSE
ips_dup,sco_int,anomaly,184,0.013564064202672208,0.8549969633966212,-0.028781953728496845,0.69813653995744,86,8,1,CZ,0.9665183064483543,0.877918106456284,FALSE,FALSE
ips_dup,sco_rat,anomaly,184,0.02636170763150118,0.7224304339528095,0.06782570168172448,0.3602878508231142,80,8,1,CZ,0.89790449284574,0.6430369433985823,FALSE,FALSE
ips_dup,sco_sco,anomaly,0,NA,NA,NA,NA,0,0,0,,NA,NA,TRUE,FALSE
ips_dup,tet_gab,anomaly,46,-0.029419079372568845,0.8461127358661987,0.21270428615479492,0.15583248779515543,4,2,1,CZ,0.9630162605581999,0.38707510057173294,FALSE,FALSE
ips_dup,tet_spp,anomaly,0,NA,NA,NA,NA,0,0,0,,NA,NA,TRUE,FALSE
ips_dup,tha_pit,anomaly,0,NA,NA,NA,NA,0,0,0,,NA,NA,TRUE,FALSE
ips_dup,tha_pro,anomaly,0,NA,NA,NA,NA,0,0,0,,NA,NA,TRUE,FALSE
ips_dup,tom_spp,anomaly,184,0.05237689511125323,0.4801148210283557,0.11475987748261446,0.12085386103900694,150,8,1,CZ,0.7216725903582472,0.33085978316169534,FALSE,FALSE
ips_dup,tor_vir,anomaly,22,0.5094007000414424,0.015455714856338629,0.6521739130434782,0.0010049095006007737,6,1,1,RO,0.07013395137640455,0.007796152738531809,FALSE,FALSE
ips_dup,uro_sir_spp,anomaly,0,NA,NA,NA,NA,0,0,0,,NA,NA,TRUE,FALSE
ips_dup,xyl_lin,anomaly,0,NA,NA,NA,NA,0,0,0,,NA,NA,TRUE,FALSE
ips_dup,xyl_spp,anomaly,0,NA,NA,NA,NA,0,0,0,,NA,NA,TRUE,FALSE
ips_dup,zei_gri,anomaly,161,0.018611316737836926,0.8147277275951657,-0.08150037528286423,0.30405474691346795,69,7,1,CZ,0.9437331580634217,0.5792092406549627,FALSE,FALSE
ips_sex,ips_typ,anomaly,386,0.3402881982845565,6.41962583823106e-12,0.3527977404231615,9.349258642960217e-13,237,17,3,"BG,CZ,DE",3.632752974340165e-10,5.995991209685153e-11,FALSE,FALSE
ips_sex,lym_dis,anomaly,317,0.05196047630171467,0.3564772522249938,-0.012944281594629802,0.8184293651685322,46,14,3,"BG,CZ,DE",0.6212520228993552,0.9370581382237622,FALSE,FALSE
ips_sex,lym_mon,anomaly,276,0.03316951213569029,0.583209006873239,0.02168896783279447,0.7197962706356493,114,12,2,"CZ,DE",0.8107616540636646,0.8854782766643153,FALSE,FALSE
ips_sex,mel_spp,anomaly,161,-0.012341454777959818,0.8765207633475662,-0.0038848631239935586,0.9609914313060848,19,7,1,DE,0.9734668072557205,0.9905133367493923,FALSE,FALSE
ips_sex,neo_ser,anomaly,110,0.10352017382532314,0.2818286867812909,0.12219925348281412,0.20345558440048783,28,5,3,"BG,CZ,DE",0.5390043671642184,0.45092690608633945,FALSE,FALSE
ips_sex,ope_spp,anomaly,161,0.12412930798171459,0.11668856570216883,-0.0026613851144833304,0.9732709813941354,17,7,1,DE,0.31663683981890023,0.9905133367493923,FALSE,FALSE
ips_sex,pan_fla,anomaly,115,0.177973517229113,0.057050333311253025,0.2031647331882214,0.029431150576958214,18,5,2,"CZ,DE",0.18990456970735436,0.11603592973374509,FALSE,FALSE
ips_sex,pha_cya,anomaly,368,0.4191066172070308,4.3712066182594803e-17,0.44465868221341076,2.8756149286230057e-19,207,16,2,"CZ,DE",6.007286809665171e-15,4.6105692688922194e-17,FALSE,FALSE
ips_sex,pis_pin,anomaly,138,0.28097810345902857,8.431231275151102e-4,0.24540570653600885,0.0037180578078665483,51,6,1,DE,0.00648807389964581,0.022637795007389994,FALSE,FALSE
ips_sex,pit_bid,anomaly,115,0.3226897801741528,4.36063793299443e-4,0.4458770614692654,5.919742793910574e-7,62,5,1,DE,0.003920498777140786,1.4658732293013804e-5,FALSE,FALSE
ips_sex,pit_cha,anomaly,184,0.29314799061054403,5.380854073147974e-5,0.39889040858392244,2.041082978585391e-8,79,8,1,DE,6.901842157824468e-4,7.012577947854092e-7,FALSE,FALSE
ips_sex,pit_spp,anomaly,253,0.1618728281279168,0.009907935818469766,0.2040315612722323,0.0010998746860695907,120,11,2,"CZ,DE",0.04938566972729489,0.008242170590826032,FALSE,FALSE
ips_sex,pol_pol,anomaly,184,0.0011026676875831964,0.988147553404524,0.03955423705958274,0.5939698610341521,123,8,1,CZ,0.9998689195248821,0.8082022720153526,FALSE,FALSE
ips_sex,pri_abi,anomaly,322,-0.04082215992630844,0.4654005390134939,-0.06106831404700363,0.2745737995865208,121,14,2,"CZ,DE",0.7084103141312992,0.5481477582908908,FALSE,FALSE
ips_sex,sap_car,anomaly,0,NA,NA,NA,NA,0,0,0,,NA,NA,TRUE,FALSE
ips_sex,sco_int,anomaly,345,0.18436087229872444,5.785650920302317e-4,0.15904574598035034,0.00305349850862109,132,15,2,"CZ,DE",0.004969460879759668,0.019074451722684994,FALSE,FALSE
ips_sex,sco_rat,anomaly,253,0.189627778676756,0.0024552185677666344,0.17503345678628118,0.005240347149483396,111,11,2,"CZ,DE",0.01606748477681294,0.029309383475598996,FALSE,FALSE
ips_sex,sco_sco,anomaly,92,0.20637898090517215,0.048409528156689904,0.10970270534419145,0.2978800124880837,22,4,1,DE,0.1690730070738294,0.573121144027073,FALSE,FALSE
ips_sex,tet_gab,anomaly,207,0.1460729836051633,0.03571336087788616,0.10683264603695167,0.12548923572552842,31,9,2,"CZ,DE",0.1385332788892197,0.33815306657691413,FALSE,FALSE
ips_sex,tet_spp,anomaly,115,0.049582453292420225,0.598729923130352,-0.1315237118282964,0.1611778325846075,11,5,1,DE,0.8240031273982812,0.39350939451546313,FALSE,FALSE
ips_sex,tha_pit,anomaly,41,0.24433755095142537,0.1236625146586294,0.21306620209059238,0.18105430704150305,25,2,2,"BG,DE",0.33045371972667076,0.4248152277412827,FALSE,FALSE
ips_sex,tha_pro,anomaly,161,0.05649064412638527,0.4766075328519347,0.00920749942489073,0.9077141992971391,27,7,1,DE,0.7186464680306601,0.9700076052339917,FALSE,FALSE
ips_sex,tom_spp,anomaly,368,0.36776000215464966,3.1499617775906485e-13,0.35999907295211786,1.0583340764566407e-12,220,16,2,"CZ,DE",2.5252193583685035e-11,6.198731884146397e-11,FALSE,FALSE
ips_sex,tor_vir,anomaly,179,0.011387729353390892,0.879743047741596,-0.015364174669930742,0.8382514445402038,65,8,2,"BG,DE",0.9734668072557205,0.949453276640307,FALSE,FALSE
ips_sex,uro_sir_spp,anomaly,69,0.24609600548086555,0.041515381740734186,0.22931302383952248,0.05804484419109422,3,3,1,DE,0.153978929145059,0.196616690534622,FALSE,FALSE
ips_sex,xyl_lin,anomaly,184,0.025321446062323862,0.7329599513265567,0.005022056982142513,0.9460573432575159,75,8,1,DE,0.9025422383033671,0.9828371103819982,FALSE,FALSE
ips_sex,xyl_spp,anomaly,184,0.16196954716061568,0.028048006142020646,0.17180751671129432,0.019700907747871258,73,8,1,DE,0.11195926103163428,0.08537060024077545,FALSE,FALSE
ips_sex,zei_gri,anomaly,184,0.0553918710317288,0.45516916331148116,0.09016339757033899,0.2235350413163541,67,8,2,"CZ,DE",0.6994772126288257,0.4817488707112465,FALSE,FALSE
ips_typ,lym_dis,anomaly,622,0.2090640290117094,1.4264597382035697e-7,0.17906387112381553,7.0153549661036685e-6,241,28,10,"AT,BG,CZ,DE,HR,HU,LT,RO,RS,SK",4.036041965152453e-6,1.3099243075685382e-4,FALSE,FALSE
ips_typ,lym_mon,anomaly,665,0.006157886639810521,0.8740629517961744,-0.017418264459826638,0.6538904460618169,392,31,4,"CZ,DE,LT,PL",0.9734668072557205,0.841753782300808,FALSE,FALSE
ips_typ,mel_spp,anomaly,547,-0.004915822243925853,0.9086757100365592,-0.0021274446073282463,0.9604069009898033,374,26,2,"DE,PL",0.9788869351121723,0.9905133367493923,FALSE,FALSE
ips_typ,neo_ser,anomaly,110,-0.08383725249543462,0.38387303905846926,-0.11296994780154929,0.23996680305475088,30,5,3,"BG,CZ,DE",0.6456046565983347,0.5035335273681549,FALSE,FALSE
ips_typ,ope_spp,anomaly,207,0.10331076567040148,0.13851361845815133,0.163328964404507,0.01869903445225459,45,9,1,DE,0.3506581604124778,0.0821391376395841,FALSE,FALSE
ips_typ,pan_fla,anomaly,484,0.16531822777115382,2.5943608549949587e-4,0.16442913854241456,2.803151812149194e-4,183,23,4,"CZ,DE,LT,PL",0.00262713172895279,0.002751665350293392,FALSE,FALSE
ips_typ,pha_cya,anomaly,947,0.3132926573697427,5.1818297445291405e-23,0.30912117200239003,2.0422585862856343e-22,686,44,5,"AT,CZ,DE,LT,PL",2.4924601071185165e-20,6.548842533355935e-20,FALSE,FALSE
ips_typ,pis_pin,anomaly,184,0.2737512811389904,1.6983142837818534e-4,0.2939280691953536,5.128697177898684e-5,82,8,2,"DE,LT",0.0018565662965887987,7.590471823290053e-4,FALSE,FALSE
ips_typ,pit_bid,anomaly,115,0.39025230363932467,1.621443375585625e-5,0.36049869801941137,7.570317546435645e-5,64,5,1,DE,2.557095946415363e-4,9.704542669572332e-4,FALSE,FALSE
ips_typ,pit_cha,anomaly,533,0.6147238482528651,1.051392147687366e-56,0.5992943391004866,2.839623566073878e-53,434,24,6,"AT,DE,IT,LT,SI,SK",1.011439246075246e-53,2.7317178705630707e-50,FALSE,FALSE
ips_typ,pit_spp,anomaly,469,0.31609549488038147,2.422724205363125e-12,0.3265952212284382,4.0505677546039654e-13,363,21,5,"AT,CZ,DE,HR,SI",1.6759570513335942e-10,2.783318699949296e-11,FALSE,FALSE
ips_typ,pol_pol,anomaly,207,0.1772081803949266,0.010637357160292132,0.16749602233983832,0.015851268923273907,161,9,2,"CZ,LT",0.051422801950758955,0.07285228332501609,FALSE,FALSE
ips_typ,pri_abi,anomaly,345,-0.13373756717327842,0.012910520039988993,-0.15489371526093387,0.003926502379182162,157,15,2,"CZ,DE",0.06088196214935986,0.02331663758502,FALSE,FALSE
ips_typ,sap_car,anomaly,0,NA,NA,NA,NA,0,0,0,,NA,NA,TRUE,FALSE
ips_typ,sco_int,anomaly,368,0.14056584192940338,0.006917949817858722,0.07620353167712388,0.14456893488009373,154,16,2,"CZ,DE",0.03738802092573085,0.37086750761240045,FALSE,FALSE
ips_typ,sco_rat,anomaly,276,0.22350212046687,1.8132190644956202e-4,0.19490361153522354,0.001135706985334721,125,12,3,"CZ,DE,LT",0.001938129711160874,0.008340077251083981,FALSE,FALSE
ips_typ,sco_sco,anomaly,138,0.037026632219952796,0.6663549934751887,-0.021215665032481113,0.8049171452695962,27,6,2,"DE,LT",0.8718422141386646,0.9316201905361897,FALSE,FALSE
ips_typ,tet_gab,anomaly,379,0.17379154966742916,6.786093691207142e-4,0.17115259564919336,8.207542792411338e-4,167,17,3,"AT,CZ,DE",0.005532391636390907,0.006691234039237041,FALSE,FALSE
ips_typ,tet_spp,anomaly,184,0.11702441050878785,0.11364520619473378,0.1482344782416058,0.04462676532045648,72,8,1,DE,0.312361966740954,0.1601901053667132,FALSE,FALSE
ips_typ,tha_pit,anomaly,64,-0.008173226013838585,0.9488920737696516,-0.04235347985347985,0.7396635130342606,52,3,3,"BG,DE,HR",0.98638412535406,0.9000455582590207,FALSE,FALSE
ips_typ,tha_pro,anomaly,230,0.07789167497616997,0.23933998091879313,0.05440046947546473,0.4115681508538095,96,10,1,DE,0.5025728655425327,0.6838306171631975,FALSE,FALSE
ips_typ,tom_spp,anomaly,908,0.3027837358730333,1.047499112856745e-20,0.32904890491626837,2.2759352547789115e-24,632,42,5,"AT,CZ,DE,LT,PL",2.519235366420472e-18,1.0947248575486563e-21,FALSE,FALSE
ips_typ,tor_vir,anomaly,633,0.1406921558599321,3.8461546480102334e-4,0.12351182506373395,0.0018501982569791642,335,30,5,"BG,DE,LT,PL,RO",0.003627451736652789,0.012360352244541361,FALSE,FALSE
ips_typ,uro_sir_spp,anomaly,92,0.16085832136372186,0.12557251265507646,-0.023408462982848502,0.8247136046499048,11,4,1,DE,0.33462813621657495,0.9400965219833136,FALSE,FALSE
ips_typ,xyl_lin,anomaly,230,0.11178664884945308,0.09076101415189695,0.07702603073782113,0.24461761745901486,139,10,1,DE,0.2645821079215905,0.5090938734552479,FALSE,FALSE
ips_typ,xyl_spp,anomaly,253,0.2603440667168601,2.7522650413918987e-5,0.22914304684246486,2.3717850486521192e-4,121,11,1,DE,4.0116348027560705e-4,0.0024533948567777835,FALSE,FALSE
ips_typ,zei_gri,anomaly,184,-0.004044081905767608,0.9565503680092405,0.01456361177744985,0.8444422174253605,76,8,2,"CZ,DE",0.9891059732247823,0.949453276640307,FALSE,FALSE
lym_dis,lym_mon,anomaly,299,0.038552243936020525,0.5066357496718766,0.0594913586369436,0.30522106595353066,37,13,3,"CZ,DE,LT",0.7425915909572752,0.5802819475243013,FALSE,FALSE
lym_dis,mel_spp,anomaly,184,0.09586092695244798,0.19551259971871993,0.10349251603706341,0.16210381419882708,44,8,1,DE,0.4415096735432126,0.39350939451546313,FALSE,FALSE
lym_dis,neo_ser,anomaly,87,0.05013846676459501,0.6446647195444669,0.13452775862836483,0.21412647887337458,19,4,3,"BG,CZ,DE",0.8595753107906898,0.46815834699133263,FALSE,FALSE
lym_dis,ope_spp,anomaly,161,0.10881942317164087,0.16941402262147362,0.10540005251340628,0.18329903414718576,23,7,1,DE,0.40141943291097937,0.42833293152094903,FALSE,FALSE
lym_dis,pan_fla,anomaly,184,0.1991661844377919,0.006719818353027706,0.11835665152966167,0.109563921842482,17,8,3,"CZ,DE,LT",0.03672991622507189,0.3063967814315921,FALSE,FALSE
lym_dis,pha_cya,anomaly,494,0.16932974516641894,1.5598175074312107e-4,0.17848602302010727,6.633106693478101e-5,124,22,4,"AT,CZ,DE,LT",0.0017247637266078445,8.987392449473146e-4,FALSE,FALSE
lym_dis,pis_pin,anomaly,161,0.24894371885047295,0.0014504687113558459,0.23274097078444905,0.0029678178400862286,35,7,2,"DE,LT",0.01033593259499499,0.018660397138319948,FALSE,FALSE
lym_dis,pit_bid,anomaly,115,0.11037927863021502,0.24025597701066995,0.0616665351534759,0.5126614552715519,21,5,1,DE,0.5025728655425327,0.7556531039707036,FALSE,FALSE
lym_dis,pit_cha,anomaly,378,0.12277346926472471,0.016934596019847144,0.1148797623185759,0.025514675184822363,143,17,4,"AT,DE,LT,SK",0.07453641014388133,0.10227132303249631,FALSE,FALSE
lym_dis,pit_spp,anomaly,358,0.06996638803512593,0.186562862814961,0.0771494548637235,0.14517072441256418,106,16,4,"AT,CZ,DE,HR",0.42801593543737754,0.37113106365533455,FALSE,FALSE
lym_dis,pol_pol,anomaly,161,0.12547065844176575,0.11275903096712137,0.14762417973051178,0.0616509155593107,18,7,2,"CZ,LT",0.31081429166295343,0.20451096816571346,FALSE,FALSE
lym_dis,pri_abi,anomaly,276,-0.06405334226086477,0.2889654784681887,-0.13801348131838637,0.021823148835127912,24,12,2,"CZ,DE",0.5504648219784192,0.0924840051955641,FALSE,FALSE
lym_dis,sap_car,anomaly,0,NA,NA,NA,NA,0,0,0,,NA,NA,TRUE,FALSE
lym_dis,sco_int,anomaly,299,0.01948718994153727,0.7371834963794439,0.04072774549335978,0.4829349812833438,34,13,2,"CZ,DE",0.9038828080400066,0.7339391026770564,FALSE,FALSE
lym_dis,sco_rat,anomaly,230,0.02250545931770574,0.7342364231268483,0.021719237888719465,0.7431895016548555,21,10,3,"CZ,DE,LT",0.9025422383033671,0.9003747759286683,FALSE,FALSE
lym_dis,sco_sco,anomaly,115,0.13806666933448272,0.1411606731550807,-0.04249474841208,0.6520393315594482,9,5,2,"DE,LT",0.3536368947270512,0.841753782300808,FALSE,FALSE
lym_dis,tet_gab,anomaly,312,0.02004215970228129,0.7243661463632918,0.05628155475602133,0.3217217831306149,74,14,3,"AT,CZ,DE",0.8979899907235653,0.5982142663294551,FALSE,FALSE
lym_dis,tet_spp,anomaly,161,0.12691240205129597,0.10865140733430552,0.20055498044628478,0.01074448563443628,38,7,1,DE,0.3065180464973663,0.05355541544211244,FALSE,FALSE
lym_dis,tha_pit,anomaly,64,0.03436866247082485,0.7874603767174971,0.022985347985347983,0.8569308922467145,31,3,3,"BG,DE,HR",0.9352307190151015,0.9563428287022497,FALSE,FALSE
lym_dis,tha_pro,anomaly,184,0.19880314352412798,0.006822676555881282,0.12981063743715204,0.0790412716207568,54,8,1,DE,0.037081439812190926,0.2476798153067363,FALSE,FALSE
lym_dis,tom_spp,anomaly,494,0.21502995020599466,1.4091057454351833e-6,0.16312665016213507,2.7168427100009884e-4,139,22,4,"AT,CZ,DE,LT",3.2275231597824914e-5,0.002694435759815413,FALSE,FALSE
lym_dis,tor_vir,anomaly,248,-0.09454513560140934,0.13762226057141844,-0.10475098775669477,0.09980142212388816,69,11,4,"BG,DE,LT,RO",0.3504195385724523,0.2891836388047603,FALSE,FALSE
lym_dis,uro_sir_spp,anomaly,69,0.19396229507754656,0.11027818555004013,0.08956735854200007,0.4642398809746642,5,3,1,DE,0.3075003318815612,0.7220936835778784,FALSE,FALSE
lym_dis,xyl_lin,anomaly,184,-0.14203859583426898,0.05443760345778863,-0.20377184026506903,0.005529859041254213,50,8,1,DE,0.18375078781190407,0.030573128722336515,FALSE,FALSE
lym_dis,xyl_spp,anomaly,207,-0.02327364459031797,0.7392347911004709,-0.019092768776179502,0.7848081895382973,50,9,1,DE,0.9047631921611361,0.9184738179268152,FALSE,FALSE
lym_dis,zei_gri,anomaly,138,0.13288173808019027,0.12025441287573574,0.09390237358884843,0.27330117276104426,10,6,2,"CZ,DE",0.3240469052841955,0.5477411004085929,FALSE,FALSE
lym_mon,mel_spp,anomaly,481,0.09466508786561754,0.03794685730040809,0.10460513508953452,0.021761876696970172,241,23,2,"DE,PL",0.14486062191663723,0.0924840051955641,FALSE,FALSE
lym_mon,neo_ser,anomaly,92,0.11472894906539662,0.2761556472660271,0.007306640043296799,0.9448897064173576,8,4,2,"CZ,DE",0.53556236546755,0.982685294674052,FALSE,FALSE
lym_mon,ope_spp,anomaly,138,0.12817700469818274,0.13407351462886707,0.14280250662875174,0.09474826207040953,19,6,1,DE,0.3465575215562124,0.27788971985284744,FALSE,FALSE
lym_mon,pan_fla,anomaly,484,0.16963507180504467,1.7716589297064205e-4,0.20440985566714387,5.805767930548129e-6,159,23,4,"CZ,DE,LT,PL",0.001914984146491659,1.1398262753443469e-4,FALSE,FALSE
lym_mon,pha_cya,anomaly,665,-0.022196336247506655,0.56773961067712575,-0.024452601235103805,0.5290338372162054,363,31,4,"CZ,DE,LT,PL",0.7969044937343923,0.765309099852616,FALSE,FALSE
lym_mon,pis_pin,anomaly,161,-0.01632684077992368,0.8371315851379992,-0.024347250977685763,0.7591704744881381,40,7,2,"DE,LT",0.9587149820270895,0.903198892273412,FALSE,FALSE
lym_mon,pit_bid,anomaly,92,-0.11936820253324332,0.2570702969994977,-0.11788912349922165,0.2630547058221098,29,4,1,DE,0.5195412304905814,0.5327550042123571,FALSE,FALSE
lym_mon,pit_cha,anomaly,207,0.02686555876237278,0.7007880967059352,-0.013685142285574574,0.8448357638296287,59,9,2,"DE,LT",0.8907957524737868,0.949453276640307,FALSE,FALSE
lym_mon,pit_spp,anomaly,184,-0.08364452046596862,0.25895826926666327,-0.051792490994201607,0.48503423468646245,80,8,2,"CZ,DE",0.5197134286831501,0.7348077697139793,FALSE,FALSE
lym_mon,pol_pol,anomaly,161,0.04852984996727999,0.540976432271864,0.06276455026455026,0.42896280975113343,83,7,2,"CZ,LT",0.7790708500681633,0.6986995979013735,FALSE,FALSE
lym_mon,pri_abi,anomaly,276,0.033857574150089956,0.5754166374956519,0.047771436366728044,0.42924268436560475,80,12,2,"CZ,DE",0.8045796588238621,0.6986995979013735,FALSE,FALSE
lym_mon,sap_car,anomaly,0,NA,NA,NA,NA,0,0,0,,NA,NA,TRUE,FALSE
lym_mon,sco_int,anomaly,253,0.08258006069999466,0.19045000026140652,0.08217846287000687,0.19262245239868575,71,11,2,"CZ,DE",0.432105896819512,0.4380680832329449,FALSE,FALSE
lym_mon,sco_rat,anomaly,230,0.08112332308954344,0.2203439709142472,0.04405326968455884,0.5061888829373766,69,10,3,"CZ,DE,LT",0.4795721719898321,0.7547683512948383,FALSE,FALSE
lym_mon,sco_sco,anomaly,92,0.14550538080905925,0.16637868016371266,0.1806301151320195,0.08487796382155934,16,4,2,"DE,LT",0.39791242685986117,0.25516437873856274,FALSE,FALSE
lym_mon,tet_gab,anomaly,207,-0.05380965561185268,0.441266580635449,-0.05211286997276649,0.4558243128605324,18,9,2,"CZ,DE",0.6924933940804272,0.7200377487222203,FALSE,FALSE
lym_mon,tet_spp,anomaly,115,0.28843329668697226,0.001771834920602943,0.30481338278229314,9.255211402453356e-4,11,5,1,DE,0.01226262729223044,0.007358275511702586,FALSE,FALSE
lym_mon,tha_pit,anomaly,23,-0.2918661568914187,0.1765917025920588,-0.191699604743083,0.3808902686961456,6,1,1,DE,0.4109388431241839,0.6629005056211351,FALSE,FALSE
lym_mon,tha_pro,anomaly,161,0.24872997280428036,0.0014646819687504395,0.3337466994001552,1.5150844275996674e-5,30,7,1,DE,0.010360470984837666,2.5570372269313686e-4,FALSE,FALSE
lym_mon,tom_spp,anomaly,605,-0.05468445356413119,0.17918026824813918,-0.03512580180567856,0.3884345088910236,243,28,4,"CZ,DE,LT,PL",0.4153528145896624,0.6672749956306512,FALSE,FALSE
lym_mon,tor_vir,anomaly,504,0.050084907091727644,0.2617281255377134,0.068668610683846,0.12365875480247855,187,24,3,"DE,LT,PL",0.5223702422557682,0.3356577326351468,FALSE,FALSE
lym_mon,uro_sir_spp,anomaly,46,0.2976467407343714,0.044540287898098,0.38486855483775706,0.008264731475402189,1,2,1,DE,0.15928534185119061,0.04251696085206902,FALSE,FALSE
lym_mon,xyl_lin,anomaly,161,0.03543121525802586,0.6554463716700959,0.05945281840824912,0.4537627323266604,47,7,1,DE,0.8682647552350639,0.717960112661591,FALSE,FALSE
lym_mon,xyl_spp,anomaly,184,0.07217810809605579,0.3302204512535958,0.14773704151989003,0.04535558718169386,48,8,1,DE,0.6016516555037105,0.1622010218170613,FALSE,FALSE
lym_mon,zei_gri,anomaly,161,0.1175638758456738,0.13747744702225118,0.06889947751666879,0.3851441694018223,51,7,2,"CZ,DE",0.3504195385724523,0.665069452990803,FALSE,FALSE
mel_spp,neo_ser,anomaly,46,-0.10103697793048631,0.504056906528398,0.011101517228465743,0.9416276988940886,2,2,1,DE,0.7425915909572752,0.9814147847628528,FALSE,FALSE
mel_spp,ope_spp,anomaly,161,0.07620576637757534,0.3366494682475022,0.04784501877442353,0.5467081332463029,15,7,1,DE,0.6064733866181594,0.7735337744312513,FALSE,FALSE
mel_spp,pan_fla,anomaly,415,0.15634150420584497,0.0013984024317070568,0.17838880606036187,2.5976751830131966e-4,155,20,2,"DE,PL",0.010077382733346772,0.002619817424343499,FALSE,FALSE
mel_spp,pha_cya,anomaly,547,0.08892352881564272,0.03760734518868547,0.08631569793981889,0.043601317265211575,341,26,2,"DE,PL",0.14413651821320886,0.1570953828057436,FALSE,FALSE
mel_spp,pis_pin,anomaly,138,0.03574574687323915,0.6772409990986479,0.003605113370427111,0.9665262730963614,21,6,1,DE,0.8745044847421467,0.9905133367493923,FALSE,FALSE
mel_spp,pit_bid,anomaly,92,-0.12908524642709254,0.22006632656598565,-0.19602977667493793,0.061101888009818466,12,4,1,DE,0.4795721719898321,0.20339105974202548,FALSE,FALSE
mel_spp,pit_cha,anomaly,207,-0.1176120624939309,0.09145754668468772,-0.021923131040902256,0.7538654203193702,69,9,1,DE,0.26580712963948516,0.9027639288053841,FALSE,FALSE
mel_spp,pit_spp,anomaly,92,-0.009207907680443267,0.9305813563138677,-0.0947551746990737,0.3689420069940369,44,4,1,DE,0.985924300411829,0.6512334141803,FALSE,FALSE
mel_spp,pol_pol,anomaly,0,NA,NA,NA,NA,0,0,0,,NA,NA,TRUE,FALSE
mel_spp,pri_abi,anomaly,161,0.14109345680108865,0.07421794014820361,0.04587934207499425,0.5633234956792263,9,7,1,DE,0.2281075348963958,0.7860957894948747,FALSE,FALSE
mel_spp,sap_car,anomaly,0,NA,NA,NA,NA,0,0,0,,NA,NA,TRUE,FALSE
mel_spp,sco_int,anomaly,138,0.08376059001557831,0.32870198394276506,0.06299929906915469,0.4629047715615606,23,6,1,DE,0.6000214583547249,0.7217413131964688,FALSE,FALSE
mel_spp,sco_rat,anomaly,69,0.1747652863196074,0.15092608305325309,-0.057800511508951415,0.6371049122331236,10,3,1,DE,0.37048140986622247,0.8327376706090557,FALSE,FALSE
mel_spp,sco_sco,anomaly,92,-0.18673306760685351,0.07469966611346876,-0.22444797248871332,0.031482683895765154,5,4,1,DE,0.22885693885718772,0.1226167688571906,FALSE,FALSE
mel_spp,tet_gab,anomaly,184,0.07208001603343017,0.33087982361579094,0.10302248078441947,0.16402924561892113,60,8,1,DE,0.601713403248376,0.3954790332967472,FALSE,FALSE
mel_spp,tet_spp,anomaly,161,0.3412585056020712,9.420201277565125e-6,0.34430066712675406,7.743671811316262e-6,56,7,1,DE,1.647678841639573e-4,1.4055494872615556e-4,FALSE,FALSE
mel_spp,tha_pit,anomaly,23,-0.17324492192190089,0.4292212620608121,-0.1541501976284585,0.4825129524075381,2,1,1,DE,0.6813710463737644,0.7339391026770564,FALSE,FALSE
mel_spp,tha_pro,anomaly,184,0.28434324741531114,9.161472124488958e-5,0.2731097455259964,1.7616044155027355e-4,59,8,1,DE,0.0011445891147738153,0.001947889020360496,FALSE,FALSE
mel_spp,tom_spp,anomaly,487,0.09468480684539406,0.03672241505808149,0.10428742128754229,0.021347119799280802,189,23,2,"DE,PL",0.14130785314349759,0.09127079665292503,FALSE,FALSE
mel_spp,tor_vir,anomaly,524,-0.03342774845452436,0.4451162775475188,-0.014205937976317319,0.7456135958138566,193,25,2,"DE,PL",0.694006254458206,0.9011058783579523,FALSE,FALSE
mel_spp,uro_sir_spp,anomaly,69,0.1681662407728021,0.16720734296323822,0.27326039799793045,0.02309681873990434,6,3,1,DE,0.39791242685986117,0.09536111428235183,FALSE,FALSE
mel_spp,xyl_lin,anomaly,184,-0.03374624863947371,0.6492772818830841,-0.06014910134653541,0.4173216892566698,35,8,1,DE,0.8639069781072294,0.6913365116704745,FALSE,FALSE
mel_spp,xyl_spp,anomaly,207,-0.03064944830134782,0.6610952522323531,-0.03120163219361194,0.6553779448475106,35,9,1,DE,0.8718422141386646,0.841753782300808,FALSE,FALSE
mel_spp,zei_gri,anomaly,23,0.12894555502531332,0.5576256951055871,-0.02769536468547826,0.9001761120087897,2,1,1,DE,0.7877179422783772,0.9675635974887773,FALSE,FALSE
neo_ser,ope_spp,anomaly,46,0.022489752745831478,0.8820635571292823,0.07913402824893605,0.6011388586030143,7,2,1,DE,0.9734668072557205,0.8145008196846475,FALSE,FALSE
neo_ser,pan_fla,anomaly,69,-0.07619251322936733,0.5337803398794078,0.08416474870590362,0.4917209908994553,2,3,2,"CZ,DE",0.7698601003957876,0.7426494841302561,FALSE,FALSE
neo_ser,pha_cya,anomaly,92,0.09326984848930034,0.37652836790670774,0.05869205055876068,0.5783908573551635,14,4,2,"CZ,DE",0.6388364901697581,0.7971518693061135,FALSE,FALSE
neo_ser,pis_pin,anomaly,46,0.011004938717794763,0.9421346489911243,-0.07734057002497802,0.6094352943515546,11,2,1,DE,0.98638412535406,0.8183536012956119,FALSE,FALSE
neo_ser,pit_bid,anomaly,46,0.13856510408049816,0.35842441628462973,0.10583446424470676,0.4839149976612751,11,2,1,DE,0.6234076604346449,0.7342684980286224,FALSE,FALSE
neo_ser,pit_cha,anomaly,46,0.15613227080785114,0.3001230899254897,0.1332182067415889,0.3774484527363531,12,2,1,DE,0.5626783752267457,0.6589934873545765,FALSE,FALSE
neo_ser,pit_spp,anomaly,46,-0.05806536642634244,0.7014943274189042,-0.020848754366335678,0.890614652002331,1,2,1,CZ,0.8907957524737868,0.9637566299760819,FALSE,FALSE
neo_ser,pol_pol,anomaly,46,0.15131620715784017,0.31546159274319585,5.551443470326068e-4,0.9970785126198264,2,2,1,CZ,0.5836039465749123,0.9992379378345236,FALSE,FALSE
neo_ser,pri_abi,anomaly,92,0.09615369771132602,0.36188511205196094,-0.061212378928125706,0.5621541243176125,9,4,2,"CZ,DE",0.62501522045599,0.7860957894948747,FALSE,FALSE
neo_ser,sap_car,anomaly,0,NA,NA,NA,NA,0,0,0,,NA,NA,TRUE,FALSE
neo_ser,sco_int,anomaly,92,-0.10040256977819945,0.340960316456959,-0.11026243930316877,0.29540668191263864,6,4,2,"CZ,DE",0.6107700477274838,0.5706450361444947,FALSE,FALSE
neo_ser,sco_rat,anomaly,92,0.08529492791621249,0.4188551585330914,-0.014335812743177261,0.8921128498050128,7,4,2,"CZ,DE",0.6693333264266345,0.9637566299760819,FALSE,FALSE
neo_ser,sco_sco,anomaly,46,-0.03478201868503957,0.818495625324373,-0.14970055925006054,0.320716586293653,3,2,1,DE,0.9452494496543179,0.5982142663294551,FALSE,FALSE
neo_ser,tet_gab,anomaly,69,-0.3062052557980981,0.01050192905119259,0.05510034448979592,0.6529425626800922,6,3,2,"CZ,DE",0.05136027702684248,0.841753782300808,FALSE,FALSE
neo_ser,tet_spp,anomaly,23,-0.5326589141982495,0.008877331211413233,-0.2629108061483038,0.2255025489669967,0,1,1,DE,0.04542549268818899,0.4834026764372801,FALSE,FALSE
neo_ser,tha_pit,anomaly,18,-0.09061769681712895,0.7206467002210866,-0.16417142094876477,0.5150748149569953,16,1,1,BG,0.89790449284574,0.7556531039707036,FALSE,FALSE
neo_ser,tha_pro,anomaly,23,0.016308945166665104,0.941123544550736,-0.1329379828080709,0.5453862625141471,1,1,1,DE,0.98638412535406,0.7735337744312513,FALSE,FALSE
neo_ser,tom_spp,anomaly,92,-0.025910497869168624,0.8063264141428246,0.029003044813212923,0.7837452757785274,14,4,2,"CZ,DE",0.9412469296363625,0.9183470831899432,FALSE,FALSE
neo_ser,tor_vir,anomaly,64,0.1126236960530652,0.37558767197532417,-0.014492255923927515,0.9095081703961129,18,3,2,"BG,DE",0.6388364901697581,0.9700076052339917,FALSE,FALSE
neo_ser,uro_sir_spp,anomaly,23,0.09987997997380227,0.6502378607372765,0.03508156813502841,0.8737387935192866,1,1,1,DE,0.8639900856757735,0.9604424983769284,FALSE,FALSE
neo_ser,xyl_lin,anomaly,46,-0.02099653902038721,0.8898440412705517,-0.16146540057846287,0.2837078145385801,11,2,1,DE,0.9734668072557205,0.5592764704633485,FALSE,FALSE
neo_ser,xyl_spp,anomaly,46,0.055437061670985645,0.7144198878138741,-0.05834464054515885,0.70012571761105,12,2,1,DE,0.8972218434424893,0.8781237814104695,FALSE,FALSE
neo_ser,zei_gri,anomaly,69,0.08262051785260147,0.4997297894093349,0.15638446586326152,0.19941959748416557,3,3,2,"CZ,DE",0.7384639898798466,0.4492778753624526,FALSE,FALSE
ope_spp,pan_fla,anomaly,92,-0.15529812540171226,0.13935824757620033,-0.16915323204129876,0.10698020600101314,5,4,1,DE,0.3511013638509161,0.3018033964016852,FALSE,FALSE
ope_spp,pha_cya,anomaly,207,0.08365736448104956,0.23074836424841902,0.1255596614309508,0.07143682619487235,40,9,1,DE,0.4892259716765883,0.23138796902177508,FALSE,FALSE
ope_spp,pis_pin,anomaly,115,0.02191126114946468,0.8162016502170134,0.13661067438006114,0.1454432546757392,13,5,1,DE,0.9437331580634217,0.37113106365533455,FALSE,FALSE
ope_spp,pit_bid,anomaly,92,0.11722059316457682,0.2657903851953985,0.06889430043048797,0.5140452213133391,14,4,1,DE,0.5235769136592766,0.7556531039707036,FALSE,FALSE
ope_spp,pit_cha,anomaly,207,0.06386256815233708,0.36061595305397964,0.10713839962279582,0.12440479923467268,43,9,1,DE,0.62501522045599,0.336172519280211,FALSE,FALSE
ope_spp,pit_spp,anomaly,92,-0.05422248191110784,0.6077059882266994,0.002728029345905228,0.9794099878283158,19,4,1,DE,0.8330645460511952,0.9917814824114102,FALSE,FALSE
ope_spp,pol_pol,anomaly,0,NA,NA,NA,NA,0,0,0,,NA,NA,TRUE,FALSE
ope_spp,pri_abi,anomaly,161,-0.005438326250677396,0.9454135264960124,0.008746194301135655,0.9123188434568055,16,7,1,DE,0.98638412535406,0.9718479970355254,FALSE,FALSE
ope_spp,sap_car,anomaly,0,NA,NA,NA,NA,0,0,0,,NA,NA,TRUE,FALSE
ope_spp,sco_int,anomaly,161,0.07518842979769945,0.3431583852673977,-0.04744627087673443,0.5500591233188649,4,7,1,DE,0.6113303085689566,0.7758898484351144,FALSE,FALSE
ope_spp,sco_rat,anomaly,46,-0.029685393621392813,0.8447367152904908,-0.1165042558031766,0.4406739729547431,3,2,1,DE,0.9630162605581999,0.7092123354970974,FALSE,FALSE
ope_spp,sco_sco,anomaly,92,0.2359162901879531,0.02357731066266907,0.29632061068655735,0.004130006961223343,9,4,1,DE,0.09683747469372234,0.024226016443273515,FALSE,FALSE
ope_spp,tet_gab,anomaly,161,0.08545250239417934,0.2811252578244581,0.096390236609554,0.2238479679916083,12,7,1,DE,0.5390043671642184,0.4817488707112465,FALSE,FALSE
ope_spp,tet_spp,anomaly,138,0.10755001729971671,0.2092683230879836,0.13009091615105642,0.12831206893371727,9,6,1,DE,0.45962586029826535,0.34383345491430645,FALSE,FALSE
ope_spp,tha_pit,anomaly,0,NA,NA,NA,NA,0,0,0,,NA,NA,TRUE,FALSE
ope_spp,tha_pro,anomaly,184,0.2598300602275232,3.682354202201757e-4,0.26377718405585765,2.9694192320141153e-4,26,8,1,DE,0.0035073512302159307,0.0028854356577753325,FALSE,FALSE
ope_spp,tom_spp,anomaly,207,0.0962916363836137,0.16752030444723887,0.1430899973898406,0.039701981158902895,39,9,1,DE,0.39791242685986117,0.14772330909374715,FALSE,FALSE
ope_spp,tor_vir,anomaly,184,0.4118505445371596,6.307307500855416e-9,0.42241691517300345,2.3316635199551413e-9,41,8,1,DE,2.4270519263291637e-7,9.346084609153525e-8,FALSE,FALSE
ope_spp,uro_sir_spp,anomaly,92,-0.11306626482536342,0.28322125080440785,-0.13121159990718045,0.21249726474569758,0,4,1,DE,0.5405929430036516,0.46565459837212086,FALSE,FALSE
ope_spp,xyl_lin,anomaly,207,0.04665859310809628,0.5043896495338864,0.04973287445742461,0.4766882953539935,37,9,1,DE,0.7425915909572752,0.7304647432896362,FALSE,FALSE
ope_spp,xyl_spp,anomaly,207,0.0244997332723996,0.726032607285202,0.05455145063382239,0.4349862967832425,32,9,1,DE,0.8988975137816787,0.7044727567432312,FALSE,FALSE
ope_spp,zei_gri,anomaly,23,0.41413975417592763,0.04945780000291194,0.47786310459519515,0.021099541060216758,2,1,1,DE,0.17114533670072404,0.09102133856470188,FALSE,FALSE
pan_fla,pha_cya,anomaly,484,0.1061844655562702,0.019458574989300714,0.10160659140095299,0.025394189956236372,173,23,4,"CZ,DE,LT,PL",0.08282809353852781,0.10221427086987192,FALSE,FALSE
pan_fla,pis_pin,anomaly,138,0.011993117528350928,0.8889675509556352,-0.004486414042361794,0.958349967261387,22,6,2,"DE,LT",0.9734668072557205,0.9905133367493923,FALSE,FALSE
pan_fla,pit_bid,anomaly,92,0.1512751836465536,0.1500258906626886,0.14917620948476484,0.15582928618242184,17,4,1,DE,0.3700638636346319,0.38707510057173294,FALSE,FALSE
pan_fla,pit_cha,anomaly,161,0.11477424179504606,0.14712270383068823,0.05640096618357488,0.47730873963937737,32,7,2,"DE,LT",0.36454137851891466,0.7304647432896362,FALSE,FALSE
pan_fla,pit_spp,anomaly,46,0.24779582403203898,0.09683612149553505,0.3001541782300339,0.04269139778234143,5,2,2,"CZ,DE",0.2764283349516461,0.15476395353644953,FALSE,FALSE
pan_fla,pol_pol,anomaly,46,0.12677092963579997,0.4011692917057714,-0.007215541165587419,0.9620414441433116,4,2,2,"CZ,LT",0.6497800021350626,0.9905133367493923,FALSE,FALSE
pan_fla,pri_abi,anomaly,138,-0.02492574915595366,0.7716686274966288,-0.008657959240213186,0.9197213358877444,12,6,2,"CZ,DE",0.9267730582418938,0.9733464522816394,FALSE,FALSE
pan_fla,sap_car,anomaly,0,NA,NA,NA,NA,0,0,0,,NA,NA,TRUE,FALSE
pan_fla,sco_int,anomaly,115,0.04510088063622152,0.632213861142011,0.11921901611930585,0.20442453390712365,12,5,2,"CZ,DE",0.8524656193805044,0.4510467927033324,FALSE,FALSE
pan_fla,sco_rat,anomaly,115,-0.025224744511271567,0.789012815590274,-0.07163557243387998,0.4467813392436998,11,5,3,"CZ,DE,LT",0.9359190241650353,0.7139595487582046,FALSE,FALSE
pan_fla,sco_sco,anomaly,92,-0.03883144552463266,0.7132428784158762,-0.06243061605087982,0.5543842711346928,7,4,2,"DE,LT",0.8972218434424893,0.7808457815982057,FALSE,FALSE
pan_fla,tet_gab,anomaly,115,-0.020538312419550772,0.8275336976921417,-0.07808261613056205,0.4068425894140859,9,5,2,"CZ,DE",0.9536730867189341,0.6806653408980011,FALSE,FALSE
pan_fla,tet_spp,anomaly,92,0.3076786350071905,0.0028494271200728955,0.2335742798575898,0.025037301311543733,9,4,1,DE,0.018274325930067503,0.10171706815544163,FALSE,FALSE
pan_fla,tha_pit,anomaly,23,-0.09790512400863446,0.6567371815047793,-0.08102766798418971,0.7132239277979073,2,1,1,DE,0.8682647552350639,0.883039148702171,FALSE,FALSE
pan_fla,tha_pro,anomaly,115,0.028864830057443485,0.7594347738012708,-0.03439595991477946,0.7151605967566601,9,5,1,DE,0.917809362307566,0.8841421512308318,FALSE,FALSE
pan_fla,tom_spp,anomaly,424,0.13042218886751097,0.00716397722094051,0.12183204615493798,0.012051651629471477,103,20,4,"CZ,DE,LT,PL",0.038227925865317126,0.05885121252564244,FALSE,FALSE
pan_fla,tor_vir,anomaly,461,0.051138077801480254,0.2732025395220221,0.06334730062920199,0.1745285335921402,118,22,3,"DE,LT,PL",0.5331051582559538,0.4144879407714818,FALSE,FALSE
pan_fla,uro_sir_spp,anomaly,23,0.20460879652723518,0.3490118860636102,0.2852944905166524,0.1869866143280098,0,1,1,DE,0.6160540080609046,0.4324065456335227,FALSE,FALSE
pan_fla,xyl_lin,anomaly,115,0.2612057731467066,0.004807691729770456,0.07164049554170285,0.4467500250839519,23,5,1,DE,0.028823793509081153,0.7139595487582046,FALSE,FALSE
pan_fla,xyl_spp,anomaly,138,0.09835249358224184,0.25111067590435676,0.03348714237115544,0.6965986336713481,26,6,1,DE,0.5134470485403243,0.8771307403034515,FALSE,FALSE
pan_fla,zei_gri,anomaly,46,0.3535271795745735,0.01594598996721412,0.19437419628166844,0.19552192277931757,2,2,2,"CZ,DE",0.07201897816178394,0.441530727027473,FALSE,FALSE
pha_cya,pis_pin,anomaly,184,0.2568599849860177,4.3201127759978967e-4,0.2354472077209069,0.001293810878546925,66,8,2,"DE,LT",0.003920498777140786,0.009288403471359266,FALSE,FALSE
pha_cya,pit_bid,anomaly,115,0.44155308216726846,7.82444214959424e-7,0.39290617848970255,1.4028051835682885e-5,64,5,1,DE,1.9300290635665794e-5,2.4098189046298097e-4,FALSE,FALSE
pha_cya,pit_cha,anomaly,423,0.3279300032220071,4.62114684694876e-12,0.3484858286038268,1.5990388027781511e-13,250,19,3,"AT,DE,LT",2.7784645417279416e-10,1.281896106893818e-11,FALSE,FALSE
pha_cya,pit_spp,anomaly,402,0.13946279060520034,0.005091061486544503,0.1910692141170351,1.1593497901496773e-4,233,18,3,"AT,CZ,DE",0.029503621385878382,0.0013769067878073944,FALSE,FALSE
pha_cya,pol_pol,anomaly,207,0.06565635641475402,0.3472560875545596,0.03557299953458671,0.6108446098382796,125,9,2,"CZ,LT",0.6154437130192676,0.8183536012956119,FALSE,FALSE
pha_cya,pri_abi,anomaly,345,-0.10035672705974671,0.06260568150096352,-0.13177262020958874,0.014310450242661062,139,15,2,"CZ,DE",0.20346846487813142,0.06781602528788148,FALSE,FALSE
pha_cya,sap_car,anomaly,0,NA,NA,NA,NA,0,0,0,,NA,NA,TRUE,FALSE
pha_cya,sco_int,anomaly,368,0.23183726883533257,7.001262411295231e-6,0.19677855867136843,1.451428766614295e-4,143,16,2,"CZ,DE",1.270795177295474e-4,0.0016622315160511332,FALSE,FALSE
pha_cya,sco_rat,anomaly,276,0.22949191337853597,1.1968617513429641e-4,0.23574435296299998,7.666790466606e-5,112,12,3,"CZ,DE,LT",0.0014392262559899144,9.704542669572332e-4,FALSE,FALSE
pha_cya,sco_sco,anomaly,138,0.05661862269707645,0.5095120061982891,-0.04359830582724402,0.6116307483172712,24,6,2,"DE,LT",0.7426523484284152,0.8183536012956119,FALSE,FALSE
pha_cya,tet_gab,anomaly,358,0.1349720319302355,0.010571034148975894,0.14327821977050265,0.006617691653426772,133,16,3,"AT,CZ,DE",0.05136027702684248,0.03556547134411483,FALSE,FALSE
pha_cya,tet_spp,anomaly,184,0.14831917216743132,0.04450365702779176,0.1536360308990387,0.0373245077793544,59,8,1,DE,0.15928534185119061,0.14080853523034875,FALSE,FALSE
pha_cya,tha_pit,anomaly,23,0.6109339512084138,0.0019571041066124123,0.13636363636363635,0.5349839119305693,11,1,1,DE,0.013258691201134794,0.7704409031095922,FALSE,FALSE
pha_cya,tha_pro,anomaly,230,0.18227771206141036,0.005561342574803691,0.188873628744523,0.004043821132826625,95,10,1,DE,0.03134213112766479,0.023865987299258977,FALSE,FALSE
pha_cya,tom_spp,anomaly,887,0.2668157370160743,6.360318391236751e-16,0.2521657412158905,2.4771396257960292e-14,486,41,5,"AT,CZ,DE,LT,PL",6.798473658188615e-14,2.3830083200157802e-12,FALSE,FALSE
pha_cya,tor_vir,anomaly,593,-0.012079607228894042,0.7691035419368875,-0.005646283260111254,0.8908672070367248,268,28,3,"DE,LT,PL",0.9260045148226355,0.9637566299760819,FALSE,FALSE
pha_cya,uro_sir_spp,anomaly,92,0.200057450934208,0.05587304667512974,0.17185539242413025,0.10141066277509157,8,4,1,DE,0.18742061505451302,0.29034838568344673,FALSE,FALSE
pha_cya,xyl_lin,anomaly,230,-0.04938268861963407,0.45609040756307406,-0.038028005789539875,0.5661108420630421,122,10,1,DE,0.699775075080825,0.7869922399778129,FALSE,FALSE
pha_cya,xyl_spp,anomaly,253,0.21169255492994424,7.015014043527987e-4,0.16904976798848761,0.0070386605765530115,118,11,1,DE,0.005623702924894937,0.03761773041468887,FALSE,FALSE
pha_cya,zei_gri,anomaly,184,0.07782316763376174,0.29369779096883064,0.07991107721589613,0.28089766290565427,69,8,2,"CZ,DE",0.556139399064483,0.5560155385087231,FALSE,FALSE
pis_pin,pit_bid,anomaly,115,0.323604989474916,4.190523788023576e-4,0.35588258502327785,9.4884976260623e-5,43,5,1,DE,0.0038509656562526803,0.0011702480405476837,FALSE,FALSE
pis_pin,pit_cha,anomaly,184,0.3634478902467035,3.9585108674464547e-7,0.4378725125695902,5.105547231893267e-10,80,8,2,"DE,LT",1.0292128255360782e-5,2.33882687480063e-8,FALSE,FALSE
pis_pin,pit_spp,anomaly,23,0.1886221414884108,0.38872664292427994,-0.17193675889328064,0.43276758166218865,2,1,1,DE,0.6481023058806885,0.7032473202010565,FALSE,FALSE
pis_pin,pol_pol,anomaly,23,0.5404959179979373,0.007752062435371924,0.3507905138339921,0.10076657214479541,17,1,1,LT,0.040751279031845854,0.2899280113911963,FALSE,FALSE
pis_pin,pri_abi,anomaly,138,0.11260893422106796,0.18850664501687958,0.23048752365926994,0.006533991630504898,24,6,1,DE,0.428817370843752,0.03531292105924557,FALSE,FALSE
pis_pin,sap_car,anomaly,0,NA,NA,NA,NA,0,0,0,,NA,NA,TRUE,FALSE
pis_pin,sco_int,anomaly,115,0.31531148283674915,5.982801907398411e-4,0.29787737710092327,0.0012240844355865025,36,5,1,DE,0.0050933233937320984,0.00892097899268345,FALSE,FALSE
pis_pin,sco_rat,anomaly,92,0.47649409009804244,1.5762580571125718e-6,0.5183792364718031,1.204429377885196e-7,42,4,2,"DE,LT",3.526419188237893e-5,3.31046017578731e-6,FALSE,FALSE
pis_pin,sco_sco,anomaly,115,0.21768312361485562,0.01943980266042787,0.21729273414836786,0.019664221785760397,23,5,2,"DE,LT",0.08282809353852781,0.08537060024077545,FALSE,FALSE
pis_pin,tet_gab,anomaly,138,0.36558775003755684,1.037359685439576e-5,0.3866786608796111,2.8041288772621186e-6,28,6,1,DE,1.750771960338372e-4,6.130845408923086e-5,FALSE,FALSE
pis_pin,tet_spp,anomaly,92,0.14635955931246933,0.163877994846557,0.19789467194796787,0.0586333141530608,12,4,1,DE,0.39412657760596953,0.19791315163243678,FALSE,FALSE
pis_pin,tha_pit,anomaly,23,0.002808210228680315,0.9898538738742619,0.16205533596837943,0.4600567015448339,8,1,1,DE,0.9998689195248821,0.7208054509546095,FALSE,FALSE
pis_pin,tha_pro,anomaly,138,0.19445663826966453,0.022287540974078677,0.20713077269063832,0.014785154176334239,23,6,1,DE,0.09241644145286071,0.06904523455161912,FALSE,FALSE
pis_pin,tom_spp,anomaly,184,0.39147621127622767,3.908100488401579e-8,0.37598582188746116,1.4433822260584803e-7,80,8,2,"DE,LT",1.2531975566141065e-6,3.8570380596340505e-6,FALSE,FALSE
pis_pin,tor_vir,anomaly,184,0.03510569939005553,0.6361435793903387,0.00875922251545915,0.9060609784814668,56,8,2,"DE,LT",0.85427731557585,0.9700076052339917,FALSE,FALSE
pis_pin,uro_sir_spp,anomaly,46,-0.07091987963010046,0.6395306822646454,0.04246151164182115,0.779332695278415,1,2,1,DE,0.8556724844764797,0.9147052793948706,FALSE,FALSE
pis_pin,xyl_lin,anomaly,138,0.19255696144258902,0.023655724067593295,0.21227702065576984,0.01243465498266263,53,6,1,DE,0.09683747469372234,0.06011124670010779,FALSE,FALSE
pis_pin,xyl_spp,anomaly,161,0.3363250003602539,1.2888592108687409e-5,0.3077639751552795,7.142388024064612e-5,55,7,1,DE,2.0835999348728352e-4,9.543023998819662e-4,FALSE,FALSE
pis_pin,zei_gri,anomaly,23,-0.18584369347772084,0.39587904707080324,-0.4411475946329752,0.03510452992890561,4,1,1,DE,0.6497800021350626,0.1356247300867759,FALSE,FALSE
pit_bid,pit_cha,anomaly,115,0.2604047633308429,0.004943600550277576,0.2899313501144165,0.0016722675738266026,63,5,1,DE,0.028823793509081153,0.01140937167390916,FALSE,FALSE
pit_bid,pit_spp,anomaly,23,-0.003939247990406962,0.98576775318522,-0.09189723320158104,0.6766561430399166,1,1,1,DE,0.9998689195248821,0.858764128765699,FALSE,FALSE
pit_bid,pol_pol,anomaly,0,NA,NA,NA,NA,0,0,0,,NA,NA,TRUE,FALSE
pit_bid,pri_abi,anomaly,115,-0.04582558613219691,0.6267461154029876,0.054446460980036304,0.5633155874613816,30,5,1,DE,0.8476841093189426,0.7860957894948747,FALSE,FALSE
pit_bid,sap_car,anomaly,0,NA,NA,NA,NA,0,0,0,,NA,NA,TRUE,FALSE
pit_bid,sco_int,anomaly,115,0.31410930444899177,6.294409594373965e-4,0.3416633788368974,1.862197834541584e-4,38,5,1,DE,0.005220018991196339,0.0020128475469988806,FALSE,FALSE
pit_bid,sco_rat,anomaly,69,0.45040139914867106,1.0305508401623067e-4,0.507599561563756,8.519679089577632e-6,31,3,1,DE,0.001271012702866845,1.5177650526247558e-4,FALSE,FALSE
pit_bid,sco_sco,anomaly,92,0.18863090471231328,0.07174245871770797,0.09216939413019853,0.3822095401623882,18,4,1,DE,0.22335354461629472,0.6636923784047246,FALSE,FALSE
pit_bid,tet_gab,anomaly,92,0.19646259945531436,0.06052154496023178,0.13977467133147356,0.18388929388581285,19,4,1,DE,0.19803308248892165,0.42833293152094903,FALSE,FALSE
pit_bid,tet_spp,anomaly,69,-0.08713933816710205,0.4764857818163998,-0.08794300328827184,0.4724133975087178,4,3,1,DE,0.7186464680306601,0.7302970171293595,FALSE,FALSE
pit_bid,tha_pit,anomaly,23,0.327208816305554,0.1274995615844658,0.23517786561264822,0.280045386970316,7,1,1,DE,0.33603994039522217,0.5554714685885443,FALSE,FALSE
pit_bid,tha_pro,anomaly,92,0.09216933358129722,0.3822098541651884,-0.012391535533190511,0.9066739534678251,18,4,1,DE,0.6450629468542302,0.9700076052339917,FALSE,FALSE
pit_bid,tom_spp,anomaly,115,0.3199314255854327,4.912566004450434e-4,0.3011047108024935,0.00107567425315526,64,5,1,DE,0.00437582268174196,0.008212687551867938,FALSE,FALSE
pit_bid,tor_vir,anomaly,115,0.23639711265600577,0.01097349019849747,0.13560325100607593,0.14846340124291835,56,5,1,DE,0.052782487854772825,0.37584682104128275,FALSE,FALSE
pit_bid,uro_sir_spp,anomaly,46,-0.05228092970931647,0.7300460841408274,-0.14014174902698262,0.3529279701636683,1,2,1,DE,0.9015459986437432,0.6375321933197808,FALSE,FALSE
pit_bid,xyl_lin,anomaly,115,0.14942763582231902,0.1109607060316859,0.09414503274678451,0.31692893853403326,62,5,1,DE,0.3083774898060068,0.5966450858507631,FALSE,FALSE
pit_bid,xyl_spp,anomaly,115,0.12984355328431135,0.16664391635714587,0.12724690286435733,0.17536028263408845,61,5,1,DE,0.39791242685986117,0.4144879407714818,FALSE,FALSE
pit_bid,zei_gri,anomaly,23,-0.23677899725493032,0.27668866490371347,-0.13847682342739132,0.5286136038679972,2,1,1,DE,0.53556236546755,0.765309099852616,FALSE,FALSE
pit_cha,pit_spp,anomaly,262,0.2504761543318217,4.122968874486105e-5,0.28342359456210703,3.1373718554253146e-6,197,12,3,"AT,DE,SI",5.433282270213196e-4,6.707003833153672e-5,FALSE,FALSE
pit_cha,pol_pol,anomaly,23,0.6835843118243207,3.2325148152911507e-4,0.6363636363636364,0.001096914127959214,17,1,1,LT,0.003173142094193966,0.008242170590826032,FALSE,FALSE
pit_cha,pri_abi,anomaly,184,0.004470514950403831,0.9519739990878406,-0.0350368900618366,0.6368056749621823,48,8,1,DE,0.9868523568130416,0.8327376706090557,FALSE,FALSE
pit_cha,sap_car,anomaly,0,NA,NA,NA,NA,0,0,0,,NA,NA,TRUE,FALSE
pit_cha,sco_int,anomaly,184,0.16537467202664213,0.024868848605695385,0.18604727321762243,0.011452311719588616,62,8,1,DE,0.10022724502447282,0.056498071149970505,FALSE,FALSE
pit_cha,sco_rat,anomaly,92,0.38874867409963465,1.2838268176733176e-4,0.3932463048872585,1.054217462880463e-4,44,4,2,"DE,LT",0.001524742467409545,0.0012676964991137568,FALSE,FALSE
pit_cha,sco_sco,anomaly,138,0.07125533999070773,0.40625433343572215,0.006748362774056157,0.9373864864734495,27,6,2,"DE,LT",0.6528292174399369,0.9812467899754717,FALSE,FALSE
pit_cha,tet_gab,anomaly,333,0.18652214016803562,6.239580520437376e-4,0.20280084571982704,1.9482090151193645e-4,159,15,2,"AT,DE",0.005219544748400657,0.002082418969494254,FALSE,FALSE
pit_cha,tet_spp,anomaly,184,0.0751785597562354,0.310459582767487,0.15404442218412281,0.03681601816574397,68,8,1,DE,0.5754788559542924,0.1405436883946258,FALSE,FALSE
pit_cha,tha_pit,anomaly,23,0.6214259923138733,0.001550492435457775,0.6136363636363636,0.0018445825485394792,11,1,1,DE,0.01088739943730204,0.012360352244541361,FALSE,FALSE
pit_cha,tha_pro,anomaly,230,0.03167816473065048,0.6327031728042413,0.08126018655731965,0.21956389176438104,92,10,1,DE,0.8524656193805044,0.4767956295199426,FALSE,FALSE
pit_cha,tom_spp,anomaly,444,0.3226214386273922,3.2602488200230038e-12,0.33551407699073005,3.833062898736379e-13,325,20,3,"AT,DE,LT",2.09090624324142e-10,2.783318699949296e-11,FALSE,FALSE
pit_cha,tor_vir,anomaly,253,0.15762698057922836,0.012055728722084127,0.1236863672673327,0.04939548495885306,112,11,2,"DE,LT",0.05713108882091098,0.17534485804581787,FALSE,FALSE
pit_cha,uro_sir_spp,anomaly,92,0.20002435748762598,0.05591446623767696,0.10445262950424007,0.3217393585014739,11,4,1,DE,0.18742061505451302,0.5982142663294551,FALSE,FALSE
pit_cha,xyl_lin,anomaly,230,0.09633960731364875,0.14525666939141654,0.04703581969577793,0.47780337330103495,138,10,1,DE,0.36107730220812073,0.7304647432896362,FALSE,FALSE
pit_cha,xyl_spp,anomaly,253,0.1924921729141541,0.002102021483079169,0.17082301471209382,0.006455521292831015,118,11,1,DE,0.014140871795259864,0.03508594058589513,FALSE,FALSE
pit_cha,zei_gri,anomaly,23,-0.06099757689146905,0.7821811168294087,0.050445128534263986,0.8191953162642245,4,1,1,DE,0.9351312539761704,0.9370581382237622,FALSE,FALSE
pit_spp,pol_pol,anomaly,184,0.07111359880492836,0.33742116592366544,0.10182042341700218,0.16903096608004245,119,8,1,CZ,0.6067274048945162,0.40449698848010157,FALSE,FALSE
pit_spp,pri_abi,anomaly,230,-0.2477407517612625,1.4701986338769624e-4,-0.279594830838423,1.6827495092009805e-5,90,10,2,"CZ,DE",0.0016639189244583975,2.74373733534126e-4,FALSE,FALSE
pit_spp,sap_car,anomaly,0,NA,NA,NA,NA,0,0,0,,NA,NA,TRUE,FALSE
pit_spp,sco_int,anomaly,253,0.09554115262003851,0.12961578472271257,0.1061984346818308,0.09187391755348824,92,11,2,"CZ,DE",0.3392333480494567,0.2727861379211595,FALSE,FALSE
pit_spp,sco_rat,anomaly,184,0.09385319505966273,0.2050802724033202,0.11566142050817745,0.11794260146712164,72,8,1,CZ,0.45249362855961933,0.3241736646039172,FALSE,FALSE
pit_spp,sco_sco,anomaly,23,-0.2580021481343389,0.23460202725755677,-0.5871142816705645,0.003226644999825364,2,1,1,DE,0.4938449676625156,0.019897644165589746,FALSE,FALSE
pit_spp,tet_gab,anomaly,220,-0.02191826175743695,0.7464777502448833,-0.06706073942173861,0.3221153741773989,109,10,3,"AT,CZ,DE",0.908833127537375,0.5982142663294551,FALSE,FALSE
pit_spp,tet_spp,anomaly,92,0.14733140026291386,0.161066831487227,0.09836166638410676,0.35091443428122715,37,4,1,DE,0.38931229118269445,0.6357432877185321,FALSE,FALSE
pit_spp,tha_pit,anomaly,23,0.2594468771441311,0.23189921318557616,0.4120553359683794,0.05073095854624671,23,1,1,HR,0.4892259716765883,0.1787662348772503,FALSE,FALSE
pit_spp,tha_pro,anomaly,92,-0.03992086242462603,0.7055622570123112,-0.041212644298198285,0.6964930546874277,49,4,1,DE,0.8919196994032107,0.8771307403034515,FALSE,FALSE
pit_spp,tom_spp,anomaly,402,0.2850345319761238,5.946379853801777e-9,0.3451198491678658,1.0954100003169308e-12,294,18,3,"AT,CZ,DE",2.3835072580655456e-7,6.198731884146397e-11,FALSE,FALSE
pit_spp,tor_vir,anomaly,69,0.07462334969382783,0.5422630343777408,0.0390573620752649,0.7500075780543671,24,3,1,DE,0.7794468473208224,0.9027639288053841,FALSE,FALSE
pit_spp,uro_sir_spp,anomaly,46,0.21994217784367245,0.14190871857829898,0.3103334910901362,0.03581766397949886,3,2,1,DE,0.3545874994086328,0.1378263709931116,FALSE,FALSE
pit_spp,xyl_lin,anomaly,92,0.004924338218378052,0.9628423359500198,-0.014503028528273969,0.8908621339527147,31,4,1,DE,0.9917069884196136,0.9637566299760819,FALSE,FALSE
pit_spp,xyl_spp,anomaly,92,0.038333447450784534,0.7167634680004277,0.03672764822834949,0.7281556746578376,32,4,1,DE,0.8978209065317858,0.8934767334449486,FALSE,FALSE
pit_spp,zei_gri,anomaly,161,0.14600812189071463,0.06458545832067134,0.15470463234220636,0.05005426625207752,58,7,1,CZ,0.2077966919882469,0.1770301622591859,FALSE,FALSE
pol_pol,pri_abi,anomaly,161,-0.08207593246634141,0.30064104455982044,-0.10380434782608695,0.19005729233226565,87,7,1,CZ,0.5626783752267457,0.4358737605429484,FALSE,FALSE
pol_pol,sap_car,anomaly,0,NA,NA,NA,NA,0,0,0,,NA,NA,TRUE,FALSE
pol_pol,sco_int,anomaly,184,0.1129597888271306,0.12683321582184207,0.08474889715089286,0.2527004484594401,84,8,1,CZ,0.33602976577249694,0.5172294285488965,FALSE,FALSE
pol_pol,sco_rat,anomaly,207,0.18827903733895304,0.006591628071065168,0.13058631251961772,0.060727868947926776,79,9,2,"CZ,LT",0.03623512116779824,0.20284795113856097,FALSE,FALSE
pol_pol,sco_sco,anomaly,23,-0.017362066542345928,0.9373287350838386,-0.3802786051906966,0.07345552872063808,1,1,1,LT,0.9861303675354863,0.2355473954308461,FALSE,FALSE
pol_pol,tet_gab,anomaly,46,-0.24968008274338999,0.09424276484692819,-0.1097132284921369,0.46794394721694754,4,2,1,CZ,0.27063146203804456,0.7260678664882315,FALSE,FALSE
pol_pol,tet_spp,anomaly,0,NA,NA,NA,NA,0,0,0,,NA,NA,TRUE,FALSE
pol_pol,tha_pit,anomaly,0,NA,NA,NA,NA,0,0,0,,NA,NA,TRUE,FALSE
pol_pol,tha_pro,anomaly,0,NA,NA,NA,NA,0,0,0,,NA,NA,TRUE,FALSE
pol_pol,tom_spp,anomaly,207,0.14184315413276977,0.041477051161418685,0.17984029829745324,0.009515422670589253,151,9,2,"CZ,LT",0.153978929145059,0.04843299793178234,FALSE,FALSE
pol_pol,tor_vir,anomaly,23,0.07106623960411135,0.747283787819193,0.04051383399209486,0.8543766254269088,13,1,1,LT,0.908833127537375,0.9545996674340143,FALSE,FALSE
pol_pol,uro_sir_spp,anomaly,0,NA,NA,NA,NA,0,0,0,,NA,NA,TRUE,FALSE
pol_pol,xyl_lin,anomaly,0,NA,NA,NA,NA,0,0,0,,NA,NA,TRUE,FALSE
pol_pol,xyl_spp,anomaly,0,NA,NA,NA,NA,0,0,0,,NA,NA,TRUE,FALSE
pol_pol,zei_gri,anomaly,161,-0.09668356186642245,0.22243511012960743,-0.11082003608252848,0.16166109098826226,58,7,1,CZ,0.4819427386141494,0.39350939451546313,FALSE,FALSE
pri_abi,sap_car,anomaly,0,NA,NA,NA,NA,0,0,0,,NA,NA,TRUE,FALSE
pri_abi,sco_int,anomaly,299,-0.08238645437412392,0.15530378566503644,-0.09702902291755516,0.09399023313685845,69,13,2,"CZ,DE",0.3801583761062724,0.2773576818333062,FALSE,FALSE
pri_abi,sco_rat,anomaly,230,0.02357177031551123,0.7221511604408979,-0.058739172352234824,0.37522105699230035,63,10,2,"CZ,DE",0.89790449284574,0.6562957396847144,FALSE,FALSE
pri_abi,sco_sco,anomaly,92,0.17870780923668178,0.08830294259272542,0.052576802624546067,0.6186614191265349,8,4,1,DE,0.26018828523411264,0.8203657798450211,FALSE,FALSE
pri_abi,tet_gab,anomaly,184,0.13403070552476481,0.06969556332270609,0.0528924505403479,0.47579746107997123,18,8,2,"CZ,DE",0.2198266620211254,0.7304647432896362,FALSE,FALSE
pri_abi,tet_spp,anomaly,115,-0.012974650546011945,0.890538039765868,0.020871143375680582,0.8247832271870236,6,5,1,DE,0.9734668072557205,0.9400965219833136,FALSE,FALSE
pri_abi,tha_pit,anomaly,23,0.19354219223891994,0.37624170894314224,0.49209486166007904,0.01707047157467211,0,1,1,DE,0.6388364901697581,0.07673735352726434,FALSE,FALSE
pri_abi,tha_pro,anomaly,161,0.11699072932199246,0.1394186288888253,0.04807050839659535,0.5448176106690484,18,7,1,DE,0.3511013638509161,0.7735337744312513,FALSE,FALSE
pri_abi,tom_spp,anomaly,345,-0.028494522286248235,0.5978821334743986,-0.09554434034495055,0.076349226740425,148,15,2,"CZ,DE",0.8240031273982812,0.24230579892371296,FALSE,FALSE
pri_abi,tor_vir,anomaly,161,-0.07211212403382221,0.3633211316235626,-0.15097768576029444,0.05590974636227107,43,7,1,DE,0.6263708398241348,0.1908807426243208,FALSE,FALSE
pri_abi,uro_sir_spp,anomaly,69,0.05172262353337982,0.6729709672116242,0.11759736506294204,0.3358809439267382,3,3,1,DE,0.8728251117225265,0.6189627847806948,FALSE,FALSE
pri_abi,xyl_lin,anomaly,184,0.09858619927008211,0.1830506259666646,0.01310704860241567,0.8598315341343328,45,8,1,DE,0.4229619993169262,0.9573587220338288,FALSE,FALSE
pri_abi,xyl_spp,anomaly,184,0.0856587314684176,0.2476240999020136,0.06606692223228217,0.3729066086949725,45,8,1,DE,0.5111896654629552,0.6546280247528532,FALSE,FALSE
pri_abi,zei_gri,anomaly,161,0.029521248198493995,0.7100827168344565,-0.05169761297139698,0.5148569314909803,51,7,2,"CZ,DE",0.8964561333264398,0.7556531039707036,FALSE,FALSE
sap_car,sco_int,anomaly,0,NA,NA,NA,NA,0,0,0,,NA,NA,TRUE,FALSE
sap_car,sco_rat,anomaly,0,NA,NA,NA,NA,0,0,0,,NA,NA,TRUE,FALSE
sap_car,sco_sco,anomaly,0,NA,NA,NA,NA,0,0,0,,NA,NA,TRUE,FALSE
sap_car,tet_gab,anomaly,0,NA,NA,NA,NA,0,0,0,,NA,NA,TRUE,FALSE
sap_car,tet_spp,anomaly,0,NA,NA,NA,NA,0,0,0,,NA,NA,TRUE,FALSE
sap_car,tha_pit,anomaly,0,NA,NA,NA,NA,0,0,0,,NA,NA,TRUE,FALSE
sap_car,tha_pro,anomaly,0,NA,NA,NA,NA,0,0,0,,NA,NA,TRUE,FALSE
sap_car,tom_spp,anomaly,0,NA,NA,NA,NA,0,0,0,,NA,NA,TRUE,FALSE
sap_car,tor_vir,anomaly,0,NA,NA,NA,NA,0,0,0,,NA,NA,TRUE,FALSE
sap_car,uro_sir_spp,anomaly,0,NA,NA,NA,NA,0,0,0,,NA,NA,TRUE,FALSE
sap_car,xyl_lin,anomaly,0,NA,NA,NA,NA,0,0,0,,NA,NA,TRUE,FALSE
sap_car,xyl_spp,anomaly,0,NA,NA,NA,NA,0,0,0,,NA,NA,TRUE,FALSE
sap_car,zei_gri,anomaly,0,NA,NA,NA,NA,0,0,0,,NA,NA,TRUE,FALSE
sco_int,sco_rat,anomaly,253,0.36068165608706193,3.4489451925525905e-9,0.39860259562416367,4.5907643108146417e-11,92,11,2,"CZ,DE",1.5799453691598057e-7,2.453508481668714e-9,FALSE,FALSE
sco_int,sco_sco,anomaly,115,0.08068081140395024,0.3913608662126241,0.027078709840743093,0.773907720746853,16,5,1,DE,0.6497800021350626,0.9134959844889234,FALSE,FALSE
sco_int,tet_gab,anomaly,207,0.17903129403566262,0.009848557326724974,0.13499150350142333,0.052463052939064635,35,9,2,"CZ,DE",0.049345375772444924,0.18286035118616006,FALSE,FALSE
sco_int,tet_spp,anomaly,138,-0.09490380821594556,0.2681954821107066,-0.10270349255346595,0.23064800862006823,17,6,1,DE,0.5254665046649689,0.49089244312501246,FALSE,FALSE
sco_int,tha_pit,anomaly,23,0.03202068809375306,0.8846803144441826,-0.030632411067193676,0.8896497392010414,10,1,1,DE,0.9734668072557205,0.9637566299760819,FALSE,FALSE
sco_int,tha_pro,anomaly,161,0.09555896620814047,0.22788643960042257,0.043535771796641365,0.5834427848379398,33,7,1,DE,0.4886432177793269,0.8011960054041432,FALSE,FALSE
sco_int,tom_spp,anomaly,368,0.1462334466317737,0.004941459866963285,0.15546668074495773,0.0027858990317696226,153,16,2,"CZ,DE",0.028823793509081153,0.01763180834580511,FALSE,FALSE
sco_int,tor_vir,anomaly,161,0.08946590722793364,0.25906041580053235,0.08408385093167701,0.2889305847933726,37,7,1,DE,0.5197134286831501,0.5649415092911065,FALSE,FALSE
sco_int,uro_sir_spp,anomaly,92,0.15224193899095648,0.1474081042035944,0.10869043515822124,0.30238744268482237,5,4,1,DE,0.36454137851891466,0.578323498733199,FALSE,FALSE
sco_int,xyl_lin,anomaly,184,0.05136828872515962,0.4886219851012964,0.09423436265916664,0.20323836588239494,51,8,1,DE,0.7276383121787108,0.45092690608633945,FALSE,FALSE
sco_int,xyl_spp,anomaly,184,0.22214850186215354,0.002439099639704255,0.17716283639305733,0.01613537859908036,48,8,1,DE,0.01606748477681294,0.07356509105362705,FALSE,FALSE
sco_int,zei_gri,anomaly,184,0.05944061787492932,0.42283874063242743,0.03648801199426953,0.6229043558628089,43,8,2,"CZ,DE",0.6734617027953563,0.8219944997805516,FALSE,FALSE
sco_rat,sco_sco,anomaly,92,0.1170163668093828,0.26662992236073957,0.09657970812070159,0.3597521168168438,16,4,2,"DE,LT",0.5235769136592766,0.6430369433985823,FALSE,FALSE
sco_rat,tet_gab,anomaly,115,0.11291888348234914,0.22954225214749432,0.07111970330624162,0.45006942363531177,18,5,2,"CZ,DE",0.4890709172766251,0.7156475794002808,FALSE,FALSE
sco_rat,tet_spp,anomaly,46,-0.1383979333348233,0.3590102327243173,0.09811902559358616,0.5165131828648708,2,2,1,DE,0.6234076604346449,0.7562947974368428,FALSE,FALSE
sco_rat,tha_pit,anomaly,23,0.014053567829270428,0.9492546196165214,-0.10968379446640317,0.6183444606587881,9,1,1,DE,0.98638412535406,0.8203657798450211,FALSE,FALSE
sco_rat,tha_pro,anomaly,46,0.4074790077011401,0.004943104113460034,0.4870181930311439,5.983495127011291e-4,14,2,1,DE,0.028823793509081153,0.005185695776743119,FALSE,FALSE
sco_rat,tom_spp,anomaly,276,0.24202444980111146,4.8418563262765913e-5,0.21911730711605143,2.440656604879464e-4,125,12,3,"CZ,DE,LT",6.294413224159569e-4,0.0024977783552064302,FALSE,FALSE
sco_rat,tor_vir,anomaly,92,0.3435367548316211,8.003086903767814e-4,0.33884068245919574,9.534317571073733e-4,34,4,2,"DE,LT",0.006208846452761803,0.007518043855223714,FALSE,FALSE
sco_rat,uro_sir_spp,anomaly,23,0.005377397377304708,0.9805726372467098,-0.32560215247955554,0.12949032022563325,1,1,1,DE,0.9992699968552277,0.34512926988687076,FALSE,FALSE
sco_rat,xyl_lin,anomaly,69,0.41430980380627935,4.0148101415790724e-4,0.442455242966752,1.408710171651578e-4,37,3,1,DE,0.0037497547147563766,0.0016327460061792988,FALSE,FALSE
sco_rat,xyl_spp,anomaly,69,0.4175743463872228,3.572058974374868e-4,0.5274753379612716,3.209088286737861e-6,35,3,1,DE,0.003436320733348623,6.711180286612657e-5,FALSE,FALSE
sco_rat,zei_gri,anomaly,184,0.03191887314071898,0.6671027572672716,0.010537428098234217,0.8871064798656997,42,8,2,"CZ,DE",0.8718422141386646,0.9637566299760819,FALSE,FALSE
sco_sco,tet_gab,anomaly,115,0.25511847216121686,0.005929749686154148,0.10972383213562145,0.2430766315443155,15,5,1,DE,0.03297352137618665,0.5072445109449707,FALSE,FALSE
sco_sco,tet_spp,anomaly,92,0.029137784623419004,0.7827653452794799,0.13756016067231652,0.19100339575620914,6,4,1,DE,0.9351312539761704,0.43644956464958007,FALSE,FALSE
sco_sco,tha_pit,anomaly,23,0.010499821776314422,0.9620762032097345,0.15749415365695954,0.47294702876464756,5,1,1,DE,0.9917069884196136,0.7302970171293595,FALSE,FALSE
sco_sco,tha_pro,anomaly,92,0.4536777863646597,5.578105556830696e-6,0.4491812275257634,7.080671932802909e-6,18,4,1,DE,1.0319495280136788e-4,1.3099243075685382e-4,FALSE,FALSE
sco_sco,tom_spp,anomaly,138,0.16889535833593242,0.04767271092904073,0.029644838297808115,0.7299769194642656,26,6,2,"DE,LT",0.16751626362251926,0.8945704414326413,FALSE,FALSE
sco_sco,tor_vir,anomaly,138,0.021217224657640102,0.8049030902812299,0.037361494072270296,0.6635203723500425,19,6,2,"DE,LT",0.9408466255778167,0.8488119656924745,FALSE,FALSE
sco_sco,uro_sir_spp,anomaly,69,-0.1292880184994271,0.2897006259811841,-0.3122042795653078,0.009011531899251062,0,3,1,DE,0.5504648219784192,0.046112200463188945,FALSE,FALSE
sco_sco,xyl_lin,anomaly,115,0.19237268515923875,0.03942620591215922,0.16580726994890804,0.07657064747693217,25,5,1,DE,0.14873729446077322,0.24230579892371296,FALSE,FALSE
sco_sco,xyl_spp,anomaly,115,0.13170444478287668,0.16059790627975903,0.17992877174313318,0.05433239681183178,23,5,1,DE,0.38915663939830775,0.18801354580209415,FALSE,FALSE
sco_sco,zei_gri,anomaly,23,-0.024871872632628987,0.9103108876807167,-0.15715111890248856,0.4739238598062283,1,1,1,DE,0.9794019792061184,0.7304647432896362,FALSE,FALSE
tet_gab,tet_spp,anomaly,161,0.3266389339965026,2.348637225380008e-5,0.3645243846330803,1.995680745327562e-6,63,7,1,DE,3.5302953293993246e-4,4.464755527918872e-5,FALSE,FALSE
tet_gab,tha_pit,anomaly,23,-0.18404147856819722,0.4005574750739165,-0.09288537549407114,0.6733651189007204,3,1,1,DE,0.6497800021350626,0.8568482068551495,FALSE,FALSE
tet_gab,tha_pro,anomaly,184,0.21292318492112183,0.0037090784993417942,0.11141761861647818,0.13213527573828915,61,8,1,DE,0.023321134093900693,0.3511440200558955,FALSE,FALSE
tet_gab,tom_spp,anomaly,358,0.07170321934654918,0.17583629702597225,0.06874812918273548,0.19436899321167211,155,16,3,"AT,CZ,DE",0.4109388431241839,0.4399599328697143,FALSE,FALSE
tet_gab,tor_vir,anomaly,184,0.1394379973224593,0.05905656002256769,0.08857274951359057,0.23184374553904133,27,8,1,DE,0.19471210467207092,0.4923480865531077,FALSE,FALSE
tet_gab,uro_sir_spp,anomaly,92,0.20371872836363283,0.05144338158045277,0.1467301541580996,0.16280174882194262,12,4,1,DE,0.17674476100141273,0.39350939451546313,FALSE,FALSE
tet_gab,xyl_lin,anomaly,184,0.1383666669189238,0.06105096221282745,0.13854289071680376,0.06071915057257106,48,8,1,DE,0.19908822253810174,0.20284795113856097,FALSE,FALSE
tet_gab,xyl_spp,anomaly,207,0.17872756624794736,0.009976266037006805,0.1430401770735245,0.03977166014062423,42,9,1,DE,0.04946993777113684,0.14772330909374715,FALSE,FALSE
tet_gab,zei_gri,anomaly,69,-0.19052989955152616,0.11684623506830519,-0.12865860420051678,0.2920749261857815,2,3,2,"CZ,DE",0.31663683981890023,0.5665487225074823,FALSE,FALSE
tet_spp,tha_pit,anomaly,23,-0.1867735940426178,0.39347710155568383,0.042490118577075096,0.8473520965225483,1,1,1,DE,0.6497800021350626,0.9511700313356959,FALSE,FALSE
tet_spp,tha_pro,anomaly,161,0.23510667788400366,0.0026810470911965327,0.2027547734069473,0.00989511712290056,56,7,1,DE,0.017309847662624594,0.050053579256202525,FALSE,FALSE
tet_spp,tom_spp,anomaly,184,0.13087622947129934,0.07659099205052237,0.11384484983914775,0.12386537950673297,59,8,1,DE,0.2331662479512738,0.3356577326351468,FALSE,FALSE
tet_spp,tor_vir,anomaly,161,0.03429696466801749,0.6658025014469072,0.048605360018403494,0.5403462754637911,13,7,1,DE,0.8718422141386646,0.7735337744312513,FALSE,FALSE
tet_spp,uro_sir_spp,anomaly,92,0.27687406357615607,0.007544111353875113,0.19711209546409827,0.05965911367066903,11,4,1,DE,0.03987601715619703,0.20067156416497764,FALSE,FALSE
tet_spp,xyl_lin,anomaly,161,0.053712320136518124,0.49858916922664853,0.050414078674948244,0.5253614592551352,37,7,1,DE,0.7382725816654503,0.7634406703979457,FALSE,FALSE
tet_spp,xyl_spp,anomaly,184,-0.005778130158244033,0.9379514410550622,-0.032056789505114515,0.6657507459424798,27,8,1,DE,0.9861303675354863,0.8505341535148282,FALSE,FALSE
tet_spp,zei_gri,anomaly,23,-0.05460698777143614,0.8045477851603403,-0.01780416301209317,0.9357360764070365,0,1,1,DE,0.9408466255778167,0.9812467899754717,FALSE,FALSE
tha_pit,tha_pro,anomaly,23,-0.05847596677337101,0.790987715338232,0.0741106719367589,0.7368224254146714,7,1,1,DE,0.9361415780133115,0.8983817151443776,FALSE,FALSE
tha_pit,tom_spp,anomaly,23,0.5314571340678687,0.009061259714032965,0.5405138339920948,0.007749632525023962,11,1,1,DE,0.04573425942031184,0.04069935348306565,FALSE,FALSE
tha_pit,tor_vir,anomaly,41,-0.4045274785437123,0.008707661237470053,-0.4961672473867597,9.697217651186509e-4,9,2,2,"BG,DE",0.04479556208794754,0.007584327951578392,FALSE,FALSE
tha_pit,uro_sir_spp,anomaly,0,NA,NA,NA,NA,0,0,0,,NA,NA,TRUE,FALSE
tha_pit,xyl_lin,anomaly,23,-0.9127185595676303,1.2841905900667773e-9,-0.8833992094861659,2.35283956604646e-8,11,1,1,DE,6.176956738221199e-8,7.532000781706397e-7,FALSE,FALSE
tha_pit,xyl_spp,anomaly,23,-0.7834635769199595,9.812401776631549e-6,-0.8290513833992094,1.0169680365766425e-6,10,1,1,DE,1.6856304480570623e-4,2.3861542711871466e-5,FALSE,FALSE
tha_pit,zei_gri,anomaly,0,NA,NA,NA,NA,0,0,0,,NA,NA,TRUE,FALSE
tha_pro,tom_spp,anomaly,230,0.04532325097389827,0.4939955719258252,0.02963859758999307,0.6547733858711401,89,10,1,DE,0.7345034624306706,0.841753782300808,FALSE,FALSE
tha_pro,tor_vir,anomaly,207,0.12254083854316025,0.07857500025092302,0.06033866935091081,0.38777875833838926,40,9,1,DE,0.23621609450433734,0.6672749956306512,FALSE,FALSE
tha_pro,uro_sir_spp,anomaly,69,-0.191827495996131,0.11432880018453534,-0.018878172206293887,0.8776391088192912,10,3,1,DE,0.31334560050576354,0.961604581644827,FALSE,FALSE
tha_pro,xyl_lin,anomaly,207,0.25071841199144834,2.6870713757920234e-4,0.19535993765626525,0.00478813171297659,72,9,1,DE,0.002692669441158257,0.027255518981559052,FALSE,FALSE
tha_pro,xyl_spp,anomaly,230,0.23067489578325434,4.2032369428953375e-4,0.18593546191799468,0.004666449981623502,61,10,1,DE,0.0038509656562526803,0.026880987319292268,FALSE,FALSE
tha_pro,zei_gri,anomaly,0,NA,NA,NA,NA,0,0,0,,NA,NA,TRUE,FALSE
tom_spp,tor_vir,anomaly,533,0.036027833747087575,0.40649137343713326,0.03260586245131014,0.4525339634943929,175,25,3,"DE,LT,PL",0.6528292174399369,0.717960112661591,FALSE,FALSE
tom_spp,uro_sir_spp,anomaly,92,0.08648463908642963,0.412371721078588,0.0381093179978452,0.7183498860312931,12,4,1,DE,0.6600692107780393,0.8854782766643153,FALSE,FALSE
tom_spp,xyl_lin,anomaly,230,0.060113336286536374,0.36413305865070156,0.08408492968963825,0.2039014596128458,128,10,1,DE,0.6266475893058585,0.45092690608633945,FALSE,FALSE
tom_spp,xyl_spp,anomaly,253,0.15068023696111127,0.016459781022476392,0.1030943266479042,0.10182755513944863,115,11,1,DE,0.07399209973655275,0.29067687846928664,FALSE,FALSE
tom_spp,zei_gri,anomaly,184,0.05425521200857946,0.4644877777005868,0.05933901237841108,0.42363341410814237,75,8,2,"CZ,DE",0.7081414297115126,0.6971925820701818,FALSE,FALSE
tor_vir,uro_sir_spp,anomaly,69,-0.08488607515996287,0.4880032048427009,-0.13280285295655817,0.27667586403318517,1,3,1,DE,0.7276383121787108,0.55106041656299,FALSE,FALSE
tor_vir,xyl_lin,anomaly,207,0.3152402476180027,3.717805059517092e-6,0.40648845666785727,1.2215406507854294e-9,89,9,1,DE,7.153056934510885e-5,5.3414641184344684e-8,FALSE,FALSE
tor_vir,xyl_spp,anomaly,230,0.11673582002636808,0.0772640809121087,0.1855636294595854,0.004751103113233254,81,10,1,DE,0.2337544578700417,0.02720572139839518,FALSE,FALSE
tor_vir,zei_gri,anomaly,23,0.02107639669685038,0.923955606821059,0.006923841171369565,0.9749871801388745,4,1,1,DE,0.9821494958694572,0.9905133367493923,FALSE,FALSE
uro_sir_spp,xyl_lin,anomaly,92,0.11953850226785791,0.25638727106183495,0.07414613250067771,0.48241186243161627,12,4,1,DE,0.5192516942347057,0.7339391026770564,FALSE,FALSE
uro_sir_spp,xyl_spp,anomaly,92,-0.01411203464368005,0.8937870444742648,0.0573109082146978,0.5873795608747361,6,4,1,DE,0.9734668072557205,0.801502322782264,FALSE,FALSE
uro_sir_spp,zei_gri,anomaly,23,0.00352768763747443,0.9872545699482771,0.2756209314520777,0.20303710749321974,0,1,1,DE,0.9998689195248821,0.45092690608633945,FALSE,FALSE
xyl_lin,xyl_spp,anomaly,230,0.5659284814263518,7.108884979971554e-21,0.5791132732845283,5.370541756334456e-22,118,10,1,DE,2.279582450244212e-18,1.2916152923984368e-19,FALSE,FALSE
xyl_lin,zei_gri,anomaly,23,-0.1649289430327809,0.4520302170465681,-0.3372899770624317,0.11550915529689547,4,1,1,DE,0.6994115444167665,0.31848782109896473,FALSE,FALSE
xyl_spp,zei_gri,anomaly,23,-0.3274957243546209,0.1271463978598637,-0.2522256426713199,0.2456146946908579,4,1,1,DE,0.33602976577249694,0.5090938734552479,FALSE,FALSE
