species_a,species_b,version,n,r_pearson,p_pearson,r_spearman,p_spearman,n_both_positive,n_regions,n_countries,countries,fdr_pearson,fdr_spearman,low_n,reference_only
CambXyl_con&BB_con&BO,CambXyl_con&BB_con&SM,z_within,46,0.40042944557789645,0.005824055171743973,0.45301498138702906,0.0015700769670004885,13,2,1,DE,0.017704447722585757,0.006227971969101938,FALSE,FALSE
CambXyl_con&BB_con&BO,CambXyl_con&BO,z_within,23,-0.07038417826350347,0.7496335045955715,-0.14225500688049614,0.5173140615024373,3,1,1,DE,0.8267391628821599,0.6566674239998457,FALSE,FALSE
CambXyl_con&BB_con&BO,CambXyl_con&MD,z_within,23,-0.07276338550706798,0.7414465573985767,-0.206332753143491,0.34487722520350095,8,1,1,DE,0.8220385745071177,0.49248467759059933,FALSE,FALSE
CambXyl_con&BB_con&BO,Def_dec,z_within,0,NA,NA,NA,NA,0,0,0,,NA,NA,TRUE,FALSE
CambXyl_con&BB_con&BO,Def_dec&DB,z_within,151,0.07961084177443009,0.3312055957642277,0.08459727051501995,0.301714899020132,83,7,2,"AT,DE",0.47390940957045813,0.4423499751547726,FALSE,FALSE
CambXyl_con&BB_con&BO,agr_big,z_within,46,-0.017949525719440494,0.9057517418362141,-0.10458713278802738,0.4891109262707186,21,2,1,DE,0.9435876451481037,0.6338025432981726,FALSE,FALSE
CambXyl_con&BB_con&BO,agr_vir,z_within,46,0.07571021106151454,0.6170195799801281,0.06794617859677789,0.653669615789942,13,2,1,DE,0.7254868876283967,0.7601304652671312,FALSE,FALSE
CambXyl_con&BB_con&BO,bup_pin,z_within,0,NA,NA,NA,NA,0,0,0,,NA,NA,TRUE,FALSE
CambXyl_con&BB_con&BO,cep_spp,z_within,0,NA,NA,NA,NA,0,0,0,,NA,NA,TRUE,FALSE
CambXyl_con&BB_con&BO,clo_ana,z_within,0,NA,NA,NA,NA,0,0,0,,NA,NA,TRUE,FALSE
CambXyl_con&BB_con&BO,den_mic,z_within,0,NA,NA,NA,NA,0,0,0,,NA,NA,TRUE,FALSE
CambXyl_con&BB_con&BO,den_pin,z_within,0,NA,NA,NA,NA,0,0,0,,NA,NA,TRUE,FALSE
CambXyl_con&BB_con&BO,dip_sp,z_within,86,-0.0450841909837619,0.6802036075520359,-0.12843177367058706,0.2386025770095309,38,4,2,"AT,DE",0.775823284013025,0.3695493275158461,FALSE,FALSE
CambXyl_con&BB_con&BO,era_def,z_within,0,NA,NA,NA,NA,0,0,0,,NA,NA,TRUE,FALSE
CambXyl_con&BB_con&BO,geo_db,z_within,23,-0.25532602862093584,0.2396629364633896,-0.2506818218711499,0.24861383131355985,17,1,1,HR,0.3703881745343294,0.3817425280814661,FALSE,FALSE
CambXyl_con&BB_con&BO,ips_acu,z_within,0,NA,NA,NA,NA,0,0,0,,NA,NA,TRUE,FALSE
CambXyl_con&BB_con&BO,ips_ami,z_within,0,NA,NA,NA,NA,0,0,0,,NA,NA,TRUE,FALSE
CambXyl_con&BB_con&BO,ips_cem,z_within,46,-0.3409675655682603,0.02040154360147621,-0.3726823612025429,0.010750168267801325,18,2,1,DE,0.05335788326539932,0.03238658288274324,FALSE,FALSE
CambXyl_con&BB_con&BO,ips_dup,z_within,0,NA,NA,NA,NA,0,0,0,,NA,NA,TRUE,FALSE
CambXyl_con&BB_con&BO,ips_sex,z_within,0,NA,NA,NA,NA,0,0,0,,NA,NA,TRUE,FALSE
CambXyl_con&BB_con&BO,ips_typ,z_within,195,0.21194398276399565,0.002934903265925863,0.15289057340734846,0.03285624002936865,153,9,3,"AT,DE,HR",0.010172431708111971,0.08229204364771762,FALSE,FALSE
CambXyl_con&BB_con&BO,lym_dis,z_within,153,0.12715545722510374,0.1172801730037619,0.08673694371520826,0.2863834571780845,69,7,3,"AT,DE,HR",0.20784543214886356,0.4313877392935703,FALSE,FALSE
CambXyl_con&BB_con&BO,lym_mon,z_within,0,NA,NA,NA,NA,0,0,0,,NA,NA,TRUE,FALSE
CambXyl_con&BB_con&BO,mel_spp,z_within,46,0.10908858342120557,0.4704967558607316,0.03597323464924658,0.8123894853990116,21,2,1,DE,0.6055330310703894,0.882870764954177,FALSE,FALSE
CambXyl_con&BB_con&BO,neo_ser,z_within,0,NA,NA,NA,NA,0,0,0,,NA,NA,TRUE,FALSE
CambXyl_con&BB_con&BO,ope_spp,z_within,0,NA,NA,NA,NA,0,0,0,,NA,NA,TRUE,FALSE
CambXyl_con&BB_con&BO,pan_fla,z_within,0,NA,NA,NA,NA,0,0,0,,NA,NA,TRUE,FALSE
CambXyl_con&BB_con&BO,pha_cya,z_within,151,0.254875449815488,0.0015871202015482323,0.21621907059702378,0.007664922281460143,89,7,2,"AT,DE",0.005964230652133884,0.02379458482157627,FALSE,FALSE
CambXyl_con&BB_con&BO,pis_pin,z_within,0,NA,NA,NA,NA,0,0,0,,NA,NA,TRUE,FALSE
CambXyl_con&BB_con&BO,pit_bid,z_within,0,NA,NA,NA,NA,0,0,0,,NA,NA,TRUE,FALSE
CambXyl_con&BB_con&BO,pit_cha,z_within,172,0.11814596873334825,0.12268949148696773,0.09916531436138411,0.19557904975661497,133,8,2,"AT,DE",0.21502383242489895,0.3210194058074094,FALSE,FALSE
CambXyl_con&BB_con&BO,pit_spp,z_within,174,0.25371496881838096,7.300062336946339e-4,0.18273547356405542,0.015803180279284543,131,8,3,"AT,DE,HR",0.0031976960175335496,0.044248904781996716,FALSE,FALSE
CambXyl_con&BB_con&BO,pol_pol,z_within,0,NA,NA,NA,NA,0,0,0,,NA,NA,TRUE,FALSE
CambXyl_con&BB_con&BO,pri_abi,z_within,0,NA,NA,NA,NA,0,0,0,,NA,NA,TRUE,FALSE
CambXyl_con&BB_con&BO,sap_car,z_within,0,NA,NA,NA,NA,0,0,0,,NA,NA,TRUE,FALSE
CambXyl_con&BB_con&BO,sco_int,z_within,46,0.3654961652028063,0.012497327829246133,0.1565093597660174,0.29894273645487124,10,2,1,DE,0.034188092222535396,0.4403812656190254,FALSE,FALSE
CambXyl_con&BB_con&BO,sco_rat,z_within,0,NA,NA,NA,NA,0,0,0,,NA,NA,TRUE,FALSE
CambXyl_con&BB_con&BO,sco_sco,z_within,0,NA,NA,NA,NA,0,0,0,,NA,NA,TRUE,FALSE
CambXyl_con&BB_con&BO,tet_gab,z_within,130,-0.07111317328130733,0.4213955231205786,-0.10649828105418774,0.22782803654984227,85,6,2,"AT,DE",0.5644960666193117,0.3583022425034964,FALSE,FALSE
CambXyl_con&BB_con&BO,tet_spp,z_within,46,-0.1411203842696331,0.34954232455112577,-0.19655911240304944,0.19044795328645048,17,2,1,DE,0.49225487126134876,0.31404119779798073,FALSE,FALSE
CambXyl_con&BB_con&BO,tha_pit,z_within,23,-0.6217247719356802,0.0015400586976846487,-0.6052519798078108,0.002212805783463424,19,1,1,HR,0.005817999524586451,0.008228871507254607,FALSE,FALSE
CambXyl_con&BB_con&BO,tha_pro,z_within,46,-0.01397117874541073,0.926575843330069,-0.0808878747495302,0.5930736423152942,18,2,1,DE,0.9532783172012527,0.718938167424652,FALSE,FALSE
CambXyl_con&BB_con&BO,tom_spp,z_within,172,0.5592846503857938,1.5316727614753284e-15,0.534431680201161,4.3272736853613967e-14,135,8,2,"AT,DE",5.468071758466923e-14,1.103454789767156e-12,FALSE,FALSE
CambXyl_con&BB_con&BO,tor_vir,z_within,0,NA,NA,NA,NA,0,0,0,,NA,NA,TRUE,FALSE
CambXyl_con&BB_con&BO,uro_sir_spp,z_within,0,NA,NA,NA,NA,0,0,0,,NA,NA,TRUE,FALSE
CambXyl_con&BB_con&BO,xyl_lin,z_within,0,NA,NA,NA,NA,0,0,0,,NA,NA,TRUE,FALSE
CambXyl_con&BB_con&BO,xyl_spp,z_within,23,-0.44853179430199613,0.031819636931236836,-0.42676502064148847,0.04226830212064709,1,1,1,DE,0.07598401594950871,0.09993234342431133,FALSE,FALSE
CambXyl_con&BB_con&BO,zei_gri,z_within,0,NA,NA,NA,NA,0,0,0,,NA,NA,TRUE,FALSE
CambXyl_con&BB_con&SM,CambXyl_con&BO,z_within,23,0.24960695413577372,0.2507158950289261,0.2245637276788862,0.30294263953902234,4,1,1,DE,0.3841440966752216,0.44253585864866446,FALSE,FALSE
CambXyl_con&BB_con&SM,CambXyl_con&MD,z_within,23,0.5425991896891499,0.007471081736158168,0.34437654618821845,0.10758674753661923,10,1,1,DE,0.021684359185434682,0.20385603798394325,FALSE,FALSE
CambXyl_con&BB_con&SM,Def_dec,z_within,0,NA,NA,NA,NA,0,0,0,,NA,NA,TRUE,FALSE
CambXyl_con&BB_con&SM,Def_dec&DB,z_within,46,0.44845796712858993,0.0017736952076878572,0.4577017618568639,0.0013825907583775823,14,2,1,DE,0.006561753255384093,0.0055458977611325495,FALSE,FALSE
CambXyl_con&BB_con&SM,agr_big,z_within,46,-0.31814835511866024,0.031182424319456448,-0.3229644463959518,0.028581775084689086,18,2,1,DE,0.07471225155735539,0.07340786838297844,FALSE,FALSE
CambXyl_con&BB_con&SM,agr_vir,z_within,46,0.24630907020242818,0.09892099305524596,0.22853295191460427,0.1266055726743291,13,2,1,DE,0.18250539803991114,0.22972734964268024,FALSE,FALSE
CambXyl_con&BB_con&SM,bup_pin,z_within,0,NA,NA,NA,NA,0,0,0,,NA,NA,TRUE,FALSE
CambXyl_con&BB_con&SM,cep_spp,z_within,0,NA,NA,NA,NA,0,0,0,,NA,NA,TRUE,FALSE
CambXyl_con&BB_con&SM,clo_ana,z_within,0,NA,NA,NA,NA,0,0,0,,NA,NA,TRUE,FALSE
CambXyl_con&BB_con&SM,den_mic,z_within,0,NA,NA,NA,NA,0,0,0,,NA,NA,TRUE,FALSE
CambXyl_con&BB_con&SM,den_pin,z_within,0,NA,NA,NA,NA,0,0,0,,NA,NA,TRUE,FALSE
CambXyl_con&BB_con&SM,dip_sp,z_within,23,-0.3674058521816641,0.0845873345565096,-0.28388244819783726,0.18927363000752429,1,1,1,DE,0.162353109874591,0.3135530668802142,FALSE,FALSE
CambXyl_con&BB_con&SM,era_def,z_within,0,NA,NA,NA,NA,0,0,0,,NA,NA,TRUE,FALSE
CambXyl_con&BB_con&SM,geo_db,z_within,0,NA,NA,NA,NA,0,0,0,,NA,NA,TRUE,FALSE
CambXyl_con&BB_con&SM,ips_acu,z_within,0,NA,NA,NA,NA,0,0,0,,NA,NA,TRUE,FALSE
CambXyl_con&BB_con&SM,ips_ami,z_within,0,NA,NA,NA,NA,0,0,0,,NA,NA,TRUE,FALSE
CambXyl_con&BB_con&SM,ips_cem,z_within,46,-0.5963053050449754,1.2253406019678452e-5,-0.5195394692080925,2.155710821183506e-4,14,2,1,DE,8.577384213774916e-5,0.0011073219613849088,FALSE,FALSE
CambXyl_con&BB_con&SM,ips_dup,z_within,0,NA,NA,NA,NA,0,0,0,,NA,NA,TRUE,FALSE
CambXyl_con&BB_con&SM,ips_sex,z_within,0,NA,NA,NA,NA,0,0,0,,NA,NA,TRUE,FALSE
CambXyl_con&BB_con&SM,ips_typ,z_within,46,-0.6208701363135091,4.154994873782297e-6,-0.5856543226827599,1.905942173276903e-5,14,2,1,DE,3.3712117498642724e-5,1.2956443261774128e-4,FALSE,FALSE
CambXyl_con&BB_con&SM,lym_dis,z_within,46,0.08992415101059414,0.5523003055087214,0.027777169792437603,0.8546061883964553,14,2,1,DE,0.6729392800908311,0.9119428108225859,FALSE,FALSE
CambXyl_con&BB_con&SM,lym_mon,z_within,0,NA,NA,NA,NA,0,0,0,,NA,NA,TRUE,FALSE
CambXyl_con&BB_con&SM,mel_spp,z_within,46,0.22253800186976816,0.13714685012339542,0.1011702323266991,0.5034917420538237,18,2,1,DE,0.23204467058792497,0.6454095221300362,FALSE,FALSE
CambXyl_con&BB_con&SM,neo_ser,z_within,0,NA,NA,NA,NA,0,0,0,,NA,NA,TRUE,FALSE
CambXyl_con&BB_con&SM,ope_spp,z_within,0,NA,NA,NA,NA,0,0,0,,NA,NA,TRUE,FALSE
CambXyl_con&BB_con&SM,pan_fla,z_within,0,NA,NA,NA,NA,0,0,0,,NA,NA,TRUE,FALSE
CambXyl_con&BB_con&SM,pha_cya,z_within,46,-0.15684754186581196,0.29788671597676325,-0.11660657554706433,0.4402699463453533,17,2,1,DE,0.43678316867122396,0.5854416547743259,FALSE,FALSE
CambXyl_con&BB_con&SM,pis_pin,z_within,0,NA,NA,NA,NA,0,0,0,,NA,NA,TRUE,FALSE
CambXyl_con&BB_con&SM,pit_bid,z_within,0,NA,NA,NA,NA,0,0,0,,NA,NA,TRUE,FALSE
CambXyl_con&BB_con&SM,pit_cha,z_within,46,-0.6155328156771573,5.296709243703627e-6,-0.5118992679510231,2.7654621223771657e-4,11,2,1,DE,4.0848324317007636e-5,0.0013799380941489422,FALSE,FALSE
CambXyl_con&BB_con&SM,pit_spp,z_within,46,-0.19485959984782372,0.1943865026117184,-0.19282438031090268,0.19917853363457375,14,2,1,DE,0.30774271145181137,0.3254312883640404,FALSE,FALSE
CambXyl_con&BB_con&SM,pol_pol,z_within,0,NA,NA,NA,NA,0,0,0,,NA,NA,TRUE,FALSE
CambXyl_con&BB_con&SM,pri_abi,z_within,0,NA,NA,NA,NA,0,0,0,,NA,NA,TRUE,FALSE
CambXyl_con&BB_con&SM,sap_car,z_within,0,NA,NA,NA,NA,0,0,0,,NA,NA,TRUE,FALSE
CambXyl_con&BB_con&SM,sco_int,z_within,46,0.6154330250403487,5.320580058097633e-6,0.2293607994912909,0.12519915048080327,11,2,1,DE,4.0848324317007636e-5,0.22862453566059726,FALSE,FALSE
CambXyl_con&BB_con&SM,sco_rat,z_within,0,NA,NA,NA,NA,0,0,0,,NA,NA,TRUE,FALSE
CambXyl_con&BB_con&SM,sco_sco,z_within,0,NA,NA,NA,NA,0,0,0,,NA,NA,TRUE,FALSE
CambXyl_con&BB_con&SM,tet_gab,z_within,46,-0.41562211067990973,0.004072259987270964,-0.4410535060220646,0.0021547622181989296,13,2,1,DE,0.01321633468596122,0.008140212824307068,FALSE,FALSE
CambXyl_con&BB_con&SM,tet_spp,z_within,46,-0.13533920230271942,0.36983128836447954,-0.05251697319027223,0.7288735763738922,14,2,1,DE,0.5137345134090241,0.8260567198904111,FALSE,FALSE
CambXyl_con&BB_con&SM,tha_pit,z_within,0,NA,NA,NA,NA,0,0,0,,NA,NA,TRUE,FALSE
CambXyl_con&BB_con&SM,tha_pro,z_within,46,0.3129135890893612,0.03422841036361502,0.15831387801910154,0.2933357470849941,18,2,1,DE,0.0811929734206682,0.439081181171249,FALSE,FALSE
CambXyl_con&BB_con&SM,tom_spp,z_within,46,0.12721567842373077,0.3995057608131769,-0.04470774582957186,0.7679745046308265,15,2,1,DE,0.5422948920543884,0.8488139261709136,FALSE,FALSE
CambXyl_con&BB_con&SM,tor_vir,z_within,0,NA,NA,NA,NA,0,0,0,,NA,NA,TRUE,FALSE
CambXyl_con&BB_con&SM,uro_sir_spp,z_within,0,NA,NA,NA,NA,0,0,0,,NA,NA,TRUE,FALSE
CambXyl_con&BB_con&SM,xyl_lin,z_within,0,NA,NA,NA,NA,0,0,0,,NA,NA,TRUE,FALSE
CambXyl_con&BB_con&SM,xyl_spp,z_within,23,-0.28915072932634966,0.18083739038393642,-0.21608962474760746,0.32202645419189013,1,1,1,DE,0.2921219383125127,0.4673310737662796,FALSE,FALSE
CambXyl_con&BB_con&SM,zei_gri,z_within,0,NA,NA,NA,NA,0,0,0,,NA,NA,TRUE,FALSE
CambXyl_con&BO,CambXyl_con&MD,z_within,23,0.4085899793736814,0.05290368131810672,0.34490507954164734,0.10701227669092946,6,1,1,DE,0.11411851498830272,0.20375137481952968,FALSE,FALSE
CambXyl_con&BO,Def_dec,z_within,0,NA,NA,NA,NA,0,0,0,,NA,NA,TRUE,FALSE
CambXyl_con&BO,Def_dec&DB,z_within,23,-0.05348648572884884,0.8084853201878449,-0.02135388090731561,0.9229573038379457,3,1,1,DE,0.8733109207475359,0.9564463206680599,FALSE,FALSE
CambXyl_con&BO,agr_big,z_within,23,-0.6194156862528655,0.0016222722215822171,-0.5899386883807236,0.0030469493287250704,6,1,1,DE,0.006064410294291639,0.010877609103548501,FALSE,FALSE
CambXyl_con&BO,agr_vir,z_within,23,-0.17955563264140906,0.4123351064981361,-0.19024330640258982,0.38458728143033794,4,1,1,DE,0.5554854076220173,0.5352735262012891,FALSE,FALSE
CambXyl_con&BO,bup_pin,z_within,0,NA,NA,NA,NA,0,0,0,,NA,NA,TRUE,FALSE
CambXyl_con&BO,cep_spp,z_within,0,NA,NA,NA,NA,0,0,0,,NA,NA,TRUE,FALSE
CambXyl_con&BO,clo_ana,z_within,0,NA,NA,NA,NA,0,0,0,,NA,NA,TRUE,FALSE
CambXyl_con&BO,den_mic,z_within,0,NA,NA,NA,NA,0,0,0,,NA,NA,TRUE,FALSE
CambXyl_con&BO,den_pin,z_within,0,NA,NA,NA,NA,0,0,0,,NA,NA,TRUE,FALSE
CambXyl_con&BO,dip_sp,z_within,23,-0.32885207442667497,0.12548636663940074,-0.34271523178807944,0.10940718186355106,0,1,1,DE,0.21799821357793706,0.20611273839201966,FALSE,FALSE
CambXyl_con&BO,era_def,z_within,0,NA,NA,NA,NA,0,0,0,,NA,NA,TRUE,FALSE
CambXyl_con&BO,geo_db,z_within,0,NA,NA,NA,NA,0,0,0,,NA,NA,TRUE,FALSE
CambXyl_con&BO,ips_acu,z_within,0,NA,NA,NA,NA,0,0,0,,NA,NA,TRUE,FALSE
CambXyl_con&BO,ips_ami,z_within,0,NA,NA,NA,NA,0,0,0,,NA,NA,TRUE,FALSE
CambXyl_con&BO,ips_cem,z_within,23,0.11016297277625137,0.6168019708467486,-0.06669265160790037,0.7623878010295246,6,1,1,DE,0.7254868876283967,0.8488139261709136,FALSE,FALSE
CambXyl_con&BO,ips_dup,z_within,0,NA,NA,NA,NA,0,0,0,,NA,NA,TRUE,FALSE
CambXyl_con&BO,ips_sex,z_within,0,NA,NA,NA,NA,0,0,0,,NA,NA,TRUE,FALSE
CambXyl_con&BO,ips_typ,z_within,46,0.2286160914443669,0.1264637937277623,0.1541445550194366,0.3063944925337566,29,2,2,"DE,SI",0.21916298233403467,0.4455512579818782,FALSE,FALSE
CambXyl_con&BO,lym_dis,z_within,23,-0.4283240210768237,0.041440591213632694,-0.478913855198736,0.020778047191778747,4,1,1,DE,0.0936347535649802,0.05666019095544562,FALSE,FALSE
CambXyl_con&BO,lym_mon,z_within,0,NA,NA,NA,NA,0,0,0,,NA,NA,TRUE,FALSE
CambXyl_con&BO,mel_spp,z_within,23,-0.3881649809273939,0.0672067852733115,-0.3440674228043503,0.10792378481502879,6,1,1,DE,0.13743538822289883,0.20385603798394325,FALSE,FALSE
CambXyl_con&BO,neo_ser,z_within,0,NA,NA,NA,NA,0,0,0,,NA,NA,TRUE,FALSE
CambXyl_con&BO,ope_spp,z_within,0,NA,NA,NA,NA,0,0,0,,NA,NA,TRUE,FALSE
CambXyl_con&BO,pan_fla,z_within,0,NA,NA,NA,NA,0,0,0,,NA,NA,TRUE,FALSE
CambXyl_con&BO,pha_cya,z_within,23,-0.5706912908345038,0.004458038647858452,-0.44842168828167545,0.03186675727714749,5,1,1,DE,0.014209998190048815,0.08017860187056412,FALSE,FALSE
CambXyl_con&BO,pis_pin,z_within,0,NA,NA,NA,NA,0,0,0,,NA,NA,TRUE,FALSE
CambXyl_con&BO,pit_bid,z_within,0,NA,NA,NA,NA,0,0,0,,NA,NA,TRUE,FALSE
CambXyl_con&BO,pit_cha,z_within,46,0.265099198501406,0.07499136204871953,0.255562150236038,0.08649191872445756,15,2,2,"DE,SI",0.1489360367423273,0.17298383744891513,FALSE,FALSE
CambXyl_con&BO,pit_spp,z_within,46,0.2649265781485887,0.07518822284160377,0.20396496233082423,0.17394724813033619,29,2,2,"DE,SI",0.1489360367423273,0.29086261162777527,FALSE,FALSE
CambXyl_con&BO,pol_pol,z_within,0,NA,NA,NA,NA,0,0,0,,NA,NA,TRUE,FALSE
CambXyl_con&BO,pri_abi,z_within,0,NA,NA,NA,NA,0,0,0,,NA,NA,TRUE,FALSE
CambXyl_con&BO,sap_car,z_within,0,NA,NA,NA,NA,0,0,0,,NA,NA,TRUE,FALSE
CambXyl_con&BO,sco_int,z_within,23,0.5321185568074435,0.008959645566355428,0.4602649006622517,0.0271065049546728,4,1,1,DE,0.025486800535369628,0.0711545755060161,FALSE,FALSE
CambXyl_con&BO,sco_rat,z_within,0,NA,NA,NA,NA,0,0,0,,NA,NA,TRUE,FALSE
CambXyl_con&BO,sco_sco,z_within,0,NA,NA,NA,NA,0,0,0,,NA,NA,TRUE,FALSE
CambXyl_con&BO,tet_gab,z_within,23,0.10231323979320768,0.6422637274506082,-0.007710642902617996,0.9721458240149548,6,1,1,DE,0.739639195806023,0.9859547135606217,FALSE,FALSE
CambXyl_con&BO,tet_spp,z_within,23,-0.20293762878307625,0.35304764417493006,-0.30837692684148865,0.1522538852058324,5,1,1,DE,0.49621263374192925,0.2644994502115921,FALSE,FALSE
CambXyl_con&BO,tha_pit,z_within,0,NA,NA,NA,NA,0,0,0,,NA,NA,TRUE,FALSE
CambXyl_con&BO,tha_pro,z_within,23,0.16999801569470158,0.43805212014175765,-0.03838131426091373,0.8619684789268867,6,1,1,DE,0.5781316336066821,0.9158415088598171,FALSE,FALSE
CambXyl_con&BO,tom_spp,z_within,23,-0.32720690197593455,0.12750192036112035,-0.40600213655099326,0.054572646121576286,3,1,1,DE,0.2198946162749757,0.12100891096523438,FALSE,FALSE
CambXyl_con&BO,tor_vir,z_within,0,NA,NA,NA,NA,0,0,0,,NA,NA,TRUE,FALSE
CambXyl_con&BO,uro_sir_spp,z_within,0,NA,NA,NA,NA,0,0,0,,NA,NA,TRUE,FALSE
CambXyl_con&BO,xyl_lin,z_within,0,NA,NA,NA,NA,0,0,0,,NA,NA,TRUE,FALSE
CambXyl_con&BO,xyl_spp,z_within,23,0.12138879825085924,0.5811248668328695,0.1688741721854305,0.4411311068187498,2,1,1,DE,0.6961797901319947,0.5854416547743259,FALSE,FALSE
CambXyl_con&BO,zei_gri,z_within,0,NA,NA,NA,NA,0,0,0,,NA,NA,TRUE,FALSE
CambXyl_con&MD,Def_dec,z_within,0,NA,NA,NA,NA,0,0,0,,NA,NA,TRUE,FALSE
CambXyl_con&MD,Def_dec&DB,z_within,184,-0.004107311154796046,0.9558717147677619,0.001352758764949584,0.985459621392528,88,8,2,"CZ,DE",0.9755008023941545,0.9910115065834718,FALSE,FALSE
CambXyl_con&MD,agr_big,z_within,23,-0.5679302367098098,0.004699460940766874,-0.4236142102829411,0.04398063869951812,15,1,1,DE,0.01478156436875572,0.10195511698524656,FALSE,FALSE
CambXyl_con&MD,agr_vir,z_within,23,0.23955636739227198,0.2709265164562373,0.10701206181237612,0.6269732944070698,13,1,1,DE,0.40810449947205363,0.7418341532818025,FALSE,FALSE
CambXyl_con&MD,bup_pin,z_within,0,NA,NA,NA,NA,0,0,0,,NA,NA,TRUE,FALSE
CambXyl_con&MD,cep_spp,z_within,138,-0.06924744147907838,0.41964151691626206,-0.07290542208149081,0.3954439535963288,76,6,1,CZ,0.563203088492878,0.5493131962408146,FALSE,FALSE
CambXyl_con&MD,clo_ana,z_within,0,NA,NA,NA,NA,0,0,0,,NA,NA,TRUE,FALSE
CambXyl_con&MD,den_mic,z_within,0,NA,NA,NA,NA,0,0,0,,NA,NA,TRUE,FALSE
CambXyl_con&MD,den_pin,z_within,0,NA,NA,NA,NA,0,0,0,,NA,NA,TRUE,FALSE
CambXyl_con&MD,dip_sp,z_within,23,-0.15203047166365852,0.4886267952205854,0.102557002818255,0.6414669651746094,3,1,1,DE,0.6139556567643897,0.7520647177909213,FALSE,FALSE
CambXyl_con&MD,era_def,z_within,0,NA,NA,NA,NA,0,0,0,,NA,NA,TRUE,FALSE
CambXyl_con&MD,geo_db,z_within,0,NA,NA,NA,NA,0,0,0,,NA,NA,TRUE,FALSE
CambXyl_con&MD,ips_acu,z_within,161,0.42506076170881035,1.9068913588474098e-8,0.4266087914090133,1.672014584406191e-8,117,7,1,CZ,2.521334130031575e-7,2.436364108706164e-7,FALSE,FALSE
CambXyl_con&MD,ips_ami,z_within,0,NA,NA,NA,NA,0,0,0,,NA,NA,TRUE,FALSE
CambXyl_con&MD,ips_cem,z_within,23,-0.5080285918640388,0.013325190978122067,-0.4028007915565637,0.05669320461084822,11,1,1,DE,0.03617561352995877,0.12416855242989457,FALSE,FALSE
CambXyl_con&MD,ips_dup,z_within,161,0.305736590210265,8.013446801387936e-5,0.3384001125197364,1.1303767482370803e-5,118,7,1,CZ,4.6141943678959567e-4,8.320505136507993e-5,FALSE,FALSE
CambXyl_con&MD,ips_sex,z_within,161,0.4039513126861195,1.0733216761987901e-7,0.44793771944362615,2.55182196177848e-9,115,7,1,CZ,1.2360510916224776e-6,4.443904587097158e-8,FALSE,FALSE
CambXyl_con&MD,ips_typ,z_within,184,0.2911815182575287,6.0691714591643994e-05,0.32016949346056084,9.397779467845752e-6,137,8,2,"CZ,DE",3.551957722822444e-4,7.215069397894482e-5,FALSE,FALSE
CambXyl_con&MD,lym_dis,z_within,23,-0.22684908623911468,0.29791793157266955,-0.1358356270683664,0.5365812017727404,12,1,1,DE,0.43678316867122396,0.6733198208536673,FALSE,FALSE
CambXyl_con&MD,lym_mon,z_within,115,-0.032452520259178594,0.7306181245593751,-0.05006885507139356,0.5951440079441053,70,5,1,CZ,0.8125566058183705,0.7194704361490432,FALSE,FALSE
CambXyl_con&MD,mel_spp,z_within,23,-0.37181353861969174,0.08064216617420983,-0.39312561176816213,0.06348919865699505,15,1,1,DE,0.1564633332836571,0.13531727713759542,FALSE,FALSE
CambXyl_con&MD,neo_ser,z_within,0,NA,NA,NA,NA,0,0,0,,NA,NA,TRUE,FALSE
CambXyl_con&MD,ope_spp,z_within,0,NA,NA,NA,NA,0,0,0,,NA,NA,TRUE,FALSE
CambXyl_con&MD,pan_fla,z_within,0,NA,NA,NA,NA,0,0,0,,NA,NA,TRUE,FALSE
CambXyl_con&MD,pha_cya,z_within,184,0.19262528558483585,0.008801487879723098,0.20405151283102588,0.005464084154358627,124,8,2,"CZ,DE",0.025238001390049367,0.017653194960235565,FALSE,FALSE
CambXyl_con&MD,pis_pin,z_within,0,NA,NA,NA,NA,0,0,0,,NA,NA,TRUE,FALSE
CambXyl_con&MD,pit_bid,z_within,0,NA,NA,NA,NA,0,0,0,,NA,NA,TRUE,FALSE
CambXyl_con&MD,pit_cha,z_within,23,-0.43752968401052406,0.03680888752893853,-0.32023818225056216,0.13629843787464524,11,1,1,DE,0.0858874042341899,0.24268599661470497,FALSE,FALSE
CambXyl_con&MD,pit_spp,z_within,161,0.3383814233286583,1.1317180567616843e-5,0.4056329044451563,9.393550615731237e-8,113,7,2,"CZ,DE",8.000462302255868e-5,1.1178325232720173e-6,FALSE,FALSE
CambXyl_con&MD,pol_pol,z_within,161,0.14996491888611319,0.05759513381852893,0.11481498895594162,0.14697822390136162,109,7,1,CZ,0.1227550016311333,0.2572118918273828,FALSE,FALSE
CambXyl_con&MD,pri_abi,z_within,138,-0.20393408573424318,0.01643265584133481,-0.21115489987734734,0.01291723133798878,77,6,1,CZ,0.04427515573853983,0.03764450275642445,FALSE,FALSE
CambXyl_con&MD,sap_car,z_within,0,NA,NA,NA,NA,0,0,0,,NA,NA,TRUE,FALSE
CambXyl_con&MD,sco_int,z_within,184,0.26208877461593183,3.257049374389582e-4,0.25911531026060874,3.827311365746806e-4,80,8,2,"CZ,DE",0.0015928309954206584,0.0018340270571431004,FALSE,FALSE
CambXyl_con&MD,sco_rat,z_within,161,0.3245102393200373,2.6724991537286146e-5,0.31758122936733135,4.04247107306631e-5,65,7,1,CZ,1.7372716679875185e-4,2.4460375814994455e-4,FALSE,FALSE
CambXyl_con&MD,sco_sco,z_within,0,NA,NA,NA,NA,0,0,0,,NA,NA,TRUE,FALSE
CambXyl_con&MD,tet_gab,z_within,23,-0.6303115469932534,0.0012647007921674821,-0.655855824267711,6.792242177076094e-4,11,1,1,DE,0.00493440636944034,0.002974177772510372,FALSE,FALSE
CambXyl_con&MD,tet_spp,z_within,23,-0.3141758054767339,0.14429671511485007,-0.17984940567152424,0.41155803621887965,12,1,1,DE,0.24089292265879164,0.5651008420390001,FALSE,FALSE
CambXyl_con&MD,tha_pit,z_within,0,NA,NA,NA,NA,0,0,0,,NA,NA,TRUE,FALSE
CambXyl_con&MD,tha_pro,z_within,23,0.6669559593540159,5.091638769174259e-4,0.6642890335495346,5.462470491528881e-4,15,1,1,DE,0.002345438762058336,0.0024376274568447633,FALSE,FALSE
CambXyl_con&MD,tom_spp,z_within,184,0.237271642689642,0.0011827263367078613,0.2588818800057805,3.875787000663135e-4,132,8,2,"CZ,DE",0.004639926397853917,0.001844874612315652,FALSE,FALSE
CambXyl_con&MD,tor_vir,z_within,0,NA,NA,NA,NA,0,0,0,,NA,NA,TRUE,FALSE
CambXyl_con&MD,uro_sir_spp,z_within,0,NA,NA,NA,NA,0,0,0,,NA,NA,TRUE,FALSE
CambXyl_con&MD,xyl_lin,z_within,0,NA,NA,NA,NA,0,0,0,,NA,NA,TRUE,FALSE
CambXyl_con&MD,xyl_spp,z_within,23,0.3834003930964955,0.07093145840865196,0.605543577149824,0.0021990268311293665,5,1,1,DE,0.14306514492592515,0.00822044585039983,FALSE,FALSE
CambXyl_con&MD,zei_gri,z_within,115,0.006499655849052729,0.9450371161924802,0.023857542826971397,0.800202723245981,50,5,1,CZ,0.9666998581109324,0.8722820525154663,FALSE,FALSE
Def_dec,Def_dec&DB,z_within,0,NA,NA,NA,NA,0,0,0,,NA,NA,TRUE,FALSE
Def_dec,agr_big,z_within,0,NA,NA,NA,NA,0,0,0,,NA,NA,TRUE,FALSE
Def_dec,agr_vir,z_within,0,NA,NA,NA,NA,0,0,0,,NA,NA,TRUE,FALSE
Def_dec,bup_pin,z_within,0,NA,NA,NA,NA,0,0,0,,NA,NA,TRUE,FALSE
Def_dec,cep_spp,z_within,0,NA,NA,NA,NA,0,0,0,,NA,NA,TRUE,FALSE
Def_dec,clo_ana,z_within,0,NA,NA,NA,NA,0,0,0,,NA,NA,TRUE,FALSE
Def_dec,den_mic,z_within,0,NA,NA,NA,NA,0,0,0,,NA,NA,TRUE,FALSE
Def_dec,den_pin,z_within,0,NA,NA,NA,NA,0,0,0,,NA,NA,TRUE,FALSE
Def_dec,dip_sp,z_within,0,NA,NA,NA,NA,0,0,0,,NA,NA,TRUE,FALSE
Def_dec,era_def,z_within,0,NA,NA,NA,NA,0,0,0,,NA,NA,TRUE,FALSE
Def_dec,geo_db,z_within,0,NA,NA,NA,NA,0,0,0,,NA,NA,TRUE,FALSE
Def_dec,ips_acu,z_within,0,NA,NA,NA,NA,0,0,0,,NA,NA,TRUE,FALSE
Def_dec,ips_ami,z_within,0,NA,NA,NA,NA,0,0,0,,NA,NA,TRUE,FALSE
Def_dec,ips_cem,z_within,0,NA,NA,NA,NA,0,0,0,,NA,NA,TRUE,FALSE
Def_dec,ips_dup,z_within,0,NA,NA,NA,NA,0,0,0,,NA,NA,TRUE,FALSE
Def_dec,ips_sex,z_within,0,NA,NA,NA,NA,0,0,0,,NA,NA,TRUE,FALSE
Def_dec,ips_typ,z_within,0,NA,NA,NA,NA,0,0,0,,NA,NA,TRUE,FALSE
Def_dec,lym_dis,z_within,0,NA,NA,NA,NA,0,0,0,,NA,NA,TRUE,FALSE
Def_dec,lym_mon,z_within,0,NA,NA,NA,NA,0,0,0,,NA,NA,TRUE,FALSE
Def_dec,mel_spp,z_within,0,NA,NA,NA,NA,0,0,0,,NA,NA,TRUE,FALSE
Def_dec,neo_ser,z_within,0,NA,NA,NA,NA,0,0,0,,NA,NA,TRUE,FALSE
Def_dec,ope_spp,z_within,0,NA,NA,NA,NA,0,0,0,,NA,NA,TRUE,FALSE
Def_dec,pan_fla,z_within,0,NA,NA,NA,NA,0,0,0,,NA,NA,TRUE,FALSE
Def_dec,pha_cya,z_within,0,NA,NA,NA,NA,0,0,0,,NA,NA,TRUE,FALSE
Def_dec,pis_pin,z_within,0,NA,NA,NA,NA,0,0,0,,NA,NA,TRUE,FALSE
Def_dec,pit_bid,z_within,0,NA,NA,NA,NA,0,0,0,,NA,NA,TRUE,FALSE
Def_dec,pit_cha,z_within,0,NA,NA,NA,NA,0,0,0,,NA,NA,TRUE,FALSE
Def_dec,pit_spp,z_within,0,NA,NA,NA,NA,0,0,0,,NA,NA,TRUE,FALSE
Def_dec,pol_pol,z_within,0,NA,NA,NA,NA,0,0,0,,NA,NA,TRUE,FALSE
Def_dec,pri_abi,z_within,0,NA,NA,NA,NA,0,0,0,,NA,NA,TRUE,FALSE
Def_dec,sap_car,z_within,0,NA,NA,NA,NA,0,0,0,,NA,NA,TRUE,FALSE
Def_dec,sco_int,z_within,0,NA,NA,NA,NA,0,0,0,,NA,NA,TRUE,FALSE
Def_dec,sco_rat,z_within,0,NA,NA,NA,NA,0,0,0,,NA,NA,TRUE,FALSE
Def_dec,sco_sco,z_within,0,NA,NA,NA,NA,0,0,0,,NA,NA,TRUE,FALSE
Def_dec,tet_gab,z_within,0,NA,NA,NA,NA,0,0,0,,NA,NA,TRUE,FALSE
Def_dec,tet_spp,z_within,0,NA,NA,NA,NA,0,0,0,,NA,NA,TRUE,FALSE
Def_dec,tha_pit,z_within,0,NA,NA,NA,NA,0,0,0,,NA,NA,TRUE,FALSE
Def_dec,tha_pro,z_within,0,NA,NA,NA,NA,0,0,0,,NA,NA,TRUE,FALSE
Def_dec,tom_spp,z_within,0,NA,NA,NA,NA,0,0,0,,NA,NA,TRUE,FALSE
Def_dec,tor_vir,z_within,0,NA,NA,NA,NA,0,0,0,,NA,NA,TRUE,FALSE
Def_dec,uro_sir_spp,z_within,0,NA,NA,NA,NA,0,0,0,,NA,NA,TRUE,FALSE
Def_dec,xyl_lin,z_within,0,NA,NA,NA,NA,0,0,0,,NA,NA,TRUE,FALSE
Def_dec,xyl_spp,z_within,0,NA,NA,NA,NA,0,0,0,,NA,NA,TRUE,FALSE
Def_dec,zei_gri,z_within,0,NA,NA,NA,NA,0,0,0,,NA,NA,TRUE,FALSE
Def_dec&DB,agr_big,z_within,92,0.09571128860363648,0.3641084433320799,0.0608054725192166,0.564760826296685,37,4,1,DE,0.5077606026154395,0.699543232026331,FALSE,FALSE
Def_dec&DB,agr_vir,z_within,46,0.15424541473942843,0.30607426770409857,0.18594015987700882,0.2160037538734037,15,2,1,DE,0.44274924486266826,0.34421138067964513,FALSE,FALSE
Def_dec&DB,bup_pin,z_within,69,0.2737139207278822,0.022860940565301385,0.06204929316613048,0.6125109556377104,14,3,1,DE,0.057677426019877,0.7325507911646989,FALSE,FALSE
Def_dec&DB,cep_spp,z_within,138,0.046840100596952636,0.5853813826881294,0.09200650794367493,0.283145993547542,73,6,1,CZ,0.69928477177804,0.427412768272611,FALSE,FALSE
Def_dec&DB,clo_ana,z_within,0,NA,NA,NA,NA,0,0,0,,NA,NA,TRUE,FALSE
Def_dec&DB,den_mic,z_within,0,NA,NA,NA,NA,0,0,0,,NA,NA,TRUE,FALSE
Def_dec&DB,den_pin,z_within,23,-0.4103910442566577,0.05176563498688129,-0.3946263180107775,0.06239614205079061,4,1,1,DE,0.11200201024434316,0.13378632259538886,FALSE,FALSE
Def_dec&DB,dip_sp,z_within,109,0.14426563124014305,0.13448331700590627,0.18823680623997843,0.04997792537317855,40,5,2,"AT,DE",0.22885510159585404,0.11221458715864618,FALSE,FALSE
Def_dec&DB,era_def,z_within,23,-0.6454549304942404,8.807551099254205e-4,-0.6369571063097853,0.0010815375372835259,0,1,1,DE,0.003721060050217457,0.004489638381514172,FALSE,FALSE
Def_dec&DB,geo_db,z_within,0,NA,NA,NA,NA,0,0,0,,NA,NA,TRUE,FALSE
Def_dec&DB,ips_acu,z_within,184,0.05828346681920728,0.4319401336046138,0.05868333362270913,0.4287823867290369,98,8,2,"CZ,DE",0.5732439691332607,0.5800092423845261,FALSE,FALSE
Def_dec&DB,ips_ami,z_within,0,NA,NA,NA,NA,0,0,0,,NA,NA,TRUE,FALSE
Def_dec&DB,ips_cem,z_within,115,0.12130438610319447,0.1965620869190507,0.09209750214410828,0.32761513409336696,54,5,1,DE,0.30981309064062296,0.47447709075591077,FALSE,FALSE
Def_dec&DB,ips_dup,z_within,184,-0.25020303855968506,6.138096962120754e-4,-0.24927983645929727,6.439751474186348e-4,96,8,1,CZ,0.002773798247439379,0.002838260834919168,FALSE,FALSE
Def_dec&DB,ips_sex,z_within,184,0.00554367025543899,0.9404644557300688,0.011967667410311534,0.8719068869045765,95,8,2,"CZ,DE",0.9647868123437775,0.9195591096748414,FALSE,FALSE
Def_dec&DB,ips_typ,z_within,404,-0.12908788842019112,0.009391299026280374,-0.13359904903152497,0.007165527972473931,237,18,3,"AT,CZ,DE",0.026509619266143078,0.02243941654537889,FALSE,FALSE
Def_dec&DB,lym_dis,z_within,153,0.43055857682783805,2.7738728426177567e-8,0.3421135376426426,1.5023336476433176e-5,59,7,2,"AT,DE",3.53668787433764e-7,1.0620457667498305e-4,FALSE,FALSE
Def_dec&DB,lym_mon,z_within,138,0.1318705024021255,0.12312753654940298,0.10638895330146848,0.21425601502071087,63,6,2,"CZ,DE",0.21502383242489895,0.3422344401001959,FALSE,FALSE
Def_dec&DB,mel_spp,z_within,115,0.17492077391846084,0.06151617571121616,0.14966560060768352,0.11038677406120491,40,5,1,DE,0.12956504264840218,0.20686655296509265,FALSE,FALSE
Def_dec&DB,neo_ser,z_within,0,NA,NA,NA,NA,0,0,0,,NA,NA,TRUE,FALSE
Def_dec&DB,ope_spp,z_within,0,NA,NA,NA,NA,0,0,0,,NA,NA,TRUE,FALSE
Def_dec&DB,pan_fla,z_within,46,0.48984943407577003,5.496497702573107e-4,0.18527422041507893,0.2176821860142083,8,2,1,DE,0.0025157047177161527,0.3453890684758772,FALSE,FALSE
Def_dec&DB,pha_cya,z_within,360,0.10806913309382467,0.04042868521164428,0.08805795200456029,0.09527333935164077,174,16,3,"AT,CZ,DE",0.09281698148268172,0.18603294482049795,FALSE,FALSE
Def_dec&DB,pis_pin,z_within,46,0.3640943062452599,0.01286504875309316,0.6075941412186836,7.538597247680827e-6,10,2,1,DE,0.03505971301415464,5.850606994395773e-5,FALSE,FALSE
Def_dec&DB,pit_bid,z_within,23,0.048271041810531254,0.826870577589819,0.2262917503522925,0.2991385347692259,4,1,1,DE,0.8864648534521482,0.4403812656190254,FALSE,FALSE
Def_dec&DB,pit_cha,z_within,220,0.05476107659156656,0.41896532880809767,0.04545321850418355,0.5024203903735764,119,10,2,"AT,DE",0.563203088492878,0.6454095221300362,FALSE,FALSE
Def_dec&DB,pit_spp,z_within,268,-0.16514673595340285,0.0067372263850658375,-0.17234648072934275,0.004662836323403938,150,12,3,"AT,CZ,DE",0.02004324849557087,0.015484954115862381,FALSE,FALSE
Def_dec&DB,pol_pol,z_within,184,-0.028681736429911037,0.6991366364180622,0.012114524545161934,0.8703487461103729,90,8,1,CZ,0.7863034413699955,0.9195591096748414,FALSE,FALSE
Def_dec&DB,pri_abi,z_within,161,0.40135730321153246,1.316505605196257e-7,0.3404869064471247,9.897068037238875e-6,81,7,1,CZ,1.4920396858890914e-6,7.517560189987827e-5,FALSE,FALSE
Def_dec&DB,sap_car,z_within,0,NA,NA,NA,NA,0,0,0,,NA,NA,TRUE,FALSE
Def_dec&DB,sco_int,z_within,230,0.04690366827562248,0.47904250002614346,0.03628011210804095,0.5841056065075253,71,10,2,"CZ,DE",0.6131452138563988,0.7133508618377576,FALSE,FALSE
Def_dec&DB,sco_rat,z_within,184,-0.008169313909515861,0.9123612955411774,0.03426352817807023,0.6442667865256048,55,8,2,"CZ,DE",0.946840065430815,0.7528747718155184,FALSE,FALSE
Def_dec&DB,sco_sco,z_within,23,-0.13199045048156569,0.5482798606305199,-0.19778956668265676,0.36565063333437664,2,1,1,DE,0.6691825991285321,0.5180050638903669,FALSE,FALSE
Def_dec&DB,tet_gab,z_within,199,0.051716973586786306,0.46817760525890206,0.044802211856510066,0.5297765559256475,93,9,2,"AT,DE",0.6053369406063221,0.6671260333878525,FALSE,FALSE
Def_dec&DB,tet_spp,z_within,92,0.29171750367820437,0.004780810963460883,0.2574179537255313,0.013241546864949024,45,4,1,DE,0.01497148696452224,0.03843278236412034,FALSE,FALSE
Def_dec&DB,tha_pit,z_within,23,0.4899013852018552,0.01764709278977977,0.6199543255983624,0.0016027677492373095,6,1,1,DE,0.04701501586530878,0.0062885522868866795,FALSE,FALSE
Def_dec&DB,tha_pro,z_within,92,0.1809605547851531,0.08430000424008342,0.08335530637798617,0.4295507720393099,44,4,1,DE,0.16223774400921714,0.5800092423845261,FALSE,FALSE
Def_dec&DB,tom_spp,z_within,404,0.041104376494437496,0.40995313459782123,0.051986121679294124,0.297237637129129,231,18,3,"AT,CZ,DE",0.5533204879070782,0.4403812656190254,FALSE,FALSE
Def_dec&DB,tor_vir,z_within,23,-0.5430085862531596,0.007417384481542922,-0.5608911699859562,0.005364942464050086,0,1,1,DE,0.021642341332658653,0.017491182280053707,FALSE,FALSE
Def_dec&DB,uro_sir_spp,z_within,23,0.21826041943070001,0.3170700333874314,0.17904108840959237,0.41369808692134624,10,1,1,DE,0.456427427094004,0.5669490097156261,FALSE,FALSE
Def_dec&DB,xyl_lin,z_within,46,-0.229644512593385,0.12471986810108748,-0.3128968709380477,0.0342385177234299,28,2,1,DE,0.21719508737604015,0.08458927908141506,FALSE,FALSE
Def_dec&DB,xyl_spp,z_within,69,0.022087032891329884,0.857043565162588,-0.0018263509717804992,0.988117014474403,19,3,1,DE,0.9114671227725467,0.9922862845776705,FALSE,FALSE
Def_dec&DB,zei_gri,z_within,115,-0.092996145890183,0.3228969630376406,-0.19650046829704107,0.03531054762612729,51,5,1,CZ,0.4629486578491474,0.08634154453785918,FALSE,FALSE
agr_big,agr_vir,z_within,92,0.3483049466042556,6.681059376814942e-4,0.3704336386158208,2.783068425174337e-4,46,4,1,DE,0.0029629045931961915,0.0013799380941489422,FALSE,FALSE
agr_big,bup_pin,z_within,352,0.24914030827005465,2.2178094856027077e-6,0.26752462996799736,3.4964789843722396e-7,121,17,2,"DE,PL",1.9311170399028453e-5,3.618932772820917e-6,FALSE,FALSE
agr_big,cep_spp,z_within,0,NA,NA,NA,NA,0,0,0,,NA,NA,TRUE,FALSE
agr_big,clo_ana,z_within,0,NA,NA,NA,NA,0,0,0,,NA,NA,TRUE,FALSE
agr_big,den_mic,z_within,0,NA,NA,NA,NA,0,0,0,,NA,NA,TRUE,FALSE
agr_big,den_pin,z_within,246,0.10586749351356194,0.09758652865594811,0.11858812959463942,0.06330160834881517,147,12,2,"DE,PL",0.1812032703407668,0.13531727713759542,FALSE,FALSE
agr_big,dip_sp,z_within,372,0.16643607138094843,0.0012738840825638168,0.18375993360025017,3.6707417860154404e-4,234,18,2,"DE,PL",0.004943224102992202,0.0017708848886588003,FALSE,FALSE
agr_big,era_def,z_within,46,-0.19600486166402195,0.1917261215437258,-0.19893503844069924,0.18503742416033514,24,2,1,DE,0.30547564166603774,0.30724818802437043,FALSE,FALSE
agr_big,geo_db,z_within,366,0.16124489150258672,0.0019713301000935496,0.15559154212006568,0.002838970217404823,222,18,2,"DE,PL",0.007108735815488861,0.010300589517819331,FALSE,FALSE
agr_big,ips_acu,z_within,229,-0.23749288352266854,2.8754221749766637e-4,-0.23165073869725253,4.0850400055798645e-4,87,11,2,"DE,PL",0.0014257301617592623,0.0018876469442179703,FALSE,FALSE
agr_big,ips_ami,z_within,23,0.3407113262008606,0.11163290638709787,0.363129563097704,0.08855139427933395,5,1,1,DE,0.19926473790096969,0.17562693198734566,FALSE,FALSE
agr_big,ips_cem,z_within,207,0.2828496279307117,3.635570207675066e-5,0.2433795366073341,4.097833002153857e-4,129,9,1,DE,2.2770150248070152e-4,0.0018876469442179703,FALSE,FALSE
agr_big,ips_dup,z_within,0,NA,NA,NA,NA,0,0,0,,NA,NA,TRUE,FALSE
agr_big,ips_sex,z_within,92,0.4217484234691842,2.826257718520888e-5,0.2560248176187784,0.013765211896138777,51,4,1,DE,1.8179711811026252e-4,0.03963048908807696,FALSE,FALSE
agr_big,ips_typ,z_within,547,0.20185884303939472,1.942077967917898e-6,0.1761028188007705,3.4476014000205536e-5,472,26,2,"DE,PL",1.7119057643128138e-5,2.1405107822736305e-4,FALSE,FALSE
agr_big,lym_dis,z_within,115,0.21956070969783686,0.018391037528698414,0.1543410766573642,0.0995731177097217,56,5,1,DE,0.048814872845690215,0.1916312831394644,FALSE,FALSE
agr_big,lym_mon,z_within,369,0.005653424976817258,0.9138123314485274,-0.005315371319059578,0.9189477768482108,271,18,2,"DE,PL",0.9469695278000705,0.9536754544616607,FALSE,FALSE
agr_big,mel_spp,z_within,455,0.15287865487563337,0.001070571026024709,0.1652265201720953,4.015530145449772e-4,364,22,2,"DE,PL",0.004270322416657219,0.0018862424499020642,FALSE,FALSE
agr_big,neo_ser,z_within,23,0.03495110359342169,0.8742047142636094,0.04302787789854483,0.8454425989788834,4,1,1,DE,0.9233463993849365,0.9063753989052894,FALSE,FALSE
agr_big,ope_spp,z_within,69,0.10884855110812018,0.3733074213065566,-0.04004457490979158,0.7439027931833095,22,3,1,DE,0.5155541563111826,0.8364513296580834,FALSE,FALSE
agr_big,pan_fla,z_within,283,0.06742910028023738,0.2582236013807144,0.08753451050403652,0.14187028880987768,152,14,2,"DE,PL",0.3931165274751174,0.24949602514840558,FALSE,FALSE
agr_big,pha_cya,z_within,504,0.42482157234643414,1.673660451971698e-23,0.41707098955544225,1.2473492253232624e-22,412,24,2,"DE,PL",1.3277706252308802e-21,8.096430426189176e-21,FALSE,FALSE
agr_big,pis_pin,z_within,46,0.2767985059741155,0.06256883100147076,0.28708690497402783,0.053055267405686744,29,2,1,DE,0.13100922385645197,0.11801078170610696,FALSE,FALSE
agr_big,pit_bid,z_within,69,0.23150986882324884,0.05561704429108061,0.2273475109394342,0.0602892938789036,39,3,1,DE,0.11889392102943579,0.13044410857435507,FALSE,FALSE
agr_big,pit_cha,z_within,207,0.2129265491651768,0.002067713098887887,0.2411924785347413,4.635660998416015e-4,127,9,1,DE,0.007418829912592721,0.002121706380044253,FALSE,FALSE
agr_big,pit_spp,z_within,69,0.05150469617775433,0.6742711899588457,9.87645835185475e-4,0.9935738084227179,58,3,1,DE,0.7702874074089854,0.9949673200754847,FALSE,FALSE
agr_big,pol_pol,z_within,0,NA,NA,NA,NA,0,0,0,,NA,NA,TRUE,FALSE
agr_big,pri_abi,z_within,69,-0.5686732049853973,3.4391803752599354e-7,-0.5263410799525232,3.39865567524618e-6,21,3,1,DE,3.611139394022932e-6,2.9593172586899663e-5,FALSE,FALSE
agr_big,sap_car,z_within,0,NA,NA,NA,NA,0,0,0,,NA,NA,TRUE,FALSE
agr_big,sco_int,z_within,115,0.3338570261121685,2.660389813542508e-4,0.35139692629492947,1.1778217169532761e-4,52,5,1,DE,0.0013283344943142315,6.275856014213724e-4,FALSE,FALSE
agr_big,sco_rat,z_within,46,0.7355636214604481,5.783630415605348e-9,0.6960289340572295,7.859859569462972e-8,30,2,1,DE,8.977200253787432e-8,9.675758159649246e-7,FALSE,FALSE
agr_big,sco_sco,z_within,23,-0.004005184167702585,0.9855295540671529,0.004389005442914361,0.9841429968381252,12,1,1,DE,0.9916476625495261,0.9910115065834718,FALSE,FALSE
agr_big,tet_gab,z_within,115,0.2532857589765976,0.006310404731992996,0.2612035324616717,0.0048080672112454535,61,5,1,DE,0.01893121419597899,0.015893333281616916,FALSE,FALSE
agr_big,tet_spp,z_within,92,0.21368488969302257,0.040829457572364204,0.2293655081674231,0.02785472210410798,51,4,1,DE,0.09284150543524855,0.07222932063125193,FALSE,FALSE
agr_big,tha_pit,z_within,23,0.22386911130466447,0.30448013884448794,0.27745229987799047,0.1999294644972064,10,1,1,DE,0.44274924486266826,0.3258342786937689,FALSE,FALSE
agr_big,tha_pro,z_within,138,0.04966169077122619,0.5629648261108358,0.14540756723316936,0.08881701631370582,81,6,1,DE,0.6835536452829506,0.17566578849857606,FALSE,FALSE
agr_big,tom_spp,z_within,404,0.37983786524459984,2.5869886887543895e-15,0.4172444631531679,1.8939747524581893e-18,249,19,2,"DE,PL",8.795761541764925e-14,7.954693960324395e-17,FALSE,FALSE
agr_big,tor_vir,z_within,438,0.2017796093295592,2.093214638311706e-5,0.22329068170419217,2.3643537356800105e-6,252,21,2,"DE,PL",1.4099577846741113e-4,2.1101857090944096e-5,FALSE,FALSE
agr_big,uro_sir_spp,z_within,23,0.2899003099075186,0.17965844154246774,0.2585380240341866,0.23359710477260323,4,1,1,DE,0.29087557202113823,0.3638757930410486,FALSE,FALSE
agr_big,xyl_lin,z_within,161,0.11521332586192953,0.14557146993939052,0.12471643929089522,0.11495562915293026,92,7,1,DE,0.2417163477598252,0.2137456229562297,FALSE,FALSE
agr_big,xyl_spp,z_within,161,0.037323792015489916,0.6383124637300917,0.08312566823013288,0.2944803173273046,82,7,1,DE,0.7374677979017563,0.4398722731625429,FALSE,FALSE
agr_big,zei_gri,z_within,0,NA,NA,NA,NA,0,0,0,,NA,NA,TRUE,FALSE
agr_vir,bup_pin,z_within,23,-0.30501810122938844,0.15700178483138366,-0.2661946094105834,0.2195472937819332,1,1,1,DE,0.25769948130944353,0.3475759817301559,FALSE,FALSE
agr_vir,cep_spp,z_within,0,NA,NA,NA,NA,0,0,0,,NA,NA,TRUE,FALSE
agr_vir,clo_ana,z_within,0,NA,NA,NA,NA,0,0,0,,NA,NA,TRUE,FALSE
agr_vir,den_mic,z_within,0,NA,NA,NA,NA,0,0,0,,NA,NA,TRUE,FALSE
agr_vir,den_pin,z_within,23,-0.37672721209231835,0.07640900874168069,-0.41508311975887585,0.04888981648930826,0,1,1,DE,0.1507072713855249,0.11040001423586975,FALSE,FALSE
agr_vir,dip_sp,z_within,46,-0.29903278664290345,0.04351037380229631,-0.2124591965012986,0.15632088218361598,5,2,1,DE,0.0975327519993898,0.2676573378395727,FALSE,FALSE
agr_vir,era_def,z_within,23,0.12661044019397583,0.5648412475027182,0.03590351350683144,0.8708043646681473,8,1,1,DE,0.6835536452829506,0.9195591096748414,FALSE,FALSE
agr_vir,geo_db,z_within,23,-0.5528994303229423,0.006214140444938228,-0.3901885592221021,0.06567075802638461,5,1,1,DE,0.018721081340446814,0.13851350054309827,FALSE,FALSE
agr_vir,ips_acu,z_within,23,0.858325065468507,1.6212122224033566e-7,0.8158960425932898,2.082537651076793e-6,8,1,1,DE,1.8086648856187446e-6,1.8821922567959878e-5,FALSE,FALSE
agr_vir,ips_ami,z_within,0,NA,NA,NA,NA,0,0,0,,NA,NA,TRUE,FALSE
agr_vir,ips_cem,z_within,92,0.13517662368147473,0.1988807490407915,0.15676875467853918,0.13560531980202492,42,4,1,DE,0.3127772132491743,0.24205549584661448,FALSE,FALSE
agr_vir,ips_dup,z_within,0,NA,NA,NA,NA,0,0,0,,NA,NA,TRUE,FALSE
agr_vir,ips_sex,z_within,23,0.4939462073446449,0.0165957823524025,0.3405094241915069,0.11185897832585302,7,1,1,DE,0.04437973258282915,0.20907672912214412,FALSE,FALSE
agr_vir,ips_typ,z_within,92,0.1123572686229386,0.2862704422165613,0.1926683869812206,0.06576481328306766,41,4,1,DE,0.4231823928418732,0.13851350054309827,FALSE,FALSE
agr_vir,lym_dis,z_within,92,0.547143400245559,1.667956334336793e-8,0.5014574664430423,3.5479733066871735e-7,39,4,1,DE,2.2902323513778272e-7,3.618932772820917e-6,FALSE,FALSE
agr_vir,lym_mon,z_within,23,-0.12589903110185152,0.5670477513344387,-0.26485422486709104,0.2219653481270465,5,1,1,DE,0.6850627655715554,0.3506266782360867,FALSE,FALSE
agr_vir,mel_spp,z_within,69,0.11122474723436812,0.3629011634574444,0.10924486837936903,0.37155936619281704,32,3,1,DE,0.5070673790775251,0.5220559590157585,FALSE,FALSE
agr_vir,neo_ser,z_within,0,NA,NA,NA,NA,0,0,0,,NA,NA,TRUE,FALSE
agr_vir,ope_spp,z_within,23,0.34807558473181294,0.10361336351673263,0.17069989376759426,0.4361350146160603,11,1,1,DE,0.18742546055515932,0.5853390985636598,FALSE,FALSE
agr_vir,pan_fla,z_within,0,NA,NA,NA,NA,0,0,0,,NA,NA,TRUE,FALSE
agr_vir,pha_cya,z_within,92,0.4647870869242111,3.049143072444094e-6,0.4807766122979684,1.2306358615193662e-6,45,4,1,DE,2.6229977755723895e-5,1.141135071590685e-5,FALSE,FALSE
agr_vir,pis_pin,z_within,0,NA,NA,NA,NA,0,0,0,,NA,NA,TRUE,FALSE
agr_vir,pit_bid,z_within,23,0.38055529464155974,0.07322910738181318,0.3509687580403928,0.10058171132749562,7,1,1,DE,0.14686961424329947,0.1930519943221287,FALSE,FALSE
agr_vir,pit_cha,z_within,92,0.015251100052265723,0.8852701306494279,0.16063302898625278,0.1261099782952171,39,4,1,DE,0.928168683235964,0.22970031760914544,FALSE,FALSE
agr_vir,pit_spp,z_within,69,0.08617441261279489,0.48140004174070505,0.2186479905197893,0.07108187356375728,35,3,1,DE,0.6131452138563988,0.1483989991945108,FALSE,FALSE
agr_vir,pol_pol,z_within,0,NA,NA,NA,NA,0,0,0,,NA,NA,TRUE,FALSE
agr_vir,pri_abi,z_within,46,-0.3711799217321492,0.011097015214505424,-0.31147763740995354,0.03510556992419018,8,2,1,DE,0.030591771672420356,0.08613531589646663,FALSE,FALSE
agr_vir,sap_car,z_within,0,NA,NA,NA,NA,0,0,0,,NA,NA,TRUE,FALSE
agr_vir,sco_int,z_within,69,0.28250703647587044,0.01867596031462383,0.3350173972481047,0.004895497689475273,14,3,1,DE,0.049387539498671904,0.01608698295973901,FALSE,FALSE
agr_vir,sco_rat,z_within,0,NA,NA,NA,NA,0,0,0,,NA,NA,TRUE,FALSE
agr_vir,sco_sco,z_within,0,NA,NA,NA,NA,0,0,0,,NA,NA,TRUE,FALSE
agr_vir,tet_gab,z_within,46,-0.10825849770798046,0.4739006168060296,-0.07839173198875914,0.6045667090751705,21,2,1,DE,0.6085702165458725,0.7254800508902046,FALSE,FALSE
agr_vir,tet_spp,z_within,46,-0.09660210585815404,0.523048960131115,-0.07220839949959468,0.6334428766456024,21,2,1,DE,0.6438913060924415,0.7451041415567713,FALSE,FALSE
agr_vir,tha_pit,z_within,0,NA,NA,NA,NA,0,0,0,,NA,NA,TRUE,FALSE
agr_vir,tha_pro,z_within,69,0.42838646889452064,2.4051042263471066e-4,0.4447286124049583,1.2892104366772026e-4,36,3,1,DE,0.0012093270546562212,6.818490753981649e-4,FALSE,FALSE
agr_vir,tom_spp,z_within,92,-0.030542820847646063,0.772567308982974,-0.016248337334444706,0.8778243319734986,38,4,1,DE,0.8489908030821695,0.9230730088793491,FALSE,FALSE
agr_vir,tor_vir,z_within,46,-0.2912865803210114,0.04952382712237669,-0.18694003991923538,0.21350058788506018,18,2,1,DE,0.10847709027110305,0.3417924209639753,FALSE,FALSE
agr_vir,uro_sir_spp,z_within,0,NA,NA,NA,NA,0,0,0,,NA,NA,TRUE,FALSE
agr_vir,xyl_lin,z_within,46,-0.49609510161808684,4.545905949507224e-4,-0.582715555151836,2.1471485431302402e-5,21,2,1,DE,0.0021353795052290515,1.4327701493411135e-4,FALSE,FALSE
agr_vir,xyl_spp,z_within,69,-0.22589125603961063,0.06199715170366712,-0.26080475799869374,0.030430652268593563,23,3,1,DE,0.13019401857770097,0.07759816328491358,FALSE,FALSE
agr_vir,zei_gri,z_within,0,NA,NA,NA,NA,0,0,0,,NA,NA,TRUE,FALSE
bup_pin,cep_spp,z_within,0,NA,NA,NA,NA,0,0,0,,NA,NA,TRUE,FALSE
bup_pin,clo_ana,z_within,0,NA,NA,NA,NA,0,0,0,,NA,NA,TRUE,FALSE
bup_pin,den_mic,z_within,0,NA,NA,NA,NA,0,0,0,,NA,NA,TRUE,FALSE
bup_pin,den_pin,z_within,226,0.3855890611929521,1.9965485422867935e-9,0.3343309762510185,2.645354700706921e-7,74,11,2,"DE,PL",3.315199207425048e-8,2.8359206791182966e-6,FALSE,FALSE
bup_pin,dip_sp,z_within,329,0.3895486810286471,2.293437394582331e-13,0.36193804345213226,1.2798136010131593e-11,112,16,2,"DE,PL",5.458380999105948e-12,2.538296975342766e-10,FALSE,FALSE
bup_pin,era_def,z_within,23,0.6384885939582579,0.0010427062045916247,0.5022327465095217,0.014600713514163465,12,1,1,DE,0.004254241314733829,0.04141123911686792,FALSE,FALSE
bup_pin,geo_db,z_within,306,0.23497460796453717,3.298265242285547e-5,0.22996311910267275,4.890438308395676e-5,88,15,2,"DE,PL",2.1026440919570363e-4,2.862108977208617e-4,FALSE,FALSE
bup_pin,ips_acu,z_within,169,-0.3187007198975668,2.4106087314627417e-5,-0.2428802931458796,0.0014636695586675195,24,8,2,"DE,PL",1.593680216911479e-4,0.005838324384852564,FALSE,FALSE
bup_pin,ips_ami,z_within,0,NA,NA,NA,NA,0,0,0,,NA,NA,TRUE,FALSE
bup_pin,ips_cem,z_within,138,0.16074409995370997,0.05964534256212992,0.035572175746312454,0.6787213528615859,43,6,1,DE,0.12637025100700525,0.7791110063395054,FALSE,FALSE
bup_pin,ips_dup,z_within,0,NA,NA,NA,NA,0,0,0,,NA,NA,TRUE,FALSE
bup_pin,ips_sex,z_within,69,-0.01849613155324628,0.8800968527197588,0.0072880422055496665,0.9526065796437524,26,3,1,DE,0.9265371070485287,0.9758408864643318,FALSE,FALSE
bup_pin,ips_typ,z_within,398,0.05448951364449755,0.27816571189704054,-0.040859836082963515,0.4162599988000135,149,19,2,"DE,PL",0.4172485678455608,0.5693671247954208,FALSE,FALSE
bup_pin,lym_dis,z_within,69,0.2528078756028031,0.036100770946036795,0.2502636083913507,0.03807961556811342,13,3,1,DE,0.084511312968755,0.09185420782308441,FALSE,FALSE
bup_pin,lym_mon,z_within,306,0.3483323649532412,3.7113418701644963e-10,0.314474961007483,1.8895793856355702e-8,116,15,2,"DE,PL",6.9734160402564486e-9,2.6983193626875943e-7,FALSE,FALSE
bup_pin,mel_spp,z_within,329,0.2823142998591424,1.913630184496942e-7,0.29727739926791896,3.8772485687583565e-8,114,16,2,"DE,PL",2.1020491565089486e-6,5.223312222817861e-7,FALSE,FALSE
bup_pin,neo_ser,z_within,23,-0.10471678397764957,0.63442430632392,-0.06125250648702454,0.7812922069050181,3,1,1,DE,0.7353554459663618,0.857452247903161,FALSE,FALSE
bup_pin,ope_spp,z_within,23,0.4413253268862017,0.03502243825261316,0.40507905767036095,0.05517770031522394,4,1,1,DE,0.08252812182298942,0.12197175859154767,FALSE,FALSE
bup_pin,pan_fla,z_within,286,0.3302919319953917,1.0485487123445289e-8,0.28749293020816186,7.596756171876592e-7,79,14,2,"DE,PL",1.5278852665591707e-7,7.329843117189036e-6,FALSE,FALSE
bup_pin,pha_cya,z_within,398,0.27863521742370784,1.571013424629136e-8,0.2243890027081763,6.1770533560801694e-06,147,19,2,"DE,PL",2.1994187944807904e-7,4.955523703641844e-5,FALSE,FALSE
bup_pin,pis_pin,z_within,69,0.47516793430960647,3.697068859891577e-5,0.3891093481871437,9.51811018972393e-4,27,3,1,DE,2.2953975356196398e-4,0.0039742284651829735,FALSE,FALSE
bup_pin,pit_bid,z_within,69,-0.03939067119862518,0.7479447084161905,-0.0943727793273487,0.44051631443001227,23,3,1,DE,0.826675730354737,0.5854416547743259,FALSE,FALSE
bup_pin,pit_cha,z_within,138,0.2540338203240987,0.0026422259892066747,0.06515459539431896,0.44770993561486816,46,6,1,DE,0.009240393187716717,0.5897876273598078,FALSE,FALSE
bup_pin,pit_spp,z_within,0,NA,NA,NA,NA,0,0,0,,NA,NA,TRUE,FALSE
bup_pin,pol_pol,z_within,0,NA,NA,NA,NA,0,0,0,,NA,NA,TRUE,FALSE
bup_pin,pri_abi,z_within,46,0.1305557666186859,0.3871411194404496,0.21363479312492095,0.1539884272286241,11,2,1,DE,0.5291753669389665,0.2661564951663687,FALSE,FALSE
bup_pin,sap_car,z_within,0,NA,NA,NA,NA,0,0,0,,NA,NA,TRUE,FALSE
bup_pin,sco_int,z_within,69,-0.3024402992329754,0.011543010697407168,-0.224362272269637,0.06383219623656668,16,3,1,DE,0.031698883222879684,0.1356434170027042,FALSE,FALSE
bup_pin,sco_rat,z_within,46,-0.26495423210432906,0.0751566581731771,-0.2778944045793577,0.06149487263840493,16,2,1,DE,0.1489360367423273,0.1326505711897919,FALSE,FALSE
bup_pin,sco_sco,z_within,23,0.14188701510890442,0.5184095096970002,0.11499514153572077,0.6013354550965073,10,1,1,DE,0.6403882178610002,0.7248906327805233,FALSE,FALSE
bup_pin,tet_gab,z_within,92,0.28163230194942657,0.006534688908404939,0.25539745045253903,0.014006844692781595,23,4,1,DE,0.01952204134142731,0.04016420526363879,FALSE,FALSE
bup_pin,tet_spp,z_within,46,0.4457352461270332,0.001906235488909486,0.19233719913239802,0.2003378828383257,11,2,1,DE,0.006944143566741699,0.3258342786937689,FALSE,FALSE
bup_pin,tha_pit,z_within,23,-0.6439950439766439,9.127783342963421e-4,-0.6943787330028675,2.3693764692776786e-4,3,1,1,DE,0.0038156754264994574,0.0011913625345522975,FALSE,FALSE
bup_pin,tha_pro,z_within,46,-0.05313931417642358,0.7257851385546892,-0.08206616935047441,0.5876821884387626,16,2,1,DE,0.8097040452000752,0.7160496289168541,FALSE,FALSE
bup_pin,tom_spp,z_within,278,0.35372542218964725,1.2908895430696039e-9,0.34241624382405966,4.583104005204668e-9,95,13,2,"DE,PL",2.1945122232183267e-8,7.791276808847935e-8,FALSE,FALSE
bup_pin,tor_vir,z_within,312,0.12369640048672915,0.028922563982695413,0.1772486169528413,0.0016711591084803436,79,15,2,"DE,PL",0.06976591447177205,0.0064497708294863,FALSE,FALSE
bup_pin,uro_sir_spp,z_within,23,0.19562059526338102,0.3710373639213793,0.22669456501969745,0.2982560341755917,4,1,1,DE,0.5144090831842035,0.4403812656190254,FALSE,FALSE
bup_pin,xyl_lin,z_within,115,0.1692902808570919,0.07050042406451414,0.20734818026411475,0.026182512522936595,35,5,1,DE,0.14259859145060366,0.06923819978287678,FALSE,FALSE
bup_pin,xyl_spp,z_within,92,0.21673155336037622,0.037974793322320066,0.30187921582186245,0.0034502329409407985,31,4,1,DE,0.08803247542901471,0.012135302068136601,FALSE,FALSE
bup_pin,zei_gri,z_within,0,NA,NA,NA,NA,0,0,0,,NA,NA,TRUE,FALSE
cep_spp,clo_ana,z_within,0,NA,NA,NA,NA,0,0,0,,NA,NA,TRUE,FALSE
cep_spp,den_mic,z_within,0,NA,NA,NA,NA,0,0,0,,NA,NA,TRUE,FALSE
cep_spp,den_pin,z_within,0,NA,NA,NA,NA,0,0,0,,NA,NA,TRUE,FALSE
cep_spp,dip_sp,z_within,0,NA,NA,NA,NA,0,0,0,,NA,NA,TRUE,FALSE
cep_spp,era_def,z_within,0,NA,NA,NA,NA,0,0,0,,NA,NA,TRUE,FALSE
cep_spp,geo_db,z_within,0,NA,NA,NA,NA,0,0,0,,NA,NA,TRUE,FALSE
cep_spp,ips_acu,z_within,138,-0.15266728500891286,0.07383802733569857,-0.16276549933010281,0.05646758232855198,90,6,1,CZ,0.14767605467139713,0.12405493471564957,FALSE,FALSE
cep_spp,ips_ami,z_within,0,NA,NA,NA,NA,0,0,0,,NA,NA,TRUE,FALSE
cep_spp,ips_cem,z_within,0,NA,NA,NA,NA,0,0,0,,NA,NA,TRUE,FALSE
cep_spp,ips_dup,z_within,138,-0.308229821844447,2.351550757486949e-4,-0.33852647985937867,4.882379052672763e-5,88,6,1,CZ,0.001190785277195519,2.862108977208617e-4,FALSE,FALSE
cep_spp,ips_sex,z_within,138,-0.24482033052575555,0.0038036492285204206,-0.25890553563435975,0.002167655801883871,85,6,1,CZ,0.012515232945454287,0.008145822329184652,FALSE,FALSE
cep_spp,ips_typ,z_within,138,-0.3385940687371113,4.8643747429331285e-5,-0.3504136106752958,2.5158797001932315e-5,93,6,1,CZ,2.8943029720452116e-4,1.6330346417617886e-4,FALSE,FALSE
cep_spp,lym_dis,z_within,0,NA,NA,NA,NA,0,0,0,,NA,NA,TRUE,FALSE
cep_spp,lym_mon,z_within,115,0.213307914841493,0.022085552710687642,0.219013854699665,0.018691329371193093,65,5,1,CZ,0.05652001661444794,0.05213128582434324,FALSE,FALSE
cep_spp,mel_spp,z_within,0,NA,NA,NA,NA,0,0,0,,NA,NA,TRUE,FALSE
cep_spp,neo_ser,z_within,0,NA,NA,NA,NA,0,0,0,,NA,NA,TRUE,FALSE
cep_spp,ope_spp,z_within,0,NA,NA,NA,NA,0,0,0,,NA,NA,TRUE,FALSE
cep_spp,pan_fla,z_within,0,NA,NA,NA,NA,0,0,0,,NA,NA,TRUE,FALSE
cep_spp,pha_cya,z_within,138,-0.05546310651901603,0.5182047686987559,-0.02575076069923074,0.7643288622754899,86,6,1,CZ,0.6403882178610002,0.8488139261709136,FALSE,FALSE
cep_spp,pis_pin,z_within,0,NA,NA,NA,NA,0,0,0,,NA,NA,TRUE,FALSE
cep_spp,pit_bid,z_within,0,NA,NA,NA,NA,0,0,0,,NA,NA,TRUE,FALSE
cep_spp,pit_cha,z_within,0,NA,NA,NA,NA,0,0,0,,NA,NA,TRUE,FALSE
cep_spp,pit_spp,z_within,138,-0.32014289435342075,1.2925882700182955e-4,-0.3490592498642889,2.7169769354731968e-5,76,6,1,CZ,6.887373319351216e-4,1.747677055790867e-4,FALSE,FALSE
cep_spp,pol_pol,z_within,138,0.06035879993307476,0.48190159815538236,-0.018469461080703874,0.8297580726578163,84,6,1,CZ,0.6131452138563988,0.8962893553368847,FALSE,FALSE
cep_spp,pri_abi,z_within,138,0.4241814920248439,2.164487226478626e-7,0.4213204939277098,2.6611580602370574e-7,73,6,1,CZ,2.3066326562772224e-6,2.8359206791182966e-6,FALSE,FALSE
cep_spp,sap_car,z_within,0,NA,NA,NA,NA,0,0,0,,NA,NA,TRUE,FALSE
cep_spp,sco_int,z_within,138,-0.11168398388886137,0.19218584254700516,-0.07166305665865548,0.40356711040828785,55,6,1,CZ,0.30547564166603774,0.5584242574254216,FALSE,FALSE
cep_spp,sco_rat,z_within,138,-0.28927445804924834,5.792044603699143e-4,-0.27164782107131596,0.001268820774864274,44,6,1,CZ,0.002634089074548528,0.005176788761446238,FALSE,FALSE
cep_spp,sco_sco,z_within,0,NA,NA,NA,NA,0,0,0,,NA,NA,TRUE,FALSE
cep_spp,tet_gab,z_within,0,NA,NA,NA,NA,0,0,0,,NA,NA,TRUE,FALSE
cep_spp,tet_spp,z_within,0,NA,NA,NA,NA,0,0,0,,NA,NA,TRUE,FALSE
cep_spp,tha_pit,z_within,0,NA,NA,NA,NA,0,0,0,,NA,NA,TRUE,FALSE
cep_spp,tha_pro,z_within,0,NA,NA,NA,NA,0,0,0,,NA,NA,TRUE,FALSE
cep_spp,tom_spp,z_within,138,-0.18761290763563337,0.027558784091134377,-0.14339096675094692,0.09338172912913659,91,6,1,CZ,0.06761845993494826,0.18367645894821907,FALSE,FALSE
cep_spp,tor_vir,z_within,0,NA,NA,NA,NA,0,0,0,,NA,NA,TRUE,FALSE
cep_spp,uro_sir_spp,z_within,0,NA,NA,NA,NA,0,0,0,,NA,NA,TRUE,FALSE
cep_spp,xyl_lin,z_within,0,NA,NA,NA,NA,0,0,0,,NA,NA,TRUE,FALSE
cep_spp,xyl_spp,z_within,0,NA,NA,NA,NA,0,0,0,,NA,NA,TRUE,FALSE
cep_spp,zei_gri,z_within,115,0.022963030659707413,0.8075460009641819,-0.01912532648383794,0.8392332900775648,51,5,1,CZ,0.8733109207475359,0.9024285679448513,FALSE,FALSE
clo_ana,den_mic,z_within,0,NA,NA,NA,NA,0,0,0,,NA,NA,TRUE,FALSE
clo_ana,den_pin,z_within,0,NA,NA,NA,NA,0,0,0,,NA,NA,TRUE,FALSE
clo_ana,dip_sp,z_within,0,NA,NA,NA,NA,0,0,0,,NA,NA,TRUE,FALSE
clo_ana,era_def,z_within,0,NA,NA,NA,NA,0,0,0,,NA,NA,TRUE,FALSE
clo_ana,geo_db,z_within,0,NA,NA,NA,NA,0,0,0,,NA,NA,TRUE,FALSE
clo_ana,ips_acu,z_within,0,NA,NA,NA,NA,0,0,0,,NA,NA,TRUE,FALSE
clo_ana,ips_ami,z_within,0,NA,NA,NA,NA,0,0,0,,NA,NA,TRUE,FALSE
clo_ana,ips_cem,z_within,0,NA,NA,NA,NA,0,0,0,,NA,NA,TRUE,FALSE
clo_ana,ips_dup,z_within,0,NA,NA,NA,NA,0,0,0,,NA,NA,TRUE,FALSE
clo_ana,ips_sex,z_within,0,NA,NA,NA,NA,0,0,0,,NA,NA,TRUE,FALSE
clo_ana,ips_typ,z_within,0,NA,NA,NA,NA,0,0,0,,NA,NA,TRUE,FALSE
clo_ana,lym_dis,z_within,0,NA,NA,NA,NA,0,0,0,,NA,NA,TRUE,FALSE
clo_ana,lym_mon,z_within,0,NA,NA,NA,NA,0,0,0,,NA,NA,TRUE,FALSE
clo_ana,mel_spp,z_within,0,NA,NA,NA,NA,0,0,0,,NA,NA,TRUE,FALSE
clo_ana,neo_ser,z_within,0,NA,NA,NA,NA,0,0,0,,NA,NA,TRUE,FALSE
clo_ana,ope_spp,z_within,0,NA,NA,NA,NA,0,0,0,,NA,NA,TRUE,FALSE
clo_ana,pan_fla,z_within,0,NA,NA,NA,NA,0,0,0,,NA,NA,TRUE,FALSE
clo_ana,pha_cya,z_within,0,NA,NA,NA,NA,0,0,0,,NA,NA,TRUE,FALSE
clo_ana,pis_pin,z_within,0,NA,NA,NA,NA,0,0,0,,NA,NA,TRUE,FALSE
clo_ana,pit_bid,z_within,0,NA,NA,NA,NA,0,0,0,,NA,NA,TRUE,FALSE
clo_ana,pit_cha,z_within,0,NA,NA,NA,NA,0,0,0,,NA,NA,TRUE,FALSE
clo_ana,pit_spp,z_within,0,NA,NA,NA,NA,0,0,0,,NA,NA,TRUE,FALSE
clo_ana,pol_pol,z_within,0,NA,NA,NA,NA,0,0,0,,NA,NA,TRUE,FALSE
clo_ana,pri_abi,z_within,0,NA,NA,NA,NA,0,0,0,,NA,NA,TRUE,FALSE
clo_ana,sap_car,z_within,0,NA,NA,NA,NA,0,0,0,,NA,NA,TRUE,FALSE
clo_ana,sco_int,z_within,0,NA,NA,NA,NA,0,0,0,,NA,NA,TRUE,FALSE
clo_ana,sco_rat,z_within,0,NA,NA,NA,NA,0,0,0,,NA,NA,TRUE,FALSE
clo_ana,sco_sco,z_within,0,NA,NA,NA,NA,0,0,0,,NA,NA,TRUE,FALSE
clo_ana,tet_gab,z_within,0,NA,NA,NA,NA,0,0,0,,NA,NA,TRUE,FALSE
clo_ana,tet_spp,z_within,0,NA,NA,NA,NA,0,0,0,,NA,NA,TRUE,FALSE
clo_ana,tha_pit,z_within,0,NA,NA,NA,NA,0,0,0,,NA,NA,TRUE,FALSE
clo_ana,tha_pro,z_within,0,NA,NA,NA,NA,0,0,0,,NA,NA,TRUE,FALSE
clo_ana,tom_spp,z_within,0,NA,NA,NA,NA,0,0,0,,NA,NA,TRUE,FALSE
clo_ana,tor_vir,z_within,0,NA,NA,NA,NA,0,0,0,,NA,NA,TRUE,FALSE
clo_ana,uro_sir_spp,z_within,0,NA,NA,NA,NA,0,0,0,,NA,NA,TRUE,FALSE
clo_ana,xyl_lin,z_within,0,NA,NA,NA,NA,0,0,0,,NA,NA,TRUE,FALSE
clo_ana,xyl_spp,z_within,0,NA,NA,NA,NA,0,0,0,,NA,NA,TRUE,FALSE
clo_ana,zei_gri,z_within,0,NA,NA,NA,NA,0,0,0,,NA,NA,TRUE,FALSE
den_mic,den_pin,z_within,0,NA,NA,NA,NA,0,0,0,,NA,NA,TRUE,FALSE
den_mic,dip_sp,z_within,0,NA,NA,NA,NA,0,0,0,,NA,NA,TRUE,FALSE
den_mic,era_def,z_within,0,NA,NA,NA,NA,0,0,0,,NA,NA,TRUE,FALSE
den_mic,geo_db,z_within,0,NA,NA,NA,NA,0,0,0,,NA,NA,TRUE,FALSE
den_mic,ips_acu,z_within,0,NA,NA,NA,NA,0,0,0,,NA,NA,TRUE,FALSE
den_mic,ips_ami,z_within,0,NA,NA,NA,NA,0,0,0,,NA,NA,TRUE,FALSE
den_mic,ips_cem,z_within,0,NA,NA,NA,NA,0,0,0,,NA,NA,TRUE,FALSE
den_mic,ips_dup,z_within,0,NA,NA,NA,NA,0,0,0,,NA,NA,TRUE,FALSE
den_mic,ips_sex,z_within,0,NA,NA,NA,NA,0,0,0,,NA,NA,TRUE,FALSE
den_mic,ips_typ,z_within,0,NA,NA,NA,NA,0,0,0,,NA,NA,TRUE,FALSE
den_mic,lym_dis,z_within,0,NA,NA,NA,NA,0,0,0,,NA,NA,TRUE,FALSE
den_mic,lym_mon,z_within,0,NA,NA,NA,NA,0,0,0,,NA,NA,TRUE,FALSE
den_mic,mel_spp,z_within,0,NA,NA,NA,NA,0,0,0,,NA,NA,TRUE,FALSE
den_mic,neo_ser,z_within,0,NA,NA,NA,NA,0,0,0,,NA,NA,TRUE,FALSE
den_mic,ope_spp,z_within,0,NA,NA,NA,NA,0,0,0,,NA,NA,TRUE,FALSE
den_mic,pan_fla,z_within,0,NA,NA,NA,NA,0,0,0,,NA,NA,TRUE,FALSE
den_mic,pha_cya,z_within,0,NA,NA,NA,NA,0,0,0,,NA,NA,TRUE,FALSE
den_mic,pis_pin,z_within,0,NA,NA,NA,NA,0,0,0,,NA,NA,TRUE,FALSE
den_mic,pit_bid,z_within,0,NA,NA,NA,NA,0,0,0,,NA,NA,TRUE,FALSE
den_mic,pit_cha,z_within,0,NA,NA,NA,NA,0,0,0,,NA,NA,TRUE,FALSE
den_mic,pit_spp,z_within,0,NA,NA,NA,NA,0,0,0,,NA,NA,TRUE,FALSE
den_mic,pol_pol,z_within,0,NA,NA,NA,NA,0,0,0,,NA,NA,TRUE,FALSE
den_mic,pri_abi,z_within,0,NA,NA,NA,NA,0,0,0,,NA,NA,TRUE,FALSE
den_mic,sap_car,z_within,0,NA,NA,NA,NA,0,0,0,,NA,NA,TRUE,FALSE
den_mic,sco_int,z_within,0,NA,NA,NA,NA,0,0,0,,NA,NA,TRUE,FALSE
den_mic,sco_rat,z_within,0,NA,NA,NA,NA,0,0,0,,NA,NA,TRUE,FALSE
den_mic,sco_sco,z_within,0,NA,NA,NA,NA,0,0,0,,NA,NA,TRUE,FALSE
den_mic,tet_gab,z_within,0,NA,NA,NA,NA,0,0,0,,NA,NA,TRUE,FALSE
den_mic,tet_spp,z_within,0,NA,NA,NA,NA,0,0,0,,NA,NA,TRUE,FALSE
den_mic,tha_pit,z_within,0,NA,NA,NA,NA,0,0,0,,NA,NA,TRUE,FALSE
den_mic,tha_pro,z_within,0,NA,NA,NA,NA,0,0,0,,NA,NA,TRUE,FALSE
den_mic,tom_spp,z_within,0,NA,NA,NA,NA,0,0,0,,NA,NA,TRUE,FALSE
den_mic,tor_vir,z_within,0,NA,NA,NA,NA,0,0,0,,NA,NA,TRUE,FALSE
den_mic,uro_sir_spp,z_within,0,NA,NA,NA,NA,0,0,0,,NA,NA,TRUE,FALSE
den_mic,xyl_lin,z_within,0,NA,NA,NA,NA,0,0,0,,NA,NA,TRUE,FALSE
den_mic,xyl_spp,z_within,0,NA,NA,NA,NA,0,0,0,,NA,NA,TRUE,FALSE
den_mic,zei_gri,z_within,0,NA,NA,NA,NA,0,0,0,,NA,NA,TRUE,FALSE
den_pin,dip_sp,z_within,246,0.34826189906333793,2.0105023896299925e-8,0.34467977602116473,2.864089310019224e-8,130,12,2,"DE,PL",2.609997647628754e-7,3.932614937218703e-7,FALSE,FALSE
den_pin,era_def,z_within,23,0.5818147233312996,0.003587969120116551,0.5600605613703058,0.005448417805989481,13,1,1,DE,0.012027276768841397,0.017653194960235565,FALSE,FALSE
den_pin,geo_db,z_within,223,0.3029315607847575,4.084775666230276e-6,0.2990294543929109,5.499067731980204e-6,101,11,2,"DE,PL",3.352333132975192e-5,4.461743591629392e-5,FALSE,FALSE
den_pin,ips_acu,z_within,126,-0.3563198017952323,4.220581836185862e-5,-0.34111705164646255,9.276567382891729e-5,23,6,2,"DE,PL",2.5323491017115174e-4,5.056083291133355e-4,FALSE,FALSE
den_pin,ips_ami,z_within,0,NA,NA,NA,NA,0,0,0,,NA,NA,TRUE,FALSE
den_pin,ips_cem,z_within,46,0.11961319424123908,0.4284897493222083,0.07238308643206466,0.6326193717455517,24,2,1,DE,0.5712722601636682,0.7451041415567713,FALSE,FALSE
den_pin,ips_dup,z_within,0,NA,NA,NA,NA,0,0,0,,NA,NA,TRUE,FALSE
den_pin,ips_sex,z_within,46,-0.10279588384176216,0.4966230553016141,-0.10164029197153436,0.5015006869525647,23,2,1,DE,0.6198769784737006,0.6454095221300362,FALSE,FALSE
den_pin,ips_typ,z_within,246,0.11516795310779905,0.07136574617017194,0.12934048369157808,0.04268131135125334,152,12,2,"DE,PL",0.14353561342395144,0.10026289536055734,FALSE,FALSE
den_pin,lym_dis,z_within,23,-0.21141109938117306,0.33286678161450267,-0.06995637842038072,0.7511083856162338,2,1,1,DE,0.4753337641455098,0.8430413503773209,FALSE,FALSE
den_pin,lym_mon,z_within,223,0.4092064005605622,2.0580652682550144e-10,0.3910339236085368,1.4561280901396126e-9,134,11,2,"DE,PL",4.081829448705778e-9,2.6658345034863675e-8,FALSE,FALSE
den_pin,mel_spp,z_within,223,0.14066250537087815,0.035800824089113545,0.14723995772213777,0.027920577723004946,126,11,2,"DE,PL",0.08408483026193116,0.07222932063125193,FALSE,FALSE
den_pin,neo_ser,z_within,0,NA,NA,NA,NA,0,0,0,,NA,NA,TRUE,FALSE
den_pin,ope_spp,z_within,0,NA,NA,NA,NA,0,0,0,,NA,NA,TRUE,FALSE
den_pin,pan_fla,z_within,223,0.3561476168816624,4.52813666189902e-8,0.32770608543718194,5.583564871098003e-7,86,11,2,"DE,PL",5.574292373441207e-7,5.537035163838853e-6,FALSE,FALSE
den_pin,pha_cya,z_within,246,-0.024526093251196028,0.7018865344311433,-0.014404508253992324,0.8221450910691918,152,12,2,"DE,PL",0.7879669584651515,0.8907611457107782,FALSE,FALSE
den_pin,pis_pin,z_within,23,0.1918127845076155,0.38060379589426363,0.23371598576278899,0.28313245759908945,16,1,1,DE,0.5236052220973106,0.427412768272611,FALSE,FALSE
den_pin,pit_bid,z_within,46,0.08145382280508565,0.5904813356801615,0.02889596058603461,0.8488169571288917,21,2,1,DE,0.7015036167647842,0.9086286467616621,FALSE,FALSE
den_pin,pit_cha,z_within,46,-0.08198993330522246,0.5880303540868728,-0.13381467918820092,0.37529695698130305,24,2,1,DE,0.7009243285776746,0.5254157397738243,FALSE,FALSE
den_pin,pit_spp,z_within,0,NA,NA,NA,NA,0,0,0,,NA,NA,TRUE,FALSE
den_pin,pol_pol,z_within,0,NA,NA,NA,NA,0,0,0,,NA,NA,TRUE,FALSE
den_pin,pri_abi,z_within,23,-0.024604391140087136,0.911271724285843,0.11881881617531605,0.5892132573665934,4,1,1,DE,0.946840065430815,0.7161908678333105,FALSE,FALSE
den_pin,sap_car,z_within,0,NA,NA,NA,NA,0,0,0,,NA,NA,TRUE,FALSE
den_pin,sco_int,z_within,46,-0.1578220130892699,0.29485726715329014,-0.20684859078144255,0.16780974740460236,16,2,1,DE,0.4340785334998952,0.2812585907203899,FALSE,FALSE
den_pin,sco_rat,z_within,23,-0.06366574293851439,0.7728907871196221,-0.181909986685894,0.406130192557678,16,1,1,DE,0.8489908030821695,0.5606673537876584,FALSE,FALSE
den_pin,sco_sco,z_within,23,0.38898031602662375,0.06658463381488253,0.35381859300921004,0.09765997707618959,12,1,1,DE,0.1374029726700177,0.18845736116864695,FALSE,FALSE
den_pin,tet_gab,z_within,23,0.25371012771084334,0.24275308790043126,0.19030816564928071,0.3844221961478319,9,1,1,DE,0.3743535739976413,0.5352735262012891,FALSE,FALSE
den_pin,tet_spp,z_within,0,NA,NA,NA,NA,0,0,0,,NA,NA,TRUE,FALSE
den_pin,tha_pit,z_within,23,-0.46113821271489674,0.02677934255168621,-0.458257657463047,0.027870574201340006,7,1,1,DE,0.06616072865710712,0.07222932063125193,FALSE,FALSE
den_pin,tha_pro,z_within,23,0.10888902721121105,0.6209062776395102,0.1730351642990524,0.42978884131701844,11,1,1,DE,0.7255762393365144,0.5800092423845261,FALSE,FALSE
den_pin,tom_spp,z_within,146,0.2628893592198377,0.0013469631121163575,0.31462538927136446,1.0989070929302841e-4,73,7,2,"DE,PL",0.005142950064444274,5.92585479627226e-4,FALSE,FALSE
den_pin,tor_vir,z_within,226,0.19225604320668457,0.0037158188920757246,0.19057329635505427,0.004034416171257045,96,11,2,"DE,PL",0.012339975297404965,0.013915812300857634,FALSE,FALSE
den_pin,uro_sir_spp,z_within,0,NA,NA,NA,NA,0,0,0,,NA,NA,TRUE,FALSE
den_pin,xyl_lin,z_within,46,0.6040572397549921,8.795426640529366e-6,0.5723519992764657,3.239134822029561e-5,24,2,1,DE,6.474159403441203e-5,2.064948449043845e-4,FALSE,FALSE
den_pin,xyl_spp,z_within,46,0.2320159952439024,0.12076754796324697,0.41015817503772034,0.004640177396350213,23,2,1,DE,0.21290871418705765,0.015481713369131084,FALSE,FALSE
den_pin,zei_gri,z_within,0,NA,NA,NA,NA,0,0,0,,NA,NA,TRUE,FALSE
dip_sp,era_def,z_within,23,0.2417652336495331,0.266398631817249,0.13451555674284013,0.540584265215666,14,1,1,DE,0.4021323955972849,0.6759670146479607,FALSE,FALSE
dip_sp,geo_db,z_within,326,0.12353600564493607,0.02571537406264487,0.11916784060917901,0.03147326225072245,149,16,2,"DE,PL",0.06419852126128825,0.07968762144331855,FALSE,FALSE
dip_sp,ips_acu,z_within,189,-0.271118178583526,1.6100301501294204e-4,-0.2805633197849099,9.216174658613909e-5,39,9,2,"DE,PL",8.390960052499315e-4,5.056083291133355e-4,FALSE,FALSE
dip_sp,ips_ami,z_within,0,NA,NA,NA,NA,0,0,0,,NA,NA,TRUE,FALSE
dip_sp,ips_cem,z_within,92,0.22815724938484774,0.028711567167262798,0.2795138955558549,0.006968319163727757,43,4,1,DE,0.06962221437823106,0.021917973052430036,FALSE,FALSE
dip_sp,ips_dup,z_within,0,NA,NA,NA,NA,0,0,0,,NA,NA,TRUE,FALSE
dip_sp,ips_sex,z_within,69,0.02331948577001436,0.8491577144012786,0.09679408570265295,0.4288251510436233,36,3,1,DE,0.905302264295541,0.5800092423845261,FALSE,FALSE
dip_sp,ips_typ,z_within,435,-0.06259965281181441,0.19252666491557002,-0.08252557923424346,0.08558007412234313,281,21,3,"AT,DE,PL",0.30547564166603774,0.17164093517795787,FALSE,FALSE
dip_sp,lym_dis,z_within,111,0.10298364278358049,0.2821149051839017,0.09988175479209879,0.29693987744121686,28,5,2,"AT,DE",0.42140176213662306,0.4403812656190254,FALSE,FALSE
dip_sp,lym_mon,z_within,326,0.17102798737208083,0.0019417931659214927,0.1582212861925292,0.004185299131731069,195,16,2,"DE,PL",0.00703776812420277,0.014298103253856378,FALSE,FALSE
dip_sp,mel_spp,z_within,326,0.1286397425109671,0.02015817527060853,0.14039824526618652,0.011155133927101801,199,16,2,"DE,PL",0.053110469163153096,0.033325379179709985,FALSE,FALSE
dip_sp,neo_ser,z_within,23,-0.10657455091261392,0.6283908692316446,-0.0812163723180733,0.7125835700885496,4,1,1,DE,0.7307346590087854,0.8134087337534263,FALSE,FALSE
dip_sp,ope_spp,z_within,23,0.16639313588096616,0.44796887076719993,0.0976516768403175,0.657573042336308,3,1,1,DE,0.5858054463878768,0.7629767395352278,FALSE,FALSE
dip_sp,pan_fla,z_within,283,0.24293625748979317,3.6153138042175304e-5,0.24021783738202018,4.4429532613767466e-5,124,14,2,"DE,PL",2.2770150248070152e-4,2.665771956826048e-4,FALSE,FALSE
dip_sp,pha_cya,z_within,435,0.0556719731749306,0.24658304015994845,0.060299647228469214,0.20941613438256404,273,21,3,"AT,DE,PL",0.3794402816254379,0.336007011121687,FALSE,FALSE
dip_sp,pis_pin,z_within,46,0.24601725679658698,0.09933423266478038,0.22091945887571995,0.1401017787865916,29,2,1,DE,0.18253478873863485,0.24699424704599116,FALSE,FALSE
dip_sp,pit_bid,z_within,69,0.2364491143744353,0.05045978400328398,0.2388602593784347,0.04808832697250575,30,3,1,DE,0.10984233469007548,0.10900020780434637,FALSE,FALSE
dip_sp,pit_cha,z_within,155,0.05495651522163306,0.4970249121392327,0.039474013582002164,0.6257909891925921,80,7,2,"AT,DE",0.6198769784737006,0.7418341532818025,FALSE,FALSE
dip_sp,pit_spp,z_within,86,0.041544170694528385,0.7041003904590025,8.841317518453413e-4,0.9935538628711411,43,4,2,"AT,DE",0.7892114266683325,0.9949673200754847,FALSE,FALSE
dip_sp,pol_pol,z_within,0,NA,NA,NA,NA,0,0,0,,NA,NA,TRUE,FALSE
dip_sp,pri_abi,z_within,46,4.8663881933851296e-4,0.9974390266473045,0.011991313123710231,0.9369581723576751,10,2,1,DE,0.9974390266473045,0.9695480218309855,FALSE,FALSE
dip_sp,sap_car,z_within,0,NA,NA,NA,NA,0,0,0,,NA,NA,TRUE,FALSE
dip_sp,sco_int,z_within,92,-0.2084584654387954,0.0461422398979424,-0.12086258658338636,0.25111900193649733,26,4,1,DE,0.1026341410814046,0.3843754197866286,FALSE,FALSE
dip_sp,sco_rat,z_within,46,0.1379927132518209,0.3604326547637141,0.15482139130977876,0.3042496750272881,27,2,1,DE,0.5046192561325442,0.4433352407540484,FALSE,FALSE
dip_sp,sco_sco,z_within,23,-0.07018563520141263,0.7503178957249854,-0.10920878249133968,0.6198750785211896,13,1,1,DE,0.8267391628821599,0.7376513434402157,FALSE,FALSE
dip_sp,tet_gab,z_within,132,-0.10639370514474536,0.22467365383994609,-0.1128490052530597,0.19763309541305377,52,6,2,"AT,DE",0.34949235041769394,0.3236468580846798,FALSE,FALSE
dip_sp,tet_spp,z_within,23,0.46054868064118415,0.026999846227809196,0.5116107850717422,0.012583489533182383,6,1,1,DE,0.06647548347122677,0.03712649391195133,FALSE,FALSE
dip_sp,tha_pit,z_within,23,-0.31652171728521383,0.14116311889951064,-0.33806988608810007,0.11461704837338095,11,1,1,DE,0.23827533544740093,0.2136725131555979,FALSE,FALSE
dip_sp,tha_pro,z_within,46,-0.303096542445008,0.0406021935429088,-0.226144402095184,0.13073000513531405,19,2,1,DE,0.09284150543524855,0.2351164324096076,FALSE,FALSE
dip_sp,tom_spp,z_within,315,0.21776429028741923,9.762133725090176e-5,0.22762582268481163,4.5512723612855224e-5,162,15,3,"AT,DE,PL",5.488317700562508e-4,2.708007054964886e-4,FALSE,FALSE
dip_sp,tor_vir,z_within,309,0.24889950109637488,9.537895728603364e-6,0.26446974288908587,2.425220234652177e-6,146,15,2,"DE,PL",6.878846010326062e-5,2.137786725360067e-5,FALSE,FALSE
dip_sp,uro_sir_spp,z_within,0,NA,NA,NA,NA,0,0,0,,NA,NA,TRUE,FALSE
dip_sp,xyl_lin,z_within,69,0.34523890918346567,0.003669272253880342,0.32598382663317577,0.00626736371818334,38,3,1,DE,0.01224233826761946,0.019888434199035132,FALSE,FALSE
dip_sp,xyl_spp,z_within,92,0.28631271258917346,0.005660217257698655,0.2561046962890791,0.01373470759728109,40,4,1,DE,0.017345043442046525,0.03963048908807696,FALSE,FALSE
dip_sp,zei_gri,z_within,0,NA,NA,NA,NA,0,0,0,,NA,NA,TRUE,FALSE
era_def,geo_db,z_within,0,NA,NA,NA,NA,0,0,0,,NA,NA,TRUE,FALSE
era_def,ips_acu,z_within,23,-0.48061004715383965,0.02026741942177342,-0.47088433423140297,0.023338002579080832,9,1,1,DE,0.05320197598215523,0.062336273262214345,FALSE,FALSE
era_def,ips_ami,z_within,0,NA,NA,NA,NA,0,0,0,,NA,NA,TRUE,FALSE
era_def,ips_cem,z_within,46,-0.21944654135764294,0.14283170113948385,-0.17970340821830078,0.23207787353882037,25,2,1,DE,0.23995725791433287,0.3632045638050094,FALSE,FALSE
era_def,ips_dup,z_within,0,NA,NA,NA,NA,0,0,0,,NA,NA,TRUE,FALSE
era_def,ips_sex,z_within,23,-0.24515057991313133,0.2595532979268627,-0.319904918697222,0.13672970450021596,14,1,1,DE,0.3943001164250638,0.24284828112724924,FALSE,FALSE
era_def,ips_typ,z_within,46,-0.47912037837060845,7.553373316042968e-4,-0.39988224519067145,0.005897821507068212,24,2,1,DE,0.003288480821740658,0.018883607874648895,FALSE,FALSE
era_def,lym_dis,z_within,23,-0.4153738723199613,0.048715785576242177,-0.39956584611150303,0.05889994985983403,7,1,1,DE,0.10735515710320036,0.12782542310006534,FALSE,FALSE
era_def,lym_mon,z_within,46,0.5097399981146913,2.9640182376264936e-4,0.5199354981443017,2.127713220397705e-4,19,2,1,DE,0.0014595234632174595,0.0011008603183796822,FALSE,FALSE
era_def,mel_spp,z_within,46,0.24299834382118307,0.10368775478891867,0.2527332530727201,0.09015510956463148,10,2,1,DE,0.18742546055515932,0.177819746489356,FALSE,FALSE
era_def,neo_ser,z_within,0,NA,NA,NA,NA,0,0,0,,NA,NA,TRUE,FALSE
era_def,ope_spp,z_within,23,0.3780454894957428,0.07530239392714308,0.48195781132099935,0.019868950108247276,8,1,1,DE,0.1489360367423273,0.054743933058719975,FALSE,FALSE
era_def,pan_fla,z_within,23,0.043875636355870266,0.8424340555845669,-0.08967817351458718,0.6840675656353843,7,1,1,DE,0.9017959755432994,0.7839875471326876,FALSE,FALSE
era_def,pha_cya,z_within,46,-0.16081136415991232,0.2856887092155394,-0.04412946051659002,0.7708941422263563,25,2,1,DE,0.4231823928418732,0.8507239838479419,FALSE,FALSE
era_def,pis_pin,z_within,23,0.4329519069042692,0.039058197928931414,0.37343672707893977,0.07922473048266823,14,1,1,DE,0.09025098162219103,0.16029370546268798,FALSE,FALSE
era_def,pit_bid,z_within,23,-0.019891513622879768,0.9282196832920151,-0.013313719454562244,0.9519230226533129,13,1,1,DE,0.9535954731949622,0.9758408864643318,FALSE,FALSE
era_def,pit_cha,z_within,46,-0.38514098199419816,0.008215387608510984,-0.4302294268303017,0.002842039404776482,24,2,1,DE,0.023748124503954828,0.010300589517819331,FALSE,FALSE
era_def,pit_spp,z_within,23,-0.3935087301823208,0.06320876785313384,-0.3793840914745205,0.07419115858544278,10,1,1,DE,0.13157743512285003,0.15221979089082227,FALSE,FALSE
era_def,pol_pol,z_within,0,NA,NA,NA,NA,0,0,0,,NA,NA,TRUE,FALSE
era_def,pri_abi,z_within,23,-0.008818948001601367,0.9681439946681774,0.010603503958982304,0.9617019838678327,6,1,1,DE,0.9818960400469866,0.9821122193086984,FALSE,FALSE
era_def,sap_car,z_within,0,NA,NA,NA,NA,0,0,0,,NA,NA,TRUE,FALSE
era_def,sco_int,z_within,23,-0.04978444093327103,0.8215261031065201,-0.12645689792914838,0.5653171496907464,12,1,1,DE,0.88378612125941,0.699543232026331,FALSE,FALSE
era_def,sco_rat,z_within,23,-0.021928884256736975,0.9208889778958113,-0.12339745685021737,0.574836842619358,13,1,1,DE,0.9497808580356659,0.7083948573205509,FALSE,FALSE
era_def,sco_sco,z_within,23,0.4450825319056423,0.03332226903208339,0.49924589366261285,0.015295937019462953,10,1,1,DE,0.07930700029635847,0.04299724028305728,FALSE,FALSE
era_def,tet_gab,z_within,23,0.4121561709545922,0.05066878955117164,0.3820437587585406,0.07202012353617684,9,1,1,DE,0.10996205391956398,0.14948362850241356,FALSE,FALSE
era_def,tet_spp,z_within,0,NA,NA,NA,NA,0,0,0,,NA,NA,TRUE,FALSE
era_def,tha_pit,z_within,23,-0.5340941073139082,0.008661733643899362,-0.4607790283432619,0.02691351684391275,3,1,1,DE,0.024937410571548968,0.07090867537473691,FALSE,FALSE
era_def,tha_pro,z_within,46,0.22538626776143098,0.1320599223854714,0.10402933550371252,0.49144385798616597,19,2,1,DE,0.22557603967279086,0.6356719467429756,FALSE,FALSE
era_def,tom_spp,z_within,46,0.1105082376083346,0.4647056361178442,0.05441286335190786,0.7194784544154034,25,2,1,DE,0.602177539361417,0.8179063625893783,FALSE,FALSE
era_def,tor_vir,z_within,46,0.6249725747604717,3.437088518925674e-6,0.6814925057775231,1.8531210973797725e-7,21,2,1,DE,2.8871543558975664e-5,2.0673882242643085e-6,FALSE,FALSE
era_def,uro_sir_spp,z_within,0,NA,NA,NA,NA,0,0,0,,NA,NA,TRUE,FALSE
era_def,xyl_lin,z_within,46,0.0753535375306071,0.6186841022646274,0.09994241228340021,0.5087114263826343,25,2,1,DE,0.7254868876283967,0.6497281683488657,FALSE,FALSE
era_def,xyl_spp,z_within,46,-0.08870919317899532,0.5577042606386473,0.17589864561878438,0.24227683849558215,23,2,1,DE,0.6783660001635335,0.3744278413113542,FALSE,FALSE
era_def,zei_gri,z_within,0,NA,NA,NA,NA,0,0,0,,NA,NA,TRUE,FALSE
geo_db,ips_acu,z_within,247,-0.30391244123378874,1.1287187958140971e-6,-0.3396074088054315,4.4042779444977455e-8,61,12,4,"BG,DE,LT,PL",1.0332118207836735e-5,5.82343417105813e-7,FALSE,FALSE
geo_db,ips_ami,z_within,0,NA,NA,NA,NA,0,0,0,,NA,NA,TRUE,FALSE
geo_db,ips_cem,z_within,46,-0.3902947459881968,0.007328688993227274,-0.465910414205291,0.001101717274642599,32,2,1,DE,0.021533678770223347,0.004546971873380437,FALSE,FALSE
geo_db,ips_dup,z_within,22,-0.3392287054820189,0.12247743573702376,-0.29597983623215396,0.181082102680553,4,1,1,RO,0.21502383242489895,0.3013814016641372,FALSE,FALSE
geo_db,ips_sex,z_within,64,-0.2044081691867256,0.10519080510059096,-0.23175699714891498,0.06537432166428994,41,3,2,"BG,DE",0.1891844706343122,0.1385082067308695,FALSE,FALSE
geo_db,ips_typ,z_within,452,0.03698672942763992,0.4327821610858623,0.0018125607353048528,0.9693457223929616,289,22,6,"BG,DE,HR,LT,PL,RO",0.5732958497501033,0.9845132941515996,FALSE,FALSE
geo_db,lym_dis,z_within,133,-0.08176167585739419,0.3494850249925404,-0.1001476434433962,0.2514052115411142,52,6,5,"BG,DE,HR,LT,RO",0.49225487126134876,0.3843754197866286,FALSE,FALSE
geo_db,lym_mon,z_within,346,0.18708620501150086,4.681481157929872e-4,0.19125361579195763,3.4659158414460214e-4,167,17,3,"DE,LT,PL",0.0021846912070339407,0.0016834448372737816,FALSE,FALSE
geo_db,mel_spp,z_within,320,0.01079430173431649,0.8474725122806732,0.002747612540698844,0.9609523378633531,188,16,1,PL,0.905302264295541,0.9821122193086984,FALSE,FALSE
geo_db,neo_ser,z_within,41,-0.22132577607165868,0.1643267597968988,-0.23176077288129657,0.14483059186153094,15,2,2,"BG,DE",0.2684881155491665,0.2540762717177717,FALSE,FALSE
geo_db,ope_spp,z_within,23,-0.8468004954609202,3.4939210000200697e-7,-0.7714572283823653,1.632692483187759e-5,0,1,1,DE,3.6154486869772896e-6,1.1209061855731345e-4,FALSE,FALSE
geo_db,pan_fla,z_within,260,0.10513566122434174,0.09068698907839522,0.10365135461595883,0.09536142549622165,103,13,1,PL,0.1717520164508599,0.18603294482049795,FALSE,FALSE
geo_db,pha_cya,z_within,366,0.05041726358130785,0.33612420822462175,0.04928318046523954,0.3471206129378619,222,18,2,"DE,PL",0.47807307703661345,0.4946988376000666,FALSE,FALSE
geo_db,pis_pin,z_within,46,0.21860936230478753,0.14440079957697874,0.1171787166471497,0.43801453556879655,20,2,2,"DE,LT",0.24089292265879164,0.5854416547743259,FALSE,FALSE
geo_db,pit_bid,z_within,46,-0.12942885641935603,0.39128739531608825,-0.07571996868921071,0.6169740697669461,29,2,1,DE,0.5331664127016927,0.7366546585511698,FALSE,FALSE
geo_db,pit_cha,z_within,69,-0.012364115710238915,0.9196841449082003,-0.053060816013652146,0.6650079507423139,38,3,2,"DE,LT",0.9497808580356659,0.7679864748289048,FALSE,FALSE
geo_db,pit_spp,z_within,23,0.03633407501229372,0.8692678711688202,-0.1092167070653668,0.6198495308424323,21,1,1,HR,0.9194922370585742,0.7376513434402157,FALSE,FALSE
geo_db,pol_pol,z_within,23,0.4747352618651723,0.022080365404479888,0.5356480123433695,0.008433203926885615,6,1,1,LT,0.05652001661444794,0.025842521904705276,FALSE,FALSE
geo_db,pri_abi,z_within,46,-0.3357989636257012,0.022517926980779205,-0.339197278366392,0.021106722823083974,17,2,1,DE,0.05721636962375926,0.057301141048220365,FALSE,FALSE
geo_db,sap_car,z_within,0,NA,NA,NA,NA,0,0,0,,NA,NA,TRUE,FALSE
geo_db,sco_int,z_within,46,0.09522017061228713,0.5290386102824118,0.1908344702020535,0.2039438750845752,20,2,1,DE,0.650143834322964,0.3301948453750265,FALSE,FALSE
geo_db,sco_rat,z_within,46,0.46826411143907065,0.0010311899616540522,0.5947110019541335,1.3104186483156484e-5,17,2,2,"DE,LT",0.0042314346702355945,9.450898130276494e-5,FALSE,FALSE
geo_db,sco_sco,z_within,0,NA,NA,NA,NA,0,0,0,,NA,NA,TRUE,FALSE
geo_db,tet_gab,z_within,23,0.18234891764590075,0.40497912997442154,0.04552076813436317,0.8366018882147703,6,1,1,DE,0.5476422325790473,0.9023168401591329,FALSE,FALSE
geo_db,tet_spp,z_within,0,NA,NA,NA,NA,0,0,0,,NA,NA,TRUE,FALSE
geo_db,tha_pit,z_within,41,0.4486577795283575,0.0032595507086727697,0.2874719999156986,0.06838252714562834,33,2,2,"BG,HR",0.011029948843565675,0.14360330700581952,FALSE,FALSE
geo_db,tha_pro,z_within,0,NA,NA,NA,NA,0,0,0,,NA,NA,TRUE,FALSE
geo_db,tom_spp,z_within,269,0.19863446131761608,0.0010552206672590331,0.19506884865199176,0.0013025720343293227,122,13,3,"DE,LT,PL",0.004270322416657219,0.005284297911995093,FALSE,FALSE
geo_db,tor_vir,z_within,390,0.22400143296669073,7.95631429249225e-6,0.22851608244705696,5.14452920529608e-6,190,19,5,"BG,DE,LT,PL,RO",5.9175087550411116e-5,4.271155642536513e-5,FALSE,FALSE
geo_db,uro_sir_spp,z_within,0,NA,NA,NA,NA,0,0,0,,NA,NA,TRUE,FALSE
geo_db,xyl_lin,z_within,46,0.4683786003938784,0.0010278645936143466,0.5803142977270694,2.3647115525738914e-5,33,2,1,DE,0.0042314346702355945,1.5489945399428976e-4,FALSE,FALSE
geo_db,xyl_spp,z_within,46,-0.026091261508303595,0.8633441919872091,0.04229266834881288,0.7801883329771915,31,2,1,DE,0.9159401977397731,0.857452247903161,FALSE,FALSE
geo_db,zei_gri,z_within,0,NA,NA,NA,NA,0,0,0,,NA,NA,TRUE,FALSE
ips_acu,ips_ami,z_within,0,NA,NA,NA,NA,0,0,0,,NA,NA,TRUE,FALSE
ips_acu,ips_cem,z_within,69,0.4505397440935992,1.0248875771682372e-4,0.37158123916816044,0.0016689873642573101,48,3,1,DE,5.716951016391573e-4,0.0064497708294863,FALSE,FALSE
ips_acu,ips_dup,z_within,182,0.5124313572730236,1.4178531785840782e-13,0.5260371382858863,2.4238265487385318e-14,158,8,2,"CZ,SK",3.749433961144562e-12,6.409674651108562e-13,FALSE,FALSE
ips_acu,ips_sex,z_within,248,0.5542001428617387,2.2806797351785284e-21,0.5505115014667725,4.722108961559072e-21,192,11,3,"BG,CZ,DE",1.4803684826522448e-19,2.593527537348598e-19,FALSE,FALSE
ips_acu,ips_typ,z_within,453,0.400220031622954,7.445118046232896e-19,0.3481461792034567,2.3589530537948027e-14,306,21,6,"BG,CZ,DE,LT,PL,SK",3.797010203578777e-17,6.409674651108562e-13,FALSE,FALSE
ips_acu,lym_dis,z_within,109,0.1409832908005511,0.14367175072970595,0.018939079248031832,0.8450268089921018,48,5,4,"BG,DE,LT,SK",0.24080194840612687,0.9063753989052894,FALSE,FALSE
ips_acu,lym_mon,z_within,324,-0.041788755710521604,0.45348483355667346,-0.054157181381350665,0.3311624940997888,140,15,4,"CZ,DE,LT,PL",0.5897780895436517,0.4776768096712105,FALSE,FALSE
ips_acu,mel_spp,z_within,183,-0.052298301980646486,0.4819860029157218,0.016900196533418035,0.8203683112545785,56,9,2,"DE,PL",0.6131452138563988,0.8901868909358192,FALSE,FALSE
ips_acu,neo_ser,z_within,41,-0.1651420190898593,0.30215196363028984,-0.09186295605605031,0.5678441565083068,26,2,2,"BG,DE",0.44027857557556516,0.7014545462749672,FALSE,FALSE
ips_acu,ope_spp,z_within,23,-0.021662775872336167,0.9218461269169699,-0.0069780651995776655,0.9747913525324086,8,1,1,DE,0.9497808580356659,0.9872354974583541,FALSE,FALSE
ips_acu,pan_fla,z_within,143,-0.08981257264098032,0.2860921880595504,-0.16235989264300044,0.05269933257779914,23,7,2,"DE,PL",0.4231823928418732,0.11758538581421435,FALSE,FALSE
ips_acu,pha_cya,z_within,390,0.1552950341141749,0.0021003237620875717,0.13807843738919143,0.006310957615420345,206,18,3,"CZ,DE,PL",0.007460851572788688,0.0199381581301333,FALSE,FALSE
ips_acu,pis_pin,z_within,69,0.09678801397405007,0.42885424572510666,0.29282861024888746,0.014615731453012206,50,3,2,"DE,LT",0.5712722601636682,0.04141123911686792,FALSE,FALSE
ips_acu,pit_bid,z_within,69,0.41134259228317344,4.4601129256325185e-4,0.3133002635144771,0.008760173547761825,41,3,1,DE,0.0021089540588752438,0.026729760312401464,FALSE,FALSE
ips_acu,pit_cha,z_within,114,0.2685503634956397,0.0038646771658329923,0.21189731402698087,0.023618672574689213,88,5,3,"DE,LT,SK",0.012599906376277427,0.06269045434322713,FALSE,FALSE
ips_acu,pit_spp,z_within,138,0.6491456957739817,7.245136112415125e-18,0.6216508852434004,4.071637653823668e-16,112,6,1,CZ,3.2331419901652494e-16,1.3214314931045904e-14,FALSE,FALSE
ips_acu,pol_pol,z_within,184,0.21662001452026072,0.0031418994992325052,0.21033377199259728,0.004159671532917895,144,8,2,"CZ,LT",0.010682458297390517,0.014278872473573926,FALSE,FALSE
ips_acu,pri_abi,z_within,184,-0.20254398791881217,0.005827094138386068,-0.21978186079969533,0.0027203421457608046,110,8,2,"CZ,DE",0.017704447722585757,0.010011980886975332,FALSE,FALSE
ips_acu,sap_car,z_within,0,NA,NA,NA,NA,0,0,0,,NA,NA,TRUE,FALSE
ips_acu,sco_int,z_within,230,0.30068532669291564,3.43100622091712e-6,0.292720654402378,6.3491289566538784e-6,122,10,2,"CZ,DE",2.8871543558975664e-5,5.03697563894541e-5,FALSE,FALSE
ips_acu,sco_rat,z_within,230,0.34228853812578514,1.0123859457213132e-7,0.3442282590853994,8.478399855179802e-8,108,10,3,"CZ,DE,LT",1.1849894512213403e-6,1.0260300841692167e-6,FALSE,FALSE
ips_acu,sco_sco,z_within,23,-0.1645494319068404,0.45308603371017064,-0.1339300363633467,0.5423642502090443,8,1,1,DE,0.5897780895436517,0.6770071235126882,FALSE,FALSE
ips_acu,tet_gab,z_within,46,0.2427720219440613,0.10401993481061815,0.11230392326476563,0.4574357714416152,14,2,1,DE,0.1875510945827812,0.6003844500171199,FALSE,FALSE
ips_acu,tet_spp,z_within,0,NA,NA,NA,NA,0,0,0,,NA,NA,TRUE,FALSE
ips_acu,tha_pit,z_within,41,0.3570891304862017,0.02191033126644827,0.2819688946609678,0.0740855468322894,25,2,2,"BG,DE",0.05652001661444794,0.15221979089082227,FALSE,FALSE
ips_acu,tha_pro,z_within,23,-0.08712745150135602,0.6926216330044626,-0.11863163337542529,0.5898042440980205,9,1,1,DE,0.7834588544242176,0.7161908678333105,FALSE,FALSE
ips_acu,tom_spp,z_within,353,0.23869357487586923,5.775412921042415e-6,0.18515728791663988,0.00047099274721471777,208,16,4,"CZ,DE,LT,PL",4.386856197472643e-5,0.0021419670159955957,FALSE,FALSE
ips_acu,tor_vir,z_within,270,-0.19662064452806996,0.0011639243994240379,-0.2434414943971633,5.2867138909005474e-5,83,13,4,"BG,DE,LT,PL",0.004591392382258359,3.068872941547147e-4,FALSE,FALSE
ips_acu,uro_sir_spp,z_within,0,NA,NA,NA,NA,0,0,0,,NA,NA,TRUE,FALSE
ips_acu,xyl_lin,z_within,69,-0.2437321860522531,0.043575557265833814,-0.2570914867943429,0.03296291944432386,47,3,1,DE,0.0975327519993898,0.08229204364771762,FALSE,FALSE
ips_acu,xyl_spp,z_within,69,-0.042219949347415825,0.7305064606748124,-0.041546995017012506,0.7346422676352322,45,3,1,DE,0.8125566058183705,0.829959777043601,FALSE,FALSE
ips_acu,zei_gri,z_within,115,-0.09417545583630894,0.31677187879190966,-0.09686598222889758,0.30308128134341306,58,5,1,CZ,0.456427427094004,0.44253585864866446,FALSE,FALSE
ips_ami,ips_cem,z_within,23,-0.09976872976238933,0.6506033401709479,-0.06541182067179013,0.7668272897227469,4,1,1,DE,0.7468340592959113,0.8488139261709136,FALSE,FALSE
ips_ami,ips_dup,z_within,0,NA,NA,NA,NA,0,0,0,,NA,NA,TRUE,FALSE
ips_ami,ips_sex,z_within,0,NA,NA,NA,NA,0,0,0,,NA,NA,TRUE,FALSE
ips_ami,ips_typ,z_within,23,-0.11994101882964144,0.5856754811250251,-0.14099669291008216,0.5210644319928,7,1,1,DE,0.69928477177804,0.6584778839696622,FALSE,FALSE
ips_ami,lym_dis,z_within,0,NA,NA,NA,NA,0,0,0,,NA,NA,TRUE,FALSE
ips_ami,lym_mon,z_within,0,NA,NA,NA,NA,0,0,0,,NA,NA,TRUE,FALSE
ips_ami,mel_spp,z_within,0,NA,NA,NA,NA,0,0,0,,NA,NA,TRUE,FALSE
ips_ami,neo_ser,z_within,0,NA,NA,NA,NA,0,0,0,,NA,NA,TRUE,FALSE
ips_ami,ope_spp,z_within,0,NA,NA,NA,NA,0,0,0,,NA,NA,TRUE,FALSE
ips_ami,pan_fla,z_within,0,NA,NA,NA,NA,0,0,0,,NA,NA,TRUE,FALSE
ips_ami,pha_cya,z_within,0,NA,NA,NA,NA,0,0,0,,NA,NA,TRUE,FALSE
ips_ami,pis_pin,z_within,0,NA,NA,NA,NA,0,0,0,,NA,NA,TRUE,FALSE
ips_ami,pit_bid,z_within,0,NA,NA,NA,NA,0,0,0,,NA,NA,TRUE,FALSE
ips_ami,pit_cha,z_within,23,0.13302062673972245,0.5451342157405964,0.19257402062186377,0.37868019557109,7,1,1,DE,0.6664825856828523,0.52911479381166,FALSE,FALSE
ips_ami,pit_spp,z_within,0,NA,NA,NA,NA,0,0,0,,NA,NA,TRUE,FALSE
ips_ami,pol_pol,z_within,0,NA,NA,NA,NA,0,0,0,,NA,NA,TRUE,FALSE
ips_ami,pri_abi,z_within,0,NA,NA,NA,NA,0,0,0,,NA,NA,TRUE,FALSE
ips_ami,sap_car,z_within,0,NA,NA,NA,NA,0,0,0,,NA,NA,TRUE,FALSE
ips_ami,sco_int,z_within,0,NA,NA,NA,NA,0,0,0,,NA,NA,TRUE,FALSE
ips_ami,sco_rat,z_within,0,NA,NA,NA,NA,0,0,0,,NA,NA,TRUE,FALSE
ips_ami,sco_sco,z_within,0,NA,NA,NA,NA,0,0,0,,NA,NA,TRUE,FALSE
ips_ami,tet_gab,z_within,0,NA,NA,NA,NA,0,0,0,,NA,NA,TRUE,FALSE
ips_ami,tet_spp,z_within,23,-0.12361764404414724,0.5741493735092613,-0.06932567499811271,0.7532843324237464,3,1,1,DE,0.691302955624979,0.8430413503773209,FALSE,FALSE
ips_ami,tha_pit,z_within,0,NA,NA,NA,NA,0,0,0,,NA,NA,TRUE,FALSE
ips_ami,tha_pro,z_within,0,NA,NA,NA,NA,0,0,0,,NA,NA,TRUE,FALSE
ips_ami,tom_spp,z_within,0,NA,NA,NA,NA,0,0,0,,NA,NA,TRUE,FALSE
ips_ami,tor_vir,z_within,23,0.4539505776834022,0.02956811499101189,0.4817337037189988,0.019934765539589908,5,1,1,DE,0.07108294310970535,0.054743933058719975,FALSE,FALSE
ips_ami,uro_sir_spp,z_within,0,NA,NA,NA,NA,0,0,0,,NA,NA,TRUE,FALSE
ips_ami,xyl_lin,z_within,23,0.4614562873409566,0.026660971805599447,0.4418938132251725,0.034760881842317584,7,1,1,DE,0.06609699260138195,0.0855836883979819,FALSE,FALSE
ips_ami,xyl_spp,z_within,0,NA,NA,NA,NA,0,0,0,,NA,NA,TRUE,FALSE
ips_ami,zei_gri,z_within,0,NA,NA,NA,NA,0,0,0,,NA,NA,TRUE,FALSE
ips_cem,ips_dup,z_within,0,NA,NA,NA,NA,0,0,0,,NA,NA,TRUE,FALSE
ips_cem,ips_sex,z_within,92,0.5707311327725962,2.852997603678308e-9,0.5637162728938265,4.8938674626718815e-9,71,4,1,DE,4.629637020514345e-8,7.94141220079028e-8,FALSE,FALSE
ips_cem,ips_typ,z_within,253,0.5628439496475026,1.5273740940457847e-22,0.5835110606224947,1.7580910579731817e-24,188,11,1,DE,1.0905451031486903e-20,1.3947522393253908e-22,FALSE,FALSE
ips_cem,lym_dis,z_within,138,0.40096853895257284,1.0960866066255509e-6,0.33126261844448956,7.22630724357044e-5,68,6,1,DE,1.0163712170527836e-5,4.062664072369523e-4,FALSE,FALSE
ips_cem,lym_mon,z_within,69,-0.36286288486438156,0.0021820138977825033,-0.302933550162458,0.01140171395109171,38,3,1,DE,0.007712662985231224,0.033920099004497835,FALSE,FALSE
ips_cem,mel_spp,z_within,138,0.17132032867748706,0.044523174937922134,0.1531882987239172,0.07284680275492939,70,6,1,DE,0.09934233408023876,0.15032548314167507,FALSE,FALSE
ips_cem,neo_ser,z_within,23,0.11563165487884626,0.5993102948265339,0.24343222062083916,0.2630136632695651,11,1,1,DE,0.7096310953667415,0.4004088604999349,FALSE,FALSE
ips_cem,ope_spp,z_within,69,0.36442361725152905,0.0020809118227691228,0.3468596426912196,0.0035022441022439753,30,3,1,DE,0.007428855207285768,0.012257854357853913,FALSE,FALSE
ips_cem,pan_fla,z_within,46,0.41822685206625654,0.0038236539559928094,0.1241693960256489,0.4109801623859083,15,2,1,DE,0.012523343690728743,0.5651008420390001,FALSE,FALSE
ips_cem,pha_cya,z_within,230,0.5360963201227454,1.6336722455257875e-18,0.5512413089103257,1.1062298078430746e-19,171,10,1,DE,7.776279888702749e-17,5.265653885333035e-18,FALSE,FALSE
ips_cem,pis_pin,z_within,69,0.44904869619808085,1.087465604272365e-4,0.45868071351598017,7.379491260753891e-5,48,3,1,DE,5.972695703465143e-4,4.11637246888928e-4,FALSE,FALSE
ips_cem,pit_bid,z_within,69,0.48711524217429075,2.1903903804492507e-5,0.5198165317379774,4.7092404022131766e-6,57,3,1,DE,1.4616249828418364e-4,3.955761937859069e-5,FALSE,FALSE
ips_cem,pit_cha,z_within,253,0.5794674466791996,4.317695014314646e-24,0.6059802900269026,9.423261332998277e-27,184,11,1,DE,3.8535428002758214e-22,9.611726559658243e-25,FALSE,FALSE
ips_cem,pit_spp,z_within,69,0.41380469753429333,4.0876241452169243e-4,0.5216614443618945,4.297307529345957e-6,55,3,1,DE,0.001958767543412674,3.6527113999440636e-5,FALSE,FALSE
ips_cem,pol_pol,z_within,0,NA,NA,NA,NA,0,0,0,,NA,NA,TRUE,FALSE
ips_cem,pri_abi,z_within,69,-0.14818251641725677,0.22431611567974066,-0.06698511910919032,0.5844681431023644,37,3,1,DE,0.34949235041769394,0.7133508618377576,FALSE,FALSE
ips_cem,sap_car,z_within,0,NA,NA,NA,NA,0,0,0,,NA,NA,TRUE,FALSE
ips_cem,sco_int,z_within,115,0.0899445234564715,0.33909755797841934,0.0491339442460067,0.6020450213429277,56,5,1,DE,0.48134325327354155,0.7248906327805233,FALSE,FALSE
ips_cem,sco_rat,z_within,46,0.2510107884981898,0.09244389921351188,0.28788020500764044,0.052373076224446,35,2,1,DE,0.17369722115380917,0.11722375054625217,FALSE,FALSE
ips_cem,sco_sco,z_within,23,0.07212839767402658,0.7436289650351291,0.14716077073301093,0.5028173466813095,13,1,1,DE,0.8231799705970266,0.6454095221300362,FALSE,FALSE
ips_cem,tet_gab,z_within,138,0.5992508207015697,8.184318989199415e-15,0.5602842350300445,8.97194584262344e-13,82,6,1,DE,2.5406972862123404e-13,2.0664417198816566e-11,FALSE,FALSE
ips_cem,tet_spp,z_within,115,0.5344106086555949,7.681564460187613e-10,0.5124662196672072,4.778034279236482e-9,67,5,1,DE,1.3377163474570622e-8,7.933759245057787e-8,FALSE,FALSE
ips_cem,tha_pit,z_within,23,0.1851310882907218,0.3977252546377209,0.10788328118451218,0.6241542665794287,11,1,1,DE,0.5409063463073005,0.7415077310111683,FALSE,FALSE
ips_cem,tha_pro,z_within,138,0.1301423218916796,0.1281599894598534,0.18152960609154858,0.03310316144436902,89,6,1,DE,0.22049694572128997,0.08235420652013756,FALSE,FALSE
ips_cem,tom_spp,z_within,230,0.33389121558688917,2.1519481905239173e-7,0.3481278096534856,5.913712809743567e-8,160,10,1,DE,2.3066326562772224e-6,7.539983832423049e-7,FALSE,FALSE
ips_cem,tor_vir,z_within,161,0.06866350651843373,0.3867777684166742,0.05251675349031069,0.5082099926316788,91,7,1,DE,0.5291753669389665,0.6497281683488657,FALSE,FALSE
ips_cem,uro_sir_spp,z_within,23,0.1541144628453683,0.4826157005424315,0.16064084425631076,0.46403457474882615,9,1,1,DE,0.6131452138563988,0.6057050939134586,FALSE,FALSE
ips_cem,xyl_lin,z_within,184,0.28500395435742093,8.808170562476898e-5,0.30097021794954554,3.3044091540225796e-5,130,8,1,DE,4.991296652070243e-4,2.0879187044001076e-4,FALSE,FALSE
ips_cem,xyl_spp,z_within,161,0.3355408476386892,1.3540410384857684e-5,0.35632512575763,3.4971643241151075e-6,109,7,1,DE,9.386265062901345e-5,3.0084040089375747e-5,FALSE,FALSE
ips_cem,zei_gri,z_within,0,NA,NA,NA,NA,0,0,0,,NA,NA,TRUE,FALSE
ips_dup,ips_sex,z_within,161,0.5510327076329073,3.6210398935641264e-14,0.565046586707844,5.807856255769394e-15,135,7,1,CZ,9.94393263078764e-13,1.6587237466477389e-13,FALSE,FALSE
ips_dup,ips_typ,z_within,227,0.6975451525059526,2.0370880384288883e-34,0.6653451841477211,2.1694222430040027e-30,183,10,3,"CZ,RO,SK",7.272404297191131e-32,3.872418703762145e-28,FALSE,FALSE
ips_dup,lym_dis,z_within,43,-0.5566343539834087,1.0605938001542978e-4,-0.5341824984758305,2.2471311141336218e-4,16,2,2,"RO,SK",5.870263358993556e-4,0.0011446496981511564,FALSE,FALSE
ips_dup,lym_mon,z_within,115,-0.16093517011485414,0.08575966330537449,-0.19281944700925455,0.03896220285605586,77,5,1,CZ,0.16416192922262032,0.09366670989637671,FALSE,FALSE
ips_dup,mel_spp,z_within,0,NA,NA,NA,NA,0,0,0,,NA,NA,TRUE,FALSE
ips_dup,neo_ser,z_within,0,NA,NA,NA,NA,0,0,0,,NA,NA,TRUE,FALSE
ips_dup,ope_spp,z_within,0,NA,NA,NA,NA,0,0,0,,NA,NA,TRUE,FALSE
ips_dup,pan_fla,z_within,0,NA,NA,NA,NA,0,0,0,,NA,NA,TRUE,FALSE
ips_dup,pha_cya,z_within,161,0.3872364111186658,3.8831811909287936e-7,0.3686153417507009,1.4996650130143261e-6,132,7,1,CZ,3.905058268060787e-6,1.372770281143883e-5,FALSE,FALSE
ips_dup,pis_pin,z_within,0,NA,NA,NA,NA,0,0,0,,NA,NA,TRUE,FALSE
ips_dup,pit_bid,z_within,0,NA,NA,NA,NA,0,0,0,,NA,NA,TRUE,FALSE
ips_dup,pit_cha,z_within,21,-0.16718987394725757,0.4688393951754848,-0.19480519480519481,0.39744295350722547,21,1,1,SK,0.6053369406063221,0.5510179976779787,FALSE,FALSE
ips_dup,pit_spp,z_within,138,0.6393334278709027,3.197283245648275e-17,0.6128671960743902,1.3586403862666787e-15,115,6,1,CZ,1.2682556874404822e-15,4.2176923295409074e-14,FALSE,FALSE
ips_dup,pol_pol,z_within,184,0.12934763165336186,0.0801254556271533,0.13095645233307163,0.07640903741900687,132,8,1,CZ,0.15588440141086501,0.15587443633477402,FALSE,FALSE
ips_dup,pri_abi,z_within,161,-0.5704777170785686,2.7911653432618716e-15,-0.5011812308104122,1.2756895300301314e-11,94,7,1,CZ,9.058600250404438e-14,2.538296975342766e-10,FALSE,FALSE
ips_dup,sap_car,z_within,0,NA,NA,NA,NA,0,0,0,,NA,NA,TRUE,FALSE
ips_dup,sco_int,z_within,161,0.0784034704817804,0.3228590248475933,0.07572140157748881,0.3397385619402742,85,7,1,CZ,0.4629486578491474,0.48888920796760216,FALSE,FALSE
ips_dup,sco_rat,z_within,161,0.35026883125630304,5.240435756949203e-6,0.3204293945281512,3.414294362861857e-5,78,7,1,CZ,4.0848324317007636e-5,2.1384264693713735e-4,FALSE,FALSE
ips_dup,sco_sco,z_within,0,NA,NA,NA,NA,0,0,0,,NA,NA,TRUE,FALSE
ips_dup,tet_gab,z_within,0,NA,NA,NA,NA,0,0,0,,NA,NA,TRUE,FALSE
ips_dup,tet_spp,z_within,0,NA,NA,NA,NA,0,0,0,,NA,NA,TRUE,FALSE
ips_dup,tha_pit,z_within,0,NA,NA,NA,NA,0,0,0,,NA,NA,TRUE,FALSE
ips_dup,tha_pro,z_within,0,NA,NA,NA,NA,0,0,0,,NA,NA,TRUE,FALSE
ips_dup,tom_spp,z_within,184,0.5594019061776835,1.5332306333876744e-16,0.5803771367611916,5.894901583292212e-18,150,8,1,CZ,5.7617193275726294e-15,2.2152419634055996e-16,FALSE,FALSE
ips_dup,tor_vir,z_within,22,-0.23181160141943202,0.2992462887115439,-0.14407913853709495,0.5223708722017135,6,1,1,RO,0.4374621469870396,0.6589625490318436,FALSE,FALSE
ips_dup,uro_sir_spp,z_within,0,NA,NA,NA,NA,0,0,0,,NA,NA,TRUE,FALSE
ips_dup,xyl_lin,z_within,0,NA,NA,NA,NA,0,0,0,,NA,NA,TRUE,FALSE
ips_dup,xyl_spp,z_within,0,NA,NA,NA,NA,0,0,0,,NA,NA,TRUE,FALSE
ips_dup,zei_gri,z_within,115,0.14674036434915533,0.1176044181906735,0.11187133170069906,0.23392015266924554,62,5,1,CZ,0.20784543214886356,0.3638757930410486,FALSE,FALSE
ips_sex,ips_typ,z_within,271,0.6061897453522224,1.4031876867077723e-28,0.6220522367999513,2.0352841509087513e-30,228,12,3,"BG,CZ,DE",2.2372657159964214e-26,3.872418703762145e-28,FALSE,FALSE
ips_sex,lym_dis,z_within,64,0.1351290086112342,0.28704881012805106,0.04583072840008787,0.7191398595706053,27,3,2,"BG,DE",0.4234563025442737,0.8179063625893783,FALSE,FALSE
ips_sex,lym_mon,z_within,161,-0.10803975973990673,0.17250908464379316,-0.12146097295824686,0.1248214811079358,102,7,2,"CZ,DE",0.28057286204024673,0.2285193269514517,FALSE,FALSE
ips_sex,mel_spp,z_within,23,0.2712884569508595,0.210518096332048,0.37682928285102985,0.07632289042627849,8,1,1,DE,0.32890573475072704,0.15587443633477402,FALSE,FALSE
ips_sex,neo_ser,z_within,41,0.2199672282070379,0.16699832698320982,0.25892698151262333,0.1021156962227903,25,2,2,"BG,DE",0.2722301494657804,0.19494814733441787,FALSE,FALSE
ips_sex,ope_spp,z_within,46,0.3989152315096361,0.00603017009259656,0.2494562544310526,0.09454798228062614,14,2,1,DE,0.01824381968692349,0.1854595037043051,FALSE,FALSE
ips_sex,pan_fla,z_within,23,-0.25597674551628957,0.2384258344693954,-0.09539644603535982,0.6650281031030543,8,1,1,DE,0.369275587442838,0.7679864748289048,FALSE,FALSE
ips_sex,pha_cya,z_within,253,0.6224203991656805,1.5667126862720037e-28,0.6176276494765602,5.3029334828956625e-28,198,11,2,"CZ,DE",2.2372657159964214e-26,6.310490844645838e-26,FALSE,FALSE
ips_sex,pis_pin,z_within,46,0.2537130528242369,0.08887295006325303,0.3558297455650829,0.01522605520718603,41,2,1,DE,0.16876405942862413,0.042969973983916304,FALSE,FALSE
ips_sex,pit_bid,z_within,69,0.6235818717288356,1.0443326369241206e-8,0.6553905119270054,9.91764029126057e-10,57,3,1,DE,1.5278852665591707e-7,1.863472412621065e-8,FALSE,FALSE
ips_sex,pit_cha,z_within,92,0.4502400716350083,6.695973171112808e-6,0.5490081301653611,1.4578204149267458e-8,71,4,1,DE,5.0325524675521525e-5,2.1685078672035343e-7,FALSE,FALSE
ips_sex,pit_spp,z_within,138,0.6446581959493182,1.4381891726627042e-17,0.6570745639324287,2.096754081056836e-18,113,6,1,CZ,6.040394525183357e-16,8.317124521525448e-17,FALSE,FALSE
ips_sex,pol_pol,z_within,161,0.12199105506327139,0.12317191521258217,0.1215330442935915,0.12459620483578285,123,7,1,CZ,0.21502383242489895,0.2285193269514517,FALSE,FALSE
ips_sex,pri_abi,z_within,184,-0.24946308151565907,6.378810191270857e-4,-0.21375098437986517,0.0035746054511717742,114,8,2,"CZ,DE",0.0028465440478546203,0.012450089229934862,FALSE,FALSE
ips_sex,sap_car,z_within,0,NA,NA,NA,NA,0,0,0,,NA,NA,TRUE,FALSE
ips_sex,sco_int,z_within,230,0.2444486439219016,1.8110819643860616e-4,0.21915136970309315,8.19103473914819e-4,128,10,2,"CZ,DE",9.370380598345275e-4,0.0035020352118274294,FALSE,FALSE
ips_sex,sco_rat,z_within,207,0.3842831249306356,1.0879917633992604e-8,0.3335835997264098,9.024848083671635e-7,109,9,2,"CZ,DE",1.5536522381341437e-7,8.591655375655395e-6,FALSE,FALSE
ips_sex,sco_sco,z_within,23,0.006256066435887696,0.9773989293157126,-0.06091466895070872,0.7824702640651418,13,1,1,DE,0.9870761464376504,0.857452247903161,FALSE,FALSE
ips_sex,tet_gab,z_within,46,0.4145076630288699,0.004182879577453213,0.3357843750316885,0.022524151653148826,18,2,1,DE,0.013513918634848843,0.06069853343559743,FALSE,FALSE
ips_sex,tet_spp,z_within,0,NA,NA,NA,NA,0,0,0,,NA,NA,TRUE,FALSE
ips_sex,tha_pit,z_within,41,0.2667011231882058,0.09187416296507878,0.2776081689562835,0.0788646049218321,25,2,2,"BG,DE",0.17308530019798718,0.16029370546268798,FALSE,FALSE
ips_sex,tha_pro,z_within,46,0.25387607898356346,0.08866099833235144,0.07687408619372506,0.6116012484067845,19,2,1,DE,0.16876405942862413,0.7325507911646989,FALSE,FALSE
ips_sex,tom_spp,z_within,253,0.5839601231043924,1.5899033690746027e-24,0.5693262355304609,3.8943741996201e-23,211,11,2,"CZ,DE",1.6217014364560946e-22,2.7805831785287517e-21,FALSE,FALSE
ips_sex,tor_vir,z_within,110,0.046939345901796124,0.6262946623247971,0.004158790738823865,0.9656061315892246,65,5,2,"BG,DE",0.7294851368677083,0.9821122193086984,FALSE,FALSE
ips_sex,uro_sir_spp,z_within,0,NA,NA,NA,NA,0,0,0,,NA,NA,TRUE,FALSE
ips_sex,xyl_lin,z_within,92,0.11508445510011442,0.2746603917143681,0.2280561334955628,0.02878427528181623,71,4,1,DE,0.412857936176966,0.07366298405454046,FALSE,FALSE
ips_sex,xyl_spp,z_within,92,0.37754615228043115,2.0719402174133644e-4,0.5003314234874784,3.8046327401147033e-7,69,4,1,DE,0.001064291593692908,3.826067290763237e-6,FALSE,FALSE
ips_sex,zei_gri,z_within,115,-0.04488580700372522,0.633840388135554,-0.05276474796662887,0.5754468028654335,57,5,1,CZ,0.7353554459663618,0.7083948573205509,FALSE,FALSE
ips_typ,lym_dis,z_within,373,0.21105926625412028,3.974987035065554e-5,0.17284132829150045,8.017795084139982e-4,212,17,9,"AT,BG,DE,HR,HU,LT,RO,RS,SK",2.4052040195227166e-4,0.00344861788558792,FALSE,FALSE
ips_typ,lym_mon,z_within,507,-0.049777119706209426,0.2632503817554897,-0.07801873236393345,0.07924884877917207,368,24,4,"CZ,DE,LT,PL",0.39875011850656156,0.16029370546268798,FALSE,FALSE
ips_typ,mel_spp,z_within,478,0.011657575633896487,0.7993307252017757,0.033793899398678925,0.4610498240107409,365,23,2,"DE,PL",0.8673588720274586,0.603035987956631,FALSE,FALSE
ips_typ,neo_ser,z_within,41,-0.23085075592763707,0.1464597011552444,-0.15140188985274647,0.34469610229991976,27,2,2,"BG,DE",0.24262697592771346,0.49248467759059933,FALSE,FALSE
ips_typ,ope_spp,z_within,69,0.16034288494711119,0.18813733839670096,0.09336379165542212,0.44544038323750734,29,3,1,DE,0.30118847447364233,0.5889711733918153,FALSE,FALSE
ips_typ,pan_fla,z_within,306,0.23307878368385054,3.832121861339037e-5,0.18517950429241964,0.0011369172613403505,159,15,2,"DE,PL",2.3439508216849383e-4,0.004665281175844887,FALSE,FALSE
ips_typ,pha_cya,z_within,816,0.3687614057736548,1.0979884381183373e-27,0.3790521825867752,2.801894911814055e-29,668,38,4,"AT,CZ,DE,PL",1.3066062413608215e-25,4.001105934070471e-27,FALSE,FALSE
ips_typ,pis_pin,z_within,92,0.267929370400615,0.009818846493333167,0.4334861146581447,1.586188669908685e-5,68,4,2,"DE,LT",0.027601009434015278,1.0995521459367e-4,FALSE,FALSE
ips_typ,pit_bid,z_within,69,0.567928238073496,3.590665026138001e-7,0.517032828076116,5.401269088953271e-6,58,3,1,DE,3.6624783266607607e-6,4.432765666106478e-5,FALSE,FALSE
ips_typ,pit_cha,z_within,510,0.6889820715101531,4.9420497582411396e-73,0.6948175501221663,9.58016541393421e-75,430,23,5,"AT,DE,LT,SI,SK",3.528623527384174e-70,6.840238105549025e-72,FALSE,FALSE
ips_typ,pit_spp,z_within,400,0.5588472438139428,3.113095584059711e-34,0.559981073294873,2.1515618620087543e-34,352,18,5,"AT,CZ,DE,HR,SI",7.409167490062112e-32,7.681075847371253e-32,FALSE,FALSE
ips_typ,pol_pol,z_within,207,0.19355938120872257,0.0051988516503928325,0.16060604829274602,0.020791274552278364,161,9,2,"CZ,LT",0.016069177828486936,0.05666019095544562,FALSE,FALSE
ips_typ,pri_abi,z_within,230,-0.4215984230516386,2.5118262190142448e-11,-0.3649411585566474,1.1817495158464679e-8,146,10,2,"CZ,DE",5.434678546594457e-10,1.7952535198178257e-7,FALSE,FALSE
ips_typ,sap_car,z_within,0,NA,NA,NA,NA,0,0,0,,NA,NA,TRUE,FALSE
ips_typ,sco_int,z_within,276,0.20095297958222716,7.860926582637834e-4,0.15931493126092777,0.00800915762590948,146,12,2,"CZ,DE",0.0034016373212141897,0.024648873038359345,FALSE,FALSE
ips_typ,sco_rat,z_within,230,0.40001289544044577,3.0077840420078874e-10,0.34042373907836576,1.199251558767713e-7,121,10,3,"CZ,DE,LT",5.804210286469275e-9,1.4037141196067986e-6,FALSE,FALSE
ips_typ,sco_sco,z_within,23,-0.28463250514366273,0.1880564337924121,-0.30663824878577106,0.15469880321294538,13,1,1,DE,0.30118847447364233,0.2661564951663687,FALSE,FALSE
ips_typ,tet_gab,z_within,222,0.3290386518711384,5.296674044988613e-7,0.29092784138397615,1.0532948145104913e-5,149,10,2,"AT,DE",5.252535094613708e-6,7.916342079584114e-5,FALSE,FALSE
ips_typ,tet_spp,z_within,115,0.3457552608028455,1.5387926089105013e-4,0.39555319479564016,1.2125918730433161e-5,66,5,1,DE,8.078661196780132e-4,8.834597932172732e-5,FALSE,FALSE
ips_typ,tha_pit,z_within,64,-0.12998119933084806,0.3059742274187583,-0.11342791531595608,0.3721659427717382,52,3,3,"BG,DE,HR",0.44274924486266826,0.5220559590157585,FALSE,FALSE
ips_typ,tha_pro,z_within,138,0.006172864420383307,0.9427166425166973,0.06536055348577723,0.4462727553886603,85,6,1,DE,0.965709731358568,0.5889810487014852,FALSE,FALSE
ips_typ,tom_spp,z_within,804,0.3201192965593125,1.2918152290077706e-20,0.3304865087562584,6.080755062792769e-22,620,37,5,"AT,CZ,DE,LT,PL",7.686300612596235e-19,3.618049262361698e-20,FALSE,FALSE
ips_typ,tor_vir,z_within,524,0.05766335697374542,0.18753073195099246,0.01978157644559551,0.6514247408748811,323,25,5,"BG,DE,LT,PL,RO",0.30118847447364233,0.7599955310206947,FALSE,FALSE
ips_typ,uro_sir_spp,z_within,23,-0.00346528257585349,0.9874800202704626,0.17275813308220006,0.4305390734787099,8,1,1,DE,0.9916476625495261,0.5800092423845261,FALSE,FALSE
ips_typ,xyl_lin,z_within,184,0.09756040604792608,0.18767095926983976,0.11899794637306167,0.10764074412773576,132,8,1,DE,0.30118847447364233,0.20385603798394325,FALSE,FALSE
ips_typ,xyl_spp,z_within,161,0.2430328432754207,0.001893650756836666,0.2649277163501011,6.831444743581246e-4,107,7,1,DE,0.006937162705664939,0.002974177772510372,FALSE,FALSE
ips_typ,zei_gri,z_within,115,0.024682752790879236,0.7934437670605273,0.08912814284818384,0.3435173484430032,62,5,1,CZ,0.8662367732128692,0.49248467759059933,FALSE,FALSE
lym_dis,lym_mon,z_within,69,-0.0010974091632420318,0.9928596428133872,0.03634211486421012,0.7668763552875868,18,3,2,"DE,LT",0.9942521528313584,0.8488139261709136,FALSE,FALSE
lym_dis,mel_spp,z_within,92,0.3305376233148651,0.0012908106016753119,0.2677315694165098,0.009875299697219304,40,4,1,DE,0.004963651010651451,0.02987696603311264,FALSE,FALSE
lym_dis,neo_ser,z_within,41,0.2657364647897601,0.09310006899315504,0.3282276264264398,0.036160132029638165,19,2,2,"BG,DE",0.17447099543599134,0.08811718180601245,FALSE,FALSE
lym_dis,ope_spp,z_within,46,0.29043861332091653,0.05022109265481966,0.2832617452150908,0.056445935050254234,18,2,1,DE,0.10965706469584476,0.12405493471564957,FALSE,FALSE
lym_dis,pan_fla,z_within,23,0.800725462209254,4.45228655053054e-6,0.8710436213555204,6.402150736452062e-8,6,1,1,DE,3.571834378740231e-5,8.019536185661004e-7,FALSE,FALSE
lym_dis,pha_cya,z_within,201,0.3933294190614382,7.643312226093048e-9,0.3615566661236368,1.3386675220272954e-7,94,9,2,"AT,DE",1.1611329637086036e-7,1.54162679149595e-6,FALSE,FALSE
lym_dis,pis_pin,z_within,69,0.45459193791409463,8.712073924207072e-5,0.2939395683352288,0.01422787802460259,26,3,2,"DE,LT",4.976336625507079e-4,0.040634819638265,FALSE,FALSE
lym_dis,pit_bid,z_within,46,0.3753004573175333,0.010167973265466916,0.36446861844534595,0.012765970219616984,19,2,1,DE,0.02835911293571632,0.03750988780578818,FALSE,FALSE
lym_dis,pit_cha,z_within,267,0.20131502394195075,9.396037469137221e-4,0.17166434701861033,0.004911711884065972,126,12,4,"AT,DE,LT,SK",0.0039004481121883584,0.01608698295973901,FALSE,FALSE
lym_dis,pit_spp,z_within,155,0.1419235424689036,0.07814380484324604,0.16149887995394782,0.0446892291428966,89,7,3,"AT,DE,HR",0.1532820787309826,0.10292938583234895,FALSE,FALSE
lym_dis,pol_pol,z_within,23,0.35327671320670295,0.09821063291291622,0.14486020848001513,0.5095907202736202,7,1,1,LT,0.18166422771974658,0.6497281683488657,FALSE,FALSE
lym_dis,pri_abi,z_within,69,-0.2097461556807261,0.08367479501053036,-0.2100632301339161,0.08319779935659002,16,3,1,DE,0.1614697395608613,0.16733303870593036,FALSE,FALSE
lym_dis,sap_car,z_within,0,NA,NA,NA,NA,0,0,0,,NA,NA,TRUE,FALSE
lym_dis,sco_int,z_within,92,0.19167940816671128,0.06719033968532351,0.18826457905301458,0.0723058009630746,22,4,1,DE,0.13743538822289883,0.14964157068879785,FALSE,FALSE
lym_dis,sco_rat,z_within,46,0.10904199768448222,0.47068744011773966,0.027847038870597578,0.8542444232466705,10,2,2,"DE,LT",0.6055330310703894,0.9119428108225859,FALSE,FALSE
lym_dis,sco_sco,z_within,0,NA,NA,NA,NA,0,0,0,,NA,NA,TRUE,FALSE
lym_dis,tet_gab,z_within,155,0.2142609118514764,0.007426293594539734,0.2373403580406689,0.002943733140933263,60,7,2,"AT,DE",0.021642341332658653,0.010561936998122362,FALSE,FALSE
lym_dis,tet_spp,z_within,69,0.48908725422764965,2.005285951016595e-5,0.4359594710453284,1.808596172927828e-4,31,3,1,DE,1.3635944466912844e-4,9.495129907871097e-4,FALSE,FALSE
lym_dis,tha_pit,z_within,41,-0.1546250360715409,0.3344012771572138,-0.11834876085829414,0.4611451672609531,27,2,2,"BG,HR",0.47657188002046036,0.603035987956631,FALSE,FALSE
lym_dis,tha_pro,z_within,69,0.24668560962247732,0.04101427218597989,0.24359013864753368,0.04370199910484462,40,3,1,DE,0.09296568362155441,0.10195511698524656,FALSE,FALSE
lym_dis,tom_spp,z_within,245,0.18460047958583092,0.0037359222909148127,0.10941660591665318,0.08744779160140133,110,11,3,"AT,DE,LT",0.012349298683857297,0.17392123454986225,FALSE,FALSE
lym_dis,tor_vir,z_within,133,0.010272064971424391,0.9065842080834721,0.04808795010833346,0.5825522026745544,65,6,4,"BG,DE,LT,RO",0.9435876451481037,0.7133508618377576,FALSE,FALSE
lym_dis,uro_sir_spp,z_within,0,NA,NA,NA,NA,0,0,0,,NA,NA,TRUE,FALSE
lym_dis,xyl_lin,z_within,69,-0.18192930555497408,0.1346206479975612,-0.2073111488978131,0.0874104402108811,36,3,1,DE,0.22885510159585404,0.17392123454986225,FALSE,FALSE
lym_dis,xyl_spp,z_within,92,0.08095928482607768,0.4429760271232802,0.07317215042166643,0.4881987355874089,39,4,1,DE,0.5835514453247639,0.6337707221989272,FALSE,FALSE
lym_dis,zei_gri,z_within,0,NA,NA,NA,NA,0,0,0,,NA,NA,TRUE,FALSE
lym_mon,mel_spp,z_within,346,0.11980742677559032,0.025846189354981123,0.08100970993223046,0.13261035387714057,229,17,2,"DE,PL",0.0643002759562945,0.23742893387186773,FALSE,FALSE
lym_mon,neo_ser,z_within,23,-0.14898967219078313,0.49746429785074286,-0.10177120159290157,0.6440367968126504,5,1,1,DE,0.6198769784737006,0.7528747718155184,FALSE,FALSE
lym_mon,ope_spp,z_within,46,0.24717135227932083,0.0977076457719821,0.23327712471082285,0.1187046648963747,13,2,1,DE,0.1812032703407668,0.21900550577780759,FALSE,FALSE
lym_mon,pan_fla,z_within,283,0.4336010964283243,2.1163798560325843e-14,0.4219403486591642,1.208153839860226e-13,142,14,2,"DE,PL",6.253132806785497e-13,2.9745580746903496e-12,FALSE,FALSE
lym_mon,pha_cya,z_within,484,-0.02452598711306588,0.5903992830272077,0.005834330546793766,0.898129607350517,344,23,3,"CZ,DE,PL",0.7015036167647842,0.9387552214911299,FALSE,FALSE
lym_mon,pis_pin,z_within,69,-0.0855210597556902,0.4847427409618724,-0.17048843497849805,0.1613370894582251,32,3,2,"DE,LT",0.6139556567643897,0.27427305207898267,FALSE,FALSE
lym_mon,pit_bid,z_within,46,-0.41338565987750947,0.004296898017711507,-0.4504635342427254,0.0016813613758822185,21,2,1,DE,0.013819753083991063,0.006454258184838194,FALSE,FALSE
lym_mon,pit_cha,z_within,92,-0.15824989121281727,0.13190365766799858,-0.21059015563191133,0.04391001142352308,43,4,2,"DE,LT",0.22557603967279086,0.10195511698524656,FALSE,FALSE
lym_mon,pit_spp,z_within,138,-0.29778832682485723,3.893086930285539e-4,-0.3364052639787559,5.480222038855381e-5,79,6,2,"CZ,DE",0.0018781513974485643,3.1555472062441464e-4,FALSE,FALSE
lym_mon,pol_pol,z_within,138,0.03184142359352312,0.7108284275858596,0.07723771718084067,0.36789109949528365,81,6,2,"CZ,LT",0.7955039142575294,0.5201470198804604,FALSE,FALSE
lym_mon,pri_abi,z_within,161,0.2598958238597007,8.702873994368738e-4,0.24651874156453824,0.0016193615118330657,74,7,2,"CZ,DE",0.0036987214476067137,0.006318164587151961,FALSE,FALSE
lym_mon,sap_car,z_within,0,NA,NA,NA,NA,0,0,0,,NA,NA,TRUE,FALSE
lym_mon,sco_int,z_within,161,-0.002660717248840002,0.9732776864664232,-0.025957348156866396,0.7437809068757774,67,7,2,"CZ,DE",0.984306328805986,0.8364513296580834,FALSE,FALSE
lym_mon,sco_rat,z_within,184,-0.13498490154801782,0.06771229422864218,-0.14029820694138806,0.057494280801855195,64,8,3,"CZ,DE,LT",0.13773953868732342,0.1255379709251517,FALSE,FALSE
lym_mon,sco_sco,z_within,23,0.3356142709048119,0.11744301284107703,0.32615244210895794,0.12880597590905618,11,1,1,DE,0.20784543214886356,0.23224107777541947,FALSE,FALSE
lym_mon,tet_gab,z_within,46,-0.2723581827981265,0.06707438649901526,-0.19672482266459332,0.1900669846506046,10,2,1,DE,0.13743538822289883,0.31404119779798073,FALSE,FALSE
lym_mon,tet_spp,z_within,0,NA,NA,NA,NA,0,0,0,,NA,NA,TRUE,FALSE
lym_mon,tha_pit,z_within,23,-0.45812713815045525,0.027920846132460916,-0.38391440413818073,0.07052225774602708,6,1,1,DE,0.06827220595403113,0.14766243997261974,FALSE,FALSE
lym_mon,tha_pro,z_within,46,0.3812203671938262,0.008950592416689891,0.29787864144919507,0.04436660218044857,22,2,1,DE,0.025486800535369628,0.10251700309657048,FALSE,FALSE
lym_mon,tom_spp,z_within,387,0.014209337297220286,0.78052079429594,0.021204260920048134,0.6775312420296304,219,18,4,"CZ,DE,LT,PL",0.854742096821014,0.7789972734446958,FALSE,FALSE
lym_mon,tor_vir,z_within,352,0.08693731102869194,0.10344619639273159,0.08369658213117574,0.11700885191701765,169,17,3,"DE,LT,PL",0.18742546055515932,0.2169982344642873,FALSE,FALSE
lym_mon,uro_sir_spp,z_within,0,NA,NA,NA,NA,0,0,0,,NA,NA,TRUE,FALSE
lym_mon,xyl_lin,z_within,69,-0.04830293694174907,0.6934817871093915,0.03626620092432156,0.767349575609956,37,3,1,DE,0.7834588544242176,0.8488139261709136,FALSE,FALSE
lym_mon,xyl_spp,z_within,69,-0.22495601068759302,0.06311446816969284,-0.01798165784512661,0.8834083454484195,35,3,1,DE,0.13157743512285003,0.9262166793688275,FALSE,FALSE
lym_mon,zei_gri,z_within,92,-0.19056298489701892,0.06882950389013878,-0.20808001591383532,0.046548195067550494,41,4,1,CZ,0.13961439141352014,0.10686627420653072,FALSE,FALSE
mel_spp,neo_ser,z_within,0,NA,NA,NA,NA,0,0,0,,NA,NA,TRUE,FALSE
mel_spp,ope_spp,z_within,23,0.23325514333582847,0.28411003426951165,0.17692092515162153,0.4193401951764768,6,1,1,DE,0.4231823928418732,0.5724835551740047,FALSE,FALSE
mel_spp,pan_fla,z_within,306,0.23304965588287907,3.840927817046748e-5,0.20431737296527197,3.21303298545142e-4,147,15,2,"DE,PL",2.3439508216849383e-4,0.0015713051723372012,FALSE,FALSE
mel_spp,pha_cya,z_within,458,0.13298252930073493,0.0043603206979289065,0.13763326930233175,0.0031624525466244385,330,22,2,"DE,PL",0.013960847436418114,0.011233786658158454,FALSE,FALSE
mel_spp,pis_pin,z_within,46,0.6609811788448158,5.741941169854655e-7,0.4246119953911872,0.0032697105761079837,14,2,1,DE,5.616090404487977e-6,0.011557293818520298,FALSE,FALSE
mel_spp,pit_bid,z_within,23,0.15280319871529724,0.48639357949044115,0.14204982106174902,0.5179247274093949,8,1,1,DE,0.6139556567643897,0.6566674239998457,FALSE,FALSE
mel_spp,pit_cha,z_within,138,-0.0743775001958235,0.38594638900272726,-0.040074327369728865,0.6407344029200981,62,6,1,DE,0.5291753669389665,0.7520647177909213,FALSE,FALSE
mel_spp,pit_spp,z_within,69,0.07497653262635483,0.5403480580066693,0.17512838787376148,0.1500658023860318,43,3,1,DE,0.66176417395671,0.26133410464299195,FALSE,FALSE
mel_spp,pol_pol,z_within,0,NA,NA,NA,NA,0,0,0,,NA,NA,TRUE,FALSE
mel_spp,pri_abi,z_within,23,-0.47825379808472546,0.02097953698817053,-0.5393052909368296,0.007914966793568522,0,1,1,DE,0.05466930441442978,0.024464442816484522,FALSE,FALSE
mel_spp,sap_car,z_within,0,NA,NA,NA,NA,0,0,0,,NA,NA,TRUE,FALSE
mel_spp,sco_int,z_within,69,0.08655039521995779,0.47948200417493225,-0.005369395592997191,0.9650741651539507,18,3,1,DE,0.6131452138563988,0.9821122193086984,FALSE,FALSE
mel_spp,sco_rat,z_within,23,-0.16782565601853222,0.4440140448884635,-0.27417011514412026,0.20552200484356645,7,1,1,DE,0.583841672284278,0.33199708474729966,FALSE,FALSE
mel_spp,sco_sco,z_within,23,-0.1407886768000828,0.5216856649175281,-0.23180060728498036,0.2872093789672845,3,1,1,DE,0.6433222189138429,0.4317210454371392,FALSE,FALSE
mel_spp,tet_gab,z_within,115,0.2734105650026643,0.0031113117056032636,0.23224618356693585,0.012503540329128038,57,5,1,DE,0.010629074439237943,0.037043683796669793,FALSE,FALSE
mel_spp,tet_spp,z_within,92,0.3919296486340822,1.1171449469359675e-4,0.44831969271032085,7.408917444285996e-6,53,4,1,DE,6.088866352002144e-4,5.813150610132089e-5,FALSE,FALSE
mel_spp,tha_pit,z_within,23,-0.30624404663563387,0.15525694640451046,-0.30165938968536776,0.16185251853932503,2,1,1,DE,0.2560126090827263,0.2744957202780952,FALSE,FALSE
mel_spp,tha_pro,z_within,115,0.20398877977106628,0.028765480730501627,0.12966061299407064,0.167247279581833,56,5,1,DE,0.06962221437823106,0.2809754296974794,FALSE,FALSE
mel_spp,tom_spp,z_within,358,0.17820074431589655,7.064235923924532e-4,0.1661863915158106,0.0016029643084220948,176,17,2,"DE,PL",0.003113496573877849,0.0062885522868866795,FALSE,FALSE
mel_spp,tor_vir,z_within,346,0.007926211981445259,0.8832071310013171,0.014859483873665388,0.7829956101300575,176,17,2,"DE,PL",0.927367487551383,0.857452247903161,FALSE,FALSE
mel_spp,uro_sir_spp,z_within,23,0.2501775428580263,0.24959859746597823,0.2723324233115791,0.20869880162674762,4,1,1,DE,0.38325462062517945,0.33561023504841847,FALSE,FALSE
mel_spp,xyl_lin,z_within,69,0.0499508982797825,0.683569011277227,0.09559606465524266,0.43458755427473506,22,3,1,DE,0.7771787803374843,0.5843606661999262,FALSE,FALSE
mel_spp,xyl_spp,z_within,92,-0.24943082176071685,0.016494988653893004,-0.13654342197618521,0.19433554503298098,22,4,1,DE,0.04427602217623912,0.319713316022001,FALSE,FALSE
mel_spp,zei_gri,z_within,0,NA,NA,NA,NA,0,0,0,,NA,NA,TRUE,FALSE
neo_ser,ope_spp,z_within,23,0.30518311330878783,0.15676613154162333,0.30682347278921435,0.1544370362024071,6,1,1,DE,0.25769948130944353,0.2661564951663687,FALSE,FALSE
neo_ser,pan_fla,z_within,0,NA,NA,NA,NA,0,0,0,,NA,NA,TRUE,FALSE
neo_ser,pha_cya,z_within,23,0.10407229084007454,0.6365227098632504,0.3000516369151235,0.1642111681006394,11,1,1,DE,0.7365919203279754,0.27717913480817147,FALSE,FALSE
neo_ser,pis_pin,z_within,23,-0.2745720744024923,0.20483150566276695,0.14178543798331414,0.5187120828234075,10,1,1,DE,0.3207230154456483,0.6566674239998457,FALSE,FALSE
neo_ser,pit_bid,z_within,23,0.153151660084635,0.48538818594633304,0.2256234439103381,0.3006062406520596,10,1,1,DE,0.6139556567643897,0.44163139058759376,FALSE,FALSE
neo_ser,pit_cha,z_within,23,-0.030081751325826998,0.8916219839901456,0.034712065796291595,0.8750584813829918,11,1,1,DE,0.9334576196025864,0.9215217635803189,FALSE,FALSE
neo_ser,pit_spp,z_within,0,NA,NA,NA,NA,0,0,0,,NA,NA,TRUE,FALSE
neo_ser,pol_pol,z_within,0,NA,NA,NA,NA,0,0,0,,NA,NA,TRUE,FALSE
neo_ser,pri_abi,z_within,23,0.1349881890230787,0.5391494374085921,0.09744515393698389,0.6582544419519613,6,1,1,DE,0.6614307531095099,0.7629767395352278,FALSE,FALSE
neo_ser,sap_car,z_within,0,NA,NA,NA,NA,0,0,0,,NA,NA,TRUE,FALSE
neo_ser,sco_int,z_within,23,-0.31162368406425345,0.14776149632039878,-0.2128176638256016,0.32958503260558747,5,1,1,DE,0.24421691752954797,0.47636379206556567,FALSE,FALSE
neo_ser,sco_rat,z_within,23,-0.11587162343189507,0.5985475436720635,-0.015815079230108973,0.9429035688446084,6,1,1,DE,0.7096310953667415,0.9742882028293058,FALSE,FALSE
neo_ser,sco_sco,z_within,0,NA,NA,NA,NA,0,0,0,,NA,NA,TRUE,FALSE
neo_ser,tet_gab,z_within,23,0.09669572777418824,0.6607292973240211,0.26792151918403795,0.21645785703804016,6,1,1,DE,0.7572403182814623,0.34421138067964513,FALSE,FALSE
neo_ser,tet_spp,z_within,0,NA,NA,NA,NA,0,0,0,,NA,NA,TRUE,FALSE
neo_ser,tha_pit,z_within,18,-0.07015616178597157,0.782072326100219,-0.09705731804518168,0.7016279617635952,16,1,1,BG,0.8551296184311736,0.8028243024025752,FALSE,FALSE
neo_ser,tha_pro,z_within,0,NA,NA,NA,NA,0,0,0,,NA,NA,TRUE,FALSE
neo_ser,tom_spp,z_within,23,0.16716884618940778,0.44582503345402014,0.3029131902282683,0.1600296483103471,11,1,1,DE,0.5840716952039823,0.27269968709686837,FALSE,FALSE
neo_ser,tor_vir,z_within,41,0.03729911153842498,0.8169066641403664,-0.05458579398698147,0.7346372409575119,17,2,2,"BG,DE",0.881074559208794,0.829959777043601,FALSE,FALSE
neo_ser,uro_sir_spp,z_within,0,NA,NA,NA,NA,0,0,0,,NA,NA,TRUE,FALSE
neo_ser,xyl_lin,z_within,23,-0.12185471764165212,0.5796636718711503,-0.2524097618629752,0.24525858735744216,10,1,1,DE,0.6955964062453803,0.3782173463784313,FALSE,FALSE
neo_ser,xyl_spp,z_within,23,-0.049679532263879264,0.8218963368574905,0.1694712562070047,0.4394938515952559,11,1,1,DE,0.88378612125941,0.5854416547743259,FALSE,FALSE
neo_ser,zei_gri,z_within,0,NA,NA,NA,NA,0,0,0,,NA,NA,TRUE,FALSE
ope_spp,pan_fla,z_within,0,NA,NA,NA,NA,0,0,0,,NA,NA,TRUE,FALSE
ope_spp,pha_cya,z_within,69,0.23373075804748839,0.053247376219024894,0.24473787869566016,0.0426889638509936,29,3,1,DE,0.1145139356035656,0.10026289536055734,FALSE,FALSE
ope_spp,pis_pin,z_within,23,-0.10922781303342276,0.619813727525661,0.30579617515777613,0.15589279551887225,7,1,1,DE,0.7254868876283967,0.2675660000011413,FALSE,FALSE
ope_spp,pit_bid,z_within,23,-0.05566755156821808,0.8008251035227754,-0.03563093837613276,0.8717773049850374,7,1,1,DE,0.8676617965330221,0.9195591096748414,FALSE,FALSE
ope_spp,pit_cha,z_within,69,0.2638718217032671,0.02846414456080493,0.21818770527480733,0.07169343264436032,29,3,1,DE,0.06936313725738812,0.14923939040254597,FALSE,FALSE
ope_spp,pit_spp,z_within,23,-0.09011226031774301,0.682615516292028,-0.056311278431943466,0.798567596770454,14,1,1,DE,0.7771787803374843,0.8718306790429726,FALSE,FALSE
ope_spp,pol_pol,z_within,0,NA,NA,NA,NA,0,0,0,,NA,NA,TRUE,FALSE
ope_spp,pri_abi,z_within,46,0.0585125157568889,0.6993034807702342,0.06514642619973475,0.6670921996424988,13,2,1,DE,0.7863034413699955,0.7682319847495873,FALSE,FALSE
ope_spp,sap_car,z_within,0,NA,NA,NA,NA,0,0,0,,NA,NA,TRUE,FALSE
ope_spp,sco_int,z_within,23,-0.5828562004891314,0.003514393462590241,-0.5979989545158153,0.0025798722474658035,1,1,1,DE,0.011836211944761471,0.009544190594251729,FALSE,FALSE
ope_spp,sco_rat,z_within,23,-0.7590787454119946,2.6764689562832917e-5,-0.6643281597004597,5.456866437086779e-4,1,1,1,DE,1.7372716679875185e-4,0.0024376274568447633,FALSE,FALSE
ope_spp,sco_sco,z_within,0,NA,NA,NA,NA,0,0,0,,NA,NA,TRUE,FALSE
ope_spp,tet_gab,z_within,23,-0.2431427296843293,0.26359951811638244,-0.19535519125683065,0.3716996227123993,2,1,1,DE,0.39875011850656156,0.5220559590157585,FALSE,FALSE
ope_spp,tet_spp,z_within,0,NA,NA,NA,NA,0,0,0,,NA,NA,TRUE,FALSE
ope_spp,tha_pit,z_within,0,NA,NA,NA,NA,0,0,0,,NA,NA,TRUE,FALSE
ope_spp,tha_pro,z_within,46,0.5907524769581534,1.545706185511009e-5,0.5823897676326548,2.175546890731404e-5,20,2,1,DE,1.0611867465912117e-4,1.4382782222057615e-4,FALSE,FALSE
ope_spp,tom_spp,z_within,69,0.3831489588197987,0.0011561011592454914,0.3440433575778402,0.0037969810264419025,30,3,1,DE,0.004585867931673783,0.013160409965434555,FALSE,FALSE
ope_spp,tor_vir,z_within,69,0.3857237153673536,0.001063433570750379,0.24581868511529759,0.04175282478677939,27,3,1,DE,0.004270322416657219,0.09904158437794182,FALSE,FALSE
ope_spp,uro_sir_spp,z_within,0,NA,NA,NA,NA,0,0,0,,NA,NA,TRUE,FALSE
ope_spp,xyl_lin,z_within,69,-0.031821237012998625,0.7952002539089935,-0.1270004377421623,0.298390933520194,29,3,1,DE,0.8662877512726018,0.4403812656190254,FALSE,FALSE
ope_spp,xyl_spp,z_within,69,0.15459481589704818,0.20467596837924562,3.256720308093721e-4,0.9978809705891414,29,3,1,DE,0.3207230154456483,0.9978809705891414,FALSE,FALSE
ope_spp,zei_gri,z_within,0,NA,NA,NA,NA,0,0,0,,NA,NA,TRUE,FALSE
pan_fla,pha_cya,z_within,306,0.18160685824317832,0.0014208023195290361,0.16168836423705515,0.004575456212261036,154,15,2,"DE,PL",0.005396025830551765,0.015337444767860938,FALSE,FALSE
pan_fla,pis_pin,z_within,46,0.408135081097857,0.00486737062075308,0.16945980321937384,0.26022130970043655,14,2,1,DE,0.015156480165637205,0.397004305825025,FALSE,FALSE
pan_fla,pit_bid,z_within,23,0.0418817466003604,0.8495133292409137,0.032999238618066896,0.881180044301648,8,1,1,DE,0.905302264295541,0.9252390465167304,FALSE,FALSE
pan_fla,pit_cha,z_within,46,0.43295272576448046,0.002653054066501298,0.2335462540312544,0.11826791236998194,15,2,1,DE,0.009240393187716717,0.2187649985289303,FALSE,FALSE
pan_fla,pit_spp,z_within,0,NA,NA,NA,NA,0,0,0,,NA,NA,TRUE,FALSE
pan_fla,pol_pol,z_within,0,NA,NA,NA,NA,0,0,0,,NA,NA,TRUE,FALSE
pan_fla,pri_abi,z_within,0,NA,NA,NA,NA,0,0,0,,NA,NA,TRUE,FALSE
pan_fla,sap_car,z_within,0,NA,NA,NA,NA,0,0,0,,NA,NA,TRUE,FALSE
pan_fla,sco_int,z_within,23,-0.08761941355852891,0.690968927931076,-0.0050553980073522065,0.9817357563898936,7,1,1,DE,0.7830981183218861,0.9910115065834718,FALSE,FALSE
pan_fla,sco_rat,z_within,23,-0.3890836459101628,0.06650610133701503,-0.32635402691907023,0.12855593606252264,7,1,1,DE,0.1374029726700177,0.23224107777541947,FALSE,FALSE
pan_fla,sco_sco,z_within,23,0.026139416476576697,0.9057593403026896,0.030488566611409307,0.890164872404116,6,1,1,DE,0.9435876451481037,0.931932139144485,FALSE,FALSE
pan_fla,tet_gab,z_within,46,0.4767739831499063,8.086093962243601e-4,0.24752424154387778,0.09721440658850786,9,2,1,DE,0.0034779946319529707,0.18836592426269994,FALSE,FALSE
pan_fla,tet_spp,z_within,23,0.9587140579650851,6.080578917883078e-13,0.9979296921783483,1.62533412021121e-26,6,1,1,DE,1.4004946281833927e-11,1.4506107022885049e-24,FALSE,FALSE
pan_fla,tha_pit,z_within,23,-0.47239412810897125,0.02283824857609897,-0.43208990062862507,0.03949358524636205,2,1,1,DE,0.057677426019877,0.09430909654147994,FALSE,FALSE
pan_fla,tha_pro,z_within,23,-0.17352921798634732,0.4284526353042498,-0.18167062247471208,0.4067586684341836,5,1,1,DE,0.5712722601636682,0.5606673537876584,FALSE,FALSE
pan_fla,tom_spp,z_within,186,0.2917197597771055,5.3466505377021033e-5,0.31089555059162977,1.567491900521239e-5,76,9,2,"DE,PL",3.154965689189506e-4,1.0972443303648672e-4,FALSE,FALSE
pan_fla,tor_vir,z_within,243,0.20526007652829578,0.0012930519439512183,0.19788369561529381,0.0019384548562281173,94,12,2,"DE,PL",0.004963651010651451,0.007362004081632318,FALSE,FALSE
pan_fla,uro_sir_spp,z_within,0,NA,NA,NA,NA,0,0,0,,NA,NA,TRUE,FALSE
pan_fla,xyl_lin,z_within,23,0.5596105258435234,0.0054940971545798375,0.5921654249826674,0.002911299392210636,9,1,1,DE,0.0169085576222845,0.01049832205069896,FALSE,FALSE
pan_fla,xyl_spp,z_within,23,0.3748319344686588,0.07802144226217178,0.44836329636619116,0.0318917688112608,9,1,1,DE,0.1532820787309826,0.08017860187056412,FALSE,FALSE
pan_fla,zei_gri,z_within,0,NA,NA,NA,NA,0,0,0,,NA,NA,TRUE,FALSE
pha_cya,pis_pin,z_within,69,0.41762544403003105,3.5654982886869417e-4,0.3908156841497584,8.996734865434433e-4,48,3,1,DE,0.001731813454505086,0.00380098739285218,FALSE,FALSE
pha_cya,pit_bid,z_within,69,0.6629217694238595,5.448881722441766e-10,0.627702588400907,7.8145111721968e-9,58,3,1,DE,9.975644999547232e-9,1.2399024393218924e-7,FALSE,FALSE
pha_cya,pit_cha,z_within,335,0.4011981007647451,2.1894722712834376e-14,0.4283581386826955,2.2106731166529235e-16,239,15,2,"AT,DE",6.253132806785497e-13,7.51628859661994e-15,FALSE,FALSE
pha_cya,pit_spp,z_within,291,0.30762204277596517,8.533177322637764e-8,0.39050161397146427,4.879495416605036e-12,223,13,3,"AT,CZ,DE",1.015448101393894e-6,1.0246940374870575e-10,FALSE,FALSE
pha_cya,pol_pol,z_within,161,0.05142543631162744,0.5170753774052859,0.019903171428023628,0.8021233949487758,120,7,1,CZ,0.6403882178610002,0.8730428414533932,FALSE,FALSE
pha_cya,pri_abi,z_within,207,-0.3026448898797201,9.322321139008769e-6,-0.25685926577583246,1.8692518109162174e-4,127,9,2,"CZ,DE",6.791976829849245e-5,9.741940094848022e-4,FALSE,FALSE
pha_cya,sap_car,z_within,0,NA,NA,NA,NA,0,0,0,,NA,NA,TRUE,FALSE
pha_cya,sco_int,z_within,276,0.20860307397322614,4.8610301183028067e-4,0.1984463517761314,9.16743075208899e-4,137,12,2,"CZ,DE",0.002253750327576756,0.003850320915877376,FALSE,FALSE
pha_cya,sco_rat,z_within,207,0.3347259648910256,8.237724880400283e-7,0.30018122780599354,1.1104093386670263e-5,107,9,2,"CZ,DE",7.84231408614107e-6,8.258669456336009e-5,FALSE,FALSE
pha_cya,sco_sco,z_within,23,-0.28254863872960634,0.19145140703806426,-0.327803515116102,0.12676831338825773,13,1,1,DE,0.30547564166603774,0.22972734964268024,FALSE,FALSE
pha_cya,tet_gab,z_within,201,0.27674666338228027,6.97763499864432e-5,0.26934812046280615,1.1038356973448328e-4,118,9,2,"AT,DE",4.0504320236032886e-4,5.92585479627226e-4,FALSE,FALSE
pha_cya,tet_spp,z_within,92,0.29271331500262643,0.004632753946766795,0.25843204115503293,0.01287133396037354,52,4,1,DE,0.014636222645980052,0.03764450275642445,FALSE,FALSE
pha_cya,tha_pit,z_within,23,0.38795166376655693,0.06737028834455824,-0.027765072267072408,0.8999260845626953,11,1,1,DE,0.13743538822289883,0.9387552214911299,FALSE,FALSE
pha_cya,tha_pro,z_within,138,0.18986927622694222,0.02571417912962203,0.1693133887739332,0.04711692934837345,85,6,1,DE,0.06419852126128825,0.10748079090970813,FALSE,FALSE
pha_cya,tom_spp,z_within,696,0.3397166690787621,2.919120584781152e-20,0.3414520630055452,1.8263050004866714e-20,465,32,4,"AT,CZ,DE,PL",1.603270844256725e-18,9.314155502482024e-19,FALSE,FALSE
pha_cya,tor_vir,z_within,418,0.024808816774488315,0.6130136136611631,0.043834200565061106,0.3713548562134358,248,20,2,"DE,PL",0.7246551658179975,0.5220559590157585,FALSE,FALSE
pha_cya,uro_sir_spp,z_within,23,0.2490937477734491,0.2517235875954761,0.23086196503918024,0.2892206273231992,6,1,1,DE,0.38486218745860795,0.4338309409847988,FALSE,FALSE
pha_cya,xyl_lin,z_within,161,0.033405954356501746,0.6739823895848993,0.08241798414647163,0.29862432399285177,114,7,1,DE,0.7702874074089854,0.4403812656190254,FALSE,FALSE
pha_cya,xyl_spp,z_within,161,0.19971319745484967,0.011086113862987653,0.26427826761945594,7.050163177137509e-4,106,7,1,DE,0.030591771672420356,0.003050797883924958,FALSE,FALSE
pha_cya,zei_gri,z_within,115,0.01602392700605844,0.8650328092510109,-0.004222701216340594,0.9642755480609382,59,5,1,CZ,0.9163700679602698,0.9821122193086984,FALSE,FALSE
pis_pin,pit_bid,z_within,46,0.19448329595289696,0.19526631690475463,0.3176541377060025,0.03146004410374883,34,2,1,DE,0.308451659889369,0.07968762144331855,FALSE,FALSE
pis_pin,pit_cha,z_within,92,0.4802395792257351,1.2696670628270585e-6,0.5724490152095814,2.4950001473184817e-9,66,4,2,"DE,LT",1.147521877036101e-5,4.443904587097158e-8,FALSE,FALSE
pis_pin,pit_spp,z_within,0,NA,NA,NA,NA,0,0,0,,NA,NA,TRUE,FALSE
pis_pin,pol_pol,z_within,23,0.5437025759288647,0.007327091214696604,0.658882779443589,6.286083688551445e-4,17,1,1,LT,0.021533678770223347,0.0027877414618793363,FALSE,FALSE
pis_pin,pri_abi,z_within,23,-0.3520669946580844,0.09944822523715541,-0.14794983283130053,0.5005043714019137,14,1,1,DE,0.18253478873863485,0.6454095221300362,FALSE,FALSE
pis_pin,sap_car,z_within,0,NA,NA,NA,NA,0,0,0,,NA,NA,TRUE,FALSE
pis_pin,sco_int,z_within,46,0.24414998550878148,0.10201004447941767,0.20911891744558161,0.1630892306360599,31,2,1,DE,0.18580400958751075,0.27593770301930515,FALSE,FALSE
pis_pin,sco_rat,z_within,69,0.4016950613299932,6.237295915931808e-4,0.3375059999277297,0.004567596242742458,41,3,2,"DE,LT",0.0028008989207391893,0.015337444767860938,FALSE,FALSE
pis_pin,sco_sco,z_within,23,0.41402249621824394,0.04952875550193221,0.2597889174695436,0.2312623314633987,13,1,1,DE,0.10847709027110305,0.36290396629641025,FALSE,FALSE
pis_pin,tet_gab,z_within,69,0.6160741347720833,1.7523971190386096e-8,0.4614013882981771,6.600023438498322e-5,24,3,1,DE,2.3607764962142776e-7,3.740013281815716e-4,FALSE,FALSE
pis_pin,tet_spp,z_within,23,0.9633387512191842,1.7826078008290365e-13,0.9879918031276096,1.615541986205519e-18,6,1,1,DE,4.412859414713026e-12,7.209356113442128e-17,FALSE,FALSE
pis_pin,tha_pit,z_within,23,-0.15133556560130884,0.4906394679459021,-0.09892632278194816,0.6533733391530681,8,1,1,DE,0.614590491426972,0.7601304652671312,FALSE,FALSE
pis_pin,tha_pro,z_within,23,0.12434905166894965,0.5718683639779591,-0.03571116242558167,0.8714909313996183,13,1,1,DE,0.6897196146626061,0.9195591096748414,FALSE,FALSE
pis_pin,tom_spp,z_within,92,0.4404941022684422,1.1119653754254755e-5,0.5296337232672949,5.6796684265663725e-8,66,4,2,"DE,LT",7.939432780537894e-5,7.3732422846698e-7,FALSE,FALSE
pis_pin,tor_vir,z_within,69,0.19866832408559867,0.10174085666655369,0.20121004441833595,0.09734877598450459,45,3,2,"DE,LT",0.18578765130414152,0.18836592426269994,FALSE,FALSE
pis_pin,uro_sir_spp,z_within,0,NA,NA,NA,NA,0,0,0,,NA,NA,TRUE,FALSE
pis_pin,xyl_lin,z_within,46,0.042656941710248926,0.778342647553352,0.045095621360623374,0.7660179815072712,41,2,1,DE,0.853666129574644,0.8488139261709136,FALSE,FALSE
pis_pin,xyl_spp,z_within,46,0.16299341396439576,0.27911495945135395,0.2118753920151313,0.1574887525152669,40,2,1,DE,0.4177947191787562,0.26901188826770467,FALSE,FALSE
pis_pin,zei_gri,z_within,0,NA,NA,NA,NA,0,0,0,,NA,NA,TRUE,FALSE
pit_bid,pit_cha,z_within,69,0.38563274538972936,0.001066589664993006,0.4531440190545899,9.234931990285817e-5,57,3,1,DE,0.004270322416657219,5.056083291133355e-4,FALSE,FALSE
pit_bid,pit_spp,z_within,0,NA,NA,NA,NA,0,0,0,,NA,NA,TRUE,FALSE
pit_bid,pol_pol,z_within,0,NA,NA,NA,NA,0,0,0,,NA,NA,TRUE,FALSE
pit_bid,pri_abi,z_within,46,-0.051174611594868774,0.7355496234001917,-0.010177722328918531,0.9464776958616226,25,2,1,DE,0.8167689441799951,0.9751238123510462,FALSE,FALSE
pit_bid,sap_car,z_within,0,NA,NA,NA,NA,0,0,0,,NA,NA,TRUE,FALSE
pit_bid,sco_int,z_within,69,0.33740411554132177,0.004580629030333392,0.32958266051667184,0.005684834117569615,37,3,1,DE,0.014535862789591299,0.0182836556754266,FALSE,FALSE
pit_bid,sco_rat,z_within,46,0.47539296437914524,8.415136496869734e-4,0.5180982047263581,2.260442681222872e-4,29,2,1,DE,0.0035978487777035867,0.0011446496981511564,FALSE,FALSE
pit_bid,sco_sco,z_within,23,0.049002518935120025,0.8242864689322347,0.07887661206934177,0.7205365575192143,10,1,1,DE,0.8850233666430309,0.8179063625893783,FALSE,FALSE
pit_bid,tet_gab,z_within,46,0.3368427841219818,0.022076279449195314,0.3357749657662028,0.02252816717147524,17,2,1,DE,0.05652001661444794,0.06069853343559743,FALSE,FALSE
pit_bid,tet_spp,z_within,0,NA,NA,NA,NA,0,0,0,,NA,NA,TRUE,FALSE
pit_bid,tha_pit,z_within,23,0.20749572935287808,0.34210441878499165,0.20825333720544723,0.3403052329970564,7,1,1,DE,0.4846479266120715,0.48888920796760216,FALSE,FALSE
pit_bid,tha_pro,z_within,23,-0.17023151841657036,0.4374138343975492,-0.15618017052467248,0.47669430722426154,10,1,1,DE,0.5781316336066821,0.6199630880840122,FALSE,FALSE
pit_bid,tom_spp,z_within,69,0.3512330399658951,0.003084774572049757,0.3404158253955944,0.00420896881761956,58,3,1,DE,0.010589081944440032,0.014310493979906504,FALSE,FALSE
pit_bid,tor_vir,z_within,69,0.0013299146164498657,0.9913468853282068,-0.002481506708767509,0.9838547972344848,50,3,1,DE,0.9941315675903648,0.9910115065834718,FALSE,FALSE
pit_bid,uro_sir_spp,z_within,0,NA,NA,NA,NA,0,0,0,,NA,NA,TRUE,FALSE
pit_bid,xyl_lin,z_within,69,0.0684975258306558,0.5759938307428654,0.06699868018459049,0.5843919064893508,57,3,1,DE,0.692356220791929,0.7133508618377576,FALSE,FALSE
pit_bid,xyl_spp,z_within,69,0.2720985426531878,0.023710545139162313,0.35506010873601307,0.002756468576701645,56,3,1,DE,0.05961031418789398,0.010092915711615254,FALSE,FALSE
pit_bid,zei_gri,z_within,0,NA,NA,NA,NA,0,0,0,,NA,NA,TRUE,FALSE
pit_cha,pit_spp,z_within,239,0.36571369969693607,5.63418542990994e-9,0.38639432766788295,6.248067956163363e-10,196,11,3,"AT,DE,SI",8.939574215457105e-8,1.2057082488380112e-8,FALSE,FALSE
pit_cha,pol_pol,z_within,23,0.6183597328246233,0.0016610956737812207,0.7674337048810539,1.923505582280193e-5,17,1,1,LT,0.006177199536873915,1.2956443261774128e-4,FALSE,FALSE
pit_cha,pri_abi,z_within,69,-0.1143572140736413,0.3494572248356501,-0.13104825359880282,0.28312820930541116,37,3,1,DE,0.49225487126134876,0.427412768272611,FALSE,FALSE
pit_cha,sap_car,z_within,0,NA,NA,NA,NA,0,0,0,,NA,NA,TRUE,FALSE
pit_cha,sco_int,z_within,115,0.23777226284391942,0.010504141579056405,0.21130264129009652,0.02339792889954264,56,5,1,DE,0.02918271240251468,0.062336273262214345,FALSE,FALSE
pit_cha,sco_rat,z_within,69,0.22946722054942303,0.05787167458955841,0.2512687691936995,0.03728732328316793,42,3,2,"DE,LT",0.12297730850281162,0.09024796211587086,FALSE,FALSE
pit_cha,sco_sco,z_within,23,0.010626257986103333,0.9616198589679688,-0.07437329994372328,0.7359220601588309,13,1,1,DE,0.9767259019411887,0.8300921816009562,FALSE,FALSE
pit_cha,tet_gab,z_within,222,0.3044474725501062,3.824140099452355e-6,0.2869957725395805,1.4008435461911729e-5,146,10,2,"AT,DE",3.174925617452304e-5,1.0002022919804973e-4,FALSE,FALSE
pit_cha,tet_spp,z_within,115,0.2491309987158769,0.007254744975619925,0.32463356440758234,4.006647704171951e-4,62,5,1,DE,0.021493310840633304,0.0018862424499020642,FALSE,FALSE
pit_cha,tha_pit,z_within,23,0.415623705184031,0.04856663228718697,0.48265665630669563,0.01966484149562658,11,1,1,DE,0.10735515710320036,0.054421305534408444,FALSE,FALSE
pit_cha,tha_pro,z_within,138,-0.08893277688124974,0.2996064283986868,-0.044553713916700245,0.6038411427160097,82,6,1,DE,0.4374621469870396,0.7254800508902046,FALSE,FALSE
pit_cha,tom_spp,z_within,400,0.3430287788632872,1.7350164514376223e-12,0.38051459340104155,3.1441680868851337e-15,319,18,3,"AT,DE,LT",3.871255457270195e-11,9.353900058483272e-14,FALSE,FALSE
pit_cha,tor_vir,z_within,184,0.1280375194977692,0.08325828326332135,0.08769745221496336,0.23650748668199711,106,8,2,"DE,LT",0.16110139363146733,0.36710075106727375,FALSE,FALSE
pit_cha,uro_sir_spp,z_within,23,-0.011690642100464249,0.9577786693940609,0.16891906345815116,0.4410078986949707,8,1,1,DE,0.9755406133343216,0.5854416547743259,FALSE,FALSE
pit_cha,xyl_lin,z_within,184,0.12272794608780976,0.0969752221318689,0.1615508284054372,0.028461942372769024,131,8,1,DE,0.18078409556698277,0.07336399586338298,FALSE,FALSE
pit_cha,xyl_spp,z_within,161,0.23872355879979554,0.002290867897278016,0.2821402239480538,2.878303125662042e-4,106,7,1,DE,0.008057535362839919,0.001417316159808757,FALSE,FALSE
pit_cha,zei_gri,z_within,0,NA,NA,NA,NA,0,0,0,,NA,NA,TRUE,FALSE
pit_spp,pol_pol,z_within,138,0.04262733410255874,0.6195919994231754,0.02378393488714464,0.7818601497242028,112,6,1,CZ,0.7254868876283967,0.857452247903161,FALSE,FALSE
pit_spp,pri_abi,z_within,161,-0.4832371382481273,8.430446195914366e-11,-0.5112987960802579,4.1866856508337214e-12,87,7,2,"CZ,DE",1.7198110239665307e-9,9.058465317258416e-11,FALSE,FALSE
pit_spp,sap_car,z_within,0,NA,NA,NA,NA,0,0,0,,NA,NA,TRUE,FALSE
pit_spp,sco_int,z_within,184,0.18908442564774783,0.010151707632074484,0.2527030063419457,5.385472965556913e-4,87,8,2,"CZ,DE",0.02835911293571632,0.002433688416080782,FALSE,FALSE
pit_spp,sco_rat,z_within,138,0.4087359718789396,6.456384599975577e-7,0.4271681267969016,1.7410519170492992e-7,67,6,1,CZ,6.22953865457103e-6,1.9731921726558724e-6,FALSE,FALSE
pit_spp,sco_sco,z_within,0,NA,NA,NA,NA,0,0,0,,NA,NA,TRUE,FALSE
pit_spp,tet_gab,z_within,130,0.18256576146288664,0.037619953992808354,0.05451671907934519,0.5378673138495036,103,6,2,"AT,DE",0.08749396466079859,0.6737495826114834,FALSE,FALSE
pit_spp,tet_spp,z_within,46,0.40800470316995,0.0048823395491548426,0.21677634978453422,0.147880831722281,33,2,1,DE,0.015156480165637205,0.25815871356896974,FALSE,FALSE
pit_spp,tha_pit,z_within,23,0.0395373576969938,0.8578514096682792,0.3557312252964427,0.09573462668647775,23,1,1,HR,0.9114671227725467,0.18625210750448262,FALSE,FALSE
pit_spp,tha_pro,z_within,69,0.10916636361351947,0.37190523609560755,0.3706638978062646,0.0017173235957182675,47,3,1,DE,0.5146130592485733,0.0065570537291061125,FALSE,FALSE
pit_spp,tom_spp,z_within,333,0.3310253451645246,5.887781933468005e-10,0.3703960658483114,2.8765575459953414e-12,283,15,3,"AT,CZ,DE",1.050969075124039e-8,6.418319024502105e-11,FALSE,FALSE
pit_spp,tor_vir,z_within,23,-0.4413855673304854,0.034994648610925515,-0.4452170347832921,0.03326264037951951,18,1,1,DE,0.08252812182298942,0.08246362927422544,FALSE,FALSE
pit_spp,uro_sir_spp,z_within,0,NA,NA,NA,NA,0,0,0,,NA,NA,TRUE,FALSE
pit_spp,xyl_lin,z_within,23,-0.012080118272193973,0.9563733356805436,-0.066501856173116,0.7630486619019349,22,1,1,DE,0.9755008023941545,0.8488139261709136,FALSE,FALSE
pit_spp,xyl_spp,z_within,46,0.1715767476436388,0.2542262347700147,0.2984860578135117,0.04391428183228206,27,2,1,DE,0.3878579735593814,0.10195511698524656,FALSE,FALSE
pit_spp,zei_gri,z_within,115,0.06324451749565309,0.5019113147670456,0.08636023440420078,0.35877111408903506,53,5,1,CZ,0.6243287086126665,0.509269533716841,FALSE,FALSE
pol_pol,pri_abi,z_within,161,-0.037121419679986355,0.6401356820805636,-0.04598228699562621,0.56244737764031,87,7,1,CZ,0.7383794458893739,0.6984129176264025,FALSE,FALSE
pol_pol,sap_car,z_within,0,NA,NA,NA,NA,0,0,0,,NA,NA,TRUE,FALSE
pol_pol,sco_int,z_within,161,0.12083174465329687,0.12680166988095493,0.09573282912265352,0.22703755614498108,83,7,1,CZ,0.21921644623487124,0.3578472739238775,FALSE,FALSE
pol_pol,sco_rat,z_within,184,0.14206802679529507,0.054387092590277325,0.10553262319938242,0.15394251067757764,77,8,2,"CZ,LT",0.1166137660944685,0.2661564951663687,FALSE,FALSE
pol_pol,sco_sco,z_within,0,NA,NA,NA,NA,0,0,0,,NA,NA,TRUE,FALSE
pol_pol,tet_gab,z_within,0,NA,NA,NA,NA,0,0,0,,NA,NA,TRUE,FALSE
pol_pol,tet_spp,z_within,0,NA,NA,NA,NA,0,0,0,,NA,NA,TRUE,FALSE
pol_pol,tha_pit,z_within,0,NA,NA,NA,NA,0,0,0,,NA,NA,TRUE,FALSE
pol_pol,tha_pro,z_within,0,NA,NA,NA,NA,0,0,0,,NA,NA,TRUE,FALSE
pol_pol,tom_spp,z_within,207,0.12900187849990705,0.06395078567005326,0.1453992588563687,0.03658323299740484,151,9,2,"CZ,LT",0.13273506095470358,0.08884499442226888,FALSE,FALSE
pol_pol,tor_vir,z_within,23,0.3738754014462137,0.07884490221442515,0.4323213596802483,0.03937630575447397,13,1,1,LT,0.15423358953725907,0.09430909654147994,FALSE,FALSE
pol_pol,uro_sir_spp,z_within,0,NA,NA,NA,NA,0,0,0,,NA,NA,TRUE,FALSE
pol_pol,xyl_lin,z_within,0,NA,NA,NA,NA,0,0,0,,NA,NA,TRUE,FALSE
pol_pol,xyl_spp,z_within,0,NA,NA,NA,NA,0,0,0,,NA,NA,TRUE,FALSE
pol_pol,zei_gri,z_within,115,-0.09622088382013692,0.3063279089105856,-0.1300725942371642,0.16589078443724403,52,5,1,CZ,0.44274924486266826,0.27935382096271755,FALSE,FALSE
pri_abi,sap_car,z_within,0,NA,NA,NA,NA,0,0,0,,NA,NA,TRUE,FALSE
pri_abi,sco_int,z_within,184,-0.2687821141963325,2.2494751429580129e-4,-0.29907411121410005,3.723791107650364e-5,65,8,2,"CZ,DE",0.0011472323229085866,2.2920576300537583e-4,FALSE,FALSE
pri_abi,sco_rat,z_within,161,-0.3502768726724288,5.237651152843561e-6,-0.3806544405310292,6.320838795409582e-7,59,7,2,"CZ,DE",4.0848324317007636e-5,6.182299862907454e-6,FALSE,FALSE
pri_abi,sco_sco,z_within,0,NA,NA,NA,NA,0,0,0,,NA,NA,TRUE,FALSE
pri_abi,tet_gab,z_within,23,-0.3506888112033713,0.10087216235898067,-0.3304273735575649,0.12357806534481607,4,1,1,DE,0.18467365108797998,0.2274091202479347,FALSE,FALSE
pri_abi,tet_spp,z_within,0,NA,NA,NA,NA,0,0,0,,NA,NA,TRUE,FALSE
pri_abi,tha_pit,z_within,0,NA,NA,NA,NA,0,0,0,,NA,NA,TRUE,FALSE
pri_abi,tha_pro,z_within,23,-0.31343359344051436,0.14529834180168116,-0.3177199094567466,0.1395814389830952,7,1,1,DE,0.2417163477598252,0.24668600849982666,FALSE,FALSE
pri_abi,tom_spp,z_within,230,-0.20377852168883603,0.0018946032599505085,-0.18725358891124522,0.0043771779744899,136,10,2,"CZ,DE",0.006937162705664939,0.014811872387610371,FALSE,FALSE
pri_abi,tor_vir,z_within,69,-0.0846394265960601,0.48927278529262985,-0.13517286013423618,0.26811711603255417,36,3,1,DE,0.6139556567643897,0.4073098315898802,FALSE,FALSE
pri_abi,uro_sir_spp,z_within,0,NA,NA,NA,NA,0,0,0,,NA,NA,TRUE,FALSE
pri_abi,xyl_lin,z_within,69,0.10818500157029771,0.3762452887937089,0.0683878560590382,0.5766064212749765,37,3,1,DE,0.518608371039977,0.7086006622897302,FALSE,FALSE
pri_abi,xyl_spp,z_within,69,0.10564548244339586,0.3876172505729404,0.06502615869696525,0.5955280500897542,38,3,1,DE,0.5291753669389665,0.7194704361490432,FALSE,FALSE
pri_abi,zei_gri,z_within,115,-0.3461825417346922,1.5082157539151488e-4,-0.3060227488234864,8.808665113196626e-4,47,5,1,CZ,7.976785542929009e-4,0.003743682673108566,FALSE,FALSE
sap_car,sco_int,z_within,0,NA,NA,NA,NA,0,0,0,,NA,NA,TRUE,FALSE
sap_car,sco_rat,z_within,0,NA,NA,NA,NA,0,0,0,,NA,NA,TRUE,FALSE
sap_car,sco_sco,z_within,0,NA,NA,NA,NA,0,0,0,,NA,NA,TRUE,FALSE
sap_car,tet_gab,z_within,0,NA,NA,NA,NA,0,0,0,,NA,NA,TRUE,FALSE
sap_car,tet_spp,z_within,0,NA,NA,NA,NA,0,0,0,,NA,NA,TRUE,FALSE
sap_car,tha_pit,z_within,0,NA,NA,NA,NA,0,0,0,,NA,NA,TRUE,FALSE
sap_car,tha_pro,z_within,0,NA,NA,NA,NA,0,0,0,,NA,NA,TRUE,FALSE
sap_car,tom_spp,z_within,0,NA,NA,NA,NA,0,0,0,,NA,NA,TRUE,FALSE
sap_car,tor_vir,z_within,0,NA,NA,NA,NA,0,0,0,,NA,NA,TRUE,FALSE
sap_car,uro_sir_spp,z_within,0,NA,NA,NA,NA,0,0,0,,NA,NA,TRUE,FALSE
sap_car,xyl_lin,z_within,0,NA,NA,NA,NA,0,0,0,,NA,NA,TRUE,FALSE
sap_car,xyl_spp,z_within,0,NA,NA,NA,NA,0,0,0,,NA,NA,TRUE,FALSE
sap_car,zei_gri,z_within,0,NA,NA,NA,NA,0,0,0,,NA,NA,TRUE,FALSE
sco_int,sco_rat,z_within,207,0.4825830690397753,1.7923378575164954e-13,0.4763417278284805,4.025407991759939e-13,91,9,2,"CZ,DE",4.412859414713026e-12,9.580471020388654e-12,FALSE,FALSE
sco_int,sco_sco,z_within,23,0.07792510033316058,0.723778886490956,-0.013435158623623619,0.9514849943268735,12,1,1,DE,0.8087294600227583,0.9758408864643318,FALSE,FALSE
sco_int,tet_gab,z_within,92,0.1835158941243197,0.07993561052990147,0.1717270531851526,0.10166994785356442,28,4,1,DE,0.15588440141086501,0.19461754093148792,FALSE,FALSE
sco_int,tet_spp,z_within,46,-0.2272312059874127,0.128841064255343,-0.22213815940201292,0.1378724776658845,10,2,1,DE,0.22113586509210312,0.24427034504576065,FALSE,FALSE
sco_int,tha_pit,z_within,23,0.08789146246312574,0.6900555876027956,0.1330835511861911,0.54494234522135,10,1,1,DE,0.7830981183218861,0.6790381055637765,FALSE,FALSE
sco_int,tha_pro,z_within,69,0.178509758224052,0.14222922306981442,0.14084736858185784,0.24835363811831454,25,3,1,DE,0.23950864450907428,0.3817425280814661,FALSE,FALSE
sco_int,tom_spp,z_within,276,0.17792672722858632,0.003014756418604105,0.19160666369726567,0.0013816941451823873,145,12,2,"CZ,DE",0.010398725038083725,0.0055458977611325495,FALSE,FALSE
sco_int,tor_vir,z_within,69,-0.013060358829567973,0.9151776772326331,-0.02228988197072189,0.8557446544133509,34,3,1,DE,0.9470099442668116,0.9119428108225859,FALSE,FALSE
sco_int,uro_sir_spp,z_within,0,NA,NA,NA,NA,0,0,0,,NA,NA,TRUE,FALSE
sco_int,xyl_lin,z_within,69,-0.09634779448595017,0.4309666895906109,-0.03852502637942834,0.7533058564996229,43,3,1,DE,0.5730171626958961,0.8430413503773209,FALSE,FALSE
sco_int,xyl_spp,z_within,92,-0.0036766147451556606,0.9722529384970493,0.05085056625120347,0.6302433223694142,41,4,1,DE,0.984306328805986,0.7437912928458872,FALSE,FALSE
sco_int,zei_gri,z_within,115,0.08450514624588287,0.3692258323646753,0.05849537732432602,0.5346178126515624,37,5,1,CZ,0.5137345134090241,0.6720371799880556,FALSE,FALSE
sco_rat,sco_sco,z_within,23,0.026088432109443085,0.9059423626087366,-0.03875526526045275,0.8606363250590783,12,1,1,DE,0.9435876451481037,0.9157888764414037,FALSE,FALSE
sco_rat,tet_gab,z_within,46,0.3591137245759183,0.014247176774086278,0.2934667253835204,0.047767070325857884,17,2,1,DE,0.038532137184460614,0.10861684144160041,FALSE,FALSE
sco_rat,tet_spp,z_within,0,NA,NA,NA,NA,0,0,0,,NA,NA,TRUE,FALSE
sco_rat,tha_pit,z_within,23,0.3376629381122109,0.1150819113558478,0.3949748768136355,0.06214434044680684,9,1,1,DE,0.20490893942163424,0.13364776831030145,FALSE,FALSE
sco_rat,tha_pro,z_within,23,0.05706765247403589,0.7959170375837911,-0.02651515601740208,0.9044106642432983,12,1,1,DE,0.8662877512726018,0.9411507632704026,FALSE,FALSE
sco_rat,tom_spp,z_within,230,0.35077954844560505,4.6158141668597586e-8,0.3145943669652883,1.1201549491499903e-6,121,10,3,"CZ,DE,LT",5.585917483284521e-7,1.0523560969645961e-5,FALSE,FALSE
sco_rat,tor_vir,z_within,69,0.20450588384018656,0.09187581060929573,0.16414656011187823,0.17773688492462392,32,3,2,"DE,LT",0.17308530019798718,0.29650499027145205,FALSE,FALSE
sco_rat,uro_sir_spp,z_within,0,NA,NA,NA,NA,0,0,0,,NA,NA,TRUE,FALSE
sco_rat,xyl_lin,z_within,46,0.03881131142437299,0.7978865209747247,-0.039580841937126146,0.793965474023882,35,2,1,DE,0.867109552474815,0.8681337648591909,FALSE,FALSE
sco_rat,xyl_spp,z_within,46,0.13798996148219922,0.3604423258089602,0.18961697090504495,0.20689867332818393,33,2,1,DE,0.5046192561325442,0.33346648477725355,FALSE,FALSE
sco_rat,zei_gri,z_within,115,0.01409906227149274,0.8811186214088949,0.019143673797636433,0.839081142723501,36,5,1,CZ,0.9265371070485287,0.9024285679448513,FALSE,FALSE
sco_sco,tet_gab,z_within,23,0.18347073962182978,0.402045463764538,0.14425884916697934,0.5113685212484447,7,1,1,DE,0.5447067573584062,0.6508326634071114,FALSE,FALSE
sco_sco,tet_spp,z_within,0,NA,NA,NA,NA,0,0,0,,NA,NA,TRUE,FALSE
sco_sco,tha_pit,z_within,23,-0.10807205026320002,0.6235441310604128,-0.10683526511001214,0.6275459784064548,5,1,1,DE,0.7274681529038151,0.7418341532818025,FALSE,FALSE
sco_sco,tha_pro,z_within,23,0.47638023208144875,0.02156006255675731,0.5194712070519298,0.01107406542249674,10,1,1,DE,0.05597776242008988,0.03322219626749022,FALSE,FALSE
sco_sco,tom_spp,z_within,23,0.16733234168754452,0.4453738715575828,0.08104748326492602,0.7131566769322757,13,1,1,DE,0.5840716952039823,0.8134087337534263,FALSE,FALSE
sco_sco,tor_vir,z_within,23,0.152216247217318,0.4880894285323244,0.20067484340229785,0.35855547742117877,8,1,1,DE,0.6139556567643897,0.509269533716841,FALSE,FALSE
sco_sco,uro_sir_spp,z_within,0,NA,NA,NA,NA,0,0,0,,NA,NA,TRUE,FALSE
sco_sco,xyl_lin,z_within,23,-0.010610064833943899,0.9616783040121228,-0.0480208830812983,0.8277547201300024,13,1,1,DE,0.9767259019411887,0.8954801063224571,FALSE,FALSE
sco_sco,xyl_spp,z_within,23,-0.2323892493164272,0.28595255644224876,0.0144543282255919,0.9478094198482157,12,1,1,DE,0.4231823928418732,0.9751238123510462,FALSE,FALSE
sco_sco,zei_gri,z_within,0,NA,NA,NA,NA,0,0,0,,NA,NA,TRUE,FALSE
tet_gab,tet_spp,z_within,92,0.4774196564351557,1.4945736288020418e-6,0.5414843624258449,2.4974355275652294e-8,58,4,1,DE,1.3339069637058224e-5,3.496409738591321e-7,FALSE,FALSE
tet_gab,tha_pit,z_within,23,-0.2561056600274978,0.23818124677406105,-0.27512444135096914,0.20388518262353186,3,1,1,DE,0.369275587442838,0.3301948453750265,FALSE,FALSE
tet_gab,tha_pro,z_within,92,-0.052936475410409786,0.6162598063543419,-0.07702231972126712,0.4655392090163428,56,4,1,DE,0.7254868876283967,0.6065602102877167,FALSE,FALSE
tet_gab,tom_spp,z_within,222,0.1151451072087716,0.08696378398992811,0.1271416383053533,0.05857680969412234,142,10,2,"AT,DE",0.16602176943531732,0.12751171378537607,FALSE,FALSE
tet_gab,tor_vir,z_within,46,0.2478399230575082,0.09677480370945944,0.3022140024976767,0.041219858364609695,16,2,1,DE,0.18078409556698277,0.09810326290777106,FALSE,FALSE
tet_gab,uro_sir_spp,z_within,23,0.4737441393866635,0.02239870561072812,0.4838548334861953,0.019318841308062024,10,1,1,DE,0.057116699307356696,0.053671800365588655,FALSE,FALSE
tet_gab,xyl_lin,z_within,69,0.23904525539821692,0.047910221880950045,0.3184323592358836,0.007662882567723348,36,3,1,DE,0.10623570938819359,0.02379458482157627,FALSE,FALSE
tet_gab,xyl_spp,z_within,92,0.1693412376354018,0.1065851448750715,0.15793630618943058,0.1326808748107496,32,4,1,DE,0.19121053628341972,0.23742893387186773,FALSE,FALSE
tet_gab,zei_gri,z_within,0,NA,NA,NA,NA,0,0,0,,NA,NA,TRUE,FALSE
tet_spp,tha_pit,z_within,0,NA,NA,NA,NA,0,0,0,,NA,NA,TRUE,FALSE
tet_spp,tha_pro,z_within,69,-0.07057943015016668,0.5644221548424451,0.003355428582788272,0.9781700846439442,48,3,1,DE,0.6835536452829506,0.9892541649231956,FALSE,FALSE
tet_spp,tom_spp,z_within,92,0.19593475473542965,0.061229901307994904,0.26857211816887455,0.009637351005260494,51,4,1,DE,0.12934363767428508,0.029281143054280822,FALSE,FALSE
tet_spp,tor_vir,z_within,23,0.03303244087018715,0.8810613173637281,0.015044382455995852,0.9456818900270764,2,1,1,DE,0.9265371070485287,0.9751238123510462,FALSE,FALSE
tet_spp,uro_sir_spp,z_within,23,0.32041583405020047,0.13606894164944303,0.3701959994618573,0.08207355656596783,9,1,1,DE,0.23076775377126443,0.16553819036186732,FALSE,FALSE
tet_spp,xyl_lin,z_within,46,0.3789907872383582,0.00939346452987983,0.3245435990939831,0.027769351179705005,24,2,1,DE,0.026509619266143078,0.07222932063125193,FALSE,FALSE
tet_spp,xyl_spp,z_within,46,-0.10459755015067808,0.48906741154067446,-0.11538900727736788,0.4450910028448053,13,2,1,DE,0.6139556567643897,0.5889711733918153,FALSE,FALSE
tet_spp,zei_gri,z_within,0,NA,NA,NA,NA,0,0,0,,NA,NA,TRUE,FALSE
tha_pit,tha_pro,z_within,23,0.1005071363815457,0.6481789851899,0.1750630000157196,0.42431870363452984,7,1,1,DE,0.7452492679961169,0.5770734369429606,FALSE,FALSE
tha_pit,tom_spp,z_within,23,0.42526525436470464,0.043076729746003885,0.414874252913755,0.049015132370827316,11,1,1,DE,0.09702455848153557,0.11040001423586975,FALSE,FALSE
tha_pit,tor_vir,z_within,41,-0.2553699518564751,0.10708309032424887,-0.4205745549719309,0.006181906237243887,9,2,2,"BG,DE",0.19162237215918218,0.019704826131214888,FALSE,FALSE
tha_pit,uro_sir_spp,z_within,0,NA,NA,NA,NA,0,0,0,,NA,NA,TRUE,FALSE
tha_pit,xyl_lin,z_within,23,-0.879837319677754,3.1750010093619157e-8,-0.8534528877863885,2.260742037717979e-7,11,1,1,DE,3.977106527516505e-7,2.483338176816365e-6,FALSE,FALSE
tha_pit,xyl_spp,z_within,23,-0.6727864719718979,4.355701381320511e-4,-0.7352404713799752,6.420564790541848e-5,10,1,1,DE,0.002073313857508563,3.6674266083575036e-4,FALSE,FALSE
tha_pit,zei_gri,z_within,0,NA,NA,NA,NA,0,0,0,,NA,NA,TRUE,FALSE
tha_pro,tom_spp,z_within,138,-0.06374207310101736,0.4576363554396584,-0.010726901996412068,0.9006265080131989,82,6,1,DE,0.5940951959707566,0.9387552214911299,FALSE,FALSE
tha_pro,tor_vir,z_within,69,0.24829620155578053,0.03967088952407368,0.1942201775567228,0.10979647170003197,28,3,1,DE,0.09137101651673744,0.20630179156269166,FALSE,FALSE
tha_pro,uro_sir_spp,z_within,23,0.42959403267400875,0.04077574983140119,0.4186165119531149,0.046807355171104924,10,1,1,DE,0.09284150543524855,0.10711683202618241,FALSE,FALSE
tha_pro,xyl_lin,z_within,92,0.07933138828386449,0.45223029137426984,0.08475804299681758,0.42180016288202116,57,4,1,DE,0.5897780895436517,0.5747429700338991,FALSE,FALSE
tha_pro,xyl_spp,z_within,115,0.0629966062124605,0.5035924018201436,0.11221649131857143,0.23247126842981694,50,5,1,DE,0.6253303911297088,0.3632045638050094,FALSE,FALSE
tha_pro,zei_gri,z_within,0,NA,NA,NA,NA,0,0,0,,NA,NA,TRUE,FALSE
tom_spp,tor_vir,z_within,341,0.20594219135010958,1.280714432596255e-4,0.1904440002341738,4.0580563389918767e-4,159,16,3,"DE,LT,PL",6.875414322358843e-4,0.0018876469442179703,FALSE,FALSE
tom_spp,uro_sir_spp,z_within,23,-0.0044791034624583285,0.9838175233564548,-0.026194661477154508,0.9055610285248832,10,1,1,DE,0.9916476625495261,0.9411507632704026,FALSE,FALSE
tom_spp,xyl_lin,z_within,161,0.29769533139355514,1.254507397401638e-4,0.31850248537871684,3.8282789121443026e-5,126,7,1,DE,6.785744558672497e-4,2.3362317463854974e-4,FALSE,FALSE
tom_spp,xyl_spp,z_within,161,0.10674725992947376,0.17773194311753224,0.17893386990845658,0.02314175034764607,107,7,1,DE,0.2884104713316319,0.06211732988052366,FALSE,FALSE
tom_spp,zei_gri,z_within,115,0.001479333620512823,0.9874810757320911,0.04070422095984414,0.6658034004469077,61,5,1,CZ,0.9916476625495261,0.7679864748289048,FALSE,FALSE
tor_vir,uro_sir_spp,z_within,0,NA,NA,NA,NA,0,0,0,,NA,NA,TRUE,FALSE
tor_vir,xyl_lin,z_within,161,0.3736762341652545,1.0473677648489958e-6,0.4342315560839338,8.66802816265161e-9,88,7,1,DE,9.839744527660303e-6,1.3454287191594021e-7,FALSE,FALSE
tor_vir,xyl_spp,z_within,115,0.30512454521116483,9.13838232396929e-4,0.45384189572806555,3.505297982591453e-7,78,5,1,DE,0.0038156754264994574,3.618932772820917e-6,FALSE,FALSE
tor_vir,zei_gri,z_within,0,NA,NA,NA,NA,0,0,0,,NA,NA,TRUE,FALSE
uro_sir_spp,xyl_lin,z_within,23,0.3036850576752008,0.15891462552326344,0.1637166342322157,0.45540742699759484,10,1,1,DE,0.260240923448647,0.5988230255548485,FALSE,FALSE
uro_sir_spp,xyl_spp,z_within,23,0.08602611024572929,0.6963264048515959,0.1301596925604911,0.5538904904468619,5,1,1,DE,0.7854297836714684,0.6889857320192673,FALSE,FALSE
uro_sir_spp,zei_gri,z_within,0,NA,NA,NA,NA,0,0,0,,NA,NA,TRUE,FALSE
xyl_lin,xyl_spp,z_within,138,0.522147261264667,5.1003559452925405e-11,0.6393728202335421,3.1786242685685907e-17,104,6,1,DE,1.0710747485114334e-9,1.134768863878987e-15,FALSE,FALSE
xyl_lin,zei_gri,z_within,0,NA,NA,NA,NA,0,0,0,,NA,NA,TRUE,FALSE
xyl_spp,zei_gri,z_within,0,NA,NA,NA,NA,0,0,0,,NA,NA,TRUE,FALSE
CambXyl_con&BB_con&BO,CambXyl_con&BB_con&SM,detrended,46,0.4324994402883146,0.002683719425198259,0.3951279679309281,0.006573684265956672,13,2,1,DE,0.014299818429787739,0.026368598684792497,FALSE,FALSE
CambXyl_con&BB_con&BO,CambXyl_con&BO,detrended,23,0.03165780052446423,0.8859788951182244,-0.08893280632411067,0.6865633927293344,3,1,1,DE,0.9469894178359464,0.7919325725504762,FALSE,FALSE
CambXyl_con&BB_con&BO,CambXyl_con&MD,detrended,23,0.07506669583567184,0.7335465143662411,0.25790513833992096,0.2347842514259736,8,1,1,DE,0.8545987238652334,0.39724160075389847,FALSE,FALSE
CambXyl_con&BB_con&BO,Def_dec,detrended,0,NA,NA,NA,NA,0,0,0,,NA,NA,TRUE,FALSE
CambXyl_con&BB_con&BO,Def_dec&DB,detrended,151,0.23882571532007177,0.003144878959067919,0.21301847333565707,0.008637589109612381,83,7,2,"AT,DE",0.01598422880770315,0.03244983680842498,FALSE,FALSE
CambXyl_con&BB_con&BO,agr_big,detrended,46,-0.22862313440651244,0.12645178875593252,-0.24933703361085413,0.09471086639423296,21,2,1,DE,0.26477002103148334,0.19976377427543934,FALSE,FALSE
CambXyl_con&BB_con&BO,agr_vir,detrended,46,0.09530606510644601,0.5286653426967882,0.10021584952204748,0.5075466303379417,13,2,1,DE,0.6985867761143041,0.6541436211835526,FALSE,FALSE
CambXyl_con&BB_con&BO,bup_pin,detrended,0,NA,NA,NA,NA,0,0,0,,NA,NA,TRUE,FALSE
CambXyl_con&BB_con&BO,cep_spp,detrended,0,NA,NA,NA,NA,0,0,0,,NA,NA,TRUE,FALSE
CambXyl_con&BB_con&BO,clo_ana,detrended,0,NA,NA,NA,NA,0,0,0,,NA,NA,TRUE,FALSE
CambXyl_con&BB_con&BO,den_mic,detrended,0,NA,NA,NA,NA,0,0,0,,NA,NA,TRUE,FALSE
CambXyl_con&BB_con&BO,den_pin,detrended,0,NA,NA,NA,NA,0,0,0,,NA,NA,TRUE,FALSE
CambXyl_con&BB_con&BO,dip_sp,detrended,86,-0.27890692447776466,0.00931019193003875,-0.27332421340629276,0.010887228340664298,38,4,2,"AT,DE",0.0379855830745581,0.039062718770021654,FALSE,FALSE
CambXyl_con&BB_con&BO,era_def,detrended,0,NA,NA,NA,NA,0,0,0,,NA,NA,TRUE,FALSE
CambXyl_con&BB_con&BO,geo_db,detrended,23,0.28093236841007263,0.19411317409725204,0.21146245059288535,0.3327466281567707,17,1,1,HR,0.35446753530802544,0.5044184554223659,FALSE,FALSE
CambXyl_con&BB_con&BO,ips_acu,detrended,0,NA,NA,NA,NA,0,0,0,,NA,NA,TRUE,FALSE
CambXyl_con&BB_con&BO,ips_ami,detrended,0,NA,NA,NA,NA,0,0,0,,NA,NA,TRUE,FALSE
CambXyl_con&BB_con&BO,ips_cem,detrended,46,-0.3359863872680743,0.022438085213376743,-0.4424915201973481,0.0020755401240784743,18,2,1,DE,0.0785332982468186,0.01001307870670291,FALSE,FALSE
CambXyl_con&BB_con&BO,ips_dup,detrended,0,NA,NA,NA,NA,0,0,0,,NA,NA,TRUE,FALSE
CambXyl_con&BB_con&BO,ips_sex,detrended,0,NA,NA,NA,NA,0,0,0,,NA,NA,TRUE,FALSE
CambXyl_con&BB_con&BO,ips_typ,detrended,195,-0.12080085365825614,0.09252759983044881,0.04434769942870089,0.538156319410156,153,9,3,"AT,DE,HR",0.21242670829241303,0.6764852324979778,FALSE,FALSE
CambXyl_con&BB_con&BO,lym_dis,detrended,153,0.11471698671087063,0.15794995796141414,0.1157036977470414,0.15438080118747743,69,7,3,"AT,DE,HR",0.30825610404999026,0.293941045460957,FALSE,FALSE
CambXyl_con&BB_con&BO,lym_mon,detrended,0,NA,NA,NA,NA,0,0,0,,NA,NA,TRUE,FALSE
CambXyl_con&BB_con&BO,mel_spp,detrended,46,0.12633542662283312,0.4028021241810579,0.07086031452358926,0.6398126781506206,21,2,1,DE,0.572909794153935,0.7516881622569147,FALSE,FALSE
CambXyl_con&BB_con&BO,neo_ser,detrended,0,NA,NA,NA,NA,0,0,0,,NA,NA,TRUE,FALSE
CambXyl_con&BB_con&BO,ope_spp,detrended,0,NA,NA,NA,NA,0,0,0,,NA,NA,TRUE,FALSE
CambXyl_con&BB_con&BO,pan_fla,detrended,0,NA,NA,NA,NA,0,0,0,,NA,NA,TRUE,FALSE
CambXyl_con&BB_con&BO,pha_cya,detrended,151,0.2692254538714689,8.295376231827101e-4,0.3079295921924016,1.1989175619969445e-4,89,7,2,"AT,DE",0.005750387018955873,9.304642818106722e-4,FALSE,FALSE
CambXyl_con&BB_con&BO,pis_pin,detrended,0,NA,NA,NA,NA,0,0,0,,NA,NA,TRUE,FALSE
CambXyl_con&BB_con&BO,pit_bid,detrended,0,NA,NA,NA,NA,0,0,0,,NA,NA,TRUE,FALSE
CambXyl_con&BB_con&BO,pit_cha,detrended,172,-0.2295591381558139,0.002451647983963154,-0.06495874044568337,0.39721343819218924,133,8,2,"AT,DE",0.013569586515889085,0.5593893389925506,FALSE,FALSE
CambXyl_con&BB_con&BO,pit_spp,detrended,174,0.07147875736733703,0.34861808903256086,0.09960306386856119,0.19099582602188322,131,8,3,"AT,DE,HR",0.5164176671561171,0.34501522806115115,FALSE,FALSE
CambXyl_con&BB_con&BO,pol_pol,detrended,0,NA,NA,NA,NA,0,0,0,,NA,NA,TRUE,FALSE
CambXyl_con&BB_con&BO,pri_abi,detrended,0,NA,NA,NA,NA,0,0,0,,NA,NA,TRUE,FALSE
CambXyl_con&BB_con&BO,sap_car,detrended,0,NA,NA,NA,NA,0,0,0,,NA,NA,TRUE,FALSE
CambXyl_con&BB_con&BO,sco_int,detrended,46,0.4283101156356824,0.0029822622495661766,0.2724020968239284,0.06702859843970917,10,2,1,DE,0.015318958605685253,0.15599370436102183,FALSE,FALSE
CambXyl_con&BB_con&BO,sco_rat,detrended,0,NA,NA,NA,NA,0,0,0,,NA,NA,TRUE,FALSE
CambXyl_con&BB_con&BO,sco_sco,detrended,0,NA,NA,NA,NA,0,0,0,,NA,NA,TRUE,FALSE
CambXyl_con&BB_con&BO,tet_gab,detrended,130,-0.11480185627434268,0.19339363561431933,-0.05824741564134428,0.5103661244920961,85,6,2,"AT,DE",0.35420024256712124,0.6541436211835526,FALSE,FALSE
CambXyl_con&BB_con&BO,tet_spp,detrended,46,-0.2983633816538674,0.04400533003189787,-0.4247301880974406,0.003260159841356599,17,2,1,DE,0.1270404475761014,0.014458100166016221,FALSE,FALSE
CambXyl_con&BB_con&BO,tha_pit,detrended,23,0.0015974755589222016,0.99422818772038,-0.0741106719367589,0.7368224254146725,19,1,1,HR,0.9970209635285834,0.827187439852321,FALSE,FALSE
CambXyl_con&BB_con&BO,tha_pro,detrended,46,0.1854718587180711,0.21718311715392433,0.19210607462226334,0.20088955183786378,18,2,1,DE,0.3876718641197549,0.3568038308762058,FALSE,FALSE
CambXyl_con&BB_con&BO,tom_spp,detrended,172,0.3058028037148184,4.5135881682068616e-5,0.42151251229296516,8.493096471235345e-9,135,8,2,"AT,DE",4.882881745605605e-4,2.33233495402386e-7,FALSE,FALSE
CambXyl_con&BB_con&BO,tor_vir,detrended,0,NA,NA,NA,NA,0,0,0,,NA,NA,TRUE,FALSE
CambXyl_con&BB_con&BO,uro_sir_spp,detrended,0,NA,NA,NA,NA,0,0,0,,NA,NA,TRUE,FALSE
CambXyl_con&BB_con&BO,xyl_lin,detrended,0,NA,NA,NA,NA,0,0,0,,NA,NA,TRUE,FALSE
CambXyl_con&BB_con&BO,xyl_spp,detrended,23,-0.42464064863838236,0.043416961609377885,-0.41106719367588934,0.051343324916349055,1,1,1,DE,0.12601508369551143,0.12641080686301112,FALSE,FALSE
CambXyl_con&BB_con&BO,zei_gri,detrended,0,NA,NA,NA,NA,0,0,0,,NA,NA,TRUE,FALSE
CambXyl_con&BB_con&SM,CambXyl_con&BO,detrended,23,0.25380510903674464,0.2425707369965539,0.2885375494071146,0.18180575482533975,4,1,1,DE,0.4180295598396516,0.3354245709180687,FALSE,FALSE
CambXyl_con&BB_con&SM,CambXyl_con&MD,detrended,23,0.7175122543911333,1.162523335090415e-4,0.6195652173913043,0.0016168374564801112,10,1,1,DE,0.001152835640631328,0.008245871028048567,FALSE,FALSE
CambXyl_con&BB_con&SM,Def_dec,detrended,0,NA,NA,NA,NA,0,0,0,,NA,NA,TRUE,FALSE
CambXyl_con&BB_con&SM,Def_dec&DB,detrended,46,0.4842332795286036,6.499982598123256e-4,0.4524822695035461,0.0015927556568083217,14,2,1,DE,0.004687866237434348,0.00818149308605138,FALSE,FALSE
CambXyl_con&BB_con&SM,agr_big,detrended,46,-0.4198345028569364,0.0036769461076522794,-0.3214924452667283,0.029356772692804033,18,2,1,DE,0.017738780546376537,0.08625817161589333,FALSE,FALSE
CambXyl_con&BB_con&SM,agr_vir,detrended,46,0.2738426683442094,0.06554027239060213,0.20197348134443413,0.17827935568514192,13,2,1,DE,0.1698502442418292,0.33148817697706073,FALSE,FALSE
CambXyl_con&BB_con&SM,bup_pin,detrended,0,NA,NA,NA,NA,0,0,0,,NA,NA,TRUE,FALSE
CambXyl_con&BB_con&SM,cep_spp,detrended,0,NA,NA,NA,NA,0,0,0,,NA,NA,TRUE,FALSE
CambXyl_con&BB_con&SM,clo_ana,detrended,0,NA,NA,NA,NA,0,0,0,,NA,NA,TRUE,FALSE
CambXyl_con&BB_con&SM,den_mic,detrended,0,NA,NA,NA,NA,0,0,0,,NA,NA,TRUE,FALSE
CambXyl_con&BB_con&SM,den_pin,detrended,0,NA,NA,NA,NA,0,0,0,,NA,NA,TRUE,FALSE
CambXyl_con&BB_con&SM,dip_sp,detrended,23,-0.36122493241129394,0.09036091678638465,-0.31521739130434784,0.14289935944636104,1,1,1,DE,0.210119997399374,0.27650445161165793,FALSE,FALSE
CambXyl_con&BB_con&SM,era_def,detrended,0,NA,NA,NA,NA,0,0,0,,NA,NA,TRUE,FALSE
CambXyl_con&BB_con&SM,geo_db,detrended,0,NA,NA,NA,NA,0,0,0,,NA,NA,TRUE,FALSE
CambXyl_con&BB_con&SM,ips_acu,detrended,0,NA,NA,NA,NA,0,0,0,,NA,NA,TRUE,FALSE
CambXyl_con&BB_con&SM,ips_ami,detrended,0,NA,NA,NA,NA,0,0,0,,NA,NA,TRUE,FALSE
CambXyl_con&BB_con&SM,ips_cem,detrended,46,-0.5695659115834945,3.609211443453823e-5,-0.5942028985507246,1.3386546005936053e-5,14,2,1,DE,4.15641446875166e-4,1.4265662460057226e-4,FALSE,FALSE
CambXyl_con&BB_con&SM,ips_dup,detrended,0,NA,NA,NA,NA,0,0,0,,NA,NA,TRUE,FALSE
CambXyl_con&BB_con&SM,ips_sex,detrended,0,NA,NA,NA,NA,0,0,0,,NA,NA,TRUE,FALSE
CambXyl_con&BB_con&SM,ips_typ,detrended,46,-0.5810517260803555,2.295836326146741e-5,-0.6168979340117174,4.979937898731806e-6,14,2,1,DE,2.927191315837095e-4,6.4648648358082e-5,FALSE,FALSE
CambXyl_con&BB_con&SM,lym_dis,detrended,46,0.04920560964173207,0.7453770398801471,-0.03583102065988282,0.813117899213962,14,2,1,DE,0.8639597507701706,0.8691110479622288,FALSE,FALSE
CambXyl_con&BB_con&SM,lym_mon,detrended,0,NA,NA,NA,NA,0,0,0,,NA,NA,TRUE,FALSE
CambXyl_con&BB_con&SM,mel_spp,detrended,46,0.2610418114220647,0.07972719303949105,0.2943570767807585,0.047064325127110805,18,2,1,DE,0.19561929838555536,0.11916286574736565,FALSE,FALSE
CambXyl_con&BB_con&SM,neo_ser,detrended,0,NA,NA,NA,NA,0,0,0,,NA,NA,TRUE,FALSE
CambXyl_con&BB_con&SM,ope_spp,detrended,0,NA,NA,NA,NA,0,0,0,,NA,NA,TRUE,FALSE
CambXyl_con&BB_con&SM,pan_fla,detrended,0,NA,NA,NA,NA,0,0,0,,NA,NA,TRUE,FALSE
CambXyl_con&BB_con&SM,pha_cya,detrended,46,-0.03854264448531237,0.7992566454641641,-0.04014801110083256,0.7910787428857714,17,2,1,DE,0.9001092190243111,0.8566993819521727,FALSE,FALSE
CambXyl_con&BB_con&SM,pis_pin,detrended,0,NA,NA,NA,NA,0,0,0,,NA,NA,TRUE,FALSE
CambXyl_con&BB_con&SM,pit_bid,detrended,0,NA,NA,NA,NA,0,0,0,,NA,NA,TRUE,FALSE
CambXyl_con&BB_con&SM,pit_cha,detrended,46,-0.6186127309855372,4.606827701038688e-6,-0.3751464693185322,0.010201450047345939,11,2,1,DE,8.022621898882008e-5,0.037353001711820516,FALSE,FALSE
CambXyl_con&BB_con&SM,pit_spp,detrended,46,-0.22257112044179847,0.1370868748538135,-0.22429848905334565,0.13398574105343894,14,2,1,DE,0.2793267682661538,0.2620981345538504,FALSE,FALSE
CambXyl_con&BB_con&SM,pol_pol,detrended,0,NA,NA,NA,NA,0,0,0,,NA,NA,TRUE,FALSE
CambXyl_con&BB_con&SM,pri_abi,detrended,0,NA,NA,NA,NA,0,0,0,,NA,NA,TRUE,FALSE
CambXyl_con&BB_con&SM,sap_car,detrended,0,NA,NA,NA,NA,0,0,0,,NA,NA,TRUE,FALSE
CambXyl_con&BB_con&SM,sco_int,detrended,46,0.6080615364191334,7.385512613101071e-6,0.5671908726487819,3.954847395568597e-5,11,2,1,DE,1.17183466794537e-4,3.4861247412789855e-4,FALSE,FALSE
CambXyl_con&BB_con&SM,sco_rat,detrended,0,NA,NA,NA,NA,0,0,0,,NA,NA,TRUE,FALSE
CambXyl_con&BB_con&SM,sco_sco,detrended,0,NA,NA,NA,NA,0,0,0,,NA,NA,TRUE,FALSE
CambXyl_con&BB_con&SM,tet_gab,detrended,46,-0.4365843702702824,0.0024183196618185647,-0.4490286771507863,0.0017469732132951244,13,2,1,DE,0.013489689363581681,0.008722649470578454,FALSE,FALSE
CambXyl_con&BB_con&SM,tet_spp,detrended,46,-0.1665704196177323,0.26855518862923733,-0.09922910884983038,0.5117563317824385,14,2,1,DE,0.44181660064810013,0.6541436211835526,FALSE,FALSE
CambXyl_con&BB_con&SM,tha_pit,detrended,0,NA,NA,NA,NA,0,0,0,,NA,NA,TRUE,FALSE
CambXyl_con&BB_con&SM,tha_pro,detrended,46,0.3979776809094174,0.006160944188264299,0.2617946345975948,0.07883120054944283,18,2,1,DE,0.028198167630901983,0.1792531120773955,FALSE,FALSE
CambXyl_con&BB_con&SM,tom_spp,detrended,46,0.2590242358012294,0.08216789493733355,0.36453900709219855,0.012747411695848579,15,2,1,DE,0.19687207042032268,0.04528185050167107,FALSE,FALSE
CambXyl_con&BB_con&SM,tor_vir,detrended,0,NA,NA,NA,NA,0,0,0,,NA,NA,TRUE,FALSE
CambXyl_con&BB_con&SM,uro_sir_spp,detrended,0,NA,NA,NA,NA,0,0,0,,NA,NA,TRUE,FALSE
CambXyl_con&BB_con&SM,xyl_lin,detrended,0,NA,NA,NA,NA,0,0,0,,NA,NA,TRUE,FALSE
CambXyl_con&BB_con&SM,xyl_spp,detrended,23,-0.3694232053377706,0.08276411364622131,-0.42885375494071143,0.04116225412837917,1,1,1,DE,0.19697859047800673,0.1096636173420251,FALSE,FALSE
CambXyl_con&BB_con&SM,zei_gri,detrended,0,NA,NA,NA,NA,0,0,0,,NA,NA,TRUE,FALSE
CambXyl_con&BO,CambXyl_con&MD,detrended,23,-0.009789148214551895,0.9646414364624789,-0.05928853754940711,0.7881470963838233,6,1,1,DE,0.9798324191247992,0.8552234450122337,FALSE,FALSE
CambXyl_con&BO,Def_dec,detrended,0,NA,NA,NA,NA,0,0,0,,NA,NA,TRUE,FALSE
CambXyl_con&BO,Def_dec&DB,detrended,23,-0.074558974187415,0.7352857174475632,-0.06225296442687747,0.7778062934206544,3,1,1,DE,0.8550390916246908,0.8530778702032984,FALSE,FALSE
CambXyl_con&BO,agr_big,detrended,23,-0.3502860499392289,0.10129112112255148,-0.2391304347826087,0.271805205457041,6,1,1,DE,0.227427234218559,0.4399534855184528,FALSE,FALSE
CambXyl_con&BO,agr_vir,detrended,23,-0.2636032149396346,0.22423805275850991,-0.20059288537549405,0.35875590531189816,4,1,1,DE,0.39630190512271307,0.5281478688509181,FALSE,FALSE
CambXyl_con&BO,bup_pin,detrended,0,NA,NA,NA,NA,0,0,0,,NA,NA,TRUE,FALSE
CambXyl_con&BO,cep_spp,detrended,0,NA,NA,NA,NA,0,0,0,,NA,NA,TRUE,FALSE
CambXyl_con&BO,clo_ana,detrended,0,NA,NA,NA,NA,0,0,0,,NA,NA,TRUE,FALSE
CambXyl_con&BO,den_mic,detrended,0,NA,NA,NA,NA,0,0,0,,NA,NA,TRUE,FALSE
CambXyl_con&BO,den_pin,detrended,0,NA,NA,NA,NA,0,0,0,,NA,NA,TRUE,FALSE
CambXyl_con&BO,dip_sp,detrended,23,-0.28426301390604763,0.18865537566023477,-0.06818181818181818,0.7572353005557559,0,1,1,DE,0.34806185586927035,0.8404677157599585,FALSE,FALSE
CambXyl_con&BO,era_def,detrended,0,NA,NA,NA,NA,0,0,0,,NA,NA,TRUE,FALSE
CambXyl_con&BO,geo_db,detrended,0,NA,NA,NA,NA,0,0,0,,NA,NA,TRUE,FALSE
CambXyl_con&BO,ips_acu,detrended,0,NA,NA,NA,NA,0,0,0,,NA,NA,TRUE,FALSE
CambXyl_con&BO,ips_ami,detrended,0,NA,NA,NA,NA,0,0,0,,NA,NA,TRUE,FALSE
CambXyl_con&BO,ips_cem,detrended,23,0.12655803878063088,0.5650036449110378,0.18675889328063242,0.3935150100784959,6,1,1,DE,0.7203796472615732,0.5574795976112025,FALSE,FALSE
CambXyl_con&BO,ips_dup,detrended,0,NA,NA,NA,NA,0,0,0,,NA,NA,TRUE,FALSE
CambXyl_con&BO,ips_sex,detrended,0,NA,NA,NA,NA,0,0,0,,NA,NA,TRUE,FALSE
CambXyl_con&BO,ips_typ,detrended,46,0.12216863972322042,0.4186180467575479,0.24514338575393152,0.10057968474782147,29,2,2,"DE,SI",0.5889610056895989,0.20755460956631366,FALSE,FALSE
CambXyl_con&BO,lym_dis,detrended,23,-0.4049996008148954,0.05523002322480115,-0.4436758893280633,0.03395095713854458,4,1,1,DE,0.1499076216145435,0.09506267998792482,FALSE,FALSE
CambXyl_con&BO,lym_mon,detrended,0,NA,NA,NA,NA,0,0,0,,NA,NA,TRUE,FALSE
CambXyl_con&BO,mel_spp,detrended,23,-0.06768113528324943,0.7589665547519888,0.06521739130434782,0.7675018255842943,6,1,1,DE,0.8732670290495499,0.8469803763016786,FALSE,FALSE
CambXyl_con&BO,neo_ser,detrended,0,NA,NA,NA,NA,0,0,0,,NA,NA,TRUE,FALSE
CambXyl_con&BO,ope_spp,detrended,0,NA,NA,NA,NA,0,0,0,,NA,NA,TRUE,FALSE
CambXyl_con&BO,pan_fla,detrended,0,NA,NA,NA,NA,0,0,0,,NA,NA,TRUE,FALSE
CambXyl_con&BO,pha_cya,detrended,23,-0.30974795846301295,0.15034525595020307,-0.31126482213438733,0.1482533703130442,5,1,1,DE,0.29791508887462825,0.28455082366535905,FALSE,FALSE
CambXyl_con&BO,pis_pin,detrended,0,NA,NA,NA,NA,0,0,0,,NA,NA,TRUE,FALSE
CambXyl_con&BO,pit_bid,detrended,0,NA,NA,NA,NA,0,0,0,,NA,NA,TRUE,FALSE
CambXyl_con&BO,pit_cha,detrended,46,0.16952291186099383,0.26004123508577126,0.42251002158495216,0.003443721347536867,15,2,2,"DE,SI",0.43789962700764307,0.01490192146752317,FALSE,FALSE
CambXyl_con&BO,pit_spp,detrended,46,0.025828467818123955,0.864707724867706,0.10736971939562133,0.4775595902780635,29,2,2,"DE,SI",0.9357134667098048,0.6291098661596629,FALSE,FALSE
CambXyl_con&BO,pol_pol,detrended,0,NA,NA,NA,NA,0,0,0,,NA,NA,TRUE,FALSE
CambXyl_con&BO,pri_abi,detrended,0,NA,NA,NA,NA,0,0,0,,NA,NA,TRUE,FALSE
CambXyl_con&BO,sap_car,detrended,0,NA,NA,NA,NA,0,0,0,,NA,NA,TRUE,FALSE
CambXyl_con&BO,sco_int,detrended,23,0.45536310380115985,0.02900256635424212,0.4466403162055336,0.032636827868586814,4,1,1,DE,0.09542779897202246,0.09321078039268393,FALSE,FALSE
CambXyl_con&BO,sco_rat,detrended,0,NA,NA,NA,NA,0,0,0,,NA,NA,TRUE,FALSE
CambXyl_con&BO,sco_sco,detrended,0,NA,NA,NA,NA,0,0,0,,NA,NA,TRUE,FALSE
CambXyl_con&BO,tet_gab,detrended,23,0.22518153349748368,0.30157918240111936,0.40711462450592883,0.05385026270864839,6,1,1,DE,0.47815262581733436,0.1316749574451197,FALSE,FALSE
CambXyl_con&BO,tet_spp,detrended,23,0.02071844023202792,0.9252435879909107,0.08399209486166008,0.7031861967054887,5,1,1,DE,0.9632718613653314,0.8033199111163503,FALSE,FALSE
CambXyl_con&BO,tha_pit,detrended,0,NA,NA,NA,NA,0,0,0,,NA,NA,TRUE,FALSE
CambXyl_con&BO,tha_pro,detrended,23,-0.31649645286591493,0.14119660607895887,-0.4436758893280633,0.03395095713854458,6,1,1,DE,0.28559313524186014,0.09506267998792482,FALSE,FALSE
CambXyl_con&BO,tom_spp,detrended,23,0.09929879233493259,0.6521480378312428,0.08300395256916997,0.7065268792142227,3,1,1,DE,0.7922389420306573,0.8045617093444258,FALSE,FALSE
CambXyl_con&BO,tor_vir,detrended,0,NA,NA,NA,NA,0,0,0,,NA,NA,TRUE,FALSE
CambXyl_con&BO,uro_sir_spp,detrended,0,NA,NA,NA,NA,0,0,0,,NA,NA,TRUE,FALSE
CambXyl_con&BO,xyl_lin,detrended,0,NA,NA,NA,NA,0,0,0,,NA,NA,TRUE,FALSE
CambXyl_con&BO,xyl_spp,detrended,23,-0.20671328491545354,0.34396849101447824,-0.13339920948616601,0.5439803025971466,2,1,1,DE,0.5127212997585333,0.680213548256327,FALSE,FALSE
CambXyl_con&BO,zei_gri,detrended,0,NA,NA,NA,NA,0,0,0,,NA,NA,TRUE,FALSE
CambXyl_con&MD,Def_dec,detrended,0,NA,NA,NA,NA,0,0,0,,NA,NA,TRUE,FALSE
CambXyl_con&MD,Def_dec&DB,detrended,184,0.20143117824544043,0.006108734208998321,0.21711968561576542,0.0030715765885239383,88,8,2,"CZ,DE",0.028139588549837426,0.013880415722823367,FALSE,FALSE
CambXyl_con&MD,agr_big,detrended,23,-0.027476791965681552,0.9009601489619332,-0.03359683794466403,0.8790434876667224,15,1,1,DE,0.9549640450526973,0.920288929903284,FALSE,FALSE
CambXyl_con&MD,agr_vir,detrended,23,0.2813210894334938,0.19347072072994018,0.32411067193675885,0.13135827798285082,13,1,1,DE,0.35420024256712124,0.25766431450482274,FALSE,FALSE
CambXyl_con&MD,bup_pin,detrended,0,NA,NA,NA,NA,0,0,0,,NA,NA,TRUE,FALSE
CambXyl_con&MD,cep_spp,detrended,138,0.12172788248603308,0.15494886190925913,0.12700547274018295,0.13769656175609407,76,6,1,CZ,0.30477544739176593,0.2678892236889678,FALSE,FALSE
CambXyl_con&MD,clo_ana,detrended,0,NA,NA,NA,NA,0,0,0,,NA,NA,TRUE,FALSE
CambXyl_con&MD,den_mic,detrended,0,NA,NA,NA,NA,0,0,0,,NA,NA,TRUE,FALSE
CambXyl_con&MD,den_pin,detrended,0,NA,NA,NA,NA,0,0,0,,NA,NA,TRUE,FALSE
CambXyl_con&MD,dip_sp,detrended,23,-0.03806298799099082,0.8631027634623639,-0.0800395256916996,0.7165801831888976,3,1,1,DE,0.9357134667098048,0.8121242076140839,FALSE,FALSE
CambXyl_con&MD,era_def,detrended,0,NA,NA,NA,NA,0,0,0,,NA,NA,TRUE,FALSE
CambXyl_con&MD,geo_db,detrended,0,NA,NA,NA,NA,0,0,0,,NA,NA,TRUE,FALSE
CambXyl_con&MD,ips_acu,detrended,161,0.307786034707253,7.133417727971172e-5,0.36092420059811364,2.5579691410027377e-6,117,7,1,CZ,7.381536605465821e-4,3.727326462603989e-5,FALSE,FALSE
CambXyl_con&MD,ips_ami,detrended,0,NA,NA,NA,NA,0,0,0,,NA,NA,TRUE,FALSE
CambXyl_con&MD,ips_cem,detrended,23,-0.7537919476723647,3.2768173681573045e-5,-0.6205533596837945,0.001581311134306037,11,1,1,DE,3.9655044082446023e-4,0.00818149308605138,FALSE,FALSE
CambXyl_con&MD,ips_dup,detrended,161,0.021551918266444873,0.7861111451009752,0.0733724407637451,0.35497357577977795,118,7,1,CZ,0.8923423809254313,0.5281478688509181,FALSE,FALSE
CambXyl_con&MD,ips_sex,detrended,161,0.20965274629911562,0.007603247783446654,0.2563578329882678,0.0010289015230952243,115,7,1,CZ,0.032901326772005524,0.005694850290620079,FALSE,FALSE
CambXyl_con&MD,ips_typ,detrended,184,-0.3100416037008529,1.8441739521184543e-5,-0.0016297123923638534,0.982483167988784,137,8,2,"CZ,DE",2.4384077811344005e-4,0.9900703415030837,FALSE,FALSE
CambXyl_con&MD,lym_dis,detrended,23,-0.14578933903298802,0.5068498350283481,-0.1709486166007905,0.4354567315349366,12,1,1,DE,0.6828127966230954,0.5979155890691245,FALSE,FALSE
CambXyl_con&MD,lym_mon,detrended,115,0.16163350805220103,0.08439100392131066,0.22649727767695102,0.014928867961845338,70,5,1,CZ,0.19952045297952253,0.05075815107027415,FALSE,FALSE
CambXyl_con&MD,mel_spp,detrended,23,0.1281536554044073,0.560068017789211,0.049407114624505935,0.8228578988707851,15,1,1,DE,0.7153641586788848,0.8742865175502091,FALSE,FALSE
CambXyl_con&MD,neo_ser,detrended,0,NA,NA,NA,NA,0,0,0,,NA,NA,TRUE,FALSE
CambXyl_con&MD,ope_spp,detrended,0,NA,NA,NA,NA,0,0,0,,NA,NA,TRUE,FALSE
CambXyl_con&MD,pan_fla,detrended,0,NA,NA,NA,NA,0,0,0,,NA,NA,TRUE,FALSE
CambXyl_con&MD,pha_cya,detrended,184,0.11918213203405079,0.10709331893893889,0.16114311032343817,0.028870007339965906,124,8,2,"CZ,DE",0.23527578376123803,0.08553188896570812,FALSE,FALSE
CambXyl_con&MD,pis_pin,detrended,0,NA,NA,NA,NA,0,0,0,,NA,NA,TRUE,FALSE
CambXyl_con&MD,pit_bid,detrended,0,NA,NA,NA,NA,0,0,0,,NA,NA,TRUE,FALSE
CambXyl_con&MD,pit_cha,detrended,23,-0.6777516004977578,3.803246430591246e-4,-0.5592885375494071,0.005526975377654645,11,1,1,DE,0.003017242168269055,0.022679657584169063,FALSE,FALSE
CambXyl_con&MD,pit_spp,detrended,161,0.0667569432645378,0.40012967763002094,0.13198470209339774,0.09512560679782825,113,7,2,"CZ,DE",0.5713851796556699,0.19976377427543934,FALSE,FALSE
CambXyl_con&MD,pol_pol,detrended,161,0.12927662490142702,0.10217044883633987,0.1510265700483092,0.05582943643053076,109,7,1,CZ,0.22868244661174503,0.13558577418843185,FALSE,FALSE
CambXyl_con&MD,pri_abi,detrended,138,0.18253739389127172,0.03212420239627401,0.2042448554644066,0.016265780315683008,77,6,1,CZ,0.10138232352893067,0.05504155045212165,FALSE,FALSE
CambXyl_con&MD,sap_car,detrended,0,NA,NA,NA,NA,0,0,0,,NA,NA,TRUE,FALSE
CambXyl_con&MD,sco_int,detrended,184,0.12881705143224798,0.08138257399437193,0.16696461250987266,0.02349371944558014,80,8,2,"CZ,DE",0.19630796564858635,0.07199362954568335,FALSE,FALSE
CambXyl_con&MD,sco_rat,detrended,161,0.07750781554983734,0.328434523164565,0.15476478030825858,0.04996411238178276,65,7,1,CZ,0.500004796459487,0.12430096251077663,FALSE,FALSE
CambXyl_con&MD,sco_sco,detrended,0,NA,NA,NA,NA,0,0,0,,NA,NA,TRUE,FALSE
CambXyl_con&MD,tet_gab,detrended,23,-0.776880530891963,1.3022014559381371e-5,-0.6867588932806324,2.9542354789082457e-4,11,1,1,DE,1.7880227683458267e-4,0.0019101149646225364,FALSE,FALSE
CambXyl_con&MD,tet_spp,detrended,23,-0.05276602096660084,0.8110194738718954,-0.20454545454545453,0.34916435580619787,12,1,1,DE,0.9018902087676188,0.5237465337092968,FALSE,FALSE
CambXyl_con&MD,tha_pit,detrended,0,NA,NA,NA,NA,0,0,0,,NA,NA,TRUE,FALSE
CambXyl_con&MD,tha_pro,detrended,23,0.37241165280013333,0.08011766641725734,0.36462450592885376,0.08715015516609212,15,1,1,DE,0.1959041569243895,0.1902911644911002,FALSE,FALSE
CambXyl_con&MD,tom_spp,detrended,184,0.01929625836091367,0.7948733105030401,0.1952823101076843,0.007895362568774978,132,8,2,"CZ,DE",0.8965869568707278,0.030179949139739228,FALSE,FALSE
CambXyl_con&MD,tor_vir,detrended,0,NA,NA,NA,NA,0,0,0,,NA,NA,TRUE,FALSE
CambXyl_con&MD,uro_sir_spp,detrended,0,NA,NA,NA,NA,0,0,0,,NA,NA,TRUE,FALSE
CambXyl_con&MD,xyl_lin,detrended,0,NA,NA,NA,NA,0,0,0,,NA,NA,TRUE,FALSE
CambXyl_con&MD,xyl_spp,detrended,23,0.058929749037894136,0.7894010447221671,-0.18873517786561264,0.38843721216480864,5,1,1,DE,0.8946545173517894,0.5546883389713467,FALSE,FALSE
CambXyl_con&MD,zei_gri,detrended,115,-0.0730765344755869,0.4376686381560563,-0.10236723743391463,0.27631411189766303,50,5,1,CZ,0.6115370012591471,0.44434296372732296,FALSE,FALSE
Def_dec,Def_dec&DB,detrended,0,NA,NA,NA,NA,0,0,0,,NA,NA,TRUE,FALSE
Def_dec,agr_big,detrended,0,NA,NA,NA,NA,0,0,0,,NA,NA,TRUE,FALSE
Def_dec,agr_vir,detrended,0,NA,NA,NA,NA,0,0,0,,NA,NA,TRUE,FALSE
Def_dec,bup_pin,detrended,0,NA,NA,NA,NA,0,0,0,,NA,NA,TRUE,FALSE
Def_dec,cep_spp,detrended,0,NA,NA,NA,NA,0,0,0,,NA,NA,TRUE,FALSE
Def_dec,clo_ana,detrended,0,NA,NA,NA,NA,0,0,0,,NA,NA,TRUE,FALSE
Def_dec,den_mic,detrended,0,NA,NA,NA,NA,0,0,0,,NA,NA,TRUE,FALSE
Def_dec,den_pin,detrended,0,NA,NA,NA,NA,0,0,0,,NA,NA,TRUE,FALSE
Def_dec,dip_sp,detrended,0,NA,NA,NA,NA,0,0,0,,NA,NA,TRUE,FALSE
Def_dec,era_def,detrended,0,NA,NA,NA,NA,0,0,0,,NA,NA,TRUE,FALSE
Def_dec,geo_db,detrended,0,NA,NA,NA,NA,0,0,0,,NA,NA,TRUE,FALSE
Def_dec,ips_acu,detrended,0,NA,NA,NA,NA,0,0,0,,NA,NA,TRUE,FALSE
Def_dec,ips_ami,detrended,0,NA,NA,NA,NA,0,0,0,,NA,NA,TRUE,FALSE
Def_dec,ips_cem,detrended,0,NA,NA,NA,NA,0,0,0,,NA,NA,TRUE,FALSE
Def_dec,ips_dup,detrended,0,NA,NA,NA,NA,0,0,0,,NA,NA,TRUE,FALSE
Def_dec,ips_sex,detrended,0,NA,NA,NA,NA,0,0,0,,NA,NA,TRUE,FALSE
Def_dec,ips_typ,detrended,0,NA,NA,NA,NA,0,0,0,,NA,NA,TRUE,FALSE
Def_dec,lym_dis,detrended,0,NA,NA,NA,NA,0,0,0,,NA,NA,TRUE,FALSE
Def_dec,lym_mon,detrended,0,NA,NA,NA,NA,0,0,0,,NA,NA,TRUE,FALSE
Def_dec,mel_spp,detrended,0,NA,NA,NA,NA,0,0,0,,NA,NA,TRUE,FALSE
Def_dec,neo_ser,detrended,0,NA,NA,NA,NA,0,0,0,,NA,NA,TRUE,FALSE
Def_dec,ope_spp,detrended,0,NA,NA,NA,NA,0,0,0,,NA,NA,TRUE,FALSE
Def_dec,pan_fla,detrended,0,NA,NA,NA,NA,0,0,0,,NA,NA,TRUE,FALSE
Def_dec,pha_cya,detrended,0,NA,NA,NA,NA,0,0,0,,NA,NA,TRUE,FALSE
Def_dec,pis_pin,detrended,0,NA,NA,NA,NA,0,0,0,,NA,NA,TRUE,FALSE
Def_dec,pit_bid,detrended,0,NA,NA,NA,NA,0,0,0,,NA,NA,TRUE,FALSE
Def_dec,pit_cha,detrended,0,NA,NA,NA,NA,0,0,0,,NA,NA,TRUE,FALSE
Def_dec,pit_spp,detrended,0,NA,NA,NA,NA,0,0,0,,NA,NA,TRUE,FALSE
Def_dec,pol_pol,detrended,0,NA,NA,NA,NA,0,0,0,,NA,NA,TRUE,FALSE
Def_dec,pri_abi,detrended,0,NA,NA,NA,NA,0,0,0,,NA,NA,TRUE,FALSE
Def_dec,sap_car,detrended,0,NA,NA,NA,NA,0,0,0,,NA,NA,TRUE,FALSE
Def_dec,sco_int,detrended,0,NA,NA,NA,NA,0,0,0,,NA,NA,TRUE,FALSE
Def_dec,sco_rat,detrended,0,NA,NA,NA,NA,0,0,0,,NA,NA,TRUE,FALSE
Def_dec,sco_sco,detrended,0,NA,NA,NA,NA,0,0,0,,NA,NA,TRUE,FALSE
Def_dec,tet_gab,detrended,0,NA,NA,NA,NA,0,0,0,,NA,NA,TRUE,FALSE
Def_dec,tet_spp,detrended,0,NA,NA,NA,NA,0,0,0,,NA,NA,TRUE,FALSE
Def_dec,tha_pit,detrended,0,NA,NA,NA,NA,0,0,0,,NA,NA,TRUE,FALSE
Def_dec,tha_pro,detrended,0,NA,NA,NA,NA,0,0,0,,NA,NA,TRUE,FALSE
Def_dec,tom_spp,detrended,0,NA,NA,NA,NA,0,0,0,,NA,NA,TRUE,FALSE
Def_dec,tor_vir,detrended,0,NA,NA,NA,NA,0,0,0,,NA,NA,TRUE,FALSE
Def_dec,uro_sir_spp,detrended,0,NA,NA,NA,NA,0,0,0,,NA,NA,TRUE,FALSE
Def_dec,xyl_lin,detrended,0,NA,NA,NA,NA,0,0,0,,NA,NA,TRUE,FALSE
Def_dec,xyl_spp,detrended,0,NA,NA,NA,NA,0,0,0,,NA,NA,TRUE,FALSE
Def_dec,zei_gri,detrended,0,NA,NA,NA,NA,0,0,0,,NA,NA,TRUE,FALSE
Def_dec&DB,agr_big,detrended,92,-0.04556453284421857,0.6662587788168921,-0.10679222600681224,0.3109594213490847,37,4,1,DE,0.8008565119112138,0.4805736511758582,FALSE,FALSE
Def_dec&DB,agr_vir,detrended,46,0.15568973275958808,0.3015121307928062,0.21948812827628736,0.1427540867725608,15,2,1,DE,0.47815262581733436,0.27650445161165793,FALSE,FALSE
Def_dec&DB,bup_pin,detrended,69,0.42704921243163535,2.52751362314604e-4,0.4516989404457436,9.785505295867616e-5,14,3,1,DE,0.0020984241010770614,7.763167534721642e-4,FALSE,FALSE
Def_dec&DB,cep_spp,detrended,138,-0.13648936104126994,0.11042576548497131,-0.10061668215411801,0.2403110769583683,73,6,1,CZ,0.24021167543945726,0.403867715398848,FALSE,FALSE
Def_dec&DB,clo_ana,detrended,0,NA,NA,NA,NA,0,0,0,,NA,NA,TRUE,FALSE
Def_dec&DB,den_mic,detrended,0,NA,NA,NA,NA,0,0,0,,NA,NA,TRUE,FALSE
Def_dec&DB,den_pin,detrended,23,-0.22659173676586963,0.29848116066672414,-0.17391304347826086,0.42741609739663655,4,1,1,DE,0.47815262581733436,0.5902806451473859,FALSE,FALSE
Def_dec&DB,dip_sp,detrended,109,-0.08281641684430646,0.39192446159224104,0.04613103512186081,0.6338440612094781,40,5,2,"AT,DE",0.5630464096113885,0.74804075984060725,FALSE,FALSE
Def_dec&DB,era_def,detrended,23,-0.45051245415726604,0.030981409659867003,-0.41403162055335974,0.04952323132101122,0,1,1,DE,0.09919608294683874,0.12363492015105598,FALSE,FALSE
Def_dec&DB,geo_db,detrended,0,NA,NA,NA,NA,0,0,0,,NA,NA,TRUE,FALSE
Def_dec&DB,ips_acu,detrended,184,0.21882145690614235,0.002842622376316692,0.31068752287569107,1.767853973661555e-5,98,8,2,"CZ,DE",0.014749250765291853,1.7513552991916533e-4,FALSE,FALSE
Def_dec&DB,ips_ami,detrended,0,NA,NA,NA,NA,0,0,0,,NA,NA,TRUE,FALSE
Def_dec&DB,ips_cem,detrended,115,-0.01013501955120003,0.9143912073128115,0.05500670717272943,0.5593013861799738,54,5,1,DE,0.9601107676784522,0.6920991156542484,FALSE,FALSE
Def_dec&DB,ips_dup,detrended,184,0.1506153544576523,0.04127272997742333,0.14791277378590276,0.04509698373730577,96,8,1,CZ,0.12227688466340357,0.11666393618998668,FALSE,FALSE
Def_dec&DB,ips_sex,detrended,184,0.2364882209624844,0.0012293099001665635,0.3280268151258885,5.476265265636028e-6,95,8,2,"CZ,DE",0.007699362006306372,6.859742806428288e-5,FALSE,FALSE
Def_dec&DB,ips_typ,detrended,404,0.04224354961385018,0.3970887450435101,0.14524891695124845,0.003434029648646354,237,18,3,"AT,CZ,DE",0.5681790860943211,0.01490192146752317,FALSE,FALSE
Def_dec&DB,lym_dis,detrended,153,0.3281969585723172,3.4490462468617245e-5,0.3421856780989908,1.4957186505034399e-5,59,7,2,"AT,DE",4.104365033765452e-4,1.5705045830286118e-4,FALSE,FALSE
Def_dec&DB,lym_mon,detrended,138,0.15735513605509968,0.06530119741085996,0.13102840482295217,0.1255603174316757,63,6,2,"CZ,DE",0.1698502442418292,0.2483381347540622,FALSE,FALSE
Def_dec&DB,mel_spp,detrended,115,0.32376610513617404,4.161217156687238e-4,0.3250690444251559,3.9310625649386445e-4,40,5,1,DE,0.0032294663585594437,0.0024406771055358193,FALSE,FALSE
Def_dec&DB,neo_ser,detrended,0,NA,NA,NA,NA,0,0,0,,NA,NA,TRUE,FALSE
Def_dec&DB,ope_spp,detrended,0,NA,NA,NA,NA,0,0,0,,NA,NA,TRUE,FALSE
Def_dec&DB,pan_fla,detrended,46,0.4173260400355283,0.003908082026786642,0.5657107616404563,4.185307124046413e-5,8,2,1,DE,0.01872731924245411,3.6442796177672425e-4,FALSE,FALSE
Def_dec&DB,pha_cya,detrended,360,0.17630737265660967,7.796493619203664e-4,0.22397780847074436,1.7906013563163963e-5,174,16,3,"AT,CZ,DE",0.005511580637734075,1.7513552991916533e-4,FALSE,FALSE
Def_dec&DB,pis_pin,detrended,46,0.3831025910440889,0.008590844880584642,0.45988282454517415,0.0013023458441786587,10,2,1,DE,0.036018576966692493,0.007044507066239109,FALSE,FALSE
Def_dec&DB,pit_bid,detrended,23,-0.06420411797767832,0.7710198171189301,0.18774703557312253,0.3909714729657896,4,1,1,DE,0.8836406892823693,0.5560829316684737,FALSE,FALSE
Def_dec&DB,pit_cha,detrended,220,-0.08934146709404736,0.18675464664981478,0.07432535232696393,0.27235215770189936,119,10,2,"AT,DE",0.3463449810596565,0.4399534855184528,FALSE,FALSE
Def_dec&DB,pit_spp,detrended,268,-0.1145086149285798,0.061208454593341524,0.011651778283304664,0.8494167379382792,150,12,3,"AT,CZ,DE",0.1620546407830844,0.8945185116341171,FALSE,FALSE
Def_dec&DB,pol_pol,detrended,184,0.07083309766190686,0.3393351093233894,0.07341796536379572,0.3219589539313393,90,8,1,CZ,0.5100328779054873,0.4943627808752177,FALSE,FALSE
Def_dec&DB,pri_abi,detrended,161,0.2764913327156204,3.846239358607733e-4,0.3152058891189326,4.647860170241201e-5,81,7,1,CZ,0.0030178185736768367,3.998279712713515e-4,FALSE,FALSE
Def_dec&DB,sap_car,detrended,0,NA,NA,NA,NA,0,0,0,,NA,NA,TRUE,FALSE
Def_dec&DB,sco_int,detrended,230,0.1587913497605092,0.015935810593191775,0.10636035693943421,0.10765726378625275,71,10,2,"CZ,DE",0.05926129564343191,0.2208830067338634,FALSE,FALSE
Def_dec&DB,sco_rat,detrended,184,0.1658056003249946,0.024489478524207308,0.1719751112480977,0.019579747473423996,55,8,2,"CZ,DE",0.0840648445494424,0.06202942683213013,FALSE,FALSE
Def_dec&DB,sco_sco,detrended,23,-0.0582601779020381,0.7917425131236023,-0.1442687747035573,0.5113391540131089,2,1,1,DE,0.8958861400479431,0.6541436211835526,FALSE,FALSE
Def_dec&DB,tet_gab,detrended,199,0.03855736943180363,0.5887190224942276,0.12393787117405207,0.08114594452337927,93,9,2,"AT,DE",0.7361565360085438,0.1799323117692323,FALSE,FALSE
Def_dec&DB,tet_spp,detrended,92,0.16479799510464702,0.11645500792178637,0.21150378373379775,0.0429811250690577,45,4,1,DE,0.24969632329175814,0.11324178339227747,FALSE,FALSE
Def_dec&DB,tha_pit,detrended,23,0.14263666552468843,0.5161791035901551,0.06324110671936758,0.7743673538441517,6,1,1,DE,0.689635372134802,0.8514945508453142,FALSE,FALSE
Def_dec&DB,tha_pro,detrended,92,0.2723071774220589,0.00863973662285884,0.27856295177473295,0.00717110184886544,44,4,1,DE,0.036018576966692493,0.02828821392314875,FALSE,FALSE
Def_dec&DB,tom_spp,detrended,404,0.16030175300140814,0.0012250900190644183,0.2572908903793605,1.5713074659110002e-7,231,18,3,"AT,CZ,DE",0.007699362006306372,2.8047838266511356e-6,FALSE,FALSE
Def_dec&DB,tor_vir,detrended,23,-0.22050624314834338,0.3119913796626624,-0.1116600790513834,0.611992848751711,0,1,1,DE,0.4842648806068281,0.7329199588569275,FALSE,FALSE
Def_dec&DB,uro_sir_spp,detrended,23,0.19216752209199492,0.37970670339745727,0.24209486166007907,0.2657271000486687,10,1,1,DE,0.5499200531963174,0.43218485064863194,FALSE,FALSE
Def_dec&DB,xyl_lin,detrended,46,-0.05930639110216775,0.695419778809623,-0.091951896392229407,0.5433368522821733,28,2,1,DE,0.8234323749089069,0.680213548256327,FALSE,FALSE
Def_dec&DB,xyl_spp,detrended,69,0.10791514472946549,0.3774440589213839,0.022104493971501646,0.8569317410681697,19,3,1,DE,0.5490445766688882,0.9011034802984877,FALSE,FALSE
Def_dec&DB,zei_gri,detrended,115,-0.05323260632581717,0.5720596532546585,-0.1058628580446619,0.26015779862798333,51,5,1,CZ,0.7267804135655269,0.4280015396782952,FALSE,FALSE
agr_big,agr_vir,detrended,92,-0.02575724675331156,0.8074497282499643,-0.10038068523342014,0.34106610196825593,46,4,1,DE,0.9018902087676188,0.5159347389943533,FALSE,FALSE
agr_big,bup_pin,detrended,352,0.07416329838771812,0.16501825759789457,0.1202488493564981,0.02405582673337386,121,17,2,"DE,PL",0.318440637634856,0.0734011123402946,FALSE,FALSE
agr_big,cep_spp,detrended,0,NA,NA,NA,NA,0,0,0,,NA,NA,TRUE,FALSE
agr_big,clo_ana,detrended,0,NA,NA,NA,NA,0,0,0,,NA,NA,TRUE,FALSE
agr_big,den_mic,detrended,0,NA,NA,NA,NA,0,0,0,,NA,NA,TRUE,FALSE
agr_big,den_pin,detrended,246,0.06703171374369878,0.2950189516869666,0.025578419379996498,0.6897430054216098,147,12,2,"DE,PL",0.47442236825336526,0.7930378516441697,FALSE,FALSE
agr_big,dip_sp,detrended,372,0.00670623966361365,0.8974277444638985,-0.009200505469509236,0.8596187807411613,234,18,2,"DE,PL",0.9549640450526973,0.9025997197782194,FALSE,FALSE
agr_big,era_def,detrended,46,0.001799094587473833,0.9905323283663026,-0.18384212149244525,0.22132225530600966,24,2,1,DE,0.9947117896674261,0.3817007011799297,FALSE,FALSE
agr_big,geo_db,detrended,366,-0.10596124249312,0.04277191845828939,-0.1443617902023618,0.005659837123445244,222,18,2,"DE,PL",0.12464959093558622,0.023092135463656596,FALSE,FALSE
agr_big,ips_acu,detrended,229,0.013528217528201212,0.8386597488939178,0.07147182556733583,0.2814693962554032,87,11,2,"DE,PL",0.9252167668595772,0.4495954114683621,FALSE,FALSE
agr_big,ips_ami,detrended,23,0.3677792382061943,0.08424763119999949,0.23122529644268774,0.2884410695828934,5,1,1,DE,0.19952045297952253,0.45628813782167016,FALSE,FALSE
agr_big,ips_cem,detrended,207,0.10977687437984783,0.11534588026980547,0.16327077312725266,0.018741760154410068,129,9,1,DE,0.2488125634822994,0.06027755292904859,FALSE,FALSE
agr_big,ips_dup,detrended,0,NA,NA,NA,NA,0,0,0,,NA,NA,TRUE,FALSE
agr_big,ips_sex,detrended,92,0.32150916887031544,0.0017777013623643777,0.2971810797897754,0.004017522360628946,51,4,1,DE,0.010577323106068048,0.017280186539090768,FALSE,FALSE
agr_big,ips_typ,detrended,547,0.2394478138832102,1.4272165161651437e-8,0.18620756603649358,1.168088658017297e-5,472,26,2,"DE,PL",4.6319663297359664e-7,1.2770782894532594e-4,FALSE,FALSE
agr_big,lym_dis,detrended,115,0.09994633281871701,0.2878908152063919,0.05148741418764303,0.5847415919588934,56,5,1,DE,0.4650543937949408,0.7115595515678268,FALSE,FALSE
agr_big,lym_mon,detrended,369,-0.06738171722113356,0.19655214093714618,-0.124908046965311,0.01636493488939775,271,18,2,"DE,PL",0.3575728840002675,0.05511586561806601,FALSE,FALSE
agr_big,mel_spp,detrended,455,0.031994108355214705,0.49602672459762487,0.06180917390052562,0.18815166346429654,364,22,2,"DE,PL",0.6720362075193627,0.342704815595683,FALSE,FALSE
agr_big,neo_ser,detrended,23,0.37133964009536935,0.08105956860933229,0.24703557312252963,0.2557911190617378,4,1,1,DE,0.19630796564858635,0.4217895127253598,FALSE,FALSE
agr_big,ope_spp,detrended,69,0.16495699695155194,0.175576043473181,0.07793204238217027,0.5244538997330377,22,3,1,DE,0.33252332901817305,0.6662990825789838,FALSE,FALSE
agr_big,pan_fla,detrended,283,-0.07632983649208387,0.20045657201660172,-0.09345585580243358,0.11673012430401929,152,14,2,"DE,PL",0.3623442846072244,0.23604840866196397,FALSE,FALSE
agr_big,pha_cya,detrended,504,0.19314784126188655,1.2620960146343609e-5,0.24440270212763962,2.733439901618978e-8,412,24,2,"DE,PL",1.7669344204881052e-4,6.505586965853168e-7,FALSE,FALSE
agr_big,pis_pin,detrended,46,0.28203381309376074,0.05757057509892541,0.18630897317298797,0.21507807852530197,29,2,1,DE,0.15453154368658925,0.3736392897008896,FALSE,FALSE
agr_big,pit_bid,detrended,69,0.08427887088829147,0.49113180650710975,0.0730361709901352,0.5509094135171191,39,3,1,DE,0.6683945582478094,0.6852775631554409,FALSE,FALSE
agr_big,pit_cha,detrended,207,0.18607887145574956,0.007264199514314133,0.17240180320593998,0.01299020114583315,127,9,1,DE,0.03181986781116743,0.045689672995689004,FALSE,FALSE
agr_big,pit_spp,detrended,69,0.08944104118930367,0.46487271938870955,0.008220679576178298,0.9465501025466945,58,3,1,DE,0.6395358798526756,0.9686249497563852,FALSE,FALSE
agr_big,pol_pol,detrended,0,NA,NA,NA,NA,0,0,0,,NA,NA,TRUE,FALSE
agr_big,pri_abi,detrended,69,-0.10616670765456822,0.38526665786046654,-0.0710266715381805,0.5619506382155508,21,3,1,DE,0.5545975679684941,0.6932573215405511,FALSE,FALSE
agr_big,sap_car,detrended,0,NA,NA,NA,NA,0,0,0,,NA,NA,TRUE,FALSE
agr_big,sco_int,detrended,115,0.18646326006675243,0.046011609378438796,0.2141797522291486,0.021534977298831925,52,5,1,DE,0.1314091563848212,0.06714399035531002,FALSE,FALSE
agr_big,sco_rat,detrended,46,0.573376421593558,3.112047824790093e-5,0.5245143385753931,1.827098701762683e-4,30,2,1,DE,3.8310381843105625e-4,0.0013045484730585556,FALSE,FALSE
agr_big,sco_sco,detrended,23,0.055618514253867574,0.8009971375154801,0.07213438735177866,0.7436083699952873,12,1,1,DE,0.9006487498992957,0.8308863476942646,FALSE,FALSE
agr_big,tet_gab,detrended,115,0.10122814997143051,0.28172159647079936,0.04579026276335517,0.6270121571593823,61,5,1,DE,0.45917261765380357,0.741203112933442,FALSE,FALSE
agr_big,tet_spp,detrended,92,0.15797225489876457,0.13259159977951973,0.09073254935807529,0.3897046553652814,51,4,1,DE,0.27282536669330576,0.5553874729157903,FALSE,FALSE
agr_big,tha_pit,detrended,23,-0.08978130089415742,0.6837224994036268,-0.15711462450592886,0.474027842239667,10,1,1,DE,0.8149578166249043,0.6291098661596629,FALSE,FALSE
agr_big,tha_pro,detrended,138,-0.03189579706808162,0.710356656463824,-0.06890355693864457,0.421959732516334,81,6,1,DE,0.8349608024483923,0.5840693364045494,FALSE,FALSE
agr_big,tom_spp,detrended,404,0.09647172642694807,0.05267558797789237,0.1345344460004313,0.0067679464181436555,249,19,2,"DE,PL",0.14521378307418975,0.026996166159522737,FALSE,FALSE
agr_big,tor_vir,detrended,438,0.21073597277588238,8.674604585783813e-6,0.19506996981478647,3.949763259074847e-5,252,21,2,"DE,PL",1.317801632819073e-4,3.4861247412789855e-4,FALSE,FALSE
agr_big,uro_sir_spp,detrended,23,0.17892907919196605,0.41399511612302364,0.16403162055335968,0.45452868560296955,4,1,1,DE,0.5864930811742836,0.6123273236236231,FALSE,FALSE
agr_big,xyl_lin,detrended,161,0.3809742434548364,6.174484072085229e-7,0.38357487922705313,5.09873988123769e-7,92,7,1,DE,1.4695272091562847e-5,8.273864261826616e-6,FALSE,FALSE
agr_big,xyl_spp,detrended,161,0.1477044048772885,0.0615081339666889,0.2231596503335634,0.004434324455024659,82,7,1,DE,0.1620546407830844,0.018845878933854802,FALSE,FALSE
agr_big,zei_gri,detrended,0,NA,NA,NA,NA,0,0,0,,NA,NA,TRUE,FALSE
agr_vir,bup_pin,detrended,23,-0.02079123419261035,0.9249816495684982,0.11956521739130435,0.5868591882350065,1,1,1,DE,0.9632718613653314,0.7115595515678268,FALSE,FALSE
agr_vir,cep_spp,detrended,0,NA,NA,NA,NA,0,0,0,,NA,NA,TRUE,FALSE
agr_vir,clo_ana,detrended,0,NA,NA,NA,NA,0,0,0,,NA,NA,TRUE,FALSE
agr_vir,den_mic,detrended,0,NA,NA,NA,NA,0,0,0,,NA,NA,TRUE,FALSE
agr_vir,den_pin,detrended,23,-0.0874394702622699,0.6915732744712526,0,1,0,1,1,DE,0.8216028585232519,1,FALSE,FALSE
agr_vir,dip_sp,detrended,46,-0.16977025097266438,0.2593362788674832,-0.1886524822695035,0.20926062786697447,5,2,1,DE,0.43774492461319864,0.3668177360396715,FALSE,FALSE
agr_vir,era_def,detrended,23,0.23183700801057078,0.2871315589572965,0.25395256916996045,0.24228781093936375,8,1,1,DE,0.4648796668832419,0.4051369953412312,FALSE,FALSE
agr_vir,geo_db,detrended,23,-0.30924476488100583,0.15104378455548378,-0.32608695652173914,0.12888727755612286,5,1,1,DE,0.29791508887462825,0.2542141330803086,FALSE,FALSE
agr_vir,ips_acu,detrended,23,0.6068123248116261,0.0021399177056377113,0.6264822134387351,0.0013818030039001172,8,1,1,DE,0.012421961315653056,0.00730820255396062,FALSE,FALSE
agr_vir,ips_ami,detrended,0,NA,NA,NA,NA,0,0,0,,NA,NA,TRUE,FALSE
agr_vir,ips_cem,detrended,92,-0.06943431633924381,0.5107443365947437,-0.003837677049458255,0.9710379306363288,42,4,1,DE,0.686704472203223,0.9852424103316607,FALSE,FALSE
agr_vir,ips_dup,detrended,0,NA,NA,NA,NA,0,0,0,,NA,NA,TRUE,FALSE
agr_vir,ips_sex,detrended,23,0.5942429719125079,0.0027893706026470267,0.6077075098814229,0.0020990278142723456,7,1,1,DE,0.01464419566389689,0.01005842858651312,FALSE,FALSE
agr_vir,ips_typ,detrended,92,-0.1857187337707296,0.07631989029107075,-0.0675215387697856,0.5224851713349228,41,4,1,DE,0.1898689953582736,0.6649811271535381,FALSE,FALSE
agr_vir,lym_dis,detrended,92,0.4072115673957536,5.613863795581658e-5,0.4528767165513308,5.821684611614313e-6,39,4,1,DE,5.894556985360742e-4,7.166694504642447e-5,FALSE,FALSE
agr_vir,lym_mon,detrended,23,0.13787964910506142,0.5304101815548036,0.16304347826086957,0.4572883476100682,5,1,1,DE,0.6987322317899073,0.6148848967864194,FALSE,FALSE
agr_vir,mel_spp,detrended,69,0.0032478920002309737,0.9788695389934379,-0.11965655827548413,0.32742781424360823,32,3,1,DE,0.9874514821902616,0.4995384339537275,FALSE,FALSE
agr_vir,neo_ser,detrended,0,NA,NA,NA,NA,0,0,0,,NA,NA,TRUE,FALSE
agr_vir,ope_spp,detrended,23,0.32378626750898293,0.1317671163818044,0.4871541501976285,0.01839146913836922,11,1,1,DE,0.27270064085973433,0.059698815511606135,FALSE,FALSE
agr_vir,pan_fla,detrended,0,NA,NA,NA,NA,0,0,0,,NA,NA,TRUE,FALSE
agr_vir,pha_cya,detrended,92,0.28939681325310157,0.005142305640235288,0.3688485427615862,2.9695064576064643e-4,45,4,1,DE,0.02415530412584208,0.0019101149646225364,FALSE,FALSE
agr_vir,pis_pin,detrended,0,NA,NA,NA,NA,0,0,0,,NA,NA,TRUE,FALSE
agr_vir,pit_bid,detrended,23,0.45139914737582004,0.030611887773797683,0.40019762845849804,0.05846386887150024,7,1,1,DE,0.09919608294683874,0.14054950294360663,FALSE,FALSE
agr_vir,pit_cha,detrended,92,-0.1048179232565157,0.3200406131962615,-0.02928347949385817,0.7817061225071071,39,4,1,DE,0.49247628840976443,0.8541143619192122,FALSE,FALSE
agr_vir,pit_spp,detrended,69,0.04650459750429224,0.7043578731556056,0.049068322981366465,0.6888713550741443,35,3,1,DE,0.831258713112566,0.7930378516441697,FALSE,FALSE
agr_vir,pol_pol,detrended,0,NA,NA,NA,NA,0,0,0,,NA,NA,TRUE,FALSE
agr_vir,pri_abi,detrended,46,0.25068907309121613,0.09287633907609713,0.2600678384212149,0.08089822707374447,8,2,1,DE,0.21254392980876072,0.1799323117692323,FALSE,FALSE
agr_vir,sap_car,detrended,0,NA,NA,NA,NA,0,0,0,,NA,NA,TRUE,FALSE
agr_vir,sco_int,detrended,69,0.05449544583005123,0.6565119375951469,0.06835951772013155,0.5767647616324021,14,3,1,DE,0.7944907176998897,0.7039487859923678,FALSE,FALSE
agr_vir,sco_rat,detrended,0,NA,NA,NA,NA,0,0,0,,NA,NA,TRUE,FALSE
agr_vir,sco_sco,detrended,0,NA,NA,NA,NA,0,0,0,,NA,NA,TRUE,FALSE
agr_vir,tet_gab,detrended,46,-0.1505233210096207,0.3180336415518129,-0.08492136910268269,0.5747095091973847,21,2,1,DE,0.4915065369437108,0.7038466373360767,FALSE,FALSE
agr_vir,tet_spp,detrended,46,-0.14236100425405357,0.34527904686826505,-0.11501695960530371,0.44656992933323814,21,2,1,DE,0.5136025822165443,0.6073351038932039,FALSE,FALSE
agr_vir,tha_pit,detrended,0,NA,NA,NA,NA,0,0,0,,NA,NA,TRUE,FALSE
agr_vir,tha_pro,detrended,69,0.36113762276631334,0.00229887538832726,0.3584216295213738,0.0024942214941089213,36,3,1,DE,0.013026960533854473,0.01172814046849401,FALSE,FALSE
agr_vir,tom_spp,detrended,92,0.05147630769942752,0.6260344829530622,0.20823636391658829,0.04638012684448969,38,4,1,DE,0.7720010722426363,0.1187072084902827,FALSE,FALSE
agr_vir,tor_vir,detrended,46,0.20649371774416325,0.16855646746927574,0.1676842429848905,0.26532186371802824,18,2,1,DE,0.32439169211068164,0.43218485064863194,FALSE,FALSE
agr_vir,uro_sir_spp,detrended,0,NA,NA,NA,NA,0,0,0,,NA,NA,TRUE,FALSE
agr_vir,xyl_lin,detrended,46,-0.25976922212714565,0.08125994875326462,-0.3288930003083564,0.025630525109348365,21,2,1,DE,0.19630796564858635,0.077873169906701,FALSE,FALSE
agr_vir,xyl_spp,detrended,69,-0.23302721892656372,0.053988956146750665,-0.34968944099378885,0.003226762148825189,23,3,1,DE,0.14769392601065123,0.014444844389981445,FALSE,FALSE
agr_vir,zei_gri,detrended,0,NA,NA,NA,NA,0,0,0,,NA,NA,TRUE,FALSE
bup_pin,cep_spp,detrended,0,NA,NA,NA,NA,0,0,0,,NA,NA,TRUE,FALSE
bup_pin,clo_ana,detrended,0,NA,NA,NA,NA,0,0,0,,NA,NA,TRUE,FALSE
bup_pin,den_mic,detrended,0,NA,NA,NA,NA,0,0,0,,NA,NA,TRUE,FALSE
bup_pin,den_pin,detrended,226,0.14232009511522542,0.03247017437424191,0.15724974984730938,0.018000403567372678,74,11,2,"DE,PL",0.10168291448775757,0.05922713431845204,FALSE,FALSE
bup_pin,dip_sp,detrended,329,0.16535961844494076,0.0026238960332493812,0.17627258574326557,0.001325965395401904,112,16,2,"DE,PL",0.014299818429787739,0.0071183405437365375,FALSE,FALSE
bup_pin,era_def,detrended,23,-0.020610193700860337,0.9256331111821141,0.1541501976284585,0.4825129524075381,12,1,1,DE,0.9632718613653314,0.6332982500348938,FALSE,FALSE
bup_pin,geo_db,detrended,306,-0.05010836001724632,0.3823907217988446,-0.043249497160961894,0.4509611151342988,88,15,2,"DE,PL",0.5521803305306615,0.6097718504675126,FALSE,FALSE
bup_pin,ips_acu,detrended,169,0.2854741384226738,1.6841415852764382e-4,0.32409875192680615,1.71864027605683e-5,24,8,2,"DE,PL",0.0015616585608926974,1.728322756485319e-4,FALSE,FALSE
bup_pin,ips_ami,detrended,0,NA,NA,NA,NA,0,0,0,,NA,NA,TRUE,FALSE
bup_pin,ips_cem,detrended,138,0.12095017619508028,0.15762268473881091,0.19426286961544692,0.022423907616982413,43,6,1,DE,0.30825610404999026,0.0690115087867476,FALSE,FALSE
bup_pin,ips_dup,detrended,0,NA,NA,NA,NA,0,0,0,,NA,NA,TRUE,FALSE
bup_pin,ips_sex,detrended,69,0.11641670762881175,0.34078898454372586,0.20000000000000004,0.09942088377162903,26,3,1,DE,0.5100328779054873,0.20575800293606702,FALSE,FALSE
bup_pin,ips_typ,detrended,398,0.17410656978610853,4.8451276950399496e-4,0.18307832414092204,2.4066399986357275e-4,149,19,2,"DE,PL",0.0036802352917643874,0.0016059261299307566,FALSE,FALSE
bup_pin,lym_dis,detrended,69,0.24947669823477164,0.03870959780718626,0.23964194373401537,0.04733944809135305,13,3,1,DE,0.11711293573869064,0.11943592203966813,FALSE,FALSE
bup_pin,lym_mon,detrended,306,0.25551000248725697,5.992121019566835e-6,0.22826578380591306,5.57744894911931e-5,116,15,2,"DE,PL",9.723578199933455e-5,4.630579708919986e-4,FALSE,FALSE
bup_pin,mel_spp,detrended,329,0.1801208104994848,0.001032418063808624,0.17849257644275807,0.0011484291209896639,114,16,2,"DE,PL",0.00670133179599416,0.006307526095281692,FALSE,FALSE
bup_pin,neo_ser,detrended,23,-0.21347488253974112,0.3280583121138596,-0.19762845849802374,0.3660491897294186,3,1,1,DE,0.500004796459487,0.5344767310159608,FALSE,FALSE
bup_pin,ope_spp,detrended,23,0.38513391400101066,0.06955858919825164,0.33201581027667987,0.12167518213281317,4,1,1,DE,0.17737440245554167,0.24403393270457474,FALSE,FALSE
bup_pin,pan_fla,detrended,286,0.1105274632739468,0.061939825424330366,0.11292199456512678,0.056465446893411736,79,14,2,"DE,PL",0.1622065188107479,0.1366655223115118,FALSE,FALSE
bup_pin,pha_cya,detrended,398,0.1413948214064093,0.004711011164958326,0.18362631893963482,2.303451498063553e-4,147,19,2,"DE,PL",0.022275907097882415,0.001551570160016393,FALSE,FALSE
bup_pin,pis_pin,detrended,69,0.3302347323979356,0.00558455280748618,0.3168797953964195,0.007981376411195526,27,3,1,DE,0.026061246434935507,0.030312248710604284,FALSE,FALSE
bup_pin,pit_bid,detrended,69,0.042682125371716936,0.7276704652266078,0.10259408111070517,0.4015488959604615,23,3,1,DE,0.85033831779345,0.5634359804432578,FALSE,FALSE
bup_pin,pit_cha,detrended,138,0.3436506660226593,3.680732158975624e-5,0.39360577548751213,1.7882179430154891e-6,46,6,1,DE,4.1714964468390404e-4,2.65997419023554e-5,FALSE,FALSE
bup_pin,pit_spp,detrended,0,NA,NA,NA,NA,0,0,0,,NA,NA,TRUE,FALSE
bup_pin,pol_pol,detrended,0,NA,NA,NA,NA,0,0,0,,NA,NA,TRUE,FALSE
bup_pin,pri_abi,detrended,46,0.03643095111978003,0.810046148432992,0.004131976564909034,0.9782577253249307,11,2,1,DE,0.9018902087676188,0.9893427986997174,FALSE,FALSE
bup_pin,sap_car,detrended,0,NA,NA,NA,NA,0,0,0,,NA,NA,TRUE,FALSE
bup_pin,sco_int,detrended,69,-0.02121402685834263,0.8626379933568724,0.051662404092071616,0.673330159901347,16,3,1,DE,0.9357134667098048,0.7842703656925968,FALSE,FALSE
bup_pin,sco_rat,detrended,46,-0.07155193769372958,0.6365414678770713,0.04816527906259635,0.7505857077576257,16,2,1,DE,0.7809116977048608,0.8360658273618482,FALSE,FALSE
bup_pin,sco_sco,detrended,23,-6.613049910074514e-4,0.9976106339746776,0.0899209486166008,0.6832553329339464,10,1,1,DE,0.9976106339746776,0.7893920836809671,FALSE,FALSE
bup_pin,tet_gab,detrended,92,0.1790902971294706,0.08761287336111584,0.23785891527827008,0.02242201018220693,23,4,1,DE,0.2051003002617597,0.0690115087867476,FALSE,FALSE
bup_pin,tet_spp,detrended,46,0.23502200490399125,0.11589461008944865,0.31421523280912733,0.03344899236701291,11,2,1,DE,0.24924322772248897,0.09456504683306698,FALSE,FALSE
bup_pin,tha_pit,detrended,23,0.24419099494776605,0.26148205415199044,0.028656126482213436,0.8967308659954059,3,1,1,DE,0.4392898509753439,0.9315364285334018,FALSE,FALSE
bup_pin,tha_pro,detrended,46,0.01391970682849079,0.9268456145069786,0.08220783225408572,0.5870354666936245,16,2,1,DE,0.9632718613653314,0.7115595515678268,FALSE,FALSE
bup_pin,tom_spp,detrended,278,0.15471097065301617,0.009780404336084262,0.15712921685476816,0.008680558586007244,95,13,2,"DE,PL",0.0394531564743738,0.03244983680842498,FALSE,FALSE
bup_pin,tor_vir,detrended,312,-0.0933911146609209,0.09964127165010354,-0.06815116096214892,0.230001973719782,79,15,2,"DE,PL",0.22480846663050977,0.39287418477493863,FALSE,FALSE
bup_pin,uro_sir_spp,detrended,23,0.21045925731204213,0.33509863315321775,0.11857707509881422,0.5899765469581981,4,1,1,DE,0.5069076781173675,0.7115595515678268,FALSE,FALSE
bup_pin,xyl_lin,detrended,115,0.055186203169920296,0.5580181891859275,-0.028959204608222208,0.7586723142251446,35,5,1,DE,0.7146287562800133,0.8404677157599585,FALSE,FALSE
bup_pin,xyl_spp,detrended,92,0.10914482397609566,0.30035865430859027,0.20458363515867017,0.05044029659768868,31,4,1,DE,0.47815262581733436,0.12504990198176985,FALSE,FALSE
bup_pin,zei_gri,detrended,0,NA,NA,NA,NA,0,0,0,,NA,NA,TRUE,FALSE
cep_spp,clo_ana,detrended,0,NA,NA,NA,NA,0,0,0,,NA,NA,TRUE,FALSE
cep_spp,den_mic,detrended,0,NA,NA,NA,NA,0,0,0,,NA,NA,TRUE,FALSE
cep_spp,den_pin,detrended,0,NA,NA,NA,NA,0,0,0,,NA,NA,TRUE,FALSE
cep_spp,dip_sp,detrended,0,NA,NA,NA,NA,0,0,0,,NA,NA,TRUE,FALSE
cep_spp,era_def,detrended,0,NA,NA,NA,NA,0,0,0,,NA,NA,TRUE,FALSE
cep_spp,geo_db,detrended,0,NA,NA,NA,NA,0,0,0,,NA,NA,TRUE,FALSE
cep_spp,ips_acu,detrended,138,0.016912492261773725,0.8439185307982757,-0.01949135708887666,0.8204933812337193,90,6,1,CZ,0.9270120476768751,0.8730734339804405,FALSE,FALSE
cep_spp,ips_ami,detrended,0,NA,NA,NA,NA,0,0,0,,NA,NA,TRUE,FALSE
cep_spp,ips_cem,detrended,0,NA,NA,NA,NA,0,0,0,,NA,NA,TRUE,FALSE
cep_spp,ips_dup,detrended,138,0.052079199937192615,0.5440904238915891,0.009194294833888521,0.9147665072254589,88,6,1,CZ,0.7063282957428993,0.9465844726941706,FALSE,FALSE
cep_spp,ips_sex,detrended,138,-0.055528677533361534,0.5177094670367701,-0.05626853642443074,0.5121376529994481,85,6,1,CZ,0.689635372134802,0.6541436211835526,FALSE,FALSE
cep_spp,ips_typ,detrended,138,-0.10024418262284365,0.24206519693301942,-0.11394121770181441,0.18329787860694155,93,6,1,CZ,0.4180295598396516,0.33651522620373614,FALSE,FALSE
cep_spp,lym_dis,detrended,0,NA,NA,NA,NA,0,0,0,,NA,NA,TRUE,FALSE
cep_spp,lym_mon,detrended,115,0.011960942396835844,0.8990431964222552,-0.0016649569951866173,0.9859103820850036,65,5,1,CZ,0.9549640450526973,0.9900703415030837,FALSE,FALSE
cep_spp,mel_spp,detrended,0,NA,NA,NA,NA,0,0,0,,NA,NA,TRUE,FALSE
cep_spp,neo_ser,detrended,0,NA,NA,NA,NA,0,0,0,,NA,NA,TRUE,FALSE
cep_spp,ope_spp,detrended,0,NA,NA,NA,NA,0,0,0,,NA,NA,TRUE,FALSE
cep_spp,pan_fla,detrended,0,NA,NA,NA,NA,0,0,0,,NA,NA,TRUE,FALSE
cep_spp,pha_cya,detrended,138,0.026521644163400603,0.7574895076529546,0.05778912255787245,0.5007841309876904,86,6,1,CZ,0.8732670290495499,0.650974335040029,FALSE,FALSE
cep_spp,pis_pin,detrended,0,NA,NA,NA,NA,0,0,0,,NA,NA,TRUE,FALSE
cep_spp,pit_bid,detrended,0,NA,NA,NA,NA,0,0,0,,NA,NA,TRUE,FALSE
cep_spp,pit_cha,detrended,0,NA,NA,NA,NA,0,0,0,,NA,NA,TRUE,FALSE
cep_spp,pit_spp,detrended,138,0.0047932483423247865,0.9555042716611196,-0.00571932171812534,0.9469190685293515,76,6,1,CZ,0.9788092538967567,0.9686249497563852,FALSE,FALSE
cep_spp,pol_pol,detrended,138,0.02633561135084974,0.7591383138138734,-0.0565744801810091,0.5098426905979516,84,6,1,CZ,0.8732670290495499,0.6541436211835526,FALSE,FALSE
cep_spp,pri_abi,detrended,138,0.15020107579304395,0.07867890863985609,0.1496818413247821,0.07972995548504772,73,6,1,CZ,0.193712899202956,0.1799323117692323,FALSE,FALSE
cep_spp,sap_car,detrended,0,NA,NA,NA,NA,0,0,0,,NA,NA,TRUE,FALSE
cep_spp,sco_int,detrended,138,-0.08159149030191827,0.3414257088892526,-0.022116993805780506,0.7968051063715391,55,6,1,CZ,0.5100328779054873,0.8581714442219784,FALSE,FALSE
cep_spp,sco_rat,detrended,138,-0.11943531412015745,0.16292993160737082,-0.11380879428478796,0.1838108378423769,44,6,1,CZ,0.3161194868686488,0.33651522620373614,FALSE,FALSE
cep_spp,sco_sco,detrended,0,NA,NA,NA,NA,0,0,0,,NA,NA,TRUE,FALSE
cep_spp,tet_gab,detrended,0,NA,NA,NA,NA,0,0,0,,NA,NA,TRUE,FALSE
cep_spp,tet_spp,detrended,0,NA,NA,NA,NA,0,0,0,,NA,NA,TRUE,FALSE
cep_spp,tha_pit,detrended,0,NA,NA,NA,NA,0,0,0,,NA,NA,TRUE,FALSE
cep_spp,tha_pro,detrended,0,NA,NA,NA,NA,0,0,0,,NA,NA,TRUE,FALSE
cep_spp,tom_spp,detrended,138,0.028311944192485547,0.7416788630457232,0.10924703588446284,0.20212875616938028,91,6,1,CZ,0.8610710702677176,0.3581139749502172,FALSE,FALSE
cep_spp,tor_vir,detrended,0,NA,NA,NA,NA,0,0,0,,NA,NA,TRUE,FALSE
cep_spp,uro_sir_spp,detrended,0,NA,NA,NA,NA,0,0,0,,NA,NA,TRUE,FALSE
cep_spp,xyl_lin,detrended,0,NA,NA,NA,NA,0,0,0,,NA,NA,TRUE,FALSE
cep_spp,xyl_spp,detrended,0,NA,NA,NA,NA,0,0,0,,NA,NA,TRUE,FALSE
cep_spp,zei_gri,detrended,115,0.1206167534314264,0.1991301341535236,0.09213288092795709,0.3274285533478214,51,5,1,CZ,0.3608601923492788,0.4995384339537275,FALSE,FALSE
clo_ana,den_mic,detrended,0,NA,NA,NA,NA,0,0,0,,NA,NA,TRUE,FALSE
clo_ana,den_pin,detrended,0,NA,NA,NA,NA,0,0,0,,NA,NA,TRUE,FALSE
clo_ana,dip_sp,detrended,0,NA,NA,NA,NA,0,0,0,,NA,NA,TRUE,FALSE
clo_ana,era_def,detrended,0,NA,NA,NA,NA,0,0,0,,NA,NA,TRUE,FALSE
clo_ana,geo_db,detrended,0,NA,NA,NA,NA,0,0,0,,NA,NA,TRUE,FALSE
clo_ana,ips_acu,detrended,0,NA,NA,NA,NA,0,0,0,,NA,NA,TRUE,FALSE
clo_ana,ips_ami,detrended,0,NA,NA,NA,NA,0,0,0,,NA,NA,TRUE,FALSE
clo_ana,ips_cem,detrended,0,NA,NA,NA,NA,0,0,0,,NA,NA,TRUE,FALSE
clo_ana,ips_dup,detrended,0,NA,NA,NA,NA,0,0,0,,NA,NA,TRUE,FALSE
clo_ana,ips_sex,detrended,0,NA,NA,NA,NA,0,0,0,,NA,NA,TRUE,FALSE
clo_ana,ips_typ,detrended,0,NA,NA,NA,NA,0,0,0,,NA,NA,TRUE,FALSE
clo_ana,lym_dis,detrended,0,NA,NA,NA,NA,0,0,0,,NA,NA,TRUE,FALSE
clo_ana,lym_mon,detrended,0,NA,NA,NA,NA,0,0,0,,NA,NA,TRUE,FALSE
clo_ana,mel_spp,detrended,0,NA,NA,NA,NA,0,0,0,,NA,NA,TRUE,FALSE
clo_ana,neo_ser,detrended,0,NA,NA,NA,NA,0,0,0,,NA,NA,TRUE,FALSE
clo_ana,ope_spp,detrended,0,NA,NA,NA,NA,0,0,0,,NA,NA,TRUE,FALSE
clo_ana,pan_fla,detrended,0,NA,NA,NA,NA,0,0,0,,NA,NA,TRUE,FALSE
clo_ana,pha_cya,detrended,0,NA,NA,NA,NA,0,0,0,,NA,NA,TRUE,FALSE
clo_ana,pis_pin,detrended,0,NA,NA,NA,NA,0,0,0,,NA,NA,TRUE,FALSE
clo_ana,pit_bid,detrended,0,NA,NA,NA,NA,0,0,0,,NA,NA,TRUE,FALSE
clo_ana,pit_cha,detrended,0,NA,NA,NA,NA,0,0,0,,NA,NA,TRUE,FALSE
clo_ana,pit_spp,detrended,0,NA,NA,NA,NA,0,0,0,,NA,NA,TRUE,FALSE
clo_ana,pol_pol,detrended,0,NA,NA,NA,NA,0,0,0,,NA,NA,TRUE,FALSE
clo_ana,pri_abi,detrended,0,NA,NA,NA,NA,0,0,0,,NA,NA,TRUE,FALSE
clo_ana,sap_car,detrended,0,NA,NA,NA,NA,0,0,0,,NA,NA,TRUE,FALSE
clo_ana,sco_int,detrended,0,NA,NA,NA,NA,0,0,0,,NA,NA,TRUE,FALSE
clo_ana,sco_rat,detrended,0,NA,NA,NA,NA,0,0,0,,NA,NA,TRUE,FALSE
clo_ana,sco_sco,detrended,0,NA,NA,NA,NA,0,0,0,,NA,NA,TRUE,FALSE
clo_ana,tet_gab,detrended,0,NA,NA,NA,NA,0,0,0,,NA,NA,TRUE,FALSE
clo_ana,tet_spp,detrended,0,NA,NA,NA,NA,0,0,0,,NA,NA,TRUE,FALSE
clo_ana,tha_pit,detrended,0,NA,NA,NA,NA,0,0,0,,NA,NA,TRUE,FALSE
clo_ana,tha_pro,detrended,0,NA,NA,NA,NA,0,0,0,,NA,NA,TRUE,FALSE
clo_ana,tom_spp,detrended,0,NA,NA,NA,NA,0,0,0,,NA,NA,TRUE,FALSE
clo_ana,tor_vir,detrended,0,NA,NA,NA,NA,0,0,0,,NA,NA,TRUE,FALSE
clo_ana,uro_sir_spp,detrended,0,NA,NA,NA,NA,0,0,0,,NA,NA,TRUE,FALSE
clo_ana,xyl_lin,detrended,0,NA,NA,NA,NA,0,0,0,,NA,NA,TRUE,FALSE
clo_ana,xyl_spp,detrended,0,NA,NA,NA,NA,0,0,0,,NA,NA,TRUE,FALSE
clo_ana,zei_gri,detrended,0,NA,NA,NA,NA,0,0,0,,NA,NA,TRUE,FALSE
den_mic,den_pin,detrended,0,NA,NA,NA,NA,0,0,0,,NA,NA,TRUE,FALSE
den_mic,dip_sp,detrended,0,NA,NA,NA,NA,0,0,0,,NA,NA,TRUE,FALSE
den_mic,era_def,detrended,0,NA,NA,NA,NA,0,0,0,,NA,NA,TRUE,FALSE
den_mic,geo_db,detrended,0,NA,NA,NA,NA,0,0,0,,NA,NA,TRUE,FALSE
den_mic,ips_acu,detrended,0,NA,NA,NA,NA,0,0,0,,NA,NA,TRUE,FALSE
den_mic,ips_ami,detrended,0,NA,NA,NA,NA,0,0,0,,NA,NA,TRUE,FALSE
den_mic,ips_cem,detrended,0,NA,NA,NA,NA,0,0,0,,NA,NA,TRUE,FALSE
den_mic,ips_dup,detrended,0,NA,NA,NA,NA,0,0,0,,NA,NA,TRUE,FALSE
den_mic,ips_sex,detrended,0,NA,NA,NA,NA,0,0,0,,NA,NA,TRUE,FALSE
den_mic,ips_typ,detrended,0,NA,NA,NA,NA,0,0,0,,NA,NA,TRUE,FALSE
den_mic,lym_dis,detrended,0,NA,NA,NA,NA,0,0,0,,NA,NA,TRUE,FALSE
den_mic,lym_mon,detrended,0,NA,NA,NA,NA,0,0,0,,NA,NA,TRUE,FALSE
den_mic,mel_spp,detrended,0,NA,NA,NA,NA,0,0,0,,NA,NA,TRUE,FALSE
den_mic,neo_ser,detrended,0,NA,NA,NA,NA,0,0,0,,NA,NA,TRUE,FALSE
den_mic,ope_spp,detrended,0,NA,NA,NA,NA,0,0,0,,NA,NA,TRUE,FALSE
den_mic,pan_fla,detrended,0,NA,NA,NA,NA,0,0,0,,NA,NA,TRUE,FALSE
den_mic,pha_cya,detrended,0,NA,NA,NA,NA,0,0,0,,NA,NA,TRUE,FALSE
den_mic,pis_pin,detrended,0,NA,NA,NA,NA,0,0,0,,NA,NA,TRUE,FALSE
den_mic,pit_bid,detrended,0,NA,NA,NA,NA,0,0,0,,NA,NA,TRUE,FALSE
den_mic,pit_cha,detrended,0,NA,NA,NA,NA,0,0,0,,NA,NA,TRUE,FALSE
den_mic,pit_spp,detrended,0,NA,NA,NA,NA,0,0,0,,NA,NA,TRUE,FALSE
den_mic,pol_pol,detrended,0,NA,NA,NA,NA,0,0,0,,NA,NA,TRUE,FALSE
den_mic,pri_abi,detrended,0,NA,NA,NA,NA,0,0,0,,NA,NA,TRUE,FALSE
den_mic,sap_car,detrended,0,NA,NA,NA,NA,0,0,0,,NA,NA,TRUE,FALSE
den_mic,sco_int,detrended,0,NA,NA,NA,NA,0,0,0,,NA,NA,TRUE,FALSE
den_mic,sco_rat,detrended,0,NA,NA,NA,NA,0,0,0,,NA,NA,TRUE,FALSE
den_mic,sco_sco,detrended,0,NA,NA,NA,NA,0,0,0,,NA,NA,TRUE,FALSE
den_mic,tet_gab,detrended,0,NA,NA,NA,NA,0,0,0,,NA,NA,TRUE,FALSE
den_mic,tet_spp,detrended,0,NA,NA,NA,NA,0,0,0,,NA,NA,TRUE,FALSE
den_mic,tha_pit,detrended,0,NA,NA,NA,NA,0,0,0,,NA,NA,TRUE,FALSE
den_mic,tha_pro,detrended,0,NA,NA,NA,NA,0,0,0,,NA,NA,TRUE,FALSE
den_mic,tom_spp,detrended,0,NA,NA,NA,NA,0,0,0,,NA,NA,TRUE,FALSE
den_mic,tor_vir,detrended,0,NA,NA,NA,NA,0,0,0,,NA,NA,TRUE,FALSE
den_mic,uro_sir_spp,detrended,0,NA,NA,NA,NA,0,0,0,,NA,NA,TRUE,FALSE
den_mic,xyl_lin,detrended,0,NA,NA,NA,NA,0,0,0,,NA,NA,TRUE,FALSE
den_mic,xyl_spp,detrended,0,NA,NA,NA,NA,0,0,0,,NA,NA,TRUE,FALSE
den_mic,zei_gri,detrended,0,NA,NA,NA,NA,0,0,0,,NA,NA,TRUE,FALSE
den_pin,dip_sp,detrended,246,0.24249881366080736,1.2224985033437803e-4,0.23897602489203448,1.5428061902737975e-4,130,12,2,"DE,PL",0.001195704015599259,0.0011356325977891664,FALSE,FALSE
den_pin,era_def,detrended,23,0.41599758802193293,0.048344083170427016,0.4169960474308301,0.047753648476345424,13,1,1,DE,0.13589635977828696,0.12005670778912195,FALSE,FALSE
den_pin,geo_db,detrended,223,0.13665132873398717,0.04147548806929181,0.12518504250567028,0.062005898597090325,101,11,2,"DE,PL",0.12236982843584444,0.14708375946286545,FALSE,FALSE
den_pin,ips_acu,detrended,126,-0.06622197798644582,0.4612799766085395,-0.10620772403449567,0.23655228244867924,23,6,2,"DE,PL",0.6358183461360949,0.39928683136727416,FALSE,FALSE
den_pin,ips_ami,detrended,0,NA,NA,NA,NA,0,0,0,,NA,NA,TRUE,FALSE
den_pin,ips_cem,detrended,46,0.16827662375082383,0.2636128274832438,0.21825470243601602,0.14506935964261275,24,2,1,DE,0.43973895113248573,0.2799446561752041,FALSE,FALSE
den_pin,ips_dup,detrended,0,NA,NA,NA,NA,0,0,0,,NA,NA,TRUE,FALSE
den_pin,ips_sex,detrended,46,-0.14348315254588703,0.34145058212720303,-0.036201048411964226,0.8112229601066804,23,2,1,DE,0.5100328779054873,0.8683855974755168,FALSE,FALSE
den_pin,ips_typ,detrended,246,0.05111197450862585,0.4248131693847135,0.03962532974086248,0.5361953292798203,152,12,2,"DE,PL",0.5947384371385989,0.6752089331671811,FALSE,FALSE
den_pin,lym_dis,detrended,23,0.0985840630404127,0.6545000243058061,0.13339920948616601,0.5439803025971466,2,1,1,DE,0.7934007085812318,0.680213548256327,FALSE,FALSE
den_pin,lym_mon,detrended,223,0.3278784178810558,5.503323321093743e-7,0.3487596741520508,8.908938812787937e-8,134,11,2,"DE,PL",1.3554436610668475e-5,1.6739427137712072e-6,FALSE,FALSE
den_pin,mel_spp,detrended,223,0.01760655891099008,0.7937341916284245,0.052829094308914935,0.43244100922035567,126,11,2,"DE,PL",0.8965869568707278,0.5949188450545934,FALSE,FALSE
den_pin,neo_ser,detrended,0,NA,NA,NA,NA,0,0,0,,NA,NA,TRUE,FALSE
den_pin,ope_spp,detrended,0,NA,NA,NA,NA,0,0,0,,NA,NA,TRUE,FALSE
den_pin,pan_fla,detrended,223,0.2910322084526131,9.979636768820075e-6,0.23975665287324477,3.0261631625087837e-4,86,11,2,"DE,PL",1.4541756434566396e-4,0.0019291790160993496,FALSE,FALSE
den_pin,pha_cya,detrended,246,-0.09894400802305618,0.12167710801831766,-0.1897223627280477,0.002810801792506689,152,12,2,"DE,PL",0.25856385453892505,0.012864823588780615,FALSE,FALSE
den_pin,pis_pin,detrended,23,0.026799617726130803,0.9033897897078371,-0.003952569169960474,0.9857196293836707,16,1,1,DE,0.9555856442242898,0.9900703415030837,FALSE,FALSE
den_pin,pit_bid,detrended,46,0.07182868103049267,0.6352344482803166,0.18211532531606534,0.22576710739879302,21,2,1,DE,0.7806495629468951,0.38749450644888994,FALSE,FALSE
den_pin,pit_cha,detrended,46,0.028316679495332654,0.8518135092531638,0.0912118408880666,0.5466000793592933,24,2,1,DE,0.9299615376250135,0.6822945046547823,FALSE,FALSE
den_pin,pit_spp,detrended,0,NA,NA,NA,NA,0,0,0,,NA,NA,TRUE,FALSE
den_pin,pol_pol,detrended,0,NA,NA,NA,NA,0,0,0,,NA,NA,TRUE,FALSE
den_pin,pri_abi,detrended,23,-0.3810560756881726,0.07282065158681202,-0.20652173913043478,0.34442573742791094,4,1,1,DE,0.1817970113041391,0.5199153837706731,FALSE,FALSE
den_pin,sap_car,detrended,0,NA,NA,NA,NA,0,0,0,,NA,NA,TRUE,FALSE
den_pin,sco_int,detrended,46,0.22477120600725534,0.13314627614379235,0.16275053962380512,0.27984170128241626,16,2,1,DE,0.27317942863984984,0.448366421292526,FALSE,FALSE
den_pin,sco_rat,detrended,23,0.054355030456109905,0.8054327868804951,0.045454545454545456,0.8368364960931192,16,1,1,DE,0.9018902087676188,0.8825720209903798,FALSE,FALSE
den_pin,sco_sco,detrended,23,0.36093371868918667,0.09063999887816133,0.3843873517786562,0.07014733357876941,12,1,1,DE,0.210119997399374,0.1615651489523915,FALSE,FALSE
den_pin,tet_gab,detrended,23,0.13542378614127087,0.537828609504071,0.15612648221343872,0.4768477376528468,9,1,1,DE,0.7020285688956247,0.6291098661596629,FALSE,FALSE
den_pin,tet_spp,detrended,0,NA,NA,NA,NA,0,0,0,,NA,NA,TRUE,FALSE
den_pin,tha_pit,detrended,23,-0.1946610938273684,0.3734348014141079,-0.24407114624505927,0.2617235917853156,7,1,1,DE,0.5463779676427726,0.42913766361763717,FALSE,FALSE
den_pin,tha_pro,detrended,23,0.23261925213950674,0.28546240927725214,0.2816205533596838,0.19297677326766194,11,1,1,DE,0.4632276368726319,0.3463143131833013,FALSE,FALSE
den_pin,tom_spp,detrended,146,0.06346266390038481,0.44665792416991834,0.1113030568864296,0.181066111395104,73,7,2,"DE,PL",0.6216642453359098,0.3350317473757008,FALSE,FALSE
den_pin,tor_vir,detrended,226,0.13039161378010453,0.050263796956912264,0.12436422231751848,0.061972900823631744,96,11,2,"DE,PL",0.14018887120013812,0.14708375946286545,FALSE,FALSE
den_pin,uro_sir_spp,detrended,0,NA,NA,NA,NA,0,0,0,,NA,NA,TRUE,FALSE
den_pin,xyl_lin,detrended,46,0.3567475217476855,0.01494689812992709,0.4336108541473943,0.0026090809990582512,24,2,1,DE,0.05616886981456812,0.012175711328938507,FALSE,FALSE
den_pin,xyl_spp,detrended,46,-0.03247524319570462,0.8303500581061304,0.2600678384212149,0.08089822707374447,23,2,1,DE,0.91775532738046,0.1799323117692323,FALSE,FALSE
den_pin,zei_gri,detrended,0,NA,NA,NA,NA,0,0,0,,NA,NA,TRUE,FALSE
dip_sp,era_def,detrended,23,-0.005757197380505951,0.9792007812709909,-0.030632411067193676,0.8896497392010414,14,1,1,DE,0.9874514821902616,0.9273137427584578,FALSE,FALSE
dip_sp,geo_db,detrended,326,-0.08003447721067469,0.14935223914953655,-0.09678011525256418,0.08102033128912274,149,16,2,"DE,PL",0.29704038649796405,0.1799323117692323,FALSE,FALSE
dip_sp,ips_acu,detrended,189,0.003841632401513829,0.9581593446549131,-0.008496418350841644,0.9076258784678644,39,9,2,"DE,PL",0.9798324191247992,0.9405586026502978,FALSE,FALSE
dip_sp,ips_ami,detrended,0,NA,NA,NA,NA,0,0,0,,NA,NA,TRUE,FALSE
dip_sp,ips_cem,detrended,92,0.2616749738330802,0.011747204517052386,0.24575004238398346,0.018213134456233408,43,4,1,DE,0.0460851869515132,0.05965219266858098,FALSE,FALSE
dip_sp,ips_dup,detrended,0,NA,NA,NA,NA,0,0,0,,NA,NA,TRUE,FALSE
dip_sp,ips_sex,detrended,69,0.011647073404812804,0.9243278717062693,0.057289002557544766,0.6400930009134511,36,3,1,DE,0.9632718613653314,0.7516881622569147,FALSE,FALSE
dip_sp,ips_typ,detrended,435,0.05223740896010835,0.2769904089098598,-0.009915925223453465,0.8366167145022038,281,21,3,"AT,DE,PL",0.45360355954504566,0.8825720209903798,FALSE,FALSE
dip_sp,lym_dis,detrended,111,0.19686880145229405,0.038361081657533,0.16281151281151282,0.08776264478500279,28,5,2,"AT,DE",0.11705047992939556,0.19104429383076826,FALSE,FALSE
dip_sp,lym_mon,detrended,326,0.10207603538854425,0.06565639693381634,0.09389871455723879,0.09052882078784583,195,16,2,"DE,PL",0.1698502442418292,0.1946915001280781,FALSE,FALSE
dip_sp,mel_spp,detrended,326,0.015609712687404551,0.7788828109247371,0.0318327409068671,0.5668528845860281,199,16,2,"DE,PL",0.8896322279522885,0.6978154475765932,FALSE,FALSE
dip_sp,neo_ser,detrended,23,-0.08648700274933498,0.6947751985211421,-0.003952569169960474,0.9857196293836707,4,1,1,DE,0.8234323749089069,0.9900703415030837,FALSE,FALSE
dip_sp,ope_spp,detrended,23,0.31380298838275344,0.14479922301436168,0.24110671936758896,0.2677434206454534,3,1,1,DE,0.29122998656973026,0.4344745507746676,FALSE,FALSE
dip_sp,pan_fla,detrended,283,0.11248358634546611,0.0587721797993051,0.12475711346494121,0.03593585521027863,124,14,2,"DE,PL",0.15716605384533275,0.09906641166076811,FALSE,FALSE
dip_sp,pha_cya,detrended,435,0.023839119851152137,0.6200044101628107,-0.03510147433364872,0.46525705009000584,273,21,3,"AT,DE,PL",0.7669311129177014,0.6220852692214685,FALSE,FALSE
dip_sp,pis_pin,detrended,46,0.18767404001637916,0.21167595418334706,0.08627813752698119,0.5685912024760126,29,2,1,DE,0.37878854959125263,0.6987506343681118,FALSE,FALSE
dip_sp,pit_bid,detrended,69,0.25479008702643025,0.03461912183664786,0.22718304713189627,0.060480242205754625,30,3,1,DE,0.10793909603216843,0.14442439108665153,FALSE,FALSE
dip_sp,pit_cha,detrended,155,0.18689373080359292,0.019884014892408337,0.12922561309658082,0.10903408639443596,80,7,2,"AT,DE",0.0713426463978872,0.22242953624464937,FALSE,FALSE
dip_sp,pit_spp,detrended,86,0.32073269989518327,0.0026056217167843383,0.180867022029341,0.09560932918091423,43,4,2,"AT,DE",0.014299818429787739,0.20019079482455354,FALSE,FALSE
dip_sp,pol_pol,detrended,0,NA,NA,NA,NA,0,0,0,,NA,NA,TRUE,FALSE
dip_sp,pri_abi,detrended,46,-0.03398767287614647,0.8225733588984966,-0.04989207523897625,0.741946210664578,10,2,1,DE,0.9105695786876381,0.8303285178910794,FALSE,FALSE
dip_sp,sap_car,detrended,0,NA,NA,NA,NA,0,0,0,,NA,NA,TRUE,FALSE
dip_sp,sco_int,detrended,92,-0.12765198151391247,0.2252743465330551,-0.10699258665598076,0.3100472598060149,26,4,1,DE,0.3971503294434601,0.48020334815942434,FALSE,FALSE
dip_sp,sco_rat,detrended,46,0.20398366467665557,0.17390692766968752,0.1787850755473327,0.2345121563700846,27,2,1,DE,0.33053455539562615,0.39724160075389847,FALSE,FALSE
dip_sp,sco_sco,detrended,23,-0.1341269822607823,0.5417652316147444,-0.21739130434782608,0.31904882862370176,13,1,1,DE,0.7045908476738205,0.4920004398328603,FALSE,FALSE
dip_sp,tet_gab,detrended,132,0.055768516536993974,0.5253423908225285,-0.011306893187166388,0.8976149339369474,52,6,2,"AT,DE",0.6972016116120545,0.9315364285334018,FALSE,FALSE
dip_sp,tet_spp,detrended,23,0.4332794117699095,0.03889377266699266,0.5701581027667985,0.004503831633144598,6,1,1,DE,0.11717364423726903,0.018916092859207312,FALSE,FALSE
dip_sp,tha_pit,detrended,23,-0.07979279797786025,0.7174189961041446,-0.04644268774703557,0.8333371995704251,11,1,1,DE,0.8397330544563267,0.881485571101161,FALSE,FALSE
dip_sp,tha_pro,detrended,46,-0.22161316355709368,0.13882956467434157,-0.19543632439099595,0.1930435527268262,19,2,1,DE,0.28160315107238604,0.3463143131833013,FALSE,FALSE
dip_sp,tom_spp,detrended,315,0.09845533090780212,0.08103656122164163,0.12948633779078025,0.021521769900553298,162,15,3,"AT,DE,PL",0.19630796564858635,0.06714399035531002,FALSE,FALSE
dip_sp,tor_vir,detrended,309,0.15138243715028715,0.007683850412520384,0.1587958236564563,0.005144610636081582,146,15,2,"DE,PL",0.033049814424937075,0.02135611624512936,FALSE,FALSE
dip_sp,uro_sir_spp,detrended,0,NA,NA,NA,NA,0,0,0,,NA,NA,TRUE,FALSE
dip_sp,xyl_lin,detrended,69,0.19763511304809503,0.10356970922113788,0.22557544757033252,0.06237263804496353,38,3,1,DE,0.23108991369966392,0.14746378663610582,FALSE,FALSE
dip_sp,xyl_spp,detrended,92,0.28103323103936434,0.0066548288264545435,0.2832637208513786,0.006217185504641,40,4,1,DE,0.030073087228408506,0.02513732674739984,FALSE,FALSE
dip_sp,zei_gri,detrended,0,NA,NA,NA,NA,0,0,0,,NA,NA,TRUE,FALSE
era_def,geo_db,detrended,0,NA,NA,NA,NA,0,0,0,,NA,NA,TRUE,FALSE
era_def,ips_acu,detrended,23,-0.2535959750402242,0.24297236321212243,-0.2875494071146245,0.1833737659091203,9,1,1,DE,0.4180295598396516,0.33651522620373614,FALSE,FALSE
era_def,ips_ami,detrended,0,NA,NA,NA,NA,0,0,0,,NA,NA,TRUE,FALSE
era_def,ips_cem,detrended,46,-0.1331861561361439,0.3775642677092774,-0.1097132284921369,0.46794394721694754,25,2,1,DE,0.5490445766688882,0.6245083706783188,FALSE,FALSE
era_def,ips_dup,detrended,0,NA,NA,NA,NA,0,0,0,,NA,NA,TRUE,FALSE
era_def,ips_sex,detrended,23,-0.13442188811025083,0.5408688364186292,-0.2292490118577075,0.2926972090293334,14,1,1,DE,0.7045908476738205,0.4613373228409361,FALSE,FALSE
era_def,ips_typ,detrended,46,-0.3826470683869661,0.008676744031192028,-0.3144619179771816,0.03330294335060568,24,2,1,DE,0.036018576966692493,0.09456504683306698,FALSE,FALSE
era_def,lym_dis,detrended,23,-0.451518394612244,0.030562460958071,-0.3596837944664032,0.09184514903971817,7,1,1,DE,0.09919608294683874,0.1963396299831101,FALSE,FALSE
era_def,lym_mon,detrended,46,0.38725517305280793,0.007841025804921865,0.34579093432007396,0.018580104602474754,19,2,1,DE,0.03332435967091792,0.060028030254149205,FALSE,FALSE
era_def,mel_spp,detrended,46,0.18196886401417972,0.22614691509591694,-0.10773974714770274,0.4760344288327175,10,2,1,DE,0.39770664378937115,0.6291098661596629,FALSE,FALSE
era_def,neo_ser,detrended,0,NA,NA,NA,NA,0,0,0,,NA,NA,TRUE,FALSE
era_def,ope_spp,detrended,23,0.38717921222842044,0.06796489296840247,0.3685770750988142,0.08352519372717142,8,1,1,DE,0.17393166157505147,0.18463463876532632,FALSE,FALSE
era_def,pan_fla,detrended,23,-0.36634728159891017,0.08555599163424994,-0.4189723320158103,0.046601538811272096,7,1,1,DE,0.2009440066672844,0.11883392396874384,FALSE,FALSE
era_def,pha_cya,detrended,46,0.04376485289539906,0.7727365822350475,-0.10786308973172987,0.47552661512678907,25,2,1,DE,0.8841889739035639,0.6291098661596629,FALSE,FALSE
era_def,pis_pin,detrended,23,0.25372372531400506,0.2427269769238571,0.25494071146245056,0.24039744964217147,14,1,1,DE,0.4180295598396516,0.403867715398848,FALSE,FALSE
era_def,pit_bid,detrended,23,0.16966980550159436,0.43895012955678814,0.15316205533596838,0.4853582092057983,13,1,1,DE,0.6121296728584897,0.6358637823356696,FALSE,FALSE
era_def,pit_cha,detrended,46,-0.2879964416678804,0.05227371694497596,-0.21097748997841503,0.15929739611200475,24,2,1,DE,0.14466447247563116,0.30089508154489786,FALSE,FALSE
era_def,pit_spp,detrended,23,-0.43394190214389455,0.038562831041373986,-0.3725296442687747,0.08001450088085127,10,1,1,DE,0.11711293573869064,0.1799323117692323,FALSE,FALSE
era_def,pol_pol,detrended,0,NA,NA,NA,NA,0,0,0,,NA,NA,TRUE,FALSE
era_def,pri_abi,detrended,23,-0.017178332862510134,0.9379907069063971,-0.12747035573122528,0.5621792565433881,6,1,1,DE,0.9692118158193451,0.6932573215405511,FALSE,FALSE
era_def,sap_car,detrended,0,NA,NA,NA,NA,0,0,0,,NA,NA,TRUE,FALSE
era_def,sco_int,detrended,23,0.24137136470714216,0.2672024551424218,0.25889328063241107,0.23293245624868344,12,1,1,DE,0.44110860507979455,0.39598517562276186,FALSE,FALSE
era_def,sco_rat,detrended,23,0.22467532996853223,0.3026960600412257,0.308300395256917,0.15236092668791032,13,1,1,DE,0.47815262581733436,0.2916506746787345,FALSE,FALSE
era_def,sco_sco,detrended,23,0.48065534108382674,0.020253924202524025,0.44466403162055335,0.0335083429254425,10,1,1,DE,0.07230650940301077,0.09456504683306698,FALSE,FALSE
era_def,tet_gab,detrended,23,0.2891110946592375,0.1808998759765885,0.3300395256916996,0.12404594103264524,9,1,1,DE,0.3390092163970713,0.2460244497147464,FALSE,FALSE
era_def,tet_spp,detrended,0,NA,NA,NA,NA,0,0,0,,NA,NA,TRUE,FALSE
era_def,tha_pit,detrended,23,0.053681588625271684,0.8077993867761035,-0.09090909090909091,0.679952898665358,3,1,1,DE,0.9018902087676188,0.7881272234530287,FALSE,FALSE
era_def,tha_pro,detrended,46,0.3994770133985834,0.005952972037569629,0.3031144002466852,0.04058977398571433,19,2,1,DE,0.02760014308327737,0.1089514985932332,FALSE,FALSE
era_def,tom_spp,detrended,46,0.15013182951989945,0.3193084809964881,0.28917668825161885,0.051273432036152346,25,2,1,DE,0.4924109188585151,0.12641080686301112,FALSE,FALSE
era_def,tor_vir,detrended,46,0.49171064765998046,5.196073772115123e-4,0.5238976256552574,1.8652055598033536e-4,21,2,1,DE,0.0038645798680106225,0.0013056438918623474,FALSE,FALSE
era_def,uro_sir_spp,detrended,0,NA,NA,NA,NA,0,0,0,,NA,NA,TRUE,FALSE
era_def,xyl_lin,detrended,46,-0.3480677052476375,0.01776924949622986,-0.2724020968239284,0.06702859843970917,25,2,1,DE,0.06539816567169134,0.15599370436102183,FALSE,FALSE
era_def,xyl_spp,detrended,46,-0.3409494833614015,0.020408644943078275,-0.192722787542399,0.19941990334239157,23,2,1,DE,0.0724963805440691,0.3550768353777246,FALSE,FALSE
era_def,zei_gri,detrended,0,NA,NA,NA,NA,0,0,0,,NA,NA,TRUE,FALSE
geo_db,ips_acu,detrended,247,-0.07114652580026863,0.26532394818692545,-0.03964648958230473,0.5351414498096398,61,12,4,"BG,DE,LT,PL",0.43973895113248573,0.675072429618521,FALSE,FALSE
geo_db,ips_ami,detrended,0,NA,NA,NA,NA,0,0,0,,NA,NA,TRUE,FALSE
geo_db,ips_cem,detrended,46,-0.5442143308422396,9.249204930857738e-5,-0.5771816219549799,2.6789652343010834e-5,32,2,1,DE,9.301313127651303e-4,2.550374903054631e-4,FALSE,FALSE
geo_db,ips_dup,detrended,22,-0.1666302334937174,0.45860312656453417,-0.15415019762845847,0.4933846289471191,4,1,1,RO,0.6333513198589504,0.6440157679492561,FALSE,FALSE
geo_db,ips_sex,detrended,64,-0.25738478937216003,0.04005047141328296,-0.3243131868131868,0.008937190852801629,41,3,2,"BG,DE",0.11964868865725538,0.03323517848385606,FALSE,FALSE
geo_db,ips_typ,detrended,452,-0.04520684809416352,0.337589090447013,-0.02759098179655855,0.5584943075769874,289,22,6,"BG,DE,HR,LT,PL,RO",0.5095953712033136,0.6920991156542484,FALSE,FALSE
geo_db,lym_dis,detrended,133,-0.05408167205887022,0.5364002489234567,-0.0888534089633854,0.30913053123768985,52,6,5,"BG,DE,HR,LT,RO",0.7020285688956247,0.4798243463124142,FALSE,FALSE
geo_db,lym_mon,detrended,346,0.10695951800525519,0.04680407526746139,0.09751990457104409,0.07002772666384147,167,17,3,"DE,LT,PL",0.13313987944608538,0.1615651489523915,FALSE,FALSE
geo_db,mel_spp,detrended,320,-0.11047795413718518,0.04831307067500907,-0.13045476518325375,0.019569644769152583,188,16,1,PL,0.13589635977828696,0.06202942683213013,FALSE,FALSE
geo_db,neo_ser,detrended,41,-0.10871301974539646,0.4986691010873575,-0.16968641114982583,0.2888546754837464,15,2,2,"BG,DE",0.6743366253340403,0.45628813782167016,FALSE,FALSE
geo_db,ope_spp,detrended,23,-0.6880616878359292,2.8461843824900533e-4,-0.808300395256917,3.0719411014780816e-6,0,1,1,DE,0.0023358340794228717,4.3867318929107006e-5,FALSE,FALSE
geo_db,pan_fla,detrended,260,-0.07651920686053519,0.2188118060556573,-0.06659702521771486,0.28468288887463156,103,13,1,PL,0.38960506115645716,0.452702856695962,FALSE,FALSE
geo_db,pha_cya,detrended,366,-0.06950032600618182,0.18461587947413352,-0.16664306768054601,0.0013763519005798594,222,18,2,"DE,PL",0.343270150897217,0.00730820255396062,FALSE,FALSE
geo_db,pis_pin,detrended,46,-0.0655118380060768,0.6653343803411921,-0.25303731113166816,0.0897556928204013,20,2,2,"DE,LT",0.8008565119112138,0.19361197786636414,FALSE,FALSE
geo_db,pit_bid,detrended,46,-0.32037381705393053,0.029957323129412315,-0.3604687018193031,0.013859196145257617,29,2,1,DE,0.09811710419449722,0.04803624295006766,FALSE,FALSE
geo_db,pit_cha,detrended,69,-0.19360329519328298,0.11095149750320067,-0.20621118012422363,0.08914050401611741,38,3,2,"DE,LT",0.24021167543945726,0.19345385977965904,FALSE,FALSE
geo_db,pit_spp,detrended,23,0.09638609571973523,0.6617528118572303,-0.0741106719367589,0.7368224254146725,21,1,1,HR,0.7981275467332136,0.827187439852321,FALSE,FALSE
geo_db,pol_pol,detrended,23,0.2916546523491768,0.17691990504445138,0.33794466403162055,0.11475994546630613,6,1,1,LT,0.33418204286174147,0.23278011665608686,FALSE,FALSE
geo_db,pri_abi,detrended,46,-0.44348231977818553,0.0020224667706806375,-0.4628430465618254,0.0012000761062394487,17,2,1,DE,0.011836403887426026,0.006540872823320353,FALSE,FALSE
geo_db,sap_car,detrended,0,NA,NA,NA,NA,0,0,0,,NA,NA,TRUE,FALSE
geo_db,sco_int,detrended,46,-0.009591689776627547,0.9495554176351011,-0.0755473327166204,0.6177794648333965,20,2,1,DE,0.9755144866064204,0.736384871270526,FALSE,FALSE
geo_db,sco_rat,detrended,46,0.1531456846746023,0.3095774261397518,0.24946037619488126,0.0945423548453174,17,2,2,"DE,LT",0.4833575333919494,0.19976377427543934,FALSE,FALSE
geo_db,sco_sco,detrended,0,NA,NA,NA,NA,0,0,0,,NA,NA,TRUE,FALSE
geo_db,tet_gab,detrended,23,-0.26059594723719326,0.2297642009662355,-0.30138339920948615,0.1622557158132591,6,1,1,DE,0.4030752813019463,0.3056743564397546,FALSE,FALSE
geo_db,tet_spp,detrended,0,NA,NA,NA,NA,0,0,0,,NA,NA,TRUE,FALSE
geo_db,tha_pit,detrended,41,0.33606787854842884,0.03169350368850155,0.2686411149825784,0.08944655104408925,33,2,2,"BG,HR",0.1010230430070987,0.19352981044084763,FALSE,FALSE
geo_db,tha_pro,detrended,0,NA,NA,NA,NA,0,0,0,,NA,NA,TRUE,FALSE
geo_db,tom_spp,detrended,269,-0.17445888651623628,0.004103992056333083,-0.22639836751804793,1.8064200976030206e-4,122,13,3,"DE,LT,PL",0.019535002188145474,0.0013028120703924815,FALSE,FALSE
geo_db,tor_vir,detrended,390,0.05778921463362013,0.25489757274032926,0.09582190142351615,0.058676526909367824,190,19,5,"BG,DE,LT,PL,RO",0.43332587365855973,0.14058738326606923,FALSE,FALSE
geo_db,uro_sir_spp,detrended,0,NA,NA,NA,NA,0,0,0,,NA,NA,TRUE,FALSE
geo_db,xyl_lin,detrended,46,0.26230923016306373,0.07822330489919545,0.3126117792167746,0.034411256086951315,33,2,1,DE,0.19333618698800928,0.09597514393001265,FALSE,FALSE
geo_db,xyl_spp,detrended,46,-0.24715080995385166,0.09773641746988107,-0.18926919518963922,0.20774818458314442,31,2,1,DE,0.2222414078773729,0.3653502556462195,FALSE,FALSE
geo_db,zei_gri,detrended,0,NA,NA,NA,NA,0,0,0,,NA,NA,TRUE,FALSE
ips_acu,ips_ami,detrended,0,NA,NA,NA,NA,0,0,0,,NA,NA,TRUE,FALSE
ips_acu,ips_cem,detrended,69,0.43625252413718607,1.78851522916178e-4,0.48122031421264166,2.842820506921337e-5,48,3,1,DE,0.0015962498420268886,2.6360699245997856e-4,FALSE,FALSE
ips_acu,ips_dup,detrended,182,0.26431479147685844,3.114686126455968e-4,0.28029492471119133,1.2687698814398845e-4,158,8,2,"CZ,SK",0.002498748195830968,9.637252078171038e-4,FALSE,FALSE
ips_acu,ips_sex,detrended,248,0.390828339122859,1.7801035023096855e-10,0.48640034868480053,3.9183374881650907e-16,192,11,3,"BG,CZ,DE",7.061077225828419e-9,2.543357242318068e-14,FALSE,FALSE
ips_acu,ips_typ,detrended,453,0.36016716432531054,2.5407277104250937e-15,0.37463316173981837,1.5305713408220413e-16,306,21,6,"BG,CZ,DE,LT,PL,SK",2.0156439836039074e-13,1.0928279373469377e-14,FALSE,FALSE
ips_acu,lym_dis,detrended,109,0.18926545417536472,0.04871680986937935,0.1742563247150403,0.06995427027464551,48,5,4,"BG,DE,LT,SK",0.1364070676342622,0.1615651489523915,FALSE,FALSE
ips_acu,lym_mon,detrended,324,0.22474946934462026,4.461144096096441e-5,0.22908911292812223,3.138675285610434e-5,140,15,4,"CZ,DE,LT,PL",4.882881745605605e-4,2.873095069135705e-4,FALSE,FALSE
ips_acu,mel_spp,detrended,183,0.17324967422691506,0.019007540309630318,0.19645892240332727,0.00768823603082886,56,9,2,"DE,PL",0.06924175398508187,0.029833698510933728,FALSE,FALSE
ips_acu,neo_ser,detrended,41,0.027404969912830483,0.864945221328391,0.10801393728222998,0.5014508183081456,26,2,2,"BG,DE",0.9357134667098048,0.650974335040029,FALSE,FALSE
ips_acu,ope_spp,detrended,23,0.38202894419701755,0.07203208138447947,0.42391304347826086,0.04381594508352875,8,1,1,DE,0.18045931967901171,0.11459554867999827,FALSE,FALSE
ips_acu,pan_fla,detrended,143,0.2175115103269795,0.00906609696390449,0.20401195049082368,0.014526334371003471,23,7,2,"DE,PL",0.037342857591305005,0.04962585043491138,FALSE,FALSE
ips_acu,pha_cya,detrended,390,-0.02691155331407156,0.5962154832814905,0.14055855320952396,0.005423908879607809,206,18,3,"CZ,DE,PL",0.7442145054340542,0.022385381156300437,FALSE,FALSE
ips_acu,pis_pin,detrended,69,-0.05208683835913911,0.6708000807207235,0.0013518450858604311,0.9912041999171208,50,3,2,"DE,LT",0.8027345352066881,0.9925943881357985,FALSE,FALSE
ips_acu,pit_bid,detrended,69,0.43706710237137003,1.733768878216773e-4,0.40833028863719406,4.957841433929609e-4,41,3,1,DE,0.001575289598436799,0.002999914223581136,FALSE,FALSE
ips_acu,pit_cha,detrended,114,0.27880263678224654,0.0026664027609765635,0.2478645632935745,0.007838917713180793,88,5,3,"DE,LT,SK",0.014299818429787739,0.030179949139739228,FALSE,FALSE
ips_acu,pit_spp,detrended,138,0.4852001170713694,1.627631891134398e-9,0.4912292317843598,9.510883410742476e-10,112,6,1,CZ,5.810645851349801e-8,2.8294878146958867e-8,FALSE,FALSE
ips_acu,pol_pol,detrended,184,0.2630501121929132,3.0902590591322854e-4,0.27041667469322495,2.0520481438463607e-4,144,8,2,"CZ,LT",0.002498748195830968,0.0013953927378155253,FALSE,FALSE
ips_acu,pri_abi,detrended,184,0.33269800147279643,3.943958341235542e-6,0.39361792298356796,3.2447828811025774e-8,110,8,2,"CZ,DE",7.039965639105444e-5,7.239921803460126e-7,FALSE,FALSE
ips_acu,sap_car,detrended,0,NA,NA,NA,NA,0,0,0,,NA,NA,TRUE,FALSE
ips_acu,sco_int,detrended,230,0.173633413240396,0.008314863730136568,0.16387603283369373,0.012824386174633284,122,10,2,"CZ,DE",0.035129069250399464,0.045329761033109726,FALSE,FALSE
ips_acu,sco_rat,detrended,230,0.14548213343294067,0.02737876430561194,0.13288177552464622,0.04409269807684581,108,10,3,"CZ,DE,LT",0.09177670288360058,0.11489849060900695,FALSE,FALSE
ips_acu,sco_sco,detrended,23,-0.10621904569690087,0.6295436743024128,-0.10770750988142291,0.6247226057643108,8,1,1,DE,0.7749899714688322,0.7397212943875919,FALSE,FALSE
ips_acu,tet_gab,detrended,46,0.2594071634731634,0.0817002180654428,0.21184088806660495,0.1575579750635369,14,2,1,DE,0.19641062524823621,0.29839892359513354,FALSE,FALSE
ips_acu,tet_spp,detrended,0,NA,NA,NA,NA,0,0,0,,NA,NA,TRUE,FALSE
ips_acu,tha_pit,detrended,41,0.12192006517196496,0.44763343294485736,0.244425087108014,0.12352380224142202,25,2,2,"BG,DE",0.621809865997331,0.24568686284930438,FALSE,FALSE
ips_acu,tha_pro,detrended,23,-0.20800257979707115,0.34090011485692195,-0.22826086956521738,0.2948398471870065,9,1,1,DE,0.5100328779054873,0.4626717602011487,FALSE,FALSE
ips_acu,tom_spp,detrended,353,0.17069432761303377,0.0012848673729580903,0.1968972203913626,1.9706580550675368e-4,208,16,4,"CZ,DE,LT,PL",0.007977350472105012,0.001366067816813807,FALSE,FALSE
ips_acu,tor_vir,detrended,270,-0.1315409912326635,0.030710122516005963,-0.16133524160520413,0.007904272393741226,83,13,4,"BG,DE,LT,PL",0.09919608294683874,0.030179949139739228,FALSE,FALSE
ips_acu,uro_sir_spp,detrended,0,NA,NA,NA,NA,0,0,0,,NA,NA,TRUE,FALSE
ips_acu,xyl_lin,detrended,69,-0.10742529355197258,0.37962596864311926,-0.048337595907928396,0.6932727715040701,47,3,1,DE,0.5499200531963174,0.7958147248455082,FALSE,FALSE
ips_acu,xyl_spp,detrended,69,0.0416985628244021,0.7337101088646891,0.04797223237120936,0.6954772905927751,45,3,1,DE,0.8545987238652334,0.7970638611287983,FALSE,FALSE
ips_acu,zei_gri,detrended,115,-0.24929335297957872,0.0072156160565803075,-0.3058391856703228,8.875150322582032e-4,58,5,1,CZ,0.03180215965677988,0.0051166674338187544,FALSE,FALSE
ips_ami,ips_cem,detrended,23,0.09353821314942702,0.6711940021266005,0.20553359683794467,0.3467902736143147,4,1,1,DE,0.8027345352066881,0.5212805376013079,FALSE,FALSE
ips_ami,ips_dup,detrended,0,NA,NA,NA,NA,0,0,0,,NA,NA,TRUE,FALSE
ips_ami,ips_sex,detrended,0,NA,NA,NA,NA,0,0,0,,NA,NA,TRUE,FALSE
ips_ami,ips_typ,detrended,23,0.1222032582492034,0.5785716401526193,0.09980237154150197,0.6504928119104102,7,1,1,DE,0.7293167208273112,0.7613965044328409,FALSE,FALSE
ips_ami,lym_dis,detrended,0,NA,NA,NA,NA,0,0,0,,NA,NA,TRUE,FALSE
ips_ami,lym_mon,detrended,0,NA,NA,NA,NA,0,0,0,,NA,NA,TRUE,FALSE
ips_ami,mel_spp,detrended,0,NA,NA,NA,NA,0,0,0,,NA,NA,TRUE,FALSE
ips_ami,neo_ser,detrended,0,NA,NA,NA,NA,0,0,0,,NA,NA,TRUE,FALSE
ips_ami,ope_spp,detrended,0,NA,NA,NA,NA,0,0,0,,NA,NA,TRUE,FALSE
ips_ami,pan_fla,detrended,0,NA,NA,NA,NA,0,0,0,,NA,NA,TRUE,FALSE
ips_ami,pha_cya,detrended,0,NA,NA,NA,NA,0,0,0,,NA,NA,TRUE,FALSE
ips_ami,pis_pin,detrended,0,NA,NA,NA,NA,0,0,0,,NA,NA,TRUE,FALSE
ips_ami,pit_bid,detrended,0,NA,NA,NA,NA,0,0,0,,NA,NA,TRUE,FALSE
ips_ami,pit_cha,detrended,23,0.20522961900213646,0.347519585924009,0.19367588932806323,0.3759056797129495,7,1,1,DE,0.5158606743237888,0.54331306743936425,FALSE,FALSE
ips_ami,pit_spp,detrended,0,NA,NA,NA,NA,0,0,0,,NA,NA,TRUE,FALSE
ips_ami,pol_pol,detrended,0,NA,NA,NA,NA,0,0,0,,NA,NA,TRUE,FALSE
ips_ami,pri_abi,detrended,0,NA,NA,NA,NA,0,0,0,,NA,NA,TRUE,FALSE
ips_ami,sap_car,detrended,0,NA,NA,NA,NA,0,0,0,,NA,NA,TRUE,FALSE
ips_ami,sco_int,detrended,0,NA,NA,NA,NA,0,0,0,,NA,NA,TRUE,FALSE
ips_ami,sco_rat,detrended,0,NA,NA,NA,NA,0,0,0,,NA,NA,TRUE,FALSE
ips_ami,sco_sco,detrended,0,NA,NA,NA,NA,0,0,0,,NA,NA,TRUE,FALSE
ips_ami,tet_gab,detrended,0,NA,NA,NA,NA,0,0,0,,NA,NA,TRUE,FALSE
ips_ami,tet_spp,detrended,23,0.06517578031428822,0.7676462082522224,0.16205533596837943,0.4600567015448339,3,1,1,DE,0.8811887342316509,0.6174445204943824,FALSE,FALSE
ips_ami,tha_pit,detrended,0,NA,NA,NA,NA,0,0,0,,NA,NA,TRUE,FALSE
ips_ami,tha_pro,detrended,0,NA,NA,NA,NA,0,0,0,,NA,NA,TRUE,FALSE
ips_ami,tom_spp,detrended,0,NA,NA,NA,NA,0,0,0,,NA,NA,TRUE,FALSE
ips_ami,tor_vir,detrended,23,0.5081681248952309,0.013295645979087844,0.2717391304347826,0.2097314194246668,5,1,1,DE,0.051038124887466244,0.3668177360396715,FALSE,FALSE
ips_ami,uro_sir_spp,detrended,0,NA,NA,NA,NA,0,0,0,,NA,NA,TRUE,FALSE
ips_ami,xyl_lin,detrended,23,0.47257516527577365,0.022778906171446883,0.5701581027667985,0.004503831633144598,7,1,1,DE,0.07930177818703368,0.018916092859207312,FALSE,FALSE
ips_ami,xyl_spp,detrended,0,NA,NA,NA,NA,0,0,0,,NA,NA,TRUE,FALSE
ips_ami,zei_gri,detrended,0,NA,NA,NA,NA,0,0,0,,NA,NA,TRUE,FALSE
ips_cem,ips_dup,detrended,0,NA,NA,NA,NA,0,0,0,,NA,NA,TRUE,FALSE
ips_cem,ips_sex,detrended,92,0.4825767767893089,1.1079147733095828e-6,0.6628700892375505,6.107379424095025e-13,71,4,1,DE,2.397124691342552e-5,2.5650993581199107e-11,FALSE,FALSE
ips_cem,ips_typ,detrended,253,0.5144691308430114,1.692635001373573e-18,0.5325912818209978,6.151772979849615e-20,188,11,1,DE,3.0213534774518277e-16,7.320609846021042e-18,FALSE,FALSE
ips_cem,lym_dis,detrended,138,0.3142541799947487,1.7429674828642452e-4,0.37113489151554024,7.418728616741314e-6,68,6,1,DE,0.001575289598436799,8.683561036644752e-5,FALSE,FALSE
ips_cem,lym_mon,detrended,69,-0.25861919247851406,0.03190053164063263,-0.25370843989769826,0.03542120202700194,38,3,1,DE,0.10123102040627423,0.098026117237517,FALSE,FALSE
ips_cem,mel_spp,detrended,138,0.22853717177503885,0.0070164841654457135,0.26514592832240075,0.0016729586444801682,70,6,1,DE,0.03111658195110708,0.008411918818020002,FALSE,FALSE
ips_cem,neo_ser,detrended,23,0.19624539799386323,0.3694809837012366,0.25,0.24994590679180823,11,1,1,DE,0.5417031260014024,0.4140635207641556,FALSE,FALSE
ips_cem,ope_spp,detrended,69,0.39150696992408146,8.792977811137346e-4,0.41907197661673373,3.384277582191692e-4,30,3,1,DE,0.0059228171293887405,0.0021196264856884806,FALSE,FALSE
ips_cem,pan_fla,detrended,46,0.2622822174794887,0.07825512330467042,0.43533765032377425,0.002496746990491722,15,2,1,DE,0.19333618698800928,0.01172814046849401,FALSE,FALSE
ips_cem,pha_cya,detrended,230,0.32306797401156534,5.505303385285515e-7,0.4343935161098632,5.2925742237225625e-12,171,10,1,DE,1.3554436610668475e-5,2.0993877754099498e-10,FALSE,FALSE
ips_cem,pis_pin,detrended,69,0.5049391007211653,9.664690268756131e-6,0.5417975886006577,1.5266617363425448e-6,48,3,1,DE,1.4376226774774745e-4,2.3192265526565468e-5,FALSE,FALSE
ips_cem,pit_bid,detrended,69,0.43164738872530867,2.1290445348019727e-4,0.5567409572524663,6.774085303913771e-7,57,3,1,DE,0.0018538265827422054,1.0748215348876516e-5,FALSE,FALSE
ips_cem,pit_cha,detrended,253,0.5444777733507002,6.262638779677079e-21,0.5459591760516102,4.6807920325320834e-21,184,11,1,DE,1.4905080295631449e-18,6.684171022455816e-19,FALSE,FALSE
ips_cem,pit_spp,detrended,69,0.3474728725002686,0.0034408315300380795,0.42736572890025576,2.4980354873167565e-4,55,3,1,DE,0.01704544446038122,0.0016514790166149667,FALSE,FALSE
ips_cem,pol_pol,detrended,0,NA,NA,NA,NA,0,0,0,,NA,NA,TRUE,FALSE
ips_cem,pri_abi,detrended,69,0.016142428442046573,0.8952627427273565,0.10632078918523934,0.38457342352752866,37,3,1,DE,0.9549640450526973,0.5513763542141676,FALSE,FALSE
ips_cem,sap_car,detrended,0,NA,NA,NA,NA,0,0,0,,NA,NA,TRUE,FALSE
ips_cem,sco_int,detrended,115,0.0362600917637264,0.7004412809655034,0.04886767142744418,0.6040169970899516,56,5,1,DE,0.8280050904128632,0.7272649846917798,FALSE,FALSE
ips_cem,sco_rat,detrended,46,0.08393786997373658,0.5791632783040412,0.09478877582485352,0.530915257659212,35,2,1,DE,0.7293167208273112,0.6721161240579386,FALSE,FALSE
ips_cem,sco_sco,detrended,23,0.11602106443108523,0.5980727448256797,0.16699604743083005,0.44630212952560666,13,1,1,DE,0.7442145054340542,0.6073351038932039,FALSE,FALSE
ips_cem,tet_gab,detrended,138,0.6304905908062108,1.1647284768092052e-16,0.6094833431889841,2.139974803798007e-15,82,6,1,DE,1.3860268874029542e-14,1.1753400076244438e-13,FALSE,FALSE
ips_cem,tet_spp,detrended,115,0.41126944255133735,4.973271177655163e-6,0.4683894894657935,1.299740992396212e-7,67,5,1,DE,8.454561002013778e-5,2.37952581684845e-6,FALSE,FALSE
ips_cem,tha_pit,detrended,23,-0.014406106179656635,0.9479833071656396,-0.06422924901185771,0.7709325113831808,11,1,1,DE,0.9753027108303555,0.8494534153203566,FALSE,FALSE
ips_cem,tha_pro,detrended,138,-0.06059557635016598,0.48018119671972104,-0.026121660589649508,0.7610358955954338,89,6,1,DE,0.6580602196888308,0.8411449372370585,FALSE,FALSE
ips_cem,tom_spp,detrended,230,0.3180569715182252,8.401522263371187e-7,0.33670809919148637,1.6751608338065474e-7,160,10,1,DE,1.935060289047428e-5,2.9172313057021337e-6,FALSE,FALSE
ips_cem,tor_vir,detrended,161,0.14900445696792322,0.05923191615404673,0.2108321831147918,0.007262525954083596,91,7,1,DE,0.1578044333357812,0.028491447973712565,FALSE,FALSE
ips_cem,uro_sir_spp,detrended,23,0.0071017265614027455,0.9743447604444873,0.018774703557312252,0.9322405344278781,9,1,1,DE,0.9874514821902616,0.9632702483089797,FALSE,FALSE
ips_cem,xyl_lin,detrended,184,0.2712765998698904,1.9547832016760823e-4,0.3336922810194371,3.6752460002161844e-6,130,8,1,DE,0.0017231051925885466,5.145344400302658e-5,FALSE,FALSE
ips_cem,xyl_spp,detrended,161,0.33902757160537983,1.0862070522552996e-5,0.43195882217621345,1.0561544905023535e-8,109,7,1,DE,1.5511036706205677e-4,2.7929418748840015e-7,FALSE,FALSE
ips_cem,zei_gri,detrended,0,NA,NA,NA,NA,0,0,0,,NA,NA,TRUE,FALSE
ips_dup,ips_sex,detrended,161,0.2969659054152258,1.3057219696663934e-4,0.3413647342995169,9.35627801578361e-6,135,7,1,CZ,0.0012430473151224064,1.043809766135859e-4,FALSE,FALSE
ips_dup,ips_typ,detrended,227,0.49917987429685384,1.0453655221141625e-15,0.5354536295907208,3.0507542063553024e-18,183,10,3,"CZ,RO,SK",1.0662728325564458e-13,2.7227981291721073e-16,FALSE,FALSE
ips_dup,lym_dis,detrended,43,-0.4023463593930215,0.0074795934397968835,-0.39338568408335856,0.009060914865486198,16,2,2,"RO,SK",0.0325635958293596,0.03352069022775723,FALSE,FALSE
ips_dup,lym_mon,detrended,115,0.370509358278482,4.583509629075158e-5,0.3500670717272943,1.25500129764081e-4,77,5,1,CZ,4.884516231581586e-4,9.635171252855252e-4,FALSE,FALSE
ips_dup,mel_spp,detrended,0,NA,NA,NA,NA,0,0,0,,NA,NA,TRUE,FALSE
ips_dup,neo_ser,detrended,0,NA,NA,NA,NA,0,0,0,,NA,NA,TRUE,FALSE
ips_dup,ope_spp,detrended,0,NA,NA,NA,NA,0,0,0,,NA,NA,TRUE,FALSE
ips_dup,pan_fla,detrended,0,NA,NA,NA,NA,0,0,0,,NA,NA,TRUE,FALSE
ips_dup,pha_cya,detrended,161,0.23970894485138836,0.0021938972130514925,0.3146537842190016,4.800281948339632e-5,132,7,1,CZ,0.012632601694506173,4.080239656088687e-4,FALSE,FALSE
ips_dup,pis_pin,detrended,0,NA,NA,NA,NA,0,0,0,,NA,NA,TRUE,FALSE
ips_dup,pit_bid,detrended,0,NA,NA,NA,NA,0,0,0,,NA,NA,TRUE,FALSE
ips_dup,pit_cha,detrended,21,0.2256958228653915,0.3252595945122254,0.15844155844155844,0.49273603731315285,21,1,1,SK,0.49943086125103,0.6440157679492561,FALSE,FALSE
ips_dup,pit_spp,detrended,138,0.21746152615104442,0.010404268940675669,0.2782284486596695,9.524547856660219e-4,115,6,1,CZ,0.04150082694772306,0.005397243785440791,FALSE,FALSE
ips_dup,pol_pol,detrended,184,0.14146602321159632,0.05542802815999927,0.17297682572094544,0.018868944912030398,132,8,1,CZ,0.1499076216145435,0.06041446935959508,FALSE,FALSE
ips_dup,pri_abi,detrended,161,0.0023458648152265495,0.9764388641731309,0.00530250747642052,0.9467747588155584,94,7,1,CZ,0.9874514821902616,0.9686249497563852,FALSE,FALSE
ips_dup,sap_car,detrended,0,NA,NA,NA,NA,0,0,0,,NA,NA,TRUE,FALSE
ips_dup,sco_int,detrended,161,-0.06518594889599827,0.41133508154845366,-0.07299574419139636,0.35745592161939777,85,7,1,CZ,0.5838831972675863,0.5281478688509181,FALSE,FALSE
ips_dup,sco_rat,detrended,161,0.08038709541849985,0.31072984289482464,0.11318438003220611,0.1528443404805122,78,7,1,CZ,0.4833575333919494,0.2917937409173415,FALSE,FALSE
ips_dup,sco_sco,detrended,0,NA,NA,NA,NA,0,0,0,,NA,NA,TRUE,FALSE
ips_dup,tet_gab,detrended,0,NA,NA,NA,NA,0,0,0,,NA,NA,TRUE,FALSE
ips_dup,tet_spp,detrended,0,NA,NA,NA,NA,0,0,0,,NA,NA,TRUE,FALSE
ips_dup,tha_pit,detrended,0,NA,NA,NA,NA,0,0,0,,NA,NA,TRUE,FALSE
ips_dup,tha_pro,detrended,0,NA,NA,NA,NA,0,0,0,,NA,NA,TRUE,FALSE
ips_dup,tom_spp,detrended,184,0.250686882301372,5.985261892638276e-4,0.31247905068289955,1.571487251496845e-5,150,8,1,CZ,0.004366234040242504,1.6029169965267817e-4,FALSE,FALSE
ips_dup,tor_vir,detrended,22,0.31997308716008094,0.1465879940487293,0.3664596273291925,0.09345377564913737,6,1,1,RO,0.2927818529539506,0.19918207705517638,FALSE,FALSE
ips_dup,uro_sir_spp,detrended,0,NA,NA,NA,NA,0,0,0,,NA,NA,TRUE,FALSE
ips_dup,xyl_lin,detrended,0,NA,NA,NA,NA,0,0,0,,NA,NA,TRUE,FALSE
ips_dup,xyl_spp,detrended,0,NA,NA,NA,NA,0,0,0,,NA,NA,TRUE,FALSE
ips_dup,zei_gri,detrended,115,0.039169900707090886,0.6776872132054407,0.002667087508877141,0.9774317136450439,62,5,1,CZ,0.8091449334927837,0.9893427986997174,FALSE,FALSE
ips_sex,ips_typ,detrended,271,0.40959829059292374,2.1845614406662577e-12,0.5544841183705954,3.017782179419191e-23,228,12,3,"BG,CZ,DE",1.4179789714870072e-10,5.386741190263257e-21,FALSE,FALSE
ips_sex,lym_dis,detrended,64,-0.08946368031442428,0.4820464097759628,0.0014194139194139194,0.9911185248563534,27,3,2,"BG,DE",0.659350836360225,0.9925943881357985,FALSE,FALSE
ips_sex,lym_mon,detrended,161,-0.04781606638337727,0.5469511052572954,0.051084080975385325,0.519864597092661,102,7,2,"CZ,DE",0.7086995804897198,0.6628273612931427,FALSE,FALSE
ips_sex,mel_spp,detrended,23,0.4755103808278303,0.021833950661047402,0.5958498023715415,0.0026980519210933053,8,1,1,DE,0.07679527473885638,0.012509149815978053,FALSE,FALSE
ips_sex,neo_ser,detrended,41,0.29405718097798844,0.062020139545285964,0.318815331010453,0.04219005315809823,25,2,2,"BG,DE",0.1622065188107479,0.11156925168474864,FALSE,FALSE
ips_sex,ope_spp,detrended,46,0.38045595026551216,0.009100360253343235,0.5527597903176071,6.792497267498401e-5,14,2,1,DE,0.037342857591305005,5.574532240222826e-4,FALSE,FALSE
ips_sex,pan_fla,detrended,23,-0.19094078972833867,0.38281409469562666,0.10869565217391304,0.6215302402954626,8,1,1,DE,0.5521803305306615,0.7396209859516004,FALSE,FALSE
ips_sex,pha_cya,detrended,253,0.5122968233187137,2.485566109296382e-18,0.6032210400577399,1.8313391508344177e-26,198,11,2,"CZ,DE",3.549388404075234e-16,4.358587178985914e-24,FALSE,FALSE
ips_sex,pis_pin,detrended,46,0.2732824680891414,0.06611588648204768,0.2520505704594511,0.0910569250283123,41,2,1,DE,0.1704214546865778,0.19523917258322815,FALSE,FALSE
ips_sex,pit_bid,detrended,69,0.5095198153502727,7.773368098738183e-6,0.6369747899159665,4.005548406842918e-9,57,3,1,DE,1.206561917934579e-4,1.1439846249943375e-7,FALSE,FALSE
ips_sex,pit_cha,detrended,92,0.3237034688301442,0.0016461230809627202,0.5290137632353621,5.924012630161876e-8,71,4,1,DE,0.009960439659384595,1.174929171648772e-6,FALSE,FALSE
ips_sex,pit_spp,detrended,138,0.4233294537191468,2.3022902998486476e-7,0.442100144067545,5.67867462438756e-8,113,6,1,CZ,6.575341096367737e-6,1.158449623375062e-6,FALSE,FALSE
ips_sex,pol_pol,detrended,161,0.23899064354024255,0.0022642073727278766,0.19305843110190937,0.014140335720254792,123,7,1,CZ,0.01293315251302163,0.048773911614791894,FALSE,FALSE
ips_sex,pri_abi,detrended,184,0.17421862240766303,0.018018939191731687,0.251505461270251,5.734666849256925e-4,114,8,2,"CZ,DE",0.06597703888664833,0.003383927380470615,FALSE,FALSE
ips_sex,sap_car,detrended,0,NA,NA,NA,NA,0,0,0,,NA,NA,TRUE,FALSE
ips_sex,sco_int,detrended,230,0.14611600327766666,0.026705820199323615,0.1330563493844299,0.04381282585405613,128,10,2,"CZ,DE",0.08994318689772197,0.11459554867999827,FALSE,FALSE
ips_sex,sco_rat,detrended,207,0.20785678050062187,0.002652997739934176,0.13861469190722042,0.04638558987225332,109,9,2,"CZ,DE",0.014299818429787739,0.1187072084902827,FALSE,FALSE
ips_sex,sco_sco,detrended,23,0.04146671307458035,0.8509883323449712,-0.007905138339920948,0.9714434970216935,13,1,1,DE,0.9299615376250135,0.9852424103316607,FALSE,FALSE
ips_sex,tet_gab,detrended,46,0.44629229529167647,0.0018784259012051613,0.45507246376811594,0.0014851559622981601,18,2,1,DE,0.011084265235210621,0.00774015589110136,FALSE,FALSE
ips_sex,tet_spp,detrended,0,NA,NA,NA,NA,0,0,0,,NA,NA,TRUE,FALSE
ips_sex,tha_pit,detrended,41,0.3288790236616722,0.03577040524134131,0.3198606271777004,0.041482513475982884,25,2,2,"BG,DE",0.11056307074596405,0.11010600231171665,FALSE,FALSE
ips_sex,tha_pro,detrended,46,-0.12114256381379317,0.42256616246780954,-0.058526056120875726,0.6992371761737834,19,2,1,DE,0.5927548919489509,0.8000886919680791,FALSE,FALSE
ips_sex,tom_spp,detrended,253,0.4316500292232469,6.624510735400427e-13,0.49759170419903054,3.120552632421575e-17,211,11,2,"CZ,DE",4.729900665075905e-11,2.475638421721116e-15,FALSE,FALSE
ips_sex,tor_vir,detrended,110,0.014001463621759873,0.8845702004602487,0.026053242567004035,0.787027070959522,65,5,2,"BG,DE",0.9469012340758883,0.8552234450122337,FALSE,FALSE
ips_sex,uro_sir_spp,detrended,0,NA,NA,NA,NA,0,0,0,,NA,NA,TRUE,FALSE
ips_sex,xyl_lin,detrended,92,0.12019086795470746,0.25378228082662785,0.20911486830140405,0.04544508242311184,71,4,1,DE,0.43245954298380024,0.1171400319498262,FALSE,FALSE
ips_sex,xyl_spp,detrended,92,0.35114020297387005,5.992870251313241e-4,0.45065733705284894,6.549842462229534e-6,69,4,1,DE,0.004366234040242504,7.794312530053145e-5,FALSE,FALSE
ips_sex,zei_gri,detrended,115,-0.2013942549976716,0.030905674706961053,-0.20443462479286675,0.028410687202576897,57,5,1,CZ,0.09919608294683874,0.08452179442766627,FALSE,FALSE
ips_typ,lym_dis,detrended,373,0.21912420575405206,1.9565745184897177e-5,0.22157642785558399,1.5688755770458917e-5,212,17,9,"AT,BG,DE,HR,HU,LT,RO,RS,SK",2.539989465821197e-4,1.6029169965267817e-4,FALSE,FALSE
ips_typ,lym_mon,detrended,507,0.010913446343797768,0.8063518071977972,0.015343069486803196,0.7303633429016987,368,24,4,"CZ,DE,LT,PL",0.9018902087676188,0.8251256753667925,FALSE,FALSE
ips_typ,mel_spp,detrended,478,0.02620338867021889,0.5676686188242626,0.057424211284627755,0.21012388521040007,365,23,2,"DE,PL",0.7224873330490614,0.3668177360396715,FALSE,FALSE
ips_typ,neo_ser,detrended,41,-0.09926711743779215,0.5369108469037427,0.04146341463414635,0.7968734839204086,27,2,2,"BG,DE",0.7020285688956247,0.8581714442219784,FALSE,FALSE
ips_typ,ope_spp,detrended,69,0.165528805516472,0.17406301516632414,0.30621118012422366,0.010500357433967725,29,3,1,DE,0.33053455539562615,0.03796490722975438,FALSE,FALSE
ips_typ,pan_fla,detrended,306,0.2339570812180128,3.575377188457968e-5,0.2511435203653737,8.719574777119511e-6,159,15,2,"DE,PL",4.15641446875166e-4,1.0041574823973114e-4,FALSE,FALSE
ips_typ,pha_cya,detrended,816,0.3303735858577444,3.1215324423649898e-22,0.4287870261455087,7.952521206858892e-38,668,38,4,"AT,CZ,DE,PL",1.1143870819243014e-19,2.8390500708486244e-35,FALSE,FALSE
ips_typ,pis_pin,detrended,92,0.4128625455886922,4.31545712021591e-5,0.35790576884546027,4.6046423535196903e-4,68,4,2,"DE,LT",4.8144318497408744e-4,0.0028100125131735546,FALSE,FALSE
ips_typ,pit_bid,detrended,69,0.5375857101809173,1.9061952041909193e-6,0.6217025940811108,1.1903262912946194e-8,58,3,1,DE,3.67844155619545e-5,2.930665420635718e-7,FALSE,FALSE
ips_typ,pit_cha,detrended,510,0.7569800849095674,6.207096680707209e-96,0.7145161242902308,7.64983232417201e-81,430,23,5,"AT,DE,LT,SI,SK",4.431867030024948e-93,5.461980279458815e-78,FALSE,FALSE
ips_typ,pit_spp,detrended,400,0.320102003918376,5.5538658059015224e-11,0.38874280464252897,7.022302286003433e-16,352,18,5,"AT,CZ,DE,HR,SI",2.6436401236091246e-9,4.1782698601720423e-14,FALSE,FALSE
ips_typ,pol_pol,detrended,207,0.2306466491389001,8.27201939989311e-4,0.22930940243097275,8.886089100749658e-4,161,9,2,"CZ,LT",0.005750387018955873,0.0051166674338187544,FALSE,FALSE
ips_typ,pri_abi,detrended,230,0.04114667466494978,0.5346764036129239,0.13112420141089212,0.04699484183642648,146,10,2,"CZ,DE",0.7020285688956247,0.11916286574736565,FALSE,FALSE
ips_typ,sap_car,detrended,0,NA,NA,NA,NA,0,0,0,,NA,NA,TRUE,FALSE
ips_typ,sco_int,detrended,276,0.0027249775555437295,0.964055218733689,-0.02048886288723049,0.7347021618651738,146,12,2,"CZ,DE",0.9798324191247992,0.827187439852321,FALSE,FALSE
ips_typ,sco_rat,detrended,230,0.13600375377168497,0.039308105787213,0.13788030841381896,0.036648683531656574,121,10,3,"CZ,DE,LT",0.117924317361639,0.10064292323693383,FALSE,FALSE
ips_typ,sco_sco,detrended,23,-0.24283855036043672,0.2642159962833769,-0.2509881422924901,0.24801687332012523,13,1,1,DE,0.43973895113248573,0.41278332762370584,FALSE,FALSE
ips_typ,tet_gab,detrended,222,0.498692183466255,2.3256302203939144e-15,0.4196562489888789,6.984899728630045e-11,149,10,2,"AT,DE",2.0156439836039074e-13,2.3748659077342153e-9,FALSE,FALSE
ips_typ,tet_spp,detrended,115,0.3038180767156276,9.638137653137819e-4,0.3327467845024856,2.7967144140614487e-4,66,5,1,DE,0.006371879892907779,0.0018319762308622702,FALSE,FALSE
ips_typ,tha_pit,detrended,64,0.03488563366046102,0.7843399110659801,0.07628205128205127,0.5491044016233486,52,3,3,"BG,DE,HR",0.8917495167215125,0.6842243329128638,FALSE,FALSE
ips_typ,tha_pro,detrended,138,-0.1362634568968997,0.11102220293420294,-0.10536565986817018,0.21872166751736014,85,6,1,DE,0.24021167543945726,0.3790467733189202,FALSE,FALSE
ips_typ,tom_spp,detrended,804,0.1512819026839478,1.6494272544093568e-5,0.17733513231010853,4.1781309176986173e-7,620,37,5,"AT,CZ,DE,LT,PL",2.2220586031099636e-4,6.937640640085612e-6,FALSE,FALSE
ips_typ,tor_vir,detrended,524,0.14353813872070856,9.843253007216616e-4,0.07649743218700934,0.08020659044132954,323,25,5,"BG,DE,LT,PL,RO",0.006447782245094187,0.1799323117692323,FALSE,FALSE
ips_typ,uro_sir_spp,detrended,23,0.2953713270202831,0.17121364666862568,0.25395256916996045,0.24228781093936375,8,1,1,DE,0.3268624163673763,0.4051369953412312,FALSE,FALSE
ips_typ,xyl_lin,detrended,184,0.2693305090131739,2.1813481227530717e-4,0.27822619483346495,1.3124598857182197e-4,132,8,1,DE,0.0018764850116213172,9.86417219371378e-4,FALSE,FALSE
ips_typ,xyl_spp,detrended,161,0.13718791613359538,0.08267515433477897,0.3377156659765355,1.1804925364693994e-5,107,7,1,DE,0.19697859047800673,1.2770782894532594e-4,FALSE,FALSE
ips_typ,zei_gri,detrended,115,-0.1466555976321132,0.11781888985424084,-0.2004576659038902,0.031710691192658104,62,5,1,CZ,0.2511124995699342,0.09129610286918502,FALSE,FALSE
lym_dis,lym_mon,detrended,69,0.0029916086329722616,0.9805365558443914,0.08761417610522472,0.47407738331207283,18,3,2,"DE,LT",0.9874514821902616,0.6291098661596629,FALSE,FALSE
lym_dis,mel_spp,detrended,92,0.042881651669720716,0.6848385013654659,0.11813572122127519,0.2620504500522266,40,4,1,DE,0.8149578166249043,0.42913766361763717,FALSE,FALSE
lym_dis,neo_ser,detrended,41,0.2005108055797214,0.20875268257648114,0.24494773519163768,0.12269802598896572,19,2,2,"BG,DE",0.37449601849147623,0.24539605197793143,FALSE,FALSE
lym_dis,ope_spp,detrended,46,0.21784081102692598,0.1458524665371979,0.1906259636139377,0.20444779267633484,18,2,1,DE,0.2925243289538183,0.36043388634790885,FALSE,FALSE
lym_dis,pan_fla,detrended,23,0.6558949714050748,6.785479111823561e-4,0.7855731225296442,8.943397050556462e-6,6,1,1,DE,0.004844832085842022,1.0135849990630658e-4,FALSE,FALSE
lym_dis,pha_cya,detrended,201,0.2429525977990737,5.105097393045076e-4,0.3323171272351116,1.4376909387529864e-6,94,9,2,"AT,DE",0.003836883724878089,2.2315463701513746e-5,FALSE,FALSE
lym_dis,pis_pin,detrended,69,0.3233558472440915,0.006725305887004564,0.31450493240774574,0.008490972581399381,26,3,2,"DE,LT",0.03020043020956767,0.03207700752973099,FALSE,FALSE
lym_dis,pit_bid,detrended,46,0.45034677444355836,0.001686617482719773,0.47419056429232187,8.711326216466963e-4,19,2,1,DE,0.010119704896318638,0.005098267966030665,FALSE,FALSE
lym_dis,pit_cha,detrended,267,0.19304369603512705,0.0015274076463833023,0.24951864820528596,3.732448443790546e-5,126,12,4,"AT,DE,LT,SK",0.009401457409635154,3.373377454261329e-4,FALSE,FALSE
lym_dis,pit_spp,detrended,155,0.18798603256833712,0.01916090826091886,0.16736167058747703,0.0373905298511043,89,7,3,"AT,DE,HR",0.06933491302858955,0.10228673683405544,FALSE,FALSE
lym_dis,pol_pol,detrended,23,0.35342632545535546,0.09805836865389557,0.3883399209486166,0.06707292330368865,7,1,1,LT,0.22226563561549662,0.15599370436102183,FALSE,FALSE
lym_dis,pri_abi,detrended,69,-0.03424404412584712,0.7799856788489251,-0.045414687614176115,0.7109785260609095,16,3,1,DE,0.8896322279522885,0.8083418274004609,FALSE,FALSE
lym_dis,sap_car,detrended,0,NA,NA,NA,NA,0,0,0,,NA,NA,TRUE,FALSE
lym_dis,sco_int,detrended,92,0.0619495903758738,0.5574460492592179,0.10796356518656657,0.3056514191102025,22,4,1,DE,0.7146287562800133,0.47649588044690955,FALSE,FALSE
lym_dis,sco_rat,detrended,46,0.18330972337109375,0.22268616644580067,0.07579401788467467,0.6166287457803876,10,2,2,"DE,LT",0.39551722100075043,0.7362423486407973,FALSE,FALSE
lym_dis,sco_sco,detrended,0,NA,NA,NA,NA,0,0,0,,NA,NA,TRUE,FALSE
lym_dis,tet_gab,detrended,155,0.2425972244139423,0.002354568454325862,0.2944926041700235,1.9957318026594484e-4,60,7,2,"AT,DE",0.013237495089674532,0.0013701466414411982,FALSE,FALSE
lym_dis,tet_spp,detrended,69,0.35392181381282123,0.002850695526064812,0.4065400073072708,5.277119859063923e-4,31,3,1,DE,0.014749250765291853,0.0031662719154383536,FALSE,FALSE
lym_dis,tha_pit,detrended,41,-0.29483649684045166,0.06129942785899925,-0.1841463414634147,0.2491006786422077,27,2,2,"BG,HR",0.1620546407830844,0.4136229873268286,FALSE,FALSE
lym_dis,tha_pro,detrended,69,0.053817207868015596,0.6605232003816526,0.10873218852758497,0.3738216107216964,40,3,1,DE,0.7979924958925549,0.542497215559535,FALSE,FALSE
lym_dis,tom_spp,detrended,245,0.1628631428020997,0.010672466302339518,0.23666614986658402,1.849603560779617e-4,110,11,3,"AT,DE,LT",0.04210022618712937,0.0013056438918623474,FALSE,FALSE
lym_dis,tor_vir,detrended,133,0.10337275705136212,0.2363834928438334,0.0869354526070944,0.31973137826673276,65,6,4,"BG,DE,LT,RO",0.41265969166380695,0.4920004398328603,FALSE,FALSE
lym_dis,uro_sir_spp,detrended,0,NA,NA,NA,NA,0,0,0,,NA,NA,TRUE,FALSE
lym_dis,xyl_lin,detrended,69,-0.06894888933899063,0.5734757829458746,0.06843259042747535,0.5763565089526919,36,3,1,DE,0.7272854511960115,0.7039487859923678,FALSE,FALSE
lym_dis,xyl_spp,detrended,92,0.16108077671136828,0.12504353880753086,0.23132407564385118,0.026511857464934525,39,4,1,DE,0.26414522694845277,0.0798711655272711,FALSE,FALSE
lym_dis,zei_gri,detrended,0,NA,NA,NA,NA,0,0,0,,NA,NA,TRUE,FALSE
lym_mon,mel_spp,detrended,346,0.13008591775938144,0.015466023652714175,0.08432469311145764,0.11743209576381805,229,17,2,"DE,PL",0.057815397319570264,0.23618737007145377,FALSE,FALSE
lym_mon,neo_ser,detrended,23,-0.2759096209979527,0.20254508075725722,-0.2341897233201581,0.2821297301046476,5,1,1,DE,0.3651949183350547,0.4496442573542821,FALSE,FALSE
lym_mon,ope_spp,detrended,46,0.2062645874225348,0.1690398782622394,0.1484427998766574,0.32484552617698836,13,2,1,DE,0.324447508277524,0.4977246903226818,FALSE,FALSE
lym_mon,pan_fla,detrended,283,0.37295061295163034,9.076725705617329e-11,0.4110312578425216,5.80677995676381e-13,142,14,2,"DE,PL",4.050488846131733e-9,2.5650993581199107e-11,FALSE,FALSE
lym_mon,pha_cya,detrended,484,-0.07388056388535856,0.10450631301774528,-0.06900670333293289,0.12951186776385892,344,23,3,"CZ,DE,PL",0.2317313897350004,0.2547423514694085,FALSE,FALSE
lym_mon,pis_pin,detrended,69,-0.18074291004503618,0.13722476017470955,-0.265911582024114,0.027216451813014124,32,3,2,"DE,LT",0.2793267682661538,0.08130772633678697,FALSE,FALSE
lym_mon,pit_bid,detrended,46,-0.35686793486358376,0.014910597468851865,-0.37366635831020656,0.010528083517494912,21,2,1,DE,0.05616886981456812,0.03796490722975438,FALSE,FALSE
lym_mon,pit_cha,detrended,92,-0.04757993140863338,0.6524320699076002,-0.1386958062974893,0.1873306572754676,43,4,2,"DE,LT",0.7922389420306573,0.3420820698073756,FALSE,FALSE
lym_mon,pit_spp,detrended,138,-0.038854346370385165,0.6509416415097602,-0.022372707990383316,0.7945075627473855,79,6,2,"CZ,DE",0.7922389420306573,0.8581714442219784,FALSE,FALSE
lym_mon,pol_pol,detrended,138,0.12712738343268173,0.13731610036613445,0.10700953676918826,0.2115796708235479,81,6,2,"CZ,LT",0.2793267682661538,0.3684582560195444,FALSE,FALSE
lym_mon,pri_abi,detrended,161,0.0492344171600096,0.5351107576030749,-0.001869105129974695,0.9812263029598829,74,7,2,"CZ,DE",0.7020285688956247,0.9900703415030837,FALSE,FALSE
lym_mon,sap_car,detrended,0,NA,NA,NA,NA,0,0,0,,NA,NA,TRUE,FALSE
lym_mon,sco_int,detrended,161,0.046890600701415645,0.5547455038616023,0.06654014262709915,0.4016651457221544,67,7,2,"CZ,DE",0.7136725941570883,0.5634359804432578,FALSE,FALSE
lym_mon,sco_rat,detrended,184,-0.0996229421499503,0.17846647683080802,-0.033145190807343336,0.6551190894935452,64,8,3,"CZ,DE,LT",0.3353291169926235,0.7655565137453213,FALSE,FALSE
lym_mon,sco_sco,detrended,23,0.300421456911674,0.1636665132775184,0.3359683794466403,0.11703240429458718,11,1,1,DE,0.3166880500817023,0.23604840866196397,FALSE,FALSE
lym_mon,tet_gab,detrended,46,-0.35011260842350544,0.01706668481089401,-0.3277829170521122,0.026162885530195874,10,2,1,DE,0.0631378909584369,0.07915381469728751,FALSE,FALSE
lym_mon,tet_spp,detrended,0,NA,NA,NA,NA,0,0,0,,NA,NA,TRUE,FALSE
lym_mon,tha_pit,detrended,23,-0.14024968461678933,0.5232969868536431,-0.20059288537549405,0.35875590531189816,6,1,1,DE,0.6957803512355702,0.5281478688509181,FALSE,FALSE
lym_mon,tha_pro,detrended,46,0.6763207405974344,2.4853937328666875e-7,0.7108849830403946,3.1013134864798766e-8,22,2,1,DE,6.825273558718518e-6,7.143025255956877e-7,FALSE,FALSE
lym_mon,tom_spp,detrended,387,-0.03207153579780901,0.529321352770082,-0.043546628604696706,0.39294033083374735,219,18,4,"CZ,DE,LT,PL",0.6985867761143041,0.5574795976112025,FALSE,FALSE
lym_mon,tor_vir,detrended,352,0.052397542937729184,0.3269667552696116,0.07307356634552103,0.17133257834557236,169,17,3,"DE,LT,PL",0.49990206266060533,0.3202394265412007,FALSE,FALSE
lym_mon,uro_sir_spp,detrended,0,NA,NA,NA,NA,0,0,0,,NA,NA,TRUE,FALSE
lym_mon,xyl_lin,detrended,69,-0.19503796086441255,0.10827963127069003,-0.08783339422725613,0.4729677098346028,37,3,1,DE,0.23715232124930266,0.6291098661596629,FALSE,FALSE
lym_mon,xyl_spp,detrended,69,-0.31793564082185927,0.007763546535037044,-0.13913043478260873,0.25422533406694214,35,3,1,DE,0.033192648059978735,0.4201779826939738,FALSE,FALSE
lym_mon,zei_gri,detrended,92,-0.13971711819338403,0.18407170645385815,-0.13644560208375073,0.1946583273516233,41,4,1,CZ,0.34315195406802795,0.34833595420816804,FALSE,FALSE
mel_spp,neo_ser,detrended,0,NA,NA,NA,NA,0,0,0,,NA,NA,TRUE,FALSE
mel_spp,ope_spp,detrended,23,0.15301126800461448,0.48579312490754434,0.029644268774703556,0.893189316460536,6,1,1,DE,0.6632051456672785,0.9296460232548437,FALSE,FALSE
mel_spp,pan_fla,detrended,306,0.12246255513441463,0.032232195295612415,0.12299133996525936,0.03148908450741094,147,15,2,"DE,PL",0.10138232352893067,0.09102512687567373,FALSE,FALSE
mel_spp,pha_cya,detrended,458,0.00938549082586239,0.8412351677737632,0.01766354030615587,0.7061641793286648,330,22,2,"DE,PL",0.9254883047618904,0.8045617093444258,FALSE,FALSE
mel_spp,pis_pin,detrended,46,0.6466664355945089,1.2026989499580204e-6,0.6151711378353376,5.383699135825628e-6,14,2,1,DE,2.5256677949118427e-5,6.859742806428288e-5,FALSE,FALSE
mel_spp,pit_bid,detrended,23,0.31384557415164,0.14474176032312197,0.2826086956521739,0.19135298363055442,8,1,1,DE,0.29122998656973026,0.34501522806115115,FALSE,FALSE
mel_spp,pit_cha,detrended,138,-0.02004113092427471,0.8155191756976033,0.0750224320702118,0.38182918625430984,62,6,1,DE,0.9041625643603863,0.5496492721483411,FALSE,FALSE
mel_spp,pit_spp,detrended,69,-0.1666781774495548,0.171050567366258,-0.23876507124588972,0.04818018107226745,43,3,1,DE,0.3268624163673763,0.12070403258104898,FALSE,FALSE
mel_spp,pol_pol,detrended,0,NA,NA,NA,NA,0,0,0,,NA,NA,TRUE,FALSE
mel_spp,pri_abi,detrended,23,-0.18669884357864325,0.3936698801669708,-0.11363636363636365,0.6056681466311384,0,1,1,DE,0.5644182619261389,0.7280253479707623,FALSE,FALSE
mel_spp,sap_car,detrended,0,NA,NA,NA,NA,0,0,0,,NA,NA,TRUE,FALSE
mel_spp,sco_int,detrended,69,0.1765206723004971,0.14680098509455786,0.1336865180854951,0.273463671955712,18,3,1,DE,0.2927818529539506,0.44075183245232136,FALSE,FALSE
mel_spp,sco_rat,detrended,23,-0.04135971189982293,0.8513686863433054,-0.22826086956521738,0.2948398471870065,7,1,1,DE,0.9299615376250135,0.4626717602011487,FALSE,FALSE
mel_spp,sco_sco,detrended,23,-0.27419512095334236,0.2054790033751238,-0.24308300395256915,0.2637204912591649,3,1,1,DE,0.369551658463069,0.4308842809131436,FALSE,FALSE
mel_spp,tet_gab,detrended,115,0.22918256075733745,0.013749337440632779,0.2035350745679792,0.029130386288651507,57,5,1,DE,0.052497470227870616,0.08594667690122801,FALSE,FALSE
mel_spp,tet_spp,detrended,92,0.38568553087812973,1.4658465043735714e-4,0.33904104310836425,9.463889904629995e-4,53,4,1,DE,0.0013771242159509606,0.005397243785440791,FALSE,FALSE
mel_spp,tha_pit,detrended,23,0.23409955123878756,0.2823204189776187,0.25889328063241107,0.23293245624868344,2,1,1,DE,0.45917261765380357,0.39598517562276186,FALSE,FALSE
mel_spp,tha_pro,detrended,115,0.00836921260325251,0.9292639857826078,-0.026923380415055636,0.7751701093129612,56,5,1,DE,0.9643815201290437,0.8514945508453142,FALSE,FALSE
mel_spp,tom_spp,detrended,358,0.15336674029933758,0.003626857206924381,0.15008397345960062,0.004428228001020916,176,17,2,"DE,PL",0.017736822231123342,0.018845878933854802,FALSE,FALSE
mel_spp,tor_vir,detrended,346,-0.082034726198657107,0.12776367762009647,-0.08295467631578757,0.12353162992002839,176,17,2,"DE,PL",0.26673469538230665,0.24568686284930438,FALSE,FALSE
mel_spp,uro_sir_spp,detrended,23,0.03422506840392576,0.8767982974629789,-0.06027667984189724,0.7846962247332139,4,1,1,DE,0.9442443203447465,0.8541143619192122,FALSE,FALSE
mel_spp,xyl_lin,detrended,69,-0.11305706693441624,0.35499923663063637,-0.008805261234928755,0.9427553900553791,22,3,1,DE,0.5226174328954111,0.9685285589921449,FALSE,FALSE
mel_spp,xyl_spp,detrended,92,-0.23707917094164277,0.022879784743037732,-0.15248986637485934,0.14674232908362148,22,4,1,DE,0.07930177818703368,0.28240976540621493,FALSE,FALSE
mel_spp,zei_gri,detrended,0,NA,NA,NA,NA,0,0,0,,NA,NA,TRUE,FALSE
neo_ser,ope_spp,detrended,23,0.08318130501779004,0.7059269033565483,0.1798418972332016,0.41157788704520926,6,1,1,DE,0.8317356584101905,0.5734448976518619,FALSE,FALSE
neo_ser,pan_fla,detrended,0,NA,NA,NA,NA,0,0,0,,NA,NA,TRUE,FALSE
neo_ser,pha_cya,detrended,23,0.3821726530902858,0.07191614760666777,0.36758893280632415,0.08442064140763417,11,1,1,DE,0.18045931967901171,0.18603808013904566,FALSE,FALSE
neo_ser,pis_pin,detrended,23,-0.16596063841223277,0.4491665194222302,0.05138339920948617,0.8158878128403199,10,1,1,DE,0.6227279511989754,0.8707681589954983,FALSE,FALSE
neo_ser,pit_bid,detrended,23,0.3420331805645721,0.11016105256045211,0.4318181818181818,0.03963161431031597,10,1,1,DE,0.24021167543945726,0.10718550233926365,FALSE,FALSE
neo_ser,pit_cha,detrended,23,0.11068977298431952,0.6151079912233768,0.10770750988142291,0.6247226057643105,11,1,1,DE,0.7638036621452018,0.7397212943875919,FALSE,FALSE
neo_ser,pit_spp,detrended,0,NA,NA,NA,NA,0,0,0,,NA,NA,TRUE,FALSE
neo_ser,pol_pol,detrended,0,NA,NA,NA,NA,0,0,0,,NA,NA,TRUE,FALSE
neo_ser,pri_abi,detrended,23,-0.04464867692431372,0.8396925279061709,0.017786561264822136,0.935799482431298,6,1,1,DE,0.9252167668595772,0.9655503330288248,FALSE,FALSE
neo_ser,sap_car,detrended,0,NA,NA,NA,NA,0,0,0,,NA,NA,TRUE,FALSE
neo_ser,sco_int,detrended,23,-0.03703280446427515,0.8667753741369695,0.010869565217391304,0.9607417268705642,5,1,1,DE,0.9362747611706447,0.9771646623726251,FALSE,FALSE
neo_ser,sco_rat,detrended,23,0.47178353395913686,0.023039313359352897,0.3577075098814229,0.0937749113069188,6,1,1,DE,0.07946893593515927,0.19927168652720245,FALSE,FALSE
neo_ser,sco_sco,detrended,0,NA,NA,NA,NA,0,0,0,,NA,NA,TRUE,FALSE
neo_ser,tet_gab,detrended,23,0.32345136550244885,0.13219014188404005,0.3547430830039525,0.09672579385868348,6,1,1,DE,0.27278543729827914,0.2013475708895044,FALSE,FALSE
neo_ser,tet_spp,detrended,0,NA,NA,NA,NA,0,0,0,,NA,NA,TRUE,FALSE
neo_ser,tha_pit,detrended,18,-0.22500893852482723,0.3693522098552138,-0.11867905056759546,0.6390493358496443,16,1,1,BG,0.5417031260014024,0.7516881622569147,FALSE,FALSE
neo_ser,tha_pro,detrended,0,NA,NA,NA,NA,0,0,0,,NA,NA,TRUE,FALSE
neo_ser,tom_spp,detrended,23,0.22540329191911435,0.3010907006263961,0.23221343873517786,0.28632757233033423,11,1,1,DE,0.47815262581733436,0.4543064147641303,FALSE,FALSE
neo_ser,tor_vir,detrended,41,0.09504731973405739,0.5544403960332654,0.05871080139372824,0.7153939616665836,17,2,2,"BG,DE",0.7136725941570883,0.8120688213512571,FALSE,FALSE
neo_ser,uro_sir_spp,detrended,0,NA,NA,NA,NA,0,0,0,,NA,NA,TRUE,FALSE
neo_ser,xyl_lin,detrended,23,0.010663986666296714,0.9614836876811379,-0.2756916996047431,0.20291641958008425,10,1,1,DE,0.9798324191247992,0.3586196128222281,FALSE,FALSE
neo_ser,xyl_spp,detrended,23,0.08133626868688774,0.7121768058784161,0.18972332015810275,0.38591224597759055,11,1,1,DE,0.834965910340212,0.5521870613787568,FALSE,FALSE
neo_ser,zei_gri,detrended,0,NA,NA,NA,NA,0,0,0,,NA,NA,TRUE,FALSE
ope_spp,pan_fla,detrended,0,NA,NA,NA,NA,0,0,0,,NA,NA,TRUE,FALSE
ope_spp,pha_cya,detrended,69,0.23576399944869023,0.051150826161731375,0.2831567409572525,0.0183945930147806,29,3,1,DE,0.14210774272169727,0.059698815511606135,FALSE,FALSE
ope_spp,pis_pin,detrended,23,0.24026899934163382,0.26946041046347396,0.4535573122529644,0.029727123393078744,7,1,1,DE,0.44228674269177104,0.08698838566663207,FALSE,FALSE
ope_spp,pit_bid,detrended,23,0.3590804915735558,0.09243108859998171,0.45256916996047425,0.030129662316674882,7,1,1,DE,0.21242670829241303,0.08780644446573822,FALSE,FALSE
ope_spp,pit_cha,detrended,69,0.23187854354141454,0.055217832341342823,0.3721592985020095,0.001639160237877032,29,3,1,DE,0.1499076216145435,0.008300428438611354,FALSE,FALSE
ope_spp,pit_spp,detrended,23,-0.20219706664261236,0.3548447574373136,-0.11857707509881422,0.5899765469581981,14,1,1,DE,0.5226174328954111,0.7115595515678268,FALSE,FALSE
ope_spp,pol_pol,detrended,0,NA,NA,NA,NA,0,0,0,,NA,NA,TRUE,FALSE
ope_spp,pri_abi,detrended,46,-0.08419251978278866,0.5780085984678438,-0.11686709836571076,0.4392421550289376,13,2,1,DE,0.7293167208273112,0.6008024879131445,FALSE,FALSE
ope_spp,sap_car,detrended,0,NA,NA,NA,NA,0,0,0,,NA,NA,TRUE,FALSE
ope_spp,sco_int,detrended,23,0.03306006536524156,0.8809625376475454,-0.05039525691699605,0.8193712029624162,1,1,1,DE,0.9444553331536747,0.8730734339804405,FALSE,FALSE
ope_spp,sco_rat,detrended,23,-0.38367386249631996,0.07071352749267117,-0.49209486166007904,0.017070471574672123,1,1,1,DE,0.17904063343889082,0.05642739214961062,FALSE,FALSE
ope_spp,sco_sco,detrended,0,NA,NA,NA,NA,0,0,0,,NA,NA,TRUE,FALSE
ope_spp,tet_gab,detrended,23,0.1641583239763772,0.45417546122927277,0.19762845849802374,0.3660491897294186,2,1,1,DE,0.6284520917009705,0.5344767310159608,FALSE,FALSE
ope_spp,tet_spp,detrended,0,NA,NA,NA,NA,0,0,0,,NA,NA,TRUE,FALSE
ope_spp,tha_pit,detrended,0,NA,NA,NA,NA,0,0,0,,NA,NA,TRUE,FALSE
ope_spp,tha_pro,detrended,46,0.39635789925454623,0.006392692280831587,0.4318840579710145,0.002725850945952655,20,2,1,DE,0.029072498652953846,0.01255650048651739,FALSE,FALSE
ope_spp,tom_spp,detrended,69,0.41042889064184923,4.606043123343327e-4,0.4561198392400439,8.190072605555891e-5,30,3,1,DE,0.00353625246243778,6.570462741985288e-4,FALSE,FALSE
ope_spp,tor_vir,detrended,69,0.5307680686573127,2.713378070508669e-6,0.48195104128607974,2.7531294307789427e-5,27,3,1,DE,4.967569082931255e-5,2.5864926494423225e-4,FALSE,FALSE
ope_spp,uro_sir_spp,detrended,0,NA,NA,NA,NA,0,0,0,,NA,NA,TRUE,FALSE
ope_spp,xyl_lin,detrended,69,0.14187925382145727,0.24486968219968905,0.11282426013883816,0.35599729242688294,29,3,1,DE,0.42028113723696625,0.5281478688509181,FALSE,FALSE
ope_spp,xyl_spp,detrended,69,0.19729396615127978,0.10417913760328563,0.20036536353671905,0.09879163457737372,29,3,1,DE,0.23172555840730824,0.2050500787448978,FALSE,FALSE
ope_spp,zei_gri,detrended,0,NA,NA,NA,NA,0,0,0,,NA,NA,TRUE,FALSE
pan_fla,pha_cya,detrended,306,0.03712449119082533,0.5176457908022662,0.12255409773243414,0.032102488724359,154,15,2,"DE,PL",0.689635372134802,0.09205291947466798,FALSE,FALSE
pan_fla,pis_pin,detrended,46,-0.010575900426671551,0.9443869840192438,0.07419056429232192,0.6241245570979017,14,2,1,DE,0.9732525079755515,0.7397212943875919,FALSE,FALSE
pan_fla,pit_bid,detrended,23,0.13020046631339383,0.5537652502763275,0.19367588932806323,0.3759056797129495,8,1,1,DE,0.7136725941570883,0.54331306743936425,FALSE,FALSE
pan_fla,pit_cha,detrended,46,0.344033090352703,0.019227328823054245,0.4450817144619179,0.0019393264628157097,15,2,1,DE,0.06933491302858955,0.00948410338664669,FALSE,FALSE
pan_fla,pit_spp,detrended,0,NA,NA,NA,NA,0,0,0,,NA,NA,TRUE,FALSE
pan_fla,pol_pol,detrended,0,NA,NA,NA,NA,0,0,0,,NA,NA,TRUE,FALSE
pan_fla,pri_abi,detrended,0,NA,NA,NA,NA,0,0,0,,NA,NA,TRUE,FALSE
pan_fla,sap_car,detrended,0,NA,NA,NA,NA,0,0,0,,NA,NA,TRUE,FALSE
pan_fla,sco_int,detrended,23,0.03337302271349526,0.8798435844037109,-0.06126482213438735,0.781249270365404,7,1,1,DE,0.9444553331536747,0.8541143619192122,FALSE,FALSE
pan_fla,sco_rat,detrended,23,-0.32819445365809014,0.12628926109577682,-0.1650197628458498,0.4517777435536613,7,1,1,DE,0.26477002103148334,0.6097718504675126,FALSE,FALSE
pan_fla,sco_sco,detrended,23,-0.03929335851297601,0.8587200802975647,-0.07312252964426878,0.740213056160361,6,1,1,DE,0.9346435020311908,0.8296893596522729,FALSE,FALSE
pan_fla,tet_gab,detrended,46,0.13371848592173557,0.3756434336591432,0.22232500770891148,0.1375330336620422,9,2,1,DE,0.548485504361203,0.2678892236889678,FALSE,FALSE
pan_fla,tet_spp,detrended,23,0.924158226421992,3.0924972596422123e-10,0.9634387351778656,1.7329804448776237e-13,6,1,1,DE,1.1621279175708104e-8,8.248986917617489e-12,FALSE,FALSE
pan_fla,tha_pit,detrended,23,-0.28723553920005196,0.1838737560606958,-0.16106719367588934,0.46283371899320513,2,1,1,DE,0.34315195406802795,0.6200061451428677,FALSE,FALSE
pan_fla,tha_pro,detrended,23,-0.1016160746474467,0.6445445810674681,-0.14624505928853757,0.5055081139657104,5,1,1,DE,0.7880219706886511,0.653863756107821,FALSE,FALSE
pan_fla,tom_spp,detrended,186,0.05989008327736085,0.41678313151471325,0.0996013781592529,0.176186565507412,76,9,2,"DE,PL",0.5881090037579155,0.32845223961433984,FALSE,FALSE
pan_fla,tor_vir,detrended,243,0.07520345186409755,0.24284077255579267,0.0625095130807997,0.3318711718866154,94,12,2,"DE,PL",0.4180295598396516,0.5041617377171137,FALSE,FALSE
pan_fla,uro_sir_spp,detrended,0,NA,NA,NA,NA,0,0,0,,NA,NA,TRUE,FALSE
pan_fla,xyl_lin,detrended,23,0.4387887444753056,0.03620851292117568,0.10177865612648221,0.6440123994143262,9,1,1,DE,0.11143481993844585,0.7550490200030031,FALSE,FALSE
pan_fla,xyl_spp,detrended,23,0.22118038261102943,0.31047664640913025,0.2015810276679842,0.35634375972559185,9,1,1,DE,0.4833575333919494,0.5281478688509181,FALSE,FALSE
pan_fla,zei_gri,detrended,0,NA,NA,NA,NA,0,0,0,,NA,NA,TRUE,FALSE
pha_cya,pis_pin,detrended,69,0.5437587482072149,1.3752980496190034e-6,0.518962367555718,4.9122201776059496e-6,48,3,1,DE,2.805608021222767e-5,6.4648648358082e-5,FALSE,FALSE
pha_cya,pit_bid,detrended,69,0.6275978028464022,7.872762515210625e-9,0.6724515893313849,2.4909734893563536e-10,58,3,1,DE,2.676739255171612e-7,7.732848136523637e-9,FALSE,FALSE
pha_cya,pit_cha,detrended,335,0.356577085908216,1.763714940791739e-11,0.45248617902787175,2.5960906359250407e-18,239,15,2,"AT,DE",8.994946198037869e-10,2.6480124486435414e-16,FALSE,FALSE
pha_cya,pit_spp,detrended,291,0.12833642331649772,0.028604697589193234,0.20986028663397438,3.124373169432576e-4,223,13,3,"AT,CZ,DE",0.09499420501713474,0.001974161453960052,FALSE,FALSE
pha_cya,pol_pol,detrended,161,0.09644768939904336,0.2235707361372176,0.09530998389694043,0.22910598960183676,120,7,1,CZ,0.39610299156817214,0.39228219802328884,FALSE,FALSE
pha_cya,pri_abi,detrended,207,-0.016908688248585726,0.8089213395614908,0.1605053522529251,0.02087238449085629,127,9,2,"CZ,DE",0.9018902087676188,0.06565146487432331,FALSE,FALSE
pha_cya,sap_car,detrended,0,NA,NA,NA,NA,0,0,0,,NA,NA,TRUE,FALSE
pha_cya,sco_int,detrended,276,0.03184980928086082,0.5982900926038475,0.08073115395042879,0.18112360572411837,137,12,2,"CZ,DE",0.7442145054340542,0.3350317473757008,FALSE,FALSE
pha_cya,sco_rat,detrended,207,0.09194942588068451,0.1876027084620023,0.12422746804342416,0.07451901014992277,107,9,2,"CZ,DE",0.3470164089167607,0.1710822290901764,FALSE,FALSE
pha_cya,sco_sco,detrended,23,-0.24231731777266136,0.26527451406883096,-0.18181818181818182,0.40637117235267894,13,1,1,DE,0.43973895113248573,0.5689196412937505,FALSE,FALSE
pha_cya,tet_gab,detrended,201,0.23334316128615093,8.56932132311087e-4,0.2744539677848382,8.054645267723798e-5,118,9,2,"AT,DE",0.00588316867759727,6.535246274039536e-4,FALSE,FALSE
pha_cya,tet_spp,detrended,92,0.009114071518157775,0.9312870584449986,0.06192685295069586,0.5575909754077626,52,4,1,DE,0.965078316008315,0.6920991156542484,FALSE,FALSE
pha_cya,tha_pit,detrended,23,0.12116665727142702,0.5818220967910597,0.09486166007905138,0.6668004750731932,11,1,1,DE,0.730089590700908,0.7779338875853921,FALSE,FALSE
pha_cya,tha_pro,detrended,138,0.08703028292675093,0.31010475816088606,0.09259364961220487,0.28007202226395883,85,6,1,DE,0.4833575333919494,0.448366421292526,FALSE,FALSE
pha_cya,tom_spp,detrended,696,0.14474139265619965,1.2717166172495096e-4,0.2466406511658036,4.186688196005535e-11,465,32,4,"AT,CZ,DE,PL",0.0012270346820488513,1.494647685973976e-9,FALSE,FALSE
pha_cya,tor_vir,detrended,418,0.013599871415534596,0.7816033409466778,-0.02482236613103004,0.6128196294644057,248,20,2,"DE,PL",0.8900554791641594,0.7329199588569275,FALSE,FALSE
pha_cya,uro_sir_spp,detrended,23,0.1770345799587143,0.4190366819192104,0.1650197628458498,0.4517777435536613,6,1,1,DE,0.5889610056895989,0.6097718504675126,FALSE,FALSE
pha_cya,xyl_lin,detrended,161,0.2298229567466397,0.0033595792521986037,0.24350126524039567,0.001854485261793464,114,7,1,DE,0.016774402699788835,0.009195156089725926,FALSE,FALSE
pha_cya,xyl_spp,detrended,161,0.25372873556147707,0.001163476032057115,0.35417529330572806,4.0409416369021074e-6,106,7,1,DE,0.007417159704364108,5.54852370913097e-5,FALSE,FALSE
pha_cya,zei_gri,detrended,115,-0.1696640688110382,0.06987280112001597,-0.2017675372839896,0.03058969057037488,59,5,1,CZ,0.17754156583520073,0.0887847116554783,FALSE,FALSE
pis_pin,pit_bid,detrended,46,0.19677618087650342,0.18994902197064897,0.282022818378045,0.057580725580559676,34,2,1,DE,0.34954536517279217,0.13889404751526896,FALSE,FALSE
pis_pin,pit_cha,detrended,92,0.49447735830682343,5.448362925749651e-7,0.5331750997950155,4.457822333055544e-8,66,4,2,"DE,LT",1.3554436610668475e-5,9.361426899416643e-7,FALSE,FALSE
pis_pin,pit_spp,detrended,0,NA,NA,NA,NA,0,0,0,,NA,NA,TRUE,FALSE
pis_pin,pol_pol,detrended,23,0.10890678348741754,0.6208489961714726,0.09090909090909091,0.6799528986653569,17,1,1,LT,0.7669311129177014,0.7881272234530287,FALSE,FALSE
pis_pin,pri_abi,detrended,23,-0.21060241111898662,0.33476240106558774,-0.1907114624505929,0.3833965923148738,14,1,1,DE,0.5069076781173675,0.5507951044523539,FALSE,FALSE
pis_pin,sap_car,detrended,0,NA,NA,NA,NA,0,0,0,,NA,NA,TRUE,FALSE
pis_pin,sco_int,detrended,46,0.22625780419977315,0.13053194086427417,0.13857539315448655,0.35838837925519884,31,2,1,DE,0.27120021323375365,0.5281478688509181,FALSE,FALSE
pis_pin,sco_rat,detrended,69,0.3896551026882125,9.348453122378072e-4,0.2964194373401535,0.013394002260438836,41,3,2,"DE,LT",0.006238126662970041,0.04687900791153592,FALSE,FALSE
pis_pin,sco_sco,detrended,23,0.38789088001682964,0.06741693323764021,0.2994071146245059,0.16516341275547833,13,1,1,DE,0.17314996522185291,0.31033335975634613,FALSE,FALSE
pis_pin,tet_gab,detrended,69,0.5490249505721215,1.0356203228951975e-6,0.6060284983558641,3.4303558896001204e-8,24,3,1,DE,2.3107278454599094e-5,7.422042742952988e-7,FALSE,FALSE
pis_pin,tet_spp,detrended,23,0.9285863221910612,1.6772005378120358e-10,0.9268774703557312,2.1335225807852624e-10,6,1,1,DE,7.04424225881055e-9,6.924250557639442e-9,FALSE,FALSE
pis_pin,tha_pit,detrended,23,0.2483396884993082,0.2532089406015416,0.26482213438735175,0.2220234550460932,8,1,1,DE,0.43245954298380024,0.3819873419347242,FALSE,FALSE
pis_pin,tha_pro,detrended,23,0.22391893866575682,0.30436968893439165,0.1373517786561265,0.5320006487985599,13,1,1,DE,0.4797350063999021,0.6722981650303925,FALSE,FALSE
pis_pin,tom_spp,detrended,92,0.4687046934644018,2.451677756350442e-6,0.5039070326587857,3.0452231286694177e-7,66,4,2,"DE,LT",4.606573468511094e-5,5.17687931873801e-6,FALSE,FALSE
pis_pin,tor_vir,detrended,69,-0.080326866037399,0.511749017309454,-0.11180124223602486,0.360403492120984,45,3,2,"DE,LT",0.686704472203223,0.5294816736098407,FALSE,FALSE
pis_pin,uro_sir_spp,detrended,0,NA,NA,NA,NA,0,0,0,,NA,NA,TRUE,FALSE
pis_pin,xyl_lin,detrended,46,-0.175937707397782,0.2421706084766331,-0.12463768115942028,0.40920409447208717,41,2,1,DE,0.4180295598396516,0.5717646251527794,FALSE,FALSE
pis_pin,xyl_spp,detrended,46,-0.014007192444864923,0.9263870955751827,-0.008448967005858772,0.9555588112081703,40,2,1,DE,0.9632718613653314,0.974599940906564,FALSE,FALSE
pis_pin,zei_gri,detrended,0,NA,NA,NA,NA,0,0,0,,NA,NA,TRUE,FALSE
pit_bid,pit_cha,detrended,69,0.2680880433694403,0.025936328897756326,0.4506028498355865,1.022313836689141e-4,57,3,1,DE,0.08776558688624653,8.021231641714798e-4,FALSE,FALSE
pit_bid,pit_spp,detrended,0,NA,NA,NA,NA,0,0,0,,NA,NA,TRUE,FALSE
pit_bid,pol_pol,detrended,0,NA,NA,NA,NA,0,0,0,,NA,NA,TRUE,FALSE
pit_bid,pri_abi,detrended,46,0.10331440175211677,0.4944424101522833,0.1009559050262103,0.5044009145787113,25,2,1,DE,0.6711632715755328,0.6536157041909254,FALSE,FALSE
pit_bid,sap_car,detrended,0,NA,NA,NA,NA,0,0,0,,NA,NA,TRUE,FALSE
pit_bid,sco_int,detrended,69,0.24572093793632918,0.04183678373476017,0.2234563390573621,0.0649399959180822,37,3,1,DE,0.12242403109269985,0.1530269210742927,FALSE,FALSE
pit_bid,sco_rat,detrended,46,0.3381469349790508,0.021534725465271812,0.2974406413814369,0.04469511365898801,29,2,1,DE,0.07611779199110928,0.11604476782733614,FALSE,FALSE
pit_bid,sco_sco,detrended,23,0.0816823703801527,0.711003036258575,0.17292490118577075,0.4300873620992395,10,1,1,DE,0.8349608024483923,0.5928231207313841,FALSE,FALSE
pit_bid,tet_gab,detrended,46,0.3078797705191129,0.037384947055693556,0.34295405488744984,0.019633964235380125,17,2,1,DE,0.1145615974153013,0.06202942683213013,FALSE,FALSE
pit_bid,tet_spp,detrended,0,NA,NA,NA,NA,0,0,0,,NA,NA,TRUE,FALSE
pit_bid,tha_pit,detrended,23,0.09358898935020717,0.6710252439488136,0.19960474308300394,0.3611775346501449,7,1,1,DE,0.8027345352066881,0.5295292807807053,FALSE,FALSE
pit_bid,tha_pro,detrended,23,-0.21915069736281903,0.3150508044866301,-0.2015810276679842,0.35634375972559185,10,1,1,DE,0.4879528728925247,0.5281478688509181,FALSE,FALSE
pit_bid,tom_spp,detrended,69,0.3503958156742664,0.003161079763443554,0.34862988673730366,0.00332756450204515,58,3,1,DE,0.01598422880770315,0.014575957389326608,FALSE,FALSE
pit_bid,tor_vir,detrended,69,0.08240906182749969,0.50083170075652494,0.06302521008403363,0.6069203351523669,50,3,1,DE,0.675980783251718,0.7283044021828402,FALSE,FALSE
pit_bid,uro_sir_spp,detrended,0,NA,NA,NA,NA,0,0,0,,NA,NA,TRUE,FALSE
pit_bid,xyl_lin,detrended,69,0.01416234561175977,0.9080505130852788,0.08604311289733287,0.482070814311624,57,3,1,DE,0.9562655845765327,0.6332982500348938,FALSE,FALSE
pit_bid,xyl_spp,detrended,69,0.2633505191193312,0.028790634080989693,0.3872122762148338,0.0010129750801347766,56,3,1,DE,0.0951690404343826,0.005694850290620079,FALSE,FALSE
pit_bid,zei_gri,detrended,0,NA,NA,NA,NA,0,0,0,,NA,NA,TRUE,FALSE
pit_cha,pit_spp,detrended,239,0.2669283961784808,2.9011379392056207e-5,0.33881280545691084,7.86790481955607e-8,196,11,3,"AT,DE,SI",3.6340569975312515e-4,1.5182929840981174e-6,FALSE,FALSE
pit_cha,pol_pol,detrended,23,0.3094547056796067,0.15075206879503422,0.37549407114624506,0.07745523146339534,17,1,1,LT,0.29791508887462825,0.17725331815661624,FALSE,FALSE
pit_cha,pri_abi,detrended,69,4.251849170828602e-4,0.9972334786846695,0.017464377055169896,0.8867399151554979,37,3,1,DE,0.9976106339746776,0.9256320166974056,FALSE,FALSE
pit_cha,sap_car,detrended,0,NA,NA,NA,NA,0,0,0,,NA,NA,TRUE,FALSE
pit_cha,sco_int,detrended,115,0.09701222492809651,0.30234842643127996,0.05969383729188038,0.5262652477971599,56,5,1,DE,0.47815262581733436,0.6674127654123839,FALSE,FALSE
pit_cha,sco_rat,detrended,69,0.1251870604791218,0.3053994410902824,0.08074534161490685,0.509545173437064,42,3,2,"DE,LT",0.4802977994239243,0.6541436211835526,FALSE,FALSE
pit_cha,sco_sco,detrended,23,0.10899209311222345,0.6205738183652321,0.17588932806324112,0.42210052883017857,13,1,1,DE,0.7669311129177014,0.5840693364045494,FALSE,FALSE
pit_cha,tet_gab,detrended,222,0.43855159527830384,7.520293719237583e-12,0.4279250945038336,2.6788772824581838e-11,146,10,2,"AT,DE",4.474574762946362e-10,1.0066938840395492e-9,FALSE,FALSE
pit_cha,tet_spp,detrended,115,0.22749428391839516,0.014481040701558126,0.25975696362345146,0.005056010295188769,62,5,1,DE,0.05499714394102395,0.021111060530788192,FALSE,FALSE
pit_cha,tha_pit,detrended,23,0.018420864446045793,0.9335148001778326,-0.03162055335968379,0.8861121989269576,11,1,1,DE,0.9659848801840181,0.9256320166974056,FALSE,FALSE
pit_cha,tha_pro,detrended,138,-0.17365644245705897,0.04165514212132878,-0.14206521168339842,0.0964827333600623,82,6,1,DE,0.12239412129476852,0.2013475708895044,FALSE,FALSE
pit_cha,tom_spp,detrended,400,0.22550921729455975,5.241698631290491e-6,0.21080869255432844,2.1296676317475643e-5,319,18,3,"AT,DE,LT",8.703657727305606e-5,2.0548414717131905e-4,FALSE,FALSE
pit_cha,tor_vir,detrended,184,0.14616429592095467,0.04772565905469009,0.1532507561017896,0.037809637025856706,106,8,2,"DE,LT",0.13522270065495526,0.1030384764750446,FALSE,FALSE
pit_cha,uro_sir_spp,detrended,23,0.328131370220561,0.12636647444874516,0.283596837944664,0.18973853053259201,8,1,1,DE,0.26477002103148334,0.343840890356017,FALSE,FALSE
pit_cha,xyl_lin,detrended,184,0.2672682304969807,2.4479641096939413e-4,0.22673036543314515,0.001968337685498556,131,8,1,DE,0.00208076949323985,0.009560497329564415,FALSE,FALSE
pit_cha,xyl_spp,detrended,161,0.11962644540655927,0.1306622876084191,0.2927967563837129,1.637909600279696e-4,106,7,1,DE,0.27120021323375365,0.0011933341373466357,FALSE,FALSE
pit_cha,zei_gri,detrended,0,NA,NA,NA,NA,0,0,0,,NA,NA,TRUE,FALSE
pit_spp,pol_pol,detrended,138,0.2109874555414319,0.012990629286150503,0.14922977517700214,0.08065420253058563,112,6,1,CZ,0.05040928972995358,0.1799323117692323,FALSE,FALSE
pit_spp,pri_abi,detrended,161,0.01886932913210232,0.8122064485120153,0.16207729468599033,0.039965247693336745,87,7,2,"CZ,DE",0.9018902087676188,0.10767995038883937,FALSE,FALSE
pit_spp,sap_car,detrended,0,NA,NA,NA,NA,0,0,0,,NA,NA,TRUE,FALSE
pit_spp,sco_int,detrended,184,0.07228839320228414,0.3294801256612254,0.13588256824179845,0.06588878635923254,87,8,2,"CZ,DE",0.5005293823874787,0.15475195217267115,FALSE,FALSE
pit_spp,sco_rat,detrended,138,0.2291721323886416,0.006856038699355974,0.2561913655365774,0.0024215361488530455,67,6,1,CZ,0.03059507269587604,0.011526512068540495,FALSE,FALSE
pit_spp,sco_sco,detrended,0,NA,NA,NA,NA,0,0,0,,NA,NA,TRUE,FALSE
pit_spp,tet_gab,detrended,130,0.253121582625968,0.0036651551437144668,0.20895819962036896,0.017038300102713257,103,6,2,"AT,DE",0.017738780546376537,0.05642739214961062,FALSE,FALSE
pit_spp,tet_spp,detrended,46,0.47423250947202705,8.700838785181814e-4,0.37095282146160957,0.011150268466383124,33,2,1,DE,0.005916570373923634,0.03980645842498775,FALSE,FALSE
pit_spp,tha_pit,detrended,23,0.2298147042481303,0.29147496113251387,0.2509881422924901,0.24801687332012579,23,1,1,HR,0.46978131433095915,0.41278332762370584,FALSE,FALSE
pit_spp,tha_pro,detrended,69,-0.3555980272768818,0.002712915480649341,-0.3678845451223968,0.0018715478734130271,47,3,1,DE,0.014348308542100958,0.009215759873220009,FALSE,FALSE
pit_spp,tom_spp,detrended,333,0.002656971340941823,0.9614748069188677,0.17915325324603154,0.0010250783727786602,283,15,3,"AT,CZ,DE",0.9798324191247992,0.005694850290620079,FALSE,FALSE
pit_spp,tor_vir,detrended,23,-0.35171554680903344,0.0998099214592039,-0.3458498023715415,0.10599105534828321,18,1,1,DE,0.22480846663050977,0.21809110524113606,FALSE,FALSE
pit_spp,uro_sir_spp,detrended,0,NA,NA,NA,NA,0,0,0,,NA,NA,TRUE,FALSE
pit_spp,xyl_lin,detrended,23,0.30275051706220535,0.16026533958344716,0.5069169960474308,0.013562485884128414,22,1,1,DE,0.31179687319504434,0.04723714595740335,FALSE,FALSE
pit_spp,xyl_spp,detrended,46,0.24872800912007786,0.09554632835729686,0.5319148936170212,1.4217729780890506e-4,27,2,1,DE,0.21795552219523948,0.0010574436524537314,FALSE,FALSE
pit_spp,zei_gri,detrended,115,-0.12123629005610576,0.19681532690771025,-0.12873826244772352,0.17031400647864361,53,5,1,CZ,0.3575728840002675,0.3191711302513164,FALSE,FALSE
pol_pol,pri_abi,detrended,161,-0.02486903788183208,0.7541724641871983,-0.020954106280193237,0.7919069917204957,87,7,1,CZ,0.8727376652020414,0.8566993819521727,FALSE,FALSE
pol_pol,sap_car,detrended,0,NA,NA,NA,NA,0,0,0,,NA,NA,TRUE,FALSE
pol_pol,sco_int,detrended,161,0.22911354799377123,0.0034616098694051495,0.23213135495744192,0.003046073802972287,83,7,1,CZ,0.01704544446038122,0.013852845193135115,FALSE,FALSE
pol_pol,sco_rat,detrended,184,0.23896547140334073,0.001087488100833141,0.19148735335478026,0.009216947408705755,77,8,2,"CZ,LT",0.006995193729683448,0.03392216726709231,FALSE,FALSE
pol_pol,sco_sco,detrended,0,NA,NA,NA,NA,0,0,0,,NA,NA,TRUE,FALSE
pol_pol,tet_gab,detrended,0,NA,NA,NA,NA,0,0,0,,NA,NA,TRUE,FALSE
pol_pol,tet_spp,detrended,0,NA,NA,NA,NA,0,0,0,,NA,NA,TRUE,FALSE
pol_pol,tha_pit,detrended,0,NA,NA,NA,NA,0,0,0,,NA,NA,TRUE,FALSE
pol_pol,tha_pro,detrended,0,NA,NA,NA,NA,0,0,0,,NA,NA,TRUE,FALSE
pol_pol,tom_spp,detrended,207,0.15587919772955625,0.024905959665305958,0.16649078373434645,0.01650115041307455,151,9,2,"CZ,LT",0.08468026286204025,0.05531371546917947,FALSE,FALSE
pol_pol,tor_vir,detrended,23,0.03366277830859687,0.8788077852398005,-0.07608695652173914,0.7300554425086551,13,1,1,LT,0.9444553331536747,0.8251256753667925,FALSE,FALSE
pol_pol,uro_sir_spp,detrended,0,NA,NA,NA,NA,0,0,0,,NA,NA,TRUE,FALSE
pol_pol,xyl_lin,detrended,0,NA,NA,NA,NA,0,0,0,,NA,NA,TRUE,FALSE
pol_pol,xyl_spp,detrended,0,NA,NA,NA,NA,0,0,0,,NA,NA,TRUE,FALSE
pol_pol,zei_gri,detrended,115,-0.18708964287612198,0.04527287590606818,-0.17933401720192538,0.055147627154862953,52,5,1,CZ,0.12981860801981,0.13438705047294247,FALSE,FALSE
pri_abi,sap_car,detrended,0,NA,NA,NA,NA,0,0,0,,NA,NA,TRUE,FALSE
pri_abi,sco_int,detrended,184,-0.04086256607367925,0.5818122203654987,-0.005617306543892431,0.9396751344203176,65,8,2,"CZ,DE",0.730089590700908,0.9681501384936605,FALSE,FALSE
pri_abi,sco_rat,detrended,161,0.11178612212757348,0.1580136331684824,0.11209167241775937,0.15687297697624122,59,7,2,"CZ,DE",0.30825610404999026,0.2978917701091389,FALSE,FALSE
pri_abi,sco_sco,detrended,0,NA,NA,NA,NA,0,0,0,,NA,NA,TRUE,FALSE
pri_abi,tet_gab,detrended,23,-0.1510504019746973,0.4914665869469186,-0.21245059288537552,0.330439591552701,4,1,1,DE,0.6683945582478094,0.5030572886324701,FALSE,FALSE
pri_abi,tet_spp,detrended,0,NA,NA,NA,NA,0,0,0,,NA,NA,TRUE,FALSE
pri_abi,tha_pit,detrended,0,NA,NA,NA,NA,0,0,0,,NA,NA,TRUE,FALSE
pri_abi,tha_pro,detrended,23,0.4581665781288441,0.02790564747077763,0.366600790513834,0.08532326296408224,7,1,1,DE,0.09310575838380948,0.18744864540416836,FALSE,FALSE
pri_abi,tom_spp,detrended,230,0.13501222919099426,0.04077781342476452,0.17773640826612155,0.006884713110175971,136,10,2,"CZ,DE",0.12131399493867445,0.02730936200369802,FALSE,FALSE
pri_abi,tor_vir,detrended,69,-0.13592326589413356,0.265444660977733,-0.32619656558275484,0.006231522176876432,36,3,1,DE,0.43973895113248573,0.02513732674739984,FALSE,FALSE
pri_abi,uro_sir_spp,detrended,0,NA,NA,NA,NA,0,0,0,,NA,NA,TRUE,FALSE
pri_abi,xyl_lin,detrended,69,-0.01562791604504588,0.898583143117917,-0.008841797588600658,0.9425182618065019,37,3,1,DE,0.9549640450526973,0.9685285589921449,FALSE,FALSE
pri_abi,xyl_spp,detrended,69,0.07715740460746875,0.5285970008502217,-0.007526488856412131,0.9510578567161332,38,3,1,DE,0.6985867761143041,0.9714668235984536,FALSE,FALSE
pri_abi,zei_gri,detrended,115,-0.27282024788741227,0.0031789362614759765,-0.31716247139588105,5.530622879323228e-4,47,5,1,CZ,0.01598422880770315,0.003290720613197321,FALSE,FALSE
sap_car,sco_int,detrended,0,NA,NA,NA,NA,0,0,0,,NA,NA,TRUE,FALSE
sap_car,sco_rat,detrended,0,NA,NA,NA,NA,0,0,0,,NA,NA,TRUE,FALSE
sap_car,sco_sco,detrended,0,NA,NA,NA,NA,0,0,0,,NA,NA,TRUE,FALSE
sap_car,tet_gab,detrended,0,NA,NA,NA,NA,0,0,0,,NA,NA,TRUE,FALSE
sap_car,tet_spp,detrended,0,NA,NA,NA,NA,0,0,0,,NA,NA,TRUE,FALSE
sap_car,tha_pit,detrended,0,NA,NA,NA,NA,0,0,0,,NA,NA,TRUE,FALSE
sap_car,tha_pro,detrended,0,NA,NA,NA,NA,0,0,0,,NA,NA,TRUE,FALSE
sap_car,tom_spp,detrended,0,NA,NA,NA,NA,0,0,0,,NA,NA,TRUE,FALSE
sap_car,tor_vir,detrended,0,NA,NA,NA,NA,0,0,0,,NA,NA,TRUE,FALSE
sap_car,uro_sir_spp,detrended,0,NA,NA,NA,NA,0,0,0,,NA,NA,TRUE,FALSE
sap_car,xyl_lin,detrended,0,NA,NA,NA,NA,0,0,0,,NA,NA,TRUE,FALSE
sap_car,xyl_spp,detrended,0,NA,NA,NA,NA,0,0,0,,NA,NA,TRUE,FALSE
sap_car,zei_gri,detrended,0,NA,NA,NA,NA,0,0,0,,NA,NA,TRUE,FALSE
sco_int,sco_rat,detrended,207,0.3253496012284044,1.7235204608064605e-6,0.3079913086772521,6.343037177922176e-6,91,9,2,"CZ,DE",3.4183155805994796e-5,7.676150076332938e-5,FALSE,FALSE
sco_int,sco_sco,detrended,23,0.13211398931718615,0.5479021966811279,0.0899209486166008,0.6832553329339464,12,1,1,DE,0.7086995804897198,0.7893920836809671,FALSE,FALSE
sco_int,tet_gab,detrended,92,0.08586104468217363,0.41576273033147493,0.12873942326957752,0.22131509165965726,28,4,1,DE,0.5878308702112338,0.3817007011799297,FALSE,FALSE
sco_int,tet_spp,detrended,46,-0.1621605308942289,0.28161232453787305,-0.13512180080172678,0.37060777549228263,10,2,1,DE,0.45917261765380357,0.5400284728601832,FALSE,FALSE
sco_int,tha_pit,detrended,23,-0.24349933242222027,0.26287796530532875,-0.27964426877470355,0.19625242340232033,10,1,1,DE,0.43973895113248573,0.3503105757731418,FALSE,FALSE
sco_int,tha_pro,detrended,69,0.00542126913322196,0.9647369616873024,-0.031092436974789923,0.7997921397126726,25,3,1,DE,0.9798324191247992,0.8587241921125538,FALSE,FALSE
sco_int,tom_spp,detrended,276,0.3192697336773004,5.873410662937422e-8,0.21082804183730255,4.2131348052857243e-4,145,12,2,"CZ,DE",1.8233109623205737e-6,0.0025932571129086267,FALSE,FALSE
sco_int,tor_vir,detrended,69,0.24311616532545838,0.04412609383595679,0.25396419437340156,0.03523016546796068,34,3,1,DE,0.1270404475761014,0.09787680211721371,FALSE,FALSE
sco_int,uro_sir_spp,detrended,0,NA,NA,NA,NA,0,0,0,,NA,NA,TRUE,FALSE
sco_int,xyl_lin,detrended,69,-0.12480847489773766,0.3068759898582252,0.08253562294483012,0.5001720312086005,43,3,1,DE,0.4815592456236764,0.650974335040029,FALSE,FALSE
sco_int,xyl_spp,detrended,92,-0.1997451712208339,0.0562648958785133,-0.0816700830726076,0.4389689150563997,41,4,1,DE,0.15159673832927734,0.6008024879131445,FALSE,FALSE
sco_int,zei_gri,detrended,115,0.017829078447277845,0.8499972698456081,-0.05114021936400222,0.5872798813197433,37,5,1,CZ,0.9299615376250135,0.7115595515678268,FALSE,FALSE
sco_rat,sco_sco,detrended,23,0.06752052050343381,0.7595221639212472,-0.037549407114624504,0.8649333446053347,12,1,1,DE,0.8732670290495499,0.9068464141677076,FALSE,FALSE
sco_rat,tet_gab,detrended,46,0.26837260119122325,0.07133463035760132,0.24921369102682697,0.09487961019183903,17,2,1,DE,0.17997500379974327,0.19976377427543934,FALSE,FALSE
sco_rat,tet_spp,detrended,0,NA,NA,NA,NA,0,0,0,,NA,NA,TRUE,FALSE
sco_rat,tha_pit,detrended,23,0.24122231742867273,0.2675070392150575,0.07015810276679842,0.7504128162462714,9,1,1,DE,0.44110860507979455,0.8360658273618482,FALSE,FALSE
sco_rat,tha_pro,detrended,23,0.006134317483781436,0.9778386616073929,-0.20553359683794467,0.34679027361431547,12,1,1,DE,0.9874514821902616,0.5212805376013079,FALSE,FALSE
sco_rat,tom_spp,detrended,230,0.16929424904397253,0.010109003821698445,0.15093882764283373,0.022035068444412574,121,10,3,"CZ,DE,LT",0.040549599599397135,0.06840451682308947,FALSE,FALSE
sco_rat,tor_vir,detrended,69,0.20595833839208694,0.08954196643833458,0.24691267811472417,0.04082262547998209,32,3,2,"DE,LT",0.2089312550227807,0.10916612207006446,FALSE,FALSE
sco_rat,uro_sir_spp,detrended,0,NA,NA,NA,NA,0,0,0,,NA,NA,TRUE,FALSE
sco_rat,xyl_lin,detrended,46,0.018769949277759435,0.9014646587752352,0.008202281837804502,0.956855124055324,35,2,1,DE,0.9549640450526973,0.974599940906564,FALSE,FALSE
sco_rat,xyl_spp,detrended,46,0.08294417081883991,0.583679059792011,0.23959296947271042,0.10877264523976643,33,2,1,DE,0.7311348222657821,0.22242953624464937,FALSE,FALSE
sco_rat,zei_gri,detrended,115,-0.08739356417672059,0.3530280358058806,-0.08243509824035353,0.38111016498648786,36,5,1,CZ,0.5218675311913017,0.5496492721483411,FALSE,FALSE
sco_sco,tet_gab,detrended,23,0.14383480469333274,0.5126239267287365,0.1650197628458498,0.4517777435536613,7,1,1,DE,0.686704472203223,0.6097718504675126,FALSE,FALSE
sco_sco,tet_spp,detrended,0,NA,NA,NA,NA,0,0,0,,NA,NA,TRUE,FALSE
sco_sco,tha_pit,detrended,23,0.024222589252908093,0.9126434261264081,-0.06818181818181818,0.7572353005557559,5,1,1,DE,0.9596869016999344,0.8404677157599585,FALSE,FALSE
sco_sco,tha_pro,detrended,23,0.5271927961847818,0.009739495694558458,0.5039525691699606,0.014212247774590124,10,1,1,DE,0.0394531564743738,0.04878627361085263,FALSE,FALSE
sco_sco,tom_spp,detrended,23,0.22474844218829332,0.30253458942193384,0.17885375494071146,0.41419492882139053,13,1,1,DE,0.47815262581733436,0.575360270775239,FALSE,FALSE
sco_sco,tor_vir,detrended,23,0.0403137053359726,0.8550885708279637,0.04644268774703557,0.8333371995704254,8,1,1,DE,0.9321118161391849,0.881485571101161,FALSE,FALSE
sco_sco,uro_sir_spp,detrended,0,NA,NA,NA,NA,0,0,0,,NA,NA,TRUE,FALSE
sco_sco,xyl_lin,detrended,23,-0.21407455457746014,0.3266689878061092,-0.05434782608695652,0.8054580956761177,13,1,1,DE,0.49990206266060533,0.8635091295987207,FALSE,FALSE
sco_sco,xyl_spp,detrended,23,-0.36660506610429183,0.08531934191420103,-0.04841897233201581,0.8263478384707862,12,1,1,DE,0.2009440066672844,0.8766899801904032,FALSE,FALSE
sco_sco,zei_gri,detrended,0,NA,NA,NA,NA,0,0,0,,NA,NA,TRUE,FALSE
tet_gab,tet_spp,detrended,92,0.3245068017262934,0.0016001998859426817,0.40739484919008057,5.566584988468726e-5,58,4,1,DE,0.00976532238088098,4.630579708919986e-4,FALSE,FALSE
tet_gab,tha_pit,detrended,23,-0.025898638793350543,0.9066237181498816,-0.05632411067193676,0.7985226107639527,3,1,1,DE,0.9562655845765327,0.858652325429913,FALSE,FALSE
tet_gab,tha_pro,detrended,92,-0.08852753816228258,0.40137626588316033,-0.02886734583789282,0.7847325229958029,56,4,1,DE,0.5720212651508512,0.8541143619192122,FALSE,FALSE
tet_gab,tom_spp,detrended,222,0.1712959586386275,0.010564912100966552,0.17903712206007116,0.007491323919769683,142,10,2,"AT,DE",0.04190748466716732,0.029228444145986632,FALSE,FALSE
tet_gab,tor_vir,detrended,46,0.08466389747191438,0.5758739550585417,0.12389762565525747,0.41201293066583355,16,2,1,DE,0.7290319218294304,0.5734448976518619,FALSE,FALSE
tet_gab,uro_sir_spp,detrended,23,0.3604267282785228,0.09112739985749164,0.33992094861660077,0.11251980895696757,10,1,1,DE,0.21056622491342727,0.228886448989387,FALSE,FALSE
tet_gab,xyl_lin,detrended,69,-0.019432099451628618,0.8740776367927363,0.12466203872853492,0.3074483535267375,36,3,1,DE,0.9427363031269089,0.478252994374925,FALSE,FALSE
tet_gab,xyl_spp,detrended,92,0.16202151037541282,0.1228254459033192,0.203597244270456,0.051585579945321675,32,4,1,DE,0.2602295797476852,0.12657080440192328,FALSE,FALSE
tet_gab,zei_gri,detrended,0,NA,NA,NA,NA,0,0,0,,NA,NA,TRUE,FALSE
tet_spp,tha_pit,detrended,0,NA,NA,NA,NA,0,0,0,,NA,NA,TRUE,FALSE
tet_spp,tha_pro,detrended,69,-0.002766070228095352,0.9820036584482634,0.12681768359517723,0.2990924626414563,48,3,1,DE,0.9875360734254367,0.46831582966228025,FALSE,FALSE
tet_spp,tom_spp,detrended,92,0.007341467548754014,0.9446274342115647,0.08965368432409104,0.39538975793466,51,4,1,DE,0.9732525079755515,0.5588782858379744,FALSE,FALSE
tet_spp,tor_vir,detrended,23,0.012413832901238006,0.9551693042504149,-0.06027667984189724,0.7846962247332139,2,1,1,DE,0.9788092538967567,0.8541143619192122,FALSE,FALSE
tet_spp,uro_sir_spp,detrended,23,0.2600307124316998,0.23081280245203753,0.2015810276679842,0.35634375972559185,9,1,1,DE,0.4039224042910657,0.5281478688509181,FALSE,FALSE
tet_spp,xyl_lin,detrended,46,0.28715742527474875,0.05299433536911148,0.326672833795868,0.026704439460379342,24,2,1,DE,0.1455305978982523,0.08011331838113803,FALSE,FALSE
tet_spp,xyl_spp,detrended,46,-0.017606402844099988,0.9075455073463906,0.0511255010792476,0.7357942371455741,13,2,1,DE,0.9562655845765327,0.827187439852321,FALSE,FALSE
tet_spp,zei_gri,detrended,0,NA,NA,NA,NA,0,0,0,,NA,NA,TRUE,FALSE
tha_pit,tha_pro,detrended,23,-0.10344550635834397,0.638566050715642,-0.09090909090909091,0.679952898665358,7,1,1,DE,0.7820517327803918,0.7881272234530287,FALSE,FALSE
tha_pit,tom_spp,detrended,23,0.3353920897090868,0.11770117835209665,0.22430830039525693,0.3035074584021965,11,1,1,DE,0.2511124995699342,0.4741888956218125,FALSE,FALSE
tha_pit,tor_vir,detrended,41,-0.09408117382343002,0.5584913809583297,-0.0912891986062718,0.5702749859581926,9,2,2,"BG,DE",0.7146287562800133,0.6996157044229373,FALSE,FALSE
tha_pit,uro_sir_spp,detrended,0,NA,NA,NA,NA,0,0,0,,NA,NA,TRUE,FALSE
tha_pit,xyl_lin,detrended,23,-0.6926576561733947,2.491854741284858e-4,-0.5869565217391305,0.003236939919323573,11,1,1,DE,0.002093157982679281,0.014444844389981445,FALSE,FALSE
tha_pit,xyl_spp,detrended,23,-0.514250843523819,0.012058798207463686,-0.4318181818181818,0.03963161431031597,10,1,1,DE,0.047049081530759956,0.10718550233926365,FALSE,FALSE
tha_pit,zei_gri,detrended,0,NA,NA,NA,NA,0,0,0,,NA,NA,TRUE,FALSE
tha_pro,tom_spp,detrended,138,0.09701079842374075,0.2576659557040511,0.2176150542593535,0.010348874928158065,82,6,1,DE,0.43664216012031815,0.03769947295257581,FALSE,FALSE
tha_pro,tor_vir,detrended,69,0.2973084935020545,0.013105506651046598,0.2872488125685057,0.016704463335951842,28,3,1,DE,0.050580171615390655,0.055733583279764555,FALSE,FALSE
tha_pro,uro_sir_spp,detrended,23,0.2907524026089247,0.1783246995977278,0.283596837944664,0.18973853053259201,10,1,1,DE,0.3353291169926235,0.343840890356017,FALSE,FALSE
tha_pro,xyl_lin,detrended,92,0.11911914906654861,0.25807141676579026,0.08091487754881863,0.44322705279104513,57,4,1,DE,0.43664216012031815,0.6050939114585205,FALSE,FALSE
tha_pro,xyl_spp,detrended,115,-0.009888748526626589,0.9164638072286916,0.02888818748520477,0.7592460457495424,50,5,1,DE,0.9608739476670862,0.8404677157599585,FALSE,FALSE
tha_pro,zei_gri,detrended,0,NA,NA,NA,NA,0,0,0,,NA,NA,TRUE,FALSE
tom_spp,tor_vir,detrended,341,0.11385995198446275,0.035581508425900576,0.15868522435984736,0.0033013472047993733,159,16,3,"DE,LT,PL",0.11045737833083917,0.014550382124856497,FALSE,FALSE
tom_spp,uro_sir_spp,detrended,23,0.10069829098408684,0.6475519431205555,0.11857707509881422,0.5899765469581981,10,1,1,DE,0.7903454485266268,0.7115595515678268,FALSE,FALSE
tom_spp,xyl_lin,detrended,161,0.5051585657076371,8.268424604026448e-12,0.43090637221072003,1.1567757916175453e-8,126,7,1,DE,4.541273205596064e-10,2.930665420635718e-7,FALSE,FALSE
tom_spp,xyl_spp,detrended,161,0.12765102583097931,0.10659293638490566,0.13900103519668736,0.07865740660342303,107,7,1,DE,0.2348992487000699,0.1792531120773955,FALSE,FALSE
tom_spp,zei_gri,detrended,115,-0.15185539424565375,0.10521336710736397,-0.1608853468002841,0.08585798354954494,61,5,1,CZ,0.2325769167636467,0.18804478605636527,FALSE,FALSE
tor_vir,uro_sir_spp,detrended,0,NA,NA,NA,NA,0,0,0,,NA,NA,TRUE,FALSE
tor_vir,xyl_lin,detrended,161,0.3034724035656703,9.10338081504816e-5,0.3517828387393605,4.740186409355452e-6,88,7,1,DE,9.285448431349123e-4,6.38583603071659e-5,FALSE,FALSE
tor_vir,xyl_spp,detrended,115,0.20919835222572236,0.024846362159056914,0.2934032983508246,0.0014607411572895856,78,5,1,DE,0.08468026286204025,0.007668891075770325,FALSE,FALSE
tor_vir,zei_gri,detrended,0,NA,NA,NA,NA,0,0,0,,NA,NA,TRUE,FALSE
uro_sir_spp,xyl_lin,detrended,23,0.25016378797363736,0.24962549360083153,0.18577075098814227,0.39606780480954484,10,1,1,DE,0.4274163127841576,0.5588782858379744,FALSE,FALSE
uro_sir_spp,xyl_spp,detrended,23,0.15605895504831985,0.4770407523153066,0.19466403162055337,0.37342744743214784,5,1,1,DE,0.6550136483714017,0.542497215559535,FALSE,FALSE
uro_sir_spp,zei_gri,detrended,0,NA,NA,NA,NA,0,0,0,,NA,NA,TRUE,FALSE
xyl_lin,xyl_spp,detrended,138,0.42600051451951854,1.8961884775589567e-7,0.5947021500539967,1.463395185717104e-14,104,6,1,DE,5.641160720737896e-6,7.46331544715723e-13,FALSE,FALSE
xyl_lin,zei_gri,detrended,0,NA,NA,NA,NA,0,0,0,,NA,NA,TRUE,FALSE
xyl_spp,zei_gri,detrended,0,NA,NA,NA,NA,0,0,0,,NA,NA,TRUE,FALSE
CambXyl_con&BB_con&BO,CambXyl_con&BB_con&SM,diff,44,0.24118662489751572,0.11475469061684783,0.20899219009709538,0.17336282770075176,13,2,1,DE,0.36679378541688623,0.5088325017991563,FALSE,FALSE
CambXyl_con&BB_con&BO,CambXyl_con&BO,diff,22,-0.03636243304714576,0.872367607087238,0.05191998948792704,0.8185071202916033,3,1,1,DE,0.9451752222462639,0.9456797684759293,FALSE,FALSE
CambXyl_con&BB_con&BO,CambXyl_con&MD,diff,22,0.17455714952206797,0.4371898294377229,0.13099379432583777,0.5611974487804663,8,1,1,DE,0.7209088642460373,0.8256108752591049,FALSE,FALSE
CambXyl_con&BB_con&BO,Def_dec,diff,0,NA,NA,NA,NA,0,0,0,,NA,NA,TRUE,FALSE
CambXyl_con&BB_con&BO,Def_dec&DB,diff,144,0.27001765546397816,0.0010641760710637048,0.2019717909763196,0.015198626980452015,80,7,2,"AT,DE",0.014611956052682408,0.1233161325459402,FALSE,FALSE
CambXyl_con&BB_con&BO,agr_big,diff,44,-0.08445824565196766,0.5856985312435372,-0.028311781295606995,0.8552459528672041,21,2,1,DE,0.8207512698066874,0.9505485342053552,FALSE,FALSE
CambXyl_con&BB_con&BO,agr_vir,diff,44,-0.02080344142484406,0.8933739560039313,0.03314532266954063,0.8308665247794631,13,2,1,DE,0.9606460912451913,0.9456797684759293,FALSE,FALSE
CambXyl_con&BB_con&BO,bup_pin,diff,0,NA,NA,NA,NA,0,0,0,,NA,NA,TRUE,FALSE
CambXyl_con&BB_con&BO,cep_spp,diff,0,NA,NA,NA,NA,0,0,0,,NA,NA,TRUE,FALSE
CambXyl_con&BB_con&BO,clo_ana,diff,0,NA,NA,NA,NA,0,0,0,,NA,NA,TRUE,FALSE
CambXyl_con&BB_con&BO,den_mic,diff,0,NA,NA,NA,NA,0,0,0,,NA,NA,TRUE,FALSE
CambXyl_con&BB_con&BO,den_pin,diff,0,NA,NA,NA,NA,0,0,0,,NA,NA,TRUE,FALSE
CambXyl_con&BB_con&BO,dip_sp,diff,82,0.0913763862279993,0.41423967237452586,0.07880301743830224,0.4815995879925751,35,4,2,"AT,DE",0.7025347412717612,0.7941969286452881,FALSE,FALSE
CambXyl_con&BB_con&BO,era_def,diff,0,NA,NA,NA,NA,0,0,0,,NA,NA,TRUE,FALSE
CambXyl_con&BB_con&BO,geo_db,diff,22,-0.18654576274668647,0.4058400302740046,-0.33521785132361426,0.12724627079393677,17,1,1,HR,0.6932291426211467,0.4561197517650834,FALSE,FALSE
CambXyl_con&BB_con&BO,ips_acu,diff,0,NA,NA,NA,NA,0,0,0,,NA,NA,TRUE,FALSE
CambXyl_con&BB_con&BO,ips_ami,diff,0,NA,NA,NA,NA,0,0,0,,NA,NA,TRUE,FALSE
CambXyl_con&BB_con&BO,ips_cem,diff,44,-0.2365373964493066,0.12213558504516686,-0.20924010357765435,0.17284175941751045,18,2,1,DE,0.3789243668043856,0.5088325017991563,FALSE,FALSE
CambXyl_con&BB_con&BO,ips_dup,diff,0,NA,NA,NA,NA,0,0,0,,NA,NA,TRUE,FALSE
CambXyl_con&BB_con&BO,ips_sex,diff,0,NA,NA,NA,NA,0,0,0,,NA,NA,TRUE,FALSE
CambXyl_con&BB_con&BO,ips_typ,diff,186,-0.1028695873674421,0.16235167003243647,0.0890068896786596,0.22700562129741725,149,9,3,"AT,DE,HR",0.4486500218031358,0.5494305545978166,FALSE,FALSE
CambXyl_con&BB_con&BO,lym_dis,diff,146,0.09709632730163462,0.2436581253701552,0.06545601939178228,0.4324816643468211,67,7,3,"AT,DE,HR",0.537037121912828,0.7520095122104671,FALSE,FALSE
CambXyl_con&BB_con&BO,lym_mon,diff,0,NA,NA,NA,NA,0,0,0,,NA,NA,TRUE,FALSE
CambXyl_con&BB_con&BO,mel_spp,diff,44,0.16443976175889627,0.2861297118102603,0.0727294993996843,0.6389505195672689,21,2,1,DE,0.5738668939115895,0.862002854165265,FALSE,FALSE
CambXyl_con&BB_con&BO,neo_ser,diff,0,NA,NA,NA,NA,0,0,0,,NA,NA,TRUE,FALSE
CambXyl_con&BB_con&BO,ope_spp,diff,0,NA,NA,NA,NA,0,0,0,,NA,NA,TRUE,FALSE
CambXyl_con&BB_con&BO,pan_fla,diff,0,NA,NA,NA,NA,0,0,0,,NA,NA,TRUE,FALSE
CambXyl_con&BB_con&BO,pha_cya,diff,144,0.26664128315374797,0.0012357326022082325,0.12386826602478626,0.1390956459002084,87,7,2,"AT,DE",0.0166474165655977,0.4706838444206104,FALSE,FALSE
CambXyl_con&BB_con&BO,pis_pin,diff,0,NA,NA,NA,NA,0,0,0,,NA,NA,TRUE,FALSE
CambXyl_con&BB_con&BO,pit_bid,diff,0,NA,NA,NA,NA,0,0,0,,NA,NA,TRUE,FALSE
CambXyl_con&BB_con&BO,pit_cha,diff,164,-0.2888597502042046,1.75989719308289e-4,0.041707051614659714,0.5959341966583623,129,8,2,"AT,DE",0.0035901902738890955,0.8425683493347934,FALSE,FALSE
CambXyl_con&BB_con&BO,pit_spp,diff,166,0.07273436784863727,0.3517140281128225,0.1675909781010739,0.03090989210129123,128,8,3,"AT,DE,HR",0.6436491809364198,0.1870310420366266,FALSE,FALSE
CambXyl_con&BB_con&BO,pol_pol,diff,0,NA,NA,NA,NA,0,0,0,,NA,NA,TRUE,FALSE
CambXyl_con&BB_con&BO,pri_abi,diff,0,NA,NA,NA,NA,0,0,0,,NA,NA,TRUE,FALSE
CambXyl_con&BB_con&BO,sap_car,diff,0,NA,NA,NA,NA,0,0,0,,NA,NA,TRUE,FALSE
CambXyl_con&BB_con&BO,sco_int,diff,44,0.07294935078486903,0.6379344986247852,0.025645225628101842,0.868754270825403,10,2,1,DE,0.8393963211580073,0.9526868413922952,FALSE,FALSE
CambXyl_con&BB_con&BO,sco_rat,diff,0,NA,NA,NA,NA,0,0,0,,NA,NA,TRUE,FALSE
CambXyl_con&BB_con&BO,sco_sco,diff,0,NA,NA,NA,NA,0,0,0,,NA,NA,TRUE,FALSE
CambXyl_con&BB_con&BO,tet_gab,diff,124,-0.09262114762902873,0.30624112476548127,-0.05317610880963508,0.5574977336228409,83,6,2,"AT,DE",0.5899384060060467,0.8250685240182937,FALSE,FALSE
CambXyl_con&BB_con&BO,tet_spp,diff,44,0.10170796385851728,0.5112201434903787,0.06105289093470615,0.693811397850643,17,2,1,DE,0.7817324165439156,0.8990586897737917,FALSE,FALSE
CambXyl_con&BB_con&BO,tha_pit,diff,22,-0.24737264935641143,0.2670360417055938,-0.23572654975033247,0.29092680688364114,19,1,1,HR,0.5526485037037506,0.6316528656709808,FALSE,FALSE
CambXyl_con&BB_con&BO,tha_pro,diff,44,0.369014105985583,0.013701974803346601,0.11050544845782921,0.4751655728540276,18,2,1,DE,0.1098491951245335,0.7889958581808738,FALSE,FALSE
CambXyl_con&BB_con&BO,tom_spp,diff,164,0.01932230537312838,0.8060100810218855,0.20832179087220626,0.007431814594119763,131,8,2,"AT,DE",0.9299277215489462,0.08039872151820471,FALSE,FALSE
CambXyl_con&BB_con&BO,tor_vir,diff,0,NA,NA,NA,NA,0,0,0,,NA,NA,TRUE,FALSE
CambXyl_con&BB_con&BO,uro_sir_spp,diff,0,NA,NA,NA,NA,0,0,0,,NA,NA,TRUE,FALSE
CambXyl_con&BB_con&BO,xyl_lin,diff,0,NA,NA,NA,NA,0,0,0,,NA,NA,TRUE,FALSE
CambXyl_con&BB_con&BO,xyl_spp,diff,22,0.016593966777984498,0.9415721134849756,0.12114664213849641,0.5912370104992952,1,1,1,DE,0.9800036283210971,0.8375857648740016,FALSE,FALSE
CambXyl_con&BB_con&BO,zei_gri,diff,0,NA,NA,NA,NA,0,0,0,,NA,NA,TRUE,FALSE
CambXyl_con&BB_con&SM,CambXyl_con&BO,diff,22,0.3229415152911371,0.14266849356189243,0.22116485694287588,0.3226030712835819,4,1,1,DE,0.4157767526660865,0.6470185193721277,FALSE,FALSE
CambXyl_con&BB_con&SM,CambXyl_con&MD,diff,22,0.8891534419675752,3.175577557389659e-8,0.6475461256760563,0.0011217868625538277,10,1,1,DE,1.7758095358517731e-6,0.01704161318858368,FALSE,FALSE
CambXyl_con&BB_con&SM,Def_dec,diff,0,NA,NA,NA,NA,0,0,0,,NA,NA,TRUE,FALSE
CambXyl_con&BB_con&SM,Def_dec&DB,diff,44,0.4650495956737464,0.0014695341575658705,0.29278454728637526,0.053767751171797745,14,2,1,DE,0.019077225245491485,0.28022025063258094,FALSE,FALSE
CambXyl_con&BB_con&SM,agr_big,diff,44,-0.34955819203380506,0.020025894603372014,-0.080540459048246,0.603265339535902,18,2,1,DE,0.13323350414048024,0.8445714753502628,FALSE,FALSE
CambXyl_con&BB_con&SM,agr_vir,diff,44,-0.007111557528709209,0.9634575061761171,-0.049879405729593235,0.7478028785876241,13,2,1,DE,0.9875225301289458,0.9224969297312157,FALSE,FALSE
CambXyl_con&BB_con&SM,bup_pin,diff,0,NA,NA,NA,NA,0,0,0,,NA,NA,TRUE,FALSE
CambXyl_con&BB_con&SM,cep_spp,diff,0,NA,NA,NA,NA,0,0,0,,NA,NA,TRUE,FALSE
CambXyl_con&BB_con&SM,clo_ana,diff,0,NA,NA,NA,NA,0,0,0,,NA,NA,TRUE,FALSE
CambXyl_con&BB_con&SM,den_mic,diff,0,NA,NA,NA,NA,0,0,0,,NA,NA,TRUE,FALSE
CambXyl_con&BB_con&SM,den_pin,diff,0,NA,NA,NA,NA,0,0,0,,NA,NA,TRUE,FALSE
CambXyl_con&BB_con&SM,dip_sp,diff,22,0.06221344639834107,0.7832856608162125,0.030528891295795748,0.8927181188225822,1,1,1,DE,0.9237501722459615,0.9610762265189617,FALSE,FALSE
CambXyl_con&BB_con&SM,era_def,diff,0,NA,NA,NA,NA,0,0,0,,NA,NA,TRUE,FALSE
CambXyl_con&BB_con&SM,geo_db,diff,0,NA,NA,NA,NA,0,0,0,,NA,NA,TRUE,FALSE
CambXyl_con&BB_con&SM,ips_acu,diff,0,NA,NA,NA,NA,0,0,0,,NA,NA,TRUE,FALSE
CambXyl_con&BB_con&SM,ips_ami,diff,0,NA,NA,NA,NA,0,0,0,,NA,NA,TRUE,FALSE
CambXyl_con&BB_con&SM,ips_cem,diff,44,-0.6263684859554617,5.4154399657500586e-6,-0.46378535417668687,0.0015199596174272625,14,2,1,DE,1.6811409284980618e-4,0.022147982996797252,FALSE,FALSE
CambXyl_con&BB_con&SM,ips_dup,diff,0,NA,NA,NA,NA,0,0,0,,NA,NA,TRUE,FALSE
CambXyl_con&BB_con&SM,ips_sex,diff,0,NA,NA,NA,NA,0,0,0,,NA,NA,TRUE,FALSE
CambXyl_con&BB_con&SM,ips_typ,diff,44,-0.6660100602862379,8.058319088131964e-7,-0.4972960690403486,5.941954401416882e-4,14,2,1,DE,3.0282314889085383e-5,0.01087834728874783,FALSE,FALSE
CambXyl_con&BB_con&SM,lym_dis,diff,44,0.09274715737437687,0.5493082660855315,-0.18642442609230914,0.22564390297106743,14,2,1,DE,0.7971827060309588,0.5486362653199117,FALSE,FALSE
CambXyl_con&BB_con&SM,lym_mon,diff,0,NA,NA,NA,NA,0,0,0,,NA,NA,TRUE,FALSE
CambXyl_con&BB_con&SM,mel_spp,diff,44,0.137761482309937,0.37252068919036485,0.02939432811979781,0.8497733777835477,18,2,1,DE,0.6646877530610504,0.9491377001724643,FALSE,FALSE
CambXyl_con&BB_con&SM,neo_ser,diff,0,NA,NA,NA,NA,0,0,0,,NA,NA,TRUE,FALSE
CambXyl_con&BB_con&SM,ope_spp,diff,0,NA,NA,NA,NA,0,0,0,,NA,NA,TRUE,FALSE
CambXyl_con&BB_con&SM,pan_fla,diff,0,NA,NA,NA,NA,0,0,0,,NA,NA,TRUE,FALSE
CambXyl_con&BB_con&SM,pha_cya,diff,44,-0.07585784722992489,0.6245554330703662,-0.16681281207985257,0.27913634937108756,17,2,1,DE,0.8393963211580073,0.6134748223282818,FALSE,FALSE
CambXyl_con&BB_con&SM,pis_pin,diff,0,NA,NA,NA,NA,0,0,0,,NA,NA,TRUE,FALSE
CambXyl_con&BB_con&SM,pit_bid,diff,0,NA,NA,NA,NA,0,0,0,,NA,NA,TRUE,FALSE
CambXyl_con&BB_con&SM,pit_cha,diff,44,-0.7872394594751422,2.329735663905513e-10,-0.5469585708100079,1.2217701137087002e-4,11,2,1,DE,2.7723854400475603e-8,0.0031155137899571855,FALSE,FALSE
CambXyl_con&BB_con&SM,pit_spp,diff,44,-0.21741385675433794,0.15628845458886528,-0.21638882656435982,0.1582982609523973,14,2,1,DE,0.43760767284882274,0.487659893122815,FALSE,FALSE
CambXyl_con&BB_con&SM,pol_pol,diff,0,NA,NA,NA,NA,0,0,0,,NA,NA,TRUE,FALSE
CambXyl_con&BB_con&SM,pri_abi,diff,0,NA,NA,NA,NA,0,0,0,,NA,NA,TRUE,FALSE
CambXyl_con&BB_con&SM,sap_car,diff,0,NA,NA,NA,NA,0,0,0,,NA,NA,TRUE,FALSE
CambXyl_con&BB_con&SM,sco_int,diff,44,0.4923066522392326,6.875666144457323e-4,0.21834799077521005,0.15447317393616106,11,2,1,DE,0.010672229624222889,0.4837449394316623,FALSE,FALSE
CambXyl_con&BB_con&SM,sco_rat,diff,0,NA,NA,NA,NA,0,0,0,,NA,NA,TRUE,FALSE
CambXyl_con&BB_con&SM,sco_sco,diff,0,NA,NA,NA,NA,0,0,0,,NA,NA,TRUE,FALSE
CambXyl_con&BB_con&SM,tet_gab,diff,44,-0.3244012430875387,0.03168496461116152,-0.2825055688480047,0.06316464444223573,13,2,1,DE,0.17954813279658197,0.31985500802664046,FALSE,FALSE
CambXyl_con&BB_con&SM,tet_spp,diff,44,0.005293869186368448,0.9727935463967472,0.1998854353896353,0.1932948455452838,14,2,1,DE,0.9875225301289458,0.5287836004572132,FALSE,FALSE
CambXyl_con&BB_con&SM,tha_pit,diff,0,NA,NA,NA,NA,0,0,0,,NA,NA,TRUE,FALSE
CambXyl_con&BB_con&SM,tha_pro,diff,44,0.35227557829423345,0.019017253867617556,0.2686118523472832,0.07789427910056762,18,2,1,DE,0.13053170014136456,0.3497387467998057,FALSE,FALSE
CambXyl_con&BB_con&SM,tom_spp,diff,44,-0.1291200424202781,0.40352988674436163,-0.08136954317798877,0.5995288315320748,15,2,1,DE,0.6909360650730796,0.844306875175348,FALSE,FALSE
CambXyl_con&BB_con&SM,tor_vir,diff,0,NA,NA,NA,NA,0,0,0,,NA,NA,TRUE,FALSE
CambXyl_con&BB_con&SM,uro_sir_spp,diff,0,NA,NA,NA,NA,0,0,0,,NA,NA,TRUE,FALSE
CambXyl_con&BB_con&SM,xyl_lin,diff,0,NA,NA,NA,NA,0,0,0,,NA,NA,TRUE,FALSE
CambXyl_con&BB_con&SM,xyl_spp,diff,22,0.2700934723611491,0.2241166323248627,0.1919928052602266,0.39201720558838227,1,1,1,DE,0.5237113539972795,0.7158575058570459,FALSE,FALSE
CambXyl_con&BB_con&SM,zei_gri,diff,0,NA,NA,NA,NA,0,0,0,,NA,NA,TRUE,FALSE
CambXyl_con&BO,CambXyl_con&MD,diff,22,0.10852956430487473,0.6306878943857757,0.05467730176372632,0.8090361835634708,6,1,1,DE,0.8393963211580073,0.9456797684759293,FALSE,FALSE
CambXyl_con&BO,Def_dec,diff,0,NA,NA,NA,NA,0,0,0,,NA,NA,TRUE,FALSE
CambXyl_con&BO,Def_dec&DB,diff,22,-0.07951797749598839,0.7250190353721455,0.007554230248449517,0.9733838948130704,3,1,1,DE,0.8889822613070196,0.9979779734127101,FALSE,FALSE
CambXyl_con&BO,agr_big,diff,22,-0.44483249265926356,0.03804460936883078,-0.4323213766805846,0.044493902925389364,6,1,1,DE,0.19402750778103695,0.24626857898238766,FALSE,FALSE
CambXyl_con&BO,agr_vir,diff,22,-0.40453652922700645,0.061842295253306236,-0.14164704921863067,0.5294896669994679,4,1,1,DE,0.2688460536388192,0.8065035563494737,FALSE,FALSE
CambXyl_con&BO,bup_pin,diff,0,NA,NA,NA,NA,0,0,0,,NA,NA,TRUE,FALSE
CambXyl_con&BO,cep_spp,diff,0,NA,NA,NA,NA,0,0,0,,NA,NA,TRUE,FALSE
CambXyl_con&BO,clo_ana,diff,0,NA,NA,NA,NA,0,0,0,,NA,NA,TRUE,FALSE
CambXyl_con&BO,den_mic,diff,0,NA,NA,NA,NA,0,0,0,,NA,NA,TRUE,FALSE
CambXyl_con&BO,den_pin,diff,0,NA,NA,NA,NA,0,0,0,,NA,NA,TRUE,FALSE
CambXyl_con&BO,dip_sp,diff,22,-0.19711163116360542,0.3792710720138509,-0.15159574468085107,0.5006606703761766,0,1,1,DE,0.6676770925999362,0.7942567952865023,FALSE,FALSE
CambXyl_con&BO,era_def,diff,0,NA,NA,NA,NA,0,0,0,,NA,NA,TRUE,FALSE
CambXyl_con&BO,geo_db,diff,0,NA,NA,NA,NA,0,0,0,,NA,NA,TRUE,FALSE
CambXyl_con&BO,ips_acu,diff,0,NA,NA,NA,NA,0,0,0,,NA,NA,TRUE,FALSE
CambXyl_con&BO,ips_ami,diff,0,NA,NA,NA,NA,0,0,0,,NA,NA,TRUE,FALSE
CambXyl_con&BO,ips_cem,diff,22,-0.047133389063927625,0.8350058057528199,-0.07993652282197568,0.7236263702490976,6,1,1,DE,0.9375568119707025,0.9160801921238576,FALSE,FALSE
CambXyl_con&BO,ips_dup,diff,0,NA,NA,NA,NA,0,0,0,,NA,NA,TRUE,FALSE
CambXyl_con&BO,ips_sex,diff,0,NA,NA,NA,NA,0,0,0,,NA,NA,TRUE,FALSE
CambXyl_con&BO,ips_typ,diff,44,-0.029943302927107923,0.8470008044235494,0.033165821940784795,0.830763447082786,28,2,2,"DE,SI",0.9422863462637558,0.9456797684759293,FALSE,FALSE
CambXyl_con&BO,lym_dis,diff,22,-0.3690597565232074,0.0909760385726574,-0.23057140089631184,0.301912008853884,4,1,1,DE,0.32973041391308316,0.6391879961247112,FALSE,FALSE
CambXyl_con&BO,lym_mon,diff,0,NA,NA,NA,NA,0,0,0,,NA,NA,TRUE,FALSE
CambXyl_con&BO,mel_spp,diff,22,-0.25629681039220126,0.24959793999955232,-0.03209658705658886,0.8872422206270728,6,1,1,DE,0.5376219034796529,0.9610762265189617,FALSE,FALSE
CambXyl_con&BO,neo_ser,diff,0,NA,NA,NA,NA,0,0,0,,NA,NA,TRUE,FALSE
CambXyl_con&BO,ope_spp,diff,0,NA,NA,NA,NA,0,0,0,,NA,NA,TRUE,FALSE
CambXyl_con&BO,pan_fla,diff,0,NA,NA,NA,NA,0,0,0,,NA,NA,TRUE,FALSE
CambXyl_con&BO,pha_cya,diff,22,-0.41017509800409846,0.057960737241924305,-0.10873537655905614,0.6300361166994137,5,1,1,DE,0.26027651818071673,0.8613695032114468,FALSE,FALSE
CambXyl_con&BO,pis_pin,diff,0,NA,NA,NA,NA,0,0,0,,NA,NA,TRUE,FALSE
CambXyl_con&BO,pit_bid,diff,0,NA,NA,NA,NA,0,0,0,,NA,NA,TRUE,FALSE
CambXyl_con&BO,pit_cha,diff,44,-0.027285647182508917,0.8604395525671547,0.09274689140590234,0.5493094162784875,15,2,2,"DE,SI",0.9427734452415137,0.8210201088988512,FALSE,FALSE
CambXyl_con&BO,pit_spp,diff,44,-0.09974072603635656,0.5194665202142288,0.10386338502277269,0.5022612104847727,28,2,2,"DE,SI",0.7817324165439156,0.7942567952865023,FALSE,FALSE
CambXyl_con&BO,pol_pol,diff,0,NA,NA,NA,NA,0,0,0,,NA,NA,TRUE,FALSE
CambXyl_con&BO,pri_abi,diff,0,NA,NA,NA,NA,0,0,0,,NA,NA,TRUE,FALSE
CambXyl_con&BO,sap_car,diff,0,NA,NA,NA,NA,0,0,0,,NA,NA,TRUE,FALSE
CambXyl_con&BO,sco_int,diff,22,0.6658435834552487,7.182763487449815e-4,0.3429950718455355,0.11811783077160118,4,1,1,DE,0.010911687510721633,0.4509953538552045,FALSE,FALSE
CambXyl_con&BO,sco_rat,diff,0,NA,NA,NA,NA,0,0,0,,NA,NA,TRUE,FALSE
CambXyl_con&BO,sco_sco,diff,0,NA,NA,NA,NA,0,0,0,,NA,NA,TRUE,FALSE
CambXyl_con&BO,tet_gab,diff,22,0.10556141324757663,0.6401168911863462,0.23279954848432355,0.29713317202369677,6,1,1,DE,0.8393963211580073,0.6361655221411329,FALSE,FALSE
CambXyl_con&BO,tet_spp,diff,22,-0.24768852082998954,0.2664059561449065,-0.28305391687781556,0.20179995763623204,5,1,1,DE,0.5526485037037506,0.5352344549687894,FALSE,FALSE
CambXyl_con&BO,tha_pit,diff,0,NA,NA,NA,NA,0,0,0,,NA,NA,TRUE,FALSE
CambXyl_con&BO,tha_pro,diff,22,-0.15220869833347278,0.4989099770906905,-0.2731485061754603,0.2187155406606235,6,1,1,DE,0.7748956868410658,0.5478801097598676,FALSE,FALSE
CambXyl_con&BO,tom_spp,diff,22,-0.03350103927668665,0.8823407327930948,0.07488541289767348,0.7404886005339892,3,1,1,DE,0.9510836397680116,0.9224969297312157,FALSE,FALSE
CambXyl_con&BO,tor_vir,diff,0,NA,NA,NA,NA,0,0,0,,NA,NA,TRUE,FALSE
CambXyl_con&BO,uro_sir_spp,diff,0,NA,NA,NA,NA,0,0,0,,NA,NA,TRUE,FALSE
CambXyl_con&BO,xyl_lin,diff,0,NA,NA,NA,NA,0,0,0,,NA,NA,TRUE,FALSE
CambXyl_con&BO,xyl_spp,diff,22,0.014226980804920082,0.9498953867296289,0.034194528875379944,0.8799220003444035,2,1,1,DE,0.9872275198325401,0.9591821499937467,FALSE,FALSE
CambXyl_con&BO,zei_gri,diff,0,NA,NA,NA,NA,0,0,0,,NA,NA,TRUE,FALSE
CambXyl_con&MD,Def_dec,diff,0,NA,NA,NA,NA,0,0,0,,NA,NA,TRUE,FALSE
CambXyl_con&MD,Def_dec&DB,diff,176,0.21860040662822444,0.0035599246909451543,0.11232912173253642,0.13773007498656867,82,8,2,"CZ,DE",0.03737920925492412,0.4706838444206104,FALSE,FALSE
CambXyl_con&MD,agr_big,diff,22,0.06989490145302213,0.757262333664846,0.281094821793279,0.20507350596112,15,1,1,DE,0.9107935117977382,0.5352344549687894,FALSE,FALSE
CambXyl_con&MD,agr_vir,diff,22,0.044804221171836675,0.8430588389243854,0.2575353525566714,0.2472372616974693,13,1,1,DE,0.9422863462637558,0.5733174811851025,FALSE,FALSE
CambXyl_con&MD,bup_pin,diff,0,NA,NA,NA,NA,0,0,0,,NA,NA,TRUE,FALSE
CambXyl_con&MD,cep_spp,diff,132,0.08156958306151545,0.35247455146518225,-2.279860883947202e-4,0.9979299328671793,73,6,1,CZ,0.6436491809364198,0.9979779734127101,FALSE,FALSE
CambXyl_con&MD,clo_ana,diff,0,NA,NA,NA,NA,0,0,0,,NA,NA,TRUE,FALSE
CambXyl_con&MD,den_mic,diff,0,NA,NA,NA,NA,0,0,0,,NA,NA,TRUE,FALSE
CambXyl_con&MD,den_pin,diff,0,NA,NA,NA,NA,0,0,0,,NA,NA,TRUE,FALSE
CambXyl_con&MD,dip_sp,diff,22,0.10638155806149434,0.6375060725728956,0.28326794889641344,0.20144446342052008,3,1,1,DE,0.8393963211580073,0.5352344549687894,FALSE,FALSE
CambXyl_con&MD,era_def,diff,0,NA,NA,NA,NA,0,0,0,,NA,NA,TRUE,FALSE
CambXyl_con&MD,geo_db,diff,0,NA,NA,NA,NA,0,0,0,,NA,NA,TRUE,FALSE
CambXyl_con&MD,ips_acu,diff,154,0.16971907751513082,0.03535318801841953,0.2093297349665332,0.009174538122349966,111,7,1,CZ,0.18560423709670254,0.0909808363799705,FALSE,FALSE
CambXyl_con&MD,ips_ami,diff,0,NA,NA,NA,NA,0,0,0,,NA,NA,TRUE,FALSE
CambXyl_con&MD,ips_cem,diff,22,-0.9072906450464331,5.747854712373549e-9,-0.26413335432832713,0.23490502398749719,11,1,1,DE,4.559964738483015e-7,0.5578842159063035,FALSE,FALSE
CambXyl_con&MD,ips_dup,diff,154,-0.008107159069760585,0.9205117202316879,0.012396585958863539,0.8787215512256362,114,7,1,CZ,0.9702351542370939,0.9591821499937467,FALSE,FALSE
CambXyl_con&MD,ips_sex,diff,154,0.08326148877355133,0.3046025137709942,0.1625071096347018,0.04404784725962282,110,7,1,CZ,0.5899384060060467,0.24626857898238766,FALSE,FALSE
CambXyl_con&MD,ips_typ,diff,176,-0.4228114999296043,5.042766132200759e-9,0.03320068218298336,0.6617930493229647,131,8,2,"CZ,DE",4.500668772989177e-7,0.8772437994677765,FALSE,FALSE
CambXyl_con&MD,lym_dis,diff,22,-0.060477674333355845,0.7891983264286224,0.039182914553002525,0.8625553570139757,12,1,1,DE,0.9237501722459615,0.9519902186004661,FALSE,FALSE
CambXyl_con&MD,lym_mon,diff,110,0.16710494293166303,0.08100548624224502,0.1402304568976727,0.14396638253307553,66,5,1,CZ,0.31433650639653776,0.47394849218794854,FALSE,FALSE
CambXyl_con&MD,mel_spp,diff,22,0.11377852830297999,0.6141491739464252,-0.0017036049805653271,0.9939966487630989,15,1,1,DE,0.8368573144917808,0.9979779734127101,FALSE,FALSE
CambXyl_con&MD,neo_ser,diff,0,NA,NA,NA,NA,0,0,0,,NA,NA,TRUE,FALSE
CambXyl_con&MD,ope_spp,diff,0,NA,NA,NA,NA,0,0,0,,NA,NA,TRUE,FALSE
CambXyl_con&MD,pan_fla,diff,0,NA,NA,NA,NA,0,0,0,,NA,NA,TRUE,FALSE
CambXyl_con&MD,pha_cya,diff,176,0.041772830807345805,0.5819965444054723,0.06150644378712062,0.41740643214125184,119,8,2,"CZ,DE",0.8207512698066874,0.7395240509897117,FALSE,FALSE
CambXyl_con&MD,pis_pin,diff,0,NA,NA,NA,NA,0,0,0,,NA,NA,TRUE,FALSE
CambXyl_con&MD,pit_bid,diff,0,NA,NA,NA,NA,0,0,0,,NA,NA,TRUE,FALSE
CambXyl_con&MD,pit_cha,diff,22,-0.8940220515222894,2.0692834777237286e-8,-0.3459294898622607,0.1147998714239849,11,1,1,DE,1.4774684030947422e-6,0.4492417650648635,FALSE,FALSE
CambXyl_con&MD,pit_spp,diff,154,0.0504671532993946,0.5342216044962416,0.18065808817749482,0.02495336865975187,108,7,2,"CZ,DE",0.7905278017551624,0.16496949280613737,FALSE,FALSE
CambXyl_con&MD,pol_pol,diff,154,0.06053801792464744,0.45577573567321894,0.09938536057736443,0.22007448717102088,103,7,1,CZ,0.745368964611292,0.5478801097598676,FALSE,FALSE
CambXyl_con&MD,pri_abi,diff,132,0.10222175705724464,0.24348254684685786,0.09134006188880225,0.2975900341668605,72,6,1,CZ,0.537037121912828,0.6361655221411329,FALSE,FALSE
CambXyl_con&MD,sap_car,diff,0,NA,NA,NA,NA,0,0,0,,NA,NA,TRUE,FALSE
CambXyl_con&MD,sco_int,diff,176,0.13921610093746645,0.06536788762616519,0.17717496986469516,0.018653473472317102,76,8,2,"CZ,DE",0.2761696554146861,0.13783715172645178,FALSE,FALSE
CambXyl_con&MD,sco_rat,diff,154,0.034130697732183884,0.6743229389005299,0.13440442025597832,0.09653780720967176,63,7,1,CZ,0.8567677813609539,0.3984277129925181,FALSE,FALSE
CambXyl_con&MD,sco_sco,diff,0,NA,NA,NA,NA,0,0,0,,NA,NA,TRUE,FALSE
CambXyl_con&MD,tet_gab,diff,22,-0.8889437040498874,3.233266661914993e-8,-0.3087013166407783,0.16216241422958322,11,1,1,DE,1.7758095358517731e-6,0.4926977181273295,FALSE,FALSE
CambXyl_con&MD,tet_spp,diff,22,-0.01824934162071789,0.9357545974970307,0.12610237561481424,0.5760338698689127,12,1,1,DE,0.9767964658083039,0.8260216531031443,FALSE,FALSE
CambXyl_con&MD,tha_pit,diff,0,NA,NA,NA,NA,0,0,0,,NA,NA,TRUE,FALSE
CambXyl_con&MD,tha_pro,diff,22,0.2827665911905161,0.20227785121779313,0.4003471704328519,0.06485235970740204,15,1,1,DE,0.5049873628304347,0.3208700845750152,FALSE,FALSE
CambXyl_con&MD,tom_spp,diff,176,-0.0672768837962413,0.3749849068396609,-0.013132770770491586,0.8626578031295541,126,8,2,"CZ,DE",0.6654231102277361,0.9519902186004661,FALSE,FALSE
CambXyl_con&MD,tor_vir,diff,0,NA,NA,NA,NA,0,0,0,,NA,NA,TRUE,FALSE
CambXyl_con&MD,uro_sir_spp,diff,0,NA,NA,NA,NA,0,0,0,,NA,NA,TRUE,FALSE
CambXyl_con&MD,xyl_lin,diff,0,NA,NA,NA,NA,0,0,0,,NA,NA,TRUE,FALSE
CambXyl_con&MD,xyl_spp,diff,22,0.33913004110879147,0.12259317749553653,0.2957844396616038,0.1813839889537477,5,1,1,DE,0.3789243668043856,0.5118899925414065,FALSE,FALSE
CambXyl_con&MD,zei_gri,diff,110,-0.008205125405343964,0.9322022073774385,-0.03729911577938222,0.6988581769433364,50,5,1,CZ,0.9752394470193442,0.9039578593071417,FALSE,FALSE
Def_dec,Def_dec&DB,diff,0,NA,NA,NA,NA,0,0,0,,NA,NA,TRUE,FALSE
Def_dec,agr_big,diff,0,NA,NA,NA,NA,0,0,0,,NA,NA,TRUE,FALSE
Def_dec,agr_vir,diff,0,NA,NA,NA,NA,0,0,0,,NA,NA,TRUE,FALSE
Def_dec,bup_pin,diff,0,NA,NA,NA,NA,0,0,0,,NA,NA,TRUE,FALSE
Def_dec,cep_spp,diff,0,NA,NA,NA,NA,0,0,0,,NA,NA,TRUE,FALSE
Def_dec,clo_ana,diff,0,NA,NA,NA,NA,0,0,0,,NA,NA,TRUE,FALSE
Def_dec,den_mic,diff,0,NA,NA,NA,NA,0,0,0,,NA,NA,TRUE,FALSE
Def_dec,den_pin,diff,0,NA,NA,NA,NA,0,0,0,,NA,NA,TRUE,FALSE
Def_dec,dip_sp,diff,0,NA,NA,NA,NA,0,0,0,,NA,NA,TRUE,FALSE
Def_dec,era_def,diff,0,NA,NA,NA,NA,0,0,0,,NA,NA,TRUE,FALSE
Def_dec,geo_db,diff,0,NA,NA,NA,NA,0,0,0,,NA,NA,TRUE,FALSE
Def_dec,ips_acu,diff,0,NA,NA,NA,NA,0,0,0,,NA,NA,TRUE,FALSE
Def_dec,ips_ami,diff,0,NA,NA,NA,NA,0,0,0,,NA,NA,TRUE,FALSE
Def_dec,ips_cem,diff,0,NA,NA,NA,NA,0,0,0,,NA,NA,TRUE,FALSE
Def_dec,ips_dup,diff,0,NA,NA,NA,NA,0,0,0,,NA,NA,TRUE,FALSE
Def_dec,ips_sex,diff,0,NA,NA,NA,NA,0,0,0,,NA,NA,TRUE,FALSE
Def_dec,ips_typ,diff,0,NA,NA,NA,NA,0,0,0,,NA,NA,TRUE,FALSE
Def_dec,lym_dis,diff,0,NA,NA,NA,NA,0,0,0,,NA,NA,TRUE,FALSE
Def_dec,lym_mon,diff,0,NA,NA,NA,NA,0,0,0,,NA,NA,TRUE,FALSE
Def_dec,mel_spp,diff,0,NA,NA,NA,NA,0,0,0,,NA,NA,TRUE,FALSE
Def_dec,neo_ser,diff,0,NA,NA,NA,NA,0,0,0,,NA,NA,TRUE,FALSE
Def_dec,ope_spp,diff,0,NA,NA,NA,NA,0,0,0,,NA,NA,TRUE,FALSE
Def_dec,pan_fla,diff,0,NA,NA,NA,NA,0,0,0,,NA,NA,TRUE,FALSE
Def_dec,pha_cya,diff,0,NA,NA,NA,NA,0,0,0,,NA,NA,TRUE,FALSE
Def_dec,pis_pin,diff,0,NA,NA,NA,NA,0,0,0,,NA,NA,TRUE,FALSE
Def_dec,pit_bid,diff,0,NA,NA,NA,NA,0,0,0,,NA,NA,TRUE,FALSE
Def_dec,pit_cha,diff,0,NA,NA,NA,NA,0,0,0,,NA,NA,TRUE,FALSE
Def_dec,pit_spp,diff,0,NA,NA,NA,NA,0,0,0,,NA,NA,TRUE,FALSE
Def_dec,pol_pol,diff,0,NA,NA,NA,NA,0,0,0,,NA,NA,TRUE,FALSE
Def_dec,pri_abi,diff,0,NA,NA,NA,NA,0,0,0,,NA,NA,TRUE,FALSE
Def_dec,sap_car,diff,0,NA,NA,NA,NA,0,0,0,,NA,NA,TRUE,FALSE
Def_dec,sco_int,diff,0,NA,NA,NA,NA,0,0,0,,NA,NA,TRUE,FALSE
Def_dec,sco_rat,diff,0,NA,NA,NA,NA,0,0,0,,NA,NA,TRUE,FALSE
Def_dec,sco_sco,diff,0,NA,NA,NA,NA,0,0,0,,NA,NA,TRUE,FALSE
Def_dec,tet_gab,diff,0,NA,NA,NA,NA,0,0,0,,NA,NA,TRUE,FALSE
Def_dec,tet_spp,diff,0,NA,NA,NA,NA,0,0,0,,NA,NA,TRUE,FALSE
Def_dec,tha_pit,diff,0,NA,NA,NA,NA,0,0,0,,NA,NA,TRUE,FALSE
Def_dec,tha_pro,diff,0,NA,NA,NA,NA,0,0,0,,NA,NA,TRUE,FALSE
Def_dec,tom_spp,diff,0,NA,NA,NA,NA,0,0,0,,NA,NA,TRUE,FALSE
Def_dec,tor_vir,diff,0,NA,NA,NA,NA,0,0,0,,NA,NA,TRUE,FALSE
Def_dec,uro_sir_spp,diff,0,NA,NA,NA,NA,0,0,0,,NA,NA,TRUE,FALSE
Def_dec,xyl_lin,diff,0,NA,NA,NA,NA,0,0,0,,NA,NA,TRUE,FALSE
Def_dec,xyl_spp,diff,0,NA,NA,NA,NA,0,0,0,,NA,NA,TRUE,FALSE
Def_dec,zei_gri,diff,0,NA,NA,NA,NA,0,0,0,,NA,NA,TRUE,FALSE
Def_dec&DB,agr_big,diff,88,-0.0033082143267914236,0.9755963981384519,0.010264982353640357,0.9243785962723331,35,4,1,DE,0.9880508202423469,0.9806928941135896,FALSE,FALSE
Def_dec&DB,agr_vir,diff,44,0.1320899522917111,0.3927085296827084,0.08761129896657614,0.5717292501478775,15,2,1,DE,0.6816565479412514,0.8260216531031443,FALSE,FALSE
Def_dec&DB,bup_pin,diff,66,0.3306796295435187,0.006690425290357594,0.10004239700968344,0.4241586024651405,13,3,1,DE,0.0636928487642043,0.7432611458165965,FALSE,FALSE
Def_dec&DB,cep_spp,diff,132,-0.03550759845922242,0.6860666514588291,-0.09883139210831622,0.25955264184257343,69,6,1,CZ,0.8624147696154999,0.5906469620779108,FALSE,FALSE
Def_dec&DB,clo_ana,diff,0,NA,NA,NA,NA,0,0,0,,NA,NA,TRUE,FALSE
Def_dec&DB,den_mic,diff,0,NA,NA,NA,NA,0,0,0,,NA,NA,TRUE,FALSE
Def_dec&DB,den_pin,diff,22,-0.3373869825821838,0.12465094923629616,-0.0635040752793831,0.7788967681646861,4,1,1,DE,0.38304886250913533,0.9379288037404913,FALSE,FALSE
Def_dec&DB,dip_sp,diff,104,0.07339572059667879,0.45902974641873673,0.12060219597382496,0.2226553078595764,38,5,2,"AT,DE",0.745368964611292,0.5478801097598676,FALSE,FALSE
Def_dec&DB,era_def,diff,22,-0.5551660812451678,0.0073180381445047795,-0.3041526869567847,0.1687618990556162,0,1,1,DE,0.0687510425681107,0.5020666496904582,FALSE,FALSE
Def_dec&DB,geo_db,diff,0,NA,NA,NA,NA,0,0,0,,NA,NA,TRUE,FALSE
Def_dec&DB,ips_acu,diff,176,-0.04617129684737764,0.5428615682392235,-0.038442040767336295,0.6124743790990692,91,8,2,"CZ,DE",0.7926444984106453,0.8502936861990674,FALSE,FALSE
Def_dec&DB,ips_ami,diff,0,NA,NA,NA,NA,0,0,0,,NA,NA,TRUE,FALSE
Def_dec&DB,ips_cem,diff,110,-0.1163962586198183,0.22591470172431666,-0.13031796041818305,0.1747916232739783,50,5,1,DE,0.5237113539972795,0.5093927306841652,FALSE,FALSE
Def_dec&DB,ips_dup,diff,176,0.04624863993274022,0.5421852165007697,0.13239350098579875,0.07984231894729459,92,8,1,CZ,0.7926444984106453,0.3497387467998057,FALSE,FALSE
Def_dec&DB,ips_sex,diff,176,0.1296982254169718,0.08622888321942627,0.2079105941152428,0.005624327862347958,89,8,2,"CZ,DE",0.3190021897340433,0.0669295015619407,FALSE,FALSE
Def_dec&DB,ips_typ,diff,386,-0.22453520446845718,8.42417408487773e-6,-0.0694940537240683,0.17302082735386953,221,18,3,"AT,CZ,DE",2.4059441186410796e-4,0.5088325017991563,FALSE,FALSE
Def_dec&DB,lym_dis,diff,146,0.2902808874535938,3.791708580307537e-4,0.28427330108093746,5.063230956648341e-4,55,7,2,"AT,DE",0.006635989122658282,0.009770667305532204,FALSE,FALSE
Def_dec&DB,lym_mon,diff,132,0.13999178666055553,0.10938142201532283,0.13488482002992272,0.12306754682245688,58,6,2,"CZ,DE",0.35661340328283336,0.45528615767478864,FALSE,FALSE
Def_dec&DB,mel_spp,diff,110,0.16847153776454327,0.07851671505950701,-0.09341029756616734,0.33173347038924783,37,5,1,DE,0.31144963640271117,0.6561155065316425,FALSE,FALSE
Def_dec&DB,neo_ser,diff,0,NA,NA,NA,NA,0,0,0,,NA,NA,TRUE,FALSE
Def_dec&DB,ope_spp,diff,0,NA,NA,NA,NA,0,0,0,,NA,NA,TRUE,FALSE
Def_dec&DB,pan_fla,diff,44,0.2636105494919387,0.08381183221900115,0.19908089722492256,0.19513061999949233,7,2,1,DE,0.31699701903455246,0.5302065587934668,FALSE,FALSE
Def_dec&DB,pha_cya,diff,344,0.03964414941820783,0.46361863714680274,0.07843591264854434,0.14658177369783218,163,16,3,"AT,CZ,DE",0.745368964611292,0.47394849218794854,FALSE,FALSE
Def_dec&DB,pis_pin,diff,44,0.2036708437142907,0.18482144827537872,-0.06341662615097635,0.6825687650590582,9,2,1,DE,0.4815716067462084,0.8925899235387684,FALSE,FALSE
Def_dec&DB,pit_bid,diff,22,-0.27965747975854205,0.2074977545026418,-0.20850164849389805,0.3517684182754547,4,1,1,DE,0.5069581391582766,0.6806575898338066,FALSE,FALSE
Def_dec&DB,pit_cha,diff,210,-0.34357187836069736,3.3013175758866167e-7,-0.17065478121104785,0.013269426954054213,111,10,2,"AT,DE",1.3095226384350245e-5,0.1191726307167936,FALSE,FALSE
Def_dec&DB,pit_spp,diff,256,-0.08241310488337604,0.1887137762170769,0.06069630540487709,0.3334038684735625,141,12,3,"AT,CZ,DE",0.4864318997075557,0.6561292108282046,FALSE,FALSE
Def_dec&DB,pol_pol,diff,176,0.1291887716043139,0.0874808239293471,0.25386766580887565,6.743305350410754e-4,83,8,1,CZ,0.3219655066265661,0.01174321956144702,FALSE,FALSE
Def_dec&DB,pri_abi,diff,154,0.10071227966896712,0.21394657309201212,0.06672911743356864,0.41093072994038327,74,7,1,CZ,0.5109288299657345,0.7371973396417931,FALSE,FALSE
Def_dec&DB,sap_car,diff,0,NA,NA,NA,NA,0,0,0,,NA,NA,TRUE,FALSE
Def_dec&DB,sco_int,diff,220,0.0031736604876913526,0.9626686857489914,0.028415128941062632,0.6751078563048791,66,10,2,"CZ,DE",0.9875225301289458,0.8877108828760288,FALSE,FALSE
Def_dec&DB,sco_rat,diff,176,0.14075820300570288,0.06241298625727505,0.0760179486848734,0.31597776316364024,53,8,2,"CZ,DE",0.2688460536388192,0.639604813273004,FALSE,FALSE
Def_dec&DB,sco_sco,diff,22,-0.16441660855246057,0.46467815317288486,-0.13253853455407355,0.5565477562455677,2,1,1,DE,0.745368964611292,0.8250685240182937,FALSE,FALSE
Def_dec&DB,tet_gab,diff,190,-0.020517568787123255,0.7787269145644747,0.09906262617336808,0.1738867373095156,88,9,2,"AT,DE",0.9237501722459615,0.5088325017991563,FALSE,FALSE
Def_dec&DB,tet_spp,diff,88,0.21335550429726244,0.04594706455812794,0.1606362424418233,0.13489278127564422,41,4,1,DE,0.22166354117907672,0.46754099917868913,FALSE,FALSE
Def_dec&DB,tha_pit,diff,22,0.047773874425824585,0.8327941063288008,-0.3047502622421424,0.16788445466315832,6,1,1,DE,0.9375568119707025,0.501546027738473,FALSE,FALSE
Def_dec&DB,tha_pro,diff,88,0.2165715353040398,0.04269375583019378,0.13432632516780665,0.21212662731516735,44,4,1,DE,0.21168987265804415,0.5428616914087079,FALSE,FALSE
Def_dec&DB,tom_spp,diff,386,-0.11265167693411514,0.02688900396954433,0.07278260528840137,0.15352019422863603,216,18,3,"AT,CZ,DE",0.1638611028056503,0.4837449394316623,FALSE,FALSE
Def_dec&DB,tor_vir,diff,22,-0.5294373511954756,0.011280012068820098,-0.1806989790235762,0.4209714234268107,0,1,1,DE,0.09365033275741337,0.7403290549919774,FALSE,FALSE
Def_dec&DB,uro_sir_spp,diff,22,0.036818475097680804,0.8707798033868155,0.08664342359637298,0.7014276593764706,10,1,1,DE,0.9448887228239912,0.9056407753974683,FALSE,FALSE
Def_dec&DB,xyl_lin,diff,44,0.03806800780178067,0.8061978426313693,0.08930637679871883,0.5642830632023014,27,2,1,DE,0.9299277215489462,0.8256108752591049,FALSE,FALSE
Def_dec&DB,xyl_spp,diff,66,0.38866733249073754,0.0012596068434401675,0.34349924240046753,0.00474651597069972,18,3,1,DE,0.016654801596597768,0.05843124832895862,FALSE,FALSE
Def_dec&DB,zei_gri,diff,110,0.011675789051575534,0.9036419737495465,0.0010948896833424654,0.9909425111457861,51,5,1,CZ,0.9628491416595801,0.9979779734127101,FALSE,FALSE
agr_big,agr_vir,diff,88,0.006449729386345723,0.9524428901810549,-0.04262327226426607,0.6933566320054712,46,4,1,DE,0.9875225301289458,0.8990586897737917,FALSE,FALSE
agr_big,bup_pin,diff,335,-0.040213064473350574,0.46321351337522476,-0.04742645851076934,0.38688009391337297,107,17,2,"DE,PL",0.745368964611292,0.7094427570717401,FALSE,FALSE
agr_big,cep_spp,diff,0,NA,NA,NA,NA,0,0,0,,NA,NA,TRUE,FALSE
agr_big,clo_ana,diff,0,NA,NA,NA,NA,0,0,0,,NA,NA,TRUE,FALSE
agr_big,den_mic,diff,0,NA,NA,NA,NA,0,0,0,,NA,NA,TRUE,FALSE
agr_big,den_pin,diff,234,0.09875526769065496,0.13200051507136387,0.03636997576802194,0.5798816960661464,138,12,2,"DE,PL",0.39767243780993167,0.8264182255313942,FALSE,FALSE
agr_big,dip_sp,diff,354,-0.040660146609249125,0.44568659711677594,0.0021723599720575477,0.9675125819821995,220,18,2,"DE,PL",0.7332263371921153,0.9968794198662707,FALSE,FALSE
agr_big,era_def,diff,44,-0.01453499379901103,0.9253923529908418,-0.1814755626248237,0.23842281984897323,23,2,1,DE,0.9702351542370939,0.5622978211834186,FALSE,FALSE
agr_big,geo_db,diff,348,0.01661533300449976,0.7574271487637,-0.06790960034121235,0.20632389363926498,206,18,2,"DE,PL",0.9107935117977382,0.5356918547579461,FALSE,FALSE
agr_big,ips_acu,diff,218,-0.07049785104102547,0.3001116872637616,0.07072574893954373,0.2985480829292805,86,11,2,"DE,PL",0.5854637833506169,0.6363084513776306,FALSE,FALSE
agr_big,ips_ami,diff,22,0.11704244631755759,0.6039549609039214,0.16935181494209614,0.45119077018062226,4,1,1,DE,0.8276849176303261,0.7725424698056698,FALSE,FALSE
agr_big,ips_cem,diff,198,0.08323256336871342,0.24369751750666147,0.1095723347080628,0.12436974896683918,124,9,1,DE,0.537037121912828,0.4561197517650834,FALSE,FALSE
agr_big,ips_dup,diff,0,NA,NA,NA,NA,0,0,0,,NA,NA,TRUE,FALSE
agr_big,ips_sex,diff,88,0.2799842719916825,0.008241911799961834,0.011960062392235737,0.911937458228244,49,4,1,DE,0.0725037609617889,0.9733680634213706,FALSE,FALSE
agr_big,ips_typ,diff,521,0.17679911861648137,4.953056764143093e-5,0.15577947848988358,3.583416353986567e-4,450,26,2,"DE,PL",0.0012630294748564887,0.00752517434337179,FALSE,FALSE
agr_big,lym_dis,diff,110,0.12095586517361205,0.20812744603068037,0.09146913331596192,0.3419234945424331,56,5,1,DE,0.5069581391582766,0.6650253695073823,FALSE,FALSE
agr_big,lym_mon,diff,351,-0.005214524181258084,0.9224514233358287,-0.09312993762218023,0.08144662068215697,256,18,2,"DE,PL",0.9702351542370939,0.3524417404064247,FALSE,FALSE
agr_big,mel_spp,diff,433,0.035359117569491616,0.46302297612414123,0.05230934424114613,0.2774417556876866,344,22,2,"DE,PL",0.745368964611292,0.6132923020464651,FALSE,FALSE
agr_big,neo_ser,diff,22,0.417154416677649,0.05341800002509013,0.3073019693416471,0.16417324165520567,4,1,1,DE,0.2444900770379125,0.4955740258927297,FALSE,FALSE
agr_big,ope_spp,diff,66,0.06889693131782171,0.5825383452347579,-0.07497311428060098,0.5496465154813037,21,3,1,DE,0.8207512698066874,0.8210201088988512,FALSE,FALSE
agr_big,pan_fla,diff,269,-0.07739328161549856,0.2057524258447906,-0.14117768244181694,0.02054099269816339,142,14,2,"DE,PL",0.5069581391582766,0.1423909590921229,FALSE,FALSE
agr_big,pha_cya,diff,480,0.05334990099263207,0.2433633723831913,0.2226607663735667,8.327729275200885e-7,392,24,2,"DE,PL",0.537037121912828,4.247141930352451e-5,FALSE,FALSE
agr_big,pis_pin,diff,44,0.3327231941690345,0.027328234567975545,0.23714540245176313,0.1211505211156675,28,2,1,DE,0.1638611028056503,0.45173458159840096,FALSE,FALSE
agr_big,pit_bid,diff,66,-0.07247610003532444,0.5630548233234136,-0.1254622833330598,0.3154948597683768,38,3,1,DE,0.8040422877058346,0.639604813273004,FALSE,FALSE
agr_big,pit_cha,diff,198,0.1110964912762815,0.1191868533141525,-0.044443558828313856,0.5341233557887453,121,9,1,DE,0.37608464509243433,0.8065035563494737,FALSE,FALSE
agr_big,pit_spp,diff,66,0.058515366743395046,0.6407156793152857,0.12542026809902962,0.31565824271332465,56,3,1,DE,0.8393963211580073,0.639604813273004,FALSE,FALSE
agr_big,pol_pol,diff,0,NA,NA,NA,NA,0,0,0,,NA,NA,TRUE,FALSE
agr_big,pri_abi,diff,66,-0.18008143482812916,0.14792660594028495,-0.1837088234143504,0.1397988740119074,20,3,1,DE,0.4241777118787708,0.4708320568136881,FALSE,FALSE
agr_big,sap_car,diff,0,NA,NA,NA,NA,0,0,0,,NA,NA,TRUE,FALSE
agr_big,sco_int,diff,110,0.28155516273323755,0.0028846563476921743,0.24934737633436968,0.008615836491551067,51,5,1,DE,0.03218194737894082,0.0879609515355505,FALSE,FALSE
agr_big,sco_rat,diff,44,0.4486380405313919,0.002254955232473345,0.5533376024715193,9.78972790919802e-5,29,2,1,DE,0.026833967266432807,0.002688409895064379,FALSE,FALSE
agr_big,sco_sco,diff,22,-0.14496228282559542,0.5197971686035434,-0.10391990381448496,0.6453547535179012,11,1,1,DE,0.7817324165439156,0.8628900636924746,FALSE,FALSE
agr_big,tet_gab,diff,110,-0.00558058699677582,0.9538589333396954,-0.11174407215907796,0.24513891334723334,58,5,1,DE,0.9875225301289458,0.5719907978102111,FALSE,FALSE
agr_big,tet_spp,diff,88,0.22013195455256523,0.039317611571408825,0.04043161769224793,0.7083953032924288,49,4,1,DE,0.19909769263819788,0.9113409847762057,FALSE,FALSE
agr_big,tha_pit,diff,22,-0.0587434836285266,0.7951168140614195,0.03735583929413991,0.8689094770639137,10,1,1,DE,0.9254696258299671,0.9526868413922952,FALSE,FALSE
agr_big,tha_pro,diff,132,-0.03512795652842781,0.6892490827857229,-0.05331550562153686,0.543748378150847,80,6,1,DE,0.8648925221599406,0.8156225672262705,FALSE,FALSE
agr_big,tom_spp,diff,385,0.05301500941419859,0.2994670386491282,0.08852130357460479,0.08279884782252428,233,19,2,"DE,PL",0.5854637833506169,0.355117294184569,FALSE,FALSE
agr_big,tor_vir,diff,417,0.07035005632455256,0.15155691529899645,0.013399027353738838,0.785001729327035,249,21,2,"DE,PL",0.4294112600138233,0.9421666341784072,FALSE,FALSE
agr_big,uro_sir_spp,diff,22,0.19095446173953418,0.39463163642357957,0.03926907976578287,0.8622558949547394,4,1,1,DE,0.6816565479412514,0.9519902186004661,FALSE,FALSE
agr_big,xyl_lin,diff,154,0.19767285112726218,0.01399594336790517,0.1894107369746705,0.018636993525914705,88,7,1,DE,0.1098491951245335,0.13783715172645178,FALSE,FALSE
agr_big,xyl_spp,diff,154,0.13348801428499957,0.09885274001835821,0.1026095003401721,0.20539809616449342,79,7,1,DE,0.34146829752117724,0.5352344549687894,FALSE,FALSE
agr_big,zei_gri,diff,0,NA,NA,NA,NA,0,0,0,,NA,NA,TRUE,FALSE
agr_vir,bup_pin,diff,22,0.012458199104439852,0.9561184749162981,0.10589907604832978,0.6390414877809436,1,1,1,DE,0.9875225301289458,0.862002854165265,FALSE,FALSE
agr_vir,cep_spp,diff,0,NA,NA,NA,NA,0,0,0,,NA,NA,TRUE,FALSE
agr_vir,clo_ana,diff,0,NA,NA,NA,NA,0,0,0,,NA,NA,TRUE,FALSE
agr_vir,den_mic,diff,0,NA,NA,NA,NA,0,0,0,,NA,NA,TRUE,FALSE
agr_vir,den_pin,diff,22,-0.15919194970393338,0.47917878975314354,-0.14850512590416848,0.509533506183012,0,1,1,DE,0.7586112103852428,0.7943382607307217,FALSE,FALSE
agr_vir,dip_sp,diff,44,-0.1090800349849251,0.48091441186730044,-0.09573024715826828,0.5364802786618074,5,2,1,DE,0.7596745355602931,0.8065035563494737,FALSE,FALSE
agr_vir,era_def,diff,22,0.38211702994754493,0.07926429451356369,0.2621213622887666,0.23862218461985413,8,1,1,DE,0.3123830587719524,0.5622978211834186,FALSE,FALSE
agr_vir,geo_db,diff,22,0.1318297706804337,0.5586789941040393,0.16095335534589908,0.47426485243585514,5,1,1,DE,0.8009975939563938,0.7889958581808738,FALSE,FALSE
agr_vir,ips_acu,diff,22,0.17799809157747679,0.4280629912192657,0.06626753077318474,0.7695214078453398,8,1,1,DE,0.7191458252483663,0.9296756094781263,FALSE,FALSE
agr_vir,ips_ami,diff,0,NA,NA,NA,NA,0,0,0,,NA,NA,TRUE,FALSE
agr_vir,ips_cem,diff,88,0.02947158848997316,0.7851805471372066,0.028791086197004254,0.7900252794473631,42,4,1,DE,0.9237501722459615,0.9433549972828034,FALSE,FALSE
agr_vir,ips_dup,diff,0,NA,NA,NA,NA,0,0,0,,NA,NA,TRUE,FALSE
agr_vir,ips_sex,diff,22,0.4615474423614846,0.030598620757113615,0.4263426054455455,0.0478615585589888,7,1,1,DE,0.1753556326308098,0.2588875212963485,FALSE,FALSE
agr_vir,ips_typ,diff,88,-0.1642125770123352,0.12630825835986922,0.010467974899879893,0.9228877029325957,41,4,1,DE,0.38540212166216503,0.9805681843658829,FALSE,FALSE
agr_vir,lym_dis,diff,88,0.19538284280946752,0.06811100136013513,0.1941085904566332,0.06996430290081816,39,4,1,DE,0.28439330392477474,0.32874516803729836,FALSE,FALSE
agr_vir,lym_mon,diff,22,-0.2391581211113018,0.2837538134254037,-0.1899451392403137,0.3971822947550264,5,1,1,DE,0.5707048529175724,0.7204224418590761,FALSE,FALSE
agr_vir,mel_spp,diff,66,0.12081807438881542,0.3338827414257852,-0.02755459612016611,0.8261677735849793,32,3,1,DE,0.6217046347598593,0.9456797684759293,FALSE,FALSE
agr_vir,neo_ser,diff,0,NA,NA,NA,NA,0,0,0,,NA,NA,TRUE,FALSE
agr_vir,ope_spp,diff,22,0.25570052732264054,0.25073962725311544,0.2033531026530629,0.3640525083642935,11,1,1,DE,0.5376219034796529,0.6931559759256147,FALSE,FALSE
agr_vir,pan_fla,diff,0,NA,NA,NA,NA,0,0,0,,NA,NA,TRUE,FALSE
agr_vir,pha_cya,diff,88,0.20078997772586069,0.06068315835404572,0.36934791628338354,3.981025553011643e-4,45,4,1,DE,0.2674353220520402,0.007931107267973974,FALSE,FALSE
agr_vir,pis_pin,diff,0,NA,NA,NA,NA,0,0,0,,NA,NA,TRUE,FALSE
agr_vir,pit_bid,diff,22,0.3408603277907069,0.12057480658203182,0.11339573012593258,0.6153493384053688,7,1,1,DE,0.37608464509243433,0.8502936861990674,FALSE,FALSE
agr_vir,pit_cha,diff,88,-0.14493140704864035,0.17789558545675505,-0.0802898558012743,0.45710756740120506,39,4,1,DE,0.4721838216212755,0.7770659365170626,FALSE,FALSE
agr_vir,pit_spp,diff,66,0.21022227643052308,0.09022498824310997,0.28250008267978344,0.02154926445723672,35,3,1,DE,0.3286767428856149,0.14653499830920969,FALSE,FALSE
agr_vir,pol_pol,diff,0,NA,NA,NA,NA,0,0,0,,NA,NA,TRUE,FALSE
agr_vir,pri_abi,diff,44,0.05049975576529011,0.744771018779391,0.09723897715779935,0.5300481871356125,8,2,1,DE,0.9028293843947116,0.8065035563494737,FALSE,FALSE
agr_vir,sap_car,diff,0,NA,NA,NA,NA,0,0,0,,NA,NA,TRUE,FALSE
agr_vir,sco_int,diff,66,-0.1420237041184328,0.2553133835459332,0.03737915008022001,0.7657247718422062,14,3,1,DE,0.5457896881790308,0.9296756094781263,FALSE,FALSE
agr_vir,sco_rat,diff,0,NA,NA,NA,NA,0,0,0,,NA,NA,TRUE,FALSE
agr_vir,sco_sco,diff,0,NA,NA,NA,NA,0,0,0,,NA,NA,TRUE,FALSE
agr_vir,tet_gab,diff,44,0.03526009425374436,0.8202477768129353,0.01599785022926296,0.9179079798242953,21,2,1,DE,0.935301319168887,0.9781885038724579,FALSE,FALSE
agr_vir,tet_spp,diff,44,-0.09246787816715635,0.5505166519967437,-0.2064795353104155,0.17870792111746597,21,2,1,DE,0.7971827060309588,0.5100951717976132,FALSE,FALSE
agr_vir,tha_pit,diff,0,NA,NA,NA,NA,0,0,0,,NA,NA,TRUE,FALSE
agr_vir,tha_pro,diff,66,0.16728394800259822,0.17942195056860827,0.2742531810075043,0.025854632381030366,36,3,1,DE,0.47272056349072433,0.16571241694502695,FALSE,FALSE
agr_vir,tom_spp,diff,88,-0.046266294218521076,0.6686220174071369,0.15698757517459325,0.1441002260106629,38,4,1,DE,0.8524930721940995,0.47394849218794854,FALSE,FALSE
agr_vir,tor_vir,diff,44,0.0566691418122954,0.7148331005790554,0.1662260404253943,0.2808550417993544,18,2,1,DE,0.8845595040094376,0.6151242326525737,FALSE,FALSE
agr_vir,uro_sir_spp,diff,0,NA,NA,NA,NA,0,0,0,,NA,NA,TRUE,FALSE
agr_vir,xyl_lin,diff,44,-0.25186834431579713,0.09908231821517004,-0.23272318415687315,0.12845333186085364,21,2,1,DE,0.34146829752117724,0.4561197517650834,FALSE,FALSE
agr_vir,xyl_spp,diff,66,-0.12715669255854464,0.30895108870968685,-0.16705234273605912,0.1800335900462164,23,3,1,DE,0.5929867670395602,0.5100951717976132,FALSE,FALSE
agr_vir,zei_gri,diff,0,NA,NA,NA,NA,0,0,0,,NA,NA,TRUE,FALSE
bup_pin,cep_spp,diff,0,NA,NA,NA,NA,0,0,0,,NA,NA,TRUE,FALSE
bup_pin,clo_ana,diff,0,NA,NA,NA,NA,0,0,0,,NA,NA,TRUE,FALSE
bup_pin,den_mic,diff,0,NA,NA,NA,NA,0,0,0,,NA,NA,TRUE,FALSE
bup_pin,den_pin,diff,215,0.0930553760357243,0.1740018060641606,0.07050698316252797,0.3034374724492202,66,11,2,"DE,PL",0.46530820048618227,0.6391879961247112,FALSE,FALSE
bup_pin,dip_sp,diff,313,0.08197337892068278,0.14792752136948728,0.1395451191011164,0.013472476557505655,99,16,2,"DE,PL",0.4241777118787708,0.1191726307167936,FALSE,FALSE
bup_pin,era_def,diff,22,-0.27892090938950026,0.20874746906517272,-0.18640531072952438,0.406199962935925,11,1,1,DE,0.5069581391582766,0.7307213439576499,FALSE,FALSE
bup_pin,geo_db,diff,291,0.04936000699405093,0.40152203652883456,0.057732371614703154,0.32638542648515134,75,15,2,"DE,PL",0.6895185703818473,0.6494026047220156,FALSE,FALSE
bup_pin,ips_acu,diff,161,0.04473536789338138,0.573102952231328,-0.0012977174004521251,0.9869648280150399,23,8,2,"DE,PL",0.815130493811092,0.9979779734127101,FALSE,FALSE
bup_pin,ips_ami,diff,0,NA,NA,NA,NA,0,0,0,,NA,NA,TRUE,FALSE
bup_pin,ips_cem,diff,132,0.1507609816208578,0.08443486248613155,0.07871542534951172,0.36963204765326385,41,6,1,DE,0.31699701903455246,0.697921011371743,FALSE,FALSE
bup_pin,ips_dup,diff,0,NA,NA,NA,NA,0,0,0,,NA,NA,TRUE,FALSE
bup_pin,ips_sex,diff,66,0.038485977644516896,0.7589945931647818,-0.08684076579246831,0.48810278418488295,25,3,1,DE,0.9107935117977382,0.7942567952865023,FALSE,FALSE
bup_pin,ips_typ,diff,379,0.11914042732527239,0.02033956855926099,0.04040244763906247,0.43287942509594113,134,19,2,"DE,PL",0.13323350414048024,0.7520095122104671,FALSE,FALSE
bup_pin,lym_dis,diff,66,0.10959928757252846,0.3810193957333473,0.1926751002140797,0.1211523916667144,12,3,1,DE,0.668422232318452,0.45173458159840096,FALSE,FALSE
bup_pin,lym_mon,diff,291,0.1787546555252008,0.002206787762614206,0.14989480356399904,0.01045245423199801,103,15,2,"DE,PL",0.02670587224587361,0.09950736428862104,FALSE,FALSE
bup_pin,mel_spp,diff,313,0.21581167621574465,1.1895652016902492e-4,0.18334177323289313,0.0011206932348448411,99,16,2,"DE,PL",0.0027398372709898,0.01704161318858368,FALSE,FALSE
bup_pin,neo_ser,diff,22,-0.27744055601110207,0.2112743276123517,-0.19626916148164195,0.38135252071480785,3,1,1,DE,0.5096279389027674,0.7094427570717401,FALSE,FALSE
bup_pin,ope_spp,diff,22,-0.12303596860852216,0.5854208996522385,-0.18350858779054163,0.41366243049209483,4,1,1,DE,0.8207512698066874,0.7377844089599521,FALSE,FALSE
bup_pin,pan_fla,diff,272,0.20146611167205372,8.326944538386821e-4,0.23894108995478194,6.880642179863934e-5,68,14,2,"DE,PL",0.011890876800816378,0.0021461010856831633,FALSE,FALSE
bup_pin,pha_cya,diff,379,0.06860000987219902,0.182643850015677,-0.003764875613302838,0.941764370855835,132,19,2,"DE,PL",0.47944010629115213,0.9867608386838038,FALSE,FALSE
bup_pin,pis_pin,diff,66,0.1748693283165981,0.16021513342805724,0.1906261634666856,0.1252361316051475,25,3,1,DE,0.44511130454331854,0.4561197517650834,FALSE,FALSE
bup_pin,pit_bid,diff,66,-0.2064131444839006,0.0963468449559853,-0.19477543629889213,0.11707258236492546,22,3,1,DE,0.33977359159882464,0.4494076548847139,FALSE,FALSE
bup_pin,pit_cha,diff,132,0.17343023464836224,0.04673354803037291,0.20486089300229754,0.018456294984130532,44,6,1,DE,0.22394465297776014,0.13783715172645178,FALSE,FALSE
bup_pin,pit_spp,diff,0,NA,NA,NA,NA,0,0,0,,NA,NA,TRUE,FALSE
bup_pin,pol_pol,diff,0,NA,NA,NA,NA,0,0,0,,NA,NA,TRUE,FALSE
bup_pin,pri_abi,diff,44,0.26475656445798146,0.08242582796671888,0.22495503655933774,0.1420724328238811,11,2,1,DE,0.31505694925146643,0.47290692386663197,FALSE,FALSE
bup_pin,sap_car,diff,0,NA,NA,NA,NA,0,0,0,,NA,NA,TRUE,FALSE
bup_pin,sco_int,diff,66,-0.13509805454114238,0.2794574282176719,-0.1774241725966898,0.1541006807901728,15,3,1,DE,0.5678982570460286,0.4837449394316623,FALSE,FALSE
bup_pin,sco_rat,diff,44,-0.21392502707587566,0.16320613090444097,-0.043542799463387356,0.7789800848993156,15,2,1,DE,0.4486500218031358,0.9379288037404913,FALSE,FALSE
bup_pin,sco_sco,diff,22,-0.1616070958826935,0.4724475835664731,-0.15884078792588976,0.4801615099010498,9,1,1,DE,0.7496168325921373,0.7941969286452881,FALSE,FALSE
bup_pin,tet_gab,diff,88,0.024959325279233145,0.8174489051397731,-0.09418777936763092,0.3827345137212348,21,4,1,DE,0.935301319168887,0.7094427570717401,FALSE,FALSE
bup_pin,tet_spp,diff,44,0.1549004489475028,0.3153834968232263,0.1870963568732183,0.22394591017568488,10,2,1,DE,0.5973045536652085,0.5478801097598676,FALSE,FALSE
bup_pin,tha_pit,diff,22,0.4659310899234413,0.028850993792750093,0.2329888064123815,0.29672942211200415,3,1,1,DE,0.17024470717374848,0.6361655221411329,FALSE,FALSE
bup_pin,tha_pro,diff,44,0.006765915267056207,0.9652324655411167,0.0018133576725714094,0.9906791864986821,16,2,1,DE,0.9875225301289458,0.9979779734127101,FALSE,FALSE
bup_pin,tom_spp,diff,265,0.1073873632315282,0.08099792797133981,-0.014618940253955222,0.8127601441504235,86,13,2,"DE,PL",0.31433650639653776,0.9456797684759293,FALSE,FALSE
bup_pin,tor_vir,diff,297,-0.06365857496167827,0.2741500850581903,-0.023628143056844877,0.6850809625752481,78,15,2,"DE,PL",0.5657316784148781,0.8941719583921125,FALSE,FALSE
bup_pin,uro_sir_spp,diff,22,-0.14241158242166135,0.5272469619299371,-0.10450561986672492,0.6434839233474597,4,1,1,DE,0.785917183336065,0.862002854165265,FALSE,FALSE
bup_pin,xyl_lin,diff,110,0.08636989536799612,0.3696201393321279,-0.09806737688407925,0.3080847216398931,34,5,1,DE,0.6640281321783396,0.639604813273004,FALSE,FALSE
bup_pin,xyl_spp,diff,88,0.05881075276708926,0.5862509070047768,-0.048513662472325886,0.6535356622073929,30,4,1,DE,0.8207512698066874,0.8716736347567685,FALSE,FALSE
bup_pin,zei_gri,diff,0,NA,NA,NA,NA,0,0,0,,NA,NA,TRUE,FALSE
cep_spp,clo_ana,diff,0,NA,NA,NA,NA,0,0,0,,NA,NA,TRUE,FALSE
cep_spp,den_mic,diff,0,NA,NA,NA,NA,0,0,0,,NA,NA,TRUE,FALSE
cep_spp,den_pin,diff,0,NA,NA,NA,NA,0,0,0,,NA,NA,TRUE,FALSE
cep_spp,dip_sp,diff,0,NA,NA,NA,NA,0,0,0,,NA,NA,TRUE,FALSE
cep_spp,era_def,diff,0,NA,NA,NA,NA,0,0,0,,NA,NA,TRUE,FALSE
cep_spp,geo_db,diff,0,NA,NA,NA,NA,0,0,0,,NA,NA,TRUE,FALSE
cep_spp,ips_acu,diff,132,0.05349831076230019,0.5423658548547734,0.04364384321562868,0.6192615081561835,86,6,1,CZ,0.7926444984106453,0.8502936861990674,FALSE,FALSE
cep_spp,ips_ami,diff,0,NA,NA,NA,NA,0,0,0,,NA,NA,TRUE,FALSE
cep_spp,ips_cem,diff,0,NA,NA,NA,NA,0,0,0,,NA,NA,TRUE,FALSE
cep_spp,ips_dup,diff,132,0.05641696673588525,0.5205299971527448,0.04424089121406156,0.6144712010938171,87,6,1,CZ,0.7817324165439156,0.8502936861990674,FALSE,FALSE
cep_spp,ips_sex,diff,132,-0.1433146623684085,0.10113550233275191,-0.15347226457994528,0.07893223553410278,81,6,1,CZ,0.3438607079313565,0.3497387467998057,FALSE,FALSE
cep_spp,ips_typ,diff,132,-0.019226333629578526,0.8267957107387213,-0.0281269463503215,0.7488593401579742,89,6,1,CZ,0.935301319168887,0.9224969297312157,FALSE,FALSE
cep_spp,lym_dis,diff,0,NA,NA,NA,NA,0,0,0,,NA,NA,TRUE,FALSE
cep_spp,lym_mon,diff,110,0.0168326510924669,0.8614427017051933,0.02052251715291537,0.8314786232600708,61,5,1,CZ,0.9427734452415137,0.9456797684759293,FALSE,FALSE
cep_spp,mel_spp,diff,0,NA,NA,NA,NA,0,0,0,,NA,NA,TRUE,FALSE
cep_spp,neo_ser,diff,0,NA,NA,NA,NA,0,0,0,,NA,NA,TRUE,FALSE
cep_spp,ope_spp,diff,0,NA,NA,NA,NA,0,0,0,,NA,NA,TRUE,FALSE
cep_spp,pan_fla,diff,0,NA,NA,NA,NA,0,0,0,,NA,NA,TRUE,FALSE
cep_spp,pha_cya,diff,132,0.04191161218902215,0.63324989690946,-0.020911146606606045,0.8118875087008379,82,6,1,CZ,0.8393963211580073,0.9456797684759293,FALSE,FALSE
cep_spp,pis_pin,diff,0,NA,NA,NA,NA,0,0,0,,NA,NA,TRUE,FALSE
cep_spp,pit_bid,diff,0,NA,NA,NA,NA,0,0,0,,NA,NA,TRUE,FALSE
cep_spp,pit_cha,diff,0,NA,NA,NA,NA,0,0,0,,NA,NA,TRUE,FALSE
cep_spp,pit_spp,diff,132,-0.02399432285600871,0.784783179177832,-0.10693465428492482,0.22231213293515734,73,6,1,CZ,0.9237501722459615,0.5478801097598676,FALSE,FALSE
cep_spp,pol_pol,diff,132,-0.0639886734958385,0.46604510637381535,-0.1361240441100455,0.11963090690746649,80,6,1,CZ,0.745368964611292,0.45173458159840096,FALSE,FALSE
cep_spp,pri_abi,diff,132,0.1447868698800522,0.09764228505724903,0.1230171616475966,0.1599438722351831,69,6,1,CZ,0.3401367738925423,0.4901284325146813,FALSE,FALSE
cep_spp,sap_car,diff,0,NA,NA,NA,NA,0,0,0,,NA,NA,TRUE,FALSE
cep_spp,sco_int,diff,132,-0.06391367892247218,0.46656894709425467,-0.026815574219101492,0.7602046156810952,52,6,1,CZ,0.745368964611292,0.9262561358298668,FALSE,FALSE
cep_spp,sco_rat,diff,132,-0.006846475346704624,0.9378974414265713,-0.10611231423345333,0.225909050425846,43,6,1,CZ,0.9776040484358713,0.5486362653199117,FALSE,FALSE
cep_spp,sco_sco,diff,0,NA,NA,NA,NA,0,0,0,,NA,NA,TRUE,FALSE
cep_spp,tet_gab,diff,0,NA,NA,NA,NA,0,0,0,,NA,NA,TRUE,FALSE
cep_spp,tet_spp,diff,0,NA,NA,NA,NA,0,0,0,,NA,NA,TRUE,FALSE
cep_spp,tha_pit,diff,0,NA,NA,NA,NA,0,0,0,,NA,NA,TRUE,FALSE
cep_spp,tha_pro,diff,0,NA,NA,NA,NA,0,0,0,,NA,NA,TRUE,FALSE
cep_spp,tom_spp,diff,132,-0.051095912344080806,0.5606717137609732,0.026920769170379076,0.7592926066702077,87,6,1,CZ,0.8022436946399497,0.9262561358298668,FALSE,FALSE
cep_spp,tor_vir,diff,0,NA,NA,NA,NA,0,0,0,,NA,NA,TRUE,FALSE
cep_spp,uro_sir_spp,diff,0,NA,NA,NA,NA,0,0,0,,NA,NA,TRUE,FALSE
cep_spp,xyl_lin,diff,0,NA,NA,NA,NA,0,0,0,,NA,NA,TRUE,FALSE
cep_spp,xyl_spp,diff,0,NA,NA,NA,NA,0,0,0,,NA,NA,TRUE,FALSE
cep_spp,zei_gri,diff,110,0.20210282155663215,0.03422935130916871,0.08336204216697597,0.3865838537956462,51,5,1,CZ,0.1837575701860636,0.7094427570717401,FALSE,FALSE
clo_ana,den_mic,diff,0,NA,NA,NA,NA,0,0,0,,NA,NA,TRUE,FALSE
clo_ana,den_pin,diff,0,NA,NA,NA,NA,0,0,0,,NA,NA,TRUE,FALSE
clo_ana,dip_sp,diff,0,NA,NA,NA,NA,0,0,0,,NA,NA,TRUE,FALSE
clo_ana,era_def,diff,0,NA,NA,NA,NA,0,0,0,,NA,NA,TRUE,FALSE
clo_ana,geo_db,diff,0,NA,NA,NA,NA,0,0,0,,NA,NA,TRUE,FALSE
clo_ana,ips_acu,diff,0,NA,NA,NA,NA,0,0,0,,NA,NA,TRUE,FALSE
clo_ana,ips_ami,diff,0,NA,NA,NA,NA,0,0,0,,NA,NA,TRUE,FALSE
clo_ana,ips_cem,diff,0,NA,NA,NA,NA,0,0,0,,NA,NA,TRUE,FALSE
clo_ana,ips_dup,diff,0,NA,NA,NA,NA,0,0,0,,NA,NA,TRUE,FALSE
clo_ana,ips_sex,diff,0,NA,NA,NA,NA,0,0,0,,NA,NA,TRUE,FALSE
clo_ana,ips_typ,diff,0,NA,NA,NA,NA,0,0,0,,NA,NA,TRUE,FALSE
clo_ana,lym_dis,diff,0,NA,NA,NA,NA,0,0,0,,NA,NA,TRUE,FALSE
clo_ana,lym_mon,diff,0,NA,NA,NA,NA,0,0,0,,NA,NA,TRUE,FALSE
clo_ana,mel_spp,diff,0,NA,NA,NA,NA,0,0,0,,NA,NA,TRUE,FALSE
clo_ana,neo_ser,diff,0,NA,NA,NA,NA,0,0,0,,NA,NA,TRUE,FALSE
clo_ana,ope_spp,diff,0,NA,NA,NA,NA,0,0,0,,NA,NA,TRUE,FALSE
clo_ana,pan_fla,diff,0,NA,NA,NA,NA,0,0,0,,NA,NA,TRUE,FALSE
clo_ana,pha_cya,diff,0,NA,NA,NA,NA,0,0,0,,NA,NA,TRUE,FALSE
clo_ana,pis_pin,diff,0,NA,NA,NA,NA,0,0,0,,NA,NA,TRUE,FALSE
clo_ana,pit_bid,diff,0,NA,NA,NA,NA,0,0,0,,NA,NA,TRUE,FALSE
clo_ana,pit_cha,diff,0,NA,NA,NA,NA,0,0,0,,NA,NA,TRUE,FALSE
clo_ana,pit_spp,diff,0,NA,NA,NA,NA,0,0,0,,NA,NA,TRUE,FALSE
clo_ana,pol_pol,diff,0,NA,NA,NA,NA,0,0,0,,NA,NA,TRUE,FALSE
clo_ana,pri_abi,diff,0,NA,NA,NA,NA,0,0,0,,NA,NA,TRUE,FALSE
clo_ana,sap_car,diff,0,NA,NA,NA,NA,0,0,0,,NA,NA,TRUE,FALSE
clo_ana,sco_int,diff,0,NA,NA,NA,NA,0,0,0,,NA,NA,TRUE,FALSE
clo_ana,sco_rat,diff,0,NA,NA,NA,NA,0,0,0,,NA,NA,TRUE,FALSE
clo_ana,sco_sco,diff,0,NA,NA,NA,NA,0,0,0,,NA,NA,TRUE,FALSE
clo_ana,tet_gab,diff,0,NA,NA,NA,NA,0,0,0,,NA,NA,TRUE,FALSE
clo_ana,tet_spp,diff,0,NA,NA,NA,NA,0,0,0,,NA,NA,TRUE,FALSE
clo_ana,tha_pit,diff,0,NA,NA,NA,NA,0,0,0,,NA,NA,TRUE,FALSE
clo_ana,tha_pro,diff,0,NA,NA,NA,NA,0,0,0,,NA,NA,TRUE,FALSE
clo_ana,tom_spp,diff,0,NA,NA,NA,NA,0,0,0,,NA,NA,TRUE,FALSE
clo_ana,tor_vir,diff,0,NA,NA,NA,NA,0,0,0,,NA,NA,TRUE,FALSE
clo_ana,uro_sir_spp,diff,0,NA,NA,NA,NA,0,0,0,,NA,NA,TRUE,FALSE
clo_ana,xyl_lin,diff,0,NA,NA,NA,NA,0,0,0,,NA,NA,TRUE,FALSE
clo_ana,xyl_spp,diff,0,NA,NA,NA,NA,0,0,0,,NA,NA,TRUE,FALSE
clo_ana,zei_gri,diff,0,NA,NA,NA,NA,0,0,0,,NA,NA,TRUE,FALSE
den_mic,den_pin,diff,0,NA,NA,NA,NA,0,0,0,,NA,NA,TRUE,FALSE
den_mic,dip_sp,diff,0,NA,NA,NA,NA,0,0,0,,NA,NA,TRUE,FALSE
den_mic,era_def,diff,0,NA,NA,NA,NA,0,0,0,,NA,NA,TRUE,FALSE
den_mic,geo_db,diff,0,NA,NA,NA,NA,0,0,0,,NA,NA,TRUE,FALSE
den_mic,ips_acu,diff,0,NA,NA,NA,NA,0,0,0,,NA,NA,TRUE,FALSE
den_mic,ips_ami,diff,0,NA,NA,NA,NA,0,0,0,,NA,NA,TRUE,FALSE
den_mic,ips_cem,diff,0,NA,NA,NA,NA,0,0,0,,NA,NA,TRUE,FALSE
den_mic,ips_dup,diff,0,NA,NA,NA,NA,0,0,0,,NA,NA,TRUE,FALSE
den_mic,ips_sex,diff,0,NA,NA,NA,NA,0,0,0,,NA,NA,TRUE,FALSE
den_mic,ips_typ,diff,0,NA,NA,NA,NA,0,0,0,,NA,NA,TRUE,FALSE
den_mic,lym_dis,diff,0,NA,NA,NA,NA,0,0,0,,NA,NA,TRUE,FALSE
den_mic,lym_mon,diff,0,NA,NA,NA,NA,0,0,0,,NA,NA,TRUE,FALSE
den_mic,mel_spp,diff,0,NA,NA,NA,NA,0,0,0,,NA,NA,TRUE,FALSE
den_mic,neo_ser,diff,0,NA,NA,NA,NA,0,0,0,,NA,NA,TRUE,FALSE
den_mic,ope_spp,diff,0,NA,NA,NA,NA,0,0,0,,NA,NA,TRUE,FALSE
den_mic,pan_fla,diff,0,NA,NA,NA,NA,0,0,0,,NA,NA,TRUE,FALSE
den_mic,pha_cya,diff,0,NA,NA,NA,NA,0,0,0,,NA,NA,TRUE,FALSE
den_mic,pis_pin,diff,0,NA,NA,NA,NA,0,0,0,,NA,NA,TRUE,FALSE
den_mic,pit_bid,diff,0,NA,NA,NA,NA,0,0,0,,NA,NA,TRUE,FALSE
den_mic,pit_cha,diff,0,NA,NA,NA,NA,0,0,0,,NA,NA,TRUE,FALSE
den_mic,pit_spp,diff,0,NA,NA,NA,NA,0,0,0,,NA,NA,TRUE,FALSE
den_mic,pol_pol,diff,0,NA,NA,NA,NA,0,0,0,,NA,NA,TRUE,FALSE
den_mic,pri_abi,diff,0,NA,NA,NA,NA,0,0,0,,NA,NA,TRUE,FALSE
den_mic,sap_car,diff,0,NA,NA,NA,NA,0,0,0,,NA,NA,TRUE,FALSE
den_mic,sco_int,diff,0,NA,NA,NA,NA,0,0,0,,NA,NA,TRUE,FALSE
den_mic,sco_rat,diff,0,NA,NA,NA,NA,0,0,0,,NA,NA,TRUE,FALSE
den_mic,sco_sco,diff,0,NA,NA,NA,NA,0,0,0,,NA,NA,TRUE,FALSE
den_mic,tet_gab,diff,0,NA,NA,NA,NA,0,0,0,,NA,NA,TRUE,FALSE
den_mic,tet_spp,diff,0,NA,NA,NA,NA,0,0,0,,NA,NA,TRUE,FALSE
den_mic,tha_pit,diff,0,NA,NA,NA,NA,0,0,0,,NA,NA,TRUE,FALSE
den_mic,tha_pro,diff,0,NA,NA,NA,NA,0,0,0,,NA,NA,TRUE,FALSE
den_mic,tom_spp,diff,0,NA,NA,NA,NA,0,0,0,,NA,NA,TRUE,FALSE
den_mic,tor_vir,diff,0,NA,NA,NA,NA,0,0,0,,NA,NA,TRUE,FALSE
den_mic,uro_sir_spp,diff,0,NA,NA,NA,NA,0,0,0,,NA,NA,TRUE,FALSE
den_mic,xyl_lin,diff,0,NA,NA,NA,NA,0,0,0,,NA,NA,TRUE,FALSE
den_mic,xyl_spp,diff,0,NA,NA,NA,NA,0,0,0,,NA,NA,TRUE,FALSE
den_mic,zei_gri,diff,0,NA,NA,NA,NA,0,0,0,,NA,NA,TRUE,FALSE
den_pin,dip_sp,diff,234,0.17064575543823304,0.00890676501719549,0.14760022655049218,0.02393688461593825,121,12,2,"DE,PL",0.07518983549301252,0.15972837024093375,FALSE,FALSE
den_pin,era_def,diff,22,0.4629708379712492,0.030022208107449832,0.32336939780370394,0.1421096999065248,12,1,1,DE,0.1742752568188551,0.47290692386663197,FALSE,FALSE
den_pin,geo_db,diff,212,0.10000128781622568,0.1467598005945189,0.09825195189745513,0.15399435877078071,93,11,2,"DE,PL",0.4241777118787708,0.4837449394316623,FALSE,FALSE
den_pin,ips_acu,diff,120,0.08506797690758851,0.3555930205368353,0.024935524114667953,0.7869002918988534,22,6,2,"DE,PL",0.6476872874063785,0.9426959872748009,FALSE,FALSE
den_pin,ips_ami,diff,0,NA,NA,NA,NA,0,0,0,,NA,NA,TRUE,FALSE
den_pin,ips_cem,diff,44,0.02417549608845292,0.8762157385717015,6.471713990941547e-4,0.9966734200326992,23,2,1,DE,0.9464720685933357,0.9979779734127101,FALSE,FALSE
den_pin,ips_dup,diff,0,NA,NA,NA,NA,0,0,0,,NA,NA,TRUE,FALSE
den_pin,ips_sex,diff,44,-0.3957275891154567,0.007839553904179505,-0.30460200517364877,0.04439001931667931,22,2,1,DE,0.07085368971625527,0.24626857898238766,FALSE,FALSE
den_pin,ips_typ,diff,234,0.07978370637396982,0.22403841858074935,0.09501273708008615,0.14736213622650501,143,12,2,"DE,PL",0.5237113539972795,0.47394849218794854,FALSE,FALSE
den_pin,lym_dis,diff,22,0.10482414562617746,0.6424673969325949,0.20364316770027066,0.36335393183252984,2,1,1,DE,0.8401496729118549,0.6931559759256147,FALSE,FALSE
den_pin,lym_mon,diff,212,0.27821208336396636,3.986131696242652e-5,0.3710089337599668,2.545778092530608e-8,126,11,2,"DE,PL",0.0010541103818952789,2.2721069475835677e-6,FALSE,FALSE
den_pin,mel_spp,diff,212,0.08221470211832144,0.23325897503858828,0.09267306062884675,0.17886527455662002,117,11,2,"DE,PL",0.5339573110130958,0.5100951717976132,FALSE,FALSE
den_pin,neo_ser,diff,0,NA,NA,NA,NA,0,0,0,,NA,NA,TRUE,FALSE
den_pin,ope_spp,diff,0,NA,NA,NA,NA,0,0,0,,NA,NA,TRUE,FALSE
den_pin,pan_fla,diff,212,0.3518427744163969,1.4262361146542236e-7,0.3683606765497,3.252118314520975e-8,80,11,2,"DE,PL",6.364578661644472e-6,2.5800138628533065e-6,FALSE,FALSE
den_pin,pha_cya,diff,234,-0.029186133986741275,0.6569227069641415,-0.08492518994846499,0.19549669270766634,143,12,2,"DE,PL",0.8498248097511775,0.5302065587934668,FALSE,FALSE
den_pin,pis_pin,diff,22,0.02889207649900746,0.898440484079764,-0.05309234891183331,0.8144771824036374,15,1,1,DE,0.960849516673134,0.9456797684759293,FALSE,FALSE
den_pin,pit_bid,diff,44,0.09165736237963526,0.5540307169769743,0.05582022851640407,0.7189287396903695,20,2,1,DE,0.7971827060309588,0.9155673051862215,FALSE,FALSE
den_pin,pit_cha,diff,44,-0.12960906648863507,0.4017363099143536,-0.24829809345245735,0.10412583709954082,23,2,1,DE,0.6895185703818473,0.420033037791368,FALSE,FALSE
den_pin,pit_spp,diff,0,NA,NA,NA,NA,0,0,0,,NA,NA,TRUE,FALSE
den_pin,pol_pol,diff,0,NA,NA,NA,NA,0,0,0,,NA,NA,TRUE,FALSE
den_pin,pri_abi,diff,22,-0.2355418646306747,0.291316014231543,-0.139521850873413,0.535747197428385,4,1,1,DE,0.577776761559227,0.8065035563494737,FALSE,FALSE
den_pin,sap_car,diff,0,NA,NA,NA,NA,0,0,0,,NA,NA,TRUE,FALSE
den_pin,sco_int,diff,44,0.2671174294347113,0.07962705419677218,0.16943936219884523,0.2715276458538688,15,2,1,DE,0.3123830587719524,0.6058460598114448,FALSE,FALSE
den_pin,sco_rat,diff,22,-0.061567521639256016,0.7854845830487781,-0.075098814229249,0.7397738044450592,15,1,1,DE,0.9237501722459615,0.9224969297312157,FALSE,FALSE
den_pin,sco_sco,diff,22,0.2931554711681279,0.18547926030141082,0.29699513494522206,0.1795190123522003,11,1,1,DE,0.4815716067462084,0.5100951717976132,FALSE,FALSE
den_pin,tet_gab,diff,22,0.12043971910531116,0.5934194860631841,0.07589757824841123,0.7371001579818097,8,1,1,DE,0.8214384129430741,0.9224969297312157,FALSE,FALSE
den_pin,tet_spp,diff,0,NA,NA,NA,NA,0,0,0,,NA,NA,TRUE,FALSE
den_pin,tha_pit,diff,22,-0.1770322175152976,0.43061450944807933,-0.2525966276079936,0.25673682648257956,7,1,1,DE,0.7200439338312147,0.589421524464829,FALSE,FALSE
den_pin,tha_pro,diff,22,0.24254924790225071,0.27677491027826434,0.21234513194346355,0.3427581736396592,11,1,1,DE,0.5678982570460286,0.6650253695073823,FALSE,FALSE
den_pin,tom_spp,diff,139,0.02592215405876369,0.7619593641547029,0.047795034852958516,0.5763486501767872,68,7,2,"DE,PL",0.9125346461894991,0.8260216531031443,FALSE,FALSE
den_pin,tor_vir,diff,215,0.03407056430885966,0.6193269077067595,-0.005353726777090049,0.937793072087139,95,11,2,"DE,PL",0.8393963211580073,0.9846827256914961,FALSE,FALSE
den_pin,uro_sir_spp,diff,0,NA,NA,NA,NA,0,0,0,,NA,NA,TRUE,FALSE
den_pin,xyl_lin,diff,44,0.3545679371357935,0.018199982093960468,0.44712352884082823,0.0023433819599500906,23,2,1,DE,0.12994787215087775,0.0321764369116224,FALSE,FALSE
den_pin,xyl_spp,diff,44,-0.12019607155963494,0.4370634208819435,0.035091071417549725,0.8210953385379591,22,2,1,DE,0.7209088642460373,0.9456797684759293,FALSE,FALSE
den_pin,zei_gri,diff,0,NA,NA,NA,NA,0,0,0,,NA,NA,TRUE,FALSE
dip_sp,era_def,diff,22,-0.04072712386580698,0.857191350785067,-0.04106278067348621,0.8560262009720496,13,1,1,DE,0.9427734452415137,0.9505485342053552,FALSE,FALSE
dip_sp,geo_db,diff,310,-0.1216751864199239,0.03222394859772703,-0.03390052763982747,0.5520840845937042,136,16,2,"DE,PL",0.1797492132716961,0.8229395331939557,FALSE,FALSE
dip_sp,ips_acu,diff,180,-0.0073375260192778515,0.9221238804822632,0.006337310776057691,0.9327126054923598,38,9,2,"DE,PL",0.9702351542370939,0.9840106955625145,FALSE,FALSE
dip_sp,ips_ami,diff,0,NA,NA,NA,NA,0,0,0,,NA,NA,TRUE,FALSE
dip_sp,ips_cem,diff,88,0.0846278582288811,0.43307746027122973,0.0397972496283706,0.7127694380300775,42,4,1,DE,0.7209088642460373,0.9131439501467972,FALSE,FALSE
dip_sp,ips_dup,diff,0,NA,NA,NA,NA,0,0,0,,NA,NA,TRUE,FALSE
dip_sp,ips_sex,diff,66,-0.06749788138970687,0.5902368031081767,-0.16850689022483986,0.1762173140566994,35,3,1,DE,0.8214384129430741,0.5100951717976132,FALSE,FALSE
dip_sp,ips_typ,diff,414,-0.03013960996270823,0.540845384923742,-0.05698459140808162,0.2473134232563187,264,21,3,"AT,DE,PL",0.7926444984106453,0.5733174811851025,FALSE,FALSE
dip_sp,lym_dis,diff,106,0.25274638126128157,0.008951170892025299,0.2657590152710365,0.005897766497049389,27,5,2,"AT,DE",0.07518983549301252,0.06903287342447974,FALSE,FALSE
dip_sp,lym_mon,diff,310,0.13058315431987763,0.02146401941918994,0.13814669889704526,0.014925575705965328,182,16,2,"DE,PL",0.13834931000210351,0.12249265579378443,FALSE,FALSE
dip_sp,mel_spp,diff,310,-0.05826103761199673,0.30653662272863214,-0.01438018953360041,0.8009022608555193,185,16,2,"DE,PL",0.5899384060060467,0.9456797684759293,FALSE,FALSE
dip_sp,neo_ser,diff,22,-0.00553838199465526,0.9804848642294725,0.05526845823888486,0.8070089626314473,4,1,1,DE,0.9901926351624375,0.9456797684759293,FALSE,FALSE
dip_sp,ope_spp,diff,22,0.18181582258467321,0.4180577011483394,-0.09776101074459928,0.6651504654651712,3,1,1,DE,0.70732985454956,0.8794767265595042,FALSE,FALSE
dip_sp,pan_fla,diff,269,0.14341820137216046,0.01859967642610246,0.18408633851721448,0.002436430916251464,114,14,2,"DE,PL",0.13019773498271722,0.032822861777425376,FALSE,FALSE
dip_sp,pha_cya,diff,414,0.011615470210649589,0.8137172892208119,-0.03306898534056666,0.502218325535195,257,21,3,"AT,DE,PL",0.9340741873049192,0.7942567952865023,FALSE,FALSE
dip_sp,pis_pin,diff,44,0.1771618559452419,0.24995598612473463,-0.038505420743031135,0.8040144611943307,28,2,1,DE,0.5376219034796529,0.9456797684759293,FALSE,FALSE
dip_sp,pit_bid,diff,66,0.24848060351688817,0.0442443874338098,0.07945691485693068,0.5259624711520319,29,3,1,DE,0.21786546639820822,0.8065035563494737,FALSE,FALSE
dip_sp,pit_cha,diff,148,0.0358854857959338,0.6650121006263907,0.028325874569332197,0.7325421338785381,76,7,2,"AT,DE",0.8520486225864985,0.922460464884085,FALSE,FALSE
dip_sp,pit_spp,diff,82,0.014301604771897337,0.8985249966151688,-0.015287923185281755,0.8915677733174696,40,4,2,"AT,DE",0.960849516673134,0.9610762265189617,FALSE,FALSE
dip_sp,pol_pol,diff,0,NA,NA,NA,NA,0,0,0,,NA,NA,TRUE,FALSE
dip_sp,pri_abi,diff,44,0.2814312204753543,0.06421792641129714,0.18704990401639582,0.22406301407546406,10,2,1,DE,0.2729261872480129,0.5478801097598676,FALSE,FALSE
dip_sp,sap_car,diff,0,NA,NA,NA,NA,0,0,0,,NA,NA,TRUE,FALSE
dip_sp,sco_int,diff,88,0.10769378420920257,0.3179300655608501,0.03502433147744649,0.745969097201212,25,4,1,DE,0.5989500443547413,0.9224969297312157,FALSE,FALSE
dip_sp,sco_rat,diff,44,0.3175570057760138,0.035684538327375746,0.13845060412224594,0.3701107445267774,26,2,1,DE,0.18597635303464438,0.697921011371743,FALSE,FALSE
dip_sp,sco_sco,diff,22,-0.05029855446742467,0.8240880170744103,-0.05054028109010471,0.823255478817648,12,1,1,DE,0.935301319168887,0.9456797684759293,FALSE,FALSE
dip_sp,tet_gab,diff,126,-0.04403137986158119,0.6244433415176384,-0.07823638404159655,0.3838717633040776,49,6,2,"AT,DE",0.8393963211580073,0.7094427570717401,FALSE,FALSE
dip_sp,tet_spp,diff,22,0.15690276904982697,0.48560320380365196,0.19918608965475906,0.3741733793833847,6,1,1,DE,0.765387831160723,0.7030520865256228,FALSE,FALSE
dip_sp,tha_pit,diff,22,-0.13309112953115526,0.554888656849744,-0.1434938588759025,0.5240798457028348,11,1,1,DE,0.7971827060309588,0.8065035563494737,FALSE,FALSE
dip_sp,tha_pro,diff,44,-0.17339196144336239,0.260337923121042,-0.1360731747248366,0.3784643842705343,19,2,1,DE,0.547427471736349,0.7073915454690091,FALSE,FALSE
dip_sp,tom_spp,diff,300,0.06507697710140112,0.26116059129630287,-0.04308409353638411,0.4571981579099794,151,15,3,"AT,DE,PL",0.547427471736349,0.7770659365170626,FALSE,FALSE
dip_sp,tor_vir,diff,294,0.10143250276362957,0.08251491528014597,0.08769796393018671,0.13356447392705584,145,15,2,"DE,PL",0.31505694925146643,0.4652546064010211,FALSE,FALSE
dip_sp,uro_sir_spp,diff,0,NA,NA,NA,NA,0,0,0,,NA,NA,TRUE,FALSE
dip_sp,xyl_lin,diff,66,-0.03725968757910272,0.7664522191627059,-0.044851872340592756,0.7206454225564107,37,3,1,DE,0.9151285693681807,0.9155673051862215,FALSE,FALSE
dip_sp,xyl_spp,diff,88,0.13191143428818541,0.22053475930718802,0.12012227156699269,0.26494600167646426,39,4,1,DE,0.5213967488256034,0.5967553476245915,FALSE,FALSE
dip_sp,zei_gri,diff,0,NA,NA,NA,NA,0,0,0,,NA,NA,TRUE,FALSE
era_def,geo_db,diff,0,NA,NA,NA,NA,0,0,0,,NA,NA,TRUE,FALSE
era_def,ips_acu,diff,22,0.25889343526179526,0.24466537161678875,-0.0665334518377003,0.7686208535303237,8,1,1,DE,0.5375110010288836,0.9296756094781263,FALSE,FALSE
era_def,ips_ami,diff,0,NA,NA,NA,NA,0,0,0,,NA,NA,TRUE,FALSE
era_def,ips_cem,diff,44,0.18227830012154764,0.2363172412887091,0.11207930747709112,0.4688605080710765,24,2,1,DE,0.5339573110130958,0.7823969428166859,FALSE,FALSE
era_def,ips_dup,diff,0,NA,NA,NA,NA,0,0,0,,NA,NA,TRUE,FALSE
era_def,ips_sex,diff,22,-0.08018953316753948,0.7227849141676468,0.030226769106871793,0.8937739697599307,13,1,1,DE,0.8882417017481924,0.9610762265189617,FALSE,FALSE
era_def,ips_typ,diff,44,-0.1773886316384228,0.24934048631711947,0.26626094548314133,0.08063366880033479,23,2,1,DE,0.5376219034796529,0.3510514605087746,FALSE,FALSE
era_def,lym_dis,diff,22,0.008344406228466114,0.970600945783676,0.16416341274515903,0.46537564000629394,7,1,1,DE,0.9875225301289458,0.7823969428166859,FALSE,FALSE
era_def,lym_mon,diff,44,0.01306940003818366,0.9328971180871317,0.12481276858179575,0.4195260457836296,19,2,1,DE,0.9752394470193442,0.7396088807148433,FALSE,FALSE
era_def,mel_spp,diff,44,0.28470300406769855,0.061053161756978364,0.29722179115782443,0.05007547640903849,9,2,1,DE,0.2674353220520402,0.2648436307855814,FALSE,FALSE
era_def,neo_ser,diff,0,NA,NA,NA,NA,0,0,0,,NA,NA,TRUE,FALSE
era_def,ope_spp,diff,22,0.03326933407598228,0.8831490940702965,0.04598625205420065,0.8389700561160219,8,1,1,DE,0.9510836397680116,0.9478739646731167,FALSE,FALSE
era_def,pan_fla,diff,22,0.04021725728414312,0.8589617755959913,-0.08294727871307801,0.713633507257581,6,1,1,DE,0.9427734452415137,0.9131439501467972,FALSE,FALSE
era_def,pha_cya,diff,44,0.04285576709443091,0.7823820682595772,0.19279963773261272,0.20988761724723368,24,2,1,DE,0.9237501722459615,0.5410099592582125,FALSE,FALSE
era_def,pis_pin,diff,22,0.08564275226122785,0.7047253278897514,0.15003557771901402,0.5051302724199955,13,1,1,DE,0.8770077276021302,0.7942567952865023,FALSE,FALSE
era_def,pit_bid,diff,22,0.3534109246422261,0.10664737055764381,0.394534432947346,0.06921183037510749,12,1,1,DE,0.35252880823221144,0.32874516803729836,FALSE,FALSE
era_def,pit_cha,diff,44,-0.2536753836083341,0.09660229565064622,0.025407474043080983,0.8699605330361015,23,2,1,DE,0.33977359159882464,0.9526868413922952,FALSE,FALSE
era_def,pit_spp,diff,22,0.005043484718929726,0.9822284133884334,-0.052493323871390246,0.8165357472606178,10,1,1,DE,0.9905523829934201,0.9456797684759293,FALSE,FALSE
era_def,pol_pol,diff,0,NA,NA,NA,NA,0,0,0,,NA,NA,TRUE,FALSE
era_def,pri_abi,diff,22,-0.02984689607355573,0.8951017892269519,-0.20492326335315206,0.3602802758372835,6,1,1,DE,0.960849516673134,0.6929572217522716,FALSE,FALSE
era_def,sap_car,diff,0,NA,NA,NA,NA,0,0,0,,NA,NA,TRUE,FALSE
era_def,sco_int,diff,22,0.049196551726759366,0.8278857615052333,-0.04277372986821481,0.850091610821547,11,1,1,DE,0.935301319168887,0.9491377001724643,FALSE,FALSE
era_def,sco_rat,diff,22,0.008581341792454773,0.969766536898717,-0.00285158199121432,0.9899514383235559,12,1,1,DE,0.9875225301289458,0.9979779734127101,FALSE,FALSE
era_def,sco_sco,diff,22,0.4768376594636201,0.024845188215888787,0.4955595033428713,0.019013194400248772,9,1,1,DE,0.1545671074661042,0.13783715172645178,FALSE,FALSE
era_def,tet_gab,diff,22,0.3145813598559371,0.15390037904666046,0.15631220031850804,0.48726753855451077,8,1,1,DE,0.43432755193405365,0.7942567952865023,FALSE,FALSE
era_def,tet_spp,diff,0,NA,NA,NA,NA,0,0,0,,NA,NA,TRUE,FALSE
era_def,tha_pit,diff,22,0.2285118265581663,0.30637101132784594,0.14104031867819403,0.5312726478760597,3,1,1,DE,0.5899384060060467,0.8065035563494737,FALSE,FALSE
era_def,tha_pro,diff,44,0.13958733345026586,0.3661559175165995,0.22248811735303844,0.14661333441955898,19,2,1,DE,0.6640281321783396,0.47394849218794854,FALSE,FALSE
era_def,tom_spp,diff,44,0.32193243775725766,0.03308264650238803,0.1798123234420331,0.2428260095304268,24,2,1,DE,0.18126325046044997,0.5684517075564746,FALSE,FALSE
era_def,tor_vir,diff,44,0.2997087975890027,0.048097321656398045,0.5144033400548743,3.540911035293349e-4,20,2,1,DE,0.22593083988597504,0.00752517434337179,FALSE,FALSE
era_def,uro_sir_spp,diff,0,NA,NA,NA,NA,0,0,0,,NA,NA,TRUE,FALSE
era_def,xyl_lin,diff,44,0.015136861947299438,0.9223122236846144,-0.10264257822060029,0.5073256009774151,24,2,1,DE,0.9702351542370939,0.7942567952865023,FALSE,FALSE
era_def,xyl_spp,diff,44,-0.28550200907706147,0.06029952607053015,-0.11236966837729084,0.467702183545761,22,2,1,DE,0.2674152895301772,0.7823969428166859,FALSE,FALSE
era_def,zei_gri,diff,0,NA,NA,NA,NA,0,0,0,,NA,NA,TRUE,FALSE
geo_db,ips_acu,diff,235,-0.05103496905906516,0.43616400123697563,-0.030400622967964853,0.642894992532134,61,12,4,"BG,DE,LT,PL",0.7209088642460373,0.862002854165265,FALSE,FALSE
geo_db,ips_ami,diff,0,NA,NA,NA,NA,0,0,0,,NA,NA,TRUE,FALSE
geo_db,ips_cem,diff,44,-0.3164057810904245,0.03639638571814419,-0.3691007647156777,0.013678150395404546,31,2,1,DE,0.18831173480257213,0.1191726307167936,FALSE,FALSE
geo_db,ips_dup,diff,21,0.03926756317720984,0.8658025943715244,0.057653024268371475,0.8039582837923531,4,1,1,RO,0.9437909196660588,0.9456797684759293,FALSE,FALSE
geo_db,ips_sex,diff,61,-0.059176222371641884,0.6505365714254131,0.030450320429791834,0.8157936217894926,40,3,2,"BG,DE",0.8464565381152428,0.9456797684759293,FALSE,FALSE
geo_db,ips_typ,diff,430,0.035015674388748995,0.4689374326319212,0.07388007667581242,0.12610550902916182,270,22,6,"BG,DE,HR,LT,PL,RO",0.7457045142520974,0.4561197517650834,FALSE,FALSE
geo_db,lym_dis,diff,127,0.031266359721032824,0.7271227459429965,0.007682782524089872,0.9316844183966447,50,6,5,"BG,DE,HR,LT,RO",0.8889822613070196,0.9840106955625145,FALSE,FALSE
geo_db,lym_mon,diff,329,0.10386913189264363,0.05984442411631685,0.11850662538148006,0.03164136607528899,152,17,3,"DE,LT,PL",0.26705574261906395,0.18984819645173392,FALSE,FALSE
geo_db,mel_spp,diff,304,-0.0776725215189479,0.17678226127404104,-0.05805938904868296,0.3129837056255424,172,16,1,PL,0.4709796065286018,0.639604813273004,FALSE,FALSE
geo_db,neo_ser,diff,39,0.06347783629917537,0.7010459967650235,-0.03299833908600884,0.8419310870882459,15,2,2,"BG,DE",0.8766144337832343,0.9489926152937616,FALSE,FALSE
geo_db,ope_spp,diff,22,-0.36034651131222584,0.09947535838151943,-0.14993650727817004,0.5054147449688171,0,1,1,DE,0.34146829752117724,0.7942567952865023,FALSE,FALSE
geo_db,pan_fla,diff,247,0.10326579759328587,0.10543689615312034,0.05825208636533623,0.3619614980088556,94,13,1,PL,0.35014857606199035,0.6929572217522716,FALSE,FALSE
geo_db,pha_cya,diff,348,-0.002350837325408807,0.9651462666912709,0.01012146693861594,0.8507676864290996,206,18,2,"DE,PL",0.9875225301289458,0.9491377001724643,FALSE,FALSE
geo_db,pis_pin,diff,44,-0.09474081417413685,0.5407189233643032,-0.2591817846668192,0.08933961529525838,20,2,2,"DE,LT",0.7926444984106453,0.3730320778994999,FALSE,FALSE
geo_db,pit_bid,diff,44,-0.14873691666503627,0.3352564788673744,-0.126193966028143,0.41435791035425884,28,2,1,DE,0.6217046347598593,0.7377844089599521,FALSE,FALSE
geo_db,pit_cha,diff,66,-0.24507544432256398,0.04733174461486011,-0.1804289220581437,0.14713307267752404,37,3,2,"DE,LT",0.22411269143637966,0.47394849218794854,FALSE,FALSE
geo_db,pit_spp,diff,22,-0.09450245375216702,0.6757128505575818,-0.3348390739695087,0.12770341679769628,20,1,1,HR,0.8569431177586383,0.4561197517650834,FALSE,FALSE
geo_db,pol_pol,diff,22,0.09696103124072508,0.6677379623630637,0.22362327047282435,0.31711499145468264,6,1,1,LT,0.8524930721940995,0.639604813273004,FALSE,FALSE
geo_db,pri_abi,diff,44,-0.22071416904438593,0.14994418789720637,-0.09571640153346499,0.5365394807647059,16,2,1,DE,0.42653446278328827,0.8065035563494737,FALSE,FALSE
geo_db,sap_car,diff,0,NA,NA,NA,NA,0,0,0,,NA,NA,TRUE,FALSE
geo_db,sco_int,diff,44,7.651424264114178e-4,0.9960670316330282,-0.007465599413260263,0.9616395936513518,20,2,1,DE,0.9962560651737453,0.9936478579841752,FALSE,FALSE
geo_db,sco_rat,diff,44,0.015855987739694672,0.9186334905317062,-0.08146101189323725,0.5991172206803553,17,2,2,"DE,LT",0.9702351542370939,0.844306875175348,FALSE,FALSE
geo_db,sco_sco,diff,0,NA,NA,NA,NA,0,0,0,,NA,NA,TRUE,FALSE
geo_db,tet_gab,diff,22,-0.26989949212766273,0.22446251861872524,-0.31218112789969543,0.15723649890871713,6,1,1,DE,0.5237113539972795,0.487659893122815,FALSE,FALSE
geo_db,tet_spp,diff,0,NA,NA,NA,NA,0,0,0,,NA,NA,TRUE,FALSE
geo_db,tha_pit,diff,39,0.12203202496576775,0.4592590575131681,-0.13934179001336952,0.397544036544084,32,2,2,"BG,HR",0.745368964611292,0.7204224418590761,FALSE,FALSE
geo_db,tha_pro,diff,0,NA,NA,NA,NA,0,0,0,,NA,NA,TRUE,FALSE
geo_db,tom_spp,diff,256,-0.06035883244232164,0.3361036260746578,0.0019044186753584128,0.9758105637508665,111,13,3,"DE,LT,PL",0.6217046347598593,0.9979779734127101,FALSE,FALSE
geo_db,tor_vir,diff,371,0.061015840956096724,0.24104660709226147,0.1343955712595353,0.009551027014479926,188,19,5,"BG,DE,LT,PL,RO",0.537037121912828,0.09320605769284773,FALSE,FALSE
geo_db,uro_sir_spp,diff,0,NA,NA,NA,NA,0,0,0,,NA,NA,TRUE,FALSE
geo_db,xyl_lin,diff,44,0.19629056479815674,0.20159291591994705,0.24143599090101756,0.11436858721263574,32,2,1,DE,0.5049873628304347,0.4492417650648635,FALSE,FALSE
geo_db,xyl_spp,diff,44,-0.052021166034524745,0.7373515756281255,-0.03048076221005213,0.8442881565766488,30,2,1,DE,0.8984113054581596,0.9489926152937616,FALSE,FALSE
geo_db,zei_gri,diff,0,NA,NA,NA,NA,0,0,0,,NA,NA,TRUE,FALSE
ips_acu,ips_ami,diff,0,NA,NA,NA,NA,0,0,0,,NA,NA,TRUE,FALSE
ips_acu,ips_cem,diff,66,0.1879786743270924,0.1306669394288981,0.22835168742221557,0.06516269224562635,46,3,1,DE,0.3953228591196324,0.3208700845750152,FALSE,FALSE
ips_acu,ips_dup,diff,173,0.09495919712755681,0.21396039238060868,0.12120727469869527,0.11216480392332757,152,8,2,"CZ,SK",0.5109288299657345,0.44740597766064744,FALSE,FALSE
ips_acu,ips_sex,diff,237,0.01560470408297706,0.811124356084248,0.1644730211012552,0.011214708882541698,183,11,3,"BG,CZ,DE",0.9325970857393769,0.10535923871229964,FALSE,FALSE
ips_acu,ips_typ,diff,432,0.10791488939029559,0.02489526240700558,0.16395873838452948,6.236286512737903e-4,294,21,6,"BG,CZ,DE,LT,PL,SK",0.1545671074661042,0.011131771425237158,FALSE,FALSE
ips_acu,lym_dis,diff,104,0.1164303885150081,0.23918797154090876,0.06746936318936116,0.4961782779347961,46,5,4,"BG,DE,LT,SK",0.537037121912828,0.7942567952865023,FALSE,FALSE
ips_acu,lym_mon,diff,309,0.13014942591136364,0.022120805522041462,0.08680135372765249,0.12787895319851303,135,15,4,"CZ,DE,LT,PL",0.14102013520301432,0.4561197517650834,FALSE,FALSE
ips_acu,mel_spp,diff,174,0.13417977471191458,0.07753241872487326,0.053465328911115065,0.48350637563393817,55,9,2,"DE,PL",0.31144963640271117,0.7942567952865023,FALSE,FALSE
ips_acu,neo_ser,diff,39,-0.14655841931105668,0.37330502657910536,-0.07399945459001733,0.6543656417781905,24,2,2,"BG,DE",0.6646877530610504,0.8716736347567685,FALSE,FALSE
ips_acu,ope_spp,diff,22,0.18572161728540512,0.4079545552593189,0.14000254948508994,0.5343288050330672,7,1,1,DE,0.6943946809624639,0.8065035563494737,FALSE,FALSE
ips_acu,pan_fla,diff,136,0.19701513702052909,0.021508086008730377,0.16271542875897213,0.058399062877973744,22,7,2,"DE,PL",0.13834931000210351,0.2999779201070018,FALSE,FALSE
ips_acu,pha_cya,diff,372,-0.09251775009440318,0.07471065226259292,0.24490552898421203,1.747145966890322e-6,198,18,3,"CZ,DE,PL",0.30308753247438264,7.796638877248062e-5,FALSE,FALSE
ips_acu,pis_pin,diff,66,0.06672441371681335,0.5945124486992213,0.21090111726010236,0.08916680378551618,48,3,2,"DE,LT",0.8214384129430741,0.3730320778994999,FALSE,FALSE
ips_acu,pit_bid,diff,66,0.2900868688609986,0.018142441184786313,0.218266911081391,0.07830203769147615,39,3,1,DE,0.12994787215087775,0.3497387467998057,FALSE,FALSE
ips_acu,pit_cha,diff,109,0.2760999709282635,0.0036602684579375676,0.3556459314671335,1.4758312876521777e-4,84,5,3,"DE,LT,SK",0.03787582143431048,0.003512478464612183,FALSE,FALSE
ips_acu,pit_spp,diff,132,0.29653720680537776,5.553313738224522e-4,0.22448900186576495,0.00966001158161167,107,6,1,CZ,0.009221083742075137,0.09320605769284773,FALSE,FALSE
ips_acu,pol_pol,diff,176,0.11331111972770447,0.1343003673581012,0.030001132917767834,0.6926488421878222,136,8,2,"CZ,LT",0.4011457816035855,0.8990586897737917,FALSE,FALSE
ips_acu,pri_abi,diff,176,0.08709434392869723,0.2503954547921827,0.15060517655056926,0.04602530090584,103,8,2,"CZ,DE",0.5376219034796529,0.2508554568455707,FALSE,FALSE
ips_acu,sap_car,diff,0,NA,NA,NA,NA,0,0,0,,NA,NA,TRUE,FALSE
ips_acu,sco_int,diff,220,0.0684141422347003,0.3124238872720599,-0.04695517111674203,0.48838956771605757,116,10,2,"CZ,DE",0.5933031156710763,0.7942567952865023,FALSE,FALSE
ips_acu,sco_rat,diff,220,0.04933013043472212,0.4666385534751366,0.01068774593243918,0.8747512634297193,105,10,3,"CZ,DE,LT",0.745368964611292,0.9564661594009488,FALSE,FALSE
ips_acu,sco_sco,diff,22,0.2914411652323524,0.18818343373253266,0.39805825242718446,0.06654334727652703,7,1,1,DE,0.4864318997075557,0.32102668888811015,FALSE,FALSE
ips_acu,tet_gab,diff,44,0.3537991870209466,0.01847068934459951,0.48402489230077606,8.718238330725214e-4,13,2,1,DE,0.13019773498271722,0.014476330623576287,FALSE,FALSE
ips_acu,tet_spp,diff,0,NA,NA,NA,NA,0,0,0,,NA,NA,TRUE,FALSE
ips_acu,tha_pit,diff,39,-0.14024280353832455,0.39446902837325304,0.03361522620021048,0.8390144897386691,24,2,2,"BG,DE",0.6816565479412514,0.9478739646731167,FALSE,FALSE
ips_acu,tha_pro,diff,22,0.2364338752366509,0.28943916754525095,-0.059795231008135656,0.7915260652194851,9,1,1,DE,0.5770400031877491,0.9433549972828034,FALSE,FALSE
ips_acu,tom_spp,diff,337,0.059194602521516676,0.27855048088637036,0.26538563170092366,7.707231035236932e-7,198,16,4,"CZ,DE,LT,PL",0.5678982570460286,4.233048430122438e-5,FALSE,FALSE
ips_acu,tor_vir,diff,257,-6.990207433858153e-4,0.9911025513671625,0.00496179025757817,0.9369083171511302,80,13,4,"BG,DE,LT,PL",0.9962560651737453,0.9846827256914961,FALSE,FALSE
ips_acu,uro_sir_spp,diff,0,NA,NA,NA,NA,0,0,0,,NA,NA,TRUE,FALSE
ips_acu,xyl_lin,diff,66,-0.03420905029135142,0.7850950523677328,0.1583154722892303,0.2042232148535431,45,3,1,DE,0.9237501722459615,0.5352344549687894,FALSE,FALSE
ips_acu,xyl_spp,diff,66,-0.24160046831457163,0.05066256193150737,-0.0011116481228576054,0.992932017786781,43,3,1,DE,0.23642528901370108,0.9979779734127101,FALSE,FALSE
ips_acu,zei_gri,diff,110,-0.057118770035762594,0.5533769305388605,0.01316490155822215,0.8914234458991955,58,5,1,CZ,0.7971827060309588,0.9610762265189617,FALSE,FALSE
ips_ami,ips_cem,diff,22,0.12014799463809243,0.5943211146660914,0.1506043815536722,0.5034985070788136,4,1,1,DE,0.8214384129430741,0.7942567952865023,FALSE,FALSE
ips_ami,ips_dup,diff,0,NA,NA,NA,NA,0,0,0,,NA,NA,TRUE,FALSE
ips_ami,ips_sex,diff,0,NA,NA,NA,NA,0,0,0,,NA,NA,TRUE,FALSE
ips_ami,ips_typ,diff,22,-0.03586671799871181,0.8740940786300075,-0.21564730868750018,0.33512674574008416,7,1,1,DE,0.9456108668815536,0.6573640012593959,FALSE,FALSE
ips_ami,lym_dis,diff,0,NA,NA,NA,NA,0,0,0,,NA,NA,TRUE,FALSE
ips_ami,lym_mon,diff,0,NA,NA,NA,NA,0,0,0,,NA,NA,TRUE,FALSE
ips_ami,mel_spp,diff,0,NA,NA,NA,NA,0,0,0,,NA,NA,TRUE,FALSE
ips_ami,neo_ser,diff,0,NA,NA,NA,NA,0,0,0,,NA,NA,TRUE,FALSE
ips_ami,ope_spp,diff,0,NA,NA,NA,NA,0,0,0,,NA,NA,TRUE,FALSE
ips_ami,pan_fla,diff,0,NA,NA,NA,NA,0,0,0,,NA,NA,TRUE,FALSE
ips_ami,pha_cya,diff,0,NA,NA,NA,NA,0,0,0,,NA,NA,TRUE,FALSE
ips_ami,pis_pin,diff,0,NA,NA,NA,NA,0,0,0,,NA,NA,TRUE,FALSE
ips_ami,pit_bid,diff,0,NA,NA,NA,NA,0,0,0,,NA,NA,TRUE,FALSE
ips_ami,pit_cha,diff,22,0.1997276636449888,0.3728490051332115,-0.004235575847097428,0.9850748837272204,6,1,1,DE,0.6646877530610504,0.9979779734127101,FALSE,FALSE
ips_ami,pit_spp,diff,0,NA,NA,NA,NA,0,0,0,,NA,NA,TRUE,FALSE
ips_ami,pol_pol,diff,0,NA,NA,NA,NA,0,0,0,,NA,NA,TRUE,FALSE
ips_ami,pri_abi,diff,0,NA,NA,NA,NA,0,0,0,,NA,NA,TRUE,FALSE
ips_ami,sap_car,diff,0,NA,NA,NA,NA,0,0,0,,NA,NA,TRUE,FALSE
ips_ami,sco_int,diff,0,NA,NA,NA,NA,0,0,0,,NA,NA,TRUE,FALSE
ips_ami,sco_rat,diff,0,NA,NA,NA,NA,0,0,0,,NA,NA,TRUE,FALSE
ips_ami,sco_sco,diff,0,NA,NA,NA,NA,0,0,0,,NA,NA,TRUE,FALSE
ips_ami,tet_gab,diff,0,NA,NA,NA,NA,0,0,0,,NA,NA,TRUE,FALSE
ips_ami,tet_spp,diff,22,-0.03716558210071045,0.869571601050796,-0.11333376622746671,0.6155436995793835,3,1,1,DE,0.9448887228239912,0.8502936861990674,FALSE,FALSE
ips_ami,tha_pit,diff,0,NA,NA,NA,NA,0,0,0,,NA,NA,TRUE,FALSE
ips_ami,tha_pro,diff,0,NA,NA,NA,NA,0,0,0,,NA,NA,TRUE,FALSE
ips_ami,tom_spp,diff,0,NA,NA,NA,NA,0,0,0,,NA,NA,TRUE,FALSE
ips_ami,tor_vir,diff,22,0.3528164483718901,0.10727923449739966,0.25128155158569904,0.25930521662481004,5,1,1,DE,0.3529832877011215,0.5906469620779108,FALSE,FALSE
ips_ami,uro_sir_spp,diff,0,NA,NA,NA,NA,0,0,0,,NA,NA,TRUE,FALSE
ips_ami,xyl_lin,diff,22,0.11370511408872691,0.6143792714156211,0.05824862046694066,0.796807707252263,6,1,1,DE,0.8368573144917808,0.9456452438098686,FALSE,FALSE
ips_ami,xyl_spp,diff,0,NA,NA,NA,NA,0,0,0,,NA,NA,TRUE,FALSE
ips_ami,zei_gri,diff,0,NA,NA,NA,NA,0,0,0,,NA,NA,TRUE,FALSE
ips_cem,ips_dup,diff,0,NA,NA,NA,NA,0,0,0,,NA,NA,TRUE,FALSE
ips_cem,ips_sex,diff,88,0.16720418739891363,0.11945372583526642,0.31120591385719765,0.00316452801701061,67,4,1,DE,0.37608464509243433,0.041081327348101375,FALSE,FALSE
ips_cem,ips_typ,diff,242,0.4695992338171887,1.1217422655351855e-14,0.39835742919733047,1.2498943022251018e-10,179,11,1,DE,2.6697465919737414e-12,1.7848490635774456e-8,FALSE,FALSE
ips_cem,lym_dis,diff,132,0.1401824944959081,0.10889438200679677,0.33063091277141027,1.0794343431602625e-4,67,6,1,DE,0.35661340328283336,0.002854504151912694,FALSE,FALSE
ips_cem,lym_mon,diff,66,-0.020510261755864977,0.8701565483936746,0.00188039155208393,0.9880445458482712,38,3,1,DE,0.9448887228239912,0.9979779734127101,FALSE,FALSE
ips_cem,mel_spp,diff,132,0.12352862295326968,0.15820097586684465,0.09317925492924144,0.287927156777389,66,6,1,DE,0.4412324092536214,0.6286849845231062,FALSE,FALSE
ips_cem,neo_ser,diff,22,-0.11821835571164709,0.6002995110695,-0.10844772887228141,0.6309471291030625,10,1,1,DE,0.8242574055838904,0.8613695032114468,FALSE,FALSE
ips_cem,ope_spp,diff,66,0.32250913562452005,0.008266439141868306,0.1103347586375356,0.37781238446218135,28,3,1,DE,0.0725037609617889,0.7073915454690091,FALSE,FALSE
ips_cem,pan_fla,diff,44,0.247756951045751,0.10490713010989468,-0.034217874800569176,0.8254771526116025,13,2,1,DE,0.35014857606199035,0.9456797684759293,FALSE,FALSE
ips_cem,pha_cya,diff,220,0.30792692790798654,3.2417139935499853e-6,0.3174869697171658,1.5304282083821066e-6,163,10,1,DE,1.0966649394623354e-4,7.284838271898827e-5,FALSE,FALSE
ips_cem,pis_pin,diff,66,0.34191999384243615,0.00495531428153117,0.24949122404383084,0.04336069789972902,46,3,1,DE,0.04983231545089092,0.24571062143179778,FALSE,FALSE
ips_cem,pit_bid,diff,66,0.027908026478717603,0.8239735549558952,-0.008165055748704726,0.9481207489017123,54,3,1,DE,0.935301319168887,0.9867608386838038,FALSE,FALSE
ips_cem,pit_cha,diff,242,0.5316747541315797,4.645040569912385e-19,0.45640997208651685,7.448492379713846e-14,175,11,1,DE,1.6582794834587213e-16,1.3295558897789215e-11,FALSE,FALSE
ips_cem,pit_spp,diff,66,0.15756291630275857,0.20640985971553685,0.44120536536734895,2.0885300830463037e-4,53,3,1,DE,0.5069581391582766,0.004810356384822777,FALSE,FALSE
ips_cem,pol_pol,diff,0,NA,NA,NA,NA,0,0,0,,NA,NA,TRUE,FALSE
ips_cem,pri_abi,diff,66,-0.14033368692554407,0.26107011405604136,-0.16580980434069298,0.18334081134275082,34,3,1,DE,0.547427471736349,0.5133542717597023,FALSE,FALSE
ips_cem,sap_car,diff,0,NA,NA,NA,NA,0,0,0,,NA,NA,TRUE,FALSE
ips_cem,sco_int,diff,110,0.062503574006621,0.5165393343484597,0.0942282543215474,0.3274982337758877,55,5,1,DE,0.7817324165439156,0.6495381636555106,FALSE,FALSE
ips_cem,sco_rat,diff,44,-0.02708298827835894,0.8614659708803785,0.10587871222642663,0.49395758664759704,34,2,1,DE,0.9427734452415137,0.7942567952865023,FALSE,FALSE
ips_cem,sco_sco,diff,22,0.45599467805775556,0.03293150263995132,0.4196546935459256,0.05185912007037269,12,1,1,DE,0.18126325046044997,0.2722603803694566,FALSE,FALSE
ips_cem,tet_gab,diff,132,0.5277774023588296,7.888283908062378e-11,0.42020429783874497,5.274189927621204e-7,78,6,1,DE,1.1264469420713076e-8,3.138143006934617e-5,FALSE,FALSE
ips_cem,tet_spp,diff,110,0.14182859831785838,0.13940760220202902,0.11948216045060382,0.2137634002501157,63,5,1,DE,0.40793863923052753,0.5438056703800048,FALSE,FALSE
ips_cem,tha_pit,diff,22,0.14412313546111324,0.5222425113035101,0.06759628062749126,0.7650244201076319,11,1,1,DE,0.7817324165439156,0.9296756094781263,FALSE,FALSE
ips_cem,tha_pro,diff,132,0.06864128086418514,0.43418491804233417,0.028405865202663846,0.7464531076004024,88,6,1,DE,0.7209088642460373,0.9224969297312157,FALSE,FALSE
ips_cem,tom_spp,diff,220,0.2029907186217823,0.002484309344434664,0.20242631977821418,0.002555798169720518,151,10,1,DE,0.029078637244694266,0.033793331355193516,FALSE,FALSE
ips_cem,tor_vir,diff,154,0.1964282765728569,0.014622906830846423,0.08122195017503131,0.31664242599491865,86,7,1,DE,0.1122661879271435,0.639604813273004,FALSE,FALSE
ips_cem,uro_sir_spp,diff,22,-0.007466844037131484,0.9736916823680362,0.012049747652475712,0.9575558895339098,9,1,1,DE,0.9875225301289458,0.9908621813437849,FALSE,FALSE
ips_cem,xyl_lin,diff,176,0.21246036310419047,0.0046415201987479214,0.1841898816859226,0.01440038829875274,124,8,1,DE,0.047343506027228796,0.1205622773421289,FALSE,FALSE
ips_cem,xyl_spp,diff,154,0.09065656328604363,0.2635001088674479,0.14529683387618783,0.07218502902604162,103,7,1,DE,0.5501142623723911,0.334676043666193,FALSE,FALSE
ips_cem,zei_gri,diff,0,NA,NA,NA,NA,0,0,0,,NA,NA,TRUE,FALSE
ips_dup,ips_sex,diff,154,0.022549961043217055,0.7813247883884809,0.10264037273622625,0.2052610542444167,132,7,1,CZ,0.9237501722459615,0.5352344549687894,FALSE,FALSE
ips_dup,ips_typ,diff,216,0.36404264963623,3.5988540787050446e-8,0.41065762533404393,3.394640069352667e-10,177,10,3,"CZ,RO,SK",1.8354155801395728e-6,4.0396216825296734e-8,FALSE,FALSE
ips_dup,lym_dis,diff,40,-0.04369468030042764,0.7889193170599051,0.05296759263453456,0.7454825309248463,14,2,2,"RO,SK",0.9237501722459615,0.9224969297312157,FALSE,FALSE
ips_dup,lym_mon,diff,110,0.12026346300585841,0.21076205594587535,0.07646539535299957,0.42720832303172274,75,5,1,CZ,0.5096279389027674,0.7457866568328851,FALSE,FALSE
ips_dup,mel_spp,diff,0,NA,NA,NA,NA,0,0,0,,NA,NA,TRUE,FALSE
ips_dup,neo_ser,diff,0,NA,NA,NA,NA,0,0,0,,NA,NA,TRUE,FALSE
ips_dup,ope_spp,diff,0,NA,NA,NA,NA,0,0,0,,NA,NA,TRUE,FALSE
ips_dup,pan_fla,diff,0,NA,NA,NA,NA,0,0,0,,NA,NA,TRUE,FALSE
ips_dup,pha_cya,diff,154,0.02023872837188378,0.8032561432952648,0.01180685087947391,0.8844499469973875,129,7,1,CZ,0.9295386192528134,0.9602167932432653,FALSE,FALSE
ips_dup,pis_pin,diff,0,NA,NA,NA,NA,0,0,0,,NA,NA,TRUE,FALSE
ips_dup,pit_bid,diff,0,NA,NA,NA,NA,0,0,0,,NA,NA,TRUE,FALSE
ips_dup,pit_cha,diff,19,-0.15769360494408471,0.519083162112558,-0.15263157894736842,0.5327517272519822,19,1,1,SK,0.7817324165439156,0.8065035563494737,FALSE,FALSE
ips_dup,pit_spp,diff,132,0.11313793045823901,0.1964804230869946,0.08481551261439622,0.3335782962613981,112,6,1,CZ,0.5020563165923655,0.6561292108282046,FALSE,FALSE
ips_dup,pol_pol,diff,176,0.02699394320343511,0.7221190488782296,0.037740879981348,0.6189783031542668,128,8,1,CZ,0.8882417017481924,0.8502936861990674,FALSE,FALSE
ips_dup,pri_abi,diff,154,-0.0449213995372657,0.5801282067298057,-0.008116655132106255,0.9204189202896815,91,7,1,CZ,0.8207512698066874,0.9794025470742662,FALSE,FALSE
ips_dup,sap_car,diff,0,NA,NA,NA,NA,0,0,0,,NA,NA,TRUE,FALSE
ips_dup,sco_int,diff,154,0.02223418106855759,0.7843115186187389,-0.021345328391299663,0.7927352918342886,82,7,1,CZ,0.9237501722459615,0.9433549972828034,FALSE,FALSE
ips_dup,sco_rat,diff,154,-0.17574308312470388,0.029246874560984844,-0.19182911385974127,0.017157302227781775,76,7,1,CZ,0.17116613472576375,0.13461883286413392,FALSE,FALSE
ips_dup,sco_sco,diff,0,NA,NA,NA,NA,0,0,0,,NA,NA,TRUE,FALSE
ips_dup,tet_gab,diff,0,NA,NA,NA,NA,0,0,0,,NA,NA,TRUE,FALSE
ips_dup,tet_spp,diff,0,NA,NA,NA,NA,0,0,0,,NA,NA,TRUE,FALSE
ips_dup,tha_pit,diff,0,NA,NA,NA,NA,0,0,0,,NA,NA,TRUE,FALSE
ips_dup,tha_pro,diff,0,NA,NA,NA,NA,0,0,0,,NA,NA,TRUE,FALSE
ips_dup,tom_spp,diff,176,0.04775605417524146,0.5290869230015682,0.18396645696967945,0.014521506794710204,146,8,1,CZ,0.7863587651901589,0.1205622773421289,FALSE,FALSE
ips_dup,tor_vir,diff,21,0.2626416506081179,0.25005686803524424,-0.3125403798197835,0.16777581111797418,6,1,1,RO,0.5376219034796529,0.501546027738473,FALSE,FALSE
ips_dup,uro_sir_spp,diff,0,NA,NA,NA,NA,0,0,0,,NA,NA,TRUE,FALSE
ips_dup,xyl_lin,diff,0,NA,NA,NA,NA,0,0,0,,NA,NA,TRUE,FALSE
ips_dup,xyl_spp,diff,0,NA,NA,NA,NA,0,0,0,,NA,NA,TRUE,FALSE
ips_dup,zei_gri,diff,110,0.03963588329265977,0.6809863981684412,0.08904054973025176,0.3549470694437181,62,5,1,CZ,0.859053512883864,0.6849519123859859,FALSE,FALSE
ips_sex,ips_typ,diff,259,0.2479987674915878,5.458568870741636e-5,0.2665996951467858,1.3693062896318012e-5,217,12,3,"BG,CZ,DE",0.0013439373012791476,5.145708898932137e-4,FALSE,FALSE
ips_sex,lym_dis,diff,61,0.034456629029856065,0.7920683265466397,0.030115526369544513,0.8177840549377566,26,3,2,"BG,DE",0.924079714304413,0.9456797684759293,FALSE,FALSE
ips_sex,lym_mon,diff,154,-0.0379568050281729,0.6402406325074479,0.07971666827906793,0.3257240810718559,97,7,2,"CZ,DE",0.8393963211580073,0.6494026047220156,FALSE,FALSE
ips_sex,mel_spp,diff,22,0.08608686657740004,0.7032611325186637,0.31584563640152363,0.15216324155182803,7,1,1,DE,0.8770077276021302,0.4837449394316623,FALSE,FALSE
ips_sex,neo_ser,diff,39,0.17681812245838763,0.2815630013925688,0.2151407721465427,0.18840754125143302,23,2,2,"BG,DE",0.5678982570460286,0.5214069164865239,FALSE,FALSE
ips_sex,ope_spp,diff,44,0.15152543164173013,0.32617121348352174,0.11864360060254286,0.4430508513576009,12,2,1,DE,0.6128585432295646,0.7678114268672986,FALSE,FALSE
ips_sex,pan_fla,diff,22,-0.4693608511714662,0.027539681143806775,-0.34509680109824487,0.11573444069408183,7,1,1,DE,0.1638611028056503,0.4492417650648635,FALSE,FALSE
ips_sex,pha_cya,diff,242,0.26143794104526275,3.8249537510389475e-5,0.2865134986904157,5.916755833768225e-6,188,11,2,"CZ,DE",0.0010503911454776186,2.346979814061396e-4,FALSE,FALSE
ips_sex,pis_pin,diff,44,0.3096105961649309,0.0408393917544399,0.3340851456931241,0.026665048776408993,40,2,1,DE,0.20534736417373303,0.16700741075750897,FALSE,FALSE
ips_sex,pit_bid,diff,66,0.2929731074559631,0.016973163776259004,0.28827984175000226,0.018909020062586695,54,3,1,DE,0.12366162179845847,0.13783715172645178,FALSE,FALSE
ips_sex,pit_cha,diff,88,0.17925563555080382,0.09470421750583041,0.2851753503286757,0.007079145806867816,67,4,1,DE,0.3364119965132483,0.07789875461292438,FALSE,FALSE
ips_sex,pit_spp,diff,132,0.11303642374611535,0.1968848300362218,0.19806817226548235,0.02281074197111608,108,6,1,CZ,0.5020563165923655,0.15364971478657433,FALSE,FALSE
ips_sex,pol_pol,diff,154,0.2397115350011665,0.0027508646321796767,0.21356157137042175,0.007828227197651982,117,7,1,CZ,0.03117646583136967,0.08342319730035096,FALSE,FALSE
ips_sex,pri_abi,diff,176,0.12311829307518166,0.10354405504636767,0.04340352800507029,0.5673358568968395,106,8,2,"CZ,DE",0.34961097857953183,0.8260216531031443,FALSE,FALSE
ips_sex,sap_car,diff,0,NA,NA,NA,NA,0,0,0,,NA,NA,TRUE,FALSE
ips_sex,sco_int,diff,220,-0.029331722586201644,0.6652512914436408,0.04945941901453714,0.46546998917967297,122,10,2,"CZ,DE",0.8520486225864985,0.7823969428166859,FALSE,FALSE
ips_sex,sco_rat,diff,198,0.112391307996791,0.1149171520743348,0.08869449298522067,0.21401875823078623,106,9,2,"CZ,DE",0.36679378541688623,0.5438056703800048,FALSE,FALSE
ips_sex,sco_sco,diff,22,0.35611640999531674,0.10380606086675175,0.2356653556448703,0.29105573222094216,12,1,1,DE,0.34961097857953183,0.6316528656709808,FALSE,FALSE
ips_sex,tet_gab,diff,44,0.348909496032853,0.020273218609848025,0.6268340471546883,5.3037429262838355e-06,17,2,1,DE,0.13323350414048024,2.227572029039211e-4,FALSE,FALSE
ips_sex,tet_spp,diff,0,NA,NA,NA,NA,0,0,0,,NA,NA,TRUE,FALSE
ips_sex,tha_pit,diff,39,0.1951895092968481,0.23373446130603584,-0.0041853130090641335,0.9798260738683191,24,2,2,"BG,DE",0.5339573110130958,0.9979779734127101,FALSE,FALSE
ips_sex,tha_pro,diff,44,-0.08242315917422423,0.5947950413047189,-0.030515369193543713,0.8441135499082176,18,2,1,DE,0.8214384129430741,0.9489926152937616,FALSE,FALSE
ips_sex,tom_spp,diff,242,0.13587886671623942,0.03463136312162365,0.1685092367311774,0.008623622699563776,201,11,2,"CZ,DE",0.18452830797641256,0.0879609515355505,FALSE,FALSE
ips_sex,tor_vir,diff,105,0.022360637904962035,0.8208795335543971,-0.0037349677533985545,0.9698359633190308,61,5,2,"BG,DE",0.935301319168887,0.9977851265270721,FALSE,FALSE
ips_sex,uro_sir_spp,diff,0,NA,NA,NA,NA,0,0,0,,NA,NA,TRUE,FALSE
ips_sex,xyl_lin,diff,88,-0.02250472356740231,0.8351346392344072,0.00952747953651536,0.9297973976178375,67,4,1,DE,0.9375568119707025,0.9840106955625145,FALSE,FALSE
ips_sex,xyl_spp,diff,88,0.1381953471176324,0.19913426567249107,0.20433137888201386,0.056185909207972264,65,4,1,DE,0.5024094193998538,0.290701008510813,FALSE,FALSE
ips_sex,zei_gri,diff,110,-0.11918234411020015,0.2149231674513142,-0.1153241540820639,0.2302479471496611,57,5,1,CZ,0.5115171385341278,0.5535253678951448,FALSE,FALSE
ips_typ,lym_dis,diff,356,0.19103948560189368,2.886337519915536e-4,0.18663319931237188,3.998877614104525e-4,202,17,9,"AT,BG,DE,HR,HU,LT,RO,RS,SK",0.00561872773532433,0.007931107267973974,FALSE,FALSE
ips_typ,lym_mon,diff,483,0.021416826828345142,0.6386997996700905,0.014749384847708472,0.7464462696057965,348,24,4,"CZ,DE,LT,PL",0.8393963211580073,0.9224969297312157,FALSE,FALSE
ips_typ,mel_spp,diff,455,-0.008253521903770336,0.8606299238188875,0.061119233951435564,0.1931391913531657,344,23,2,"DE,PL",0.9427734452415137,0.5287836004572132,FALSE,FALSE
ips_typ,neo_ser,diff,39,-0.05425922102059251,0.7428618184740468,0.020532815696680633,0.9012611154777215,25,2,2,"BG,DE",0.9020464938613424,0.9676698292497641,FALSE,FALSE
ips_typ,ope_spp,diff,66,-0.09220050851378692,0.46154857075095646,-0.05477651731954577,0.6622330643041058,27,3,1,DE,0.745368964611292,0.8772437994677765,FALSE,FALSE
ips_typ,pan_fla,diff,291,0.14238639290201094,0.015062463295169855,0.08219724825621515,0.1619592093401779,148,15,2,"DE,PL",0.11441062545480082,0.4926977181273295,FALSE,FALSE
ips_typ,pha_cya,diff,778,0.16699502994493712,2.8219697551362473e-6,0.3011367875013332,8.99808772053545e-18,636,38,4,"AT,CZ,DE,PL",1.0074432025836404e-4,3.2123173162311557e-15,FALSE,FALSE
ips_typ,pis_pin,diff,88,0.37046372031534863,3.8105819892015344e-4,0.23751709857252787,0.0258645182780871,65,4,2,"DE,LT",0.006635989122658282,0.16571241694502695,FALSE,FALSE
ips_typ,pit_bid,diff,66,0.21376548424061434,0.08480887542946984,0.18908902332823402,0.1283679563996188,55,3,1,DE,0.31699701903455246,0.4561197517650834,FALSE,FALSE
ips_typ,pit_cha,diff,487,0.7312713449129584,1.2769703642041003e-82,0.5382886485254939,6.197333230789801e-38,411,23,5,"AT,DE,LT,SI,SK",9.117568400417277e-80,4.4248959267839184e-35,FALSE,FALSE
ips_typ,pit_spp,diff,382,0.1750339799597889,5.895843670755771e-4,0.28176695730499807,2.107207966482165e-8,337,18,5,"AT,CZ,DE,HR,SI",0.009354738624265823,2.1493521258118082e-6,FALSE,FALSE
ips_typ,pol_pol,diff,198,0.12383393448852568,0.08218232668150709,0.1224060964654936,0.08580259484204442,153,9,2,"CZ,LT",0.31505694925146643,0.36250327051609293,FALSE,FALSE
ips_typ,pri_abi,diff,220,-0.06841190678514886,0.312439735983648,0.02003606269397096,0.7675970306258685,136,10,2,"CZ,DE",0.5933031156710763,0.9296756094781263,FALSE,FALSE
ips_typ,sap_car,diff,0,NA,NA,NA,NA,0,0,0,,NA,NA,TRUE,FALSE
ips_typ,sco_int,diff,264,-0.01236206978983255,0.8415475442568077,0.019065936100330604,0.7578214742240588,140,12,2,"CZ,DE",0.9422863462637558,0.9262561358298668,FALSE,FALSE
ips_typ,sco_rat,diff,220,0.14902061613138873,0.027098473357543545,0.13511644961252903,0.04529834830549631,118,10,3,"CZ,DE,LT",0.1638611028056503,0.2487924668471105,FALSE,FALSE
ips_typ,sco_sco,diff,22,0.10595089595966364,0.6388765113313837,-0.051676017743814924,0.8193463232641727,12,1,1,DE,0.8393963211580073,0.9456797684759293,FALSE,FALSE
ips_typ,tet_gab,diff,212,0.40062551666188606,1.4111599774791179e-9,0.2648318134463152,9.495596590670805e-5,143,10,2,"AT,DE",1.4393831770287002e-7,0.002688409895064379,FALSE,FALSE
ips_typ,tet_spp,diff,110,0.06462756585525369,0.5023617729032355,0.045333803654072156,0.6381582871765799,62,5,1,DE,0.7780614009824515,0.862002854165265,FALSE,FALSE
ips_typ,tha_pit,diff,61,-0.028639324329466646,0.826573933415977,0.02883080755038545,0.8254325479767122,50,3,3,"BG,DE,HR",0.935301319168887,0.9456797684759293,FALSE,FALSE
ips_typ,tha_pro,diff,132,-0.05450697335530605,0.5347688070696687,0.08865231431215263,0.31209209533609567,84,6,1,DE,0.7905278017551624,0.639604813273004,FALSE,FALSE
ips_typ,tom_spp,diff,767,0.12138409614282507,7.552769972447182e-4,0.18347853020867663,3.110851078508845e-7,585,37,5,"AT,CZ,DE,LT,PL",0.011234745334015183,2.2211476700553154e-5,FALSE,FALSE
ips_typ,tor_vir,diff,499,0.17866641835630712,5.9841767582793596e-5,0.049524933634237656,0.2695036177299681,316,25,5,"BG,DE,LT,PL,RO",0.0014242340684704877,0.6032149939159788,FALSE,FALSE
ips_typ,uro_sir_spp,diff,22,0.3201746292831525,0.14631950028416962,0.40164621851380344,0.06390731538210905,8,1,1,DE,0.4241777118787708,0.32045994160368874,FALSE,FALSE
ips_typ,xyl_lin,diff,176,0.1974871128658577,0.008608565693229583,0.092755839881145,0.22079442972462282,126,8,1,DE,0.07405440849356533,0.5478801097598676,FALSE,FALSE
ips_typ,xyl_spp,diff,154,-0.018676172949252626,0.818171816307322,0.08044272406596503,0.32132291279284236,101,7,1,DE,0.935301319168887,0.6462663654481393,FALSE,FALSE
ips_typ,zei_gri,diff,110,-0.0023803567692100816,0.9803100222739057,0.0023994147018200633,0.9801524096635414,62,5,1,CZ,0.9901926351624375,0.9979779734127101,FALSE,FALSE
lym_dis,lym_mon,diff,66,0.08048974417674673,0.5205800416220444,0.14814653824284252,0.23518176590409595,18,3,2,"DE,LT",0.7817324165439156,0.5578842159063035,FALSE,FALSE
lym_dis,mel_spp,diff,88,0.10518269992788189,0.3294105737495948,0.050498360168961226,0.6403270492413393,39,4,1,DE,0.6173206027748313,0.862002854165265,FALSE,FALSE
lym_dis,neo_ser,diff,39,0.34390448812220653,0.03205906421154491,0.3508307614939356,0.028539928535458996,18,2,2,"BG,DE",0.1797492132716961,0.17416674337023694,FALSE,FALSE
lym_dis,ope_spp,diff,44,0.268326039415487,0.07822336857626287,0.09761557256714024,0.5284485778252741,18,2,1,DE,0.31144963640271117,0.8065035563494737,FALSE,FALSE
lym_dis,pan_fla,diff,22,0.4506117038637686,0.03532489059805427,-0.19028060652100318,0.39633351966356434,5,1,1,DE,0.18560423709670254,0.7204224418590761,FALSE,FALSE
lym_dis,pha_cya,diff,192,0.09329259265413084,0.19807072575230114,0.22964552204750943,0.001354309939107557,92,9,2,"AT,DE",0.502142555967193,0.02014536034422491,FALSE,FALSE
lym_dis,pis_pin,diff,66,0.2940555526227122,0.01655160425007802,0.11203403326390514,0.37046507466371237,25,3,2,"DE,LT",0.12183345808820314,0.697921011371743,FALSE,FALSE
lym_dis,pit_bid,diff,44,0.3626130557959548,0.0155621982874859,0.1549596997734379,0.3151961522966402,19,2,1,DE,0.11696220607647298,0.639604813273004,FALSE,FALSE
lym_dis,pit_cha,diff,255,0.07768917881456182,0.21632067278511194,0.17585828910967644,0.004856260843317095,121,12,4,"AT,DE,LT,SK",0.5131327586995679,0.058768987154718746,FALSE,FALSE
lym_dis,pit_spp,diff,148,0.11516565497150007,0.16337395751934916,0.30859049168336083,1.3569142375638733e-4,86,7,3,"AT,DE,HR",0.4486500218031358,0.003340816433174502,FALSE,FALSE
lym_dis,pol_pol,diff,22,0.4805706596328834,0.02358103780725491,0.2845927752479061,0.19925338258677183,7,1,1,LT,0.14899876986176996,0.5352344549687894,FALSE,FALSE
lym_dis,pri_abi,diff,66,-0.11217146791278962,0.36987464757114585,-0.047810729697295405,0.7030451968387574,16,3,1,DE,0.6640281321783396,0.9060907410521171,FALSE,FALSE
lym_dis,sap_car,diff,0,NA,NA,NA,NA,0,0,0,,NA,NA,TRUE,FALSE
lym_dis,sco_int,diff,88,-0.010393290574433093,0.9234361966540339,0.10825822873671495,0.3153853599936527,22,4,1,DE,0.9702351542370939,0.639604813273004,FALSE,FALSE
lym_dis,sco_rat,diff,44,0.36725903893456585,0.014192136974568333,0.33257279000849593,0.027402305566418636,10,2,2,"DE,LT",0.11014332391132381,0.16866591529674918,FALSE,FALSE
lym_dis,sco_sco,diff,0,NA,NA,NA,NA,0,0,0,,NA,NA,TRUE,FALSE
lym_dis,tet_gab,diff,148,0.19231724287215843,0.019195838256083023,0.22071166896655883,0.007025498239980583,58,7,2,"AT,DE",0.13053170014136456,0.07789875461292438,FALSE,FALSE
lym_dis,tet_spp,diff,66,0.45111360181942917,1.438596886631242e-4,0.30211298197175523,0.013686492603329237,30,3,1,DE,0.0031126005365294147,0.1191726307167936,FALSE,FALSE
lym_dis,tha_pit,diff,39,-0.3006917802011225,0.06288135988470982,-0.33617038530813015,0.03640209408267996,25,2,2,"BG,HR",0.2688460536388192,0.2132597046426482,FALSE,FALSE
lym_dis,tha_pro,diff,66,0.2271126994493569,0.06667424639673292,0.25632031791896365,0.03776341185839845,40,3,1,DE,0.28003183486627825,0.21921200054387394,FALSE,FALSE
lym_dis,tom_spp,diff,234,-0.008346333761535523,0.8989460464112795,0.14453346457294003,0.02705537745292843,106,11,3,"AT,DE,LT",0.960849516673134,0.16797860435992085,FALSE,FALSE
lym_dis,tor_vir,diff,127,0.23580095444113452,0.007612032754555238,0.17507869482929947,0.0489803580806449,64,6,4,"BG,DE,LT,RO",0.0700163700425316,0.26294718548556734,FALSE,FALSE
lym_dis,uro_sir_spp,diff,0,NA,NA,NA,NA,0,0,0,,NA,NA,TRUE,FALSE
lym_dis,xyl_lin,diff,66,-0.06783715750492347,0.5883656942707209,-0.09472218710962756,0.4493333136157276,36,3,1,DE,0.8214384129430741,0.7712115046193017,FALSE,FALSE
lym_dis,xyl_spp,diff,88,0.07323099073593839,0.49773594284137634,0.15952385304265565,0.13765127394417925,39,4,1,DE,0.7748956868410658,0.4706838444206104,FALSE,FALSE
lym_dis,zei_gri,diff,0,NA,NA,NA,NA,0,0,0,,NA,NA,TRUE,FALSE
lym_mon,mel_spp,diff,329,0.11462058305313244,0.03771218782784581,0.13481833663974088,0.014394751676464293,214,17,2,"DE,PL",0.19371584251138063,0.1205622773421289,FALSE,FALSE
lym_mon,neo_ser,diff,22,0.11951216787383596,0.5962882543385415,0.03323615160349854,0.8832648685971041,5,1,1,DE,0.8219108370612328,0.9602167932432653,FALSE,FALSE
lym_mon,ope_spp,diff,44,0.05870456661994944,0.7050454280723008,0.010341624796125298,0.9468798771944392,13,2,1,DE,0.8770077276021302,0.9867608386838038,FALSE,FALSE
lym_mon,pan_fla,diff,269,0.40940275058786535,2.7042021480357875e-12,0.4379998880341485,4.9075521026669364e-14,133,14,2,"DE,PL",4.827000834243881e-10,1.1679974004347309e-11,FALSE,FALSE
lym_mon,pha_cya,diff,461,-0.05823390798791008,0.21203112916767627,-0.09746625421467771,0.036439333286278824,324,23,3,"CZ,DE,PL",0.5097314014334036,0.2132597046426482,FALSE,FALSE
lym_mon,pis_pin,diff,66,-0.21347507707813723,0.08524289587483763,-0.14978294233792872,0.22999248438550676,32,3,2,"DE,LT",0.31699701903455246,0.5535253678951448,FALSE,FALSE
lym_mon,pit_bid,diff,44,-0.25095983090049,0.10034753806764947,-0.287005036725553,0.058901992681474925,21,2,1,DE,0.3428140774177116,0.3004001626755221,FALSE,FALSE
lym_mon,pit_cha,diff,88,0.03996935582527866,0.7115817957503794,-0.06122190553756418,0.570963788362211,43,4,2,"DE,LT",0.8835989602882972,0.8260216531031443,FALSE,FALSE
lym_mon,pit_spp,diff,132,0.004423548615884084,0.9598517977280377,0.010451684419858618,0.9053214320563651,75,6,2,"CZ,DE",0.9875225301289458,0.9705698235559228,FALSE,FALSE
lym_mon,pol_pol,diff,132,0.02101149580922638,0.8110016277394716,-0.02395368171770278,0.7851388618153393,76,6,2,"CZ,LT",0.9325970857393769,0.9421666341784072,FALSE,FALSE
lym_mon,pri_abi,diff,154,-0.03813141786132915,0.6387023143999988,-0.015849078752545383,0.8453211531188127,69,7,2,"CZ,DE",0.8393963211580073,0.9489926152937616,FALSE,FALSE
lym_mon,sap_car,diff,0,NA,NA,NA,NA,0,0,0,,NA,NA,TRUE,FALSE
lym_mon,sco_int,diff,154,0.021580511336958767,0.7905040572551955,-0.07011995045752399,0.3875107496610345,63,7,2,"CZ,DE",0.9237641520134362,0.7094427570717401,FALSE,FALSE
lym_mon,sco_rat,diff,176,-0.0482412716528783,0.5249049678945582,-0.11220282229670946,0.13817600092301704,62,8,3,"CZ,DE,LT",0.7840630691981476,0.4706838444206104,FALSE,FALSE
lym_mon,sco_sco,diff,22,-0.04459947330282855,0.8437674855376536,0.031268089162509775,0.8901355272665767,11,1,1,DE,0.9422863462637558,0.9610762265189617,FALSE,FALSE
lym_mon,tet_gab,diff,44,-0.27145617271673544,0.07467817223617368,-0.3343997202533607,0.026513789867662525,10,2,1,DE,0.30308753247438264,0.16700741075750897,FALSE,FALSE
lym_mon,tet_spp,diff,0,NA,NA,NA,NA,0,0,0,,NA,NA,TRUE,FALSE
lym_mon,tha_pit,diff,22,-0.3011795124117356,0.17317471682240754,-0.33005304693161186,0.13358150463894863,6,1,1,DE,0.4648373977864623,0.4652546064010211,FALSE,FALSE
lym_mon,tha_pro,diff,44,0.5050666535359666,4.7127177345318545e-4,0.40030732696839166,0.00709162331910376,22,2,1,DE,0.008011620148704152,0.07789875461292438,FALSE,FALSE
lym_mon,tom_spp,diff,369,0.034018970053973904,0.5147531349334284,0.08751702350258433,0.09321724457411591,205,18,4,"CZ,DE,LT,PL",0.7817324165439156,0.3869599571274347,FALSE,FALSE
lym_mon,tor_vir,diff,335,0.08143035589230443,0.13693022020932347,0.08927681108993132,0.1028512930057336,169,17,3,"DE,LT,PL",0.40233817789899984,0.41724899548916927,FALSE,FALSE
lym_mon,uro_sir_spp,diff,0,NA,NA,NA,NA,0,0,0,,NA,NA,TRUE,FALSE
lym_mon,xyl_lin,diff,66,0.08243709903765492,0.5105076363041243,0.08320117576975834,0.5065829191404125,37,3,1,DE,0.7817324165439156,0.7942567952865023,FALSE,FALSE
lym_mon,xyl_spp,diff,66,-0.17246412904846364,0.16613335918132321,-0.20324919017396526,0.10167448363745706,35,3,1,DE,0.4527451086086442,0.4148318932408248,FALSE,FALSE
lym_mon,zei_gri,diff,88,-0.021075592212224884,0.8454701801470439,-0.04447622441021961,0.6807337231677801,41,4,1,CZ,0.9422863462637558,0.8918236299849449,FALSE,FALSE
mel_spp,neo_ser,diff,0,NA,NA,NA,NA,0,0,0,,NA,NA,TRUE,FALSE
mel_spp,ope_spp,diff,22,0.13601324264313494,0.5461526710480595,0.31300788812053865,0.15608171530084142,6,1,1,DE,0.7958224635271725,0.48664779355808196,FALSE,FALSE
mel_spp,pan_fla,diff,291,0.09312606760108888,0.11291615005364081,0.14519355908098996,0.013163759216845237,136,15,2,"DE,PL",0.3664642324468161,0.1191726307167936,FALSE,FALSE
mel_spp,pha_cya,diff,436,0.016759399315167043,0.7271145128542085,0.03895408133624894,0.41716008199535215,311,22,2,"DE,PL",0.8889822613070196,0.7395240509897117,FALSE,FALSE
mel_spp,pis_pin,diff,44,0.48704256149040975,8.001216367105173e-4,0.42507149275746,0.004024586077271946,12,2,1,DE,0.011658915277781824,0.050413236125827536,FALSE,FALSE
mel_spp,pit_bid,diff,22,-0.021382824412172086,0.9247514324072705,0.11808408098078414,0.6007164523200237,7,1,1,DE,0.9702351542370939,0.8443140688120018,FALSE,FALSE
mel_spp,pit_cha,diff,132,-0.10627273920154325,0.22520414726413615,0.13279251411667337,0.1290422827122505,58,6,1,DE,0.5237113539972795,0.4561197517650834,FALSE,FALSE
mel_spp,pit_spp,diff,66,-0.03143673362032313,0.8021423758249141,-0.058227004961124235,0.6423650620593553,42,3,1,DE,0.9295386192528134,0.862002854165265,FALSE,FALSE
mel_spp,pol_pol,diff,0,NA,NA,NA,NA,0,0,0,,NA,NA,TRUE,FALSE
mel_spp,pri_abi,diff,22,-0.1107573997681374,0.6236468495762547,-0.13984778440176898,0.5347852777763387,0,1,1,DE,0.8393963211580073,0.8065035563494737,FALSE,FALSE
mel_spp,sap_car,diff,0,NA,NA,NA,NA,0,0,0,,NA,NA,TRUE,FALSE
mel_spp,sco_int,diff,66,0.06097719957310941,0.6267055338390837,0.04135936908777719,0.7416067730160654,17,3,1,DE,0.8393963211580073,0.9224969297312157,FALSE,FALSE
mel_spp,sco_rat,diff,22,-0.07281198975201708,0.7474442969370554,0.15464641118414849,0.49197731518155263,6,1,1,DE,0.9045342847678941,0.7942567952865023,FALSE,FALSE
mel_spp,sco_sco,diff,22,-0.1552470522112297,0.49027649690579667,-0.1495959746883118,0.5063931493088156,2,1,1,DE,0.7710515832395128,0.7942567952865023,FALSE,FALSE
mel_spp,tet_gab,diff,110,0.15110844131327963,0.11507256013078783,0.08774721129969197,0.3620070640246461,53,5,1,DE,0.36679378541688623,0.6929572217522716,FALSE,FALSE
mel_spp,tet_spp,diff,88,0.3970893057255479,1.2787392402216401e-4,0.18882140644746648,0.07809278684524332,50,4,1,DE,0.0028531869297445346,0.3497387467998057,FALSE,FALSE
mel_spp,tha_pit,diff,22,0.07662812604593841,0.7346574140260962,0.0997774396192337,0.6586447821578043,2,1,1,DE,0.8966587925036457,0.8757399896846784,FALSE,FALSE
mel_spp,tha_pro,diff,110,0.10829287225799654,0.2601121825192416,0.03236120040228376,0.7371590651494137,56,5,1,DE,0.547427471736349,0.9224969297312157,FALSE,FALSE
mel_spp,tom_spp,diff,341,0.03575640560114943,0.510492901266252,0.064990277519033135,0.2313137277202261,161,17,2,"DE,PL",0.7817324165439156,0.5542214818531592,FALSE,FALSE
mel_spp,tor_vir,diff,329,-0.16094314693977835,0.0034198549244585557,-0.18197490805907104,9.135129630644563e-4,175,17,2,"DE,PL",0.03689233637994868,0.014797351376949512,FALSE,FALSE
mel_spp,uro_sir_spp,diff,22,0.2851569499569181,0.19832521118031995,0.0714715319332232,0.7519512788565371,4,1,1,DE,0.502142555967193,0.9224969297312157,FALSE,FALSE
mel_spp,xyl_lin,diff,66,0.08202317704750699,0.5126402291075739,0.12658336497136918,0.31115538993014896,21,3,1,DE,0.7817324165439156,0.639604813273004,FALSE,FALSE
mel_spp,xyl_spp,diff,88,-0.14776584784316643,0.16947215517530304,-0.1126149121700509,0.2961875531598742,21,4,1,DE,0.46008790416413065,0.6361655221411329,FALSE,FALSE
mel_spp,zei_gri,diff,0,NA,NA,NA,NA,0,0,0,,NA,NA,TRUE,FALSE
neo_ser,ope_spp,diff,22,0.35478489912669275,0.10519740053597944,0.16287011771709947,0.46894668157959996,5,1,1,DE,0.35014857606199035,0.7823969428166859,FALSE,FALSE
neo_ser,pan_fla,diff,0,NA,NA,NA,NA,0,0,0,,NA,NA,TRUE,FALSE
neo_ser,pha_cya,diff,22,0.10749404001658543,0.6339712663623103,0.10730013385775991,0.6345868333431375,10,1,1,DE,0.8393963211580073,0.862002854165265,FALSE,FALSE
neo_ser,pis_pin,diff,22,-0.23454008879067315,0.29343279077655543,0.039592028000991625,0.8611336704694843,10,1,1,DE,0.5787597033548635,0.9519902186004661,FALSE,FALSE
neo_ser,pit_bid,diff,22,0.2265919805641553,0.3105635531916155,0.2835360295878658,0.20099979228875642,9,1,1,DE,0.5933031156710763,0.5352344549687894,FALSE,FALSE
neo_ser,pit_cha,diff,22,0.05104737125302784,0.8215095909798539,0.1320107020348363,0.5581345897770811,10,1,1,DE,0.935301319168887,0.8250685240182937,FALSE,FALSE
neo_ser,pit_spp,diff,0,NA,NA,NA,NA,0,0,0,,NA,NA,TRUE,FALSE
neo_ser,pol_pol,diff,0,NA,NA,NA,NA,0,0,0,,NA,NA,TRUE,FALSE
neo_ser,pri_abi,diff,22,-0.293531553089799,0.18488958726245155,-0.2712155505438179,0.22212275276186133,5,1,1,DE,0.4815716067462084,0.5478801097598676,FALSE,FALSE
neo_ser,sap_car,diff,0,NA,NA,NA,NA,0,0,0,,NA,NA,TRUE,FALSE
neo_ser,sco_int,diff,22,-0.003840924425970811,0.986465407804288,-0.025280103757524618,0.9110849426197505,5,1,1,DE,0.9934221455179996,0.9733680634213706,FALSE,FALSE
neo_ser,sco_rat,diff,22,0.3277079294190864,0.13653113262090227,0.27043831926654244,0.22350260384705262,6,1,1,DE,0.40233817789899984,0.5478801097598676,FALSE,FALSE
neo_ser,sco_sco,diff,0,NA,NA,NA,NA,0,0,0,,NA,NA,TRUE,FALSE
neo_ser,tet_gab,diff,22,0.22985602175210362,0.3034562726831701,0.3464678618631169,0.11419855118813899,6,1,1,DE,0.5899384060060467,0.4492417650648635,FALSE,FALSE
neo_ser,tet_spp,diff,0,NA,NA,NA,NA,0,0,0,,NA,NA,TRUE,FALSE
neo_ser,tha_pit,diff,17,-0.010656247464218007,0.9676219838976978,-0.17401960784313728,0.5041495460552974,15,1,1,BG,0.9875225301289458,0.7942567952865023,FALSE,FALSE
neo_ser,tha_pro,diff,0,NA,NA,NA,NA,0,0,0,,NA,NA,TRUE,FALSE
neo_ser,tom_spp,diff,22,-0.2090084042300944,0.3505725850989334,-0.11762848898845338,0.6021320261239255,10,1,1,DE,0.643467418407811,0.8445714753502628,FALSE,FALSE
neo_ser,tor_vir,diff,39,0.31358849137240147,0.05189632666652606,0.29928674717820186,0.06418175301026259,16,2,2,"BG,DE",0.23905791767677168,0.32045994160368874,FALSE,FALSE
neo_ser,uro_sir_spp,diff,0,NA,NA,NA,NA,0,0,0,,NA,NA,TRUE,FALSE
neo_ser,xyl_lin,diff,22,0.02759861291832394,0.9029659441394902,5.737975072607481e-4,0.9979779734127101,9,1,1,DE,0.9628491416595801,0.9979779734127101,FALSE,FALSE
neo_ser,xyl_spp,diff,22,-0.0014513611349728356,0.9948855212527605,0.12795684411914685,0.5703889106182956,10,1,1,DE,0.9962560651737453,0.8260216531031443,FALSE,FALSE
neo_ser,zei_gri,diff,0,NA,NA,NA,NA,0,0,0,,NA,NA,TRUE,FALSE
ope_spp,pan_fla,diff,0,NA,NA,NA,NA,0,0,0,,NA,NA,TRUE,FALSE
ope_spp,pha_cya,diff,66,0.13462686165981108,0.2811533758011511,-0.005103540961270625,0.9675594369290275,27,3,1,DE,0.5678982570460286,0.9968794198662707,FALSE,FALSE
ope_spp,pis_pin,diff,22,-0.32904886526160737,0.13483891818607915,-0.057648108611507626,0.7988607723611834,7,1,1,DE,0.4011457816035855,0.9456797684759293,FALSE,FALSE
ope_spp,pit_bid,diff,22,0.42714862128674486,0.04739638152225956,0.24269738227354076,0.27647253426373836,6,1,1,DE,0.22411269143637966,0.6131568684100053,FALSE,FALSE
ope_spp,pit_cha,diff,66,0.15836047820462523,0.2040929680432445,0.033280588876179205,0.7907935088973631,27,3,1,DE,0.505980483273877,0.9433549972828034,FALSE,FALSE
ope_spp,pit_spp,diff,22,-0.14680233730343936,0.5144542548317939,0.38278749118341693,0.07869506328348742,14,1,1,DE,0.7817324165439156,0.3497387467998057,FALSE,FALSE
ope_spp,pol_pol,diff,0,NA,NA,NA,NA,0,0,0,,NA,NA,TRUE,FALSE
ope_spp,pri_abi,diff,44,0.05515055538557236,0.7221651276375389,-0.03985069111488097,0.797308734976948,12,2,1,DE,0.8882417017481924,0.9456452438098686,FALSE,FALSE
ope_spp,sap_car,diff,0,NA,NA,NA,NA,0,0,0,,NA,NA,TRUE,FALSE
ope_spp,sco_int,diff,22,0.21544332430072777,0.3355952102433335,0.2609284672113608,0.24084404152025074,1,1,1,DE,0.6217046347598593,0.5656665975179573,FALSE,FALSE
ope_spp,sco_rat,diff,22,-0.056363558572058346,0.8032567620153864,0.01817412209432364,0.9360188764881707,1,1,1,DE,0.9295386192528134,0.9846827256914961,FALSE,FALSE
ope_spp,sco_sco,diff,0,NA,NA,NA,NA,0,0,0,,NA,NA,TRUE,FALSE
ope_spp,tet_gab,diff,22,0.1520956919914482,0.49923251533177915,0.154186829026717,0.49328067050518276,2,1,1,DE,0.7748956868410658,0.7942567952865023,FALSE,FALSE
ope_spp,tet_spp,diff,0,NA,NA,NA,NA,0,0,0,,NA,NA,TRUE,FALSE
ope_spp,tha_pit,diff,0,NA,NA,NA,NA,0,0,0,,NA,NA,TRUE,FALSE
ope_spp,tha_pro,diff,44,0.2828765189622396,0.06280418040943586,0.03296480324202565,0.8317743621889125,19,2,1,DE,0.2688460536388192,0.9456797684759293,FALSE,FALSE
ope_spp,tom_spp,diff,66,0.21363308215885968,0.08500653656434128,0.09289098774960276,0.45818593735809987,28,3,1,DE,0.31699701903455246,0.7770659365170626,FALSE,FALSE
ope_spp,tor_vir,diff,66,0.44599761364378043,1.746437260389306e-4,0.3980718967147767,9.326061792195071e-4,25,3,1,DE,0.0035901902738890955,0.014797351376949512,FALSE,FALSE
ope_spp,uro_sir_spp,diff,0,NA,NA,NA,NA,0,0,0,,NA,NA,TRUE,FALSE
ope_spp,xyl_lin,diff,66,0.06907814791631087,0.5815445341571577,0.001249172314153463,0.9920576503522431,27,3,1,DE,0.8207512698066874,0.9979779734127101,FALSE,FALSE
ope_spp,xyl_spp,diff,66,0.12161538283160903,0.3306788942806509,0.059871044485498126,0.6329847258106217,27,3,1,DE,0.6180752107758762,0.862002854165265,FALSE,FALSE
ope_spp,zei_gri,diff,0,NA,NA,NA,NA,0,0,0,,NA,NA,TRUE,FALSE
pan_fla,pha_cya,diff,291,-0.026041806192283416,0.6581976467680688,-0.076009090376184,0.19604276123455913,143,15,2,"DE,PL",0.8498248097511775,0.5302065587934668,FALSE,FALSE
pan_fla,pis_pin,diff,44,0.005534019443937883,0.9715598500304115,-0.11258014339962338,0.46686350080689565,12,2,1,DE,0.9875225301289458,0.7823969428166859,FALSE,FALSE
pan_fla,pit_bid,diff,22,0.08286498125048514,0.7139060637307822,0.27247184989498174,0.21990431569965416,7,1,1,DE,0.8845595040094376,0.5478801097598676,FALSE,FALSE
pan_fla,pit_cha,diff,44,0.23478980862915222,0.1250005391661464,0.10249068214075244,0.5079575289590856,13,2,1,DE,0.38304886250913533,0.7942567952865023,FALSE,FALSE
pan_fla,pit_spp,diff,0,NA,NA,NA,NA,0,0,0,,NA,NA,TRUE,FALSE
pan_fla,pol_pol,diff,0,NA,NA,NA,NA,0,0,0,,NA,NA,TRUE,FALSE
pan_fla,pri_abi,diff,0,NA,NA,NA,NA,0,0,0,,NA,NA,TRUE,FALSE
pan_fla,sap_car,diff,0,NA,NA,NA,NA,0,0,0,,NA,NA,TRUE,FALSE
pan_fla,sco_int,diff,22,0.2334159731457397,0.2958193788733905,0.1262983138039968,0.575436290715059,6,1,1,DE,0.581859604726173,0.8260216531031443,FALSE,FALSE
pan_fla,sco_rat,diff,22,-0.29711933660334966,0.17932843645138583,-0.2935101658825279,0.18492308671671054,6,1,1,DE,0.47272056349072433,0.5157620465458255,FALSE,FALSE
pan_fla,sco_sco,diff,22,0.19815767967942424,0.37669564655229093,0.24628287127307316,0.26921713191118113,5,1,1,DE,0.6657442862335042,0.6032149939159788,FALSE,FALSE
pan_fla,tet_gab,diff,44,0.11426739074743007,0.4601694499344092,0.05175321793164668,0.7386565864570007,7,2,1,DE,0.745368964611292,0.9224969297312157,FALSE,FALSE
pan_fla,tet_spp,diff,22,0.8891783257960107,3.168794306254836e-8,0.7451879010082492,6.91321078021187e-5,5,1,1,DE,1.7758095358517731e-6,0.0021461010856831633,FALSE,FALSE
pan_fla,tha_pit,diff,22,-0.38348408488593366,0.0781068998180257,-0.36083437110834377,0.09898458313837857,2,1,1,DE,0.31144963640271117,0.40617811701610523,FALSE,FALSE
pan_fla,tha_pro,diff,22,0.2605846569265354,0.24148690083788388,0.019028192216315812,0.9330185446720201,5,1,1,DE,0.537037121912828,0.9840106955625145,FALSE,FALSE
pan_fla,tom_spp,diff,177,0.05129597064605845,0.4977337784901863,0.09683772551737546,0.19976208196372153,69,9,2,"DE,PL",0.7748956868410658,0.5352344549687894,FALSE,FALSE
pan_fla,tor_vir,diff,231,-0.03323130248281189,0.6153362606557211,-0.023229842237988036,0.7254419506112797,93,12,2,"DE,PL",0.8368573144917808,0.9167531906839889,FALSE,FALSE
pan_fla,uro_sir_spp,diff,0,NA,NA,NA,NA,0,0,0,,NA,NA,TRUE,FALSE
pan_fla,xyl_lin,diff,22,0.5476926236667389,0.008326762463398725,0.5152734023271044,0.014119570772496324,8,1,1,DE,0.0725037609617889,0.1205622773421289,FALSE,FALSE
pan_fla,xyl_spp,diff,22,0.10731240782744167,0.63454786195544,0.21286898899359089,0.3415407383592435,8,1,1,DE,0.8393963211580073,0.6650253695073823,FALSE,FALSE
pan_fla,zei_gri,diff,0,NA,NA,NA,NA,0,0,0,,NA,NA,TRUE,FALSE
pha_cya,pis_pin,diff,66,0.426616517465827,3.543180445640793e-4,0.13046831232859465,0.2964164715325457,46,3,1,DE,0.006635989122658282,0.6361655221411329,FALSE,FALSE
pha_cya,pit_bid,diff,66,0.30792323965896246,0.011895742145067547,0.14275124941709638,0.25286186705263203,55,3,1,DE,0.09762712519055436,0.5842827607623924,FALSE,FALSE
pha_cya,pit_cha,diff,320,0.1719287573834718,0.0020250442878801973,0.21865173800990925,8.017381138369461e-5,229,15,2,"AT,DE",0.02536634423765721,0.002385170888664915,FALSE,FALSE
pha_cya,pit_spp,diff,278,0.06691402849235337,0.2661813692600811,0.15096108874442285,0.011730739114302585,214,13,3,"AT,CZ,DE",0.5526485037037506,0.10877594451444215,FALSE,FALSE
pha_cya,pol_pol,diff,154,0.029175656419257005,0.7194551834283567,-0.041060195776212116,0.6131336171177988,114,7,1,CZ,0.8882417017481924,0.8502936861990674,FALSE,FALSE
pha_cya,pri_abi,diff,198,-0.20681821598203948,0.0034618859068019075,-0.0679299561852804,0.34165206403683646,118,9,2,"CZ,DE",0.03689233637994868,0.6650253695073823,FALSE,FALSE
pha_cya,sap_car,diff,0,NA,NA,NA,NA,0,0,0,,NA,NA,TRUE,FALSE
pha_cya,sco_int,diff,264,-0.0073909939096548395,0.9048624286464682,0.05352413481271145,0.3864031996174696,131,12,2,"CZ,DE",0.9628491416595801,0.7094427570717401,FALSE,FALSE
pha_cya,sco_rat,diff,198,0.03472102153690556,0.6272357944354918,0.10462450238717105,0.14240194486180094,104,9,2,"CZ,DE",0.8393963211580073,0.47290692386663197,FALSE,FALSE
pha_cya,sco_sco,diff,22,0.04758846470709412,0.833434231209859,-0.24134403891342135,0.27924274125587056,12,1,1,DE,0.9375568119707025,0.6134748223282818,FALSE,FALSE
pha_cya,tet_gab,diff,192,0.08171861452522064,0.259819466206718,0.16131440507451336,0.025397519862074138,112,9,2,"AT,DE",0.547427471736349,0.16571241694502695,FALSE,FALSE
pha_cya,tet_spp,diff,88,-0.01876593176628172,0.8622283749897879,-0.002296522405677351,0.9830579697541129,49,4,1,DE,0.9427734452415137,0.9979779734127101,FALSE,FALSE
pha_cya,tha_pit,diff,22,-0.0010624319367873343,0.9962560651737453,-0.09368607315038262,0.6783684396687418,11,1,1,DE,0.9962560651737453,0.8903585770652237,FALSE,FALSE
pha_cya,tha_pro,diff,132,0.07893325300128344,0.36830479456914367,0.15323824376802075,0.0793955197794301,84,6,1,DE,0.6640281321783396,0.3497387467998057,FALSE,FALSE
pha_cya,tom_spp,diff,664,0.1332900614685919,5.741306780575394e-4,0.19383685416755786,4.822886856510539e-7,440,32,4,"AT,CZ,DE,PL",0.009316575093933707,3.130492014135023e-5,FALSE,FALSE
pha_cya,tor_vir,diff,398,-0.045379651536151734,0.3665582829011057,-0.045439282234341495,0.36592822125068813,243,20,2,"DE,PL",0.6640281321783396,0.6948743350345514,FALSE,FALSE
pha_cya,uro_sir_spp,diff,22,-0.05852828042335941,0.79585203117591,0.08032178190704449,0.7223452073080998,6,1,1,DE,0.9254696258299671,0.9160801921238576,FALSE,FALSE
pha_cya,xyl_lin,diff,154,0.09876077664666016,0.22300166453992792,0.01654520055890363,0.8386179062602231,109,7,1,DE,0.5237113539972795,0.9478739646731167,FALSE,FALSE
pha_cya,xyl_spp,diff,154,0.05557232450113041,0.49363110129507826,0.11257856132593493,0.1644972606954859,101,7,1,DE,0.7746211128015074,0.4955740258927297,FALSE,FALSE
pha_cya,zei_gri,diff,110,-0.04339755447879707,0.6525877992785524,0.018616148548603936,0.846932247223243,59,5,1,CZ,0.8471776157907025,0.9491377001724643,FALSE,FALSE
pis_pin,pit_bid,diff,44,0.25290160920128457,0.0976583174341333,0.12836791435524794,0.4062974419484412,33,2,1,DE,0.3401367738925423,0.7307213439576499,FALSE,FALSE
pis_pin,pit_cha,diff,88,0.2913007398042502,0.005895129297374834,0.362331919346728,5.22316143532667e-4,63,4,2,"DE,LT",0.05688003132872475,0.009814045433745375,FALSE,FALSE
pis_pin,pit_spp,diff,0,NA,NA,NA,NA,0,0,0,,NA,NA,TRUE,FALSE
pis_pin,pol_pol,diff,22,0.2104511440639811,0.3471810807751038,0.2306196599081738,0.30180800788081236,16,1,1,LT,0.6405356373990286,0.6391879961247112,FALSE,FALSE
pis_pin,pri_abi,diff,22,0.010068830481166538,0.9645288240451294,0.1306192992982107,0.5623272902267867,14,1,1,DE,0.9875225301289458,0.8256108752591049,FALSE,FALSE
pis_pin,sap_car,diff,0,NA,NA,NA,NA,0,0,0,,NA,NA,TRUE,FALSE
pis_pin,sco_int,diff,44,0.2560568161842542,0.09340737895789172,0.03866832933817687,0.8032016655295355,30,2,1,DE,0.3351400430951492,0.9456797684759293,FALSE,FALSE
pis_pin,sco_rat,diff,66,0.3376191049611308,0.005565619895102247,0.28555437878212925,0.02011745160711052,40,3,2,"DE,LT",0.05443633705620553,0.14082216124977365,FALSE,FALSE
pis_pin,sco_sco,diff,22,0.31791821785014507,0.14934534543923186,0.2970790200294948,0.17939028327063675,12,1,1,DE,0.4265303065744462,0.5100951717976132,FALSE,FALSE
pis_pin,tet_gab,diff,66,0.4321114998942509,2.911665633151263e-4,0.3285270978692015,0.007077675714630547,22,3,1,DE,0.00561872773532433,0.07789875461292438,FALSE,FALSE
pis_pin,tet_spp,diff,22,0.8176254055987447,3.379079645402154e-6,-0.11266364018473954,0.6176472611579357,5,1,1,DE,1.0966649394623354e-4,0.8502936861990674,FALSE,FALSE
pis_pin,tha_pit,diff,22,0.38793331905560485,0.07442777712510598,0.5438885699378093,0.008882634939720455,8,1,1,DE,0.30308753247438264,0.08932677953465358,FALSE,FALSE
pis_pin,tha_pro,diff,22,-0.04144523671792101,0.8546989521654307,-0.07023528903674195,0.7561147957815418,13,1,1,DE,0.9427734452415137,0.9260136606998643,FALSE,FALSE
pis_pin,tom_spp,diff,88,0.29438050145135697,0.005368911124426839,0.1953650858920476,0.06813655219533472,63,4,2,"DE,LT",0.053241701983899485,0.32650669978167113,FALSE,FALSE
pis_pin,tor_vir,diff,66,-0.22319936442229188,0.07163441006089372,-0.06914265941767418,0.5811909331409213,43,3,2,"DE,LT",0.29564721840160757,0.8266341160609917,FALSE,FALSE
pis_pin,uro_sir_spp,diff,0,NA,NA,NA,NA,0,0,0,,NA,NA,TRUE,FALSE
pis_pin,xyl_lin,diff,44,-0.09486055115696702,0.5402051238207315,-0.2214547526936278,0.1485469323813303,40,2,1,DE,0.7926444984106453,0.47561663551690503,FALSE,FALSE
pis_pin,xyl_spp,diff,44,-0.12195293279265008,0.43034221633665093,-0.15675218650242784,0.30956183583206,39,2,1,DE,0.7200439338312147,0.639604813273004,FALSE,FALSE
pis_pin,zei_gri,diff,0,NA,NA,NA,NA,0,0,0,,NA,NA,TRUE,FALSE
pit_bid,pit_cha,diff,66,0.05414644813045823,0.6658867386600367,0.14814506210930165,0.23518648317618676,54,3,1,DE,0.8520486225864985,0.5578842159063035,FALSE,FALSE
pit_bid,pit_spp,diff,0,NA,NA,NA,NA,0,0,0,,NA,NA,TRUE,FALSE
pit_bid,pol_pol,diff,0,NA,NA,NA,NA,0,0,0,,NA,NA,TRUE,FALSE
pit_bid,pri_abi,diff,44,0.1321294217297897,0.3925658678636499,0.08447864839176374,0.5856076502436989,23,2,1,DE,0.6816565479412514,0.8312601635666024,FALSE,FALSE
pit_bid,sap_car,diff,0,NA,NA,NA,NA,0,0,0,,NA,NA,TRUE,FALSE
pit_bid,sco_int,diff,66,0.02284535044008998,0.8555245748324448,-0.039670903312639644,0.7518092462643351,36,3,1,DE,0.9427734452415137,0.9224969297312157,FALSE,FALSE
pit_bid,sco_rat,diff,44,0.44211547205510243,0.0026579541324570095,0.15141737992599974,0.32652035727619555,28,2,1,DE,0.030609342751198462,0.6494026047220156,FALSE,FALSE
pit_bid,sco_sco,diff,22,0.5158188981516417,0.014000387613911133,0.4894877230712894,0.02076886691616612,9,1,1,DE,0.1098491951245335,0.14258625940521738,FALSE,FALSE
pit_bid,tet_gab,diff,44,0.2571687699721089,0.0919438564477852,0.2400269292722171,0.11656329087620002,16,2,1,DE,0.3315551187056497,0.4494076548847139,FALSE,FALSE
pit_bid,tet_spp,diff,0,NA,NA,NA,NA,0,0,0,,NA,NA,TRUE,FALSE
pit_bid,tha_pit,diff,22,0.1415597999603349,0.5297458908353871,0.17155634993387742,0.44523280335767823,7,1,1,DE,0.7863587651901589,0.7697245074997149,FALSE,FALSE
pit_bid,tha_pro,diff,22,0.06094583526432985,0.7876024834545013,0.12925188759888973,0.5664613171595585,10,1,1,DE,0.9237501722459615,0.8260216531031443,FALSE,FALSE
pit_bid,tom_spp,diff,66,0.14022408523773716,0.2614464535883684,0.10553903080076142,0.39901596580049714,55,3,1,DE,0.547427471736349,0.7212592394469746,FALSE,FALSE
pit_bid,tor_vir,diff,66,0.08299585954240511,0.507636011902472,0.05321050124557288,0.671328452192383,47,3,1,DE,0.7817324165439156,0.8860046485496516,FALSE,FALSE
pit_bid,uro_sir_spp,diff,0,NA,NA,NA,NA,0,0,0,,NA,NA,TRUE,FALSE
pit_bid,xyl_lin,diff,66,-0.05268783826021119,0.6743746402308909,-0.09992169813645496,0.4247206547523409,54,3,1,DE,0.8567677813609539,0.7432611458165965,FALSE,FALSE
pit_bid,xyl_spp,diff,66,-0.05674884184157459,0.6508468339289473,0.007956147751303938,0.9494463531873575,53,3,1,DE,0.8464565381152428,0.9867608386838038,FALSE,FALSE
pit_bid,zei_gri,diff,0,NA,NA,NA,NA,0,0,0,,NA,NA,TRUE,FALSE
pit_cha,pit_spp,diff,228,0.08001993676317734,0.2287579704275378,0.22223280460956027,7.260248074302251e-4,188,11,3,"AT,DE,SI",0.5285863782694562,0.012342421726313828,FALSE,FALSE
pit_cha,pol_pol,diff,22,-0.06957736971020557,0.7583332637290383,0.24936460763470022,0.2630783802188088,16,1,1,LT,0.9107935117977382,0.5944239350513592,FALSE,FALSE
pit_cha,pri_abi,diff,66,-0.1348431509964616,0.2803740483850858,-0.18057874641576976,0.1467919109761222,34,3,1,DE,0.5678982570460286,0.47394849218794854,FALSE,FALSE
pit_cha,sap_car,diff,0,NA,NA,NA,NA,0,0,0,,NA,NA,TRUE,FALSE
pit_cha,sco_int,diff,110,5.415021123402959e-4,0.9955203452118457,-0.02012544870567945,0.8346922987058459,55,5,1,DE,0.9962560651737453,0.9474885552877169,FALSE,FALSE
pit_cha,sco_rat,diff,66,0.05441732921136843,0.6643149857357875,-0.008425498950316261,0.9464683300056467,41,3,2,"DE,LT",0.8520486225864985,0.9867608386838038,FALSE,FALSE
pit_cha,sco_sco,diff,22,0.5183248675890071,0.013463336313600959,0.3935327505105906,0.06998496574463495,12,1,1,DE,0.10923661508989868,0.32874516803729836,FALSE,FALSE
pit_cha,tet_gab,diff,212,0.3021982159017477,7.491265595518471e-6,0.2814338437260096,3.212385646223556e-5,140,10,2,"AT,DE",2.228651514666745e-4,0.0011468216757018097,FALSE,FALSE
pit_cha,tet_spp,diff,110,-0.009171299127567234,0.9242413006302528,-0.013960489566721867,0.8849056722045778,58,5,1,DE,0.9702351542370939,0.9602167932432653,FALSE,FALSE
pit_cha,tha_pit,diff,22,0.3274982809145684,0.13679706183212045,0.2822441191112793,0.20314879960333204,11,1,1,DE,0.40233817789899984,0.5352344549687894,FALSE,FALSE
pit_cha,tha_pro,diff,132,-0.1213905383847987,0.16558227988277446,-0.018875676440211982,0.8299064909308744,81,6,1,DE,0.4527451086086442,0.9456797684759293,FALSE,FALSE
pit_cha,tom_spp,diff,382,0.26791254195145403,1.0569815907736175e-7,0.18392525096070209,3.0164622073522207e-4,302,18,3,"AT,DE,LT",5.031232372082419e-6,0.006730481300154642,FALSE,FALSE
pit_cha,tor_vir,diff,176,0.2650567498114399,3.7780566777615175e-4,0.12123022876358064,0.1089881543410325,100,8,2,"DE,LT",0.006635989122658282,0.43717720336796184,FALSE,FALSE
pit_cha,uro_sir_spp,diff,22,0.3326062038236615,0.13042222867120978,0.39243942840460444,0.07083627323833161,8,1,1,DE,0.3953228591196324,0.3305692751122142,FALSE,FALSE
pit_cha,xyl_lin,diff,176,0.22961801049374164,0.0021724244126979744,0.1823149925322611,0.015444708723121767,124,8,1,DE,0.02670587224587361,0.12390474189111171,FALSE,FALSE
pit_cha,xyl_spp,diff,154,-0.04456745957756783,0.5831190947399914,0.082775722582956,0.3074424459914443,100,7,1,DE,0.8207512698066874,0.639604813273004,FALSE,FALSE
pit_cha,zei_gri,diff,0,NA,NA,NA,NA,0,0,0,,NA,NA,TRUE,FALSE
pit_spp,pol_pol,diff,132,0.17454795421317085,0.045314463792997424,0.1295354451838577,0.13878298531996744,107,6,1,CZ,0.22009882413741605,0.4706838444206104,FALSE,FALSE
pit_spp,pri_abi,diff,154,-0.033511293704674115,0.6799056029768225,-0.008976436486264608,0.9120213367351498,81,7,2,"CZ,DE",0.859053512883864,0.9733680634213706,FALSE,FALSE
pit_spp,sap_car,diff,0,NA,NA,NA,NA,0,0,0,,NA,NA,TRUE,FALSE
pit_spp,sco_int,diff,176,0.08185438833194873,0.28014361813627714,0.17769983518834137,0.018301243637427002,83,8,2,"CZ,DE",0.5678982570460286,0.13783715172645178,FALSE,FALSE
pit_spp,sco_rat,diff,132,0.1777203455814942,0.04148099927312276,0.1509369441655219,0.08406867243349862,65,6,1,CZ,0.20711491944761995,0.35729185784236916,FALSE,FALSE
pit_spp,sco_sco,diff,0,NA,NA,NA,NA,0,0,0,,NA,NA,TRUE,FALSE
pit_spp,tet_gab,diff,124,0.09531971087754654,0.29230183105454866,0.16556541730989613,0.06610797566926109,100,6,2,"AT,DE",0.5781260592048414,0.32102668888811015,FALSE,FALSE
pit_spp,tet_spp,diff,44,0.061723501385741626,0.6906150414196139,0.08650387800049222,0.5766181447461818,32,2,1,DE,0.8650862097782532,0.8260216531031443,FALSE,FALSE
pit_spp,tha_pit,diff,22,-0.07496627345155302,0.7402177305897306,-0.14963297571993223,0.5062867949707297,22,1,1,HR,0.9003670521994339,0.7942567952865023,FALSE,FALSE
pit_spp,tha_pro,diff,66,-0.11084848482252219,0.3755819515711172,0.09504995650672395,0.4477588248954746,47,3,1,DE,0.6654231102277361,0.770360966205708,FALSE,FALSE
pit_spp,tom_spp,diff,318,0.08405437522241949,0.13474500992430896,0.22225820569257848,6.389584690768402e-5,270,15,3,"AT,CZ,DE",0.4011457816035855,0.0021461010856831633,FALSE,FALSE
pit_spp,tor_vir,diff,22,-0.00921272780506503,0.9675431550789919,0.041796104462507075,0.8534816587000581,17,1,1,DE,0.9875225301289458,0.9505485342053552,FALSE,FALSE
pit_spp,uro_sir_spp,diff,0,NA,NA,NA,NA,0,0,0,,NA,NA,TRUE,FALSE
pit_spp,xyl_lin,diff,22,0.14412063441711181,0.5222498076911033,0.17108977978543194,0.4464902890766693,21,1,1,DE,0.7817324165439156,0.7700339768133863,FALSE,FALSE
pit_spp,xyl_spp,diff,44,0.15607943293477272,0.311668934662774,0.24053327372860045,0.11577098707553905,26,2,1,DE,0.5933031156710763,0.4492417650648635,FALSE,FALSE
pit_spp,zei_gri,diff,110,0.011272001201707191,0.9069591542729601,-0.0019818676572873266,0.9836057649569248,53,5,1,CZ,0.9636441014150201,0.9979779734127101,FALSE,FALSE
pol_pol,pri_abi,diff,154,-0.0962546661123231,0.23502392044781822,-0.0476331394051766,0.5574530016483985,81,7,1,CZ,0.5339573110130958,0.8250685240182937,FALSE,FALSE
pol_pol,sap_car,diff,0,NA,NA,NA,NA,0,0,0,,NA,NA,TRUE,FALSE
pol_pol,sco_int,diff,154,0.18794497801332527,0.019586613259365938,0.24818554375213056,0.001912369794348715,78,7,1,CZ,0.131932470445163,0.02730864066329965,FALSE,FALSE
pol_pol,sco_rat,diff,176,0.0857726133863624,0.2576843270029501,0.07666291255152174,0.3118773968977684,75,8,2,"CZ,LT",0.547427471736349,0.639604813273004,FALSE,FALSE
pol_pol,sco_sco,diff,0,NA,NA,NA,NA,0,0,0,,NA,NA,TRUE,FALSE
pol_pol,tet_gab,diff,0,NA,NA,NA,NA,0,0,0,,NA,NA,TRUE,FALSE
pol_pol,tet_spp,diff,0,NA,NA,NA,NA,0,0,0,,NA,NA,TRUE,FALSE
pol_pol,tha_pit,diff,0,NA,NA,NA,NA,0,0,0,,NA,NA,TRUE,FALSE
pol_pol,tha_pro,diff,0,NA,NA,NA,NA,0,0,0,,NA,NA,TRUE,FALSE
pol_pol,tom_spp,diff,198,0.057411845899179324,0.4217411261476428,-0.011976079639231607,0.8670101633295778,143,9,2,"CZ,LT",0.7118750923626879,0.9526868413922952,FALSE,FALSE
pol_pol,tor_vir,diff,22,-0.27915374148558925,0.20835188801005844,-0.15034229510616964,0.5042500526686776,12,1,1,LT,0.5069581391582766,0.7942567952865023,FALSE,FALSE
pol_pol,uro_sir_spp,diff,0,NA,NA,NA,NA,0,0,0,,NA,NA,TRUE,FALSE
pol_pol,xyl_lin,diff,0,NA,NA,NA,NA,0,0,0,,NA,NA,TRUE,FALSE
pol_pol,xyl_spp,diff,0,NA,NA,NA,NA,0,0,0,,NA,NA,TRUE,FALSE
pol_pol,zei_gri,diff,110,-0.11300717195562929,0.23981094569351147,-0.10818009354782657,0.2606117882354069,52,5,1,CZ,0.537037121912828,0.590720053333589,FALSE,FALSE
pri_abi,sap_car,diff,0,NA,NA,NA,NA,0,0,0,,NA,NA,TRUE,FALSE
pri_abi,sco_int,diff,176,-0.1764820306020631,0.019127490637250485,-0.17522060633679246,0.02001722560735514,60,8,2,"CZ,DE",0.13053170014136456,0.14082216124977365,FALSE,FALSE
pri_abi,sco_rat,diff,154,0.09600082145566317,0.23626652412287402,0.013350748754583919,0.8694667101312517,57,7,2,"CZ,DE",0.5339573110130958,0.9526868413922952,FALSE,FALSE
pri_abi,sco_sco,diff,0,NA,NA,NA,NA,0,0,0,,NA,NA,TRUE,FALSE
pri_abi,tet_gab,diff,22,-0.12912381541024226,0.5668491990888402,-0.09545940391803644,0.6726047413176257,4,1,1,DE,0.8078449663661316,0.8860512643925917,FALSE,FALSE
pri_abi,tet_spp,diff,0,NA,NA,NA,NA,0,0,0,,NA,NA,TRUE,FALSE
pri_abi,tha_pit,diff,0,NA,NA,NA,NA,0,0,0,,NA,NA,TRUE,FALSE
pri_abi,tha_pro,diff,22,0.4128217111478094,0.05620452243091477,0.3113131151787134,0.1584553154124553,7,1,1,DE,0.25398752541565284,0.487659893122815,FALSE,FALSE
pri_abi,tom_spp,diff,220,0.013059480259044402,0.8472658743716124,0.021441817874394573,0.7518065588365213,127,10,2,"CZ,DE",0.9422863462637558,0.9224969297312157,FALSE,FALSE
pri_abi,tor_vir,diff,66,-0.16306329224841992,0.1908065734064919,-0.2188086870496428,0.07754640538020148,33,3,1,DE,0.4900571705476087,0.3497387467998057,FALSE,FALSE
pri_abi,uro_sir_spp,diff,0,NA,NA,NA,NA,0,0,0,,NA,NA,TRUE,FALSE
pri_abi,xyl_lin,diff,66,-0.07399102783753024,0.5549016875313536,-0.07250579248089739,0.5628944821036496,34,3,1,DE,0.7971827060309588,0.8256108752591049,FALSE,FALSE
pri_abi,xyl_spp,diff,66,0.14821817428779835,0.23495291756394293,0.04321763329399768,0.7304293998168375,35,3,1,DE,0.5339573110130958,0.9214250732671767,FALSE,FALSE
pri_abi,zei_gri,diff,110,0.07959672594346022,0.40846745938968465,-0.006319303534760469,0.9477592324234727,47,5,1,CZ,0.6943946809624639,0.9867608386838038,FALSE,FALSE
sap_car,sco_int,diff,0,NA,NA,NA,NA,0,0,0,,NA,NA,TRUE,FALSE
sap_car,sco_rat,diff,0,NA,NA,NA,NA,0,0,0,,NA,NA,TRUE,FALSE
sap_car,sco_sco,diff,0,NA,NA,NA,NA,0,0,0,,NA,NA,TRUE,FALSE
sap_car,tet_gab,diff,0,NA,NA,NA,NA,0,0,0,,NA,NA,TRUE,FALSE
sap_car,tet_spp,diff,0,NA,NA,NA,NA,0,0,0,,NA,NA,TRUE,FALSE
sap_car,tha_pit,diff,0,NA,NA,NA,NA,0,0,0,,NA,NA,TRUE,FALSE
sap_car,tha_pro,diff,0,NA,NA,NA,NA,0,0,0,,NA,NA,TRUE,FALSE
sap_car,tom_spp,diff,0,NA,NA,NA,NA,0,0,0,,NA,NA,TRUE,FALSE
sap_car,tor_vir,diff,0,NA,NA,NA,NA,0,0,0,,NA,NA,TRUE,FALSE
sap_car,uro_sir_spp,diff,0,NA,NA,NA,NA,0,0,0,,NA,NA,TRUE,FALSE
sap_car,xyl_lin,diff,0,NA,NA,NA,NA,0,0,0,,NA,NA,TRUE,FALSE
sap_car,xyl_spp,diff,0,NA,NA,NA,NA,0,0,0,,NA,NA,TRUE,FALSE
sap_car,zei_gri,diff,0,NA,NA,NA,NA,0,0,0,,NA,NA,TRUE,FALSE
sco_int,sco_rat,diff,198,0.2094754896818387,0.0030579670966374246,0.20662944077194764,0.003492336305458782,88,9,2,"CZ,DE",0.033590592415371094,0.04452728789459947,FALSE,FALSE
sco_int,sco_sco,diff,22,0.040744300393099134,0.8571317197150599,0.05054028109010471,0.8232554788176488,11,1,1,DE,0.9427734452415137,0.9456797684759293,FALSE,FALSE
sco_int,tet_gab,diff,88,0.16686905364359148,0.12020704969956053,0.1350952134815496,0.20949791824450253,27,4,1,DE,0.37608464509243433,0.5410099592582125,FALSE,FALSE
sco_int,tet_spp,diff,44,-0.32119330373383903,0.033510853026301676,-0.10239186570097965,0.5083688451623691,10,2,1,DE,0.18126325046044997,0.7942567952865023,FALSE,FALSE
sco_int,tha_pit,diff,22,-0.24048855585120113,0.28100280925190607,-0.2929172160524621,0.185853492592087,10,1,1,DE,0.5678982570460286,0.5163400533492223,FALSE,FALSE
sco_int,tha_pro,diff,66,0.0635447580079186,0.6122325520868053,-0.1011146289616844,0.4191842697458392,25,3,1,DE,0.8368573144917808,0.7396088807148433,FALSE,FALSE
sco_int,tom_spp,diff,264,0.06534494369071982,0.2901363601462212,-0.042786597281339496,0.48880035150295376,139,12,2,"CZ,DE",0.5770400031877491,0.7942567952865023,FALSE,FALSE
sco_int,tor_vir,diff,66,0.24742480673575207,0.04518337443425449,0.16598831707189915,0.1828629858481975,33,3,1,DE,0.22009882413741605,0.5133542717597023,FALSE,FALSE
sco_int,uro_sir_spp,diff,0,NA,NA,NA,NA,0,0,0,,NA,NA,TRUE,FALSE
sco_int,xyl_lin,diff,66,-0.22435440615178112,0.07014062514264009,-0.1537874259109359,0.21763057924214493,42,3,1,DE,0.2911651532084013,0.5478801097598676,FALSE,FALSE
sco_int,xyl_spp,diff,88,0.12435466116423385,0.24835355552764152,0.25426308221564803,0.016824335264468717,40,4,1,DE,0.5376219034796529,0.13347305976478516,FALSE,FALSE
sco_int,zei_gri,diff,110,0.13126986726998283,0.17163609382502953,0.10952490241409561,0.25469689575078897,37,5,1,CZ,0.4641976173904208,0.5866244631163333,FALSE,FALSE
sco_rat,sco_sco,diff,22,-0.00868060561778365,0.9694169714845606,-0.19591457276501262,0.3822305159664413,11,1,1,DE,0.9875225301289458,0.7094427570717401,FALSE,FALSE
sco_rat,tet_gab,diff,44,0.1347131287616175,0.38329310273015516,0.08590148581258045,0.5792854578817053,16,2,1,DE,0.6707629297777715,0.8264182255313942,FALSE,FALSE
sco_rat,tet_spp,diff,0,NA,NA,NA,NA,0,0,0,,NA,NA,TRUE,FALSE
sco_rat,tha_pit,diff,22,0.23199980561096747,0.2988430279373444,0.3403532024577191,0.12116386326519617,9,1,1,DE,0.5854637833506169,0.45173458159840096,FALSE,FALSE
sco_rat,tha_pro,diff,22,-0.09408582767303489,0.6770676228215307,-0.1466597044622855,0.5148674695901907,12,1,1,DE,0.8571387991038526,0.7993304355159795,FALSE,FALSE
sco_rat,tom_spp,diff,220,0.05399883172111498,0.4254794448468914,0.08460118337901139,0.2113244072051618,118,10,3,"CZ,DE,LT",0.7164913292940576,0.5427540530377177,FALSE,FALSE
sco_rat,tor_vir,diff,66,-0.05108602177195474,0.6837426850478052,-0.12736941214267902,0.3081358049072767,31,3,2,"DE,LT",0.8610093070972362,0.639604813273004,FALSE,FALSE
sco_rat,uro_sir_spp,diff,0,NA,NA,NA,NA,0,0,0,,NA,NA,TRUE,FALSE
sco_rat,xyl_lin,diff,44,-0.13421163234134675,0.3850827547679869,-0.2369448113367631,0.12147484547183891,34,2,1,DE,0.6722471562453366,0.45173458159840096,FALSE,FALSE
sco_rat,xyl_spp,diff,44,0.1313892539331495,0.3952462336802214,0.09978858541960452,0.5192651184261717,32,2,1,DE,0.6816565479412514,0.8042414198617931,FALSE,FALSE
sco_rat,zei_gri,diff,110,-0.2118665038912357,0.026284700373137158,-0.19723151777999934,0.03889609199928246,36,5,1,CZ,0.16178686264155112,0.2239662071571587,FALSE,FALSE
sco_sco,tet_gab,diff,22,0.3408205072458642,0.1206209856108788,0.3989424718684889,0.06588618763354584,6,1,1,DE,0.37608464509243433,0.32102668888811015,FALSE,FALSE
sco_sco,tet_spp,diff,0,NA,NA,NA,NA,0,0,0,,NA,NA,TRUE,FALSE
sco_sco,tha_pit,diff,22,0.15278808022599938,0.4972579345871997,0.11270572075208432,0.6175150825983087,5,1,1,DE,0.7748956868410658,0.8502936861990674,FALSE,FALSE
sco_sco,tha_pro,diff,22,0.10578455780229769,0.6394061322191219,0.15831499257392107,0.4816348320776047,10,1,1,DE,0.8393963211580073,0.7941969286452881,FALSE,FALSE
sco_sco,tom_spp,diff,22,0.4206459318959179,0.051250907567758325,0.49802052265193064,0.018336572697219215,12,1,1,DE,0.2376178441777886,0.13783715172645178,FALSE,FALSE
sco_sco,tor_vir,diff,22,0.19695420628932758,0.37965952324310104,0.25105348379167985,0.2597523054516302,7,1,1,DE,0.6676770925999362,0.5906469620779108,FALSE,FALSE
sco_sco,uro_sir_spp,diff,0,NA,NA,NA,NA,0,0,0,,NA,NA,TRUE,FALSE
sco_sco,xyl_lin,diff,22,-0.11850585967806501,0.5994071786392878,0.01306097151766751,0.9539974514379078,12,1,1,DE,0.8242574055838904,0.9900496807073637,FALSE,FALSE
sco_sco,xyl_spp,diff,22,-0.2097055702133084,0.34893131757380846,-0.0017036049805653271,0.9939966487630989,11,1,1,DE,0.6421055689373691,0.9979779734127101,FALSE,FALSE
sco_sco,zei_gri,diff,0,NA,NA,NA,NA,0,0,0,,NA,NA,TRUE,FALSE
tet_gab,tet_spp,diff,88,0.018413858426651004,0.8647884642975261,-0.03865677452976871,0.7206566183678662,55,4,1,DE,0.9437909196660588,0.9155673051862215,FALSE,FALSE
tet_gab,tha_pit,diff,22,0.1202945892037142,0.5938679647218232,0.10585305105853052,0.6391880290501251,3,1,1,DE,0.8214384129430741,0.862002854165265,FALSE,FALSE
tet_gab,tha_pro,diff,88,0.020485204135872178,0.8497476361469526,-0.07032822613720167,0.5149747903884462,56,4,1,DE,0.9427734452415137,0.7993304355159795,FALSE,FALSE
tet_gab,tom_spp,diff,212,0.14615341251610586,0.03343018963638703,0.07100251092921256,0.3034800149667746,136,10,2,"AT,DE",0.18126325046044997,0.6391879961247112,FALSE,FALSE
tet_gab,tor_vir,diff,44,0.07686957927053448,0.6199290084859379,-0.087155131305673,0.5737407767981251,15,2,1,DE,0.8393963211580073,0.8260216531031443,FALSE,FALSE
tet_gab,uro_sir_spp,diff,22,0.313311510429637,0.15565912241992422,0.13025203414818984,0.563436302745004,10,1,1,DE,0.4375614701095507,0.8256108752591049,FALSE,FALSE
tet_gab,xyl_lin,diff,66,-0.0981011584914195,0.4332496621002804,0.006965127068796768,0.9557365738534113,35,3,1,DE,0.7209088642460373,0.9904149691311113,FALSE,FALSE
tet_gab,xyl_spp,diff,88,0.11472455222928483,0.2871735113531982,0.1889914481210964,0.07782009951579835,31,4,1,DE,0.5743470227063964,0.3497387467998057,FALSE,FALSE
tet_gab,zei_gri,diff,0,NA,NA,NA,NA,0,0,0,,NA,NA,TRUE,FALSE
tet_spp,tha_pit,diff,0,NA,NA,NA,NA,0,0,0,,NA,NA,TRUE,FALSE
tet_spp,tha_pro,diff,66,-0.055622673418170114,0.6573386720723404,-0.10239315741141765,0.4132968985348858,48,3,1,DE,0.8498248097511775,0.7377844089599521,FALSE,FALSE
tet_spp,tom_spp,diff,88,-0.08180605621068386,0.44862612397868984,-0.05556467758539657,0.6071208837651998,47,4,1,DE,0.736365637978815,0.8483058923842518,FALSE,FALSE
tet_spp,tor_vir,diff,22,-0.07147773433839603,0.7519304065825752,0.007153339355589205,0.9747959230880918,2,1,1,DE,0.908423536886563,0.9979779734127101,FALSE,FALSE
tet_spp,uro_sir_spp,diff,22,0.09896377140738334,0.6612671157742909,-0.09125957227625639,0.6862832397743385,9,1,1,DE,0.8520486225864985,0.8941719583921125,FALSE,FALSE
tet_spp,xyl_lin,diff,44,0.3968582265035751,0.007648847147503452,0.3518247854914751,0.019181555257396794,23,2,1,DE,0.0700163700425316,0.13783715172645178,FALSE,FALSE
tet_spp,xyl_spp,diff,44,-0.10339833239721591,0.504187388925591,0.05568817806527634,0.7195665291401518,12,2,1,DE,0.7791986919759134,0.9155673051862215,FALSE,FALSE
tet_spp,zei_gri,diff,0,NA,NA,NA,NA,0,0,0,,NA,NA,TRUE,FALSE
tha_pit,tha_pro,diff,22,-0.06819465919465262,0.7630016579483626,-0.168280574913043,0.45410084973143794,7,1,1,DE,0.9125346461894991,0.775665087818772,FALSE,FALSE
tha_pit,tom_spp,diff,22,0.46130048007981367,0.030699515516598358,0.29884671435311927,0.1766923103100469,11,1,1,DE,0.1753556326308098,0.5100951717976132,FALSE,FALSE
tha_pit,tor_vir,diff,39,-0.22284237801600096,0.17269661911786455,-0.06116368260994527,0.7114672645812588,9,2,2,"BG,DE",0.4648373977864623,0.9131439501467972,FALSE,FALSE
tha_pit,uro_sir_spp,diff,0,NA,NA,NA,NA,0,0,0,,NA,NA,TRUE,FALSE
tha_pit,xyl_lin,diff,22,-0.6525140893042699,9.967439568608573e-4,-0.5496644924709158,0.00805010486859702,11,1,1,DE,0.013954415396052001,0.0845261011202687,FALSE,FALSE
tha_pit,xyl_spp,diff,22,-0.6339353243831564,0.0015348164741158913,-0.4945201582748045,0.019304923210987646,10,1,1,DE,0.019568910044977614,0.13783715172645178,FALSE,FALSE
tha_pit,zei_gri,diff,0,NA,NA,NA,NA,0,0,0,,NA,NA,TRUE,FALSE
tha_pro,tom_spp,diff,132,-0.04023164734344509,0.6469412218094361,0.17123830646478383,0.04962387790906214,81,6,1,DE,0.8444534412649679,0.264413797216943,FALSE,FALSE
tha_pro,tor_vir,diff,66,0.09086715903717331,0.4680798973685414,0.0857026706421309,0.4938430653012865,27,3,1,DE,0.7457045142520974,0.7942567952865023,FALSE,FALSE
tha_pro,uro_sir_spp,diff,22,0.22369971374612665,0.31694525321075456,0.47357426624192006,0.025994104618827757,10,1,1,DE,0.5986743671758697,0.16571241694502695,FALSE,FALSE
tha_pro,xyl_lin,diff,88,0.20549684382243985,0.05476692566955006,-0.007556650529505617,0.9442930884241804,56,4,1,DE,0.24906741992394107,0.9867608386838038,FALSE,FALSE
tha_pro,xyl_spp,diff,110,0.12259593441788487,0.20198107223719752,-0.053716290374323544,0.5772896427149425,49,5,1,DE,0.5049873628304347,0.8260216531031443,FALSE,FALSE
tha_pro,zei_gri,diff,0,NA,NA,NA,NA,0,0,0,,NA,NA,TRUE,FALSE
tom_spp,tor_vir,diff,325,-0.049873597563642694,0.370144533062996,-0.03479048938142015,0.5319926340948566,153,16,3,"DE,LT,PL",0.6640281321783396,0.8065035563494737,FALSE,FALSE
tom_spp,uro_sir_spp,diff,22,0.26547514943874845,0.23244719477812223,0.2886201461521563,0.19269152431501238,10,1,1,DE,0.5339573110130958,0.5287836004572132,FALSE,FALSE
tom_spp,xyl_lin,diff,154,0.40488956341293386,1.9046958227511024e-7,0.17061841716173354,0.03437831027634381,120,7,1,DE,7.99972245555463e-6,0.20455094614424568,FALSE,FALSE
tom_spp,xyl_spp,diff,154,0.0933112105229891,0.24971553476951067,0.08823466547601659,0.27652172496921806,101,7,1,DE,0.5376219034796529,0.6131568684100053,FALSE,FALSE
tom_spp,zei_gri,diff,110,-0.12216836332000142,0.20357073040359033,-0.046458784913702283,0.6298358026409359,61,5,1,CZ,0.505980483273877,0.8613695032114468,FALSE,FALSE
tor_vir,uro_sir_spp,diff,0,NA,NA,NA,NA,0,0,0,,NA,NA,TRUE,FALSE
tor_vir,xyl_lin,diff,154,0.13517470100434867,0.09462539871820833,0.16307379412078188,0.043305403059118897,83,7,1,DE,0.3364119965132483,0.24571062143179778,FALSE,FALSE
tor_vir,xyl_spp,diff,110,0.163072308760922,0.08871917042910228,0.16600209233484162,0.08305964723924794,73,5,1,DE,0.32484865480194375,0.355117294184569,FALSE,FALSE
tor_vir,zei_gri,diff,0,NA,NA,NA,NA,0,0,0,,NA,NA,TRUE,FALSE
uro_sir_spp,xyl_lin,diff,22,0.3464705861487347,0.11419551419682443,0.3322287567039732,0.13088588084811958,10,1,1,DE,0.36679378541688623,0.46035723608648954,FALSE,FALSE
uro_sir_spp,xyl_spp,diff,22,0.1338176017972466,0.5527109127178977,0.16285090094963534,0.4689998480749882,5,1,1,DE,0.7971827060309588,0.7823969428166859,FALSE,FALSE
uro_sir_spp,zei_gri,diff,0,NA,NA,NA,NA,0,0,0,,NA,NA,TRUE,FALSE
xyl_lin,xyl_spp,diff,132,0.2089668931530137,0.016189204558082735,0.26644611002807966,0.002014120969825838,98,6,1,DE,0.12040720890074035,0.02819769357756173,FALSE,FALSE
xyl_lin,zei_gri,diff,0,NA,NA,NA,NA,0,0,0,,NA,NA,TRUE,FALSE
xyl_spp,zei_gri,diff,0,NA,NA,NA,NA,0,0,0,,NA,NA,TRUE,FALSE
CambXyl_con&BB_con&BO,CambXyl_con&BB_con&SM,anomaly,46,-0.09238308443559205,0.5414398836890298,-0.08853511288198637,0.5584805738594498,13,2,1,DE,0.7271044860783754,0.7480051059523153,FALSE,FALSE
CambXyl_con&BB_con&BO,CambXyl_con&BO,anomaly,23,-0.23575060098237954,0.2788417338595351,-0.21739130434782608,0.31904882862370176,3,1,1,DE,0.4891569466173661,0.5547778085749455,FALSE,FALSE
CambXyl_con&BB_con&BO,CambXyl_con&MD,anomaly,23,-0.11688688551258085,0.5953250122859932,-0.16699604743083005,0.44630212952560666,8,1,1,DE,0.7646099859694788,0.6694894331393745,FALSE,FALSE
CambXyl_con&BB_con&BO,Def_dec,anomaly,0,NA,NA,NA,NA,0,0,0,,NA,NA,TRUE,FALSE
CambXyl_con&BB_con&BO,Def_dec&DB,anomaly,151,0.02261175641978464,0.7828674478210889,0.0486197281282677,0.5532913991081633,83,7,2,"AT,DE",0.886540895919637,0.7440430709781147,FALSE,FALSE
CambXyl_con&BB_con&BO,agr_big,anomaly,46,0.2045187786113416,0.17275612713000382,0.12809127351218008,0.396242432254011,21,2,1,DE,0.35896678129505466,0.6286239258375603,FALSE,FALSE
CambXyl_con&BB_con&BO,agr_vir,anomaly,46,0.2368926430040513,0.11293839812033377,0.15159738526427108,0.3145526547181117,13,2,1,DE,0.2742497942431649,0.5521226860446856,FALSE,FALSE
CambXyl_con&BB_con&BO,bup_pin,anomaly,0,NA,NA,NA,NA,0,0,0,,NA,NA,TRUE,FALSE
CambXyl_con&BB_con&BO,cep_spp,anomaly,0,NA,NA,NA,NA,0,0,0,,NA,NA,TRUE,FALSE
CambXyl_con&BB_con&BO,clo_ana,anomaly,0,NA,NA,NA,NA,0,0,0,,NA,NA,TRUE,FALSE
CambXyl_con&BB_con&BO,den_mic,anomaly,0,NA,NA,NA,NA,0,0,0,,NA,NA,TRUE,FALSE
CambXyl_con&BB_con&BO,den_pin,anomaly,0,NA,NA,NA,NA,0,0,0,,NA,NA,TRUE,FALSE
CambXyl_con&BB_con&BO,dip_sp,anomaly,86,-0.04885527073142096,0.6550899981354641,-0.09837256474361998,0.3675305922703549,38,4,2,"AT,DE",0.8136778934010327,0.6008404535400165,FALSE,FALSE
CambXyl_con&BB_con&BO,era_def,anomaly,0,NA,NA,NA,NA,0,0,0,,NA,NA,TRUE,FALSE
CambXyl_con&BB_con&BO,geo_db,anomaly,23,-0.23321084925507388,0.2842041058455369,-0.2075098814229249,0.34207075853531943,17,1,1,HR,0.4952837536225219,0.5783146862513057,FALSE,FALSE
CambXyl_con&BB_con&BO,ips_acu,anomaly,0,NA,NA,NA,NA,0,0,0,,NA,NA,TRUE,FALSE
CambXyl_con&BB_con&BO,ips_ami,anomaly,0,NA,NA,NA,NA,0,0,0,,NA,NA,TRUE,FALSE
CambXyl_con&BB_con&BO,ips_cem,anomaly,46,0.06366396303094235,0.6742416404677085,0.11119333950046253,0.4619246943373254,18,2,1,DE,0.821253848698844,0.681645511334062,FALSE,FALSE
CambXyl_con&BB_con&BO,ips_dup,anomaly,0,NA,NA,NA,NA,0,0,0,,NA,NA,TRUE,FALSE
CambXyl_con&BB_con&BO,ips_sex,anomaly,0,NA,NA,NA,NA,0,0,0,,NA,NA,TRUE,FALSE
CambXyl_con&BB_con&BO,ips_typ,anomaly,195,0.20947958576678025,0.003291709813425326,0.17591318843159784,0.013897018840896535,153,9,3,"AT,DE,HR",0.019568955833132444,0.06263048355998642,FALSE,FALSE
CambXyl_con&BB_con&BO,lym_dis,anomaly,153,0.12220437427860686,0.13236665433698003,0.07778470239770549,0.3392227058895967,69,7,3,"AT,DE,HR",0.30444330497505406,0.5771978184396964,FALSE,FALSE
CambXyl_con&BB_con&BO,lym_mon,anomaly,0,NA,NA,NA,NA,0,0,0,,NA,NA,TRUE,FALSE
CambXyl_con&BB_con&BO,mel_spp,anomaly,46,0.10040450064168445,0.5067437975567468,0.07271045328399629,0.6310772911493783,21,2,1,DE,0.7102265309218811,0.8082812711177635,FALSE,FALSE
CambXyl_con&BB_con&BO,neo_ser,anomaly,0,NA,NA,NA,NA,0,0,0,,NA,NA,TRUE,FALSE
CambXyl_con&BB_con&BO,ope_spp,anomaly,0,NA,NA,NA,NA,0,0,0,,NA,NA,TRUE,FALSE
CambXyl_con&BB_con&BO,pan_fla,anomaly,0,NA,NA,NA,NA,0,0,0,,NA,NA,TRUE,FALSE
CambXyl_con&BB_con&BO,pha_cya,anomaly,151,0.2597296691687319,0.0012794761949353607,0.22080515859184388,0.006440603173782595,89,7,2,"AT,DE",0.009482340244687618,0.036405782346720254,FALSE,FALSE
CambXyl_con&BB_con&BO,pis_pin,anomaly,0,NA,NA,NA,NA,0,0,0,,NA,NA,TRUE,FALSE
CambXyl_con&BB_con&BO,pit_bid,anomaly,0,NA,NA,NA,NA,0,0,0,,NA,NA,TRUE,FALSE
CambXyl_con&BB_con&BO,pit_cha,anomaly,172,0.12521152170918756,0.1017126410477075,0.12957080158387632,0.09025333645289284,133,8,2,"AT,DE",0.2585514891609833,0.24176295347019888,FALSE,FALSE
CambXyl_con&BB_con&BO,pit_spp,anomaly,174,0.2799041989895398,1.835608751581933e-4,0.25359605911330046,7.343641818667022e-4,131,8,3,"AT,DE,HR",0.0019130484957892958,0.006619201477095816,FALSE,FALSE
CambXyl_con&BB_con&BO,pol_pol,anomaly,0,NA,NA,NA,NA,0,0,0,,NA,NA,TRUE,FALSE
CambXyl_con&BB_con&BO,pri_abi,anomaly,0,NA,NA,NA,NA,0,0,0,,NA,NA,TRUE,FALSE
CambXyl_con&BB_con&BO,sap_car,anomaly,0,NA,NA,NA,NA,0,0,0,,NA,NA,TRUE,FALSE
CambXyl_con&BB_con&BO,sco_int,anomaly,46,0.36996686162351783,0.01138401633533802,0.4046253469010176,0.00528460895214149,10,2,1,DE,0.04867396727993884,0.031404644771310664,FALSE,FALSE
CambXyl_con&BB_con&BO,sco_rat,anomaly,0,NA,NA,NA,NA,0,0,0,,NA,NA,TRUE,FALSE
CambXyl_con&BB_con&BO,sco_sco,anomaly,0,NA,NA,NA,NA,0,0,0,,NA,NA,TRUE,FALSE
CambXyl_con&BB_con&BO,tet_gab,anomaly,130,-0.010494847695752596,0.9056657619414114,-5.9812369416488e-4,0.9946112930325454,85,6,2,"AT,DE",0.9513056113620809,0.9996754496624393,FALSE,FALSE
CambXyl_con&BB_con&BO,tet_spp,anomaly,46,0.057879763089422186,0.7024044122657229,0.09084181313598519,0.5482351994670362,17,2,1,DE,0.8336365533473971,0.7426334006841191,FALSE,FALSE
CambXyl_con&BB_con&BO,tha_pit,anomaly,23,-0.7347786616248951,6.524413779562184e-5,-0.6393280632411067,0.0010219319257502618,19,1,1,HR,8.532909786211719e-4,0.008520357430942808,FALSE,FALSE
CambXyl_con&BB_con&BO,tha_pro,anomaly,46,-0.18289777297763385,0.22374548946510975,-0.2559975331483194,0.08593858854613168,18,2,1,DE,0.4239722769125801,0.23396342269497888,FALSE,FALSE
CambXyl_con&BB_con&BO,tom_spp,anomaly,172,0.5955525224846538,6.877048306276182e-18,0.6056864839878968,1.3405393024210251e-18,135,8,2,"AT,DE",1.1467478050715534e-15,1.8330859890132247e-16,FALSE,FALSE
CambXyl_con&BB_con&BO,tor_vir,anomaly,0,NA,NA,NA,NA,0,0,0,,NA,NA,TRUE,FALSE
CambXyl_con&BB_con&BO,uro_sir_spp,anomaly,0,NA,NA,NA,NA,0,0,0,,NA,NA,TRUE,FALSE
CambXyl_con&BB_con&BO,xyl_lin,anomaly,0,NA,NA,NA,NA,0,0,0,,NA,NA,TRUE,FALSE
CambXyl_con&BB_con&BO,xyl_spp,anomaly,23,-0.2677381902427868,0.21678444932920676,-0.26778656126482214,0.21669824664481446,1,1,1,DE,0.41790528237740143,0.436669880701182,FALSE,FALSE
CambXyl_con&BB_con&BO,zei_gri,anomaly,0,NA,NA,NA,NA,0,0,0,,NA,NA,TRUE,FALSE
CambXyl_con&BB_con&SM,CambXyl_con&BO,anomaly,23,-0.12943658446773562,0.5561137121550095,0.026186770330273487,0.9055893548695654,4,1,1,DE,0.7345105861532502,0.9683417419230814,FALSE,FALSE
CambXyl_con&BB_con&SM,CambXyl_con&MD,anomaly,23,0.07399601985123914,0.7372155912037656,0.015275616025992868,0.9448482395015261,10,1,1,DE,0.859631820262919,0.9796585152110951,FALSE,FALSE
CambXyl_con&BB_con&SM,Def_dec,anomaly,0,NA,NA,NA,NA,0,0,0,,NA,NA,TRUE,FALSE
CambXyl_con&BB_con&SM,Def_dec&DB,anomaly,46,0.02356412453605991,0.8764722210262331,0.0385566314831744,0.7991853010159119,14,2,1,DE,0.9368701465136178,0.9168881266956617,FALSE,FALSE
CambXyl_con&BB_con&SM,agr_big,anomaly,46,0.055579089763661105,0.7137193537340907,-0.0010727704340654086,0.9943545011036581,18,2,1,DE,0.8415401247508911,0.9996754496624393,FALSE,FALSE
CambXyl_con&BB_con&SM,agr_vir,anomaly,46,0.1959179625156447,0.19192707237281617,0.0911911109426182,0.5466916214658607,13,2,1,DE,0.3902907233922817,0.7426334006841191,FALSE,FALSE
CambXyl_con&BB_con&SM,bup_pin,anomaly,0,NA,NA,NA,NA,0,0,0,,NA,NA,TRUE,FALSE
CambXyl_con&BB_con&SM,cep_spp,anomaly,0,NA,NA,NA,NA,0,0,0,,NA,NA,TRUE,FALSE
CambXyl_con&BB_con&SM,clo_ana,anomaly,0,NA,NA,NA,NA,0,0,0,,NA,NA,TRUE,FALSE
CambXyl_con&BB_con&SM,den_mic,anomaly,0,NA,NA,NA,NA,0,0,0,,NA,NA,TRUE,FALSE
CambXyl_con&BB_con&SM,den_pin,anomaly,0,NA,NA,NA,NA,0,0,0,,NA,NA,TRUE,FALSE
CambXyl_con&BB_con&SM,dip_sp,anomaly,23,-0.17291737220133657,0.43010774975842003,0.15384727569035675,0.4833842920436484,1,1,1,DE,0.6375152646419249,0.7024342544512276,FALSE,FALSE
CambXyl_con&BB_con&SM,era_def,anomaly,0,NA,NA,NA,NA,0,0,0,,NA,NA,TRUE,FALSE
CambXyl_con&BB_con&SM,geo_db,anomaly,0,NA,NA,NA,NA,0,0,0,,NA,NA,TRUE,FALSE
CambXyl_con&BB_con&SM,ips_acu,anomaly,0,NA,NA,NA,NA,0,0,0,,NA,NA,TRUE,FALSE
CambXyl_con&BB_con&SM,ips_ami,anomaly,0,NA,NA,NA,NA,0,0,0,,NA,NA,TRUE,FALSE
CambXyl_con&BB_con&SM,ips_cem,anomaly,46,-0.1647162412218006,0.27399541305545294,-0.1309410970991602,0.38572931879868777,14,2,1,DE,0.4835323561425314,0.61907349119926,FALSE,FALSE
CambXyl_con&BB_con&SM,ips_dup,anomaly,0,NA,NA,NA,NA,0,0,0,,NA,NA,TRUE,FALSE
CambXyl_con&BB_con&SM,ips_sex,anomaly,0,NA,NA,NA,NA,0,0,0,,NA,NA,TRUE,FALSE
CambXyl_con&BB_con&SM,ips_typ,anomaly,46,-0.16810583364441287,0.26410480800931957,-0.11882510160853908,0.43156031941157824,14,2,1,DE,0.4761024511951788,0.6542062114716425,FALSE,FALSE
CambXyl_con&BB_con&SM,lym_dis,anomaly,46,0.09693243404467315,0.5216222303639091,0.05370162584645075,0.7229982987115695,14,2,1,DE,0.7191601534086285,0.8720431559504827,FALSE,FALSE
CambXyl_con&BB_con&SM,lym_mon,anomaly,0,NA,NA,NA,NA,0,0,0,,NA,NA,TRUE,FALSE
CambXyl_con&BB_con&SM,mel_spp,anomaly,46,-0.06467979913894896,0.6693394827499611,0.013946015642850314,0.9267077254880769,18,2,1,DE,0.8191732752187597,0.9769861439865156,FALSE,FALSE
CambXyl_con&BB_con&SM,neo_ser,anomaly,0,NA,NA,NA,NA,0,0,0,,NA,NA,TRUE,FALSE
CambXyl_con&BB_con&SM,ope_spp,anomaly,0,NA,NA,NA,NA,0,0,0,,NA,NA,TRUE,FALSE
CambXyl_con&BB_con&SM,pan_fla,anomaly,0,NA,NA,NA,NA,0,0,0,,NA,NA,TRUE,FALSE
CambXyl_con&BB_con&SM,pha_cya,anomaly,46,0.11510511109725033,0.44621927451389254,0.010790808483834404,0.943258720074828,17,2,1,DE,0.6541280353862996,0.9796585152110951,FALSE,FALSE
CambXyl_con&BB_con&SM,pis_pin,anomaly,0,NA,NA,NA,NA,0,0,0,,NA,NA,TRUE,FALSE
CambXyl_con&BB_con&SM,pit_bid,anomaly,0,NA,NA,NA,NA,0,0,0,,NA,NA,TRUE,FALSE
CambXyl_con&BB_con&SM,pit_cha,anomaly,46,-0.17394877751926444,0.24761982795641993,-0.028333760287962854,0.8517251225725638,11,2,1,DE,0.45624979349981243,0.9374598296301981,FALSE,FALSE
CambXyl_con&BB_con&SM,pit_spp,anomaly,46,0.08134000134184767,0.591002286510965,-0.01243151620652268,0.9346488111195437,14,2,1,DE,0.7639506300442125,0.9796585152110951,FALSE,FALSE
CambXyl_con&BB_con&SM,pol_pol,anomaly,0,NA,NA,NA,NA,0,0,0,,NA,NA,TRUE,FALSE
CambXyl_con&BB_con&SM,pri_abi,anomaly,0,NA,NA,NA,NA,0,0,0,,NA,NA,TRUE,FALSE
CambXyl_con&BB_con&SM,sap_car,anomaly,0,NA,NA,NA,NA,0,0,0,,NA,NA,TRUE,FALSE
CambXyl_con&BB_con&SM,sco_int,anomaly,46,-3.9337648377260745e-4,0.997929825506604,-0.00927630904750677,0.9512120356188829,11,2,1,DE,0.9994282186379952,0.9816445694800208,FALSE,FALSE
CambXyl_con&BB_con&SM,sco_rat,anomaly,0,NA,NA,NA,NA,0,0,0,,NA,NA,TRUE,FALSE
CambXyl_con&BB_con&SM,sco_sco,anomaly,0,NA,NA,NA,NA,0,0,0,,NA,NA,TRUE,FALSE
CambXyl_con&BB_con&SM,tet_gab,anomaly,46,-0.19512324827883834,0.19377175696781243,-0.13687288655811009,0.3643812449170948,13,2,1,DE,0.39284426108672,0.6008404535400165,FALSE,FALSE
CambXyl_con&BB_con&SM,tet_spp,anomaly,46,-0.02091719452161689,0.8902577640847061,-0.03704213204684676,0.8069196955934181,14,2,1,DE,0.9446606423594457,0.9216017756178251,FALSE,FALSE
CambXyl_con&BB_con&SM,tha_pit,anomaly,0,NA,NA,NA,NA,0,0,0,,NA,NA,TRUE,FALSE
CambXyl_con&BB_con&SM,tha_pro,anomaly,46,0.09714754597951515,0.5206941747376425,0.09888419236355855,0.5132319762608505,18,2,1,DE,0.7191601534086285,0.7185253000928159,FALSE,FALSE
CambXyl_con&BB_con&SM,tom_spp,anomaly,46,-0.17144935211540388,0.25458436590088757,-0.04549808723300939,0.7639893838812208,15,2,1,DE,0.4652267727558685,0.890576143095244,FALSE,FALSE
CambXyl_con&BB_con&SM,tor_vir,anomaly,0,NA,NA,NA,NA,0,0,0,,NA,NA,TRUE,FALSE
CambXyl_con&BB_con&SM,uro_sir_spp,anomaly,0,NA,NA,NA,NA,0,0,0,,NA,NA,TRUE,FALSE
CambXyl_con&BB_con&SM,xyl_lin,anomaly,0,NA,NA,NA,NA,0,0,0,,NA,NA,TRUE,FALSE
CambXyl_con&BB_con&SM,xyl_spp,anomaly,23,0.2158968731435313,0.3224688017789126,0.16257619913378124,0.4585963831819341,1,1,1,DE,0.5390643879361772,0.6782345622668515,FALSE,FALSE
CambXyl_con&BB_con&SM,zei_gri,anomaly,0,NA,NA,NA,NA,0,0,0,,NA,NA,TRUE,FALSE
CambXyl_con&BO,CambXyl_con&MD,anomaly,23,-0.05302800189621794,0.8100977717411957,-0.11067193675889328,0.6151653144002206,6,1,1,DE,0.8990602558259193,0.7967286693299944,FALSE,FALSE
CambXyl_con&BO,Def_dec,anomaly,0,NA,NA,NA,NA,0,0,0,,NA,NA,TRUE,FALSE
CambXyl_con&BO,Def_dec&DB,anomaly,23,-0.09411813268424747,0.6692675159278836,0.028656126482213436,0.8967308659954059,3,1,1,DE,0.8191732752187597,0.9658734399343119,FALSE,FALSE
CambXyl_con&BO,agr_big,anomaly,23,-0.557436286942895,0.00571931572866196,-0.44565217391304346,0.03307031065047676,6,1,1,DE,0.02998160505843642,0.11609419580983157,FALSE,FALSE
CambXyl_con&BO,agr_vir,anomaly,23,-0.22502145202270438,0.30193210790823277,-0.09735606919401477,0.6585484485154256,4,1,1,DE,0.5177087814261986,0.8272162244063821,FALSE,FALSE
CambXyl_con&BO,bup_pin,anomaly,0,NA,NA,NA,NA,0,0,0,,NA,NA,TRUE,FALSE
CambXyl_con&BO,cep_spp,anomaly,0,NA,NA,NA,NA,0,0,0,,NA,NA,TRUE,FALSE
CambXyl_con&BO,clo_ana,anomaly,0,NA,NA,NA,NA,0,0,0,,NA,NA,TRUE,FALSE
CambXyl_con&BO,den_mic,anomaly,0,NA,NA,NA,NA,0,0,0,,NA,NA,TRUE,FALSE
CambXyl_con&BO,den_pin,anomaly,0,NA,NA,NA,NA,0,0,0,,NA,NA,TRUE,FALSE
CambXyl_con&BO,dip_sp,anomaly,23,-0.29321875186860613,0.17450274771242752,-0.18478260869565216,0.3986298380742026,0,1,1,DE,0.3614699774043142,0.6286239258375603,FALSE,FALSE
CambXyl_con&BO,era_def,anomaly,0,NA,NA,NA,NA,0,0,0,,NA,NA,TRUE,FALSE
CambXyl_con&BO,geo_db,anomaly,0,NA,NA,NA,NA,0,0,0,,NA,NA,TRUE,FALSE
CambXyl_con&BO,ips_acu,anomaly,0,NA,NA,NA,NA,0,0,0,,NA,NA,TRUE,FALSE
CambXyl_con&BO,ips_ami,anomaly,0,NA,NA,NA,NA,0,0,0,,NA,NA,TRUE,FALSE
CambXyl_con&BO,ips_cem,anomaly,23,0.15671516850078746,0.47516675978157386,0.18972332015810275,0.38591224597759055,6,1,1,DE,0.6811004772863279,0.61907349119926,FALSE,FALSE
CambXyl_con&BO,ips_dup,anomaly,0,NA,NA,NA,NA,0,0,0,,NA,NA,TRUE,FALSE
CambXyl_con&BO,ips_sex,anomaly,0,NA,NA,NA,NA,0,0,0,,NA,NA,TRUE,FALSE
CambXyl_con&BO,ips_typ,anomaly,46,-0.0014940233536821234,0.9921376996536722,-0.07431390687634905,0.6235466077695238,29,2,2,"DE,SI",0.9968180322857605,0.8044595500624223,FALSE,FALSE
CambXyl_con&BO,lym_dis,anomaly,23,-0.2744207144400042,0.20509133325549483,-0.18577075098814227,0.39606780480954484,4,1,1,DE,0.4055637125085324,0.6286239258375603,FALSE,FALSE
CambXyl_con&BO,lym_mon,anomaly,0,NA,NA,NA,NA,0,0,0,,NA,NA,TRUE,FALSE
CambXyl_con&BO,mel_spp,anomaly,23,-0.5954852590450217,0.0027185447057191344,-0.44861660079051385,0.03178338134331046,6,1,1,DE,0.01648426653376966,0.11459197489723286,FALSE,FALSE
CambXyl_con&BO,neo_ser,anomaly,0,NA,NA,NA,NA,0,0,0,,NA,NA,TRUE,FALSE
CambXyl_con&BO,ope_spp,anomaly,0,NA,NA,NA,NA,0,0,0,,NA,NA,TRUE,FALSE
CambXyl_con&BO,pan_fla,anomaly,0,NA,NA,NA,NA,0,0,0,,NA,NA,TRUE,FALSE
CambXyl_con&BO,pha_cya,anomaly,23,-0.33695889251620104,0.11588939449390633,-0.23122529644268774,0.2884410695828934,5,1,1,DE,0.27805117312027167,0.5270964203062737,FALSE,FALSE
CambXyl_con&BO,pis_pin,anomaly,0,NA,NA,NA,NA,0,0,0,,NA,NA,TRUE,FALSE
CambXyl_con&BO,pit_bid,anomaly,0,NA,NA,NA,NA,0,0,0,,NA,NA,TRUE,FALSE
CambXyl_con&BO,pit_cha,anomaly,46,-0.06330759457994724,0.6759645621224368,-0.09762565525747763,0.5186344171528875,15,2,2,"DE,SI",0.821253848698844,0.719187435012424,FALSE,FALSE
CambXyl_con&BO,pit_spp,anomaly,46,0.11564592590147259,0.4440713016111131,-0.046931853222325,0.7567753872144074,29,2,2,"DE,SI",0.6538533293037802,0.8855599706526487,FALSE,FALSE
CambXyl_con&BO,pol_pol,anomaly,0,NA,NA,NA,NA,0,0,0,,NA,NA,TRUE,FALSE
CambXyl_con&BO,pri_abi,anomaly,0,NA,NA,NA,NA,0,0,0,,NA,NA,TRUE,FALSE
CambXyl_con&BO,sap_car,anomaly,0,NA,NA,NA,NA,0,0,0,,NA,NA,TRUE,FALSE
CambXyl_con&BO,sco_int,anomaly,23,-0.1388714678200662,0.5274279078873387,-0.09980237154150197,0.6504928119104102,4,1,1,DE,0.7194159806970448,0.8217399726216734,FALSE,FALSE
CambXyl_con&BO,sco_rat,anomaly,0,NA,NA,NA,NA,0,0,0,,NA,NA,TRUE,FALSE
CambXyl_con&BO,sco_sco,anomaly,0,NA,NA,NA,NA,0,0,0,,NA,NA,TRUE,FALSE
CambXyl_con&BO,tet_gab,anomaly,23,0.06606578260516348,0.7645596963796174,0.045454545454545456,0.8368364960931192,6,1,1,DE,0.8777372817928796,0.9374598296301981,FALSE,FALSE
CambXyl_con&BO,tet_spp,anomaly,23,-0.19710576029964028,0.3673439909108027,-0.2490118577075099,0.2518846223428404,5,1,1,DE,0.5842285596638295,0.48138091300826136,FALSE,FALSE
CambXyl_con&BO,tha_pit,anomaly,0,NA,NA,NA,NA,0,0,0,,NA,NA,TRUE,FALSE
CambXyl_con&BO,tha_pro,anomaly,23,0.26734171260033757,0.21749187919034285,0.28952569169960474,0.1802469820479305,6,1,1,DE,0.4180607591353276,0.3878217323418376,FALSE,FALSE
CambXyl_con&BO,tom_spp,anomaly,23,-0.10071239360878208,0.6475056916263404,0.1600790513833992,0.4656193711578118,3,1,1,DE,0.8087758357954478,0.6848938791281023,FALSE,FALSE
CambXyl_con&BO,tor_vir,anomaly,0,NA,NA,NA,NA,0,0,0,,NA,NA,TRUE,FALSE
CambXyl_con&BO,uro_sir_spp,anomaly,0,NA,NA,NA,NA,0,0,0,,NA,NA,TRUE,FALSE
CambXyl_con&BO,xyl_lin,anomaly,0,NA,NA,NA,NA,0,0,0,,NA,NA,TRUE,FALSE
CambXyl_con&BO,xyl_spp,anomaly,23,0.36002209064071977,0.09151780097320092,0.33992094861660077,0.11251980895696757,2,1,1,DE,0.23844677050439458,0.28428300217536884,FALSE,FALSE
CambXyl_con&BO,zei_gri,anomaly,0,NA,NA,NA,NA,0,0,0,,NA,NA,TRUE,FALSE
CambXyl_con&MD,Def_dec,anomaly,0,NA,NA,NA,NA,0,0,0,,NA,NA,TRUE,FALSE
CambXyl_con&MD,Def_dec&DB,anomaly,184,0.190515200239732,0.009585532616473748,0.19479493748916413,0.008055087894511852,88,8,2,"CZ,DE",0.04409345003577924,0.04264082242570957,FALSE,FALSE
CambXyl_con&MD,agr_big,anomaly,23,-0.07361294812839098,0.7385296852967573,-0.17687747035573123,0.4194562721219227,15,1,1,DE,0.859631820262919,0.6463353657074454,FALSE,FALSE
CambXyl_con&MD,agr_vir,anomaly,23,0.03627436721343458,0.8694809160832919,0.05683222313356191,0.7967418194921408,13,1,1,DE,0.9338869098672395,0.9162530924159623,FALSE,FALSE
CambXyl_con&MD,bup_pin,anomaly,0,NA,NA,NA,NA,0,0,0,,NA,NA,TRUE,FALSE
CambXyl_con&MD,cep_spp,anomaly,138,0.018338298814288476,0.8309489386904412,0.02452344693588195,0.775255122307303,76,6,1,CZ,0.9071079248879285,0.8977346641996026,FALSE,FALSE
CambXyl_con&MD,clo_ana,anomaly,0,NA,NA,NA,NA,0,0,0,,NA,NA,TRUE,FALSE
CambXyl_con&MD,den_mic,anomaly,0,NA,NA,NA,NA,0,0,0,,NA,NA,TRUE,FALSE
CambXyl_con&MD,den_pin,anomaly,0,NA,NA,NA,NA,0,0,0,,NA,NA,TRUE,FALSE
CambXyl_con&MD,dip_sp,anomaly,23,0.13412031622433215,0.5417855016206186,0.07312252964426878,0.740213056160361,3,1,1,DE,0.7271044860783754,0.8848066459838007,FALSE,FALSE
CambXyl_con&MD,era_def,anomaly,0,NA,NA,NA,NA,0,0,0,,NA,NA,TRUE,FALSE
CambXyl_con&MD,geo_db,anomaly,0,NA,NA,NA,NA,0,0,0,,NA,NA,TRUE,FALSE
CambXyl_con&MD,ips_acu,anomaly,161,0.18333753262490912,0.0199156089287369,0.14131297446514837,0.07376418960143419,117,7,1,CZ,0.07678445754605498,0.21116186465303263,FALSE,FALSE
CambXyl_con&MD,ips_ami,anomaly,0,NA,NA,NA,NA,0,0,0,,NA,NA,TRUE,FALSE
CambXyl_con&MD,ips_cem,anomaly,23,-0.4206495921524469,0.045640844046154073,-0.2381422924901186,0.27385067288094017,11,1,1,DE,0.13964423384763655,0.5109159618564569,FALSE,FALSE
CambXyl_con&MD,ips_dup,anomaly,161,-0.07656999466624699,0.33433838515423575,-0.08241603404646883,0.2986357962725599,118,7,1,CZ,0.5519893636086021,0.5347294890435709,FALSE,FALSE
CambXyl_con&MD,ips_sex,anomaly,161,0.13552930330270047,0.08649328956492812,0.07535081665516448,0.34211412685352105,115,7,1,CZ,0.23011056597223478,0.5783146862513057,FALSE,FALSE
CambXyl_con&MD,ips_typ,anomaly,184,-0.17576204258899492,0.01700898850691709,-0.1313575157481073,0.07550461567746515,137,8,2,"CZ,DE",0.06673526667125705,0.21328150875654636,FALSE,FALSE
CambXyl_con&MD,lym_dis,anomaly,23,0.0910547107702099,0.6794667066578622,-0.08201581027667984,0.7098728079837815,12,1,1,DE,0.8219381142042448,0.864024019936464,FALSE,FALSE
CambXyl_con&MD,lym_mon,anomaly,115,0.05783029774228135,0.5392813312055045,0.011765170046555671,0.9006871039838611,70,5,1,CZ,0.7271044860783754,0.9665782850963094,FALSE,FALSE
CambXyl_con&MD,mel_spp,anomaly,23,-0.007556817763519687,0.9727013039299942,0.025691699604743084,0.9073666997030374,15,1,1,DE,0.9845095139928772,0.9683417419230814,FALSE,FALSE
CambXyl_con&MD,neo_ser,anomaly,0,NA,NA,NA,NA,0,0,0,,NA,NA,TRUE,FALSE
CambXyl_con&MD,ope_spp,anomaly,0,NA,NA,NA,NA,0,0,0,,NA,NA,TRUE,FALSE
CambXyl_con&MD,pan_fla,anomaly,0,NA,NA,NA,NA,0,0,0,,NA,NA,TRUE,FALSE
CambXyl_con&MD,pha_cya,anomaly,184,-0.10107156250733308,0.17220379942217234,-0.06846911059313054,0.35573877873733184,124,8,2,"CZ,DE",0.35893729442059047,0.5931944135445009,FALSE,FALSE
CambXyl_con&MD,pis_pin,anomaly,0,NA,NA,NA,NA,0,0,0,,NA,NA,TRUE,FALSE
CambXyl_con&MD,pit_bid,anomaly,0,NA,NA,NA,NA,0,0,0,,NA,NA,TRUE,FALSE
CambXyl_con&MD,pit_cha,anomaly,23,-0.4738884675882944,0.022352120214921653,-0.5217391304347826,0.010667373110931072,11,1,1,DE,0.083338094559756,0.05362830257403454,FALSE,FALSE
CambXyl_con&MD,pit_spp,anomaly,161,0.02695321129288177,0.7343123430397952,0.04198585231193926,0.5969282509630256,113,7,2,"CZ,DE",0.8592742680834096,0.7776389519381603,FALSE,FALSE
CambXyl_con&MD,pol_pol,anomaly,161,0.08939096629906898,0.25946121690750956,0.060533126293995855,0.44558604030052695,109,7,1,CZ,0.4700487122862374,0.6694894331393745,FALSE,FALSE
CambXyl_con&MD,pri_abi,anomaly,138,0.02017850713998128,0.8142773717091926,0.0643463648630445,0.45337485080408035,77,6,1,CZ,0.8992102763742241,0.6777599954418813,FALSE,FALSE
CambXyl_con&MD,sap_car,anomaly,0,NA,NA,NA,NA,0,0,0,,NA,NA,TRUE,FALSE
CambXyl_con&MD,sco_int,anomaly,184,0.2649870574978318,2.7780207065243237e-4,0.2648725703608098,2.7956286170186196e-4,80,8,2,"CZ,DE",0.0026097743820446815,0.003132290713047735,FALSE,FALSE
CambXyl_con&MD,sco_rat,anomaly,161,0.16431122351170105,0.03726869416068005,0.20885955831608005,0.007840299053967567,65,7,1,CZ,0.1218540147312431,0.04183583575197094,FALSE,FALSE
CambXyl_con&MD,sco_sco,anomaly,0,NA,NA,NA,NA,0,0,0,,NA,NA,TRUE,FALSE
CambXyl_con&MD,tet_gab,anomaly,23,-0.50375149344623,0.014257225376528989,-0.6600790513833992,6.095185302205128e-4,11,1,1,DE,0.05798517881795632,0.005646511939681695,FALSE,FALSE
CambXyl_con&MD,tet_spp,anomaly,23,-0.19646887013287093,0.36892523011832223,-0.3616600790513834,0.08994509168798827,12,1,1,DE,0.5842285596638295,0.24176295347019888,FALSE,FALSE
CambXyl_con&MD,tha_pit,anomaly,0,NA,NA,NA,NA,0,0,0,,NA,NA,TRUE,FALSE
CambXyl_con&MD,tha_pro,anomaly,23,0.24143975609290294,0.2670627685793768,0.31225296442687744,0.1469017639625557,15,1,1,DE,0.47884641570549547,0.3394721217864927,FALSE,FALSE
CambXyl_con&MD,tom_spp,anomaly,184,-0.03638650349989989,0.623872528838732,0.00833927298645759,0.9105455278451988,132,8,2,"CZ,DE",0.7910811474890441,0.9687730696448531,FALSE,FALSE
CambXyl_con&MD,tor_vir,anomaly,0,NA,NA,NA,NA,0,0,0,,NA,NA,TRUE,FALSE
CambXyl_con&MD,uro_sir_spp,anomaly,0,NA,NA,NA,NA,0,0,0,,NA,NA,TRUE,FALSE
CambXyl_con&MD,xyl_lin,anomaly,0,NA,NA,NA,NA,0,0,0,,NA,NA,TRUE,FALSE
CambXyl_con&MD,xyl_spp,anomaly,23,0.30554296619648924,0.15625308837421842,0.44960474308300397,0.03136335305387773,5,1,1,DE,0.33404105751796054,0.11369215482030678,FALSE,FALSE
CambXyl_con&MD,zei_gri,anomaly,115,-0.026355702797778383,0.7797886871213795,-0.05277881928336392,0.5753447946616737,50,5,1,CZ,0.8860866842396938,0.7599108476026463,FALSE,FALSE
Def_dec,Def_dec&DB,anomaly,0,NA,NA,NA,NA,0,0,0,,NA,NA,TRUE,FALSE
Def_dec,agr_big,anomaly,0,NA,NA,NA,NA,0,0,0,,NA,NA,TRUE,FALSE
Def_dec,agr_vir,anomaly,0,NA,NA,NA,NA,0,0,0,,NA,NA,TRUE,FALSE
Def_dec,bup_pin,anomaly,0,NA,NA,NA,NA,0,0,0,,NA,NA,TRUE,FALSE
Def_dec,cep_spp,anomaly,0,NA,NA,NA,NA,0,0,0,,NA,NA,TRUE,FALSE
Def_dec,clo_ana,anomaly,0,NA,NA,NA,NA,0,0,0,,NA,NA,TRUE,FALSE
Def_dec,den_mic,anomaly,0,NA,NA,NA,NA,0,0,0,,NA,NA,TRUE,FALSE
Def_dec,den_pin,anomaly,0,NA,NA,NA,NA,0,0,0,,NA,NA,TRUE,FALSE
Def_dec,dip_sp,anomaly,0,NA,NA,NA,NA,0,0,0,,NA,NA,TRUE,FALSE
Def_dec,era_def,anomaly,0,NA,NA,NA,NA,0,0,0,,NA,NA,TRUE,FALSE
Def_dec,geo_db,anomaly,0,NA,NA,NA,NA,0,0,0,,NA,NA,TRUE,FALSE
Def_dec,ips_acu,anomaly,0,NA,NA,NA,NA,0,0,0,,NA,NA,TRUE,FALSE
Def_dec,ips_ami,anomaly,0,NA,NA,NA,NA,0,0,0,,NA,NA,TRUE,FALSE
Def_dec,ips_cem,anomaly,0,NA,NA,NA,NA,0,0,0,,NA,NA,TRUE,FALSE
Def_dec,ips_dup,anomaly,0,NA,NA,NA,NA,0,0,0,,NA,NA,TRUE,FALSE
Def_dec,ips_sex,anomaly,0,NA,NA,NA,NA,0,0,0,,NA,NA,TRUE,FALSE
Def_dec,ips_typ,anomaly,0,NA,NA,NA,NA,0,0,0,,NA,NA,TRUE,FALSE
Def_dec,lym_dis,anomaly,0,NA,NA,NA,NA,0,0,0,,NA,NA,TRUE,FALSE
Def_dec,lym_mon,anomaly,0,NA,NA,NA,NA,0,0,0,,NA,NA,TRUE,FALSE
Def_dec,mel_spp,anomaly,0,NA,NA,NA,NA,0,0,0,,NA,NA,TRUE,FALSE
Def_dec,neo_ser,anomaly,0,NA,NA,NA,NA,0,0,0,,NA,NA,TRUE,FALSE
Def_dec,ope_spp,anomaly,0,NA,NA,NA,NA,0,0,0,,NA,NA,TRUE,FALSE
Def_dec,pan_fla,anomaly,0,NA,NA,NA,NA,0,0,0,,NA,NA,TRUE,FALSE
Def_dec,pha_cya,anomaly,0,NA,NA,NA,NA,0,0,0,,NA,NA,TRUE,FALSE
Def_dec,pis_pin,anomaly,0,NA,NA,NA,NA,0,0,0,,NA,NA,TRUE,FALSE
Def_dec,pit_bid,anomaly,0,NA,NA,NA,NA,0,0,0,,NA,NA,TRUE,FALSE
Def_dec,pit_cha,anomaly,0,NA,NA,NA,NA,0,0,0,,NA,NA,TRUE,FALSE
Def_dec,pit_spp,anomaly,0,NA,NA,NA,NA,0,0,0,,NA,NA,TRUE,FALSE
Def_dec,pol_pol,anomaly,0,NA,NA,NA,NA,0,0,0,,NA,NA,TRUE,FALSE
Def_dec,pri_abi,anomaly,0,NA,NA,NA,NA,0,0,0,,NA,NA,TRUE,FALSE
Def_dec,sap_car,anomaly,0,NA,NA,NA,NA,0,0,0,,NA,NA,TRUE,FALSE
Def_dec,sco_int,anomaly,0,NA,NA,NA,NA,0,0,0,,NA,NA,TRUE,FALSE
Def_dec,sco_rat,anomaly,0,NA,NA,NA,NA,0,0,0,,NA,NA,TRUE,FALSE
Def_dec,sco_sco,anomaly,0,NA,NA,NA,NA,0,0,0,,NA,NA,TRUE,FALSE
Def_dec,tet_gab,anomaly,0,NA,NA,NA,NA,0,0,0,,NA,NA,TRUE,FALSE
Def_dec,tet_spp,anomaly,0,NA,NA,NA,NA,0,0,0,,NA,NA,TRUE,FALSE
Def_dec,tha_pit,anomaly,0,NA,NA,NA,NA,0,0,0,,NA,NA,TRUE,FALSE
Def_dec,tha_pro,anomaly,0,NA,NA,NA,NA,0,0,0,,NA,NA,TRUE,FALSE
Def_dec,tom_spp,anomaly,0,NA,NA,NA,NA,0,0,0,,NA,NA,TRUE,FALSE
Def_dec,tor_vir,anomaly,0,NA,NA,NA,NA,0,0,0,,NA,NA,TRUE,FALSE
Def_dec,uro_sir_spp,anomaly,0,NA,NA,NA,NA,0,0,0,,NA,NA,TRUE,FALSE
Def_dec,xyl_lin,anomaly,0,NA,NA,NA,NA,0,0,0,,NA,NA,TRUE,FALSE
Def_dec,xyl_spp,anomaly,0,NA,NA,NA,NA,0,0,0,,NA,NA,TRUE,FALSE
Def_dec,zei_gri,anomaly,0,NA,NA,NA,NA,0,0,0,,NA,NA,TRUE,FALSE
Def_dec&DB,agr_big,anomaly,92,0.07185125853842664,0.49610518967023765,0.06533298398656041,0.5360839918919069,37,4,1,DE,0.7025523598939458,0.7327213577702909,FALSE,FALSE
Def_dec&DB,agr_vir,anomaly,46,0.10308068458030967,0.495424703517104,0.07875909722639307,0.6028691942607167,15,2,1,DE,0.7025523598939458,0.7838474709003861,FALSE,FALSE
Def_dec&DB,bup_pin,anomaly,69,0.19257668231582997,0.11289444249326226,0.12535622944830108,0.30474114453512496,14,3,1,DE,0.2742497942431649,0.5397300360840089,FALSE,FALSE
Def_dec&DB,cep_spp,anomaly,138,-0.14821240852959486,0.08276568347038606,-0.1394304423170445,0.10288703550772221,73,6,1,CZ,0.223131113953798,0.2680689557955106,FALSE,FALSE
Def_dec&DB,clo_ana,anomaly,0,NA,NA,NA,NA,0,0,0,,NA,NA,TRUE,FALSE
Def_dec&DB,den_mic,anomaly,0,NA,NA,NA,NA,0,0,0,,NA,NA,TRUE,FALSE
Def_dec&DB,den_pin,anomaly,23,-0.4916416133935275,0.017188349572130827,-0.5148221343873518,0.011947654542326483,4,1,1,DE,0.06704461499772668,0.05692203985522688,FALSE,FALSE
Def_dec&DB,dip_sp,anomaly,109,-0.04054075439263499,0.6755447664351788,0.022194421276990083,0.8188119103109519,40,5,2,"AT,DE",0.821253848698844,0.9304046749189182,FALSE,FALSE
Def_dec&DB,era_def,anomaly,23,-0.6072676970892451,0.0021190337964760715,-0.5193319876916198,0.011099440228631673,0,1,1,DE,0.013209304133173267,0.05405049983685317,FALSE,FALSE
Def_dec&DB,geo_db,anomaly,0,NA,NA,NA,NA,0,0,0,,NA,NA,TRUE,FALSE
Def_dec&DB,ips_acu,anomaly,184,0.03912967272679833,0.5979397443104604,0.005089480071661112,0.9453342592775928,98,8,2,"CZ,DE",0.7655005939636796,0.9796585152110951,FALSE,FALSE
Def_dec&DB,ips_ami,anomaly,0,NA,NA,NA,NA,0,0,0,,NA,NA,TRUE,FALSE
Def_dec&DB,ips_cem,anomaly,115,0.14478946352684244,0.12261757888462797,0.15406770299060998,0.10018152952766053,54,5,1,DE,0.285964773133031,0.26411494148201414,FALSE,FALSE
Def_dec&DB,ips_dup,anomaly,184,0.07385827402952205,0.31905753615314447,0.054050201306081555,0.46617964186530503,96,8,1,CZ,0.5347019512918275,0.6848938791281023,FALSE,FALSE
Def_dec&DB,ips_sex,anomaly,184,0.0655151168421495,0.37692094175057866,0.05378243532199341,0.46839449918150733,95,8,2,"CZ,DE",0.5887734617040655,0.6866354526462976,FALSE,FALSE
Def_dec&DB,ips_typ,anomaly,404,-0.05629030075148551,0.2589777554595414,-0.07655928537436042,0.1244623385344183,237,18,3,"AT,CZ,DE",0.4700487122862374,0.30633350480611443,FALSE,FALSE
Def_dec&DB,lym_dis,anomaly,153,0.34608290458701585,1.1765459905085838e-5,0.30952716014635523,9.88920980092735e-5,59,7,2,"AT,DE",1.868467084926727e-4,0.001293353517101675,FALSE,FALSE
Def_dec&DB,lym_mon,anomaly,138,-0.008228010191878011,0.9236955701130795,-0.04718611654630595,0.5826104678663582,63,6,2,"CZ,DE",0.9611621611005055,0.7634600826460921,FALSE,FALSE
Def_dec&DB,mel_spp,anomaly,115,0.14012013483091748,0.13528416978590435,0.1130355874694232,0.22905811067050041,40,5,1,DE,0.30692020832380346,0.4518401516774604,FALSE,FALSE
Def_dec&DB,neo_ser,anomaly,0,NA,NA,NA,NA,0,0,0,,NA,NA,TRUE,FALSE
Def_dec&DB,ope_spp,anomaly,0,NA,NA,NA,NA,0,0,0,,NA,NA,TRUE,FALSE
Def_dec&DB,pan_fla,anomaly,46,0.29908944908961266,0.04346868697800808,0.19173604687018192,0.20177499420628153,8,2,1,DE,0.13485401960154134,0.41727922918594357,FALSE,FALSE
Def_dec&DB,pha_cya,anomaly,360,0.0978480566371272,0.0636630662905695,0.08445564137583367,0.10966083797363212,174,16,3,"AT,CZ,DE",0.1822457734584114,0.28132222664774087,FALSE,FALSE
Def_dec&DB,pis_pin,anomaly,46,0.23729964790429217,0.11230286619353218,0.32852297255627505,0.025806964405738257,10,2,1,DE,0.2742497942431649,0.09949852750651686,FALSE,FALSE
Def_dec&DB,pit_bid,anomaly,23,-0.16052629665290652,0.46435748317879866,0.05830039525691699,0.7916018249847689,4,1,1,DE,0.6747852751203893,0.9150752465595163,FALSE,FALSE
Def_dec&DB,pit_cha,anomaly,220,0.04332561736350693,0.5226523922137998,0.06146295284087387,0.36424411295796444,119,10,2,"AT,DE",0.7191601534086285,0.6008404535400165,FALSE,FALSE
Def_dec&DB,pit_spp,anomaly,268,-0.07184253253501441,0.24114457324225871,-0.05547593056811925,0.36566040348670736,150,12,3,"AT,CZ,DE",0.449283325007225,0.6008404535400165,FALSE,FALSE
Def_dec&DB,pol_pol,anomaly,184,-0.030392870334747118,0.6821331044914007,-0.013914199302652615,0.851296674327746,90,8,1,CZ,0.8225650733992571,0.9374598296301981,FALSE,FALSE
Def_dec&DB,pri_abi,anomaly,161,-0.09930918471767644,0.21006938957524618,-0.08626063952150909,0.2765836946505364,81,7,1,CZ,0.4090913856147336,0.5124481231441883,FALSE,FALSE
Def_dec&DB,sap_car,anomaly,0,NA,NA,NA,NA,0,0,0,,NA,NA,TRUE,FALSE
Def_dec&DB,sco_int,anomaly,230,0.0856781582412851,0.19543201961442483,0.11283832931829894,0.08774560706699842,71,10,2,"CZ,DE",0.39500956691764044,0.2379118695678372,FALSE,FALSE
Def_dec&DB,sco_rat,anomaly,184,0.09869507650012647,0.1825651773387558,0.16036678160698117,0.029660817703989158,55,8,2,"CZ,DE",0.37467991779984655,0.10947604437780738,FALSE,FALSE
Def_dec&DB,sco_sco,anomaly,0,NA,NA,NA,NA,0,0,0,,NA,NA,TRUE,FALSE
Def_dec&DB,tet_gab,anomaly,199,0.034073699851574546,0.6328072062853158,0.03805390589310187,0.5935989339373158,93,9,2,"AT,DE",0.7948821216427602,0.7763342920317444,FALSE,FALSE
Def_dec&DB,tet_spp,anomaly,92,0.2516796719741858,0.015515664035270708,0.22136769261593944,0.03395222406086297,45,4,1,DE,0.0616008804257474,0.11785478480419291,FALSE,FALSE
Def_dec&DB,tha_pit,anomaly,23,0.7058219467980583,1.6798314173374355e-4,0.8280632411067195,1.0754337738217002e-6,6,1,1,DE,0.0017784881831175705,2.4734976797899104e-5,FALSE,FALSE
Def_dec&DB,tha_pro,anomaly,92,0.18847467973024667,0.0719822704346273,0.12360710817933818,0.24043689088217537,44,4,1,DE,0.20088775891170044,0.4689222404047104,FALSE,FALSE
Def_dec&DB,tom_spp,anomaly,404,0.027547678973272312,0.5808862464815785,0.032808938462084415,0.5108046680568439,231,18,3,"AT,CZ,DE",0.7533387194472322,0.7185253000928159,FALSE,FALSE
Def_dec&DB,tor_vir,anomaly,23,-0.6275678988938314,0.0013476998750018084,-0.633399209486166,0.0011765515263597297,0,1,1,DE,0.009562934219427726,0.009342379381927854,FALSE,FALSE
Def_dec&DB,uro_sir_spp,anomaly,0,NA,NA,NA,NA,0,0,0,,NA,NA,TRUE,FALSE
Def_dec&DB,xyl_lin,anomaly,46,-0.21462333834195427,0.15204694231128502,-0.3646623496762257,0.012714947020536422,28,2,1,DE,0.330343031015072,0.05930678085802653,FALSE,FALSE
Def_dec&DB,xyl_spp,anomaly,69,0.02825537268254352,0.8177305239146149,0.024040920716112534,0.8445483970334255,19,3,1,DE,0.9015310073571043,0.9374598296301981,FALSE,FALSE
Def_dec&DB,zei_gri,anomaly,115,0.1535416034021383,0.10136062606622331,0.07419653990762375,0.43065916420265415,51,5,1,CZ,0.2585514891609833,0.6542062114716425,FALSE,FALSE
agr_big,agr_vir,anomaly,92,0.3611108256735876,4.05597643491606e-4,0.33506211279834297,0.001095508331548474,46,4,1,DE,0.0035596530027487,0.00891102508710771,FALSE,FALSE
agr_big,bup_pin,anomaly,352,0.05013426070045872,0.3483233999121279,0.07331789236888388,0.16990142776000244,121,17,2,"DE,PL",0.5650758448523163,0.3759052526328343,FALSE,FALSE
agr_big,cep_spp,anomaly,0,NA,NA,NA,NA,0,0,0,,NA,NA,TRUE,FALSE
agr_big,clo_ana,anomaly,0,NA,NA,NA,NA,0,0,0,,NA,NA,TRUE,FALSE
agr_big,den_mic,anomaly,0,NA,NA,NA,NA,0,0,0,,NA,NA,TRUE,FALSE
agr_big,den_pin,anomaly,246,-0.009386923458294696,0.8835412908238982,1.406625650161319e-4,0.9982486691896622,147,12,2,"DE,PL",0.9411141894550904,0.9996754496624393,FALSE,FALSE
agr_big,dip_sp,anomaly,372,0.023341643775983897,0.6536167996906113,0.02951812326378892,0.5703523782133317,234,18,2,"DE,PL",0.813362696629921,0.7568069702156123,FALSE,FALSE
agr_big,era_def,anomaly,46,0.0376553707879747,0.8037857067210556,0.027873983632966226,0.8541049176992938,24,2,1,DE,0.8961852175279893,0.9385304449842322,FALSE,FALSE
agr_big,geo_db,anomaly,366,0.1839326642209765,4.0466092061736375e-4,0.16734234826841163,0.001312724846239804,222,18,2,"DE,PL",0.0035596530027487,0.01006422382117183,FALSE,FALSE
agr_big,ips_acu,anomaly,229,-6.841607570731642e-4,0.9917846658904457,-0.031142266145713624,0.6392105769783943,87,11,2,"DE,PL",0.9968180322857605,0.8152073706397496,FALSE,FALSE
agr_big,ips_ami,anomaly,0,NA,NA,NA,NA,0,0,0,,NA,NA,TRUE,FALSE
agr_big,ips_cem,anomaly,207,0.30470861984876,8.041974421607731e-6,0.31622533580110623,3.453698344721347e-6,129,9,1,DE,1.5325705540606733e-4,6.581762274083252e-5,FALSE,FALSE
agr_big,ips_dup,anomaly,0,NA,NA,NA,NA,0,0,0,,NA,NA,TRUE,FALSE
agr_big,ips_sex,anomaly,92,0.1495637060603137,0.15474548995511936,0.146602345760831,0.16317232397663237,51,4,1,DE,0.33188180643107595,0.3652212754778986,FALSE,FALSE
agr_big,ips_typ,anomaly,547,0.24676454045208504,4.9506992104164795e-9,0.2209350784792144,1.788671281318685e-7,472,26,2,"DE,PL",1.9424213960869363e-7,4.588629787075242e-6,FALSE,FALSE
agr_big,lym_dis,anomaly,115,0.292368563581191,0.0015210841558814473,0.2925826560404009,0.001508416095905884,56,5,1,DE,0.010248112444170962,0.01117903928854694,FALSE,FALSE
agr_big,lym_mon,anomaly,369,-0.03371432261129826,0.5185272615478275,-0.06662176492505231,0.20165900124936267,271,18,2,"DE,PL",0.7191601534086285,0.41727922918594357,FALSE,FALSE
agr_big,mel_spp,anomaly,455,0.12249957853873952,0.008905113142075208,0.14201048198265911,0.002395354852157217,364,22,2,"DE,PL",0.04242650332688688,0.015977016863888638,FALSE,FALSE
agr_big,neo_ser,anomaly,18,0.34818653208947015,0.15679170213373758,0.2560661156936708,0.30506480300400507,4,1,1,DE,0.33412161445112765,0.5397300360840089,FALSE,FALSE
agr_big,ope_spp,anomaly,69,0.21681812740582526,0.07353807704542017,0.1799099354877747,0.13907568724895916,22,3,1,DE,0.20339414552157553,0.32625789765235375,FALSE,FALSE
agr_big,pan_fla,anomaly,283,0.057701695239954706,0.3334427632557222,0.06986343290931213,0.24139180854825826,152,14,2,"DE,PL",0.5518767322371382,0.46941205918859547,FALSE,FALSE
agr_big,pha_cya,anomaly,504,0.3468036246161651,1.0878201447710288e-15,0.3363705555446201,8.492430927830847e-15,412,24,2,"DE,PL",1.036537195088966e-13,6.293834920959084e-13,FALSE,FALSE
agr_big,pis_pin,anomaly,46,0.404203803269274,0.005336760816238379,0.396854764107308,0.006320812191788415,29,2,1,DE,0.028706608584120958,0.036034031896776696,FALSE,FALSE
agr_big,pit_bid,anomaly,69,-0.014806552943217388,0.9038873764466259,-0.005334307636097918,0.9653022575570633,39,3,1,DE,0.9509351420976331,0.9936058731335822,FALSE,FALSE
agr_big,pit_cha,anomaly,207,0.2532658502216833,2.314035450643951e-4,0.31580186381790437,3.5649672469465523e-6,127,9,1,DE,0.0023385782508780536,6.605092093648196e-5,FALSE,FALSE
agr_big,pit_spp,anomaly,69,0.1691699027007098,0.1646512373840053,0.03964194373401535,0.7463907324299819,58,3,1,DE,0.34864246138136995,0.8855599706526487,FALSE,FALSE
agr_big,pol_pol,anomaly,0,NA,NA,NA,NA,0,0,0,,NA,NA,TRUE,FALSE
agr_big,pri_abi,anomaly,69,0.02709612127530295,0.8250878159059254,-0.015747168432590428,0.8978133924426885,21,3,1,DE,0.9051539033046913,0.9658734399343119,FALSE,FALSE
agr_big,sap_car,anomaly,0,NA,NA,NA,NA,0,0,0,,NA,NA,TRUE,FALSE
agr_big,sco_int,anomaly,115,0.35973573992780633,7.860118587843745e-5,0.3518661721770694,1.1516593525872952e-4,52,5,1,DE,9.696517487346899e-4,0.0014772245926456267,FALSE,FALSE
agr_big,sco_rat,anomaly,46,0.49904050056596394,4.15127346903689e-4,0.5104532839962996,2.897047077713251e-4,30,2,1,DE,0.0035959732517501374,0.0031677547554667847,FALSE,FALSE
agr_big,sco_sco,anomaly,0,NA,NA,NA,NA,0,0,0,,NA,NA,TRUE,FALSE
agr_big,tet_gab,anomaly,115,0.2062584048436126,0.02699783650942286,0.1854414897814251,0.04723813048416888,61,5,1,DE,0.09477661553571078,0.15221175378232196,FALSE,FALSE
agr_big,tet_spp,anomaly,92,0.22165734880341678,0.033713267654230786,0.23164773515404646,0.026295326279890115,51,4,1,DE,0.11356944204733299,0.10079875073957878,FALSE,FALSE
agr_big,tha_pit,anomaly,23,0.6043123174977088,0.002257706943582684,0.6116600790513834,0.0019263122933621478,10,1,1,DE,0.01394343084601528,0.013524739996553186,FALSE,FALSE
agr_big,tha_pro,anomaly,138,0.1660442880982516,0.05161033710544833,0.12945302279280985,0.13021078218245147,81,6,1,DE,0.15299597710815127,0.3130551857380856,FALSE,FALSE
agr_big,tom_spp,anomaly,404,0.23709295161576885,1.4382136977109038e-6,0.2691820877703982,3.8962965386756165e-8,249,19,2,"DE,PL",3.576573599030859e-5,1.1299259962159289e-6,FALSE,FALSE
agr_big,tor_vir,anomaly,438,0.1080260099370283,0.023760721863759805,0.09997108794512978,0.036482992423026606,252,21,2,"DE,PL",0.0880466749062655,0.12415385686815686,FALSE,FALSE
agr_big,uro_sir_spp,anomaly,0,NA,NA,NA,NA,0,0,0,,NA,NA,TRUE,FALSE
agr_big,xyl_lin,anomaly,161,0.1587201428457287,0.04432472638994944,0.15062111801242237,0.05649842385108058,92,7,1,DE,0.1368731134356309,0.17207510825877054,FALSE,FALSE
agr_big,xyl_spp,anomaly,161,0.06490185976114636,0.41338091610241356,0.06929204048769266,0.38243577554972696,82,7,1,DE,0.6196069012141795,0.6186184849744831,FALSE,FALSE
agr_big,zei_gri,anomaly,0,NA,NA,NA,NA,0,0,0,,NA,NA,TRUE,FALSE
agr_vir,bup_pin,anomaly,23,-0.019263298597338913,0.9304812429698465,-0.05683222313356191,0.7967418194921412,1,1,1,DE,0.9640369796422846,0.9162530924159623,FALSE,FALSE
agr_vir,cep_spp,anomaly,0,NA,NA,NA,NA,0,0,0,,NA,NA,TRUE,FALSE
agr_vir,clo_ana,anomaly,0,NA,NA,NA,NA,0,0,0,,NA,NA,TRUE,FALSE
agr_vir,den_mic,anomaly,0,NA,NA,NA,NA,0,0,0,,NA,NA,TRUE,FALSE
agr_vir,den_pin,anomaly,23,-0.237708947008706,0.27475076908248786,-0.308870777899793,0.15156443139228495,0,1,1,DE,0.4835323561425314,0.34736469640485584,FALSE,FALSE
agr_vir,dip_sp,anomaly,46,-0.3734367810323176,0.010579542877508908,-0.2771062050416477,0.062265791541063424,5,2,1,DE,0.04704370066198961,0.18458347981284137,FALSE,FALSE
agr_vir,era_def,anomaly,23,0.5679148317061163,0.004700838030918625,0.4616317316701306,0.026595859823553166,8,1,1,DE,0.025700483332973142,0.10136822001319978,FALSE,FALSE
agr_vir,geo_db,anomaly,23,-0.5315516045967832,0.009046688229007317,-0.53718805692332,0.008211658485635352,5,1,1,DE,0.042795326586864406,0.04312737173164394,FALSE,FALSE
agr_vir,ips_acu,anomaly,23,0.24490704142947367,0.2600419412797925,0.14974055312581966,0.4952747025474695,8,1,1,DE,0.4700487122862374,0.7137077777294467,FALSE,FALSE
agr_vir,ips_ami,anomaly,0,NA,NA,NA,NA,0,0,0,,NA,NA,TRUE,FALSE
agr_vir,ips_cem,anomaly,92,0.08778817031983625,0.40533561683603136,0.15564409237075677,0.13846837397602094,42,4,1,DE,0.6144519464309839,0.32625789765235375,FALSE,FALSE
agr_vir,ips_dup,anomaly,0,NA,NA,NA,NA,0,0,0,,NA,NA,TRUE,FALSE
agr_vir,ips_sex,anomaly,23,0.27680692467589835,0.2010209053616673,0.3538423631620029,0.09763587437890815,7,1,1,DE,0.40176060627426496,0.2594546940666603,FALSE,FALSE
agr_vir,ips_typ,anomaly,92,-0.05818809222177609,0.5816633291084327,0.06220523412470904,0.5558178428949979,41,4,1,DE,0.7533387194472322,0.7459366221548563,FALSE,FALSE
agr_vir,lym_dis,anomaly,92,0.35098257003695965,6.029359520896062e-4,0.378009309252382,2.032030764346615e-4,39,4,1,DE,0.004904369268826431,0.0024202937853914147,FALSE,FALSE
agr_vir,lym_mon,anomaly,23,0.2700523977367075,0.21268585057519798,0.2263405060449683,0.2990316333032263,5,1,1,DE,0.4111926444453828,0.5347294890435709,FALSE,FALSE
agr_vir,mel_spp,anomaly,69,0.05050887182461685,0.6802246462379957,0.013756314116804872,0.9106757341339173,32,3,1,DE,0.8219381142042448,0.9687730696448531,FALSE,FALSE
agr_vir,neo_ser,anomaly,0,NA,NA,NA,NA,0,0,0,,NA,NA,TRUE,FALSE
agr_vir,ope_spp,anomaly,23,0.583793533175753,0.003449264951302698,0.5773603559070687,0.0039174488701764435,11,1,1,DE,0.0201812256361307,0.024650362230261208,FALSE,FALSE
agr_vir,pan_fla,anomaly,0,NA,NA,NA,NA,0,0,0,,NA,NA,TRUE,FALSE
agr_vir,pha_cya,anomaly,92,0.4483458365975136,7.398749592480159e-6,0.43335593852439147,1.5965709518180886e-5,45,4,1,DE,1.4514605818189018e-4,2.4765414531689885e-4,FALSE,FALSE
agr_vir,pis_pin,anomaly,0,NA,NA,NA,NA,0,0,0,,NA,NA,TRUE,FALSE
agr_vir,pit_bid,anomaly,23,0.04750784556782469,0.8295685937696865,-0.07017544073883297,0.750353041634747,7,1,1,DE,0.907085659089149,0.8855599706526487,FALSE,FALSE
agr_vir,pit_cha,anomaly,92,-0.03554082777961495,0.7366137480311605,0.1332264726892926,0.20549737454314712,39,4,1,DE,0.859631820262919,0.42051661080075864,FALSE,FALSE
agr_vir,pit_spp,anomaly,69,0.016388638281595362,0.893674460762834,-0.00864108443193719,0.9438209912842174,35,3,1,DE,0.9446606423594457,0.9796585152110951,FALSE,FALSE
agr_vir,pol_pol,anomaly,0,NA,NA,NA,NA,0,0,0,,NA,NA,TRUE,FALSE
agr_vir,pri_abi,anomaly,46,0.31627758214219687,0.03224411227106518,0.2084001484165875,0.16457313250690614,8,2,1,DE,0.10972868818775752,0.36590093127368795,FALSE,FALSE
agr_vir,sap_car,anomaly,0,NA,NA,NA,NA,0,0,0,,NA,NA,TRUE,FALSE
agr_vir,sco_int,anomaly,69,0.24174636891010393,0.0453708617455506,0.23131799382069493,0.05582574027315606,14,3,1,DE,0.13945790223171545,0.17159340443407878,FALSE,FALSE
agr_vir,sco_rat,anomaly,0,NA,NA,NA,NA,0,0,0,,NA,NA,TRUE,FALSE
agr_vir,sco_sco,anomaly,0,NA,NA,NA,NA,0,0,0,,NA,NA,TRUE,FALSE
agr_vir,tet_gab,anomaly,46,-0.009050478939854813,0.9523983915308194,0.08751696081773828,0.5630311607540994,21,2,1,DE,0.9713298580291385,0.7518205752381752,FALSE,FALSE
agr_vir,tet_spp,anomaly,46,-0.10808075254257939,0.4746311759046651,-0.08739361062631087,0.563583639608827,21,2,1,DE,0.6811004772863279,0.7518205752381752,FALSE,FALSE
agr_vir,tha_pit,anomaly,0,NA,NA,NA,NA,0,0,0,,NA,NA,TRUE,FALSE
agr_vir,tha_pro,anomaly,69,0.1872938885730281,0.12330961097145395,0.1322834933861674,0.27857545836081316,36,3,1,DE,0.2865766917002083,0.5132868252117745,FALSE,FALSE
agr_vir,tom_spp,anomaly,92,0.20789755669925722,0.04674496883313272,0.21643907403698937,0.03824139252281718,38,4,1,DE,0.14236937996209828,0.12753504406359528,FALSE,FALSE
agr_vir,tor_vir,anomaly,46,-0.1843834545061611,0.2199413916961298,-0.2336869376592039,0.1180400908192281,18,2,1,DE,0.4203464420095088,0.29598774652791404,FALSE,FALSE
agr_vir,uro_sir_spp,anomaly,0,NA,NA,NA,NA,0,0,0,,NA,NA,TRUE,FALSE
agr_vir,xyl_lin,anomaly,46,-0.4691434306623169,0.001005894469412933,-0.4923522890824557,5.095980033438863e-4,21,2,1,DE,0.007711857598832487,0.004998556885740767,FALSE,FALSE
agr_vir,xyl_spp,anomaly,69,-0.31759968886176654,0.007832284607056513,-0.2575152772781958,0.032665284628164086,23,3,1,DE,0.03813236374384449,0.11586672738104026,FALSE,FALSE
agr_vir,zei_gri,anomaly,0,NA,NA,NA,NA,0,0,0,,NA,NA,TRUE,FALSE
bup_pin,cep_spp,anomaly,0,NA,NA,NA,NA,0,0,0,,NA,NA,TRUE,FALSE
bup_pin,clo_ana,anomaly,0,NA,NA,NA,NA,0,0,0,,NA,NA,TRUE,FALSE
bup_pin,den_mic,anomaly,0,NA,NA,NA,NA,0,0,0,,NA,NA,TRUE,FALSE
bup_pin,den_pin,anomaly,226,0.16881388350504567,0.011021164914727793,0.1719745818876457,0.009588219014430095,74,11,2,"DE,PL",0.048233384074364914,0.049194939097114414,FALSE,FALSE
bup_pin,dip_sp,anomaly,329,0.17648017048219292,0.001308354487036074,0.15761057831633857,0.00415892306778654,112,16,2,"DE,PL",0.009562934219427726,0.02592524940386563,FALSE,FALSE
bup_pin,era_def,anomaly,23,0.2710211312497388,0.2109856621461295,0.13506618873745582,0.5389128141948276,12,1,1,DE,0.4090913856147336,0.7350814868465235,FALSE,FALSE
bup_pin,geo_db,anomaly,306,0.10765720912645833,0.05997262149897182,0.1260859595613757,0.027427074420833725,88,15,2,"DE,PL",0.17468008095988735,0.10277448673424773,FALSE,FALSE
bup_pin,ips_acu,anomaly,169,0.11225888653938045,0.1461871624946573,0.035776440753816315,0.6442320606643412,24,8,2,"DE,PL",0.32394298134198146,0.816925445747368,FALSE,FALSE
bup_pin,ips_ami,anomaly,0,NA,NA,NA,NA,0,0,0,,NA,NA,TRUE,FALSE
bup_pin,ips_cem,anomaly,138,0.21225891963439494,0.012442312400300961,0.17126685830009425,0.044590701953484004,43,6,1,DE,0.05219510925157699,0.14437863205327103,FALSE,FALSE
bup_pin,ips_dup,anomaly,0,NA,NA,NA,NA,0,0,0,,NA,NA,TRUE,FALSE
bup_pin,ips_sex,anomaly,69,-0.07505779955147905,0.5399078928180269,0.004165144318597005,0.972903982822516,26,3,1,DE,0.7271044860783754,0.9941744642546538,FALSE,FALSE
bup_pin,ips_typ,anomaly,398,0.08019405221692524,0.1101747956714954,0.03273531346815706,0.5149251775777601,149,19,2,"DE,PL",0.2737688808417502,0.7185253000928159,FALSE,FALSE
bup_pin,lym_dis,anomaly,69,0.08225646256002732,0.5016276868579794,0.026196565582754846,0.8308073265561141,13,3,1,DE,0.7064147737398657,0.9374598296301981,FALSE,FALSE
bup_pin,lym_mon,anomaly,306,0.1571274718747836,0.0058783822736111335,0.17495615536757772,0.002128557196635512,116,15,2,"DE,PL",0.02998160505843642,0.014636573712947283,FALSE,FALSE
bup_pin,mel_spp,anomaly,329,0.16056205090641126,0.0034978818163938644,0.1683284022671672,0.0021878749686122354,114,16,2,"DE,PL",0.020287714535084413,0.014746466169012274,FALSE,FALSE
bup_pin,neo_ser,anomaly,18,-0.2503784158546066,0.3163028269024168,-0.18069181550964677,0.47305696358347005,1,1,1,DE,0.5314206184985188,0.6918696601020126,FALSE,FALSE
bup_pin,ope_spp,anomaly,23,-0.14372582317744884,0.5129468123286542,-0.08253027185482469,0.7081301486932726,4,1,1,DE,0.7172185853253632,0.8634786273828389,FALSE,FALSE
bup_pin,pan_fla,anomaly,286,0.21405346272296935,2.658642711407292e-4,0.15890271474353632,0.007088680412583411,79,14,2,"DE,PL",0.002581886624946091,0.03875532651797652,FALSE,FALSE
bup_pin,pha_cya,anomaly,398,0.1377544476837907,0.005910900021299224,0.07540067717995672,0.13318858590724283,147,19,2,"DE,PL",0.02998160505843642,0.3172742385718963,FALSE,FALSE
bup_pin,pis_pin,anomaly,69,0.3918555712414095,8.691821182313447e-4,0.386006576543661,0.0010536739079471812,27,3,1,DE,0.006820523210121257,0.008676549340750244,FALSE,FALSE
bup_pin,pit_bid,anomaly,69,-0.05385823449956474,0.6602802864690216,-0.12433321154548778,0.3087361301620161,23,3,1,DE,0.8155684279163655,0.5447804201536105,FALSE,FALSE
bup_pin,pit_cha,anomaly,138,0.17896710619637055,0.035706696682983013,0.09804584133391477,0.25259867998934254,46,6,1,DE,0.11848938650522224,0.48138091300826136,FALSE,FALSE
bup_pin,pit_spp,anomaly,0,NA,NA,NA,NA,0,0,0,,NA,NA,TRUE,FALSE
bup_pin,pol_pol,anomaly,0,NA,NA,NA,NA,0,0,0,,NA,NA,TRUE,FALSE
bup_pin,pri_abi,anomaly,46,0.19320289224066667,0.19828105866370643,0.10268270120259018,0.4970997060993102,11,2,1,DE,0.39835381364063915,0.7137077777294467,FALSE,FALSE
bup_pin,sap_car,anomaly,0,NA,NA,NA,NA,0,0,0,,NA,NA,TRUE,FALSE
bup_pin,sco_int,anomaly,69,-0.008192443094685366,0.9467334255586692,0.07924735111435881,0.5174564988422401,16,3,1,DE,0.9713298580291385,0.7190489265161961,FALSE,FALSE
bup_pin,sco_rat,anomaly,46,0.11957572425956159,0.4286354616075625,0.17520814061054577,0.24415991838416784,16,2,1,DE,0.6367480019871808,0.4711154142663624,FALSE,FALSE
bup_pin,sco_sco,anomaly,0,NA,NA,NA,NA,0,0,0,,NA,NA,TRUE,FALSE
bup_pin,tet_gab,anomaly,92,0.2874287299010678,0.005467695129288909,0.20019111323459146,0.05570601133954051,23,4,1,DE,0.02917562120988562,0.17159340443407878,FALSE,FALSE
bup_pin,tet_spp,anomaly,46,0.30518846683348594,0.0391683266585989,0.24242984890533453,0.10452370238644983,11,2,1,DE,0.12744036039651446,0.2702221298130312,FALSE,FALSE
bup_pin,tha_pit,anomaly,23,-0.47580480511321366,0.02174093399273892,-0.5029644268774703,0.014434399452331461,3,1,1,DE,0.08239319871111851,0.06358744564385177,FALSE,FALSE
bup_pin,tha_pro,anomaly,46,0.13279090661997148,0.3789942406496247,0.16817761332099906,0.2638979639890848,16,2,1,DE,0.590628875031074,0.5006055031983792,FALSE,FALSE
bup_pin,tom_spp,anomaly,278,0.15317701398710215,0.010540499382392123,0.07026767080571014,0.24290306828807226,95,13,2,"DE,PL",0.04704370066198961,0.4709777515934424,FALSE,FALSE
bup_pin,tor_vir,anomaly,312,-0.053250412980026016,0.34851181957822197,0.0014710077529181112,0.9793539300414864,79,15,2,"DE,PL",0.5650758448523163,0.9988212099964395,FALSE,FALSE
bup_pin,uro_sir_spp,anomaly,0,NA,NA,NA,NA,0,0,0,,NA,NA,TRUE,FALSE
bup_pin,xyl_lin,anomaly,115,0.18267560841471095,0.05069499667585852,0.2108814014045609,0.023681945187333832,35,5,1,DE,0.1509534052803466,0.09319804719838175,FALSE,FALSE
bup_pin,xyl_spp,anomaly,92,0.2826988409199378,0.006325540890619968,0.2538415301388653,0.01462205772111729,31,4,1,DE,0.03172282536874826,0.06358744564385177,FALSE,FALSE
bup_pin,zei_gri,anomaly,0,NA,NA,NA,NA,0,0,0,,NA,NA,TRUE,FALSE
cep_spp,clo_ana,anomaly,0,NA,NA,NA,NA,0,0,0,,NA,NA,TRUE,FALSE
cep_spp,den_mic,anomaly,0,NA,NA,NA,NA,0,0,0,,NA,NA,TRUE,FALSE
cep_spp,den_pin,anomaly,0,NA,NA,NA,NA,0,0,0,,NA,NA,TRUE,FALSE
cep_spp,dip_sp,anomaly,0,NA,NA,NA,NA,0,0,0,,NA,NA,TRUE,FALSE
cep_spp,era_def,anomaly,0,NA,NA,NA,NA,0,0,0,,NA,NA,TRUE,FALSE
cep_spp,geo_db,anomaly,0,NA,NA,NA,NA,0,0,0,,NA,NA,TRUE,FALSE
cep_spp,ips_acu,anomaly,138,0.08294832186982684,0.3334306087889233,0.09202742534629864,0.28303609399050955,90,6,1,CZ,0.5518767322371382,0.520069076285592,FALSE,FALSE
cep_spp,ips_ami,anomaly,0,NA,NA,NA,NA,0,0,0,,NA,NA,TRUE,FALSE
cep_spp,ips_cem,anomaly,0,NA,NA,NA,NA,0,0,0,,NA,NA,TRUE,FALSE
cep_spp,ips_dup,anomaly,138,0.0322929796867179,0.7069138426711823,-0.005148531127494069,0.9522099497055074,88,6,1,CZ,0.8374982825251841,0.9816445694800208,FALSE,FALSE
cep_spp,ips_sex,anomaly,138,0.07058849300120373,0.4106721582583578,0.07711380879428478,0.36866233098874024,85,6,1,CZ,0.618325800357392,0.6012170532261363,FALSE,FALSE
cep_spp,ips_typ,anomaly,138,-0.0190802773243176,0.8242174028556587,-0.01770592412138204,0.8366958218085002,93,6,1,CZ,0.9051539033046913,0.9374598296301981,FALSE,FALSE
cep_spp,lym_dis,anomaly,0,NA,NA,NA,NA,0,0,0,,NA,NA,TRUE,FALSE
cep_spp,lym_mon,anomaly,115,0.027823328822083798,0.7678643196162512,0.041773849917146694,0.6575672683561267,65,5,1,CZ,0.8800094522062535,0.8272162244063821,FALSE,FALSE
cep_spp,mel_spp,anomaly,0,NA,NA,NA,NA,0,0,0,,NA,NA,TRUE,FALSE
cep_spp,neo_ser,anomaly,0,NA,NA,NA,NA,0,0,0,,NA,NA,TRUE,FALSE
cep_spp,ope_spp,anomaly,0,NA,NA,NA,NA,0,0,0,,NA,NA,TRUE,FALSE
cep_spp,pan_fla,anomaly,0,NA,NA,NA,NA,0,0,0,,NA,NA,TRUE,FALSE
cep_spp,pha_cya,anomaly,138,0.12819303738858173,0.13402444310638764,0.1822443029391149,0.03240634599599652,86,6,1,CZ,0.3061448751779471,0.11558841058465068,FALSE,FALSE
cep_spp,pis_pin,anomaly,0,NA,NA,NA,NA,0,0,0,,NA,NA,TRUE,FALSE
cep_spp,pit_bid,anomaly,0,NA,NA,NA,NA,0,0,0,,NA,NA,TRUE,FALSE
cep_spp,pit_cha,anomaly,0,NA,NA,NA,NA,0,0,0,,NA,NA,TRUE,FALSE
cep_spp,pit_spp,anomaly,138,0.07285619318859766,0.3957639635361332,0.08033763405017019,0.348920979438639,76,6,1,CZ,0.6079312615805734,0.5871289958022898,FALSE,FALSE
cep_spp,pol_pol,anomaly,138,0.05246623878351658,0.5410978218503119,-0.002874501414419083,0.9733072341203731,84,6,1,CZ,0.7271044860783754,0.9941744642546538,FALSE,FALSE
cep_spp,pri_abi,anomaly,138,0.15884645172447326,0.06276065336493226,0.10168520213977975,0.23532857420046274,73,6,1,CZ,0.18121799045199058,0.46165929115208426,FALSE,FALSE
cep_spp,sap_car,anomaly,0,NA,NA,NA,NA,0,0,0,,NA,NA,TRUE,FALSE
cep_spp,sco_int,anomaly,138,-0.009141183052989272,0.9152570268105844,4.908799079428934e-4,0.9954408476311818,55,6,1,CZ,0.9587370494112061,0.9996754496624393,FALSE,FALSE
cep_spp,sco_rat,anomaly,138,-0.12727284890132345,0.13686317841500353,-0.08329661247200272,0.3313977420484695,44,6,1,CZ,0.3094499661112114,0.5696966338822916,FALSE,FALSE
cep_spp,sco_sco,anomaly,0,NA,NA,NA,NA,0,0,0,,NA,NA,TRUE,FALSE
cep_spp,tet_gab,anomaly,0,NA,NA,NA,NA,0,0,0,,NA,NA,TRUE,FALSE
cep_spp,tet_spp,anomaly,0,NA,NA,NA,NA,0,0,0,,NA,NA,TRUE,FALSE
cep_spp,tha_pit,anomaly,0,NA,NA,NA,NA,0,0,0,,NA,NA,TRUE,FALSE
cep_spp,tha_pro,anomaly,0,NA,NA,NA,NA,0,0,0,,NA,NA,TRUE,FALSE
cep_spp,tom_spp,anomaly,138,0.0569747368527211,0.5068483189187638,0.11201422866784325,0.1908662735745235,91,6,1,CZ,0.7102265309218811,0.40287279896901007,FALSE,FALSE
cep_spp,tor_vir,anomaly,0,NA,NA,NA,NA,0,0,0,,NA,NA,TRUE,FALSE
cep_spp,uro_sir_spp,anomaly,0,NA,NA,NA,NA,0,0,0,,NA,NA,TRUE,FALSE
cep_spp,xyl_lin,anomaly,0,NA,NA,NA,NA,0,0,0,,NA,NA,TRUE,FALSE
cep_spp,xyl_spp,anomaly,0,NA,NA,NA,NA,0,0,0,,NA,NA,TRUE,FALSE
cep_spp,zei_gri,anomaly,115,0.06714518475530794,0.47585130796915864,0.06341270968173905,0.500772473729207,51,5,1,CZ,0.6811004772863279,0.7137077777294467,FALSE,FALSE
clo_ana,den_mic,anomaly,0,NA,NA,NA,NA,0,0,0,,NA,NA,TRUE,FALSE
clo_ana,den_pin,anomaly,0,NA,NA,NA,NA,0,0,0,,NA,NA,TRUE,FALSE
clo_ana,dip_sp,anomaly,0,NA,NA,NA,NA,0,0,0,,NA,NA,TRUE,FALSE
clo_ana,era_def,anomaly,0,NA,NA,NA,NA,0,0,0,,NA,NA,TRUE,FALSE
clo_ana,geo_db,anomaly,0,NA,NA,NA,NA,0,0,0,,NA,NA,TRUE,FALSE
clo_ana,ips_acu,anomaly,0,NA,NA,NA,NA,0,0,0,,NA,NA,TRUE,FALSE
clo_ana,ips_ami,anomaly,0,NA,NA,NA,NA,0,0,0,,NA,NA,TRUE,FALSE
clo_ana,ips_cem,anomaly,0,NA,NA,NA,NA,0,0,0,,NA,NA,TRUE,FALSE
clo_ana,ips_dup,anomaly,0,NA,NA,NA,NA,0,0,0,,NA,NA,TRUE,FALSE
clo_ana,ips_sex,anomaly,0,NA,NA,NA,NA,0,0,0,,NA,NA,TRUE,FALSE
clo_ana,ips_typ,anomaly,0,NA,NA,NA,NA,0,0,0,,NA,NA,TRUE,FALSE
clo_ana,lym_dis,anomaly,0,NA,NA,NA,NA,0,0,0,,NA,NA,TRUE,FALSE
clo_ana,lym_mon,anomaly,0,NA,NA,NA,NA,0,0,0,,NA,NA,TRUE,FALSE
clo_ana,mel_spp,anomaly,0,NA,NA,NA,NA,0,0,0,,NA,NA,TRUE,FALSE
clo_ana,neo_ser,anomaly,0,NA,NA,NA,NA,0,0,0,,NA,NA,TRUE,FALSE
clo_ana,ope_spp,anomaly,0,NA,NA,NA,NA,0,0,0,,NA,NA,TRUE,FALSE
clo_ana,pan_fla,anomaly,0,NA,NA,NA,NA,0,0,0,,NA,NA,TRUE,FALSE
clo_ana,pha_cya,anomaly,0,NA,NA,NA,NA,0,0,0,,NA,NA,TRUE,FALSE
clo_ana,pis_pin,anomaly,0,NA,NA,NA,NA,0,0,0,,NA,NA,TRUE,FALSE
clo_ana,pit_bid,anomaly,0,NA,NA,NA,NA,0,0,0,,NA,NA,TRUE,FALSE
clo_ana,pit_cha,anomaly,0,NA,NA,NA,NA,0,0,0,,NA,NA,TRUE,FALSE
clo_ana,pit_spp,anomaly,0,NA,NA,NA,NA,0,0,0,,NA,NA,TRUE,FALSE
clo_ana,pol_pol,anomaly,0,NA,NA,NA,NA,0,0,0,,NA,NA,TRUE,FALSE
clo_ana,pri_abi,anomaly,0,NA,NA,NA,NA,0,0,0,,NA,NA,TRUE,FALSE
clo_ana,sap_car,anomaly,0,NA,NA,NA,NA,0,0,0,,NA,NA,TRUE,FALSE
clo_ana,sco_int,anomaly,0,NA,NA,NA,NA,0,0,0,,NA,NA,TRUE,FALSE
clo_ana,sco_rat,anomaly,0,NA,NA,NA,NA,0,0,0,,NA,NA,TRUE,FALSE
clo_ana,sco_sco,anomaly,0,NA,NA,NA,NA,0,0,0,,NA,NA,TRUE,FALSE
clo_ana,tet_gab,anomaly,0,NA,NA,NA,NA,0,0,0,,NA,NA,TRUE,FALSE
clo_ana,tet_spp,anomaly,0,NA,NA,NA,NA,0,0,0,,NA,NA,TRUE,FALSE
clo_ana,tha_pit,anomaly,0,NA,NA,NA,NA,0,0,0,,NA,NA,TRUE,FALSE
clo_ana,tha_pro,anomaly,0,NA,NA,NA,NA,0,0,0,,NA,NA,TRUE,FALSE
clo_ana,tom_spp,anomaly,0,NA,NA,NA,NA,0,0,0,,NA,NA,TRUE,FALSE
clo_ana,tor_vir,anomaly,0,NA,NA,NA,NA,0,0,0,,NA,NA,TRUE,FALSE
clo_ana,uro_sir_spp,anomaly,0,NA,NA,NA,NA,0,0,0,,NA,NA,TRUE,FALSE
clo_ana,xyl_lin,anomaly,0,NA,NA,NA,NA,0,0,0,,NA,NA,TRUE,FALSE
clo_ana,xyl_spp,anomaly,0,NA,NA,NA,NA,0,0,0,,NA,NA,TRUE,FALSE
clo_ana,zei_gri,anomaly,0,NA,NA,NA,NA,0,0,0,,NA,NA,TRUE,FALSE
den_mic,den_pin,anomaly,0,NA,NA,NA,NA,0,0,0,,NA,NA,TRUE,FALSE
den_mic,dip_sp,anomaly,0,NA,NA,NA,NA,0,0,0,,NA,NA,TRUE,FALSE
den_mic,era_def,anomaly,0,NA,NA,NA,NA,0,0,0,,NA,NA,TRUE,FALSE
den_mic,geo_db,anomaly,0,NA,NA,NA,NA,0,0,0,,NA,NA,TRUE,FALSE
den_mic,ips_acu,anomaly,0,NA,NA,NA,NA,0,0,0,,NA,NA,TRUE,FALSE
den_mic,ips_ami,anomaly,0,NA,NA,NA,NA,0,0,0,,NA,NA,TRUE,FALSE
den_mic,ips_cem,anomaly,0,NA,NA,NA,NA,0,0,0,,NA,NA,TRUE,FALSE
den_mic,ips_dup,anomaly,0,NA,NA,NA,NA,0,0,0,,NA,NA,TRUE,FALSE
den_mic,ips_sex,anomaly,0,NA,NA,NA,NA,0,0,0,,NA,NA,TRUE,FALSE
den_mic,ips_typ,anomaly,0,NA,NA,NA,NA,0,0,0,,NA,NA,TRUE,FALSE
den_mic,lym_dis,anomaly,0,NA,NA,NA,NA,0,0,0,,NA,NA,TRUE,FALSE
den_mic,lym_mon,anomaly,0,NA,NA,NA,NA,0,0,0,,NA,NA,TRUE,FALSE
den_mic,mel_spp,anomaly,0,NA,NA,NA,NA,0,0,0,,NA,NA,TRUE,FALSE
den_mic,neo_ser,anomaly,0,NA,NA,NA,NA,0,0,0,,NA,NA,TRUE,FALSE
den_mic,ope_spp,anomaly,0,NA,NA,NA,NA,0,0,0,,NA,NA,TRUE,FALSE
den_mic,pan_fla,anomaly,0,NA,NA,NA,NA,0,0,0,,NA,NA,TRUE,FALSE
den_mic,pha_cya,anomaly,0,NA,NA,NA,NA,0,0,0,,NA,NA,TRUE,FALSE
den_mic,pis_pin,anomaly,0,NA,NA,NA,NA,0,0,0,,NA,NA,TRUE,FALSE
den_mic,pit_bid,anomaly,0,NA,NA,NA,NA,0,0,0,,NA,NA,TRUE,FALSE
den_mic,pit_cha,anomaly,0,NA,NA,NA,NA,0,0,0,,NA,NA,TRUE,FALSE
den_mic,pit_spp,anomaly,0,NA,NA,NA,NA,0,0,0,,NA,NA,TRUE,FALSE
den_mic,pol_pol,anomaly,0,NA,NA,NA,NA,0,0,0,,NA,NA,TRUE,FALSE
den_mic,pri_abi,anomaly,0,NA,NA,NA,NA,0,0,0,,NA,NA,TRUE,FALSE
den_mic,sap_car,anomaly,0,NA,NA,NA,NA,0,0,0,,NA,NA,TRUE,FALSE
den_mic,sco_int,anomaly,0,NA,NA,NA,NA,0,0,0,,NA,NA,TRUE,FALSE
den_mic,sco_rat,anomaly,0,NA,NA,NA,NA,0,0,0,,NA,NA,TRUE,FALSE
den_mic,sco_sco,anomaly,0,NA,NA,NA,NA,0,0,0,,NA,NA,TRUE,FALSE
den_mic,tet_gab,anomaly,0,NA,NA,NA,NA,0,0,0,,NA,NA,TRUE,FALSE
den_mic,tet_spp,anomaly,0,NA,NA,NA,NA,0,0,0,,NA,NA,TRUE,FALSE
den_mic,tha_pit,anomaly,0,NA,NA,NA,NA,0,0,0,,NA,NA,TRUE,FALSE
den_mic,tha_pro,anomaly,0,NA,NA,NA,NA,0,0,0,,NA,NA,TRUE,FALSE
den_mic,tom_spp,anomaly,0,NA,NA,NA,NA,0,0,0,,NA,NA,TRUE,FALSE
den_mic,tor_vir,anomaly,0,NA,NA,NA,NA,0,0,0,,NA,NA,TRUE,FALSE
den_mic,uro_sir_spp,anomaly,0,NA,NA,NA,NA,0,0,0,,NA,NA,TRUE,FALSE
den_mic,xyl_lin,anomaly,0,NA,NA,NA,NA,0,0,0,,NA,NA,TRUE,FALSE
den_mic,xyl_spp,anomaly,0,NA,NA,NA,NA,0,0,0,,NA,NA,TRUE,FALSE
den_mic,zei_gri,anomaly,0,NA,NA,NA,NA,0,0,0,,NA,NA,TRUE,FALSE
den_pin,dip_sp,anomaly,246,0.2265715164994938,3.406698038676946e-4,0.19878441748971737,0.001728761650310184,130,12,2,"DE,PL",0.0031126953312294835,0.012502397789318992,FALSE,FALSE
den_pin,era_def,anomaly,23,0.4145782981758185,0.04919312647585188,0.3209690979591201,0.1353559881785028,13,1,1,DE,0.1478009700873568,0.32128983670840344,FALSE,FALSE
den_pin,geo_db,anomaly,223,0.1271613566519931,0.057965860837881696,0.1098211039354537,0.10189954727909213,101,11,2,"DE,PL",0.1695755665739785,0.26653724719668415,FALSE,FALSE
den_pin,ips_acu,anomaly,126,-0.023711369664605922,0.7921313777481723,-0.06086539182602175,0.49838604707611556,23,6,2,"DE,PL",0.8950596035622002,0.7137077777294467,FALSE,FALSE
den_pin,ips_ami,anomaly,0,NA,NA,NA,NA,0,0,0,,NA,NA,TRUE,FALSE
den_pin,ips_cem,anomaly,46,-0.11121788716521906,0.4618252180572432,-0.2097440641381437,0.161806552534478,24,2,1,DE,0.6725707869960288,0.363383739193592,FALSE,FALSE
den_pin,ips_dup,anomaly,0,NA,NA,NA,NA,0,0,0,,NA,NA,TRUE,FALSE
den_pin,ips_sex,anomaly,46,-0.04413146938026229,0.7708839944558413,-0.005735430157261794,0.9698237665958045,23,2,1,DE,0.8807242110564859,0.9936596809821837,FALSE,FALSE
den_pin,ips_typ,anomaly,246,0.23022508035250805,2.7096261431218345e-4,0.2625339816977448,3.0447582189214896e-5,152,12,2,"DE,PL",0.002581886624946091,4.5130082933791856e-4,FALSE,FALSE
den_pin,lym_dis,anomaly,23,-0.27274464029171375,0.2079833565831281,-0.13636363636363635,0.5349839119305697,2,1,1,DE,0.40801440835572483,0.732719238722156,FALSE,FALSE
den_pin,lym_mon,anomaly,223,0.21012900913691698,0.001601868494824471,0.21558425818515503,0.0011976284777028144,134,11,2,"DE,PL",0.010578676099484376,0.009397861113267967,FALSE,FALSE
den_pin,mel_spp,anomaly,223,0.13798737079506512,0.03950671789578841,0.18604238447287771,0.0053204270751995575,126,11,2,"DE,PL",0.1278875238523304,0.031404644771310664,FALSE,FALSE
den_pin,neo_ser,anomaly,0,NA,NA,NA,NA,0,0,0,,NA,NA,TRUE,FALSE
den_pin,ope_spp,anomaly,0,NA,NA,NA,NA,0,0,0,,NA,NA,TRUE,FALSE
den_pin,pan_fla,anomaly,223,0.3161219190093013,1.4477884134007975e-6,0.29026027148224454,1.0560603540475927e-5,86,11,2,"DE,PL",3.576573599030859e-5,1.829128814732604e-4,FALSE,FALSE
den_pin,pha_cya,anomaly,246,-0.07439463532201417,0.24503122696119997,-0.07439276293118216,0.24504313792397098,152,12,2,"DE,PL",0.4538528606574281,0.4711154142663624,FALSE,FALSE
den_pin,pis_pin,anomaly,23,0.15816993154352757,0.4710256808667368,0.09486166007905138,0.6668004750731932,16,1,1,DE,0.6811004772863279,0.832876248827378,FALSE,FALSE
den_pin,pit_bid,anomaly,46,0.1523563754834588,0.31210744702359516,0.08405797101449274,0.5786185638809499,21,2,1,DE,0.5270270054803493,0.7599703740435007,FALSE,FALSE
den_pin,pit_cha,anomaly,46,-0.2374132416109958,0.1121259782104056,-0.33876040703052723,0.02128386576001457,24,2,1,DE,0.2742497942431649,0.0855201112164441,FALSE,FALSE
den_pin,pit_spp,anomaly,0,NA,NA,NA,NA,0,0,0,,NA,NA,TRUE,FALSE
den_pin,pol_pol,anomaly,0,NA,NA,NA,NA,0,0,0,,NA,NA,TRUE,FALSE
den_pin,pri_abi,anomaly,23,-0.18561272548317692,0.3964769097264609,-0.1373517786561265,0.5320006487985599,4,1,1,DE,0.6079312615805734,0.7301325776720977,FALSE,FALSE
den_pin,sap_car,anomaly,0,NA,NA,NA,NA,0,0,0,,NA,NA,TRUE,FALSE
den_pin,sco_int,anomaly,46,0.08789880866305808,0.5613224857866821,0.03780450200431699,0.8030240218959719,16,2,1,DE,0.7384656765674891,0.9187255962343281,FALSE,FALSE
den_pin,sco_rat,anomaly,23,0.1851158592908851,0.3977647621096997,0.044466403162055336,0.8403387863596063,16,1,1,DE,0.6085071016678204,0.9374598296301981,FALSE,FALSE
den_pin,sco_sco,anomaly,0,NA,NA,NA,NA,0,0,0,,NA,NA,TRUE,FALSE
den_pin,tet_gab,anomaly,23,0.2788737757923868,0.19753966021066988,0.29051383399209485,0.17869743023409967,9,1,1,DE,0.39806330320397826,0.3857319934179438,FALSE,FALSE
den_pin,tet_spp,anomaly,0,NA,NA,NA,NA,0,0,0,,NA,NA,TRUE,FALSE
den_pin,tha_pit,anomaly,23,-0.29486268055739023,0.17198694122103605,-0.4229249011857707,0.04436237757305659,7,1,1,DE,0.35893729442059047,0.14434002849379876,FALSE,FALSE
den_pin,tha_pro,anomaly,23,0.27138127342972357,0.21035591828246836,0.34782608695652173,0.10387791789099016,11,1,1,DE,0.4090913856147336,0.26959755343692776,FALSE,FALSE
den_pin,tom_spp,anomaly,146,0.12260487584802722,0.14040769722953042,0.1912506145585301,0.020754871013848743,73,7,2,"DE,PL",0.3144984202775264,0.08389999373477036,FALSE,FALSE
den_pin,tor_vir,anomaly,226,0.10786472238255172,0.10581512727646154,0.10153158421374085,0.12805270617238984,96,11,2,"DE,PL",0.2653334206518791,0.3128613736885862,FALSE,FALSE
den_pin,uro_sir_spp,anomaly,0,NA,NA,NA,NA,0,0,0,,NA,NA,TRUE,FALSE
den_pin,xyl_lin,anomaly,46,0.4746174615908734,8.605116615290854e-4,0.3572617946345975,0.014792384696930902,24,2,1,DE,0.006820523210121257,0.06365497156679299,FALSE,FALSE
den_pin,xyl_spp,anomaly,46,0.2184292444723444,0.14474004953768344,0.10243601603453592,0.4981393964510271,23,2,1,DE,0.32180537680544946,0.7137077777294467,FALSE,FALSE
den_pin,zei_gri,anomaly,0,NA,NA,NA,NA,0,0,0,,NA,NA,TRUE,FALSE
dip_sp,era_def,anomaly,23,0.19383491244416395,0.3755062205974139,0.06728389475851121,0.7603409246787299,14,1,1,DE,0.5879404909353875,0.8881740748874131,FALSE,FALSE
dip_sp,geo_db,anomaly,326,0.0343930737425798,0.5360606883217538,0.03746392404241225,0.5002686035412008,149,16,2,"DE,PL",0.7267326811191256,0.7137077777294467,FALSE,FALSE
dip_sp,ips_acu,anomaly,189,-0.062459713856547,0.3932065679417127,-0.07806573170514941,0.2856391641841043,39,9,2,"DE,PL",0.6071036592988943,0.5234102266780153,FALSE,FALSE
dip_sp,ips_ami,anomaly,0,NA,NA,NA,NA,0,0,0,,NA,NA,TRUE,FALSE
dip_sp,ips_cem,anomaly,92,0.16367589882704756,0.11899813433948386,0.13454988209546412,0.200990293819939,43,4,1,DE,0.28155323094588075,0.41727922918594357,FALSE,FALSE
dip_sp,ips_dup,anomaly,0,NA,NA,NA,NA,0,0,0,,NA,NA,TRUE,FALSE
dip_sp,ips_sex,anomaly,69,0.021534322744868068,0.8605846646704396,0.15915235659481186,0.19148104537443186,36,3,1,DE,0.9288187238433384,0.4028954487846878,FALSE,FALSE
dip_sp,ips_typ,anomaly,435,0.04441447205523895,0.3554197089528919,0.036907616880267426,0.4425964492657736,281,21,3,"AT,DE,PL",0.5710820363578634,0.6679000716295723,FALSE,FALSE
dip_sp,lym_dis,anomaly,111,0.03828817130016861,0.6899146697031784,0.13563531063531065,0.1557828202233842,28,5,2,"AT,DE",0.8276494328993166,0.3522275969118551,FALSE,FALSE
dip_sp,lym_mon,anomaly,326,0.055885344972338234,0.3144412196912521,0.061543830177814535,0.2678682535622893,195,16,2,"DE,PL",0.5296270038739018,0.5047122178701892,FALSE,FALSE
dip_sp,mel_spp,anomaly,326,0.04551203393175014,0.4127811517853561,0.058316065653263825,0.29382241136370923,199,16,2,"DE,PL",0.6196069012141795,0.5340042190179675,FALSE,FALSE
dip_sp,neo_ser,anomaly,18,0.12159797732886451,0.6307652945297324,0.15797627298843403,0.5312686057474698,4,1,1,DE,0.7938121725496822,0.7301325776720977,FALSE,FALSE
dip_sp,ope_spp,anomaly,23,-0.03202201759264371,0.8846755574038105,-0.019273536540947083,0.9304443823918467,3,1,1,DE,0.9411141894550904,0.9788744527687092,FALSE,FALSE
dip_sp,pan_fla,anomaly,283,0.2600419394062968,9.349437040448492e-6,0.22217910122187146,1.6436684538617344e-4,124,14,2,"DE,PL",1.6854255421565255e-4,0.0019933215613195943,FALSE,FALSE
dip_sp,pha_cya,anomaly,435,-0.030524955034522877,0.5254515555132049,-0.03564656812506105,0.45835118091212734,273,21,3,"AT,DE,PL",0.7194159806970448,0.6782345622668515,FALSE,FALSE
dip_sp,pis_pin,anomaly,46,0.3118604933243873,0.03486990896417255,0.3473943879124267,0.01800586834717848,29,2,1,DE,0.11687552401559342,0.07413527276276573,FALSE,FALSE
dip_sp,pit_bid,anomaly,69,0.24721547687088355,0.04056821673078186,0.1667884545122397,0.17076355554385128,30,3,1,DE,0.1300913488434207,0.3759052526328343,FALSE,FALSE
dip_sp,pit_cha,anomaly,155,0.06953948197928292,0.38990313957639466,0.024195159679030645,0.7650676611597823,80,7,2,"AT,DE",0.6048032420871052,0.890576143095244,FALSE,FALSE
dip_sp,pit_spp,anomaly,86,0.040074115662972476,0.7141105106581775,-0.021557620642483136,0.843816090514368,43,4,2,"AT,DE",0.8415401247508911,0.9374598296301981,FALSE,FALSE
dip_sp,pol_pol,anomaly,0,NA,NA,NA,NA,0,0,0,,NA,NA,TRUE,FALSE
dip_sp,pri_abi,anomaly,46,0.164579782720607,0.2743986384100517,0.1916127042861548,0.20207075116500717,10,2,1,DE,0.4835323561425314,0.41727922918594357,FALSE,FALSE
dip_sp,sap_car,anomaly,0,NA,NA,NA,NA,0,0,0,,NA,NA,TRUE,FALSE
dip_sp,sco_int,anomaly,92,-0.037628862405669906,0.7217546317737031,-0.0016337099086047191,0.9876685851005594,26,4,1,DE,0.8475534144244014,0.9996754496624393,FALSE,FALSE
dip_sp,sco_rat,anomaly,46,0.2640991747252997,0.07613747675118471,0.23786617329633053,0.1114227820087782,27,2,1,DE,0.2077421471824718,0.2825817323188405,FALSE,FALSE
dip_sp,sco_sco,anomaly,0,NA,NA,NA,NA,0,0,0,,NA,NA,TRUE,FALSE
dip_sp,tet_gab,anomaly,132,-0.01179046069217218,0.8932615613220476,0.006636994985729416,0.9397939571367318,52,6,2,"AT,DE",0.9446606423594457,0.9796585152110951,FALSE,FALSE
dip_sp,tet_spp,anomaly,23,0.3610066673688825,0.09057002896165299,0.2875494071146245,0.1833737659091203,6,1,1,DE,0.23690278163695117,0.3932807133806535,FALSE,FALSE
dip_sp,tha_pit,anomaly,23,-0.07698501022476494,0.7269868122654817,-0.1007905138339921,0.6472495084624308,11,1,1,DE,0.8521971946943345,0.8191943494201923,FALSE,FALSE
dip_sp,tha_pro,anomaly,46,-0.2618458685881775,0.07877051165418973,-0.2405797101449275,0.10728004718835225,19,2,1,DE,0.21357695639570956,0.2762771871607373,FALSE,FALSE
dip_sp,tom_spp,anomaly,315,0.03196911616357585,0.5718803733476294,0.06679144446620057,0.23719054133053574,162,15,3,"AT,DE,PL",0.7479298216134683,0.4639474811362679,FALSE,FALSE
dip_sp,tor_vir,anomaly,309,0.15250091403696886,0.007240345433643595,0.14065467886326014,0.013331908843822493,146,15,2,"DE,PL",0.03594418025314357,0.06049240271312655,FALSE,FALSE
dip_sp,uro_sir_spp,anomaly,0,NA,NA,NA,NA,0,0,0,,NA,NA,TRUE,FALSE
dip_sp,xyl_lin,anomaly,69,0.1938915933019903,0.11041053815057092,0.1646328096455974,0.17643810357043277,38,3,1,DE,0.2737688808417502,0.3845889381747668,FALSE,FALSE
dip_sp,xyl_spp,anomaly,92,0.26355243232259323,0.011136343549403592,0.2367338131714008,0.02308507514662634,40,4,1,DE,0.048233384074364914,0.09165324477857005,FALSE,FALSE
dip_sp,zei_gri,anomaly,0,NA,NA,NA,NA,0,0,0,,NA,NA,TRUE,FALSE
era_def,geo_db,anomaly,0,NA,NA,NA,NA,0,0,0,,NA,NA,TRUE,FALSE
era_def,ips_acu,anomaly,23,0.06142601596810544,0.7806873507899791,-0.07924547604891319,0.7192808807976381,9,1,1,DE,0.8860866842396938,0.8707084346497724,FALSE,FALSE
era_def,ips_ami,anomaly,0,NA,NA,NA,NA,0,0,0,,NA,NA,TRUE,FALSE
era_def,ips_cem,anomaly,46,-0.022220473072797578,0.8834658656920823,-0.029728128885713422,0.844515948683499,25,2,1,DE,0.9411141894550904,0.9374598296301981,FALSE,FALSE
era_def,ips_dup,anomaly,0,NA,NA,NA,NA,0,0,0,,NA,NA,TRUE,FALSE
era_def,ips_sex,anomaly,23,-0.04359967388564554,0.8434131652690722,-0.08771826279628127,0.690637016537636,14,1,1,DE,0.9177105729762988,0.8478414072296377,FALSE,FALSE
era_def,ips_typ,anomaly,46,-0.07422546726106018,0.6239609887368801,-0.04721889910329534,0.7553335484236678,24,2,1,DE,0.7910811474890441,0.8855599706526487,FALSE,FALSE
era_def,lym_dis,anomaly,23,0.1673397580550726,0.4453534119876653,0.07575668150587928,0.7311849959045469,7,1,1,DE,0.6541280353862996,0.8771589788998791,FALSE,FALSE
era_def,lym_mon,anomaly,46,0.2321788663385441,0.12049962021334873,0.275587789399992,0.06377266157259534,19,2,1,DE,0.2830043897264211,0.18738486902608412,FALSE,FALSE
era_def,mel_spp,anomaly,46,0.5444994702602407,9.155647226255048e-5,0.5767009784461371,2.7304366857820592e-5,10,2,1,DE,0.001071371350861775,4.1390937941287125e-4,FALSE,FALSE
era_def,neo_ser,anomaly,0,NA,NA,NA,NA,0,0,0,,NA,NA,TRUE,FALSE
era_def,ope_spp,anomaly,23,0.5745040586751045,0.004141815311541033,0.496279037664811,0.016012973897901326,8,1,1,DE,0.02321504884704091,0.06759907335379864,FALSE,FALSE
era_def,pan_fla,anomaly,23,0.07051734373363976,0.7491745766460328,0.10566063473188426,0.6313561353108768,7,1,1,DE,0.869042508909398,0.8082812711177635,FALSE,FALSE
era_def,pha_cya,anomaly,46,0.2205155982042353,0.14084641231366993,0.3480230639406493,0.01778485563186025,25,2,1,DE,0.3144984202775264,0.07368011618913534,FALSE,FALSE
era_def,pis_pin,anomaly,23,-0.05728825395419543,0.7951443939183936,-0.09818464642538302,0.655815786644113,14,1,1,DE,0.8957794210567251,0.8268981657686643,FALSE,FALSE
era_def,pit_bid,anomaly,23,0.15669470717561265,0.47522513595694094,0.15101496379132515,0.4915694240632936,13,1,1,DE,0.6811004772863279,0.7112295137748739,FALSE,FALSE
era_def,pit_cha,anomaly,46,-0.05963091877014427,0.6938343753554643,-0.01878867189450495,0.9013668565665733,24,2,1,DE,0.8279749546632241,0.9665782850963094,FALSE,FALSE
era_def,pit_spp,anomaly,23,-0.20635116616679322,0.34483322109735204,-0.32495629172258744,0.1302968483990282,10,1,1,DE,0.5637347021370926,0.3130551857380856,FALSE,FALSE
era_def,pol_pol,anomaly,0,NA,NA,NA,NA,0,0,0,,NA,NA,TRUE,FALSE
era_def,pri_abi,anomaly,23,0.3579028277535574,0.09358286144748872,0.1834109131194972,0.402201616677586,6,1,1,DE,0.2419370875406007,0.6286239258375603,FALSE,FALSE
era_def,sap_car,anomaly,0,NA,NA,NA,NA,0,0,0,,NA,NA,TRUE,FALSE
era_def,sco_int,anomaly,23,0.023331056702144047,0.9158473728937101,-0.04734792594117455,0.830134171373077,12,1,1,DE,0.9587370494112061,0.9374598296301981,FALSE,FALSE
era_def,sco_rat,anomaly,23,-0.06330705882383694,0.7741379720714745,-0.14503417314612413,0.5090769875034645,13,1,1,DE,0.8826496194387581,0.7185253000928159,FALSE,FALSE
era_def,sco_sco,anomaly,0,NA,NA,NA,NA,0,0,0,,NA,NA,TRUE,FALSE
era_def,tet_gab,anomaly,23,0.1568438555466107,0.4747996991335891,-0.014951976613002488,0.9460150499339328,9,1,1,DE,0.6811004772863279,0.9796585152110951,FALSE,FALSE
era_def,tet_spp,anomaly,0,NA,NA,NA,NA,0,0,0,,NA,NA,TRUE,FALSE
era_def,tha_pit,anomaly,23,-0.4834461645187171,0.0194362957543628,-0.508865604062518,0.013148762705619727,3,1,1,DE,0.0753721469079069,0.060294791191847635,FALSE,FALSE
era_def,tha_pro,anomaly,46,0.33070726958585084,0.02477994239000081,0.24493258788790498,0.10088190742248856,19,2,1,DE,0.08989784623657322,0.2649143001999995,FALSE,FALSE
era_def,tom_spp,anomaly,46,-0.16123707806155152,0.2843983172974901,-0.09703360156043675,0.5211856618847839,25,2,1,DE,0.4952837536225219,0.721225801819815,FALSE,FALSE
era_def,tor_vir,anomaly,46,0.4587816481297993,0.0013423260436038914,0.41946946101317467,0.003709817717983318,21,2,1,DE,0.009562934219427726,0.023792773248989162,FALSE,FALSE
era_def,uro_sir_spp,anomaly,0,NA,NA,NA,NA,0,0,0,,NA,NA,TRUE,FALSE
era_def,xyl_lin,anomaly,46,-0.03859501524202421,0.7989895226360713,-0.010012384364834875,0.9473459404964863,25,2,1,DE,0.8957794210567251,0.9796585152110951,FALSE,FALSE
era_def,xyl_spp,anomaly,46,0.055115271054189174,0.7160079348786528,0.06551313226373437,0.6653281574422858,23,2,1,DE,0.8422879939401435,0.8325963996510406,FALSE,FALSE
era_def,zei_gri,anomaly,0,NA,NA,NA,NA,0,0,0,,NA,NA,TRUE,FALSE
geo_db,ips_acu,anomaly,247,-0.09393952407819149,0.14098205046923595,-0.14526720329238033,0.022395110966945114,61,12,4,"BG,DE,LT,PL",0.3144984202775264,0.08944634140690054,FALSE,FALSE
geo_db,ips_ami,anomaly,0,NA,NA,NA,NA,0,0,0,,NA,NA,TRUE,FALSE
geo_db,ips_cem,anomaly,46,-0.14158954215713504,0.34792632837648574,-0.16756090040086338,0.26567863540856373,32,2,1,DE,0.5650758448523163,0.502004673704,FALSE,FALSE
geo_db,ips_dup,anomaly,22,0.01841811686995801,0.935161640273789,-0.24562394127611517,0.27054137518067217,4,1,1,RO,0.9640369796422846,0.5068851046222145,FALSE,FALSE
geo_db,ips_sex,anomaly,64,-0.001967578644830289,0.9876888086327619,0.019917582417582416,0.8758630543990713,41,3,2,"BG,DE",0.9966542138548445,0.9513250468713034,FALSE,FALSE
geo_db,ips_typ,anomaly,452,0.05486562763010615,0.24438093789786924,0.06874211949378156,0.14452185585915156,289,22,6,"BG,DE,HR,LT,PL,RO",0.4538528606574281,0.3370492232799094,FALSE,FALSE
geo_db,lym_dis,anomaly,133,-0.09226417899918642,0.2908524693360888,-0.08687424123402128,0.320073528498863,52,6,5,"BG,DE,HR,LT,RO",0.5038500818610212,0.5547778085749455,FALSE,FALSE
geo_db,lym_mon,anomaly,346,0.03820885370288572,0.478689094613715,0.007989929840596852,0.8822750333014066,167,17,3,"DE,LT,PL",0.683695130850852,0.9537721996953618,FALSE,FALSE
geo_db,mel_spp,anomaly,320,0.022899364094891222,0.683209971009278,0.014574971435267923,0.7950809061561371,188,16,1,PL,0.8225650733992571,0.9162530924159623,FALSE,FALSE
geo_db,neo_ser,anomaly,36,-0.05326744576067014,0.7576681307417309,-0.06847728207067637,0.6914928418784452,15,2,2,"BG,DE",0.8743332927417552,0.8478414072296377,FALSE,FALSE
geo_db,ope_spp,anomaly,23,-0.6488509236292274,8.099655470778733e-4,-0.5100074284681382,0.012911171988212558,0,1,1,DE,0.00650900023977038,0.05980383136206789,FALSE,FALSE
geo_db,pan_fla,anomaly,260,0.06139236058933711,0.32409251851868537,0.042088014501807595,0.49924489171849484,103,13,1,PL,0.5404242746299078,0.7137077777294467,FALSE,FALSE
geo_db,pha_cya,anomaly,366,0.003225981420774045,0.9509564706083563,0.004793266150670858,0.9271847513395268,222,18,2,"DE,PL",0.9713298580291385,0.9769861439865156,FALSE,FALSE
geo_db,pis_pin,anomaly,46,0.25529028200601006,0.08683884342108172,0.25747764415664504,0.08407813496016989,20,2,2,"DE,LT",0.23011056597223478,0.23077281892988522,FALSE,FALSE
geo_db,pit_bid,anomaly,46,0.1651861175861025,0.27260995274251315,0.14079555966697502,0.35066386042691,29,2,1,DE,0.4835323561425314,0.5876703389566557,FALSE,FALSE
geo_db,pit_cha,anomaly,69,-0.1021861227886785,0.40343349185797506,-0.08699305809280235,0.4772290383771324,38,3,2,"DE,LT",0.6133120008184721,0.6950038615666971,FALSE,FALSE
geo_db,pit_spp,anomaly,23,0.0021215825367528114,0.9923345928601873,-0.17490118577075098,0.4247538117161004,21,1,1,HR,0.9968180322857605,0.6483084494614164,FALSE,FALSE
geo_db,pol_pol,anomaly,23,0.1280754938780392,0.5603093384368253,-0.037549407114624504,0.8649333446053347,6,1,1,LT,0.7384656765674891,0.9442071045036959,FALSE,FALSE
geo_db,pri_abi,anomaly,46,0.06423267686124001,0.6714955162521438,0.01140918902251002,0.9400128525789702,17,2,1,DE,0.8203067936633333,0.9796585152110951,FALSE,FALSE
geo_db,sap_car,anomaly,0,NA,NA,NA,NA,0,0,0,,NA,NA,TRUE,FALSE
geo_db,sco_int,anomaly,46,0.12610593019556726,0.4036641204787246,0.18359543632439096,0.22195349934322842,20,2,1,DE,0.6133120008184721,0.44324246725129746,FALSE,FALSE
geo_db,sco_rat,anomaly,46,0.3405935875790225,0.020548838391904963,0.3953746530989824,0.006537030610398984,17,2,2,"DE,LT",0.07877054716896903,0.036640331236438,FALSE,FALSE
geo_db,sco_sco,anomaly,0,NA,NA,NA,NA,0,0,0,,NA,NA,TRUE,FALSE
geo_db,tet_gab,anomaly,23,0.4090857732889708,0.05258848922879807,0.4041501976284585,0.05579175689820351,6,1,1,DE,0.1552058509540191,0.17159340443407878,FALSE,FALSE
geo_db,tet_spp,anomaly,0,NA,NA,NA,NA,0,0,0,,NA,NA,TRUE,FALSE
geo_db,tha_pit,anomaly,41,0.22034502665347805,0.16625226353992723,0.20662020905923348,0.19492762043295406,33,2,2,"BG,HR",0.34981154505088785,0.4075759336325403,FALSE,FALSE
geo_db,tha_pro,anomaly,0,NA,NA,NA,NA,0,0,0,,NA,NA,TRUE,FALSE
geo_db,tom_spp,anomaly,269,0.005050073009004881,0.9342951032043548,-0.009960729191711825,0.8708244374316236,122,13,3,"DE,LT,PL",0.9640369796422846,0.9490848035406747,FALSE,FALSE
geo_db,tor_vir,anomaly,390,0.2677329010233567,7.932793276025536e-8,0.28838514590952147,6.609309662484229e-9,190,19,5,"BG,DE,LT,PL,RO",2.4050786886859237e-6,2.09924264041761e-7,FALSE,FALSE
geo_db,uro_sir_spp,anomaly,0,NA,NA,NA,NA,0,0,0,,NA,NA,TRUE,FALSE
geo_db,xyl_lin,anomaly,46,0.5987137727952161,1.106417733887308e-5,0.6296022201665125,2.7656261066374764e-6,33,2,1,DE,1.7999527524459376e-4,5.589917009476354e-5,FALSE,FALSE
geo_db,xyl_spp,anomaly,46,0.3863236295129888,0.008004116943664746,0.41732963305581244,0.00390774205331096,31,2,1,DE,0.03840824461456393,0.024650362230261208,FALSE,FALSE
geo_db,zei_gri,anomaly,0,NA,NA,NA,NA,0,0,0,,NA,NA,TRUE,FALSE
ips_acu,ips_ami,anomaly,0,NA,NA,NA,NA,0,0,0,,NA,NA,TRUE,FALSE
ips_acu,ips_cem,anomaly,69,0.05959477895861022,0.6266690887308692,0.10040189989039096,0.4117364815644369,48,3,1,DE,0.791644473832367,0.6416547504754191,FALSE,FALSE
ips_acu,ips_dup,anomaly,182,0.16414411286641883,0.02681445503128474,0.1723316987332928,0.020002807446923017,158,8,2,"CZ,SK",0.09463090743844932,0.08135288150669301,FALSE,FALSE
ips_acu,ips_sex,anomaly,248,0.259279664301975,3.574084328142278e-5,0.21059004202784756,8.465060381166493e-4,192,11,3,"BG,CZ,DE",5.182422275806303e-4,0.007429204308207962,FALSE,FALSE
ips_acu,ips_typ,anomaly,453,0.12922698509142755,0.005879990849221249,0.11458675687740254,0.014681359264097709,306,21,6,"BG,CZ,DE,LT,PL,SK",0.02998160505843642,0.06358744564385177,FALSE,FALSE
ips_acu,lym_dis,anomaly,109,0.06498298269957274,0.5020098991794548,0.009971272356593458,0.9180379739246614,48,5,4,"BG,DE,LT,SK",0.7064147737398657,0.9742757063694034,FALSE,FALSE
ips_acu,lym_mon,anomaly,324,-0.053624949899513843,0.33594361674587137,-0.03642948497437661,0.5134898489074142,140,15,4,"CZ,DE,LT,PL",0.55327010461604,0.7185253000928159,FALSE,FALSE
ips_acu,mel_spp,anomaly,183,0.06141440896184469,0.4088688132597048,0.06485905398948877,0.383042630126629,56,9,2,"DE,PL",0.6170033901453011,0.6186184849744831,FALSE,FALSE
ips_acu,neo_ser,anomaly,36,-0.1899937348813521,0.2670515524716346,-0.2161153319486196,0.20552985775269464,22,2,2,"BG,DE",0.47884641570549547,0.42051661080075864,FALSE,FALSE
ips_acu,ope_spp,anomaly,23,0.38783217281858073,0.06746200796047526,0.41611071198660116,0.04827690405639762,8,1,1,DE,0.19066592927812287,0.15362013435046173,FALSE,FALSE
ips_acu,pan_fla,anomaly,143,0.05501796722205644,0.5139887313126291,0.060343412456088506,0.4740396321838377,23,7,2,"DE,PL",0.7172185853253632,0.6918696601020126,FALSE,FALSE
ips_acu,pha_cya,anomaly,390,0.0724986176277205,0.152998959909665,0.06120558118270134,0.22783118864886875,206,18,3,"CZ,DE,PL",0.33133216318099534,0.4509299787204613,FALSE,FALSE
ips_acu,pis_pin,anomaly,69,0.1917056212586381,0.11456345587187106,0.21242236024844724,0.0797160702972079,50,3,2,"DE,LT",0.27686168502368835,0.22154424536765696,FALSE,FALSE
ips_acu,pit_bid,anomaly,69,0.03215910775073785,0.7930738016570619,-0.039715016441359156,0.7459390086228268,41,3,1,DE,0.8950596035622002,0.8855599706526487,FALSE,FALSE
ips_acu,pit_cha,anomaly,114,0.26501175803041904,0.00437877409746561,0.15486523156679696,0.09992298093317131,88,5,3,"DE,LT,SK",0.02433868602507968,0.26411494148201414,FALSE,FALSE
ips_acu,pit_spp,anomaly,138,0.18991097441106441,0.025681109370339517,0.13281840411517182,0.12043281993175178,112,6,1,CZ,0.09188077161823942,0.29973392124805387,FALSE,FALSE
ips_acu,pol_pol,anomaly,184,0.23242694051884985,0.0014988742974151117,0.23668201344609038,0.0012176328069362851,144,8,2,"CZ,LT",0.010201522003835504,0.009443733514261653,FALSE,FALSE
ips_acu,pri_abi,anomaly,184,0.03817678659705044,0.6068929035087283,0.02875113174471692,0.6984440659060591,110,8,2,"CZ,DE",0.7753586694111516,0.8547930127694338,FALSE,FALSE
ips_acu,sap_car,anomaly,0,NA,NA,NA,NA,0,0,0,,NA,NA,TRUE,FALSE
ips_acu,sco_int,anomaly,230,0.16188644388889606,0.013971787027370874,0.11825702302254418,0.07345855589600031,122,10,2,"CZ,DE",0.05717289538194094,0.21116186465303263,FALSE,FALSE
ips_acu,sco_rat,anomaly,230,0.20327364583830687,0.001945593098505936,0.14324475600344216,0.02987148140455888,108,10,3,"CZ,DE,LT",0.012504297261146421,0.10947604437780738,FALSE,FALSE
ips_acu,sco_sco,anomaly,0,NA,NA,NA,NA,0,0,0,,NA,NA,TRUE,FALSE
ips_acu,tet_gab,anomaly,46,0.14051767635184137,0.35162506621305933,-0.01140918902251002,0.9400128525789695,14,2,1,DE,0.5678787388961515,0.9796585152110951,FALSE,FALSE
ips_acu,tet_spp,anomaly,0,NA,NA,NA,NA,0,0,0,,NA,NA,TRUE,FALSE
ips_acu,tha_pit,anomaly,41,0.2590494490401004,0.10194786408632442,0.19372822299651574,0.22488447966190547,25,2,2,"BG,DE",0.2585514891609833,0.447755068461167,FALSE,FALSE
ips_acu,tha_pro,anomaly,23,0.15044759253152265,0.49321731968402716,0.1225296442687747,0.5775498352323445,9,1,1,DE,0.7014412627489256,0.7599703740435007,FALSE,FALSE
ips_acu,tom_spp,anomaly,353,0.1841377290919997,5.067901612580582e-4,0.11787556144340607,0.026790870116875067,208,16,4,"CZ,DE,LT,PL",0.004278848576697783,0.10153130890883902,FALSE,FALSE
ips_acu,tor_vir,anomaly,270,0.07451397950048422,0.22231087524316331,0.011702949743252077,0.8482016704780567,83,13,4,"BG,DE,LT,PL",0.4236358413379909,0.9374598296301981,FALSE,FALSE
ips_acu,uro_sir_spp,anomaly,0,NA,NA,NA,NA,0,0,0,,NA,NA,TRUE,FALSE
ips_acu,xyl_lin,anomaly,69,-0.17962232382140667,0.13971912474216755,-0.12192181220314213,0.3182861665502327,47,3,1,DE,0.3144984202775264,0.5547778085749455,FALSE,FALSE
ips_acu,xyl_spp,anomaly,69,-0.23361016285050537,0.05337389817146222,-0.18556814029959812,0.12686623141529607,45,3,1,DE,0.15682991224830528,0.3111021189485385,FALSE,FALSE
ips_acu,zei_gri,anomaly,115,0.014787975715090187,0.8753555586928249,0.017795490054423692,0.8502765621876106,58,5,1,CZ,0.9368701465136178,0.9374598296301981,FALSE,FALSE
ips_ami,ips_cem,anomaly,0,NA,NA,NA,NA,0,0,0,,NA,NA,TRUE,FALSE
ips_ami,ips_dup,anomaly,0,NA,NA,NA,NA,0,0,0,,NA,NA,TRUE,FALSE
ips_ami,ips_sex,anomaly,0,NA,NA,NA,NA,0,0,0,,NA,NA,TRUE,FALSE
ips_ami,ips_typ,anomaly,0,NA,NA,NA,NA,0,0,0,,NA,NA,TRUE,FALSE
ips_ami,lym_dis,anomaly,0,NA,NA,NA,NA,0,0,0,,NA,NA,TRUE,FALSE
ips_ami,lym_mon,anomaly,0,NA,NA,NA,NA,0,0,0,,NA,NA,TRUE,FALSE
ips_ami,mel_spp,anomaly,0,NA,NA,NA,NA,0,0,0,,NA,NA,TRUE,FALSE
ips_ami,neo_ser,anomaly,0,NA,NA,NA,NA,0,0,0,,NA,NA,TRUE,FALSE
ips_ami,ope_spp,anomaly,0,NA,NA,NA,NA,0,0,0,,NA,NA,TRUE,FALSE
ips_ami,pan_fla,anomaly,0,NA,NA,NA,NA,0,0,0,,NA,NA,TRUE,FALSE
ips_ami,pha_cya,anomaly,0,NA,NA,NA,NA,0,0,0,,NA,NA,TRUE,FALSE
ips_ami,pis_pin,anomaly,0,NA,NA,NA,NA,0,0,0,,NA,NA,TRUE,FALSE
ips_ami,pit_bid,anomaly,0,NA,NA,NA,NA,0,0,0,,NA,NA,TRUE,FALSE
ips_ami,pit_cha,anomaly,0,NA,NA,NA,NA,0,0,0,,NA,NA,TRUE,FALSE
ips_ami,pit_spp,anomaly,0,NA,NA,NA,NA,0,0,0,,NA,NA,TRUE,FALSE
ips_ami,pol_pol,anomaly,0,NA,NA,NA,NA,0,0,0,,NA,NA,TRUE,FALSE
ips_ami,pri_abi,anomaly,0,NA,NA,NA,NA,0,0,0,,NA,NA,TRUE,FALSE
ips_ami,sap_car,anomaly,0,NA,NA,NA,NA,0,0,0,,NA,NA,TRUE,FALSE
ips_ami,sco_int,anomaly,0,NA,NA,NA,NA,0,0,0,,NA,NA,TRUE,FALSE
ips_ami,sco_rat,anomaly,0,NA,NA,NA,NA,0,0,0,,NA,NA,TRUE,FALSE
ips_ami,sco_sco,anomaly,0,NA,NA,NA,NA,0,0,0,,NA,NA,TRUE,FALSE
ips_ami,tet_gab,anomaly,0,NA,NA,NA,NA,0,0,0,,NA,NA,TRUE,FALSE
ips_ami,tet_spp,anomaly,0,NA,NA,NA,NA,0,0,0,,NA,NA,TRUE,FALSE
ips_ami,tha_pit,anomaly,0,NA,NA,NA,NA,0,0,0,,NA,NA,TRUE,FALSE
ips_ami,tha_pro,anomaly,0,NA,NA,NA,NA,0,0,0,,NA,NA,TRUE,FALSE
ips_ami,tom_spp,anomaly,0,NA,NA,NA,NA,0,0,0,,NA,NA,TRUE,FALSE
ips_ami,tor_vir,anomaly,0,NA,NA,NA,NA,0,0,0,,NA,NA,TRUE,FALSE
ips_ami,uro_sir_spp,anomaly,0,NA,NA,NA,NA,0,0,0,,NA,NA,TRUE,FALSE
ips_ami,xyl_lin,anomaly,0,NA,NA,NA,NA,0,0,0,,NA,NA,TRUE,FALSE
ips_ami,xyl_spp,anomaly,0,NA,NA,NA,NA,0,0,0,,NA,NA,TRUE,FALSE
ips_ami,zei_gri,anomaly,0,NA,NA,NA,NA,0,0,0,,NA,NA,TRUE,FALSE
ips_cem,ips_dup,anomaly,0,NA,NA,NA,NA,0,0,0,,NA,NA,TRUE,FALSE
ips_cem,ips_sex,anomaly,92,0.48114400839616167,1.2045904069160297e-6,0.47232711187830395,1.9991146364485228e-6,71,4,1,DE,3.213847205651967e-5,4.3013208468102084e-5,FALSE,FALSE
ips_cem,ips_typ,anomaly,253,0.45661387007551507,1.957407999995186e-14,0.4520230425742237,3.8230197140671255e-14,188,11,1,DE,1.6319889199959864e-12,2.5499541492827726e-12,FALSE,FALSE
ips_cem,lym_dis,anomaly,138,0.27796935901693753,9.633990854027248e-4,0.29022875003710136,5.543150917773968e-4,68,6,1,DE,0.007471944069344388,0.005281830945936052,FALSE,FALSE
ips_cem,lym_mon,anomaly,69,-0.25639899275678363,0.03345415066268766,-0.29952502740226533,0.012409526316459632,38,3,1,DE,0.11326862178686632,0.05870322023459982,FALSE,FALSE
ips_cem,mel_spp,anomaly,138,0.17318365966040658,0.042222746114519025,0.17718938146848434,0.03761264450125832,70,6,1,DE,0.13391727914743518,0.12606851197155428,FALSE,FALSE
ips_cem,neo_ser,anomaly,18,-0.09883979989084689,0.6963927279851105,0.039235937082094725,0.8771587763506021,7,1,1,DE,0.8279749546632241,0.9513250468713034,FALSE,FALSE
ips_cem,ope_spp,anomaly,69,0.3648211586119132,0.002055840098561602,0.30548882425127627,0.010693499613713034,30,3,1,DE,0.0130594794832437,0.05362830257403454,FALSE,FALSE
ips_cem,pan_fla,anomaly,46,0.24003115165702832,0.10810788132282292,0.18532223250077084,0.21756087455531517,15,2,1,DE,0.270067254091097,0.43708766062769644,FALSE,FALSE
ips_cem,pha_cya,anomaly,230,0.4615750040337125,1.5467417678245974e-13,0.4995430997709334,6.390580109702951e-16,171,10,1,DE,1.0316767591390066e-11,5.688602923402457e-14,FALSE,FALSE
ips_cem,pis_pin,anomaly,69,0.40980975277321163,4.707388016558e-4,0.4196200219218123,3.317847607453907e-4,48,3,1,DE,0.0040254202654412645,0.0035595209379195446,FALSE,FALSE
ips_cem,pit_bid,anomaly,69,0.005126197568460484,0.966655152095887,-0.06952868103763245,0.5702487705116794,57,3,1,DE,0.9828643086096901,0.7568069702156123,FALSE,FALSE
ips_cem,pit_cha,anomaly,253,0.504908360171271,8.997690358542252e-18,0.5156413254667278,1.3741274280458956e-18,184,11,1,DE,1.2002918938295364e-15,1.8330859890132247e-16,FALSE,FALSE
ips_cem,pit_spp,anomaly,69,0.09805953655682062,0.42278585414294223,0.06799415418341251,0.5788080210106421,55,3,1,DE,0.6308683774347706,0.7599703740435007,FALSE,FALSE
ips_cem,pol_pol,anomaly,0,NA,NA,NA,NA,0,0,0,,NA,NA,TRUE,FALSE
ips_cem,pri_abi,anomaly,69,-0.12546854577810734,0.304304590662742,-0.10277676287906468,0.4007066599586103,37,3,1,DE,0.5183948748931503,0.6286239258375603,FALSE,FALSE
ips_cem,sap_car,anomaly,0,NA,NA,NA,NA,0,0,0,,NA,NA,TRUE,FALSE
ips_cem,sco_int,anomaly,115,0.1605157228457104,0.08659020066287057,0.17407085930718852,0.06280910318254798,56,5,1,DE,0.23011056597223478,0.1853702293042456,FALSE,FALSE
ips_cem,sco_rat,anomaly,46,0.23304998880160685,0.11907421797661939,0.23268578476719087,0.11966859867485458,35,2,1,DE,0.28155323094588075,0.29894739818774535,FALSE,FALSE
ips_cem,sco_sco,anomaly,0,NA,NA,NA,NA,0,0,0,,NA,NA,TRUE,FALSE
ips_cem,tet_gab,anomaly,138,0.5809709285612161,8.010694099652102e-14,0.5580391288365689,1.154601510001261e-12,82,6,1,DE,5.936814404964391e-12,6.417660059757009e-11,FALSE,FALSE
ips_cem,tet_spp,anomaly,115,0.4975739082137388,1.537389515322582e-8,0.5130829322181015,4.546763181915599e-9,67,5,1,DE,5.397046351158749e-7,1.5163455211688524e-7,FALSE,FALSE
ips_cem,tha_pit,anomaly,23,0.29551961058258547,0.1709886660468035,0.3804347826086957,0.07332766007090889,11,1,1,DE,0.35864603853213184,0.21116186465303263,FALSE,FALSE
ips_cem,tha_pro,anomaly,138,0.2681959139006494,0.001470688666974962,0.1801529262150419,0.03448117340570755,89,6,1,DE,0.010142514636657373,0.11855125083302544,FALSE,FALSE
ips_cem,tom_spp,anomaly,230,0.30472712968328625,2.492946797328085e-6,0.3251605808279437,4.6039758773345213e-7,160,10,1,DE,5.733777633854596e-5,1.1373525593267132e-5,FALSE,FALSE
ips_cem,tor_vir,anomaly,161,0.17994318020630976,0.022365095841373802,0.16116287094547965,0.04111539049913351,91,7,1,DE,0.083338094559756,0.13509342592572438,FALSE,FALSE
ips_cem,uro_sir_spp,anomaly,0,NA,NA,NA,NA,0,0,0,,NA,NA,TRUE,FALSE
ips_cem,xyl_lin,anomaly,184,0.29314829561598144,5.3807532434842074e-5,0.2890004045385371,6.928958119868386e-5,130,8,1,DE,7.324413088579523e-4,9.243230131904427e-4,FALSE,FALSE
ips_cem,xyl_spp,anomaly,161,0.1914945338639163,0.014956761271858417,0.1616287094547964,0.04052604484921065,109,7,1,DE,0.059737483642692,0.13381619759615596,FALSE,FALSE
ips_cem,zei_gri,anomaly,0,NA,NA,NA,NA,0,0,0,,NA,NA,TRUE,FALSE
ips_dup,ips_sex,anomaly,161,0.09612444869401202,0.22513366583737457,0.11975500345065564,0.1302462584907692,135,7,1,CZ,0.42539420712047826,0.3130551857380856,FALSE,FALSE
ips_dup,ips_typ,anomaly,227,0.2149153059017278,0.0011207878746274807,0.17881933401590996,0.006910695800836034,183,10,3,"CZ,RO,SK",0.008495062640642382,0.038094496687253177,FALSE,FALSE
ips_dup,lym_dis,anomaly,43,-0.23262142629059815,0.13332190583580725,-0.15131380247659318,0.3327523287110634,16,2,2,"RO,SK",0.3055866364002867,0.5705547641395354,FALSE,FALSE
ips_dup,lym_mon,anomaly,115,0.14871489681291405,0.1126936282501794,0.13928825061153635,0.13764193395514163,77,5,1,CZ,0.2742497942431649,0.3255573402414166,FALSE,FALSE
ips_dup,mel_spp,anomaly,0,NA,NA,NA,NA,0,0,0,,NA,NA,TRUE,FALSE
ips_dup,neo_ser,anomaly,0,NA,NA,NA,NA,0,0,0,,NA,NA,TRUE,FALSE
ips_dup,ope_spp,anomaly,0,NA,NA,NA,NA,0,0,0,,NA,NA,TRUE,FALSE
ips_dup,pan_fla,anomaly,0,NA,NA,NA,NA,0,0,0,,NA,NA,TRUE,FALSE
ips_dup,pha_cya,anomaly,161,0.007623826825141119,0.9235339460078809,0.006639636530940879,0.9333808136219617,132,7,1,CZ,0.9611621611005055,0.9796585152110951,FALSE,FALSE
ips_dup,pis_pin,anomaly,0,NA,NA,NA,NA,0,0,0,,NA,NA,TRUE,FALSE
ips_dup,pit_bid,anomaly,0,NA,NA,NA,NA,0,0,0,,NA,NA,TRUE,FALSE
ips_dup,pit_cha,anomaly,21,0.3371897018632212,0.1349776259353183,0.35844155844155845,0.11058955072221299,21,1,1,SK,0.30692020832380346,0.2825817323188405,FALSE,FALSE
ips_dup,pit_spp,anomaly,138,-0.04261899294159603,0.6196605840491074,-0.00839518800700474,0.9221500326140497,115,6,1,CZ,0.7887664304594554,0.9763080504024939,FALSE,FALSE
ips_dup,pol_pol,anomaly,184,0.06634340538175333,0.37090513322004726,0.07834370364662595,0.29047086282569956,132,8,1,CZ,0.5842285596638295,0.52935537023153445,FALSE,FALSE
ips_dup,pri_abi,anomaly,161,-0.07284522619775544,0.3584508210257461,-0.07822923855532551,0.3239388098102084,94,7,1,CZ,0.572069223233752,0.558313142489429,FALSE,FALSE
ips_dup,sap_car,anomaly,0,NA,NA,NA,NA,0,0,0,,NA,NA,TRUE,FALSE
ips_dup,sco_int,anomaly,161,-0.04682434546713903,0.5553055711877455,-0.06876006441223832,0.3861088041062851,85,7,1,CZ,0.7345105861532502,0.61907349119926,FALSE,FALSE
ips_dup,sco_rat,anomaly,161,0.034482352936952246,0.6641054496854981,0.07645502645502646,0.33506677891030423,78,7,1,CZ,0.817629924057424,0.5726033991684676,FALSE,FALSE
ips_dup,sco_sco,anomaly,0,NA,NA,NA,NA,0,0,0,,NA,NA,TRUE,FALSE
ips_dup,tet_gab,anomaly,0,NA,NA,NA,NA,0,0,0,,NA,NA,TRUE,FALSE
ips_dup,tet_spp,anomaly,0,NA,NA,NA,NA,0,0,0,,NA,NA,TRUE,FALSE
ips_dup,tha_pit,anomaly,0,NA,NA,NA,NA,0,0,0,,NA,NA,TRUE,FALSE
ips_dup,tha_pro,anomaly,0,NA,NA,NA,NA,0,0,0,,NA,NA,TRUE,FALSE
ips_dup,tom_spp,anomaly,184,0.04599086396436354,0.5353057420470788,0.10551328234863516,0.15401840015971427,150,8,1,CZ,0.7267326811191256,0.34942269696098444,FALSE,FALSE
ips_dup,tor_vir,anomaly,22,0.5409925743408451,0.009325990354321424,0.6804065499717673,4.92844941288691e-4,6,1,1,RO,0.0438058842699464,0.004906381728948609,FALSE,FALSE
ips_dup,uro_sir_spp,anomaly,0,NA,NA,NA,NA,0,0,0,,NA,NA,TRUE,FALSE
ips_dup,xyl_lin,anomaly,0,NA,NA,NA,NA,0,0,0,,NA,NA,TRUE,FALSE
ips_dup,xyl_spp,anomaly,0,NA,NA,NA,NA,0,0,0,,NA,NA,TRUE,FALSE
ips_dup,zei_gri,anomaly,115,-0.13571618475937425,0.14812250487622025,-0.22829917052303775,0.014128079847671594,62,5,1,CZ,0.3265857532487734,0.06324449166709364,FALSE,FALSE
ips_sex,ips_typ,anomaly,271,0.3491682012879485,3.4530212310801656e-9,0.35585341147529115,1.644435486983236e-9,228,12,3,"BG,CZ,DE",1.439478225706544e-7,6.451990998928343e-8,FALSE,FALSE
ips_sex,lym_dis,anomaly,64,-0.08770036100800035,0.49075757749693905,-0.06373626373626373,0.6168287852250104,27,3,2,"BG,DE",0.6994344106633725,0.797334883226903,FALSE,FALSE
ips_sex,lym_mon,anomaly,161,0.04781310635287466,0.5469759491788103,0.008100414078674949,0.9187697440874885,102,7,2,"CZ,DE",0.7286958143964046,0.9742757063694034,FALSE,FALSE
ips_sex,mel_spp,anomaly,23,0.2738192078559924,0.20612608476820463,0.16403162055335968,0.45452868560296955,8,1,1,DE,0.4055637125085324,0.6777599954418813,FALSE,FALSE
ips_sex,neo_ser,anomaly,36,0.15763873730265412,0.3585081488931159,0.15214313422469827,0.37571720346528736,21,2,2,"BG,DE",0.572069223233752,0.6112277431984064,FALSE,FALSE
ips_sex,ope_spp,anomaly,46,0.40505982079318315,0.005231322886290975,0.31824349388268464,0.03112921505333996,14,2,1,DE,0.02836823061102504,0.11346003519441394,FALSE,FALSE
ips_sex,pan_fla,anomaly,23,-0.06849240633894017,0.756161919555774,0.2717391304347826,0.2097314194246668,8,1,1,DE,0.8741074529353575,0.4252001725114065,FALSE,FALSE
ips_sex,pha_cya,anomaly,253,0.41761148353371397,4.243814747539866e-12,0.4066448215712167,1.7073826705214767e-11,198,11,2,"CZ,DE",2.3588536971742425e-10,8.760186471060192e-10,FALSE,FALSE
ips_sex,pis_pin,anomaly,46,0.15292639337087688,0.3102790179445825,0.20468701819303114,0.17239545441246856,41,2,1,DE,0.5252693019518694,0.3782492371484097,FALSE,FALSE
ips_sex,pit_bid,anomaly,69,0.08224884955051442,0.5016674148654201,0.12404092071611256,0.3098837425384533,57,3,1,DE,0.7064147737398657,0.5453626814594943,FALSE,FALSE
ips_sex,pit_cha,anomaly,92,0.29978823872776006,0.00369320787490661,0.43544534007367103,1.437374854109471e-5,71,4,1,DE,0.021235945280713008,2.2826881611690887e-4,FALSE,FALSE
ips_sex,pit_spp,anomaly,138,0.30535584514099634,0.00027066512613652523,0.21570633052428254,0.011056339752115346,113,6,1,CZ,0.002581886624946091,0.05405049983685317,FALSE,FALSE
ips_sex,pol_pol,anomaly,161,0.047696384562984376,0.5479560512192964,0.07883022774327123,0.3202240724158231,123,7,1,CZ,0.7286958143964046,0.5547778085749455,FALSE,FALSE
ips_sex,pri_abi,anomaly,184,-0.027706187811032477,0.7088987365562627,-0.011224981217853633,0.8797941494115191,114,8,2,"CZ,DE",0.8383607398635234,0.9526342494439664,FALSE,FALSE
ips_sex,sap_car,anomaly,0,NA,NA,NA,NA,0,0,0,,NA,NA,TRUE,FALSE
ips_sex,sco_int,anomaly,230,0.06967152831320271,0.2927338526613879,0.0688013334681267,0.2988184386555455,128,10,2,"CZ,DE",0.5045309553621337,0.5347294890435709,FALSE,FALSE
ips_sex,sco_rat,anomaly,207,0.12423198113318715,0.07450838938767151,0.09706573151064499,0.16411518569695585,109,9,2,"CZ,DE",0.2045147972081354,0.36590093127368795,FALSE,FALSE
ips_sex,sco_sco,anomaly,0,NA,NA,NA,NA,0,0,0,,NA,NA,TRUE,FALSE
ips_sex,tet_gab,anomaly,46,0.26876477479967303,0.07090616480642596,0.12661116250385443,0.40176786086410643,18,2,1,DE,0.1987160164953198,0.6286239258375603,FALSE,FALSE
ips_sex,tet_spp,anomaly,0,NA,NA,NA,NA,0,0,0,,NA,NA,TRUE,FALSE
ips_sex,tha_pit,anomaly,41,0.18547641092273703,0.24563850479360053,0.20888501742160284,0.1899703787811439,25,2,2,"BG,DE",0.4538528606574281,0.40287279896901007,FALSE,FALSE
ips_sex,tha_pro,anomaly,46,0.6264837339056759,3.202926423020083e-6,0.47875423990132593,7.634372461125828e-4,19,2,1,DE,6.891457819852888e-5,0.006789501908761236,FALSE,FALSE
ips_sex,tom_spp,anomaly,253,0.3785835511827134,4.810355709185643e-10,0.35959264973301264,3.873036673822695e-9,211,11,2,"CZ,DE",2.1390048386845493e-8,1.3596397165472305e-7,FALSE,FALSE
ips_sex,tor_vir,anomaly,110,0.20970436904037648,0.027893367603016833,0.13686630750850934,0.15392986241160903,65,5,2,"BG,DE",0.09639832223426024,0.34942269696098444,FALSE,FALSE
ips_sex,uro_sir_spp,anomaly,0,NA,NA,NA,NA,0,0,0,,NA,NA,TRUE,FALSE
ips_sex,xyl_lin,anomaly,92,0.303098196959147,0.003315280373529185,0.2999861288781345,0.0036695747033095843,71,4,1,DE,0.019568955833132444,0.02376316822434459,FALSE,FALSE
ips_sex,xyl_spp,anomaly,92,0.32539088245898257,0.001551003332805206,0.28896629317386674,0.005211976725102478,69,4,1,DE,0.010345192229810724,0.03131881509588606,FALSE,FALSE
ips_sex,zei_gri,anomaly,115,-0.05879007450330489,0.532557843007804,-0.053260205045368283,0.5718601394132963,57,5,1,CZ,0.7249307781351126,0.7568069702156123,FALSE,FALSE
ips_typ,lym_dis,anomaly,373,0.1951887401235648,1.4846734349502902e-4,0.18262982470825948,3.9233012669657026e-4,212,17,9,"AT,BG,DE,HR,HU,LT,RO,RS,SK",0.0016784359001895653,0.004088815539165818,FALSE,FALSE
ips_typ,lym_mon,anomaly,507,-0.06940563479091595,0.11856897941860428,-0.08356443545920281,0.06007573023759002,368,24,4,"CZ,DE,LT,PL",0.28155323094588075,0.17968839492588584,FALSE,FALSE
ips_typ,mel_spp,anomaly,478,0.0017285179679724897,0.9699332254022198,0.011051406789152177,0.8095597757919293,365,23,2,"DE,PL",0.9845095139928772,0.9230365306892595,FALSE,FALSE
ips_typ,neo_ser,anomaly,36,-0.15948999631839705,0.35281948295572263,-0.1382417310975685,0.4213685985709864,23,2,2,"BG,DE",0.568431389206442,0.6463353657074454,FALSE,FALSE
ips_typ,ope_spp,anomaly,69,0.12019986532991024,0.3252202081822956,0.1934470254752281,0.11124557374696263,29,3,1,DE,0.5409523163530952,0.2825817323188405,FALSE,FALSE
ips_typ,pan_fla,anomaly,306,0.1480111451136587,0.009518777032383855,0.144711054710772,0.01126389726735021,159,15,2,"DE,PL",0.04409345003577924,0.05405049983685317,FALSE,FALSE
ips_typ,pha_cya,anomaly,816,0.34894374967746555,8.916798611466448e-25,0.35235128916514685,2.9137661534720327e-25,668,38,4,"AT,CZ,DE,PL",2.9737523369240604e-22,6.47827341455282e-23,FALSE,FALSE
ips_typ,pis_pin,anomaly,92,0.3541547952938222,5.332801344212202e-4,0.3743507544349058,2.3676220340122976e-4,68,4,2,"DE,LT",0.004391331477271035,0.0027227653391141424,FALSE,FALSE
ips_typ,pit_bid,anomaly,69,0.10640019741941449,0.38421644615433703,0.09104859335038365,0.45685410895785894,58,3,1,DE,0.59737149087399255,0.6782345622668515,FALSE,FALSE
ips_typ,pit_cha,anomaly,510,0.6551574724449811,7.45073135755199e-64,0.6359678430136219,3.735943659542645e-59,430,23,5,"AT,DE,LT,SI,SK",4.969637815487177e-61,2.4918744209149443e-56,FALSE,FALSE
ips_typ,pit_spp,anomaly,400,0.32691246326043033,2.0440919050997562e-11,0.3212056325352033,4.7313827611445416e-11,352,18,5,"AT,CZ,DE,HR,SI",9.73863786215384e-10,2.103888201122273e-9,FALSE,FALSE
ips_typ,pol_pol,anomaly,207,0.17876477815074565,0.009960541203703972,0.16780043510731568,0.01565892715383978,161,9,2,"CZ,LT",0.04550466426623664,0.06652550580644034,FALSE,FALSE
ips_typ,pri_abi,anomaly,230,-0.037627479484587875,0.5702108803289789,-0.05317056211303411,0.4222372266197144,146,10,2,"CZ,DE",0.7472115072287405,0.6463353657074454,FALSE,FALSE
ips_typ,sap_car,anomaly,0,NA,NA,NA,NA,0,0,0,,NA,NA,TRUE,FALSE
ips_typ,sco_int,anomaly,276,0.01912564334472495,0.7517551200766064,-0.010920506271314622,0.8566760039680598,146,12,2,"CZ,DE",0.8705219880053758,0.9390528934181107,FALSE,FALSE
ips_typ,sco_rat,anomaly,230,0.12947964122370464,0.049853285768196004,0.1220473469951351,0.06463584057539577,121,10,3,"CZ,DE,LT",0.14911274263402122,0.18826247014755013,FALSE,FALSE
ips_typ,sco_sco,anomaly,0,NA,NA,NA,NA,0,0,0,,NA,NA,TRUE,FALSE
ips_typ,tet_gab,anomaly,222,0.2816604387329371,2.048760837204893e-5,0.2705570859092357,4.409618570172321e-5,149,10,2,"AT,DE",3.1779615777108457e-4,6.257905502776465e-4,FALSE,FALSE
ips_typ,tet_spp,anomaly,115,0.3339263986546825,2.6520791337925813e-4,0.3286199005760278,3.362066253207366e-4,66,5,1,DE,0.002581886624946091,0.0035595209379195446,FALSE,FALSE
ips_typ,tha_pit,anomaly,64,-0.008064398955073373,0.9495716886014175,-0.04391025641025641,0.7304516418678946,52,3,3,"BG,DE,HR",0.9713298580291385,0.8771589788998791,FALSE,FALSE
ips_typ,tha_pro,anomaly,138,0.07676130398647918,0.37086182925172984,-0.016742429604396456,0.8454683445163345,85,6,1,DE,0.5842285596638295,0.9374598296301981,FALSE,FALSE
ips_typ,tom_spp,anomaly,804,0.3387254882773266,4.922624183707524e-23,0.3626670219364876,2.1277656429758155e-26,620,37,5,"AT,CZ,DE,LT,PL",1.0944634435109729e-20,7.096098419324344e-24,FALSE,FALSE
ips_typ,tor_vir,anomaly,524,0.1602955011784443,2.2922394576110005e-4,0.14789176610903873,6.837718161448171e-4,323,25,5,"BG,DE,LT,PL,RO",0.0023385782508780536,0.006247613717377986,FALSE,FALSE
ips_typ,uro_sir_spp,anomaly,0,NA,NA,NA,NA,0,0,0,,NA,NA,TRUE,FALSE
ips_typ,xyl_lin,anomaly,184,0.08942534493484222,0.2273635910647439,0.11440927741711776,0.12200096245177788,132,8,1,DE,0.4264443029454005,0.30250796265924107,FALSE,FALSE
ips_typ,xyl_spp,anomaly,161,0.20162160632201612,0.010324945540954441,0.19496491833448357,0.013197960290869198,107,7,1,DE,0.046666397030049246,0.060294791191847635,FALSE,FALSE
ips_typ,zei_gri,anomaly,115,-0.07106549889704201,0.45041569938526416,-0.10281137225234227,0.27422475913734873,62,5,1,CZ,0.6588317357236211,0.5109159618564569,FALSE,FALSE
lym_dis,lym_mon,anomaly,69,-0.07348938267922603,0.5484337313748053,-0.10332480818414323,0.3981861835582994,18,3,2,"DE,LT",0.7286958143964046,0.6286239258375603,FALSE,FALSE
lym_dis,mel_spp,anomaly,92,0.40211614780428556,7.088016787317708e-5,0.38963981320222546,1.2349469415788176e-4,40,4,1,DE,9.091744609886368e-4,0.001554169075534097,FALSE,FALSE
lym_dis,neo_ser,anomaly,36,-0.01424341304436289,0.934290074427115,-0.05534817911727602,0.7485022037888026,16,2,2,"BG,DE",0.9640369796422846,0.8855599706526487,FALSE,FALSE
lym_dis,ope_spp,anomaly,46,0.37231559100008604,0.010833969334654258,0.29271000425721344,0.04837101368746428,18,2,1,DE,0.047856010239830396,0.15362013435046173,FALSE,FALSE
lym_dis,pan_fla,anomaly,23,0.3108316209727889,0.14884867914186972,0.2272727272727273,0.29699219432941915,6,1,1,DE,0.3265857532487734,0.5347294890435709,FALSE,FALSE
lym_dis,pha_cya,anomaly,201,0.3174102568517938,4.405193547959325e-6,0.3089906901137875,8.078975783875387e-6,94,9,2,"AT,DE",8.903830595420817e-5,1.4563991480661848e-4,FALSE,FALSE
lym_dis,pis_pin,anomaly,69,0.2988391659279622,0.01262138246685433,0.22385823894775306,0.06444664377874806,26,3,2,"DE,LT",0.05261538815869899,0.18826247014755013,FALSE,FALSE
lym_dis,pit_bid,anomaly,46,-0.1392079504485816,0.35617710213623865,-0.05408572309589885,0.721096731189726,19,2,1,DE,0.5710820363578634,0.8713252168542521,FALSE,FALSE
lym_dis,pit_cha,anomaly,267,0.10866529613214242,0.076307085546785,0.10786819471956766,0.07850138849544618,126,12,4,"AT,DE,LT,SK",0.2077421471824718,0.2197357041644229,FALSE,FALSE
lym_dis,pit_spp,anomaly,155,-0.0069613180349058544,0.9314924838731086,-0.07291740517546967,0.3672337893555464,89,7,3,"AT,DE,HR",0.9640369796422846,0.6008404535400165,FALSE,FALSE
lym_dis,pol_pol,anomaly,23,0.23914995359023355,0.2717648991423473,0.1314229249011858,0.5500163417360642,7,1,1,LT,0.4835323561425314,0.7426334006841191,FALSE,FALSE
lym_dis,pri_abi,anomaly,69,0.05280299341757541,0.666539307630131,-0.05016441359152357,0.682288528438461,16,3,1,DE,0.81875086222706706,0.8430860660125845,FALSE,FALSE
lym_dis,sap_car,anomaly,0,NA,NA,NA,NA,0,0,0,,NA,NA,TRUE,FALSE
lym_dis,sco_int,anomaly,92,0.28566405566466546,0.005774857499792246,0.22041212644298197,0.034750651806043927,22,4,1,DE,0.02998160505843642,0.11886505002375025,FALSE,FALSE
lym_dis,sco_rat,anomaly,46,0.18197879059861855,0.22612115929188856,0.0322540857230959,0.831488582846756,10,2,2,"DE,LT",0.42605314476748496,0.9374598296301981,FALSE,FALSE
lym_dis,sco_sco,anomaly,0,NA,NA,NA,NA,0,0,0,,NA,NA,TRUE,FALSE
lym_dis,tet_gab,anomaly,155,0.17741930558630564,0.02720774304086623,0.22838451870709933,0.00426020538893529,60,7,2,"AT,DE",0.09501342726836533,0.026310712911294797,FALSE,FALSE
lym_dis,tet_spp,anomaly,69,0.38324259629606805,0.0011526072300500037,0.38297405918889305,0.0011626528831547643,31,3,1,DE,0.008638078903857893,0.009342379381927854,FALSE,FALSE
lym_dis,tha_pit,anomaly,41,-0.1821928011363895,0.25424491987027453,-0.1520905923344948,0.34248021149814956,27,2,2,"BG,HR",0.4652267727558685,0.5783146862513057,FALSE,FALSE
lym_dis,tha_pro,anomaly,69,0.3785601618147348,0.0013395041986937713,0.2717573986116186,0.023893352430169833,40,3,1,DE,0.009562934219427726,0.09319804719838175,FALSE,FALSE
lym_dis,tom_spp,anomaly,245,0.06096295411759767,0.3419977587920897,0.031167124986740003,0.6273459813555834,110,11,3,"AT,DE,LT",0.5618534608727188,0.8069819781142704,FALSE,FALSE
lym_dis,tor_vir,anomaly,133,0.016273296336977397,0.8525125181874397,-3.315616041460503e-4,0.9969778910517954,65,6,4,"BG,DE,LT,RO",0.9230939117386726,0.9996754496624393,FALSE,FALSE
lym_dis,uro_sir_spp,anomaly,0,NA,NA,NA,NA,0,0,0,,NA,NA,TRUE,FALSE
lym_dis,xyl_lin,anomaly,69,-0.20761429674012877,0.08693832477511719,-0.25096821337230546,0.037522778279793494,36,3,1,DE,0.23011056597223478,0.12606851197155428,FALSE,FALSE
lym_dis,xyl_spp,anomaly,92,-0.02936166224507888,0.7811378865561318,-0.02174683661359678,0.8369778507735385,39,4,1,DE,0.8860866842396938,0.9374598296301981,FALSE,FALSE
lym_dis,zei_gri,anomaly,0,NA,NA,NA,NA,0,0,0,,NA,NA,TRUE,FALSE
lym_mon,mel_spp,anomaly,346,0.07726650235927371,0.15151980539903567,0.043257795066751745,0.42249208313110376,229,17,2,"DE,PL",0.33027356274887837,0.6463353657074454,FALSE,FALSE
lym_mon,neo_ser,anomaly,18,0.33318200187301744,0.17667176720912806,0.1652039456088199,0.5123985603835295,2,1,1,DE,0.36482993414392695,0.7185253000928159,FALSE,FALSE
lym_mon,ope_spp,anomaly,46,0.21018026504249274,0.16091591906456768,0.12643394621308207,0.40243240829481,13,2,1,DE,0.3418182102422504,0.6286239258375603,FALSE,FALSE
lym_mon,pan_fla,anomaly,283,0.22223511679367206,1.6372646218614764e-4,0.21430613604187337,2.8176528153352936e-4,142,14,2,"DE,PL",0.0017784881831175705,0.003132290713047735,FALSE,FALSE
lym_mon,pha_cya,anomaly,484,-0.08984747168867256,0.04820799395089288,-0.10253829134070361,0.024073224329946588,344,23,3,"CZ,DE,PL",0.14615787256929796,0.09335372458182775,FALSE,FALSE
lym_mon,pis_pin,anomaly,69,-0.2204451571635678,0.06873397664479841,-0.31472415052977715,0.008442770401842875,32,3,2,"DE,LT",0.19344119165434828,0.043653704325807736,FALSE,FALSE
lym_mon,pit_bid,anomaly,46,-0.12213009199305472,0.4187659899705982,-0.0058587727412889295,0.9691751238592199,21,2,1,DE,0.6262711105614104,0.9936596809821837,FALSE,FALSE
lym_mon,pit_cha,anomaly,92,-0.17441576439416953,0.096345348708537365,-0.19912766055823558,0.057046372064790386,43,4,2,"DE,LT",0.2481171721567352,0.1729542280327963,FALSE,FALSE
lym_mon,pit_spp,anomaly,138,-0.08801230085435369,0.304656161318278,-0.04005351732577758,0.6409079596158154,79,6,2,"CZ,DE",0.5183948748931503,0.8154104907504345,FALSE,FALSE
lym_mon,pol_pol,anomaly,138,0.02171431897624018,0.8004265891301472,0.03611734541278434,0.6740758566945771,81,6,2,"CZ,LT",0.8957794210567251,0.8388220082374681,FALSE,FALSE
lym_mon,pri_abi,anomaly,161,0.06798876930891552,0.3914719478682318,0.01762709914883828,0.8243626852564448,74,7,2,"CZ,DE",0.6058278172345953,0.9351188963708312,FALSE,FALSE
lym_mon,sap_car,anomaly,0,NA,NA,NA,NA,0,0,0,,NA,NA,TRUE,FALSE
lym_mon,sco_int,anomaly,161,0.12345323946473476,0.11870910297892288,0.07421497584541063,0.34946058670691016,67,7,2,"CZ,DE",0.28155323094588075,0.5871289958022898,FALSE,FALSE
lym_mon,sco_rat,anomaly,184,-0.018401140757510294,0.8041922820863703,-0.039396274392710595,0.5954454919925656,64,8,3,"CZ,DE,LT",0.8961852175279893,0.7772253290783586,FALSE,FALSE
lym_mon,sco_sco,anomaly,0,NA,NA,NA,NA,0,0,0,,NA,NA,TRUE,FALSE
lym_mon,tet_gab,anomaly,46,-0.09678705751393382,0.5222498919970484,0.0017884674683934629,0.9905882506928388,10,2,1,DE,0.7191601534086285,0.9996754496624393,FALSE,FALSE
lym_mon,tet_spp,anomaly,0,NA,NA,NA,NA,0,0,0,,NA,NA,TRUE,FALSE
lym_mon,tha_pit,anomaly,23,-0.2643206558980367,0.22293280406242102,-0.21541501976284583,0.3235762173069896,6,1,1,DE,0.4236358413379909,0.558313142489429,FALSE,FALSE
lym_mon,tha_pro,anomaly,46,0.6407766707071914,1.6124300609269158e-6,0.641936478569226,1.52272561811003e-6,22,2,1,DE,3.8410387522794744e-5,3.385526624264634e-5,FALSE,FALSE
lym_mon,tom_spp,anomaly,387,-0.08067618655127415,0.11307150437311897,-0.08651831111188404,0.08918769606103948,219,18,4,"CZ,DE,LT,PL",0.2742497942431649,0.24084288774377868,FALSE,FALSE
lym_mon,tor_vir,anomaly,352,0.025843386050594736,0.6289388423630027,0.04303412200012767,0.420881553079989,169,17,3,"DE,LT,PL",0.7930098447185686,0.6463353657074454,FALSE,FALSE
lym_mon,uro_sir_spp,anomaly,0,NA,NA,NA,NA,0,0,0,,NA,NA,TRUE,FALSE
lym_mon,xyl_lin,anomaly,69,-0.05086410512338784,0.6780986530078448,0.0010230179028132994,0.9933436625447325,37,3,1,DE,0.8219381142042448,0.9996754496624393,FALSE,FALSE
lym_mon,xyl_spp,anomaly,69,-0.031040366320523243,0.8001204777531967,0.005078553160394593,0.966964895086592,35,3,1,DE,0.8957794210567251,0.9936596809821837,FALSE,FALSE
lym_mon,zei_gri,anomaly,92,-0.12478223267631812,0.23596078577410307,-0.12240069203426233,0.24509302661233545,41,4,1,CZ,0.4408567061941926,0.4711154142663624,FALSE,FALSE
mel_spp,neo_ser,anomaly,0,NA,NA,NA,NA,0,0,0,,NA,NA,TRUE,FALSE
mel_spp,ope_spp,anomaly,23,0.47803508677626355,0.021046647583850206,0.5604151394213844,0.005412651342926355,6,1,1,DE,0.08021779393387478,0.031668758295893676,FALSE,FALSE
mel_spp,pan_fla,anomaly,306,0.1652087412257956,0.0037544854200527813,0.17827065252330443,0.0017432128851674158,147,15,2,"DE,PL",0.021403775856198334,0.012502397789318992,FALSE,FALSE
mel_spp,pha_cya,anomaly,458,0.1048253163818305,0.024870183078912787,0.09633548379521766,0.03931918886832764,330,22,2,"DE,PL",0.08989784623657322,0.13047710932922654,FALSE,FALSE
mel_spp,pis_pin,anomaly,46,0.5458451693967742,8.725637658218191e-5,0.44310823311748376,0.0020423622516080667,14,2,1,DE,0.0010392857710770597,0.014190162727318547,FALSE,FALSE
mel_spp,pit_bid,anomaly,23,-0.1221657669637923,0.5786890631483799,-0.20059288537549405,0.35875590531189816,8,1,1,DE,0.7533387194472322,0.5952492259777017,FALSE,FALSE
mel_spp,pit_cha,anomaly,138,-0.10337279014201745,0.22760745404582094,0.02038635673498649,0.8123994059487729,62,6,1,DE,0.4264443029454005,0.9246935217881084,FALSE,FALSE
mel_spp,pit_spp,anomaly,69,0.05440126718123514,0.6570683578495282,0.03803434417245159,0.7563499594843345,43,3,1,DE,0.8137288784714362,0.8855599706526487,FALSE,FALSE
mel_spp,pol_pol,anomaly,0,NA,NA,NA,NA,0,0,0,,NA,NA,TRUE,FALSE
mel_spp,pri_abi,anomaly,23,-0.13892315575016465,0.5272727063575811,-0.17885375494071146,0.41419492882139053,0,1,1,DE,0.7194159806970448,0.6439813928295279,FALSE,FALSE
mel_spp,sap_car,anomaly,0,NA,NA,NA,NA,0,0,0,,NA,NA,TRUE,FALSE
mel_spp,sco_int,anomaly,69,0.20397034415121448,0.0927482858960599,0.19064669345999272,0.11661791839804576,18,3,1,DE,0.24071247740339285,0.2935251002697982,FALSE,FALSE
mel_spp,sco_rat,anomaly,23,0.02188449390600201,0.9210486354981371,-0.09683794466403162,0.6602593843743974,7,1,1,DE,0.9611621611005055,0.8278064086047425,FALSE,FALSE
mel_spp,sco_sco,anomaly,0,NA,NA,NA,NA,0,0,0,,NA,NA,TRUE,FALSE
mel_spp,tet_gab,anomaly,115,0.20907416652630856,0.024934185238030055,0.20262763355164526,0.02987202410308987,57,5,1,DE,0.08989784623657322,0.10947604437780738,FALSE,FALSE
mel_spp,tet_spp,anomaly,92,0.38463296071247427,1.5337166007137662e-4,0.41261963842609,4.3649512358405175e-5,53,4,1,DE,0.0017049816211268036,6.257905502776465e-4,FALSE,FALSE
mel_spp,tha_pit,anomaly,23,-0.23246653413582966,0.28578780001487586,-0.22529644268774704,0.30132600343455657,2,1,1,DE,0.4964074547133391,0.537391562274998,FALSE,FALSE
mel_spp,tha_pro,anomaly,115,0.2907715920052249,0.0016186711887062376,0.2741339856387596,0.003030205426619366,56,5,1,DE,0.010584840028108436,0.020011356629258584,FALSE,FALSE
mel_spp,tom_spp,anomaly,358,0.13338942932912676,0.011526476749159242,0.12901208163818276,0.014577743883979796,176,17,2,"DE,PL",0.048969171921587354,0.06358744564385177,FALSE,FALSE
mel_spp,tor_vir,anomaly,346,0.06159791890043847,0.25315210270321586,0.06704086946382051,0.21352921328354355,176,17,2,"DE,PL",0.46515827135825066,0.43158783412158647,FALSE,FALSE
mel_spp,uro_sir_spp,anomaly,0,NA,NA,NA,NA,0,0,0,,NA,NA,TRUE,FALSE
mel_spp,xyl_lin,anomaly,69,0.02051660489559735,0.86711209459533,-0.07774936061381076,0.5254294943672995,22,3,1,DE,0.9328447856372342,0.724959615884259,FALSE,FALSE
mel_spp,xyl_spp,anomaly,92,-0.30513205132080284,0.003100607255738724,-0.2633971918684401,0.011185779688560913,22,4,1,DE,0.018631576933132693,0.05405049983685317,FALSE,FALSE
mel_spp,zei_gri,anomaly,0,NA,NA,NA,NA,0,0,0,,NA,NA,TRUE,FALSE
neo_ser,ope_spp,anomaly,18,-0.22562585339084273,0.3680061926247018,-0.2747933884297521,0.26978029166025846,2,1,1,DE,0.5842285596638295,0.5068829705278659,FALSE,FALSE
neo_ser,pan_fla,anomaly,0,NA,NA,NA,NA,0,0,0,,NA,NA,TRUE,FALSE
neo_ser,pha_cya,anomaly,18,0.008783543675813209,0.9724062841983754,0.31182244733664755,0.20778831757012278,7,1,1,DE,0.9845095139928772,0.42254514579046315,FALSE,FALSE
neo_ser,pis_pin,anomaly,18,0.004344073827012135,0.9863511307445348,-0.004130098640220497,0.9870233755005485,7,1,1,DE,0.9966542138548445,0.9996754496624393,FALSE,FALSE
neo_ser,pit_bid,anomaly,18,-0.30999004383524426,0.2106144310954696,-0.37583897626006524,0.12427663197710508,6,1,1,DE,0.4090913856147336,0.30633350480611443,FALSE,FALSE
neo_ser,pit_cha,anomaly,18,0.36882971318785013,0.13202521875048157,0.47083124498513673,0.04859647428477875,7,1,1,DE,0.30444330497505406,0.15362013435046173,FALSE,FALSE
neo_ser,pit_spp,anomaly,0,NA,NA,NA,NA,0,0,0,,NA,NA,TRUE,FALSE
neo_ser,pol_pol,anomaly,0,NA,NA,NA,NA,0,0,0,,NA,NA,TRUE,FALSE
neo_ser,pri_abi,anomaly,18,-0.14004058499131397,0.5794207152948755,-0.07950439882424457,0.7538328472747767,2,1,1,DE,0.7533387194472322,0.8855599706526487,FALSE,FALSE
neo_ser,sap_car,anomaly,0,NA,NA,NA,NA,0,0,0,,NA,NA,TRUE,FALSE
neo_ser,sco_int,anomaly,18,0.15278292538348665,0.5450205752763508,0.18791948813003262,0.4552271033852515,4,1,1,DE,0.7285397536043555,0.6777599954418813,FALSE,FALSE
neo_ser,sco_rat,anomaly,18,0.3973045437123301,0.10254682804069049,0.3149200213168129,0.20306760486714312,6,1,1,DE,0.2585514891609833,0.4180434952048903,FALSE,FALSE
neo_ser,sco_sco,anomaly,0,NA,NA,NA,NA,0,0,0,,NA,NA,TRUE,FALSE
neo_ser,tet_gab,anomaly,18,0.1501279887444857,0.5521118442313224,0.36241615567934865,0.13940554847214515,5,1,1,DE,0.7321244534836819,0.32625789765235375,FALSE,FALSE
neo_ser,tet_spp,anomaly,0,NA,NA,NA,NA,0,0,0,,NA,NA,TRUE,FALSE
neo_ser,tha_pit,anomaly,18,-0.11731455976494162,0.6429358822730361,-0.23025299919229272,0.3579986359703241,16,1,1,BG,0.8045745468595029,0.5952492259777017,FALSE,FALSE
neo_ser,tha_pro,anomaly,0,NA,NA,NA,NA,0,0,0,,NA,NA,TRUE,FALSE
neo_ser,tom_spp,anomaly,18,-0.2078974397425422,0.40777573184349913,-0.11770781124628418,0.6418148540389477,7,1,1,DE,0.6167492361442493,0.8154104907504345,FALSE,FALSE
neo_ser,tor_vir,anomaly,36,0.17567271830429104,0.3054410582204019,0.13090487944713886,0.4466608661874387,13,2,2,"BG,DE",0.5183948748931503,0.6694894331393745,FALSE,FALSE
neo_ser,uro_sir_spp,anomaly,0,NA,NA,NA,NA,0,0,0,,NA,NA,TRUE,FALSE
neo_ser,xyl_lin,anomaly,18,0.4003414301302704,0.09970886612202969,0.42127006130249073,0.0816690913101619,7,1,1,DE,0.25579159116689926,0.2260302236675435,FALSE,FALSE
neo_ser,xyl_spp,anomaly,18,9.371027953371693e-4,0.9970555448575419,0.003097573980165373,0.9902673621545086,7,1,1,DE,0.9994282186379952,0.9996754496624393,FALSE,FALSE
neo_ser,zei_gri,anomaly,0,NA,NA,NA,NA,0,0,0,,NA,NA,TRUE,FALSE
ope_spp,pan_fla,anomaly,0,NA,NA,NA,NA,0,0,0,,NA,NA,TRUE,FALSE
ope_spp,pha_cya,anomaly,69,0.30409182299978726,0.01107580024817414,0.36276112804434835,0.002188755848174236,29,3,1,DE,0.048233384074364914,0.014746466169012274,FALSE,FALSE
ope_spp,pis_pin,anomaly,23,-0.28684044412065873,0.18450446910060492,-0.1922411721648312,0.3795206015491901,7,1,1,DE,0.37749840763835424,0.6159129957014836,FALSE,FALSE
ope_spp,pit_bid,anomaly,23,-0.11690382244752623,0.5952713152248537,0.04250061903901152,0.847314803072964,7,1,1,DE,0.7646099859694788,0.9374598296301981,FALSE,FALSE
ope_spp,pit_cha,anomaly,69,0.12533338541330627,0.3048299849886194,0.2572777844713984,0.032831801311868976,29,3,1,DE,0.5183948748931503,0.11586672738104026,FALSE,FALSE
ope_spp,pit_spp,anomaly,23,-0.23883608183519808,0.2724135036697703,-0.2490733952983931,0.25176360401133413,14,1,1,DE,0.4835323561425314,0.48138091300826136,FALSE,FALSE
ope_spp,pol_pol,anomaly,0,NA,NA,NA,NA,0,0,0,,NA,NA,TRUE,FALSE
ope_spp,pri_abi,anomaly,46,0.19198395363274812,0.20118147300690328,0.1846552365668135,0.2192503693729026,13,2,1,DE,0.40176060627426496,0.4391591482634415,FALSE,FALSE
ope_spp,sap_car,anomaly,0,NA,NA,NA,NA,0,0,0,,NA,NA,TRUE,FALSE
ope_spp,sco_int,anomaly,23,-0.38935938064288333,0.0662968839737611,-0.19767729785586755,0.3659283423005628,1,1,1,DE,0.18817030472552618,0.6008404535400165,FALSE,FALSE
ope_spp,sco_rat,anomaly,23,-0.45265494782050647,0.030094548100659906,-0.41166297278484415,0.05097343004223304,1,1,1,DE,0.1034693999130936,0.16037395206683697,FALSE,FALSE
ope_spp,sco_sco,anomaly,0,NA,NA,NA,NA,0,0,0,,NA,NA,TRUE,FALSE
ope_spp,tet_gab,anomaly,23,-0.11709246636653828,0.5946733747793248,-0.1329379828080709,0.5453862625141471,2,1,1,DE,0.7646099859694788,0.7423931369325226,FALSE,FALSE
ope_spp,tet_spp,anomaly,0,NA,NA,NA,NA,0,0,0,,NA,NA,TRUE,FALSE
ope_spp,tha_pit,anomaly,0,NA,NA,NA,NA,0,0,0,,NA,NA,TRUE,FALSE
ope_spp,tha_pro,anomaly,46,0.5482746892509526,7.995629112504939e-5,0.49389416647529816,4.862507369004661e-4,20,2,1,DE,9.696517487346899e-4,0.004906381728948609,FALSE,FALSE
ope_spp,tom_spp,anomaly,69,0.2754961072035094,0.021953731308369508,0.38848342588825446,9.716116460243754e-4,30,3,1,DE,0.08272959764227379,0.00830852522946485,FALSE,FALSE
ope_spp,tor_vir,anomaly,69,0.2524411976580045,0.03638056227229971,0.265736182128876,0.02732189693544782,27,3,1,DE,0.11953613318041333,0.10277448673424773,FALSE,FALSE
ope_spp,uro_sir_spp,anomaly,0,NA,NA,NA,NA,0,0,0,,NA,NA,TRUE,FALSE
ope_spp,xyl_lin,anomaly,69,-0.17576825499858711,0.14855869751173056,-0.21531463237803744,0.07560656704079277,29,3,1,DE,0.3265857532487734,0.21328150875654636,FALSE,FALSE
ope_spp,xyl_spp,anomaly,69,-0.03566041637197453,0.77112884446325,-0.03874786486287268,0.7519246406822223,29,3,1,DE,0.8807242110564859,0.8855599706526487,FALSE,FALSE
ope_spp,zei_gri,anomaly,0,NA,NA,NA,NA,0,0,0,,NA,NA,TRUE,FALSE
pan_fla,pha_cya,anomaly,306,0.17533817763429002,0.0020804850680284817,0.1561082509577762,0.006211566544558425,154,15,2,"DE,PL",0.013091354154481106,0.035716507631210946,FALSE,FALSE
pan_fla,pis_pin,anomaly,46,0.29250437251746836,0.04853619490628624,0.22713536848596977,0.1290068087872901,14,2,1,DE,0.14648706788458335,0.3130551857380856,FALSE,FALSE
pan_fla,pit_bid,anomaly,23,0.32405122799315667,0.13143312538441623,0.2618577075098814,0.2274347719363028,8,1,1,DE,0.30439546747015844,0.4509299787204613,FALSE,FALSE
pan_fla,pit_cha,anomaly,46,0.3581895440009887,0.014517077334354605,0.2778291705211224,0.06155838552417187,15,2,1,DE,0.058354531903801285,0.18330108546706536,FALSE,FALSE
pan_fla,pit_spp,anomaly,0,NA,NA,NA,NA,0,0,0,,NA,NA,TRUE,FALSE
pan_fla,pol_pol,anomaly,0,NA,NA,NA,NA,0,0,0,,NA,NA,TRUE,FALSE
pan_fla,pri_abi,anomaly,0,NA,NA,NA,NA,0,0,0,,NA,NA,TRUE,FALSE
pan_fla,sap_car,anomaly,0,NA,NA,NA,NA,0,0,0,,NA,NA,TRUE,FALSE
pan_fla,sco_int,anomaly,23,0.2272738834075805,0.2969896703929861,0.09288537549407114,0.6733651189007193,7,1,1,DE,0.5105466756497984,0.8388220082374681,FALSE,FALSE
pan_fla,sco_rat,anomaly,23,-0.03949641264423128,0.8579971685754696,-0.17588932806324112,0.4221005288301778,7,1,1,DE,0.9275269229170798,0.6463353657074454,FALSE,FALSE
pan_fla,sco_sco,anomaly,0,NA,NA,NA,NA,0,0,0,,NA,NA,TRUE,FALSE
pan_fla,tet_gab,anomaly,46,0.25837687462419606,0.08296329274444064,0.027073697193956213,0.8582502313079523,9,2,1,DE,0.223131113953798,0.9390528934181107,FALSE,FALSE
pan_fla,tet_spp,anomaly,23,0.578838155186883,0.0038054330935115388,0.49209486166007904,0.01707047157467211,6,1,1,DE,0.021510371808238952,0.07116252837691435,FALSE,FALSE
pan_fla,tha_pit,anomaly,23,0.029936380828142997,0.8921427475880249,0.029644268774703556,0.893189316460536,2,1,1,DE,0.9446606423594457,0.9640085341087014,FALSE,FALSE
pan_fla,tha_pro,anomaly,23,0.06643119095025259,0.7632934666814599,0.06324110671936758,0.7743673538441517,5,1,1,DE,0.8777372817928796,0.8977346641996026,FALSE,FALSE
pan_fla,tom_spp,anomaly,186,0.18555504101305426,0.011224437617854424,0.19840737753451224,0.006633250842801781,76,9,2,"DE,PL",0.04830128962005743,0.03686981926790657,FALSE,FALSE
pan_fla,tor_vir,anomaly,243,0.07319076440435406,0.25571674616722684,0.08438165392959232,0.18987918473725218,94,12,2,"DE,PL",0.4660193161025691,0.40287279896901007,FALSE,FALSE
pan_fla,uro_sir_spp,anomaly,0,NA,NA,NA,NA,0,0,0,,NA,NA,TRUE,FALSE
pan_fla,xyl_lin,anomaly,23,0.11291771704762131,0.6079648937061953,0.15118577075098813,0.49107386245475415,9,1,1,DE,0.7753586694111516,0.7112295137748739,FALSE,FALSE
pan_fla,xyl_spp,anomaly,23,0.05581335001931172,0.8003136624660164,0.07707509881422925,0.7266792044274875,9,1,1,DE,0.8957794210567251,0.8749007750056573,FALSE,FALSE
pan_fla,zei_gri,anomaly,0,NA,NA,NA,NA,0,0,0,,NA,NA,TRUE,FALSE
pha_cya,pis_pin,anomaly,69,0.5044387190929619,9.89548271101588e-6,0.39042747533796135,9.113025761077579e-4,48,3,1,DE,1.719833463813775e-4,0.007894010626803566,FALSE,FALSE
pha_cya,pit_bid,anomaly,69,0.10928476399210066,0.37138367211014045,0.09817318231640484,0.4222458792670747,58,3,1,DE,0.5842285596638295,0.6463353657074454,FALSE,FALSE
pha_cya,pit_cha,anomaly,335,0.3865969720797153,2.1900546301970691e-13,0.4219214023977631,6.822912052056921e-16,239,15,2,"AT,DE",1.3279694894013136e-11,5.688602923402457e-14,FALSE,FALSE
pha_cya,pit_spp,anomaly,291,0.21021170479127965,3.0509136397432855e-4,0.2516189511514544,1.3996643180932792e-5,223,13,3,"AT,CZ,DE",0.0028263324968177384,2.2770148784590665e-4,FALSE,FALSE
pha_cya,pol_pol,anomaly,161,-0.03445006113351924,0.6644009277947882,-0.029756153669197146,0.7078803619565605,120,7,1,CZ,0.817629924057424,0.8634786273828389,FALSE,FALSE
pha_cya,pri_abi,anomaly,207,-0.11373793031100247,0.102722855513734,-0.12247540344838785,0.07873588200194463,127,9,2,"CZ,DE",0.2585514891609833,0.2197357041644229,FALSE,FALSE
pha_cya,sap_car,anomaly,0,NA,NA,NA,NA,0,0,0,,NA,NA,TRUE,FALSE
pha_cya,sco_int,anomaly,276,0.15573035381606787,0.009562149723522933,0.16903468843195732,0.004866199115575126,137,12,2,"CZ,DE",0.04409345003577924,0.029506861909896445,FALSE,FALSE
pha_cya,sco_rat,anomaly,207,0.1407258186130628,0.04312397141014113,0.15277732679590006,0.027971194161383457,107,9,2,"CZ,DE",0.13440976135777633,0.10422785757342326,FALSE,FALSE
pha_cya,sco_sco,anomaly,0,NA,NA,NA,NA,0,0,0,,NA,NA,TRUE,FALSE
pha_cya,tet_gab,anomaly,201,0.26949413282292634,1.094027579740216e-4,0.28082163440224617,5.389481787856376e-5,118,9,2,"AT,DE",0.0012581317167012483,7.336294596939189e-4,FALSE,FALSE
pha_cya,tet_spp,anomaly,92,0.26609041065010125,0.010354762759291286,0.25928209238167155,0.012567975721305835,52,4,1,DE,0.046666397030049246,0.0590340831416267,FALSE,FALSE
pha_cya,tha_pit,anomaly,23,0.6237095990906666,0.0014722524914190431,0.18577075098814227,0.39606780480954484,11,1,1,DE,0.010142514636657373,0.6286239258375603,FALSE,FALSE
pha_cya,tha_pro,anomaly,138,0.2346689883010704,0.005597746859700395,0.1641525243784661,0.05436876311221732,85,6,1,DE,0.029632517106509233,0.16945778035443435,FALSE,FALSE
pha_cya,tom_spp,anomaly,696,0.3103338544770067,5.2825803407986973e-17,0.30751307923136584,1.0400422951645684e-16,465,32,4,"AT,CZ,DE,PL",5.872468478854552e-15,1.1561803514579453e-14,FALSE,FALSE
pha_cya,tor_vir,anomaly,418,0.01087573511549667,0.8245508299177955,0.012425600965596754,0.8000433129488382,248,20,2,"DE,PL",0.9051539033046913,0.9168881266956617,FALSE,FALSE
pha_cya,uro_sir_spp,anomaly,0,NA,NA,NA,NA,0,0,0,,NA,NA,TRUE,FALSE
pha_cya,xyl_lin,anomaly,161,-0.008272235653543932,0.9170528298715884,0.02513802622498275,0.7515998847737924,114,7,1,DE,0.9587370494112061,0.8855599706526487,FALSE,FALSE
pha_cya,xyl_spp,anomaly,161,0.11286422069887747,0.15401655507277223,0.13201920864964345,0.09503839355739195,106,7,1,DE,0.3313840072049648,0.2535624340111217,FALSE,FALSE
pha_cya,zei_gri,anomaly,115,0.01785766541604325,0.849759579695136,-0.03424546744619583,0.716353553938645,59,5,1,CZ,0.9220034033830813,0.8703237740770449,FALSE,FALSE
pis_pin,pit_bid,anomaly,46,0.12838963384496657,0.3951340079050325,0.06185630588960838,0.6829979108377056,34,2,1,DE,0.6079312615805734,0.8430860660125845,FALSE,FALSE
pis_pin,pit_cha,anomaly,92,0.4416186944371014,1.0495841352273108e-5,0.4704622166052741,2.221214800976861e-6,66,4,2,"DE,LT",1.7501815454915408e-4,4.6298446007861445e-5,FALSE,FALSE
pis_pin,pit_spp,anomaly,0,NA,NA,NA,NA,0,0,0,,NA,NA,TRUE,FALSE
pis_pin,pol_pol,anomaly,23,0.39360728567352055,0.06313678180521212,0.13932806324110672,0.5260576523058191,17,1,1,LT,0.18151824768998484,0.724959615884259,FALSE,FALSE
pis_pin,pri_abi,anomaly,23,0.18349655188031863,0.4019781016978403,0.23715415019762845,0.2759058585278132,14,1,1,DE,0.6133120008184721,0.5124481231441883,FALSE,FALSE
pis_pin,sap_car,anomaly,0,NA,NA,NA,NA,0,0,0,,NA,NA,TRUE,FALSE
pis_pin,sco_int,anomaly,46,0.4448789631470767,0.0019496955249763536,0.33296330558125187,0.023755288155012738,31,2,1,DE,0.012504297261146421,0.09319804719838175,FALSE,FALSE
pis_pin,sco_rat,anomaly,69,0.5064540302564541,8.996216011163929e-6,0.4704420898794301,4.5234932357471984e-5,41,3,2,"DE,LT",1.666798910957317e-4,6.285770808840378e-4,FALSE,FALSE
pis_pin,sco_sco,anomaly,0,NA,NA,NA,NA,0,0,0,,NA,NA,TRUE,FALSE
pis_pin,tet_gab,anomaly,69,0.5228863829779784,4.042707455418988e-6,0.43226160029229094,2.0804224520142614e-4,24,3,1,DE,8.426518352388953e-5,0.0024344592552517762,FALSE,FALSE
pis_pin,tet_spp,anomaly,23,0.6025179407039186,0.0023455971471602055,0.5187747035573123,0.011201492647462272,6,1,1,DE,0.014353333001429882,0.05405049983685317,FALSE,FALSE
pis_pin,tha_pit,anomaly,23,0.2045961389059401,0.34904235094325986,0.2816205533596838,0.19297677326766194,8,1,1,DE,0.5650758448523163,0.40476574770292617,FALSE,FALSE
pis_pin,tha_pro,anomaly,23,0.16813475946379702,0.4431631181857052,0.10671936758893281,0.6279215092073559,13,1,1,DE,0.6538533293037802,0.8069819781142704,FALSE,FALSE
pis_pin,tom_spp,anomaly,92,0.42693062392185566,2.1958540298434945e-5,0.49108395111200154,6.688797759407065e-7,66,4,2,"DE,LT",3.328715086149115e-4,1.5933671805444687e-5,FALSE,FALSE
pis_pin,tor_vir,anomaly,69,0.009757683986090225,0.9365756563841086,-0.025246620387285354,0.8368567398818647,45,3,2,"DE,LT",0.9640369796422846,0.9374598296301981,FALSE,FALSE
pis_pin,uro_sir_spp,anomaly,0,NA,NA,NA,NA,0,0,0,,NA,NA,TRUE,FALSE
pis_pin,xyl_lin,anomaly,46,0.15888241341722587,0.29158340569468394,0.07160037002775207,0.6363126498183387,41,2,1,DE,0.5038500818610212,0.813066163656766,FALSE,FALSE
pis_pin,xyl_spp,anomaly,46,0.2539223211098028,0.08860095018986718,0.1511563367252544,0.3159791328099863,40,2,1,DE,0.23266469990803704,0.5531708178064589,FALSE,FALSE
pis_pin,zei_gri,anomaly,0,NA,NA,NA,NA,0,0,0,,NA,NA,TRUE,FALSE
pit_bid,pit_cha,anomaly,69,-0.01992902847032079,0.8708847529669441,-0.04431859700401901,0.7176582844713264,57,3,1,DE,0.9338908846124626,0.8703237740770449,FALSE,FALSE
pit_bid,pit_spp,anomaly,0,NA,NA,NA,NA,0,0,0,,NA,NA,TRUE,FALSE
pit_bid,pol_pol,anomaly,0,NA,NA,NA,NA,0,0,0,,NA,NA,TRUE,FALSE
pit_bid,pri_abi,anomaly,46,0.06871448895014243,0.6500047913523387,-0.024360160345359236,0.8723332442135958,25,2,1,DE,0.8103798052934765,0.949178260832738,FALSE,FALSE
pit_bid,sap_car,anomaly,0,NA,NA,NA,NA,0,0,0,,NA,NA,TRUE,FALSE
pit_bid,sco_int,anomaly,69,0.04787691321731382,0.6960528392674104,-0.021812203142126417,0.8588039954798314,37,3,1,DE,0.8279749546632241,0.9390528934181107,FALSE,FALSE
pit_bid,sco_rat,anomaly,46,0.36108204722676496,0.013686554923589823,0.2167745914276904,0.14788419945256367,29,2,1,DE,0.056351432926138346,0.3401336587408964,FALSE,FALSE
pit_bid,sco_sco,anomaly,0,NA,NA,NA,NA,0,0,0,,NA,NA,TRUE,FALSE
pit_bid,tet_gab,anomaly,46,0.028643417042355603,0.8501230780818516,6.167129201356768e-5,0.9996754496624393,17,2,1,DE,0.9220034033830813,0.9996754496624393,FALSE,FALSE
pit_bid,tet_spp,anomaly,0,NA,NA,NA,NA,0,0,0,,NA,NA,TRUE,FALSE
pit_bid,tha_pit,anomaly,23,-0.0891772166660886,0.6857446456768975,-0.1314229249011858,0.5500163417360642,7,1,1,DE,0.8241291507504336,0.7426334006841191,FALSE,FALSE
pit_bid,tha_pro,anomaly,23,0.07325066697868032,0.7397731106910278,0.13043478260869565,0.5530457763436951,10,1,1,DE,0.859631820262919,0.7440430709781147,FALSE,FALSE
pit_bid,tom_spp,anomaly,69,0.03029566963109666,0.8048200079449259,-0.05082206795761784,0.6783501059761112,58,3,1,DE,0.8961852175279893,0.8412461356618136,FALSE,FALSE
pit_bid,tor_vir,anomaly,69,0.19118508126377434,0.11556986719787621,0.2554987212276215,0.034101909246190755,50,3,1,DE,0.27805117312027167,0.11785478480419291,FALSE,FALSE
pit_bid,uro_sir_spp,anomaly,0,NA,NA,NA,NA,0,0,0,,NA,NA,TRUE,FALSE
pit_bid,xyl_lin,anomaly,69,0.2271070358724338,0.060568659361160834,0.21848739495798322,0.07129477267747306,57,3,1,DE,0.17564911214736642,0.20675484076467185,FALSE,FALSE
pit_bid,xyl_spp,anomaly,69,0.09142703314351652,0.45497752711539974,0.07979539641943735,0.514554920674086,56,3,1,DE,0.6640481632078153,0.7185253000928159,FALSE,FALSE
pit_bid,zei_gri,anomaly,0,NA,NA,NA,NA,0,0,0,,NA,NA,TRUE,FALSE
pit_cha,pit_spp,anomaly,239,0.25836405164726217,5.29719290513021e-5,0.28051404662283325,1.069505603816665e-5,196,11,3,"AT,DE,SI",7.324413088579523e-4,1.829128814732604e-4,FALSE,FALSE
pit_cha,pol_pol,anomaly,23,0.6796654963536553,3.607073606697911e-4,0.6403162055335968,9.979332176546655e-4,17,1,1,LT,0.003251240669820955,0.008425588052856479,FALSE,FALSE
pit_cha,pri_abi,anomaly,69,-0.05431621579480809,0.6575710127377873,-0.03898428936792109,0.7504600635262552,37,3,1,DE,0.8137288784714362,0.8855599706526487,FALSE,FALSE
pit_cha,sap_car,anomaly,0,NA,NA,NA,NA,0,0,0,,NA,NA,TRUE,FALSE
pit_cha,sco_int,anomaly,115,0.19541714087786463,0.03635402332013679,0.22569241694942005,0.01529912309786628,56,5,1,DE,0.11953613318041333,0.06541355837356928,FALSE,FALSE
pit_cha,sco_rat,anomaly,69,0.25351529495698005,0.035566044081287974,0.24300328827183051,0.04422759125985393,42,3,2,"DE,LT",0.11848938650522224,0.14434002849379876,FALSE,FALSE
pit_cha,sco_sco,anomaly,0,NA,NA,NA,NA,0,0,0,,NA,NA,TRUE,FALSE
pit_cha,tet_gab,anomaly,222,0.2777827452232491,2.6877279817135822e-5,0.2888507686713965,1.2251707775052662e-5,146,10,2,"AT,DE",3.983810141784354e-4,2.0429722714900315e-4,FALSE,FALSE
pit_cha,tet_spp,anomaly,115,0.22739970103650917,0.01452301693557873,0.2868933954075594,0.0018797595152034126,62,5,1,DE,0.058354531903801285,0.013338293581283791,FALSE,FALSE
pit_cha,tha_pit,anomaly,23,0.6236277229400712,0.001474998380443426,0.5859683794466403,0.0033020547806449224,11,1,1,DE,0.010142514636657373,0.021592848418531013,FALSE,FALSE
pit_cha,tha_pro,anomaly,138,0.03368316313900072,0.6949106294767563,-0.00808011160097628,0.9250631113668256,82,6,1,DE,0.8279749546632241,0.9769861439865156,FALSE,FALSE
pit_cha,tom_spp,anomaly,400,0.33566722347381456,5.449479473024047e-12,0.3626317664485403,7.085621002618852e-14,319,18,3,"AT,DE,LT",2.7960021603900303e-10,4.296462917042522e-12,FALSE,FALSE
pit_cha,tor_vir,anomaly,184,0.1656750269109985,0.024603900854962554,0.12798250852420487,0.08339195182909043,106,8,2,"DE,LT",0.08989784623657322,0.2298447597934021,FALSE,FALSE
pit_cha,uro_sir_spp,anomaly,0,NA,NA,NA,NA,0,0,0,,NA,NA,TRUE,FALSE
pit_cha,xyl_lin,anomaly,184,0.09406276202234715,0.2040661033809475,0.10601221321107279,0.15206970217423973,131,8,1,DE,0.4055637125085324,0.34736469640485584,FALSE,FALSE
pit_cha,xyl_spp,anomaly,161,0.1942945526611375,0.013522855907512947,0.18585518748562227,0.018251951621769177,106,7,1,DE,0.05602326018826793,0.074687433936932765,FALSE,FALSE
pit_cha,zei_gri,anomaly,0,NA,NA,NA,NA,0,0,0,,NA,NA,TRUE,FALSE
pit_spp,pol_pol,anomaly,138,0.04834815541099124,0.5733493924581534,0.05647858736178305,0.5105614340675724,112,6,1,CZ,0.7483836492555545,0.7185253000928159,FALSE,FALSE
pit_spp,pri_abi,anomaly,161,-0.135157337689333,0.08736862752254551,-0.11968311479181046,0.13047877306624855,87,7,2,"CZ,DE",0.23033547255943815,0.3130551857380856,FALSE,FALSE
pit_spp,sap_car,anomaly,0,NA,NA,NA,NA,0,0,0,,NA,NA,TRUE,FALSE
pit_spp,sco_int,anomaly,184,0.09371722866905872,0.20574020277044694,0.10766696846525782,0.14573981584545018,87,8,2,"CZ,DE",0.4055637125085324,0.3387054256756629,FALSE,FALSE
pit_spp,sco_rat,anomaly,138,0.06254041071190346,0.46617625616703784,0.0668578434618221,0.43590304510583877,67,6,1,CZ,0.6759555714422049,0.6592910001940918,FALSE,FALSE
pit_spp,sco_sco,anomaly,0,NA,NA,NA,NA,0,0,0,,NA,NA,TRUE,FALSE
pit_spp,tet_gab,anomaly,130,0.11179519223669702,0.20539707173417412,0.0959537887995193,0.2774864835676979,103,6,2,"AT,DE",0.4055637125085324,0.5126966330738352,FALSE,FALSE
pit_spp,tet_spp,anomaly,46,0.5273967727420246,1.6581857007163262e-4,0.45864939870490284,0.0013472003485818717,33,2,1,DE,0.0017784881831175705,0.010211166278455776,FALSE,FALSE
pit_spp,tha_pit,anomaly,23,0.2907080035401939,0.1783940264159867,0.43774703557312256,0.036704688168162844,23,1,1,HR,0.3672494309242689,0.12427424877240921,FALSE,FALSE
pit_spp,tha_pro,anomaly,69,-0.07755475007015579,0.5264697907795062,-0.049177932042382175,0.6882120252905086,47,3,1,DE,0.7194159806970448,0.8469325108279876,FALSE,FALSE
pit_spp,tom_spp,anomaly,333,0.2924745168655769,5.436136978121791e-8,0.34809703289610944,6.414062021478149e-11,283,15,3,"AT,CZ,DE",1.726620649717731e-6,2.673862105203703e-9,FALSE,FALSE
pit_spp,tor_vir,anomaly,23,-0.08631788327390148,0.6953442596211044,-9.881422924901185e-4,0.9964297417631355,18,1,1,DE,0.8279749546632241,0.9996754496624393,FALSE,FALSE
pit_spp,uro_sir_spp,anomaly,0,NA,NA,NA,NA,0,0,0,,NA,NA,TRUE,FALSE
pit_spp,xyl_lin,anomaly,23,0.17349407662964716,0.42854760375617384,0.36758893280632415,0.08442064140763417,22,1,1,DE,0.6367480019871808,0.23077281892988522,FALSE,FALSE
pit_spp,xyl_spp,anomaly,46,-0.09718200241508343,0.520545595969897,-0.20394696268886833,0.17398605999466735,27,2,1,DE,0.7191601534086285,0.38048754759489545,FALSE,FALSE
pit_spp,zei_gri,anomaly,115,0.20068750293780482,0.031511517082947166,0.1415274140292836,0.13136585955738272,53,5,1,CZ,0.10778554817602953,0.31405386496334864,FALSE,FALSE
pol_pol,pri_abi,anomaly,161,-0.0857560589205741,0.27941348824770085,-0.10670864964343225,0.1778897375583073,87,7,1,CZ,0.4891569466173661,0.3857319934179438,FALSE,FALSE
pol_pol,sap_car,anomaly,0,NA,NA,NA,NA,0,0,0,,NA,NA,TRUE,FALSE
pol_pol,sco_int,anomaly,161,0.07494816416496924,0.3447071536621201,0.08293938348286174,0.2955674295730384,83,7,1,CZ,0.5637347021370926,0.5342641613149501,FALSE,FALSE
pol_pol,sco_rat,anomaly,184,0.16648538590793263,0.023901137549043775,0.13988749975920323,0.05823588688848123,77,8,2,"CZ,LT",0.08807767262548176,0.17540995310327115,FALSE,FALSE
pol_pol,sco_sco,anomaly,0,NA,NA,NA,NA,0,0,0,,NA,NA,TRUE,FALSE
pol_pol,tet_gab,anomaly,0,NA,NA,NA,NA,0,0,0,,NA,NA,TRUE,FALSE
pol_pol,tet_spp,anomaly,0,NA,NA,NA,NA,0,0,0,,NA,NA,TRUE,FALSE
pol_pol,tha_pit,anomaly,0,NA,NA,NA,NA,0,0,0,,NA,NA,TRUE,FALSE
pol_pol,tha_pro,anomaly,0,NA,NA,NA,NA,0,0,0,,NA,NA,TRUE,FALSE
pol_pol,tom_spp,anomaly,207,0.14117074486523615,0.04246170530004668,0.1846797848275265,0.007723053534237726,151,9,2,"CZ,LT",0.13391727914743518,0.04154255409142389,FALSE,FALSE
pol_pol,tor_vir,anomaly,23,0.06606403369067945,0.7645657582033929,0.06422924901185771,0.7709325113831808,13,1,1,LT,0.8777372817928796,0.895839695283243,FALSE,FALSE
pol_pol,uro_sir_spp,anomaly,0,NA,NA,NA,NA,0,0,0,,NA,NA,TRUE,FALSE
pol_pol,xyl_lin,anomaly,0,NA,NA,NA,NA,0,0,0,,NA,NA,TRUE,FALSE
pol_pol,xyl_spp,anomaly,0,NA,NA,NA,NA,0,0,0,,NA,NA,TRUE,FALSE
pol_pol,zei_gri,anomaly,115,0.012102991448905514,0.8978506724547328,-0.011008739967149022,0.9070427633933139,52,5,1,CZ,0.9475734153913082,0.9683417419230814,FALSE,FALSE
pri_abi,sap_car,anomaly,0,NA,NA,NA,NA,0,0,0,,NA,NA,TRUE,FALSE
pri_abi,sco_int,anomaly,184,-0.16244066915727717,0.02758842803560395,-0.1460576756371482,0.04789000094579181,65,8,2,"CZ,DE",0.09584104947785331,0.15357033957136124,FALSE,FALSE
pri_abi,sco_rat,anomaly,161,-0.009817011825357179,0.9016349159833081,-0.03291062801932367,0.6785463582999336,59,7,2,"CZ,DE",0.9500639636032647,0.8412461356618136,FALSE,FALSE
pri_abi,sco_sco,anomaly,0,NA,NA,NA,NA,0,0,0,,NA,NA,TRUE,FALSE
pri_abi,tet_gab,anomaly,23,-0.01413950390417669,0.9489447085619306,-0.1442687747035573,0.5113391540131089,4,1,1,DE,0.9713298580291385,0.7185253000928159,FALSE,FALSE
pri_abi,tet_spp,anomaly,0,NA,NA,NA,NA,0,0,0,,NA,NA,TRUE,FALSE
pri_abi,tha_pit,anomaly,0,NA,NA,NA,NA,0,0,0,,NA,NA,TRUE,FALSE
pri_abi,tha_pro,anomaly,23,0.5434783272455934,0.007356167316777862,0.283596837944664,0.18973853053259201,7,1,1,DE,0.036077673531550246,0.40287279896901007,FALSE,FALSE
pri_abi,tom_spp,anomaly,230,-0.031337311226766404,0.6363697059135727,-0.06818194146844232,0.3032000922404347,136,10,2,"CZ,DE",0.7978544997074304,0.5392918973983198,FALSE,FALSE
pri_abi,tor_vir,anomaly,69,7.06694681070959e-5,0.9995401789801869,-0.15944464742418707,0.1906561898353569,36,3,1,DE,0.9995401789801869,0.40287279896901007,FALSE,FALSE
pri_abi,uro_sir_spp,anomaly,0,NA,NA,NA,NA,0,0,0,,NA,NA,TRUE,FALSE
pri_abi,xyl_lin,anomaly,69,-0.029236565955540333,0.8115155060169306,-0.10540738034344174,0.38869386723767263,37,3,1,DE,0.8991376121483268,0.6217237636631359,FALSE,FALSE
pri_abi,xyl_spp,anomaly,69,0.14986966395967136,0.2190254422586643,0.14651077822433323,0.22964589418089815,38,3,1,DE,0.41979876432910657,0.4518401516774604,FALSE,FALSE
pri_abi,zei_gri,anomaly,115,-0.0069232271672054575,0.9414614338407519,-4.537652674631318e-4,0.996159851105952,47,5,1,CZ,0.9675728449488159,0.9996754496624393,FALSE,FALSE
sap_car,sco_int,anomaly,0,NA,NA,NA,NA,0,0,0,,NA,NA,TRUE,FALSE
sap_car,sco_rat,anomaly,0,NA,NA,NA,NA,0,0,0,,NA,NA,TRUE,FALSE
sap_car,sco_sco,anomaly,0,NA,NA,NA,NA,0,0,0,,NA,NA,TRUE,FALSE
sap_car,tet_gab,anomaly,0,NA,NA,NA,NA,0,0,0,,NA,NA,TRUE,FALSE
sap_car,tet_spp,anomaly,0,NA,NA,NA,NA,0,0,0,,NA,NA,TRUE,FALSE
sap_car,tha_pit,anomaly,0,NA,NA,NA,NA,0,0,0,,NA,NA,TRUE,FALSE
sap_car,tha_pro,anomaly,0,NA,NA,NA,NA,0,0,0,,NA,NA,TRUE,FALSE
sap_car,tom_spp,anomaly,0,NA,NA,NA,NA,0,0,0,,NA,NA,TRUE,FALSE
sap_car,tor_vir,anomaly,0,NA,NA,NA,NA,0,0,0,,NA,NA,TRUE,FALSE
sap_car,uro_sir_spp,anomaly,0,NA,NA,NA,NA,0,0,0,,NA,NA,TRUE,FALSE
sap_car,xyl_lin,anomaly,0,NA,NA,NA,NA,0,0,0,,NA,NA,TRUE,FALSE
sap_car,xyl_spp,anomaly,0,NA,NA,NA,NA,0,0,0,,NA,NA,TRUE,FALSE
sap_car,zei_gri,anomaly,0,NA,NA,NA,NA,0,0,0,,NA,NA,TRUE,FALSE
sco_int,sco_rat,anomaly,207,0.390078372189917,6.24451336543533e-9,0.39578259787208714,3.5773204246611123e-9,91,9,2,"CZ,DE",2.3139391193029807e-7,1.3255959573605345e-7,FALSE,FALSE
sco_int,sco_sco,anomaly,0,NA,NA,NA,NA,0,0,0,,NA,NA,TRUE,FALSE
sco_int,tet_gab,anomaly,92,0.21151031197357828,0.04297454702863163,0.25023503845383227,0.016138807085679045,28,4,1,DE,0.13440976135777633,0.06770178821476681,FALSE,FALSE
sco_int,tet_spp,anomaly,46,0.0869923898537198,0.5653824283073787,0.15769349367869256,0.2952556648978952,10,2,1,DE,0.7423426765374441,0.5342641613149501,FALSE,FALSE
sco_int,tha_pit,anomaly,23,-0.0444831655493568,0.8402793505175362,-0.1116600790513834,0.611992848751711,10,1,1,DE,0.9157946516261383,0.7941619262984265,FALSE,FALSE
sco_int,tha_pro,anomaly,69,-0.026853330622219028,0.8266306346710837,-0.09689440993788821,0.4283445769682488,25,3,1,DE,0.9053573617826155,0.6522964220041597,FALSE,FALSE
sco_int,tom_spp,anomaly,276,0.12389981646039924,0.0396892315403784,0.15865641186626903,0.008276384179429797,145,12,2,"CZ,DE",0.1278875238523304,0.043127720684997456,FALSE,FALSE
sco_int,tor_vir,anomaly,69,0.1685855796953361,0.16613585778749962,0.17639751552795033,0.14708762098395262,34,3,1,DE,0.34981154505088785,0.3394721217864927,FALSE,FALSE
sco_int,uro_sir_spp,anomaly,0,NA,NA,NA,NA,0,0,0,,NA,NA,TRUE,FALSE
sco_int,xyl_lin,anomaly,69,0.06492569764933695,0.5960977401861004,0.17066130800146148,0.16090624866672465,43,3,1,DE,0.7646099859694788,0.3625826616915721,FALSE,FALSE
sco_int,xyl_spp,anomaly,92,0.08201080857601642,0.43705536473156803,0.11761170106191143,0.2641876118828028,41,4,1,DE,0.6463767810996804,0.5006055031983792,FALSE,FALSE
sco_int,zei_gri,anomaly,115,0.1460110448803369,0.1194596167281623,0.09058338474044449,0.3356640615815155,37,5,1,CZ,0.28155323094588075,0.5726033991684676,FALSE,FALSE
sco_rat,sco_sco,anomaly,0,NA,NA,NA,NA,0,0,0,,NA,NA,TRUE,FALSE
sco_rat,tet_gab,anomaly,46,0.32833406914941377,0.025897428881902565,0.3140918902251002,0.03352221497654249,17,2,1,DE,0.09188077161823942,0.11706448894949655,FALSE,FALSE
sco_rat,tet_spp,anomaly,0,NA,NA,NA,NA,0,0,0,,NA,NA,TRUE,FALSE
sco_rat,tha_pit,anomaly,23,-0.03826892451432922,0.8623689246738762,-0.18379446640316208,0.40120109039639607,9,1,1,DE,0.9292408283642575,0.6286239258375603,FALSE,FALSE
sco_rat,tha_pro,anomaly,23,-0.017762658209118154,0.9358855879944459,-0.2737154150197629,0.2063049907433131,12,1,1,DE,0.9640369796422846,0.4208117089473696,FALSE,FALSE
sco_rat,tom_spp,anomaly,230,0.16570247058585996,0.011844857170856085,0.16698384205504008,0.011197583987946695,121,10,3,"CZ,DE,LT",0.05000328944912031,0.05405049983685317,FALSE,FALSE
sco_rat,tor_vir,anomaly,69,0.24597055021690675,0.04162265836235232,0.23105590062111805,0.056111839963887286,32,3,2,"DE,LT",0.13283403410377512,0.1716816387885909,FALSE,FALSE
sco_rat,uro_sir_spp,anomaly,0,NA,NA,NA,NA,0,0,0,,NA,NA,TRUE,FALSE
sco_rat,xyl_lin,anomaly,46,0.2661558433272287,0.07379517723571406,0.31606537156953435,0.032366410338658426,35,2,1,DE,0.20339414552157553,0.11558841058465068,FALSE,FALSE
sco_rat,xyl_spp,anomaly,46,0.3003296228905117,0.042564412562603085,0.49182855380820223,5.1775492991369e-4,33,2,1,DE,0.13391727914743518,0.005004964322499004,FALSE,FALSE
sco_rat,zei_gri,anomaly,115,0.06017541685691426,0.5229275478308618,0.029309290493183853,0.755845969486612,36,5,1,CZ,0.7191601534086285,0.8855599706526487,FALSE,FALSE
sco_sco,tet_gab,anomaly,0,NA,NA,NA,NA,0,0,0,,NA,NA,TRUE,FALSE
sco_sco,tet_spp,anomaly,0,NA,NA,NA,NA,0,0,0,,NA,NA,TRUE,FALSE
sco_sco,tha_pit,anomaly,0,NA,NA,NA,NA,0,0,0,,NA,NA,TRUE,FALSE
sco_sco,tha_pro,anomaly,0,NA,NA,NA,NA,0,0,0,,NA,NA,TRUE,FALSE
sco_sco,tom_spp,anomaly,0,NA,NA,NA,NA,0,0,0,,NA,NA,TRUE,FALSE
sco_sco,tor_vir,anomaly,0,NA,NA,NA,NA,0,0,0,,NA,NA,TRUE,FALSE
sco_sco,uro_sir_spp,anomaly,0,NA,NA,NA,NA,0,0,0,,NA,NA,TRUE,FALSE
sco_sco,xyl_lin,anomaly,0,NA,NA,NA,NA,0,0,0,,NA,NA,TRUE,FALSE
sco_sco,xyl_spp,anomaly,0,NA,NA,NA,NA,0,0,0,,NA,NA,TRUE,FALSE
sco_sco,zei_gri,anomaly,0,NA,NA,NA,NA,0,0,0,,NA,NA,TRUE,FALSE
tet_gab,tet_spp,anomaly,92,0.5206412131567927,1.0378010560631517e-7,0.5314026786677557,5.0341362877188356e-8,58,4,1,DE,3.0096230625831402e-6,1.3990703766285264e-6,FALSE,FALSE
tet_gab,tha_pit,anomaly,23,-0.3072945141617957,0.15377274362438256,-0.29051383399209485,0.17869743023409992,3,1,1,DE,0.3313840072049648,0.3857319934179438,FALSE,FALSE
tet_gab,tha_pro,anomaly,92,-0.0254717799478018,0.8095432086324386,-0.06847710494274308,0.5166028074014724,56,4,1,DE,0.8990602558259193,0.7190489265161961,FALSE,FALSE
tet_gab,tom_spp,anomaly,222,0.09696889670127275,0.149855097241381,0.13099248630770657,0.0512795828693813,142,10,2,"AT,DE",0.3277159011803315,0.16057972663792172,FALSE,FALSE
tet_gab,tor_vir,anomaly,46,0.3284176469579252,0.025857371481486244,0.3577551649707061,0.014645430474043984,16,2,1,DE,0.09188077161823942,0.06358744564385177,FALSE,FALSE
tet_gab,uro_sir_spp,anomaly,0,NA,NA,NA,NA,0,0,0,,NA,NA,TRUE,FALSE
tet_gab,xyl_lin,anomaly,69,0.3381560708410797,0.004485210962547944,0.37438801607599564,0.0015285963602537675,36,3,1,DE,0.024724262082805606,0.011204107387794097,FALSE,FALSE
tet_gab,xyl_spp,anomaly,92,0.09352646807074383,0.3752109551205587,0.09783764622474297,0.3534991717803003,32,4,1,DE,0.5879404909353875,0.5909372119735847,FALSE,FALSE
tet_gab,zei_gri,anomaly,0,NA,NA,NA,NA,0,0,0,,NA,NA,TRUE,FALSE
tet_spp,tha_pit,anomaly,0,NA,NA,NA,NA,0,0,0,,NA,NA,TRUE,FALSE
tet_spp,tha_pro,anomaly,69,-0.05987649291685808,0.6250371285258265,-0.04990865911582025,0.6838224313535355,48,3,1,DE,0.7910811474890441,0.8430860660125845,FALSE,FALSE
tet_spp,tom_spp,anomaly,92,0.13821805495980885,0.1888694334837474,0.18702895981998363,0.07423226975174675,51,4,1,DE,0.3852474377176132,0.21159369198467984,FALSE,FALSE
tet_spp,tor_vir,anomaly,23,0.3805494718906182,0.0732338668203779,0.3774703557312253,0.07578368452069188,2,1,1,DE,0.20339414552157553,0.21328150875654636,FALSE,FALSE
tet_spp,uro_sir_spp,anomaly,0,NA,NA,NA,NA,0,0,0,,NA,NA,TRUE,FALSE
tet_spp,xyl_lin,anomaly,46,0.35038896410194437,0.01697356717157042,0.3747764415664508,0.010282281018372913,24,2,1,DE,0.06673526667125705,0.05235329342942544,FALSE,FALSE
tet_spp,xyl_spp,anomaly,46,-0.23092362389998783,0.12257617609282019,-0.2811594202898551,0.0583823232217784,13,2,1,DE,0.285964773133031,0.17540995310327115,FALSE,FALSE
tet_spp,zei_gri,anomaly,0,NA,NA,NA,NA,0,0,0,,NA,NA,TRUE,FALSE
tha_pit,tha_pro,anomaly,23,-0.24070287733735246,0.2685702630674364,-0.12450592885375494,0.5713796382480377,7,1,1,DE,0.48025835245571075,0.7568069702156123,FALSE,FALSE
tha_pit,tom_spp,anomaly,23,0.5441057236867815,0.007275058971775684,0.5573122529644269,0.005732392601422843,11,1,1,DE,0.03594418025314357,0.03324787708825249,FALSE,FALSE
tha_pit,tor_vir,anomaly,41,-0.4087853927722471,0.007963587446190377,-0.5144599303135889,5.793570072682666e-4,9,2,2,"BG,DE",0.03840824461456393,0.005442691885182166,FALSE,FALSE
tha_pit,uro_sir_spp,anomaly,0,NA,NA,NA,NA,0,0,0,,NA,NA,TRUE,FALSE
tha_pit,xyl_lin,anomaly,23,-0.8632115649434436,1.1469974692911053e-7,-0.8636363636363636,1.1123161784623278e-7,11,1,1,DE,3.1876971334048636e-6,2.9676595641374906e-6,FALSE,FALSE
tha_pit,xyl_spp,anomaly,23,-0.7829018455299561,1.005599776442837e-5,-0.708498023715415,1.5464629978681233e-4,10,1,1,DE,1.719833463813775e-4,0.0019101681844037744,FALSE,FALSE
tha_pit,zei_gri,anomaly,0,NA,NA,NA,NA,0,0,0,,NA,NA,TRUE,FALSE
tha_pro,tom_spp,anomaly,138,0.15749418731088244,0.0650608247578836,0.1172792010758261,0.1707120339420971,82,6,1,DE,0.18545115433123233,0.3759052526328343,FALSE,FALSE
tha_pro,tor_vir,anomaly,69,0.4619582700792907,6.450176817385632e-5,0.3758129338691999,0.0014614730932547436,28,3,1,DE,8.532909786211719e-4,0.010952837676414764,FALSE,FALSE
tha_pro,uro_sir_spp,anomaly,0,NA,NA,NA,NA,0,0,0,,NA,NA,TRUE,FALSE
tha_pro,xyl_lin,anomaly,92,0.4009991263317801,7.455991606991458e-5,0.35787494413020354,4.610234847238978e-4,57,4,1,DE,9.383295097855288e-4,0.004730810220166767,FALSE,FALSE
tha_pro,xyl_spp,anomaly,115,0.3188452849384099,5.147006045535199e-4,0.26117730608380024,0.004812464028037606,50,5,1,DE,0.004291316290464972,0.029448747767899845,FALSE,FALSE
tha_pro,zei_gri,anomaly,0,NA,NA,NA,NA,0,0,0,,NA,NA,TRUE,FALSE
tom_spp,tor_vir,anomaly,341,0.03288584498328458,0.5450394858299452,0.03540548801709293,0.5146541265622842,159,16,3,"DE,LT,PL",0.7285397536043555,0.7185253000928159,FALSE,FALSE
tom_spp,uro_sir_spp,anomaly,0,NA,NA,NA,NA,0,0,0,,NA,NA,TRUE,FALSE
tom_spp,xyl_lin,anomaly,161,0.2159615943537603,0.005933391106017403,0.210024154589372,0.0074944532684994075,126,7,1,DE,0.02998160505843642,0.040640653090155326,FALSE,FALSE
tom_spp,xyl_spp,anomaly,161,0.01874814873860717,0.8133903763648087,0.026915113871635612,0.734673844686784,107,7,1,DE,0.8992102763742241,0.8797620366357001,FALSE,FALSE
tom_spp,zei_gri,anomaly,115,0.0048910756217944015,0.9586256987332223,-0.01899106288956568,0.8403468675088005,61,5,1,CZ,0.9761883069542889,0.9374598296301981,FALSE,FALSE
tor_vir,uro_sir_spp,anomaly,0,NA,NA,NA,NA,0,0,0,,NA,NA,TRUE,FALSE
tor_vir,xyl_lin,anomaly,161,0.3589306603026714,2.9310865730101026e-6,0.4363670347366,7.189815322310155e-9,88,7,1,DE,6.516782480659128e-5,2.1798212818094878e-7,FALSE,FALSE
tor_vir,xyl_spp,anomaly,115,0.37284444253461557,4.067491981451987e-5,0.41888266393119233,3.176775196803928e-6,78,5,1,DE,5.772376918358459e-4,6.232085459612412e-5,FALSE,FALSE
tor_vir,zei_gri,anomaly,0,NA,NA,NA,NA,0,0,0,,NA,NA,TRUE,FALSE
uro_sir_spp,xyl_lin,anomaly,0,NA,NA,NA,NA,0,0,0,,NA,NA,TRUE,FALSE
uro_sir_spp,xyl_spp,anomaly,0,NA,NA,NA,NA,0,0,0,,NA,NA,TRUE,FALSE
uro_sir_spp,zei_gri,anomaly,0,NA,NA,NA,NA,0,0,0,,NA,NA,TRUE,FALSE
xyl_lin,xyl_spp,anomaly,138,0.4574218233044233,1.698671154746411e-8,0.5292393187956774,2.4987094872761032e-11,104,6,1,DE,5.665068301079281e-7,1.1904565914379722e-9,FALSE,FALSE
xyl_lin,zei_gri,anomaly,0,NA,NA,NA,NA,0,0,0,,NA,NA,TRUE,FALSE
xyl_spp,zei_gri,anomaly,0,NA,NA,NA,NA,0,0,0,,NA,NA,TRUE,FALSE
CambXyl_con&BB_con&BO,CambXyl_con&BB_con&SM,log_damage,46,0.4215426880136483,0.003526498641736802,0.4249858696430188,0.0032395830028003492,13,2,1,DE,0.010760342009402036,0.01010070857641681,FALSE,TRUE
CambXyl_con&BB_con&BO,CambXyl_con&BO,log_damage,23,-0.07038417826350349,0.7496335045955715,-0.14225500688049614,0.5173140615024373,3,1,1,DE,0.8191543999199381,0.6474832642236241,FALSE,TRUE
CambXyl_con&BB_con&BO,CambXyl_con&MD,log_damage,23,-0.072763385507068,0.7414465573985767,-0.206332753143491,0.34487722520350095,8,1,1,DE,0.815705457600283,0.47814046368019353,FALSE,TRUE
CambXyl_con&BB_con&BO,Def_dec,log_damage,0,NA,NA,NA,NA,0,0,0,,NA,NA,TRUE,TRUE
CambXyl_con&BB_con&BO,Def_dec&DB,log_damage,151,0.018817892443571918,0.8186070852564342,0.15036332434522207,0.06535340456762506,83,7,2,"AT,DE",0.8781150210910054,0.12679981212305516,FALSE,TRUE
CambXyl_con&BB_con&BO,agr_big,log_damage,46,-0.05399814445322253,0.7215301647014694,-0.09295708746100063,0.5389195793312918,21,2,1,DE,0.7987171125532545,0.6680357285460804,FALSE,TRUE
CambXyl_con&BB_con&BO,agr_vir,log_damage,46,0.21086564846472633,0.15952373647442938,0.23601745003270697,0.11431426206115432,13,2,1,DE,0.25595493897245525,0.1985897399310564,FALSE,TRUE
CambXyl_con&BB_con&BO,bup_pin,log_damage,0,NA,NA,NA,NA,0,0,0,,NA,NA,TRUE,TRUE
CambXyl_con&BB_con&BO,cep_spp,log_damage,0,NA,NA,NA,NA,0,0,0,,NA,NA,TRUE,TRUE
CambXyl_con&BB_con&BO,clo_ana,log_damage,0,NA,NA,NA,NA,0,0,0,,NA,NA,TRUE,TRUE
CambXyl_con&BB_con&BO,den_mic,log_damage,0,NA,NA,NA,NA,0,0,0,,NA,NA,TRUE,TRUE
CambXyl_con&BB_con&BO,den_pin,log_damage,0,NA,NA,NA,NA,0,0,0,,NA,NA,TRUE,TRUE
CambXyl_con&BB_con&BO,dip_sp,log_damage,86,-0.05681313327055495,0.6033607482920363,-0.1259433578472176,0.24789897622978427,38,4,2,"AT,DE",0.7039208730073758,0.3687497271418041,FALSE,TRUE
CambXyl_con&BB_con&BO,era_def,log_damage,0,NA,NA,NA,NA,0,0,0,,NA,NA,TRUE,TRUE
CambXyl_con&BB_con&BO,geo_db,log_damage,23,-0.2553260286209358,0.2396629364633897,-0.2506818218711499,0.24861383131355985,17,1,1,HR,0.3600550444902336,0.36904423192906805,FALSE,TRUE
CambXyl_con&BB_con&BO,ips_acu,log_damage,0,NA,NA,NA,NA,0,0,0,,NA,NA,TRUE,TRUE
CambXyl_con&BB_con&BO,ips_ami,log_damage,0,NA,NA,NA,NA,0,0,0,,NA,NA,TRUE,TRUE
CambXyl_con&BB_con&BO,ips_cem,log_damage,46,-0.39018111433939906,0.007347307237637769,-0.4499415404816974,0.0017049730049761972,18,2,1,DE,0.02017683602951295,0.0058246446198708364,FALSE,TRUE
CambXyl_con&BB_con&BO,ips_dup,log_damage,0,NA,NA,NA,NA,0,0,0,,NA,NA,TRUE,TRUE
CambXyl_con&BB_con&BO,ips_sex,log_damage,0,NA,NA,NA,NA,0,0,0,,NA,NA,TRUE,TRUE
CambXyl_con&BB_con&BO,ips_typ,log_damage,195,-0.06093544394258552,0.3974227005131139,-0.0714631626617238,0.32081581905103135,153,9,3,"AT,DE,HR",0.5317899472122334,0.4526926774751707,FALSE,TRUE
CambXyl_con&BB_con&BO,lym_dis,log_damage,153,-0.007764303628501338,0.9241139003875982,0.10855109169007159,0.1816663403912167,69,7,3,"AT,DE,HR",0.9549792334049537,0.28507641107544773,FALSE,TRUE
CambXyl_con&BB_con&BO,lym_mon,log_damage,0,NA,NA,NA,NA,0,0,0,,NA,NA,TRUE,TRUE
CambXyl_con&BB_con&BO,mel_spp,log_damage,46,0.08778806710513504,0.5618177775414466,-0.02732675581727513,0.8569390279981978,21,2,1,DE,0.6767248504263711,0.9063998438200251,FALSE,TRUE
CambXyl_con&BB_con&BO,neo_ser,log_damage,0,NA,NA,NA,NA,0,0,0,,NA,NA,TRUE,TRUE
CambXyl_con&BB_con&BO,ope_spp,log_damage,0,NA,NA,NA,NA,0,0,0,,NA,NA,TRUE,TRUE
CambXyl_con&BB_con&BO,pan_fla,log_damage,0,NA,NA,NA,NA,0,0,0,,NA,NA,TRUE,TRUE
CambXyl_con&BB_con&BO,pha_cya,log_damage,151,0.09652064535769764,0.23841235247906573,0.18134890052511018,0.025850811806359755,89,7,2,"AT,DE",0.3591477759728867,0.058595173427748774,FALSE,TRUE
CambXyl_con&BB_con&BO,pis_pin,log_damage,0,NA,NA,NA,NA,0,0,0,,NA,NA,TRUE,TRUE
CambXyl_con&BB_con&BO,pit_bid,log_damage,0,NA,NA,NA,NA,0,0,0,,NA,NA,TRUE,TRUE
CambXyl_con&BB_con&BO,pit_cha,log_damage,172,0.09128193798007465,0.23368893217343747,0.12012497563478221,0.1165022123687453,133,8,2,"AT,DE",0.3542545596004976,0.20141060443410205,FALSE,TRUE
CambXyl_con&BB_con&BO,pit_spp,log_damage,174,0.1520865483205374,0.045137715592637406,0.19062894007917766,0.011749068720598742,131,8,3,"AT,DE,HR",0.0926101406124802,0.030814112556302335,FALSE,TRUE
CambXyl_con&BB_con&BO,pol_pol,log_damage,0,NA,NA,NA,NA,0,0,0,,NA,NA,TRUE,TRUE
CambXyl_con&BB_con&BO,pri_abi,log_damage,0,NA,NA,NA,NA,0,0,0,,NA,NA,TRUE,TRUE
CambXyl_con&BB_con&BO,sap_car,log_damage,0,NA,NA,NA,NA,0,0,0,,NA,NA,TRUE,TRUE
CambXyl_con&BB_con&BO,sco_int,log_damage,46,0.3155021979888132,0.0326928312403891,0.3256558442104736,0.027208748685133486,10,2,1,DE,0.07030928164348742,0.06089983248020473,FALSE,TRUE
CambXyl_con&BB_con&BO,sco_rat,log_damage,0,NA,NA,NA,NA,0,0,0,,NA,NA,TRUE,TRUE
CambXyl_con&BB_con&BO,sco_sco,log_damage,0,NA,NA,NA,NA,0,0,0,,NA,NA,TRUE,TRUE
CambXyl_con&BB_con&BO,tet_gab,log_damage,130,-0.3547519566750321,3.45427175484945e-5,-0.3603534068615562,2.5383881613914854e-5,85,6,2,"AT,DE",1.7247203027709844e-4,1.4049683311887756e-4,FALSE,TRUE
CambXyl_con&BB_con&BO,tet_spp,log_damage,46,-0.21477577908759773,0.15174915983928192,-0.19754252012905563,0.18819502832870807,17,2,1,DE,0.2473719180941719,0.2940289939315045,FALSE,TRUE
CambXyl_con&BB_con&BO,tha_pit,log_damage,23,-0.6217247719356802,0.0015400586976846487,-0.6052519798078108,0.002212805783463424,19,1,1,HR,0.005236199572127806,0.007214353102250615,FALSE,TRUE
CambXyl_con&BB_con&BO,tha_pro,log_damage,46,0.0335268838692411,0.8249409250266495,-0.029928404662885454,0.8434814990414039,18,2,1,DE,0.8791161499537727,0.8948674447482353,FALSE,TRUE
CambXyl_con&BB_con&BO,tom_spp,log_damage,172,0.4896325435120274,9.33932389992863e-12,0.4787694623536141,3.0684064206430255e-11,135,8,2,"AT,DE",1.3336554529098085e-10,4.762700400737218e-10,FALSE,TRUE
CambXyl_con&BB_con&BO,tor_vir,log_damage,0,NA,NA,NA,NA,0,0,0,,NA,NA,TRUE,TRUE
CambXyl_con&BB_con&BO,uro_sir_spp,log_damage,0,NA,NA,NA,NA,0,0,0,,NA,NA,TRUE,TRUE
CambXyl_con&BB_con&BO,xyl_lin,log_damage,0,NA,NA,NA,NA,0,0,0,,NA,NA,TRUE,TRUE
CambXyl_con&BB_con&BO,xyl_spp,log_damage,23,-0.4485317943019961,0.03181963693123685,-0.42676502064148847,0.04226830212064709,1,1,1,DE,0.06884612354213064,0.0877313014945989,FALSE,TRUE
CambXyl_con&BB_con&BO,zei_gri,log_damage,0,NA,NA,NA,NA,0,0,0,,NA,NA,TRUE,TRUE
CambXyl_con&BB_con&SM,CambXyl_con&BO,log_damage,23,0.24960695413577375,0.2507158950289259,0.2245637276788862,0.30294263953902234,4,1,1,DE,0.37216455104085877,0.4326020892617239,FALSE,TRUE
CambXyl_con&BB_con&SM,CambXyl_con&MD,log_damage,23,0.5425991896891499,0.007471081736158168,0.34437654618821845,0.10758674753661923,10,1,1,DE,0.020360123509988292,0.1896874606034872,FALSE,TRUE
CambXyl_con&BB_con&SM,Def_dec,log_damage,0,NA,NA,NA,NA,0,0,0,,NA,NA,TRUE,TRUE
CambXyl_con&BB_con&SM,Def_dec&DB,log_damage,46,0.44693023383094665,0.0018470203345774213,0.47993222643806516,7.376512373464299e-4,14,2,1,DE,0.00607729271377087,0.002878049089974595,FALSE,TRUE
CambXyl_con&BB_con&SM,agr_big,log_damage,46,-0.340116350023314,0.020738101984073276,-0.32466232532011297,0.027709055238279646,18,2,1,DE,0.049029817273603706,0.06163322567019211,FALSE,TRUE
CambXyl_con&BB_con&SM,agr_vir,log_damage,46,0.2841311214635986,0.05566041590407859,0.3004363952794456,0.04248728273806443,13,2,1,DE,0.10951159411658802,0.08793020253616812,FALSE,TRUE
CambXyl_con&BB_con&SM,bup_pin,log_damage,0,NA,NA,NA,NA,0,0,0,,NA,NA,TRUE,TRUE
CambXyl_con&BB_con&SM,cep_spp,log_damage,0,NA,NA,NA,NA,0,0,0,,NA,NA,TRUE,TRUE
CambXyl_con&BB_con&SM,clo_ana,log_damage,0,NA,NA,NA,NA,0,0,0,,NA,NA,TRUE,TRUE
CambXyl_con&BB_con&SM,den_mic,log_damage,0,NA,NA,NA,NA,0,0,0,,NA,NA,TRUE,TRUE
CambXyl_con&BB_con&SM,den_pin,log_damage,0,NA,NA,NA,NA,0,0,0,,NA,NA,TRUE,TRUE
CambXyl_con&BB_con&SM,dip_sp,log_damage,23,-0.3674058521816641,0.0845873345565096,-0.28388244819783726,0.18927363000752429,1,1,1,DE,0.1540697879422139,0.2944256466783711,FALSE,TRUE
CambXyl_con&BB_con&SM,era_def,log_damage,0,NA,NA,NA,NA,0,0,0,,NA,NA,TRUE,TRUE
CambXyl_con&BB_con&SM,geo_db,log_damage,0,NA,NA,NA,NA,0,0,0,,NA,NA,TRUE,TRUE
CambXyl_con&BB_con&SM,ips_acu,log_damage,0,NA,NA,NA,NA,0,0,0,,NA,NA,TRUE,TRUE
CambXyl_con&BB_con&SM,ips_ami,log_damage,0,NA,NA,NA,NA,0,0,0,,NA,NA,TRUE,TRUE
CambXyl_con&BB_con&SM,ips_cem,log_damage,46,-0.5643073118041908,4.41511967488925e-5,-0.5369462398472475,1.194863528356848e-4,14,2,1,DE,2.1740658261178787e-4,5.612714205570984e-4,FALSE,TRUE
CambXyl_con&BB_con&SM,ips_dup,log_damage,0,NA,NA,NA,NA,0,0,0,,NA,NA,TRUE,TRUE
CambXyl_con&BB_con&SM,ips_sex,log_damage,0,NA,NA,NA,NA,0,0,0,,NA,NA,TRUE,TRUE
CambXyl_con&BB_con&SM,ips_typ,log_damage,46,-0.5515332241775942,7.103926546161171e-5,-0.596335763593531,1.2237658934130768e-5,14,2,1,DE,3.3204144772235224e-4,7.342595360478461e-5,FALSE,TRUE
CambXyl_con&BB_con&SM,lym_dis,log_damage,46,0.10265400529083697,0.497220591777764,0.12622627048594737,0.40321198540450887,14,2,1,DE,0.6231394888867201,0.5387491901410647,FALSE,TRUE
CambXyl_con&BB_con&SM,lym_mon,log_damage,0,NA,NA,NA,NA,0,0,0,,NA,NA,TRUE,TRUE
CambXyl_con&BB_con&SM,mel_spp,log_damage,46,0.23019907210485724,0.12378702967994519,0.06663821031030358,0.6599271467960082,18,2,1,DE,0.21195189254551766,0.7587568161229465,FALSE,TRUE
CambXyl_con&BB_con&SM,neo_ser,log_damage,0,NA,NA,NA,NA,0,0,0,,NA,NA,TRUE,TRUE
CambXyl_con&BB_con&SM,ope_spp,log_damage,0,NA,NA,NA,NA,0,0,0,,NA,NA,TRUE,TRUE
CambXyl_con&BB_con&SM,pan_fla,log_damage,0,NA,NA,NA,NA,0,0,0,,NA,NA,TRUE,TRUE
CambXyl_con&BB_con&SM,pha_cya,log_damage,46,-0.08773799600305221,0.5620417875389889,-0.13920177407602424,0.3561986531076885,17,2,1,DE,0.6767248504263711,0.48908815061324923,FALSE,TRUE
CambXyl_con&BB_con&SM,pis_pin,log_damage,0,NA,NA,NA,NA,0,0,0,,NA,NA,TRUE,TRUE
CambXyl_con&BB_con&SM,pit_bid,log_damage,0,NA,NA,NA,NA,0,0,0,,NA,NA,TRUE,TRUE
CambXyl_con&BB_con&SM,pit_cha,log_damage,46,-0.6119897297822281,6.207739064710465e-6,-0.5177980793379906,2.2828230717082966e-4,11,2,1,DE,3.693604743502727e-5,0.0010061331316047679,FALSE,TRUE
CambXyl_con&BB_con&SM,pit_spp,log_damage,46,-0.06885903784253157,0.6493162054377594,-0.1416323445490808,0.3477791258462607,14,2,1,DE,0.7394127124123766,0.48029844459232135,FALSE,TRUE
CambXyl_con&BB_con&SM,pol_pol,log_damage,0,NA,NA,NA,NA,0,0,0,,NA,NA,TRUE,TRUE
CambXyl_con&BB_con&SM,pri_abi,log_damage,0,NA,NA,NA,NA,0,0,0,,NA,NA,TRUE,TRUE
CambXyl_con&BB_con&SM,sap_car,log_damage,0,NA,NA,NA,NA,0,0,0,,NA,NA,TRUE,TRUE
CambXyl_con&BB_con&SM,sco_int,log_damage,46,0.5874077226927108,1.7741551470020533e-5,0.5434570467319729,9.501923787550757e-5,11,2,1,DE,9.669822709614244e-5,4.7113705446605834e-4,FALSE,TRUE
CambXyl_con&BB_con&SM,sco_rat,log_damage,0,NA,NA,NA,NA,0,0,0,,NA,NA,TRUE,TRUE
CambXyl_con&BB_con&SM,sco_sco,log_damage,0,NA,NA,NA,NA,0,0,0,,NA,NA,TRUE,TRUE
CambXyl_con&BB_con&SM,tet_gab,log_damage,46,-0.45274998758236,0.0015813222040782123,-0.43260628320428274,0.0026764633420596866,13,2,1,DE,0.005351014472567979,0.008493310338802738,FALSE,TRUE
CambXyl_con&BB_con&SM,tet_spp,log_damage,46,-0.1707574538414444,0.2565353285110537,-0.04008519135816902,0.7913983422186736,14,2,1,DE,0.3768852357137703,0.8587513926202627,FALSE,TRUE
CambXyl_con&BB_con&SM,tha_pit,log_damage,0,NA,NA,NA,NA,0,0,0,,NA,NA,TRUE,TRUE
CambXyl_con&BB_con&SM,tha_pro,log_damage,46,0.3145938944002295,0.03322502373424786,0.16899586162857858,0.2615476809973326,18,2,1,DE,0.07123383260151973,0.38743785110393253,FALSE,TRUE
CambXyl_con&BB_con&SM,tom_spp,log_damage,46,0.13697857516972128,0.36400746774050663,-0.024308249161495234,0.8726030540709384,15,2,1,DE,0.495050156127089,0.9095453731483942,FALSE,TRUE
CambXyl_con&BB_con&SM,tor_vir,log_damage,0,NA,NA,NA,NA,0,0,0,,NA,NA,TRUE,TRUE
CambXyl_con&BB_con&SM,uro_sir_spp,log_damage,0,NA,NA,NA,NA,0,0,0,,NA,NA,TRUE,TRUE
CambXyl_con&BB_con&SM,xyl_lin,log_damage,0,NA,NA,NA,NA,0,0,0,,NA,NA,TRUE,TRUE
CambXyl_con&BB_con&SM,xyl_spp,log_damage,23,-0.2891507293263496,0.18083739038393654,-0.21608962474760746,0.32202645419189013,1,1,1,DE,0.28377559721786966,0.45350471063709974,FALSE,TRUE
CambXyl_con&BB_con&SM,zei_gri,log_damage,0,NA,NA,NA,NA,0,0,0,,NA,NA,TRUE,TRUE
CambXyl_con&BO,CambXyl_con&MD,log_damage,23,0.40858997937368147,0.052903681318106674,0.34490507954164734,0.10701227669092946,6,1,1,DE,0.10463498188678162,0.18959495175514549,FALSE,TRUE
CambXyl_con&BO,Def_dec,log_damage,0,NA,NA,NA,NA,0,0,0,,NA,NA,TRUE,TRUE
CambXyl_con&BO,Def_dec&DB,log_damage,23,-0.05348648572884883,0.808485320187845,-0.02135388090731561,0.9229573038379457,3,1,1,DE,0.8693652388766888,0.9468268892820306,FALSE,TRUE
CambXyl_con&BO,agr_big,log_damage,23,-0.6194156862528655,0.0016222722215822171,-0.5899386883807236,0.0030469493287250704,6,1,1,DE,0.005463690406649542,0.009583796567003085,FALSE,TRUE
CambXyl_con&BO,agr_vir,log_damage,23,-0.17955563264140909,0.412335106498136,-0.19024330640258982,0.38458728143033794,4,1,1,DE,0.545198640814202,0.520066891934207,FALSE,TRUE
CambXyl_con&BO,bup_pin,log_damage,0,NA,NA,NA,NA,0,0,0,,NA,NA,TRUE,TRUE
CambXyl_con&BO,cep_spp,log_damage,0,NA,NA,NA,NA,0,0,0,,NA,NA,TRUE,TRUE
CambXyl_con&BO,clo_ana,log_damage,0,NA,NA,NA,NA,0,0,0,,NA,NA,TRUE,TRUE
CambXyl_con&BO,den_mic,log_damage,0,NA,NA,NA,NA,0,0,0,,NA,NA,TRUE,TRUE
CambXyl_con&BO,den_pin,log_damage,0,NA,NA,NA,NA,0,0,0,,NA,NA,TRUE,TRUE
CambXyl_con&BO,dip_sp,log_damage,23,-0.32885207442667497,0.12548636663940074,-0.34271523178807944,0.10940718186355106,0,1,1,DE,0.2143475257907467,0.19146256826121436,FALSE,TRUE
CambXyl_con&BO,era_def,log_damage,0,NA,NA,NA,NA,0,0,0,,NA,NA,TRUE,TRUE
CambXyl_con&BO,geo_db,log_damage,0,NA,NA,NA,NA,0,0,0,,NA,NA,TRUE,TRUE
CambXyl_con&BO,ips_acu,log_damage,0,NA,NA,NA,NA,0,0,0,,NA,NA,TRUE,TRUE
CambXyl_con&BO,ips_ami,log_damage,0,NA,NA,NA,NA,0,0,0,,NA,NA,TRUE,TRUE
CambXyl_con&BO,ips_cem,log_damage,23,0.11016297277625135,0.6168019708467486,-0.06669265160790037,0.7623878010295246,6,1,1,DE,0.7184283967121998,0.8375943948049792,FALSE,TRUE
CambXyl_con&BO,ips_dup,log_damage,0,NA,NA,NA,NA,0,0,0,,NA,NA,TRUE,TRUE
CambXyl_con&BO,ips_sex,log_damage,0,NA,NA,NA,NA,0,0,0,,NA,NA,TRUE,TRUE
CambXyl_con&BO,ips_typ,log_damage,46,0.3091194064212776,0.03658624644877377,0.08818208014048262,0.5600564825929124,29,2,2,"DE,SI",0.07660580634728584,0.6870796023562534,FALSE,TRUE
CambXyl_con&BO,lym_dis,log_damage,23,-0.42832402107682366,0.04144059121363277,-0.478913855198736,0.020778047191778747,4,1,1,DE,0.08576400616386608,0.048962131006369716,FALSE,TRUE
CambXyl_con&BO,lym_mon,log_damage,0,NA,NA,NA,NA,0,0,0,,NA,NA,TRUE,TRUE
CambXyl_con&BO,mel_spp,log_damage,23,-0.3881649809273939,0.0672067852733115,-0.3440674228043503,0.10792378481502879,6,1,1,DE,0.12793187733514508,0.18979700088160234,FALSE,TRUE
CambXyl_con&BO,neo_ser,log_damage,0,NA,NA,NA,NA,0,0,0,,NA,NA,TRUE,TRUE
CambXyl_con&BO,ope_spp,log_damage,0,NA,NA,NA,NA,0,0,0,,NA,NA,TRUE,TRUE
CambXyl_con&BO,pan_fla,log_damage,0,NA,NA,NA,NA,0,0,0,,NA,NA,TRUE,TRUE
CambXyl_con&BO,pha_cya,log_damage,23,-0.5706912908345038,0.004458038647858452,-0.44842168828167545,0.03186675727714749,5,1,1,DE,0.013098928372719896,0.0698488433473626,FALSE,TRUE
CambXyl_con&BO,pis_pin,log_damage,0,NA,NA,NA,NA,0,0,0,,NA,NA,TRUE,TRUE
CambXyl_con&BO,pit_bid,log_damage,0,NA,NA,NA,NA,0,0,0,,NA,NA,TRUE,TRUE
CambXyl_con&BO,pit_cha,log_damage,46,-0.1817388852832477,0.22674419046539793,-0.020231937588530886,0.8938320608591079,15,2,2,"DE,SI",0.3451926481712028,0.9249218716715987,FALSE,TRUE
CambXyl_con&BO,pit_spp,log_damage,46,-0.16827362641067073,0.26362145640011914,-0.19080184965170185,0.2040226546214167,29,2,2,"DE,SI",0.3833517716286865,0.3139486538786455,FALSE,TRUE
CambXyl_con&BO,pol_pol,log_damage,0,NA,NA,NA,NA,0,0,0,,NA,NA,TRUE,TRUE
CambXyl_con&BO,pri_abi,log_damage,0,NA,NA,NA,NA,0,0,0,,NA,NA,TRUE,TRUE
CambXyl_con&BO,sap_car,log_damage,0,NA,NA,NA,NA,0,0,0,,NA,NA,TRUE,TRUE
CambXyl_con&BO,sco_int,log_damage,23,0.5321185568074434,0.008959645566355449,0.4602649006622517,0.0271065049546728,4,1,1,DE,0.023519069611683055,0.0608617752755861,FALSE,TRUE
CambXyl_con&BO,sco_rat,log_damage,0,NA,NA,NA,NA,0,0,0,,NA,NA,TRUE,TRUE
CambXyl_con&BO,sco_sco,log_damage,0,NA,NA,NA,NA,0,0,0,,NA,NA,TRUE,TRUE
CambXyl_con&BO,tet_gab,log_damage,23,0.10231323979320768,0.6422637274506082,-0.007710642902617996,0.9721458240149548,6,1,1,DE,0.7348305179049359,0.9776227018967292,FALSE,TRUE
CambXyl_con&BO,tet_spp,log_damage,23,-0.20293762878307625,0.35304764417493006,-0.30837692684148865,0.1522538852058324,5,1,1,DE,0.48198091384493325,0.24762932582452013,FALSE,TRUE
CambXyl_con&BO,tha_pit,log_damage,0,NA,NA,NA,NA,0,0,0,,NA,NA,TRUE,TRUE
CambXyl_con&BO,tha_pro,log_damage,23,0.16999801569470158,0.43805212014175765,-0.03838131426091373,0.8619684789268867,6,1,1,DE,0.5697071289275317,0.9063998438200251,FALSE,TRUE
CambXyl_con&BO,tom_spp,log_damage,23,-0.3272069019759346,0.1275019203611203,-0.40600213655099326,0.054572646121576286,3,1,1,DE,0.2172705755079711,0.109451880142712,FALSE,TRUE
CambXyl_con&BO,tor_vir,log_damage,0,NA,NA,NA,NA,0,0,0,,NA,NA,TRUE,TRUE
CambXyl_con&BO,uro_sir_spp,log_damage,0,NA,NA,NA,NA,0,0,0,,NA,NA,TRUE,TRUE
CambXyl_con&BO,xyl_lin,log_damage,0,NA,NA,NA,NA,0,0,0,,NA,NA,TRUE,TRUE
CambXyl_con&BO,xyl_spp,log_damage,23,0.12138879825085923,0.5811248668328695,0.1688741721854305,0.4411311068187498,2,1,1,DE,0.6899846636908097,0.5705934968633829,FALSE,TRUE
CambXyl_con&BO,zei_gri,log_damage,0,NA,NA,NA,NA,0,0,0,,NA,NA,TRUE,TRUE
CambXyl_con&MD,Def_dec,log_damage,0,NA,NA,NA,NA,0,0,0,,NA,NA,TRUE,TRUE
CambXyl_con&MD,Def_dec&DB,log_damage,184,0.19651984908103096,0.007502359379487618,0.14314953385593995,0.05255767846518492,88,8,2,"CZ,DE",0.020367622041650792,0.10570755612434375,FALSE,TRUE
CambXyl_con&MD,agr_big,log_damage,23,-0.5679302367098098,0.004699460940766874,-0.4236142102829411,0.04398063869951812,15,1,1,DE,0.013751701277489951,0.09049618452869147,FALSE,TRUE
CambXyl_con&MD,agr_vir,log_damage,23,0.23955636739227198,0.2709265164562373,0.10701206181237612,0.6269732944070698,13,1,1,DE,0.3915820501007154,0.739385855746219,FALSE,TRUE
CambXyl_con&MD,bup_pin,log_damage,0,NA,NA,NA,NA,0,0,0,,NA,NA,TRUE,TRUE
CambXyl_con&MD,cep_spp,log_damage,138,-0.14365645697010268,0.0927703441675342,-0.10316430642553319,0.22855153068010903,76,6,1,CZ,0.16769120439397323,0.34500167633318785,FALSE,TRUE
CambXyl_con&MD,clo_ana,log_damage,0,NA,NA,NA,NA,0,0,0,,NA,NA,TRUE,TRUE
CambXyl_con&MD,den_mic,log_damage,0,NA,NA,NA,NA,0,0,0,,NA,NA,TRUE,TRUE
CambXyl_con&MD,den_pin,log_damage,0,NA,NA,NA,NA,0,0,0,,NA,NA,TRUE,TRUE
CambXyl_con&MD,dip_sp,log_damage,23,-0.1520304716636585,0.4886267952205855,0.102557002818255,0.6414669651746094,3,1,1,DE,0.6174858969690231,0.7471572808069676,FALSE,TRUE
CambXyl_con&MD,era_def,log_damage,0,NA,NA,NA,NA,0,0,0,,NA,NA,TRUE,TRUE
CambXyl_con&MD,geo_db,log_damage,0,NA,NA,NA,NA,0,0,0,,NA,NA,TRUE,TRUE
CambXyl_con&MD,ips_acu,log_damage,161,0.4540630417879359,1.4514539256872432e-9,0.4561422234021405,1.1954102433882167e-9,117,7,1,CZ,1.5240266219716053e-8,1.4715912306537702e-8,FALSE,TRUE
CambXyl_con&MD,ips_ami,log_damage,0,NA,NA,NA,NA,0,0,0,,NA,NA,TRUE,TRUE
CambXyl_con&MD,ips_cem,log_damage,23,-0.5080285918640388,0.013325190978122067,-0.4028007915565637,0.05669320461084822,11,1,1,DE,0.033738249497798425,0.11306968740822802,FALSE,TRUE
CambXyl_con&MD,ips_dup,log_damage,161,0.2603476148992258,8.517365987506223e-4,0.26595242506092265,6.499020445327147e-4,118,7,1,CZ,0.0031509841010774315,0.002563701987825184,FALSE,TRUE
CambXyl_con&MD,ips_sex,log_damage,161,0.4871718510519727,5.624356832658348e-11,0.515909291171888,2.489061474227803e-12,115,7,1,CZ,6.923777204341483e-10,4.936638590551809e-11,FALSE,TRUE
CambXyl_con&MD,ips_typ,log_damage,184,-0.04856097649923572,0.5127185743823195,0.16905794311764905,0.02178338488655533,137,8,2,"CZ,DE",0.6377718852072755,0.05049784678246917,FALSE,TRUE
CambXyl_con&MD,lym_dis,log_damage,23,-0.22684908623911468,0.29791793157266955,-0.1358356270683664,0.5365812017727404,12,1,1,DE,0.42288946946895833,0.6662938748969333,FALSE,TRUE
CambXyl_con&MD,lym_mon,log_damage,115,0.13791978115200831,0.1415883346150511,0.17627121209296268,0.0595066104838862,70,5,1,CZ,0.23455700908386656,0.11736939194888052,FALSE,TRUE
CambXyl_con&MD,mel_spp,log_damage,23,-0.3718135386196918,0.0806421661742097,-0.39312561176816213,0.06348919865699505,15,1,1,DE,0.14878167092606132,0.12351849547982144,FALSE,TRUE
CambXyl_con&MD,neo_ser,log_damage,0,NA,NA,NA,NA,0,0,0,,NA,NA,TRUE,TRUE
CambXyl_con&MD,ope_spp,log_damage,0,NA,NA,NA,NA,0,0,0,,NA,NA,TRUE,TRUE
CambXyl_con&MD,pan_fla,log_damage,0,NA,NA,NA,NA,0,0,0,,NA,NA,TRUE,TRUE
CambXyl_con&MD,pha_cya,log_damage,184,0.2244361339720341,0.002192597091279227,0.2503380681612377,6.095085886718759e-4,124,8,2,"CZ,DE",0.007051866320600757,0.0024448827657961767,FALSE,TRUE
CambXyl_con&MD,pis_pin,log_damage,0,NA,NA,NA,NA,0,0,0,,NA,NA,TRUE,TRUE
CambXyl_con&MD,pit_bid,log_damage,0,NA,NA,NA,NA,0,0,0,,NA,NA,TRUE,TRUE
CambXyl_con&MD,pit_cha,log_damage,23,-0.437529684010524,0.03680888752893853,-0.32023818225056216,0.13629843787464524,11,1,1,DE,0.07684662484111728,0.22598381716007915,FALSE,TRUE
CambXyl_con&MD,pit_spp,log_damage,161,0.4437303392742133,3.73579391163269e-9,0.44353479804114265,3.802082873484351e-9,113,7,2,"CZ,DE",3.653913497131151e-8,4.450306838799715e-8,FALSE,TRUE
CambXyl_con&MD,pol_pol,log_damage,161,0.20729066501502486,0.008328569672718594,0.24194072130295066,0.0019879036292690514,109,7,1,CZ,0.022106315042085784,0.006632538277093938,FALSE,TRUE
CambXyl_con&MD,pri_abi,log_damage,138,-0.33924010339973165,4.695396905484696e-5,-0.2981446889143299,3.8278587905086944e-4,77,6,1,CZ,2.2806213540925666e-4,0.0015890064979204698,FALSE,TRUE
CambXyl_con&MD,sap_car,log_damage,0,NA,NA,NA,NA,0,0,0,,NA,NA,TRUE,TRUE
CambXyl_con&MD,sco_int,log_damage,184,0.29354854433042094,5.24995661416603e-5,0.28248671557511346,1.0226580359491293e-4,80,8,2,"CZ,DE",2.515751021821843e-4,5.001218066216975e-4,FALSE,TRUE
CambXyl_con&MD,sco_rat,log_damage,161,0.22039800295884657,0.004963733588775328,0.2511395380965413,0.0013115767867333827,65,7,1,CZ,0.014406934074738146,0.004590518753566839,FALSE,TRUE
CambXyl_con&MD,sco_sco,log_damage,0,NA,NA,NA,NA,0,0,0,,NA,NA,TRUE,TRUE
CambXyl_con&MD,tet_gab,log_damage,23,-0.6303115469932534,0.0012647007921674821,-0.655855824267711,6.792242177076094e-4,11,1,1,DE,0.004341328680805684,0.0026646488540836982,FALSE,TRUE
CambXyl_con&MD,tet_spp,log_damage,23,-0.3141758054767339,0.14429671511485007,-0.17984940567152424,0.41155803621887965,12,1,1,DE,0.23793961799538788,0.5431653195199262,FALSE,TRUE
CambXyl_con&MD,tha_pit,log_damage,0,NA,NA,NA,NA,0,0,0,,NA,NA,TRUE,TRUE
CambXyl_con&MD,tha_pro,log_damage,23,0.666955959354016,5.091638769174259e-4,0.6642890335495346,5.462470491528881e-4,15,1,1,DE,0.0019974890555991324,0.0022035050457353787,FALSE,TRUE
CambXyl_con&MD,tom_spp,log_damage,184,0.06533184965620735,0.37826001863135683,0.17204314492898415,0.01953074792018907,132,8,2,"CZ,DE",0.5095804779297901,0.046851966003419024,FALSE,TRUE
CambXyl_con&MD,tor_vir,log_damage,0,NA,NA,NA,NA,0,0,0,,NA,NA,TRUE,TRUE
CambXyl_con&MD,uro_sir_spp,log_damage,0,NA,NA,NA,NA,0,0,0,,NA,NA,TRUE,TRUE
CambXyl_con&MD,xyl_lin,log_damage,0,NA,NA,NA,NA,0,0,0,,NA,NA,TRUE,TRUE
CambXyl_con&MD,xyl_spp,log_damage,23,0.3834003930964955,0.07093145840865196,0.605543577149824,0.0021990268311293665,5,1,1,DE,0.1336281300891227,0.007202317235900769,FALSE,TRUE
CambXyl_con&MD,zei_gri,log_damage,115,0.009968838073007082,0.9157897169856957,0.04680232383790246,0.619408783361225,50,5,1,CZ,0.9517814525877536,0.7364239701566213,FALSE,TRUE
Def_dec,Def_dec&DB,log_damage,0,NA,NA,NA,NA,0,0,0,,NA,NA,TRUE,TRUE
Def_dec,agr_big,log_damage,0,NA,NA,NA,NA,0,0,0,,NA,NA,TRUE,TRUE
Def_dec,agr_vir,log_damage,0,NA,NA,NA,NA,0,0,0,,NA,NA,TRUE,TRUE
Def_dec,bup_pin,log_damage,0,NA,NA,NA,NA,0,0,0,,NA,NA,TRUE,TRUE
Def_dec,cep_spp,log_damage,0,NA,NA,NA,NA,0,0,0,,NA,NA,TRUE,TRUE
Def_dec,clo_ana,log_damage,0,NA,NA,NA,NA,0,0,0,,NA,NA,TRUE,TRUE
Def_dec,den_mic,log_damage,0,NA,NA,NA,NA,0,0,0,,NA,NA,TRUE,TRUE
Def_dec,den_pin,log_damage,0,NA,NA,NA,NA,0,0,0,,NA,NA,TRUE,TRUE
Def_dec,dip_sp,log_damage,0,NA,NA,NA,NA,0,0,0,,NA,NA,TRUE,TRUE
Def_dec,era_def,log_damage,0,NA,NA,NA,NA,0,0,0,,NA,NA,TRUE,TRUE
Def_dec,geo_db,log_damage,0,NA,NA,NA,NA,0,0,0,,NA,NA,TRUE,TRUE
Def_dec,ips_acu,log_damage,0,NA,NA,NA,NA,0,0,0,,NA,NA,TRUE,TRUE
Def_dec,ips_ami,log_damage,0,NA,NA,NA,NA,0,0,0,,NA,NA,TRUE,TRUE
Def_dec,ips_cem,log_damage,0,NA,NA,NA,NA,0,0,0,,NA,NA,TRUE,TRUE
Def_dec,ips_dup,log_damage,0,NA,NA,NA,NA,0,0,0,,NA,NA,TRUE,TRUE
Def_dec,ips_sex,log_damage,0,NA,NA,NA,NA,0,0,0,,NA,NA,TRUE,TRUE
Def_dec,ips_typ,log_damage,0,NA,NA,NA,NA,0,0,0,,NA,NA,TRUE,TRUE
Def_dec,lym_dis,log_damage,0,NA,NA,NA,NA,0,0,0,,NA,NA,TRUE,TRUE
Def_dec,lym_mon,log_damage,0,NA,NA,NA,NA,0,0,0,,NA,NA,TRUE,TRUE
Def_dec,mel_spp,log_damage,0,NA,NA,NA,NA,0,0,0,,NA,NA,TRUE,TRUE
Def_dec,neo_ser,log_damage,0,NA,NA,NA,NA,0,0,0,,NA,NA,TRUE,TRUE
Def_dec,ope_spp,log_damage,0,NA,NA,NA,NA,0,0,0,,NA,NA,TRUE,TRUE
Def_dec,pan_fla,log_damage,0,NA,NA,NA,NA,0,0,0,,NA,NA,TRUE,TRUE
Def_dec,pha_cya,log_damage,0,NA,NA,NA,NA,0,0,0,,NA,NA,TRUE,TRUE
Def_dec,pis_pin,log_damage,0,NA,NA,NA,NA,0,0,0,,NA,NA,TRUE,TRUE
Def_dec,pit_bid,log_damage,0,NA,NA,NA,NA,0,0,0,,NA,NA,TRUE,TRUE
Def_dec,pit_cha,log_damage,0,NA,NA,NA,NA,0,0,0,,NA,NA,TRUE,TRUE
Def_dec,pit_spp,log_damage,0,NA,NA,NA,NA,0,0,0,,NA,NA,TRUE,TRUE
Def_dec,pol_pol,log_damage,0,NA,NA,NA,NA,0,0,0,,NA,NA,TRUE,TRUE
Def_dec,pri_abi,log_damage,0,NA,NA,NA,NA,0,0,0,,NA,NA,TRUE,TRUE
Def_dec,sap_car,log_damage,0,NA,NA,NA,NA,0,0,0,,NA,NA,TRUE,TRUE
Def_dec,sco_int,log_damage,0,NA,NA,NA,NA,0,0,0,,NA,NA,TRUE,TRUE
Def_dec,sco_rat,log_damage,0,NA,NA,NA,NA,0,0,0,,NA,NA,TRUE,TRUE
Def_dec,sco_sco,log_damage,0,NA,NA,NA,NA,0,0,0,,NA,NA,TRUE,TRUE
Def_dec,tet_gab,log_damage,0,NA,NA,NA,NA,0,0,0,,NA,NA,TRUE,TRUE
Def_dec,tet_spp,log_damage,0,NA,NA,NA,NA,0,0,0,,NA,NA,TRUE,TRUE
Def_dec,tha_pit,log_damage,0,NA,NA,NA,NA,0,0,0,,NA,NA,TRUE,TRUE
Def_dec,tha_pro,log_damage,0,NA,NA,NA,NA,0,0,0,,NA,NA,TRUE,TRUE
Def_dec,tom_spp,log_damage,0,NA,NA,NA,NA,0,0,0,,NA,NA,TRUE,TRUE
Def_dec,tor_vir,log_damage,0,NA,NA,NA,NA,0,0,0,,NA,NA,TRUE,TRUE
Def_dec,uro_sir_spp,log_damage,0,NA,NA,NA,NA,0,0,0,,NA,NA,TRUE,TRUE
Def_dec,xyl_lin,log_damage,0,NA,NA,NA,NA,0,0,0,,NA,NA,TRUE,TRUE
Def_dec,xyl_spp,log_damage,0,NA,NA,NA,NA,0,0,0,,NA,NA,TRUE,TRUE
Def_dec,zei_gri,log_damage,0,NA,NA,NA,NA,0,0,0,,NA,NA,TRUE,TRUE
Def_dec&DB,agr_big,log_damage,92,-0.24709598218960802,0.01756779174310011,-0.18940680409096447,0.07056094030954282,37,4,1,DE,0.042664637090385975,0.13434803034936954,FALSE,TRUE
Def_dec&DB,agr_vir,log_damage,46,0.14838505300319235,0.32503589443052605,0.15379897785349236,0.3074933083503342,15,2,1,DE,0.4523891396167556,0.438223996331614,FALSE,TRUE
Def_dec&DB,bup_pin,log_damage,69,-0.13889301957316566,0.2550446324647003,-0.009629111750414917,0.9374096791441726,14,3,1,DE,0.37624352805742983,0.9600723388589062,FALSE,TRUE
Def_dec&DB,cep_spp,log_damage,138,0.2125574680948194,0.012316541347846441,0.26609197918543215,0.0016076631033845633,73,6,1,CZ,0.03129541111160982,0.0055452727334134215,FALSE,TRUE
Def_dec&DB,clo_ana,log_damage,0,NA,NA,NA,NA,0,0,0,,NA,NA,TRUE,TRUE
Def_dec&DB,den_mic,log_damage,0,NA,NA,NA,NA,0,0,0,,NA,NA,TRUE,TRUE
Def_dec&DB,den_pin,log_damage,23,-0.4103910442566577,0.05176563498688129,-0.3946263180107775,0.06239614205079061,4,1,1,DE,0.1027562730914421,0.12205711075140957,FALSE,TRUE
Def_dec&DB,dip_sp,log_damage,109,-0.08755435466622889,0.3653086269066942,0.0224588412616295,0.8166908987494348,40,5,2,"AT,DE",0.49587520838665333,0.8755515040647093,FALSE,TRUE
Def_dec&DB,era_def,log_damage,23,-0.6454549304942404,8.807551099254205e-4,-0.6369571063097853,0.0010815375372835259,0,1,1,DE,0.0032415420025090217,0.004019080458140409,FALSE,TRUE
Def_dec&DB,geo_db,log_damage,0,NA,NA,NA,NA,0,0,0,,NA,NA,TRUE,TRUE
Def_dec&DB,ips_acu,log_damage,184,0.2359941795301302,0.0012595442209625389,0.2388818607279123,0.0010920190600549572,98,8,2,"CZ,DE",0.004341328680805684,0.004019080458140409,FALSE,TRUE
Def_dec&DB,ips_ami,log_damage,0,NA,NA,NA,NA,0,0,0,,NA,NA,TRUE,TRUE
Def_dec&DB,ips_cem,log_damage,115,0.14974636376233222,0.11019251332523922,-0.005944113176474742,0.9497285130294195,54,5,1,DE,0.19426531978819953,0.9624278468654545,FALSE,TRUE
Def_dec&DB,ips_dup,log_damage,184,-0.016976361545944323,0.8190820784966522,-0.005721523592931459,0.9385581127780344,96,8,1,CZ,0.8781150210910054,0.9600723388589062,FALSE,TRUE
Def_dec&DB,ips_sex,log_damage,184,0.12608202966448265,0.08811664827438859,0.06162098252578861,0.4059954136802033,95,8,2,"CZ,DE",0.16008978846797314,0.5387491901410647,FALSE,TRUE
Def_dec&DB,ips_typ,log_damage,404,-0.013952150789988479,0.7798001753103252,-0.02590138291498386,0.603701224815365,237,18,3,"AT,CZ,DE",0.8461661476771613,0.7220145301811904,FALSE,TRUE
Def_dec&DB,lym_dis,log_damage,153,0.398583510137749,3.345826560072561e-7,0.376512067393416,1.6128709767947498e-6,59,7,2,"AT,DE",2.3889201638918085e-6,1.1750917116647463e-5,FALSE,TRUE
Def_dec&DB,lym_mon,log_damage,138,0.06750613907488397,0.4314561558543517,0.06762675936030291,0.4306316576868199,63,6,2,"CZ,DE",0.5652471473027654,0.5610784737014405,FALSE,TRUE
Def_dec&DB,mel_spp,log_damage,115,0.14803323708536306,0.11437060717235178,0.08815683536062646,0.3488229562814805,40,5,1,DE,0.19965920176298085,0.48081002082041907,FALSE,TRUE
Def_dec&DB,neo_ser,log_damage,0,NA,NA,NA,NA,0,0,0,,NA,NA,TRUE,TRUE
Def_dec&DB,ope_spp,log_damage,0,NA,NA,NA,NA,0,0,0,,NA,NA,TRUE,TRUE
Def_dec&DB,pan_fla,log_damage,46,0.27654619922990803,0.06281819451215717,0.3622515058439773,0.013362458692172527,8,2,1,DE,0.12202596719630203,0.03406175607764991,FALSE,TRUE
Def_dec&DB,pha_cya,log_damage,360,0.14582138766154493,0.005571719210511694,0.12077272273584368,0.021909839529176803,174,16,3,"AT,CZ,DE",0.015912830065221397,0.05062661949460271,FALSE,TRUE
Def_dec&DB,pis_pin,log_damage,46,0.3473427818562775,0.018024113266618336,0.3073471925737272,0.037732459858907365,10,2,1,DE,0.0434770840282618,0.08066160580616724,FALSE,TRUE
Def_dec&DB,pit_bid,log_damage,23,0.04827104181053126,0.826870577589819,0.2262917503522925,0.2991385347692259,4,1,1,DE,0.8796642430175583,0.42888536912696246,FALSE,TRUE
Def_dec&DB,pit_cha,log_damage,220,-0.04734133474543517,0.48481634495642345,-0.020383157486055327,0.7636890070280693,119,10,2,"AT,DE",0.6166675529638466,0.8375943948049792,FALSE,TRUE
Def_dec&DB,pit_spp,log_damage,268,-0.1329910832828765,0.029506024230415928,-0.15528446533119689,0.010906065728387508,150,12,3,"AT,CZ,DE",0.06456157218220955,0.0288404849261803,FALSE,TRUE
Def_dec&DB,pol_pol,log_damage,184,0.0040702435887195396,0.9562695651764448,0.017594587080713715,0.8126129667741282,90,8,1,CZ,0.9751584669908191,0.8738037022239873,FALSE,TRUE
Def_dec&DB,pri_abi,log_damage,161,0.30660038090204383,7.630818162477997e-5,0.3207020851412284,3.359230565767249e-5,81,7,1,CZ,3.492566774364929e-4,1.817038351483194e-4,FALSE,TRUE
Def_dec&DB,sap_car,log_damage,0,NA,NA,NA,NA,0,0,0,,NA,NA,TRUE,TRUE
Def_dec&DB,sco_int,log_damage,230,0.051781292146189685,0.4344802531172586,-0.008264555460425179,0.9007947664765554,71,10,2,"CZ,DE",0.5681664848456458,0.9294327503818794,FALSE,TRUE
Def_dec&DB,sco_rat,log_damage,184,0.016133702282491596,0.8279192875459372,-0.02626205271627816,0.7234369213710428,55,8,2,"CZ,DE",0.8796642430175583,0.8070843154045696,FALSE,TRUE
Def_dec&DB,sco_sco,log_damage,23,-0.13199045048156569,0.5482798606305199,-0.19778956668265676,0.36565063333437664,2,1,1,DE,0.662388867157684,0.49918652428440713,FALSE,TRUE
Def_dec&DB,tet_gab,log_damage,199,0.21771429882239798,0.002008111171013449,0.20350721735448166,0.003939466349608055,93,9,2,"AT,DE",0.006550533476917995,0.01202042296418868,FALSE,TRUE
Def_dec&DB,tet_spp,log_damage,92,0.4443852614352253,9.098170684734934e-6,0.43229403229632374,1.6836739605646522e-5,45,4,1,DE,5.281377129187596e-5,9.773522014985054e-5,FALSE,TRUE
Def_dec&DB,tha_pit,log_damage,23,0.4899013852018553,0.01764709278977977,0.6199543255983624,0.0016027677492373095,6,1,1,DE,0.042711946616619506,0.0055452727334134215,FALSE,TRUE
Def_dec&DB,tha_pro,log_damage,92,0.15632541841876194,0.1367285058605685,0.07384799351473338,0.48417933958291504,44,4,1,DE,0.2291646788367275,0.6173286579682167,FALSE,TRUE
Def_dec&DB,tom_spp,log_damage,404,0.1561932773889951,0.0016379238603468982,0.13853540252044355,0.005281212428557012,231,18,3,"AT,CZ,DE",0.005490505334683969,0.01526633876109193,FALSE,TRUE
Def_dec&DB,tor_vir,log_damage,23,-0.5430085862531596,0.007417384481542922,-0.5608911699859562,0.005364942464050086,0,1,1,DE,0.02029123570812891,0.015445842416660327,FALSE,TRUE
Def_dec&DB,uro_sir_spp,log_damage,23,0.2182604194307,0.3170700333874315,0.17904108840959237,0.41369808692134624,10,1,1,DE,0.44302936171942486,0.5449823506676037,FALSE,TRUE
Def_dec&DB,xyl_lin,log_damage,46,-0.1489985649976753,0.3230169743772833,-0.2316811828149421,0.12131973745705896,28,2,1,DE,0.4504572650495708,0.20923259068681183,FALSE,TRUE
Def_dec&DB,xyl_spp,log_damage,69,-0.28092573784005515,0.019376191859942268,-0.2767494814336703,0.021334203757271443,19,3,1,DE,0.04642483553019725,0.0497798087669667,FALSE,TRUE
Def_dec&DB,zei_gri,log_damage,115,0.04181433199604449,0.6572563530966824,0.02739252222470858,0.7713591166318293,51,5,1,CZ,0.7460747791908287,0.8434156344182635,FALSE,TRUE
agr_big,agr_vir,log_damage,92,0.3778162060471044,2.0485830542476277e-4,0.34020930261254967,9.062591890311856e-4,46,4,1,DE,8.654960359365716e-4,0.0034602623581190726,FALSE,TRUE
agr_big,bup_pin,log_damage,352,0.1513097912045142,0.004439409729180464,0.20191408282373693,1.3666562867861717e-4,121,17,2,"DE,PL",0.01309809316791261,6.33631551146316e-4,FALSE,TRUE
agr_big,cep_spp,log_damage,0,NA,NA,NA,NA,0,0,0,,NA,NA,TRUE,TRUE
agr_big,clo_ana,log_damage,0,NA,NA,NA,NA,0,0,0,,NA,NA,TRUE,TRUE
agr_big,den_mic,log_damage,0,NA,NA,NA,NA,0,0,0,,NA,NA,TRUE,TRUE
agr_big,den_pin,log_damage,246,0.2455551029590857,9.96206172017885e-5,0.22734382804612954,3.246745509984605e-4,147,12,2,"DE,PL",4.390686461856604e-4,0.0013637317187376154,FALSE,TRUE
agr_big,dip_sp,log_damage,372,0.16871752885188232,0.0010884653416002963,0.1709194180421054,9.334001342241868e-4,234,18,2,"DE,PL",0.003809628695601037,0.0035449345523195183,FALSE,TRUE
agr_big,era_def,log_damage,46,-0.14234809389006153,0.3453232466676246,-0.055210144969895895,0.7155396053845718,24,2,1,DE,0.47468681820341874,0.8007762981890035,FALSE,TRUE
agr_big,geo_db,log_damage,366,0.20390363942732542,8.532948853334038e-5,0.2609177030776567,4.137227779917007e-7,222,18,2,"DE,PL",3.831777032251889e-4,3.210848516152982e-6,FALSE,TRUE
agr_big,ips_acu,log_damage,229,-0.1838342482250875,0.005262420206798745,-0.2486408781031711,1.435861238042528e-4,87,11,2,"DE,PL",0.015150677530864128,6.614225315886227e-4,FALSE,TRUE
agr_big,ips_ami,log_damage,23,0.34071132620086053,0.11163290638709787,0.363129563097704,0.08855139427933395,5,1,1,DE,0.19631993881868937,0.16337389022078666,FALSE,TRUE
agr_big,ips_cem,log_damage,207,0.44085809199277043,2.969033608654839e-11,0.44388870864726965,2.0959091618357416e-11,129,9,1,DE,3.9257222158880647e-10,3.401088958069817e-10,FALSE,TRUE
agr_big,ips_dup,log_damage,0,NA,NA,NA,NA,0,0,0,,NA,NA,TRUE,TRUE
agr_big,ips_sex,log_damage,92,0.4506113696463096,6.565792478721154e-6,0.39109649188480294,1.1587452638441623e-4,51,4,1,DE,3.874360189923061e-5,5.479100121753191e-4,FALSE,TRUE
agr_big,ips_typ,log_damage,547,0.29417558133670385,2.2126705172187915e-12,0.18599534014348215,1.1956724558573188e-5,472,26,2,"DE,PL",3.434449454987429e-11,7.23483163967903e-5,FALSE,TRUE
agr_big,lym_dis,log_damage,115,0.31733400458079103,5.490350465697762e-4,0.3443224035175201,1.6455828253956486e-4,56,5,1,DE,0.0021189785040584873,7.483733358805689e-4,FALSE,TRUE
agr_big,lym_mon,log_damage,369,0.03379184726571508,0.5175654977486281,-0.048321060552194504,0.35464932930264437,271,18,2,"DE,PL",0.6426117880619064,0.4878990773065281,FALSE,TRUE
agr_big,mel_spp,log_damage,455,0.34102692075171387,7.447489188601832e-14,0.32120957077547896,2.2241223955120122e-12,364,22,2,"DE,PL",1.3293768201654271e-12,4.537209686844504e-11,FALSE,TRUE
agr_big,neo_ser,log_damage,23,0.03495110359342169,0.8742047142636094,0.04302787789854483,0.8454425989788834,4,1,1,DE,0.9192668129369913,0.8956172339331199,FALSE,TRUE
agr_big,ope_spp,log_damage,69,0.42779392104573494,2.458658043184582e-4,0.42244389506612945,2.994071544655487e-4,22,3,1,DE,0.00102659756890865,0.0012878114957132639,FALSE,TRUE
agr_big,pan_fla,log_damage,283,-0.03129450911888371,0.6001022435839427,-0.039729906989780954,0.505625105663399,152,14,2,"DE,PL",0.7012651422568495,0.6389669476879061,FALSE,TRUE
agr_big,pha_cya,log_damage,504,0.47612173627183735,7.034830554956936e-30,0.4744352583676409,1.187166458278217e-29,412,24,2,"DE,PL",5.022869016239252e-28,1.2109097874437813e-27,FALSE,TRUE
agr_big,pis_pin,log_damage,46,0.017795564397793076,0.9065565584559885,-0.06053504392665449,0.6894243210460516,29,2,1,DE,0.9449363251643442,0.7825897698360585,FALSE,TRUE
agr_big,pit_bid,log_damage,69,0.16255253919898732,0.18204331314983435,0.18451867980894054,0.12906692041099027,39,3,1,DE,0.28504150348460905,0.21785763870791267,FALSE,TRUE
agr_big,pit_cha,log_damage,207,0.3500047366811761,2.3453281040421156e-7,0.37330400844185585,3.025335213478061e-8,127,9,1,DE,1.7087390472306843e-6,2.9590264964703224e-7,FALSE,TRUE
agr_big,pit_spp,log_damage,69,-0.22763727143724619,0.059954060214639525,-0.07957837305973943,0.5157029425783246,58,3,1,DE,0.117279997241788,0.6474832642236241,FALSE,TRUE
agr_big,pol_pol,log_damage,0,NA,NA,NA,NA,0,0,0,,NA,NA,TRUE,TRUE
agr_big,pri_abi,log_damage,69,-0.0777182798910752,0.5255955682941156,-0.27906416530953004,0.020229153907620524,21,3,1,DE,0.6457177916615349,0.04782654268225514,FALSE,TRUE
agr_big,sap_car,log_damage,0,NA,NA,NA,NA,0,0,0,,NA,NA,TRUE,TRUE
agr_big,sco_int,log_damage,115,0.14757596561890973,0.11550637564415414,0.0373053115206822,0.692236044680882,52,5,1,DE,0.20017367041244188,0.7840483639082815,FALSE,TRUE
agr_big,sco_rat,log_damage,46,0.7291335899729321,9.116166083610786e-9,0.7103134493515562,3.2176907736815655e-8,30,2,1,DE,8.035731584812471e-8,3.1046367735251863e-7,FALSE,TRUE
agr_big,sco_sco,log_damage,23,-0.004005184167702589,0.9855295540671529,0.004389005442914361,0.9841429968381252,12,1,1,DE,0.9869117834557465,0.9841429968381252,FALSE,TRUE
agr_big,tet_gab,log_damage,115,0.36175379545289565,7.11517387976469e-5,0.402352553576368,8.291973379180964e-6,61,5,1,DE,3.3204144772235224e-4,5.1482339067262676e-5,FALSE,TRUE
agr_big,tet_spp,log_damage,92,0.1858316239595792,0.07613818578810948,0.17476130854989233,0.0956772601462813,51,4,1,DE,0.14231064045212086,0.17393008512505118,FALSE,TRUE
agr_big,tha_pit,log_damage,23,0.22386911130466447,0.30448013884448794,0.27745229987799047,0.1999294644972064,10,1,1,DE,0.42923507738435074,0.3089818996775008,FALSE,TRUE
agr_big,tha_pro,log_damage,138,0.2811017086458468,8.38490076728887e-4,0.2295091679745041,0.0067722060288096875,81,6,1,DE,0.0031181349728355485,0.018962176880667123,FALSE,TRUE
agr_big,tom_spp,log_damage,404,0.2054032222822198,3.1796425051191427e-5,0.38851515223163613,5.254113680904294e-16,249,19,2,"DE,PL",1.6332839918381783e-4,1.5005748672662662e-14,FALSE,TRUE
agr_big,tor_vir,log_damage,438,0.22876553854510367,1.3093130514700395e-6,0.2658302911658362,1.6093199439959757e-8,252,21,2,"DE,PL",8.819335082543472e-6,1.6652962898740965e-7,FALSE,TRUE
agr_big,uro_sir_spp,log_damage,23,0.2899003099075186,0.17965844154246774,0.2585380240341866,0.23359710477260323,4,1,1,DE,0.2825465358178898,0.3511333322266078,FALSE,TRUE
agr_big,xyl_lin,log_damage,161,0.45657721109878807,1.147655960660055e-9,0.3599284022430711,2.738312302992789e-6,92,7,1,DE,1.2606559321711987e-8,1.8620523660350967e-5,FALSE,TRUE
agr_big,xyl_spp,log_damage,161,0.1365249354337212,0.08418477963732415,0.0394848796841142,0.6189794939126588,82,7,1,DE,0.15376548379142424,0.7364239701566213,FALSE,TRUE
agr_big,zei_gri,log_damage,0,NA,NA,NA,NA,0,0,0,,NA,NA,TRUE,TRUE
agr_vir,bup_pin,log_damage,23,-0.30501810122938844,0.15700178483138366,-0.2661946094105834,0.2195472937819332,1,1,1,DE,0.25304576607134976,0.3336645879629182,FALSE,TRUE
agr_vir,cep_spp,log_damage,0,NA,NA,NA,NA,0,0,0,,NA,NA,TRUE,TRUE
agr_vir,clo_ana,log_damage,0,NA,NA,NA,NA,0,0,0,,NA,NA,TRUE,TRUE
agr_vir,den_mic,log_damage,0,NA,NA,NA,NA,0,0,0,,NA,NA,TRUE,TRUE
agr_vir,den_pin,log_damage,23,-0.3767272120923183,0.0764090087416808,-0.41508311975887585,0.04888981648930826,0,1,1,DE,0.14244394841138405,0.09942274009309858,FALSE,TRUE
agr_vir,dip_sp,log_damage,46,-0.11681999453686673,0.43942788626216855,-0.13572442628418982,0.36845779342324325,5,2,1,DE,0.5704572923476151,0.5020589017255642,FALSE,TRUE
agr_vir,era_def,log_damage,23,0.12661044019397583,0.5648412475027182,0.03590351350683144,0.8708043646681473,8,1,1,DE,0.6778094970032619,0.9095453731483942,FALSE,TRUE
agr_vir,geo_db,log_damage,23,-0.5528994303229423,0.006214140444938228,-0.3901885592221021,0.06567075802638461,5,1,1,DE,0.01760673126065831,0.12707024723804503,FALSE,TRUE
agr_vir,ips_acu,log_damage,23,0.858325065468507,1.6212122224033566e-7,0.8158960425932898,2.082537651076793e-6,8,1,1,DE,1.258201659560866e-6,1.4577763557537552e-5,FALSE,TRUE
agr_vir,ips_ami,log_damage,0,NA,NA,NA,NA,0,0,0,,NA,NA,TRUE,TRUE
agr_vir,ips_cem,log_damage,92,-0.026921653575778637,0.7989246981800391,0.1132474293021881,0.28244559703407146,42,4,1,DE,0.861680112538592,0.41409888353660584,FALSE,TRUE
agr_vir,ips_dup,log_damage,0,NA,NA,NA,NA,0,0,0,,NA,NA,TRUE,TRUE
agr_vir,ips_sex,log_damage,23,0.49394620734464495,0.0165957823524025,0.3405094241915069,0.11185897832585302,7,1,1,DE,0.040819919812646537,0.19479831835282696,FALSE,TRUE
agr_vir,ips_typ,log_damage,92,-0.10558198178207406,0.31650615194614945,0.16886133869198888,0.10759582849357467,41,4,1,DE,0.44302936171942486,0.1896874606034872,FALSE,TRUE
agr_vir,lym_dis,log_damage,92,0.6224336915967736,3.5039162239690915e-11,0.6082328920055725,1.2699842442218497e-10,39,4,1,DE,4.4674931855605915e-10,1.7108844346686805e-9,FALSE,TRUE
agr_vir,lym_mon,log_damage,23,-0.12589903110185152,0.5670477513344387,-0.26485422486709104,0.2219653481270465,5,1,1,DE,0.6793155947194451,0.3357696155989644,FALSE,TRUE
agr_vir,mel_spp,log_damage,69,0.08246460832232806,0.5005421224547768,-0.025850902336782014,0.8330074546909888,32,3,1,DE,0.6258968046107016,0.8890393462621315,FALSE,TRUE
agr_vir,neo_ser,log_damage,0,NA,NA,NA,NA,0,0,0,,NA,NA,TRUE,TRUE
agr_vir,ope_spp,log_damage,23,0.34807558473181294,0.10361336351673263,0.17069989376759426,0.4361350146160603,11,1,1,DE,0.18448863229662615,0.5672138441454773,FALSE,TRUE
agr_vir,pan_fla,log_damage,0,NA,NA,NA,NA,0,0,0,,NA,NA,TRUE,TRUE
agr_vir,pha_cya,log_damage,92,0.3141893770011656,0.002288210303859756,0.423196659688023,2.634879038305083e-5,45,4,1,DE,0.007326377385452313,1.4361096437784957e-4,FALSE,TRUE
agr_vir,pis_pin,log_damage,0,NA,NA,NA,NA,0,0,0,,NA,NA,TRUE,TRUE
agr_vir,pit_bid,log_damage,23,0.38055529464155974,0.07322910738181318,0.3509687580403928,0.10058171132749562,7,1,1,DE,0.13759363860688056,0.18074083778912764,FALSE,TRUE
agr_vir,pit_cha,log_damage,92,-0.008977460568657877,0.9323145464877522,0.15997283540998197,0.12769510625527178,39,4,1,DE,0.9605665024419265,0.21708168063396202,FALSE,TRUE
agr_vir,pit_spp,log_damage,69,0.3019220908247405,0.011693090134553103,0.33544717811720076,0.004837424595462868,35,3,1,DE,0.03014031175476865,0.014272401492398711,FALSE,TRUE
agr_vir,pol_pol,log_damage,0,NA,NA,NA,NA,0,0,0,,NA,NA,TRUE,TRUE
agr_vir,pri_abi,log_damage,46,-0.2888369376251629,0.05155977943425283,-0.30669837529465027,0.03815939996404969,8,2,1,DE,0.1027562730914421,0.08133078081889994,FALSE,TRUE
agr_vir,sap_car,log_damage,0,NA,NA,NA,NA,0,0,0,,NA,NA,TRUE,TRUE
agr_vir,sco_int,log_damage,69,0.11382641483967387,0.35171329411090824,0.13205872924876677,0.27940023175362566,14,3,1,DE,0.4810791034390584,0.41047688368742535,FALSE,TRUE
agr_vir,sco_rat,log_damage,0,NA,NA,NA,NA,0,0,0,,NA,NA,TRUE,TRUE
agr_vir,sco_sco,log_damage,0,NA,NA,NA,NA,0,0,0,,NA,NA,TRUE,TRUE
agr_vir,tet_gab,log_damage,46,-0.25737598054159766,0.08420490779054185,-0.28039224561508896,0.05910207009099276,21,2,1,DE,0.15376548379142424,0.11689439901653416,FALSE,TRUE
agr_vir,tet_spp,log_damage,46,-0.10566801173950098,0.484606702435298,-0.11333559711303574,0.4532870762992104,21,2,1,DE,0.6166675529638466,0.5831476981579031,FALSE,TRUE
agr_vir,tha_pit,log_damage,0,NA,NA,NA,NA,0,0,0,,NA,NA,TRUE,TRUE
agr_vir,tha_pro,log_damage,69,0.47988192743527325,3.0141728006202697e-5,0.510558973762334,7.395420236669593e-6,36,3,1,DE,1.5824407203256417e-4,4.6728584504266274e-5,FALSE,TRUE
agr_vir,tom_spp,log_damage,92,0.0994240869185901,0.3457102877671957,0.19691500758917196,0.05991975032466926,38,4,1,DE,0.47468681820341874,0.11785868245678748,FALSE,TRUE
agr_vir,tor_vir,log_damage,46,-0.17218261195917167,0.2525276773473751,-0.12509936940359004,0.40745737069492294,18,2,1,DE,0.37330178390481533,0.5387491901410647,FALSE,TRUE
agr_vir,uro_sir_spp,log_damage,0,NA,NA,NA,NA,0,0,0,,NA,NA,TRUE,TRUE
agr_vir,xyl_lin,log_damage,46,-0.347072277905876,0.018120003708196466,-0.28057039808943696,0.05893430071982449,21,2,1,DE,0.04356122103586625,0.11688636309431857,FALSE,TRUE
agr_vir,xyl_spp,log_damage,69,-0.3824039346421426,0.0011842431600677082,-0.3628653138850443,0.0021818531893543825,23,3,1,DE,0.004124632274577286,0.007202317235900769,FALSE,TRUE
agr_vir,zei_gri,log_damage,0,NA,NA,NA,NA,0,0,0,,NA,NA,TRUE,TRUE
bup_pin,cep_spp,log_damage,0,NA,NA,NA,NA,0,0,0,,NA,NA,TRUE,TRUE
bup_pin,clo_ana,log_damage,0,NA,NA,NA,NA,0,0,0,,NA,NA,TRUE,TRUE
bup_pin,den_mic,log_damage,0,NA,NA,NA,NA,0,0,0,,NA,NA,TRUE,TRUE
bup_pin,den_pin,log_damage,226,0.24060042795557082,2.614903676007372e-4,0.2541894479133108,1.1165043189021454e-4,74,11,2,"DE,PL",0.0010792145807336784,5.350228749638469e-4,FALSE,TRUE
bup_pin,dip_sp,log_damage,329,0.40917482181489545,1.0360801678852102e-14,0.39045305827460136,1.9972945249800945e-13,112,16,2,"DE,PL",2.311753874593875e-13,4.600220293018669e-12,FALSE,TRUE
bup_pin,era_def,log_damage,23,0.6384885939582579,0.0010427062045916247,0.5022327465095217,0.014600713514163465,12,1,1,DE,0.0037224611503921,0.036450732339554946,FALSE,TRUE
bup_pin,geo_db,log_damage,306,0.16977939478189352,0.002887839105850307,0.17610834634917047,0.0019865699393111064,88,15,2,"DE,PL",0.009004004897716677,0.006632538277093938,FALSE,TRUE
bup_pin,ips_acu,log_damage,169,-0.2960293008784381,9.315075054874367e-5,-0.270894484756915,3.6756954778386394e-4,24,8,2,"DE,PL",4.1568522432376866e-4,0.001534764076711572,FALSE,TRUE
bup_pin,ips_ami,log_damage,0,NA,NA,NA,NA,0,0,0,,NA,NA,TRUE,TRUE
bup_pin,ips_cem,log_damage,138,0.19094575058296462,0.024872029933149322,0.2367703852399221,0.005174042657184692,43,6,1,DE,0.056020912846273245,0.015064230092021647,FALSE,TRUE
bup_pin,ips_dup,log_damage,0,NA,NA,NA,NA,0,0,0,,NA,NA,TRUE,TRUE
bup_pin,ips_sex,log_damage,69,0.08042974603095243,0.5112067636625623,0.08912100941255162,0.46647814646225805,26,3,1,DE,0.6370010981763866,0.596891391709771,FALSE,TRUE
bup_pin,ips_typ,log_damage,398,0.08722859421459683,0.08220274530398118,0.022827293634424126,0.6498073146742576,149,19,2,"DE,PL",0.15127000037897567,0.7519650286505996,FALSE,TRUE
bup_pin,lym_dis,log_damage,69,0.277202676587961,0.02111388838832385,0.3047370354563331,0.010897782684004756,13,3,1,DE,0.04942726658774829,0.0288404849261803,FALSE,TRUE
bup_pin,lym_mon,log_damage,306,0.3729097715560024,1.570026330438655e-11,0.38060052096825064,5.515362034481677e-12,116,15,2,"DE,PL",2.1150920753456595e-10,1.0097355109281839e-10,FALSE,TRUE
bup_pin,mel_spp,log_damage,329,0.1907678738119722,5.03195391063575e-4,0.20572377365307656,1.7157919932541296e-4,114,16,2,"DE,PL",0.0019849807139192955,7.753642298629421e-4,FALSE,TRUE
bup_pin,neo_ser,log_damage,23,-0.10471678397764954,0.6344243063239201,-0.06125250648702454,0.7812922069050181,3,1,1,DE,0.7294347096864395,0.8516520861928524,FALSE,TRUE
bup_pin,ope_spp,log_damage,23,0.4413253268862017,0.03502243825261316,0.40507905767036095,0.05517770031522394,4,1,1,DE,0.07393103974268077,0.11035540063044788,FALSE,TRUE
bup_pin,pan_fla,log_damage,286,0.3318666653567293,8.839307323955785e-9,0.3062508025633889,1.2639808290850864e-7,79,14,2,"DE,PL",7.88908178663054e-8,1.1281028899584396e-6,FALSE,TRUE
bup_pin,pha_cya,log_damage,398,0.2971360239744392,1.4821451104783232e-9,0.349189039993256,7.42510370097712e-13,147,19,2,"DE,PL",1.533697983886265e-8,1.6065224371205043e-11,FALSE,TRUE
bup_pin,pis_pin,log_damage,69,0.3858086560050496,0.0010604942818689604,0.3702771614254133,0.0017380756601191674,27,3,1,DE,0.0037484797883883055,0.005909457244405169,FALSE,TRUE
bup_pin,pit_bid,log_damage,69,-0.13368143139412522,0.2734820908677144,-0.18163499983970519,0.13526313305862933,23,3,1,DE,0.3936818808055405,0.2251232564192572,FALSE,TRUE
bup_pin,pit_cha,log_damage,138,0.17898724122707813,0.03568558486704361,0.12057087487546966,0.15893923110928104,46,6,1,DE,0.07493972822079159,0.25501710339781275,FALSE,TRUE
bup_pin,pit_spp,log_damage,0,NA,NA,NA,NA,0,0,0,,NA,NA,TRUE,TRUE
bup_pin,pol_pol,log_damage,0,NA,NA,NA,NA,0,0,0,,NA,NA,TRUE,TRUE
bup_pin,pri_abi,log_damage,46,0.22447424026464077,0.1336731765172377,0.22612582705311968,0.1307624691124617,11,2,1,DE,0.22563273766739414,0.22019906355258878,FALSE,TRUE
bup_pin,sap_car,log_damage,0,NA,NA,NA,NA,0,0,0,,NA,NA,TRUE,TRUE
bup_pin,sco_int,log_damage,69,0.039352537387503536,0.7481806317690582,-0.006434283054186215,0.9581531825051548,16,3,1,DE,0.8191543999199381,0.9662731247297748,FALSE,TRUE
bup_pin,sco_rat,log_damage,46,-0.1272064088708274,0.39954039155883025,-0.14832168823143477,0.32524486326165725,16,2,1,DE,0.5332183917252427,0.45713549678902216,FALSE,TRUE
bup_pin,sco_sco,log_damage,23,0.14188701510890442,0.5184095096970002,0.11499514153572077,0.6013354550965073,10,1,1,DE,0.6426117880619064,0.7203918035887689,FALSE,TRUE
bup_pin,tet_gab,log_damage,92,0.11250882835737855,0.2856168015750482,0.2125399687514273,0.041947457293746715,23,4,1,DE,0.4067133970114853,0.08731919681555439,FALSE,TRUE
bup_pin,tet_spp,log_damage,46,0.3191069864240592,0.030649710939424316,0.3095892491874558,0.03628721675773318,11,2,1,DE,0.06651639395364425,0.07827514430520087,FALSE,TRUE
bup_pin,tha_pit,log_damage,23,-0.6439950439766441,9.127783342963386e-4,-0.6943787330028675,2.3693764692776786e-4,3,1,1,DE,0.0033082422877542426,0.0010378741098553757,FALSE,TRUE
bup_pin,tha_pro,log_damage,46,-0.1698201214432936,0.2591942949626296,-0.14410124016431802,0.339353084116116,16,2,1,DE,0.3797562596716803,0.47262988960194713,FALSE,TRUE
bup_pin,tom_spp,log_damage,278,0.3995183201178965,4.46372262440099e-12,0.4420003635253795,1.0049804325903014e-14,95,13,2,"DE,PL",6.639787403796472e-11,2.5627001031052687e-13,FALSE,TRUE
bup_pin,tor_vir,log_damage,312,0.07496599988564157,0.18659883602307428,0.09806261129748864,0.0837466654943695,79,15,2,"DE,PL",0.2915351617515865,0.15571645615359328,FALSE,TRUE
bup_pin,uro_sir_spp,log_damage,23,0.19562059526338096,0.3710373639213793,0.22669456501969745,0.2982560341755917,4,1,1,DE,0.5017437080300471,0.42848049980155434,FALSE,TRUE
bup_pin,xyl_lin,log_damage,115,0.015938260716537412,0.8657475881795658,0.11143378082125246,0.23576592944436198,35,5,1,DE,0.913063187533545,0.353648894166543,FALSE,TRUE
bup_pin,xyl_spp,log_damage,92,0.23154379571275774,0.026364698345104434,0.20399799351291117,0.05111772169422644,31,4,1,DE,0.05901064143700491,0.10339391866764214,FALSE,TRUE
bup_pin,zei_gri,log_damage,0,NA,NA,NA,NA,0,0,0,,NA,NA,TRUE,TRUE
cep_spp,clo_ana,log_damage,0,NA,NA,NA,NA,0,0,0,,NA,NA,TRUE,TRUE
cep_spp,den_mic,log_damage,0,NA,NA,NA,NA,0,0,0,,NA,NA,TRUE,TRUE
cep_spp,den_pin,log_damage,0,NA,NA,NA,NA,0,0,0,,NA,NA,TRUE,TRUE
cep_spp,dip_sp,log_damage,0,NA,NA,NA,NA,0,0,0,,NA,NA,TRUE,TRUE
cep_spp,era_def,log_damage,0,NA,NA,NA,NA,0,0,0,,NA,NA,TRUE,TRUE
cep_spp,geo_db,log_damage,0,NA,NA,NA,NA,0,0,0,,NA,NA,TRUE,TRUE
cep_spp,ips_acu,log_damage,138,0.0027193977899604314,0.974747044981616,0.03596559277598449,0.6753677457789014,90,6,1,CZ,0.9830076131594263,0.7703704602193704,FALSE,TRUE
cep_spp,ips_ami,log_damage,0,NA,NA,NA,NA,0,0,0,,NA,NA,TRUE,TRUE
cep_spp,ips_cem,log_damage,0,NA,NA,NA,NA,0,0,0,,NA,NA,TRUE,TRUE
cep_spp,ips_dup,log_damage,138,-0.41454782703933574,4.3069722589955974e-7,-0.4192202827410048,3.0931697655858123e-7,88,6,1,CZ,2.985609896041608e-6,2.509685468895761e-6,FALSE,TRUE
cep_spp,ips_sex,log_damage,138,-0.1679164933547508,0.048995482862288976,-0.08726615562610736,0.3087902793120555,85,6,1,CZ,0.09910134493958733,0.43857390366618115,FALSE,TRUE
cep_spp,ips_typ,log_damage,138,-0.37962087920315235,4.388752856807737e-6,-0.3847158264371981,3.179483491447482e-6,93,6,1,CZ,2.8218177288223937e-5,2.1416520876353794e-5,FALSE,TRUE
cep_spp,lym_dis,log_damage,0,NA,NA,NA,NA,0,0,0,,NA,NA,TRUE,TRUE
cep_spp,lym_mon,log_damage,115,0.18181685869382222,0.051809885592323746,0.1902347987691173,0.04171113990345966,65,5,1,CZ,0.1027562730914421,0.08708115172827544,FALSE,TRUE
cep_spp,mel_spp,log_damage,0,NA,NA,NA,NA,0,0,0,,NA,NA,TRUE,TRUE
cep_spp,neo_ser,log_damage,0,NA,NA,NA,NA,0,0,0,,NA,NA,TRUE,TRUE
cep_spp,ope_spp,log_damage,0,NA,NA,NA,NA,0,0,0,,NA,NA,TRUE,TRUE
cep_spp,pan_fla,log_damage,0,NA,NA,NA,NA,0,0,0,,NA,NA,TRUE,TRUE
cep_spp,pha_cya,log_damage,138,0.10461389004914226,0.22204425094068764,0.11583235066920143,0.1760864270061448,86,6,1,CZ,0.33967104819505567,0.27815422319112254,FALSE,TRUE
cep_spp,pis_pin,log_damage,0,NA,NA,NA,NA,0,0,0,,NA,NA,TRUE,TRUE
cep_spp,pit_bid,log_damage,0,NA,NA,NA,NA,0,0,0,,NA,NA,TRUE,TRUE
cep_spp,pit_cha,log_damage,0,NA,NA,NA,NA,0,0,0,,NA,NA,TRUE,TRUE
cep_spp,pit_spp,log_damage,138,-0.3577163389681335,1.6518277972175185e-5,-0.3498148416208812,2.6029947609471334e-5,76,6,1,CZ,9.072346517025448e-5,1.4296448148586565e-4,FALSE,TRUE
cep_spp,pol_pol,log_damage,138,-0.1973999311485671,0.02030221079847362,-0.1787910590762436,0.035891733292710254,84,6,1,CZ,0.04831926170036722,0.07765665930604582,FALSE,TRUE
cep_spp,pri_abi,log_damage,138,0.42048868460536215,2.824876866213488e-7,0.38752334014429746,2.6558951066308474e-6,73,6,1,CZ,2.037335436844879e-6,1.82337414051387e-5,FALSE,TRUE
cep_spp,sap_car,log_damage,0,NA,NA,NA,NA,0,0,0,,NA,NA,TRUE,TRUE
cep_spp,sco_int,log_damage,138,-0.21005334097423448,0.013406822863113154,-0.18982550124740452,0.02574893512433636,55,6,1,CZ,0.033824987718243084,0.058550126365529184,FALSE,TRUE
cep_spp,sco_rat,log_damage,138,-0.2412581498862442,0.004363748615613764,-0.24011609994991234,0.004558366976167964,44,6,1,CZ,0.012928284280283102,0.013675100928503891,FALSE,TRUE
cep_spp,sco_sco,log_damage,0,NA,NA,NA,NA,0,0,0,,NA,NA,TRUE,TRUE
cep_spp,tet_gab,log_damage,0,NA,NA,NA,NA,0,0,0,,NA,NA,TRUE,TRUE
cep_spp,tet_spp,log_damage,0,NA,NA,NA,NA,0,0,0,,NA,NA,TRUE,TRUE
cep_spp,tha_pit,log_damage,0,NA,NA,NA,NA,0,0,0,,NA,NA,TRUE,TRUE
cep_spp,tha_pro,log_damage,0,NA,NA,NA,NA,0,0,0,,NA,NA,TRUE,TRUE
cep_spp,tom_spp,log_damage,138,0.03347062459874155,0.6967409420926101,0.02037556473178719,0.8124968878571703,91,6,1,CZ,0.7760889744994127,0.8738037022239873,FALSE,TRUE
cep_spp,tor_vir,log_damage,0,NA,NA,NA,NA,0,0,0,,NA,NA,TRUE,TRUE
cep_spp,uro_sir_spp,log_damage,0,NA,NA,NA,NA,0,0,0,,NA,NA,TRUE,TRUE
cep_spp,xyl_lin,log_damage,0,NA,NA,NA,NA,0,0,0,,NA,NA,TRUE,TRUE
cep_spp,xyl_spp,log_damage,0,NA,NA,NA,NA,0,0,0,,NA,NA,TRUE,TRUE
cep_spp,zei_gri,log_damage,115,0.17655461044425813,0.05909178730589557,0.24675987479986375,0.007847999709474343,51,5,1,CZ,0.1159108135615644,0.02163502622611846,FALSE,TRUE
clo_ana,den_mic,log_damage,0,NA,NA,NA,NA,0,0,0,,NA,NA,TRUE,TRUE
clo_ana,den_pin,log_damage,0,NA,NA,NA,NA,0,0,0,,NA,NA,TRUE,TRUE
clo_ana,dip_sp,log_damage,0,NA,NA,NA,NA,0,0,0,,NA,NA,TRUE,TRUE
clo_ana,era_def,log_damage,0,NA,NA,NA,NA,0,0,0,,NA,NA,TRUE,TRUE
clo_ana,geo_db,log_damage,0,NA,NA,NA,NA,0,0,0,,NA,NA,TRUE,TRUE
clo_ana,ips_acu,log_damage,0,NA,NA,NA,NA,0,0,0,,NA,NA,TRUE,TRUE
clo_ana,ips_ami,log_damage,0,NA,NA,NA,NA,0,0,0,,NA,NA,TRUE,TRUE
clo_ana,ips_cem,log_damage,0,NA,NA,NA,NA,0,0,0,,NA,NA,TRUE,TRUE
clo_ana,ips_dup,log_damage,0,NA,NA,NA,NA,0,0,0,,NA,NA,TRUE,TRUE
clo_ana,ips_sex,log_damage,0,NA,NA,NA,NA,0,0,0,,NA,NA,TRUE,TRUE
clo_ana,ips_typ,log_damage,0,NA,NA,NA,NA,0,0,0,,NA,NA,TRUE,TRUE
clo_ana,lym_dis,log_damage,0,NA,NA,NA,NA,0,0,0,,NA,NA,TRUE,TRUE
clo_ana,lym_mon,log_damage,0,NA,NA,NA,NA,0,0,0,,NA,NA,TRUE,TRUE
clo_ana,mel_spp,log_damage,0,NA,NA,NA,NA,0,0,0,,NA,NA,TRUE,TRUE
clo_ana,neo_ser,log_damage,0,NA,NA,NA,NA,0,0,0,,NA,NA,TRUE,TRUE
clo_ana,ope_spp,log_damage,0,NA,NA,NA,NA,0,0,0,,NA,NA,TRUE,TRUE
clo_ana,pan_fla,log_damage,0,NA,NA,NA,NA,0,0,0,,NA,NA,TRUE,TRUE
clo_ana,pha_cya,log_damage,0,NA,NA,NA,NA,0,0,0,,NA,NA,TRUE,TRUE
clo_ana,pis_pin,log_damage,0,NA,NA,NA,NA,0,0,0,,NA,NA,TRUE,TRUE
clo_ana,pit_bid,log_damage,0,NA,NA,NA,NA,0,0,0,,NA,NA,TRUE,TRUE
clo_ana,pit_cha,log_damage,0,NA,NA,NA,NA,0,0,0,,NA,NA,TRUE,TRUE
clo_ana,pit_spp,log_damage,0,NA,NA,NA,NA,0,0,0,,NA,NA,TRUE,TRUE
clo_ana,pol_pol,log_damage,0,NA,NA,NA,NA,0,0,0,,NA,NA,TRUE,TRUE
clo_ana,pri_abi,log_damage,0,NA,NA,NA,NA,0,0,0,,NA,NA,TRUE,TRUE
clo_ana,sap_car,log_damage,0,NA,NA,NA,NA,0,0,0,,NA,NA,TRUE,TRUE
clo_ana,sco_int,log_damage,0,NA,NA,NA,NA,0,0,0,,NA,NA,TRUE,TRUE
clo_ana,sco_rat,log_damage,0,NA,NA,NA,NA,0,0,0,,NA,NA,TRUE,TRUE
clo_ana,sco_sco,log_damage,0,NA,NA,NA,NA,0,0,0,,NA,NA,TRUE,TRUE
clo_ana,tet_gab,log_damage,0,NA,NA,NA,NA,0,0,0,,NA,NA,TRUE,TRUE
clo_ana,tet_spp,log_damage,0,NA,NA,NA,NA,0,0,0,,NA,NA,TRUE,TRUE
clo_ana,tha_pit,log_damage,0,NA,NA,NA,NA,0,0,0,,NA,NA,TRUE,TRUE
clo_ana,tha_pro,log_damage,0,NA,NA,NA,NA,0,0,0,,NA,NA,TRUE,TRUE
clo_ana,tom_spp,log_damage,0,NA,NA,NA,NA,0,0,0,,NA,NA,TRUE,TRUE
clo_ana,tor_vir,log_damage,0,NA,NA,NA,NA,0,0,0,,NA,NA,TRUE,TRUE
clo_ana,uro_sir_spp,log_damage,0,NA,NA,NA,NA,0,0,0,,NA,NA,TRUE,TRUE
clo_ana,xyl_lin,log_damage,0,NA,NA,NA,NA,0,0,0,,NA,NA,TRUE,TRUE
clo_ana,xyl_spp,log_damage,0,NA,NA,NA,NA,0,0,0,,NA,NA,TRUE,TRUE
clo_ana,zei_gri,log_damage,0,NA,NA,NA,NA,0,0,0,,NA,NA,TRUE,TRUE
den_mic,den_pin,log_damage,0,NA,NA,NA,NA,0,0,0,,NA,NA,TRUE,TRUE
den_mic,dip_sp,log_damage,0,NA,NA,NA,NA,0,0,0,,NA,NA,TRUE,TRUE
den_mic,era_def,log_damage,0,NA,NA,NA,NA,0,0,0,,NA,NA,TRUE,TRUE
den_mic,geo_db,log_damage,0,NA,NA,NA,NA,0,0,0,,NA,NA,TRUE,TRUE
den_mic,ips_acu,log_damage,0,NA,NA,NA,NA,0,0,0,,NA,NA,TRUE,TRUE
den_mic,ips_ami,log_damage,0,NA,NA,NA,NA,0,0,0,,NA,NA,TRUE,TRUE
den_mic,ips_cem,log_damage,0,NA,NA,NA,NA,0,0,0,,NA,NA,TRUE,TRUE
den_mic,ips_dup,log_damage,0,NA,NA,NA,NA,0,0,0,,NA,NA,TRUE,TRUE
den_mic,ips_sex,log_damage,0,NA,NA,NA,NA,0,0,0,,NA,NA,TRUE,TRUE
den_mic,ips_typ,log_damage,0,NA,NA,NA,NA,0,0,0,,NA,NA,TRUE,TRUE
den_mic,lym_dis,log_damage,0,NA,NA,NA,NA,0,0,0,,NA,NA,TRUE,TRUE
den_mic,lym_mon,log_damage,0,NA,NA,NA,NA,0,0,0,,NA,NA,TRUE,TRUE
den_mic,mel_spp,log_damage,0,NA,NA,NA,NA,0,0,0,,NA,NA,TRUE,TRUE
den_mic,neo_ser,log_damage,0,NA,NA,NA,NA,0,0,0,,NA,NA,TRUE,TRUE
den_mic,ope_spp,log_damage,0,NA,NA,NA,NA,0,0,0,,NA,NA,TRUE,TRUE
den_mic,pan_fla,log_damage,0,NA,NA,NA,NA,0,0,0,,NA,NA,TRUE,TRUE
den_mic,pha_cya,log_damage,0,NA,NA,NA,NA,0,0,0,,NA,NA,TRUE,TRUE
den_mic,pis_pin,log_damage,0,NA,NA,NA,NA,0,0,0,,NA,NA,TRUE,TRUE
den_mic,pit_bid,log_damage,0,NA,NA,NA,NA,0,0,0,,NA,NA,TRUE,TRUE
den_mic,pit_cha,log_damage,0,NA,NA,NA,NA,0,0,0,,NA,NA,TRUE,TRUE
den_mic,pit_spp,log_damage,0,NA,NA,NA,NA,0,0,0,,NA,NA,TRUE,TRUE
den_mic,pol_pol,log_damage,0,NA,NA,NA,NA,0,0,0,,NA,NA,TRUE,TRUE
den_mic,pri_abi,log_damage,0,NA,NA,NA,NA,0,0,0,,NA,NA,TRUE,TRUE
den_mic,sap_car,log_damage,0,NA,NA,NA,NA,0,0,0,,NA,NA,TRUE,TRUE
den_mic,sco_int,log_damage,0,NA,NA,NA,NA,0,0,0,,NA,NA,TRUE,TRUE
den_mic,sco_rat,log_damage,0,NA,NA,NA,NA,0,0,0,,NA,NA,TRUE,TRUE
den_mic,sco_sco,log_damage,0,NA,NA,NA,NA,0,0,0,,NA,NA,TRUE,TRUE
den_mic,tet_gab,log_damage,0,NA,NA,NA,NA,0,0,0,,NA,NA,TRUE,TRUE
den_mic,tet_spp,log_damage,0,NA,NA,NA,NA,0,0,0,,NA,NA,TRUE,TRUE
den_mic,tha_pit,log_damage,0,NA,NA,NA,NA,0,0,0,,NA,NA,TRUE,TRUE
den_mic,tha_pro,log_damage,0,NA,NA,NA,NA,0,0,0,,NA,NA,TRUE,TRUE
den_mic,tom_spp,log_damage,0,NA,NA,NA,NA,0,0,0,,NA,NA,TRUE,TRUE
den_mic,tor_vir,log_damage,0,NA,NA,NA,NA,0,0,0,,NA,NA,TRUE,TRUE
den_mic,uro_sir_spp,log_damage,0,NA,NA,NA,NA,0,0,0,,NA,NA,TRUE,TRUE
den_mic,xyl_lin,log_damage,0,NA,NA,NA,NA,0,0,0,,NA,NA,TRUE,TRUE
den_mic,xyl_spp,log_damage,0,NA,NA,NA,NA,0,0,0,,NA,NA,TRUE,TRUE
den_mic,zei_gri,log_damage,0,NA,NA,NA,NA,0,0,0,,NA,NA,TRUE,TRUE
den_pin,dip_sp,log_damage,246,0.365249596735725,3.5305784062966203e-9,0.3540170765874961,1.1280599638395496e-8,130,12,2,"DE,PL",3.501156919577482e-8,1.184462962031527e-7,FALSE,TRUE
den_pin,era_def,log_damage,23,0.5818147233312995,0.003587969120116551,0.5600605613703058,0.005448417805989481,13,1,1,DE,0.010901318943673266,0.015623173949704779,FALSE,TRUE
den_pin,geo_db,log_damage,223,0.18761783517042707,0.004938906844957147,0.18844139575707702,0.004749412479134193,101,11,2,"DE,PL",0.01439338566244654,0.014129502125424225,FALSE,TRUE
den_pin,ips_acu,log_damage,126,-0.30404689031335835,5.377283517049654e-4,-0.30632282837149055,4.858366532416935e-4,23,6,2,"DE,PL",0.00208661979955079,0.0019822135452261095,FALSE,TRUE
den_pin,ips_ami,log_damage,0,NA,NA,NA,NA,0,0,0,,NA,NA,TRUE,TRUE
den_pin,ips_cem,log_damage,46,0.16834782007510332,0.26340791867384244,0.2015234294257064,0.17926900630905493,24,2,1,DE,0.3833517716286865,0.2825564470301661,FALSE,TRUE
den_pin,ips_dup,log_damage,0,NA,NA,NA,NA,0,0,0,,NA,NA,TRUE,TRUE
den_pin,ips_sex,log_damage,46,0.1469648381386426,0.3297398172152989,0.2076395734275234,0.16615400597594893,23,2,1,DE,0.4580432480383724,0.2636310228151723,FALSE,TRUE
den_pin,ips_typ,log_damage,246,-0.2566109461644424,4.647313958657806e-5,-0.24254392057123428,1.2188339776459922e-4,152,12,2,"DE,PL",2.2727275112888174e-4,5.687891895681297e-4,FALSE,TRUE
den_pin,lym_dis,log_damage,23,-0.21141109938117303,0.33286678161450267,-0.06995637842038072,0.7511083856162338,2,1,1,DE,0.4605947326991374,0.831459515240296,FALSE,TRUE
den_pin,lym_mon,log_damage,223,0.353011005931652,6.048100277370743e-8,0.35743417851633785,4.017590906521681e-8,134,11,2,"DE,PL",4.852071458474955e-7,3.725402476956468e-7,FALSE,TRUE
den_pin,mel_spp,log_damage,223,0.05648496811283283,0.4012277739828436,0.04610373501765456,0.49336236847690185,126,11,2,"DE,PL",0.5335696303492196,0.6267984539012597,FALSE,TRUE
den_pin,neo_ser,log_damage,0,NA,NA,NA,NA,0,0,0,,NA,NA,TRUE,TRUE
den_pin,ope_spp,log_damage,0,NA,NA,NA,NA,0,0,0,,NA,NA,TRUE,TRUE
den_pin,pan_fla,log_damage,223,0.24136456414224405,2.7474180544804756e-4,0.22392733958338984,7.570802753985175e-4,86,11,2,"DE,PL",0.001127388787873023,0.0029378006338833776,FALSE,TRUE
den_pin,pha_cya,log_damage,246,0.22758985391640044,3.1972769968766546e-4,0.09569267678925944,0.13447828060989075,152,12,2,"DE,PL",0.0012970771453238246,0.22433993540995795,FALSE,TRUE
den_pin,pis_pin,log_damage,23,0.19181278450761544,0.38060379589426363,0.23371598576278899,0.28313245759908945,16,1,1,DE,0.5117723357222302,0.4142552760773563,FALSE,TRUE
den_pin,pit_bid,log_damage,46,-0.09488332287565165,0.5305036815922302,-0.03692817037505479,0.8075024341835085,21,2,1,DE,0.6485952545494046,0.8735708151621592,FALSE,TRUE
den_pin,pit_cha,log_damage,46,-0.39073292822666206,0.00725727598357277,-0.5005894420901786,3.956378858649324e-4,24,2,1,DE,0.020084089349887434,0.0016328638757662527,FALSE,TRUE
den_pin,pit_spp,log_damage,0,NA,NA,NA,NA,0,0,0,,NA,NA,TRUE,TRUE
den_pin,pol_pol,log_damage,0,NA,NA,NA,NA,0,0,0,,NA,NA,TRUE,TRUE
den_pin,pri_abi,log_damage,23,-0.024604391140087157,0.911271724285843,0.11881881617531605,0.5892132573665934,4,1,1,DE,0.9484664885424081,0.7113517403479503,FALSE,TRUE
den_pin,sap_car,log_damage,0,NA,NA,NA,NA,0,0,0,,NA,NA,TRUE,TRUE
den_pin,sco_int,log_damage,46,0.35121740145593655,0.016697001006114345,0.3084425888871344,0.0370205641313451,16,2,1,DE,0.04082759835056726,0.07961651442704941,FALSE,TRUE
den_pin,sco_rat,log_damage,23,-0.0636657429385144,0.772890787119622,-0.181909986685894,0.406130192557678,16,1,1,DE,0.8412256432978812,0.5387491901410647,FALSE,TRUE
den_pin,sco_sco,log_damage,23,0.3889803160266237,0.06658463381488253,0.35381859300921004,0.09765997707618959,12,1,1,DE,0.12711611910113937,0.17652968008202372,FALSE,TRUE
den_pin,tet_gab,log_damage,23,0.25371012771084334,0.24275308790043126,0.19030816564928071,0.3844221961478319,9,1,1,DE,0.3626060769056651,0.520066891934207,FALSE,TRUE
den_pin,tet_spp,log_damage,0,NA,NA,NA,NA,0,0,0,,NA,NA,TRUE,TRUE
den_pin,tha_pit,log_damage,23,-0.4611382127148967,0.02677934255168621,-0.458257657463047,0.027870574201340006,7,1,1,DE,0.0595652666102927,0.06179996888123219,FALSE,TRUE
den_pin,tha_pro,log_damage,23,0.10888902721121103,0.6209062776395102,0.1730351642990524,0.42978884131701844,11,1,1,DE,0.7208570442839192,0.5610784737014405,FALSE,TRUE
den_pin,tom_spp,log_damage,146,0.307455743068003,1.6005597908273937e-4,0.3715425560509196,3.890401350289098e-6,73,7,2,"DE,PL",6.926058731216722e-4,2.5483913432168956e-5,FALSE,TRUE
den_pin,tor_vir,log_damage,226,0.1012234325518925,0.12922043368560637,0.12121600040718165,0.06892912014447447,96,11,2,"DE,PL",0.21967473726553083,0.1319447500888868,FALSE,TRUE
den_pin,uro_sir_spp,log_damage,0,NA,NA,NA,NA,0,0,0,,NA,NA,TRUE,TRUE
den_pin,xyl_lin,log_damage,46,0.17672484518082887,0.24003669632682242,0.2677504059895694,0.07201860407728311,24,2,1,DE,0.3600550444902336,0.13603801112388958,FALSE,TRUE
den_pin,xyl_spp,log_damage,46,0.16795189450575207,0.26454877083575423,0.38354142964143445,0.008508786811049013,23,2,1,DE,0.38391833816408233,0.022982503274085752,FALSE,TRUE
den_pin,zei_gri,log_damage,0,NA,NA,NA,NA,0,0,0,,NA,NA,TRUE,TRUE
dip_sp,era_def,log_damage,23,0.2417652336495331,0.266398631817249,0.13451555674284013,0.540584265215666,14,1,1,DE,0.3858187081491192,0.6689378949115867,FALSE,TRUE
dip_sp,geo_db,log_damage,326,0.1003357835115793,0.07041695849910394,0.10299940059836533,0.06323972081514956,149,16,2,"DE,PL",0.13300981049830743,0.12336929142627537,FALSE,TRUE
dip_sp,ips_acu,log_damage,189,-0.2878003527962787,5.928298215288817e-5,-0.27854576750474747,1.0400200692751284e-4,39,9,2,"DE,PL",2.8031820700107383e-4,5.051526050764909e-4,FALSE,TRUE
dip_sp,ips_ami,log_damage,0,NA,NA,NA,NA,0,0,0,,NA,NA,TRUE,TRUE
dip_sp,ips_cem,log_damage,92,0.2756958149584877,0.007814368844235302,0.3379929054887131,9.837627797307331e-4,43,4,1,DE,0.02105456360295851,0.0037164371678716584,FALSE,TRUE
dip_sp,ips_dup,log_damage,0,NA,NA,NA,NA,0,0,0,,NA,NA,TRUE,TRUE
dip_sp,ips_sex,log_damage,69,0.1497741151502378,0.2193227103328863,0.20414947932759786,0.09245572691404286,36,3,1,DE,0.33676648425307704,0.1692651000426323,FALSE,TRUE
dip_sp,ips_typ,log_damage,435,-0.17892899242563315,1.758223035791233e-4,-0.22929688074989832,1.34390671075407e-6,281,21,3,"AT,DE,PL",7.517193099131379e-4,9.892261767818618e-6,FALSE,TRUE
dip_sp,lym_dis,log_damage,111,-0.0517490122786005,0.5896112221532269,-0.020395005349937684,0.8317447364320282,28,5,2,"AT,DE",0.694690449863703,0.889020571575551,FALSE,TRUE
dip_sp,lym_mon,log_damage,326,0.32933781559036096,1.0987549613329274e-9,0.3471199352798822,1.1572967414800419e-10,195,16,2,"DE,PL",1.2257985037370471e-8,1.5890574488783651e-9,FALSE,TRUE
dip_sp,mel_spp,log_damage,326,-0.04864365945750527,0.3813405926745004,-0.05612610322905426,0.3123577096509123,199,16,2,"DE,PL",0.5117992164841979,0.44250675533879247,FALSE,TRUE
dip_sp,neo_ser,log_damage,23,-0.10657455091261388,0.6283908692316446,-0.0812163723180733,0.7125835700885496,4,1,1,DE,0.7271816541837832,0.7993624290889244,FALSE,TRUE
dip_sp,ope_spp,log_damage,23,0.16639313588096616,0.44796887076719993,0.0976516768403175,0.657573042336308,3,1,1,DE,0.576916415809378,0.7580543089575812,FALSE,TRUE
dip_sp,pan_fla,log_damage,283,0.28917021880439964,7.451829142766676e-7,0.30452353757768774,1.7432263852400825e-7,124,14,2,"DE,PL",5.115967315322506e-6,1.4817424274540702e-6,FALSE,TRUE
dip_sp,pha_cya,log_damage,435,0.2452309199212236,2.2275058399004115e-7,0.29176990402576897,5.528494105897391e-10,273,21,3,"AT,DE,PL",1.6396280099885501e-6,6.9251663010714694e-9,FALSE,TRUE
dip_sp,pis_pin,log_damage,46,-0.11356706432614737,0.4523590960524775,-0.22440260378102936,0.13380051252229305,29,2,1,DE,0.5807961006625886,0.22373200454547365,FALSE,TRUE
dip_sp,pit_bid,log_damage,69,0.05675237013271217,0.6432339967655251,0.07044495538609853,0.565166279242144,30,3,1,DE,0.7348305179049359,0.6899768288533213,FALSE,TRUE
dip_sp,pit_cha,log_damage,155,-0.18314057109317372,0.022551261900634712,-0.22170646823728765,0.005563261569847206,80,7,2,"AT,DE",0.051940648377590916,0.015888675043483617,FALSE,TRUE
dip_sp,pit_spp,log_damage,86,-0.17368734364919494,0.10974906138697221,-0.3608259653941754,6.42662197032342e-4,43,4,2,"AT,DE",0.19396245007499544,0.0025492267148949565,FALSE,TRUE
dip_sp,pol_pol,log_damage,0,NA,NA,NA,NA,0,0,0,,NA,NA,TRUE,TRUE
dip_sp,pri_abi,log_damage,46,0.09632411517625133,0.5242511343579719,0.06944172814377086,0.646543387625754,10,2,1,DE,0.6457177916615349,0.7494025629298513,FALSE,TRUE
dip_sp,sap_car,log_damage,0,NA,NA,NA,NA,0,0,0,,NA,NA,TRUE,TRUE
dip_sp,sco_int,log_damage,92,0.19451590519637535,0.06316747918278973,0.1795209558271694,0.08684102297351161,26,4,1,DE,0.12202596719630203,0.160633394826651,FALSE,TRUE
dip_sp,sco_rat,log_damage,46,0.2584672458592851,0.08285189538816114,0.2515815358982487,0.091680560956719,27,2,1,DE,0.15207263060963253,0.1682774306506359,FALSE,TRUE
dip_sp,sco_sco,log_damage,23,-0.0701856352014126,0.7503178957249854,-0.10920878249133968,0.6198750785211896,13,1,1,DE,0.8191543999199381,0.7364239701566213,FALSE,TRUE
dip_sp,tet_gab,log_damage,132,-0.23685663924214734,0.006249106292244701,-0.23910935099459057,0.005758941761379137,52,6,2,"AT,DE",0.017624870822960683,0.016382009631970933,FALSE,TRUE
dip_sp,tet_spp,log_damage,23,0.46054868064118415,0.026999846227809196,0.5116107850717422,0.012583489533182383,6,1,1,DE,0.059869224244272566,0.032552940314102254,FALSE,TRUE
dip_sp,tha_pit,log_damage,23,-0.31652171728521383,0.14116311889951064,-0.33806988608810007,0.11461704837338095,11,1,1,DE,0.23439643463779208,0.1986324576179466,FALSE,TRUE
dip_sp,tha_pro,log_damage,46,-0.36850726659569494,0.011737754917992923,-0.25637050787974575,0.08546677241248696,19,2,1,DE,0.030146607954845132,0.15850201429224853,FALSE,TRUE
dip_sp,tom_spp,log_damage,315,0.18118805650350428,0.0012389518768442553,0.22668645801656298,4.90159960670722e-5,162,15,3,"AT,DE,PL",0.0042942312624601854,2.554556291378799e-4,FALSE,TRUE
dip_sp,tor_vir,log_damage,309,0.14746372322466755,0.009434994804770006,0.16223336168540375,0.004246984815161712,146,15,2,"DE,PL",0.02449667742038467,0.01279471374694288,FALSE,TRUE
dip_sp,uro_sir_spp,log_damage,0,NA,NA,NA,NA,0,0,0,,NA,NA,TRUE,TRUE
dip_sp,xyl_lin,log_damage,69,0.04110833326700828,0.7373422357131978,0.0482279679941183,0.6939339755109557,38,3,1,DE,0.8124419078691717,0.7840483639082815,FALSE,TRUE
dip_sp,xyl_spp,log_damage,92,0.28048851131787106,0.00676575934561338,0.31580506740257785,0.002165351125220973,40,4,1,DE,0.018870125674874817,0.007190980015850116,FALSE,TRUE
dip_sp,zei_gri,log_damage,0,NA,NA,NA,NA,0,0,0,,NA,NA,TRUE,TRUE
era_def,geo_db,log_damage,0,NA,NA,NA,NA,0,0,0,,NA,NA,TRUE,TRUE
era_def,ips_acu,log_damage,23,-0.4806100471538396,0.02026741942177342,-0.47088433423140297,0.023338002579080832,9,1,1,DE,0.04831926170036722,0.053752689811173274,FALSE,TRUE
era_def,ips_ami,log_damage,0,NA,NA,NA,NA,0,0,0,,NA,NA,TRUE,TRUE
era_def,ips_cem,log_damage,46,-0.210132537046008,0.1610131953424544,-0.16752250852216286,0.2657897499865282,25,2,1,DE,0.25776551900114897,0.39128635358841474,FALSE,TRUE
era_def,ips_dup,log_damage,0,NA,NA,NA,NA,0,0,0,,NA,NA,TRUE,TRUE
era_def,ips_sex,log_damage,23,-0.24515057991313133,0.2595532979268627,-0.319904918697222,0.13672970450021596,14,1,1,DE,0.3797562596716803,0.22598381716007915,FALSE,TRUE
era_def,ips_typ,log_damage,46,-0.39861032243466177,0.006072432905111711,-0.30185170266222533,0.04147563619271506,24,2,1,DE,0.017273773283863595,0.08684341419823623,FALSE,TRUE
era_def,lym_dis,log_damage,23,-0.4153738723199613,0.048715785576242177,-0.39956584611150303,0.05889994985983403,7,1,1,DE,0.09887853639300576,0.11688636309431857,FALSE,TRUE
era_def,lym_mon,log_damage,46,0.4782337775826388,7.750851430648308e-4,0.45711282922827146,0.0014049996571652793,19,2,1,DE,0.0029126883797278382,0.0048935110010537046,FALSE,TRUE
era_def,mel_spp,log_damage,46,0.21569788372997628,0.1499570272931796,0.15833899149744735,0.2932581985398233,10,2,1,DE,0.2455718290993813,0.42385901570330736,FALSE,TRUE
era_def,neo_ser,log_damage,0,NA,NA,NA,NA,0,0,0,,NA,NA,TRUE,TRUE
era_def,ope_spp,log_damage,23,0.3780454894957428,0.07530239392714308,0.48195781132099935,0.019868950108247276,8,1,1,DE,0.14111787208393742,0.04728711825670165,FALSE,TRUE
era_def,pan_fla,log_damage,23,0.04387563635587025,0.8424340555845669,-0.08967817351458718,0.6840675656353843,7,1,1,DE,0.8937561897286489,0.77774560806316,FALSE,TRUE
era_def,pha_cya,log_damage,46,-0.029165082063971174,0.8474255383296723,-0.08090870380636968,0.5929781463292284,25,2,1,DE,0.8977178551444897,0.7139393464030023,FALSE,TRUE
era_def,pis_pin,log_damage,23,0.4329519069042692,0.039058197928931414,0.37343672707893977,0.07922473048266823,14,1,1,DE,0.08130482017859193,0.14807973184456835,FALSE,TRUE
era_def,pit_bid,log_damage,23,-0.019891513622879768,0.9282196832920151,-0.013313719454562244,0.9519230226533129,13,1,1,DE,0.9577295576163277,0.9624278468654545,FALSE,TRUE
era_def,pit_cha,log_damage,46,-0.2761265094597788,0.0632347449056467,-0.225249610834314,0.1323007181305156,24,2,1,DE,0.12202596719630203,0.22174345714832897,FALSE,TRUE
era_def,pit_spp,log_damage,23,-0.3935087301823208,0.06320876785313384,-0.3793840914745205,0.07419115858544278,10,1,1,DE,0.12202596719630203,0.1394012821842267,FALSE,TRUE
era_def,pol_pol,log_damage,0,NA,NA,NA,NA,0,0,0,,NA,NA,TRUE,TRUE
era_def,pri_abi,log_damage,23,-0.00881894800160137,0.9681439946681774,0.010603503958982304,0.9617019838678327,6,1,1,DE,0.9788830277290899,0.9684840853055465,FALSE,TRUE
era_def,sap_car,log_damage,0,NA,NA,NA,NA,0,0,0,,NA,NA,TRUE,TRUE
era_def,sco_int,log_damage,23,-0.04978444093327102,0.8215261031065201,-0.12645689792914838,0.5653171496907464,12,1,1,DE,0.8784939887967789,0.6899768288533213,FALSE,TRUE
era_def,sco_rat,log_damage,23,-0.02192888425673699,0.9208889778958111,-0.12339745685021737,0.574836842619358,13,1,1,DE,0.9549792334049537,0.6968310791684577,FALSE,TRUE
era_def,sco_sco,log_damage,23,0.4450825319056422,0.03332226903208346,0.49924589366261285,0.015295937019462953,10,1,1,DE,0.07123383260151973,0.037921177194085234,FALSE,TRUE
era_def,tet_gab,log_damage,23,0.4121561709545922,0.05066878955117164,0.3820437587585406,0.07202012353617684,9,1,1,DE,0.10138948939236395,0.13603801112388958,FALSE,TRUE
era_def,tet_spp,log_damage,0,NA,NA,NA,NA,0,0,0,,NA,NA,TRUE,TRUE
era_def,tha_pit,log_damage,23,-0.5340941073139082,0.008661733643899362,-0.4607790283432619,0.02691351684391275,3,1,1,DE,0.0229054734138672,0.06061908841184134,FALSE,TRUE
era_def,tha_pro,log_damage,46,0.21277107511746424,0.15569959029622077,0.18368864427344747,0.22171484284272314,19,2,1,DE,0.252085050955786,0.3357696155989644,FALSE,TRUE
era_def,tom_spp,log_damage,46,-0.046387719019071995,0.7595108280492712,0.11334152710392802,0.4532632893042745,25,2,1,DE,0.8279247804995109,0.5831476981579031,FALSE,TRUE
era_def,tor_vir,log_damage,46,0.5595094681319475,5.2907518121156175e-5,0.6370253819053867,1.937231920241486e-6,21,2,1,DE,2.5183978625670337e-4,1.3694887040122981e-5,FALSE,TRUE
era_def,uro_sir_spp,log_damage,0,NA,NA,NA,NA,0,0,0,,NA,NA,TRUE,TRUE
era_def,xyl_lin,log_damage,46,-0.0202657985148676,0.893655392949797,-0.07300161058912738,0.629707079096759,25,2,1,DE,0.9355864377802859,0.739491536965602,FALSE,TRUE
era_def,xyl_spp,log_damage,46,-0.09665094751736292,0.5228378849680593,0.06285723288729068,0.678144254275967,23,2,1,DE,0.6457177916615349,0.7722408254434456,FALSE,TRUE
era_def,zei_gri,log_damage,0,NA,NA,NA,NA,0,0,0,,NA,NA,TRUE,TRUE
geo_db,ips_acu,log_damage,247,-0.3379745710316992,5.156222941016419e-8,-0.3236884258002986,1.9706840492291904e-7,61,12,4,"BG,DE,LT,PL",4.2316588274548544e-7,1.65537460135252e-6,FALSE,TRUE
geo_db,ips_ami,log_damage,0,NA,NA,NA,NA,0,0,0,,NA,NA,TRUE,TRUE
geo_db,ips_cem,log_damage,46,-0.37944826061442744,0.009301087013686855,-0.4608043380396176,0.0012697074357040728,32,2,1,DE,0.024237139152454065,0.004555527112319281,FALSE,TRUE
geo_db,ips_dup,log_damage,22,-0.3392287054820189,0.12247743573702376,-0.29597983623215396,0.181082102680553,4,1,1,RO,0.21021367576018019,0.2847855095020151,FALSE,TRUE
geo_db,ips_sex,log_damage,64,-0.17551665811859424,0.16536416450334424,-0.28134246278869834,0.02431721367916693,41,3,2,"BG,DE",0.26354913717720485,0.055548691236992506,FALSE,TRUE
geo_db,ips_typ,log_damage,452,0.017846075460472153,0.7051391829466988,0.01592868570028986,0.7355649999714298,289,22,6,"BG,DE,HR,LT,PL,RO",0.7833316622663697,0.8184553753168307,FALSE,TRUE
geo_db,lym_dis,log_damage,133,0.09352121711922468,0.28430113404300567,0.10714140218575317,0.21963915454141672,52,6,5,"BG,DE,HR,LT,RO",0.40598201941341205,0.3336645879629182,FALSE,TRUE
geo_db,lym_mon,log_damage,346,0.21681089784613392,4.7663581849047534e-5,0.20913899615565165,8.870982616771957e-5,167,17,3,"DE,LT,PL",2.299445772987834e-4,4.429287824038586e-4,FALSE,TRUE
geo_db,mel_spp,log_damage,320,0.1093351556615647,0.05069474469618197,0.09319246471377378,0.09607703294161074,188,16,1,PL,0.10138948939236395,0.17410914091449256,FALSE,TRUE
geo_db,neo_ser,log_damage,41,-0.21848600784970246,0.1699467115292607,-0.23963434567110453,0.131288378501751,15,2,2,"BG,DE",0.26964878229309364,0.2205644758829417,FALSE,TRUE
geo_db,ope_spp,log_damage,23,-0.8468004954609203,3.493921000020045e-7,-0.7714572283823653,1.632692483187759e-5,0,1,1,DE,2.4699599940735762e-6,9.55526584423e-5,FALSE,TRUE
geo_db,pan_fla,log_damage,260,0.029913447442731222,0.6311397749957243,0.01911519730169226,0.7590213396896267,103,13,1,PL,0.7291809050921474,0.8375943948049792,FALSE,TRUE
geo_db,pha_cya,log_damage,366,0.18743740613140608,3.1139705941267984e-4,0.12299968536267708,0.018571694144658934,222,18,2,"DE,PL",0.0012705000024037338,0.04494979531961518,FALSE,TRUE
geo_db,pis_pin,log_damage,46,0.09185058209327691,0.5437830373666763,-0.0724413374909022,0.6323448636928586,20,2,2,"DE,LT",0.6597047966759082,0.7413698401916272,FALSE,TRUE
geo_db,pit_bid,log_damage,46,-0.061108888811562116,0.686630539984353,-0.07066281464221179,0.6407480505572847,29,2,1,DE,0.7720538670060284,0.7471572808069676,FALSE,TRUE
geo_db,pit_cha,log_damage,69,0.27728376859958215,0.021074671514540313,0.29392847955638945,0.014231705009911966,38,3,2,"DE,LT",0.04942726658774829,0.035654166235358394,FALSE,TRUE
geo_db,pit_spp,log_damage,23,0.03633407501229372,0.8692678711688202,-0.1092167070653668,0.6198495308424323,21,1,1,HR,0.9154236873370762,0.7364239701566213,FALSE,TRUE
geo_db,pol_pol,log_damage,23,0.4747352618651724,0.02208036540447986,0.5356480123433695,0.008433203926885615,6,1,1,LT,0.05118630161947604,0.022912930097244964,FALSE,TRUE
geo_db,pri_abi,log_damage,46,-0.41283035982951144,0.004354327266190948,-0.4104428573066225,0.0046089633093710555,17,2,1,DE,0.012928284280283102,0.01376903683217964,FALSE,TRUE
geo_db,sap_car,log_damage,0,NA,NA,NA,NA,0,0,0,,NA,NA,TRUE,TRUE
geo_db,sco_int,log_damage,46,0.1266322542258248,0.4016888108883666,0.1216529247269019,0.42059977911415614,20,2,1,DE,0.5335696303492196,0.55203721008733,FALSE,TRUE
geo_db,sco_rat,log_damage,46,0.5311561920015292,1.4591975881749703e-4,0.5068785249405418,3.246980282708608e-4,17,2,2,"DE,LT",6.391822564152937e-4,0.0013637317187376154,FALSE,TRUE
geo_db,sco_sco,log_damage,0,NA,NA,NA,NA,0,0,0,,NA,NA,TRUE,TRUE
geo_db,tet_gab,log_damage,23,0.18234891764590075,0.40497912997442154,0.04552076813436317,0.8366018882147703,6,1,1,DE,0.5364658604855974,0.8915429077393224,FALSE,TRUE
geo_db,tet_spp,log_damage,0,NA,NA,NA,NA,0,0,0,,NA,NA,TRUE,TRUE
geo_db,tha_pit,log_damage,41,0.22251923281606156,0.16200548365741296,-0.049134795319531174,0.7603121588279725,33,2,2,"BG,HR",0.2587738598017737,0.8375943948049792,FALSE,TRUE
geo_db,tha_pro,log_damage,0,NA,NA,NA,NA,0,0,0,,NA,NA,TRUE,TRUE
geo_db,tom_spp,log_damage,269,0.2261835811778723,1.8328430969262214e-4,0.24325244154891412,5.535556944376028e-5,122,13,3,"DE,LT,PL",7.78958316193644e-4,2.843444358478046e-4,FALSE,TRUE
geo_db,tor_vir,log_damage,390,0.28907649677572667,6.060065128386113e-9,0.28408822736881006,1.1273665731950907e-8,190,19,5,"BG,DE,LT,PL,RO",5.5472903867534416e-8,1.184462962031527e-7,FALSE,TRUE
geo_db,uro_sir_spp,log_damage,0,NA,NA,NA,NA,0,0,0,,NA,NA,TRUE,TRUE
geo_db,xyl_lin,log_damage,46,0.42436180287363434,0.0032900089359319128,0.5231587979482497,1.9118061903122423e-4,33,2,1,DE,0.010213332088066894,8.531435124268382e-4,FALSE,TRUE
geo_db,xyl_spp,log_damage,46,-0.053208633515454774,0.725441398727795,0.025950576244410366,0.8640741037523472,31,2,1,DE,0.8005643874677675,0.9072778089399646,FALSE,TRUE
geo_db,zei_gri,log_damage,0,NA,NA,NA,NA,0,0,0,,NA,NA,TRUE,TRUE
ips_acu,ips_ami,log_damage,0,NA,NA,NA,NA,0,0,0,,NA,NA,TRUE,TRUE
ips_acu,ips_cem,log_damage,69,0.3853251941174363,0.001077322592952743,0.3228222097369216,0.006821805581016326,48,3,1,DE,0.0037892036027993028,0.019026442128303348,FALSE,TRUE
ips_acu,ips_dup,log_damage,182,0.46673334010253176,3.11207231329541e-11,0.4434149698111571,3.636425932326879e-10,158,8,2,"CZ,SK",4.0400356939871324e-10,4.808163177187762e-9,FALSE,TRUE
ips_acu,ips_sex,log_damage,248,0.4658556928832561,9.181271587356459e-15,0.47897474162824677,1.2555230117096047e-15,192,11,3,"BG,CZ,DE",2.114654165604036e-13,3.447859347540991e-14,FALSE,TRUE
ips_acu,ips_typ,log_damage,453,0.37649759818231815,1.0546050710934012e-16,0.37815631278794026,7.556076985990629e-17,306,21,6,"BG,CZ,DE,LT,PL,SK",3.585657241717564e-15,2.345669116520569e-15,FALSE,TRUE
ips_acu,lym_dis,log_damage,109,0.2919317755874067,0.002069268760229265,0.19593473632003755,0.041164283595176966,48,5,4,"BG,DE,LT,SK",0.0067157177036531604,0.08644499554987163,FALSE,TRUE
ips_acu,lym_mon,log_damage,324,-0.18965510176349734,5.995990357212828e-4,-0.1853570267001692,8.004768357456234e-4,140,15,4,"CZ,DE,LT,PL",0.002301686620994602,0.003089407895796622,FALSE,TRUE
ips_acu,mel_spp,log_damage,183,-0.05079254791738086,0.49470693754708384,-0.0830806467534646,0.2635126469318851,56,9,2,"DE,PL",0.6229642917259575,0.3887355989862933,FALSE,TRUE
ips_acu,neo_ser,log_damage,41,0.26344403760023455,0.09606391675264234,0.2877286047949536,0.0681253144036786,26,2,2,"BG,DE",0.1732061529327945,0.1307566518393186,FALSE,TRUE
ips_acu,ope_spp,log_damage,23,-0.02166277587233617,0.9218461269169699,-0.0069780651995776655,0.9747913525324086,8,1,1,DE,0.9549792334049537,0.9789043962139798,FALSE,TRUE
ips_acu,pan_fla,log_damage,143,-0.07781852043948652,0.35558591766652026,-0.10610126004646234,0.2072316910509894,23,7,2,"DE,PL",0.4845197427746097,0.3175180845716876,FALSE,TRUE
ips_acu,pha_cya,log_damage,390,-0.113815586884974,0.0245907532919269,-0.1585074860662574,0.0016889103185853483,206,18,3,"CZ,DE,PL",0.055739040795034306,0.005797509458990089,FALSE,TRUE
ips_acu,pis_pin,log_damage,69,0.29028361057588403,0.01553871533183299,0.4222289462114661,3.017660343211631e-4,50,3,2,"DE,LT",0.038389767290410916,0.0012901853203910805,FALSE,TRUE
ips_acu,pit_bid,log_damage,69,0.4169497205268552,3.653154425196509e-4,0.3794498379421334,0.0013020196272145266,41,3,1,DE,0.0014736453444013037,0.004590518753566839,FALSE,TRUE
ips_acu,pit_cha,log_damage,114,0.20559688834599982,0.02820077836119176,0.20568172083175246,0.028134392604425938,88,5,3,"DE,LT,SK",0.062146159721885544,0.06219181523083629,FALSE,TRUE
ips_acu,pit_spp,log_damage,138,0.5871425959031078,3.7681380272375654e-14,0.6234038389358523,3.186770770966487e-16,112,6,1,CZ,7.687001575564633e-13,9.480643043625299e-15,FALSE,TRUE
ips_acu,pol_pol,log_damage,184,0.28337141871404925,9.705330900434206e-5,0.21257013627874813,0.0037678045526035758,144,8,2,"CZ,LT",4.3041032688882134e-4,0.011595743321374797,FALSE,TRUE
ips_acu,pri_abi,log_damage,184,-0.1680002578767635,0.022633630069516176,-0.181995053707168,0.01341483360786631,110,8,2,"CZ,DE",0.05196273913065772,0.03406175607764991,FALSE,TRUE
ips_acu,sap_car,log_damage,0,NA,NA,NA,NA,0,0,0,,NA,NA,TRUE,TRUE
ips_acu,sco_int,log_damage,230,0.2951893226808681,5.256756849328244e-6,0.2605243369664699,6.366652788752881e-5,122,10,2,"CZ,DE",3.207969564461851e-5,3.246992922263969e-4,FALSE,TRUE
ips_acu,sco_rat,log_damage,230,0.23926777447908337,2.5001706490417904e-4,0.19777090824290838,0.002588348221966315,108,10,3,"CZ,DE,LT",0.0010378615368696734,0.008287357087371968,FALSE,TRUE
ips_acu,sco_sco,log_damage,23,-0.1645494319068404,0.45308603371017064,-0.1339300363633467,0.5423642502090443,8,1,1,DE,0.5807961006625886,0.6699793679052901,FALSE,TRUE
ips_acu,tet_gab,log_damage,46,0.1882885363214632,0.21015678260944468,0.13002845231229,0.38907805309668586,14,2,1,DE,0.32464345741054484,0.5241542073793088,FALSE,TRUE
ips_acu,tet_spp,log_damage,0,NA,NA,NA,NA,0,0,0,,NA,NA,TRUE,TRUE
ips_acu,tha_pit,log_damage,41,0.7319260728861147,5.4035995522378616e-8,0.7154606469742334,1.4643411504237078e-7,25,2,2,"BG,DE",4.384284182156628e-7,1.2750482700030822e-6,FALSE,TRUE
ips_acu,tha_pro,log_damage,23,-0.08712745150135603,0.6926216330044626,-0.11863163337542529,0.5898042440980205,9,1,1,DE,0.7751282852118907,0.7113517403479503,FALSE,TRUE
ips_acu,tom_spp,log_damage,353,-0.17459839188798876,9.873432285798574e-4,-0.15285395662536944,0.003994277975565983,208,16,4,"CZ,DE,LT,PL",0.0035425279658593883,0.01211497457451753,FALSE,TRUE
ips_acu,tor_vir,log_damage,270,-0.1780320020404112,0.0033325033687162443,-0.18563087036670292,0.002193220605123473,83,13,4,"BG,DE,LT,PL",0.010256066401997407,0.007202317235900769,FALSE,TRUE
ips_acu,uro_sir_spp,log_damage,0,NA,NA,NA,NA,0,0,0,,NA,NA,TRUE,TRUE
ips_acu,xyl_lin,log_damage,69,-0.140815514222664,0.24846172457031845,-0.10155106358474919,0.4063774791583854,47,3,1,DE,0.37035839528853315,0.5387491901410647,FALSE,TRUE
ips_acu,xyl_spp,log_damage,69,0.04632664970866229,0.7054373373071089,0.12251434525209118,0.315922174048117,45,3,1,DE,0.7833316622663697,0.4466701629115951,FALSE,TRUE
ips_acu,zei_gri,log_damage,115,-0.026771315115341893,0.7764065379990569,0.04337553865999091,0.6453108669967986,58,5,1,CZ,0.8437660093323085,0.7491901772938442,FALSE,TRUE
ips_ami,ips_cem,log_damage,23,-0.09976872976238935,0.6506033401709479,-0.06541182067179013,0.7668272897227469,4,1,1,DE,0.7396987020414918,0.8397464491749099,FALSE,TRUE
ips_ami,ips_dup,log_damage,0,NA,NA,NA,NA,0,0,0,,NA,NA,TRUE,TRUE
ips_ami,ips_sex,log_damage,0,NA,NA,NA,NA,0,0,0,,NA,NA,TRUE,TRUE
ips_ami,ips_typ,log_damage,23,-0.11994101882964144,0.5856754811250251,-0.14099669291008216,0.5210644319928,7,1,1,DE,0.6927697462016391,0.649284475467468,FALSE,TRUE
ips_ami,lym_dis,log_damage,0,NA,NA,NA,NA,0,0,0,,NA,NA,TRUE,TRUE
ips_ami,lym_mon,log_damage,0,NA,NA,NA,NA,0,0,0,,NA,NA,TRUE,TRUE
ips_ami,mel_spp,log_damage,0,NA,NA,NA,NA,0,0,0,,NA,NA,TRUE,TRUE
ips_ami,neo_ser,log_damage,0,NA,NA,NA,NA,0,0,0,,NA,NA,TRUE,TRUE
ips_ami,ope_spp,log_damage,0,NA,NA,NA,NA,0,0,0,,NA,NA,TRUE,TRUE
ips_ami,pan_fla,log_damage,0,NA,NA,NA,NA,0,0,0,,NA,NA,TRUE,TRUE
ips_ami,pha_cya,log_damage,0,NA,NA,NA,NA,0,0,0,,NA,NA,TRUE,TRUE
ips_ami,pis_pin,log_damage,0,NA,NA,NA,NA,0,0,0,,NA,NA,TRUE,TRUE
ips_ami,pit_bid,log_damage,0,NA,NA,NA,NA,0,0,0,,NA,NA,TRUE,TRUE
ips_ami,pit_cha,log_damage,23,0.13302062673972245,0.5451342157405964,0.19257402062186377,0.37868019557109,7,1,1,DE,0.6597047966759082,0.5140259688930765,FALSE,TRUE
ips_ami,pit_spp,log_damage,0,NA,NA,NA,NA,0,0,0,,NA,NA,TRUE,TRUE
ips_ami,pol_pol,log_damage,0,NA,NA,NA,NA,0,0,0,,NA,NA,TRUE,TRUE
ips_ami,pri_abi,log_damage,0,NA,NA,NA,NA,0,0,0,,NA,NA,TRUE,TRUE
ips_ami,sap_car,log_damage,0,NA,NA,NA,NA,0,0,0,,NA,NA,TRUE,TRUE
ips_ami,sco_int,log_damage,0,NA,NA,NA,NA,0,0,0,,NA,NA,TRUE,TRUE
ips_ami,sco_rat,log_damage,0,NA,NA,NA,NA,0,0,0,,NA,NA,TRUE,TRUE
ips_ami,sco_sco,log_damage,0,NA,NA,NA,NA,0,0,0,,NA,NA,TRUE,TRUE
ips_ami,tet_gab,log_damage,0,NA,NA,NA,NA,0,0,0,,NA,NA,TRUE,TRUE
ips_ami,tet_spp,log_damage,23,-0.12361764404414725,0.5741493735092613,-0.06932567499811271,0.7532843324237464,3,1,1,DE,0.6843783851178841,0.8325774200472987,FALSE,TRUE
ips_ami,tha_pit,log_damage,0,NA,NA,NA,NA,0,0,0,,NA,NA,TRUE,TRUE
ips_ami,tha_pro,log_damage,0,NA,NA,NA,NA,0,0,0,,NA,NA,TRUE,TRUE
ips_ami,tom_spp,log_damage,0,NA,NA,NA,NA,0,0,0,,NA,NA,TRUE,TRUE
ips_ami,tor_vir,log_damage,23,0.45395057768340213,0.029568114991011942,0.4817337037189988,0.019934765539589908,5,1,1,DE,0.06456157218220955,0.04728711825670165,FALSE,TRUE
ips_ami,uro_sir_spp,log_damage,0,NA,NA,NA,NA,0,0,0,,NA,NA,TRUE,TRUE
ips_ami,xyl_lin,log_damage,23,0.4614562873409568,0.026660971805599353,0.4418938132251725,0.034760881842317584,7,1,1,DE,0.059487293341243565,0.0756685049860206,FALSE,TRUE
ips_ami,xyl_spp,log_damage,0,NA,NA,NA,NA,0,0,0,,NA,NA,TRUE,TRUE
ips_ami,zei_gri,log_damage,0,NA,NA,NA,NA,0,0,0,,NA,NA,TRUE,TRUE
ips_cem,ips_dup,log_damage,0,NA,NA,NA,NA,0,0,0,,NA,NA,TRUE,TRUE
ips_cem,ips_sex,log_damage,92,0.7644555489440362,7.546160601216805e-19,0.6855715353569496,4.726003727308485e-14,71,4,1,DE,3.367474168292999e-17,1.1247888870994195e-12,FALSE,TRUE
ips_cem,ips_typ,log_damage,253,0.7259933419878782,1.0632615787841585e-42,0.6439981756742847,4.934774410623665e-31,188,11,1,DE,1.5183375345037784e-40,7.046857858370594e-29,FALSE,TRUE
ips_cem,lym_dis,log_damage,138,0.3900672341011556,2.25308871686523e-6,0.41530973697055573,4.082034741933945e-7,68,6,1,DE,1.5034629381698824e-5,3.2028272590558643e-6,FALSE,TRUE
ips_cem,lym_mon,log_damage,69,-0.31734805920239206,0.007884118202936868,-0.33574329338041853,0.0047977679840804635,38,3,1,DE,0.021162633071041066,0.014214134193499798,FALSE,TRUE
ips_cem,mel_spp,log_damage,138,0.2556812001722689,0.002472157757576119,0.22310918302360574,0.008529920682958998,70,6,1,DE,0.0078102683137581804,0.022982503274085752,FALSE,TRUE
ips_cem,neo_ser,log_damage,23,0.1156316548788462,0.5993102948265342,0.24343222062083916,0.2630136632695651,11,1,1,DE,0.7012651422568495,0.3887355989862933,FALSE,TRUE
ips_cem,ope_spp,log_damage,69,0.4851808508712892,2.3872972076081702e-5,0.43473717401075895,1.8946056364100363e-4,30,3,1,DE,1.2913107622971467e-4,8.507851725765824e-4,FALSE,TRUE
ips_cem,pan_fla,log_damage,46,0.4379951472858638,0.0023322033580874812,0.4170486612226383,0.003934406143394991,15,2,1,DE,0.0074338982039038465,0.01202042296418868,FALSE,TRUE
ips_cem,pha_cya,log_damage,230,0.6872115346845237,1.7347261928046773e-33,0.6588708998533888,5.1599207627498486e-30,171,10,1,DE,1.5482431270781744e-31,6.1403057076723195e-28,FALSE,TRUE
ips_cem,pis_pin,log_damage,69,0.7724246442916445,7.691006542151178e-15,0.5727833526000953,2.706077367588036e-7,48,3,1,DE,1.8935788521020486e-13,2.220849701675699e-6,FALSE,TRUE
ips_cem,pit_bid,log_damage,69,0.4299363659043818,2.2700431426397964e-4,0.4661012956699597,5.430324969865473e-5,57,3,1,DE,9.534181199087145e-4,2.8096029191912664e-4,FALSE,TRUE
ips_cem,pit_cha,log_damage,253,0.6888768630172168,6.140455155331329e-37,0.608149513676812,5.563625759071525e-27,184,11,1,DE,6.263264258437955e-35,4.965535989971336e-25,FALSE,TRUE
ips_cem,pit_spp,log_damage,69,0.09865517335829925,0.4199601489024005,0.15733759469014214,0.19665984079480153,55,3,1,DE,0.5542542445772902,0.30458812652383577,FALSE,TRUE
ips_cem,pol_pol,log_damage,0,NA,NA,NA,NA,0,0,0,,NA,NA,TRUE,TRUE
ips_cem,pri_abi,log_damage,69,-0.005903359285804753,0.961603441744876,-0.06981193409899848,0.5686753192059898,37,3,1,DE,0.9751584669908191,0.6917106949115447,FALSE,TRUE
ips_cem,sap_car,log_damage,0,NA,NA,NA,NA,0,0,0,,NA,NA,TRUE,TRUE
ips_cem,sco_int,log_damage,115,0.13866697593961155,0.13942307193593423,0.050188073020576825,0.594266571907611,56,5,1,DE,0.23313366126992283,0.7139393464030023,FALSE,TRUE
ips_cem,sco_rat,log_damage,46,0.21908532837921013,0.1435071546064905,0.35487266591889405,0.015521874411155158,35,2,1,DE,0.23718543608572734,0.03834816030991275,FALSE,TRUE
ips_cem,sco_sco,log_damage,23,0.0721283976740266,0.7436289650351291,0.14716077073301093,0.5028173466813095,13,1,1,DE,0.8168478169770494,0.6365453644157003,FALSE,TRUE
ips_cem,tet_gab,log_damage,138,0.534179063786487,1.5051911414585705e-11,0.5215606667481572,5.406447840498099e-11,82,6,1,DE,2.0667432211565755e-10,8.213199485352431e-10,FALSE,TRUE
ips_cem,tet_spp,log_damage,115,0.6281209413025909,5.738169952572814e-14,0.5620118053453377,6.348213356544427e-11,67,5,1,DE,1.0505264990094843e-12,9.250253748107594e-10,FALSE,TRUE
ips_cem,tha_pit,log_damage,23,0.18513108829072183,0.3977252546377208,0.10788328118451218,0.6241542665794287,11,1,1,DE,0.5317899472122334,0.739385855746219,FALSE,TRUE
ips_cem,tha_pro,log_damage,138,0.35082888375272114,2.4570801495051176e-5,0.29657313802461427,4.1233154791388017e-4,89,6,1,DE,1.319064080260642e-4,0.0016919811793707498,FALSE,TRUE
ips_cem,tom_spp,log_damage,230,0.6224511579176606,4.570453329163475e-26,0.5728168366503245,1.870748710391265e-21,160,10,1,DE,2.7194197308522675e-24,9.540818422995451e-20,FALSE,TRUE
ips_cem,tor_vir,log_damage,161,0.4048092592172899,1.0028342555566139e-7,0.2992310356149326,1.1527523533080214e-4,91,7,1,DE,7.868391851290355e-7,5.479100121753191e-4,FALSE,TRUE
ips_cem,uro_sir_spp,log_damage,23,0.15411446284536826,0.48261570054243164,0.16064084425631076,0.46403457474882615,9,1,1,DE,0.6164357963994564,0.5948306757103444,FALSE,TRUE
ips_cem,xyl_lin,log_damage,184,0.6158026541856289,1.3673113119921138e-20,0.569759785141159,3.157605355906098e-17,130,8,1,DE,6.508401845082461e-19,1.0735858210080732e-15,FALSE,TRUE
ips_cem,xyl_spp,log_damage,161,0.5358879519790662,2.3830059588408427e-13,0.4046103584846926,1.0187691950652511e-7,109,7,1,DE,4.051110130029433e-12,9.207610193374548e-7,FALSE,TRUE
ips_cem,zei_gri,log_damage,0,NA,NA,NA,NA,0,0,0,,NA,NA,TRUE,TRUE
ips_dup,ips_sex,log_damage,161,0.44280427038680953,4.0599101033546086e-9,0.42180767111736717,2.5081715445438035e-8,135,7,1,CZ,3.917264613236744e-8,2.487270115005938e-7,FALSE,TRUE
ips_dup,ips_typ,log_damage,227,0.6078801442908451,2.5205743685232942e-24,0.589224574843184,1.3043769254402765e-22,183,10,3,"CZ,RO,SK",1.3843769993274093e-22,7.761042706369645e-21,FALSE,TRUE
ips_dup,lym_dis,log_damage,43,-0.6256681013855453,7.243344954234795e-6,-0.6629346585770775,1.2747672274530388e-6,16,2,2,"RO,SK",4.239137948625937e-5,9.481081254181976e-6,FALSE,TRUE
ips_dup,lym_mon,log_damage,115,-0.24309555443983247,0.008849256989838197,-0.2301887316698217,0.013328758683614488,77,5,1,CZ,0.023315016571012814,0.03406175607764991,FALSE,TRUE
ips_dup,mel_spp,log_damage,0,NA,NA,NA,NA,0,0,0,,NA,NA,TRUE,TRUE
ips_dup,neo_ser,log_damage,0,NA,NA,NA,NA,0,0,0,,NA,NA,TRUE,TRUE
ips_dup,ope_spp,log_damage,0,NA,NA,NA,NA,0,0,0,,NA,NA,TRUE,TRUE
ips_dup,pan_fla,log_damage,0,NA,NA,NA,NA,0,0,0,,NA,NA,TRUE,TRUE
ips_dup,pha_cya,log_damage,161,0.4314478173730708,1.1039098451519959e-8,0.3992219441405537,1.5554973633540002e-7,132,7,1,CZ,9.383233683791964e-8,1.3381025511262123e-6,FALSE,TRUE
ips_dup,pis_pin,log_damage,0,NA,NA,NA,NA,0,0,0,,NA,NA,TRUE,TRUE
ips_dup,pit_bid,log_damage,0,NA,NA,NA,NA,0,0,0,,NA,NA,TRUE,TRUE
ips_dup,pit_cha,log_damage,21,-0.1671898739472576,0.4688393951754847,-0.19480519480519481,0.39744295350722547,21,1,1,SK,0.5999127744718568,0.5334102797070658,FALSE,TRUE
ips_dup,pit_spp,log_damage,138,0.4465228767310107,4.032629131171242e-8,0.45380507223737626,2.2707473038108636e-8,115,6,1,CZ,3.3480199996003107e-7,2.2835402463675444e-7,FALSE,TRUE
ips_dup,pol_pol,log_damage,184,0.6281684576176132,1.3671889045561418e-21,0.6282893152926906,1.3360816803907358e-21,132,8,1,CZ,6.972663413236323e-20,7.338171690761425e-20,FALSE,TRUE
ips_dup,pri_abi,log_damage,161,-0.2197083129942478,0.005104485537380852,-0.20814107111986715,0.008060662194386451,94,7,1,CZ,0.014755476411700115,0.022051006922574428,FALSE,TRUE
ips_dup,sap_car,log_damage,0,NA,NA,NA,NA,0,0,0,,NA,NA,TRUE,TRUE
ips_dup,sco_int,log_damage,161,0.24170052212467133,0.0020091972429202255,0.23095945580425736,0.0032017658131781785,85,7,1,CZ,0.006550533476917995,0.010026582414952717,FALSE,TRUE
ips_dup,sco_rat,log_damage,161,0.33255823944860663,1.631543439307362e-5,0.2935114264121944,1.5758766422638526e-4,78,7,1,CZ,9.030403222212842e-5,7.212666170361479e-4,FALSE,TRUE
ips_dup,sco_sco,log_damage,0,NA,NA,NA,NA,0,0,0,,NA,NA,TRUE,TRUE
ips_dup,tet_gab,log_damage,0,NA,NA,NA,NA,0,0,0,,NA,NA,TRUE,TRUE
ips_dup,tet_spp,log_damage,0,NA,NA,NA,NA,0,0,0,,NA,NA,TRUE,TRUE
ips_dup,tha_pit,log_damage,0,NA,NA,NA,NA,0,0,0,,NA,NA,TRUE,TRUE
ips_dup,tha_pro,log_damage,0,NA,NA,NA,NA,0,0,0,,NA,NA,TRUE,TRUE
ips_dup,tom_spp,log_damage,184,0.4133039893989638,5.511626810793372e-9,0.39252334077991846,3.5689650567643806e-8,150,8,1,CZ,5.110781224553854e-8,3.352948750697063e-7,FALSE,TRUE
ips_dup,tor_vir,log_damage,22,-0.23181160141943202,0.2992462887115439,-0.14407913853709495,0.5223708722017135,6,1,1,RO,0.4239322423413539,0.6497784020070095,FALSE,TRUE
ips_dup,uro_sir_spp,log_damage,0,NA,NA,NA,NA,0,0,0,,NA,NA,TRUE,TRUE
ips_dup,xyl_lin,log_damage,0,NA,NA,NA,NA,0,0,0,,NA,NA,TRUE,TRUE
ips_dup,xyl_spp,log_damage,0,NA,NA,NA,NA,0,0,0,,NA,NA,TRUE,TRUE
ips_dup,zei_gri,log_damage,115,-0.11469537469587625,0.2222500800637099,-0.18603044771062704,0.046527882620105945,62,5,1,CZ,0.33967104819505567,0.09518884868411359,FALSE,TRUE
ips_sex,ips_typ,log_damage,271,0.4785623417340917,6.436314593836003e-17,0.34735186696646414,4.2115349559154686e-9,228,12,3,"BG,CZ,DE",2.2977643099994534e-15,4.773072950037531e-8,FALSE,TRUE
ips_sex,lym_dis,log_damage,64,-0.07766652730566487,0.5418559894747633,0.04716842925013364,0.711295806767154,27,3,2,"BG,DE",0.6590888866865094,0.7993624290889244,FALSE,TRUE
ips_sex,lym_mon,log_damage,161,0.025436735630967957,0.7487462577310255,0.07292997000943253,0.3578904662147854,102,7,2,"CZ,DE",0.8191543999199381,0.49043795187494565,FALSE,TRUE
ips_sex,mel_spp,log_damage,23,0.2712884569508595,0.210518096332048,0.37682928285102985,0.07632289042627849,8,1,1,DE,0.32464345741054484,0.1430302985941282,FALSE,TRUE
ips_sex,neo_ser,log_damage,41,-0.006205100857257559,0.9692861353003733,-0.01816080744448275,0.9102692656447464,25,2,2,"BG,DE",0.9788830277290899,0.9351543247055379,FALSE,TRUE
ips_sex,ope_spp,log_damage,46,0.2901725540483209,0.05044149735475928,0.353005410126327,0.016113084698389683,14,2,1,DE,0.10138948939236395,0.03953519750738912,FALSE,TRUE
ips_sex,pan_fla,log_damage,23,-0.25597674551628957,0.2384258344693954,-0.09539644603535982,0.6650281031030543,8,1,1,DE,0.3591477759728867,0.7621670395113656,FALSE,TRUE
ips_sex,pha_cya,log_damage,253,0.7482119092489395,1.2640916300190589e-46,0.7511750908191229,3.5249554609216027e-47,198,11,2,"CZ,DE",4.512807119168041e-44,1.258409099549012e-44,FALSE,TRUE
ips_sex,pis_pin,log_damage,46,0.2426490345856926,0.10420078932488876,0.24502516393963544,0.10074909445388347,41,2,1,DE,0.18507304372629496,0.18074083778912764,FALSE,TRUE
ips_sex,pit_bid,log_damage,69,0.4792521682030173,3.098075139836861e-5,0.5029575230567105,1.0609163316095488e-5,57,3,1,DE,1.6146172626595024e-4,6.530122937665671e-5,FALSE,TRUE
ips_sex,pit_cha,log_damage,92,0.6635163554369566,5.69567962047592e-13,0.5032510627678792,3.172786207963965e-7,71,4,1,DE,9.242534656863196e-12,2.545358823018282e-6,FALSE,TRUE
ips_sex,pit_spp,log_damage,138,0.6623621841104547,8.98165418015037e-19,0.6914119002526329,6.1660292176419545e-21,113,6,1,CZ,3.772294755663155e-17,2.9350299075975704e-19,FALSE,TRUE
ips_sex,pol_pol,log_damage,161,0.30691200193345386,7.497031886069358e-5,0.2544598022768526,0.0011245233368495958,123,7,1,CZ,3.4534714623571107e-4,0.004075683566043713,FALSE,TRUE
ips_sex,pri_abi,log_damage,184,-0.24798020058596176,6.887618278383066e-4,-0.20635699635241497,0.004947998673520423,114,8,2,"CZ,DE",0.002601989127389158,0.014538564003677293,FALSE,TRUE
ips_sex,sap_car,log_damage,0,NA,NA,NA,NA,0,0,0,,NA,NA,TRUE,TRUE
ips_sex,sco_int,log_damage,230,0.4089506556608777,1.099275246348758e-10,0.3290608975284301,3.2873407896580065e-7,128,10,2,"CZ,DE",1.2866926653983822e-9,2.607957026462019e-6,FALSE,TRUE
ips_sex,sco_rat,log_damage,207,0.5045848670726645,9.041051762426806e-15,0.4308385065358079,9.16497865813958e-11,109,9,2,"CZ,DE",2.114654165604036e-13,1.2830970121395413e-9,FALSE,TRUE
ips_sex,sco_sco,log_damage,23,0.006256066435887707,0.9773989293157126,-0.06091466895070872,0.7824702640651418,13,1,1,DE,0.9842917285351463,0.8516520861928524,FALSE,TRUE
ips_sex,tet_gab,log_damage,46,0.4300210693359699,0.0028569753177661588,0.4055337198276087,0.005173736277470404,18,2,1,DE,0.008946843758267709,0.015064230092021647,FALSE,TRUE
ips_sex,tet_spp,log_damage,0,NA,NA,NA,NA,0,0,0,,NA,NA,TRUE,TRUE
ips_sex,tha_pit,log_damage,41,-0.09737611160050977,0.5447331027333944,-0.13437882328711262,0.40223088832787035,25,2,2,"BG,DE",0.6597047966759082,0.5387491901410647,FALSE,TRUE
ips_sex,tha_pro,log_damage,46,0.39720958395893285,0.006269912029456602,0.30603548689251425,0.03859968603013744,19,2,1,DE,0.017624870822960683,0.0817809371677096,FALSE,TRUE
ips_sex,tom_spp,log_damage,253,0.7303244709671324,1.9601367171907953e-43,0.7403307611888901,3.46660670873646e-45,211,11,2,"CZ,DE",3.867049890600213e-41,8.250523966792775e-43,FALSE,TRUE
ips_sex,tor_vir,log_damage,110,0.23032801438564476,0.01548865337159619,0.14026321827189162,0.14387181116991463,65,5,2,"BG,DE",0.038389767290410916,0.2356065898516492,FALSE,TRUE
ips_sex,uro_sir_spp,log_damage,0,NA,NA,NA,NA,0,0,0,,NA,NA,TRUE,TRUE
ips_sex,xyl_lin,log_damage,92,0.6323630351256077,1.3691158473064852e-11,0.33483241906907174,0.0011047360333367032,71,4,1,DE,1.9167621862290793e-10,0.004045033475909775,FALSE,TRUE
ips_sex,xyl_spp,log_damage,92,0.6961331742489119,1.3258044505240927e-14,0.5926423196735665,4.86102775873737e-10,69,4,1,DE,2.8685587202248553e-13,6.197810392390146e-9,FALSE,TRUE
ips_sex,zei_gri,log_damage,115,0.024341231700598903,0.7962392009432478,0.09855260251897556,0.29469994270134764,57,5,1,CZ,0.8600828887647185,0.4249328336455495,FALSE,TRUE
ips_typ,lym_dis,log_damage,373,0.13760859292104008,0.00778128479173321,0.11933470242421357,0.02115293149623506,212,17,9,"AT,BG,DE,HR,HU,LT,RO,RS,SK",0.021044838414005725,0.04951866586331749,FALSE,TRUE
ips_typ,lym_mon,log_damage,507,-0.28248752159984025,9.333953266866939e-11,-0.30245214709468776,3.4760012352619235e-12,368,24,4,"CZ,DE,LT,PL",1.1107404387571658e-9,6.707742924262199e-11,FALSE,TRUE
ips_typ,mel_spp,log_damage,478,0.0024112874699469444,0.9580661262582639,-0.07683038431976173,0.09337800847202331,365,23,2,"DE,PL",0.9751584669908191,0.1705163632967382,FALSE,TRUE
ips_typ,neo_ser,log_damage,41,-0.47597419422791926,0.001658113027499921,-0.4857463470847676,0.0012842261591920815,27,2,2,"BG,DE",0.0055163828422315885,0.004561877998324111,FALSE,TRUE
ips_typ,ope_spp,log_damage,69,0.3573890084566514,0.002572301193941802,0.27631301547160275,0.021548233108897957,29,3,1,DE,0.008090850451429281,0.050115434657176355,FALSE,TRUE
ips_typ,pan_fla,log_damage,306,0.29220470106122026,1.9441077675468956e-7,0.26957157644679747,1.7085759035954648e-6,159,15,2,"DE,PL",1.4636288982976324e-6,1.2322456516840018e-5,FALSE,TRUE
ips_typ,pha_cya,log_damage,816,0.22562409271960618,7.055198731006693e-11,0.009747001687516485,0.7810048005051481,668,38,4,"AT,CZ,DE,PL",8.537986260913184e-10,0.8516520861928524,FALSE,TRUE
ips_typ,pis_pin,log_damage,92,0.7255428021364642,2.830190022169838e-16,0.6315694950014289,1.4777246752453675e-11,68,4,2,"DE,LT",8.785894242735933e-15,2.512131947917125e-10,FALSE,TRUE
ips_typ,pit_bid,log_damage,69,0.528425344283183,3.0579870453069233e-6,0.5242011456602034,3.7851930280547394e-6,58,3,1,DE,2.0216692132862438e-5,2.5024331685473e-5,FALSE,TRUE
ips_typ,pit_cha,log_damage,510,0.7722013202114795,3.988512664854492e-102,0.7192713872580189,2.1548352692475097e-82,430,23,5,"AT,DE,LT,SI,SK",2.8477980427061074e-99,1.5385523822427218e-79,FALSE,TRUE
ips_typ,pit_spp,log_damage,400,0.1967704871353222,7.435753648442956e-5,0.34197981216226936,2.0461399055676008e-12,352,18,5,"AT,CZ,DE,HR,SI",3.4474857824599164e-4,4.296893801691962e-11,FALSE,TRUE
ips_typ,pol_pol,log_damage,207,0.5124517059230643,2.9467180323111178e-15,0.44654132894385873,1.5408583841831898e-11,161,9,2,"CZ,LT",8.415826700280552e-14,2.55854159606232e-10,FALSE,TRUE
ips_typ,pri_abi,log_damage,230,-0.1123363238049185,0.08917480317193376,-0.21826929901937595,8.608374497723039e-4,146,10,2,"CZ,DE",0.1616010392506617,0.003304505049125941,FALSE,TRUE
ips_typ,sap_car,log_damage,0,NA,NA,NA,NA,0,0,0,,NA,NA,TRUE,TRUE
ips_typ,sco_int,log_damage,276,0.09017938925305631,0.1350659860115864,0.03465847166143855,0.5664085025734569,146,12,2,"CZ,DE",0.22744602361385066,0.6901291311219252,FALSE,TRUE
ips_typ,sco_rat,log_damage,230,0.162515907154701,0.013599404298070484,0.1592038437051859,0.01566085246392085,121,10,3,"CZ,DE,LT",0.034190051650782836,0.03855809882496374,FALSE,TRUE
ips_typ,sco_sco,log_damage,23,-0.28463250514366273,0.1880564337924121,-0.30663824878577106,0.15469880321294538,13,1,1,DE,0.29253223034375214,0.2504647290114354,FALSE,TRUE
ips_typ,tet_gab,log_damage,222,0.39257135442196694,1.3507285990923822e-9,0.4439276352878332,3.8880088669422695e-12,149,10,2,"AT,DE",1.4394331638088967e-8,7.305364028938896e-11,FALSE,TRUE
ips_typ,tet_spp,log_damage,115,0.4625417968784179,1.947405396894609e-7,0.5101505196279736,5.751413513767304e-9,66,5,1,DE,1.4636288982976324e-6,6.317706536661315e-8,FALSE,TRUE
ips_typ,tha_pit,log_damage,64,-0.13916755255898827,0.272752970644716,-0.1930204075334101,0.12647799780317343,52,3,3,"BG,DE,HR",0.3934254970511661,0.21602046720576615,FALSE,TRUE
ips_typ,tha_pro,log_damage,138,0.22820808498852066,0.0071009445348886304,0.20130563780839014,0.017904546210344197,85,6,1,DE,0.019727915945176974,0.04348246936797876,FALSE,TRUE
ips_typ,tom_spp,log_damage,804,0.3940467542130414,2.9145922924487858e-31,0.2993164542903095,4.1902565798940626e-18,620,37,5,"AT,CZ,DE,LT,PL",2.3122432186760367e-29,1.4959215990221804e-16,FALSE,TRUE
ips_typ,tor_vir,log_damage,524,0.3213599128407786,4.714220294210918e-14,0.29013709506342455,1.2711624135184172e-11,323,25,5,"BG,DE,LT,PL,RO",8.857771815964725e-13,2.2136828372003656e-10,FALSE,TRUE
ips_typ,uro_sir_spp,log_damage,23,-0.0034652825758534783,0.9874800202704626,0.17275813308220006,0.4305390734787099,8,1,1,DE,0.9874800202704626,0.5610784737014405,FALSE,TRUE
ips_typ,xyl_lin,log_damage,184,0.538230184826594,3.283951384643066e-15,0.4649453073226365,2.949249775008912e-11,132,8,1,DE,8.93468953403719e-14,4.679476309680807e-10,FALSE,TRUE
ips_typ,xyl_spp,log_damage,161,0.4326360616455046,9.95919643080887e-9,0.22770780044979805,0.0036720828889540472,107,7,1,DE,8.671788111704308e-8,0.011350074384039783,FALSE,TRUE
ips_typ,zei_gri,log_damage,115,-0.041107439522415044,0.662693882086602,-0.04108816653624669,0.6628423804953029,62,5,1,CZ,0.7486763161548003,0.7608833756811033,FALSE,TRUE
lym_dis,lym_mon,log_damage,69,-0.0030001379978325973,0.9804810744929553,0.024623656887669206,0.8408290263684465,18,3,2,"DE,LT",0.9846181254401829,0.8947122575664244,FALSE,TRUE
lym_dis,mel_spp,log_damage,92,0.16554222137107336,0.11479158162856691,0.15092399984258587,0.1509854103980064,40,4,1,DE,0.19990533971413849,0.24612690188168165,FALSE,TRUE
lym_dis,neo_ser,log_damage,41,0.3719545558775271,0.01663669000767527,0.40602228932687595,0.00843991682853701,19,2,2,"BG,DE",0.040819919812646537,0.022912930097244964,FALSE,TRUE
lym_dis,ope_spp,log_damage,46,0.37648172629209536,0.00991429224972826,0.33333777612466114,0.02358869233696417,18,2,1,DE,0.02564784299386224,0.05415539012409138,FALSE,TRUE
lym_dis,pan_fla,log_damage,23,0.800725462209254,4.45228655053054e-6,0.8710436213555204,6.402150736452062e-8,6,1,1,DE,2.8218177288223937e-5,5.860430289521503e-7,FALSE,TRUE
lym_dis,pha_cya,log_damage,201,0.4430298445324096,4.521309152012156e-11,0.4548659642036247,1.1725346705127342e-11,94,9,2,"AT,DE",5.663534621994174e-10,2.0929743868652307e-10,FALSE,TRUE
lym_dis,pis_pin,log_damage,69,0.35887090073465056,0.0024609173124935297,0.2954483523738987,0.013715368081073254,26,3,2,"DE,LT",0.007809310938312801,0.03448159440100811,FALSE,TRUE
lym_dis,pit_bid,log_damage,46,0.3677860397045929,0.0119159932652812,0.39518430538876576,0.006565297698687469,19,2,1,DE,0.030385782826467058,0.018455206916782884,FALSE,TRUE
lym_dis,pit_cha,log_damage,267,0.25081482321107607,3.389602183410135e-5,0.274428831509051,5.343294806855058e-6,126,12,4,"AT,DE,LT,SK",1.704349266869603e-4,3.4370382811662264e-5,FALSE,TRUE
lym_dis,pit_spp,log_damage,155,0.4417897417840851,8.686011048958909e-9,0.4470734497476403,5.4892829850479705e-9,89,7,3,"AT,DE,HR",7.850394796147673e-8,6.123981330194142e-8,FALSE,TRUE
lym_dis,pol_pol,log_damage,23,0.35327671320670295,0.09821063291291622,0.14486020848001513,0.5095907202736202,7,1,1,LT,0.17618691432116126,0.6428405905925174,FALSE,TRUE
lym_dis,pri_abi,log_damage,69,-0.08339631362655481,0.4956978646131841,-0.18108952294961464,0.13646005703405328,16,3,1,DE,0.6231131607989673,0.22598381716007915,FALSE,TRUE
lym_dis,sap_car,log_damage,0,NA,NA,NA,NA,0,0,0,,NA,NA,TRUE,TRUE
lym_dis,sco_int,log_damage,92,0.09322884979448462,0.3767391033328641,0.11243631299575989,0.2859294190102408,22,4,1,DE,0.5084909636666635,0.4174920351192473,FALSE,TRUE
lym_dis,sco_rat,log_damage,46,0.155997286705297,0.3005463414990867,0.14403466690547495,0.3395786181593822,10,2,2,"DE,LT",0.4249308669907879,0.47262988960194713,FALSE,TRUE
lym_dis,sco_sco,log_damage,0,NA,NA,NA,NA,0,0,0,,NA,NA,TRUE,TRUE
lym_dis,tet_gab,log_damage,155,0.2723589262346139,6.07056054793728e-4,0.2895323059242484,2.581331263190374e-4,60,7,2,"AT,DE",0.002317850391030598,0.0011238234889743457,FALSE,TRUE
lym_dis,tet_spp,log_damage,69,0.5035310213223918,1.0327322415432813e-5,0.494803292451035,1.5476914835755404e-5,31,3,1,DE,5.898966563695223e-5,9.132658836966412e-5,FALSE,TRUE
lym_dis,tha_pit,log_damage,41,-0.12703311171354034,0.42867087814418703,-0.07813194433333619,0.6272789026971837,27,2,2,"BG,HR",0.56366667954871,0.739385855746219,FALSE,TRUE
lym_dis,tha_pro,log_damage,69,0.2629785318983548,0.029025529861752795,0.2774576184625769,0.020990805039367098,40,3,1,DE,0.0637668563732046,0.04930077236219772,FALSE,TRUE
lym_dis,tom_spp,log_damage,245,0.2610894991592106,3.5066140280575926e-5,0.30002205885184763,1.7295013669450444e-6,110,11,3,"AT,DE,LT",1.738696122245223e-4,1.2348639759987617e-5,FALSE,TRUE
lym_dis,tor_vir,log_damage,133,0.11755214590483787,0.17780064147754995,0.11976962793759129,0.1697023556778467,65,6,4,"BG,DE,LT,RO",0.28024207067322443,0.26866403980927395,FALSE,TRUE
lym_dis,uro_sir_spp,log_damage,0,NA,NA,NA,NA,0,0,0,,NA,NA,TRUE,TRUE
lym_dis,xyl_lin,log_damage,69,-0.06642254963865121,0.5876347298544137,0.008183441794944952,0.9467918663298832,36,3,1,DE,0.6935061109356222,0.9624278468654545,FALSE,TRUE
lym_dis,xyl_spp,log_damage,92,-0.1454397669330116,0.16657193106352886,-0.087942167475957,0.4045090678789317,39,4,1,DE,0.2648827589740748,0.5387491901410647,FALSE,TRUE
lym_dis,zei_gri,log_damage,0,NA,NA,NA,NA,0,0,0,,NA,NA,TRUE,TRUE
lym_mon,mel_spp,log_damage,346,0.06572949902815226,0.22264152738835583,0.022796311485610225,0.6726189799265389,229,17,2,"DE,PL",0.33967104819505567,0.7696313328005588,FALSE,TRUE
lym_mon,neo_ser,log_damage,23,-0.1489896721907831,0.497464297850743,-0.10177120159290157,0.6440367968126504,5,1,1,DE,0.6231394888867201,0.7489287832642221,FALSE,TRUE
lym_mon,ope_spp,log_damage,46,0.18106182869914733,0.22850886958767722,0.19725498267067965,0.18885178542094033,13,2,1,DE,0.34713900613957777,0.29441086198810346,FALSE,TRUE
lym_mon,pan_fla,log_damage,283,0.4454174833024346,3.3786641095098618e-15,0.4926977397158904,1.0303638246619402e-18,142,14,2,"DE,PL",8.93468953403719e-14,4.327528063580149e-17,FALSE,TRUE
lym_mon,pha_cya,log_damage,484,0.2716228676949978,1.2411804462187481e-9,0.291356990170213,6.335340969218376e-11,344,23,3,"CZ,DE,PL",1.3427315736366458e-8,9.250253748107594e-10,FALSE,TRUE
lym_mon,pis_pin,log_damage,69,-0.2715527671152177,0.024003579569555598,-0.3842273057901015,0.0011164376944752476,32,3,2,"DE,LT",0.05462405191511677,0.004067023029874116,FALSE,TRUE
lym_mon,pit_bid,log_damage,46,-0.41469934938249825,0.0041636675914678576,-0.45972534772269613,0.0013079975450751512,21,2,1,DE,0.012543707427460127,0.004590518753566839,FALSE,TRUE
lym_mon,pit_cha,log_damage,92,-0.09968925065443057,0.34441899354763117,-0.11114918446896709,0.2915161246492735,43,4,2,"DE,LT",0.47468681820341874,0.4221957667334306,FALSE,TRUE
lym_mon,pit_spp,log_damage,138,-0.1418936053947685,0.09689001554187285,-0.13640288310161258,0.1106537902234526,79,6,2,"CZ,DE",0.17425559470251187,0.19317067535341115,FALSE,TRUE
lym_mon,pol_pol,log_damage,138,-0.031235109270012072,0.7160964962036174,-0.040770420489675316,0.6349401966585071,81,6,2,"CZ,LT",0.7939330718779236,0.7431922957609411,FALSE,TRUE
lym_mon,pri_abi,log_damage,161,0.25849426958273036,9.302225917993196e-4,0.2890800703617712,1.9988682148137856e-4,74,7,2,"CZ,DE",0.003354439043155122,8.864545996130702e-4,FALSE,TRUE
lym_mon,sap_car,log_damage,0,NA,NA,NA,NA,0,0,0,,NA,NA,TRUE,TRUE
lym_mon,sco_int,log_damage,161,0.15112008945933547,0.055676062555072056,0.1281038314618625,0.10534623067201576,67,7,2,"CZ,DE",0.10951159411658802,0.18710748432790858,FALSE,TRUE
lym_mon,sco_rat,log_damage,184,-0.0018371166743865186,0.9802543257258819,0.012931813672252967,0.8616866619644985,64,8,3,"CZ,DE,LT",0.9846181254401829,0.9063998438200251,FALSE,TRUE
lym_mon,sco_sco,log_damage,23,0.3356142709048119,0.11744301284107703,0.32615244210895794,0.12880597590905618,11,1,1,DE,0.20303707304728572,0.21785763870791267,FALSE,TRUE
lym_mon,tet_gab,log_damage,46,-0.23276532102823858,0.11953860446490003,-0.21116487397009256,0.15891870175300438,10,2,1,DE,0.20616078161337834,0.25501710339781275,FALSE,TRUE
lym_mon,tet_spp,log_damage,0,NA,NA,NA,NA,0,0,0,,NA,NA,TRUE,TRUE
lym_mon,tha_pit,log_damage,23,-0.45812713815045525,0.027920846132460916,-0.38391440413818073,0.07052225774602708,6,1,1,DE,0.06171976513491361,0.13434803034936954,FALSE,TRUE
lym_mon,tha_pro,log_damage,46,0.27903708307273456,0.06039081261112981,0.23987585905142308,0.10834311885628489,22,2,1,DE,0.11781158525777782,0.19006630678964967,FALSE,TRUE
lym_mon,tom_spp,log_damage,387,0.07708469041136551,0.13008110007956344,0.12662087923791754,0.012670106490594123,219,18,4,"CZ,DE,LT,PL",0.22061260203517413,0.03265868604434731,FALSE,TRUE
lym_mon,tor_vir,log_damage,352,0.09903344815046337,0.06345524987405023,0.08796486925986692,0.09941582351400499,169,17,3,"DE,LT,PL",0.12212142428590798,0.17924974239646355,FALSE,TRUE
lym_mon,uro_sir_spp,log_damage,0,NA,NA,NA,NA,0,0,0,,NA,NA,TRUE,TRUE
lym_mon,xyl_lin,log_damage,69,-0.17934762238244087,0.14033576798351038,-0.1705844411248145,0.16109771423787686,37,3,1,DE,0.2341115381780991,0.2573238656954006,FALSE,TRUE
lym_mon,xyl_spp,log_damage,69,-0.18840936073135142,0.12105153291009879,-0.057477167321459466,0.6389931295838733,35,3,1,DE,0.20826697469351937,0.7467121023287816,FALSE,TRUE
lym_mon,zei_gri,log_damage,92,0.004921126488162901,0.9628665535413551,0.0027983731886314996,0.9788791826562087,41,4,1,CZ,0.9751584669908191,0.9816288432816475,FALSE,TRUE
mel_spp,neo_ser,log_damage,0,NA,NA,NA,NA,0,0,0,,NA,NA,TRUE,TRUE
mel_spp,ope_spp,log_damage,23,0.23325514333582847,0.28411003426951165,0.17692092515162153,0.4193401951764768,6,1,1,DE,0.40598201941341205,0.5513976047071905,FALSE,TRUE
mel_spp,pan_fla,log_damage,306,0.1362025458760551,0.017128391341294125,0.1268392234374508,0.026509334497384372,147,15,2,"DE,PL",0.04173949289311947,0.05989767351624191,FALSE,TRUE
mel_spp,pha_cya,log_damage,458,0.1927318888428024,3.290567603693281e-5,0.019617093375852778,0.6754228404724452,330,22,2,"DE,PL",1.6760269489426614e-4,0.7703704602193704,FALSE,TRUE
mel_spp,pis_pin,log_damage,46,0.49980356800761255,4.0542052254402707e-4,0.5841411138598644,2.0268442733055017e-5,14,2,1,DE,0.001626237376946266,1.148545088206451e-4,FALSE,TRUE
mel_spp,pit_bid,log_damage,23,0.15280319871529727,0.48639357949044115,0.14204982106174902,0.5179247274093949,8,1,1,DE,0.616847274877753,0.6474832642236241,FALSE,TRUE
mel_spp,pit_cha,log_damage,138,0.092304708648381,0.28158195466950453,0.07416576484032907,0.38730391795400954,62,6,1,DE,0.4037138868153137,0.5227504677110828,FALSE,TRUE
mel_spp,pit_spp,log_damage,69,0.05348328442965134,0.6625016207602344,0.19840658464782918,0.10220175875687428,43,3,1,DE,0.7486763161548003,0.18288735777545923,FALSE,TRUE
mel_spp,pol_pol,log_damage,0,NA,NA,NA,NA,0,0,0,,NA,NA,TRUE,TRUE
mel_spp,pri_abi,log_damage,23,-0.47825379808472546,0.02097953698817053,-0.5393052909368296,0.007914966793568522,0,1,1,DE,0.04942726658774829,0.021735716502338173,FALSE,TRUE
mel_spp,sap_car,log_damage,0,NA,NA,NA,NA,0,0,0,,NA,NA,TRUE,TRUE
mel_spp,sco_int,log_damage,69,-0.26893661471700697,0.025451203184327677,-0.23513753014992247,0.05178947541302915,18,3,1,DE,0.057145154319528185,0.1044567385449232,FALSE,TRUE
mel_spp,sco_rat,log_damage,23,-0.16782565601853222,0.4440140448884635,-0.27417011514412026,0.20552200484356645,7,1,1,DE,0.5753648421966661,0.3155757235662504,FALSE,TRUE
mel_spp,sco_sco,log_damage,23,-0.1407886768000828,0.5216856649175281,-0.23180060728498036,0.2872093789672845,3,1,1,DE,0.6455521052878944,0.41765274253083734,FALSE,TRUE
mel_spp,tet_gab,log_damage,115,0.5362091240354949,6.574242391212774e-10,0.5242970195341541,1.8126610149668084e-9,57,5,1,DE,7.57098236665471e-9,2.193627058790341e-8,FALSE,TRUE
mel_spp,tet_spp,log_damage,92,0.34837938271050056,6.662105102508329e-4,0.2767921421927749,0.007562631732941302,53,4,1,DE,0.0025301824697824184,0.021010579989572332,FALSE,TRUE
mel_spp,tha_pit,log_damage,23,-0.30624404663563387,0.15525694640451046,-0.30165938968536776,0.16185251853932503,2,1,1,DE,0.2519396812109556,0.25795245142204926,FALSE,TRUE
mel_spp,tha_pro,log_damage,115,0.2279066578547025,0.01429925858994979,0.13314153826399308,0.15604189252920164,56,5,1,DE,0.035698149067217314,0.2514986710290067,FALSE,TRUE
mel_spp,tom_spp,log_damage,358,0.028316163102969458,0.5933413044630726,0.014113070022094715,0.7901535730265765,176,17,2,"DE,PL",0.6967856766227531,0.8587057094992019,FALSE,TRUE
mel_spp,tor_vir,log_damage,346,0.005132419402509005,0.9242165970347662,-0.009443793818733654,0.8610537520596394,176,17,2,"DE,PL",0.9549792334049537,0.9063998438200251,FALSE,TRUE
mel_spp,uro_sir_spp,log_damage,23,0.2501775428580263,0.24959859746597823,0.2723324233115791,0.20869880162674762,4,1,1,DE,0.3712779137306426,0.3190812513094171,FALSE,TRUE
mel_spp,xyl_lin,log_damage,69,0.010095429625524658,0.9343850932769384,0.048034450768779054,0.6951017007758293,22,3,1,DE,0.9608397921521478,0.7840483639082815,FALSE,TRUE
mel_spp,xyl_spp,log_damage,92,-0.48664237022396495,8.719807288958862e-7,-0.4315563854502365,1.7467785438895412e-5,22,4,1,DE,5.9294689564920255e-6,1.0058063551105906e-4,FALSE,TRUE
mel_spp,zei_gri,log_damage,0,NA,NA,NA,NA,0,0,0,,NA,NA,TRUE,TRUE
neo_ser,ope_spp,log_damage,23,0.3051831133087878,0.1567661315416234,0.30682347278921435,0.1544370362024071,6,1,1,DE,0.25304576607134976,0.2504647290114354,FALSE,TRUE
neo_ser,pan_fla,log_damage,0,NA,NA,NA,NA,0,0,0,,NA,NA,TRUE,TRUE
neo_ser,pha_cya,log_damage,23,0.10407229084007452,0.6365227098632504,0.3000516369151235,0.1642111681006394,11,1,1,DE,0.7294979371466465,0.26112867265892326,FALSE,TRUE
neo_ser,pis_pin,log_damage,23,-0.2745720744024922,0.20483150566276698,0.14178543798331414,0.5187120828234075,10,1,1,DE,0.317244457794394,0.6474832642236241,FALSE,TRUE
neo_ser,pit_bid,log_damage,23,0.153151660084635,0.48538818594633304,0.2256234439103381,0.3006062406520596,10,1,1,DE,0.6166675529638466,0.43012596357829774,FALSE,TRUE
neo_ser,pit_cha,log_damage,23,-0.030081751325826987,0.8916219839901457,0.034712065796291595,0.8750584813829918,11,1,1,DE,0.9348283356372452,0.9107751540925018,FALSE,TRUE
neo_ser,pit_spp,log_damage,0,NA,NA,NA,NA,0,0,0,,NA,NA,TRUE,TRUE
neo_ser,pol_pol,log_damage,0,NA,NA,NA,NA,0,0,0,,NA,NA,TRUE,TRUE
neo_ser,pri_abi,log_damage,23,0.13498818902307866,0.5391494374085921,0.09744515393698389,0.6582544419519613,6,1,1,DE,0.6569158674227555,0.7580543089575812,FALSE,TRUE
neo_ser,sap_car,log_damage,0,NA,NA,NA,NA,0,0,0,,NA,NA,TRUE,TRUE
neo_ser,sco_int,log_damage,23,-0.3116236840642534,0.1477614963203988,-0.2128176638256016,0.32958503260558747,5,1,1,DE,0.24253266292589598,0.46051607295575236,FALSE,TRUE
neo_ser,sco_rat,log_damage,23,-0.11587162343189505,0.5985475436720635,-0.015815079230108973,0.9429035688446084,6,1,1,DE,0.7012651422568495,0.9617616402215006,FALSE,TRUE
neo_ser,sco_sco,log_damage,0,NA,NA,NA,NA,0,0,0,,NA,NA,TRUE,TRUE
neo_ser,tet_gab,log_damage,23,0.09669572777418826,0.6607292973240211,0.26792151918403795,0.21645785703804016,6,1,1,DE,0.7486763161548003,0.33023698701957405,FALSE,TRUE
neo_ser,tet_spp,log_damage,0,NA,NA,NA,NA,0,0,0,,NA,NA,TRUE,TRUE
neo_ser,tha_pit,log_damage,18,-0.07015616178597159,0.782072326100219,-0.09705731804518168,0.7016279617635952,16,1,1,BG,0.8473439162906773,0.7901614585160994,FALSE,TRUE
neo_ser,tha_pro,log_damage,0,NA,NA,NA,NA,0,0,0,,NA,NA,TRUE,TRUE
neo_ser,tom_spp,log_damage,23,0.16716884618940775,0.44582503345402036,0.3029131902282683,0.1600296483103471,11,1,1,DE,0.5756221950925327,0.25619096164481575,FALSE,TRUE
neo_ser,tor_vir,log_damage,41,-0.2914776584100584,0.06445384685205825,-0.26904532525313724,0.08894704808585228,17,2,2,"BG,DE",0.12370980282895053,0.16368090807551167,FALSE,TRUE
neo_ser,uro_sir_spp,log_damage,0,NA,NA,NA,NA,0,0,0,,NA,NA,TRUE,TRUE
neo_ser,xyl_lin,log_damage,23,-0.12185471764165212,0.5796636718711503,-0.2524097618629752,0.24525858735744216,10,1,1,DE,0.6897997695266689,0.36558378157247123,FALSE,TRUE
neo_ser,xyl_spp,log_damage,23,-0.049679532263879236,0.8218963368574906,0.1694712562070047,0.4394938515952559,11,1,1,DE,0.8784939887967789,0.5705429273436594,FALSE,TRUE
neo_ser,zei_gri,log_damage,0,NA,NA,NA,NA,0,0,0,,NA,NA,TRUE,TRUE
ope_spp,pan_fla,log_damage,0,NA,NA,NA,NA,0,0,0,,NA,NA,TRUE,TRUE
ope_spp,pha_cya,log_damage,69,0.3910020736128766,8.941379503556681e-4,0.3678989118796617,0.0018707197030719104,29,3,1,DE,0.003257216819152791,0.006300442773553509,FALSE,TRUE
ope_spp,pis_pin,log_damage,23,-0.10922781303342274,0.619813727525661,0.30579617515777613,0.15589279551887225,7,1,1,DE,0.7207605886861922,0.2514986710290067,FALSE,TRUE
ope_spp,pit_bid,log_damage,23,-0.05566755156821807,0.8008251035227754,-0.03563093837613276,0.8717773049850374,7,1,1,DE,0.8624270345629889,0.9095453731483942,FALSE,TRUE
ope_spp,pit_cha,log_damage,69,0.41053503555938525,4.5888696941515604e-4,0.38717539791586364,0.0010141985319174185,29,3,1,DE,0.0018202516453467857,0.003791297129785533,FALSE,TRUE
ope_spp,pit_spp,log_damage,23,-0.090112260317743,0.682615516292028,-0.056311278431943466,0.798567596770454,14,1,1,DE,0.7687499662973313,0.8652158787467437,FALSE,TRUE
ope_spp,pol_pol,log_damage,0,NA,NA,NA,NA,0,0,0,,NA,NA,TRUE,TRUE
ope_spp,pri_abi,log_damage,46,-0.00804726320666153,0.9576697924130451,0.029980582820979942,0.8432120350021999,13,2,1,DE,0.9751584669908191,0.8948674447482353,FALSE,TRUE
ope_spp,sap_car,log_damage,0,NA,NA,NA,NA,0,0,0,,NA,NA,TRUE,TRUE
ope_spp,sco_int,log_damage,23,-0.5828562004891316,0.0035143934625902337,-0.5979989545158153,0.0025798722474658035,1,1,1,DE,0.010760342009402036,0.008287357087371968,FALSE,TRUE
ope_spp,sco_rat,log_damage,23,-0.7590787454119946,2.6764689562832917e-5,-0.6643281597004597,5.456866437086779e-4,1,1,1,DE,1.4261185334225898e-4,0.0022035050457353787,FALSE,TRUE
ope_spp,sco_sco,log_damage,0,NA,NA,NA,NA,0,0,0,,NA,NA,TRUE,TRUE
ope_spp,tet_gab,log_damage,23,-0.2431427296843293,0.26359951811638244,-0.19535519125683065,0.3716996227123993,2,1,1,DE,0.3833517716286865,0.505511486888863,FALSE,TRUE
ope_spp,tet_spp,log_damage,0,NA,NA,NA,NA,0,0,0,,NA,NA,TRUE,TRUE
ope_spp,tha_pit,log_damage,0,NA,NA,NA,NA,0,0,0,,NA,NA,TRUE,TRUE
ope_spp,tha_pro,log_damage,46,0.6125880824020368,6.0443815183655135e-6,0.5703009052157242,3.507995388189659e-5,20,2,1,DE,3.626628911019308e-5,1.8832396294491853e-4,FALSE,TRUE
ope_spp,tom_spp,log_damage,69,0.4777307567313864,3.309801117659878e-5,0.46048204955658345,6.854461866340039e-5,30,3,1,DE,1.6760269489426614e-4,3.446539276455484e-4,FALSE,TRUE
ope_spp,tor_vir,log_damage,69,0.5197527224745425,4.724128161729082e-6,0.5336834373051521,2.3353244466031055e-6,27,3,1,DE,2.9587960591882147e-5,1.6188559756064245e-5,FALSE,TRUE
ope_spp,uro_sir_spp,log_damage,0,NA,NA,NA,NA,0,0,0,,NA,NA,TRUE,TRUE
ope_spp,xyl_lin,log_damage,69,0.3394384634669871,0.004326538685780141,0.07095141598205656,0.5623661526944577,29,3,1,DE,0.012925308040364103,0.6887297307441557,FALSE,TRUE
ope_spp,xyl_spp,log_damage,69,0.30137148761234306,0.011854402302273626,0.0651282338892292,0.5949494553358352,29,3,1,DE,0.0303370725585067,0.7139393464030023,FALSE,TRUE
ope_spp,zei_gri,log_damage,0,NA,NA,NA,NA,0,0,0,,NA,NA,TRUE,TRUE
pan_fla,pha_cya,log_damage,306,0.21529797927834599,1.474253877683522e-4,0.17265758586055377,0.0024398276624838246,154,15,2,"DE,PL",6.418397979670943e-4,0.007918349777333867,FALSE,TRUE
pan_fla,pis_pin,log_damage,46,0.3593571568168284,0.014176799246067151,0.3805591157657134,0.009080022424241468,14,2,1,DE,0.03551661284804191,0.024372691770332362,FALSE,TRUE
pan_fla,pit_bid,log_damage,23,0.04188174660036039,0.8495133292409138,0.032999238618066896,0.881180044301648,8,1,1,DE,0.8985963215970555,0.9145049650947551,FALSE,TRUE
pan_fla,pit_cha,log_damage,46,0.4565738561281983,0.0014257902061936417,0.4695558258740975,9.94223138668189e-4,15,2,1,DE,0.004870881374269187,0.003736185900047826,FALSE,TRUE
pan_fla,pit_spp,log_damage,0,NA,NA,NA,NA,0,0,0,,NA,NA,TRUE,TRUE
pan_fla,pol_pol,log_damage,0,NA,NA,NA,NA,0,0,0,,NA,NA,TRUE,TRUE
pan_fla,pri_abi,log_damage,0,NA,NA,NA,NA,0,0,0,,NA,NA,TRUE,TRUE
pan_fla,sap_car,log_damage,0,NA,NA,NA,NA,0,0,0,,NA,NA,TRUE,TRUE
pan_fla,sco_int,log_damage,23,-0.0876194135585289,0.690968927931076,-0.0050553980073522065,0.9817357563898936,7,1,1,DE,0.7744926444941731,0.9831126648841292,FALSE,TRUE
pan_fla,sco_rat,log_damage,23,-0.3890836459101628,0.06650610133701503,-0.32635402691907023,0.12855593606252264,7,1,1,DE,0.12711611910113937,0.21785763870791267,FALSE,TRUE
pan_fla,sco_sco,log_damage,23,0.026139416476576704,0.9057593403026896,0.030488566611409307,0.890164872404116,6,1,1,DE,0.9449363251643442,0.9224640332315514,FALSE,TRUE
pan_fla,tet_gab,log_damage,46,0.3127301829333808,0.0343394276755644,0.3681596988670736,0.011823363059249645,9,2,1,DE,0.07297128381057436,0.030814112556302335,FALSE,TRUE
pan_fla,tet_spp,log_damage,23,0.9587140579650851,6.080578917883078e-13,0.9979296921783483,1.62533412021121e-26,6,1,1,DE,9.64785188304115e-12,1.2894317353675599e-24,FALSE,TRUE
pan_fla,tha_pit,log_damage,23,-0.4723941281089713,0.02283824857609897,-0.43208990062862507,0.03949358524636205,2,1,1,DE,0.05226445347222648,0.08318117954543511,FALSE,TRUE
pan_fla,tha_pro,log_damage,23,-0.17352921798634727,0.42845263530425015,-0.18167062247471208,0.4067586684341836,5,1,1,DE,0.56366667954871,0.5387491901410647,FALSE,TRUE
pan_fla,tom_spp,log_damage,186,0.33380488180770185,3.223334183526361e-6,0.3746308444720284,1.3794961971064938e-7,76,9,2,"DE,PL",2.092236915488929e-5,1.216000351523502e-6,FALSE,TRUE
pan_fla,tor_vir,log_damage,243,0.1477840747802228,0.021193731639492817,0.14442316088556045,0.02435117697083845,94,12,2,"DE,PL",0.04945204049214991,0.055548691236992506,FALSE,TRUE
pan_fla,uro_sir_spp,log_damage,0,NA,NA,NA,NA,0,0,0,,NA,NA,TRUE,TRUE
pan_fla,xyl_lin,log_damage,23,0.5596105258435234,0.0054940971545798375,0.5921654249826674,0.002911299392210636,9,1,1,DE,0.01575415810590363,0.00919764498247077,FALSE,TRUE
pan_fla,xyl_spp,log_damage,23,0.37483193446865876,0.07802144226217178,0.44836329636619116,0.0318917688112608,9,1,1,DE,0.1446943111043913,0.0698488433473626,FALSE,TRUE
pan_fla,zei_gri,log_damage,0,NA,NA,NA,NA,0,0,0,,NA,NA,TRUE,TRUE
pha_cya,pis_pin,log_damage,69,0.7771606046387585,4.133424363590097e-15,0.48557826352400185,2.345547957422856e-5,48,3,1,DE,1.0540232127154748e-13,1.3186781429920622e-4,FALSE,TRUE
pha_cya,pit_bid,log_damage,69,0.4371894480034309,1.7256805787625737e-4,0.383821979701382,0.0011311997404641948,58,3,1,DE,7.422505621906491e-4,0.004079174821673914,FALSE,TRUE
pha_cya,pit_cha,log_damage,335,0.3965896909846326,4.5850086409242526e-14,0.24802951349954688,4.3334782264310785e-6,239,15,2,"AT,DE",8.847827485459234e-13,2.8128213215198094e-5,FALSE,TRUE
pha_cya,pit_spp,log_damage,291,0.4237062750282361,4.166458870404983e-14,0.5058060334131689,2.6223963726408924e-20,223,13,3,"AT,CZ,DE",8.263476759636549e-13,1.1702443812909982e-18,FALSE,TRUE
pha_cya,pol_pol,log_damage,161,0.33346864587461184,1.5416058922799084e-5,0.32618680571997644,2.414164283916291e-5,120,7,1,CZ,8.599270367873864e-5,1.3466510146220562e-4,FALSE,TRUE
pha_cya,pri_abi,log_damage,207,-0.15051710957601644,0.030403108360692835,-0.1907851988129833,0.005893688489589954,127,9,2,"CZ,DE",0.06618237612663014,0.016698784053838202,FALSE,TRUE
pha_cya,sap_car,log_damage,0,NA,NA,NA,NA,0,0,0,,NA,NA,TRUE,TRUE
pha_cya,sco_int,log_damage,276,0.336086350560435,1.030979004919885e-8,0.2596800429159469,1.2439289596077317e-5,137,12,2,"CZ,DE",8.868903729069854e-8,7.401377309666004e-5,FALSE,TRUE
pha_cya,sco_rat,log_damage,207,0.5547890827002205,4.179551642569065e-18,0.48049365185785764,2.354232540411622e-13,107,9,2,"CZ,DE",1.6578888182190624e-16,5.252881355793431e-12,FALSE,TRUE
pha_cya,sco_sco,log_damage,23,-0.2825486387296063,0.19145140703806432,-0.327803515116102,0.12676831338825773,13,1,1,DE,0.297165879619952,0.21602046720576615,FALSE,TRUE
pha_cya,tet_gab,log_damage,201,0.11372145507840199,0.1079571221282588,0.041719974378636226,0.5564988067853767,118,9,2,"AT,DE",0.19126894590465704,0.6838900999049207,FALSE,TRUE
pha_cya,tet_spp,log_damage,92,0.3029911701330031,0.003326937043522868,0.3006189437984514,0.0035949050454803354,52,4,1,DE,0.010256066401997407,0.01115983566292591,FALSE,TRUE
pha_cya,tha_pit,log_damage,23,0.387951663766557,0.06737028834455819,-0.027765072267072408,0.8999260845626953,11,1,1,DE,0.12793187733514508,0.9294327503818794,FALSE,TRUE
pha_cya,tha_pro,log_damage,138,0.3282241021903326,8.489739713038447e-5,0.2555581364453128,0.0024845113292488136,85,6,1,DE,3.831777032251889e-4,0.008026882756034628,FALSE,TRUE
pha_cya,tom_spp,log_damage,696,0.3060679688301696,1.4673932160208775e-16,0.3803927299815574,2.200947426836965e-25,465,32,4,"AT,CZ,DE,PL",4.76235798290412e-15,1.5714764627615934e-23,FALSE,TRUE
pha_cya,tor_vir,log_damage,418,0.2206849266421666,5.246579961975993e-6,0.09916231009977397,0.04273366899140066,248,20,2,"DE,PL",3.207969564461851e-5,0.08818450768745685,FALSE,TRUE
pha_cya,uro_sir_spp,log_damage,23,0.2490937477734491,0.2517235875954761,0.23086196503918024,0.2892206273231992,6,1,1,DE,0.37288514842981313,0.41972261770074026,FALSE,TRUE
pha_cya,xyl_lin,log_damage,161,0.441652841394026,4.500828725180216e-9,0.38520859559230497,4.5171825269753013e-7,114,7,1,DE,4.2847889463715653e-8,3.4680304561939413e-6,FALSE,TRUE
pha_cya,xyl_spp,log_damage,161,0.5303322155685902,4.647284798356292e-13,0.44408222597822383,3.6192998098956126e-9,106,7,1,DE,7.716654293084634e-12,4.3069667737757793e-8,FALSE,TRUE
pha_cya,zei_gri,log_damage,115,0.07137454097102693,0.44844343245686946,0.11023625971931637,0.24086949635945304,59,5,1,CZ,0.576916415809378,0.3605467932927662,FALSE,TRUE
pis_pin,pit_bid,log_damage,46,0.2206029612895572,0.14068508484362402,0.22994645898085053,0.12421130248156487,34,2,1,DE,0.2341472041453323,0.21309444756386006,FALSE,TRUE
pis_pin,pit_cha,log_damage,92,0.6478134997126196,2.9613682602396802e-12,0.4484318656971484,7.365383770796475e-6,66,4,2,"DE,LT",4.498759442151344e-11,4.6728584504266274e-5,FALSE,TRUE
pis_pin,pit_spp,log_damage,0,NA,NA,NA,NA,0,0,0,,NA,NA,TRUE,TRUE
pis_pin,pol_pol,log_damage,23,0.5437025759288647,0.007327091214696604,0.658882779443589,6.286083688551445e-4,17,1,1,LT,0.02017683602951295,0.0025074099182266656,FALSE,TRUE
pis_pin,pri_abi,log_damage,23,-0.3520669946580844,0.09944822523715541,-0.14794983283130053,0.5005043714019137,14,1,1,DE,0.17795998200333074,0.6347426663960327,FALSE,TRUE
pis_pin,sap_car,log_damage,0,NA,NA,NA,NA,0,0,0,,NA,NA,TRUE,TRUE
pis_pin,sco_int,log_damage,46,0.007530870044529913,0.960383893232142,-0.12930976162076488,0.39172709976095244,31,2,1,DE,0.9751584669908191,0.5267290945938231,FALSE,TRUE
pis_pin,sco_rat,log_damage,69,0.16471306119310347,0.17622441668404656,0.059108942992346473,0.6294877188447967,41,3,2,"DE,LT",0.27837219803630364,0.739491536965602,FALSE,TRUE
pis_pin,sco_sco,log_damage,23,0.4140224962182439,0.04952875550193223,0.2597889174695436,0.2312623314633987,13,1,1,DE,0.0998969814361006,0.34835718283727146,FALSE,TRUE
pis_pin,tet_gab,log_damage,69,0.48066090869798284,2.9133092726348857e-5,0.47509774572217023,3.708243690477512e-5,24,3,1,DE,1.5408169041935618e-4,1.9612488851858842e-4,FALSE,TRUE
pis_pin,tet_spp,log_damage,23,0.9633387512191842,1.7826078008290365e-13,0.9879918031276096,1.615541986205519e-18,6,1,1,DE,3.1043462677852e-12,6.408316545281891e-17,FALSE,TRUE
pis_pin,tha_pit,log_damage,23,-0.1513355656013088,0.4906394679459022,-0.09892632278194816,0.6533733391530681,8,1,1,DE,0.6189338871261028,0.7548682267884961,FALSE,TRUE
pis_pin,tha_pro,log_damage,23,0.1243490516689496,0.5718683639779594,-0.03571116242558167,0.8714909313996183,13,1,1,DE,0.6827993509703395,0.9095453731483942,FALSE,TRUE
pis_pin,tom_spp,log_damage,92,0.5232368316247193,8.736287677934346e-8,0.2613861825969542,0.011843714642730098,66,4,2,"DE,LT",6.930788224494582e-7,0.030814112556302335,FALSE,TRUE
pis_pin,tor_vir,log_damage,69,0.21917421844174986,0.07038782827457479,0.11972459079892811,0.3271508598473253,45,3,2,"DE,LT",0.13300981049830743,0.45814390854580916,FALSE,TRUE
pis_pin,uro_sir_spp,log_damage,0,NA,NA,NA,NA,0,0,0,,NA,NA,TRUE,TRUE
pis_pin,xyl_lin,log_damage,46,0.09621959156545021,0.5247035013926429,0.27253658369787886,0.06688852682639296,41,2,1,DE,0.6457177916615349,0.12907677879471507,FALSE,TRUE
pis_pin,xyl_spp,log_damage,46,0.20557002045054448,0.1705113837945932,0.4488322947612461,0.0017561277118841206,40,2,1,DE,0.26994485150629616,0.005942536427892237,FALSE,TRUE
pis_pin,zei_gri,log_damage,0,NA,NA,NA,NA,0,0,0,,NA,NA,TRUE,TRUE
pit_bid,pit_cha,log_damage,69,0.32548618699126375,0.0063519135095126385,0.380079664508713,0.0012760580146552608,57,3,1,DE,0.017785357826635387,0.004555527112319281,FALSE,TRUE
pit_bid,pit_spp,log_damage,0,NA,NA,NA,NA,0,0,0,,NA,NA,TRUE,TRUE
pit_bid,pol_pol,log_damage,0,NA,NA,NA,NA,0,0,0,,NA,NA,TRUE,TRUE
pit_bid,pri_abi,log_damage,46,-0.07216593464758607,0.6336431297343559,-0.036264732954952535,0.8108969342719781,25,2,1,DE,0.7294347096864395,0.8738037022239873,FALSE,TRUE
pit_bid,sap_car,log_damage,0,NA,NA,NA,NA,0,0,0,,NA,NA,TRUE,TRUE
pit_bid,sco_int,log_damage,69,0.2576479089163318,0.032572598748054855,0.29623977851671485,0.013452962484449967,37,3,1,DE,0.07026234291876486,0.03406175607764991,FALSE,TRUE
pit_bid,sco_rat,log_damage,46,0.4161759102807199,0.004018249466008839,0.5098321847766887,2.9552847186437194e-4,29,2,1,DE,0.012156907282755555,0.0012788322964312822,FALSE,TRUE
pit_bid,sco_sco,log_damage,23,0.04900251893512003,0.8242864689322347,0.07887661206934177,0.7205365575192143,10,1,1,DE,0.8791161499537727,0.8051065760073849,FALSE,TRUE
pit_bid,tet_gab,log_damage,46,0.3323675897838745,0.02402234215874883,0.3109494372317255,0.035432848004590865,17,2,1,DE,0.05462405191511677,0.07689681907379294,FALSE,TRUE
pit_bid,tet_spp,log_damage,0,NA,NA,NA,NA,0,0,0,,NA,NA,TRUE,TRUE
pit_bid,tha_pit,log_damage,23,0.2074957293528781,0.34210441878499165,0.20825333720544723,0.3403052329970564,7,1,1,DE,0.47246142168759,0.47271972054454914,FALSE,TRUE
pit_bid,tha_pro,log_damage,23,-0.17023151841657033,0.43741383439754933,-0.15618017052467248,0.47669430722426154,10,1,1,DE,0.5697071289275317,0.6088725140574646,FALSE,TRUE
pit_bid,tom_spp,log_damage,69,0.2700072773273007,0.024850077086698816,0.24237310932606945,0.04479778385708161,58,3,1,DE,0.056020912846273245,0.09191269446539159,FALSE,TRUE
pit_bid,tor_vir,log_damage,69,0.053078740084480644,0.6649015400443075,-0.029476984486879233,0.8099944142029045,50,3,1,DE,0.7499837276329155,0.8738037022239873,FALSE,TRUE
pit_bid,uro_sir_spp,log_damage,0,NA,NA,NA,NA,0,0,0,,NA,NA,TRUE,TRUE
pit_bid,xyl_lin,log_damage,69,0.07070802841440574,0.5637109798402489,0.018324142329907995,0.881203663844806,57,3,1,DE,0.6775919858685819,0.9145049650947551,FALSE,TRUE
pit_bid,xyl_spp,log_damage,69,0.25413681532656457,0.035101712146734985,0.25081743008543866,0.03764136668737555,56,3,1,DE,0.07393103974268077,0.08066160580616724,FALSE,TRUE
pit_bid,zei_gri,log_damage,0,NA,NA,NA,NA,0,0,0,,NA,NA,TRUE,TRUE
pit_cha,pit_spp,log_damage,239,0.04118274641658066,0.5263413932030998,0.2099938143237388,0.0010911796460065161,196,11,3,"AT,DE,SI",0.6457177916615349,0.004019080458140409,FALSE,TRUE
pit_cha,pol_pol,log_damage,23,0.6183597328246233,0.0016610956737812207,0.7674337048810539,1.923505582280193e-5,17,1,1,LT,0.0055163828422315885,1.0987063885984461e-4,FALSE,TRUE
pit_cha,pri_abi,log_damage,69,0.04805978982445052,0.6949487590706827,-0.0841851847706716,0.4916154573420338,37,3,1,DE,0.7760889744994127,0.6256924002534976,FALSE,TRUE
pit_cha,sap_car,log_damage,0,NA,NA,NA,NA,0,0,0,,NA,NA,TRUE,TRUE
pit_cha,sco_int,log_damage,115,0.07322527411087114,0.43673404945373795,-0.08856666694761633,0.34657808603212703,56,5,1,DE,0.5697071289275317,0.4795673516025944,FALSE,TRUE
pit_cha,sco_rat,log_damage,69,0.34064492357355836,0.004181823089993101,0.2970975564042394,0.013173464552602312,42,3,2,"DE,LT",0.012545469269979303,0.03383400608114407,FALSE,TRUE
pit_cha,sco_sco,log_damage,23,0.01062625798610334,0.9616198589679688,-0.07437329994372328,0.7359220601588309,13,1,1,DE,0.9751584669908191,0.8184553753168307,FALSE,TRUE
pit_cha,tet_gab,log_damage,222,0.3425902936728317,1.650341027555528e-7,0.38169933406709544,4.1225849812501945e-9,146,10,2,"AT,DE",1.2670360147039215e-6,4.747622059052643e-8,FALSE,TRUE
pit_cha,tet_spp,log_damage,115,0.377842068212894,3.140272322323736e-5,0.416042629897109,3.759734740154764e-6,62,5,1,DE,1.6247495928544547e-4,2.5024331685473e-5,FALSE,TRUE
pit_cha,tha_pit,log_damage,23,0.41562370518403113,0.04856663228718686,0.48265665630669563,0.01966484149562658,11,1,1,DE,0.09887853639300576,0.046958852267148424,FALSE,TRUE
pit_cha,tha_pro,log_damage,138,0.17084200907490094,0.045130280624408964,0.13914944350193972,0.1035893351596187,82,6,1,DE,0.0926101406124802,0.18490696325991937,FALSE,TRUE
pit_cha,tom_spp,log_damage,400,0.6173687582876528,2.1664145045379345e-43,0.5985193077893284,3.1034958912665547e-40,319,18,3,"AT,DE,LT",3.867049890600213e-41,5.5397401659108e-38,FALSE,TRUE
pit_cha,tor_vir,log_damage,184,0.3717277536512131,2.0429926415839627e-7,0.29536993950351226,4.691595221813111e-5,106,8,2,"DE,LT",1.5194757771780723e-6,2.463087491451883e-4,FALSE,TRUE
pit_cha,uro_sir_spp,log_damage,23,-0.011690642100464242,0.9577786693940609,0.16891906345815116,0.4410078986949707,8,1,1,DE,0.9751584669908191,0.5705934968633829,FALSE,TRUE
pit_cha,xyl_lin,log_damage,184,0.5225045775358904,2.793665301616514e-14,0.4392375540300015,4.44809133383896e-10,131,8,1,DE,5.86669713339468e-13,5.77443129520185e-9,FALSE,TRUE
pit_cha,xyl_spp,log_damage,161,0.3884431651900753,3.5472492611890423e-07,0.21929662029577607,0.0051901969224612396,106,7,1,DE,2.4830744828323297e-6,0.015064230092021647,FALSE,TRUE
pit_cha,zei_gri,log_damage,0,NA,NA,NA,NA,0,0,0,,NA,NA,TRUE,TRUE
pit_spp,pol_pol,log_damage,138,0.20579026921441357,0.015457622891232451,0.2044021464167567,0.016181881736972787,112,6,1,CZ,0.038389767290410916,0.03956802589109099,FALSE,TRUE
pit_spp,pri_abi,log_damage,161,-0.3416190671222411,9.204896607617416e-6,-0.434906336455047,8.171882605671335e-9,87,7,2,"CZ,DE",5.300238853095834e-5,8.840491182498989e-8,FALSE,TRUE
pit_spp,sap_car,log_damage,0,NA,NA,NA,NA,0,0,0,,NA,NA,TRUE,TRUE
pit_spp,sco_int,log_damage,184,0.1920334815879761,0.009015437594108852,0.17201020055010618,0.019554462001426985,87,8,2,"CZ,DE",0.023578836784592383,0.046851966003419024,FALSE,TRUE
pit_spp,sco_rat,log_damage,138,0.36011937010228556,1.4349927039810911e-5,0.3694796507281624,8.204599303718629e-6,67,6,1,CZ,8.067596776712591e-5,5.138670090223773e-5,FALSE,TRUE
pit_spp,sco_sco,log_damage,0,NA,NA,NA,NA,0,0,0,,NA,NA,TRUE,TRUE
pit_spp,tet_gab,log_damage,130,0.0487529100040182,0.5817517752687218,0.048676789266815845,0.5823422377482417,103,6,2,"AT,DE",0.6899846636908097,0.7047328097495671,FALSE,TRUE
pit_spp,tet_spp,log_damage,46,0.31286662317710995,0.03425681099063348,0.26673844222322135,0.0731421107895335,33,2,1,DE,0.07297128381057436,0.1377927891918916,FALSE,TRUE
pit_spp,tha_pit,log_damage,23,0.039537357696993763,0.8578514096682793,0.3557312252964427,0.09573462668647775,23,1,1,HR,0.9060738261880938,0.17393008512505118,FALSE,TRUE
pit_spp,tha_pro,log_damage,69,0.21360439510592538,0.07801563032539463,0.3055126105076129,0.010687090870078913,47,3,1,DE,0.1446943111043913,0.0284723241837177,FALSE,TRUE
pit_spp,tom_spp,log_damage,333,0.2484258736927092,4.465902007800147e-6,0.4549421534746925,2.046904162465481e-18,283,15,3,"AT,CZ,DE",2.8218177288223937e-5,7.69205037894923e-17,FALSE,TRUE
pit_spp,tor_vir,log_damage,23,-0.4413855673304854,0.034994648610925515,-0.4452170347832921,0.03326264037951951,18,1,1,DE,0.07393103974268077,0.07262851752592332,FALSE,TRUE
pit_spp,uro_sir_spp,log_damage,0,NA,NA,NA,NA,0,0,0,,NA,NA,TRUE,TRUE
pit_spp,xyl_lin,log_damage,23,-0.01208011827219397,0.9563733356805437,-0.066501856173116,0.7630486619019349,22,1,1,DE,0.9751584669908191,0.8375943948049792,FALSE,TRUE
pit_spp,xyl_spp,log_damage,46,-0.14660224189055043,0.33094756574769324,-0.2685338423345798,0.07115822057739983,27,2,1,DE,0.458828275619132,0.13512491886240288,FALSE,TRUE
pit_spp,zei_gri,log_damage,115,0.058916156530802045,0.5316777263934669,0.12222887538124497,0.1931473086183674,53,5,1,CZ,0.648919481444334,0.2997982138119876,FALSE,TRUE
pol_pol,pri_abi,log_damage,161,-0.1135188949281023,0.15162676079028473,-0.17043295803545372,0.03065352328368436,87,7,1,CZ,0.2473719180941719,0.06755128279182294,FALSE,TRUE
pol_pol,sap_car,log_damage,0,NA,NA,NA,NA,0,0,0,,NA,NA,TRUE,TRUE
pol_pol,sco_int,log_damage,161,0.24036062089177912,0.002131829802386234,0.22562955635183546,0.004004389355162657,83,7,1,CZ,0.006887450130786294,0.01211497457451753,FALSE,TRUE
pol_pol,sco_rat,log_damage,184,0.08667124635458842,0.24205858861568907,0.07758351597159159,0.2951914362579728,77,8,2,"CZ,LT",0.36232669239329557,0.4249328336455495,FALSE,TRUE
pol_pol,sco_sco,log_damage,0,NA,NA,NA,NA,0,0,0,,NA,NA,TRUE,TRUE
pol_pol,tet_gab,log_damage,0,NA,NA,NA,NA,0,0,0,,NA,NA,TRUE,TRUE
pol_pol,tet_spp,log_damage,0,NA,NA,NA,NA,0,0,0,,NA,NA,TRUE,TRUE
pol_pol,tha_pit,log_damage,0,NA,NA,NA,NA,0,0,0,,NA,NA,TRUE,TRUE
pol_pol,tha_pro,log_damage,0,NA,NA,NA,NA,0,0,0,,NA,NA,TRUE,TRUE
pol_pol,tom_spp,log_damage,207,0.39305176962103944,4.676898655231006e-9,0.37168854524998785,3.505480981073961e-8,151,9,2,"CZ,LT",4.3938232103091295e-8,3.337217893982411e-7,FALSE,TRUE
pol_pol,tor_vir,log_damage,23,0.37387540144621373,0.07884490221442515,0.4323213596802483,0.03937630575447397,13,1,1,LT,0.14584264295621646,0.08317953345767577,FALSE,TRUE
pol_pol,uro_sir_spp,log_damage,0,NA,NA,NA,NA,0,0,0,,NA,NA,TRUE,TRUE
pol_pol,xyl_lin,log_damage,0,NA,NA,NA,NA,0,0,0,,NA,NA,TRUE,TRUE
pol_pol,xyl_spp,log_damage,0,NA,NA,NA,NA,0,0,0,,NA,NA,TRUE,TRUE
pol_pol,zei_gri,log_damage,115,-0.3057068357822768,8.923370856407861e-4,-0.2295915517351368,0.01357700464996384,52,5,1,CZ,0.003257216819152791,0.03425435095432573,FALSE,TRUE
pri_abi,sap_car,log_damage,0,NA,NA,NA,NA,0,0,0,,NA,NA,TRUE,TRUE
pri_abi,sco_int,log_damage,184,-0.2452655470670237,7.917149566159738e-4,-0.26267034103832415,3.1551776468032955e-4,65,8,2,"CZ,DE",0.0029596046022188757,0.0013409504998914007,FALSE,TRUE
pri_abi,sco_rat,log_damage,161,-0.182507636218115,0.02049200578391397,-0.1633402233503241,0.03842131737763231,59,7,2,"CZ,DE",0.04860894395254012,0.08164529942746866,FALSE,TRUE
pri_abi,sco_sco,log_damage,0,NA,NA,NA,NA,0,0,0,,NA,NA,TRUE,TRUE
pri_abi,tet_gab,log_damage,23,-0.35068881120337136,0.1008721623589806,-0.3304273735575649,0.12357806534481607,4,1,1,DE,0.18005680981078034,0.2126138280872257,FALSE,TRUE
pri_abi,tet_spp,log_damage,0,NA,NA,NA,NA,0,0,0,,NA,NA,TRUE,TRUE
pri_abi,tha_pit,log_damage,0,NA,NA,NA,NA,0,0,0,,NA,NA,TRUE,TRUE
pri_abi,tha_pro,log_damage,23,-0.31343359344051436,0.14529834180168116,-0.3177199094567466,0.1395814389830952,7,1,1,DE,0.23903920748018515,0.22963398026251144,FALSE,TRUE
pri_abi,tom_spp,log_damage,230,0.04388544380765409,0.5078118917191587,-0.09757035673801372,0.14016212635789096,136,10,2,"CZ,DE",0.6338770816214674,0.23005921429777965,FALSE,TRUE
pri_abi,tor_vir,log_damage,69,0.06670560262638356,0.5860405135935435,-0.0072286627301318485,0.9529922797393225,36,3,1,DE,0.6927697462016391,0.9624278468654545,FALSE,TRUE
pri_abi,uro_sir_spp,log_damage,0,NA,NA,NA,NA,0,0,0,,NA,NA,TRUE,TRUE
pri_abi,xyl_lin,log_damage,69,0.16052480107109407,0.18763014240302897,0.0691668041002509,0.5722619178558135,37,3,1,DE,0.292506379204722,0.6948894716820592,FALSE,TRUE
pri_abi,xyl_spp,log_damage,69,0.12253085001501647,0.3158564877327835,0.09235841065382466,0.4503771976425439,38,3,1,DE,0.44302936171942486,0.581499672905563,FALSE,TRUE
pri_abi,zei_gri,log_damage,115,-0.14167513284372363,0.13095965097181997,-0.1440900849545175,0.12445432021586786,47,5,1,CZ,0.22157628150208403,0.21309444756386006,FALSE,TRUE
sap_car,sco_int,log_damage,0,NA,NA,NA,NA,0,0,0,,NA,NA,TRUE,TRUE
sap_car,sco_rat,log_damage,0,NA,NA,NA,NA,0,0,0,,NA,NA,TRUE,TRUE
sap_car,sco_sco,log_damage,0,NA,NA,NA,NA,0,0,0,,NA,NA,TRUE,TRUE
sap_car,tet_gab,log_damage,0,NA,NA,NA,NA,0,0,0,,NA,NA,TRUE,TRUE
sap_car,tet_spp,log_damage,0,NA,NA,NA,NA,0,0,0,,NA,NA,TRUE,TRUE
sap_car,tha_pit,log_damage,0,NA,NA,NA,NA,0,0,0,,NA,NA,TRUE,TRUE
sap_car,tha_pro,log_damage,0,NA,NA,NA,NA,0,0,0,,NA,NA,TRUE,TRUE
sap_car,tom_spp,log_damage,0,NA,NA,NA,NA,0,0,0,,NA,NA,TRUE,TRUE
sap_car,tor_vir,log_damage,0,NA,NA,NA,NA,0,0,0,,NA,NA,TRUE,TRUE
sap_car,uro_sir_spp,log_damage,0,NA,NA,NA,NA,0,0,0,,NA,NA,TRUE,TRUE
sap_car,xyl_lin,log_damage,0,NA,NA,NA,NA,0,0,0,,NA,NA,TRUE,TRUE
sap_car,xyl_spp,log_damage,0,NA,NA,NA,NA,0,0,0,,NA,NA,TRUE,TRUE
sap_car,zei_gri,log_damage,0,NA,NA,NA,NA,0,0,0,,NA,NA,TRUE,TRUE
sco_int,sco_rat,log_damage,207,0.6655789620739819,7.417595734301691e-28,0.6151602542549383,6.115850584350621e-23,91,9,2,"CZ,DE",4.8146939584467337e-26,3.9697430156603124e-21,FALSE,TRUE
sco_int,sco_sco,log_damage,23,0.07792510033316057,0.723778886490956,-0.013435158623623619,0.9514849943268735,12,1,1,DE,0.7999661377005304,0.9624278468654545,FALSE,TRUE
sco_int,tet_gab,log_damage,92,-0.0662362626162741,0.5304502079507962,-0.13927638342193166,0.18547296784425574,28,4,1,DE,0.6485952545494046,0.29041162070350574,FALSE,TRUE
sco_int,tet_spp,log_damage,46,-0.2135434995874688,0.1541686393104286,-0.271395453075325,0.06808446049080875,10,2,1,DE,0.2507435272611526,0.1307566518393186,FALSE,TRUE
sco_int,tha_pit,log_damage,23,0.08789146246312575,0.6900555876027956,0.1330835511861911,0.54494234522135,10,1,1,DE,0.7744926444941731,0.672001441257416,FALSE,TRUE
sco_int,tha_pro,log_damage,69,0.09652230551772843,0.4301285734678635,0.03896455078807518,0.7505823044192569,25,3,1,DE,0.5645437526765709,0.831459515240296,FALSE,TRUE
sco_int,tom_spp,log_damage,276,0.2687614752197118,5.945215972987079e-6,0.24587341927344977,3.6309504461520016e-5,145,12,2,"CZ,DE",3.5973594955193004e-5,1.934700461606365e-4,FALSE,TRUE
sco_int,tor_vir,log_damage,69,-0.13852910359307674,0.25630395356206453,-0.14241083310304364,0.24308805551799814,34,3,1,DE,0.3768852357137703,0.3631064260247922,FALSE,TRUE
sco_int,uro_sir_spp,log_damage,0,NA,NA,NA,NA,0,0,0,,NA,NA,TRUE,TRUE
sco_int,xyl_lin,log_damage,69,-0.13161633772158748,0.28102832592919674,-0.12427426980930235,0.30896732989368225,43,3,1,DE,0.4037138868153137,0.43857390366618115,FALSE,TRUE
sco_int,xyl_spp,log_damage,92,0.10592793069783477,0.31491414066785006,0.15108492057387124,0.1505451665686051,41,4,1,DE,0.4426155441670176,0.2459708213500779,FALSE,TRUE
sco_int,zei_gri,log_damage,115,0.04454784229923936,0.6363998252988471,0.006929441047631407,0.9414089863161955,37,5,1,CZ,0.7294979371466465,0.9616108958937962,FALSE,TRUE
sco_rat,sco_sco,log_damage,23,0.026088432109443067,0.9059423626087366,-0.03875526526045275,0.8606363250590783,12,1,1,DE,0.9449363251643442,0.9063998438200251,FALSE,TRUE
sco_rat,tet_gab,log_damage,46,0.38585897227728194,0.00808655752084837,0.374234418347619,0.010401676649267375,17,2,1,DE,0.021624726853504632,0.027815719578939718,FALSE,TRUE
sco_rat,tet_spp,log_damage,0,NA,NA,NA,NA,0,0,0,,NA,NA,TRUE,TRUE
sco_rat,tha_pit,log_damage,23,0.3376629381122109,0.1150819113558478,0.3949748768136355,0.06214434044680684,9,1,1,DE,0.19992332045760422,0.12189851395335187,FALSE,TRUE
sco_rat,tha_pro,log_damage,23,0.057067652474035876,0.7959170375837912,-0.02651515601740208,0.9044106642432983,12,1,1,DE,0.8600828887647185,0.9316578881365514,FALSE,TRUE
sco_rat,tom_spp,log_damage,230,0.4314162407575802,7.648639839500867e-12,0.41058741401029536,9.112557725915262e-11,121,10,3,"CZ,DE,LT",1.1145160908986978e-10,1.2830970121395413e-9,FALSE,TRUE
sco_rat,tor_vir,log_damage,69,0.1921024525356583,0.11380076140742336,0.12996069747453573,0.28717720233283595,32,3,2,"DE,LT",0.19915133246299088,0.41765274253083734,FALSE,TRUE
sco_rat,uro_sir_spp,log_damage,0,NA,NA,NA,NA,0,0,0,,NA,NA,TRUE,TRUE
sco_rat,xyl_lin,log_damage,46,0.154649654763125,0.3047929751174591,-0.02533670355579572,0.8672603379221631,35,2,1,DE,0.42923507738435074,0.9092861692752193,FALSE,TRUE
sco_rat,xyl_spp,log_damage,46,0.13617234400481676,0.36686462674486464,0.24201024193349657,0.10514402341010985,33,2,1,DE,0.49704239752530044,0.18710748432790858,FALSE,TRUE
sco_rat,zei_gri,log_damage,115,0.08846500879597505,0.34713407473630664,0.09216757514896401,0.32724564896129227,36,5,1,CZ,0.47572692775762565,0.45814390854580916,FALSE,TRUE
sco_sco,tet_gab,log_damage,23,0.18347073962182975,0.402045463764538,0.14425884916697934,0.5113685212484447,7,1,1,DE,0.5335696303492196,0.6439455452758193,FALSE,TRUE
sco_sco,tet_spp,log_damage,0,NA,NA,NA,NA,0,0,0,,NA,NA,TRUE,TRUE
sco_sco,tha_pit,log_damage,23,-0.1080720502632,0.6235441310604128,-0.10683526511001214,0.6275459784064548,5,1,1,DE,0.722744333729115,0.739385855746219,FALSE,TRUE
sco_sco,tha_pro,log_damage,23,0.47638023208144864,0.021560062556757346,0.5194712070519298,0.01107406542249674,10,1,1,DE,0.05014294679324022,0.02917668897292499,FALSE,TRUE
sco_sco,tom_spp,log_damage,23,0.16733234168754446,0.445373871557583,0.08104748326492602,0.7131566769322757,13,1,1,DE,0.5756221950925327,0.7993624290889244,FALSE,TRUE
sco_sco,tor_vir,log_damage,23,0.152216247217318,0.4880894285323244,0.20067484340229785,0.35855547742117877,8,1,1,DE,0.6174858969690231,0.49043795187494565,FALSE,TRUE
sco_sco,uro_sir_spp,log_damage,0,NA,NA,NA,NA,0,0,0,,NA,NA,TRUE,TRUE
sco_sco,xyl_lin,log_damage,23,-0.010610064833943894,0.9616783040121228,-0.0480208830812983,0.8277547201300024,13,1,1,DE,0.9751584669908191,0.886082264127169,FALSE,TRUE
sco_sco,xyl_spp,log_damage,23,-0.2323892493164272,0.28595255644224876,0.0144543282255919,0.9478094198482157,12,1,1,DE,0.4067133970114853,0.9624278468654545,FALSE,TRUE
sco_sco,zei_gri,log_damage,0,NA,NA,NA,NA,0,0,0,,NA,NA,TRUE,TRUE
tet_gab,tet_spp,log_damage,92,0.575277323089403,1.997411722654049e-9,0.5452946549773978,1.9046403210515696e-8,58,4,1,DE,2.03735995710713e-8,1.942733127472601e-7,FALSE,TRUE
tet_gab,tha_pit,log_damage,23,-0.2561056600274978,0.23818124677406105,-0.27512444135096914,0.20388518262353186,3,1,1,DE,0.3591477759728867,0.3139486538786455,FALSE,TRUE
tet_gab,tha_pro,log_damage,92,0.050452274071025656,0.6329284705391109,-0.024567248631535685,0.8161854070609459,56,4,1,DE,0.7294347096864395,0.8755515040647093,FALSE,TRUE
tet_gab,tom_spp,log_damage,222,0.23077503596380042,5.283379314192794e-4,0.2578260759242552,1.020209738017346e-4,142,10,2,"AT,DE",0.002061384060291615,5.001218066216975e-4,FALSE,TRUE
tet_gab,tor_vir,log_damage,46,0.237012169431964,0.11275147632583016,0.22136084423343533,0.13929130591217154,16,2,1,DE,0.1977998872153384,0.22963398026251144,FALSE,TRUE
tet_gab,uro_sir_spp,log_damage,23,0.47374413938666343,0.02239870561072812,0.4838548334861953,0.019318841308062024,10,1,1,DE,0.0517562323820708,0.04660017802012258,FALSE,TRUE
tet_gab,xyl_lin,log_damage,69,0.06567571659799677,0.5918504397898758,0.05966688846998259,0.6262511900292833,36,3,1,DE,0.6961799242338903,0.739385855746219,FALSE,TRUE
tet_gab,xyl_spp,log_damage,92,-0.33615447247894753,0.0010525757006184845,-0.3101647379949933,0.0026219892668895915,32,4,1,DE,0.003739000249958199,0.008357590788210573,FALSE,TRUE
tet_gab,zei_gri,log_damage,0,NA,NA,NA,NA,0,0,0,,NA,NA,TRUE,TRUE
tet_spp,tha_pit,log_damage,0,NA,NA,NA,NA,0,0,0,,NA,NA,TRUE,TRUE
tet_spp,tha_pro,log_damage,69,0.009958794898905431,0.9352712262545416,-0.04098360960286039,0.7381104917497534,48,3,1,DE,0.9608397921521478,0.8196125833737541,FALSE,TRUE
tet_spp,tom_spp,log_damage,92,0.43983525754983893,1.1501108226250275e-5,0.3930446310332682,1.0636379335634898e-4,51,4,1,DE,6.517294661541823e-5,5.131334355164404e-4,FALSE,TRUE
tet_spp,tor_vir,log_damage,23,0.03303244087018714,0.8810613173637281,0.015044382455995852,0.9456818900270764,2,1,1,DE,0.9251143832319145,0.9624278468654545,FALSE,TRUE
tet_spp,uro_sir_spp,log_damage,23,0.32041583405020047,0.13606894164944303,0.3701959994618573,0.08207355656596783,9,1,1,DE,0.22859582197106426,0.1530039670707599,FALSE,TRUE
tet_spp,xyl_lin,log_damage,46,0.5477901963167415,8.136598339457419e-5,0.5989362425841597,1.0959873132857251e-5,24,2,1,DE,3.7003383531035655e-4,6.688332834923142e-5,FALSE,TRUE
tet_spp,xyl_spp,log_damage,46,-0.08573217268455859,0.5710495984734582,-0.0979293761735321,0.517328062148739,13,2,1,DE,0.6827993509703395,0.6474832642236241,FALSE,TRUE
tet_spp,zei_gri,log_damage,0,NA,NA,NA,NA,0,0,0,,NA,NA,TRUE,TRUE
tha_pit,tha_pro,log_damage,23,0.10050713638154567,0.6481789851899001,0.1750630000157196,0.42431870363452984,7,1,1,DE,0.7392967978044548,0.5558964300826684,FALSE,TRUE
tha_pit,tom_spp,log_damage,23,0.42526525436470464,0.043076729746003885,0.414874252913755,0.049015132370827316,11,1,1,DE,0.08889244230822767,0.09942274009309858,FALSE,TRUE
tha_pit,tor_vir,log_damage,41,-0.4724892972276477,0.0018130435237591223,-0.4218650786427538,0.006009640316227296,9,2,2,"BG,DE",0.005993116092425988,0.01696001259204067,FALSE,TRUE
tha_pit,uro_sir_spp,log_damage,0,NA,NA,NA,NA,0,0,0,,NA,NA,TRUE,TRUE
tha_pit,xyl_lin,log_damage,23,-0.879837319677754,3.1750010093619157e-8,-0.8534528877863885,2.260742037717979e-7,11,1,1,DE,2.667000847864009e-7,1.8769416452681827e-6,FALSE,TRUE
tha_pit,xyl_spp,log_damage,23,-0.6727864719718978,4.355701381320535e-4,-0.7352404713799752,6.420564790541848e-5,10,1,1,DE,0.0017374138470742245,3.2512647237211914e-4,FALSE,TRUE
tha_pit,zei_gri,log_damage,0,NA,NA,NA,NA,0,0,0,,NA,NA,TRUE,TRUE
tha_pro,tom_spp,log_damage,138,0.16939746288941057,0.04700580429531319,0.20709502338622224,0.014802751560608203,82,6,1,DE,0.09616660248382125,0.036826357541025284,FALSE,TRUE
tha_pro,tor_vir,log_damage,69,0.3154817044543092,0.00827803410568211,0.2657244251901747,0.02732897715496298,28,3,1,DE,0.022054165490511292,0.06097778027701115,FALSE,TRUE
tha_pro,uro_sir_spp,log_damage,23,0.42959403267400875,0.04077574983140119,0.4186165119531149,0.046807355171104924,10,1,1,DE,0.0846333877314548,0.09548700454905405,FALSE,TRUE
tha_pro,xyl_lin,log_damage,92,0.4556906056207999,5.007713729625763e-6,0.24755106939247862,0.017354094337071236,57,4,1,DE,3.109137046045909e-5,0.042289499510815225,FALSE,TRUE
tha_pro,xyl_spp,log_damage,115,0.1174488558068638,0.21127360939568812,0.0370512995030593,0.6942268706469538,50,5,1,DE,0.3251063730787097,0.7840483639082815,FALSE,TRUE
tha_pro,zei_gri,log_damage,0,NA,NA,NA,NA,0,0,0,,NA,NA,TRUE,TRUE
tom_spp,tor_vir,log_damage,341,0.31595456440117164,2.4227746049782307e-9,0.2651358793773723,6.790948791621903e-7,159,16,3,"DE,LT,PL",2.4364240393724743e-8,5.103934144440041e-6,FALSE,TRUE
tom_spp,uro_sir_spp,log_damage,23,-0.004479103462458318,0.9838175233564549,-0.026194661477154508,0.9055610285248832,10,1,1,DE,0.9865810557254338,0.9316578881365514,FALSE,TRUE
tom_spp,xyl_lin,log_damage,161,0.8302283965552344,3.3388380376122484e-42,0.5548082633845546,2.2302241920042454e-14,126,7,1,DE,3.973217264758576e-40,5.490965769279418e-13,FALSE,TRUE
tom_spp,xyl_spp,log_damage,161,0.35770281304132356,3.186042941627645e-6,0.19786892401389997,0.011868180606418968,107,7,1,DE,2.087004275524898e-5,0.030814112556302335,FALSE,TRUE
tom_spp,zei_gri,log_damage,115,0.18421440401091796,0.04874684147106166,0.24704157048907968,0.007775344348284506,61,5,1,CZ,0.09887853639300576,0.021517813428973402,FALSE,TRUE
tor_vir,uro_sir_spp,log_damage,0,NA,NA,NA,NA,0,0,0,,NA,NA,TRUE,TRUE
tor_vir,xyl_lin,log_damage,161,0.5824219120747931,5.308644606642219e-16,0.5711460388200726,2.5481283806904065e-15,88,7,1,DE,1.57932177047606e-14,6.738383940047964e-14,FALSE,TRUE
tor_vir,xyl_spp,log_damage,115,0.5312610762307868,1.006665503993227e-9,0.4479615434892746,5.167733099940495e-7,78,5,1,DE,1.1408875711923241e-8,3.9252781205931e-6,FALSE,TRUE
tor_vir,zei_gri,log_damage,0,NA,NA,NA,NA,0,0,0,,NA,NA,TRUE,TRUE
uro_sir_spp,xyl_lin,log_damage,23,0.30368505767520076,0.15891462552326355,0.1637166342322157,0.45540742699759484,10,1,1,DE,0.2555518978009238,0.5848217677630985,FALSE,TRUE
uro_sir_spp,xyl_spp,log_damage,23,0.08602611024572927,0.6963264048515959,0.1301596925604911,0.5538904904468619,5,1,1,DE,0.7760889744994127,0.6818582934121713,FALSE,TRUE
uro_sir_spp,zei_gri,log_damage,0,NA,NA,NA,NA,0,0,0,,NA,NA,TRUE,TRUE
xyl_lin,xyl_spp,log_damage,138,0.6506332378682436,5.7575262879931885e-18,0.6377450775572211,4.0454685758046184e-17,104,6,1,DE,2.1636177734879667e-16,1.3129384377838624e-15,FALSE,TRUE
xyl_lin,zei_gri,log_damage,0,NA,NA,NA,NA,0,0,0,,NA,NA,TRUE,TRUE
xyl_spp,zei_gri,log_damage,0,NA,NA,NA,NA,0,0,0,,NA,NA,TRUE,TRUE
