species_a,species_b,version,n,r_pearson,p_pearson,r_spearman,p_spearman,n_both_positive,n_regions,n_countries,countries,fdr_pearson,fdr_spearman,low_n,reference_only
CambXyl_con&BB_con&BO,CambXyl_con&BB_con&SM,z_within,20,-0.384860666876006,0.09381963337618641,-0.22305978612415697,0.3445023573972824,13,2,1,DE,0.18612604685920853,0.502739880879763,FALSE,FALSE
CambXyl_con&BB_con&BO,CambXyl_con&BO,z_within,8,0.43191314553885496,0.28524248991108875,0.4761904761904763,0.23293553465009784,6,2,1,DE,0.43314600319832,0.373477644941777,TRUE,FALSE
CambXyl_con&BB_con&BO,CambXyl_con&MD,z_within,10,-0.5035927977947888,0.13782146754866506,-0.018237166310401936,0.960119464496727,8,1,1,DE,0.2514073804224589,0.9771428592573073,FALSE,FALSE
CambXyl_con&BB_con&BO,Def_dec,z_within,0,NA,NA,NA,NA,0,0,0,,NA,NA,TRUE,FALSE
CambXyl_con&BB_con&BO,Def_dec&DB,z_within,174,0.09142209912090495,0.23023162663192576,0.0641758489159355,0.4001778617002,87,9,2,"AT,DE",0.3747248214179359,0.5629953250390068,FALSE,FALSE
CambXyl_con&BB_con&BO,agr_big,z_within,48,-0.2119102288345032,0.14819501007538743,-0.2091647441607041,0.15364503475972188,21,3,1,DE,0.26417371361264713,0.2677902326480173,FALSE,FALSE
CambXyl_con&BB_con&BO,agr_vir,z_within,48,-0.09298528993461509,0.529608533355663,-0.042675405978814966,0.7733456092512084,13,3,1,DE,0.6795722015189655,0.8558490611379055,FALSE,FALSE
CambXyl_con&BB_con&BO,bup_pin,z_within,16,0.6654551204584145,0.004901296698247994,0.7856221169280212,3.098151346922382e-4,4,1,1,DE,0.017583401904964678,0.0016116085303029748,FALSE,FALSE
CambXyl_con&BB_con&BO,cep_spp,z_within,0,NA,NA,NA,NA,0,0,0,,NA,NA,TRUE,FALSE
CambXyl_con&BB_con&BO,clo_ana,z_within,0,NA,NA,NA,NA,0,0,0,,NA,NA,TRUE,FALSE
CambXyl_con&BB_con&BO,den_mic,z_within,0,NA,NA,NA,NA,0,0,0,,NA,NA,TRUE,FALSE
CambXyl_con&BB_con&BO,den_pin,z_within,0,NA,NA,NA,NA,0,0,0,,NA,NA,TRUE,FALSE
CambXyl_con&BB_con&BO,dip_sp,z_within,153,0.057902253824823724,0.477124774947823,-0.07094748146349364,0.38349543988445833,42,8,2,"AT,DE",0.6310359926729272,0.5439696437240834,FALSE,FALSE
CambXyl_con&BB_con&BO,era_def,z_within,42,-0.4026008298478926,0.008209921239576123,-0.2210738437839693,0.15943852924647547,0,3,1,DE,0.027504833413521564,0.2762104098213589,FALSE,FALSE
CambXyl_con&BB_con&BO,geo_db,z_within,49,0.1140326024636791,0.4352898650656384,0.055288844113846894,0.7059360536972044,21,3,2,"DE,HR",0.5874366360838787,0.8224775943616954,FALSE,FALSE
CambXyl_con&BB_con&BO,ips_acu,z_within,48,-0.2999836480229878,0.03830843328630167,-0.12273747335215172,0.4059261273642021,0,3,1,DE,0.09478034787214293,0.569222142769671,FALSE,FALSE
CambXyl_con&BB_con&BO,ips_ami,z_within,0,NA,NA,NA,NA,0,0,0,,NA,NA,TRUE,FALSE
CambXyl_con&BB_con&BO,ips_cem,z_within,48,0.20306161345061724,0.1662855476987787,0.19048115590803272,0.19469442210632412,22,3,1,DE,0.2909997084728627,0.3254988299680487,FALSE,FALSE
CambXyl_con&BB_con&BO,ips_dup,z_within,0,NA,NA,NA,NA,0,0,0,,NA,NA,TRUE,FALSE
CambXyl_con&BB_con&BO,ips_sex,z_within,32,-0.3583999357336039,0.043985803264839404,-0.2858968132205444,0.1126839125569718,0,2,1,DE,0.10432996311577611,0.2146478953795414,FALSE,FALSE
CambXyl_con&BB_con&BO,ips_typ,z_within,235,0.2527452486144068,8.94176489938803e-5,0.24287029803007557,1.7009901952883365e-4,160,12,3,"AT,DE,HR",5.13257305224873e-4,9.572238942112797e-4,FALSE,FALSE
CambXyl_con&BB_con&BO,lym_dis,z_within,182,0.1856198190505267,0.012116413049110783,0.13620178584486886,0.06674971190486334,79,10,3,"AT,DE,HR",0.03766148604795807,0.1429639351992222,FALSE,FALSE
CambXyl_con&BB_con&BO,lym_mon,z_within,16,0.773921163417774,4.345538784989571e-4,0.8453653463535492,3.728248488509068e-5,4,1,1,DE,0.0021258573260659205,2.5275763374852815e-4,FALSE,FALSE
CambXyl_con&BB_con&BO,mel_spp,z_within,48,0.32614027067545304,0.02368169615626429,0.27402728714523006,0.05946682552421035,25,3,1,DE,0.06411930940422501,0.12962262475024078,FALSE,FALSE
CambXyl_con&BB_con&BO,neo_ser,z_within,0,NA,NA,NA,NA,0,0,0,,NA,NA,TRUE,FALSE
CambXyl_con&BB_con&BO,ope_spp,z_within,32,-0.21620852407108054,0.23462829881462172,0.02790218237220966,0.8795118105104089,1,2,1,DE,0.3783051784258227,0.9279728244885901,FALSE,FALSE
CambXyl_con&BB_con&BO,pan_fla,z_within,11,0.810625150198105,0.00247318139359334,0.8611592499592488,6.608356757918383e-4,4,1,1,DE,0.009591933242720115,0.003059029660520284,FALSE,FALSE
CambXyl_con&BB_con&BO,pha_cya,z_within,195,0.283696898333031,5.843856529716568e-5,0.29142646278755024,3.573336827564375e-5,98,10,2,"AT,DE",3.5185737567034717e-4,2.441780165502323e-4,FALSE,FALSE
CambXyl_con&BB_con&BO,pis_pin,z_within,32,0.35245105100140534,0.04787855999372908,0.5063057281271897,0.0031093344292971357,5,2,1,DE,0.11202021781141504,0.011951504212610865,FALSE,FALSE
CambXyl_con&BB_con&BO,pit_bid,z_within,16,-0.4429560386562563,0.08573791333989947,-0.3385658956121272,0.19959820306333034,0,1,1,DE,0.17369492561330221,0.3298542280950622,FALSE,FALSE
CambXyl_con&BB_con&BO,pit_cha,z_within,216,0.2565133549499081,1.3781004047631944e-4,0.24760908601302348,2.374971524435725e-4,140,11,2,"AT,DE",7.509774990513356e-4,0.0012860694858736852,FALSE,FALSE
CambXyl_con&BB_con&BO,pit_spp,z_within,175,0.2523660205968452,7.536815549538882e-4,0.24473158969648973,0.0010982257677483753,133,9,3,"AT,DE,HR",0.003451701163911158,0.004704340229011696,FALSE,FALSE
CambXyl_con&BB_con&BO,pol_pol,z_within,0,NA,NA,NA,NA,0,0,0,,NA,NA,TRUE,FALSE
CambXyl_con&BB_con&BO,pri_abi,z_within,15,-0.15853655349419327,0.5725290751594889,-0.1204162728583704,0.6690355744023537,2,1,1,DE,0.7164935083027906,0.794308300861455,FALSE,FALSE
CambXyl_con&BB_con&BO,sap_car,z_within,0,NA,NA,NA,NA,0,0,0,,NA,NA,TRUE,FALSE
CambXyl_con&BB_con&BO,sco_int,z_within,30,0.10935995628299347,0.5651106950763933,0.07946986264668045,0.6763564642175586,10,2,1,DE,0.7123869816409586,0.7981988307762684,FALSE,FALSE
CambXyl_con&BB_con&BO,sco_rat,z_within,0,NA,NA,NA,NA,0,0,0,,NA,NA,TRUE,FALSE
CambXyl_con&BB_con&BO,sco_sco,z_within,14,0.18213262526127913,0.5331602993621283,-0.04346599470904719,0.8827058574403661,2,1,1,DE,0.682141159830126,0.9279728244885901,FALSE,FALSE
CambXyl_con&BB_con&BO,tet_gab,z_within,153,0.09575347795326238,0.23903606934997643,0.07849038205521987,0.3348457801382708,94,8,2,"AT,DE",0.38275238464521616,0.49030989234532507,FALSE,FALSE
CambXyl_con&BB_con&BO,tet_spp,z_within,48,0.2357201850577759,0.10676881809878024,0.22033870831115346,0.13235615366773776,21,3,1,DE,0.20519632228359327,0.23991294380615202,FALSE,FALSE
CambXyl_con&BB_con&BO,tha_pit,z_within,19,-0.478584231989905,0.03818418663859881,-0.3526315789473684,0.13866298585442174,19,1,1,HR,0.09478034787214293,0.24924599336254097,FALSE,FALSE
CambXyl_con&BB_con&BO,tha_pro,z_within,48,0.18535594746378417,0.20720218501042117,0.23330046151595507,0.11052097640812909,20,3,1,DE,0.34708381574702846,0.21193443360222528,FALSE,FALSE
CambXyl_con&BB_con&BO,tom_spp,z_within,216,0.5201337064452674,2.270205843753282e-16,0.5020514904725509,3.417528664617763e-15,142,11,2,"AT,DE",9.307843959388456e-15,1.401186752493283e-13,FALSE,FALSE
CambXyl_con&BB_con&BO,tor_vir,z_within,48,-0.16941437637136217,0.2496737412030086,-0.04911539827681547,0.740257847190862,3,3,1,DE,0.39662193943872764,0.8401067874965916,FALSE,FALSE
CambXyl_con&BB_con&BO,uro_sir_spp,z_within,9,0.14366458465076226,0.7123160974054199,0,1,1,1,1,DE,0.8232270602229081,1,TRUE,FALSE
CambXyl_con&BB_con&BO,xyl_lin,z_within,32,-1.566218779481327e-17,1,0.17027697302127437,0.35147191721109805,0,2,1,DE,1,0.5094567688867936,FALSE,FALSE
CambXyl_con&BB_con&BO,xyl_spp,z_within,45,0.3372815789257266,0.0234680058927465,0.059969000378305964,0.6955633368135208,4,3,1,DE,0.06374117688850074,0.8170259658887331,FALSE,FALSE
CambXyl_con&BB_con&BO,zei_gri,z_within,0,NA,NA,NA,NA,0,0,0,,NA,NA,TRUE,FALSE
CambXyl_con&BB_con&SM,CambXyl_con&BO,z_within,8,0.6008698563196915,0.1151730398560392,0.4523809523809525,0.2604047674368849,7,2,1,DE,0.21698903132614825,0.40252873386563354,TRUE,FALSE
CambXyl_con&BB_con&SM,CambXyl_con&MD,z_within,194,0.410108786804764,2.875632902023068e-9,0.37902669553786955,5.041686016824318e-8,138,9,2,"CZ,DE",4.3437191730558974e-8,6.291147334037301e-7,FALSE,FALSE
CambXyl_con&BB_con&SM,Def_dec,z_within,0,NA,NA,NA,NA,0,0,0,,NA,NA,TRUE,FALSE
CambXyl_con&BB_con&SM,Def_dec&DB,z_within,204,-0.17102408858010013,0.014455155277742113,-0.144992080160639,0.03853459930430969,129,10,2,"CZ,DE",0.04328892762808698,0.09452504273792207,FALSE,FALSE
CambXyl_con&BB_con&SM,agr_big,z_within,20,-0.02772841156882902,0.9076190088194747,0.1241534988713318,0.6020146958029678,18,2,1,DE,0.9460774413965711,0.7377949014496532,FALSE,FALSE
CambXyl_con&BB_con&SM,agr_vir,z_within,20,0.2145824309869492,0.36361519547386956,0.22133254779773473,0.3483481647637432,13,2,1,DE,0.5209196061614005,0.505780387624929,FALSE,FALSE
CambXyl_con&BB_con&SM,bup_pin,z_within,0,NA,NA,NA,NA,0,0,0,,NA,NA,TRUE,FALSE
CambXyl_con&BB_con&SM,cep_spp,z_within,161,-0.3086505720179531,6.790061863137903e-5,-0.3180034863922516,3.9429347166450554e-5,96,7,1,CZ,4.0042762083299555e-4,2.631679682970072e-4,FALSE,FALSE
CambXyl_con&BB_con&SM,clo_ana,z_within,0,NA,NA,NA,NA,0,0,0,,NA,NA,TRUE,FALSE
CambXyl_con&BB_con&SM,den_mic,z_within,0,NA,NA,NA,NA,0,0,0,,NA,NA,TRUE,FALSE
CambXyl_con&BB_con&SM,den_pin,z_within,0,NA,NA,NA,NA,0,0,0,,NA,NA,TRUE,FALSE
CambXyl_con&BB_con&SM,dip_sp,z_within,20,0.37807812342187647,0.10025511995500573,0.32245043037111115,0.16557672004174728,1,2,1,DE,0.19573618657882072,0.2851231119118888,FALSE,FALSE
CambXyl_con&BB_con&SM,era_def,z_within,16,0.015619134003487406,0.9542173998948298,0.1628176062387771,0.5468523262191203,0,2,1,DE,0.9783654354317305,0.6972693205762744,FALSE,FALSE
CambXyl_con&BB_con&SM,geo_db,z_within,20,-0.6500537107536889,0.0019175365865330184,-0.4634965411001925,0.039561396990743666,3,2,1,DE,0.007608290327211654,0.09595031777191633,FALSE,FALSE
CambXyl_con&BB_con&SM,ips_acu,z_within,204,0.5601094380077674,3.0365815539247876e-18,0.5070385308483649,1.005556268337526e-14,148,10,2,"CZ,DE",1.6340604487057763e-16,3.607433112660875e-13,FALSE,FALSE
CambXyl_con&BB_con&SM,ips_ami,z_within,0,NA,NA,NA,NA,0,0,0,,NA,NA,TRUE,FALSE
CambXyl_con&BB_con&SM,ips_cem,z_within,20,-0.2651281204244179,0.2585992104634134,-0.13557498487905892,0.5687374631029953,14,2,1,DE,0.40668349562957473,0.7183838429513056,FALSE,FALSE
CambXyl_con&BB_con&SM,ips_dup,z_within,184,0.8195872083434662,6.830067148672733e-46,0.7923708872059225,6.399691025909985e-41,155,8,1,CZ,2.9403439075036117e-43,1.8367113244361657e-38,FALSE,FALSE
CambXyl_con&BB_con&SM,ips_sex,z_within,204,0.5662060757693965,1.0882291993825897e-18,0.5602803809715774,2.9513001928953252e-18,142,10,2,"CZ,DE",6.246435604456064e-17,1.6940463107219167e-16,FALSE,FALSE
CambXyl_con&BB_con&SM,ips_typ,z_within,20,-0.30076494854054026,0.19755922811969384,-0.23103191098835513,0.32707493379965524,14,2,1,DE,0.3347329898283178,0.4813872102589798,FALSE,FALSE
CambXyl_con&BB_con&SM,lym_dis,z_within,50,0.3878920688311104,0.005380444785187489,0.3577914208409681,0.010740105245001137,26,8,2,"CZ,DE",0.01898591377068208,0.03333643212598043,FALSE,FALSE
CambXyl_con&BB_con&SM,lym_mon,z_within,138,-0.15939086936690294,0.0618535846221231,-0.16832345497454979,0.04844188851072793,87,6,1,CZ,0.13415694631264785,0.11272558380469391,FALSE,FALSE
CambXyl_con&BB_con&SM,mel_spp,z_within,20,0.19633411099067433,0.4067554806135113,0.06919895186619557,0.7719018322647653,18,2,1,DE,0.5630489852222399,0.8553506789960913,FALSE,FALSE
CambXyl_con&BB_con&SM,neo_ser,z_within,0,NA,NA,NA,NA,0,0,0,,NA,NA,TRUE,FALSE
CambXyl_con&BB_con&SM,ope_spp,z_within,20,-0.09578015072336525,0.6879145041803227,-0.05939876348941521,0.8035509572417943,1,2,1,DE,0.8073011120155617,0.8779915916055646,FALSE,FALSE
CambXyl_con&BB_con&SM,pan_fla,z_within,0,NA,NA,NA,NA,0,0,0,,NA,NA,TRUE,FALSE
CambXyl_con&BB_con&SM,pha_cya,z_within,204,0.3955745075373446,4.746422338195162e-9,0.36390015482089205,8.787331811763767e-8,155,10,2,"CZ,DE",7.045982126182819e-8,1.0508184291567504e-6,FALSE,FALSE
CambXyl_con&BB_con&SM,pis_pin,z_within,10,NA,NA,NA,NA,0,1,1,DE,NA,NA,FALSE,FALSE
CambXyl_con&BB_con&SM,pit_bid,z_within,10,NA,NA,NA,NA,0,1,1,DE,NA,NA,FALSE,FALSE
CambXyl_con&BB_con&SM,pit_cha,z_within,20,-0.25269902789916715,0.2824172186621153,-0.1731589912876425,0.46534675714652274,11,2,1,DE,0.4306402997729694,0.6270165225401503,FALSE,FALSE
CambXyl_con&BB_con&SM,pit_spp,z_within,202,0.661868626515835,7.863399012318138e-27,0.5593663723333264,5.025338815350963e-18,142,10,2,"CZ,DE",1.692596637401479e-24,2.704260450010737e-16,FALSE,FALSE
CambXyl_con&BB_con&SM,pol_pol,z_within,184,0.1533008709230397,0.03774623416196042,0.1153699023576242,0.11887794023260247,142,8,1,CZ,0.09475075105961493,0.2225084924788494,FALSE,FALSE
CambXyl_con&BB_con&SM,pri_abi,z_within,170,-0.48451784756354016,2.160150822156326e-11,-0.4431392379695558,1.4348627967182786e-9,108,8,2,"CZ,DE",4.6497246446914916e-10,2.2061015499543533e-8,FALSE,FALSE
CambXyl_con&BB_con&SM,sap_car,z_within,0,NA,NA,NA,NA,0,0,0,,NA,NA,TRUE,FALSE
CambXyl_con&BB_con&SM,sco_int,z_within,188,0.08936127396318404,0.222643195975445,0.05174161806778023,0.4806942922874039,102,10,2,"CZ,DE",0.3658316636161415,0.643666851725435,FALSE,FALSE
CambXyl_con&BB_con&SM,sco_rat,z_within,168,0.4102093267793535,3.347563701586744e-8,0.328988410211747,1.3357230779604109e-5,81,8,1,CZ,4.059510347980545e-7,1.0177500620565609e-4,FALSE,FALSE
CambXyl_con&BB_con&SM,sco_sco,z_within,8,NA,NA,NA,NA,0,1,1,DE,NA,NA,TRUE,FALSE
CambXyl_con&BB_con&SM,tet_gab,z_within,20,-0.23322857185334372,0.3223666384459093,-0.1193814615043602,0.6161512958936481,13,2,1,DE,0.47284101482440866,0.7471919236118747,FALSE,FALSE
CambXyl_con&BB_con&SM,tet_spp,z_within,20,0.3992797259796761,0.08115155495805952,0.6558624538994471,0.0016900582442892853,14,2,1,DE,0.166360687664022,0.006896398807265757,FALSE,FALSE
CambXyl_con&BB_con&SM,tha_pit,z_within,0,NA,NA,NA,NA,0,0,0,,NA,NA,TRUE,FALSE
CambXyl_con&BB_con&SM,tha_pro,z_within,20,0.2599931183237165,0.2682801383285792,0.3630549285176824,0.11564384054309254,18,2,1,DE,0.41619675513676885,0.21787603218293802,FALSE,FALSE
CambXyl_con&BB_con&SM,tom_spp,z_within,204,0.5870447050148462,2.7657223552135727e-20,0.5463153053189732,2.868699607586176e-17,180,10,2,"CZ,DE",1.7009192484563473e-18,1.2999738748061568e-15,FALSE,FALSE
CambXyl_con&BB_con&SM,tor_vir,z_within,20,-0.09568105103108289,0.6882218539133824,-0.05939876348941521,0.8035509572417943,1,2,1,DE,0.8073011120155617,0.8779915916055646,FALSE,FALSE
CambXyl_con&BB_con&SM,uro_sir_spp,z_within,6,NA,NA,NA,NA,0,1,1,DE,NA,NA,TRUE,FALSE
CambXyl_con&BB_con&SM,xyl_lin,z_within,20,9.508413372322616e-17,0.9999999999999997,0.08674361346549045,0.716128876324819,0,2,1,DE,1,0.8287459173597704,FALSE,FALSE
CambXyl_con&BB_con&SM,xyl_spp,z_within,18,0.44745891763108037,0.0626104650947879,0.37515428924742517,0.12501908851299648,1,2,1,DE,0.13476902611653097,0.22853807900146492,FALSE,FALSE
CambXyl_con&BB_con&SM,zei_gri,z_within,133,-0.14438119431046115,0.09730387398026111,-0.1014899364957708,0.24507508024204655,72,7,1,CZ,0.1908397163940884,0.386464549612458,FALSE,FALSE
CambXyl_con&BO,CambXyl_con&MD,z_within,6,0.9432709144815844,0.004736001252058286,1,0,6,1,1,DE,0.01713318100009321,0,TRUE,FALSE
CambXyl_con&BO,Def_dec,z_within,0,NA,NA,NA,NA,0,0,0,,NA,NA,TRUE,FALSE
CambXyl_con&BO,Def_dec&DB,z_within,12,-0.3265685253387304,0.30019000875824997,-0.4823180264865125,0.11227940845334171,5,2,1,DE,0.44794384322504893,0.21435159795637965,FALSE,FALSE
CambXyl_con&BO,agr_big,z_within,12,-0.48327038273587186,0.1114686766472741,-0.1681263524012031,0.6014537771328918,11,2,1,DE,0.21139764447864096,0.7377949014496532,FALSE,FALSE
CambXyl_con&BO,agr_vir,z_within,12,-0.37509410844873714,0.22958350778987485,-0.47947721894090983,0.11472090343136954,5,2,1,DE,0.3743776519073527,0.21727771492100179,FALSE,FALSE
CambXyl_con&BO,bup_pin,z_within,0,NA,NA,NA,NA,0,0,0,,NA,NA,TRUE,FALSE
CambXyl_con&BO,cep_spp,z_within,0,NA,NA,NA,NA,0,0,0,,NA,NA,TRUE,FALSE
CambXyl_con&BO,clo_ana,z_within,0,NA,NA,NA,NA,0,0,0,,NA,NA,TRUE,FALSE
CambXyl_con&BO,den_mic,z_within,0,NA,NA,NA,NA,0,0,0,,NA,NA,TRUE,FALSE
CambXyl_con&BO,den_pin,z_within,0,NA,NA,NA,NA,0,0,0,,NA,NA,TRUE,FALSE
CambXyl_con&BO,dip_sp,z_within,12,-1.7544533476932156e-16,0.9999999999999996,-0.04828045495852676,0.8815533219813624,0,2,1,DE,1,0.9279728244885901,FALSE,FALSE
CambXyl_con&BO,era_def,z_within,6,0.03167281764486041,0.9525066601014178,-0.09759000729485331,0.8540797033781715,0,2,1,DE,0.9783654354317305,0.9150867729664678,TRUE,FALSE
CambXyl_con&BO,geo_db,z_within,12,-0.30213033401405104,0.3398535564043498,-0.07237058164837074,0.8231384019877677,2,2,1,DE,0.49428025686511007,0.8937227794596064,FALSE,FALSE
CambXyl_con&BO,ips_acu,z_within,12,-0.6396295156120377,0.025103291242141848,-0.34236839400873037,0.27599911324326704,0,2,1,DE,0.06670967209717324,0.4208958774463565,FALSE,FALSE
CambXyl_con&BO,ips_ami,z_within,0,NA,NA,NA,NA,0,0,0,,NA,NA,TRUE,FALSE
CambXyl_con&BO,ips_cem,z_within,12,0.5044274525586359,0.09444773331525327,0.6830133066298876,0.014359366083483243,11,2,1,DE,0.18651261097347036,0.042052429244486635,FALSE,FALSE
CambXyl_con&BO,ips_dup,z_within,0,NA,NA,NA,NA,0,0,0,,NA,NA,TRUE,FALSE
CambXyl_con&BO,ips_sex,z_within,12,1.7546715206379546e-16,0.9999999999999996,0.04828045495852676,0.8815533219813623,0,2,1,DE,1,0.9279728244885901,FALSE,FALSE
CambXyl_con&BO,ips_typ,z_within,35,0.3102856532348794,0.06966588865834213,0.35742296918767513,0.03503597392134915,34,3,2,"DE,SI",0.14665606389934613,0.0874376044819757,FALSE,FALSE
CambXyl_con&BO,lym_dis,z_within,12,-0.33957271317658094,0.2801955834885652,-0.5684562968335467,0.05379021848107193,7,2,1,DE,0.4292676110029442,0.12187731082158666,FALSE,FALSE
CambXyl_con&BO,lym_mon,z_within,0,NA,NA,NA,NA,0,0,0,,NA,NA,TRUE,FALSE
CambXyl_con&BO,mel_spp,z_within,12,-0.14488267657253798,0.6532451805400722,-0.34965034965034975,0.2652387868927897,11,2,1,DE,0.7798989850907792,0.40853416013361704,FALSE,FALSE
CambXyl_con&BO,neo_ser,z_within,0,NA,NA,NA,NA,0,0,0,,NA,NA,TRUE,FALSE
CambXyl_con&BO,ope_spp,z_within,8,-0.011344330960498616,0.9787312043105698,-0.2182178902359924,0.6036450565101363,0,2,1,DE,0.9925648609085992,0.7382647637148115,TRUE,FALSE
CambXyl_con&BO,pan_fla,z_within,0,NA,NA,NA,NA,0,0,0,,NA,NA,TRUE,FALSE
CambXyl_con&BO,pha_cya,z_within,12,0.03692839730470228,0.9092865616798105,0.21678321678321683,0.49855598552418845,10,2,1,DE,0.9466695642156189,0.6623076923076922,FALSE,FALSE
CambXyl_con&BO,pis_pin,z_within,6,NA,NA,NA,NA,0,1,1,DE,NA,NA,TRUE,FALSE
CambXyl_con&BO,pit_bid,z_within,6,NA,NA,NA,NA,0,1,1,DE,NA,NA,TRUE,FALSE
CambXyl_con&BO,pit_cha,z_within,21,0.5906058909539507,0.00481851034131704,0.5844155844155844,0.005399998364912417,20,3,2,"DE,SI",0.017358733907422475,0.018977137110977923,FALSE,FALSE
CambXyl_con&BO,pit_spp,z_within,35,0.5641336864007306,4.162232049175001e-4,0.5481792717086835,6.518094967955513e-4,34,3,2,"DE,SI",0.0020478181681941004,0.0030335566310322683,FALSE,FALSE
CambXyl_con&BO,pol_pol,z_within,0,NA,NA,NA,NA,0,0,0,,NA,NA,TRUE,FALSE
CambXyl_con&BO,pri_abi,z_within,5,NA,NA,NA,NA,0,1,1,DE,NA,NA,TRUE,FALSE
CambXyl_con&BO,sap_car,z_within,0,NA,NA,NA,NA,0,0,0,,NA,NA,TRUE,FALSE
CambXyl_con&BO,sco_int,z_within,12,-0.5725298955603298,0.05171477791408276,-0.708776292880729,0.009865190080435425,7,2,1,DE,0.11779477191541073,0.031113291792142492,FALSE,FALSE
CambXyl_con&BO,sco_rat,z_within,0,NA,NA,NA,NA,0,0,0,,NA,NA,TRUE,FALSE
CambXyl_con&BO,sco_sco,z_within,3,NA,NA,NA,NA,0,1,1,DE,NA,NA,TRUE,FALSE
CambXyl_con&BO,tet_gab,z_within,12,-0.2096365623732319,0.5131568029365539,-0.18213688176797005,0.5710157812668487,10,2,1,DE,0.6634054164089682,0.7193077203833546,FALSE,FALSE
CambXyl_con&BO,tet_spp,z_within,12,0.8102757831992703,0.0013943116637618888,0.4265734265734267,0.1666999876249451,10,2,1,DE,0.005799528224632784,0.28648440987041457,FALSE,FALSE
CambXyl_con&BO,tha_pit,z_within,0,NA,NA,NA,NA,0,0,0,,NA,NA,TRUE,FALSE
CambXyl_con&BO,tha_pro,z_within,12,0.09304914114942957,0.7736348475297834,0.27972027972027974,0.37856866966230307,11,2,1,DE,0.8657939727931603,0.5378673672924801,FALSE,FALSE
CambXyl_con&BO,tom_spp,z_within,12,-0.528790595385019,0.07712320808437441,-0.5926156348722754,0.04229695922560201,6,2,1,DE,0.1604745112830181,0.10116022748123148,FALSE,FALSE
CambXyl_con&BO,tor_vir,z_within,12,0.28511748758967215,0.3690435343717898,0.2723384952342173,0.39179940825435466,1,2,1,DE,0.5234703181122092,0.5539233013251221,FALSE,FALSE
CambXyl_con&BO,uro_sir_spp,z_within,4,NA,NA,NA,NA,0,1,1,DE,NA,NA,TRUE,FALSE
CambXyl_con&BO,xyl_lin,z_within,12,0.6023833247889662,0.03818762744540597,0.6453512675927133,0.023429050880653224,4,2,1,DE,0.09478034787214293,0.06226053335877292,FALSE,FALSE
CambXyl_con&BO,xyl_spp,z_within,12,0.5975024490140544,0.04020375049997877,0.638100129754593,0.02556510956440827,4,2,1,DE,0.09821966576610662,0.06690443566855782,FALSE,FALSE
CambXyl_con&BO,zei_gri,z_within,0,NA,NA,NA,NA,0,0,0,,NA,NA,TRUE,FALSE
CambXyl_con&MD,Def_dec,z_within,0,NA,NA,NA,NA,0,0,0,,NA,NA,TRUE,FALSE
CambXyl_con&MD,Def_dec&DB,z_within,199,-0.04630836219971923,0.5160197053461753,-0.03750552324019596,0.5989350385914269,88,9,2,"CZ,DE",0.6661063962564571,0.7377949014496532,FALSE,FALSE
CambXyl_con&MD,agr_big,z_within,15,-0.048152727397156335,0.8646853883482888,0.2627346893629261,0.344120125334223,15,1,1,DE,0.9171226213866642,0.502739880879763,FALSE,FALSE
CambXyl_con&MD,agr_vir,z_within,15,-0.3721237539533091,0.17198407354125317,-0.14655948658340093,0.6022220228032134,13,1,1,DE,0.29914805518993737,0.7377949014496532,FALSE,FALSE
CambXyl_con&MD,bup_pin,z_within,0,NA,NA,NA,NA,0,0,0,,NA,NA,TRUE,FALSE
CambXyl_con&MD,cep_spp,z_within,161,-0.08729467552807127,0.27084524599696336,-0.07064968140553868,0.3731585698208806,77,7,1,CZ,0.41866742693606,0.5337035359066084,FALSE,FALSE
CambXyl_con&MD,clo_ana,z_within,0,NA,NA,NA,NA,0,0,0,,NA,NA,TRUE,FALSE
CambXyl_con&MD,den_mic,z_within,0,NA,NA,NA,NA,0,0,0,,NA,NA,TRUE,FALSE
CambXyl_con&MD,den_pin,z_within,0,NA,NA,NA,NA,0,0,0,,NA,NA,TRUE,FALSE
CambXyl_con&MD,dip_sp,z_within,15,0.664476848905408,0.006888757357474657,0.694383846272756,0.004073485805375369,3,1,1,DE,0.023916210019297095,0.014861318976390646,FALSE,FALSE
CambXyl_con&MD,era_def,z_within,9,NA,NA,NA,NA,0,1,1,DE,NA,NA,TRUE,FALSE
CambXyl_con&MD,geo_db,z_within,15,-0.4500603440994629,0.09230832479365182,-0.4629327409992467,0.08225986979531005,4,1,1,DE,0.18355073359661483,0.1690351978371407,FALSE,FALSE
CambXyl_con&MD,ips_acu,z_within,199,0.46528246378659727,4.389115285868573e-12,0.4123492920870308,1.4333872623598042e-9,119,9,2,"CZ,DE",1.1114789003331886e-10,2.2061015499543533e-8,FALSE,FALSE
CambXyl_con&MD,ips_ami,z_within,0,NA,NA,NA,NA,0,0,0,,NA,NA,TRUE,FALSE
CambXyl_con&MD,ips_cem,z_within,15,0.0854315681503627,0.7621003670592646,0.32102571105110533,0.24334362009330232,11,1,1,DE,0.8588591832958467,0.3851449575373774,FALSE,FALSE
CambXyl_con&MD,ips_dup,z_within,184,0.32381019760645086,7.330990364044868e-6,0.3332274426813301,3.7986305876782104e-6,120,8,1,CZ,5.4886806116892445e-5,3.406896808323895e-5,FALSE,FALSE
CambXyl_con&MD,ips_sex,z_within,198,0.33322977190073055,1.6098881279542388e-6,0.3744236155709071,5.503483667953805e-8,115,9,2,"CZ,DE",1.400114826432929e-5,6.76928491158318e-7,FALSE,FALSE
CambXyl_con&MD,ips_typ,z_within,15,0.14573518009515385,0.6042878088401263,0.5495718522442908,0.033822259688577244,11,1,1,DE,0.7429743468392209,0.08465978995760155,FALSE,FALSE
CambXyl_con&MD,lym_dis,z_within,45,-0.09158255420482911,0.5496224302399024,0.008056816872997297,0.9581090284434743,20,7,2,"CZ,DE",0.6959189888772882,0.9768478234307,FALSE,FALSE
CambXyl_con&MD,lym_mon,z_within,138,-7.701405872143058e-4,0.9928472104656136,0.003885912941634774,0.9639207242114477,74,6,1,CZ,1,0.9798532981653558,FALSE,FALSE
CambXyl_con&MD,mel_spp,z_within,15,-0.21040318981501577,0.45164200313674463,-0.07142857142857141,0.8002959873970545,15,1,1,DE,0.6038257215849955,0.8777768728011006,FALSE,FALSE
CambXyl_con&MD,neo_ser,z_within,0,NA,NA,NA,NA,0,0,0,,NA,NA,TRUE,FALSE
CambXyl_con&MD,ope_spp,z_within,13,-0.16349716184658047,0.5935398490636259,-0.1543033499620919,0.6147373473434847,1,1,1,DE,0.7363657205241814,0.7465287109488581,FALSE,FALSE
CambXyl_con&MD,pan_fla,z_within,0,NA,NA,NA,NA,0,0,0,,NA,NA,TRUE,FALSE
CambXyl_con&MD,pha_cya,z_within,199,0.2934657067697919,2.5905433086151932e-5,0.22307955436860943,0.0015396375864565012,125,9,2,"CZ,DE",1.69621915172494e-4,0.0063732113554761894,FALSE,FALSE
CambXyl_con&MD,pis_pin,z_within,15,NA,NA,NA,NA,0,1,1,DE,NA,NA,FALSE,FALSE
CambXyl_con&MD,pit_bid,z_within,15,NA,NA,NA,NA,0,1,1,DE,NA,NA,FALSE,FALSE
CambXyl_con&MD,pit_cha,z_within,15,0.10568440824207466,0.7077669515429994,0.18919686716606735,0.49946819681619337,11,1,1,DE,0.8212767456583862,0.6623076923076922,FALSE,FALSE
CambXyl_con&MD,pit_spp,z_within,198,0.46118140413887976,8.053591845371658e-12,0.44959798367919723,3.041377298717719e-11,120,9,2,"CZ,DE",1.82477436285921e-10,6.54656463548989e-10,FALSE,FALSE
CambXyl_con&MD,pol_pol,z_within,184,0.2217338760347831,0.0024863805725883733,0.14198101200689225,0.05453654392173203,111,8,1,CZ,0.00959988194169771,0.12292137255657402,FALSE,FALSE
CambXyl_con&MD,pri_abi,z_within,175,-0.19356390000687504,0.010270706995435426,-0.1873867597902467,0.013022059590439668,77,8,2,"CZ,DE",0.033145070788290175,0.038795824592970776,FALSE,FALSE
CambXyl_con&MD,sap_car,z_within,0,NA,NA,NA,NA,0,0,0,,NA,NA,TRUE,FALSE
CambXyl_con&MD,sco_int,z_within,183,0.25033567265471307,6.311576400208401e-4,0.17214306255616021,0.019796970323108128,81,9,2,"CZ,DE",0.0029534061307496915,0.05445748066516325,FALSE,FALSE
CambXyl_con&MD,sco_rat,z_within,168,0.3778844075924117,4.4207157524197083e-07,0.3258933993053312,1.6266156674170372e-5,67,8,1,CZ,4.2766699582397405e-6,1.2178400779531035e-4,FALSE,FALSE
CambXyl_con&MD,sco_sco,z_within,9,NA,NA,NA,NA,0,1,1,DE,NA,NA,TRUE,FALSE
CambXyl_con&MD,tet_gab,z_within,15,0.013396690354412343,0.9622060108564833,0.0344873594989269,0.9028860672546464,11,1,1,DE,0.9804252962691504,0.9435683727648109,FALSE,FALSE
CambXyl_con&MD,tet_spp,z_within,15,0.6804787980936218,0.005238146150061765,0.6272441723910722,0.012317260260118671,12,1,1,DE,0.01855985117367564,0.03695178078035601,FALSE,FALSE
CambXyl_con&MD,tha_pit,z_within,0,NA,NA,NA,NA,0,0,0,,NA,NA,TRUE,FALSE
CambXyl_con&MD,tha_pro,z_within,15,0.544117894452405,0.03600307549369582,0.557142857142857,0.030961086755812012,15,1,1,DE,0.09090512609991819,0.07903078248175834,FALSE,FALSE
CambXyl_con&MD,tom_spp,z_within,199,0.26907287322912965,1.2156704548021062e-4,0.27471597983565954,8.610083963937999e-5,134,9,2,"CZ,DE",6.666829691621742e-4,5.333296613633538e-4,FALSE,FALSE
CambXyl_con&MD,tor_vir,z_within,15,-0.001979467894637741,0.9944138390803983,0.024147264420814753,0.931927469609163,2,1,1,DE,1,0.9597961140352742,FALSE,FALSE
CambXyl_con&MD,uro_sir_spp,z_within,9,NA,NA,NA,NA,0,1,1,DE,NA,NA,TRUE,FALSE
CambXyl_con&MD,xyl_lin,z_within,15,0.6413034048146505,0.009975688530806194,0.655439425375171,0.007987121350152036,4,1,1,DE,0.03241157669820428,0.026348319856248668,FALSE,FALSE
CambXyl_con&MD,xyl_spp,z_within,14,0.7879913400771363,8.159908831383361e-4,0.7863398288208654,8.515887241106505e-4,5,1,1,DE,0.003717291800963531,0.0038590415339961577,FALSE,FALSE
CambXyl_con&MD,zei_gri,z_within,133,-0.1262419458416178,0.14763101564075476,-0.11886845172897131,0.17295985539018957,58,7,1,CZ,0.26396039019732276,0.2943052084801447,FALSE,FALSE
Def_dec,Def_dec&DB,z_within,0,NA,NA,NA,NA,0,0,0,,NA,NA,TRUE,FALSE
Def_dec,agr_big,z_within,0,NA,NA,NA,NA,0,0,0,,NA,NA,TRUE,FALSE
Def_dec,agr_vir,z_within,0,NA,NA,NA,NA,0,0,0,,NA,NA,TRUE,FALSE
Def_dec,bup_pin,z_within,0,NA,NA,NA,NA,0,0,0,,NA,NA,TRUE,FALSE
Def_dec,cep_spp,z_within,0,NA,NA,NA,NA,0,0,0,,NA,NA,TRUE,FALSE
Def_dec,clo_ana,z_within,0,NA,NA,NA,NA,0,0,0,,NA,NA,TRUE,FALSE
Def_dec,den_mic,z_within,0,NA,NA,NA,NA,0,0,0,,NA,NA,TRUE,FALSE
Def_dec,den_pin,z_within,0,NA,NA,NA,NA,0,0,0,,NA,NA,TRUE,FALSE
Def_dec,dip_sp,z_within,0,NA,NA,NA,NA,0,0,0,,NA,NA,TRUE,FALSE
Def_dec,era_def,z_within,0,NA,NA,NA,NA,0,0,0,,NA,NA,TRUE,FALSE
Def_dec,geo_db,z_within,0,NA,NA,NA,NA,0,0,0,,NA,NA,TRUE,FALSE
Def_dec,ips_acu,z_within,0,NA,NA,NA,NA,0,0,0,,NA,NA,TRUE,FALSE
Def_dec,ips_ami,z_within,0,NA,NA,NA,NA,0,0,0,,NA,NA,TRUE,FALSE
Def_dec,ips_cem,z_within,0,NA,NA,NA,NA,0,0,0,,NA,NA,TRUE,FALSE
Def_dec,ips_dup,z_within,0,NA,NA,NA,NA,0,0,0,,NA,NA,TRUE,FALSE
Def_dec,ips_sex,z_within,0,NA,NA,NA,NA,0,0,0,,NA,NA,TRUE,FALSE
Def_dec,ips_typ,z_within,0,NA,NA,NA,NA,0,0,0,,NA,NA,TRUE,FALSE
Def_dec,lym_dis,z_within,0,NA,NA,NA,NA,0,0,0,,NA,NA,TRUE,FALSE
Def_dec,lym_mon,z_within,0,NA,NA,NA,NA,0,0,0,,NA,NA,TRUE,FALSE
Def_dec,mel_spp,z_within,0,NA,NA,NA,NA,0,0,0,,NA,NA,TRUE,FALSE
Def_dec,neo_ser,z_within,0,NA,NA,NA,NA,0,0,0,,NA,NA,TRUE,FALSE
Def_dec,ope_spp,z_within,0,NA,NA,NA,NA,0,0,0,,NA,NA,TRUE,FALSE
Def_dec,pan_fla,z_within,0,NA,NA,NA,NA,0,0,0,,NA,NA,TRUE,FALSE
Def_dec,pha_cya,z_within,0,NA,NA,NA,NA,0,0,0,,NA,NA,TRUE,FALSE
Def_dec,pis_pin,z_within,0,NA,NA,NA,NA,0,0,0,,NA,NA,TRUE,FALSE
Def_dec,pit_bid,z_within,0,NA,NA,NA,NA,0,0,0,,NA,NA,TRUE,FALSE
Def_dec,pit_cha,z_within,0,NA,NA,NA,NA,0,0,0,,NA,NA,TRUE,FALSE
Def_dec,pit_spp,z_within,0,NA,NA,NA,NA,0,0,0,,NA,NA,TRUE,FALSE
Def_dec,pol_pol,z_within,0,NA,NA,NA,NA,0,0,0,,NA,NA,TRUE,FALSE
Def_dec,pri_abi,z_within,0,NA,NA,NA,NA,0,0,0,,NA,NA,TRUE,FALSE
Def_dec,sap_car,z_within,0,NA,NA,NA,NA,0,0,0,,NA,NA,TRUE,FALSE
Def_dec,sco_int,z_within,0,NA,NA,NA,NA,0,0,0,,NA,NA,TRUE,FALSE
Def_dec,sco_rat,z_within,0,NA,NA,NA,NA,0,0,0,,NA,NA,TRUE,FALSE
Def_dec,sco_sco,z_within,0,NA,NA,NA,NA,0,0,0,,NA,NA,TRUE,FALSE
Def_dec,tet_gab,z_within,0,NA,NA,NA,NA,0,0,0,,NA,NA,TRUE,FALSE
Def_dec,tet_spp,z_within,0,NA,NA,NA,NA,0,0,0,,NA,NA,TRUE,FALSE
Def_dec,tha_pit,z_within,0,NA,NA,NA,NA,0,0,0,,NA,NA,TRUE,FALSE
Def_dec,tha_pro,z_within,0,NA,NA,NA,NA,0,0,0,,NA,NA,TRUE,FALSE
Def_dec,tom_spp,z_within,0,NA,NA,NA,NA,0,0,0,,NA,NA,TRUE,FALSE
Def_dec,tor_vir,z_within,0,NA,NA,NA,NA,0,0,0,,NA,NA,TRUE,FALSE
Def_dec,uro_sir_spp,z_within,0,NA,NA,NA,NA,0,0,0,,NA,NA,TRUE,FALSE
Def_dec,xyl_lin,z_within,0,NA,NA,NA,NA,0,0,0,,NA,NA,TRUE,FALSE
Def_dec,xyl_spp,z_within,0,NA,NA,NA,NA,0,0,0,,NA,NA,TRUE,FALSE
Def_dec,zei_gri,z_within,0,NA,NA,NA,NA,0,0,0,,NA,NA,TRUE,FALSE
Def_dec&DB,agr_big,z_within,161,0.19581356008786657,0.012796481465495169,0.0965399956636614,0.22312583235200142,43,7,1,DE,0.03949021699566788,0.3590866199160247,FALSE,FALSE
Def_dec&DB,agr_vir,z_within,138,0.160435637316341,0.060142923945252245,0.2487519670903404,0.0032611812499016967,20,6,1,DE,0.13259654592896025,0.012424234761793631,FALSE,FALSE
Def_dec&DB,bup_pin,z_within,100,0.32136820763722856,0.00111328000240521,0.10716068282434829,0.2886020522089927,16,5,1,DE,0.004749200797820058,0.43670714754295736,FALSE,FALSE
Def_dec&DB,cep_spp,z_within,161,0.0623217714086977,0.43223263543704415,0.0930827359911697,0.24022028760885727,74,7,1,CZ,0.5842265292171037,0.38090178200962455,FALSE,FALSE
Def_dec&DB,clo_ana,z_within,0,NA,NA,NA,NA,0,0,0,,NA,NA,TRUE,FALSE
Def_dec&DB,den_mic,z_within,0,NA,NA,NA,NA,0,0,0,,NA,NA,TRUE,FALSE
Def_dec&DB,den_pin,z_within,60,-0.08653924230787985,0.5108825289082092,-0.4163082911782173,9.381507317086212e-4,5,3,1,DE,0.662454604502964,0.0042070196875058485,FALSE,FALSE
Def_dec&DB,dip_sp,z_within,222,0.16396749339264585,0.014451299732690293,0.15709101086829788,0.019183320459331767,47,10,2,"AT,DE",0.04328892762808698,0.05328012553382146,FALSE,FALSE
Def_dec&DB,era_def,z_within,102,-0.43696623488244013,4.395025440147581e-6,-0.25144261997885753,0.010795654535643009,0,6,1,DE,3.4091143278982594e-5,0.03333643212598043,FALSE,FALSE
Def_dec&DB,geo_db,z_within,115,-0.276865879437037,0.002740798734046755,-0.22521269701430582,0.015523578380938449,0,5,1,DE,0.01044171553103653,0.044257619158900675,FALSE,FALSE
Def_dec&DB,ips_acu,z_within,299,0.04818574082146784,0.4064247670915523,0.03516641802729434,0.5446976850224418,103,13,2,"CZ,DE",0.5630489852222399,0.6958230071280747,FALSE,FALSE
Def_dec&DB,ips_ami,z_within,11,-0.18641543290674692,0.5831289129439368,-0.21999999999999997,0.5156846633150107,0,1,1,DE,0.7255404538218635,0.6696900378796746,FALSE,FALSE
Def_dec&DB,ips_cem,z_within,161,0.14678734690646594,0.06315654191454159,0.13328800152610537,0.09187542125459716,60,7,1,DE,0.13560544286389106,0.1843933279725132,FALSE,FALSE
Def_dec&DB,ips_dup,z_within,184,-0.25020303855968506,6.138096962120754e-4,-0.24927983645929727,6.439751474186348e-4,96,8,1,CZ,0.0028879243084076337,0.0030133837061274158,FALSE,FALSE
Def_dec&DB,ips_sex,z_within,316,0.02629696333872984,0.6414352150264309,0.0012884823138190017,0.9817987975354717,101,14,2,"CZ,DE",0.7691862397461797,0.9921699115939451,FALSE,FALSE
Def_dec&DB,ips_typ,z_within,287,0.006034591282358003,0.9189255636547455,0.005186968825938139,0.930282095592618,129,13,2,"AT,DE",0.9532468798876336,0.9592489632398132,FALSE,FALSE
Def_dec&DB,lym_dis,z_within,268,0.2825727866961368,2.596058369163935e-6,0.25316927552126256,2.7443075948758043e-5,79,17,3,"AT,CZ,DE",2.149236784471296e-5,1.925272444278594e-4,FALSE,FALSE
Def_dec&DB,lym_mon,z_within,233,0.16046930408239082,0.014198713726960141,0.1695957791767924,0.009496021899188616,71,11,2,"CZ,DE",0.04304610041870663,0.03050774199702014,FALSE,FALSE
Def_dec&DB,mel_spp,z_within,161,0.08193908555152642,0.30145039939121937,0.16301558567530644,0.038813311339804125,40,7,1,DE,0.4483627506344688,0.09466929479765256,FALSE,FALSE
Def_dec&DB,neo_ser,z_within,11,NA,NA,NA,NA,0,1,1,DE,NA,NA,FALSE,FALSE
Def_dec&DB,ope_spp,z_within,105,-0.126020684422091,0.2001994328063091,-0.087284959628559,0.3759465241854525,2,5,1,DE,0.33732233198871264,0.53679926587674065,FALSE,FALSE
Def_dec&DB,pan_fla,z_within,42,0.3870098756430548,0.011343283363807143,0.5556309964767205,1.3355251648902546e-4,8,3,1,DE,0.03573129462465733,7.769507884935873e-4,FALSE,FALSE
Def_dec&DB,pha_cya,z_within,450,0.09601879435748371,0.041759681293616166,0.08287740038680917,0.07904954302495108,185,20,3,"AT,CZ,DE",0.10015344176546942,0.16321740178533065,FALSE,FALSE
Def_dec&DB,pis_pin,z_within,115,0.2510610297675176,0.006801530135212871,0.3412967292679181,1.8940598879488532e-4,14,5,1,DE,0.023719683462928548,0.0010589516646259498,FALSE,FALSE
Def_dec&DB,pit_bid,z_within,69,-0.0435202252672427,0.72253704409679,0.023896717358472423,0.8454693154513022,5,3,1,DE,0.8339201004924077,0.9088003503165683,FALSE,FALSE
Def_dec&DB,pit_cha,z_within,287,0.07875534760857462,0.18337173672317852,0.08869379717113815,0.13388235864793477,126,13,2,"AT,DE",0.316398928494302,0.24216956049552907,FALSE,FALSE
Def_dec&DB,pit_spp,z_within,334,-0.14632857645518701,0.007391746935905176,-0.18022231579829898,9.380867246396872e-4,153,15,3,"AT,CZ,DE",0.025355753433523334,0.0042070196875058485,FALSE,FALSE
Def_dec&DB,pol_pol,z_within,184,-0.028681736429911037,0.6991366364180622,0.012114524545161934,0.8703487461103729,90,8,1,CZ,0.8145556751772011,0.9246141224915616,FALSE,FALSE
Def_dec&DB,pri_abi,z_within,271,0.22278953781981609,2.179902485169588e-4,0.23384240807063256,1.0201529865658131e-4,86,12,2,"CZ,DE",0.0011375127513521303,6.099664732174758e-4,FALSE,FALSE
Def_dec&DB,sap_car,z_within,0,NA,NA,NA,NA,0,0,0,,NA,NA,TRUE,FALSE
Def_dec&DB,sco_int,z_within,278,0.01933388141193711,0.7482575603030308,0.05533818042440113,0.357980975306635,76,13,2,"CZ,DE",0.8510635340909586,0.516503646039111,FALSE,FALSE
Def_dec&DB,sco_rat,z_within,212,-0.04996260935268242,0.4693004912186257,0.035538487313984415,0.6068664843320546,55,10,2,"CZ,DE",0.6216426506757488,0.7411518340565943,FALSE,FALSE
Def_dec&DB,sco_sco,z_within,51,0.09827260148154691,0.49266793840788714,0.012963652707323598,0.9280586796708084,4,3,1,DE,0.6456424580961808,0.9581037448400072,FALSE,FALSE
Def_dec&DB,tet_gab,z_within,266,0.01759076630448742,0.775209251644311,0.03250456781293214,0.5976545979317249,97,12,2,"AT,DE",0.8657939727931603,0.7377949014496532,FALSE,FALSE
Def_dec&DB,tet_spp,z_within,138,0.15548884580632624,0.06859803088552227,0.21438378587688006,0.011571132009715586,45,6,1,DE,0.14476202105988892,0.03531107241483593,FALSE,FALSE
Def_dec&DB,tha_pit,z_within,11,-0.05572195232006999,0.870736476546762,0.10127099265578655,0.7670194332806838,6,1,1,DE,0.918755032238679,0.8553506789960913,FALSE,FALSE
Def_dec&DB,tha_pro,z_within,138,0.1639678493720578,0.05464443938409355,0.11746698844291056,0.1700234965344479,47,6,1,DE,0.12220483716806375,0.2904568065796818,FALSE,FALSE
Def_dec&DB,tom_spp,z_within,471,0.05980389685733547,0.19511083129421106,0.0686146688126108,0.13703906315402736,236,21,3,"AT,CZ,DE",0.33180675848004254,0.2473598183975211,FALSE,FALSE
Def_dec&DB,tor_vir,z_within,138,-0.38151204577929937,3.896323640199328e-6,-0.3394651699592681,4.6378323059327494e-5,0,6,1,DE,3.049758776556019e-5,3.025131526824316e-4,FALSE,FALSE
Def_dec&DB,uro_sir_spp,z_within,36,0.1840457503678618,0.2825920666338301,0.26185341938395695,0.1228958311731448,11,3,1,DE,0.4306402997729694,0.22625870696893677,FALSE,FALSE
Def_dec&DB,xyl_lin,z_within,138,-0.09314944036378515,0.27718292280434487,-0.08954583430583468,0.2962740022135929,34,6,1,DE,0.42616874381168024,0.44363811461896263,FALSE,FALSE
Def_dec&DB,xyl_spp,z_within,154,0.08379347088420078,0.3015122330050609,-0.023811669850158708,0.7694234612145504,26,7,1,DE,0.4483627506344688,0.8553506789960913,FALSE,FALSE
Def_dec&DB,zei_gri,z_within,137,0.04588262085002278,0.5944475198179282,0.023835307852280548,0.7821885009131269,55,8,2,"CZ,DE",0.736430668436311,0.8634157683156439,FALSE,FALSE
agr_big,agr_vir,z_within,207,0.4023832540310443,1.8527065799532068e-9,0.2980400812683783,1.2910369535916354e-5,56,9,1,DE,2.9540377135920574e-8,9.924846580735697e-5,FALSE,FALSE
agr_big,bup_pin,z_within,328,0.17922665121782513,0.001114214356747563,0.17250829596515926,0.0017134355087558633,135,22,2,"DE,PL",0.004749200797820058,0.0069588111935792365,FALSE,FALSE
agr_big,cep_spp,z_within,0,NA,NA,NA,NA,0,0,0,,NA,NA,TRUE,FALSE
agr_big,clo_ana,z_within,0,NA,NA,NA,NA,0,0,0,,NA,NA,TRUE,FALSE
agr_big,den_mic,z_within,0,NA,NA,NA,NA,0,0,0,,NA,NA,TRUE,FALSE
agr_big,den_pin,z_within,380,0.1690595060065883,9.377530002500964e-4,0.17506239425935674,6.083603612039432e-4,163,19,2,"DE,PL",0.004161883160903779,0.002862285633861176,FALSE,FALSE
agr_big,dip_sp,z_within,527,0.19068414044471008,1.0454773056677151e-5,0.19750001501058068,4.919035781068473e-6,250,25,2,"DE,PL",7.560726707245653e-5,4.152244909313682e-5,FALSE,FALSE
agr_big,era_def,z_within,170,0.0909053486442405,0.2384146216454883,0.1808966402447561,0.018239889737910575,33,10,1,DE,0.38275238464521616,0.05098878267643184,FALSE,FALSE
agr_big,geo_db,z_within,501,0.06485766920984902,0.14716688906421446,0.11637719563029562,0.009127749624423413,236,24,2,"DE,PL",0.26396039019732276,0.02965657519482475,FALSE,FALSE
agr_big,ips_acu,z_within,289,0.29564527489739795,3.0703960036484267e-7,0.16358012319143386,0.005309821191472303,130,23,2,"DE,PL",3.038633286369305e-6,0.018736705105973986,FALSE,FALSE
agr_big,ips_ami,z_within,22,0.34996683077534513,0.11034608730432387,0.4090076242733555,0.058748672136439445,7,2,1,DE,0.20973064275722483,0.12870892292487116,FALSE,FALSE
agr_big,ips_cem,z_within,253,0.3015366518934127,1.0254044206490004e-6,0.24222806323518611,9.945774887228965e-5,136,11,1,DE,9.293402170303045e-6,5.988330194338559e-4,FALSE,FALSE
agr_big,ips_dup,z_within,0,NA,NA,NA,NA,0,0,0,,NA,NA,TRUE,FALSE
agr_big,ips_sex,z_within,176,0.34052870882920055,3.756847879955343e-6,0.15624866274232657,0.03837386786867497,57,8,1,DE,2.967565160221606e-5,0.09439971495694043,FALSE,FALSE
agr_big,ips_typ,z_within,593,0.21841834072505428,7.760372914542046e-8,0.18726475491730518,4.405995463826126e-6,479,28,2,"DE,PL",8.791685630816713e-7,3.793562094354294e-5,FALSE,FALSE
agr_big,lym_dis,z_within,207,0.1718260569772289,0.013300639786623911,0.09835438714733044,0.15856181552412973,65,9,1,DE,0.040753917638018465,0.2752454096094268,FALSE,FALSE
agr_big,lym_mon,z_within,472,0.06886641126658866,0.13518388498121903,0.05906710893748936,0.20019995425386972,281,24,2,"DE,PL",0.2471195859210819,0.3302148670739115,FALSE,FALSE
agr_big,mel_spp,z_within,547,0.14844897898179013,4.952633607125255e-4,0.15034866526571922,4.180941486801081e-4,369,26,2,"DE,PL",0.00235592129046124,0.002068845183986052,FALSE,FALSE
agr_big,neo_ser,z_within,22,0.138988411418669,0.5373232569849331,0.07982701569283139,0.7239906622450519,5,2,1,DE,0.6853856655763368,0.8311412802573196,FALSE,FALSE
agr_big,ope_spp,z_within,189,0.05855140841351456,0.4235395152017566,0.11764560482317007,0.1069110645410033,31,9,1,DE,0.5770055737163171,0.20639109096368574,FALSE,FALSE
agr_big,pan_fla,z_within,369,0.055051141814166614,0.29155798082821227,0.05890206282314726,0.25906115683427616,168,21,2,"DE,PL",0.43963471364814494,0.40189487573749866,FALSE,FALSE
agr_big,pha_cya,z_within,593,0.3929146419422751,2.4988240614733947e-23,0.3836611283754312,3.117728130630947e-22,425,28,2,"DE,PL",2.3905416854762142e-21,2.982626578303606e-20,FALSE,FALSE
agr_big,pis_pin,z_within,161,0.4044548598037905,1.0313957535857742e-7,0.3186152409751393,3.8028087148266796e-5,44,7,1,DE,1.1309836596342337e-6,2.5579830495826335e-4,FALSE,FALSE
agr_big,pit_bid,z_within,115,0.3062203632781392,8.737600045718264e-4,0.2469259950457928,0.007805081488053152,45,5,1,DE,0.003938782010137919,0.025946622244068584,FALSE,FALSE
agr_big,pit_cha,z_within,253,0.24553837228852635,7.921094215897541e-5,0.24601414071226513,7.664162813408916e-5,134,11,1,DE,4.608150081005259e-4,4.781771146626867e-4,FALSE,FALSE
agr_big,pit_spp,z_within,88,-0.022273924368238683,0.8368019447767303,-0.009794518679595257,0.9278349453277468,58,4,1,DE,0.8994837383929648,0.9581037448400072,FALSE,FALSE
agr_big,pol_pol,z_within,0,NA,NA,NA,NA,0,0,0,,NA,NA,TRUE,FALSE
agr_big,pri_abi,z_within,176,-0.11378757531983863,0.1326600769706638,-0.22919805367839072,0.0022146489891164247,31,8,1,DE,0.2440605262216699,0.00882783694272797,FALSE,FALSE
agr_big,sap_car,z_within,0,NA,NA,NA,NA,0,0,0,,NA,NA,TRUE,FALSE
agr_big,sco_int,z_within,176,0.3539311405387727,1.4437121400479953e-6,0.28742774220167433,1.0976314810663737e-4,58,8,1,DE,1.281480569671468e-5,6.517660035849295e-4,FALSE,FALSE
agr_big,sco_rat,z_within,66,0.6379210643027013,8.362600292047575e-9,0.5958500195026473,1.3058064987938176e-7,32,3,1,DE,1.1613223953956391e-7,1.540136158166407e-6,FALSE,FALSE
agr_big,sco_sco,z_within,85,0.3379575527003393,0.0015598789520520574,0.34872085201498804,0.0010725884863826915,24,5,1,DE,0.00640370232766386,0.004617493433877486,FALSE,FALSE
agr_big,tet_gab,z_within,207,0.28818159823377065,2.5448774522279517e-5,0.209666268257098,0.002428754078001367,68,9,1,DE,1.6854919125909742e-4,0.009621308615910828,FALSE,FALSE
agr_big,tet_spp,z_within,184,0.061878490187534836,0.40403274762550134,0.145401715076067,0.04891149109182647,57,8,1,DE,0.5610841866218655,0.11351157366593691,FALSE,FALSE
agr_big,tha_pit,z_within,11,0.4751398620440077,0.13969272555484982,0.5287705633524583,0.0944543380598144,10,1,1,DE,0.2537456470521639,0.1886895245232023,FALSE,FALSE
agr_big,tha_pro,z_within,230,0.0620513058985319,0.3488457503731486,0.13207548126916527,0.0454048535405433,87,10,1,DE,0.5056501533186547,0.1066361599901945,FALSE,FALSE
agr_big,tom_spp,z_within,533,0.33320232030004104,2.7575037046913464e-15,0.3708636784845403,8.01158371122279e-19,263,25,2,"DE,PL",1.0448666784993354e-13,5.306133519509863e-17,FALSE,FALSE
agr_big,tor_vir,z_within,536,0.19505354312278292,5.389159893958691e-6,0.2405354911435431,1.712459082985114e-8,265,27,2,"DE,PL",4.106253689113657e-5,2.2683496468464356e-7,FALSE,FALSE
agr_big,uro_sir_spp,z_within,48,0.2673353980928498,0.06622118794570177,0.23843698125071972,0.10267318199408407,6,4,1,DE,0.1404345882296779,0.20183015912535704,FALSE,FALSE
agr_big,xyl_lin,z_within,230,0.0606327788079029,0.35999528217894294,0.09721577756111112,0.14161565712108629,103,10,1,DE,0.5165932299267831,0.2534949704392002,FALSE,FALSE
agr_big,xyl_spp,z_within,242,0.10228386745260874,0.11249218473899246,0.07465989515284482,0.24725704548765753,93,11,1,DE,0.2125458755417996,0.3891516988911998,FALSE,FALSE
agr_big,zei_gri,z_within,4,-0.9893439972974101,0.010656002702589921,-0.9428090415820634,0.05719095841793666,2,1,1,DE,0.03398080861825897,0.12593712326814185,TRUE,FALSE
agr_vir,bup_pin,z_within,120,-0.079426256576207,0.38850733270630056,-0.1865852348076862,0.041300460487530256,5,6,1,DE,0.5439102657888207,0.09940201692201979,FALSE,FALSE
agr_vir,cep_spp,z_within,0,NA,NA,NA,NA,0,0,0,,NA,NA,TRUE,FALSE
agr_vir,clo_ana,z_within,0,NA,NA,NA,NA,0,0,0,,NA,NA,TRUE,FALSE
agr_vir,den_mic,z_within,0,NA,NA,NA,NA,0,0,0,,NA,NA,TRUE,FALSE
agr_vir,den_pin,z_within,80,-0.18319409921764113,0.10383337546134633,-0.20802198550931522,0.0640784417216029,4,4,1,DE,0.2009000815106049,0.13758488359675836,FALSE,FALSE
agr_vir,dip_sp,z_within,184,-0.023275853826580244,0.7538097383427853,-0.09399023595551632,0.2044166724708511,13,8,1,DE,0.8539870851488659,0.3339710721013336,FALSE,FALSE
agr_vir,era_def,z_within,136,0.2686938240061042,0.0015618786165033807,0.05203089981926667,0.5474495478624408,14,8,1,DE,0.00640370232766386,0.6972693205762744,FALSE,FALSE
agr_vir,geo_db,z_within,161,-0.17486371436479012,0.02651354700867048,-0.25745590271269864,9.770441618099058e-4,10,7,1,DE,0.06959806089776001,0.004314025760606815,FALSE,FALSE
agr_vir,ips_acu,z_within,138,0.4701470767696961,5.953430193530306e-9,0.3504346328083651,2.51287159454686e-5,16,6,1,DE,8.54317232771599e-8,1.802985369087372e-4,FALSE,FALSE
agr_vir,ips_ami,z_within,22,-0.07004555439932521,0.7567543810963882,0.12840334125115693,0.5690334272854709,1,2,1,DE,0.8561964811090541,0.7183838429513056,FALSE,FALSE
agr_vir,ips_cem,z_within,207,0.2848920006194881,3.1739994435669995e-5,0.17280664708326782,0.012775739006241555,53,9,1,DE,2.0243063117860642e-4,0.03819413640407632,FALSE,FALSE
agr_vir,ips_dup,z_within,0,NA,NA,NA,NA,0,0,0,,NA,NA,TRUE,FALSE
agr_vir,ips_sex,z_within,132,0.31766295890810636,2.0598000384846303e-4,0.21441668469637878,0.013556174581908135,15,6,1,DE,0.0010880293454817588,0.039972144914462,FALSE,FALSE
agr_vir,ips_typ,z_within,207,0.29213200593072136,1.9447795555743487e-5,0.22053490882139817,0.0014073582356888032,52,9,1,DE,1.3220172888453e-4,0.005969140103093889,FALSE,FALSE
agr_vir,lym_dis,z_within,161,0.36464002527305583,1.9797327984911225e-6,0.3955981595291035,2.059000258874718e-7,43,7,1,DE,1.7045499395008562e-5,2.3023366531053665e-6,FALSE,FALSE
agr_vir,lym_mon,z_within,114,-0.09062654240784611,0.33759001478004946,-0.07461140844084418,0.43013948000926105,8,6,1,DE,0.4918189555425086,0.590670003649081,FALSE,FALSE
agr_vir,mel_spp,z_within,161,0.11997315562944859,0.12954262297395666,0.19837866038551827,0.0116473223760899,37,7,1,DE,0.23934806519437055,0.03531107241483593,FALSE,FALSE
agr_vir,neo_ser,z_within,11,-0.03667268790008639,0.9147521330564954,0.061095980997191754,0.8583734783472351,2,1,1,DE,0.9500622274567462,0.9162134609932667,FALSE,FALSE
agr_vir,ope_spp,z_within,147,0.0976852398971358,0.23916467240316644,0.11975209288406606,0.14853473041869245,16,7,1,DE,0.38275238464521616,0.26153047625867937,FALSE,FALSE
agr_vir,pan_fla,z_within,70,-0.11668472306516894,0.33606592860531836,-0.15245110028931225,0.20770160727567719,4,5,1,DE,0.49042841445623575,0.33805497894963715,FALSE,FALSE
agr_vir,pha_cya,z_within,207,0.40813548237545116,1.0318997907205209e-9,0.401475727240043,2.0298629377060864e-9,54,9,1,DE,1.708587922712247e-8,3.0661613848507724e-8,FALSE,FALSE
agr_vir,pis_pin,z_within,138,0.1481390221526748,0.08291968950353323,0.2517288206862922,0.00289794371883055,12,6,1,DE,0.1691797456458344,0.011188921712614814,FALSE,FALSE
agr_vir,pit_bid,z_within,92,0.4054515066097496,6.087311239305018e-5,0.2421980677414897,0.020015042836461994,14,4,1,DE,3.639704845167792e-4,0.054882012363674446,FALSE,FALSE
agr_vir,pit_cha,z_within,207,0.17793386462787442,0.010316932603091484,0.1605506060345118,0.020835899086690143,50,9,1,DE,0.033145070788290175,0.05677123137227915,FALSE,FALSE
agr_vir,pit_spp,z_within,66,0.2100259785181776,0.09053281135685322,0.2794030479650843,0.02308864001959583,35,3,1,DE,0.18127616413546654,0.061737015704571456,FALSE,FALSE
agr_vir,pol_pol,z_within,0,NA,NA,NA,NA,0,0,0,,NA,NA,TRUE,FALSE
agr_vir,pri_abi,z_within,132,-0.2210499777977349,0.010862044524891715,-0.19966324997919854,0.02171593111155548,11,6,1,DE,0.03438316299974914,0.058429427147028964,FALSE,FALSE
agr_vir,sap_car,z_within,0,NA,NA,NA,NA,0,0,0,,NA,NA,TRUE,FALSE
agr_vir,sco_int,z_within,132,0.2468673210235227,0.004322450982697886,0.2502666818231016,0.003801235423531072,20,6,1,DE,0.015769619898741014,0.013986597007095097,FALSE,FALSE
agr_vir,sco_rat,z_within,44,0.4560603363734806,0.0018628040204339037,0.41457396420524456,0.005143131494892278,6,2,1,DE,0.007459880286481819,0.018223194309062763,FALSE,FALSE
agr_vir,sco_sco,z_within,68,0.1400546405488935,0.2546475758682856,0.03169452912560618,0.7975040511392595,5,4,1,DE,0.40155963886921964,0.8769488991454693,FALSE,FALSE
agr_vir,tet_gab,z_within,161,0.20557875517291666,0.008891918289773601,0.09354896623128037,0.237863136808271,29,7,1,DE,0.02955962026059873,0.3792595570220766,FALSE,FALSE
agr_vir,tet_spp,z_within,161,0.08333191916871574,0.2932797879280043,0.12205184457605904,0.12298382678450918,28,7,1,DE,0.44060903653897,0.22625870696893677,FALSE,FALSE
agr_vir,tha_pit,z_within,11,0.17464307789474473,0.6075354428527503,0.06923125402819529,0.8397132180656004,4,1,1,DE,0.7430227504207642,0.9048724414949711,FALSE,FALSE
agr_vir,tha_pro,z_within,184,0.22867607226968842,0.0017947352105201582,0.23254736344311225,0.0014901603734048417,42,8,1,DE,0.007225332549892812,0.006233153105505613,FALSE,FALSE
agr_vir,tom_spp,z_within,207,0.17343652188604344,0.012448251641655916,0.08977303116480333,0.19830815834763316,47,9,1,DE,0.038553757782250876,0.32869515096857427,FALSE,FALSE
agr_vir,tor_vir,z_within,207,-0.023473080572688366,0.7370819986487918,-0.11426128264547043,0.10113994319252609,27,9,1,DE,0.8427989386940369,0.19972819057056185,FALSE,FALSE
agr_vir,uro_sir_spp,z_within,36,0.1174712175860375,0.4950359902085101,-0.41749427566851255,0.011294724524457202,1,3,1,DE,0.6477598595281568,0.03460767905892403,FALSE,FALSE
agr_vir,xyl_lin,z_within,184,-0.1922649887915832,0.008931200454308896,-0.2752378619526263,1.5597178945740936e-4,32,8,1,DE,0.02957601381215369,8.858032192968847e-4,FALSE,FALSE
agr_vir,xyl_spp,z_within,198,-0.15343497856098592,0.030916384095426266,-0.2057090876772476,0.0036442861455559046,30,9,1,DE,0.07945972151093139,0.013524699876394973,FALSE,FALSE
agr_vir,zei_gri,z_within,4,NA,NA,NA,NA,0,1,1,DE,NA,NA,TRUE,FALSE
bup_pin,cep_spp,z_within,0,NA,NA,NA,NA,0,0,0,,NA,NA,TRUE,FALSE
bup_pin,clo_ana,z_within,0,NA,NA,NA,NA,0,0,0,,NA,NA,TRUE,FALSE
bup_pin,den_mic,z_within,0,NA,NA,NA,NA,0,0,0,,NA,NA,TRUE,FALSE
bup_pin,den_pin,z_within,241,0.3774040437634927,1.4148680739790748e-9,0.3897981881879279,3.6201374018023654e-10,88,18,2,"DE,PL",2.2984932296150626e-8,6.467050115267522e-9,FALSE,FALSE
bup_pin,dip_sp,z_within,308,0.24987258338869414,9.079294882060817e-6,0.28599458384712345,3.293693758071849e-7,119,21,2,"DE,PL",6.681429823465267e-5,3.5010744761726693e-6,FALSE,FALSE
bup_pin,era_def,z_within,112,-0.22983266561935423,0.014778539044410293,0.05248984536679711,0.5825611100347474,12,7,1,DE,0.04402879625341614,0.7290481333429033,FALSE,FALSE
bup_pin,geo_db,z_within,268,0.18754094714232591,0.0020476716143186012,0.23057665454151402,1.398105001603348e-4,93,19,2,"DE,PL",0.008050434976841624,8.025122709203219e-4,FALSE,FALSE
bup_pin,ips_acu,z_within,126,0.06812848911969975,0.4484509074093146,-0.11395841380474571,0.2038798971935457,30,18,2,"DE,PL",0.6011609611526639,0.3339710721013336,FALSE,FALSE
bup_pin,ips_ami,z_within,11,0.22391546824497893,0.5080460935116446,0.41991698611672973,0.19851507375570107,2,1,1,DE,0.6597702662345792,0.32869515096857427,FALSE,FALSE
bup_pin,ips_cem,z_within,160,0.3052041098676699,8.696676973883647e-5,0.21673643757826272,0.005908300073272039,52,8,1,DE,5.02539521779451e-4,0.020436302401068446,FALSE,FALSE
bup_pin,ips_dup,z_within,0,NA,NA,NA,NA,0,0,0,,NA,NA,TRUE,FALSE
bup_pin,ips_sex,z_within,114,0.35587659546206896,1.0196947032173063e-4,0.21918100188827958,0.0191300300601482,34,6,1,DE,5.738485184955286e-4,0.05328012553382146,FALSE,FALSE
bup_pin,ips_typ,z_within,328,0.30051593508519014,2.8465895825195354e-8,0.2539774716864172,3.1808968747569207e-6,159,22,2,"DE,PL",3.6042847508078236e-7,2.91356617996352e-5,FALSE,FALSE
bup_pin,lym_dis,z_within,140,0.20812808394275448,0.013601812055418655,0.1350898057791761,0.11152466006330553,22,7,1,DE,0.041528936807501644,0.21338384958779125,FALSE,FALSE
bup_pin,lym_mon,z_within,320,0.34066850945581834,3.8893477474789943e-10,0.3651326440771614,1.580942081445622e-11,131,22,2,"DE,PL",7.124954065062583e-9,3.582081926643896e-10,FALSE,FALSE
bup_pin,mel_spp,z_within,308,0.18943374972356572,8.337646574624832e-4,0.1565196157153354,0.005910150171737565,118,21,2,"DE,PL",0.0037782703688168315,0.020436302401068446,FALSE,FALSE
bup_pin,neo_ser,z_within,18,-0.21507809942123468,0.39139741650815807,-0.13741372428312637,0.5866247750151172,3,2,1,DE,0.5461801873801039,0.7330681150769462,FALSE,FALSE
bup_pin,ope_spp,z_within,120,0.176494502319703,0.05381409375923975,0.11718009894067012,0.20244945018548027,13,6,1,DE,0.12066128835079537,0.3332867621600354,FALSE,FALSE
bup_pin,pan_fla,z_within,238,0.42479029956257613,7.603698775896943e-12,0.3731320334341696,2.814205837399166e-9,92,20,2,"DE,PL",1.7694012556884508e-10,4.177640044828762e-8,FALSE,FALSE
bup_pin,pha_cya,z_within,328,0.38449940911963226,5.342462831592465e-13,0.40210039135722736,3.543660426936315e-14,156,22,2,"DE,PL",1.642807320714683e-11,1.089675581282917e-12,FALSE,FALSE
bup_pin,pis_pin,z_within,120,0.32522379426523074,2.8962944978880843e-4,0.18162665171363143,0.047106632942398,31,6,1,DE,0.0014668879780480237,0.10991547686559534,FALSE,FALSE
bup_pin,pit_bid,z_within,80,0.2443910735898436,0.028907793364109972,0.17119164216465632,0.1289341351502496,26,4,1,DE,0.07474357383332939,0.23469828829675454,FALSE,FALSE
bup_pin,pit_cha,z_within,160,0.32212392048731703,3.2685045537335936e-5,0.2230051655541978,0.004589969236642507,55,8,1,DE,2.0692517799739883e-4,0.016398188849581736,FALSE,FALSE
bup_pin,pit_spp,z_within,38,-0.13256621868783847,0.42754154930274435,-0.04359255513476605,0.7949645815629155,4,2,1,DE,0.5815375575824058,0.8752743027182484,FALSE,FALSE
bup_pin,pol_pol,z_within,0,NA,NA,NA,NA,0,0,0,,NA,NA,TRUE,FALSE
bup_pin,pri_abi,z_within,133,0.09008906736601015,0.30242390354281246,0.12745730718412523,0.14374007866207297,18,7,1,DE,0.4489430706040716,0.2551756860372058,FALSE,FALSE
bup_pin,sap_car,z_within,0,NA,NA,NA,NA,0,0,0,,NA,NA,TRUE,FALSE
bup_pin,sco_int,z_within,95,0.05710930247133612,0.5825164141063814,0.03287229712872419,0.7518177110262088,20,5,1,DE,0.7255404538218635,0.8440892360512979,FALSE,FALSE
bup_pin,sco_rat,z_within,57,0.15470905205995916,0.250520964611354,-0.024834683910331775,0.8545061155226947,17,3,1,DE,0.39723489968761655,0.9150867729664678,FALSE,FALSE
bup_pin,sco_sco,z_within,51,-0.0255202720032234,0.8589100106483527,-0.04175599400201475,0.7711035791268407,13,3,1,DE,0.9152494049111778,0.8553506789960913,FALSE,FALSE
bup_pin,tet_gab,z_within,120,0.41808657841963753,2.019456367679818e-6,0.3106439116461779,5.540666641024836e-4,27,6,1,DE,1.7215365669032906e-5,0.002637913325551378,FALSE,FALSE
bup_pin,tet_spp,z_within,100,0.17075581910421458,0.08939664883181167,0.16475778387434442,0.1014052556175662,14,5,1,DE,0.1802588164969317,0.19979387891698971,FALSE,FALSE
bup_pin,tha_pit,z_within,8,0.6420235413042562,0.08609794970759552,0.5493502655735358,0.15843888045110974,3,1,1,DE,0.17401487018366138,0.2752454096094268,TRUE,FALSE
bup_pin,tha_pro,z_within,140,0.04638674790217931,0.586284757488613,0.1081232601718718,0.20351767788576988,27,7,1,DE,0.7284143956676706,0.3339710721013336,FALSE,FALSE
bup_pin,tom_spp,z_within,292,0.19060965787947204,0.0010632621236331492,0.20368361283548397,4.61079388120499e-4,106,19,2,"DE,PL",0.00461058931093508,0.002242877701535309,FALSE,FALSE
bup_pin,tor_vir,z_within,280,0.24457349018637523,3.515826405715297e-5,0.28984360613204724,8.029625459101387e-7,93,21,2,"DE,PL",2.1935699531310657e-4,8.038962232891038e-6,FALSE,FALSE
bup_pin,uro_sir_spp,z_within,20,0.5201969571452001,0.018710965107590675,0.5025359465651462,0.02393337711151357,4,2,1,DE,0.05352206298217798,0.0632105450705926,FALSE,FALSE
bup_pin,xyl_lin,z_within,140,0.3066725044519091,2.2845833748982449e-4,0.2237819917952838,0.007863373359024728,44,7,1,DE,0.0011804847634189724,0.026039863315847272,FALSE,FALSE
bup_pin,xyl_spp,z_within,152,0.36623321040282125,3.480659662073563e-6,0.42599105860521197,4.460371927720222e-8,45,8,1,DE,2.800792494434895e-5,5.73191079069718e-7,FALSE,FALSE
bup_pin,zei_gri,z_within,4,0.5773502691896258,0.42264973081037416,0.5773502691896257,0.42264973081037427,1,1,1,DE,0.5767058925954551,0.5831753497239299,TRUE,FALSE
cep_spp,clo_ana,z_within,0,NA,NA,NA,NA,0,0,0,,NA,NA,TRUE,FALSE
cep_spp,den_mic,z_within,0,NA,NA,NA,NA,0,0,0,,NA,NA,TRUE,FALSE
cep_spp,den_pin,z_within,0,NA,NA,NA,NA,0,0,0,,NA,NA,TRUE,FALSE
cep_spp,dip_sp,z_within,0,NA,NA,NA,NA,0,0,0,,NA,NA,TRUE,FALSE
cep_spp,era_def,z_within,0,NA,NA,NA,NA,0,0,0,,NA,NA,TRUE,FALSE
cep_spp,geo_db,z_within,0,NA,NA,NA,NA,0,0,0,,NA,NA,TRUE,FALSE
cep_spp,ips_acu,z_within,161,-0.1323541372395329,0.09419517464496203,-0.13712634460813541,0.08281443245378264,92,7,1,CZ,0.1864414836076145,0.16936633335559823,FALSE,FALSE
cep_spp,ips_ami,z_within,0,NA,NA,NA,NA,0,0,0,,NA,NA,TRUE,FALSE
cep_spp,ips_cem,z_within,0,NA,NA,NA,NA,0,0,0,,NA,NA,TRUE,FALSE
cep_spp,ips_dup,z_within,161,-0.26750068839798585,6.024927346854068e-4,-0.29988906607447424,1.1115567372050528e-4,91,7,1,CZ,0.0028502540910117324,6.555139388585963e-4,FALSE,FALSE
cep_spp,ips_sex,z_within,161,-0.18201932465111778,0.020837847809482845,-0.20372704777667344,0.00953898561760116,88,7,1,CZ,0.057689347151011997,0.030530105629767,FALSE,FALSE
cep_spp,ips_typ,z_within,0,NA,NA,NA,NA,0,0,0,,NA,NA,TRUE,FALSE
cep_spp,lym_dis,z_within,25,-0.09072786243832116,0.6662458029405456,-0.04361979384773999,0.8359854440155817,7,5,1,CZ,0.7934130516345916,0.902855502506669,FALSE,FALSE
cep_spp,lym_mon,z_within,138,0.14391281355955865,0.09218301251931042,0.17746603489783633,0.037310529948383825,65,6,1,CZ,0.18355073359661483,0.09204689480102715,FALSE,FALSE
cep_spp,mel_spp,z_within,0,NA,NA,NA,NA,0,0,0,,NA,NA,TRUE,FALSE
cep_spp,neo_ser,z_within,0,NA,NA,NA,NA,0,0,0,,NA,NA,TRUE,FALSE
cep_spp,ope_spp,z_within,0,NA,NA,NA,NA,0,0,0,,NA,NA,TRUE,FALSE
cep_spp,pan_fla,z_within,0,NA,NA,NA,NA,0,0,0,,NA,NA,TRUE,FALSE
cep_spp,pha_cya,z_within,161,-0.08165632095752541,0.3031273047589603,-0.06265169233108167,0.42979488548686984,86,7,1,CZ,0.4492127528355677,0.590670003649081,FALSE,FALSE
cep_spp,pis_pin,z_within,0,NA,NA,NA,NA,0,0,0,,NA,NA,TRUE,FALSE
cep_spp,pit_bid,z_within,0,NA,NA,NA,NA,0,0,0,,NA,NA,TRUE,FALSE
cep_spp,pit_cha,z_within,0,NA,NA,NA,NA,0,0,0,,NA,NA,TRUE,FALSE
cep_spp,pit_spp,z_within,161,-0.30151873422441144,1.0153780089746621e-4,-0.3528999419984013,4.400495489764322e-6,76,7,1,CZ,5.738485184955286e-4,3.793562094354294e-5,FALSE,FALSE
cep_spp,pol_pol,z_within,161,0.01702239275412908,0.8302955598584398,-0.025697310771888405,0.7462597133732685,84,7,1,CZ,0.8994837383929648,0.8432147155044412,FALSE,FALSE
cep_spp,pri_abi,z_within,138,0.4241814920248439,2.164487226478626e-7,0.4213204939277098,2.6611580602370574e-7,73,6,1,CZ,2.19249823764482e-6,2.9003254302077295e-6,FALSE,FALSE
cep_spp,sap_car,z_within,0,NA,NA,NA,NA,0,0,0,,NA,NA,TRUE,FALSE
cep_spp,sco_int,z_within,147,-0.11101671436565323,0.18068224236128225,-0.04138263137453762,0.6187182406318898,55,7,1,CZ,0.31238435878125304,0.7481971982922152,FALSE,FALSE
cep_spp,sco_rat,z_within,147,-0.2715320783329799,8.785674131484957e-4,-0.25767049545957427,0.0016282483592781785,44,7,1,CZ,0.0039398257433377855,0.006707759987265606,FALSE,FALSE
cep_spp,sco_sco,z_within,0,NA,NA,NA,NA,0,0,0,,NA,NA,TRUE,FALSE
cep_spp,tet_gab,z_within,0,NA,NA,NA,NA,0,0,0,,NA,NA,TRUE,FALSE
cep_spp,tet_spp,z_within,0,NA,NA,NA,NA,0,0,0,,NA,NA,TRUE,FALSE
cep_spp,tha_pit,z_within,0,NA,NA,NA,NA,0,0,0,,NA,NA,TRUE,FALSE
cep_spp,tha_pro,z_within,0,NA,NA,NA,NA,0,0,0,,NA,NA,TRUE,FALSE
cep_spp,tom_spp,z_within,161,-0.18084574632645886,0.02168969655854988,-0.13884557732546415,0.07899560328794288,94,7,1,CZ,0.05985522031061361,0.16321740178533065,FALSE,FALSE
cep_spp,tor_vir,z_within,0,NA,NA,NA,NA,0,0,0,,NA,NA,TRUE,FALSE
cep_spp,uro_sir_spp,z_within,0,NA,NA,NA,NA,0,0,0,,NA,NA,TRUE,FALSE
cep_spp,xyl_lin,z_within,0,NA,NA,NA,NA,0,0,0,,NA,NA,TRUE,FALSE
cep_spp,xyl_spp,z_within,0,NA,NA,NA,NA,0,0,0,,NA,NA,TRUE,FALSE
cep_spp,zei_gri,z_within,133,0.10674061876937496,0.22137877733026806,0.02744997601928877,0.7537948805209636,53,7,1,CZ,0.3644495741517415,0.845074729334049,FALSE,FALSE
clo_ana,den_mic,z_within,0,NA,NA,NA,NA,0,0,0,,NA,NA,TRUE,FALSE
clo_ana,den_pin,z_within,0,NA,NA,NA,NA,0,0,0,,NA,NA,TRUE,FALSE
clo_ana,dip_sp,z_within,0,NA,NA,NA,NA,0,0,0,,NA,NA,TRUE,FALSE
clo_ana,era_def,z_within,0,NA,NA,NA,NA,0,0,0,,NA,NA,TRUE,FALSE
clo_ana,geo_db,z_within,1,NA,NA,NA,NA,1,1,1,RO,NA,NA,TRUE,FALSE
clo_ana,ips_acu,z_within,0,NA,NA,NA,NA,0,0,0,,NA,NA,TRUE,FALSE
clo_ana,ips_ami,z_within,0,NA,NA,NA,NA,0,0,0,,NA,NA,TRUE,FALSE
clo_ana,ips_cem,z_within,0,NA,NA,NA,NA,0,0,0,,NA,NA,TRUE,FALSE
clo_ana,ips_dup,z_within,3,NA,NA,NA,NA,3,1,1,RO,NA,NA,TRUE,FALSE
clo_ana,ips_sex,z_within,0,NA,NA,NA,NA,0,0,0,,NA,NA,TRUE,FALSE
clo_ana,ips_typ,z_within,3,NA,NA,NA,NA,3,1,1,RO,NA,NA,TRUE,FALSE
clo_ana,lym_dis,z_within,4,-0.622886025935273,0.377113974064727,-0.9486832980505139,0.051316701949486246,4,1,1,RO,0.532287101097918,0.11750978824071184,TRUE,FALSE
clo_ana,lym_mon,z_within,0,NA,NA,NA,NA,0,0,0,,NA,NA,TRUE,FALSE
clo_ana,mel_spp,z_within,0,NA,NA,NA,NA,0,0,0,,NA,NA,TRUE,FALSE
clo_ana,neo_ser,z_within,0,NA,NA,NA,NA,0,0,0,,NA,NA,TRUE,FALSE
clo_ana,ope_spp,z_within,0,NA,NA,NA,NA,0,0,0,,NA,NA,TRUE,FALSE
clo_ana,pan_fla,z_within,0,NA,NA,NA,NA,0,0,0,,NA,NA,TRUE,FALSE
clo_ana,pha_cya,z_within,0,NA,NA,NA,NA,0,0,0,,NA,NA,TRUE,FALSE
clo_ana,pis_pin,z_within,0,NA,NA,NA,NA,0,0,0,,NA,NA,TRUE,FALSE
clo_ana,pit_bid,z_within,0,NA,NA,NA,NA,0,0,0,,NA,NA,TRUE,FALSE
clo_ana,pit_cha,z_within,0,NA,NA,NA,NA,0,0,0,,NA,NA,TRUE,FALSE
clo_ana,pit_spp,z_within,0,NA,NA,NA,NA,0,0,0,,NA,NA,TRUE,FALSE
clo_ana,pol_pol,z_within,0,NA,NA,NA,NA,0,0,0,,NA,NA,TRUE,FALSE
clo_ana,pri_abi,z_within,0,NA,NA,NA,NA,0,0,0,,NA,NA,TRUE,FALSE
clo_ana,sap_car,z_within,0,NA,NA,NA,NA,0,0,0,,NA,NA,TRUE,FALSE
clo_ana,sco_int,z_within,0,NA,NA,NA,NA,0,0,0,,NA,NA,TRUE,FALSE
clo_ana,sco_rat,z_within,0,NA,NA,NA,NA,0,0,0,,NA,NA,TRUE,FALSE
clo_ana,sco_sco,z_within,0,NA,NA,NA,NA,0,0,0,,NA,NA,TRUE,FALSE
clo_ana,tet_gab,z_within,0,NA,NA,NA,NA,0,0,0,,NA,NA,TRUE,FALSE
clo_ana,tet_spp,z_within,0,NA,NA,NA,NA,0,0,0,,NA,NA,TRUE,FALSE
clo_ana,tha_pit,z_within,0,NA,NA,NA,NA,0,0,0,,NA,NA,TRUE,FALSE
clo_ana,tha_pro,z_within,0,NA,NA,NA,NA,0,0,0,,NA,NA,TRUE,FALSE
clo_ana,tom_spp,z_within,0,NA,NA,NA,NA,0,0,0,,NA,NA,TRUE,FALSE
clo_ana,tor_vir,z_within,2,NA,NA,NA,NA,2,1,1,RO,NA,NA,TRUE,FALSE
clo_ana,uro_sir_spp,z_within,0,NA,NA,NA,NA,0,0,0,,NA,NA,TRUE,FALSE
clo_ana,xyl_lin,z_within,0,NA,NA,NA,NA,0,0,0,,NA,NA,TRUE,FALSE
clo_ana,xyl_spp,z_within,0,NA,NA,NA,NA,0,0,0,,NA,NA,TRUE,FALSE
clo_ana,zei_gri,z_within,0,NA,NA,NA,NA,0,0,0,,NA,NA,TRUE,FALSE
den_mic,den_pin,z_within,3,NA,NA,NA,NA,3,1,1,LT,NA,NA,TRUE,FALSE
den_mic,dip_sp,z_within,1,NA,NA,NA,NA,1,1,1,LT,NA,NA,TRUE,FALSE
den_mic,era_def,z_within,0,NA,NA,NA,NA,0,0,0,,NA,NA,TRUE,FALSE
den_mic,geo_db,z_within,0,NA,NA,NA,NA,0,0,0,,NA,NA,TRUE,FALSE
den_mic,ips_acu,z_within,5,-0.5711884382358076,0.31449082326286076,-0.20519567041703082,0.7405819415910722,5,1,1,LT,0.4644538573401769,0.8401067874965916,TRUE,FALSE
den_mic,ips_ami,z_within,0,NA,NA,NA,NA,0,0,0,,NA,NA,TRUE,FALSE
den_mic,ips_cem,z_within,0,NA,NA,NA,NA,0,0,0,,NA,NA,TRUE,FALSE
den_mic,ips_dup,z_within,0,NA,NA,NA,NA,0,0,0,,NA,NA,TRUE,FALSE
den_mic,ips_sex,z_within,0,NA,NA,NA,NA,0,0,0,,NA,NA,TRUE,FALSE
den_mic,ips_typ,z_within,5,-0.5025996996379454,0.38813812972545886,-0.20519567041703082,0.7405819415910722,5,1,1,LT,0.5439102657888207,0.8401067874965916,TRUE,FALSE
den_mic,lym_dis,z_within,3,NA,NA,NA,NA,3,1,1,LT,NA,NA,TRUE,FALSE
den_mic,lym_mon,z_within,1,NA,NA,NA,NA,1,1,1,LT,NA,NA,TRUE,FALSE
den_mic,mel_spp,z_within,0,NA,NA,NA,NA,0,0,0,,NA,NA,TRUE,FALSE
den_mic,neo_ser,z_within,0,NA,NA,NA,NA,0,0,0,,NA,NA,TRUE,FALSE
den_mic,ope_spp,z_within,0,NA,NA,NA,NA,0,0,0,,NA,NA,TRUE,FALSE
den_mic,pan_fla,z_within,1,NA,NA,NA,NA,1,1,1,LT,NA,NA,TRUE,FALSE
den_mic,pha_cya,z_within,0,NA,NA,NA,NA,0,0,0,,NA,NA,TRUE,FALSE
den_mic,pis_pin,z_within,5,0.03465498738070052,0.9558847331761737,-0.20519567041703082,0.7405819415910722,5,1,1,LT,0.9783654354317305,0.8401067874965916,TRUE,FALSE
den_mic,pit_bid,z_within,0,NA,NA,NA,NA,0,0,0,,NA,NA,TRUE,FALSE
den_mic,pit_cha,z_within,5,0.15124917880259592,0.808160344599232,0.15389675281277312,0.8048288166080632,5,1,1,LT,0.8852748812976321,0.878273271355567,TRUE,FALSE
den_mic,pit_spp,z_within,0,NA,NA,NA,NA,0,0,0,,NA,NA,TRUE,FALSE
den_mic,pol_pol,z_within,4,0.5807238973703414,0.41927610262965864,0.5000000000000001,0.4999999999999999,4,1,1,LT,0.5748355483505352,0.6623076923076922,TRUE,FALSE
den_mic,pri_abi,z_within,0,NA,NA,NA,NA,0,0,0,,NA,NA,TRUE,FALSE
den_mic,sap_car,z_within,0,NA,NA,NA,NA,0,0,0,,NA,NA,TRUE,FALSE
den_mic,sco_int,z_within,0,NA,NA,NA,NA,0,0,0,,NA,NA,TRUE,FALSE
den_mic,sco_rat,z_within,2,NA,NA,NA,NA,2,1,1,LT,NA,NA,TRUE,FALSE
den_mic,sco_sco,z_within,0,NA,NA,NA,NA,0,0,0,,NA,NA,TRUE,FALSE
den_mic,tet_gab,z_within,0,NA,NA,NA,NA,0,0,0,,NA,NA,TRUE,FALSE
den_mic,tet_spp,z_within,0,NA,NA,NA,NA,0,0,0,,NA,NA,TRUE,FALSE
den_mic,tha_pit,z_within,0,NA,NA,NA,NA,0,0,0,,NA,NA,TRUE,FALSE
den_mic,tha_pro,z_within,0,NA,NA,NA,NA,0,0,0,,NA,NA,TRUE,FALSE
den_mic,tom_spp,z_within,5,-0.19745112637980217,0.7502406763937719,-0.051298917604257706,0.934712848108234,5,1,1,LT,0.8510635340909586,0.9615146502045274,TRUE,FALSE
den_mic,tor_vir,z_within,4,0.5976512531915362,0.40234874680846366,0.6324555320336759,0.3675444679663241,4,1,1,LT,0.5596482568692847,0.5274263115316751,TRUE,FALSE
den_mic,uro_sir_spp,z_within,0,NA,NA,NA,NA,0,0,0,,NA,NA,TRUE,FALSE
den_mic,xyl_lin,z_within,0,NA,NA,NA,NA,0,0,0,,NA,NA,TRUE,FALSE
den_mic,xyl_spp,z_within,0,NA,NA,NA,NA,0,0,0,,NA,NA,TRUE,FALSE
den_mic,zei_gri,z_within,0,NA,NA,NA,NA,0,0,0,,NA,NA,TRUE,FALSE
den_pin,dip_sp,z_within,381,0.32188119669763204,1.240767649802683e-10,0.32863904128843235,4.791448611517906e-11,146,20,3,"DE,LT,PL",2.3740021032891333e-9,9.594040126783528e-10,FALSE,FALSE
den_pin,era_def,z_within,75,-0.033194876635647484,0.7773872299773684,0.1512118008789307,0.19532075606161997,13,5,1,DE,0.8670082966457437,0.32591312203305195,FALSE,FALSE
den_pin,geo_db,z_within,362,0.3077071364304207,2.2315756935177306e-9,0.2991332568977315,6.430080112196444e-9,117,19,3,"DE,LT,PL",3.431047628783511e-8,8.929514478388933e-8,FALSE,FALSE
den_pin,ips_acu,z_within,189,0.02715390830908554,0.710714669182522,0.002826592908920837,0.969208095705504,51,18,3,"DE,LT,PL",0.8232270602229081,0.9829071500617657,FALSE,FALSE
den_pin,ips_ami,z_within,9,0.16356954473397986,0.6741191386555981,0.38797014489949266,0.30217959013116114,2,1,1,DE,0.7994718710502341,0.45091269861859573,TRUE,FALSE
den_pin,ips_cem,z_within,100,0.1395438062132596,0.1661506428037422,0.082149804673319185,0.4164793068930791,33,5,1,DE,0.2909997084728627,0.5774374931319503,FALSE,FALSE
den_pin,ips_dup,z_within,0,NA,NA,NA,NA,0,0,0,,NA,NA,TRUE,FALSE
den_pin,ips_sex,z_within,95,-0.03355272326524253,0.7468519564822411,0.011403052143359625,0.9126668000413788,29,5,1,DE,0.8510635340909586,0.9513391220770305,FALSE,FALSE
den_pin,ips_typ,z_within,385,0.10094607792316082,0.04777963635111754,0.1275848105415132,0.012227777272361578,176,20,3,"DE,LT,PL",0.11202021781141504,0.036811595215046566,FALSE,FALSE
den_pin,lym_dis,z_within,84,0.20533847969885471,0.06096085902371286,0.07319874985146585,0.5081546535988328,13,5,2,"DE,LT",0.13355546976950833,0.6679712316772444,FALSE,FALSE
den_pin,lym_mon,z_within,377,0.4785989719184651,5.591733194082235e-23,0.37880734218422946,2.608846969640866e-14,155,21,3,"DE,LT,PL",4.814482280104804e-21,8.319323114299206e-13,FALSE,FALSE
den_pin,mel_spp,z_within,360,0.09654310725202261,0.06729747266895753,0.10651704521875711,0.04341041426532025,138,18,2,"DE,PL",0.1423663979557062,0.10324963171944955,FALSE,FALSE
den_pin,neo_ser,z_within,20,-0.11207982974409826,0.6380342667229915,-0.01694624403563072,0.9434687635864039,1,2,1,DE,0.767245116827508,0.9670554826760639,FALSE,FALSE
den_pin,ope_spp,z_within,72,0.2857052693702715,0.014982428473862792,0.1421439187372431,0.23362170278438296,7,4,1,DE,0.044329453319573414,0.3738815726716612,FALSE,FALSE
den_pin,pan_fla,z_within,315,0.2965168681723002,8.193518097681825e-8,0.2754114689771621,6.870673041505287e-7,98,19,3,"DE,LT,PL",9.161842963771495e-7,6.95958763380712e-6,FALSE,FALSE
den_pin,pha_cya,z_within,381,0.08268770843153869,0.10708015248749087,0.07894009242602235,0.12400279583273001,172,20,3,"DE,LT,PL",0.20533632804394128,0.22716256853612882,FALSE,FALSE
den_pin,pis_pin,z_within,105,-0.0011775158333286369,0.9904882331440392,0.035185305717760434,0.7215884988869372,27,6,2,"DE,LT",1,0.830260482842918,FALSE,FALSE
den_pin,pit_bid,z_within,80,0.1559244667546887,0.1672343211611677,0.15152627805022342,0.1796855975269074,28,4,1,DE,0.29206643107457486,0.3039475431643758,FALSE,FALSE
den_pin,pit_cha,z_within,105,0.12513647609611636,0.20340008661475423,0.09791473949783633,0.3203653111820855,38,6,2,"DE,LT",0.3420458487798894,0.47231940569824593,FALSE,FALSE
den_pin,pit_spp,z_within,0,NA,NA,NA,NA,0,0,0,,NA,NA,TRUE,FALSE
den_pin,pol_pol,z_within,5,-0.21874086089903766,0.7237277054944685,-0.30779350562554625,0.614384002810333,5,1,1,LT,0.8341761103490459,0.7465287109488581,TRUE,FALSE
den_pin,pri_abi,z_within,95,0.006967316480808987,0.9465730993077881,0.021415979901309664,0.8367929047622786,9,5,1,DE,0.9760472317413239,0.902855502506669,FALSE,FALSE
den_pin,sap_car,z_within,0,NA,NA,NA,NA,0,0,0,,NA,NA,TRUE,FALSE
den_pin,sco_int,z_within,76,-0.10365206401772463,0.3729049371676262,-0.1698014906045342,0.14253009198761063,19,4,1,DE,0.5272104284094025,0.25365715662733607,FALSE,FALSE
den_pin,sco_rat,z_within,59,0.1914866190995419,0.1462657421404798,0.15973105446764202,0.22687679304581343,23,4,2,"DE,LT",0.26291190810637394,0.3644420127097861,FALSE,FALSE
den_pin,sco_sco,z_within,45,0.2441015189299265,0.10610419667318398,0.33600703954615324,0.024031170869608504,14,3,1,DE,0.20437519761881745,0.06327473430805175,FALSE,FALSE
den_pin,tet_gab,z_within,100,-0.021466009191352893,0.8321181942107928,0.06033530062518973,0.550967476309129,10,5,1,DE,0.8994837383929648,0.700713437373944,FALSE,FALSE
den_pin,tet_spp,z_within,40,-0.02777120121648143,0.864928651063846,-0.123723245601383,0.44688941319463127,3,2,1,DE,0.9171226213866642,0.6078543203168681,FALSE,FALSE
den_pin,tha_pit,z_within,9,-0.13264491117084343,0.7337087579681226,-0.14768063951019977,0.7045618349773333,7,1,1,DE,0.8427989386940369,0.8224775943616954,TRUE,FALSE
den_pin,tha_pro,z_within,80,0.18249405931851526,0.10518405316987504,0.15664239349683626,0.165263761263987,16,4,1,DE,0.20305710712839106,0.2851231119118888,FALSE,FALSE
den_pin,tom_spp,z_within,325,0.1492760871412733,0.007020610394697841,0.1963026403495721,3.709127543230012e-4,93,17,3,"DE,LT,PL",0.024178982199339366,0.0018675782542228307,FALSE,FALSE
den_pin,tor_vir,z_within,357,0.24239641051687982,3.6012524343632668e-6,0.21839350048261258,3.150531509640743e-5,112,20,3,"DE,LT,PL",2.870998468506271e-5,2.1875867982263546e-4,FALSE,FALSE
den_pin,uro_sir_spp,z_within,9,0.39058227873514767,0.29865093855151426,0.4880935300919764,0.1825209927244045,1,1,1,DE,0.44642093418898227,0.30813838183472997,TRUE,FALSE
den_pin,xyl_lin,z_within,100,0.3963652251006291,4.4584802463910485e-5,0.46584395119098754,1.0388113459458074e-6,32,5,1,DE,2.741965351530495e-4,1.0163824646128865e-5,FALSE,FALSE
den_pin,xyl_spp,z_within,95,0.36946575529128617,2.2896742798021882e-4,0.38176156487781504,1.3490271069316025e-4,30,5,1,DE,0.0011804847634189724,7.795384825960469e-4,FALSE,FALSE
den_pin,zei_gri,z_within,4,NA,NA,NA,NA,0,1,1,DE,NA,NA,TRUE,FALSE
dip_sp,era_def,z_within,136,0.19534955401339868,0.02265968896878853,0.2074187347262258,0.01539368846755724,18,8,1,DE,0.06213373312779275,0.04416241055056297,FALSE,FALSE
dip_sp,geo_db,z_within,482,0.06852634863003418,0.133014037580076,0.10494103450592397,0.02120516691088086,155,24,3,"DE,LT,PL",0.24418994958730367,0.0575656170997155,FALSE,FALSE
dip_sp,ips_acu,z_within,284,0.06679525536742138,0.2618868708023023,-0.05251185113927182,0.37796557708140077,70,23,3,"DE,LT,PL",0.409227941489623,0.5378673672924801,FALSE,FALSE
dip_sp,ips_ami,z_within,11,-0.34838120864883027,0.29373935769264664,-0.12135597524338358,0.722259119221075,2,1,1,DE,0.44060903653897,0.830260482842918,FALSE,FALSE
dip_sp,ips_cem,z_within,207,0.2490732508163989,2.9569448101592077e-4,0.22579314968751274,0.0010706373631920228,55,9,1,DE,0.0014888476500275309,0.004617493433877486,FALSE,FALSE
dip_sp,ips_dup,z_within,0,NA,NA,NA,NA,0,0,0,,NA,NA,TRUE,FALSE
dip_sp,ips_sex,z_within,154,0.1602374800979479,0.047128870899776604,0.13687716618824294,0.09050526252400853,41,7,1,DE,0.110868737280622,0.18249421787627948,FALSE,FALSE
dip_sp,ips_typ,z_within,635,-0.01214261328331706,0.7600671577847087,-0.032916317680956465,0.4076392441695671,308,31,4,"AT,DE,LT,PL",0.8585247523373811,0.5697684890097359,FALSE,FALSE
dip_sp,lym_dis,z_within,266,0.12476954483347272,0.04202238874274435,0.13228037440488746,0.031024860021874937,46,13,3,"AT,DE,LT",0.10050354640973024,0.07903078248175834,FALSE,FALSE
dip_sp,lym_mon,z_within,453,0.1703488486300731,2.7020363454523743e-4,0.17086264252420003,2.587314873040836e-4,206,23,2,"DE,PL",0.0013765995819139019,0.0013751099417828147,FALSE,FALSE
dip_sp,mel_spp,z_within,504,0.11513310156260939,0.009683765758061038,0.12340250855330544,0.00553528170442748,212,24,2,"DE,PL",0.03170236622696028,0.019373485965496182,FALSE,FALSE
dip_sp,neo_ser,z_within,22,-0.15865292457121,0.48068765814049497,-0.026902678105068786,0.9054020345749426,4,2,1,DE,0.6342763142667552,0.9449104869927584,FALSE,FALSE
dip_sp,ope_spp,z_within,147,0.28846221082760215,3.9532451396098755e-4,0.13033443130038844,0.11561461815160326,12,7,1,DE,0.0019561747501173005,0.21787603218293802,FALSE,FALSE
dip_sp,pan_fla,z_within,369,0.21579450908016976,2.9077717981371394e-5,0.22634082024662894,1.1323681569095453e-5,134,21,2,"DE,PL",1.8823996377414113e-4,8.852170405342502e-5,FALSE,FALSE
dip_sp,pha_cya,z_within,632,0.0909379074141812,0.022233397570891985,0.08985070289519848,0.023888952446989787,291,30,3,"AT,DE,PL",0.061159601624722046,0.0632105450705926,FALSE,FALSE
dip_sp,pis_pin,z_within,163,0.09416147861543359,0.23186057199126509,0.04187779686893474,0.5955725139304369,36,8,2,"DE,LT",0.3759547127767971,0.7377949014496532,FALSE,FALSE
dip_sp,pit_bid,z_within,115,0.2463474132188226,0.007955464907450365,0.1679050458492926,0.07286624965672461,34,5,1,DE,0.026861393275744175,0.15376921802558796,FALSE,FALSE
dip_sp,pit_cha,z_within,314,0.10925254101224771,0.05310920206360305,0.09384492754183237,0.09692060516062351,100,15,3,"AT,DE,LT",0.12011641195245858,0.19227797475414019,FALSE,FALSE
dip_sp,pit_spp,z_within,150,0.053902879183111416,0.5123862359204869,0.03817533338378849,0.6427850992924447,48,7,2,"AT,DE",0.6634053370338936,0.7736816594499125,FALSE,FALSE
dip_sp,pol_pol,z_within,3,NA,NA,NA,NA,3,1,1,LT,NA,NA,TRUE,FALSE
dip_sp,pri_abi,z_within,154,0.016835151244053482,0.8358292378797245,0.04265614125677959,0.5993919104404664,15,7,1,DE,0.8994837383929648,0.7377949014496532,FALSE,FALSE
dip_sp,sap_car,z_within,0,NA,NA,NA,NA,0,0,0,,NA,NA,TRUE,FALSE
dip_sp,sco_int,z_within,132,-0.1397330367855659,0.11004495108586575,-0.09993679732068751,0.2542352485988251,27,6,1,DE,0.20962102408170444,0.3965517192818631,FALSE,FALSE
dip_sp,sco_rat,z_within,66,0.278947968973777,0.023322508253590352,0.2121090648873041,0.08730800187514562,29,3,1,DE,0.06354645445044713,0.17687574026941266,FALSE,FALSE
dip_sp,sco_sco,z_within,68,-0.07804130676205785,0.5270081018657289,-0.13673004183506043,0.26621022988440995,16,4,1,DE,0.6772447398602874,0.4092982284472803,FALSE,FALSE
dip_sp,tet_gab,z_within,245,0.03203975641790537,0.6177336199747964,-0.022112509791286566,0.7305548231322427,58,11,2,"AT,DE",0.7522894579891084,0.8364464131873152,FALSE,FALSE
dip_sp,tet_spp,z_within,138,0.10697811275640033,0.2117146137340065,0.18337091478200457,0.03133316926337479,12,6,1,DE,0.3525846855415466,0.07958070423529703,FALSE,FALSE
dip_sp,tha_pit,z_within,11,0.04751141487007404,0.8896742968849376,0.11060377608889604,0.7461328514202608,11,1,1,DE,0.9328875042036371,0.8432147155044412,FALSE,FALSE
dip_sp,tha_pro,z_within,184,-0.09162562254979881,0.21608549060162588,0.002445555831383889,0.9737167621292677,26,8,1,DE,0.35710097391170803,0.9863178025803524,FALSE,FALSE
dip_sp,tom_spp,z_within,574,0.13726621653467078,9.768333632604678e-4,0.176439865244076,2.1245564822645317e-5,186,28,4,"AT,DE,LT,PL",0.004313095003934681,1.563455667717745e-4,FALSE,FALSE
dip_sp,tor_vir,z_within,497,0.20854442712428733,2.743660172990705e-6,0.2811659396022893,1.7528040584451104e-10,163,26,3,"DE,LT,PL",2.249801341852378e-5,3.353698431824978e-9,FALSE,FALSE
dip_sp,uro_sir_spp,z_within,24,0.42957211242658616,0.03617635762568571,0.41422201345926246,0.04418138652847933,2,2,1,DE,0.09107556700501579,0.10450597198082612,FALSE,FALSE
dip_sp,xyl_lin,z_within,184,0.18762955158591144,0.010757497885054975,0.2469960498733462,7.245678838413295e-4,46,8,1,DE,0.03417788073443665,0.003336112021322913,FALSE,FALSE
dip_sp,xyl_spp,z_within,198,0.1439470836747277,0.043048445636408326,0.24611985525230842,4.7369601625290794e-4,46,9,1,DE,0.1023887063341093,0.0022913048876053582,FALSE,FALSE
dip_sp,zei_gri,z_within,4,-0.9972752813156531,0.0027247186843468896,-0.9428090415820634,0.05719095841793666,2,1,1,DE,0.010426590165434098,0.12593712326814185,TRUE,FALSE
era_def,geo_db,z_within,102,-0.3457307354012342,3.721466350101297e-4,-0.06803197039515958,0.4968788023784283,0,6,1,DE,0.001852128628576426,0.6622486824269764,FALSE,FALSE
era_def,ips_acu,z_within,102,-0.027104491427270307,0.7868387878786005,-0.23713937741642155,0.016403560063863884,10,6,1,DE,0.8719789854746729,0.046458767154561854,FALSE,FALSE
era_def,ips_ami,z_within,20,0.11485458427520821,0.6296830808817991,0.21698710773635116,0.3581331901107425,7,2,1,DE,0.7625276127134024,0.516503646039111,FALSE,FALSE
era_def,ips_cem,z_within,170,0.042555144677525775,0.5816287063251171,0.1020329904609705,0.18550625070143584,35,10,1,DE,0.7255404538218635,0.3125653265243371,FALSE,FALSE
era_def,ips_dup,z_within,0,NA,NA,NA,NA,0,0,0,,NA,NA,TRUE,FALSE
era_def,ips_sex,z_within,119,0.022835240786231267,0.8052906782717166,-0.22062344451628252,0.015904369335471465,17,7,1,DE,0.8836442988205386,0.0451936039532704,FALSE,FALSE
era_def,ips_typ,z_within,170,0.08257180421473728,0.28439849741248,0.11601616861424735,0.1319138425065537,37,10,1,DE,0.43262739624053936,0.2396156506289931,FALSE,FALSE
era_def,lym_dis,z_within,136,0.00855571936236447,0.9212519529533094,0.05351730909219275,0.5360503270265776,11,8,1,DE,0.9545101462007214,0.6878380500296323,FALSE,FALSE
era_def,lym_mon,z_within,120,-0.05170831538955901,0.5748774406038406,-0.017733086768630273,0.8475557223943653,19,8,1,DE,0.7183882095209098,0.9099070785306091,FALSE,FALSE
era_def,mel_spp,z_within,136,-0.08654602649303832,0.3164128291110646,-0.11100798034651803,0.1982352943393354,14,8,1,DE,0.46649220182299084,0.32869515096857427,FALSE,FALSE
era_def,neo_ser,z_within,8,-0.14285714285714288,0.735764859879812,-0.14285714285714282,0.7357648598798121,0,1,1,DE,0.8427989386940369,0.8392535394908561,TRUE,FALSE
era_def,ope_spp,z_within,128,0.19230317890437665,0.029655685552041507,0.377169244621964,1.1412205749047825e-5,15,8,1,DE,0.07644774030032257,8.852170405342502e-5,FALSE,FALSE
era_def,pan_fla,z_within,55,-0.25333404232407303,0.06201447692501027,-0.21306663853839616,0.1183246427582265,7,5,1,DE,0.13415694631264785,0.2219553756314445,FALSE,FALSE
era_def,pha_cya,z_within,170,-0.0046027217498175385,0.9524983532958121,-0.01646517655137756,0.8312410162627146,32,10,1,DE,0.9783654354317305,0.9002497044052796,FALSE,FALSE
era_def,pis_pin,z_within,102,0.07298640668268859,0.4659925412824122,0.009477706498953992,0.924678186045129,15,6,1,DE,0.6201229954314635,0.9569085555106442,FALSE,FALSE
era_def,pit_bid,z_within,68,0.22715788627523223,0.06247671833540653,0.11272230724086255,0.3600761023667768,15,4,1,DE,0.13476902611653097,0.5184373313341051,FALSE,FALSE
era_def,pit_cha,z_within,170,0.046223436871443896,0.5494707335426112,0.027716221206751178,0.7197611344011292,35,10,1,DE,0.6959189888772882,0.830260482842918,FALSE,FALSE
era_def,pit_spp,z_within,64,0.1639855741548172,0.19538446753702854,0.08328183978887622,0.5129434036526603,13,4,1,DE,0.33180675848004254,0.6696900378796746,FALSE,FALSE
era_def,pol_pol,z_within,0,NA,NA,NA,NA,0,0,0,,NA,NA,TRUE,FALSE
era_def,pri_abi,z_within,112,-0.04086659917313064,0.6687833732497354,0.05077236679269906,0.5949757946231155,11,7,1,DE,0.7953349231602516,0.7377949014496532,FALSE,FALSE
era_def,sap_car,z_within,0,NA,NA,NA,NA,0,0,0,,NA,NA,TRUE,FALSE
era_def,sco_int,z_within,112,-0.01579094978743315,0.8687462522372411,0.06940788794290374,0.46711495061495256,13,7,1,DE,0.918755032238679,0.6284155819991784,FALSE,FALSE
era_def,sco_rat,z_within,32,-0.09445577571060523,0.6071008511239362,0.1025029366549593,0.576674751131383,13,2,1,DE,0.7430227504207642,0.7248422784293733,FALSE,FALSE
era_def,sco_sco,z_within,60,0.015868576713370035,0.9042143716702842,0.07248027514269402,0.582083286712098,12,4,1,DE,0.9436709987977148,0.7290481333429033,FALSE,FALSE
era_def,tet_gab,z_within,153,0.0682326146360156,0.40200448623393603,0.17027862423092174,0.035347862197649925,15,9,1,DE,0.5596482568692847,0.08796100968837163,FALSE,FALSE
era_def,tet_spp,z_within,119,0.09609171073756205,0.2985349634396798,0.14723006198464914,0.11007455659695616,11,7,1,DE,0.44642093418898227,0.21155044137490162,FALSE,FALSE
era_def,tha_pit,z_within,5,-0.4653650569261103,0.42962026987613233,-0.30779350562554625,0.614384002810333,3,1,1,DE,0.581662421816168,0.7465287109488581,TRUE,FALSE
era_def,tha_pro,z_within,170,0.15023536599664097,0.050525194334252205,0.1262576763827347,0.10087521331579513,25,10,1,DE,0.11581472573013614,0.19966335325264278,FALSE,FALSE
era_def,tom_spp,z_within,170,0.030330090609171634,0.6945937353795681,0.04976322744289462,0.5192865896727057,32,10,1,DE,0.8114588957419377,0.6713299605228221,FALSE,FALSE
era_def,tor_vir,z_within,153,0.345594263709686,1.2127050152399809e-5,0.42319872160587796,5.0355819086849606e-8,31,9,1,DE,8.420475952593738e-5,6.291147334037301e-7,FALSE,FALSE
era_def,uro_sir_spp,z_within,21,-0.13736765771547793,0.5526608030019738,0.0812025654704935,0.7264065148051804,0,3,1,DE,0.6987385482888392,0.8328042732986155,FALSE,FALSE
era_def,xyl_lin,z_within,153,-0.021406435474948745,0.7928267966593802,0.12863125337091205,0.11305204422672668,33,9,1,DE,0.8740382483018263,0.2148737529342421,FALSE,FALSE
era_def,xyl_spp,z_within,160,-0.032373283025937984,0.6844567515622901,0.08604715126061913,0.27929966766099124,26,10,1,DE,0.8073011120155617,0.42487104921574814,FALSE,FALSE
era_def,zei_gri,z_within,0,NA,NA,NA,NA,0,0,0,,NA,NA,TRUE,FALSE
geo_db,ips_acu,z_within,261,-0.1634720805084455,0.008142101120062457,-0.1886699755583059,0.002206260176600388,69,23,4,"BG,DE,LT,PL",0.02738417603271006,0.00882783694272797,FALSE,FALSE
geo_db,ips_ami,z_within,11,NA,NA,NA,NA,0,1,1,DE,NA,NA,FALSE,FALSE
geo_db,ips_cem,z_within,161,-0.21961812680275922,0.00512315248719274,-0.1799969658261309,0.022324345942229824,46,7,1,DE,0.018303046852584853,0.059879320424485606,FALSE,FALSE
geo_db,ips_dup,z_within,4,-0.5189194396097219,0.48108056039027813,-0.2,0.8,4,1,1,RO,0.6342763142667552,0.8777768728011006,TRUE,FALSE
geo_db,ips_sex,z_within,142,-0.2147342651412887,0.010280592474755074,-0.3354295307154508,4.491212815115066e-5,43,7,2,"BG,DE",0.033145070788290175,2.9518581937512e-4,FALSE,FALSE
geo_db,ips_typ,z_within,557,0.012445702608969333,0.7694605284588354,-0.01995934787946149,0.6383220629264226,308,28,6,"BG,DE,HR,LT,PL,RO",0.8637620795346248,0.7697413111759801,FALSE,FALSE
geo_db,lym_dis,z_within,179,-0.14346855291006685,0.05537087581818116,-0.22256065530795158,0.0027494277047794544,58,10,5,"BG,DE,HR,LT,RO",0.12321278423178228,0.01071313543769626,FALSE,FALSE
geo_db,lym_mon,z_within,415,0.18384519541191946,1.658417709898276e-4,0.17873446506421603,2.52583490608893e-4,176,21,2,"DE,PL",8.868929492064693e-4,0.0013507725802127755,FALSE,FALSE
geo_db,mel_spp,z_within,478,-0.027702887217370725,0.5457078511319031,-0.01644698978727881,0.7198443657138918,198,23,2,"DE,PL",0.6930006782073284,0.830260482842918,FALSE,FALSE
geo_db,neo_ser,z_within,21,-0.05804310896100372,0.8026569461359527,-0.12065098861557183,0.6024039671534335,15,2,2,"BG,DE",0.882615109352561,0.7377949014496532,FALSE,FALSE
geo_db,ope_spp,z_within,126,-0.25702068074907936,0.003669380704124049,-0.264220724756309,0.002793155737790391,2,6,1,DE,0.013501439257482076,0.01083291482088976,FALSE,FALSE
geo_db,pan_fla,z_within,341,0.024834980380401512,0.6476754369001898,0.04654150490665627,0.39158160774774053,113,19,2,"DE,PL",0.7747159403248335,0.5539233013251221,FALSE,FALSE
geo_db,pha_cya,z_within,504,-0.003679059011563495,0.9343366938336342,0.022282376159253655,0.6177385378838138,241,25,3,"DE,LT,PL",0.9657429692566135,0.7480631239352514,FALSE,FALSE
geo_db,pis_pin,z_within,121,-0.18561000714811385,0.041523516297958245,-0.17815722607821993,0.0505762483342253,23,6,2,"DE,LT",0.0998652165713465,0.11705954251550532,FALSE,FALSE
geo_db,pit_bid,z_within,92,-0.20434885599028016,0.05071097746836391,-0.0952197660761743,0.3665884177619979,29,4,1,DE,0.11581472573013614,0.5269326004892825,FALSE,FALSE
geo_db,pit_cha,z_within,167,-0.08786191118066598,0.2588627959516084,-0.13777580830415467,0.07580541708024541,52,8,2,"DE,LT",0.40668349562957473,0.15854341287103565,FALSE,FALSE
geo_db,pit_spp,z_within,87,-0.22026283204229352,0.04036348400982687,-0.23526294727087343,0.02826885703237341,29,4,2,"DE,HR",0.09821966576610662,0.07309154926388439,FALSE,FALSE
geo_db,pol_pol,z_within,6,0.8928239613926598,0.016614505201762855,0.9856107606091623,3.090856678496707e-4,6,1,1,LT,0.048491827046501075,0.0016116085303029748,TRUE,FALSE
geo_db,pri_abi,z_within,132,-0.06646203048844662,0.4489506364938013,-0.16414499728945714,0.06000962638483039,20,6,1,DE,0.6011609611526639,0.1304754755488358,FALSE,FALSE
geo_db,sap_car,z_within,0,NA,NA,NA,NA,0,0,0,,NA,NA,TRUE,FALSE
geo_db,sco_int,z_within,110,0.06429451617450165,0.5045713691528018,0.0709974878321617,0.4610904252384963,24,5,1,DE,0.6582362861220641,0.623232113234451,FALSE,FALSE
geo_db,sco_rat,z_within,47,0.14488751816840462,0.33120404563072536,0.37602062661093283,0.009192315152666927,18,3,2,"DE,LT",0.4841539614398209,0.029754072731000843,FALSE,FALSE
geo_db,sco_sco,z_within,51,-0.0891236333331565,0.5339873887636527,0.0010465956866375387,0.9941843577737746,3,3,1,DE,0.682141159830126,1,FALSE,FALSE
geo_db,tet_gab,z_within,115,-0.0767731636572564,0.4147798511890778,0.004882873743161878,0.9586950183495255,10,5,1,DE,0.5695780731639489,0.9768478234307,FALSE,FALSE
geo_db,tet_spp,z_within,115,-0.18460802428708342,0.048258593639852326,-0.17793537729337872,0.05710444007253361,3,5,1,DE,0.11229905168625096,0.12593712326814185,FALSE,FALSE
geo_db,tha_pit,z_within,44,0.08811493679154435,0.5695121594069412,0.06047598158741557,0.6965653527427893,34,3,3,"BG,DE,HR",0.7154228412231856,0.8170882407514191,FALSE,FALSE
geo_db,tha_pro,z_within,138,-0.028072191270748635,0.7437901103716427,-0.008548413642847306,0.9207337363707466,11,6,1,DE,0.849341226830218,0.9562747249881941,FALSE,FALSE
geo_db,tom_spp,z_within,447,0.10468195679474006,0.026889947609056143,0.12075669076006924,0.010609887437157467,141,22,3,"DE,LT,PL",0.0703715650194448,0.0330982358093934,FALSE,FALSE
geo_db,tor_vir,z_within,497,0.2559770551390581,7.0815537528162276e-9,0.3268683528487114,7.720852284820662e-14,202,27,5,"BG,DE,LT,PL,RO",9.995438985532413e-8,2.1444044571711577e-12,FALSE,FALSE
geo_db,uro_sir_spp,z_within,24,-0.0403723552177888,0.8514247627977447,-0.022390553775994956,0.9172901212772697,1,2,1,DE,0.9106543115141096,0.9550021697941103,FALSE,FALSE
geo_db,xyl_lin,z_within,161,0.12209721654557396,0.1228435865479499,0.16314809250512233,0.03865290717950089,39,7,1,DE,0.22893577493027026,0.09454588943622233,FALSE,FALSE
geo_db,xyl_spp,z_within,154,0.02174617700564509,0.7889333678104182,0.05113125893030302,0.528848551293285,37,7,1,DE,0.8719789854746729,0.6806257139962906,FALSE,FALSE
geo_db,zei_gri,z_within,4,-0.9964718147666334,0.003528185233366617,-0.9428090415820634,0.05719095841793666,2,1,1,DE,0.013136152016667277,0.12593712326814185,TRUE,FALSE
ips_acu,ips_ami,z_within,11,0.014586792669707135,0.9660473204705426,-0.07590721152765896,0.8244549933689428,1,1,1,DE,0.9831758190604458,0.89402487316204,FALSE,FALSE
ips_acu,ips_cem,z_within,161,0.4043776576322786,1.0377201987352434e-7,0.3242392248402499,2.716627607484368e-5,58,7,1,DE,1.1309836596342337e-6,1.925272444278594e-4,FALSE,FALSE
ips_acu,ips_dup,z_within,205,0.5118176598021795,4.395757496841569e-15,0.5131628150029558,3.6266680522357176e-15,161,9,2,"CZ,SK",1.5769780019919128e-13,1.4193459968067967e-13,FALSE,FALSE
ips_acu,ips_sex,z_within,331,0.5207055161011744,2.130509936885539e-24,0.523883644269785,9.994299812042126e-25,197,15,3,"BG,CZ,DE",3.0572817594307484e-22,1.2292988768811815e-22,FALSE,FALSE
ips_acu,ips_typ,z_within,350,0.2715253301793202,2.4848482732766337e-7,0.27576157968596426,1.5835690287490407e-7,205,26,5,"BG,DE,LT,PL,SK",2.4877376317339318e-6,1.7986539585731816e-6,FALSE,FALSE
ips_acu,lym_dis,z_within,222,0.21872401824819618,0.001036868900733271,0.17186916352369588,0.0103040641153983,66,16,5,"BG,CZ,DE,LT,SK",0.004531696058534753,0.03226108801221068,FALSE,FALSE
ips_acu,lym_mon,z_within,360,0.13717976276897784,0.009158443621637131,0.14136762996059815,0.007221833355691836,176,27,4,"CZ,DE,LT,PL",0.030097022741334238,0.02438430791863008,FALSE,FALSE
ips_acu,mel_spp,z_within,266,0.029306576486105938,0.6341976159438718,0.022014489436501923,0.7207939682368807,92,22,2,"DE,PL",0.7669159372579686,0.830260482842918,FALSE,FALSE
ips_acu,neo_ser,z_within,38,-0.04438113664128088,0.791336949753128,-0.01595245053563389,0.9242683868005879,27,3,2,"BG,DE",0.8735142483813375,0.9569085555106442,FALSE,FALSE
ips_acu,ope_spp,z_within,105,0.17196358713293103,0.07941318550926157,0.247640632634731,0.010865687794657833,14,5,1,DE,0.16475844029752823,0.033411989968572836,FALSE,FALSE
ips_acu,pan_fla,z_within,171,0.15858594769832135,0.038293544122738714,0.13607813961061355,0.07595317466882666,47,20,3,"DE,LT,PL",0.09478034787214293,0.15854341287103565,FALSE,FALSE
ips_acu,pha_cya,z_within,477,0.30948380616118465,4.781823047894821e-12,0.27995812412161963,4.870956072925484e-10,251,32,4,"CZ,DE,LT,PL",1.176328469782126e-10,8.223319958409494e-9,FALSE,FALSE
ips_acu,pis_pin,z_within,156,0.4020748761919655,1.9631101102917259e-7,0.4526978416363753,2.9678919237845904e-9,61,7,2,"DE,LT",2.012187863049019e-6,4.331110078607682e-8,FALSE,FALSE
ips_acu,pit_bid,z_within,115,0.5893332407556338,4.246699354427461e-12,0.3315940050071989,2.945073619781933e-4,46,5,1,DE,1.108002467927892e-10,0.0015556493169522972,FALSE,FALSE
ips_acu,pit_cha,z_within,201,0.2780568313419404,6.424471152083287e-5,0.20546433207622386,0.0034326724727602987,98,9,3,"DE,LT,SK",3.8148066634094554e-4,0.013019960348222982,FALSE,FALSE
ips_acu,pit_spp,z_within,228,0.4706277463835193,5.729213109202989e-14,0.43266911105305567,8.097296471658181e-12,121,10,2,"CZ,DE",1.9731409948095095e-12,1.9366034061382485e-10,FALSE,FALSE
ips_acu,pol_pol,z_within,202,0.268153818671083,1.1411542248547595e-4,0.22995426119659254,9.940214446178687e-4,147,9,2,"CZ,LT",6.380089529869792e-4,0.004366594203142781,FALSE,FALSE
ips_acu,pri_abi,z_within,271,-0.12504132553146868,0.039685734436654026,-0.15662873654045073,0.00980946365230482,115,12,2,"CZ,DE",0.09734876737880091,0.031051280164097243,FALSE,FALSE
ips_acu,sap_car,z_within,0,NA,NA,NA,NA,0,0,0,,NA,NA,TRUE,FALSE
ips_acu,sco_int,z_within,300,0.312624909052663,3.175435367314444e-8,0.22893006484395434,6.283445163288622e-5,126,14,2,"CZ,DE",3.9623910887793276e-7,4.037347974322017e-4,FALSE,FALSE
ips_acu,sco_rat,z_within,241,0.3540793442406452,1.58231251233722e-8,0.28235537224773816,8.529049105659472e-6,111,12,3,"CZ,DE,LT",2.0959554971113021e-7,6.993820266640767e-5,FALSE,FALSE
ips_acu,sco_sco,z_within,68,0.25086019154582906,0.0390732236249618,0.3915256965433349,9.61300330399831e-4,16,4,1,DE,0.09639554596301465,0.004266389610692033,FALSE,FALSE
ips_acu,tet_gab,z_within,138,0.35749448949494933,1.6733321378379503e-5,0.17392892699428256,0.041330919928087205,21,6,1,DE,1.1525911765427802e-4,0.09940201692201979,FALSE,FALSE
ips_acu,tet_spp,z_within,115,0.03620360375343028,0.7008857201738566,0.1449886972623017,0.12209818480874272,6,5,1,DE,0.8154900068509332,0.2255934272968401,FALSE,FALSE
ips_acu,tha_pit,z_within,29,0.2737918221006635,0.15066440310463336,0.36125855116025846,0.05417209974799479,25,2,2,"BG,DE",0.26802076667993663,0.12242041439113784,FALSE,FALSE
ips_acu,tha_pro,z_within,138,0.06406159707957278,0.4553802868281568,0.17599131544782404,0.03894483502918718,19,6,1,DE,0.6078797317194465,0.094721759774379,FALSE,FALSE
ips_acu,tom_spp,z_within,466,0.4252391371095204,6.897198428854335e-22,0.3543625308996391,3.1090172818561154e-15,229,29,4,"CZ,DE,LT,PL",4.5680675748027555e-20,1.3384319398390575e-13,FALSE,FALSE
ips_acu,tor_vir,z_within,312,0.023205978612288746,0.6830468032885323,-0.07044995803578631,0.21462717517924954,102,25,4,"BG,DE,LT,PL",0.8073011120155617,0.34801129534714476,FALSE,FALSE
ips_acu,uro_sir_spp,z_within,24,0.14271344177326617,0.5058936930666491,0.2061624398232149,0.3337913957882447,1,2,1,DE,0.6589628891533811,0.48959862312381375,FALSE,FALSE
ips_acu,xyl_lin,z_within,138,-0.03336637612581675,0.697639335329516,0.03203181782791058,0.7091769541427597,52,6,1,DE,0.8139125578844354,0.8240234244492795,FALSE,FALSE
ips_acu,xyl_spp,z_within,154,0.021753271243163997,0.7888661256903291,0.03620932281123215,0.655719217933989,50,7,1,DE,0.8719789854746729,0.7863151067425691,FALSE,FALSE
ips_acu,zei_gri,z_within,137,-0.08103664622904407,0.3465162303471455,-0.04798551254727604,0.5776431002306748,69,8,2,"CZ,DE",0.5031205300655857,0.7250010339629898,FALSE,FALSE
ips_ami,ips_cem,z_within,22,0.05107809664199533,0.821403831017584,0.1442546292611601,0.5218589677088953,6,2,1,DE,0.8952262006406833,0.6736440347786489,FALSE,FALSE
ips_ami,ips_dup,z_within,0,NA,NA,NA,NA,0,0,0,,NA,NA,TRUE,FALSE
ips_ami,ips_sex,z_within,11,-0.13054358221536547,0.7020331942293954,0.05393598899705937,0.8748509831351124,2,1,1,DE,0.8157227803394189,0.9264283541266991,FALSE,FALSE
ips_ami,ips_typ,z_within,22,-0.1031409282955618,0.6478460825016029,0.06678458763781925,0.7677706346474528,9,2,1,DE,0.7747159403248335,0.8553506789960913,FALSE,FALSE
ips_ami,lym_dis,z_within,11,-0.16814850726518632,0.6211575910235518,-0.21999999999999997,0.5156846633150107,0,1,1,DE,0.7553907992532177,0.6696900378796746,FALSE,FALSE
ips_ami,lym_mon,z_within,10,-0.6859185434817134,0.028533820442177907,-0.46709936649691386,0.1734859197944231,1,1,1,DE,0.07399885361661197,0.29461810047928655,FALSE,FALSE
ips_ami,mel_spp,z_within,11,-0.22436823388200625,0.5071659677404021,-0.28297266548513955,0.3991354128408898,0,1,1,DE,0.6596222027560216,0.5624477748870804,FALSE,FALSE
ips_ami,neo_ser,z_within,0,NA,NA,NA,NA,0,0,0,,NA,NA,TRUE,FALSE
ips_ami,ope_spp,z_within,11,0.17953165988807224,0.5973549024854973,0.03485651222274315,0.9189616664781303,5,1,1,DE,0.7372453884634015,0.9555869502870412,FALSE,FALSE
ips_ami,pan_fla,z_within,8,0.0892296733113215,0.833580292389029,0.08297398136450222,0.8451363719168775,1,1,1,DE,0.8994837383929648,0.9088003503165683,TRUE,FALSE
ips_ami,pha_cya,z_within,22,-0.40664374081221805,0.06036915912212824,-0.033489865548371085,0.8823797125374995,2,2,1,DE,0.13259654592896025,0.9279728244885901,FALSE,FALSE
ips_ami,pis_pin,z_within,11,0.26626058637688005,0.4287049815428776,0.37755192297941553,0.2523198285784237,2,1,1,DE,0.581662421816168,0.39427835282399787,FALSE,FALSE
ips_ami,pit_bid,z_within,11,0.07773088099802915,0.8202961626765406,0.08108848540793831,0.812650155943898,2,1,1,DE,0.8951520862667952,0.8845660989477827,FALSE,FALSE
ips_ami,pit_cha,z_within,22,0.18508746564990225,0.40958572378685587,0.27608208392742983,0.21361102149904626,9,2,1,DE,0.566056674447003,0.3470171500201487,FALSE,FALSE
ips_ami,pit_spp,z_within,0,NA,NA,NA,NA,0,0,0,,NA,NA,TRUE,FALSE
ips_ami,pol_pol,z_within,0,NA,NA,NA,NA,0,0,0,,NA,NA,TRUE,FALSE
ips_ami,pri_abi,z_within,11,0.05995899323768409,0.8609868351091294,0.1800735143996343,0.5962304223253663,1,1,1,DE,0.9163283869332021,0.7377949014496532,FALSE,FALSE
ips_ami,sap_car,z_within,0,NA,NA,NA,NA,0,0,0,,NA,NA,TRUE,FALSE
ips_ami,sco_int,z_within,20,0.20329534177351968,0.3899803695221259,0.24615239608692216,0.2954908877351009,3,2,1,DE,0.545086198309335,0.44323633160265136,FALSE,FALSE
ips_ami,sco_rat,z_within,10,0.3297413874903217,0.3521342568076548,0.37194949554383877,0.2898886711708534,2,1,1,DE,0.5087040186432732,0.43770677600336255,FALSE,FALSE
ips_ami,sco_sco,z_within,22,0.2629100657710875,0.23716051741964037,0.22353467738894348,0.3173117765006449,5,2,1,DE,0.381673281305253,0.46861996495206737,FALSE,FALSE
ips_ami,tet_gab,z_within,22,0.251277136725349,0.25931386655126193,0.4197531658413784,0.051798450707967326,4,2,1,DE,0.40668349562957473,0.118298318460371,FALSE,FALSE
ips_ami,tet_spp,z_within,22,-0.20252314923722017,0.3660555971868371,-0.2589754634170423,0.24451058647725413,3,2,1,DE,0.5209485440956476,0.38628186230626754,FALSE,FALSE
ips_ami,tha_pit,z_within,4,NA,NA,NA,NA,0,1,1,DE,NA,NA,TRUE,FALSE
ips_ami,tha_pro,z_within,22,-0.14024780441474374,0.5336058083773056,-0.3230014825074605,0.14259008572314827,1,2,1,DE,0.682141159830126,0.25365715662733607,FALSE,FALSE
ips_ami,tom_spp,z_within,22,-0.3700173425538469,0.09007591497575687,-0.3781818876367167,0.08266772632221413,3,2,1,DE,0.18078173145484072,0.16936633335559823,FALSE,FALSE
ips_ami,tor_vir,z_within,22,0.16337453535669105,0.46755222428984966,0.23787115505379416,0.28643088532361616,7,2,1,DE,0.621238372088828,0.43418484553456604,FALSE,FALSE
ips_ami,uro_sir_spp,z_within,5,NA,NA,NA,NA,0,1,1,DE,NA,NA,TRUE,FALSE
ips_ami,xyl_lin,z_within,22,0.42413881439751555,0.049151505670479045,0.4654122603787246,0.029053602330748923,9,2,1,DE,0.11376195264054424,0.07489566349333779,FALSE,FALSE
ips_ami,xyl_spp,z_within,20,-0.03202202443912765,0.8933871115733728,0.042513747616596397,0.8587505958438633,4,2,1,DE,0.9346370632620583,0.9162134609932667,FALSE,FALSE
ips_ami,zei_gri,z_within,0,NA,NA,NA,NA,0,0,0,,NA,NA,TRUE,FALSE
ips_cem,ips_dup,z_within,0,NA,NA,NA,NA,0,0,0,,NA,NA,TRUE,FALSE
ips_cem,ips_sex,z_within,176,0.4426250789804668,7.701623574295864e-10,0.47633689493920345,2.353671944446706e-11,79,8,1,DE,1.3262195794937477e-8,5.196183446586189e-10,FALSE,FALSE
ips_cem,ips_typ,z_within,253,0.5628439496475026,1.5273740940457847e-22,0.5835110606224947,1.7580910579731817e-24,188,11,1,DE,1.0958909124778506e-20,1.8921455011436368e-22,FALSE,FALSE
ips_cem,lym_dis,z_within,207,0.24787380718169388,3.169359033534787e-4,0.19812084132827154,0.004214785559067253,79,9,1,DE,0.0015865221673682856,0.015311942474079767,FALSE,FALSE
ips_cem,lym_mon,z_within,152,0.16495276382233054,0.04227329544891045,0.1574589592365349,0.05270107546213145,54,8,1,DE,0.10082356615377258,0.11972460678864164,FALSE,FALSE
ips_cem,mel_spp,z_within,207,0.13842853847036135,0.04668282753715391,0.13027876940343563,0.061342775533263706,77,9,1,DE,0.11012031372462881,0.13237125246651643,FALSE,FALSE
ips_cem,neo_ser,z_within,22,0.06355259592415143,0.7787318955392033,0.16100070927922763,0.4741330989876197,12,2,1,DE,0.8673844269848047,0.63686208771972,FALSE,FALSE
ips_cem,ope_spp,z_within,189,0.2358374307005024,0.0010872207629117928,0.2815279580225092,8.695828358218145e-5,44,9,1,DE,0.0046804853843352675,5.347934440304159e-4,FALSE,FALSE
ips_cem,pan_fla,z_within,84,0.20344664537775559,0.06343312392536027,0.19500368257313375,0.07547523668278192,29,6,1,DE,0.13586049676551043,0.15849799703384204,FALSE,FALSE
ips_cem,pha_cya,z_within,253,0.501503437783238,1.6109631969712853e-17,0.5153768618158232,1.4404022054946195e-18,172,11,1,DE,7.705773958845981e-16,8.85847356379191e-17,FALSE,FALSE
ips_cem,pis_pin,z_within,161,0.42083512509871746,2.7208163673646243e-8,0.4400812753768643,5.177715790935341e-9,62,7,1,DE,3.4964520780611066e-7,7.308218518025129e-8,FALSE,FALSE
ips_cem,pit_bid,z_within,115,0.5050950140642676,8.580250533042499e-9,0.46550918244236206,1.5876620307963042e-7,63,5,1,DE,1.1726342395158082e-7,1.7986539585731816e-6,FALSE,FALSE
ips_cem,pit_cha,z_within,253,0.5794674466791996,4.317695014314646e-24,0.6059802900269026,9.423261332998277e-27,184,11,1,DE,4.6469192591561375e-22,1.6226856015423032e-24,FALSE,FALSE
ips_cem,pit_spp,z_within,88,0.408189026160094,7.887039747221245e-5,0.4697411807831098,3.8897555443720195e-6,57,4,1,DE,4.608150081005259e-4,3.4526593027879476e-5,FALSE,FALSE
ips_cem,pol_pol,z_within,0,NA,NA,NA,NA,0,0,0,,NA,NA,TRUE,FALSE
ips_cem,pri_abi,z_within,176,0.022397399970554097,0.7679519837187787,-0.02208740825354145,0.7710741664567531,48,8,1,DE,0.8637620795346248,0.8553506789960913,FALSE,FALSE
ips_cem,sap_car,z_within,0,NA,NA,NA,NA,0,0,0,,NA,NA,TRUE,FALSE
ips_cem,sco_int,z_within,176,0.1842203172617492,0.014383957723329541,0.08925229105504773,0.2388042625193905,64,8,1,DE,0.04328892762808698,0.37936315825111167,FALSE,FALSE
ips_cem,sco_rat,z_within,66,0.4204276824512356,4.402450741402238e-4,0.21496310550359668,0.08303741028808422,37,3,1,DE,0.00212950004963333,0.169419929521423,FALSE,FALSE
ips_cem,sco_sco,z_within,85,0.1844258405260766,0.09109038524993117,0.217719227403762,0.045324302692175154,25,5,1,DE,0.18196942389835438,0.1066361599901945,FALSE,FALSE
ips_cem,tet_gab,z_within,207,0.40139010006928144,2.0473994179220566e-9,0.36932974807185337,4.34042038347928e-8,87,9,1,DE,3.205110725147074e-8,5.662275682084333e-7,FALSE,FALSE
ips_cem,tet_spp,z_within,184,0.30918644201167683,1.950013887146958e-5,0.3610962294351903,4.760608057195164e-7,73,8,1,DE,1.3220172888453e-4,4.938413900295224e-6,FALSE,FALSE
ips_cem,tha_pit,z_within,11,0.5056453370566819,0.11256785046116216,0.4460064751755518,0.16914072316352244,11,1,1,DE,0.2125458755417996,0.2895231861705623,FALSE,FALSE
ips_cem,tha_pro,z_within,230,0.08897845839668189,0.17870867290963843,0.10564005883467965,0.11007502640645288,99,10,1,DE,0.30959389813923277,0.21155044137490162,FALSE,FALSE
ips_cem,tom_spp,z_within,253,0.32566979690656916,1.1604096761760742e-7,0.32258549035317463,1.5496891257310055e-7,162,11,1,DE,1.2334725076390123e-6,1.7986539585731816e-6,FALSE,FALSE
ips_cem,tor_vir,z_within,230,0.06991147851734973,0.2910707085949699,0.08636750037203611,0.1918480556956279,97,10,1,DE,0.43963471364814494,0.32199059640143396,FALSE,FALSE
ips_cem,uro_sir_spp,z_within,48,0.3535611339545812,0.01369475350555105,0.2274962568809712,0.11993115721625403,12,4,1,DE,0.041664956778372626,0.22350806572120066,FALSE,FALSE
ips_cem,xyl_lin,z_within,230,0.2911769923497923,7.138389895215562e-6,0.2982423715875915,4.151978529802337e-6,137,10,1,DE,5.3913628945443846e-5,3.64780970832634e-5,FALSE,FALSE
ips_cem,xyl_spp,z_within,242,0.32757158954364307,1.8480955988036387e-7,0.3033137315789617,1.5262790450866752e-6,122,11,1,DE,1.9171208561083525e-6,1.476546357100705e-5,FALSE,FALSE
ips_cem,zei_gri,z_within,4,0.7347686950166984,0.2652313049833014,0.894427190999916,0.10557280900008408,4,1,1,DE,0.41220966352097926,0.20500445715377075,TRUE,FALSE
ips_dup,ips_sex,z_within,184,0.48819117600825906,2.0712131737177515e-12,0.5268616161417639,1.5608631078006286e-14,136,8,1,CZ,5.7526275566805936e-11,5.375612543265365e-13,FALSE,FALSE
ips_dup,ips_typ,z_within,28,0.7111363845809987,2.21788365419038e-5,0.6781609195402298,7.31770085211129e-5,28,2,2,"RO,SK",1.4918733017639976e-4,4.5989346231151975e-4,FALSE,FALSE
ips_dup,lym_dis,z_within,46,-0.032962831485877836,0.8278411577453888,0.03149740860000051,0.8353865468204436,28,8,3,"CZ,RO,SK",0.8988287980060274,0.902855502506669,FALSE,FALSE
ips_dup,lym_mon,z_within,138,-0.1283818841158283,0.13344747018770195,-0.1592404041144551,0.06210319921980596,81,6,1,CZ,0.24446440815236464,0.13367713632063233,FALSE,FALSE
ips_dup,mel_spp,z_within,0,NA,NA,NA,NA,0,0,0,,NA,NA,TRUE,FALSE
ips_dup,neo_ser,z_within,0,NA,NA,NA,NA,0,0,0,,NA,NA,TRUE,FALSE
ips_dup,ope_spp,z_within,0,NA,NA,NA,NA,0,0,0,,NA,NA,TRUE,FALSE
ips_dup,pan_fla,z_within,0,NA,NA,NA,NA,0,0,0,,NA,NA,TRUE,FALSE
ips_dup,pha_cya,z_within,184,0.3887651601013897,4.9362762410622866e-8,0.3635945122407684,3.9130428779966777e-7,134,8,1,CZ,5.822101155554286e-7,4.108695021896511e-6,FALSE,FALSE
ips_dup,pis_pin,z_within,0,NA,NA,NA,NA,0,0,0,,NA,NA,TRUE,FALSE
ips_dup,pit_bid,z_within,0,NA,NA,NA,NA,0,0,0,,NA,NA,TRUE,FALSE
ips_dup,pit_cha,z_within,21,-0.16718987394725757,0.4688393951754848,-0.19480519480519481,0.39744295350722547,21,1,1,SK,0.6216426506757488,0.5609809556880674,FALSE,FALSE
ips_dup,pit_spp,z_within,184,0.6416633164268658,9.81858082209852e-23,0.59295749559375,7.444468558856863e-19,125,8,1,CZ,7.685270988933477e-21,5.306133519509863e-17,FALSE,FALSE
ips_dup,pol_pol,z_within,184,0.12934763165336186,0.0801254556271533,0.13095645233307163,0.07640903741900687,132,8,1,CZ,0.16504310357650476,0.15858720389443082,FALSE,FALSE
ips_dup,pri_abi,z_within,161,-0.5704777170785686,2.7911653432618716e-15,-0.5011812308104122,1.2756895300301314e-11,94,7,1,CZ,1.0448666784993354e-13,2.968564014475522e-10,FALSE,FALSE
ips_dup,sap_car,z_within,0,NA,NA,NA,NA,0,0,0,,NA,NA,TRUE,FALSE
ips_dup,sco_int,z_within,168,0.06774335605881542,0.3829348669871877,0.029884874447573914,0.7005736905780091,86,8,1,CZ,0.5378579453115312,0.8206720375342393,FALSE,FALSE
ips_dup,sco_rat,z_within,168,0.31992627953482927,2.3640139036857992e-5,0.27884987627531116,2.5202293229853413e-4,80,8,1,CZ,1.5778418380414522e-4,0.0013507725802127755,FALSE,FALSE
ips_dup,sco_sco,z_within,0,NA,NA,NA,NA,0,0,0,,NA,NA,TRUE,FALSE
ips_dup,tet_gab,z_within,0,NA,NA,NA,NA,0,0,0,,NA,NA,TRUE,FALSE
ips_dup,tet_spp,z_within,0,NA,NA,NA,NA,0,0,0,,NA,NA,TRUE,FALSE
ips_dup,tha_pit,z_within,0,NA,NA,NA,NA,0,0,0,,NA,NA,TRUE,FALSE
ips_dup,tha_pro,z_within,0,NA,NA,NA,NA,0,0,0,,NA,NA,TRUE,FALSE
ips_dup,tom_spp,z_within,184,0.5594019061776835,1.5332306333876744e-16,0.5803771367611916,5.894901583292212e-18,150,8,1,CZ,6.600557876733938e-15,2.985594272479173e-16,FALSE,FALSE
ips_dup,tor_vir,z_within,6,-0.09198603369943652,0.8624101161616098,0.4857142857142857,0.3287230320699709,6,1,1,RO,0.9167100123643778,0.48298725360451356,TRUE,FALSE
ips_dup,uro_sir_spp,z_within,0,NA,NA,NA,NA,0,0,0,,NA,NA,TRUE,FALSE
ips_dup,xyl_lin,z_within,0,NA,NA,NA,NA,0,0,0,,NA,NA,TRUE,FALSE
ips_dup,xyl_spp,z_within,0,NA,NA,NA,NA,0,0,0,,NA,NA,TRUE,FALSE
ips_dup,zei_gri,z_within,133,-0.04139382267692364,0.6361607028125567,-0.06781876082884182,0.4379645785189129,69,7,1,CZ,0.7671349651563183,0.5985515906425143,FALSE,FALSE
ips_sex,ips_typ,z_within,191,0.4918776101704026,4.968391455055043e-13,0.45523032631972266,3.679332928577379e-11,95,9,2,"BG,DE",1.5843648306675525e-11,7.726599150012496e-10,FALSE,FALSE
ips_sex,lym_dis,z_within,192,0.16929972949968022,0.018897895302629465,0.12987178354283208,0.07258733522940014,46,14,3,"BG,CZ,DE",0.05352331531435516,0.15355699172607742,FALSE,FALSE
ips_sex,lym_mon,z_within,246,0.007123579652088989,0.9114884151944865,0.026711669388499178,0.6767539447928872,114,12,2,"CZ,DE",0.947815852031948,0.7981988307762684,FALSE,FALSE
ips_sex,mel_spp,z_within,154,0.03640349012340466,0.6539919480087601,0.11589842412509063,0.15232366829177874,19,7,1,DE,0.7798989850907792,0.2660257168341207,FALSE,FALSE
ips_sex,neo_ser,z_within,36,0.11587992159724822,0.5009379037756783,0.1294479481667721,0.4517796149320369,26,3,2,"BG,DE",0.6544879137342322,0.613536669489722,FALSE,FALSE
ips_sex,ope_spp,z_within,140,0.25008933823167917,0.0028818019205881667,0.26310801559917285,0.0016851343086970918,17,7,1,DE,0.010930535038001813,0.006896398807265757,FALSE,FALSE
ips_sex,pan_fla,z_within,52,0.21421301302839374,0.1272780414004935,0.12486828117170852,0.3777723195102034,17,4,1,DE,0.23668767526096093,0.5378673672924801,FALSE,FALSE
ips_sex,pha_cya,z_within,360,0.5479480782579363,1.34366524102999e-29,0.5438830410072717,4.197435428622082e-29,207,16,2,"CZ,DE",3.856319241756071e-27,9.034979760109032e-27,FALSE,FALSE
ips_sex,pis_pin,z_within,132,0.3490603369745925,4.0951606393301385e-5,0.3921574999728955,3.3135563405568906e-6,51,6,1,DE,2.536642669398021e-4,3.00312843075735e-5,FALSE,FALSE
ips_sex,pit_bid,z_within,110,0.5803909227922874,3.019617358925746e-11,0.6403555878863334,4.967114149079554e-14,62,5,1,DE,6.19021558579778e-10,1.4255617607858318e-12,FALSE,FALSE
ips_sex,pit_cha,z_within,176,0.450125970227337,3.661670745191028e-10,0.5127780418888347,3.444511325651007e-13,79,8,1,DE,6.853692416542337e-9,9.267888285579741e-12,FALSE,FALSE
ips_sex,pit_spp,z_within,247,0.3970935837426536,9.328728781932178e-11,0.3803811457125032,6.338722211461073e-10,120,11,2,"CZ,DE",1.867915228196187e-9,1.0495461200130738e-8,FALSE,FALSE
ips_sex,pol_pol,z_within,184,0.09170300005728516,0.2156962769164068,0.11664737068691398,0.11482155666557005,123,8,1,CZ,0.35710097391170803,0.21727771492100179,FALSE,FALSE
ips_sex,pri_abi,z_within,308,-0.11161062744427085,0.05035776792604297,-0.11052491696070042,0.05265273744527304,121,14,2,"CZ,DE",0.11581472573013614,0.11972460678864164,FALSE,FALSE
ips_sex,sap_car,z_within,0,NA,NA,NA,NA,0,0,0,,NA,NA,TRUE,FALSE
ips_sex,sco_int,z_within,315,0.24432113919265744,1.1562687974371701e-5,0.16960108466792842,0.002527226024437254,132,15,2,"CZ,DE",8.160224873716422e-5,0.009935806424842354,FALSE,FALSE
ips_sex,sco_rat,z_within,231,0.34539211976808815,7.134458598054432e-8,0.2795026172541417,1.6232508709024977e-5,111,11,2,"CZ,DE",8.190358470566487e-7,1.2178400779531035e-4,FALSE,FALSE
ips_sex,sco_sco,z_within,68,0.24217508121150091,0.046620860023208394,0.282873180876191,0.01942136584445596,22,4,1,DE,0.11012031372462881,0.05376783277195042,FALSE,FALSE
ips_sex,tet_gab,z_within,154,0.27983425871368445,4.40005808271542e-4,0.17113888659286458,0.033824585070168334,27,7,1,DE,0.00212950004963333,0.08465978995760155,FALSE,FALSE
ips_sex,tet_spp,z_within,110,0.07324350084904713,0.4469969195971468,0.015914462911831993,0.8689313782480925,11,5,1,DE,0.6004123990220646,0.9246141224915616,FALSE,FALSE
ips_sex,tha_pit,z_within,25,0.3396402872611396,0.09670155629377497,0.26628131183310705,0.19822588977517103,25,2,2,"BG,DE",0.1900914154542015,0.32869515096857427,FALSE,FALSE
ips_sex,tha_pro,z_within,154,0.0027314621362729565,0.9731798164650955,0.03558255917520578,0.6613071830620336,27,7,1,DE,0.9892654332661714,0.7894513110265117,FALSE,FALSE
ips_sex,tom_spp,z_within,360,0.5012445692541451,2.6780461351660816e-24,0.4478164173062007,3.7116953466128925e-19,220,16,2,"CZ,DE",3.2939967462542804e-22,3.1957696934337e-17,FALSE,FALSE
ips_sex,tor_vir,z_within,160,-0.05515186651616504,0.4885106075441996,-0.0427891593639156,0.5910968608131291,65,8,2,"BG,DE",0.641170172401762,0.7365186644864025,FALSE,FALSE
ips_sex,uro_sir_spp,z_within,33,0.3578199447891827,0.040902992854829005,0.1163245501154362,0.5191463120381743,3,3,1,DE,0.09878726772431619,0.6713299605228221,FALSE,FALSE
ips_sex,xyl_lin,z_within,176,0.10583305698294047,0.16212543510365934,0.13789853056229498,0.06798226263412141,75,8,1,DE,0.28487755025357286,0.144525254636984,FALSE,FALSE
ips_sex,xyl_spp,z_within,168,0.23355558644671576,0.0023123187779678245,0.2748968715425727,3.107166272128848e-4,73,8,1,DE,0.009008626551268311,0.0016116085303029748,FALSE,FALSE
ips_sex,zei_gri,z_within,137,-0.1501799338034486,0.07983341830024386,-0.14496067572714438,0.09100612398479342,67,8,2,"CZ,DE",0.16496234778596575,0.1830754036236148,FALSE,FALSE
ips_typ,lym_dis,z_within,430,0.20959671854908135,1.173734521904973e-5,0.17637686937465993,2.3725586885242053e-4,229,22,9,"AT,BG,DE,HR,HU,LT,RO,RS,SK",8.216141653334811e-5,0.0012860694858736852,FALSE,FALSE
ips_typ,lym_mon,z_within,479,0.10567880176522952,0.02070441251574265,0.07881529484427562,0.08486477016818023,305,25,3,"DE,LT,PL",0.05750483605178845,0.1724103997008738,FALSE,FALSE
ips_typ,mel_spp,z_within,547,0.010766657902572162,0.801626882775991,0.02819845679643927,0.5104555137967819,374,26,2,"DE,PL",0.8826096497060464,0.6696900378796746,FALSE,FALSE
ips_typ,neo_ser,z_within,38,-0.1499373184870927,0.36892213563163545,-0.1968518022281746,0.23618611460322506,28,3,2,"BG,DE",0.5234703181122092,0.3772843129376192,FALSE,FALSE
ips_typ,ope_spp,z_within,189,0.1488718433970449,0.040906241997477236,0.22452888508537563,0.001896110252053619,45,9,1,DE,0.09878726772431619,0.0076645583428082914,FALSE,FALSE
ips_typ,pan_fla,z_within,372,0.19823022684894076,1.1873690991211359e-4,0.18210551548535112,4.1545794105924083e-4,182,22,3,"DE,LT,PL",6.570144586240001e-4,0.002067683741341077,FALSE,FALSE
ips_typ,pha_cya,z_within,744,0.2977844725936441,1.0606405264689648e-16,0.31758792820772325,6.748874327590052e-19,548,36,4,"AT,DE,LT,PL",4.8063762804725195e-15,5.2825279964136675e-17,FALSE,FALSE
ips_typ,pis_pin,z_within,181,0.39670802641641195,3.225405238790008e-8,0.43678780947384366,7.884591040596515e-10,82,8,2,"DE,LT",3.9672484437117097e-7,1.2808741294252073e-8,FALSE,FALSE
ips_typ,pit_bid,z_within,115,0.5315507408812948,9.82052799823915e-10,0.47858972795962207,6.303919113533799e-8,64,5,1,DE,1.657936197349786e-8,7.644611770074086e-7,FALSE,FALSE
ips_typ,pit_cha,z_within,496,0.7052898098041462,7.949985806534895e-76,0.700460491615392,2.201261089660584e-74,434,24,6,"AT,DE,IT,LT,SI,SK",6.844937779426545e-73,9.476428990988814e-72,FALSE,FALSE
ips_typ,pit_spp,z_within,281,0.38407662722498137,2.6099131778398574e-11,0.4308357130670941,3.965745926146094e-14,235,13,4,"AT,DE,HR,SI",5.4808176734637e-10,1.177416290486823e-12,FALSE,FALSE
ips_typ,pol_pol,z_within,19,0.03837877125314055,0.8760418719939493,0.10405789393665092,0.6716102706470839,19,1,1,LT,0.922092972844487,0.794308300861455,FALSE,FALSE
ips_typ,pri_abi,z_within,176,-0.0929511469267246,0.21981967551429774,-0.07111273758643494,0.34830469699212074,49,8,1,DE,0.36257613145174394,0.505780387624929,FALSE,FALSE
ips_typ,sap_car,z_within,0,NA,NA,NA,NA,0,0,0,,NA,NA,TRUE,FALSE
ips_typ,sco_int,z_within,176,0.25439789381618777,6.564452084483142e-4,0.21641603482169744,0.003915456327460168,63,8,1,DE,0.0030551314836432353,0.014345565523162573,FALSE,FALSE
ips_typ,sco_rat,z_within,73,0.4710397448431455,2.6004753545608836e-5,0.40087153649140994,4.40488806030089e-4,44,4,2,"DE,LT",1.69621915172494e-4,0.002154891261317651,FALSE,FALSE
ips_typ,sco_sco,z_within,85,0.15835098762414412,0.14776876663775793,0.21712355798728145,0.04593162383450566,26,5,1,DE,0.26396039019732276,0.10746502206931893,FALSE,FALSE
ips_typ,tet_gab,z_within,333,0.25631512861901307,2.1464014369620143e-6,0.2478753195204216,4.695946293699149e-6,163,15,2,"AT,DE",1.7942248905090236e-5,4.003177979084126e-5,FALSE,FALSE
ips_typ,tet_spp,z_within,184,0.1518982847509325,0.03955495662287249,0.293395258560653,5.299691566743986e-5,72,8,1,DE,0.09730519329226633,3.4308529616290017e-4,FALSE,FALSE
ips_typ,tha_pit,z_within,52,-0.31519600927851177,0.02284506924960132,-0.24787072952672248,0.07643866389801253,52,3,3,"BG,DE,HR",0.062443189282243614,0.15858720389443082,FALSE,FALSE
ips_typ,tha_pro,z_within,230,0.05994628894858977,0.3654699767707903,0.10666925316452992,0.10663330341328336,96,10,1,DE,0.5209485440956476,0.20631747019963365,FALSE,FALSE
ips_typ,tom_spp,z_within,719,0.18599945783775002,5.096691080723702e-7,0.2114093623658698,1.0421635638144763e-8,467,34,4,"AT,DE,LT,PL",4.822253868684733e-6,1.4242902038797842e-7,FALSE,FALSE
ips_typ,tor_vir,z_within,580,0.05695979782519082,0.1707098127144669,0.03049288466241438,0.46358764436365296,335,30,5,"BG,DE,LT,PL,RO",0.2975326897715708,0.6256253319703844,FALSE,FALSE
ips_typ,uro_sir_spp,z_within,48,0.2731473789911551,0.06032201998492319,0.3501935066063553,0.014684246623633452,11,4,1,DE,0.13259654592896025,0.04271329845590676,FALSE,FALSE
ips_typ,xyl_lin,z_within,230,0.1486321035438791,0.024172747282459363,0.16207066242521942,0.013861890976490378,139,10,1,DE,0.06463582425527177,0.04073408918347514,FALSE,FALSE
ips_typ,xyl_spp,z_within,242,0.3128352996675791,6.813711236461681e-7,0.2801477680044214,9.669791924062981e-6,121,11,1,DE,6.308177822143556e-6,7.781019482820773e-5,FALSE,FALSE
ips_typ,zei_gri,z_within,4,-0.2653414835929322,0.7346585164070678,0,1,4,1,1,DE,0.8427989386940369,1,TRUE,FALSE
lym_dis,lym_mon,z_within,161,0.12211740327202629,0.12278123117385399,0.1146830238956766,0.1474465311264746,37,13,3,"CZ,DE,LT",0.22893577493027026,0.26014644118830865,FALSE,FALSE
lym_dis,mel_spp,z_within,184,0.09597843222882448,0.1949628647858774,0.12736526488736916,0.08490361146709698,44,8,1,DE,0.33180675848004254,0.1724103997008738,FALSE,FALSE
lym_dis,neo_ser,z_within,32,-0.16555120454324518,0.36519522309255037,-0.07799206038439102,0.6713587830321109,19,3,2,"BG,DE",0.5209485440956476,0.794308300861455,FALSE,FALSE
lym_dis,ope_spp,z_within,147,0.14404967433752816,0.08173790131948469,0.1265110630775608,0.1267827572664248,23,7,1,DE,0.16716468654649957,0.23127108899659268,FALSE,FALSE
lym_dis,pan_fla,z_within,85,0.29144863401590865,0.006804601411548607,0.17017941971142797,0.11944015794065711,16,7,2,"DE,LT",0.023719683462928548,0.22307586981975222,FALSE,FALSE
lym_dis,pha_cya,z_within,359,0.24748956145675682,2.0650357040904467e-6,0.2500454196877101,1.6059057390208422e-6,124,22,4,"AT,CZ,DE,LT",1.7431330796292888e-5,1.5194338915351045e-5,FALSE,FALSE
lym_dis,pis_pin,z_within,146,0.30172479959212495,2.1470581833230663e-4,0.3033553074070969,1.976125840731335e-4,35,7,2,"DE,LT",0.00112720554624461,0.0010977060315288255,FALSE,FALSE
lym_dis,pit_bid,z_within,115,0.1751403150041175,0.061185757164618264,0.06181140091173582,0.5116696328512975,21,5,1,DE,0.13370796172268104,0.6696900378796746,FALSE,FALSE
lym_dis,pit_cha,z_within,346,0.18654389580083214,4.8660032852699143e-4,0.16246085618159645,0.002436057233761394,143,17,4,"AT,DE,LT,SK",0.0023405747645907243,0.009621308615910828,FALSE,FALSE
lym_dis,pit_spp,z_within,234,0.15513230313839418,0.017560625772690932,0.1775376293177191,0.006470674020874369,106,16,4,"AT,CZ,DE,HR",0.05039899596762298,0.022108136237987425,FALSE,FALSE
lym_dis,pol_pol,z_within,37,-0.033608292109135074,0.8434595254504759,0.008997839681911219,0.9578480862244172,18,7,2,"CZ,LT",0.9043818822077955,0.9768478234307,FALSE,FALSE
lym_dis,pri_abi,z_within,179,-0.12926031421803105,0.08461552144323818,-0.18260817924049616,0.01442017231669539,24,12,2,"CZ,DE",0.17182538670431147,0.0420873503887279,FALSE,FALSE
lym_dis,sap_car,z_within,0,NA,NA,NA,NA,0,0,0,,NA,NA,TRUE,FALSE
lym_dis,sco_int,z_within,184,0.03715463577783441,0.6165623143575987,0.10743743467376075,0.14660569736329257,34,13,2,"CZ,DE",0.7519265618440404,0.2597273774275615,FALSE,FALSE
lym_dis,sco_rat,z_within,99,-0.032486396064932546,0.7495637341738147,0.00428069409183878,0.9664575457760285,21,10,3,"CZ,DE,LT",0.8510635340909586,0.9812735223032553,FALSE,FALSE
lym_dis,sco_sco,z_within,68,0.2953443119413492,0.014479920042844426,0.19923394125162666,0.10334670788758929,9,4,1,DE,0.04328892762808698,0.20227507168197595,FALSE,FALSE
lym_dis,tet_gab,z_within,261,0.09968593272770612,0.10810920521053984,0.1297558893720058,0.03616443607007348,74,12,2,"AT,DE",0.20639030085648516,0.08973365837560018,FALSE,FALSE
lym_dis,tet_spp,z_within,161,0.16804547214768528,0.03310391729880947,0.22421991211036107,0.004244931459102632,38,7,1,DE,0.08432684258661227,0.015356663807930111,FALSE,FALSE
lym_dis,tha_pit,z_within,38,-0.0014598529723444241,0.9930596776985783,-0.05302759980314618,0.7518605519934539,31,3,3,"BG,DE,HR",1,0.8440892360512979,FALSE,FALSE
lym_dis,tha_pro,z_within,184,0.24772176627645368,6.980030077332553e-4,0.2010990920402997,0.006195105372182796,54,8,1,DE,0.003213799944696967,0.02133594290179755,FALSE,FALSE
lym_dis,tom_spp,z_within,364,0.19409819501270345,1.9460806069846327e-4,0.14418353121404776,0.005854904634975888,139,22,4,"AT,CZ,DE,LT",0.0010343058040825732,0.020409201986697326,FALSE,FALSE
lym_dis,tor_vir,z_within,216,-0.1112887173977754,0.10285154579574016,-0.1517175295741258,0.025762820872325516,69,11,4,"BG,DE,LT,RO",0.19989882828472297,0.06701446758632106,FALSE,FALSE
lym_dis,uro_sir_spp,z_within,36,0.2114398725661054,0.2157455832392246,0.20937609664318393,0.2203641011367874,5,3,1,DE,0.35710097391170803,0.3553061630688651,FALSE,FALSE
lym_dis,xyl_lin,z_within,184,-0.09262171471154892,0.21111331303880637,-0.11460201863064544,0.12136930710007267,50,8,1,DE,0.35226465605893853,0.2252133047697469,FALSE,FALSE
lym_dis,xyl_spp,z_within,198,0.07981116938065955,0.26368827373176085,0.011172722265124503,0.875856771497251,50,9,1,DE,0.4109695745828696,0.9264283541266991,FALSE,FALSE
lym_dis,zei_gri,z_within,29,0.0292458079615079,0.8802930677860237,0.15922297873903854,0.40936707138513273,10,6,2,"CZ,DE",0.9254363020314608,0.5703317936288015,FALSE,FALSE
lym_mon,mel_spp,z_within,453,0.1532741584831161,0.001065629817509966,0.15337166509228473,0.0010577148032340832,241,23,2,"DE,PL",0.00461058931093508,0.004599456795881544,FALSE,FALSE
lym_mon,neo_ser,z_within,16,0.014140665566658998,0.9585474203584428,-0.1769798054767002,0.5120161348200143,6,2,1,DE,0.9790146250636051,0.6696900378796746,FALSE,FALSE
lym_mon,ope_spp,z_within,114,0.211586564246463,0.02382871746730471,0.29429956908095845,0.00148127718615968,19,6,1,DE,0.06431512770955912,0.006233153105505613,FALSE,FALSE
lym_mon,pan_fla,z_within,364,0.32929710378780247,1.1828819690166759e-10,0.33587177084481684,4.766630087525419e-11,158,22,3,"DE,LT,PL",2.3146849439167223e-9,9.594040126783528e-10,FALSE,FALSE
lym_mon,pha_cya,z_within,611,0.067472348113315,0.0956549859438968,0.09049195870116017,0.025297576825531114,363,31,4,"CZ,DE,LT,PL",0.1884644002235587,0.06640613916701918,FALSE,FALSE
lym_mon,pis_pin,z_within,119,0.2149984637317778,0.018867925588017396,0.2878991458900192,0.0014985629417417676,40,7,2,"DE,LT",0.05352331531435516,0.006233153105505613,FALSE,FALSE
lym_mon,pit_bid,z_within,76,0.057150867125539094,0.6238695959087223,0.008416144964885344,0.9424781375487332,29,4,1,DE,0.7568334213768404,0.9670554826760639,FALSE,FALSE
lym_mon,pit_cha,z_within,157,0.18649910710791237,0.019350409655140573,0.2264011760604179,0.004354798447490333,59,9,2,"DE,LT",0.05426938994487307,0.015688206959368938,FALSE,FALSE
lym_mon,pit_spp,z_within,174,-0.25494991546025675,6.86133338367257e-4,-0.3080651440517643,3.543415276625814e-5,80,8,2,"CZ,DE",0.0031761333566355282,2.4407044425398607e-4,FALSE,FALSE
lym_mon,pol_pol,z_within,143,0.0587107941829167,0.48610433051864343,0.1033557859316583,0.2192965939400347,83,7,2,"CZ,LT",0.638985997826797,0.35424834405697914,FALSE,FALSE
lym_mon,pri_abi,z_within,241,0.2453536020506385,1.1904094720713591e-4,0.2444107868750115,1.266724406032936e-4,80,12,2,"CZ,DE",6.570144586240001e-4,7.41938580676434e-4,FALSE,FALSE
lym_mon,sap_car,z_within,0,NA,NA,NA,NA,0,0,0,,NA,NA,TRUE,FALSE
lym_mon,sco_int,z_within,216,0.09672676235097992,0.15658163425614197,0.07651936864481129,0.26283419331926394,71,11,2,"CZ,DE",0.2762639079806111,0.405555986465746,FALSE,FALSE
lym_mon,sco_rat,z_within,181,0.0905793223029852,0.22525529004119507,-5.829556039717401e-5,0.9993785653548972,69,10,3,"CZ,DE,LT",0.3687163587936672,1,FALSE,FALSE
lym_mon,sco_sco,z_within,48,0.2156136087224852,0.14107147586166777,0.21636643837496758,0.13965505829854802,16,3,1,DE,0.2557106120355704,0.2505062608230205,FALSE,FALSE
lym_mon,tet_gab,z_within,133,0.06390276095912074,0.46492975632828215,0.053659728660877176,0.5395887780239768,16,7,1,DE,0.6196664399359922,0.6913481218432203,FALSE,FALSE
lym_mon,tet_spp,z_within,95,0.27294046231276903,0.007448653631169711,0.2578747851096558,0.011635666228273066,11,5,1,DE,0.025362140649376086,0.03531107241483593,FALSE,FALSE
lym_mon,tha_pit,z_within,8,0.12463608633819165,0.7687162048450745,0.3436164855716712,0.4046371783870738,6,1,1,DE,0.8637620795346248,0.5683403109156127,TRUE,FALSE
lym_mon,tha_pro,z_within,133,0.2188713360582647,0.011370934642457732,0.3055270023519487,3.4868800796567607e-4,30,7,1,DE,0.03573129462465733,0.0017764519222393318,FALSE,FALSE
lym_mon,tom_spp,z_within,554,0.060996164660237356,0.1516374119347369,0.08597605142608475,0.0430925388834858,243,28,4,"CZ,DE,LT,PL",0.26808996237332333,0.1027774957858207,FALSE,FALSE
lym_mon,tor_vir,z_within,425,0.21900293479488264,5.1889237561209925e-6,0.21134044718687586,1.1139154681720852e-5,187,24,3,"DE,LT,PL",3.988985137518013e-5,8.798910257762985e-5,FALSE,FALSE
lym_mon,uro_sir_spp,z_within,20,0.27321110971179197,0.243814543708573,0.19465794950633528,0.41085255319322433,1,2,1,DE,0.3894699854046036,0.57147665314921825,FALSE,FALSE
lym_mon,xyl_lin,z_within,133,0.07149038544093035,0.4135102965666958,0.1847388009805517,0.03327415414897147,47,7,1,DE,0.5687417976740018,0.0837691424627615,FALSE,FALSE
lym_mon,xyl_spp,z_within,144,0.2601978050969673,0.001634972399733175,0.24136829981981067,0.003563807822082386,48,8,1,DE,0.0066716172330344254,0.013433561649209771,FALSE,FALSE
lym_mon,zei_gri,z_within,118,0.03701604063443414,0.6906647192827604,-0.024312369501159458,0.7938402212926234,51,7,2,"CZ,DE",0.8090643854455194,0.875155480836042,FALSE,FALSE
mel_spp,neo_ser,z_within,22,0.0028891248485381923,0.9898191493176931,0.09375658201072032,0.6781389367073176,2,2,1,DE,1,0.7987382004172373,FALSE,FALSE
mel_spp,ope_spp,z_within,147,0.033545566465275026,0.6866835236009117,-0.028049634654731183,0.7359308040831548,15,7,1,DE,0.8073011120155617,0.8392535394908561,FALSE,FALSE
mel_spp,pan_fla,z_within,355,0.2178882100105203,3.4624003621279084e-5,0.186477026745753,4.122174976289714e-4,155,20,2,"DE,PL",2.1760048991183425e-4,0.002063484101503165,FALSE,FALSE
mel_spp,pha_cya,z_within,547,0.12520730313614978,0.0033548332715044476,0.12424035759731132,0.0036099673331877577,341,26,2,"DE,PL",0.012613587103778731,0.013455332787336188,FALSE,FALSE
mel_spp,pis_pin,z_within,138,0.19127499112975718,0.024619221878346892,0.2784345951155714,9.438283600748389e-4,21,6,1,DE,0.0656258515085346,0.004210550352458219,FALSE,FALSE
mel_spp,pit_bid,z_within,92,-0.05982057628450395,0.5710937715916109,-0.11143269613754736,0.2902794066177933,12,4,1,DE,0.7157376089379577,0.43770677600336255,FALSE,FALSE
mel_spp,pit_cha,z_within,207,-0.0808327025076635,0.24693206123329375,-0.03518818937107731,0.61471111920321,69,9,1,DE,0.3929916907982734,0.7465287109488581,FALSE,FALSE
mel_spp,pit_spp,z_within,88,0.13845786327667595,0.19827389641398616,0.14588883642105602,0.17501671150052203,44,4,1,DE,0.3347329898283178,0.296632654728247,FALSE,FALSE
mel_spp,pol_pol,z_within,0,NA,NA,NA,NA,0,0,0,,NA,NA,TRUE,FALSE
mel_spp,pri_abi,z_within,154,0.20944196556724867,0.009136346422452271,0.02389361094078888,0.7686523586065543,9,7,1,DE,0.030097022741334238,0.8553506789960913,FALSE,FALSE
mel_spp,sap_car,z_within,0,NA,NA,NA,NA,0,0,0,,NA,NA,TRUE,FALSE
mel_spp,sco_int,z_within,132,0.05617937959899254,0.5222906112491741,0.03447690060855327,0.6947193463234624,23,6,1,DE,0.6721856745673227,0.8170259658887331,FALSE,FALSE
mel_spp,sco_rat,z_within,66,0.11568058613288734,0.35499320696961345,-0.20226971492313922,0.10336937461099817,10,3,1,DE,0.5119751276395932,0.20227507168197595,FALSE,FALSE
mel_spp,sco_sco,z_within,68,-0.16019517091968816,0.19190716812027514,-0.15590038899038322,0.20425147290351903,5,4,1,DE,0.32849318439673336,0.3339710721013336,FALSE,FALSE
mel_spp,tet_gab,z_within,184,0.15704488950845902,0.033256603141866806,0.20017210378927625,0.006442001376313525,60,8,1,DE,0.0844658858558918,0.022097861294844402,FALSE,FALSE
mel_spp,tet_spp,z_within,161,0.3689755364368466,1.4621301995060826e-6,0.3273711514367802,2.246060251845739e-5,56,7,1,DE,1.284585818137487e-5,1.6250906528060346e-4,FALSE,FALSE
mel_spp,tha_pit,z_within,11,0.3759493659932414,0.2545032894186734,0.37509688670876046,0.2556691611174175,2,1,1,DE,0.40155963886921964,0.3973486420976471,FALSE,FALSE
mel_spp,tha_pro,z_within,184,0.16625123070372314,0.024102406706047592,0.14988802654418892,0.04227411707854053,59,8,1,DE,0.06463582425527177,0.10116022748123148,FALSE,FALSE
mel_spp,tom_spp,z_within,487,0.14831006526860172,0.0010282572627183183,0.14009776136144897,0.0019414860924260814,189,23,2,"DE,PL",0.004516987261226899,0.0078113061942937205,FALSE,FALSE
mel_spp,tor_vir,z_within,490,0.007237858809658376,0.8730309584813303,0.02371307425428932,0.6005259786887204,193,25,2,"DE,PL",0.9200485376406675,0.7377949014496532,FALSE,FALSE
mel_spp,uro_sir_spp,z_within,36,0.19210313392281306,0.2616778102893622,0.18811673399842518,0.271893769111802,6,3,1,DE,0.409227941489623,0.4158091211461129,FALSE,FALSE
mel_spp,xyl_lin,z_within,184,-7.821162001359268e-4,0.9915929716491485,-0.018053273093935483,0.8078214326051945,35,8,1,DE,1,0.880423105662117,FALSE,FALSE
mel_spp,xyl_spp,z_within,198,-0.02461156415445813,0.7307148035622582,-0.05269880179018198,0.4609062795728567,35,9,1,DE,0.841103537255487,0.623232113234451,FALSE,FALSE
mel_spp,zei_gri,z_within,4,0,1,0,1,2,1,1,DE,1,1,TRUE,FALSE
neo_ser,ope_spp,z_within,20,0.015286480638867521,0.9489983212205491,-0.18273861922062679,0.4406247601280324,7,2,1,DE,0.9773774576206851,0.6002815165668289,FALSE,FALSE
neo_ser,pan_fla,z_within,16,0.005232072604679551,0.9846571739717178,0.24844761337671756,0.35349003652999444,2,2,1,DE,0.9973997962231165,0.5115208763904625,FALSE,FALSE
neo_ser,pha_cya,z_within,22,-0.01109897890621057,0.9609023028206295,0.02217992649092663,0.9219544640358217,12,2,1,DE,0.9802569700575379,0.9563889078733041,FALSE,FALSE
neo_ser,pis_pin,z_within,22,-0.15826151910146669,0.4817847962026225,-0.11157654392308695,0.6210658711937935,11,2,1,DE,0.6342763142667552,0.7499827701232206,FALSE,FALSE
neo_ser,pit_bid,z_within,22,0.06589537097619966,0.7707822262558028,0.09610844279882041,0.6704996372568127,11,2,1,DE,0.8641191364664664,0.794308300861455,FALSE,FALSE
neo_ser,pit_cha,z_within,22,-0.1773931680257788,0.4296600467770997,-0.12142511593684764,0.59037821733537,12,2,1,DE,0.581662421816168,0.7365186644864025,FALSE,FALSE
neo_ser,pit_spp,z_within,0,NA,NA,NA,NA,0,0,0,,NA,NA,TRUE,FALSE
neo_ser,pol_pol,z_within,0,NA,NA,NA,NA,0,0,0,,NA,NA,TRUE,FALSE
neo_ser,pri_abi,z_within,22,0.49552230955711096,0.01902357248674637,0.5015648722577192,0.017396372905963034,7,2,1,DE,0.05370260954455287,0.04894861788246462,FALSE,FALSE
neo_ser,sap_car,z_within,0,NA,NA,NA,NA,0,0,0,,NA,NA,TRUE,FALSE
neo_ser,sco_int,z_within,20,-0.2816459708393573,0.22897677632298336,-0.26689659332756005,0.2553170519095493,5,2,1,DE,0.37409678256942824,0.3973486420976471,FALSE,FALSE
neo_ser,sco_rat,z_within,20,-0.12311020174019204,0.6050939129223696,0.06686083410237523,0.7794231781183176,6,2,1,DE,0.7429743468392209,0.8614677231834038,FALSE,FALSE
neo_ser,sco_sco,z_within,16,0.16394645826329926,0.5440379028826492,0.3068502087230754,0.24768307896907954,3,2,1,DE,0.6919004939172244,0.3891516988911998,FALSE,FALSE
neo_ser,tet_gab,z_within,22,-0.2918568395984498,0.18752529248324876,-0.3170317859672393,0.1505460129011509,6,2,1,DE,0.32195932064030824,0.2645239946520735,FALSE,FALSE
neo_ser,tet_spp,z_within,11,NA,NA,NA,NA,0,1,1,DE,NA,NA,FALSE,FALSE
neo_ser,tha_pit,z_within,16,0.08268212342251548,0.7608064878436955,-0.01764705882352941,0.9482801500547113,16,1,1,BG,0.8585247523373811,0.9708314021368685,FALSE,FALSE
neo_ser,tha_pro,z_within,11,0.2758375817479607,0.41163410246437226,0.31464265445104544,0.34599366149447675,1,1,1,DE,0.5670671395549192,0.5040618317203799,FALSE,FALSE
neo_ser,tom_spp,z_within,22,0.04922693784942433,0.8277809940280869,0.05095388518185847,0.8218313980966491,12,2,1,DE,0.8988287980060274,0.8934303456580995,FALSE,FALSE
neo_ser,tor_vir,z_within,29,0.30956994811842126,0.10222035063926446,0.1599713750832294,0.4071403477450508,18,3,2,"BG,DE",0.19912154276110114,0.5697684890097359,FALSE,FALSE
neo_ser,uro_sir_spp,z_within,6,-0.10943153020054523,0.836507940201525,0,1,1,1,1,DE,0.8994837383929648,1,TRUE,FALSE
neo_ser,xyl_lin,z_within,22,0.269949962047348,0.22437249181765667,0.13787521872738173,0.5406191172883887,11,2,1,DE,0.36797088658095695,0.6916390192946548,FALSE,FALSE
neo_ser,xyl_spp,z_within,22,-0.17204546364404905,0.44391656163679816,-0.1028365796699722,0.6488204453226343,12,2,1,DE,0.597206499327005,0.7791274803665107,FALSE,FALSE
neo_ser,zei_gri,z_within,2,NA,NA,NA,NA,2,1,1,DE,NA,NA,TRUE,FALSE
ope_spp,pan_fla,z_within,56,-0.05383911879024023,0.6935115864339525,-0.050272687144856575,0.7129074942608319,5,4,1,DE,0.811295483586458,0.82612833453375,FALSE,FALSE
ope_spp,pha_cya,z_within,189,0.14883222642922686,0.04096057442227745,0.21089338496682644,0.003580841574665616,40,9,1,DE,0.09878726772431619,0.013433561649209771,FALSE,FALSE
ope_spp,pis_pin,z_within,105,0.10605623683657513,0.2815766372582921,0.18472511263917657,0.059230304462707904,13,5,1,DE,0.4306172019172105,0.1294347516304353,FALSE,FALSE
ope_spp,pit_bid,z_within,84,0.32926412610864414,0.0022259598557976355,0.25408301602999933,0.019688576179531174,14,4,1,DE,0.008711597435644381,0.05433289772620622,FALSE,FALSE
ope_spp,pit_cha,z_within,189,0.13068254246482439,0.07307471701192718,0.21665498718399334,0.002749829189002176,43,9,1,DE,0.15345690572504708,0.01071313543769626,FALSE,FALSE
ope_spp,pit_spp,z_within,80,0.14880641586373441,0.1877161195835479,0.17510628089786634,0.1202850200484323,19,4,1,DE,0.32195932064030824,0.22368337421533524,FALSE,FALSE
ope_spp,pol_pol,z_within,0,NA,NA,NA,NA,0,0,0,,NA,NA,TRUE,FALSE
ope_spp,pri_abi,z_within,140,0.028629287734022877,0.7370381849979832,-0.013812353025704488,0.871327539931306,16,7,1,DE,0.8427989386940369,0.9246141224915616,FALSE,FALSE
ope_spp,sap_car,z_within,0,NA,NA,NA,NA,0,0,0,,NA,NA,TRUE,FALSE
ope_spp,sco_int,z_within,140,-0.0699716334308742,0.41136128773975456,-0.20435650174672365,0.01543889149328624,4,7,1,DE,0.5670671395549192,0.04416241055056297,FALSE,FALSE
ope_spp,sco_rat,z_within,40,-0.04404658265021146,0.7872584412739196,-0.4884739970953877,0.00138421797413084,3,2,1,DE,0.8719789854746729,0.005900057800626996,FALSE,FALSE
ope_spp,sco_sco,z_within,68,0.23314834008587446,0.05569612133787182,0.5116594477511718,8.220409929222146e-6,9,4,1,DE,0.123593712556463,6.805550912557949e-5,FALSE,FALSE
ope_spp,tet_gab,z_within,147,0.12534544973564382,0.13034781842891827,0.1957683485008539,0.01748516179927504,12,7,1,DE,0.2403200678100613,0.04903818993216876,FALSE,FALSE
ope_spp,tet_spp,z_within,126,0.042583540673496734,0.6358921098958382,0.09879826049640152,0.27104882713405787,9,6,1,DE,0.7671349651563183,0.4152545198619641,FALSE,FALSE
ope_spp,tha_pit,z_within,0,NA,NA,NA,NA,0,0,0,,NA,NA,TRUE,FALSE
ope_spp,tha_pro,z_within,168,0.14750092311371166,0.05639039723921558,0.27227463012610803,3.5639477495050156e-4,26,8,1,DE,0.12481267872227407,0.0018050347131316577,FALSE,FALSE
ope_spp,tom_spp,z_within,189,0.14082996356218908,0.053249499601717966,0.2406965219389501,8.491240549071974e-4,39,9,1,DE,0.12011641195245858,0.0038590415339961577,FALSE,FALSE
ope_spp,tor_vir,z_within,168,0.4972134576920842,7.088157655608178e-12,0.4363443417390732,3.3700553305915333e-9,41,8,1,DE,1.6952510392996228e-10,4.83602939939885e-8,FALSE,FALSE
ope_spp,uro_sir_spp,z_within,44,-0.1578112359460075,0.30626326167520895,0.05859974616626229,0.7055483426957101,0,4,1,DE,0.4530801860865205,0.8224775943616954,FALSE,FALSE
ope_spp,xyl_lin,z_within,189,0.003968813633795309,0.9567754897021105,0.05662179983970885,0.4390028565652686,37,9,1,DE,0.9783654354317305,0.5990197456461114,FALSE,FALSE
ope_spp,xyl_spp,z_within,180,-0.010385704316005287,0.8899465525322839,-0.047409954851515265,0.5273898359076343,32,9,1,DE,0.9328875042036371,0.6797644441863371,FALSE,FALSE
ope_spp,zei_gri,z_within,4,0.9747662759670201,0.02523372403297986,0.9428090415820634,0.05719095841793666,2,1,1,DE,0.06684995813044818,0.12593712326814185,TRUE,FALSE
pan_fla,pha_cya,z_within,369,0.12108366214096496,0.019985703804904283,0.13945486443641864,0.007299264349875812,172,21,2,"DE,PL",0.0558101076640674,0.024549478926730758,FALSE,FALSE
pan_fla,pis_pin,z_within,73,0.1566408944278247,0.18569340137732546,0.2411824281896099,0.03982610204351649,22,6,2,"DE,LT",0.31976403717175444,0.09632099398726883,FALSE,FALSE
pan_fla,pit_bid,z_within,56,0.22361876331397226,0.09757604182710396,0.14668436470244026,0.28068768596689536,17,4,1,DE,0.19093857275712842,0.42622944906084115,FALSE,FALSE
pan_fla,pit_cha,z_within,87,0.2291910452226475,0.032732980922065225,0.1494559550260152,0.16708129105601818,32,7,2,"DE,LT",0.0836293666881251,0.286567712349067,FALSE,FALSE
pan_fla,pit_spp,z_within,14,-0.04051232203641545,0.8906312757902318,-0.11011723402471345,0.707846620527799,4,1,1,DE,0.9328875042036371,0.8235891084789662,FALSE,FALSE
pan_fla,pol_pol,z_within,3,NA,NA,NA,NA,3,1,1,LT,NA,NA,TRUE,FALSE
pan_fla,pri_abi,z_within,70,0.2640670104259143,0.027179381850499555,0.21006124980547855,0.08091789089948978,12,5,1,DE,0.07091347810084883,0.16667536857526483,FALSE,FALSE
pan_fla,sap_car,z_within,0,NA,NA,NA,NA,0,0,0,,NA,NA,TRUE,FALSE
pan_fla,sco_int,z_within,52,-0.04055555713109193,0.7752928606545024,0.15384199378199803,0.27619764315585527,11,4,1,DE,0.8657939727931603,0.4208958774463565,FALSE,FALSE
pan_fla,sco_rat,z_within,40,-0.16224373232329095,0.31720005014288544,-0.0536789590394115,0.7421802889831226,10,4,2,"DE,LT",0.46685340713337503,0.8408121431769322,FALSE,FALSE
pan_fla,sco_sco,z_within,33,-0.037638465573823,0.835265620314384,-0.128447776503377,0.4762267966575713,7,3,1,DE,0.8994837383929648,0.6386779936482382,FALSE,FALSE
pan_fla,tet_gab,z_within,56,0.16900104823576365,0.21307919339079584,0.1124372013335749,0.4093451798202725,9,4,1,DE,0.35417217279821467,0.5703317936288015,FALSE,FALSE
pan_fla,tet_spp,z_within,56,0.4182725724796274,0.0013369733910056603,0.4737502024084751,2.260262164584678e-4,9,4,1,DE,0.0056152882422237736,0.0012474908485303896,FALSE,FALSE
pan_fla,tha_pit,z_within,5,-0.7688246463530891,0.12870090108572146,-0.5735393346764044,0.3120363567395925,2,1,1,DE,0.23830424910711007,0.4620193237542421,TRUE,FALSE
pan_fla,tha_pro,z_within,70,-0.051556930468139035,0.6716595602735168,-0.12416849643211551,0.3057726714293754,9,5,1,DE,0.7976536295110317,0.4554848963679797,FALSE,FALSE
pan_fla,tom_spp,z_within,315,0.15627396881711614,0.005441595854901439,0.19388565849491887,5.39490829256633e-4,102,19,3,"DE,LT,PL",0.019123322575796485,0.002594981027876877,FALSE,FALSE
pan_fla,tor_vir,z_within,342,0.10459629148753499,0.05329206662699092,0.1397579221772819,0.009658347424187752,118,22,3,"DE,LT,PL",0.12011641195245858,0.030685745875371418,FALSE,FALSE
pan_fla,uro_sir_spp,z_within,7,NA,NA,NA,NA,0,1,1,DE,NA,NA,TRUE,FALSE
pan_fla,xyl_lin,z_within,70,0.3870063392066969,9.342835934467906e-4,0.31583446200135884,0.007734901516926876,23,5,1,DE,0.004161883160903779,0.025913424926358133,FALSE,FALSE
pan_fla,xyl_spp,z_within,84,0.24031700926339067,0.027671255270308937,0.2375734348255958,0.029553185867735685,26,6,1,DE,0.07197870328621148,0.07573003878607269,FALSE,FALSE
pan_fla,zei_gri,z_within,2,NA,NA,NA,NA,1,1,1,DE,NA,NA,TRUE,FALSE
pha_cya,pis_pin,z_within,165,0.385209244633678,3.237999319749349e-7,0.38949032209334605,2.3318415821159137e-7,66,8,2,"DE,LT",3.1680879708002153e-6,2.5739943617971817e-6,FALSE,FALSE
pha_cya,pit_bid,z_within,115,0.6044388237191045,8.513040914465994e-13,0.549219902850277,2.0736758785723248e-10,64,5,1,DE,2.5274924921914557e-11,3.881380285762547e-9,FALSE,FALSE
pha_cya,pit_cha,z_within,404,0.3411821489346966,1.8015173521724775e-12,0.3763790187989017,4.8200985067138286e-15,250,19,3,"AT,DE,LT",5.17035480073501e-11,1.804393397513307e-13,FALSE,FALSE
pha_cya,pit_spp,z_within,398,0.26878680784841064,5.1528202651326906e-8,0.29778091048363015,1.3608300877427874e-9,233,18,3,"AT,CZ,DE",5.995376011188171e-7,2.1697679732343333e-8,FALSE,FALSE
pha_cya,pol_pol,z_within,188,0.09507445264860268,0.19434129705141784,0.031500248960210794,0.6678245353625394,125,9,2,"CZ,LT",0.33180675848004254,0.794308300861455,FALSE,FALSE
pha_cya,pri_abi,z_within,337,-0.15886491751215556,0.0034542219192522385,-0.14216110774887786,0.008966727713636791,139,15,2,"CZ,DE",0.012930804662939901,0.029243759702429078,FALSE,FALSE
pha_cya,sap_car,z_within,0,NA,NA,NA,NA,0,0,0,,NA,NA,TRUE,FALSE
pha_cya,sco_int,z_within,344,0.23895920083325392,7.429970206456014e-6,0.18522987639939986,5.545439162889656e-4,143,16,2,"CZ,DE",5.51483133427468e-5,0.002637913325551378,FALSE,FALSE
pha_cya,sco_rat,z_within,236,0.3592459053869029,1.3446112227621135e-8,0.27273992770073463,2.1521960423452894e-5,112,12,3,"CZ,DE,LT",1.808922285622156e-7,1.5703735529316051e-4,FALSE,FALSE
pha_cya,sco_sco,z_within,85,0.16037228214944957,0.14260048176640866,0.28966854585698865,0.007167062976850745,24,5,1,DE,0.25739835388024707,0.02429465048452162,FALSE,FALSE
pha_cya,tet_gab,z_within,312,0.21169332445046216,1.6520669131022322e-4,0.20144959750652777,3.42536661033852e-4,129,14,2,"AT,DE",8.868929492064693e-4,0.0017555003877984916,FALSE,FALSE
pha_cya,tet_spp,z_within,184,0.145875328322962,0.04817215964202162,0.1789510242770431,0.015077183457067564,59,8,1,DE,0.11229905168625096,0.043561929384346214,FALSE,FALSE
pha_cya,tha_pit,z_within,11,0.4760946340045139,0.13878678605005576,0.19771421064483224,0.5600663640329084,11,1,1,DE,0.2526330291524271,0.7101872451138942,FALSE,FALSE
pha_cya,tha_pro,z_within,230,0.12957864961418486,0.04967719248246004,0.15182177423172802,0.021261168684912343,95,10,1,DE,0.11467040945683135,0.0575656170997155,FALSE,FALSE
pha_cya,tom_spp,z_within,868,0.28473742362571863,1.1838619717884203e-17,0.28520481598539543,1.0425245312760759e-17,486,41,5,"AT,CZ,DE,LT,PL",5.995912692410764e-16,4.986742341270563e-16,FALSE,FALSE
pha_cya,tor_vir,z_within,539,0.04938571611265287,0.25237741794734153,0.09502670633539516,0.02738065102150834,268,28,3,"DE,LT,PL",0.39944293539092107,0.07100825460698397,FALSE,FALSE
pha_cya,uro_sir_spp,z_within,48,0.257567509287944,0.07716196012911672,0.32670300946591435,0.023427715409714646,8,4,1,DE,0.1604745112830181,0.06226053335877292,FALSE,FALSE
pha_cya,xyl_lin,z_within,230,0.026680925184946237,0.6873136558681736,0.03893680026543513,0.5568603359979323,122,10,1,DE,0.8073011120155617,0.707163347041622,FALSE,FALSE
pha_cya,xyl_spp,z_within,242,0.2649760743506922,2.9720342164484958e-5,0.2599453565440689,4.249967635463529e-5,118,11,1,DE,1.9096428808672796e-4,2.8147862570262295e-4,FALSE,FALSE
pha_cya,zei_gri,z_within,137,-0.02052075621408682,0.8118705514265931,-0.05956558224331349,0.4892995071875351,69,8,2,"CZ,DE",0.8877002223673661,0.6541721672181176,FALSE,FALSE
pis_pin,pit_bid,z_within,115,0.4183824476545878,3.2728224114841428e-6,0.4398401841094375,8.729431358063286e-7,43,5,1,DE,2.6583963172526856e-5,8.639126895738493e-6,FALSE,FALSE
pis_pin,pit_cha,z_within,179,0.4194296717835462,5.095676162000656e-9,0.5058424932950849,5.094592247961368e-13,80,8,2,"DE,LT",7.436232500817906e-8,1.3292254319681024e-11,FALSE,FALSE
pis_pin,pit_spp,z_within,22,0.2224188443132617,0.31979661236446544,0.29080679363355155,0.18919086755626696,2,1,1,DE,0.4698718144126361,0.318151048761613,FALSE,FALSE
pis_pin,pol_pol,z_within,17,0.4767635095608889,0.052995012971803236,0.4444566382094698,0.07386391968063832,17,1,1,LT,0.12011641195245858,0.15549348372867872,FALSE,FALSE
pis_pin,pri_abi,z_within,132,0.1683241772716855,0.053694504892820884,0.08966515035596725,0.3065740679295814,24,6,1,DE,0.12066128835079537,0.45588993521134646,FALSE,FALSE
pis_pin,sap_car,z_within,0,NA,NA,NA,NA,0,0,0,,NA,NA,TRUE,FALSE
pis_pin,sco_int,z_within,110,0.239987770493119,0.011560649719889944,0.14843902465681635,0.12170797581456862,36,5,1,DE,0.03619534330481906,0.22535605844374962,FALSE,FALSE
pis_pin,sco_rat,z_within,73,0.3593254514121308,0.0017958433979989102,0.2150371437501453,0.0676990837349758,42,4,2,"DE,LT",0.007225332549892812,0.14427948291043108,FALSE,FALSE
pis_pin,sco_sco,z_within,68,0.28153291796975893,0.020029411461320357,0.4569028023693339,8.980317653694764e-5,22,4,1,DE,0.0558101076640674,5.4837258864051e-4,FALSE,FALSE
pis_pin,tet_gab,z_within,138,0.44438769006133133,4.760151568320984e-8,0.39270529164357865,1.897010689842593e-6,28,6,1,DE,5.692347917117177e-7,1.775354569515731e-5,FALSE,FALSE
pis_pin,tet_spp,z_within,92,0.32143307968465457,0.0017824298529390493,0.49163383207667977,6.47109702977556e-7,12,4,1,DE,0.007225332549892812,6.632874455519949e-6,FALSE,FALSE
pis_pin,tha_pit,z_within,11,0.17067983946348006,0.6158352154004756,0.006976744186046512,0.9837576006164719,8,1,1,DE,0.7519265618440404,0.9929839321580098,FALSE,FALSE
pis_pin,tha_pro,z_within,138,0.1018585202072589,0.2345272590845006,0.1784297803569859,0.03627399329265231,23,6,1,DE,0.3783051784258227,0.08974686271544148,FALSE,FALSE
pis_pin,tom_spp,z_within,179,0.4410208747063087,6.45921574417797e-10,0.4466473852068126,3.680435024948996e-10,80,8,2,"DE,LT",1.1349764807627004e-8,6.467050115267522e-9,FALSE,FALSE
pis_pin,tor_vir,z_within,175,0.12338348409041738,0.10379344343236929,0.05191656291688601,0.4950302669965817,56,8,2,"DE,LT",0.2009000815106049,0.6608078447814836,FALSE,FALSE
pis_pin,uro_sir_spp,z_within,24,-0.04500425080762812,0.8345961684959352,0.06873734661117115,0.7496173501668049,1,2,1,DE,0.8994837383929648,0.8440892360512979,FALSE,FALSE
pis_pin,xyl_lin,z_within,138,0.21742164189690152,0.010418702082042616,0.3566231350017579,1.7603741931991796e-5,53,6,1,DE,0.03334759290943752,1.3066225692624946e-4,FALSE,FALSE
pis_pin,xyl_spp,z_within,154,0.4070481095743427,1.6158905119502196e-7,0.33101918143562675,2.750389206112277e-5,55,7,1,DE,1.6966850375477305e-6,1.925272444278594e-4,FALSE,FALSE
pis_pin,zei_gri,z_within,4,-0.12930650266553848,0.8706934973344616,0,1,4,1,1,DE,0.918755032238679,1,TRUE,FALSE
pit_bid,pit_cha,z_within,115,0.4343617702834948,1.2338971869095532e-6,0.4303143070003907,1.587230507255823e-6,63,5,1,DE,1.1066515395095055e-5,1.5184505186080706e-5,FALSE,FALSE
pit_bid,pit_spp,z_within,22,0.28173787634116393,0.20399509365106505,0.32676160123280207,0.13773442819698342,1,1,1,DE,0.3423777302798577,0.24809485915816468,FALSE,FALSE
pit_bid,pol_pol,z_within,0,NA,NA,NA,NA,0,0,0,,NA,NA,TRUE,FALSE
pit_bid,pri_abi,z_within,110,0.022882582975160014,0.8124364404477171,0.016030224896921,0.8679865786956124,30,5,1,DE,0.8877002223673661,0.9246141224915616,FALSE,FALSE
pit_bid,sap_car,z_within,0,NA,NA,NA,NA,0,0,0,,NA,NA,TRUE,FALSE
pit_bid,sco_int,z_within,110,0.24506841625001083,0.009868221024121243,0.1793724711077703,0.060789808161284174,38,5,1,DE,0.03218385720366814,0.1315076000675017,FALSE,FALSE
pit_bid,sco_rat,z_within,66,0.5147837928305898,9.772217338133288e-6,0.43807231611828135,2.344301749560674e-4,31,3,1,DE,7.130406040790476e-5,0.0012856329976890066,FALSE,FALSE
pit_bid,sco_sco,z_within,68,0.2694301116868438,0.026293529761370723,0.4151963993542464,4.304468544798805e-4,18,4,1,DE,0.06923158753682015,0.002117798524041012,FALSE,FALSE
pit_bid,tet_gab,z_within,92,0.2958822072737022,0.004188390550429195,0.2410006975738426,0.020655988476947454,19,4,1,DE,0.01534555005923207,0.05645970183698971,FALSE,FALSE
pit_bid,tet_spp,z_within,69,-0.006668287204101228,0.9566327234991986,0.014940799817817743,0.9030201383951268,4,3,1,DE,0.9783654354317305,0.9435683727648109,FALSE,FALSE
pit_bid,tha_pit,z_within,11,0.3248222452703817,0.32974469103251414,0.2494290268275562,0.459504783620745,7,1,1,DE,0.4828404404404671,0.6230450688149,FALSE,FALSE
pit_bid,tha_pro,z_within,92,-0.01783327705465471,0.86601258931208,0.05976748427604704,0.57143609842301335,18,4,1,DE,0.917142483884011,0.7193077203833546,FALSE,FALSE
pit_bid,tom_spp,z_within,115,0.3980823426219632,1.0537598198251782e-5,0.32874646627634707,3.3432643210557454e-4,64,5,1,DE,7.560726707245653e-5,0.0017236829822928124,FALSE,FALSE
pit_bid,tor_vir,z_within,115,0.29529278227271977,0.0013561379407286249,0.24066524160170769,0.009573900720135992,56,5,1,DE,0.005668129936734689,0.030530105629767,FALSE,FALSE
pit_bid,uro_sir_spp,z_within,24,0.08905306360118716,0.6790181469554795,0.11453468879067492,0.5940969628836668,1,2,1,DE,0.804174174042184,0.7377949014496532,FALSE,FALSE
pit_bid,xyl_lin,z_within,115,0.1729300942397273,0.06457924197194273,0.26946885668475284,0.003588524017791228,62,5,1,DE,0.1376305132124819,0.013433561649209771,FALSE,FALSE
pit_bid,xyl_spp,z_within,110,0.285502122955566,0.0024998826959134164,0.3528421100537696,1.5637873325566372e-4,61,5,1,DE,0.009608924112417195,8.858032192968847e-4,FALSE,FALSE
pit_bid,zei_gri,z_within,4,0.98292489825461,0.01707510174538995,0.9428090415820634,0.05719095841793666,2,1,1,DE,0.04950054748411026,0.12593712326814185,TRUE,FALSE
pit_cha,pit_spp,z_within,244,0.31581063804307163,4.7215567355207335e-7,0.3855950753094486,4.516565447392731e-10,197,12,3,"AT,DE,SI",4.516955943648168e-6,7.777525700410283e-9,FALSE,FALSE
pit_cha,pol_pol,z_within,17,0.924745676597746,1.10455889706416e-7,0.8136025682778906,7.101287819585794e-5,17,1,1,LT,1.188781512965302e-6,4.495741774017183e-4,FALSE,FALSE
pit_cha,pri_abi,z_within,176,-0.030521411810311042,0.6875951581620833,-0.04700778909770595,0.5355687862288212,48,8,1,DE,0.8073011120155617,0.6878380500296323,FALSE,FALSE
pit_cha,sap_car,z_within,0,NA,NA,NA,NA,0,0,0,,NA,NA,TRUE,FALSE
pit_cha,sco_int,z_within,176,0.1832453934313135,0.014918490165612726,0.19172047747517776,0.010802397866606899,62,8,1,DE,0.04429248287100882,0.03333643212598043,FALSE,FALSE
pit_cha,sco_rat,z_within,73,0.3686672047609176,0.0013302149933109178,0.32944518428938985,0.004425631281989555,44,4,2,"DE,LT",0.005614289751179904,0.015876952224137528,FALSE,FALSE
pit_cha,sco_sco,z_within,85,0.15925866259772295,0.14543079669826559,0.20741619767902042,0.05681404384022988,26,5,1,DE,0.26195798317407254,0.12593712326814185,FALSE,FALSE
pit_cha,tet_gab,z_within,333,0.2113280107582787,1.0197308168387441e-4,0.21720878066645746,6.425847148950611e-5,159,15,2,"AT,DE",5.738485184955286e-4,4.0982625149973897e-4,FALSE,FALSE
pit_cha,tet_spp,z_within,184,0.14433685344952601,0.050608327250304,0.251846553195572,5.633135802491149e-4,68,8,1,DE,0.11581472573013614,0.0026649065527169667,FALSE,FALSE
pit_cha,tha_pit,z_within,11,-0.04146706566561331,0.903649413412342,0.12903773877037872,0.7053367194371258,11,1,1,DE,0.9436709987977148,0.8224775943616954,FALSE,FALSE
pit_cha,tha_pro,z_within,230,-0.03795836670418357,0.5668227008766608,0.020954124468854442,0.7519354750886708,92,10,1,DE,0.7135005050508844,0.8440892360512979,FALSE,FALSE
pit_cha,tom_spp,z_within,439,0.32279217041460345,4.198270781661894e-12,0.3532173083420392,2.4057011173621125e-14,325,20,3,"AT,DE,LT",1.108002467927892e-10,7.966571777110688e-13,FALSE,FALSE
pit_cha,tor_vir,z_within,244,0.12611592051188397,0.0490978167051521,0.09313163479782545,0.146934042480373,112,11,2,"DE,LT",0.11376195264054424,0.2597745597034931,FALSE,FALSE
pit_cha,uro_sir_spp,z_within,48,0.25200038386566653,0.0840068402543212,0.2749691340821482,0.05856223748127705,11,4,1,DE,0.1709926464751077,0.1286277716106621,FALSE,FALSE
pit_cha,xyl_lin,z_within,230,0.11529754035762718,0.08100742439941269,0.14352813767188188,0.029545407397028906,138,10,1,DE,0.166360687664022,0.07573003878607269,FALSE,FALSE
pit_cha,xyl_spp,z_within,242,0.2345968025303347,2.3132808202372195e-4,0.21345344112543055,8.318825649765482e-4,118,11,1,DE,0.001185556420371575,0.00380984515130217,FALSE,FALSE
pit_cha,zei_gri,z_within,4,-0.4023260381562669,0.5976739618437331,0,1,4,1,1,DE,0.7372453884634015,1,TRUE,FALSE
pit_spp,pol_pol,z_within,184,0.130965943995909,0.07638753238865066,0.10299244369966642,0.1641528666168825,119,8,1,CZ,0.15963511016171897,0.2838064621629233,FALSE,FALSE
pit_spp,pri_abi,z_within,224,-0.4284758399182463,2.0410130093488994e-11,-0.45375105492809514,8.93359477893445e-13,90,10,2,"CZ,DE",4.5059287206394933e-10,2.2623015013713418e-11,FALSE,FALSE
pit_spp,sap_car,z_within,0,NA,NA,NA,NA,0,0,0,,NA,NA,TRUE,FALSE
pit_spp,sco_int,z_within,231,0.13669607686451368,0.03788606774157377,0.15995043166320355,0.014952119284969766,92,11,2,"CZ,DE",0.09478034787214293,0.04334604277561942,FALSE,FALSE
pit_spp,sco_rat,z_within,168,0.3753453051477563,5.352348107231886e-7,0.33254193250397857,1.0624789855417352e-5,72,8,1,CZ,5.009099696007232e-6,8.470318579179944e-5,FALSE,FALSE
pit_spp,sco_sco,z_within,16,-0.6449146298324444,0.006988230041381589,-0.5368754921931592,0.03200854666164721,2,1,1,DE,0.024164120745500194,0.0810569372814066,FALSE,FALSE
pit_spp,tet_gab,z_within,171,0.16381503565364677,0.03227952927891775,0.08115105426454972,0.29135871949759445,106,8,2,"AT,DE",0.08271629377722674,0.43856618441858186,FALSE,FALSE
pit_spp,tet_spp,z_within,88,0.12811103277801464,0.23423772304207505,0.07169348809665524,0.5068290483311995,37,4,1,DE,0.3783051784258227,0.6672474168396983,FALSE,FALSE
pit_spp,tha_pit,z_within,23,0.0395373576969938,0.8578514096682792,0.3557312252964427,0.09573462668647775,23,1,1,HR,0.9152494049111778,0.19036377269528257,FALSE,FALSE
pit_spp,tha_pro,z_within,88,0.2500900729912338,0.01877427036484481,0.29736189285743553,0.004899629806181681,49,4,1,DE,0.05352331531435516,0.017432153979844742,FALSE,FALSE
pit_spp,tom_spp,z_within,398,0.35183155804986205,4.852283015619975e-13,0.3466694827433228,1.1098261624758691e-12,294,18,3,"AT,CZ,DE",1.5843648306675525e-11,2.7301723596906382e-11,FALSE,FALSE
pit_spp,tor_vir,z_within,66,-0.06469964565370363,0.6057700249490512,-0.08371368511341827,0.503959095975944,24,3,1,DE,0.7429743468392209,0.6644851173587868,FALSE,FALSE
pit_spp,uro_sir_spp,z_within,22,0.1326618944147203,0.5561771898359931,0.056534311660640074,0.8026720763296709,3,2,1,DE,0.7021533144410411,0.8779915916055646,FALSE,FALSE
pit_spp,xyl_lin,z_within,88,0.2820604015955968,0.007758126775273003,0.2627314736043845,0.013398016809062054,31,4,1,DE,0.02629821713980337,0.03964155488866814,FALSE,FALSE
pit_spp,xyl_spp,z_within,84,0.24587909824089058,0.024165781135163288,0.24327829378779964,0.02575482383255791,32,4,1,DE,0.06463582425527177,0.06701446758632106,FALSE,FALSE
pit_spp,zei_gri,z_within,133,-0.1400121306958895,0.10796995487536871,-0.09828918840771725,0.2603542526610693,58,7,1,CZ,0.20639030085648516,0.40252873386563354,FALSE,FALSE
pol_pol,pri_abi,z_within,161,-0.037121419679986355,0.6401356820805636,-0.04598228699562621,0.56244737764031,87,7,1,CZ,0.7686984968917229,0.7121576355122161,FALSE,FALSE
pol_pol,sap_car,z_within,0,NA,NA,NA,NA,0,0,0,,NA,NA,TRUE,FALSE
pol_pol,sco_int,z_within,168,0.15832940156618697,0.040382998468294705,0.11920398494447865,0.12380003458296751,84,8,1,CZ,0.09821966576610662,0.22716256853612882,FALSE,FALSE
pol_pol,sco_rat,z_within,175,0.1814650533362878,0.01624599265082205,0.10368921954205025,0.17208556658575827,79,9,2,"CZ,LT",0.04757754990597886,0.2933973719412631,FALSE,FALSE
pol_pol,sco_sco,z_within,0,NA,NA,NA,NA,0,0,0,,NA,NA,TRUE,FALSE
pol_pol,tet_gab,z_within,0,NA,NA,NA,NA,0,0,0,,NA,NA,TRUE,FALSE
pol_pol,tet_spp,z_within,0,NA,NA,NA,NA,0,0,0,,NA,NA,TRUE,FALSE
pol_pol,tha_pit,z_within,0,NA,NA,NA,NA,0,0,0,,NA,NA,TRUE,FALSE
pol_pol,tha_pro,z_within,0,NA,NA,NA,NA,0,0,0,,NA,NA,TRUE,FALSE
pol_pol,tom_spp,z_within,201,0.07464813650967977,0.29225407414448784,0.10145444923911888,0.15183078032760097,151,9,2,"CZ,LT",0.4399139123049021,0.2657038655733017,FALSE,FALSE
pol_pol,tor_vir,z_within,13,0.9160692065388399,1.0916253527262664e-5,0.7994658674816805,0.0010388288513528356,13,1,1,LT,7.767681228903433e-5,0.004540262137130921,FALSE,FALSE
pol_pol,uro_sir_spp,z_within,0,NA,NA,NA,NA,0,0,0,,NA,NA,TRUE,FALSE
pol_pol,xyl_lin,z_within,0,NA,NA,NA,NA,0,0,0,,NA,NA,TRUE,FALSE
pol_pol,xyl_spp,z_within,0,NA,NA,NA,NA,0,0,0,,NA,NA,TRUE,FALSE
pol_pol,zei_gri,z_within,133,-0.09289347102504139,0.28756033038832896,-0.09679437446050843,0.2677085628370795,58,7,1,CZ,0.435896909268224,0.410868222108245,FALSE,FALSE
pri_abi,sap_car,z_within,0,NA,NA,NA,NA,0,0,0,,NA,NA,TRUE,FALSE
pri_abi,sco_int,z_within,273,-0.12878997613792093,0.03341495415603553,-0.16432172645857138,0.006506433472188894,69,13,2,"CZ,DE",0.0846184574363135,0.022142447508121096,FALSE,FALSE
pri_abi,sco_rat,z_within,210,-0.2004094019516702,0.0035395903227256774,-0.26587055795368403,9.60878130558523e-5,63,10,2,"CZ,DE",0.013136152016667277,5.826169509935834e-4,FALSE,FALSE
pri_abi,sco_sco,z_within,64,0.23195046884398335,0.06514359681135097,-0.016762585697693323,0.8954059993188269,8,4,1,DE,0.1384904613693165,0.9378887657098662,FALSE,FALSE
pri_abi,tet_gab,z_within,132,0.16144292598685797,0.06440770767690844,-0.012660714236985867,0.8854350903863634,14,6,1,DE,0.13760554915587633,0.9285744370556138,FALSE,FALSE
pri_abi,tet_spp,z_within,110,0.045423754418054615,0.637491167137419,-0.06264069569262457,0.5156179184841594,6,5,1,DE,0.767245116827508,0.6696900378796746,FALSE,FALSE
pri_abi,tha_pit,z_within,10,NA,NA,NA,NA,0,1,1,DE,NA,NA,FALSE,FALSE
pri_abi,tha_pro,z_within,154,-0.06318262293305674,0.4362944560666261,-0.09354420076453084,0.2485299733042993,18,7,1,DE,0.5878709337611346,0.389771051029147,FALSE,FALSE
pri_abi,tom_spp,z_within,337,-0.06838627106247673,0.2104944637258623,-0.10452535671720715,0.055243646902166266,148,15,2,"CZ,DE",0.35191404518051933,0.12419002606466097,FALSE,FALSE
pri_abi,tor_vir,z_within,154,0.07480316502616356,0.3565221160812454,0.014491196025255516,0.8584283013887525,43,7,1,DE,0.5133203042574453,0.9162134609932667,FALSE,FALSE
pri_abi,uro_sir_spp,z_within,36,0.01524648640422372,0.9296736274978387,0.11524936842078506,0.5032863553478444,3,3,1,DE,0.9620781169178354,0.6644851173587868,FALSE,FALSE
pri_abi,xyl_lin,z_within,176,0.14099168284120497,0.06197530164729003,0.03317880865490544,0.6620021446703153,45,8,1,DE,0.13415694631264785,0.7894513110265117,FALSE,FALSE
pri_abi,xyl_spp,z_within,168,0.07254484196339815,0.35004585301525515,0.07882807308737061,0.30978095305192127,45,8,1,DE,0.5065369402456045,0.45986448375466243,FALSE,FALSE
pri_abi,zei_gri,z_within,117,-0.025566054788708086,0.7843806682406136,-0.034419143730570936,0.712566120770926,51,7,2,"CZ,DE",0.8719789854746729,0.82612833453375,FALSE,FALSE
sap_car,sco_int,z_within,0,NA,NA,NA,NA,0,0,0,,NA,NA,TRUE,FALSE
sap_car,sco_rat,z_within,0,NA,NA,NA,NA,0,0,0,,NA,NA,TRUE,FALSE
sap_car,sco_sco,z_within,0,NA,NA,NA,NA,0,0,0,,NA,NA,TRUE,FALSE
sap_car,tet_gab,z_within,0,NA,NA,NA,NA,0,0,0,,NA,NA,TRUE,FALSE
sap_car,tet_spp,z_within,0,NA,NA,NA,NA,0,0,0,,NA,NA,TRUE,FALSE
sap_car,tha_pit,z_within,0,NA,NA,NA,NA,0,0,0,,NA,NA,TRUE,FALSE
sap_car,tha_pro,z_within,0,NA,NA,NA,NA,0,0,0,,NA,NA,TRUE,FALSE
sap_car,tom_spp,z_within,0,NA,NA,NA,NA,0,0,0,,NA,NA,TRUE,FALSE
sap_car,tor_vir,z_within,0,NA,NA,NA,NA,0,0,0,,NA,NA,TRUE,FALSE
sap_car,uro_sir_spp,z_within,0,NA,NA,NA,NA,0,0,0,,NA,NA,TRUE,FALSE
sap_car,xyl_lin,z_within,0,NA,NA,NA,NA,0,0,0,,NA,NA,TRUE,FALSE
sap_car,xyl_spp,z_within,0,NA,NA,NA,NA,0,0,0,,NA,NA,TRUE,FALSE
sap_car,zei_gri,z_within,0,NA,NA,NA,NA,0,0,0,,NA,NA,TRUE,FALSE
sco_int,sco_rat,z_within,234,0.3901937961297786,6.261162945200442e-10,0.4041070887271309,1.3216922618835787e-10,92,11,2,"CZ,DE",1.1230961032953293e-8,2.5863114488221845e-9,FALSE,FALSE
sco_int,sco_sco,z_within,80,0.12638189982144896,0.2639560682280219,0.21872509032613144,0.05126932522387996,16,5,1,DE,0.4109695745828696,0.11750978824071184,FALSE,FALSE
sco_int,tet_gab,z_within,154,0.25960170903067764,0.001148983464504769,0.14768923287360464,0.06756756408550497,35,7,1,DE,0.0048732746942788474,0.14427948291043108,FALSE,FALSE
sco_int,tet_spp,z_within,132,-0.09663099857781765,0.27036260100466225,-0.14595379612316095,0.09494171926795276,17,6,1,DE,0.41866742693606,0.1892241210409892,FALSE,FALSE
sco_int,tha_pit,z_within,11,0.16675152704035362,0.6241018921922842,0.26208627922687067,0.43624968889434246,10,1,1,DE,0.7568334213768404,0.5971557744642748,FALSE,FALSE
sco_int,tha_pro,z_within,154,0.11897662512478777,0.14165462088953504,0.09283627623098015,0.2521443199182941,33,7,1,DE,0.25622821131489426,0.39427835282399787,FALSE,FALSE
sco_int,tom_spp,z_within,344,0.15642879737497473,0.0036294813003176843,0.15887795230997448,0.003128599748187936,153,16,2,"CZ,DE",0.013411945920916421,0.0119721083697325,FALSE,FALSE
sco_int,tor_vir,z_within,154,0.04193795778010719,0.6055586693880946,0.006394840822574319,0.937261594856777,37,7,1,DE,0.7429743468392209,0.9629859584387648,FALSE,FALSE
sco_int,uro_sir_spp,z_within,48,0.13560337262969996,0.3581072780530623,0.11614356024568595,0.43179646867587695,5,4,1,DE,0.5147418470846188,0.5920012094425637,FALSE,FALSE
sco_int,xyl_lin,z_within,176,-0.0022656388168805805,0.9761922980467928,-0.011021358874060468,0.884570817931687,51,8,1,DE,0.9911575101630761,0.9285744370556138,FALSE,FALSE
sco_int,xyl_spp,z_within,168,0.18586668304192025,0.015857519211422973,0.131146160659974,0.09017337825474578,48,8,1,DE,0.04659837556667297,0.18225182788107072,FALSE,FALSE
sco_int,zei_gri,z_within,122,-0.02250494632300427,0.8056454989246491,-0.031313379317286144,0.732056643392728,43,8,2,"CZ,DE",0.8836442988205386,0.8370528153534381,FALSE,FALSE
sco_rat,sco_sco,z_within,48,0.18905057574426404,0.19813045187579767,0.2286624967811026,0.11799327193588585,16,3,1,DE,0.3347329898283178,0.22181704615021336,FALSE,FALSE
sco_rat,tet_gab,z_within,66,0.17853722611290768,0.15149166349983131,0.13081170769265074,0.2951359937357678,17,3,1,DE,0.26808996237332333,0.44323633160265136,FALSE,FALSE
sco_rat,tet_spp,z_within,44,-0.13981779845670703,0.3653572097283718,0.06855334005307952,0.6583725098253134,2,2,1,DE,0.5209485440956476,0.788398791320716,FALSE,FALSE
sco_rat,tha_pit,z_within,11,0.7058306159142067,0.01522064447362651,0.5622358617852216,0.07181076330847073,9,1,1,DE,0.04488005099928913,0.1522883428783086,FALSE,FALSE
sco_rat,tha_pro,z_within,44,0.23840892786780418,0.11912258697551088,0.18132873352850504,0.2388093284228833,14,2,1,DE,0.22394005979457396,0.37936315825111167,FALSE,FALSE
sco_rat,tom_spp,z_within,241,0.35267583421482324,1.8186200748519855e-8,0.28179114146860396,8.905178606842197e-6,125,12,3,"CZ,DE,LT",2.372472552193272e-7,7.233357340085973e-5,FALSE,FALSE
sco_rat,tor_vir,z_within,72,0.3437350251811142,0.003113649083419058,0.23062360286902744,0.05129328226775795,34,4,2,"DE,LT",0.011758122196595654,0.11750978824071184,FALSE,FALSE
sco_rat,uro_sir_spp,z_within,12,0.37374321315009873,0.23140041848628046,0.39373077533382644,0.20539035232092873,1,1,1,DE,0.3759165288994103,0.3349263131596963,FALSE,FALSE
sco_rat,xyl_lin,z_within,66,0.21036443039338973,0.09000258436489654,0.12940416035798114,0.3004075742500679,37,3,1,DE,0.18078173145484072,0.44904673859254945,FALSE,FALSE
sco_rat,xyl_spp,z_within,63,0.3476870274029452,0.005236671066759276,0.24689358619438975,0.05108921142073793,35,3,1,DE,0.01855985117367564,0.11750978824071184,FALSE,FALSE
sco_rat,zei_gri,z_within,122,-0.10613600230792403,0.24461377687379773,-0.11829597947491113,0.19437924021331582,42,8,2,"CZ,DE",0.39002307757099974,0.3254988299680487,FALSE,FALSE
sco_sco,tet_gab,z_within,85,0.3318941874484827,0.001915249494803325,0.25923183906215763,0.016587734606699014,15,5,1,DE,0.007608290327211654,0.04682635900448476,FALSE,FALSE
sco_sco,tet_spp,z_within,68,-0.0221374958617795,0.8577901396784335,0.05279418188971657,0.6689576364588012,6,4,1,DE,0.9152494049111778,0.794308300861455,FALSE,FALSE
sco_sco,tha_pit,z_within,6,0.1171451165835611,0.8250861150733784,0.34786262139146906,0.49925321811463336,5,1,1,DE,0.8981025854338542,0.6623076923076922,TRUE,FALSE
sco_sco,tha_pro,z_within,68,0.4438667021713515,1.498095266370694e-4,0.5218048486344714,5.036682371024606e-6,18,4,1,DE,8.112327197139418e-4,4.210275263545811e-5,FALSE,FALSE
sco_sco,tom_spp,z_within,85,0.28832163585265763,0.007452522165263821,0.33918519455144275,0.001495638468923899,25,5,1,DE,0.025362140649376086,0.006233153105505613,FALSE,FALSE
sco_sco,tor_vir,z_within,85,0.11955873026309995,0.27576992353177,0.2625460152786624,0.015204856636421476,19,5,1,DE,0.4247547480516171,0.04378388482929395,FALSE,FALSE
sco_sco,uro_sir_spp,z_within,24,-0.11413126489982219,0.5954056447212128,-0.14358457330716645,0.5032732002711314,0,3,1,DE,0.7365578449783968,0.6644851173587868,FALSE,FALSE
sco_sco,xyl_lin,z_within,85,0.20860186650650342,0.05538135597874535,0.2807008548525718,0.009263951195551247,25,5,1,DE,0.12321278423178228,0.029873640372170874,FALSE,FALSE
sco_sco,xyl_spp,z_within,80,0.17176135557433142,0.12764673927823691,0.2566205987095075,0.02157409385712057,23,5,1,DE,0.23686172956586635,0.0582297642977455,FALSE,FALSE
sco_sco,zei_gri,z_within,4,0.5773502691896258,0.42264973081037416,0.5773502691896257,0.42264973081037427,1,1,1,DE,0.5767058925954551,0.5831753497239299,TRUE,FALSE
tet_gab,tet_spp,z_within,161,0.3150905519496324,4.679321133828913e-5,0.35881667112170507,2.953913746926046e-6,63,7,1,DE,2.857372692359358e-4,2.734752404412178e-5,FALSE,FALSE
tet_gab,tha_pit,z_within,11,-0.026664508237737434,0.9379709079372021,-0.14912535697534227,0.6616637793873631,3,1,1,DE,0.9683368725826511,0.7894513110265117,FALSE,FALSE
tet_gab,tha_pro,z_within,184,0.1037199841903357,0.16117812038346055,0.06651568561083049,0.3696613385400549,61,8,1,DE,0.2837921506138232,0.5295813851630404,FALSE,FALSE
tet_gab,tom_spp,z_within,312,0.16011809038433206,0.004579526325918513,0.12090852296964934,0.0327662087514318,151,14,2,"AT,DE",0.01663701336124827,0.08273227488264744,FALSE,FALSE
tet_gab,tor_vir,z_within,184,0.17243209484278207,0.019252651304798266,0.18510081591691072,0.01188654427985922,27,8,1,DE,0.05417167573016767,0.03590987587704838,FALSE,FALSE
tet_gab,uro_sir_spp,z_within,48,0.2594864071455466,0.0749072507004481,0.2922455452505742,0.04384129668658133,12,4,1,DE,0.15692248869363945,0.10398720784337885,FALSE,FALSE
tet_gab,xyl_lin,z_within,184,0.16409591346371794,0.026024461722194227,0.14767071839612428,0.04545350838141856,48,8,1,DE,0.06873331761597923,0.1066361599901945,FALSE,FALSE
tet_gab,xyl_spp,z_within,198,0.2238372857512431,0.0015241359190938913,0.10473277794639564,0.14198709575477014,42,9,1,DE,0.0063090433958646166,0.25363255071547114,FALSE,FALSE
tet_gab,zei_gri,z_within,4,-0.5773502691896258,0.42264973081037416,-0.5773502691896257,0.42264973081037427,1,1,1,DE,0.5767058925954551,0.5831753497239299,TRUE,FALSE
tet_spp,tha_pit,z_within,11,-0.2186612879020746,0.5183074878075569,-0.4046244310870986,0.21706475525920535,1,1,1,DE,0.6680580044944707,0.3513021696958192,FALSE,FALSE
tet_spp,tha_pro,z_within,161,0.12307832134195376,0.11984125813225621,0.1484571085673506,0.06018166568328539,56,7,1,DE,0.22480026852259824,0.1305199348949842,FALSE,FALSE
tet_spp,tom_spp,z_within,184,0.17514842267223155,0.01740445943022623,0.19487686280901548,0.008028039755809666,59,8,1,DE,0.05027256735376838,0.0263822222509623,FALSE,FALSE
tet_spp,tor_vir,z_within,161,0.01577170983108481,0.8425963039724492,0.05125224922792208,0.518489531708615,13,7,1,DE,0.9043818822077955,0.6713299605228221,FALSE,FALSE
tet_spp,uro_sir_spp,z_within,48,0.3599846422940746,0.011964550614355076,0.41027238553126655,0.0037768533478302548,11,4,1,DE,0.037324195938259856,0.013956526748849138,FALSE,FALSE
tet_spp,xyl_lin,z_within,161,0.08659942607938206,0.27469460413886204,0.11373354306520092,0.15084933957510813,37,7,1,DE,0.423856727891685,0.2645239946520735,FALSE,FALSE
tet_spp,xyl_spp,z_within,176,0.04671207699851092,0.538141288748383,-0.003990956741852844,0.9580753484477159,27,8,1,DE,0.6854136828585173,0.9768478234307,FALSE,FALSE
tet_spp,zei_gri,z_within,4,NA,NA,NA,NA,0,1,1,DE,NA,NA,TRUE,FALSE
tha_pit,tha_pro,z_within,11,-0.2948822383322579,0.3786989415779921,-0.15765796978722893,0.6433868387527728,7,1,1,DE,0.5336494086720969,0.7736816594499125,FALSE,FALSE
tha_pit,tom_spp,z_within,11,0.0657116545547185,0.8477777315040912,-0.05517605878460435,0.8719938065774078,11,1,1,DE,0.9078813766480379,0.9246141224915616,FALSE,FALSE
tha_pit,tor_vir,z_within,19,0.06660540449736468,0.7864550394504543,0.07794955025208565,0.7510992759832569,9,2,2,"BG,DE",0.8719789854746729,0.8440892360512979,FALSE,FALSE
tha_pit,uro_sir_spp,z_within,0,NA,NA,NA,NA,0,0,0,,NA,NA,TRUE,FALSE
tha_pit,xyl_lin,z_within,11,-0.7465451784845522,0.008307234312973451,-0.7465754886000483,0.00830316226135871,11,1,1,DE,0.027722979625853263,0.02718259584421996,FALSE,FALSE
tha_pit,xyl_spp,z_within,10,-0.13414080532163544,0.7117901906813029,-0.28311042925246527,0.42799250641286546,10,1,1,DE,0.8232270602229081,0.5896024768343634,FALSE,FALSE
tha_pit,zei_gri,z_within,0,NA,NA,NA,NA,0,0,0,,NA,NA,TRUE,FALSE
tha_pro,tom_spp,z_within,230,-0.05800026761847843,0.3812679610573284,0.0200190253871279,0.7626675691673946,89,10,1,DE,0.5363916903110454,0.8528010091599049,FALSE,FALSE
tha_pro,tor_vir,z_within,207,0.1301890427870311,0.061523137706184436,0.12358259268570686,0.07604927934464312,40,9,1,DE,0.13410486472158178,0.15854341287103565,FALSE,FALSE
tha_pro,uro_sir_spp,z_within,36,-0.18175649829614965,0.2887261446353217,-0.14008818637702797,0.41513226289095495,10,3,1,DE,0.43689492184712125,0.5764981908856649,FALSE,FALSE
tha_pro,xyl_lin,z_within,207,0.16507154086640408,0.017458185410890528,0.1782159907573825,0.01019468108716224,72,9,1,DE,0.05027256735376838,0.03203511100746967,FALSE,FALSE
tha_pro,xyl_spp,z_within,220,0.11833138318294002,0.07989465624477086,0.1093642711508888,0.10571658417685738,61,10,1,DE,0.16496234778596575,0.20500445715377075,FALSE,FALSE
tha_pro,zei_gri,z_within,0,NA,NA,NA,NA,0,0,0,,NA,NA,TRUE,FALSE
tom_spp,tor_vir,z_within,495,0.21987077551263037,7.811167554243721e-7,0.2524343565866332,1.2366741796007667e-8,175,25,3,"DE,LT,PL",7.154697089578557e-6,1.6637132322441564e-7,FALSE,FALSE
tom_spp,uro_sir_spp,z_within,48,0.08405912866429877,0.5700116946331072,-0.0038688064024077437,0.9791796417801619,12,4,1,DE,0.7154228412231856,0.9906858655378606,FALSE,FALSE
tom_spp,xyl_lin,z_within,230,0.10250653376240551,0.12109237711283961,0.17511121520815445,0.0077718899138582865,128,10,1,DE,0.22665334063946718,0.025936423317178235,FALSE,FALSE
tom_spp,xyl_spp,z_within,242,0.2223909161131447,4.913513343375592e-4,0.1592165350638807,0.013144016604229697,115,11,1,DE,0.002350297215914658,0.0390241320560061,FALSE,FALSE
tom_spp,zei_gri,z_within,137,-0.12323547941059046,0.1513747057279798,-0.08695704186588164,0.3123057449767351,75,8,2,"CZ,DE",0.26808996237332333,0.4620193237542421,FALSE,FALSE
tor_vir,uro_sir_spp,z_within,36,-0.1858878559164968,0.27771784819902967,-0.284277850821622,0.0928911298666279,1,3,1,DE,0.4262300664872808,0.18599828561666654,FALSE,FALSE
tor_vir,xyl_lin,z_within,207,0.27784579538565135,5.047912724659489e-5,0.4194405713787232,3.1610585592766724e-10,89,9,1,DE,3.06074144783931e-4,5.7907902543345e-9,FALSE,FALSE
tor_vir,xyl_spp,z_within,220,0.20697723458356224,0.0020289230882293867,0.3376438935354569,2.881786010204671e-7,81,10,1,DE,0.008013315499841753,3.1015221934827772e-6,FALSE,FALSE
tor_vir,zei_gri,z_within,4,-0.9830432808699442,0.01695671913005582,-0.9428090415820634,0.05719095841793666,4,1,1,DE,0.04932342963168263,0.12593712326814185,TRUE,FALSE
uro_sir_spp,xyl_lin,z_within,48,0.1989348150623393,0.1752508601499356,0.044930502907377545,0.7617104970708253,12,4,1,DE,0.30421570683285193,0.8528010091599049,FALSE,FALSE
uro_sir_spp,xyl_spp,z_within,44,-0.04953126467398879,0.7495060130549532,-0.10095534492332997,0.5143672111627243,6,4,1,DE,0.8510635340909586,0.6696900378796746,FALSE,FALSE
uro_sir_spp,zei_gri,z_within,1,NA,NA,NA,NA,0,1,1,DE,NA,NA,TRUE,FALSE
xyl_lin,xyl_spp,z_within,220,0.6312648686485597,7.34720926257191e-26,0.627332681362206,1.805798191651147e-25,118,10,1,DE,1.2651894350148829e-23,2.5913204050193958e-23,FALSE,FALSE
xyl_lin,zei_gri,z_within,4,-0.9870140735373353,0.012985926462664735,-0.894427190999916,0.10557280900008408,4,1,1,DE,0.03993172387269406,0.20500445715377075,TRUE,FALSE
xyl_spp,zei_gri,z_within,4,-0.6278923065788896,0.3721076934211103,-0.894427190999916,0.10557280900008408,4,1,1,DE,0.5269485592690394,0.20500445715377075,TRUE,FALSE
CambXyl_con&BB_con&BO,CambXyl_con&BB_con&SM,detrended,20,-0.2943259974232545,0.20779908353781104,-0.22406015037593985,0.34228635081121406,13,2,1,DE,0.4106201863069368,0.5280648064871085,FALSE,FALSE
CambXyl_con&BB_con&BO,CambXyl_con&BO,detrended,8,0.5605744574170616,0.14836056024705385,0.6904761904761907,0.05799031816457269,6,2,1,DE,0.3320271778693559,0.14604969019225714,TRUE,FALSE
CambXyl_con&BB_con&BO,CambXyl_con&MD,detrended,10,-0.34533934784794235,0.3283986495338234,-0.00606060606060606,0.9867429111949891,8,1,1,DE,0.5479630570217914,0.9968922668529947,FALSE,FALSE
CambXyl_con&BB_con&BO,Def_dec,detrended,0,NA,NA,NA,NA,0,0,0,,NA,NA,TRUE,FALSE
CambXyl_con&BB_con&BO,Def_dec&DB,detrended,174,0.14049687424053983,0.06444256658031423,0.2111574930949059,0.0051597150391241966,87,9,2,"AT,DE",0.1855610060488527,0.02358588447728118,FALSE,FALSE
CambXyl_con&BB_con&BO,agr_big,detrended,48,-0.3195315580699445,0.02684123901188275,-0.2687798523664785,0.06471383112530528,21,3,1,DE,0.09567602938106594,0.15846821804645395,FALSE,FALSE
CambXyl_con&BB_con&BO,agr_vir,detrended,48,-0.19975311301819373,0.17344599428424867,-0.15306122448979592,0.2989805666078801,13,3,1,DE,0.364195389423458,0.48229711839665323,FALSE,FALSE
CambXyl_con&BB_con&BO,bup_pin,detrended,16,0.4411898186857438,0.08714295538695394,0.48823529411764705,0.05501502977813753,4,1,1,DE,0.22884138882896057,0.14055863099385427,FALSE,FALSE
CambXyl_con&BB_con&BO,cep_spp,detrended,0,NA,NA,NA,NA,0,0,0,,NA,NA,TRUE,FALSE
CambXyl_con&BB_con&BO,clo_ana,detrended,0,NA,NA,NA,NA,0,0,0,,NA,NA,TRUE,FALSE
CambXyl_con&BB_con&BO,den_mic,detrended,0,NA,NA,NA,NA,0,0,0,,NA,NA,TRUE,FALSE
CambXyl_con&BB_con&BO,den_pin,detrended,0,NA,NA,NA,NA,0,0,0,,NA,NA,TRUE,FALSE
CambXyl_con&BB_con&BO,dip_sp,detrended,153,-0.1684784485350724,0.037362724600411866,-0.1691829841984641,0.03656292882068455,42,8,2,"AT,DE",0.12232832795097812,0.1026083462777306,FALSE,FALSE
CambXyl_con&BB_con&BO,era_def,detrended,42,-0.4564631648767396,0.0023781398642763797,-0.3499716392512762,0.023085973960603356,0,3,1,DE,0.015688624179256115,0.07502941537196091,FALSE,FALSE
CambXyl_con&BB_con&BO,geo_db,detrended,49,0.17529588817558847,0.22830011275287324,0.08816326530612244,0.546917223464229,21,3,2,"DE,HR",0.43603847533390205,0.7151994460686072,FALSE,FALSE
CambXyl_con&BB_con&BO,ips_acu,detrended,48,-0.4009780431666789,0.004736770955130242,-0.28191489361702127,0.05222742258286404,0,3,1,DE,0.02650193369832363,0.13499719755336786,FALSE,FALSE
CambXyl_con&BB_con&BO,ips_ami,detrended,0,NA,NA,NA,NA,0,0,0,,NA,NA,TRUE,FALSE
CambXyl_con&BB_con&BO,ips_cem,detrended,48,0.01807521165277358,0.9029484159007158,0.13341293964394269,0.36599662767031516,22,3,1,DE,0.9730922151024386,0.5496881004344429,FALSE,FALSE
CambXyl_con&BB_con&BO,ips_dup,detrended,0,NA,NA,NA,NA,0,0,0,,NA,NA,TRUE,FALSE
CambXyl_con&BB_con&BO,ips_sex,detrended,32,-0.33701098254555173,0.05927174914627279,-0.30095307917888564,0.09417524956007503,0,2,1,DE,0.1746540874843505,0.21183440359060132,FALSE,FALSE
CambXyl_con&BB_con&BO,ips_typ,detrended,235,0.10500194662268642,0.10838214086684093,0.1953267312084478,0.002635303863455708,160,12,3,"AT,DE,HR",0.2615217510004379,0.013014573269803608,FALSE,FALSE
CambXyl_con&BB_con&BO,lym_dis,detrended,182,0.054310939539427644,0.46650090449235915,0.138501748229128,0.06223556532098655,79,10,3,"AT,DE,HR",0.6703076741719344,0.15503313482389297,FALSE,FALSE
CambXyl_con&BB_con&BO,lym_mon,detrended,16,0.5941281768727535,0.015230135323930714,0.8294117647058823,7.08845406463994e-5,4,1,1,DE,0.06147689327102627,6.20415187439773e-4,FALSE,FALSE
CambXyl_con&BB_con&BO,mel_spp,detrended,48,0.2357461274216256,0.10672912616848361,0.15240990013026487,0.3010661469311219,25,3,1,DE,0.25919930640917443,0.4847768194665059,FALSE,FALSE
CambXyl_con&BB_con&BO,neo_ser,detrended,0,NA,NA,NA,NA,0,0,0,,NA,NA,TRUE,FALSE
CambXyl_con&BB_con&BO,ope_spp,detrended,32,-0.17970569305452813,0.32503376419334185,-0.2287390029325513,0.20794473056304558,1,2,1,DE,0.5455967391817975,0.3766867660199432,FALSE,FALSE
CambXyl_con&BB_con&BO,pan_fla,detrended,11,0.6750441010424827,0.02266477176135129,0.8272727272727273,0.001676973896452378,4,1,1,DE,0.08418343797073337,0.009039298319901844,FALSE,FALSE
CambXyl_con&BB_con&BO,pha_cya,detrended,195,0.3546225769037218,3.647694145776128e-7,0.3785301590898056,4.861520902523553e-8,98,10,2,"AT,DE",1.1942820832837397e-5,1.023234399483529e-6,FALSE,FALSE
CambXyl_con&BB_con&BO,pis_pin,detrended,32,0.28246292946355317,0.11726209273380886,0.36803519061583584,0.038222216664462995,5,2,1,DE,0.27758145377750465,0.10591987313913882,FALSE,FALSE
CambXyl_con&BB_con&BO,pit_bid,detrended,16,-0.3992420259633822,0.12553299769002665,-0.5058823529411764,0.045581616123940315,0,1,1,DE,0.29126291327554743,0.12180489542572243,FALSE,FALSE
CambXyl_con&BB_con&BO,pit_cha,detrended,216,0.05740088324012865,0.4012367387286887,0.17098798509151095,0.011836488532305458,140,11,2,"AT,DE",0.6113019286112833,0.045892350274377304,FALSE,FALSE
CambXyl_con&BB_con&BO,pit_spp,detrended,175,0.25929420443905393,5.302060200391655e-4,0.202102552619794,0.007315267540815941,133,9,3,"AT,DE,HR",0.0047343648658042655,0.03079379288610139,FALSE,FALSE
CambXyl_con&BB_con&BO,pol_pol,detrended,0,NA,NA,NA,NA,0,0,0,,NA,NA,TRUE,FALSE
CambXyl_con&BB_con&BO,pri_abi,detrended,15,-0.026533129687624585,0.9252181481438757,-0.007142857142857141,0.9798442277615983,2,1,1,DE,0.9896253081346947,0.9934413537691318,FALSE,FALSE
CambXyl_con&BB_con&BO,sap_car,detrended,0,NA,NA,NA,NA,0,0,0,,NA,NA,TRUE,FALSE
CambXyl_con&BB_con&BO,sco_int,detrended,30,0.015740990689427695,0.9342026817561456,0.05583982202447163,0.7694609720013507,10,2,1,DE,0.9920028525743406,0.8698254466102224,FALSE,FALSE
CambXyl_con&BB_con&BO,sco_rat,detrended,0,NA,NA,NA,NA,0,0,0,,NA,NA,TRUE,FALSE
CambXyl_con&BB_con&BO,sco_sco,detrended,14,0.15950592831496146,0.585972863901113,0.3758241758241758,0.18541002869712309,2,1,1,DE,0.7677504869280551,0.3552022383168419,FALSE,FALSE
CambXyl_con&BB_con&BO,tet_gab,detrended,153,0.11311467751717767,0.16387716654485687,0.2144565960355434,0.00776841971810366,94,8,2,"AT,DE",0.3507685598684104,0.03220021715073568,FALSE,FALSE
CambXyl_con&BB_con&BO,tet_spp,detrended,48,0.037942306497027595,0.797923865951566,0.09042553191489362,0.5410494960333804,21,3,1,DE,0.9136848413227776,0.7123794364321587,FALSE,FALSE
CambXyl_con&BB_con&BO,tha_pit,detrended,19,-0.38984025540953504,0.09895351899130495,-0.28245614035087724,0.24133244704369025,19,1,1,HR,0.2499283165380388,0.4224512538348954,FALSE,FALSE
CambXyl_con&BB_con&BO,tha_pro,detrended,48,0.07282470288037594,0.6227909580397617,0.08673469387755102,0.557753180573397,20,3,1,DE,0.7944404140074305,0.7207469751120633,FALSE,FALSE
CambXyl_con&BB_con&BO,tom_spp,detrended,216,0.17981869611251228,0.008071174987081806,0.32517057835887536,1.0359719388492562e-6,142,11,2,"AT,DE",0.03920284993725448,1.346763520504033e-5,FALSE,FALSE
CambXyl_con&BB_con&BO,tor_vir,detrended,48,-0.12990422035252924,0.3788505461461148,-0.044398610508033,0.7644501967679969,3,3,1,DE,0.5927502350321513,0.8674890551256857,FALSE,FALSE
CambXyl_con&BB_con&BO,uro_sir_spp,detrended,9,0.49113764400731835,0.1793954893745519,0.13333333333333333,0.7323675052362975,1,1,1,DE,0.3705271322595885,0.8375328261693233,TRUE,FALSE
CambXyl_con&BB_con&BO,xyl_lin,detrended,32,-2.234712668940401e-15,0.9999999999999903,0.15029325513196481,0.4116232468252985,0,2,1,DE,0.9999999999999942,0.5974958131257206,FALSE,FALSE
CambXyl_con&BB_con&BO,xyl_spp,detrended,45,0.13611506169829585,0.37263282848580503,0.1853754940711462,0.22278972597715851,4,3,1,DE,0.5861341999669958,0.39389223552761626,FALSE,FALSE
CambXyl_con&BB_con&BO,zei_gri,detrended,0,NA,NA,NA,NA,0,0,0,,NA,NA,TRUE,FALSE
CambXyl_con&BB_con&SM,CambXyl_con&BO,detrended,8,-0.1598822051948315,0.7052903882150053,0.21428571428571433,0.6103444156452669,7,2,1,DE,0.8500836055478729,0.75183058276514,TRUE,FALSE
CambXyl_con&BB_con&SM,CambXyl_con&MD,detrended,194,0.12614217702206754,0.0796689075434519,0.1775537960250315,0.01325782008314703,138,9,2,"CZ,DE",0.2180412206452368,0.04966064810805921,FALSE,FALSE
CambXyl_con&BB_con&SM,Def_dec,detrended,0,NA,NA,NA,NA,0,0,0,,NA,NA,TRUE,FALSE
CambXyl_con&BB_con&SM,Def_dec&DB,detrended,204,0.28965702528312626,2.6439649059430238e-5,0.314863842929939,4.502545392789527e-6,129,10,2,"CZ,DE",4.249572685188424e-4,5.3070001696345896e-5,FALSE,FALSE
CambXyl_con&BB_con&SM,agr_big,detrended,20,-0.16724032082664453,0.48096507396004273,-0.31729323308270674,0.1728368864071423,18,2,1,DE,0.6805870371502579,0.3372799284413108,FALSE,FALSE
CambXyl_con&BB_con&SM,agr_vir,detrended,20,0.301217609103603,0.19685229869464488,0.11879699248120301,0.6178918280262935,13,2,1,DE,0.39639506160835103,0.7580210566878551,FALSE,FALSE
CambXyl_con&BB_con&SM,bup_pin,detrended,0,NA,NA,NA,NA,0,0,0,,NA,NA,TRUE,FALSE
CambXyl_con&BB_con&SM,cep_spp,detrended,161,-0.048907762792337085,0.5378262725557202,-0.05868990108120543,0.4595872846804354,96,7,1,CZ,0.7252428490747422,0.6418248967733096,FALSE,FALSE
CambXyl_con&BB_con&SM,clo_ana,detrended,0,NA,NA,NA,NA,0,0,0,,NA,NA,TRUE,FALSE
CambXyl_con&BB_con&SM,den_mic,detrended,0,NA,NA,NA,NA,0,0,0,,NA,NA,TRUE,FALSE
CambXyl_con&BB_con&SM,den_pin,detrended,0,NA,NA,NA,NA,0,0,0,,NA,NA,TRUE,FALSE
CambXyl_con&BB_con&SM,dip_sp,detrended,20,0.08434297008045079,0.7236859919184451,0.5067669172932331,0.02258817238059185,1,2,1,DE,0.8633446921132326,0.07423027652209366,FALSE,FALSE
CambXyl_con&BB_con&SM,era_def,detrended,16,-0.13551826847353585,0.6167791399397962,-0.17941176470588233,0.5061395399904385,0,2,1,DE,0.7879086122930344,0.6851873711356014,FALSE,FALSE
CambXyl_con&BB_con&SM,geo_db,detrended,20,-0.4704547587309583,0.03631458423375345,-0.13834586466165413,0.5607873732874129,3,2,1,DE,0.11978392709939571,0.722647285693984,FALSE,FALSE
CambXyl_con&BB_con&SM,ips_acu,detrended,204,0.2672237307248738,1.1165261639987996e-4,0.35533284802566945,1.8363736002693853e-7,148,10,2,"CZ,DE",0.0013901537027816038,3.006211597478031e-6,FALSE,FALSE
CambXyl_con&BB_con&SM,ips_ami,detrended,0,NA,NA,NA,NA,0,0,0,,NA,NA,TRUE,FALSE
CambXyl_con&BB_con&SM,ips_cem,detrended,20,-0.05496722547019785,0.8179627225605592,-0.07518796992481204,0.7527267095067713,14,2,1,DE,0.9294075150945171,0.85706266847538,FALSE,FALSE
CambXyl_con&BB_con&SM,ips_dup,detrended,184,0.6048690485061626,9.640195356250539e-20,0.5972337269557512,3.608840346457073e-19,155,8,1,CZ,2.840644231641826e-17,3.544683184742281e-17,FALSE,FALSE
CambXyl_con&BB_con&SM,ips_sex,detrended,204,0.25074176456613756,2.977370587903212e-4,0.37493268123060836,3.2933406252308766e-8,142,10,2,"CZ,DE",0.003025282298513149,7.438338870790536e-7,FALSE,FALSE
CambXyl_con&BB_con&SM,ips_typ,detrended,20,-0.09763740369549534,0.6821631435436761,-0.2180451127819549,0.35573636611773674,14,2,1,DE,0.8374610409759123,0.5421912890484125,FALSE,FALSE
CambXyl_con&BB_con&SM,lym_dis,detrended,50,0.3262595599052043,0.02075985401895371,0.27135654261704684,0.056626146291334015,26,8,2,"CZ,DE",0.07842611518271402,0.14384342908488296,FALSE,FALSE
CambXyl_con&BB_con&SM,lym_mon,detrended,138,0.19509437996087792,0.0218437478704429,0.1923313142567507,0.023822930495557566,87,6,1,CZ,0.08164826624216084,0.07657989293844686,FALSE,FALSE
CambXyl_con&BB_con&SM,mel_spp,detrended,20,-0.2447070914572782,0.2984262262303762,0.12631578947368421,0.5956535128148985,18,2,1,DE,0.5203329072734765,0.746918415406374,FALSE,FALSE
CambXyl_con&BB_con&SM,neo_ser,detrended,0,NA,NA,NA,NA,0,0,0,,NA,NA,TRUE,FALSE
CambXyl_con&BB_con&SM,ope_spp,detrended,20,-0.03585339739001848,0.8807136917624572,-0.048120300751879695,0.8403389659546903,1,2,1,DE,0.9576271875990309,0.9171106739554892,FALSE,FALSE
CambXyl_con&BB_con&SM,pan_fla,detrended,0,NA,NA,NA,NA,0,0,0,,NA,NA,TRUE,FALSE
CambXyl_con&BB_con&SM,pha_cya,detrended,204,0.16183033236966496,0.02075233327826219,0.24275890339314868,4.679457668509182e-4,155,10,2,"CZ,DE",0.07842611518271402,0.0029975656369290705,FALSE,FALSE
CambXyl_con&BB_con&SM,pis_pin,detrended,10,2.3286977259113376e-14,0.999999999999949,0.06666666666666667,0.8548130882487426,0,1,1,DE,0.9999999999999942,0.9222510758856503,FALSE,FALSE
CambXyl_con&BB_con&SM,pit_bid,detrended,10,2.3282730747595257e-14,0.9999999999999492,0.06666666666666667,0.8548130882487426,0,1,1,DE,0.9999999999999942,0.9222510758856503,FALSE,FALSE
CambXyl_con&BB_con&SM,pit_cha,detrended,20,-0.3283972622862777,0.15746847516691348,-0.32932330827067674,0.1562310516261163,11,2,1,DE,0.33951739523793056,0.3124621032522326,FALSE,FALSE
CambXyl_con&BB_con&SM,pit_spp,detrended,202,0.24192355820795072,5.229611201033381e-4,0.3644701430660675,9.686377080879415e-8,142,10,2,"CZ,DE",0.00471732275685052,1.747501497856613e-6,FALSE,FALSE
CambXyl_con&BB_con&SM,pol_pol,detrended,184,0.19761003793894782,0.007170665248895284,0.18198647685461652,0.013419282104325074,142,8,1,CZ,0.03561161842709793,0.050024195381475546,FALSE,FALSE
CambXyl_con&BB_con&SM,pri_abi,detrended,170,0.16347013668090218,0.03317046016286304,0.1779556793131454,0.02024896617249994,108,8,2,"CZ,DE",0.11234745894241735,0.06806116386498079,FALSE,FALSE
CambXyl_con&BB_con&SM,sap_car,detrended,0,NA,NA,NA,NA,0,0,0,,NA,NA,TRUE,FALSE
CambXyl_con&BB_con&SM,sco_int,detrended,188,-0.044259317913943455,0.5464411624115448,0.020030449317057577,0.7849767003163287,102,10,2,"CZ,DE",0.7341246011729569,0.8783789912400437,FALSE,FALSE
CambXyl_con&BB_con&SM,sco_rat,detrended,168,0.2102519103526682,0.00622902262394008,0.19095874185694547,0.013157068687391256,81,8,1,CZ,0.0327765238069228,0.04949297327512285,FALSE,FALSE
CambXyl_con&BB_con&SM,sco_sco,detrended,8,-0.19885960618065482,0.6368515352464126,-0.23809523809523814,0.5701563208157683,0,1,1,DE,0.8065569586788377,0.7314594232710178,TRUE,FALSE
CambXyl_con&BB_con&SM,tet_gab,detrended,20,-0.07198768664459396,0.76295652634823,-0.007518796992481203,0.9749025019933397,13,2,1,DE,0.8911110738339039,0.9917305083568612,FALSE,FALSE
CambXyl_con&BB_con&SM,tet_spp,detrended,20,0.1334314090950777,0.5749212556412842,0.5218045112781955,0.01828494348209759,14,2,1,DE,0.7608239371061306,0.06388889343151885,FALSE,FALSE
CambXyl_con&BB_con&SM,tha_pit,detrended,0,NA,NA,NA,NA,0,0,0,,NA,NA,TRUE,FALSE
CambXyl_con&BB_con&SM,tha_pro,detrended,20,0.06170882596826532,0.7960622518970846,0.10526315789473684,0.6587277693915814,18,2,1,DE,0.9136848413227776,0.7847915743155767,FALSE,FALSE
CambXyl_con&BB_con&SM,tom_spp,detrended,204,0.036721357937601576,0.602061017389834,0.3522202825621418,2.3875121197705625e-7,180,10,2,"CZ,DE",0.7781022505447562,3.837383116140323e-6,FALSE,FALSE
CambXyl_con&BB_con&SM,tor_vir,detrended,20,-0.034594460488826195,0.8848750744161091,-0.10225563909774436,0.6679353573533204,1,2,1,DE,0.9609699825354305,0.7914944449066156,FALSE,FALSE
CambXyl_con&BB_con&SM,uro_sir_spp,detrended,6,0.6852845943398389,0.1329830623917047,0.7714285714285715,0.07239650145772594,0,1,1,DE,0.3045518838193445,0.17438285364749245,TRUE,FALSE
CambXyl_con&BB_con&SM,xyl_lin,detrended,20,-1.1741239389566336e-14,0.9999999999999608,0.15639097744360902,0.5102566899029022,0,2,1,DE,0.9999999999999942,0.688651776907123,FALSE,FALSE
CambXyl_con&BB_con&SM,xyl_spp,detrended,18,0.04259779377102619,0.8667187623876411,0.22807017543859648,0.3627002084947104,1,2,1,DE,0.9517756347213351,0.5462129204588143,FALSE,FALSE
CambXyl_con&BB_con&SM,zei_gri,detrended,133,-0.07092499212476398,0.4172230849898446,-0.046061558237520527,0.5985595392816278,72,7,1,CZ,0.6251274697135977,0.746918415406374,FALSE,FALSE
CambXyl_con&BO,CambXyl_con&MD,detrended,6,0.29239479975598165,0.5739069059760658,0.028571428571428574,0.9571545189504373,6,1,1,DE,0.7606202472006629,0.9781787222568631,TRUE,FALSE
CambXyl_con&BO,Def_dec,detrended,0,NA,NA,NA,NA,0,0,0,,NA,NA,TRUE,FALSE
CambXyl_con&BO,Def_dec&DB,detrended,12,0.10662755592467317,0.7415336091461235,0.24475524475524477,0.4432619364501832,5,2,1,DE,0.8774797032190589,0.6293921394235056,FALSE,FALSE
CambXyl_con&BO,agr_big,detrended,12,-0.3146544452235471,0.31918884607107667,-0.2587412587412588,0.41677476889913834,11,2,1,DE,0.5395084893438467,0.6015546989135362,FALSE,FALSE
CambXyl_con&BO,agr_vir,detrended,12,0.20029999144821578,0.5325084780488271,0.2867132867132867,0.3662514605835825,5,2,1,DE,0.7231590963796972,0.5496881004344429,FALSE,FALSE
CambXyl_con&BO,bup_pin,detrended,0,NA,NA,NA,NA,0,0,0,,NA,NA,TRUE,FALSE
CambXyl_con&BO,cep_spp,detrended,0,NA,NA,NA,NA,0,0,0,,NA,NA,TRUE,FALSE
CambXyl_con&BO,clo_ana,detrended,0,NA,NA,NA,NA,0,0,0,,NA,NA,TRUE,FALSE
CambXyl_con&BO,den_mic,detrended,0,NA,NA,NA,NA,0,0,0,,NA,NA,TRUE,FALSE
CambXyl_con&BO,den_pin,detrended,0,NA,NA,NA,NA,0,0,0,,NA,NA,TRUE,FALSE
CambXyl_con&BO,dip_sp,detrended,12,4.5619342868083946e-15,0.9999999999999888,0.06993006993006994,0.8290236405313092,0,2,1,DE,0.9999999999999942,0.905879973089836,FALSE,FALSE
CambXyl_con&BO,era_def,detrended,6,0.04351284943187056,0.9347719187719747,0.31428571428571433,0.5440932944606414,0,2,1,DE,0.9920028525743406,0.7136179114290905,TRUE,FALSE
CambXyl_con&BO,geo_db,detrended,12,-0.11524486054767401,0.7213522625855152,-0.2027972027972028,0.5273023541661083,2,2,1,DE,0.8617235136832371,0.7051970969483202,FALSE,FALSE
CambXyl_con&BO,ips_acu,detrended,12,-0.7331388213407096,0.006669487440706725,-0.6293706293706295,0.02831967129575999,0,2,1,DE,0.03388406262979738,0.08722853458345586,FALSE,FALSE
CambXyl_con&BO,ips_ami,detrended,0,NA,NA,NA,NA,0,0,0,,NA,NA,TRUE,FALSE
CambXyl_con&BO,ips_cem,detrended,12,-0.15406978107753458,0.6325907008402862,-0.3636363636363637,0.2452650007307774,11,2,1,DE,0.8034629016419728,0.42446066260640863,FALSE,FALSE
CambXyl_con&BO,ips_dup,detrended,0,NA,NA,NA,NA,0,0,0,,NA,NA,TRUE,FALSE
CambXyl_con&BO,ips_sex,detrended,12,1.8238860342395524e-14,0.9999999999999551,-0.08391608391608392,0.7954145018538976,0,2,1,DE,0.9999999999999942,0.8832230372771489,FALSE,FALSE
CambXyl_con&BO,ips_typ,detrended,35,0.014583348320137026,0.933734474976374,0.12296918767507005,0.4815867349533196,34,3,2,"DE,SI",0.9920028525743406,0.6631194294372812,FALSE,FALSE
CambXyl_con&BO,lym_dis,detrended,12,0.49484047893923455,0.10192757036589711,0.5944055944055945,0.04152149441031859,7,2,1,DE,0.25239207900126903,0.11293846479606658,FALSE,FALSE
CambXyl_con&BO,lym_mon,detrended,0,NA,NA,NA,NA,0,0,0,,NA,NA,TRUE,FALSE
CambXyl_con&BO,mel_spp,detrended,12,0.12332048531002693,0.7025861960023247,0.1048951048951049,0.7456094809807079,11,2,1,DE,0.8496391207469973,0.8515746526963125,FALSE,FALSE
CambXyl_con&BO,neo_ser,detrended,0,NA,NA,NA,NA,0,0,0,,NA,NA,TRUE,FALSE
CambXyl_con&BO,ope_spp,detrended,8,0.6511907454178091,0.08027774492750554,0.761904761904762,0.028004939153071826,0,2,1,DE,0.21902940282689784,0.08656072101858564,TRUE,FALSE
CambXyl_con&BO,pan_fla,detrended,0,NA,NA,NA,NA,0,0,0,,NA,NA,TRUE,FALSE
CambXyl_con&BO,pha_cya,detrended,12,-0.058954111546796396,0.8555878451787827,-0.2587412587412588,0.41677476889913834,10,2,1,DE,0.9508132926149979,0.6015546989135362,FALSE,FALSE
CambXyl_con&BO,pis_pin,detrended,6,2.0459188875471774e-14,0.9999999999999694,0.028571428571428574,0.9571545189504373,0,1,1,DE,0.9999999999999942,0.9781787222568631,TRUE,FALSE
CambXyl_con&BO,pit_bid,detrended,6,2.05050327378797e-14,0.9999999999999692,0.028571428571428574,0.9571545189504373,0,1,1,DE,0.9999999999999942,0.9781787222568631,TRUE,FALSE
CambXyl_con&BO,pit_cha,detrended,21,0.12076660528833531,0.6020536653428348,0.34935064935064936,0.12059625789406873,20,3,2,"DE,SI",0.7781022505447562,0.25504088990037505,FALSE,FALSE
CambXyl_con&BO,pit_spp,detrended,35,0.6593510415543953,1.6497007084448464e-5,0.415686274509804,0.013011328456051106,34,3,2,"DE,SI",3.038198804719259e-4,0.04915390750063751,FALSE,FALSE
CambXyl_con&BO,pol_pol,detrended,0,NA,NA,NA,NA,0,0,0,,NA,NA,TRUE,FALSE
CambXyl_con&BO,pri_abi,detrended,5,0.015336517517432207,0.980473704934607,0,1,0,1,1,DE,0.9999999999999942,1,TRUE,FALSE
CambXyl_con&BO,sap_car,detrended,0,NA,NA,NA,NA,0,0,0,,NA,NA,TRUE,FALSE
CambXyl_con&BO,sco_int,detrended,12,0.27287088243231367,0.39083738796835454,0.3356643356643357,0.2861229029149877,7,2,1,DE,0.5998191485150699,0.4710105142958085,FALSE,FALSE
CambXyl_con&BO,sco_rat,detrended,0,NA,NA,NA,NA,0,0,0,,NA,NA,TRUE,FALSE
CambXyl_con&BO,sco_sco,detrended,3,NA,NA,NA,NA,0,1,1,DE,NA,NA,TRUE,FALSE
CambXyl_con&BO,tet_gab,detrended,12,-0.39855856844208143,0.19938825537506322,-0.27272727272727276,0.39109677094189643,10,2,1,DE,0.4005891312535361,0.5791114665203291,FALSE,FALSE
CambXyl_con&BO,tet_spp,detrended,12,0.5148636604096815,0.08673501844788625,0.3216783216783217,0.3079098761806529,10,2,1,DE,0.22884138882896057,0.4924395103464693,FALSE,FALSE
CambXyl_con&BO,tha_pit,detrended,0,NA,NA,NA,NA,0,0,0,,NA,NA,TRUE,FALSE
CambXyl_con&BO,tha_pro,detrended,12,-0.44313602265668045,0.14907533063241607,0.05594405594405595,0.8628980736949712,11,2,1,DE,0.3327843239370096,0.9291131512135864,FALSE,FALSE
CambXyl_con&BO,tom_spp,detrended,12,0.30737768930962606,0.331109601882823,0.48951048951048953,0.10625237175934597,6,2,1,DE,0.5481290038659468,0.23071091125666807,FALSE,FALSE
CambXyl_con&BO,tor_vir,detrended,12,-0.039747671888269324,0.9023892218006164,0.06993006993006994,0.8290236405313092,1,2,1,DE,0.9730922151024386,0.905879973089836,FALSE,FALSE
CambXyl_con&BO,uro_sir_spp,detrended,4,0.23292162357418975,0.7670783764258102,0.2,0.8,0,1,1,DE,0.8945874469134779,0.8832230372771489,TRUE,FALSE
CambXyl_con&BO,xyl_lin,detrended,12,-0.3777503268021182,0.22603591653535396,-0.6223776223776225,0.030675895061640212,4,2,1,DE,0.43532843184586684,0.09255116462283258,FALSE,FALSE
CambXyl_con&BO,xyl_spp,detrended,12,-0.3698005069700459,0.2367521214487774,-0.6223776223776225,0.030675895061640212,4,2,1,DE,0.44435005384441445,0.09255116462283258,FALSE,FALSE
CambXyl_con&BO,zei_gri,detrended,0,NA,NA,NA,NA,0,0,0,,NA,NA,TRUE,FALSE
CambXyl_con&MD,Def_dec,detrended,0,NA,NA,NA,NA,0,0,0,,NA,NA,TRUE,FALSE
CambXyl_con&MD,Def_dec&DB,detrended,199,0.15364125086867642,0.030265102325130643,0.19928582305466724,0.004773646481084814,88,9,2,"CZ,DE",0.10491902139378623,0.022093735545963222,FALSE,FALSE
CambXyl_con&MD,agr_big,detrended,15,0.1872268896761417,0.5040273063644723,0.1214285714285714,0.6664011137233894,15,1,1,DE,0.7019807263541338,0.790736355075807,FALSE,FALSE
CambXyl_con&MD,agr_vir,detrended,15,-0.14364439403256316,0.6095399941498003,0.10357142857142856,0.7133796306287292,13,1,1,DE,0.7831880157389877,0.8275952670286045,FALSE,FALSE
CambXyl_con&MD,bup_pin,detrended,0,NA,NA,NA,NA,0,0,0,,NA,NA,TRUE,FALSE
CambXyl_con&MD,cep_spp,detrended,161,0.12812689054822163,0.10528305029791,0.13976305498044628,0.07701648531352698,77,7,1,CZ,0.2563917808907781,0.18203896528651833,FALSE,FALSE
CambXyl_con&MD,clo_ana,detrended,0,NA,NA,NA,NA,0,0,0,,NA,NA,TRUE,FALSE
CambXyl_con&MD,den_mic,detrended,0,NA,NA,NA,NA,0,0,0,,NA,NA,TRUE,FALSE
CambXyl_con&MD,den_pin,detrended,0,NA,NA,NA,NA,0,0,0,,NA,NA,TRUE,FALSE
CambXyl_con&MD,dip_sp,detrended,15,0.6103174032446029,0.01567897672677015,0.5857142857142855,0.02177651761904281,3,1,1,DE,0.0627159069070806,0.07237008110990166,FALSE,FALSE
CambXyl_con&MD,era_def,detrended,9,-0.3572815919086673,0.34519780636131586,-0.4166666666666667,0.26458604674749603,0,1,1,DE,0.5661500200805254,0.4413095572165783,TRUE,FALSE
CambXyl_con&MD,geo_db,detrended,15,-0.45477736814342734,0.08853072873199526,-0.40714285714285703,0.1320126637798535,4,1,1,DE,0.2304962549122193,0.2758846212326016,FALSE,FALSE
CambXyl_con&MD,ips_acu,detrended,199,0.31845646073705763,4.561859066167543e-6,0.38075833714024665,2.892560919178145e-8,119,9,2,"CZ,DE",9.601627177362162e-5,7.305782435867086e-7,FALSE,FALSE
CambXyl_con&MD,ips_ami,detrended,0,NA,NA,NA,NA,0,0,0,,NA,NA,TRUE,FALSE
CambXyl_con&MD,ips_cem,detrended,15,-0.2214977380897392,0.4275656915206216,0.1357142857142857,0.6296204418728146,11,1,1,DE,0.6309984495896988,0.7666452763299837,FALSE,FALSE
CambXyl_con&MD,ips_dup,detrended,184,0.0409325873911579,0.5811648121817674,0.08658665793377125,0.2425201785484975,120,8,1,CZ,0.7656478300576489,0.42369137912425253,FALSE,FALSE
CambXyl_con&MD,ips_sex,detrended,198,0.19272245735351354,0.006523774298498234,0.24347626457158894,5.472685300389668e-4,115,9,2,"CZ,DE",0.03388406262979738,0.00345560986110319,FALSE,FALSE
CambXyl_con&MD,ips_typ,detrended,15,-0.1970787966897859,0.4814219408576407,0.3178571428571428,0.24829056581701814,11,1,1,DE,0.6805870371502579,0.4263724536192787,FALSE,FALSE
CambXyl_con&MD,lym_dis,detrended,45,-0.07422084750740846,0.6279976034229939,-0.02555994729907773,0.8676348162527954,20,7,2,"CZ,DE",0.7987768078070887,0.9308003585856114,FALSE,FALSE
CambXyl_con&MD,lym_mon,detrended,138,0.1573267658337967,0.06535032878752406,0.21565153462758194,0.011077262317592155,74,6,1,CZ,0.18756393067588076,0.043715624503354755,FALSE,FALSE
CambXyl_con&MD,mel_spp,detrended,15,-0.026862127026535523,0.9242933278825535,0.07142857142857141,0.8002959873970545,15,1,1,DE,0.9896253081346947,0.8832230372771489,FALSE,FALSE
CambXyl_con&MD,neo_ser,detrended,0,NA,NA,NA,NA,0,0,0,,NA,NA,TRUE,FALSE
CambXyl_con&MD,ope_spp,detrended,13,-0.0889876778863298,0.7725095910651677,0.14285714285714285,0.6415164215860886,1,1,1,DE,0.8947449886000799,0.7755565310260395,FALSE,FALSE
CambXyl_con&MD,pan_fla,detrended,0,NA,NA,NA,NA,0,0,0,,NA,NA,TRUE,FALSE
CambXyl_con&MD,pha_cya,detrended,199,0.1817703160457758,0.01018530841988513,0.15496116948378255,0.02885632808832107,125,9,2,"CZ,DE",0.047140380330777255,0.08826641532898209,FALSE,FALSE
CambXyl_con&MD,pis_pin,detrended,15,-2.3105560603107793e-14,0.9999999999999347,0.16785714285714284,0.5498555542278019,0,1,1,DE,0.9999999999999942,0.7158649630889202,FALSE,FALSE
CambXyl_con&MD,pit_bid,detrended,15,-2.3037400472425925e-14,0.9999999999999349,0.16785714285714284,0.5498555542278019,0,1,1,DE,0.9999999999999942,0.7158649630889202,FALSE,FALSE
CambXyl_con&MD,pit_cha,detrended,15,-0.19851043099798282,0.4781779954260946,0.05357142857142856,0.8496099367776071,11,1,1,DE,0.6795970224383724,0.9204107648424076,FALSE,FALSE
CambXyl_con&MD,pit_spp,detrended,198,0.19234827686830572,0.006630751669766954,0.27902858392871915,6.869123295874597e-5,120,9,2,"CZ,DE",0.03388406262979738,6.072304993553144e-4,FALSE,FALSE
CambXyl_con&MD,pol_pol,detrended,184,0.17503008230057132,0.017481641389049462,0.1802604457629404,0.014341245284901844,111,8,1,CZ,0.06777969731543738,0.05238702823079847,FALSE,FALSE
CambXyl_con&MD,pri_abi,detrended,175,0.17915278156583478,0.017682073021626315,0.20219435736677116,0.007288105816941596,77,8,2,"CZ,DE",0.06796066326572897,0.03079379288610139,FALSE,FALSE
CambXyl_con&MD,sap_car,detrended,0,NA,NA,NA,NA,0,0,0,,NA,NA,TRUE,FALSE
CambXyl_con&MD,sco_int,detrended,183,0.051145240813829845,0.49171144187238325,0.10039710823745036,0.17629220859289188,81,9,2,"CZ,DE",0.6888635730827048,0.34251057669476137,FALSE,FALSE
CambXyl_con&MD,sco_rat,detrended,168,0.11135373564597312,0.15071613363428338,0.19156361832547927,0.012864744016819878,67,8,1,CZ,0.3330826553317663,0.04880872837282735,FALSE,FALSE
CambXyl_con&MD,sco_sco,detrended,9,-0.16859596511723607,0.6645710250539478,-0.18333333333333332,0.6368198117628943,0,1,1,DE,0.8294124900223299,0.7722204576109719,TRUE,FALSE
CambXyl_con&MD,tet_gab,detrended,15,-0.25254208985941706,0.36383468963337895,-0.2214285714285714,0.4277137190163697,11,1,1,DE,0.5801934437743788,0.61181056247649,FALSE,FALSE
CambXyl_con&MD,tet_spp,detrended,15,0.6183950150416296,0.013996436546119557,0.582142857142857,0.022793687126414316,12,1,1,DE,0.05754813910125436,0.07435283918727031,FALSE,FALSE
CambXyl_con&MD,tha_pit,detrended,0,NA,NA,NA,NA,0,0,0,,NA,NA,TRUE,FALSE
CambXyl_con&MD,tha_pro,detrended,15,0.31071908481521077,0.259659648897677,0.2571428571428571,0.35486036365060913,15,1,1,DE,0.4723027358550339,0.5417902616012754,FALSE,FALSE
CambXyl_con&MD,tom_spp,detrended,199,0.05438001820507147,0.4455488941982131,0.14837673214557634,0.03648176626030876,134,9,2,"CZ,DE",0.6510168966466453,0.1026083462777306,FALSE,FALSE
CambXyl_con&MD,tor_vir,detrended,15,-1.3934310289619262e-4,0.9996067637359309,0.16428571428571426,0.5584973732486012,2,1,1,DE,0.9999999999999942,0.7207469751120633,FALSE,FALSE
CambXyl_con&MD,uro_sir_spp,detrended,9,0.6701657530285444,0.048244554459491815,0.7,0.035769574970261654,0,1,1,DE,0.1496427583936518,0.10139022624163722,TRUE,FALSE
CambXyl_con&MD,xyl_lin,detrended,15,0.5605279231118817,0.029742516558799982,0.532142857142857,0.04115858038693436,4,1,1,DE,0.1039224689248189,0.11229686747546289,FALSE,FALSE
CambXyl_con&MD,xyl_spp,detrended,14,0.7532042463374379,0.0018709306436400493,0.6,0.023308410880000015,5,1,1,DE,0.013231221511822428,0.07547485427809529,FALSE,FALSE
CambXyl_con&MD,zei_gri,detrended,133,-0.07526635895272364,0.38921453604198597,-0.0997643362136685,0.2532333667665028,58,7,1,CZ,0.5988984608241066,0.4285567769074085,FALSE,FALSE
Def_dec,Def_dec&DB,detrended,0,NA,NA,NA,NA,0,0,0,,NA,NA,TRUE,FALSE
Def_dec,agr_big,detrended,0,NA,NA,NA,NA,0,0,0,,NA,NA,TRUE,FALSE
Def_dec,agr_vir,detrended,0,NA,NA,NA,NA,0,0,0,,NA,NA,TRUE,FALSE
Def_dec,bup_pin,detrended,0,NA,NA,NA,NA,0,0,0,,NA,NA,TRUE,FALSE
Def_dec,cep_spp,detrended,0,NA,NA,NA,NA,0,0,0,,NA,NA,TRUE,FALSE
Def_dec,clo_ana,detrended,0,NA,NA,NA,NA,0,0,0,,NA,NA,TRUE,FALSE
Def_dec,den_mic,detrended,0,NA,NA,NA,NA,0,0,0,,NA,NA,TRUE,FALSE
Def_dec,den_pin,detrended,0,NA,NA,NA,NA,0,0,0,,NA,NA,TRUE,FALSE
Def_dec,dip_sp,detrended,0,NA,NA,NA,NA,0,0,0,,NA,NA,TRUE,FALSE
Def_dec,era_def,detrended,0,NA,NA,NA,NA,0,0,0,,NA,NA,TRUE,FALSE
Def_dec,geo_db,detrended,0,NA,NA,NA,NA,0,0,0,,NA,NA,TRUE,FALSE
Def_dec,ips_acu,detrended,0,NA,NA,NA,NA,0,0,0,,NA,NA,TRUE,FALSE
Def_dec,ips_ami,detrended,0,NA,NA,NA,NA,0,0,0,,NA,NA,TRUE,FALSE
Def_dec,ips_cem,detrended,0,NA,NA,NA,NA,0,0,0,,NA,NA,TRUE,FALSE
Def_dec,ips_dup,detrended,0,NA,NA,NA,NA,0,0,0,,NA,NA,TRUE,FALSE
Def_dec,ips_sex,detrended,0,NA,NA,NA,NA,0,0,0,,NA,NA,TRUE,FALSE
Def_dec,ips_typ,detrended,0,NA,NA,NA,NA,0,0,0,,NA,NA,TRUE,FALSE
Def_dec,lym_dis,detrended,0,NA,NA,NA,NA,0,0,0,,NA,NA,TRUE,FALSE
Def_dec,lym_mon,detrended,0,NA,NA,NA,NA,0,0,0,,NA,NA,TRUE,FALSE
Def_dec,mel_spp,detrended,0,NA,NA,NA,NA,0,0,0,,NA,NA,TRUE,FALSE
Def_dec,neo_ser,detrended,0,NA,NA,NA,NA,0,0,0,,NA,NA,TRUE,FALSE
Def_dec,ope_spp,detrended,0,NA,NA,NA,NA,0,0,0,,NA,NA,TRUE,FALSE
Def_dec,pan_fla,detrended,0,NA,NA,NA,NA,0,0,0,,NA,NA,TRUE,FALSE
Def_dec,pha_cya,detrended,0,NA,NA,NA,NA,0,0,0,,NA,NA,TRUE,FALSE
Def_dec,pis_pin,detrended,0,NA,NA,NA,NA,0,0,0,,NA,NA,TRUE,FALSE
Def_dec,pit_bid,detrended,0,NA,NA,NA,NA,0,0,0,,NA,NA,TRUE,FALSE
Def_dec,pit_cha,detrended,0,NA,NA,NA,NA,0,0,0,,NA,NA,TRUE,FALSE
Def_dec,pit_spp,detrended,0,NA,NA,NA,NA,0,0,0,,NA,NA,TRUE,FALSE
Def_dec,pol_pol,detrended,0,NA,NA,NA,NA,0,0,0,,NA,NA,TRUE,FALSE
Def_dec,pri_abi,detrended,0,NA,NA,NA,NA,0,0,0,,NA,NA,TRUE,FALSE
Def_dec,sap_car,detrended,0,NA,NA,NA,NA,0,0,0,,NA,NA,TRUE,FALSE
Def_dec,sco_int,detrended,0,NA,NA,NA,NA,0,0,0,,NA,NA,TRUE,FALSE
Def_dec,sco_rat,detrended,0,NA,NA,NA,NA,0,0,0,,NA,NA,TRUE,FALSE
Def_dec,sco_sco,detrended,0,NA,NA,NA,NA,0,0,0,,NA,NA,TRUE,FALSE
Def_dec,tet_gab,detrended,0,NA,NA,NA,NA,0,0,0,,NA,NA,TRUE,FALSE
Def_dec,tet_spp,detrended,0,NA,NA,NA,NA,0,0,0,,NA,NA,TRUE,FALSE
Def_dec,tha_pit,detrended,0,NA,NA,NA,NA,0,0,0,,NA,NA,TRUE,FALSE
Def_dec,tha_pro,detrended,0,NA,NA,NA,NA,0,0,0,,NA,NA,TRUE,FALSE
Def_dec,tom_spp,detrended,0,NA,NA,NA,NA,0,0,0,,NA,NA,TRUE,FALSE
Def_dec,tor_vir,detrended,0,NA,NA,NA,NA,0,0,0,,NA,NA,TRUE,FALSE
Def_dec,uro_sir_spp,detrended,0,NA,NA,NA,NA,0,0,0,,NA,NA,TRUE,FALSE
Def_dec,xyl_lin,detrended,0,NA,NA,NA,NA,0,0,0,,NA,NA,TRUE,FALSE
Def_dec,xyl_spp,detrended,0,NA,NA,NA,NA,0,0,0,,NA,NA,TRUE,FALSE
Def_dec,zei_gri,detrended,0,NA,NA,NA,NA,0,0,0,,NA,NA,TRUE,FALSE
Def_dec&DB,agr_big,detrended,161,0.038763268684974594,0.6254068629909864,0.05237807683459857,0.5093321444884484,43,7,1,DE,0.7966277620807376,0.6884550699201658,FALSE,FALSE
Def_dec&DB,agr_vir,detrended,138,0.12990593724163874,0.12886046111630525,0.16466395274767173,0.0536113046720863,20,6,1,DE,0.29820064823773257,0.13776858526198923,FALSE,FALSE
Def_dec&DB,bup_pin,detrended,100,0.27093889537654314,0.006400587349334994,0.2373957395739574,0.017396692767167578,16,5,1,DE,0.03347999536575228,0.061269627116239594,FALSE,FALSE
Def_dec&DB,cep_spp,detrended,161,-0.13228255387139687,0.09437489249021659,-0.08325856912813435,0.2937063648270814,74,7,1,CZ,0.24181856510536656,0.4778968139593191,FALSE,FALSE
Def_dec&DB,clo_ana,detrended,0,NA,NA,NA,NA,0,0,0,,NA,NA,TRUE,FALSE
Def_dec&DB,den_mic,detrended,0,NA,NA,NA,NA,0,0,0,,NA,NA,TRUE,FALSE
Def_dec&DB,den_pin,detrended,60,0.001129423352719289,0.993166648124902,-0.2549041400388997,0.04935114835845637,5,3,1,DE,0.9999999999999942,0.1286914901146768,FALSE,FALSE
Def_dec&DB,dip_sp,detrended,222,-0.05239394121524964,0.4372892518236655,0.05146393882875023,0.4454798474367846,47,10,2,"AT,DE",0.6421323897211301,0.6295014601974094,FALSE,FALSE
Def_dec&DB,era_def,detrended,102,-0.413825041908292,1.5365785251213913e-5,-0.23221242741064513,0.018847899026193295,0,6,1,DE,2.890075353632574e-4,0.06490329689585554,FALSE,FALSE
Def_dec&DB,geo_db,detrended,115,-0.32862620460957714,3.3611274543293365e-4,-0.2703148425787107,0.0034808932184155704,0,5,1,DE,0.0033384681681203746,0.01679993743039894,FALSE,FALSE
Def_dec&DB,ips_acu,detrended,299,0.12766711181048482,0.027288638028529506,0.21159165899755336,2.2847985171191914e-4,103,13,2,"CZ,DE",0.09688014464747022,0.001703102694708703,FALSE,FALSE
Def_dec&DB,ips_ami,detrended,11,-0.17470183913831272,0.6074126949837737,-0.15454545454545454,0.65003396549758,0,1,1,DE,0.7827300617575159,0.77863147086702,FALSE,FALSE
Def_dec&DB,ips_cem,detrended,161,0.02298196652420708,0.7722947905648065,0.07600356567747872,0.3379368446624237,60,7,1,DE,0.8947449886000799,0.5231806842059239,FALSE,FALSE
Def_dec&DB,ips_dup,detrended,184,0.1506153544576523,0.04127272997742333,0.14791277378590276,0.04509698373730577,96,8,1,CZ,0.1312413428059073,0.12154187080420215,FALSE,FALSE
Def_dec&DB,ips_sex,detrended,316,0.04178916562129551,0.45915438667606767,0.14381397329925863,0.01047681815429417,101,14,2,"CZ,DE",0.6632230029765421,0.04153142263854729,FALSE,FALSE
Def_dec&DB,ips_typ,detrended,287,0.03729967658221639,0.5291147396712963,0.11646432835457225,0.04870867527438277,129,13,2,"AT,DE",0.7207048226031216,0.12739191994838572,FALSE,FALSE
Def_dec&DB,lym_dis,detrended,268,0.22553350562709135,1.968972900345236e-4,0.25526995156625704,2.3400323458276185e-5,79,17,3,"AT,CZ,DE",0.0022681143115183167,2.2984317707906832e-4,FALSE,FALSE
Def_dec&DB,lym_mon,detrended,233,0.16576868765196345,0.011267259542901073,0.1709670503143938,0.008924194851505507,71,11,2,"CZ,DE",0.050559682415860646,0.03618801948959114,FALSE,FALSE
Def_dec&DB,mel_spp,detrended,161,0.27392889638763396,4.3779361145408497e-4,0.303982631700023,8.846300864351571e-5,40,7,1,DE,0.004117122899206501,7.447742822939799e-4,FALSE,FALSE
Def_dec&DB,neo_ser,detrended,11,1.3397183004527515e-14,0.9999999999999688,-0.2,0.5554454421055857,0,1,1,DE,0.9999999999999942,0.7199615407937503,FALSE,FALSE
Def_dec&DB,ope_spp,detrended,105,-0.2405421105011971,0.013446333320744805,-0.14255650010366988,0.14686236561599764,2,5,1,DE,0.056334401211082505,0.3012211860894244,FALSE,FALSE
Def_dec&DB,pan_fla,detrended,42,0.25874769085930305,0.09800904144491282,0.4263025686735272,0.0048763570887003,8,3,1,DE,0.24968297590000843,0.022451560762557634,FALSE,FALSE
Def_dec&DB,pha_cya,detrended,450,0.1934586449153781,3.603120656927391e-5,0.22134173502091373,2.1241198546341265e-6,185,20,3,"AT,CZ,DE",5.49165286331692e-4,2.6446788049247434e-5,FALSE,FALSE
Def_dec&DB,pis_pin,detrended,115,0.18392585978265855,0.04910734592813078,0.23133433283358326,0.01286359736871814,14,5,1,DE,0.15178634195967694,0.04880872837282735,FALSE,FALSE
Def_dec&DB,pit_bid,detrended,69,-0.08145370225728489,0.5058257890549018,-0.03244428206065035,0.7912801731133826,5,3,1,DE,0.7019807263541338,0.8805607304162493,FALSE,FALSE
Def_dec&DB,pit_cha,detrended,287,-0.047589522328530934,0.4218855287752773,0.10169962151669468,0.08546086787415952,126,13,2,"AT,DE",0.6258620737783664,0.19622703169027794,FALSE,FALSE
Def_dec&DB,pit_spp,detrended,334,-0.033842335614681494,0.5376641247761293,0.05664202051725513,0.30201651834931525,153,15,3,"AT,CZ,DE",0.7252428490747422,0.4854229131287176,FALSE,FALSE
Def_dec&DB,pol_pol,detrended,184,0.07083309766190686,0.3393351093233894,0.07341796536379572,0.3219589539313393,90,8,1,CZ,0.5597322077467964,0.5097103249780016,FALSE,FALSE
Def_dec&DB,pri_abi,detrended,271,0.1357464126921954,0.025437554372708625,0.1970015435448472,0.0011138463785101429,86,12,2,"CZ,DE",0.09178284924683439,0.006435556853614159,FALSE,FALSE
Def_dec&DB,sap_car,detrended,0,NA,NA,NA,NA,0,0,0,,NA,NA,TRUE,FALSE
Def_dec&DB,sco_int,detrended,278,0.12751873486183282,0.03356442466794718,0.0981074229937117,0.10260632563869718,76,13,2,"CZ,DE",0.11324790613154698,0.22563182055872713,FALSE,FALSE
Def_dec&DB,sco_rat,detrended,212,0.13471903723493409,0.05012676058588101,0.15315248371207302,0.025752641070669165,55,10,2,"CZ,DE",0.1538613067983292,0.08097291061336902,FALSE,FALSE
Def_dec&DB,sco_sco,detrended,51,0.1526017394658828,0.285045439439662,-0.014570135746606334,0.9191715411263849,4,3,1,DE,0.502954428073176,0.9615948430245258,FALSE,FALSE
Def_dec&DB,tet_gab,detrended,266,0.033432294473883,0.5872343823301682,0.12137286187697355,0.04798223338633072,97,12,2,"AT,DE",0.7679218845856046,0.1268889746842491,FALSE,FALSE
Def_dec&DB,tet_spp,detrended,138,0.13585957007340696,0.11209481894758683,0.1921851918655491,0.023931748372147083,45,6,1,DE,0.2684695518280222,0.0766509621774566,FALSE,FALSE
Def_dec&DB,tha_pit,detrended,11,-0.12780768955939906,0.708038601495355,-0.045454545454545456,0.8944269969053027,6,1,1,DE,0.8515729574447535,0.9469143296578294,FALSE,FALSE
Def_dec&DB,tha_pro,detrended,138,0.2295219157684364,0.0067690531599939084,0.22291655726513676,0.008588565713949113,47,6,1,DE,0.034193388533912086,0.03498752115728578,FALSE,FALSE
Def_dec&DB,tom_spp,detrended,471,0.18533511555851087,5.1952579019674716e-5,0.26129063007481146,8.618514241213516e-9,236,21,3,"AT,CZ,DE",7.289853944982928e-4,2.6692236604190575e-7,FALSE,FALSE
Def_dec&DB,tor_vir,detrended,138,-0.3399768167756826,4.5094227954785757e-05,-0.2615065675165358,0.0019472543803973168,0,6,1,DE,6.534966805250919e-4,0.010007981815530396,FALSE,FALSE
Def_dec&DB,uro_sir_spp,detrended,36,0.18986963026640308,0.26736995269803343,0.19124839124839127,0.2638466198039459,11,3,1,DE,0.483343636370269,0.4409081510523406,FALSE,FALSE
Def_dec&DB,xyl_lin,detrended,138,-0.11563716172626609,0.176820910657178,-0.14232092586800124,0.09587834780705692,34,6,1,DE,0.3686549175022296,0.21401513895638133,FALSE,FALSE
Def_dec&DB,xyl_spp,detrended,154,0.08953153720607843,0.2694958992223909,0.04862777955757083,0.5492443907141491,26,7,1,DE,0.48520239289733924,0.7158649630889202,FALSE,FALSE
Def_dec&DB,zei_gri,detrended,137,0.054787660347703736,0.524857744536477,0.006622547463923684,0.9387782519050623,55,8,2,"CZ,DE",0.7160096391516138,0.9726833559408847,FALSE,FALSE
agr_big,agr_vir,detrended,207,0.18079827203297302,0.009133874487684844,0.10036421296446625,0.1501842077846951,56,9,1,DE,0.04294864386762448,0.3052019303026907,FALSE,FALSE
agr_big,bup_pin,detrended,328,0.1161765734905447,0.035453433201859216,0.12386001233760977,0.024878689685489373,135,22,2,"DE,PL",0.11812018476927079,0.0788271028027692,FALSE,FALSE
agr_big,cep_spp,detrended,0,NA,NA,NA,NA,0,0,0,,NA,NA,TRUE,FALSE
agr_big,clo_ana,detrended,0,NA,NA,NA,NA,0,0,0,,NA,NA,TRUE,FALSE
agr_big,den_mic,detrended,0,NA,NA,NA,NA,0,0,0,,NA,NA,TRUE,FALSE
agr_big,den_pin,detrended,380,0.04870771270337477,0.34367842216996836,0.02363888655009639,0.6459808258551842,163,19,2,"DE,PL",0.5657574026038213,0.7758791440978028,FALSE,FALSE
agr_big,dip_sp,detrended,527,0.054454578434305505,0.21201520566426374,0.05694755908228395,0.1918006780443208,250,25,2,"DE,PL",0.4164920929049092,0.36229016963927263,FALSE,FALSE
agr_big,era_def,detrended,170,0.09316982824890525,0.22687275630694304,0.12789736261991563,0.09649123176938626,33,10,1,DE,0.43599025342464703,0.21431720825160164,FALSE,FALSE
agr_big,geo_db,detrended,501,-0.15501715886872017,4.973901590151062e-4,-0.15000424648710547,7.564994146987588e-4,236,24,2,"DE,PL",0.004532916500714988,0.004612037810991054,FALSE,FALSE
agr_big,ips_acu,detrended,289,0.12020737779833669,0.04114365599932315,0.16216342520781132,0.005724770395821949,130,23,2,"DE,PL",0.1312413428059073,0.025688817410693413,FALSE,FALSE
agr_big,ips_ami,detrended,22,0.31543968754051527,0.1527195144376285,0.3246753246753246,0.14041381301499214,7,2,1,DE,0.33559194170981965,0.29001357641414266,FALSE,FALSE
agr_big,ips_cem,detrended,253,0.12576737396531537,0.04566372755697603,0.1551120339206611,0.013512907333076338,136,11,1,DE,0.1426386401426389,0.050024195381475546,FALSE,FALSE
agr_big,ips_dup,detrended,0,NA,NA,NA,NA,0,0,0,,NA,NA,TRUE,FALSE
agr_big,ips_sex,detrended,176,0.1548805702740614,0.04012267512205599,0.14911292097732776,0.048249180566430766,57,8,1,DE,0.12897616293780906,0.1268889746842491,FALSE,FALSE
agr_big,ips_typ,detrended,593,0.24287627667837475,2.0741460969912057e-9,0.21292151034984091,1.6572470087559647e-7,479,28,2,"DE,PL",1.1459657185876411e-7,2.7641629353590052e-6,FALSE,FALSE
agr_big,lym_dis,detrended,207,0.03804818617658554,0.5862348175072819,0.007986438072972477,0.9090706515226878,65,9,1,DE,0.7677504869280551,0.9579463011269088,FALSE,FALSE
agr_big,lym_mon,detrended,472,-0.01184421813088371,0.7974497555759702,-0.028425623870366526,0.5378617647590787,281,24,2,"DE,PL",0.9136848413227776,0.7107171899058677,FALSE,FALSE
agr_big,mel_spp,detrended,547,0.07672641906791798,0.07296994565809839,0.10196351640726399,0.01705635450116782,369,26,2,"DE,PL",0.20348716707179487,0.060311269516129404,FALSE,FALSE
agr_big,neo_ser,detrended,22,0.3752922113383619,0.08523566027201292,0.3766233766233766,0.08404542340222527,5,2,1,DE,0.22635929324133364,0.19449339202224228,FALSE,FALSE
agr_big,ope_spp,detrended,189,0.10376043173825,0.15536182855031241,0.12020832222399974,0.09943316091812646,31,9,1,DE,0.33744436471370065,0.21919928741053313,FALSE,FALSE
agr_big,pan_fla,detrended,369,-0.014723504845560488,0.7780317049839292,-0.020405214334164493,0.6960321888303257,168,21,2,"DE,PL",0.8978851530101741,0.8171214540850039,FALSE,FALSE
agr_big,pha_cya,detrended,593,0.19159388191206625,2.6095864640436624e-6,0.25523632247915556,2.8439831866036754e-10,425,28,2,"DE,PL",6.133075675397833e-5,1.2570405684788246e-8,FALSE,FALSE
agr_big,pis_pin,detrended,161,0.29211758616807854,1.6989632934195405e-4,0.35028755463538075,5.2339543428070885e-6,44,7,1,DE,0.002002511401843832,6.087915314528245e-5,FALSE,FALSE
agr_big,pit_bid,detrended,115,0.12614252463717962,0.17916746278317552,0.16610115994634264,0.076042730392256,45,5,1,DE,0.3705271322595885,0.1811907646004159,FALSE,FALSE
agr_big,pit_cha,detrended,253,0.1813784516941939,0.0037944486234835497,0.17836431513254522,0.0044290999245556635,134,11,1,DE,0.02281831689224121,0.02060697017530109,FALSE,FALSE
agr_big,pit_spp,detrended,88,-0.13703939926771316,0.2029546521007517,-0.06563699764009721,0.5434650802486065,58,4,1,DE,0.4049930303771208,0.7136179114290905,FALSE,FALSE
agr_big,pol_pol,detrended,0,NA,NA,NA,NA,0,0,0,,NA,NA,TRUE,FALSE
agr_big,pri_abi,detrended,176,0.013231739176127473,0.8616331038712786,0.020352190182698657,0.7886176029766607,31,8,1,DE,0.9517756347213351,0.8802246982719294,FALSE,FALSE
agr_big,sap_car,detrended,0,NA,NA,NA,NA,0,0,0,,NA,NA,TRUE,FALSE
agr_big,sco_int,detrended,176,0.20390054300366137,0.006640647740857144,0.24100374202069116,0.001272449735272101,58,8,1,DE,0.03388406262979738,0.0071646214393664785,FALSE,FALSE
agr_big,sco_rat,detrended,66,0.5089764855481439,1.277627140401806e-5,0.5131197161047908,1.0557683690324357e-5,32,3,1,DE,2.4552660698156444e-4,1.138169802713016e-4,FALSE,FALSE
agr_big,sco_sco,detrended,85,0.36116646637252736,6.840852212605779e-4,0.32350986906390466,0.0025268215615556217,24,5,1,DE,0.005754702300978396,0.012619831979746721,FALSE,FALSE
agr_big,tet_gab,detrended,207,0.16789315175940253,0.015600750950705693,0.14250846943966405,0.040521747058260164,68,9,1,DE,0.06268665382010834,0.11090162352786993,FALSE,FALSE
agr_big,tet_spp,detrended,184,0.06669179877724658,0.36839253241976977,0.08039721831596386,0.2779720764303119,57,8,1,DE,0.5825742373149847,0.4593033935783098,FALSE,FALSE
agr_big,tha_pit,detrended,11,0.39274650239768893,0.23215296671368776,0.5454545454545454,0.08265095734417509,10,1,1,DE,0.4385111593480769,0.1926595144854635,FALSE,FALSE
agr_big,tha_pro,detrended,230,-0.06256441103626287,0.3448670312138816,-0.04328692002889838,0.5136221062601598,87,10,1,DE,0.5661500200805254,0.6900065086290584,FALSE,FALSE
agr_big,tom_spp,detrended,533,0.13149872428159062,0.0023503085684205157,0.16859107631633632,9.186948697247909e-5,263,25,2,"DE,PL",0.015688624179256115,7.661568536195426e-4,FALSE,FALSE
agr_big,tor_vir,detrended,536,0.11617560990735915,0.007091789140330102,0.08538345187340592,0.048181499783187344,265,27,2,"DE,PL",0.03541887909633791,0.1268889746842491,FALSE,FALSE
agr_big,uro_sir_spp,detrended,48,0.02347764811711192,0.8741478824600294,-0.09031697785497178,0.5415373091429985,6,4,1,DE,0.9563697129884481,0.7123794364321587,FALSE,FALSE
agr_big,xyl_lin,detrended,230,0.3235243555116568,5.295372471801825e-7,0.36581557800467995,1.0840159994891152e-8,103,10,1,DE,1.5603697550242712e-5,3.09119401144638e-7,FALSE,FALSE
agr_big,xyl_spp,detrended,242,0.17614388482989107,0.006005458139600032,0.3050738746702534,1.317685504468671e-6,93,11,1,DE,0.03198087346630378,1.6881651970294277e-5,FALSE,FALSE
agr_big,zei_gri,detrended,4,-0.48624095157038,0.51375904842962,-0.8,0.19999999999999987,2,1,1,DE,0.7118542301125141,0.36833333333333307,TRUE,FALSE
agr_vir,bup_pin,detrended,120,0.003764028883566446,0.9674541992192514,0.09793041183415513,0.28728093190791687,5,6,1,DE,0.9999999999999942,0.47203781376691173,FALSE,FALSE
agr_vir,cep_spp,detrended,0,NA,NA,NA,NA,0,0,0,,NA,NA,TRUE,FALSE
agr_vir,clo_ana,detrended,0,NA,NA,NA,NA,0,0,0,,NA,NA,TRUE,FALSE
agr_vir,den_mic,detrended,0,NA,NA,NA,NA,0,0,0,,NA,NA,TRUE,FALSE
agr_vir,den_pin,detrended,80,-0.14981967384870168,0.18469460559896256,-0.060548523206751054,0.5936674614259343,4,4,1,DE,0.37706704699649635,0.746918415406374,FALSE,FALSE
agr_vir,dip_sp,detrended,184,-0.06720441242575365,0.3647147350270299,0.028650960297432138,0.699443864089405,13,8,1,DE,0.5801934437743788,0.820037633759992,FALSE,FALSE
agr_vir,era_def,detrended,136,0.2081180592765359,0.015043314895493261,0.10291016649968988,0.23317530449926388,14,8,1,DE,0.061001331961541484,0.40979516735059496,FALSE,FALSE
agr_vir,geo_db,detrended,161,-0.09487048577919496,0.23126992724738188,-0.1365855762594893,0.08404578705033545,10,7,1,DE,0.4385111593480769,0.19449339202224228,FALSE,FALSE
agr_vir,ips_acu,detrended,138,0.23224742681183802,0.006124181712761614,0.29947555760532796,3.5930848062716477e-4,16,6,1,DE,0.03241782415617525,0.0025162685300131244,FALSE,FALSE
agr_vir,ips_ami,detrended,22,-0.0389637515739467,0.863317126930671,-0.15302089215132691,0.4965948556350871,1,2,1,DE,0.9517756347213351,0.6801523957011805,FALSE,FALSE
agr_vir,ips_cem,detrended,207,0.07105845501411621,0.3089398612770184,0.14330264852637165,0.039405721251335235,53,9,1,DE,0.5280305394038991,0.10885830495681359,FALSE,FALSE
agr_vir,ips_dup,detrended,0,NA,NA,NA,NA,0,0,0,,NA,NA,TRUE,FALSE
agr_vir,ips_sex,detrended,132,0.18014374075304423,0.038738861038228024,0.23118865866957466,0.0076503073018980156,15,6,1,DE,0.12544012145711933,0.03190033799470682,FALSE,FALSE
agr_vir,ips_typ,detrended,207,-0.056178720713266954,0.4213901785819065,0.09474948858655065,0.17446051853048006,52,9,1,DE,0.6258620737783664,0.3396984545835779,FALSE,FALSE
agr_vir,lym_dis,detrended,161,0.32315685593169224,2.899802604806298e-5,0.3311622958362089,1.779122511271075e-5,43,7,1,DE,4.4972377239452065e-4,1.850287411721918e-4,FALSE,FALSE
agr_vir,lym_mon,detrended,114,0.014598626768006176,0.8774827186743188,0.04935096494603189,0.6020637863051921,8,6,1,DE,0.9573932603840585,0.7475061616485812,FALSE,FALSE
agr_vir,mel_spp,detrended,161,0.07177501732466644,0.36557437577186536,0.08739648033126295,0.2702846764269875,37,7,1,DE,0.5801934437743788,0.4491196503034905,FALSE,FALSE
agr_vir,neo_ser,detrended,11,0.24087481428123877,0.4755365736682048,0.4090909090909091,0.21154501034209594,2,1,1,DE,0.678023114714021,0.3816444676375772,FALSE,FALSE
agr_vir,ope_spp,detrended,147,0.20169870822253108,0.014292641114011842,0.17742106098270483,0.031568007443043944,16,7,1,DE,0.058493957151789205,0.09427742763395557,FALSE,FALSE
agr_vir,pan_fla,detrended,70,-0.027096914271740692,0.8237940224337196,0.08120024494794856,0.503978979170718,4,5,1,DE,0.9328873643693705,0.6841937311569368,FALSE,FALSE
agr_vir,pha_cya,detrended,207,0.250086125842347,2.787959303139294e-4,0.3456370209219513,3.381830798082882e-7,54,9,1,DE,0.002933995266637066,5.0670142805174025e-6,FALSE,FALSE
agr_vir,pis_pin,detrended,138,0.12219183029557731,0.1533700729081076,0.19172399306831905,0.024278005339235454,12,6,1,DE,0.33559194170981965,0.07747926613676585,FALSE,FALSE
agr_vir,pit_bid,detrended,92,0.3071038432070826,0.002904468132394577,0.3142425596843549,0.002284068342764409,14,4,1,DE,0.018209573255580185,0.011537808085735644,FALSE,FALSE
agr_vir,pit_cha,detrended,207,-0.028196984610869613,0.6867219829311136,0.05846619259451679,0.40270254445198816,50,9,1,DE,0.8395551971589237,0.5884116517281943,FALSE,FALSE
agr_vir,pit_spp,detrended,66,0.20494620772361502,0.09878918016268559,0.152155307379188,0.2226114091757735,35,3,1,DE,0.2499283165380388,0.39389223552761626,FALSE,FALSE
agr_vir,pol_pol,detrended,0,NA,NA,NA,NA,0,0,0,,NA,NA,TRUE,FALSE
agr_vir,pri_abi,detrended,132,0.09228841343282398,0.29258108768353075,0.06355757540972486,0.4690607498333511,11,6,1,DE,0.5131779395084151,0.6489040733218816,FALSE,FALSE
agr_vir,sap_car,detrended,0,NA,NA,NA,NA,0,0,0,,NA,NA,TRUE,FALSE
agr_vir,sco_int,detrended,132,0.06664105233152168,0.4477271399330922,0.14429202777937208,0.09880564042016578,20,6,1,DE,0.6523421788112099,0.21890773466522945,FALSE,FALSE
agr_vir,sco_rat,detrended,44,0.366558730056102,0.014391841182245502,0.24298801973220577,0.11198763302269711,6,2,1,DE,0.05862851430923974,0.2385471508242512,FALSE,FALSE
agr_vir,sco_sco,detrended,68,0.0802041049742475,0.5155845075620514,-0.14459670954689466,0.2394097586947958,5,4,1,DE,0.7121987347460672,0.419917116440872,FALSE,FALSE
agr_vir,tet_gab,detrended,161,0.05098432086824399,0.5206811874898918,0.1404848171152519,0.07548784600288798,29,7,1,DE,0.7149205810110222,0.1803547455852783,FALSE,FALSE
agr_vir,tet_spp,detrended,161,-0.0034534949417709057,0.9653200006065445,-0.012255578559926386,0.8773732188576036,28,7,1,DE,0.9999999999999942,0.9333308369074867,FALSE,FALSE
agr_vir,tha_pit,detrended,11,0.08617916075402461,0.8010857089259478,0.19090909090909092,0.5739131682855214,4,1,1,DE,0.9161187149942274,0.7331867436253453,FALSE,FALSE
agr_vir,tha_pro,detrended,184,0.15069680178672276,0.04116184394738904,0.16308489530157383,0.026970424124811664,42,8,1,DE,0.1312413428059073,0.08365563132046845,FALSE,FALSE
agr_vir,tom_spp,detrended,207,0.10027639962211284,0.15054309921948703,0.2291659901938501,8.95437680384454e-4,47,9,1,DE,0.3330826553317663,0.00534306106915156,FALSE,FALSE
agr_vir,tor_vir,detrended,207,0.13022467637511426,0.06145145745418191,0.05785330822266239,0.4076605455687232,27,9,1,DE,0.17928412009734918,0.5946731390804477,FALSE,FALSE
agr_vir,uro_sir_spp,detrended,36,-0.10498004994870785,0.5423002559840056,0.10424710424710426,0.545138778457102,1,3,1,DE,0.7296703596497122,0.7139298965275233,FALSE,FALSE
agr_vir,xyl_lin,detrended,184,-0.19872123124431523,0.00684607736386954,-0.1983741403556086,0.006946030272274495,32,8,1,DE,0.03438597948670837,0.02979699131086759,FALSE,FALSE
agr_vir,xyl_spp,detrended,198,-0.18605543735529573,0.008679888902977991,-0.15037732888407584,0.03446075067336353,30,9,1,DE,0.041475793460716455,0.0995532797230502,FALSE,FALSE
agr_vir,zei_gri,detrended,4,5.9044479101241126e-15,0.9999999999999941,0,1,0,1,1,DE,0.9999999999999942,1,TRUE,FALSE
bup_pin,cep_spp,detrended,0,NA,NA,NA,NA,0,0,0,,NA,NA,TRUE,FALSE
bup_pin,clo_ana,detrended,0,NA,NA,NA,NA,0,0,0,,NA,NA,TRUE,FALSE
bup_pin,den_mic,detrended,0,NA,NA,NA,NA,0,0,0,,NA,NA,TRUE,FALSE
bup_pin,den_pin,detrended,241,0.2261636249952898,4.020859540706572e-4,0.2513759816192861,7.958100413280378e-5,88,18,2,"DE,PL",0.003821978316112484,6.897020358176328e-4,FALSE,FALSE
bup_pin,dip_sp,detrended,308,0.12960548504399302,0.022910628220295267,0.18109369205159975,0.0014144375372637768,119,21,2,"DE,PL",0.08445632814179321,0.00776622846547316,FALSE,FALSE
bup_pin,era_def,detrended,112,-0.18966239908450963,0.04518814755226145,0.06460347832029248,0.4985732493375169,12,7,1,DE,0.14165362566028056,0.6801523957011805,FALSE,FALSE
bup_pin,geo_db,detrended,268,0.02629731825907888,0.668237997213742,0.04162222179275295,0.49745834427082025,93,19,2,"DE,PL",0.8294124900223299,0.6801523957011805,FALSE,FALSE
bup_pin,ips_acu,detrended,126,0.08179598781609546,0.36254091678991507,0.07609148856392951,0.3970837068364028,30,18,2,"DE,PL",0.5801934437743788,0.586210205040962,FALSE,FALSE
bup_pin,ips_ami,detrended,11,0.2814585033626989,0.4017719689175968,0.5818181818181819,0.060419896215648354,2,1,1,DE,0.6113019286112833,0.15173633026884414,FALSE,FALSE
bup_pin,ips_cem,detrended,160,0.16874460904254857,0.032920290503414204,0.18093284893941167,0.02204301957703326,52,8,1,DE,0.1119289877116083,0.0727090645749903,FALSE,FALSE
bup_pin,ips_dup,detrended,0,NA,NA,NA,NA,0,0,0,,NA,NA,TRUE,FALSE
bup_pin,ips_sex,detrended,114,0.3038461208053272,0.0010144145740170337,0.21793402320730648,0.01984176931355115,34,6,1,DE,0.008078761111991512,0.0672035405102652,FALSE,FALSE
bup_pin,ips_typ,detrended,328,0.2321488506473312,2.17136916481834e-5,0.268242013029985,8.215865609971946e-7,159,22,2,"DE,PL",3.621679889998892e-4,1.1173577229561846e-5,FALSE,FALSE
bup_pin,lym_dis,detrended,140,0.330794633909918,6.554576315678393e-5,0.27866436334215305,8.562713062037553e-4,22,7,1,DE,8.779159792514696e-4,0.005149277786966801,FALSE,FALSE
bup_pin,lym_mon,detrended,320,0.22280484936642955,5.802252076489539e-5,0.19817918143731875,3.6150011686840135e-4,131,22,2,"DE,PL",0.00080143606806511755,0.0025162685300131244,FALSE,FALSE
bup_pin,mel_spp,detrended,308,0.1453371679282038,0.010653613573545904,0.1191855486469825,0.03655940446814796,118,21,2,"DE,PL",0.04804997142354378,0.1026083462777306,FALSE,FALSE
bup_pin,neo_ser,detrended,18,-0.21815249626152297,0.38449698877098326,-0.24664602683178535,0.32380881293776353,3,2,1,DE,0.5959779191374346,0.5097103249780016,FALSE,FALSE
bup_pin,ope_spp,detrended,120,0.1588511586814892,0.08310726266973245,0.1998055420515313,0.028672306934399937,13,6,1,DE,0.22262672787891966,0.08800805322919981,FALSE,FALSE
bup_pin,pan_fla,detrended,238,0.25016915701162756,9.567026504471011e-5,0.2872831564700452,6.669880233181216e-6,92,20,2,"DE,PL",0.0012081787757074818,7.657368994976877e-5,FALSE,FALSE
bup_pin,pha_cya,detrended,328,0.18947455415926126,5.611473085519951e-4,0.2114464997303273,1.1405919657359642e-4,156,22,2,"DE,PL",0.00486327667411729,9.379137856204587e-4,FALSE,FALSE
bup_pin,pis_pin,detrended,120,0.14987635388917375,0.10228592160285384,0.21002152927286613,0.021316534600941087,31,6,1,DE,0.2525719404941978,0.07110874183861103,FALSE,FALSE
bup_pin,pit_bid,detrended,80,0.0621560155089483,0.58388372188468,0.07400375058602907,0.5141511472744313,26,4,1,DE,0.7677504869280551,0.6900065086290584,FALSE,FALSE
bup_pin,pit_cha,detrended,160,0.3157780775960057,4.7506681122417435e-5,0.34134829485526774,9.99361048781377e-6,55,8,1,DE,6.77353324390597e-4,1.0906607001515275e-4,FALSE,FALSE
bup_pin,pit_spp,detrended,38,0.08561413886752646,0.6093012635558306,0.16686727213043,0.3166720773266472,4,2,1,DE,0.7831880157389877,0.5034858207855326,FALSE,FALSE
bup_pin,pol_pol,detrended,0,NA,NA,NA,NA,0,0,0,,NA,NA,TRUE,FALSE
bup_pin,pri_abi,detrended,133,-0.026727175618440326,0.7600783816367558,-0.05885473520980198,0.5009965176858466,18,7,1,DE,0.8911110738339039,0.6820885079427143,FALSE,FALSE
bup_pin,sap_car,detrended,0,NA,NA,NA,NA,0,0,0,,NA,NA,TRUE,FALSE
bup_pin,sco_int,detrended,95,-0.009681021468437327,0.9258146265015753,0.04251119820828668,0.6825046777754595,20,5,1,DE,0.9896253081346947,0.805519539590796,FALSE,FALSE
bup_pin,sco_rat,detrended,57,0.017421311899476745,0.8976553530697602,0.06572465646875812,0.6271496020741543,17,3,1,DE,0.9710447775956647,0.7646899975635205,FALSE,FALSE
bup_pin,sco_sco,detrended,51,-0.091349872403553245,0.5237792176723772,0.028144796380090494,0.8445710837532602,13,3,1,DE,0.7156427023529852,0.9183282140687354,FALSE,FALSE
bup_pin,tet_gab,detrended,120,0.28243888226340197,0.0017752105374749287,0.2407458851309118,0.00807993326913106,27,6,1,DE,0.012863000943670794,0.03306787504588823,FALSE,FALSE
bup_pin,tet_spp,detrended,100,0.08350943796298739,0.40878174887935637,0.04610861086108611,0.6487268977898684,14,5,1,DE,0.6198337324345644,0.7781201867655952,FALSE,FALSE
bup_pin,tha_pit,detrended,8,0.5188424133765618,0.1876596337608644,0.2619047619047619,0.5309228615658013,3,1,1,DE,0.38048421157019297,0.7078971487544017,TRUE,FALSE
bup_pin,tha_pro,detrended,140,0.10020740615205442,0.23879356452438277,0.13041044368152896,0.12459495191559199,27,7,1,DE,0.4453449599990599,0.26224270831757934,FALSE,FALSE
bup_pin,tom_spp,detrended,292,-0.009034975403506092,0.8778221210722424,0.022249127960079683,0.7049779521379218,106,19,2,"DE,PL",0.9573932603840585,0.824339298531644,FALSE,FALSE
bup_pin,tor_vir,detrended,280,-0.009189398556179673,0.8783325047188592,0.005929011485204803,0.921322170253195,93,21,2,"DE,PL",0.9573932603840585,0.9627054355837167,FALSE,FALSE
bup_pin,uro_sir_spp,detrended,20,0.4713850427480828,0.035896708010695215,0.28721804511278193,0.21950431346270236,4,2,1,DE,0.1188490257732381,0.39121333286497756,FALSE,FALSE
bup_pin,xyl_lin,detrended,140,0.1434397990476247,0.0908862599360005,0.08929610111303056,0.2940903470518887,44,7,1,DE,0.23561130141766698,0.4778968139593191,FALSE,FALSE
bup_pin,xyl_spp,detrended,152,0.2194864173078225,0.006589977691369577,0.2815868069081937,4.408077203051571e-4,45,8,1,DE,0.03388406262979738,0.0029298798853365326,FALSE,FALSE
bup_pin,zei_gri,detrended,4,0.669610509736861,0.3303894902631389,0.8,0.19999999999999987,1,1,1,DE,0.5479630570217914,0.36833333333333307,TRUE,FALSE
cep_spp,clo_ana,detrended,0,NA,NA,NA,NA,0,0,0,,NA,NA,TRUE,FALSE
cep_spp,den_mic,detrended,0,NA,NA,NA,NA,0,0,0,,NA,NA,TRUE,FALSE
cep_spp,den_pin,detrended,0,NA,NA,NA,NA,0,0,0,,NA,NA,TRUE,FALSE
cep_spp,dip_sp,detrended,0,NA,NA,NA,NA,0,0,0,,NA,NA,TRUE,FALSE
cep_spp,era_def,detrended,0,NA,NA,NA,NA,0,0,0,,NA,NA,TRUE,FALSE
cep_spp,geo_db,detrended,0,NA,NA,NA,NA,0,0,0,,NA,NA,TRUE,FALSE
cep_spp,ips_acu,detrended,161,0.035391712880723236,0.6558059567184144,0.02099436392914654,0.7915163279608134,92,7,1,CZ,0.8225441165011598,0.8805607304162493,FALSE,FALSE
cep_spp,ips_ami,detrended,0,NA,NA,NA,NA,0,0,0,,NA,NA,TRUE,FALSE
cep_spp,ips_cem,detrended,0,NA,NA,NA,NA,0,0,0,,NA,NA,TRUE,FALSE
cep_spp,ips_dup,detrended,161,0.06364392435061994,0.4225112385355324,0.027398205659075223,0.7300941853888712,91,7,1,CZ,0.6258620737783664,0.8375328261693233,FALSE,FALSE
cep_spp,ips_sex,detrended,161,0.024091181328255398,0.7616269385668017,0.024643432252127905,0.756332222210155,88,7,1,CZ,0.8911110738339039,0.8593800571128238,FALSE,FALSE
cep_spp,ips_typ,detrended,0,NA,NA,NA,NA,0,0,0,,NA,NA,TRUE,FALSE
cep_spp,lym_dis,detrended,25,0.16196651773614684,0.43922624037046976,0.21153846153846156,0.310063378832208,7,5,1,CZ,0.6431098333875035,0.4947581712773861,FALSE,FALSE
cep_spp,lym_mon,detrended,138,-0.016745537225798284,0.8454400188406015,-0.01417615510891826,0.8689238035594901,65,6,1,CZ,0.9434008628369229,0.9308003585856114,FALSE,FALSE
cep_spp,mel_spp,detrended,0,NA,NA,NA,NA,0,0,0,,NA,NA,TRUE,FALSE
cep_spp,neo_ser,detrended,0,NA,NA,NA,NA,0,0,0,,NA,NA,TRUE,FALSE
cep_spp,ope_spp,detrended,0,NA,NA,NA,NA,0,0,0,,NA,NA,TRUE,FALSE
cep_spp,pan_fla,detrended,0,NA,NA,NA,NA,0,0,0,,NA,NA,TRUE,FALSE
cep_spp,pha_cya,detrended,161,0.024598576632912837,0.7567618574814771,0.045295606165171386,0.5683036977111755,86,7,1,CZ,0.8895977154436512,0.7312670578990963,FALSE,FALSE
cep_spp,pis_pin,detrended,0,NA,NA,NA,NA,0,0,0,,NA,NA,TRUE,FALSE
cep_spp,pit_bid,detrended,0,NA,NA,NA,NA,0,0,0,,NA,NA,TRUE,FALSE
cep_spp,pit_cha,detrended,0,NA,NA,NA,NA,0,0,0,,NA,NA,TRUE,FALSE
cep_spp,pit_spp,detrended,161,8.806880847891227e-4,0.9911535488883194,0.0017857142857142857,0.9820637556420588,76,7,1,CZ,0.9999999999999942,0.994437983949118,FALSE,FALSE
cep_spp,pol_pol,detrended,161,0.006146272231024557,0.938320841955567,-0.058313204508856686,0.46247842517021975,84,7,1,CZ,0.9945750890752053,0.6438282328353925,FALSE,FALSE
cep_spp,pri_abi,detrended,138,0.15020107579304395,0.07867890863985609,0.1496818413247821,0.07972995548504772,73,6,1,CZ,0.21667338080259432,0.18795008173008582,FALSE,FALSE
cep_spp,sap_car,detrended,0,NA,NA,NA,NA,0,0,0,,NA,NA,TRUE,FALSE
cep_spp,sco_int,detrended,147,-0.06744654484936631,0.4169696796604623,-0.0034945485043332406,0.9664926585829946,55,7,1,CZ,0.6251274697135977,0.9843081914601004,FALSE,FALSE
cep_spp,sco_rat,detrended,147,-0.10988896829123782,0.18517931061150938,-0.09485526902356649,0.2531133407516602,44,7,1,CZ,0.37718550825017116,0.4285567769074085,FALSE,FALSE
cep_spp,sco_sco,detrended,0,NA,NA,NA,NA,0,0,0,,NA,NA,TRUE,FALSE
cep_spp,tet_gab,detrended,0,NA,NA,NA,NA,0,0,0,,NA,NA,TRUE,FALSE
cep_spp,tet_spp,detrended,0,NA,NA,NA,NA,0,0,0,,NA,NA,TRUE,FALSE
cep_spp,tha_pit,detrended,0,NA,NA,NA,NA,0,0,0,,NA,NA,TRUE,FALSE
cep_spp,tha_pro,detrended,0,NA,NA,NA,NA,0,0,0,,NA,NA,TRUE,FALSE
cep_spp,tom_spp,detrended,161,0.03426334854799655,0.6661104067440797,0.10805728088336784,0.1724390732244162,94,7,1,CZ,0.8294124900223299,0.33724809896102637,FALSE,FALSE
cep_spp,tor_vir,detrended,0,NA,NA,NA,NA,0,0,0,,NA,NA,TRUE,FALSE
cep_spp,uro_sir_spp,detrended,0,NA,NA,NA,NA,0,0,0,,NA,NA,TRUE,FALSE
cep_spp,xyl_lin,detrended,0,NA,NA,NA,NA,0,0,0,,NA,NA,TRUE,FALSE
cep_spp,xyl_spp,detrended,0,NA,NA,NA,NA,0,0,0,,NA,NA,TRUE,FALSE
cep_spp,zei_gri,detrended,133,0.06335045042750531,0.4688049865453028,0.02185246018710276,0.8028457984066197,53,7,1,CZ,0.6716752157310335,0.8838302438249711,FALSE,FALSE
clo_ana,den_mic,detrended,0,NA,NA,NA,NA,0,0,0,,NA,NA,TRUE,FALSE
clo_ana,den_pin,detrended,0,NA,NA,NA,NA,0,0,0,,NA,NA,TRUE,FALSE
clo_ana,dip_sp,detrended,0,NA,NA,NA,NA,0,0,0,,NA,NA,TRUE,FALSE
clo_ana,era_def,detrended,0,NA,NA,NA,NA,0,0,0,,NA,NA,TRUE,FALSE
clo_ana,geo_db,detrended,1,NA,NA,NA,NA,1,1,1,RO,NA,NA,TRUE,FALSE
clo_ana,ips_acu,detrended,0,NA,NA,NA,NA,0,0,0,,NA,NA,TRUE,FALSE
clo_ana,ips_ami,detrended,0,NA,NA,NA,NA,0,0,0,,NA,NA,TRUE,FALSE
clo_ana,ips_cem,detrended,0,NA,NA,NA,NA,0,0,0,,NA,NA,TRUE,FALSE
clo_ana,ips_dup,detrended,3,NA,NA,NA,NA,3,1,1,RO,NA,NA,TRUE,FALSE
clo_ana,ips_sex,detrended,0,NA,NA,NA,NA,0,0,0,,NA,NA,TRUE,FALSE
clo_ana,ips_typ,detrended,3,NA,NA,NA,NA,3,1,1,RO,NA,NA,TRUE,FALSE
clo_ana,lym_dis,detrended,4,-0.6104450056856773,0.3895549943143227,-1,0,4,1,1,RO,0.5988984608241066,0,TRUE,FALSE
clo_ana,lym_mon,detrended,0,NA,NA,NA,NA,0,0,0,,NA,NA,TRUE,FALSE
clo_ana,mel_spp,detrended,0,NA,NA,NA,NA,0,0,0,,NA,NA,TRUE,FALSE
clo_ana,neo_ser,detrended,0,NA,NA,NA,NA,0,0,0,,NA,NA,TRUE,FALSE
clo_ana,ope_spp,detrended,0,NA,NA,NA,NA,0,0,0,,NA,NA,TRUE,FALSE
clo_ana,pan_fla,detrended,0,NA,NA,NA,NA,0,0,0,,NA,NA,TRUE,FALSE
clo_ana,pha_cya,detrended,0,NA,NA,NA,NA,0,0,0,,NA,NA,TRUE,FALSE
clo_ana,pis_pin,detrended,0,NA,NA,NA,NA,0,0,0,,NA,NA,TRUE,FALSE
clo_ana,pit_bid,detrended,0,NA,NA,NA,NA,0,0,0,,NA,NA,TRUE,FALSE
clo_ana,pit_cha,detrended,0,NA,NA,NA,NA,0,0,0,,NA,NA,TRUE,FALSE
clo_ana,pit_spp,detrended,0,NA,NA,NA,NA,0,0,0,,NA,NA,TRUE,FALSE
clo_ana,pol_pol,detrended,0,NA,NA,NA,NA,0,0,0,,NA,NA,TRUE,FALSE
clo_ana,pri_abi,detrended,0,NA,NA,NA,NA,0,0,0,,NA,NA,TRUE,FALSE
clo_ana,sap_car,detrended,0,NA,NA,NA,NA,0,0,0,,NA,NA,TRUE,FALSE
clo_ana,sco_int,detrended,0,NA,NA,NA,NA,0,0,0,,NA,NA,TRUE,FALSE
clo_ana,sco_rat,detrended,0,NA,NA,NA,NA,0,0,0,,NA,NA,TRUE,FALSE
clo_ana,sco_sco,detrended,0,NA,NA,NA,NA,0,0,0,,NA,NA,TRUE,FALSE
clo_ana,tet_gab,detrended,0,NA,NA,NA,NA,0,0,0,,NA,NA,TRUE,FALSE
clo_ana,tet_spp,detrended,0,NA,NA,NA,NA,0,0,0,,NA,NA,TRUE,FALSE
clo_ana,tha_pit,detrended,0,NA,NA,NA,NA,0,0,0,,NA,NA,TRUE,FALSE
clo_ana,tha_pro,detrended,0,NA,NA,NA,NA,0,0,0,,NA,NA,TRUE,FALSE
clo_ana,tom_spp,detrended,0,NA,NA,NA,NA,0,0,0,,NA,NA,TRUE,FALSE
clo_ana,tor_vir,detrended,2,NA,NA,NA,NA,2,1,1,RO,NA,NA,TRUE,FALSE
clo_ana,uro_sir_spp,detrended,0,NA,NA,NA,NA,0,0,0,,NA,NA,TRUE,FALSE
clo_ana,xyl_lin,detrended,0,NA,NA,NA,NA,0,0,0,,NA,NA,TRUE,FALSE
clo_ana,xyl_spp,detrended,0,NA,NA,NA,NA,0,0,0,,NA,NA,TRUE,FALSE
clo_ana,zei_gri,detrended,0,NA,NA,NA,NA,0,0,0,,NA,NA,TRUE,FALSE
den_mic,den_pin,detrended,3,NA,NA,NA,NA,3,1,1,LT,NA,NA,TRUE,FALSE
den_mic,dip_sp,detrended,1,NA,NA,NA,NA,1,1,1,LT,NA,NA,TRUE,FALSE
den_mic,era_def,detrended,0,NA,NA,NA,NA,0,0,0,,NA,NA,TRUE,FALSE
den_mic,geo_db,detrended,0,NA,NA,NA,NA,0,0,0,,NA,NA,TRUE,FALSE
den_mic,ips_acu,detrended,5,-0.24764111418038884,0.6879466094478321,0.09999999999999998,0.8728885715695383,5,1,1,LT,0.8395551971589237,0.9308003585856114,TRUE,FALSE
den_mic,ips_ami,detrended,0,NA,NA,NA,NA,0,0,0,,NA,NA,TRUE,FALSE
den_mic,ips_cem,detrended,0,NA,NA,NA,NA,0,0,0,,NA,NA,TRUE,FALSE
den_mic,ips_dup,detrended,0,NA,NA,NA,NA,0,0,0,,NA,NA,TRUE,FALSE
den_mic,ips_sex,detrended,0,NA,NA,NA,NA,0,0,0,,NA,NA,TRUE,FALSE
den_mic,ips_typ,detrended,5,-0.12292150036994015,0.8438865156320907,0.29999999999999993,0.623837664781073,5,1,1,LT,0.9434008628369229,0.7617023420807578,TRUE,FALSE
den_mic,lym_dis,detrended,3,NA,NA,NA,NA,3,1,1,LT,NA,NA,TRUE,FALSE
den_mic,lym_mon,detrended,1,NA,NA,NA,NA,1,1,1,LT,NA,NA,TRUE,FALSE
den_mic,mel_spp,detrended,0,NA,NA,NA,NA,0,0,0,,NA,NA,TRUE,FALSE
den_mic,neo_ser,detrended,0,NA,NA,NA,NA,0,0,0,,NA,NA,TRUE,FALSE
den_mic,ope_spp,detrended,0,NA,NA,NA,NA,0,0,0,,NA,NA,TRUE,FALSE
den_mic,pan_fla,detrended,1,NA,NA,NA,NA,1,1,1,LT,NA,NA,TRUE,FALSE
den_mic,pha_cya,detrended,0,NA,NA,NA,NA,0,0,0,,NA,NA,TRUE,FALSE
den_mic,pis_pin,detrended,5,0.8015289140180323,0.10292202210693922,0.6999999999999998,0.18812040437418734,5,1,1,LT,0.2527307431737063,0.35609943783036746,TRUE,FALSE
den_mic,pit_bid,detrended,0,NA,NA,NA,NA,0,0,0,,NA,NA,TRUE,FALSE
den_mic,pit_cha,detrended,5,0.6471245556804694,0.23786152270297486,0.6999999999999998,0.18812040437418734,5,1,1,LT,0.4453449599990599,0.35609943783036746,TRUE,FALSE
den_mic,pit_spp,detrended,0,NA,NA,NA,NA,0,0,0,,NA,NA,TRUE,FALSE
den_mic,pol_pol,detrended,4,0.5130191781189669,0.4869808218810331,0.4,0.5999999999999999,4,1,1,LT,0.6844054794003709,0.746918415406374,TRUE,FALSE
den_mic,pri_abi,detrended,0,NA,NA,NA,NA,0,0,0,,NA,NA,TRUE,FALSE
den_mic,sap_car,detrended,0,NA,NA,NA,NA,0,0,0,,NA,NA,TRUE,FALSE
den_mic,sco_int,detrended,0,NA,NA,NA,NA,0,0,0,,NA,NA,TRUE,FALSE
den_mic,sco_rat,detrended,2,NA,NA,NA,NA,2,1,1,LT,NA,NA,TRUE,FALSE
den_mic,sco_sco,detrended,0,NA,NA,NA,NA,0,0,0,,NA,NA,TRUE,FALSE
den_mic,tet_gab,detrended,0,NA,NA,NA,NA,0,0,0,,NA,NA,TRUE,FALSE
den_mic,tet_spp,detrended,0,NA,NA,NA,NA,0,0,0,,NA,NA,TRUE,FALSE
den_mic,tha_pit,detrended,0,NA,NA,NA,NA,0,0,0,,NA,NA,TRUE,FALSE
den_mic,tha_pro,detrended,0,NA,NA,NA,NA,0,0,0,,NA,NA,TRUE,FALSE
den_mic,tom_spp,detrended,5,0.2555040484659592,0.6782572212805649,0.3999999999999999,0.504631575468691,5,1,1,LT,0.8350687794039267,0.6841937311569368,TRUE,FALSE
den_mic,tor_vir,detrended,4,0.7770110380677157,0.22298896193228432,0.8,0.19999999999999987,4,1,1,LT,0.4332356974684381,0.36833333333333307,TRUE,FALSE
den_mic,uro_sir_spp,detrended,0,NA,NA,NA,NA,0,0,0,,NA,NA,TRUE,FALSE
den_mic,xyl_lin,detrended,0,NA,NA,NA,NA,0,0,0,,NA,NA,TRUE,FALSE
den_mic,xyl_spp,detrended,0,NA,NA,NA,NA,0,0,0,,NA,NA,TRUE,FALSE
den_mic,zei_gri,detrended,0,NA,NA,NA,NA,0,0,0,,NA,NA,TRUE,FALSE
den_pin,dip_sp,detrended,381,0.20899706539010188,3.930128993576536e-5,0.2041761141113905,5.953816905331419e-5,146,20,3,"DE,LT,PL",5.790390050536096e-4,5.370585861543852e-4,FALSE,FALSE
den_pin,era_def,detrended,75,0.033943168846382474,0.7725029406450106,0.04019914651493598,0.7320303019002059,13,5,1,DE,0.8947449886000799,0.8375328261693233,FALSE,FALSE
den_pin,geo_db,detrended,362,0.15149177902806443,0.003864064163749131,0.15311169211337697,0.003496819555648648,117,19,3,"DE,LT,PL",0.023079950815906972,0.01679993743039894,FALSE,FALSE
den_pin,ips_acu,detrended,189,0.007992551171613719,0.9130817587175232,-0.02558523969498214,0.7267419782598845,51,18,3,"DE,LT,PL",0.9819516723920809,0.8375328261693233,FALSE,FALSE
den_pin,ips_ami,detrended,9,0.1588912371674568,0.6830423196194941,0.5833333333333334,0.09918581647988328,2,1,1,DE,0.8374610409759123,0.21919928741053313,TRUE,FALSE
den_pin,ips_cem,detrended,100,0.18601761475326814,0.06388277100552277,0.287956795679568,0.0036705934233606814,33,5,1,DE,0.184550227349288,0.017539484250004553,FALSE,FALSE
den_pin,ips_dup,detrended,0,NA,NA,NA,NA,0,0,0,,NA,NA,TRUE,FALSE
den_pin,ips_sex,detrended,95,-0.03415256945319979,0.7424828258007421,0.035764277715565514,0.7307842515840242,29,5,1,DE,0.8774797032190589,0.8375328261693233,FALSE,FALSE
den_pin,ips_typ,detrended,385,0.1039829759964071,0.041431076155771886,0.08287800282618936,0.10444187529672895,176,20,3,"DE,LT,PL",0.1312726570670335,0.22796695743779852,FALSE,FALSE
den_pin,lym_dis,detrended,84,0.3111361613856346,0.003967299742327301,0.25554318112787283,0.01897126148072877,13,5,2,"DE,LT",0.023380619814782226,0.06500230677893112,FALSE,FALSE
den_pin,lym_mon,detrended,377,0.3556681306534512,1.1035218596612129e-12,0.3629016292259139,3.5348348896237173e-13,155,21,3,"DE,LT,PL",9.755133239405122e-11,2.6039950353561387e-11,FALSE,FALSE
den_pin,mel_spp,detrended,360,0.010321444519884931,0.845267875815328,0.04266082300017747,0.4196753426598223,138,18,2,"DE,PL",0.9434008628369229,0.6032406551402975,FALSE,FALSE
den_pin,neo_ser,detrended,20,-0.07194617885452033,0.763089460285368,0.13984962406015036,0.5564935505662204,1,2,1,DE,0.8911110738339039,0.7202639805278753,FALSE,FALSE
den_pin,ope_spp,detrended,72,0.34988093266766473,0.0025891670613003375,0.4460093896713616,8.618451926463266e-5,7,4,1,DE,0.01670674220576276,7.325684137493776e-4,FALSE,FALSE
den_pin,pan_fla,detrended,315,0.2583034177902192,3.3962445604814853e-6,0.1966079635111321,4.482905338419367e-4,98,19,3,"DE,LT,PL",7.505700478664083e-5,0.002951969599762209,FALSE,FALSE
den_pin,pha_cya,detrended,381,-0.042263912254090465,0.41072661181365366,-0.13806714502379128,0.0069538605596452955,172,20,3,"DE,LT,PL",0.6212169850562269,0.02979699131086759,FALSE,FALSE
den_pin,pis_pin,detrended,105,-0.07012931144162862,0.47715524711222057,-0.045448890731909594,0.6452465299771701,27,6,2,"DE,LT",0.679235488642839,0.7758791440978028,FALSE,FALSE
den_pin,pit_bid,detrended,80,0.00545461416716516,0.961700260623043,0.1550632911392405,0.1696208416226859,28,4,1,DE,0.9999999999999942,0.33428202275113444,FALSE,FALSE
den_pin,pit_cha,detrended,105,0.2902506325398961,0.002668755010216091,0.35158614969935725,2.3534563632002288e-4,38,6,2,"DE,LT",0.017095503108920468,0.001719384648817357,FALSE,FALSE
den_pin,pit_spp,detrended,0,NA,NA,NA,NA,0,0,0,,NA,NA,TRUE,FALSE
den_pin,pol_pol,detrended,5,0.062259175520196226,0.9207803971954138,-0.09999999999999998,0.8728885715695381,5,1,1,LT,0.9878275134960507,0.9308003585856114,TRUE,FALSE
den_pin,pri_abi,detrended,95,-0.14882025203561386,0.1500523470077913,-0.0791013437849944,0.44607605970043596,9,5,1,DE,0.3330826553317663,0.6295014601974094,FALSE,FALSE
den_pin,sap_car,detrended,0,NA,NA,NA,NA,0,0,0,,NA,NA,TRUE,FALSE
den_pin,sco_int,detrended,76,3.371479209988943e-4,0.9976937379721116,-0.008421052631578947,0.94244465213207,19,4,1,DE,0.9999999999999942,0.9732722809401283,FALSE,FALSE
den_pin,sco_rat,detrended,59,0.13143687442831092,0.3210522394105159,0.20163646990064296,0.12566117720376987,23,4,2,"DE,LT",0.541622480226901,0.26385862386729825,FALSE,FALSE
den_pin,sco_sco,detrended,45,0.30723111139861864,0.0400805083628605,0.24624505928853752,0.1029754796985896,14,3,1,DE,0.12897616293780906,0.2258816974033578,FALSE,FALSE
den_pin,tet_gab,detrended,100,-0.09422203940549427,0.3511035536806074,-0.020030003000300032,0.843200300897688,10,5,1,DE,0.572395063180204,0.917974519875254,FALSE,FALSE
den_pin,tet_spp,detrended,40,-0.0980279813245151,0.5473232615276218,-0.1339587242026266,0.4098897944539738,3,2,1,DE,0.7341938743405427,0.596939997194914,FALSE,FALSE
den_pin,tha_pit,detrended,9,-0.010849572781582889,0.9778995998479977,0.13333333333333333,0.7323675052362975,7,1,1,DE,0.9999999999999942,0.8375328261693233,TRUE,FALSE
den_pin,tha_pro,detrended,80,0.3183135773317248,0.004008098306591538,0.3564932020628223,0.0011714902976469592,16,4,1,DE,0.023464628496867014,0.006681273697547819,FALSE,FALSE
den_pin,tom_spp,detrended,325,-0.05176567731412869,0.35224311580320244,-0.02467725866498872,0.6576000920411996,93,17,3,"DE,LT,PL",0.572395063180204,0.7845053729614311,FALSE,FALSE
den_pin,tor_vir,detrended,357,0.12129709679703311,0.02188986323460647,0.1205416320065155,0.022733048026596897,112,20,3,"DE,LT,PL",0.08164826624216084,0.07435283918727031,FALSE,FALSE
den_pin,uro_sir_spp,detrended,9,0.2848442800887794,0.45753622456536525,0.43333333333333335,0.2439524358800516,1,1,1,DE,0.6623537435145838,0.42399555387903093,TRUE,FALSE
den_pin,xyl_lin,detrended,100,0.245197933068047,0.01393981549321902,0.3762016201620162,1.1458675208937731e-4,32,5,1,DE,0.05754813910125436,9.379137856204587e-4,FALSE,FALSE
den_pin,xyl_spp,detrended,95,0.29009978927001645,0.004348509586728607,0.32873740201567747,0.001143469584888525,30,5,1,DE,0.024961574510831745,0.006563812422347118,FALSE,FALSE
den_pin,zei_gri,detrended,4,5.94124507313802e-15,0.999999999999994,0,1,0,1,1,DE,0.9999999999999942,1,TRUE,FALSE
dip_sp,era_def,detrended,136,0.1636276981091834,0.05698227734489505,0.07502504651495634,0.3853487511577375,18,8,1,DE,0.17017680125975412,0.573481979837441,FALSE,FALSE
dip_sp,geo_db,detrended,482,-0.0686382557411168,0.13238041460024397,-0.08433206358517563,0.0643196771093043,155,24,3,"DE,LT,PL",0.3045518838193445,0.15794054045729167,FALSE,FALSE
dip_sp,ips_acu,detrended,284,-0.07218676663201264,0.22523287365156505,-0.05793062260488728,0.3306647792498877,70,23,3,"DE,LT,PL",0.4347289526375186,0.5173586988617712,FALSE,FALSE
dip_sp,ips_ami,detrended,11,-0.36354004201478457,0.2717740687435427,-0.13636363636363635,0.6893090205863622,2,1,1,DE,0.4873190198160076,0.81030475292333,FALSE,FALSE
dip_sp,ips_cem,detrended,207,0.22792440921418616,9.566075521588147e-4,0.25094165016073,2.652270336463432e-4,55,9,1,DE,0.00768764614643993,0.001875685581946939,FALSE,FALSE
dip_sp,ips_dup,detrended,0,NA,NA,NA,NA,0,0,0,,NA,NA,TRUE,FALSE
dip_sp,ips_sex,detrended,154,0.08965798455913529,0.2688174163167578,0.17254080517837636,0.03237051935796487,41,7,1,DE,0.48496856331431415,0.0957041441887657,FALSE,FALSE
dip_sp,ips_typ,detrended,635,0.0726715680592974,0.06723827641391843,0.045138014375784706,0.25604865393343873,308,31,4,"AT,DE,LT,PL",0.19050844983943555,0.43195994289534323,FALSE,FALSE
dip_sp,lym_dis,detrended,266,0.039740636130059785,0.5186986256706618,0.09326081793417187,0.1292204687598933,46,13,3,"AT,DE,LT",0.7142205375278271,0.27068932318423145,FALSE,FALSE
dip_sp,lym_mon,detrended,453,0.10170056309643376,0.030448409879211213,0.1009113415146409,0.03176730981525315,206,23,2,"DE,PL",0.10514216536415122,0.09455320497199929,FALSE,FALSE
dip_sp,mel_spp,detrended,504,0.03824949701285612,0.39151091481130695,0.05095227784635891,0.25354659991241474,212,24,2,"DE,PL",0.5998191485150699,0.4285567769074085,FALSE,FALSE
dip_sp,neo_ser,detrended,22,-0.09608325849235662,0.6705812761019094,0.017504234895539244,0.9383727661115466,4,2,1,DE,0.829418189657584,0.9726833559408847,FALSE,FALSE
dip_sp,ope_spp,detrended,147,0.23006797101069779,0.005057947495201942,0.2360841411722038,0.003992670225508242,12,7,1,DE,0.02794515991099073,0.01887444106603896,FALSE,FALSE
dip_sp,pan_fla,detrended,369,0.12951741662828362,0.012774187626985286,0.15424345342160825,0.002971563648544559,134,21,2,"DE,PL",0.054552569382874366,0.014513051189576744,FALSE,FALSE
dip_sp,pha_cya,detrended,632,0.03710710068492999,0.3516818120646841,0.02044805644800853,0.607886852593716,291,30,3,"AT,DE,PL",0.572395063180204,0.7515691995704125,FALSE,FALSE
dip_sp,pis_pin,detrended,163,-0.03708327576215085,0.6383795462091462,0.01242788501504647,0.8748873783877438,36,8,2,"DE,LT",0.8073355062215812,0.9318077620418862,FALSE,FALSE
dip_sp,pit_bid,detrended,115,0.20018142215591087,0.03195148923350158,0.24947526236881562,0.007171996261687474,34,5,1,DE,0.10905450379310963,0.030480984112171764,FALSE,FALSE
dip_sp,pit_cha,detrended,314,0.1671919221190065,0.0029608080023556483,0.14488822736518142,0.010147402725929407,100,15,3,"AT,DE,LT",0.018401896572002953,0.04058961090371763,FALSE,FALSE
dip_sp,pit_spp,detrended,150,0.24858359382368386,0.002159713658530638,0.2094190852926797,0.010111925789897395,48,7,2,"AT,DE",0.014845579159333225,0.04058961090371763,FALSE,FALSE
dip_sp,pol_pol,detrended,3,NA,NA,NA,NA,3,1,1,LT,NA,NA,TRUE,FALSE
dip_sp,pri_abi,detrended,154,-0.010358228662651889,0.8985459593588843,0.013315590165685044,0.8698074226004374,15,7,1,DE,0.9710447775956647,0.9308003585856114,FALSE,FALSE
dip_sp,sap_car,detrended,0,NA,NA,NA,NA,0,0,0,,NA,NA,TRUE,FALSE
dip_sp,sco_int,detrended,132,-0.10326081892472048,0.23869885415293712,-0.10090110773115994,0.24965816342856362,27,6,1,DE,0.4453449599990599,0.4263724536192787,FALSE,FALSE
dip_sp,sco_rat,detrended,66,0.29144625508734545,0.017583416494494554,0.2765682079114915,0.024578439173717593,29,3,1,DE,0.0678765946774375,0.07815590010635379,FALSE,FALSE
dip_sp,sco_sco,detrended,68,-0.14232955912227,0.24693520890420795,-0.09840821468107035,0.42464388702433586,16,4,1,DE,0.4557217634056781,0.6093915521583002,FALSE,FALSE
dip_sp,tet_gab,detrended,245,0.02764528716356862,0.666769013719042,0.03491501358640218,0.5865258367435715,58,11,2,"AT,DE",0.8294124900223299,0.7417579966828572,FALSE,FALSE
dip_sp,tet_spp,detrended,138,0.12316599691782483,0.15009445112852327,0.07231460150825704,0.3992947561857265,12,6,1,DE,0.3330826553317663,0.5873154150884896,FALSE,FALSE
dip_sp,tha_pit,detrended,11,0.02549101318612573,0.9406965516710132,-0.02727272727272727,0.9365584481926121,11,1,1,DE,0.9947078369344207,0.9726833559408847,FALSE,FALSE
dip_sp,tha_pro,detrended,184,-0.07567195309037276,0.30728581123476106,-0.041368881354626186,0.5771384443444523,26,8,1,DE,0.5280305394038991,0.7351446466865933,FALSE,FALSE
dip_sp,tom_spp,detrended,574,0.027011567563541245,0.5183711300781614,0.08394631624115337,0.04439139043372096,186,28,4,"AT,DE,LT,PL",0.7142205375278271,0.12037419982640897,FALSE,FALSE
dip_sp,tor_vir,detrended,497,0.11180586580449728,0.012627988753476585,0.1437221267754213,0.0013149576261015706,163,26,3,"DE,LT,PL",0.054362197315026194,0.007310833594174769,FALSE,FALSE
dip_sp,uro_sir_spp,detrended,24,0.28862131760840565,0.1713793832476657,0.4921739130434782,0.014563449230153713,2,2,1,DE,0.3607127971212773,0.05276266032563886,FALSE,FALSE
dip_sp,xyl_lin,detrended,184,0.14952392405565582,0.04278302196050063,0.21742212633160599,0.003029706237394242,46,8,1,DE,0.13507211218958054,0.014715716010200603,FALSE,FALSE
dip_sp,xyl_spp,detrended,198,0.13043071273469875,0.06702083465626932,0.23245824569702847,9.82365554192286e-4,46,9,1,DE,0.1905029512416144,0.005719336004881435,FALSE,FALSE
dip_sp,zei_gri,detrended,4,-0.15371393186687785,0.8462860681331221,-0.8,0.19999999999999987,2,1,1,DE,0.9434008628369229,0.36833333333333307,TRUE,FALSE
era_def,geo_db,detrended,102,-0.24860494209277728,0.011751136139130444,-0.17290826741154983,0.08223178564867871,0,6,1,DE,0.051425764094016405,0.1926595144854635,FALSE,FALSE
era_def,ips_acu,detrended,102,-0.08096368412923435,0.41854698543669366,-0.08853215418629241,0.3762373623554036,10,6,1,DE,0.6258620737783664,0.5627645149275411,FALSE,FALSE
era_def,ips_ami,detrended,20,0.26590929566754673,0.2571461272537024,0.44661654135338347,0.048372833109266905,7,2,1,DE,0.4696635877939523,0.1268889746842491,FALSE,FALSE
era_def,ips_cem,detrended,170,0.05325335335595173,0.4903793382552961,0.035968270833714996,0.6414591889516927,35,10,1,DE,0.6880878333613996,0.7755565310260395,FALSE,FALSE
era_def,ips_dup,detrended,0,NA,NA,NA,NA,0,0,0,,NA,NA,TRUE,FALSE
era_def,ips_sex,detrended,119,0.04641408423473133,0.6161995448306892,0.12160660874519301,0.1876830114757354,17,7,1,DE,0.7879086122930344,0.35609943783036746,FALSE,FALSE
era_def,ips_typ,detrended,170,0.06972349650564018,0.36627325141749656,0.14331495288866095,0.06225878151864481,37,10,1,DE,0.5802608499158907,0.15503313482389297,FALSE,FALSE
era_def,lym_dis,detrended,136,-0.014129097977480388,0.8703141734628119,-0.0995133819951338,0.2490469662396865,11,8,1,DE,0.9533553027771076,0.4263724536192787,FALSE,FALSE
era_def,lym_mon,detrended,120,0.059920786265905294,0.5156189934813156,0.07058823529411763,0.4436060322527565,19,8,1,DE,0.7121987347460672,0.6293921394235056,FALSE,FALSE
era_def,mel_spp,detrended,136,-0.21156832102383494,0.013414472230362033,-0.3213014646247793,1.367138876956749e-4,14,8,1,DE,0.056334401211082505,0.0010986825156634238,FALSE,FALSE
era_def,neo_ser,detrended,8,-0.08992824359130318,0.8322914098785309,-0.1904761904761905,0.6514014957024816,0,1,1,DE,0.9372555494683074,0.7792136971596668,TRUE,FALSE
era_def,ope_spp,detrended,128,0.2255748150443563,0.010463045549864644,0.4032056857718367,2.3711066446928992e-6,15,8,1,DE,0.0475483231676938,2.9111920470951707e-5,FALSE,FALSE
era_def,pan_fla,detrended,55,-0.28157924599053896,0.03728521254164132,-0.20295815295815295,0.13724697789006432,7,5,1,DE,0.12232832795097812,0.2848035879221053,FALSE,FALSE
era_def,pha_cya,detrended,170,-0.013898924563801904,0.8572377762603545,0.08105348648335076,0.29337755568899326,32,10,1,DE,0.9508132926149979,0.4778968139593191,FALSE,FALSE
era_def,pis_pin,detrended,102,0.06395197027595974,0.5230980326387623,0.19873792062244489,0.04523754190699191,15,6,1,DE,0.7156427023529852,0.12155011260115758,FALSE,FALSE
era_def,pit_bid,detrended,68,0.31434371122844923,0.009037718661726818,0.23117150818796042,0.05786412615759597,15,4,1,DE,0.04272376094634496,0.14604969019225714,FALSE,FALSE
era_def,pit_cha,detrended,170,0.07024746419058976,0.3626735648911795,0.09719896678696395,0.20732425334936097,35,10,1,DE,0.5801934437743788,0.3763339629585936,FALSE,FALSE
era_def,pit_spp,detrended,64,0.09446256598784768,0.45780332272331525,-0.06597985347985348,0.6044578702012728,13,4,1,DE,0.6623537435145838,0.7494260270097128,FALSE,FALSE
era_def,pol_pol,detrended,0,NA,NA,NA,NA,0,0,0,,NA,NA,TRUE,FALSE
era_def,pri_abi,detrended,112,-0.003204997759468003,0.9732455010969632,-0.0783476270201934,0.4115809097467602,11,7,1,DE,0.9999999999999942,0.5974958131257206,FALSE,FALSE
era_def,sap_car,detrended,0,NA,NA,NA,NA,0,0,0,,NA,NA,TRUE,FALSE
era_def,sco_int,detrended,112,0.04865614915546299,0.6104343871539054,0.20340315030580522,0.03147561576072162,13,7,1,DE,0.7831988363484069,0.09427742763395557,FALSE,FALSE
era_def,sco_rat,detrended,32,0.02363667903852146,0.8978267095351038,0.12463343108504397,0.4967322967964647,13,2,1,DE,0.9710447775956647,0.6801523957011805,FALSE,FALSE
era_def,sco_sco,detrended,60,0.16679302575741964,0.2027557976219971,0.23806612948041128,0.06699707498331757,12,4,1,DE,0.4049930303771208,0.16360611681009044,FALSE,FALSE
era_def,tet_gab,detrended,153,0.12519728803384353,0.12307878069177032,0.1728016565477866,0.032678992033677745,15,9,1,DE,0.28783503209398137,0.09627338216870786,FALSE,FALSE
era_def,tet_spp,detrended,119,0.019163008762064455,0.8361221552201115,-0.007904856857997439,0.9320046622981942,11,7,1,DE,0.9379847528103787,0.9715708979617969,FALSE,FALSE
era_def,tha_pit,detrended,5,-0.27844093160202865,0.6501137792444294,0.09999999999999998,0.8728885715695383,3,1,1,DE,0.8198296445821335,0.9308003585856114,TRUE,FALSE
era_def,tha_pro,detrended,170,0.24158586924292863,0.0015045702264426123,0.18419648145773418,0.016193705647273866,25,10,1,DE,0.011271526103180248,0.05795642021129594,FALSE,FALSE
era_def,tom_spp,detrended,170,0.015829600660149903,0.8376636740050463,0.0949664450021678,0.2180007769766729,32,10,1,DE,0.9385230517369594,0.389318559287634,FALSE,FALSE
era_def,tor_vir,detrended,153,0.46980478815367155,8.980797588087292e-10,0.4789078310750137,3.802008032532407e-10,31,9,1,DE,5.6707321913351186e-8,1.600464333694594e-8,FALSE,FALSE
era_def,uro_sir_spp,detrended,21,-0.2555625091040556,0.2635170580602,-0.17402597402597403,0.45058523924842964,0,3,1,DE,0.47735467074839505,0.6342632985598914,FALSE,FALSE
era_def,xyl_lin,detrended,153,0.12862126989892603,0.11308024169965904,0.07851178749011567,0.3347135799873303,33,9,1,DE,0.26944186971023876,0.5207914422669482,FALSE,FALSE
era_def,xyl_spp,detrended,160,-0.006740162847003475,0.9325877097612045,0.019509551154341963,0.8065595255784783,26,10,1,DE,0.9920028525743406,0.886814204740516,FALSE,FALSE
era_def,zei_gri,detrended,0,NA,NA,NA,NA,0,0,0,,NA,NA,TRUE,FALSE
geo_db,ips_acu,detrended,261,-0.18374243443653096,0.0028861465367221624,-0.15593307280593408,0.011651292792792929,69,23,4,"BG,DE,LT,PL",0.018209573255580185,0.04537331642655925,FALSE,FALSE
geo_db,ips_ami,detrended,11,6.793199510183904e-15,0.9999999999999842,-0.5636363636363636,0.07095173447637536,0,1,1,DE,0.9999999999999942,0.17231135515691157,FALSE,FALSE
geo_db,ips_cem,detrended,161,-0.1727450029988459,0.028429343479511825,-0.2890441683919945,2.002690789449873e-4,46,7,1,DE,0.09972833188844625,0.001539459702498859,FALSE,FALSE
geo_db,ips_dup,detrended,4,-0.6901680385415188,0.30983196145848124,-0.4,0.6000000000000001,4,1,1,RO,0.5280305394038991,0.746918415406374,TRUE,FALSE
geo_db,ips_sex,detrended,142,-0.29540460415242814,3.5830828106036855e-4,-0.3800302185078931,3.089358762839345e-6,43,7,2,"BG,DE",0.003519383560637398,3.741086501849289e-5,FALSE,FALSE
geo_db,ips_typ,detrended,557,-0.07790255212803059,0.0661761329592234,-0.11341875708907592,0.007375066779743033,308,28,6,"BG,DE,HR,LT,PL,RO",0.18872753628222685,0.030898384044041903,FALSE,FALSE
geo_db,lym_dis,detrended,179,-0.1280534848038745,0.08758508530133782,-0.1786705166028498,0.016711717478951754,58,10,5,"BG,DE,HR,LT,RO",0.22906868463426816,0.05932995281684077,FALSE,FALSE
geo_db,lym_mon,detrended,415,0.10551116047697472,0.031638825754184766,0.09097275389182147,0.06409666365975697,176,21,2,"DE,PL",0.10840589909573384,0.1578313389282038,FALSE,FALSE
geo_db,mel_spp,detrended,478,-0.07071789451554858,0.12258694100119519,-0.07619824750244182,0.09611313367158754,198,23,2,"DE,PL",0.28744524096831975,0.21401513895638133,FALSE,FALSE
geo_db,neo_ser,detrended,21,0.1347453267594797,0.5603400010758592,0.18181818181818182,0.4302379324959028,15,2,2,"BG,DE",0.7482485814970689,0.6144270312219355,FALSE,FALSE
geo_db,ope_spp,detrended,126,-0.15031859897830033,0.09294446047040722,-0.2840494938132733,0.0012670800602328617,2,6,1,DE,0.23954199141644308,0.0071646214393664785,FALSE,FALSE
geo_db,pan_fla,detrended,341,-0.08613178096317536,0.11236847757507716,-0.050072481531584695,0.3566167866728793,113,19,2,"DE,PL",0.2684695518280222,0.5425976582079609,FALSE,FALSE
geo_db,pha_cya,detrended,504,-0.05635719991133655,0.20656096969449866,-0.1412110083487758,0.001481681957520364,241,25,3,"DE,LT,PL",0.4094168098877507,0.008035624849374244,FALSE,FALSE
geo_db,pis_pin,detrended,121,-0.2638213941501858,0.0034567727328628805,-0.2807139953935781,0.0018161342009452286,23,6,2,"DE,LT",0.02107439376448818,0.009558092864499119,FALSE,FALSE
geo_db,pit_bid,detrended,92,-0.31319857595898254,0.002366622714803564,-0.3114220982383675,0.002513291922741291,29,4,1,DE,0.015688624179256115,0.012619831979746721,FALSE,FALSE
geo_db,pit_cha,detrended,167,-0.14087051777443885,0.06939478545473846,-0.2208946994135653,0.004122001122530765,52,8,2,"DE,LT",0.19536621128021908,0.019382175491048915,FALSE,FALSE
geo_db,pit_spp,detrended,87,-0.07760507069997204,0.47494225461396866,-0.1521834220310563,0.15938217918517042,29,4,2,"DE,HR",0.678023114714021,0.3173284828821862,FALSE,FALSE
geo_db,pol_pol,detrended,6,0.6860283547947664,0.1323919121146687,0.7714285714285715,0.07239650145772594,6,1,1,LT,0.3045518838193445,0.17438285364749245,TRUE,FALSE
geo_db,pri_abi,detrended,132,-0.07080733102886363,0.4197874111009626,-0.18369135886211013,0.03500028893082767,20,6,1,DE,0.6258620737783664,0.10078259092785556,FALSE,FALSE
geo_db,sap_car,detrended,0,NA,NA,NA,NA,0,0,0,,NA,NA,TRUE,FALSE
geo_db,sco_int,detrended,110,0.051313783768742995,0.5944583265258403,-0.011527624371661068,0.9048589803079736,24,5,1,DE,0.7727958244835924,0.9556694606836902,FALSE,FALSE
geo_db,sco_rat,detrended,47,-0.15520126784936322,0.29755839992458466,-0.0431313598519889,0.7734498201071325,18,3,2,"DE,LT",0.5198451097496696,0.8709931732161849,FALSE,FALSE
geo_db,sco_sco,detrended,51,-0.14275847419084278,0.31762263394414836,0.008054298642533935,0.9552668434964733,3,3,1,DE,0.5378896712770636,0.9781787222568631,FALSE,FALSE
geo_db,tet_gab,detrended,115,-0.1464858785598442,0.1182492127774249,-0.11803045845498306,0.20900545862047398,10,5,1,DE,0.27875281092064963,0.37783399881492635,FALSE,FALSE
geo_db,tet_spp,detrended,115,-0.18661299149353472,0.045834116658479765,-0.19619663852284386,0.035600624064568764,3,5,1,DE,0.1426667574862539,0.10139022624163722,FALSE,FALSE
geo_db,tha_pit,detrended,44,-0.13549208770052396,0.38052304717547536,-0.1682875264270613,0.27484730699091664,34,3,3,"BG,DE,HR",0.5943151478853714,0.4558443140337154,FALSE,FALSE
geo_db,tha_pro,detrended,138,0.014462960873902118,0.8662963697978527,0.0015274356205292824,0.9858142770642422,11,6,1,DE,0.9517756347213351,0.9968922668529947,FALSE,FALSE
geo_db,tom_spp,detrended,447,-0.11385800007999894,0.016025928140199333,-0.16618571278091393,4.182582660233445e-4,141,22,3,"DE,LT,PL",0.06381495709881176,0.0028224450928598208,FALSE,FALSE
geo_db,tor_vir,detrended,497,0.15591291266474241,4.858337767280346e-4,0.1946655643147654,1.2383204764251e-5,202,27,5,"BG,DE,LT,PL,RO",0.004473719360703986,1.3188859050117932e-4,FALSE,FALSE
geo_db,uro_sir_spp,detrended,24,-0.20102636476134458,0.3462363046018192,-0.3113043478260869,0.13867554266987728,1,2,1,DE,0.5668016542000152,0.28709409770531974,FALSE,FALSE
geo_db,xyl_lin,detrended,161,-0.09092232130604272,0.25135547271000147,-0.009601449275362318,0.9037843047306435,39,7,1,DE,0.4619505984940568,0.9556694606836902,FALSE,FALSE
geo_db,xyl_spp,detrended,154,-0.1115128495652925,0.1685549965054086,-0.10479147670798525,0.19587375061815912,37,7,1,DE,0.3564655906956488,0.36833333333333307,FALSE,FALSE
geo_db,zei_gri,detrended,4,-0.3964743522005905,0.6035256477994094,-0.8,0.19999999999999987,2,1,1,DE,0.7788564564301867,0.36833333333333307,TRUE,FALSE
ips_acu,ips_ami,detrended,11,0.01602868874747652,0.9626930388712578,-0.3727272727272727,0.2589258736842223,1,1,1,DE,0.9999999999999942,0.4335046824561601,FALSE,FALSE
ips_acu,ips_cem,detrended,161,0.3309306591849706,1.8047978173560104e-5,0.37675695882217625,8.392686545767282e-7,58,7,1,DE,3.128316216750418e-4,1.1241113494633753e-5,FALSE,FALSE
ips_acu,ips_dup,detrended,205,0.25503951059455665,2.2381479953347596e-4,0.27544121129389476,6.409639097272185e-5,161,9,2,"CZ,SK",0.0024421913098935694,5.723354507059204e-4,FALSE,FALSE
ips_acu,ips_sex,detrended,331,0.4173855762326298,2.1950905117433347e-15,0.5180623620546454,3.974285297776132e-24,197,15,3,"BG,CZ,DE",2.4255750154763847e-13,7.026536406468202e-22,FALSE,FALSE
ips_acu,ips_typ,detrended,350,0.17604939427746272,9.40751937198083e-4,0.2765786776101962,1.45048863952726e-7,205,26,5,"BG,DE,LT,PL,SK",0.007629584518193628,2.465830687196342e-6,FALSE,FALSE
ips_acu,lym_dis,detrended,222,0.1608053874404218,0.01648273176841314,0.18088414896644914,0.006887709411300517,66,16,5,"BG,CZ,DE,LT,SK",0.06494153380673376,0.02979699131086759,FALSE,FALSE
ips_acu,lym_mon,detrended,360,0.22455966632203106,1.700628909003818e-5,0.2209703264171277,2.3322991604512905e-5,176,27,4,"CZ,DE,LT,PL",3.068073378692602e-4,2.2984317707906832e-4,FALSE,FALSE
ips_acu,mel_spp,detrended,266,0.015267433045052164,0.8042535052310209,0.02535350460101919,0.6806165356899232,92,22,2,"DE,PL",0.9167018348703471,0.8043649967244547,FALSE,FALSE
ips_acu,neo_ser,detrended,38,-0.1546352091299667,0.35393431051084434,-0.03206040048145311,0.8484624603426112,27,3,2,"BG,DE",0.5740879458561219,0.920295478457507,FALSE,FALSE
ips_acu,ope_spp,detrended,105,0.1428959190709627,0.14589261846473925,0.3888036491810076,4.152265858436691e-5,14,5,1,DE,0.32984418087680173,3.8235448113104533e-4,FALSE,FALSE
ips_acu,pan_fla,detrended,171,0.3215066934411687,1.8044478413901643e-5,0.28571771425828596,1.5179457031426377e-4,47,20,3,"DE,LT,PL",3.128316216750418e-4,0.001187490266883267,FALSE,FALSE
ips_acu,pha_cya,detrended,477,0.10951206601357613,0.016724697232621415,0.24960842472301145,3.2964088640646486e-8,251,32,4,"CZ,DE,LT,PL",0.06513053900280763,7.438338870790536e-7,FALSE,FALSE
ips_acu,pis_pin,detrended,156,0.2638903878506833,8.725618043822833e-4,0.39773988083008005,2.7248638328440585e-7,61,7,2,"DE,LT",0.007142079954388319,4.301392193275264e-6,FALSE,FALSE
ips_acu,pit_bid,detrended,115,0.5157248457141085,3.672073006349094e-9,0.44504063757594897,6.249833527787599e-7,46,5,1,DE,1.909477963301529e-7,8.760340303865713e-6,FALSE,FALSE
ips_acu,pit_cha,detrended,201,0.1801625046303265,0.010488600698755986,0.17268508940446284,0.014229809090518152,98,9,3,"DE,LT,SK",0.0475483231676938,0.052195648282232554,FALSE,FALSE
ips_acu,pit_spp,detrended,228,0.21518083690734058,0.0010766609543025466,0.3412856632279581,1.260520466223982e-7,121,10,2,"CZ,DE",0.008422728173481869,2.184902141454902e-6,FALSE,FALSE
ips_acu,pol_pol,detrended,202,0.2505186858904924,3.232017160633254e-4,0.24302158912310612,4.92241885404683e-4,147,9,2,"CZ,LT",0.003246708147727041,0.0031305167388326603,FALSE,FALSE
ips_acu,pri_abi,detrended,271,0.27656944957869384,3.7943720731176015e-6,0.3276059378240841,3.365764194927844e-8,115,12,2,"CZ,DE",8.18103637228283e-5,7.438338870790536e-7,FALSE,FALSE
ips_acu,sap_car,detrended,0,NA,NA,NA,NA,0,0,0,,NA,NA,TRUE,FALSE
ips_acu,sco_int,detrended,300,0.15930977725399725,0.005683728286886572,0.19070700785564285,9.00583822741609e-4,126,14,2,"CZ,DE",0.030636681741510546,0.00534306106915156,FALSE,FALSE
ips_acu,sco_rat,detrended,241,0.079212928098056,0.22048176648279094,0.08872209457837524,0.16978804096748795,111,12,3,"CZ,DE,LT",0.42930810918675594,0.33428202275113444,FALSE,FALSE
ips_acu,sco_sco,detrended,68,0.09037458089121546,0.4635993527796657,0.1579570179791579,0.19827156336868063,16,4,1,DE,0.6674622603537858,0.36833333333333307,FALSE,FALSE
ips_acu,tet_gab,detrended,138,0.24311795951328227,0.0040627161508213615,0.2330218338816728,0.005951223911971361,21,6,1,DE,0.023627901824513707,0.026570110798902438,FALSE,FALSE
ips_acu,tet_spp,detrended,115,0.001023779826660754,0.9913360365030184,0.03808885031168627,0.6861082948191184,6,5,1,DE,0.9999999999999942,0.8076427138773606,FALSE,FALSE
ips_acu,tha_pit,detrended,29,0.13928322123937964,0.47115941465873834,0.2827586206896551,0.13721430216343847,25,2,2,"BG,DE",0.67395618536945745,0.2848035879221053,FALSE,FALSE
ips_acu,tha_pro,detrended,138,-0.12395121087000087,0.1474928077048947,-0.04493491845685622,0.6007454675949456,19,6,1,DE,0.3320271778693559,0.746918415406374,FALSE,FALSE
ips_acu,tom_spp,detrended,466,0.18951854651058994,3.8295509704440505e-5,0.2697099824762736,3.2867283418219004e-9,229,29,4,"CZ,DE,LT,PL",5.73783569130939e-4,1.162187141668224e-7,FALSE,FALSE
ips_acu,tor_vir,detrended,312,0.06898497663299817,0.2243375868158749,0.048084924126344665,0.3973130749838415,102,25,4,"BG,DE,LT,PL",0.4339484173856311,0.586210205040962,FALSE,FALSE
ips_acu,uro_sir_spp,detrended,24,0.057155725365312604,0.7907986412774304,0.0626086956521739,0.7713343005112615,1,2,1,DE,0.9106577222848949,0.8702967381462332,FALSE,FALSE
ips_acu,xyl_lin,detrended,138,0.03617868793303513,0.6735539095380448,0.12174050033220012,0.15490576323023675,52,6,1,DE,0.83159449166429,0.3116919999279754,FALSE,FALSE
ips_acu,xyl_spp,detrended,154,-0.015016693345989766,0.8533510775107847,0.11413292589763178,0.15871019344371237,50,7,1,DE,0.9500785296215789,0.3167038623120581,FALSE,FALSE
ips_acu,zei_gri,detrended,137,-0.0342829109123811,0.6908429040956486,-0.08498702559411578,0.32343632035904357,69,8,2,"CZ,DE",0.8411916352900185,0.5097103249780016,FALSE,FALSE
ips_ami,ips_cem,detrended,22,0.038704478799994405,0.8642184624512316,0.23658949745906266,0.28911250012812845,6,2,1,DE,0.9517756347213351,0.4736441598665549,FALSE,FALSE
ips_ami,ips_dup,detrended,0,NA,NA,NA,NA,0,0,0,,NA,NA,TRUE,FALSE
ips_ami,ips_sex,detrended,11,-0.11638188327626155,0.7332770987519757,-0.20909090909090908,0.5372209352113234,2,1,1,DE,0.8707048275663305,0.7107171899058677,FALSE,FALSE
ips_ami,ips_typ,detrended,22,-0.0069273956408460406,0.9755917802660866,0.010728402032749858,0.9622067945199977,9,2,1,DE,0.9999999999999942,0.9822064738518221,FALSE,FALSE
ips_ami,lym_dis,detrended,11,-0.15347556384907088,0.652324162756232,-0.22727272727272727,0.501535667604937,0,1,1,DE,0.8213693983021543,0.6820885079427143,FALSE,FALSE
ips_ami,lym_mon,detrended,10,-0.7489669722102178,0.012668113853954069,-0.13939393939393938,0.7009318849100583,1,1,1,DE,0.054362197315026194,0.8206937566364126,FALSE,FALSE
ips_ami,mel_spp,detrended,11,-0.3600054379595249,0.2768107251055852,-0.6,0.05100326070695074,0,1,1,DE,0.4913668293038902,0.13260847783807195,FALSE,FALSE
ips_ami,neo_ser,detrended,0,NA,NA,NA,NA,0,0,0,,NA,NA,TRUE,FALSE
ips_ami,ope_spp,detrended,11,0.2824855135873137,0.39998273779079485,0.20909090909090908,0.5372209352113229,5,1,1,DE,0.6113019286112833,0.7107171899058677,FALSE,FALSE
ips_ami,pan_fla,detrended,8,0.07277848405896357,0.8640214346611736,-0.23809523809523814,0.5701563208157683,1,1,1,DE,0.9517756347213351,0.7314594232710178,TRUE,FALSE
ips_ami,pha_cya,detrended,22,-0.4807723311956878,0.02351423707086526,-0.1756070016939582,0.4343942806229536,2,2,1,DE,0.0858949816968797,0.6183648052668133,FALSE,FALSE
ips_ami,pis_pin,detrended,11,0.234892588070856,0.48689544934308526,0.5272727272727272,0.09556521835315433,2,1,1,DE,0.6844054794003709,0.21387253930174285,FALSE,FALSE
ips_ami,pit_bid,detrended,11,0.09056117815661033,0.7911596501298634,-0.08181818181818182,0.8109903943000459,2,1,1,DE,0.9106577222848949,0.8905782715046466,FALSE,FALSE
ips_ami,pit_cha,detrended,22,0.22063369326317375,0.3237962843096287,0.29305477131564084,0.1856373688940961,9,2,1,DE,0.5452112672946892,0.3552022383168419,FALSE,FALSE
ips_ami,pit_spp,detrended,0,NA,NA,NA,NA,0,0,0,,NA,NA,TRUE,FALSE
ips_ami,pol_pol,detrended,0,NA,NA,NA,NA,0,0,0,,NA,NA,TRUE,FALSE
ips_ami,pri_abi,detrended,11,0.029445964150976722,0.9315129327736291,0.10909090909090909,0.7495085962341482,1,1,1,DE,0.9920028525743406,0.8549233536399833,FALSE,FALSE
ips_ami,sap_car,detrended,0,NA,NA,NA,NA,0,0,0,,NA,NA,TRUE,FALSE
ips_ami,sco_int,detrended,20,0.23824118423708068,0.3117749532530354,0.17142857142857143,0.46988617281087497,3,2,1,DE,0.5300174205301601,0.6490302761950211,FALSE,FALSE
ips_ami,sco_rat,detrended,10,0.46582132734368636,0.17482498993081727,0.5636363636363636,0.08972402831709125,2,1,1,DE,0.3662133206754243,0.20389727771801713,FALSE,FALSE
ips_ami,sco_sco,detrended,22,0.31523540245850534,0.15299998602121573,0.2715979672501411,0.2214459028293146,5,2,1,DE,0.33559194170981965,0.3938796340062658,FALSE,FALSE
ips_ami,tet_gab,detrended,22,0.2531830773739902,0.2555967415536173,0.3020892151326933,0.17181616844364928,4,2,1,DE,0.4678002474811546,0.33677492883411525,FALSE,FALSE
ips_ami,tet_spp,detrended,22,-0.19847775541975926,0.37590959726979123,0.0016939582156973458,0.9940306425107954,3,2,1,DE,0.5902381598339173,1,FALSE,FALSE
ips_ami,tha_pit,detrended,4,-0.47882969068365666,0.5211703093163433,-0.2,0.8,0,1,1,DE,0.7149205810110222,0.8832230372771489,TRUE,FALSE
ips_ami,tha_pro,detrended,22,-0.23056331158389368,0.30192944394505217,-0.2060982495765104,0.35747230059756074,1,2,1,DE,0.5254047804083192,0.54296480022035,FALSE,FALSE
ips_ami,tom_spp,detrended,22,-0.3846445984170137,0.07713436670463666,-0.3856578204404291,0.07629273219603619,3,2,1,DE,0.2130836880215588,0.1812977829604731,FALSE,FALSE
ips_ami,tor_vir,detrended,22,0.22412804564456526,0.315995182282148,0.3043478260869565,0.16847501997645464,7,2,1,DE,0.5361607315497483,0.33318102384605347,FALSE,FALSE
ips_ami,uro_sir_spp,detrended,5,-0.614237883555408,0.27035238961483865,-0.29999999999999993,0.623837664781073,0,1,1,DE,0.48575510654373444,0.7617023420807578,TRUE,FALSE
ips_ami,xyl_lin,detrended,22,0.37954908575856056,0.0814731075185235,0.4500282326369282,0.035592322115366684,9,2,1,DE,0.22160685245038395,0.10139022624163722,FALSE,FALSE
ips_ami,xyl_spp,detrended,20,-0.08849058894706954,0.7106453634633506,-0.11278195488721804,0.6359170579042354,4,2,1,DE,0.8527522732709936,0.7721849988837143,FALSE,FALSE
ips_ami,zei_gri,detrended,0,NA,NA,NA,NA,0,0,0,,NA,NA,TRUE,FALSE
ips_cem,ips_dup,detrended,0,NA,NA,NA,NA,0,0,0,,NA,NA,TRUE,FALSE
ips_cem,ips_sex,detrended,176,0.38243531979619527,1.6239619469637894e-7,0.4753995157384988,2.6069826175070356e-11,79,8,1,DE,5.7423294444639595e-6,1.3556309611036586e-9,FALSE,FALSE
ips_cem,ips_typ,detrended,253,0.5144691308430114,1.692635001373573e-18,0.5325912818209978,6.151772979849615e-20,188,11,1,DE,3.7407233530355965e-16,6.797709142733825e-18,FALSE,FALSE
ips_cem,lym_dis,detrended,207,0.21803629838455588,0.0015991660247009008,0.24378727365219557,4.004200703053841e-4,79,9,1,DE,0.01178052304862997,0.0027654011105465587,FALSE,FALSE
ips_cem,lym_mon,detrended,152,0.07399640066440392,0.3649354188124183,0.10163068364327256,0.21281123128298057,54,8,1,DE,0.5801934437743788,0.3831469011286249,FALSE,FALSE
ips_cem,mel_spp,detrended,207,0.2137095149314666,0.0019886277715316534,0.2201986665367839,0.0014318819336297383,77,9,1,DE,0.013842101968771508,0.007813479193386968,FALSE,FALSE
ips_cem,neo_ser,detrended,22,0.011051624372250603,0.961068993273372,0.06380575945793338,0.7778717977805317,12,2,1,DE,0.9999999999999942,0.8737467207598348,FALSE,FALSE
ips_cem,ope_spp,detrended,189,0.20741528320992328,0.004186156188661225,0.2524111697683927,4.583778496550432e-4,44,9,1,DE,0.02418668020115374,0.002957708168577067,FALSE,FALSE
ips_cem,pan_fla,detrended,84,0.1509092012340688,0.17061108408881273,0.2299078667611623,0.0353925994315742,29,6,1,DE,0.3599527406551562,0.10139022624163722,FALSE,FALSE
ips_cem,pha_cya,detrended,253,0.3035457656138951,8.615624961500764e-7,0.42582004324558254,1.447636597024458e-12,172,11,1,DE,2.456842730956992e-5,8.531405011797472e-11,FALSE,FALSE
ips_cem,pis_pin,detrended,161,0.3654716638279164,1.8685624100118987e-6,0.40532551184725096,9.625818560139924e-8,62,7,1,DE,4.588358806806996e-5,1.747501497856613e-6,FALSE,FALSE
ips_cem,pit_bid,detrended,115,0.38762618790078207,1.86903567041057e-5,0.4800362976406534,5.678210335768056e-8,63,5,1,DE,3.177360639697969e-4,1.1673344039113865e-6,FALSE,FALSE
ips_cem,pit_cha,detrended,253,0.5444777733507002,6.262638779677079e-21,0.5459591760516102,4.6807920325320834e-21,184,11,1,DE,2.768086340617269e-18,5.911171652511945e-19,FALSE,FALSE
ips_cem,pit_spp,detrended,88,0.23420271979059157,0.02807440667778909,0.3264062555035046,0.0019114490070402414,57,4,1,DE,0.09887559961420539,0.009881408901892243,FALSE,FALSE
ips_cem,pol_pol,detrended,0,NA,NA,NA,NA,0,0,0,,NA,NA,TRUE,FALSE
ips_cem,pri_abi,detrended,176,0.040433310124635385,0.5941691204881596,0.06368258859784283,0.40108911479064513,48,8,1,DE,0.7727958244835924,0.587997972595241,FALSE,FALSE
ips_cem,sap_car,detrended,0,NA,NA,NA,NA,0,0,0,,NA,NA,TRUE,FALSE
ips_cem,sco_int,detrended,176,0.062341516222760504,0.41109947540485603,0.06710323574730354,0.37622160909324454,64,8,1,DE,0.6212169850562269,0.5627645149275411,FALSE,FALSE
ips_cem,sco_rat,detrended,66,0.2939231036132454,0.016602699819368585,0.22985074626865676,0.06337087467264087,37,3,1,DE,0.06494153380673376,0.1569183563322536,FALSE,FALSE
ips_cem,sco_sco,detrended,85,0.07046460441641816,0.5216332293575897,0.08407269884698065,0.4442768042989451,25,5,1,DE,0.7149205810110222,0.6293921394235056,FALSE,FALSE
ips_cem,tet_gab,detrended,207,0.3708407434090937,3.786009449877684e-8,0.3862037427887998,9.062138187318029e-9,87,9,1,DE,1.7614907124694066e-6,2.6703100525297123e-7,FALSE,FALSE
ips_cem,tet_spp,detrended,184,0.35224062499341624,9.412594257148348e-7,0.3776521353855637,1.2581862926048685e-7,73,8,1,DE,2.600229163537231e-5,2.184902141454902e-6,FALSE,FALSE
ips_cem,tha_pit,detrended,11,0.33879793975659117,0.30811339257416404,0.24545454545454548,0.46692236698201617,11,1,1,DE,0.5280305394038991,0.6479738970362673,FALSE,FALSE
ips_cem,tha_pro,detrended,230,-0.04415903405404328,0.5051674521445993,0.019222357289568226,0.771846880889872,99,10,1,DE,0.7019807263541338,0.8702967381462332,FALSE,FALSE
ips_cem,tom_spp,detrended,253,0.31281330514898814,3.794347384238973e-7,0.33890575930973055,3.23160227236293e-8,162,11,1,DE,1.1979296741668759e-5,7.438338870790536e-7,FALSE,FALSE
ips_cem,tor_vir,detrended,230,0.1227486855883375,0.06310266837647666,0.18378238431399624,0.005176087769901074,97,10,1,DE,0.18289429129444382,0.02358588447728118,FALSE,FALSE
ips_cem,uro_sir_spp,detrended,48,0.2397120933085663,0.1007930885676767,0.20842379504993488,0.15514081444378866,12,4,1,DE,0.2509889867431724,0.3116919999279754,FALSE,FALSE
ips_cem,xyl_lin,detrended,230,0.26105364708789863,6.14402233006435e-5,0.3543716204054157,3.2876556036183786e-8,137,10,1,DE,8.355870368887515e-4,7.438338870790536e-7,FALSE,FALSE
ips_cem,xyl_spp,detrended,242,0.29666397323590765,2.636389996211738e-6,0.37430213954795877,1.8255387927581528e-9,122,11,1,DE,6.133075675397833e-5,6.724067886659197e-8,FALSE,FALSE
ips_cem,zei_gri,detrended,4,0.4285319560377461,0.5714680439622539,0.4,0.5999999999999999,4,1,1,DE,0.7585251514453941,0.746918415406374,TRUE,FALSE
ips_dup,ips_sex,detrended,184,0.2695831881132872,2.1506087555841228e-4,0.3099863227446976,1.8508484001154272e-5,136,8,1,CZ,0.0023772630542111964,1.8808689120798432e-4,FALSE,FALSE
ips_dup,ips_typ,detrended,28,0.49398528124314567,0.007546506276536238,0.32293377120963324,0.09370930341425157,28,2,2,"RO,SK",0.037268779600324216,0.21183440359060132,FALSE,FALSE
ips_dup,lym_dis,detrended,46,-0.16984600500531383,0.25912062356910126,-0.15362318840579708,0.3080532231013547,28,8,3,"CZ,RO,SK",0.47229408502079484,0.4924395103464693,FALSE,FALSE
ips_dup,lym_mon,detrended,138,0.31003295205716563,2.151369279829137e-4,0.30874519679717977,2.2926382428771003e-4,81,6,1,CZ,0.0023772630542111964,0.001703102694708703,FALSE,FALSE
ips_dup,mel_spp,detrended,0,NA,NA,NA,NA,0,0,0,,NA,NA,TRUE,FALSE
ips_dup,neo_ser,detrended,0,NA,NA,NA,NA,0,0,0,,NA,NA,TRUE,FALSE
ips_dup,ope_spp,detrended,0,NA,NA,NA,NA,0,0,0,,NA,NA,TRUE,FALSE
ips_dup,pan_fla,detrended,0,NA,NA,NA,NA,0,0,0,,NA,NA,TRUE,FALSE
ips_dup,pha_cya,detrended,184,0.2352913693460869,0.001303728849296425,0.3099843963707114,1.8510813953726963e-5,134,8,1,CZ,0.010021706980678606,1.8808689120798432e-4,FALSE,FALSE
ips_dup,pis_pin,detrended,0,NA,NA,NA,NA,0,0,0,,NA,NA,TRUE,FALSE
ips_dup,pit_bid,detrended,0,NA,NA,NA,NA,0,0,0,,NA,NA,TRUE,FALSE
ips_dup,pit_cha,detrended,21,0.2256958228653915,0.3252595945122254,0.15844155844155844,0.49273603731315285,21,1,1,SK,0.5455967391817975,0.6774162628068852,FALSE,FALSE
ips_dup,pit_spp,detrended,184,0.2890763532204131,6.897190825027355e-5,0.357402092042149,6.342327821803232e-7,125,8,1,CZ,9.099476611927311e-4,8.760340303865713e-6,FALSE,FALSE
ips_dup,pol_pol,detrended,184,0.14146602321159632,0.05542802815999927,0.17297682572094544,0.018868944912030398,132,8,1,CZ,0.16609619285911645,0.06490329689585554,FALSE,FALSE
ips_dup,pri_abi,detrended,161,0.0023458648152265495,0.9764388641731309,0.00530250747642052,0.9467747588155584,94,7,1,CZ,0.9999999999999942,0.975559567036679,FALSE,FALSE
ips_dup,sap_car,detrended,0,NA,NA,NA,NA,0,0,0,,NA,NA,TRUE,FALSE
ips_dup,sco_int,detrended,168,-0.05461746975508652,0.4819541688416985,-0.04942017908392852,0.5246687758814992,86,8,1,CZ,0.6805870371502579,0.702738178604917,FALSE,FALSE
ips_dup,sco_rat,detrended,168,0.08242787112574225,0.2881360927926065,0.12485510804257928,0.10684424307119879,80,8,1,CZ,0.5073950319296099,0.23071091125666807,FALSE,FALSE
ips_dup,sco_sco,detrended,0,NA,NA,NA,NA,0,0,0,,NA,NA,TRUE,FALSE
ips_dup,tet_gab,detrended,0,NA,NA,NA,NA,0,0,0,,NA,NA,TRUE,FALSE
ips_dup,tet_spp,detrended,0,NA,NA,NA,NA,0,0,0,,NA,NA,TRUE,FALSE
ips_dup,tha_pit,detrended,0,NA,NA,NA,NA,0,0,0,,NA,NA,TRUE,FALSE
ips_dup,tha_pro,detrended,0,NA,NA,NA,NA,0,0,0,,NA,NA,TRUE,FALSE
ips_dup,tom_spp,detrended,184,0.250686882301372,5.985261892638276e-4,0.31247905068289955,1.571487251496845e-5,150,8,1,CZ,0.0051368655466914916,1.653803250384775e-4,FALSE,FALSE
ips_dup,tor_vir,detrended,6,-0.4151983723655552,0.41299040047292507,-0.2571428571428572,0.6227871720116618,6,1,1,RO,0.6219480647667219,0.7617023420807578,TRUE,FALSE
ips_dup,uro_sir_spp,detrended,0,NA,NA,NA,NA,0,0,0,,NA,NA,TRUE,FALSE
ips_dup,xyl_lin,detrended,0,NA,NA,NA,NA,0,0,0,,NA,NA,TRUE,FALSE
ips_dup,xyl_spp,detrended,0,NA,NA,NA,NA,0,0,0,,NA,NA,TRUE,FALSE
ips_dup,zei_gri,detrended,133,0.12834963288298698,0.14093318410631928,0.0842064455575846,0.3352153061650379,69,7,1,CZ,0.3210951926546037,0.5207914422669482,FALSE,FALSE
ips_sex,ips_typ,detrended,191,0.37438231503687425,9.532387017879468e-8,0.4637296775971342,1.4182353972093917e-11,95,9,2,"BG,DE",3.5415657743500917e-6,7.835750569581889e-10,FALSE,FALSE
ips_sex,lym_dis,detrended,192,0.18227331440708877,0.011393436497025282,0.17484842525025093,0.015280336536531828,46,14,3,"BG,CZ,DE",0.050867665976617925,0.05513394897262913,FALSE,FALSE
ips_sex,lym_mon,detrended,246,0.09810428561618315,0.1248888331949218,0.1499998992388503,0.018572228034332398,114,12,2,"CZ,DE",0.2905308645902918,0.06438372385235232,FALSE,FALSE
ips_sex,mel_spp,detrended,154,0.10630945107965695,0.1894395100539338,0.08136063809688099,0.31581405179313665,19,7,1,DE,0.38233910248328196,0.5030263455587978,FALSE,FALSE
ips_sex,neo_ser,detrended,36,0.12711421562228625,0.46004449514348555,0.18095238095238098,0.2909009687216697,26,3,2,"BG,DE",0.6634246879393821,0.47533540914964145,FALSE,FALSE
ips_sex,ope_spp,detrended,140,0.31417278317870645,1.5670844996962087e-4,0.41158076578251085,4.372883547646996e-7,17,7,1,DE,0.0018720306726100655,6.44271509353324e-6,FALSE,FALSE
ips_sex,pan_fla,detrended,52,0.24280747889896506,0.08284598661208092,0.12994109109536411,0.3585448585716168,17,4,1,DE,0.22262672787891966,0.543659785552846,FALSE,FALSE
ips_sex,pha_cya,detrended,360,0.41337306384572164,2.7255294522473377e-16,0.5011674472796858,2.7284090414613563e-24,207,16,2,"CZ,DE",3.441954336838067e-14,6.029783981629598e-22,FALSE,FALSE
ips_sex,pis_pin,detrended,132,0.27488970003897745,0.001423279466535285,0.4120624253207619,9.148926357727676e-7,51,6,1,DE,0.01075366708048882,1.2071120746613829e-5,FALSE,FALSE
ips_sex,pit_bid,detrended,110,0.44664834804025627,1.0029894658227817e-6,0.634722629218042,9.628933291434597e-14,62,5,1,DE,2.6867960235979972e-5,7.73816093602562e-12,FALSE,FALSE
ips_sex,pit_cha,detrended,176,0.35827383687855807,1.0489483535816971e-6,0.4120206911732336,1.334928717812685e-8,79,8,1,DE,2.7272657193124125e-5,3.470814666312981e-7,FALSE,FALSE
ips_sex,pit_spp,detrended,247,0.24150149491723108,1.2652205540994823e-4,0.3178878246272342,3.331516957930086e-7,120,11,2,"CZ,DE",0.0015321300956492362,5.0670142805174025e-6,FALSE,FALSE
ips_sex,pol_pol,detrended,184,0.20907637148738442,0.004395759697159335,0.15665465893548572,0.033702337055260774,123,8,1,CZ,0.02507001014379905,0.09768152772737877,FALSE,FALSE
ips_sex,pri_abi,detrended,308,0.18111750189028528,0.0014123495384169035,0.21360948276605593,1.5855272576665124e-4,121,14,2,"CZ,DE",0.01075366708048882,0.0012294790313835062,FALSE,FALSE
ips_sex,sap_car,detrended,0,NA,NA,NA,NA,0,0,0,,NA,NA,TRUE,FALSE
ips_sex,sco_int,detrended,315,0.11948363129443623,0.03402350660896046,0.18027627724475262,0.0013124998310001595,132,15,2,"CZ,DE",0.11436037962859713,0.007310833594174769,FALSE,FALSE
ips_sex,sco_rat,detrended,231,0.17450350317271102,0.007854455883709588,0.14046028933585156,0.03285749094815394,111,11,2,"CZ,DE",0.03836098895690208,0.09627338216870786,FALSE,FALSE
ips_sex,sco_sco,detrended,68,0.06478239031149306,0.5996826141199763,0.15230751612780086,0.2150036952943712,22,4,1,DE,0.7781022505447562,0.3855238674243897,FALSE,FALSE
ips_sex,tet_gab,detrended,154,0.2533977625216584,0.0015197778461207476,0.21355052284843556,0.007831500777611054,27,7,1,DE,0.011289778285468411,0.03220021715073568,FALSE,FALSE
ips_sex,tet_spp,detrended,110,0.1279339991667955,0.1828813575067743,0.04981178008700944,0.6053073939217404,11,5,1,DE,0.37509772630159743,0.7494282019983453,FALSE,FALSE
ips_sex,tha_pit,detrended,25,0.3823644292496684,0.05924853752264876,0.2823076923076923,0.1715391674719988,25,2,2,"BG,DE",0.1746540874843505,0.33677492883411525,FALSE,FALSE
ips_sex,tha_pro,detrended,154,-0.06650554570891286,0.4125035970958223,-0.037548157092749126,0.6438467513697482,27,7,1,DE,0.6219480647667219,0.7755565310260395,FALSE,FALSE
ips_sex,tom_spp,detrended,360,0.30928451539463525,2.0288129013234417e-9,0.36230192105391756,1.3152656832243024e-12,220,16,2,"CZ,DE",1.1459657185876411e-7,8.304963314073453e-11,FALSE,FALSE
ips_sex,tor_vir,detrended,160,-0.060412601500468475,0.44793179020181495,0.02732040314074768,0.731648683274406,65,8,2,"BG,DE",0.6523421788112099,0.8375328261693233,FALSE,FALSE
ips_sex,uro_sir_spp,detrended,33,0.4487094622778105,0.008814459306066775,0.428475935828877,0.012853364483865494,3,3,1,DE,0.041892376486898,0.04880872837282735,FALSE,FALSE
ips_sex,xyl_lin,detrended,176,0.16818049057387216,0.025668890920838572,0.20505392912172576,0.006332756704936722,75,8,1,DE,0.09224105517894836,0.02799078463582031,FALSE,FALSE
ips_sex,xyl_spp,detrended,168,0.21802717262481747,0.004524193564142946,0.31046360364646874,4.209013959942444e-5,73,8,1,DE,0.0254738032528813,3.8358436500918766e-4,FALSE,FALSE
ips_sex,zei_gri,detrended,137,-0.12233658323015116,0.1544035929925131,-0.10908768458192543,0.20446603285754103,67,8,2,"CZ,DE",0.33701920050711504,0.3734462253017898,FALSE,FALSE
ips_typ,lym_dis,detrended,430,0.25940822678812986,4.835886214471678e-8,0.23955190118250605,4.99867519529746e-7,229,22,9,"AT,BG,DE,HR,HU,LT,RO,RS,SK",2.137461706796482e-6,7.243981758431073e-6,FALSE,FALSE
ips_typ,lym_mon,detrended,479,0.08296903584846461,0.0696391342126509,0.05874795817646597,0.19931302317505858,305,25,3,"DE,LT,PL",0.1954317290285187,0.36833333333333307,FALSE,FALSE
ips_typ,mel_spp,detrended,547,0.044030786193260445,0.3039798304778325,0.061121507030846636,0.15341378623105337,374,26,2,"DE,PL",0.526898372828243,0.30962965074943194,FALSE,FALSE
ips_typ,neo_ser,detrended,38,-0.11809675766120743,0.48009139658945776,-0.09246088193456614,0.5808713968534733,28,3,2,"BG,DE",0.6805870371502579,0.7370531234221966,FALSE,FALSE
ips_typ,ope_spp,detrended,189,0.14192166754300892,0.05141153897699169,0.2222631045699355,0.0021129165041861996,45,9,1,DE,0.15671655329538156,0.010734587297129889,FALSE,FALSE
ips_typ,pan_fla,detrended,372,0.1918329270191494,1.9756199319786243e-4,0.21528795840809273,2.8197519536636214e-5,182,22,3,"DE,LT,PL",0.0022681143115183167,2.6802803516544533e-4,FALSE,FALSE
ips_typ,pha_cya,detrended,744,0.29480519120620013,2.196083828473262e-16,0.3969011779713787,1.7596910860214326e-29,548,36,4,"AT,DE,LT,PL",3.2355635072839393e-14,5.1852230668098215e-27,FALSE,FALSE
ips_typ,pis_pin,detrended,181,0.38382965255869267,9.615110699593009e-8,0.411395786533908,8.756502958388311e-9,82,8,2,"DE,LT",3.5415657743500917e-6,2.6692236604190575e-7,FALSE,FALSE
ips_typ,pit_bid,detrended,115,0.31191997903459073,6.900434885788575e-4,0.48548883453010344,3.812340904628934e-8,64,5,1,DE,0.005754702300978396,8.219778926077996e-7,FALSE,FALSE
ips_typ,pit_cha,detrended,496,0.7902795950031746,3.7432940849817314e-107,0.7583802915243169,7.093828696383524e-94,434,24,6,"AT,DE,IT,LT,SI,SK",3.3090719711238506e-104,3.1354722838015173e-91,FALSE,FALSE
ips_typ,pit_spp,detrended,281,0.09280637680532565,0.12062985894992644,0.2931865136453612,5.639511686777858e-7,235,13,4,"AT,DE,HR,SI",0.2836084981695079,8.040852146954236e-6,FALSE,FALSE
ips_typ,pol_pol,detrended,19,0.21275708129195145,0.3818449914653059,0.3473684210526316,0.14506605697761482,19,1,1,LT,0.5943567304460841,0.29822882411211976,FALSE,FALSE
ips_typ,pri_abi,detrended,176,0.01895371329828157,0.8028347276233149,0.08593440457847237,0.2567843515435174,49,8,1,DE,0.9167018348703471,0.4323759366942274,FALSE,FALSE
ips_typ,sap_car,detrended,0,NA,NA,NA,NA,0,0,0,,NA,NA,TRUE,FALSE
ips_typ,sco_int,detrended,176,0.06374869720796691,0.4005994333042181,0.01134272507153863,0.8812294815238427,63,8,1,DE,0.6113019286112833,0.9355110450547403,FALSE,FALSE
ips_typ,sco_rat,detrended,73,0.2887987850647872,0.013213755958807402,0.197457731704307,0.09403405767789148,44,4,2,"DE,LT",0.05588976204586481,0.21183440359060132,FALSE,FALSE
ips_typ,sco_sco,detrended,85,0.047441322312218245,0.6663562768610264,0.050850107484854405,0.6439575721415305,26,5,1,DE,0.8294124900223299,0.7755565310260395,FALSE,FALSE
ips_typ,tet_gab,detrended,333,0.3618265588084901,9.759976315246255e-12,0.3117759921381594,6.117118769740256e-9,163,15,2,"AT,DE",7.843471875161535e-10,2.0027899972038467e-7,FALSE,FALSE
ips_typ,tet_spp,detrended,184,0.2525799040295326,5.420440628652091e-4,0.2517135096607655,5.672539039640787e-4,72,8,1,DE,0.004791669515728449,0.003556400362441458,FALSE,FALSE
ips_typ,tha_pit,detrended,52,0.056130502893148276,0.6926692542307686,0.1290873388542645,0.3617383568029773,52,3,3,"BG,DE,HR",0.8422553242640984,0.5462129204588143,FALSE,FALSE
ips_typ,tha_pro,detrended,230,-0.06922324334047147,0.2958579592880623,-0.003962432099891754,0.9523419424120292,96,10,1,DE,0.5178978930903902,0.9781787222568631,FALSE,FALSE
ips_typ,tom_spp,detrended,719,0.11712423770980476,0.001655430048437479,0.12344536735355385,9.098265525500943e-4,467,34,4,"AT,DE,LT,PL",0.012094216221642407,0.005361911149695223,FALSE,FALSE
ips_typ,tor_vir,detrended,580,0.14716939997634632,3.764823229268229e-4,0.10389386741175889,0.012298008451544353,335,30,5,"BG,DE,LT,PL,RO",0.0036572568512891366,0.04726712813550091,FALSE,FALSE
ips_typ,uro_sir_spp,detrended,48,0.3450214736484439,0.01632230042645944,0.33651758575770735,0.01935257161926545,11,4,1,DE,0.06470364832731006,0.06605279270822648,FALSE,FALSE
ips_typ,xyl_lin,detrended,230,0.23678345047855584,2.9110203631795624e-4,0.28832648270658523,8.84684672693769e-6,139,10,1,DE,0.0029922581407566665,9.899509502041666e-5,FALSE,FALSE
ips_typ,xyl_spp,detrended,242,0.22037491326848813,5.543318876139956e-4,0.3674665257715679,3.761541908796935e-9,121,11,1,DE,0.0048517761252551694,1.2789242489909577e-7,FALSE,FALSE
ips_typ,zei_gri,detrended,4,0.580021185863909,0.41997881413609095,0.2,0.8,4,1,1,DE,0.6258620737783664,0.8832230372771489,TRUE,FALSE
lym_dis,lym_mon,detrended,161,0.09118769137421551,0.24996880862325185,0.1474522659305268,0.061957796301838244,37,13,3,"CZ,DE,LT",0.46035922254782213,0.15503313482389297,FALSE,FALSE
lym_dis,mel_spp,detrended,184,-0.022410607158823183,0.7626836631950622,0.07852863554930553,0.2893301429049091,44,8,1,DE,0.8911110738339039,0.4736441598665549,FALSE,FALSE
lym_dis,neo_ser,detrended,32,-0.18785391869206994,0.30320456595239065,-0.1744868035190616,0.3395118897343685,19,3,2,"BG,DE",0.5265871047188867,0.5247001932258423,FALSE,FALSE
lym_dis,ope_spp,detrended,147,0.09610006419779227,0.2469102777678701,0.10494601394797091,0.2058581123073989,23,7,1,DE,0.4557217634056781,0.375213549030393,FALSE,FALSE
lym_dis,pan_fla,detrended,85,0.26992989641151915,0.012477474521851023,0.2710572601133477,0.012100935375789282,16,7,2,"DE,LT",0.05433540629219854,0.04671278110130011,FALSE,FALSE
lym_dis,pha_cya,detrended,359,0.1720326560279976,0.001065565910710731,0.23078824377668153,9.992389789161809e-6,124,22,4,"AT,CZ,DE,LT",0.00841035950953827,1.0906607001515275e-4,FALSE,FALSE
lym_dis,pis_pin,detrended,146,0.2666079629399704,0.0011426219562770856,0.25257343371926005,0.0021004457257349854,35,7,2,"DE,LT",0.008860331660955647,0.010732913419362585,FALSE,FALSE
lym_dis,pit_bid,detrended,115,0.1885959615585567,0.04353668405017924,0.18736684289434233,0.04494911910876767,21,5,1,DE,0.13696237971657813,0.12151382658150038,FALSE,FALSE
lym_dis,pit_cha,detrended,346,0.19629418399689502,2.3890005638311376e-4,0.21027613993639518,8.10201629826105e-5,143,17,4,"AT,DE,LT,SK",0.0025444295161767775,6.953575153070649e-4,FALSE,FALSE
lym_dis,pit_spp,detrended,234,0.11204330646714358,0.08723930773230737,0.15054801224100836,0.021236405305180457,106,16,4,"AT,CZ,DE,HR",0.22884138882896057,0.07110874183861103,FALSE,FALSE
lym_dis,pol_pol,detrended,37,-0.2747470999446575,0.09982456557572479,-0.10597439544807966,0.5324607853583441,18,7,2,"CZ,LT",0.25077483692637154,0.708878515446952,FALSE,FALSE
lym_dis,pri_abi,detrended,179,-0.04020337361162507,0.5931116605834192,-0.056091896302805845,0.45579531053885824,24,12,2,"CZ,DE",0.7727958244835924,0.6405771931897467,FALSE,FALSE
lym_dis,sap_car,detrended,0,NA,NA,NA,NA,0,0,0,,NA,NA,TRUE,FALSE
lym_dis,sco_int,detrended,184,-0.007397776209947566,0.9206096318864949,0.008364315848278785,0.9102780199033043,34,13,2,"CZ,DE",0.9878275134960507,0.957959249517287,FALSE,FALSE
lym_dis,sco_rat,detrended,99,-0.09910605891430388,0.32907706364282807,-0.04473716759431045,0.6601571452620867,21,10,3,"CZ,DE,LT",0.5479630570217914,0.7854359574854436,FALSE,FALSE
lym_dis,sco_sco,detrended,68,0.23151683792756209,0.05748053759331201,0.14982631599038054,0.22265791771932336,9,4,1,DE,0.17108685263463913,0.39389223552761626,FALSE,FALSE
lym_dis,tet_gab,detrended,261,0.17996266462645763,0.0035309215619184656,0.2171306889127368,4.10465272758181e-4,74,12,2,"AT,DE",0.021379004525588517,0.0028128007838622636,FALSE,FALSE
lym_dis,tet_spp,detrended,161,0.12694035430979722,0.10857294413705963,0.1160829307568438,0.14253590955012505,38,7,1,DE,0.2615217510004379,0.29371035907298493,FALSE,FALSE
lym_dis,tha_pit,detrended,38,0.05702857730378393,0.7337953580734347,-0.03928219717693402,0.8148662896182441,31,3,3,"BG,DE,HR",0.8707048275663305,0.8926168525681881,FALSE,FALSE
lym_dis,tha_pro,detrended,184,0.12486495513827943,0.09125316640382007,0.12898422299705264,0.08098478837889699,54,8,1,DE,0.23587075760519577,0.19040040672059821,FALSE,FALSE
lym_dis,tom_spp,detrended,364,0.1289616847499899,0.013806474531493135,0.18402718078932273,4.1693522252469903e-4,139,22,4,"AT,CZ,DE,LT",0.05730011026215931,0.0028224450928598208,FALSE,FALSE
lym_dis,tor_vir,detrended,216,-0.014647841753259717,0.8305152729592531,-0.07562247704783337,0.2684863027436918,69,11,4,"BG,DE,LT,RO",0.9371732321247629,0.4469715473171818,FALSE,FALSE
lym_dis,uro_sir_spp,detrended,36,0.19526815016879068,0.2537496318492495,0.14774774774774777,0.3898251805510228,5,3,1,DE,0.46538314222974386,0.5781970798776915,FALSE,FALSE
lym_dis,xyl_lin,detrended,184,-0.04630114710350623,0.5325526829674014,-0.04148061104582843,0.5761094396864838,50,8,1,DE,0.7231590963796972,0.7348928494702044,FALSE,FALSE
lym_dis,xyl_spp,detrended,198,0.08548721939444637,0.23111603529504907,0.09084570676795763,0.20307043817667475,50,9,1,DE,0.4385111593480769,0.37321053502740226,FALSE,FALSE
lym_dis,zei_gri,detrended,29,0.07842869571060884,0.6859206087442589,0.13743842364532016,0.4771107812561812,10,6,2,"CZ,DE",0.8395551971589237,0.6579811710303654,FALSE,FALSE
lym_mon,mel_spp,detrended,453,0.14592514251185623,0.0018460428339750774,0.13075913800657374,0.005314297549801929,241,23,2,"DE,PL",0.013160498913177164,0.02409148222576874,FALSE,FALSE
lym_mon,neo_ser,detrended,16,-0.4325844377110768,0.094225040421361,-0.41470588235294115,0.11022940391770183,6,2,1,DE,0.24181856510536656,0.23536906537016528,FALSE,FALSE
lym_mon,ope_spp,detrended,114,0.21293407699592104,0.02292931985750042,0.23591664810352164,0.011506921696653797,19,6,1,DE,0.08445632814179321,0.04520941679929758,FALSE,FALSE
lym_mon,pan_fla,detrended,364,0.3307788317047681,9.656066548281535e-11,0.32524660893278573,2.0486796227762848e-10,158,22,3,"DE,LT,PL",6.5661252528314435e-9,1.0061293258523532e-8,FALSE,FALSE
lym_mon,pha_cya,detrended,611,-0.00490249756696283,0.9037428830306585,0.014113217393957662,0.7277205360325203,363,31,4,"CZ,DE,LT,PL",0.9730922151024386,0.8375328261693233,FALSE,FALSE
lym_mon,pis_pin,detrended,119,0.06893323570916676,0.45631872942399243,0.11227745335422307,0.22409065590056423,40,7,2,"DE,LT",0.6623537435145838,0.3954014766788399,FALSE,FALSE
lym_mon,pit_bid,detrended,76,-0.17402644483906968,0.13271485665190125,-0.10241968557758031,0.3786455987277494,29,4,1,DE,0.3045518838193445,0.5654099818840042,FALSE,FALSE
lym_mon,pit_cha,detrended,157,0.16600729950137605,0.03772006399331575,0.14248103746612173,0.07505808128684968,59,9,2,"DE,LT",0.12304257036933992,0.1798139399934285,FALSE,FALSE
lym_mon,pit_spp,detrended,174,0.019963015092045948,0.7937391104236239,-0.013967368091346565,0.8548582900441326,80,8,2,"CZ,DE",0.9124387173140228,0.9222510758856503,FALSE,FALSE
lym_mon,pol_pol,detrended,143,0.15243763031980814,0.06913639837081922,0.16546833448241896,0.04827004585853674,83,7,2,"CZ,LT",0.19526062670863958,0.1268889746842491,FALSE,FALSE
lym_mon,pri_abi,detrended,241,0.06566579681016285,0.3100088800346421,0.016683241315455576,0.7966655041187971,80,12,2,"CZ,DE",0.5280305394038991,0.8832230372771489,FALSE,FALSE
lym_mon,sap_car,detrended,0,NA,NA,NA,NA,0,0,0,,NA,NA,TRUE,FALSE
lym_mon,sco_int,detrended,216,0.11103968714850124,0.10362863104132482,0.08153824170328296,0.23271384771483966,71,11,2,"CZ,DE",0.2537609690873439,0.40979516735059496,FALSE,FALSE
lym_mon,sco_rat,detrended,181,0.06764889796981358,0.3655424814365551,0.0626920041284682,0.40179690745337326,69,10,3,"CZ,DE,LT",0.5801934437743788,0.5880603744847384,FALSE,FALSE
lym_mon,sco_sco,detrended,48,0.16056289479407304,0.2756332052727631,0.21005210594876247,0.15186767019063796,16,3,1,DE,0.49053614261124223,0.3079151845149632,FALSE,FALSE
lym_mon,tet_gab,detrended,133,-0.07576316866387656,0.38608311246677707,0.014124524336621744,0.87180797534011,16,7,1,DE,0.596673901085019,0.9308003585856114,FALSE,FALSE
lym_mon,tet_spp,detrended,95,0.14624172245558673,0.15732268734249483,0.16307390817469206,0.11433701939641394,11,5,1,DE,0.33951739523793056,0.24296616621737963,FALSE,FALSE
lym_mon,tha_pit,detrended,8,0.011968184403316703,0.9775617970167876,-0.07142857142857144,0.8665262706759089,6,1,1,DE,0.9999999999999942,0.9308003585856114,TRUE,FALSE
lym_mon,tha_pro,detrended,133,0.4727857856256022,9.12886305872922e-9,0.4269442262372349,2.978954121755142e-7,30,7,1,DE,4.4832860799536834e-7,4.619992006371132e-6,FALSE,FALSE
lym_mon,tom_spp,detrended,554,-0.04590827915682472,0.2807300751410797,0.011789938664681617,0.7818683815208013,243,28,4,"CZ,DE,LT,PL",0.49648410247313174,0.8760096948851565,FALSE,FALSE
lym_mon,tor_vir,detrended,425,0.19165245134977496,6.99959739379024e-5,0.16641134263963359,5.719013668395563e-4,187,24,3,"DE,LT,PL",9.099476611927311e-4,0.0035602873822969563,FALSE,FALSE
lym_mon,uro_sir_spp,detrended,20,0.14798716148309207,0.5335157513214117,0.1548872180451128,0.5143826800752822,1,2,1,DE,0.7233557119143067,0.6900065086290584,FALSE,FALSE
lym_mon,xyl_lin,detrended,133,0.011790917086566438,0.8928485963629956,0.04918843921200559,0.5739425640144106,47,7,1,DE,0.9684394591225621,0.7331867436253453,FALSE,FALSE
lym_mon,xyl_spp,detrended,144,0.1732220854162092,0.03786886007923532,0.1820231492645286,0.02899784865938124,48,8,1,DE,0.12307379525751477,0.08839344212032074,FALSE,FALSE
lym_mon,zei_gri,detrended,118,0.007021116723455175,0.9398504120830162,-0.02596970991786545,0.7801317890243099,51,7,2,"CZ,DE",0.9947078369344207,0.8751732252506217,FALSE,FALSE
mel_spp,neo_ser,detrended,22,-0.005527587953882769,0.9805228913137072,0.11462450592885373,0.6115002138101082,2,2,1,DE,0.9999999999999942,0.75183058276514,FALSE,FALSE
mel_spp,ope_spp,detrended,147,-0.0033817639442889477,0.967573489691022,-0.0819008832707463,0.32404660931859375,15,7,1,DE,0.9999999999999942,0.5097103249780016,FALSE,FALSE
mel_spp,pan_fla,detrended,355,0.1360443246716935,0.010282767860552457,0.14096979515638874,0.007814003279522176,155,20,2,"DE,PL",0.04732879813994582,0.03220021715073568,FALSE,FALSE
mel_spp,pha_cya,detrended,547,0.014747486256567367,0.7307377257188672,0.01614441284039224,0.7063617653534929,341,26,2,"DE,PL",0.8703574569689834,0.8248663151552018,FALSE,FALSE
mel_spp,pis_pin,detrended,138,0.2628307916464662,0.0018430458789472515,0.23046925836036974,0.00653836977728202,21,6,1,DE,0.013160498913177164,0.028613459817412406,FALSE,FALSE
mel_spp,pit_bid,detrended,92,-0.09550695036896242,0.3651381756939006,-0.06488602561533836,0.538882599735385,12,4,1,DE,0.5801934437743788,0.7110033106956424,FALSE,FALSE
mel_spp,pit_cha,detrended,207,-0.0037120200819713337,0.9576654199718917,0.06702627961597991,0.33726651011743436,69,9,1,DE,0.9999999999999942,0.5230589384979157,FALSE,FALSE
mel_spp,pit_spp,detrended,88,-0.10954241568302633,0.30964492918115155,-0.17209679123665947,0.10886518375542555,44,4,1,DE,0.5280305394038991,0.23301894053219416,FALSE,FALSE
mel_spp,pol_pol,detrended,0,NA,NA,NA,NA,0,0,0,,NA,NA,TRUE,FALSE
mel_spp,pri_abi,detrended,154,0.018047550110708778,0.8241912121860615,0.06555607580275513,0.4192225390106582,9,7,1,DE,0.9328873643693705,0.6032406551402975,FALSE,FALSE
mel_spp,sap_car,detrended,0,NA,NA,NA,NA,0,0,0,,NA,NA,TRUE,FALSE
mel_spp,sco_int,detrended,132,0.11179885492605457,0.2018638745614722,0.1262750909195264,0.14908426598180471,23,6,1,DE,0.40464323154725945,0.30366472610118744,FALSE,FALSE
mel_spp,sco_rat,detrended,66,0.18265715430646315,0.14211996186351206,0.005531781651184637,0.9648389874194032,10,3,1,DE,0.32296669996746696,0.9837573989374306,FALSE,FALSE
mel_spp,sco_sco,detrended,68,-0.14785584596212295,0.22887087393091693,-0.16158338741077222,0.1880341638889325,5,4,1,DE,0.43603847533390205,0.35609943783036746,FALSE,FALSE
mel_spp,tet_gab,detrended,184,0.14451089602475184,0.05032769603964199,0.15885650440176455,0.03125228306342588,60,8,1,DE,0.15394354082714018,0.09396944975533496,FALSE,FALSE
mel_spp,tet_spp,detrended,161,0.3050439222491502,8.333174682396915e-5,0.325477340694732,2.520470426517389e-5,56,7,1,DE,0.001067612524527373,2.4218433228710562e-4,FALSE,FALSE
mel_spp,tha_pit,detrended,11,0.1774539305819787,0.6016740160304024,0.03636363636363637,0.9154683168905347,2,1,1,DE,0.7781022505447562,0.9588554409137828,FALSE,FALSE
mel_spp,tha_pro,detrended,184,0.030853116024344443,0.6775863961462656,-3.0436708982681894e-4,0.9967282833436426,59,8,1,DE,0.8350687794039267,1,FALSE,FALSE
mel_spp,tom_spp,detrended,487,0.13795102151371266,0.0022801195436811775,0.14161022031220974,0.0017312609126253862,189,23,2,"DE,PL",0.015386455546672985,0.00921948582386049,FALSE,FALSE
mel_spp,tor_vir,detrended,490,-0.07699578606884229,0.08865240573546897,-0.0926886536854568,0.040274015642524044,193,25,2,"DE,PL",0.2304962549122193,0.11082077856538147,FALSE,FALSE
mel_spp,uro_sir_spp,detrended,36,-0.23471721712579863,0.16822171971547029,-0.12741312741312744,0.4589814132902502,6,3,1,DE,0.3564655906956488,0.6418248967733096,FALSE,FALSE
mel_spp,xyl_lin,detrended,184,-0.00270060661577008,0.9709767854319811,-0.07231030032170445,0.32933319385415816,35,8,1,DE,0.9999999999999942,0.5161889066792124,FALSE,FALSE
mel_spp,xyl_spp,detrended,198,0.014837775834796377,0.8356385272938448,-0.044804085030598316,0.5308083746947263,35,9,1,DE,0.9379847528103787,0.7078971487544017,FALSE,FALSE
mel_spp,zei_gri,detrended,4,0.9128543620008224,0.08714563799917763,0.6000000000000001,0.3999999999999999,2,1,1,DE,0.22884138882896057,0.5873754152823919,TRUE,FALSE
neo_ser,ope_spp,detrended,20,-0.3274225352265069,0.15877825901600023,-0.35789473684210527,0.12130112810947347,7,2,1,DE,0.34067956546151507,0.25591932517607285,FALSE,FALSE
neo_ser,pan_fla,detrended,16,0.04110379778084865,0.8798645813295602,0.3352941176470588,0.20425458084551526,2,2,1,DE,0.9576271875990309,0.3734462253017898,FALSE,FALSE
neo_ser,pha_cya,detrended,22,0.005874663060164895,0.979300176946401,5.646527385657819e-4,0.998010198944439,12,2,1,DE,0.9999999999999942,1,FALSE,FALSE
neo_ser,pis_pin,detrended,22,-0.2656766295022162,0.2320795936958237,-0.37549407114624506,0.08505436731083495,11,2,1,DE,0.4385111593480769,0.19580224141348462,FALSE,FALSE
neo_ser,pit_bid,detrended,22,-0.09987577721852817,0.6583281159090788,0.04121964991530209,0.8554817672242456,11,2,1,DE,0.824308859013634,0.9222510758856503,FALSE,FALSE
neo_ser,pit_cha,detrended,22,-0.19998742837481992,0.37221472396372646,-0.21174477696216826,0.3441565312196493,12,2,1,DE,0.5861341999669958,0.5291032584315999,FALSE,FALSE
neo_ser,pit_spp,detrended,0,NA,NA,NA,NA,0,0,0,,NA,NA,TRUE,FALSE
neo_ser,pol_pol,detrended,0,NA,NA,NA,NA,0,0,0,,NA,NA,TRUE,FALSE
neo_ser,pri_abi,detrended,22,0.3519069957351188,0.10825117016962205,0.41276115189158663,0.0562442455275733,7,2,1,DE,0.2615217510004379,0.1432850520068438,FALSE,FALSE
neo_ser,sap_car,detrended,0,NA,NA,NA,NA,0,0,0,,NA,NA,TRUE,FALSE
neo_ser,sco_int,detrended,20,-0.3120980063977239,0.1803674330485012,-0.006015037593984962,0.9799209119891912,5,2,1,DE,0.3716662256756994,0.9934413537691318,FALSE,FALSE
neo_ser,sco_rat,detrended,20,0.2296693459207177,0.3300158265183033,0.2150375939849624,0.36257388702455107,6,2,1,DE,0.5479630570217914,0.5462129204588143,FALSE,FALSE
neo_ser,sco_sco,detrended,16,0.056353393677804904,0.8357817367654179,-0.05294117647058823,0.8456104411493657,3,2,1,DE,0.9379847528103787,0.918328783754348,FALSE,FALSE
neo_ser,tet_gab,detrended,22,-0.27930385709149624,0.20809710799265574,-0.2569169960474308,0.2484140480885592,6,2,1,DE,0.4106201863069368,0.4263724536192787,FALSE,FALSE
neo_ser,tet_spp,detrended,11,1.3280548753513347e-14,0.9999999999999691,-0.2,0.5554454421055857,0,1,1,DE,0.9999999999999942,0.7199615407937503,FALSE,FALSE
neo_ser,tha_pit,detrended,16,0.00823850321475824,0.9758429032105336,0.020588235294117647,0.9396737397890447,16,1,1,BG,0.9999999999999942,0.9726833559408847,FALSE,FALSE
neo_ser,tha_pro,detrended,11,0.05797964297510789,0.865539327990463,-0.03636363636363637,0.9154683168905347,1,1,1,DE,0.9517756347213351,0.9588554409137828,FALSE,FALSE
neo_ser,tom_spp,detrended,22,-0.05127180469905422,0.820737136919228,0.17108977978543194,0.4464902890766693,12,2,1,DE,0.9313628100598171,0.6295014601974094,FALSE,FALSE
neo_ser,tor_vir,detrended,29,0.2273579391354571,0.23557677833137397,0.1822660098522167,0.34398694435909893,18,3,2,"BG,DE",0.4434584750335854,0.5291032584315999,FALSE,FALSE
neo_ser,uro_sir_spp,detrended,6,0.15227852011046433,0.7733477939248017,0.14285714285714285,0.7871720116618075,1,1,1,DE,0.8947449886000799,0.8797219447649025,TRUE,FALSE
neo_ser,xyl_lin,detrended,22,0.31870101038187054,0.1482906749828977,0.11462450592885373,0.6115002138101082,11,2,1,DE,0.3320271778693559,0.75183058276514,FALSE,FALSE
neo_ser,xyl_spp,detrended,22,-0.22851867893877975,0.3063561094436227,-0.22190852625635232,0.3209369353188616,12,2,1,DE,0.5280305394038991,0.5093505400751771,FALSE,FALSE
neo_ser,zei_gri,detrended,2,NA,NA,NA,NA,2,1,1,DE,NA,NA,TRUE,FALSE
ope_spp,pan_fla,detrended,56,-0.05345735853051504,0.6955787330478315,-0.06322624743677374,0.6434115752492094,5,4,1,DE,0.8423172602935383,0.7755565310260395,FALSE,FALSE
ope_spp,pha_cya,detrended,189,0.08963574720269016,0.21997918323226262,0.17183028493218866,0.01806825658574664,40,9,1,DE,0.42927505072256106,0.06338229691190488,FALSE,FALSE
ope_spp,pis_pin,detrended,105,0.11847520222960614,0.22869705349388225,0.32436243002280735,7.363010142589971e-4,13,5,1,DE,0.43603847533390205,0.004520070115312177,FALSE,FALSE
ope_spp,pit_bid,detrended,84,0.3269323933041997,0.0024024477199400007,0.44653234787891066,2.0669426099188256e-5,14,4,1,DE,0.015731583588347857,2.0763378036002747e-4,FALSE,FALSE
ope_spp,pit_cha,detrended,189,0.11606377166787969,0.11174300528620483,0.16155992818926754,0.026353790210146017,43,9,1,DE,0.26842613226360074,0.08203081178087704,FALSE,FALSE
ope_spp,pit_spp,detrended,80,0.21025577677721252,0.061210576303534166,0.15103141115799343,0.18112776288040733,19,4,1,DE,0.17917268030570926,0.34960031088707444,FALSE,FALSE
ope_spp,pol_pol,detrended,0,NA,NA,NA,NA,0,0,0,,NA,NA,TRUE,FALSE
ope_spp,pri_abi,detrended,140,-0.04652251244406548,0.5851880792335724,-0.00815201941790033,0.9238439789898936,16,7,1,DE,0.7677504869280551,0.9642007997958275,FALSE,FALSE
ope_spp,sap_car,detrended,0,NA,NA,NA,NA,0,0,0,,NA,NA,TRUE,FALSE
ope_spp,sco_int,detrended,140,-0.04028396351050276,0.6365236783278403,-0.020082657278432576,0.8138093695636474,4,7,1,DE,0.8065569586788377,0.8925651150052906,FALSE,FALSE
ope_spp,sco_rat,detrended,40,0.19010384930047927,0.2400152376878287,0.010881801125703564,0.9468666385944238,3,2,1,DE,0.44668098971798015,0.975559567036679,FALSE,FALSE
ope_spp,sco_sco,detrended,68,0.14570919676845082,0.23577543355858047,0.2160934458144062,0.07674519709700302,9,4,1,DE,0.4434584750335854,0.18188405960791063,FALSE,FALSE
ope_spp,tet_gab,detrended,147,0.10884234340405484,0.18942570611944218,0.1328797346409871,0.10861469716020339,12,7,1,DE,0.38233910248328196,0.23301894053219416,FALSE,FALSE
ope_spp,tet_spp,detrended,126,0.0160153067418392,0.8587299323881266,0.04926884139482565,0.5837862921911809,9,6,1,DE,0.9512747621943658,0.7393511207693466,FALSE,FALSE
ope_spp,tha_pit,detrended,0,NA,NA,NA,NA,0,0,0,,NA,NA,TRUE,FALSE
ope_spp,tha_pro,detrended,168,0.13975893904676365,0.07078777975462713,0.16210689356705021,0.03578478573234255,26,8,1,DE,0.1980265737439569,0.10139022624163722,FALSE,FALSE
ope_spp,tom_spp,detrended,189,0.16123711807035637,0.02665990995066473,0.2408716827529818,8.415136394515e-4,39,9,1,DE,0.09541441456027377,0.005095192173117302,FALSE,FALSE
ope_spp,tor_vir,detrended,168,0.5394658813679394,4.525088081034076e-14,0.5144233932810626,9.838299522571794e-13,41,8,1,DE,4.444642070704582e-12,6.69004367534882e-11,FALSE,FALSE
ope_spp,uro_sir_spp,detrended,44,-0.11553285436035017,0.4551829728753102,-0.06920366455250176,0.6553329992973593,0,4,1,DE,0.6618120855621287,0.7828572586200887,FALSE,FALSE
ope_spp,xyl_lin,detrended,189,0.1565562633946181,0.03145269232735627,0.14559626015393093,0.045607941613025026,37,9,1,DE,0.10818747088475854,0.12180489542572243,FALSE,FALSE
ope_spp,xyl_spp,detrended,180,0.09364333717103583,0.2111702909265529,0.08633394034795312,0.24916707509161376,32,9,1,DE,0.4157562075257746,0.4263724536192787,FALSE,FALSE
ope_spp,zei_gri,detrended,4,-0.25753231870411564,0.7424676812958844,0.4,0.5999999999999999,2,1,1,DE,0.8774797032190589,0.746918415406374,TRUE,FALSE
pan_fla,pha_cya,detrended,369,0.022196035656093394,0.6708529475171635,0.10818525312162638,0.0377812392617965,172,21,2,"DE,PL",0.829418189657584,0.10502709279065442,FALSE,FALSE
pan_fla,pis_pin,detrended,73,0.021581212655749464,0.8561882236019314,0.008793039614957423,0.9411436826271211,22,6,2,"DE,LT",0.9508132926149979,0.9730655151372808,FALSE,FALSE
pan_fla,pit_bid,detrended,56,0.11835844375834305,0.3849585880401303,0.12460697197539304,0.36018379135678236,17,4,1,DE,0.5959779191374346,0.5452097115743075,FALSE,FALSE
pan_fla,pit_cha,detrended,87,0.26656428014976125,0.012570246387648006,0.2952358387402493,0.005501260870557799,32,7,2,"DE,LT",0.054362197315026194,0.02481180923251579,FALSE,FALSE
pan_fla,pit_spp,detrended,14,0.4875980999244544,0.0769557253243335,0.39340659340659345,0.16403157340077754,4,1,1,DE,0.2130836880215588,0.3251208764266532,FALSE,FALSE
pan_fla,pol_pol,detrended,3,NA,NA,NA,NA,3,1,1,LT,NA,NA,TRUE,FALSE
pan_fla,pri_abi,detrended,70,0.19907161201514204,0.09850504243512041,0.15923366284664509,0.18794754824273874,12,5,1,DE,0.2499283165380388,0.35609943783036746,FALSE,FALSE
pan_fla,sap_car,detrended,0,NA,NA,NA,NA,0,0,0,,NA,NA,TRUE,FALSE
pan_fla,sco_int,detrended,52,0.126590622663277,0.3711761871679007,0.1613591735678306,0.2531216515265537,11,4,1,DE,0.5859281240293289,0.4285567769074085,FALSE,FALSE
pan_fla,sco_rat,detrended,40,-0.09437342551736767,0.5624282692465601,0.11031894934333956,0.49798307196325586,10,4,2,"DE,LT",0.7499043589954134,0.6801523957011805,FALSE,FALSE
pan_fla,sco_sco,detrended,33,-0.0578733399410171,0.7490393709003356,-0.18783422459893048,0.29520413252104055,7,3,1,DE,0.8828677385011956,0.47882651953871536,FALSE,FALSE
pan_fla,tet_gab,detrended,56,0.04395156439147888,0.7477249386100795,0.059535201640464795,0.6629388986816963,9,4,1,DE,0.8824951211365958,0.7876854656379295,FALSE,FALSE
pan_fla,tet_spp,detrended,56,0.22401727464415133,0.09696473709626144,0.2555023923444976,0.05735982708890699,9,4,1,DE,0.24773649593380093,0.14528964798450938,FALSE,FALSE
pan_fla,tha_pit,detrended,5,-0.8529425644110861,0.06618273331164064,-0.8999999999999998,0.03738607346849869,2,1,1,DE,0.18872753628222685,0.1042564320067913,TRUE,FALSE
pan_fla,tha_pro,detrended,70,-0.07481661042123036,0.538189263566777,-0.11867728107777097,0.3278218167513489,9,5,1,DE,0.7252428490747422,0.5147326572081571,FALSE,FALSE
pan_fla,tom_spp,detrended,315,0.03938534621202244,0.4861083182020782,0.08180662896457462,0.1474547797792437,102,19,3,"DE,LT,PL",0.6844054794003709,0.3015401232887051,FALSE,FALSE
pan_fla,tor_vir,detrended,342,0.0014837831803279039,0.9781889401400199,0.01073438878781729,0.8432073644103013,118,22,3,"DE,LT,PL",0.9999999999999942,0.917974519875254,FALSE,FALSE
pan_fla,uro_sir_spp,detrended,7,-0.7874544100738309,0.03554295152559506,-0.9642857142857141,4.54149169194186e-4,0,1,1,DE,0.11812018476927079,0.002951969599762209,TRUE,FALSE
pan_fla,xyl_lin,detrended,70,0.2093616289527199,0.08195754478349075,0.11738255620680604,0.3331639583031013,23,5,1,DE,0.22224070425952705,0.519430227760038,FALSE,FALSE
pan_fla,xyl_spp,detrended,84,0.08548829750426835,0.43940988616069243,0.0802065404475043,0.4682925310666217,26,6,1,DE,0.6431098333875035,0.6488567358352564,FALSE,FALSE
pan_fla,zei_gri,detrended,2,NA,NA,NA,NA,1,1,1,DE,NA,NA,TRUE,FALSE
pha_cya,pis_pin,detrended,165,0.404235720307895,7.259430397509857e-8,0.42614805118478355,1.1509916875568744e-8,66,8,2,"DE,LT",2.916971123363051e-6,3.1796145368758656e-7,FALSE,FALSE
pha_cya,pit_bid,detrended,115,0.41083801291232486,5.0995426081849704e-06,0.535232383808096,7.154996569279374e-10,64,5,1,DE,1.0483710850315149e-4,2.8750077123831665e-8,FALSE,FALSE
pha_cya,pit_cha,detrended,404,0.3170468033599951,6.945703155127179e-11,0.40577462212722504,1.9108413962254804e-17,250,19,3,"AT,DE,LT",5.116667990943689e-9,1.6891837942633247e-15,FALSE,FALSE
pha_cya,pit_spp,detrended,398,0.08698143858309826,0.08307747120013867,0.17501048546838283,4.5221176172470523e-4,233,18,3,"AT,CZ,DE",0.22262672787891966,0.002951969599762209,FALSE,FALSE
pha_cya,pol_pol,detrended,188,0.11489179566580372,0.11641184006384193,0.09696644615292926,0.18557231813321978,125,9,2,"CZ,LT",0.2766345876785921,0.3552022383168419,FALSE,FALSE
pha_cya,pri_abi,detrended,337,-0.0027057464920975955,0.9605316441336285,0.12100547820132389,0.02633200810798921,139,15,2,"CZ,DE",0.9999999999999942,0.08203081178087704,FALSE,FALSE
pha_cya,sap_car,detrended,0,NA,NA,NA,NA,0,0,0,,NA,NA,TRUE,FALSE
pha_cya,sco_int,detrended,344,0.05287569325180094,0.3281670016985656,0.09815551238551175,0.06902131433196095,143,16,2,"CZ,DE",0.5479630570217914,0.16808496382769553,FALSE,FALSE
pha_cya,sco_rat,detrended,236,0.1666492057597687,0.010333097331458757,0.17615889202846619,0.006666003462544421,112,12,3,"CZ,DE,LT",0.04732879813994582,0.029028310644774718,FALSE,FALSE
pha_cya,sco_sco,detrended,85,0.12013920041839733,0.2734285236067003,0.08747312878639829,0.4260034690513531,24,5,1,DE,0.4892931475067268,0.6103518097915659,FALSE,FALSE
pha_cya,tet_gab,detrended,312,0.15708544265824023,0.005422017915939028,0.20572140227379945,2.538090294444913e-4,129,14,2,"AT,DE",0.02940529961773068,0.0018390752625322155,FALSE,FALSE
pha_cya,tet_spp,detrended,184,0.027405921026950483,0.7119130969162819,0.08606846333147115,0.24536131062429278,59,8,1,DE,0.8527522732709936,0.42446066260640863,FALSE,FALSE
pha_cya,tha_pit,detrended,11,0.304774788749972,0.3621358993857987,0.2727272727272727,0.41714143714253127,11,1,1,DE,0.5801934437743788,0.6015546989135362,FALSE,FALSE
pha_cya,tha_pro,detrended,230,0.07688229488662328,0.2455017380160433,0.09222381946893053,0.16331893372788464,95,10,1,DE,0.45497596730855827,0.32443581441674163,FALSE,FALSE
pha_cya,tom_spp,detrended,868,0.10124573953008452,0.002824088714935705,0.20426315310746634,1.251971182779598e-9,486,41,5,"AT,CZ,DE,LT,PL",0.017960391539591104,4.8119240242485415e-8,FALSE,FALSE
pha_cya,tor_vir,detrended,539,-0.03752185139681167,0.38462558771283617,-0.055349948924032825,0.19948314345902002,268,28,3,"DE,LT,PL",0.5959779191374346,0.36833333333333307,FALSE,FALSE
pha_cya,uro_sir_spp,detrended,48,0.2852418202275059,0.049395825030271887,0.21895353886235347,0.13486817362058237,8,4,1,DE,0.1521460255287817,0.2811874185863085,FALSE,FALSE
pha_cya,xyl_lin,detrended,230,0.14321363662943026,0.029907475583942435,0.15882226753690584,0.015915056369189256,122,10,1,DE,0.10408743470946895,0.057190690367330495,FALSE,FALSE
pha_cya,xyl_spp,detrended,242,0.3236714947615473,2.6281228815027275e-7,0.3927853072829811,2.371713244996002e-10,118,11,1,DE,8.935617797109274e-6,1.1034707939876136e-8,FALSE,FALSE
pha_cya,zei_gri,detrended,137,-0.04807721438561444,0.5769153607947557,-0.08095002520208336,0.347033655539145,69,8,2,"CZ,DE",0.7611838491680061,0.5326002630149379,FALSE,FALSE
pis_pin,pit_bid,detrended,115,0.31468983547533425,6.142120673605693e-4,0.43284147399984224,1.356821323201871e-6,43,5,1,DE,0.005220802572564839,1.7134714995863628e-5,FALSE,FALSE
pis_pin,pit_cha,detrended,179,0.36617214999483205,4.633151263471146e-7,0.3877597137656142,8.192235009019557e-8,80,8,2,"DE,LT",1.4123123161753423e-5,1.6458944881757474e-6,FALSE,FALSE
pis_pin,pit_spp,detrended,22,0.2971908533910761,0.17921876355964547,0.31564088085827213,0.1524436405505264,2,1,1,DE,0.3705271322595885,0.308375693928296,FALSE,FALSE
pis_pin,pol_pol,detrended,17,0.35069041596423495,0.16755589445412503,0.0931372549019608,0.7221860910253712,17,1,1,LT,0.3564655906956488,0.8356184613434924,FALSE,FALSE
pis_pin,pri_abi,detrended,132,0.1251489563271683,0.1527732416796595,0.16893030633488645,0.05282586664222979,24,6,1,DE,0.33559194170981965,0.136145965340324,FALSE,FALSE
pis_pin,sap_car,detrended,0,NA,NA,NA,NA,0,0,0,,NA,NA,TRUE,FALSE
pis_pin,sco_int,detrended,110,0.14372379456740053,0.13414445365211797,0.17809886617226064,0.06267500494402836,36,5,1,DE,0.3064178217789982,0.1556311920520255,FALSE,FALSE
pis_pin,sco_rat,detrended,73,0.29370088559895696,0.011670413968388907,0.14701345180797235,0.2145465069407501,42,4,2,"DE,LT",0.051326596756496486,0.38548600027565666,FALSE,FALSE
pis_pin,sco_sco,detrended,68,0.19164751897996268,0.1174383073674058,0.3714547467267244,0.001816470137144629,22,4,1,DE,0.27758145377750465,0.009558092864499119,FALSE,FALSE
pis_pin,tet_gab,detrended,138,0.38663621460678566,2.81178121622295e-6,0.43605433013157857,8.996483350032778e-8,28,6,1,DE,6.37337075677202e-5,1.7288894090062988e-6,FALSE,FALSE
pis_pin,tet_spp,detrended,92,0.3119922618619282,0.002465351137332114,0.30642849436678327,0.0029703559720446536,12,4,1,DE,0.016024782392658744,0.014513051189576744,FALSE,FALSE
pis_pin,tha_pit,detrended,11,0.3060426202124528,0.36004058638866265,0.20909090909090908,0.5372209352113229,8,1,1,DE,0.5801934437743788,0.7107171899058677,FALSE,FALSE
pis_pin,tha_pro,detrended,138,0.10557059034243,0.21782209784341305,0.1378961572094276,0.10676765398784918,23,6,1,DE,0.4260060497645512,0.23071091125666807,FALSE,FALSE
pis_pin,tom_spp,detrended,179,0.3521467001413715,1.3371712758193235e-6,0.40951185320025946,1.2546871041621455e-8,80,8,2,"DE,LT",3.3773125937836626e-5,3.3610406063010205e-7,FALSE,FALSE
pis_pin,tor_vir,detrended,175,0.03128223765392266,0.6811018219036794,0.0782154052843708,0.30354801083199084,56,8,2,"DE,LT",0.837404743481019,0.4869989865253719,FALSE,FALSE
pis_pin,uro_sir_spp,detrended,24,-0.2556754564311743,0.22787453579222197,0.07826086956521738,0.7162392905010877,1,2,1,DE,0.43603847533390205,0.8298237651414961,FALSE,FALSE
pis_pin,xyl_lin,detrended,138,0.19938213229431556,0.01905282228019526,0.2775024030283865,9.834152406583462e-4,53,6,1,DE,0.07259782282626125,0.005719336004881435,FALSE,FALSE
pis_pin,xyl_spp,detrended,154,0.33083883613221754,2.7799207381197693e-5,0.4142421778095403,9.262706352174153e-8,55,7,1,DE,4.388303450889065e-4,1.7421771096429682e-6,FALSE,FALSE
pis_pin,zei_gri,detrended,4,0.3055709092913266,0.6944290907086734,0.4,0.5999999999999999,4,1,1,DE,0.8423172602935383,0.746918415406374,TRUE,FALSE
pit_bid,pit_cha,detrended,115,0.2670406017040678,0.0039142435984426995,0.3778426576185592,3.140175721439373e-5,63,5,1,DE,0.023222760678009036,2.953101423140857e-4,FALSE,FALSE
pit_bid,pit_spp,detrended,22,0.31892957085655915,0.14798372362486165,0.25917560700169395,0.2441331865660936,1,1,1,DE,0.3320271778693559,0.42399555387903093,FALSE,FALSE
pit_bid,pol_pol,detrended,0,NA,NA,NA,NA,0,0,0,,NA,NA,TRUE,FALSE
pit_bid,pri_abi,detrended,110,0.020786780284667183,0.8293413436082135,0.08459752496449743,0.37956003404883454,30,5,1,DE,0.9371732321247629,0.5658196797625122,FALSE,FALSE
pit_bid,sap_car,detrended,0,NA,NA,NA,NA,0,0,0,,NA,NA,TRUE,FALSE
pit_bid,sco_int,detrended,110,0.14027745357521962,0.14383073315079678,0.17172418456822122,0.07283959498604028,38,5,1,DE,0.32601632847513934,0.1749733749121185,FALSE,FALSE
pit_bid,sco_rat,detrended,66,0.3707119473662001,0.0021831734057842977,0.34820999895626764,0.004169122591794606,31,3,1,DE,0.014845579159333225,0.0195000231277589,FALSE,FALSE
pit_bid,sco_sco,detrended,68,0.13266614357290432,0.2808168000413641,0.225980074054281,0.06388529702068305,18,4,1,DE,0.49648410247313174,0.1577502864979995,FALSE,FALSE
pit_bid,tet_gab,detrended,92,0.2560165132729105,0.01376838655685887,0.26877610468073293,0.009580368447896214,19,4,1,DE,0.05730011026215931,0.038671441588768285,FALSE,FALSE
pit_bid,tet_spp,detrended,69,0.06834356856942589,0.5768538862598324,0.007526488856412131,0.9510578567161332,4,3,1,DE,0.7611838491680061,0.9781787222568631,FALSE,FALSE
pit_bid,tha_pit,detrended,11,0.1929604035461314,0.5697252360008376,0.2,0.5554454421055857,7,1,1,DE,0.7573490355259255,0.7199615407937503,FALSE,FALSE
pit_bid,tha_pro,detrended,92,-0.12791385001797068,0.22431639684693128,-0.04423346639335419,0.6754525005674833,18,4,1,DE,0.4339484173856311,0.7993306700156028,FALSE,FALSE
pit_bid,tom_spp,detrended,115,0.23478223992563227,0.011548045667957096,0.28668034403850706,0.0018951514753884843,64,5,1,DE,0.051298856133035545,0.009854787672020119,FALSE,FALSE
pit_bid,tor_vir,detrended,115,0.24425485816695383,0.00852094820584785,0.22971672058707493,0.01352464105901884,56,5,1,DE,0.040937598988964666,0.050024195381475546,FALSE,FALSE
pit_bid,uro_sir_spp,detrended,24,-0.07692371608870535,0.7208970022337886,0.1217391304347826,0.5709355226889166,1,2,1,DE,0.8617235136832371,0.7314594232710178,FALSE,FALSE
pit_bid,xyl_lin,detrended,115,0.1025733691668062,0.2753430739948379,0.1989189615718457,0.0330717352638241,62,5,1,DE,0.49053614261124223,0.09648651476310396,FALSE,FALSE
pit_bid,xyl_spp,detrended,110,0.17984186540156724,0.06010679934823893,0.3552374726686653,1.3998929426656777e-4,61,5,1,DE,0.1765262811423363,0.001114869694879693,FALSE,FALSE
pit_bid,zei_gri,detrended,4,-0.030706809257291745,0.9692931907427083,0,1,2,1,1,DE,0.9999999999999942,1,TRUE,FALSE
pit_cha,pit_spp,detrended,244,0.08538378836281961,0.18374327932475798,0.23564014555427512,2.0372229976763938e-4,197,12,3,"AT,DE,SI",0.3759931919515881,0.0015525044223671828,FALSE,FALSE
pit_cha,pol_pol,detrended,17,0.8419189475455909,2.251811550333419e-5,0.5637254901960785,0.018434989515692304,17,1,1,LT,3.686298908323597e-4,0.06415956981051966,FALSE,FALSE
pit_cha,pri_abi,detrended,176,0.02604228885423697,0.7315334734479125,0.0363416244772177,0.6320461054927147,48,8,1,DE,0.8703574569689834,0.7685402438178265,FALSE,FALSE
pit_cha,sap_car,detrended,0,NA,NA,NA,NA,0,0,0,,NA,NA,TRUE,FALSE
pit_cha,sco_int,detrended,176,0.07748618747632297,0.30669416271566263,0.06169711644287915,0.41596140159784123,62,8,1,DE,0.5280305394038991,0.6015546989135362,FALSE,FALSE
pit_cha,sco_rat,detrended,73,0.2889848704046154,0.013152096273726741,0.19708749845736145,0.09466468782043708,44,4,2,"DE,LT",0.05588976204586481,0.21239488333316336,FALSE,FALSE
pit_cha,sco_sco,detrended,85,0.03156272110747058,0.7742985478269923,0.01170607777994919,0.9153202487887272,26,5,1,DE,0.8947449886000799,0.9588554409137828,FALSE,FALSE
pit_cha,tet_gab,detrended,333,0.2904560238204154,6.769193343521297e-8,0.28832566062924625,8.516468910170849e-8,159,15,2,"AT,DE",2.8495080550822982e-6,1.6730130036868958e-6,FALSE,FALSE
pit_cha,tet_spp,detrended,184,0.20204763353059163,0.005951249416083937,0.26808190942189514,2.339341305388928e-4,68,8,1,DE,0.03188426959889818,0.001719384648817357,FALSE,FALSE
pit_cha,tha_pit,detrended,11,-0.3251536555458604,0.3292226314143215,-0.24545454545454548,0.4669223669820156,11,1,1,DE,0.5479630570217914,0.6479738970362673,FALSE,FALSE
pit_cha,tha_pro,detrended,230,-0.11482734149640436,0.0822624421401688,-0.04891470784768677,0.46037559186027943,92,10,1,DE,0.22238531758993646,0.6419117085244275,FALSE,FALSE
pit_cha,tom_spp,detrended,439,0.20696036123187525,1.2347809283843165e-5,0.18295160233407182,1.1576897597303891e-4,325,20,3,"AT,DE,LT",2.4256585348705241e-4,9.388970161483156e-4,FALSE,FALSE
pit_cha,tor_vir,detrended,244,0.1440831137426468,0.024395014564776045,0.14670995295507394,0.02188647443098773,112,11,2,"DE,LT",0.08874564969243631,0.07246308388386949,FALSE,FALSE
pit_cha,uro_sir_spp,detrended,48,0.3443933550933182,0.016531417422407647,0.26172383847155883,0.07234431033837746,11,4,1,DE,0.06494153380673376,0.17438285364749245,FALSE,FALSE
pit_cha,xyl_lin,detrended,230,0.2011463388331948,0.002174476882784353,0.22213438735177865,6.913928834033198e-4,138,10,1,DE,0.014845579159333225,0.00427406509740234,FALSE,FALSE
pit_cha,xyl_spp,detrended,242,0.1202884009845707,0.06171339943033715,0.26242601208023064,3.566011258726313e-5,118,11,1,DE,0.17945606939611197,3.31826731864638e-4,FALSE,FALSE
pit_cha,zei_gri,detrended,4,0.8209162873006064,0.17908371269939352,0.8,0.19999999999999987,4,1,1,DE,0.3705271322595885,0.36833333333333307,TRUE,FALSE
pit_spp,pol_pol,detrended,184,0.20631616071064376,0.004956745613958684,0.17634990657086164,0.01663747497408255,119,8,1,CZ,0.02755825863358161,0.0593045478914878,FALSE,FALSE
pit_spp,pri_abi,detrended,224,0.053834771113528274,0.4226692964317701,0.17979713858637628,0.0069773497752823425,90,10,2,"CZ,DE",0.6258620737783664,0.02979699131086759,FALSE,FALSE
pit_spp,sap_car,detrended,0,NA,NA,NA,NA,0,0,0,,NA,NA,TRUE,FALSE
pit_spp,sco_int,detrended,231,0.029462499775438123,0.6559882377073729,0.10632508421114117,0.10700392942899763,92,11,2,"CZ,DE",0.8225441165011598,0.23071091125666807,FALSE,FALSE
pit_spp,sco_rat,detrended,168,0.20308086156592312,0.008287027615570581,0.18848608784122375,0.014413430957550532,72,8,1,CZ,0.04003132465663603,0.05243404512952539,FALSE,FALSE
pit_spp,sco_sco,detrended,16,-0.6231371577402516,0.0099157695235078,-0.15,0.5792486306642537,2,1,1,DE,0.04613442241463629,0.736770920154245,FALSE,FALSE
pit_spp,tet_gab,detrended,171,0.16852399606196403,0.02756960168573346,0.16540667674658607,0.030616380411992328,106,8,2,"AT,DE",0.09748611156075351,0.09255116462283258,FALSE,FALSE
pit_spp,tet_spp,detrended,88,0.1879270468846961,0.07953963114074686,0.0931104927617907,0.3882246235022684,37,4,1,DE,0.2180412206452368,0.5767908692033702,FALSE,FALSE
pit_spp,tha_pit,detrended,23,0.2298147042481303,0.29147496113251387,0.2509881422924901,0.24801687332012579,23,1,1,HR,0.5122542060460085,0.4263724536192787,FALSE,FALSE
pit_spp,tha_pro,detrended,88,-0.14908743047637682,0.16564666481183904,-0.21286675354865978,0.046458985567270725,49,4,1,DE,0.3536996417721394,0.12370404590803409,FALSE,FALSE
pit_spp,tom_spp,detrended,398,0.08637135939244128,0.08526882878887342,0.22812905458334645,4.273629891711093e-6,294,18,3,"AT,CZ,DE",0.22635929324133364,5.105255167935954e-5,FALSE,FALSE
pit_spp,tor_vir,detrended,66,0.1039558162273817,0.4061664980190576,0.145684166579689,0.24314185220154824,24,3,1,DE,0.6169264334172627,0.4239396397360328,FALSE,FALSE
pit_spp,uro_sir_spp,detrended,22,0.20366195577321788,0.36330871038524515,0.37549407114624506,0.08505436731083481,3,2,1,DE,0.5801934437743788,0.19580224141348462,FALSE,FALSE
pit_spp,xyl_lin,detrended,88,0.23964941518668026,0.024522347390087993,0.3272692050297629,0.0018560755423937527,31,4,1,DE,0.08884325857720403,0.009708702837136552,FALSE,FALSE
pit_spp,xyl_spp,detrended,84,0.17919126866661902,0.10290362982235689,0.23211501468057102,0.033619804873679056,32,4,1,DE,0.2527307431737063,0.09768152772737877,FALSE,FALSE
pit_spp,zei_gri,detrended,133,-0.033231686575858,0.7041430196541495,-0.027504310300853898,0.7533231825852605,58,7,1,CZ,0.8500836055478729,0.85706266847538,FALSE,FALSE
pol_pol,pri_abi,detrended,161,-0.02486903788183208,0.7541724641871983,-0.020954106280193237,0.7919069917204957,87,7,1,CZ,0.8877342987236795,0.8805607304162493,FALSE,FALSE
pol_pol,sap_car,detrended,0,NA,NA,NA,NA,0,0,0,,NA,NA,TRUE,FALSE
pol_pol,sco_int,detrended,168,0.2145401751266046,0.005228795705014037,0.23094132951341614,0.002596909862444744,84,8,1,CZ,0.028532440760693882,0.012897013024725583,FALSE,FALSE
pol_pol,sco_rat,detrended,175,0.2525723814275303,7.459309654339471e-4,0.17089117778772953,0.023750833737980585,79,9,2,"CZ,LT",0.006162644611622516,0.07657989293844686,FALSE,FALSE
pol_pol,sco_sco,detrended,0,NA,NA,NA,NA,0,0,0,,NA,NA,TRUE,FALSE
pol_pol,tet_gab,detrended,0,NA,NA,NA,NA,0,0,0,,NA,NA,TRUE,FALSE
pol_pol,tet_spp,detrended,0,NA,NA,NA,NA,0,0,0,,NA,NA,TRUE,FALSE
pol_pol,tha_pit,detrended,0,NA,NA,NA,NA,0,0,0,,NA,NA,TRUE,FALSE
pol_pol,tha_pro,detrended,0,NA,NA,NA,NA,0,0,0,,NA,NA,TRUE,FALSE
pol_pol,tom_spp,detrended,201,0.08965379013606493,0.20562591887058176,0.11504802719077878,0.10388175887955337,151,9,2,"CZ,LT",0.40847935344178493,0.22730563081565638,FALSE,FALSE
pol_pol,tor_vir,detrended,13,0.8691311248853345,1.1445165607586987e-4,0.3681318681318681,0.21585718064938147,13,1,1,LT,0.00140521199959818,0.3862707443199458,FALSE,FALSE
pol_pol,uro_sir_spp,detrended,0,NA,NA,NA,NA,0,0,0,,NA,NA,TRUE,FALSE
pol_pol,xyl_lin,detrended,0,NA,NA,NA,NA,0,0,0,,NA,NA,TRUE,FALSE
pol_pol,xyl_spp,detrended,0,NA,NA,NA,NA,0,0,0,,NA,NA,TRUE,FALSE
pol_pol,zei_gri,detrended,133,-0.1415110983296657,0.10421201099484828,-0.09080707195396905,0.2985711639194612,58,7,1,CZ,0.2544845793354859,0.48229711839665323,FALSE,FALSE
pri_abi,sap_car,detrended,0,NA,NA,NA,NA,0,0,0,,NA,NA,TRUE,FALSE
pri_abi,sco_int,detrended,273,0.04055143572774659,0.5046317131192017,0.047709482445420615,0.432383091561095,69,13,2,"CZ,DE",0.7019807263541338,0.6164946015161419,FALSE,FALSE
pri_abi,sco_rat,detrended,210,0.0938969656280051,0.17523555955396433,0.11624559027901508,0.09291745473351572,63,10,2,"CZ,DE",0.3662133206754243,0.21061289739596895,FALSE,FALSE
pri_abi,sco_sco,detrended,64,0.20736838533076732,0.10013972560521399,0.07907509157509157,0.5345295929299907,8,4,1,DE,0.25077483692637154,0.7105626468422734,FALSE,FALSE
pri_abi,tet_gab,detrended,132,0.15125700434804154,0.0834058635915751,0.11687268135640974,0.18201646295055457,14,6,1,DE,0.22275161152553594,0.35055022494180876,FALSE,FALSE
pri_abi,tet_spp,detrended,110,-0.05539727768698462,0.5654157101486721,-0.053174943083199956,0.5811380396213474,6,5,1,DE,0.7527522406196177,0.7370531234221966,FALSE,FALSE
pri_abi,tha_pit,detrended,10,-0.023610124727303644,0.948381632613353,0.10303030303030301,0.7769984634438898,0,1,1,DE,0.9980587657502429,0.8737467207598348,FALSE,FALSE
pri_abi,tha_pro,detrended,154,0.10020105202515463,0.21629290738120455,-0.012106426148171881,0.8815392539938898,18,7,1,DE,0.42395328187358056,0.9355110450547403,FALSE,FALSE
pri_abi,tom_spp,detrended,337,0.1373172702402928,0.011622338836486088,0.14893891203523704,0.006157191261035506,148,15,2,"CZ,DE",0.051326596756496486,0.02735154308922305,FALSE,FALSE
pri_abi,tor_vir,detrended,154,-0.10262894423862541,0.20531177743313395,-0.16846644816284287,0.036749872761049865,43,7,1,DE,0.40847935344178493,0.10280660607837999,FALSE,FALSE
pri_abi,uro_sir_spp,detrended,36,0.012280385509743176,0.9433304937870919,0.05096525096525097,0.7678476369276919,3,3,1,DE,0.9950816139478245,0.8698254466102224,FALSE,FALSE
pri_abi,xyl_lin,detrended,176,0.028649725995903434,0.7058386498553605,0.07911732335461148,0.29659276453566713,45,8,1,DE,0.8500836055478729,0.480197809248223,FALSE,FALSE
pri_abi,xyl_spp,detrended,168,0.03616376479611539,0.6416531744183966,0.08434103897024212,0.27705405388443427,45,8,1,DE,0.8103162945512323,0.4586437895764792,FALSE,FALSE
pri_abi,zei_gri,detrended,117,-0.12417269770183591,0.1822428507262064,-0.1983770174886481,0.03202534427265729,51,7,2,"CZ,DE",0.3746573954464336,0.09500135683566793,FALSE,FALSE
sap_car,sco_int,detrended,0,NA,NA,NA,NA,0,0,0,,NA,NA,TRUE,FALSE
sap_car,sco_rat,detrended,0,NA,NA,NA,NA,0,0,0,,NA,NA,TRUE,FALSE
sap_car,sco_sco,detrended,0,NA,NA,NA,NA,0,0,0,,NA,NA,TRUE,FALSE
sap_car,tet_gab,detrended,0,NA,NA,NA,NA,0,0,0,,NA,NA,TRUE,FALSE
sap_car,tet_spp,detrended,0,NA,NA,NA,NA,0,0,0,,NA,NA,TRUE,FALSE
sap_car,tha_pit,detrended,0,NA,NA,NA,NA,0,0,0,,NA,NA,TRUE,FALSE
sap_car,tha_pro,detrended,0,NA,NA,NA,NA,0,0,0,,NA,NA,TRUE,FALSE
sap_car,tom_spp,detrended,0,NA,NA,NA,NA,0,0,0,,NA,NA,TRUE,FALSE
sap_car,tor_vir,detrended,0,NA,NA,NA,NA,0,0,0,,NA,NA,TRUE,FALSE
sap_car,uro_sir_spp,detrended,0,NA,NA,NA,NA,0,0,0,,NA,NA,TRUE,FALSE
sap_car,xyl_lin,detrended,0,NA,NA,NA,NA,0,0,0,,NA,NA,TRUE,FALSE
sap_car,xyl_spp,detrended,0,NA,NA,NA,NA,0,0,0,,NA,NA,TRUE,FALSE
sap_car,zei_gri,detrended,0,NA,NA,NA,NA,0,0,0,,NA,NA,TRUE,FALSE
sco_int,sco_rat,detrended,234,0.2271420992093156,4.6198156257179387e-4,0.24557551236393355,1.4779823886321933e-4,92,11,2,"CZ,DE",0.004298860013825956,0.001166550385313267,FALSE,FALSE
sco_int,sco_sco,detrended,80,-0.0903915182963324,0.42522096897558825,0.10977496483825597,0.33237675139658196,16,5,1,DE,0.6285875193552174,0.5191184597784072,FALSE,FALSE
sco_int,tet_gab,detrended,154,0.06370154240084137,0.43252842958801496,0.09177653466078514,0.2576224167210622,35,7,1,DE,0.637258552926342,0.4329623885578307,FALSE,FALSE
sco_int,tet_spp,detrended,132,-0.02160766991099449,0.8057435811021036,-0.11777013665322221,0.17866019609032596,17,6,1,DE,0.9167018348703471,0.3455921517370857,FALSE,FALSE
sco_int,tha_pit,detrended,11,0.030955893991623802,0.9280087118220247,0.12727272727272726,0.7092146257733047,10,1,1,DE,0.9907725860515337,0.8254941135965955,FALSE,FALSE
sco_int,tha_pro,detrended,154,-0.041149162969103086,0.612363960045388,-0.11721169406178895,0.1477000830135852,33,7,1,DE,0.7845358560581492,0.3015401232887051,FALSE,FALSE
sco_int,tom_spp,detrended,344,0.24255857677455706,5.350535967500647e-6,0.19565040518590793,2.6131112505291206e-4,153,16,2,"CZ,DE",1.074971317106948e-4,0.0018628954398933408,FALSE,FALSE
sco_int,tor_vir,detrended,154,0.04377717220652356,0.5898227993356618,0.10920426821755096,0.17759926676132176,37,7,1,DE,0.7701674366509972,0.3442933153881764,FALSE,FALSE
sco_int,uro_sir_spp,detrended,48,0.13815879888018212,0.34903521585986363,0.01628310898827616,0.9125313622914824,5,4,1,DE,0.5703274137155627,0.9588554409137828,FALSE,FALSE
sco_int,xyl_lin,detrended,176,-0.2700027124347508,2.900702449594018e-4,-0.12956636583755227,0.08655153282674372,51,8,1,DE,0.0029922581407566665,0.19821646377938199,FALSE,FALSE
sco_int,xyl_spp,detrended,168,-0.08456289074902072,0.2757878539341486,-0.028930305070332715,0.7097008216441318,48,8,1,DE,0.49053614261124223,0.8254941135965955,FALSE,FALSE
sco_int,zei_gri,detrended,122,-0.0063765394468768615,0.9444270069029691,-0.031494840080496724,0.7305634162325796,43,8,2,"CZ,DE",0.9950816139478245,0.8375328261693233,FALSE,FALSE
sco_rat,sco_sco,detrended,48,0.16548195005384322,0.2609950780019887,0.12483716891011724,0.39788022966581127,16,3,1,DE,0.47375697937116634,0.586210205040962,FALSE,FALSE
sco_rat,tet_gab,detrended,66,0.12793599781297502,0.3059710558136574,0.12347354138398917,0.3232878655868954,17,3,1,DE,0.5280305394038991,0.5097103249780016,FALSE,FALSE
sco_rat,tet_spp,detrended,44,0.10522103710333897,0.496659556363114,0.1770260747004933,0.25032500387828693,2,2,1,DE,0.6946946959256214,0.4263724536192787,FALSE,FALSE
sco_rat,tha_pit,detrended,11,0.6932981974953009,0.017997262848972195,0.5363636363636364,0.08895341813596276,9,1,1,DE,0.0688726422445516,0.20266706606234813,FALSE,FALSE
sco_rat,tha_pro,detrended,44,0.09283866767441264,0.548912593535434,0.07723749119097956,0.6182502057374928,14,2,1,DE,0.7352102010383691,0.7580210566878551,FALSE,FALSE
sco_rat,tom_spp,detrended,241,0.1460427632394418,0.023354987160968718,0.1438119406056034,0.025577170456392854,125,12,3,"CZ,DE,LT",0.08566725581035828,0.08075078101232601,FALSE,FALSE
sco_rat,tor_vir,detrended,72,0.34300930562137244,0.0031814513508360517,0.41809762685703267,2.5768551885473593e-4,34,4,2,"DE,LT",0.019530576348187986,0.0018519837290047686,FALSE,FALSE
sco_rat,uro_sir_spp,detrended,12,0.09340013513288598,0.7728007117929905,0.2097902097902098,0.5128409431818264,1,1,1,DE,0.8947449886000799,0.6900065086290584,FALSE,FALSE
sco_rat,xyl_lin,detrended,66,0.20379638248925439,0.10073706828885541,0.14100824548585744,0.25876193508037365,37,3,1,DE,0.2509889867431724,0.4335046824561601,FALSE,FALSE
sco_rat,xyl_spp,detrended,63,0.22553794417220932,0.07552199092294064,0.21745391705069123,0.08690104503373956,35,3,1,DE,0.20994163514427522,0.19850264550342578,FALSE,FALSE
sco_rat,zei_gri,detrended,122,-0.03382081735667269,0.711514140319542,-0.02688841818644443,0.7687670320209905,42,8,2,"CZ,DE",0.8527522732709936,0.8698254466102224,FALSE,FALSE
sco_sco,tet_gab,detrended,85,0.3010392628115147,0.005116484895001458,0.2516904436193082,0.020144017789279062,15,5,1,DE,0.028092997808579434,0.06796683864779653,FALSE,FALSE
sco_sco,tet_spp,detrended,68,0.05279177710305607,0.6689718386718565,0.15501775012406,0.20685678144243078,6,4,1,DE,0.8294124900223299,0.37625801398170533,FALSE,FALSE
sco_sco,tha_pit,detrended,6,0.13027063816115256,0.8056994177283456,0.028571428571428574,0.9571545189504373,5,1,1,DE,0.9167018348703471,0.9781787222568631,TRUE,FALSE
sco_sco,tha_pro,detrended,68,0.2569640156927357,0.03439967454707823,0.30908119250295835,0.010328747350755597,18,4,1,DE,0.11518678901370134,0.04112888584715292,FALSE,FALSE
sco_sco,tom_spp,detrended,85,0.20585240378393874,0.05874978819489344,0.13922220050811024,0.2038143287044279,25,5,1,DE,0.1742778951821671,0.3734462253017898,FALSE,FALSE
sco_sco,tor_vir,detrended,85,0.15078279364448469,0.1683715910386417,0.24172366621067032,0.02583072487892541,19,5,1,DE,0.3564655906956488,0.08097291061336902,FALSE,FALSE
sco_sco,uro_sir_spp,detrended,24,-0.09666423849767551,0.6531930848488852,-0.2443478260869565,0.24985580217174003,0,3,1,DE,0.8213693983021543,0.4263724536192787,FALSE,FALSE
sco_sco,xyl_lin,detrended,85,0.20924229069465042,0.05461988721764641,0.27260113347664644,0.011601342987384428,25,5,1,DE,0.16423122551156266,0.04537331642655925,FALSE,FALSE
sco_sco,xyl_spp,detrended,80,0.2169407696811265,0.0532453656905399,0.2600328176277544,0.019836549025869274,23,5,1,DE,0.16174880848947515,0.0672035405102652,FALSE,FALSE
sco_sco,zei_gri,detrended,4,-0.5329077745589236,0.4670922254410764,-0.4,0.6000000000000001,1,1,1,DE,0.6703076741719344,0.746918415406374,TRUE,FALSE
tet_gab,tet_spp,detrended,161,0.2762713500788441,3.889423761385324e-4,0.32565562456866803,2.493349072310066e-5,63,7,1,DE,0.0037372289185485068,2.4218433228710562e-4,FALSE,FALSE
tet_gab,tha_pit,detrended,11,-0.01933977648818883,0.9549925922648348,-0.12727272727272726,0.7092146257733051,3,1,1,DE,0.9999999999999942,0.8254941135965955,FALSE,FALSE
tet_gab,tha_pro,detrended,184,-0.02974535389589809,0.6885492284391626,0.027273602897266474,0.7132428526789731,61,8,1,DE,0.8395551971589237,0.8275952670286045,FALSE,FALSE
tet_gab,tom_spp,detrended,312,0.16763168737040468,0.0029767773866475364,0.2084437346448996,2.0900041910232084e-4,151,14,2,"AT,DE",0.018401896572002953,0.0015791142776619797,FALSE,FALSE
tet_gab,tor_vir,detrended,184,0.06023365297202763,0.41666609743235783,0.055215657567760194,0.45660693104798766,27,8,1,DE,0.6251274697135977,0.6406992492800334,FALSE,FALSE
tet_gab,uro_sir_spp,detrended,48,0.24030159457166722,0.09993291347163995,0.29700390794615716,0.04036684468105524,12,4,1,DE,0.25077483692637154,0.11082077856538147,FALSE,FALSE
tet_gab,xyl_lin,detrended,184,0.10435635764793405,0.15860940364917503,0.11893818265878137,0.10781884155768322,48,8,1,DE,0.34067956546151507,0.23190232588075904,FALSE,FALSE
tet_gab,xyl_spp,detrended,198,0.1890523068154335,0.00764278167975014,0.22160718992594106,0.0017030714478399377,42,9,1,DE,0.03753455002721736,0.009124334302366695,FALSE,FALSE
tet_gab,zei_gri,detrended,4,0.6227927771704475,0.37720722282955255,0.4,0.5999999999999999,1,1,1,DE,0.5912255052860362,0.746918415406374,TRUE,FALSE
tet_spp,tha_pit,detrended,11,-0.07297155444105795,0.8311581606174367,-0.045454545454545456,0.8944269969053027,1,1,1,DE,0.9371732321247629,0.9469143296578294,FALSE,FALSE
tet_spp,tha_pro,detrended,161,0.11216551344272659,0.1565982495346617,0.15344490453186105,0.051973687940382214,56,7,1,DE,0.3392962073251003,0.13473530832638672,FALSE,FALSE
tet_spp,tom_spp,detrended,184,0.070825778923399,0.3393851395387816,0.1282194525245131,0.08281743835347978,59,8,1,DE,0.5597322077467964,0.1926595144854635,FALSE,FALSE
tet_spp,tor_vir,detrended,161,0.023196346851834176,0.7702295962553719,-0.0019956291695422132,0.9799557245324467,13,7,1,DE,0.8947449886000799,0.9934413537691318,FALSE,FALSE
tet_spp,uro_sir_spp,detrended,48,0.27927245235804754,0.05456875533262278,0.30851063829787234,0.032889775356278024,11,4,1,DE,0.16423122551156266,0.09627338216870786,FALSE,FALSE
tet_spp,xyl_lin,detrended,161,0.2041568867673535,0.009385183649597848,0.22634288014722798,0.0038874004196539037,37,7,1,DE,0.04389683781081745,0.018475601994484146,FALSE,FALSE
tet_spp,xyl_spp,detrended,176,0.08852232887680084,0.24268241080638378,0.12233105877173674,0.10578735562885862,27,8,1,DE,0.45069590578328417,0.23033503048253942,FALSE,FALSE
tet_spp,zei_gri,detrended,4,-5.7821588094750315e-15,0.9999999999999942,0,1,0,1,1,DE,0.9999999999999942,1,TRUE,FALSE
tha_pit,tha_pro,detrended,11,-0.13384363873864796,0.6948097462688109,0,1,7,1,1,DE,0.8423172602935383,1,FALSE,FALSE
tha_pit,tom_spp,detrended,11,0.056316164182262936,0.8693681625802496,0.02727272727272727,0.9365584481926124,11,1,1,DE,0.9533553027771076,0.9726833559408847,FALSE,FALSE
tha_pit,tor_vir,detrended,19,-0.006321986882747648,0.9795076528638926,0.028070175438596492,0.9091820663410367,9,2,2,"BG,DE",0.9999999999999942,0.9579463011269088,FALSE,FALSE
tha_pit,uro_sir_spp,detrended,0,NA,NA,NA,NA,0,0,0,,NA,NA,TRUE,FALSE
tha_pit,xyl_lin,detrended,11,-0.6783875535359486,0.021751964047903284,-0.5454545454545454,0.08265095734417509,11,1,1,DE,0.08164826624216084,0.1926595144854635,FALSE,FALSE
tha_pit,xyl_spp,detrended,10,0.011052455678262754,0.9758257064018725,-0.0909090909090909,0.802771731207162,10,1,1,DE,0.9999999999999942,0.8838302438249711,FALSE,FALSE
tha_pit,zei_gri,detrended,0,NA,NA,NA,NA,0,0,0,,NA,NA,TRUE,FALSE
tha_pro,tom_spp,detrended,230,0.05730483073522745,0.38701308770104825,0.16177621505132422,0.01403790903681249,89,10,1,DE,0.5970673115667131,0.051706298285592665,FALSE,FALSE
tha_pro,tor_vir,detrended,207,0.21400483671925985,0.001959521017038742,0.1889145046595448,0.006408005888921484,40,9,1,DE,0.013747750627478158,0.02818247366072931,FALSE,FALSE
tha_pro,uro_sir_spp,detrended,36,0.012173731205945571,0.9438218835448036,0.08803088803088804,0.6096747634235229,10,3,1,DE,0.9950816139478245,0.75183058276514,FALSE,FALSE
tha_pro,xyl_lin,detrended,207,0.05448378103079405,0.4355570784081021,0.051847582556742544,0.45812436991393546,72,9,1,DE,0.6406530071759772,0.6418097353469396,FALSE,FALSE
tha_pro,xyl_spp,detrended,220,0.0418917835936741,0.5365178062181559,0.02739613327848622,0.6861308576039568,61,10,1,DE,0.7252428490747422,0.8076427138773606,FALSE,FALSE
tha_pro,zei_gri,detrended,0,NA,NA,NA,NA,0,0,0,,NA,NA,TRUE,FALSE
tom_spp,tor_vir,detrended,495,0.040858033106156225,0.3643462690951269,0.0702243144518187,0.11867266879501517,175,25,3,"DE,LT,PL",0.5801934437743788,0.2515746743760034,FALSE,FALSE
tom_spp,uro_sir_spp,detrended,48,-0.063445315764583,0.6683545497234569,-0.15762049500651326,0.28464316346449126,12,4,1,DE,0.8294124900223299,0.46944879944516843,FALSE,FALSE
tom_spp,xyl_lin,detrended,230,0.1271110812172442,0.054223410547815085,0.12730034347653485,0.053862915492251064,128,10,1,DE,0.16415580453516623,0.13801396317434766,FALSE,FALSE
tom_spp,xyl_spp,detrended,242,0.234926818096273,2.2653810793130393e-4,0.2042551335899758,0.0013994693350865728,115,11,1,DE,0.0024421913098935694,0.007732068076353315,FALSE,FALSE
tom_spp,zei_gri,detrended,137,-0.11340341117103502,0.18701818009218843,-0.12188940952452067,0.15592722837508394,75,8,2,"CZ,DE",0.38005533609538983,0.3124621032522326,FALSE,FALSE
tor_vir,uro_sir_spp,detrended,36,-0.24188773323377014,0.155225678965715,-0.013127413127413128,0.9394287184521323,1,3,1,DE,0.33744436471370065,0.9726833559408847,FALSE,FALSE
tor_vir,xyl_lin,detrended,207,0.255540376939434,2.0223106269069653e-4,0.3034968232836532,8.771956525880683e-6,89,9,1,DE,0.0022919520438278943,9.899509502041666e-5,FALSE,FALSE
tor_vir,xyl_spp,detrended,220,0.19119632710499276,0.004426559924105793,0.235441754055775,4.2844734780675663e-4,81,10,1,DE,0.025083839569932827,0.0028692989050088853,FALSE,FALSE
tor_vir,zei_gri,detrended,4,-0.44315711724726925,0.55684288275273075,-0.8,0.19999999999999987,4,1,1,DE,0.7447036434998698,0.36833333333333307,TRUE,FALSE
uro_sir_spp,xyl_lin,detrended,48,0.23948558510766071,0.10112511248580013,0.1377551020408163,0.3504589192315698,12,4,1,DE,0.25110842538608796,0.5369249299838955,FALSE,FALSE
uro_sir_spp,xyl_spp,detrended,44,0.10300027695821723,0.5058390528140082,0.14390415785764624,0.35136999090922627,6,4,1,DE,0.7019807263541338,0.5373893978611696,FALSE,FALSE
uro_sir_spp,zei_gri,detrended,1,NA,NA,NA,NA,0,1,1,DE,NA,NA,TRUE,FALSE
xyl_lin,xyl_spp,detrended,220,0.5259285926048715,4.7694355793659506e-17,0.6079937789849151,1.255853293159463e-23,118,10,1,DE,8.432362104319002e-15,1.850290518588276e-21,FALSE,FALSE
xyl_lin,zei_gri,detrended,4,-0.8752894160898705,0.12471058391012944,-0.8,0.19999999999999987,4,1,1,DE,0.2905308645902918,0.36833333333333307,TRUE,FALSE
xyl_spp,zei_gri,detrended,4,0.6181056302111134,0.3818943697888866,0.4,0.5999999999999999,4,1,1,DE,0.5943567304460841,0.746918415406374,TRUE,FALSE
