species_a,species_b,version,n,r_pearson,p_pearson,r_spearman,p_spearman,n_both_positive,n_regions,n_countries,countries,fdr_pearson,fdr_spearman,low_n,reference_only
CambXyl_con&BB_con&BO,CambXyl_con&BB_con&SM,z_within,46,0.40042944557789645,0.005824055171743973,0.45301498138702906,0.0015700769670004885,13,2,1,DE,0.017704447722585757,0.006227971969101938,FALSE,FALSE
CambXyl_con&BB_con&BO,CambXyl_con&BO,z_within,23,-0.07038417826350347,0.7496335045955715,-0.14225500688049614,0.5173140615024373,3,1,1,DE,0.8267391628821599,0.6566674239998457,FALSE,FALSE
CambXyl_con&BB_con&BO,CambXyl_con&MD,z_within,23,-0.07276338550706798,0.7414465573985767,-0.206332753143491,0.34487722520350095,8,1,1,DE,0.8220385745071177,0.49248467759059933,FALSE,FALSE
CambXyl_con&BB_con&BO,Def_dec,z_within,0,NA,NA,NA,NA,0,0,0,,NA,NA,TRUE,FALSE
CambXyl_con&BB_con&BO,Def_dec&DB,z_within,151,0.07961084177443009,0.3312055957642277,0.08459727051501995,0.301714899020132,83,7,2,"AT,DE",0.47390940957045813,0.4423499751547726,FALSE,FALSE
CambXyl_con&BB_con&BO,agr_big,z_within,46,-0.017949525719440494,0.9057517418362141,-0.10458713278802738,0.4891109262707186,21,2,1,DE,0.9435876451481037,0.6338025432981726,FALSE,FALSE
CambXyl_con&BB_con&BO,agr_vir,z_within,46,0.07571021106151454,0.6170195799801281,0.06794617859677789,0.653669615789942,13,2,1,DE,0.7254868876283967,0.7601304652671312,FALSE,FALSE
CambXyl_con&BB_con&BO,bup_pin,z_within,0,NA,NA,NA,NA,0,0,0,,NA,NA,TRUE,FALSE
CambXyl_con&BB_con&BO,cep_spp,z_within,0,NA,NA,NA,NA,0,0,0,,NA,NA,TRUE,FALSE
CambXyl_con&BB_con&BO,clo_ana,z_within,0,NA,NA,NA,NA,0,0,0,,NA,NA,TRUE,FALSE
CambXyl_con&BB_con&BO,den_mic,z_within,0,NA,NA,NA,NA,0,0,0,,NA,NA,TRUE,FALSE
CambXyl_con&BB_con&BO,den_pin,z_within,0,NA,NA,NA,NA,0,0,0,,NA,NA,TRUE,FALSE
CambXyl_con&BB_con&BO,dip_sp,z_within,86,-0.0450841909837619,0.6802036075520359,-0.12843177367058706,0.2386025770095309,38,4,2,"AT,DE",0.775823284013025,0.3695493275158461,FALSE,FALSE
CambXyl_con&BB_con&BO,era_def,z_within,0,NA,NA,NA,NA,0,0,0,,NA,NA,TRUE,FALSE
CambXyl_con&BB_con&BO,geo_db,z_within,23,-0.25532602862093584,0.2396629364633896,-0.2506818218711499,0.24861383131355985,17,1,1,HR,0.3703881745343294,0.3817425280814661,FALSE,FALSE
CambXyl_con&BB_con&BO,ips_acu,z_within,0,NA,NA,NA,NA,0,0,0,,NA,NA,TRUE,FALSE
CambXyl_con&BB_con&BO,ips_ami,z_within,0,NA,NA,NA,NA,0,0,0,,NA,NA,TRUE,FALSE
CambXyl_con&BB_con&BO,ips_cem,z_within,46,-0.3409675655682603,0.02040154360147621,-0.3726823612025429,0.010750168267801325,18,2,1,DE,0.05335788326539932,0.03238658288274324,FALSE,FALSE
CambXyl_con&BB_con&BO,ips_dup,z_within,0,NA,NA,NA,NA,0,0,0,,NA,NA,TRUE,FALSE
CambXyl_con&BB_con&BO,ips_sex,z_within,0,NA,NA,NA,NA,0,0,0,,NA,NA,TRUE,FALSE
CambXyl_con&BB_con&BO,ips_typ,z_within,195,0.21194398276399565,0.002934903265925863,0.15289057340734846,0.03285624002936865,153,9,3,"AT,DE,HR",0.010172431708111971,0.08229204364771762,FALSE,FALSE
CambXyl_con&BB_con&BO,lym_dis,z_within,153,0.12715545722510374,0.1172801730037619,0.08673694371520826,0.2863834571780845,69,7,3,"AT,DE,HR",0.20784543214886356,0.4313877392935703,FALSE,FALSE
CambXyl_con&BB_con&BO,lym_mon,z_within,0,NA,NA,NA,NA,0,0,0,,NA,NA,TRUE,FALSE
CambXyl_con&BB_con&BO,mel_spp,z_within,46,0.10908858342120557,0.4704967558607316,0.03597323464924658,0.8123894853990116,21,2,1,DE,0.6055330310703894,0.882870764954177,FALSE,FALSE
CambXyl_con&BB_con&BO,neo_ser,z_within,0,NA,NA,NA,NA,0,0,0,,NA,NA,TRUE,FALSE
CambXyl_con&BB_con&BO,ope_spp,z_within,0,NA,NA,NA,NA,0,0,0,,NA,NA,TRUE,FALSE
CambXyl_con&BB_con&BO,pan_fla,z_within,0,NA,NA,NA,NA,0,0,0,,NA,NA,TRUE,FALSE
CambXyl_con&BB_con&BO,pha_cya,z_within,151,0.254875449815488,0.0015871202015482323,0.21621907059702378,0.007664922281460143,89,7,2,"AT,DE",0.005964230652133884,0.02379458482157627,FALSE,FALSE
CambXyl_con&BB_con&BO,pis_pin,z_within,0,NA,NA,NA,NA,0,0,0,,NA,NA,TRUE,FALSE
CambXyl_con&BB_con&BO,pit_bid,z_within,0,NA,NA,NA,NA,0,0,0,,NA,NA,TRUE,FALSE
CambXyl_con&BB_con&BO,pit_cha,z_within,172,0.11814596873334825,0.12268949148696773,0.09916531436138411,0.19557904975661497,133,8,2,"AT,DE",0.21502383242489895,0.3210194058074094,FALSE,FALSE
CambXyl_con&BB_con&BO,pit_spp,z_within,174,0.25371496881838096,7.300062336946339e-4,0.18273547356405542,0.015803180279284543,131,8,3,"AT,DE,HR",0.0031976960175335496,0.044248904781996716,FALSE,FALSE
CambXyl_con&BB_con&BO,pol_pol,z_within,0,NA,NA,NA,NA,0,0,0,,NA,NA,TRUE,FALSE
CambXyl_con&BB_con&BO,pri_abi,z_within,0,NA,NA,NA,NA,0,0,0,,NA,NA,TRUE,FALSE
CambXyl_con&BB_con&BO,sap_car,z_within,0,NA,NA,NA,NA,0,0,0,,NA,NA,TRUE,FALSE
CambXyl_con&BB_con&BO,sco_int,z_within,46,0.3654961652028063,0.012497327829246133,0.1565093597660174,0.29894273645487124,10,2,1,DE,0.034188092222535396,0.4403812656190254,FALSE,FALSE
CambXyl_con&BB_con&BO,sco_rat,z_within,0,NA,NA,NA,NA,0,0,0,,NA,NA,TRUE,FALSE
CambXyl_con&BB_con&BO,sco_sco,z_within,0,NA,NA,NA,NA,0,0,0,,NA,NA,TRUE,FALSE
CambXyl_con&BB_con&BO,tet_gab,z_within,130,-0.07111317328130733,0.4213955231205786,-0.10649828105418774,0.22782803654984227,85,6,2,"AT,DE",0.5644960666193117,0.3583022425034964,FALSE,FALSE
CambXyl_con&BB_con&BO,tet_spp,z_within,46,-0.1411203842696331,0.34954232455112577,-0.19655911240304944,0.19044795328645048,17,2,1,DE,0.49225487126134876,0.31404119779798073,FALSE,FALSE
CambXyl_con&BB_con&BO,tha_pit,z_within,23,-0.6217247719356802,0.0015400586976846487,-0.6052519798078108,0.002212805783463424,19,1,1,HR,0.005817999524586451,0.008228871507254607,FALSE,FALSE
CambXyl_con&BB_con&BO,tha_pro,z_within,46,-0.01397117874541073,0.926575843330069,-0.0808878747495302,0.5930736423152942,18,2,1,DE,0.9532783172012527,0.718938167424652,FALSE,FALSE
CambXyl_con&BB_con&BO,tom_spp,z_within,172,0.5592846503857938,1.5316727614753284e-15,0.534431680201161,4.3272736853613967e-14,135,8,2,"AT,DE",5.468071758466923e-14,1.103454789767156e-12,FALSE,FALSE
CambXyl_con&BB_con&BO,tor_vir,z_within,0,NA,NA,NA,NA,0,0,0,,NA,NA,TRUE,FALSE
CambXyl_con&BB_con&BO,uro_sir_spp,z_within,0,NA,NA,NA,NA,0,0,0,,NA,NA,TRUE,FALSE
CambXyl_con&BB_con&BO,xyl_lin,z_within,0,NA,NA,NA,NA,0,0,0,,NA,NA,TRUE,FALSE
CambXyl_con&BB_con&BO,xyl_spp,z_within,23,-0.44853179430199613,0.031819636931236836,-0.42676502064148847,0.04226830212064709,1,1,1,DE,0.07598401594950871,0.09993234342431133,FALSE,FALSE
CambXyl_con&BB_con&BO,zei_gri,z_within,0,NA,NA,NA,NA,0,0,0,,NA,NA,TRUE,FALSE
CambXyl_con&BB_con&SM,CambXyl_con&BO,z_within,23,0.24960695413577372,0.2507158950289261,0.2245637276788862,0.30294263953902234,4,1,1,DE,0.3841440966752216,0.44253585864866446,FALSE,FALSE
CambXyl_con&BB_con&SM,CambXyl_con&MD,z_within,23,0.5425991896891499,0.007471081736158168,0.34437654618821845,0.10758674753661923,10,1,1,DE,0.021684359185434682,0.20385603798394325,FALSE,FALSE
CambXyl_con&BB_con&SM,Def_dec,z_within,0,NA,NA,NA,NA,0,0,0,,NA,NA,TRUE,FALSE
CambXyl_con&BB_con&SM,Def_dec&DB,z_within,46,0.44845796712858993,0.0017736952076878572,0.4577017618568639,0.0013825907583775823,14,2,1,DE,0.006561753255384093,0.0055458977611325495,FALSE,FALSE
CambXyl_con&BB_con&SM,agr_big,z_within,46,-0.31814835511866024,0.031182424319456448,-0.3229644463959518,0.028581775084689086,18,2,1,DE,0.07471225155735539,0.07340786838297844,FALSE,FALSE
CambXyl_con&BB_con&SM,agr_vir,z_within,46,0.24630907020242818,0.09892099305524596,0.22853295191460427,0.1266055726743291,13,2,1,DE,0.18250539803991114,0.22972734964268024,FALSE,FALSE
CambXyl_con&BB_con&SM,bup_pin,z_within,0,NA,NA,NA,NA,0,0,0,,NA,NA,TRUE,FALSE
CambXyl_con&BB_con&SM,cep_spp,z_within,0,NA,NA,NA,NA,0,0,0,,NA,NA,TRUE,FALSE
CambXyl_con&BB_con&SM,clo_ana,z_within,0,NA,NA,NA,NA,0,0,0,,NA,NA,TRUE,FALSE
CambXyl_con&BB_con&SM,den_mic,z_within,0,NA,NA,NA,NA,0,0,0,,NA,NA,TRUE,FALSE
CambXyl_con&BB_con&SM,den_pin,z_within,0,NA,NA,NA,NA,0,0,0,,NA,NA,TRUE,FALSE
CambXyl_con&BB_con&SM,dip_sp,z_within,23,-0.3674058521816641,0.0845873345565096,-0.28388244819783726,0.18927363000752429,1,1,1,DE,0.162353109874591,0.3135530668802142,FALSE,FALSE
CambXyl_con&BB_con&SM,era_def,z_within,0,NA,NA,NA,NA,0,0,0,,NA,NA,TRUE,FALSE
CambXyl_con&BB_con&SM,geo_db,z_within,0,NA,NA,NA,NA,0,0,0,,NA,NA,TRUE,FALSE
CambXyl_con&BB_con&SM,ips_acu,z_within,0,NA,NA,NA,NA,0,0,0,,NA,NA,TRUE,FALSE
CambXyl_con&BB_con&SM,ips_ami,z_within,0,NA,NA,NA,NA,0,0,0,,NA,NA,TRUE,FALSE
CambXyl_con&BB_con&SM,ips_cem,z_within,46,-0.5963053050449754,1.2253406019678452e-5,-0.5195394692080925,2.155710821183506e-4,14,2,1,DE,8.577384213774916e-5,0.0011073219613849088,FALSE,FALSE
CambXyl_con&BB_con&SM,ips_dup,z_within,0,NA,NA,NA,NA,0,0,0,,NA,NA,TRUE,FALSE
CambXyl_con&BB_con&SM,ips_sex,z_within,0,NA,NA,NA,NA,0,0,0,,NA,NA,TRUE,FALSE
CambXyl_con&BB_con&SM,ips_typ,z_within,46,-0.6208701363135091,4.154994873782297e-6,-0.5856543226827599,1.905942173276903e-5,14,2,1,DE,3.3712117498642724e-5,1.2956443261774128e-4,FALSE,FALSE
CambXyl_con&BB_con&SM,lym_dis,z_within,46,0.08992415101059414,0.5523003055087214,0.027777169792437603,0.8546061883964553,14,2,1,DE,0.6729392800908311,0.9119428108225859,FALSE,FALSE
CambXyl_con&BB_con&SM,lym_mon,z_within,0,NA,NA,NA,NA,0,0,0,,NA,NA,TRUE,FALSE
CambXyl_con&BB_con&SM,mel_spp,z_within,46,0.22253800186976816,0.13714685012339542,0.1011702323266991,0.5034917420538237,18,2,1,DE,0.23204467058792497,0.6454095221300362,FALSE,FALSE
CambXyl_con&BB_con&SM,neo_ser,z_within,0,NA,NA,NA,NA,0,0,0,,NA,NA,TRUE,FALSE
CambXyl_con&BB_con&SM,ope_spp,z_within,0,NA,NA,NA,NA,0,0,0,,NA,NA,TRUE,FALSE
CambXyl_con&BB_con&SM,pan_fla,z_within,0,NA,NA,NA,NA,0,0,0,,NA,NA,TRUE,FALSE
CambXyl_con&BB_con&SM,pha_cya,z_within,46,-0.15684754186581196,0.29788671597676325,-0.11660657554706433,0.4402699463453533,17,2,1,DE,0.43678316867122396,0.5854416547743259,FALSE,FALSE
CambXyl_con&BB_con&SM,pis_pin,z_within,0,NA,NA,NA,NA,0,0,0,,NA,NA,TRUE,FALSE
CambXyl_con&BB_con&SM,pit_bid,z_within,0,NA,NA,NA,NA,0,0,0,,NA,NA,TRUE,FALSE
CambXyl_con&BB_con&SM,pit_cha,z_within,46,-0.6155328156771573,5.296709243703627e-6,-0.5118992679510231,2.7654621223771657e-4,11,2,1,DE,4.0848324317007636e-5,0.0013799380941489422,FALSE,FALSE
CambXyl_con&BB_con&SM,pit_spp,z_within,46,-0.19485959984782372,0.1943865026117184,-0.19282438031090268,0.19917853363457375,14,2,1,DE,0.30774271145181137,0.3254312883640404,FALSE,FALSE
CambXyl_con&BB_con&SM,pol_pol,z_within,0,NA,NA,NA,NA,0,0,0,,NA,NA,TRUE,FALSE
CambXyl_con&BB_con&SM,pri_abi,z_within,0,NA,NA,NA,NA,0,0,0,,NA,NA,TRUE,FALSE
CambXyl_con&BB_con&SM,sap_car,z_within,0,NA,NA,NA,NA,0,0,0,,NA,NA,TRUE,FALSE
CambXyl_con&BB_con&SM,sco_int,z_within,46,0.6154330250403487,5.320580058097633e-6,0.2293607994912909,0.12519915048080327,11,2,1,DE,4.0848324317007636e-5,0.22862453566059726,FALSE,FALSE
CambXyl_con&BB_con&SM,sco_rat,z_within,0,NA,NA,NA,NA,0,0,0,,NA,NA,TRUE,FALSE
CambXyl_con&BB_con&SM,sco_sco,z_within,0,NA,NA,NA,NA,0,0,0,,NA,NA,TRUE,FALSE
CambXyl_con&BB_con&SM,tet_gab,z_within,46,-0.41562211067990973,0.004072259987270964,-0.4410535060220646,0.0021547622181989296,13,2,1,DE,0.01321633468596122,0.008140212824307068,FALSE,FALSE
CambXyl_con&BB_con&SM,tet_spp,z_within,46,-0.13533920230271942,0.36983128836447954,-0.05251697319027223,0.7288735763738922,14,2,1,DE,0.5137345134090241,0.8260567198904111,FALSE,FALSE
CambXyl_con&BB_con&SM,tha_pit,z_within,0,NA,NA,NA,NA,0,0,0,,NA,NA,TRUE,FALSE
CambXyl_con&BB_con&SM,tha_pro,z_within,46,0.3129135890893612,0.03422841036361502,0.15831387801910154,0.2933357470849941,18,2,1,DE,0.0811929734206682,0.439081181171249,FALSE,FALSE
CambXyl_con&BB_con&SM,tom_spp,z_within,46,0.12721567842373077,0.3995057608131769,-0.04470774582957186,0.7679745046308265,15,2,1,DE,0.5422948920543884,0.8488139261709136,FALSE,FALSE
CambXyl_con&BB_con&SM,tor_vir,z_within,0,NA,NA,NA,NA,0,0,0,,NA,NA,TRUE,FALSE
CambXyl_con&BB_con&SM,uro_sir_spp,z_within,0,NA,NA,NA,NA,0,0,0,,NA,NA,TRUE,FALSE
CambXyl_con&BB_con&SM,xyl_lin,z_within,0,NA,NA,NA,NA,0,0,0,,NA,NA,TRUE,FALSE
CambXyl_con&BB_con&SM,xyl_spp,z_within,23,-0.28915072932634966,0.18083739038393642,-0.21608962474760746,0.32202645419189013,1,1,1,DE,0.2921219383125127,0.4673310737662796,FALSE,FALSE
CambXyl_con&BB_con&SM,zei_gri,z_within,0,NA,NA,NA,NA,0,0,0,,NA,NA,TRUE,FALSE
CambXyl_con&BO,CambXyl_con&MD,z_within,23,0.4085899793736814,0.05290368131810672,0.34490507954164734,0.10701227669092946,6,1,1,DE,0.11411851498830272,0.20375137481952968,FALSE,FALSE
CambXyl_con&BO,Def_dec,z_within,0,NA,NA,NA,NA,0,0,0,,NA,NA,TRUE,FALSE
CambXyl_con&BO,Def_dec&DB,z_within,23,-0.05348648572884884,0.8084853201878449,-0.02135388090731561,0.9229573038379457,3,1,1,DE,0.8733109207475359,0.9564463206680599,FALSE,FALSE
CambXyl_con&BO,agr_big,z_within,23,-0.6194156862528655,0.0016222722215822171,-0.5899386883807236,0.0030469493287250704,6,1,1,DE,0.006064410294291639,0.010877609103548501,FALSE,FALSE
CambXyl_con&BO,agr_vir,z_within,23,-0.17955563264140906,0.4123351064981361,-0.19024330640258982,0.38458728143033794,4,1,1,DE,0.5554854076220173,0.5352735262012891,FALSE,FALSE
CambXyl_con&BO,bup_pin,z_within,0,NA,NA,NA,NA,0,0,0,,NA,NA,TRUE,FALSE
CambXyl_con&BO,cep_spp,z_within,0,NA,NA,NA,NA,0,0,0,,NA,NA,TRUE,FALSE
CambXyl_con&BO,clo_ana,z_within,0,NA,NA,NA,NA,0,0,0,,NA,NA,TRUE,FALSE
CambXyl_con&BO,den_mic,z_within,0,NA,NA,NA,NA,0,0,0,,NA,NA,TRUE,FALSE
CambXyl_con&BO,den_pin,z_within,0,NA,NA,NA,NA,0,0,0,,NA,NA,TRUE,FALSE
CambXyl_con&BO,dip_sp,z_within,23,-0.32885207442667497,0.12548636663940074,-0.34271523178807944,0.10940718186355106,0,1,1,DE,0.21799821357793706,0.20611273839201966,FALSE,FALSE
CambXyl_con&BO,era_def,z_within,0,NA,NA,NA,NA,0,0,0,,NA,NA,TRUE,FALSE
CambXyl_con&BO,geo_db,z_within,0,NA,NA,NA,NA,0,0,0,,NA,NA,TRUE,FALSE
CambXyl_con&BO,ips_acu,z_within,0,NA,NA,NA,NA,0,0,0,,NA,NA,TRUE,FALSE
CambXyl_con&BO,ips_ami,z_within,0,NA,NA,NA,NA,0,0,0,,NA,NA,TRUE,FALSE
CambXyl_con&BO,ips_cem,z_within,23,0.11016297277625137,0.6168019708467486,-0.06669265160790037,0.7623878010295246,6,1,1,DE,0.7254868876283967,0.8488139261709136,FALSE,FALSE
CambXyl_con&BO,ips_dup,z_within,0,NA,NA,NA,NA,0,0,0,,NA,NA,TRUE,FALSE
CambXyl_con&BO,ips_sex,z_within,0,NA,NA,NA,NA,0,0,0,,NA,NA,TRUE,FALSE
CambXyl_con&BO,ips_typ,z_within,46,0.2286160914443669,0.1264637937277623,0.1541445550194366,0.3063944925337566,29,2,2,"DE,SI",0.21916298233403467,0.4455512579818782,FALSE,FALSE
CambXyl_con&BO,lym_dis,z_within,23,-0.4283240210768237,0.041440591213632694,-0.478913855198736,0.020778047191778747,4,1,1,DE,0.0936347535649802,0.05666019095544562,FALSE,FALSE
CambXyl_con&BO,lym_mon,z_within,0,NA,NA,NA,NA,0,0,0,,NA,NA,TRUE,FALSE
CambXyl_con&BO,mel_spp,z_within,23,-0.3881649809273939,0.0672067852733115,-0.3440674228043503,0.10792378481502879,6,1,1,DE,0.13743538822289883,0.20385603798394325,FALSE,FALSE
CambXyl_con&BO,neo_ser,z_within,0,NA,NA,NA,NA,0,0,0,,NA,NA,TRUE,FALSE
CambXyl_con&BO,ope_spp,z_within,0,NA,NA,NA,NA,0,0,0,,NA,NA,TRUE,FALSE
CambXyl_con&BO,pan_fla,z_within,0,NA,NA,NA,NA,0,0,0,,NA,NA,TRUE,FALSE
CambXyl_con&BO,pha_cya,z_within,23,-0.5706912908345038,0.004458038647858452,-0.44842168828167545,0.03186675727714749,5,1,1,DE,0.014209998190048815,0.08017860187056412,FALSE,FALSE
CambXyl_con&BO,pis_pin,z_within,0,NA,NA,NA,NA,0,0,0,,NA,NA,TRUE,FALSE
CambXyl_con&BO,pit_bid,z_within,0,NA,NA,NA,NA,0,0,0,,NA,NA,TRUE,FALSE
CambXyl_con&BO,pit_cha,z_within,46,0.265099198501406,0.07499136204871953,0.255562150236038,0.08649191872445756,15,2,2,"DE,SI",0.1489360367423273,0.17298383744891513,FALSE,FALSE
CambXyl_con&BO,pit_spp,z_within,46,0.2649265781485887,0.07518822284160377,0.20396496233082423,0.17394724813033619,29,2,2,"DE,SI",0.1489360367423273,0.29086261162777527,FALSE,FALSE
CambXyl_con&BO,pol_pol,z_within,0,NA,NA,NA,NA,0,0,0,,NA,NA,TRUE,FALSE
CambXyl_con&BO,pri_abi,z_within,0,NA,NA,NA,NA,0,0,0,,NA,NA,TRUE,FALSE
CambXyl_con&BO,sap_car,z_within,0,NA,NA,NA,NA,0,0,0,,NA,NA,TRUE,FALSE
CambXyl_con&BO,sco_int,z_within,23,0.5321185568074435,0.008959645566355428,0.4602649006622517,0.0271065049546728,4,1,1,DE,0.025486800535369628,0.0711545755060161,FALSE,FALSE
CambXyl_con&BO,sco_rat,z_within,0,NA,NA,NA,NA,0,0,0,,NA,NA,TRUE,FALSE
CambXyl_con&BO,sco_sco,z_within,0,NA,NA,NA,NA,0,0,0,,NA,NA,TRUE,FALSE
CambXyl_con&BO,tet_gab,z_within,23,0.10231323979320768,0.6422637274506082,-0.007710642902617996,0.9721458240149548,6,1,1,DE,0.739639195806023,0.9859547135606217,FALSE,FALSE
CambXyl_con&BO,tet_spp,z_within,23,-0.20293762878307625,0.35304764417493006,-0.30837692684148865,0.1522538852058324,5,1,1,DE,0.49621263374192925,0.2644994502115921,FALSE,FALSE
CambXyl_con&BO,tha_pit,z_within,0,NA,NA,NA,NA,0,0,0,,NA,NA,TRUE,FALSE
CambXyl_con&BO,tha_pro,z_within,23,0.16999801569470158,0.43805212014175765,-0.03838131426091373,0.8619684789268867,6,1,1,DE,0.5781316336066821,0.9158415088598171,FALSE,FALSE
CambXyl_con&BO,tom_spp,z_within,23,-0.32720690197593455,0.12750192036112035,-0.40600213655099326,0.054572646121576286,3,1,1,DE,0.2198946162749757,0.12100891096523438,FALSE,FALSE
CambXyl_con&BO,tor_vir,z_within,0,NA,NA,NA,NA,0,0,0,,NA,NA,TRUE,FALSE
CambXyl_con&BO,uro_sir_spp,z_within,0,NA,NA,NA,NA,0,0,0,,NA,NA,TRUE,FALSE
CambXyl_con&BO,xyl_lin,z_within,0,NA,NA,NA,NA,0,0,0,,NA,NA,TRUE,FALSE
CambXyl_con&BO,xyl_spp,z_within,23,0.12138879825085924,0.5811248668328695,0.1688741721854305,0.4411311068187498,2,1,1,DE,0.6961797901319947,0.5854416547743259,FALSE,FALSE
CambXyl_con&BO,zei_gri,z_within,0,NA,NA,NA,NA,0,0,0,,NA,NA,TRUE,FALSE
CambXyl_con&MD,Def_dec,z_within,0,NA,NA,NA,NA,0,0,0,,NA,NA,TRUE,FALSE
CambXyl_con&MD,Def_dec&DB,z_within,184,-0.004107311154796046,0.9558717147677619,0.001352758764949584,0.985459621392528,88,8,2,"CZ,DE",0.9755008023941545,0.9910115065834718,FALSE,FALSE
CambXyl_con&MD,agr_big,z_within,23,-0.5679302367098098,0.004699460940766874,-0.4236142102829411,0.04398063869951812,15,1,1,DE,0.01478156436875572,0.10195511698524656,FALSE,FALSE
CambXyl_con&MD,agr_vir,z_within,23,0.23955636739227198,0.2709265164562373,0.10701206181237612,0.6269732944070698,13,1,1,DE,0.40810449947205363,0.7418341532818025,FALSE,FALSE
CambXyl_con&MD,bup_pin,z_within,0,NA,NA,NA,NA,0,0,0,,NA,NA,TRUE,FALSE
CambXyl_con&MD,cep_spp,z_within,138,-0.06924744147907838,0.41964151691626206,-0.07290542208149081,0.3954439535963288,76,6,1,CZ,0.563203088492878,0.5493131962408146,FALSE,FALSE
CambXyl_con&MD,clo_ana,z_within,0,NA,NA,NA,NA,0,0,0,,NA,NA,TRUE,FALSE
CambXyl_con&MD,den_mic,z_within,0,NA,NA,NA,NA,0,0,0,,NA,NA,TRUE,FALSE
CambXyl_con&MD,den_pin,z_within,0,NA,NA,NA,NA,0,0,0,,NA,NA,TRUE,FALSE
CambXyl_con&MD,dip_sp,z_within,23,-0.15203047166365852,0.4886267952205854,0.102557002818255,0.6414669651746094,3,1,1,DE,0.6139556567643897,0.7520647177909213,FALSE,FALSE
CambXyl_con&MD,era_def,z_within,0,NA,NA,NA,NA,0,0,0,,NA,NA,TRUE,FALSE
CambXyl_con&MD,geo_db,z_within,0,NA,NA,NA,NA,0,0,0,,NA,NA,TRUE,FALSE
CambXyl_con&MD,ips_acu,z_within,161,0.42506076170881035,1.9068913588474098e-8,0.4266087914090133,1.672014584406191e-8,117,7,1,CZ,2.521334130031575e-7,2.436364108706164e-7,FALSE,FALSE
CambXyl_con&MD,ips_ami,z_within,0,NA,NA,NA,NA,0,0,0,,NA,NA,TRUE,FALSE
CambXyl_con&MD,ips_cem,z_within,23,-0.5080285918640388,0.013325190978122067,-0.4028007915565637,0.05669320461084822,11,1,1,DE,0.03617561352995877,0.12416855242989457,FALSE,FALSE
CambXyl_con&MD,ips_dup,z_within,161,0.305736590210265,8.013446801387936e-5,0.3384001125197364,1.1303767482370803e-5,118,7,1,CZ,4.6141943678959567e-4,8.320505136507993e-5,FALSE,FALSE
CambXyl_con&MD,ips_sex,z_within,161,0.4039513126861195,1.0733216761987901e-7,0.44793771944362615,2.55182196177848e-9,115,7,1,CZ,1.2360510916224776e-6,4.443904587097158e-8,FALSE,FALSE
CambXyl_con&MD,ips_typ,z_within,184,0.2911815182575287,6.0691714591643994e-05,0.32016949346056084,9.397779467845752e-6,137,8,2,"CZ,DE",3.551957722822444e-4,7.215069397894482e-5,FALSE,FALSE
CambXyl_con&MD,lym_dis,z_within,23,-0.22684908623911468,0.29791793157266955,-0.1358356270683664,0.5365812017727404,12,1,1,DE,0.43678316867122396,0.6733198208536673,FALSE,FALSE
CambXyl_con&MD,lym_mon,z_within,115,-0.032452520259178594,0.7306181245593751,-0.05006885507139356,0.5951440079441053,70,5,1,CZ,0.8125566058183705,0.7194704361490432,FALSE,FALSE
CambXyl_con&MD,mel_spp,z_within,23,-0.37181353861969174,0.08064216617420983,-0.39312561176816213,0.06348919865699505,15,1,1,DE,0.1564633332836571,0.13531727713759542,FALSE,FALSE
CambXyl_con&MD,neo_ser,z_within,0,NA,NA,NA,NA,0,0,0,,NA,NA,TRUE,FALSE
CambXyl_con&MD,ope_spp,z_within,0,NA,NA,NA,NA,0,0,0,,NA,NA,TRUE,FALSE
CambXyl_con&MD,pan_fla,z_within,0,NA,NA,NA,NA,0,0,0,,NA,NA,TRUE,FALSE
CambXyl_con&MD,pha_cya,z_within,184,0.19262528558483585,0.008801487879723098,0.20405151283102588,0.005464084154358627,124,8,2,"CZ,DE",0.025238001390049367,0.017653194960235565,FALSE,FALSE
CambXyl_con&MD,pis_pin,z_within,0,NA,NA,NA,NA,0,0,0,,NA,NA,TRUE,FALSE
CambXyl_con&MD,pit_bid,z_within,0,NA,NA,NA,NA,0,0,0,,NA,NA,TRUE,FALSE
CambXyl_con&MD,pit_cha,z_within,23,-0.43752968401052406,0.03680888752893853,-0.32023818225056216,0.13629843787464524,11,1,1,DE,0.0858874042341899,0.24268599661470497,FALSE,FALSE
CambXyl_con&MD,pit_spp,z_within,161,0.3383814233286583,1.1317180567616843e-5,0.4056329044451563,9.393550615731237e-8,113,7,2,"CZ,DE",8.000462302255868e-5,1.1178325232720173e-6,FALSE,FALSE
CambXyl_con&MD,pol_pol,z_within,161,0.14996491888611319,0.05759513381852893,0.11481498895594162,0.14697822390136162,109,7,1,CZ,0.1227550016311333,0.2572118918273828,FALSE,FALSE
CambXyl_con&MD,pri_abi,z_within,138,-0.20393408573424318,0.01643265584133481,-0.21115489987734734,0.01291723133798878,77,6,1,CZ,0.04427515573853983,0.03764450275642445,FALSE,FALSE
CambXyl_con&MD,sap_car,z_within,0,NA,NA,NA,NA,0,0,0,,NA,NA,TRUE,FALSE
CambXyl_con&MD,sco_int,z_within,184,0.26208877461593183,3.257049374389582e-4,0.25911531026060874,3.827311365746806e-4,80,8,2,"CZ,DE",0.0015928309954206584,0.0018340270571431004,FALSE,FALSE
CambXyl_con&MD,sco_rat,z_within,161,0.3245102393200373,2.6724991537286146e-5,0.31758122936733135,4.04247107306631e-5,65,7,1,CZ,1.7372716679875185e-4,2.4460375814994455e-4,FALSE,FALSE
CambXyl_con&MD,sco_sco,z_within,0,NA,NA,NA,NA,0,0,0,,NA,NA,TRUE,FALSE
CambXyl_con&MD,tet_gab,z_within,23,-0.6303115469932534,0.0012647007921674821,-0.655855824267711,6.792242177076094e-4,11,1,1,DE,0.00493440636944034,0.002974177772510372,FALSE,FALSE
CambXyl_con&MD,tet_spp,z_within,23,-0.3141758054767339,0.14429671511485007,-0.17984940567152424,0.41155803621887965,12,1,1,DE,0.24089292265879164,0.5651008420390001,FALSE,FALSE
CambXyl_con&MD,tha_pit,z_within,0,NA,NA,NA,NA,0,0,0,,NA,NA,TRUE,FALSE
CambXyl_con&MD,tha_pro,z_within,23,0.6669559593540159,5.091638769174259e-4,0.6642890335495346,5.462470491528881e-4,15,1,1,DE,0.002345438762058336,0.0024376274568447633,FALSE,FALSE
CambXyl_con&MD,tom_spp,z_within,184,0.237271642689642,0.0011827263367078613,0.2588818800057805,3.875787000663135e-4,132,8,2,"CZ,DE",0.004639926397853917,0.001844874612315652,FALSE,FALSE
CambXyl_con&MD,tor_vir,z_within,0,NA,NA,NA,NA,0,0,0,,NA,NA,TRUE,FALSE
CambXyl_con&MD,uro_sir_spp,z_within,0,NA,NA,NA,NA,0,0,0,,NA,NA,TRUE,FALSE
CambXyl_con&MD,xyl_lin,z_within,0,NA,NA,NA,NA,0,0,0,,NA,NA,TRUE,FALSE
CambXyl_con&MD,xyl_spp,z_within,23,0.3834003930964955,0.07093145840865196,0.605543577149824,0.0021990268311293665,5,1,1,DE,0.14306514492592515,0.00822044585039983,FALSE,FALSE
CambXyl_con&MD,zei_gri,z_within,115,0.006499655849052729,0.9450371161924802,0.023857542826971397,0.800202723245981,50,5,1,CZ,0.9666998581109324,0.8722820525154663,FALSE,FALSE
Def_dec,Def_dec&DB,z_within,0,NA,NA,NA,NA,0,0,0,,NA,NA,TRUE,FALSE
Def_dec,agr_big,z_within,0,NA,NA,NA,NA,0,0,0,,NA,NA,TRUE,FALSE
Def_dec,agr_vir,z_within,0,NA,NA,NA,NA,0,0,0,,NA,NA,TRUE,FALSE
Def_dec,bup_pin,z_within,0,NA,NA,NA,NA,0,0,0,,NA,NA,TRUE,FALSE
Def_dec,cep_spp,z_within,0,NA,NA,NA,NA,0,0,0,,NA,NA,TRUE,FALSE
Def_dec,clo_ana,z_within,0,NA,NA,NA,NA,0,0,0,,NA,NA,TRUE,FALSE
Def_dec,den_mic,z_within,0,NA,NA,NA,NA,0,0,0,,NA,NA,TRUE,FALSE
Def_dec,den_pin,z_within,0,NA,NA,NA,NA,0,0,0,,NA,NA,TRUE,FALSE
Def_dec,dip_sp,z_within,0,NA,NA,NA,NA,0,0,0,,NA,NA,TRUE,FALSE
Def_dec,era_def,z_within,0,NA,NA,NA,NA,0,0,0,,NA,NA,TRUE,FALSE
Def_dec,geo_db,z_within,0,NA,NA,NA,NA,0,0,0,,NA,NA,TRUE,FALSE
Def_dec,ips_acu,z_within,0,NA,NA,NA,NA,0,0,0,,NA,NA,TRUE,FALSE
Def_dec,ips_ami,z_within,0,NA,NA,NA,NA,0,0,0,,NA,NA,TRUE,FALSE
Def_dec,ips_cem,z_within,0,NA,NA,NA,NA,0,0,0,,NA,NA,TRUE,FALSE
Def_dec,ips_dup,z_within,0,NA,NA,NA,NA,0,0,0,,NA,NA,TRUE,FALSE
Def_dec,ips_sex,z_within,0,NA,NA,NA,NA,0,0,0,,NA,NA,TRUE,FALSE
Def_dec,ips_typ,z_within,0,NA,NA,NA,NA,0,0,0,,NA,NA,TRUE,FALSE
Def_dec,lym_dis,z_within,0,NA,NA,NA,NA,0,0,0,,NA,NA,TRUE,FALSE
Def_dec,lym_mon,z_within,0,NA,NA,NA,NA,0,0,0,,NA,NA,TRUE,FALSE
Def_dec,mel_spp,z_within,0,NA,NA,NA,NA,0,0,0,,NA,NA,TRUE,FALSE
Def_dec,neo_ser,z_within,0,NA,NA,NA,NA,0,0,0,,NA,NA,TRUE,FALSE
Def_dec,ope_spp,z_within,0,NA,NA,NA,NA,0,0,0,,NA,NA,TRUE,FALSE
Def_dec,pan_fla,z_within,0,NA,NA,NA,NA,0,0,0,,NA,NA,TRUE,FALSE
Def_dec,pha_cya,z_within,0,NA,NA,NA,NA,0,0,0,,NA,NA,TRUE,FALSE
Def_dec,pis_pin,z_within,0,NA,NA,NA,NA,0,0,0,,NA,NA,TRUE,FALSE
Def_dec,pit_bid,z_within,0,NA,NA,NA,NA,0,0,0,,NA,NA,TRUE,FALSE
Def_dec,pit_cha,z_within,0,NA,NA,NA,NA,0,0,0,,NA,NA,TRUE,FALSE
Def_dec,pit_spp,z_within,0,NA,NA,NA,NA,0,0,0,,NA,NA,TRUE,FALSE
Def_dec,pol_pol,z_within,0,NA,NA,NA,NA,0,0,0,,NA,NA,TRUE,FALSE
Def_dec,pri_abi,z_within,0,NA,NA,NA,NA,0,0,0,,NA,NA,TRUE,FALSE
Def_dec,sap_car,z_within,0,NA,NA,NA,NA,0,0,0,,NA,NA,TRUE,FALSE
Def_dec,sco_int,z_within,0,NA,NA,NA,NA,0,0,0,,NA,NA,TRUE,FALSE
Def_dec,sco_rat,z_within,0,NA,NA,NA,NA,0,0,0,,NA,NA,TRUE,FALSE
Def_dec,sco_sco,z_within,0,NA,NA,NA,NA,0,0,0,,NA,NA,TRUE,FALSE
Def_dec,tet_gab,z_within,0,NA,NA,NA,NA,0,0,0,,NA,NA,TRUE,FALSE
Def_dec,tet_spp,z_within,0,NA,NA,NA,NA,0,0,0,,NA,NA,TRUE,FALSE
Def_dec,tha_pit,z_within,0,NA,NA,NA,NA,0,0,0,,NA,NA,TRUE,FALSE
Def_dec,tha_pro,z_within,0,NA,NA,NA,NA,0,0,0,,NA,NA,TRUE,FALSE
Def_dec,tom_spp,z_within,0,NA,NA,NA,NA,0,0,0,,NA,NA,TRUE,FALSE
Def_dec,tor_vir,z_within,0,NA,NA,NA,NA,0,0,0,,NA,NA,TRUE,FALSE
Def_dec,uro_sir_spp,z_within,0,NA,NA,NA,NA,0,0,0,,NA,NA,TRUE,FALSE
Def_dec,xyl_lin,z_within,0,NA,NA,NA,NA,0,0,0,,NA,NA,TRUE,FALSE
Def_dec,xyl_spp,z_within,0,NA,NA,NA,NA,0,0,0,,NA,NA,TRUE,FALSE
Def_dec,zei_gri,z_within,0,NA,NA,NA,NA,0,0,0,,NA,NA,TRUE,FALSE
Def_dec&DB,agr_big,z_within,92,0.09571128860363648,0.3641084433320799,0.0608054725192166,0.564760826296685,37,4,1,DE,0.5077606026154395,0.699543232026331,FALSE,FALSE
Def_dec&DB,agr_vir,z_within,46,0.15424541473942843,0.30607426770409857,0.18594015987700882,0.2160037538734037,15,2,1,DE,0.44274924486266826,0.34421138067964513,FALSE,FALSE
Def_dec&DB,bup_pin,z_within,69,0.2737139207278822,0.022860940565301385,0.06204929316613048,0.6125109556377104,14,3,1,DE,0.057677426019877,0.7325507911646989,FALSE,FALSE
Def_dec&DB,cep_spp,z_within,138,0.046840100596952636,0.5853813826881294,0.09200650794367493,0.283145993547542,73,6,1,CZ,0.69928477177804,0.427412768272611,FALSE,FALSE
Def_dec&DB,clo_ana,z_within,0,NA,NA,NA,NA,0,0,0,,NA,NA,TRUE,FALSE
Def_dec&DB,den_mic,z_within,0,NA,NA,NA,NA,0,0,0,,NA,NA,TRUE,FALSE
Def_dec&DB,den_pin,z_within,23,-0.4103910442566577,0.05176563498688129,-0.3946263180107775,0.06239614205079061,4,1,1,DE,0.11200201024434316,0.13378632259538886,FALSE,FALSE
Def_dec&DB,dip_sp,z_within,109,0.14426563124014305,0.13448331700590627,0.18823680623997843,0.04997792537317855,40,5,2,"AT,DE",0.22885510159585404,0.11221458715864618,FALSE,FALSE
Def_dec&DB,era_def,z_within,23,-0.6454549304942404,8.807551099254205e-4,-0.6369571063097853,0.0010815375372835259,0,1,1,DE,0.003721060050217457,0.004489638381514172,FALSE,FALSE
Def_dec&DB,geo_db,z_within,0,NA,NA,NA,NA,0,0,0,,NA,NA,TRUE,FALSE
Def_dec&DB,ips_acu,z_within,184,0.05828346681920728,0.4319401336046138,0.05868333362270913,0.4287823867290369,98,8,2,"CZ,DE",0.5732439691332607,0.5800092423845261,FALSE,FALSE
Def_dec&DB,ips_ami,z_within,0,NA,NA,NA,NA,0,0,0,,NA,NA,TRUE,FALSE
Def_dec&DB,ips_cem,z_within,115,0.12130438610319447,0.1965620869190507,0.09209750214410828,0.32761513409336696,54,5,1,DE,0.30981309064062296,0.47447709075591077,FALSE,FALSE
Def_dec&DB,ips_dup,z_within,184,-0.25020303855968506,6.138096962120754e-4,-0.24927983645929727,6.439751474186348e-4,96,8,1,CZ,0.002773798247439379,0.002838260834919168,FALSE,FALSE
Def_dec&DB,ips_sex,z_within,184,0.00554367025543899,0.9404644557300688,0.011967667410311534,0.8719068869045765,95,8,2,"CZ,DE",0.9647868123437775,0.9195591096748414,FALSE,FALSE
Def_dec&DB,ips_typ,z_within,404,-0.12908788842019112,0.009391299026280374,-0.13359904903152497,0.007165527972473931,237,18,3,"AT,CZ,DE",0.026509619266143078,0.02243941654537889,FALSE,FALSE
Def_dec&DB,lym_dis,z_within,153,0.43055857682783805,2.7738728426177567e-8,0.3421135376426426,1.5023336476433176e-5,59,7,2,"AT,DE",3.53668787433764e-7,1.0620457667498305e-4,FALSE,FALSE
Def_dec&DB,lym_mon,z_within,138,0.1318705024021255,0.12312753654940298,0.10638895330146848,0.21425601502071087,63,6,2,"CZ,DE",0.21502383242489895,0.3422344401001959,FALSE,FALSE
Def_dec&DB,mel_spp,z_within,115,0.17492077391846084,0.06151617571121616,0.14966560060768352,0.11038677406120491,40,5,1,DE,0.12956504264840218,0.20686655296509265,FALSE,FALSE
Def_dec&DB,neo_ser,z_within,0,NA,NA,NA,NA,0,0,0,,NA,NA,TRUE,FALSE
Def_dec&DB,ope_spp,z_within,0,NA,NA,NA,NA,0,0,0,,NA,NA,TRUE,FALSE
Def_dec&DB,pan_fla,z_within,46,0.48984943407577003,5.496497702573107e-4,0.18527422041507893,0.2176821860142083,8,2,1,DE,0.0025157047177161527,0.3453890684758772,FALSE,FALSE
Def_dec&DB,pha_cya,z_within,360,0.10806913309382467,0.04042868521164428,0.08805795200456029,0.09527333935164077,174,16,3,"AT,CZ,DE",0.09281698148268172,0.18603294482049795,FALSE,FALSE
Def_dec&DB,pis_pin,z_within,46,0.3640943062452599,0.01286504875309316,0.6075941412186836,7.538597247680827e-6,10,2,1,DE,0.03505971301415464,5.850606994395773e-5,FALSE,FALSE
Def_dec&DB,pit_bid,z_within,23,0.048271041810531254,0.826870577589819,0.2262917503522925,0.2991385347692259,4,1,1,DE,0.8864648534521482,0.4403812656190254,FALSE,FALSE
Def_dec&DB,pit_cha,z_within,220,0.05476107659156656,0.41896532880809767,0.04545321850418355,0.5024203903735764,119,10,2,"AT,DE",0.563203088492878,0.6454095221300362,FALSE,FALSE
Def_dec&DB,pit_spp,z_within,268,-0.16514673595340285,0.0067372263850658375,-0.17234648072934275,0.004662836323403938,150,12,3,"AT,CZ,DE",0.02004324849557087,0.015484954115862381,FALSE,FALSE
Def_dec&DB,pol_pol,z_within,184,-0.028681736429911037,0.6991366364180622,0.012114524545161934,0.8703487461103729,90,8,1,CZ,0.7863034413699955,0.9195591096748414,FALSE,FALSE
Def_dec&DB,pri_abi,z_within,161,0.40135730321153246,1.316505605196257e-7,0.3404869064471247,9.897068037238875e-6,81,7,1,CZ,1.4920396858890914e-6,7.517560189987827e-5,FALSE,FALSE
Def_dec&DB,sap_car,z_within,0,NA,NA,NA,NA,0,0,0,,NA,NA,TRUE,FALSE
Def_dec&DB,sco_int,z_within,230,0.04690366827562248,0.47904250002614346,0.03628011210804095,0.5841056065075253,71,10,2,"CZ,DE",0.6131452138563988,0.7133508618377576,FALSE,FALSE
Def_dec&DB,sco_rat,z_within,184,-0.008169313909515861,0.9123612955411774,0.03426352817807023,0.6442667865256048,55,8,2,"CZ,DE",0.946840065430815,0.7528747718155184,FALSE,FALSE
Def_dec&DB,sco_sco,z_within,23,-0.13199045048156569,0.5482798606305199,-0.19778956668265676,0.36565063333437664,2,1,1,DE,0.6691825991285321,0.5180050638903669,FALSE,FALSE
Def_dec&DB,tet_gab,z_within,199,0.051716973586786306,0.46817760525890206,0.044802211856510066,0.5297765559256475,93,9,2,"AT,DE",0.6053369406063221,0.6671260333878525,FALSE,FALSE
Def_dec&DB,tet_spp,z_within,92,0.29171750367820437,0.004780810963460883,0.2574179537255313,0.013241546864949024,45,4,1,DE,0.01497148696452224,0.03843278236412034,FALSE,FALSE
Def_dec&DB,tha_pit,z_within,23,0.4899013852018552,0.01764709278977977,0.6199543255983624,0.0016027677492373095,6,1,1,DE,0.04701501586530878,0.0062885522868866795,FALSE,FALSE
Def_dec&DB,tha_pro,z_within,92,0.1809605547851531,0.08430000424008342,0.08335530637798617,0.4295507720393099,44,4,1,DE,0.16223774400921714,0.5800092423845261,FALSE,FALSE
Def_dec&DB,tom_spp,z_within,404,0.041104376494437496,0.40995313459782123,0.051986121679294124,0.297237637129129,231,18,3,"AT,CZ,DE",0.5533204879070782,0.4403812656190254,FALSE,FALSE
Def_dec&DB,tor_vir,z_within,23,-0.5430085862531596,0.007417384481542922,-0.5608911699859562,0.005364942464050086,0,1,1,DE,0.021642341332658653,0.017491182280053707,FALSE,FALSE
Def_dec&DB,uro_sir_spp,z_within,23,0.21826041943070001,0.3170700333874314,0.17904108840959237,0.41369808692134624,10,1,1,DE,0.456427427094004,0.5669490097156261,FALSE,FALSE
Def_dec&DB,xyl_lin,z_within,46,-0.229644512593385,0.12471986810108748,-0.3128968709380477,0.0342385177234299,28,2,1,DE,0.21719508737604015,0.08458927908141506,FALSE,FALSE
Def_dec&DB,xyl_spp,z_within,69,0.022087032891329884,0.857043565162588,-0.0018263509717804992,0.988117014474403,19,3,1,DE,0.9114671227725467,0.9922862845776705,FALSE,FALSE
Def_dec&DB,zei_gri,z_within,115,-0.092996145890183,0.3228969630376406,-0.19650046829704107,0.03531054762612729,51,5,1,CZ,0.4629486578491474,0.08634154453785918,FALSE,FALSE
agr_big,agr_vir,z_within,92,0.3483049466042556,6.681059376814942e-4,0.3704336386158208,2.783068425174337e-4,46,4,1,DE,0.0029629045931961915,0.0013799380941489422,FALSE,FALSE
agr_big,bup_pin,z_within,352,0.24914030827005465,2.2178094856027077e-6,0.26752462996799736,3.4964789843722396e-7,121,17,2,"DE,PL",1.9311170399028453e-5,3.618932772820917e-6,FALSE,FALSE
agr_big,cep_spp,z_within,0,NA,NA,NA,NA,0,0,0,,NA,NA,TRUE,FALSE
agr_big,clo_ana,z_within,0,NA,NA,NA,NA,0,0,0,,NA,NA,TRUE,FALSE
agr_big,den_mic,z_within,0,NA,NA,NA,NA,0,0,0,,NA,NA,TRUE,FALSE
agr_big,den_pin,z_within,246,0.10586749351356194,0.09758652865594811,0.11858812959463942,0.06330160834881517,147,12,2,"DE,PL",0.1812032703407668,0.13531727713759542,FALSE,FALSE
agr_big,dip_sp,z_within,372,0.16643607138094843,0.0012738840825638168,0.18375993360025017,3.6707417860154404e-4,234,18,2,"DE,PL",0.004943224102992202,0.0017708848886588003,FALSE,FALSE
agr_big,era_def,z_within,46,-0.19600486166402195,0.1917261215437258,-0.19893503844069924,0.18503742416033514,24,2,1,DE,0.30547564166603774,0.30724818802437043,FALSE,FALSE
agr_big,geo_db,z_within,366,0.16124489150258672,0.0019713301000935496,0.15559154212006568,0.002838970217404823,222,18,2,"DE,PL",0.007108735815488861,0.010300589517819331,FALSE,FALSE
agr_big,ips_acu,z_within,229,-0.23749288352266854,2.8754221749766637e-4,-0.23165073869725253,4.0850400055798645e-4,87,11,2,"DE,PL",0.0014257301617592623,0.0018876469442179703,FALSE,FALSE
agr_big,ips_ami,z_within,23,0.3407113262008606,0.11163290638709787,0.363129563097704,0.08855139427933395,5,1,1,DE,0.19926473790096969,0.17562693198734566,FALSE,FALSE
agr_big,ips_cem,z_within,207,0.2828496279307117,3.635570207675066e-5,0.2433795366073341,4.097833002153857e-4,129,9,1,DE,2.2770150248070152e-4,0.0018876469442179703,FALSE,FALSE
agr_big,ips_dup,z_within,0,NA,NA,NA,NA,0,0,0,,NA,NA,TRUE,FALSE
agr_big,ips_sex,z_within,92,0.4217484234691842,2.826257718520888e-5,0.2560248176187784,0.013765211896138777,51,4,1,DE,1.8179711811026252e-4,0.03963048908807696,FALSE,FALSE
agr_big,ips_typ,z_within,547,0.20185884303939472,1.942077967917898e-6,0.1761028188007705,3.4476014000205536e-5,472,26,2,"DE,PL",1.7119057643128138e-5,2.1405107822736305e-4,FALSE,FALSE
agr_big,lym_dis,z_within,115,0.21956070969783686,0.018391037528698414,0.1543410766573642,0.0995731177097217,56,5,1,DE,0.048814872845690215,0.1916312831394644,FALSE,FALSE
agr_big,lym_mon,z_within,369,0.005653424976817258,0.9138123314485274,-0.005315371319059578,0.9189477768482108,271,18,2,"DE,PL",0.9469695278000705,0.9536754544616607,FALSE,FALSE
agr_big,mel_spp,z_within,455,0.15287865487563337,0.001070571026024709,0.1652265201720953,4.015530145449772e-4,364,22,2,"DE,PL",0.004270322416657219,0.0018862424499020642,FALSE,FALSE
agr_big,neo_ser,z_within,23,0.03495110359342169,0.8742047142636094,0.04302787789854483,0.8454425989788834,4,1,1,DE,0.9233463993849365,0.9063753989052894,FALSE,FALSE
agr_big,ope_spp,z_within,69,0.10884855110812018,0.3733074213065566,-0.04004457490979158,0.7439027931833095,22,3,1,DE,0.5155541563111826,0.8364513296580834,FALSE,FALSE
agr_big,pan_fla,z_within,283,0.06742910028023738,0.2582236013807144,0.08753451050403652,0.14187028880987768,152,14,2,"DE,PL",0.3931165274751174,0.24949602514840558,FALSE,FALSE
agr_big,pha_cya,z_within,504,0.42482157234643414,1.673660451971698e-23,0.41707098955544225,1.2473492253232624e-22,412,24,2,"DE,PL",1.3277706252308802e-21,8.096430426189176e-21,FALSE,FALSE
agr_big,pis_pin,z_within,46,0.2767985059741155,0.06256883100147076,0.28708690497402783,0.053055267405686744,29,2,1,DE,0.13100922385645197,0.11801078170610696,FALSE,FALSE
agr_big,pit_bid,z_within,69,0.23150986882324884,0.05561704429108061,0.2273475109394342,0.0602892938789036,39,3,1,DE,0.11889392102943579,0.13044410857435507,FALSE,FALSE
agr_big,pit_cha,z_within,207,0.2129265491651768,0.002067713098887887,0.2411924785347413,4.635660998416015e-4,127,9,1,DE,0.007418829912592721,0.002121706380044253,FALSE,FALSE
agr_big,pit_spp,z_within,69,0.05150469617775433,0.6742711899588457,9.87645835185475e-4,0.9935738084227179,58,3,1,DE,0.7702874074089854,0.9949673200754847,FALSE,FALSE
agr_big,pol_pol,z_within,0,NA,NA,NA,NA,0,0,0,,NA,NA,TRUE,FALSE
agr_big,pri_abi,z_within,69,-0.5686732049853973,3.4391803752599354e-7,-0.5263410799525232,3.39865567524618e-6,21,3,1,DE,3.611139394022932e-6,2.9593172586899663e-5,FALSE,FALSE
agr_big,sap_car,z_within,0,NA,NA,NA,NA,0,0,0,,NA,NA,TRUE,FALSE
agr_big,sco_int,z_within,115,0.3338570261121685,2.660389813542508e-4,0.35139692629492947,1.1778217169532761e-4,52,5,1,DE,0.0013283344943142315,6.275856014213724e-4,FALSE,FALSE
agr_big,sco_rat,z_within,46,0.7355636214604481,5.783630415605348e-9,0.6960289340572295,7.859859569462972e-8,30,2,1,DE,8.977200253787432e-8,9.675758159649246e-7,FALSE,FALSE
agr_big,sco_sco,z_within,23,-0.004005184167702585,0.9855295540671529,0.004389005442914361,0.9841429968381252,12,1,1,DE,0.9916476625495261,0.9910115065834718,FALSE,FALSE
agr_big,tet_gab,z_within,115,0.2532857589765976,0.006310404731992996,0.2612035324616717,0.0048080672112454535,61,5,1,DE,0.01893121419597899,0.015893333281616916,FALSE,FALSE
agr_big,tet_spp,z_within,92,0.21368488969302257,0.040829457572364204,0.2293655081674231,0.02785472210410798,51,4,1,DE,0.09284150543524855,0.07222932063125193,FALSE,FALSE
agr_big,tha_pit,z_within,23,0.22386911130466447,0.30448013884448794,0.27745229987799047,0.1999294644972064,10,1,1,DE,0.44274924486266826,0.3258342786937689,FALSE,FALSE
agr_big,tha_pro,z_within,138,0.04966169077122619,0.5629648261108358,0.14540756723316936,0.08881701631370582,81,6,1,DE,0.6835536452829506,0.17566578849857606,FALSE,FALSE
agr_big,tom_spp,z_within,404,0.37983786524459984,2.5869886887543895e-15,0.4172444631531679,1.8939747524581893e-18,249,19,2,"DE,PL",8.795761541764925e-14,7.954693960324395e-17,FALSE,FALSE
agr_big,tor_vir,z_within,438,0.2017796093295592,2.093214638311706e-5,0.22329068170419217,2.3643537356800105e-6,252,21,2,"DE,PL",1.4099577846741113e-4,2.1101857090944096e-5,FALSE,FALSE
agr_big,uro_sir_spp,z_within,23,0.2899003099075186,0.17965844154246774,0.2585380240341866,0.23359710477260323,4,1,1,DE,0.29087557202113823,0.3638757930410486,FALSE,FALSE
agr_big,xyl_lin,z_within,161,0.11521332586192953,0.14557146993939052,0.12471643929089522,0.11495562915293026,92,7,1,DE,0.2417163477598252,0.2137456229562297,FALSE,FALSE
agr_big,xyl_spp,z_within,161,0.037323792015489916,0.6383124637300917,0.08312566823013288,0.2944803173273046,82,7,1,DE,0.7374677979017563,0.4398722731625429,FALSE,FALSE
agr_big,zei_gri,z_within,0,NA,NA,NA,NA,0,0,0,,NA,NA,TRUE,FALSE
agr_vir,bup_pin,z_within,23,-0.30501810122938844,0.15700178483138366,-0.2661946094105834,0.2195472937819332,1,1,1,DE,0.25769948130944353,0.3475759817301559,FALSE,FALSE
agr_vir,cep_spp,z_within,0,NA,NA,NA,NA,0,0,0,,NA,NA,TRUE,FALSE
agr_vir,clo_ana,z_within,0,NA,NA,NA,NA,0,0,0,,NA,NA,TRUE,FALSE
agr_vir,den_mic,z_within,0,NA,NA,NA,NA,0,0,0,,NA,NA,TRUE,FALSE
agr_vir,den_pin,z_within,23,-0.37672721209231835,0.07640900874168069,-0.41508311975887585,0.04888981648930826,0,1,1,DE,0.1507072713855249,0.11040001423586975,FALSE,FALSE
agr_vir,dip_sp,z_within,46,-0.29903278664290345,0.04351037380229631,-0.2124591965012986,0.15632088218361598,5,2,1,DE,0.0975327519993898,0.2676573378395727,FALSE,FALSE
agr_vir,era_def,z_within,23,0.12661044019397583,0.5648412475027182,0.03590351350683144,0.8708043646681473,8,1,1,DE,0.6835536452829506,0.9195591096748414,FALSE,FALSE
agr_vir,geo_db,z_within,23,-0.5528994303229423,0.006214140444938228,-0.3901885592221021,0.06567075802638461,5,1,1,DE,0.018721081340446814,0.13851350054309827,FALSE,FALSE
agr_vir,ips_acu,z_within,23,0.858325065468507,1.6212122224033566e-7,0.8158960425932898,2.082537651076793e-6,8,1,1,DE,1.8086648856187446e-6,1.8821922567959878e-5,FALSE,FALSE
agr_vir,ips_ami,z_within,0,NA,NA,NA,NA,0,0,0,,NA,NA,TRUE,FALSE
agr_vir,ips_cem,z_within,92,0.13517662368147473,0.1988807490407915,0.15676875467853918,0.13560531980202492,42,4,1,DE,0.3127772132491743,0.24205549584661448,FALSE,FALSE
agr_vir,ips_dup,z_within,0,NA,NA,NA,NA,0,0,0,,NA,NA,TRUE,FALSE
agr_vir,ips_sex,z_within,23,0.4939462073446449,0.0165957823524025,0.3405094241915069,0.11185897832585302,7,1,1,DE,0.04437973258282915,0.20907672912214412,FALSE,FALSE
agr_vir,ips_typ,z_within,92,0.1123572686229386,0.2862704422165613,0.1926683869812206,0.06576481328306766,41,4,1,DE,0.4231823928418732,0.13851350054309827,FALSE,FALSE
agr_vir,lym_dis,z_within,92,0.547143400245559,1.667956334336793e-8,0.5014574664430423,3.5479733066871735e-7,39,4,1,DE,2.2902323513778272e-7,3.618932772820917e-6,FALSE,FALSE
agr_vir,lym_mon,z_within,23,-0.12589903110185152,0.5670477513344387,-0.26485422486709104,0.2219653481270465,5,1,1,DE,0.6850627655715554,0.3506266782360867,FALSE,FALSE
agr_vir,mel_spp,z_within,69,0.11122474723436812,0.3629011634574444,0.10924486837936903,0.37155936619281704,32,3,1,DE,0.5070673790775251,0.5220559590157585,FALSE,FALSE
agr_vir,neo_ser,z_within,0,NA,NA,NA,NA,0,0,0,,NA,NA,TRUE,FALSE
agr_vir,ope_spp,z_within,23,0.34807558473181294,0.10361336351673263,0.17069989376759426,0.4361350146160603,11,1,1,DE,0.18742546055515932,0.5853390985636598,FALSE,FALSE
agr_vir,pan_fla,z_within,0,NA,NA,NA,NA,0,0,0,,NA,NA,TRUE,FALSE
agr_vir,pha_cya,z_within,92,0.4647870869242111,3.049143072444094e-6,0.4807766122979684,1.2306358615193662e-6,45,4,1,DE,2.6229977755723895e-5,1.141135071590685e-5,FALSE,FALSE
agr_vir,pis_pin,z_within,0,NA,NA,NA,NA,0,0,0,,NA,NA,TRUE,FALSE
agr_vir,pit_bid,z_within,23,0.38055529464155974,0.07322910738181318,0.3509687580403928,0.10058171132749562,7,1,1,DE,0.14686961424329947,0.1930519943221287,FALSE,FALSE
agr_vir,pit_cha,z_within,92,0.015251100052265723,0.8852701306494279,0.16063302898625278,0.1261099782952171,39,4,1,DE,0.928168683235964,0.22970031760914544,FALSE,FALSE
agr_vir,pit_spp,z_within,69,0.08617441261279489,0.48140004174070505,0.2186479905197893,0.07108187356375728,35,3,1,DE,0.6131452138563988,0.1483989991945108,FALSE,FALSE
agr_vir,pol_pol,z_within,0,NA,NA,NA,NA,0,0,0,,NA,NA,TRUE,FALSE
agr_vir,pri_abi,z_within,46,-0.3711799217321492,0.011097015214505424,-0.31147763740995354,0.03510556992419018,8,2,1,DE,0.030591771672420356,0.08613531589646663,FALSE,FALSE
agr_vir,sap_car,z_within,0,NA,NA,NA,NA,0,0,0,,NA,NA,TRUE,FALSE
agr_vir,sco_int,z_within,69,0.28250703647587044,0.01867596031462383,0.3350173972481047,0.004895497689475273,14,3,1,DE,0.049387539498671904,0.01608698295973901,FALSE,FALSE
agr_vir,sco_rat,z_within,0,NA,NA,NA,NA,0,0,0,,NA,NA,TRUE,FALSE
agr_vir,sco_sco,z_within,0,NA,NA,NA,NA,0,0,0,,NA,NA,TRUE,FALSE
agr_vir,tet_gab,z_within,46,-0.10825849770798046,0.4739006168060296,-0.07839173198875914,0.6045667090751705,21,2,1,DE,0.6085702165458725,0.7254800508902046,FALSE,FALSE
agr_vir,tet_spp,z_within,46,-0.09660210585815404,0.523048960131115,-0.07220839949959468,0.6334428766456024,21,2,1,DE,0.6438913060924415,0.7451041415567713,FALSE,FALSE
agr_vir,tha_pit,z_within,0,NA,NA,NA,NA,0,0,0,,NA,NA,TRUE,FALSE
agr_vir,tha_pro,z_within,69,0.42838646889452064,2.4051042263471066e-4,0.4447286124049583,1.2892104366772026e-4,36,3,1,DE,0.0012093270546562212,6.818490753981649e-4,FALSE,FALSE
agr_vir,tom_spp,z_within,92,-0.030542820847646063,0.772567308982974,-0.016248337334444706,0.8778243319734986,38,4,1,DE,0.8489908030821695,0.9230730088793491,FALSE,FALSE
agr_vir,tor_vir,z_within,46,-0.2912865803210114,0.04952382712237669,-0.18694003991923538,0.21350058788506018,18,2,1,DE,0.10847709027110305,0.3417924209639753,FALSE,FALSE
agr_vir,uro_sir_spp,z_within,0,NA,NA,NA,NA,0,0,0,,NA,NA,TRUE,FALSE
agr_vir,xyl_lin,z_within,46,-0.49609510161808684,4.545905949507224e-4,-0.582715555151836,2.1471485431302402e-5,21,2,1,DE,0.0021353795052290515,1.4327701493411135e-4,FALSE,FALSE
agr_vir,xyl_spp,z_within,69,-0.22589125603961063,0.06199715170366712,-0.26080475799869374,0.030430652268593563,23,3,1,DE,0.13019401857770097,0.07759816328491358,FALSE,FALSE
agr_vir,zei_gri,z_within,0,NA,NA,NA,NA,0,0,0,,NA,NA,TRUE,FALSE
bup_pin,cep_spp,z_within,0,NA,NA,NA,NA,0,0,0,,NA,NA,TRUE,FALSE
bup_pin,clo_ana,z_within,0,NA,NA,NA,NA,0,0,0,,NA,NA,TRUE,FALSE
bup_pin,den_mic,z_within,0,NA,NA,NA,NA,0,0,0,,NA,NA,TRUE,FALSE
bup_pin,den_pin,z_within,226,0.3855890611929521,1.9965485422867935e-9,0.3343309762510185,2.645354700706921e-7,74,11,2,"DE,PL",3.315199207425048e-8,2.8359206791182966e-6,FALSE,FALSE
bup_pin,dip_sp,z_within,329,0.3895486810286471,2.293437394582331e-13,0.36193804345213226,1.2798136010131593e-11,112,16,2,"DE,PL",5.458380999105948e-12,2.538296975342766e-10,FALSE,FALSE
bup_pin,era_def,z_within,23,0.6384885939582579,0.0010427062045916247,0.5022327465095217,0.014600713514163465,12,1,1,DE,0.004254241314733829,0.04141123911686792,FALSE,FALSE
bup_pin,geo_db,z_within,306,0.23497460796453717,3.298265242285547e-5,0.22996311910267275,4.890438308395676e-5,88,15,2,"DE,PL",2.1026440919570363e-4,2.862108977208617e-4,FALSE,FALSE
bup_pin,ips_acu,z_within,169,-0.3187007198975668,2.4106087314627417e-5,-0.2428802931458796,0.0014636695586675195,24,8,2,"DE,PL",1.593680216911479e-4,0.005838324384852564,FALSE,FALSE
bup_pin,ips_ami,z_within,0,NA,NA,NA,NA,0,0,0,,NA,NA,TRUE,FALSE
bup_pin,ips_cem,z_within,138,0.16074409995370997,0.05964534256212992,0.035572175746312454,0.6787213528615859,43,6,1,DE,0.12637025100700525,0.7791110063395054,FALSE,FALSE
bup_pin,ips_dup,z_within,0,NA,NA,NA,NA,0,0,0,,NA,NA,TRUE,FALSE
bup_pin,ips_sex,z_within,69,-0.01849613155324628,0.8800968527197588,0.0072880422055496665,0.9526065796437524,26,3,1,DE,0.9265371070485287,0.9758408864643318,FALSE,FALSE
bup_pin,ips_typ,z_within,398,0.05448951364449755,0.27816571189704054,-0.040859836082963515,0.4162599988000135,149,19,2,"DE,PL",0.4172485678455608,0.5693671247954208,FALSE,FALSE
bup_pin,lym_dis,z_within,69,0.2528078756028031,0.036100770946036795,0.2502636083913507,0.03807961556811342,13,3,1,DE,0.084511312968755,0.09185420782308441,FALSE,FALSE
bup_pin,lym_mon,z_within,306,0.3483323649532412,3.7113418701644963e-10,0.314474961007483,1.8895793856355702e-8,116,15,2,"DE,PL",6.9734160402564486e-9,2.6983193626875943e-7,FALSE,FALSE
bup_pin,mel_spp,z_within,329,0.2823142998591424,1.913630184496942e-7,0.29727739926791896,3.8772485687583565e-8,114,16,2,"DE,PL",2.1020491565089486e-6,5.223312222817861e-7,FALSE,FALSE
bup_pin,neo_ser,z_within,23,-0.10471678397764957,0.63442430632392,-0.06125250648702454,0.7812922069050181,3,1,1,DE,0.7353554459663618,0.857452247903161,FALSE,FALSE
bup_pin,ope_spp,z_within,23,0.4413253268862017,0.03502243825261316,0.40507905767036095,0.05517770031522394,4,1,1,DE,0.08252812182298942,0.12197175859154767,FALSE,FALSE
bup_pin,pan_fla,z_within,286,0.3302919319953917,1.0485487123445289e-8,0.28749293020816186,7.596756171876592e-7,79,14,2,"DE,PL",1.5278852665591707e-7,7.329843117189036e-6,FALSE,FALSE
bup_pin,pha_cya,z_within,398,0.27863521742370784,1.571013424629136e-8,0.2243890027081763,6.1770533560801694e-06,147,19,2,"DE,PL",2.1994187944807904e-7,4.955523703641844e-5,FALSE,FALSE
bup_pin,pis_pin,z_within,69,0.47516793430960647,3.697068859891577e-5,0.3891093481871437,9.51811018972393e-4,27,3,1,DE,2.2953975356196398e-4,0.0039742284651829735,FALSE,FALSE
bup_pin,pit_bid,z_within,69,-0.03939067119862518,0.7479447084161905,-0.0943727793273487,0.44051631443001227,23,3,1,DE,0.826675730354737,0.5854416547743259,FALSE,FALSE
bup_pin,pit_cha,z_within,138,0.2540338203240987,0.0026422259892066747,0.06515459539431896,0.44770993561486816,46,6,1,DE,0.009240393187716717,0.5897876273598078,FALSE,FALSE
bup_pin,pit_spp,z_within,0,NA,NA,NA,NA,0,0,0,,NA,NA,TRUE,FALSE
bup_pin,pol_pol,z_within,0,NA,NA,NA,NA,0,0,0,,NA,NA,TRUE,FALSE
bup_pin,pri_abi,z_within,46,0.1305557666186859,0.3871411194404496,0.21363479312492095,0.1539884272286241,11,2,1,DE,0.5291753669389665,0.2661564951663687,FALSE,FALSE
bup_pin,sap_car,z_within,0,NA,NA,NA,NA,0,0,0,,NA,NA,TRUE,FALSE
bup_pin,sco_int,z_within,69,-0.3024402992329754,0.011543010697407168,-0.224362272269637,0.06383219623656668,16,3,1,DE,0.031698883222879684,0.1356434170027042,FALSE,FALSE
bup_pin,sco_rat,z_within,46,-0.26495423210432906,0.0751566581731771,-0.2778944045793577,0.06149487263840493,16,2,1,DE,0.1489360367423273,0.1326505711897919,FALSE,FALSE
bup_pin,sco_sco,z_within,23,0.14188701510890442,0.5184095096970002,0.11499514153572077,0.6013354550965073,10,1,1,DE,0.6403882178610002,0.7248906327805233,FALSE,FALSE
bup_pin,tet_gab,z_within,92,0.28163230194942657,0.006534688908404939,0.25539745045253903,0.014006844692781595,23,4,1,DE,0.01952204134142731,0.04016420526363879,FALSE,FALSE
bup_pin,tet_spp,z_within,46,0.4457352461270332,0.001906235488909486,0.19233719913239802,0.2003378828383257,11,2,1,DE,0.006944143566741699,0.3258342786937689,FALSE,FALSE
bup_pin,tha_pit,z_within,23,-0.6439950439766439,9.127783342963421e-4,-0.6943787330028675,2.3693764692776786e-4,3,1,1,DE,0.0038156754264994574,0.0011913625345522975,FALSE,FALSE
bup_pin,tha_pro,z_within,46,-0.05313931417642358,0.7257851385546892,-0.08206616935047441,0.5876821884387626,16,2,1,DE,0.8097040452000752,0.7160496289168541,FALSE,FALSE
bup_pin,tom_spp,z_within,278,0.35372542218964725,1.2908895430696039e-9,0.34241624382405966,4.583104005204668e-9,95,13,2,"DE,PL",2.1945122232183267e-8,7.791276808847935e-8,FALSE,FALSE
bup_pin,tor_vir,z_within,312,0.12369640048672915,0.028922563982695413,0.1772486169528413,0.0016711591084803436,79,15,2,"DE,PL",0.06976591447177205,0.0064497708294863,FALSE,FALSE
bup_pin,uro_sir_spp,z_within,23,0.19562059526338102,0.3710373639213793,0.22669456501969745,0.2982560341755917,4,1,1,DE,0.5144090831842035,0.4403812656190254,FALSE,FALSE
bup_pin,xyl_lin,z_within,115,0.1692902808570919,0.07050042406451414,0.20734818026411475,0.026182512522936595,35,5,1,DE,0.14259859145060366,0.06923819978287678,FALSE,FALSE
bup_pin,xyl_spp,z_within,92,0.21673155336037622,0.037974793322320066,0.30187921582186245,0.0034502329409407985,31,4,1,DE,0.08803247542901471,0.012135302068136601,FALSE,FALSE
bup_pin,zei_gri,z_within,0,NA,NA,NA,NA,0,0,0,,NA,NA,TRUE,FALSE
cep_spp,clo_ana,z_within,0,NA,NA,NA,NA,0,0,0,,NA,NA,TRUE,FALSE
cep_spp,den_mic,z_within,0,NA,NA,NA,NA,0,0,0,,NA,NA,TRUE,FALSE
cep_spp,den_pin,z_within,0,NA,NA,NA,NA,0,0,0,,NA,NA,TRUE,FALSE
cep_spp,dip_sp,z_within,0,NA,NA,NA,NA,0,0,0,,NA,NA,TRUE,FALSE
cep_spp,era_def,z_within,0,NA,NA,NA,NA,0,0,0,,NA,NA,TRUE,FALSE
cep_spp,geo_db,z_within,0,NA,NA,NA,NA,0,0,0,,NA,NA,TRUE,FALSE
cep_spp,ips_acu,z_within,138,-0.15266728500891286,0.07383802733569857,-0.16276549933010281,0.05646758232855198,90,6,1,CZ,0.14767605467139713,0.12405493471564957,FALSE,FALSE
cep_spp,ips_ami,z_within,0,NA,NA,NA,NA,0,0,0,,NA,NA,TRUE,FALSE
cep_spp,ips_cem,z_within,0,NA,NA,NA,NA,0,0,0,,NA,NA,TRUE,FALSE
cep_spp,ips_dup,z_within,138,-0.308229821844447,2.351550757486949e-4,-0.33852647985937867,4.882379052672763e-5,88,6,1,CZ,0.001190785277195519,2.862108977208617e-4,FALSE,FALSE
cep_spp,ips_sex,z_within,138,-0.24482033052575555,0.0038036492285204206,-0.25890553563435975,0.002167655801883871,85,6,1,CZ,0.012515232945454287,0.008145822329184652,FALSE,FALSE
cep_spp,ips_typ,z_within,138,-0.3385940687371113,4.8643747429331285e-5,-0.3504136106752958,2.5158797001932315e-5,93,6,1,CZ,2.8943029720452116e-4,1.6330346417617886e-4,FALSE,FALSE
cep_spp,lym_dis,z_within,0,NA,NA,NA,NA,0,0,0,,NA,NA,TRUE,FALSE
cep_spp,lym_mon,z_within,115,0.213307914841493,0.022085552710687642,0.219013854699665,0.018691329371193093,65,5,1,CZ,0.05652001661444794,0.05213128582434324,FALSE,FALSE
cep_spp,mel_spp,z_within,0,NA,NA,NA,NA,0,0,0,,NA,NA,TRUE,FALSE
cep_spp,neo_ser,z_within,0,NA,NA,NA,NA,0,0,0,,NA,NA,TRUE,FALSE
cep_spp,ope_spp,z_within,0,NA,NA,NA,NA,0,0,0,,NA,NA,TRUE,FALSE
cep_spp,pan_fla,z_within,0,NA,NA,NA,NA,0,0,0,,NA,NA,TRUE,FALSE
cep_spp,pha_cya,z_within,138,-0.05546310651901603,0.5182047686987559,-0.02575076069923074,0.7643288622754899,86,6,1,CZ,0.6403882178610002,0.8488139261709136,FALSE,FALSE
cep_spp,pis_pin,z_within,0,NA,NA,NA,NA,0,0,0,,NA,NA,TRUE,FALSE
cep_spp,pit_bid,z_within,0,NA,NA,NA,NA,0,0,0,,NA,NA,TRUE,FALSE
cep_spp,pit_cha,z_within,0,NA,NA,NA,NA,0,0,0,,NA,NA,TRUE,FALSE
cep_spp,pit_spp,z_within,138,-0.32014289435342075,1.2925882700182955e-4,-0.3490592498642889,2.7169769354731968e-5,76,6,1,CZ,6.887373319351216e-4,1.747677055790867e-4,FALSE,FALSE
cep_spp,pol_pol,z_within,138,0.06035879993307476,0.48190159815538236,-0.018469461080703874,0.8297580726578163,84,6,1,CZ,0.6131452138563988,0.8962893553368847,FALSE,FALSE
cep_spp,pri_abi,z_within,138,0.4241814920248439,2.164487226478626e-7,0.4213204939277098,2.6611580602370574e-7,73,6,1,CZ,2.3066326562772224e-6,2.8359206791182966e-6,FALSE,FALSE
cep_spp,sap_car,z_within,0,NA,NA,NA,NA,0,0,0,,NA,NA,TRUE,FALSE
cep_spp,sco_int,z_within,138,-0.11168398388886137,0.19218584254700516,-0.07166305665865548,0.40356711040828785,55,6,1,CZ,0.30547564166603774,0.5584242574254216,FALSE,FALSE
cep_spp,sco_rat,z_within,138,-0.28927445804924834,5.792044603699143e-4,-0.27164782107131596,0.001268820774864274,44,6,1,CZ,0.002634089074548528,0.005176788761446238,FALSE,FALSE
cep_spp,sco_sco,z_within,0,NA,NA,NA,NA,0,0,0,,NA,NA,TRUE,FALSE
cep_spp,tet_gab,z_within,0,NA,NA,NA,NA,0,0,0,,NA,NA,TRUE,FALSE
cep_spp,tet_spp,z_within,0,NA,NA,NA,NA,0,0,0,,NA,NA,TRUE,FALSE
cep_spp,tha_pit,z_within,0,NA,NA,NA,NA,0,0,0,,NA,NA,TRUE,FALSE
cep_spp,tha_pro,z_within,0,NA,NA,NA,NA,0,0,0,,NA,NA,TRUE,FALSE
cep_spp,tom_spp,z_within,138,-0.18761290763563337,0.027558784091134377,-0.14339096675094692,0.09338172912913659,91,6,1,CZ,0.06761845993494826,0.18367645894821907,FALSE,FALSE
cep_spp,tor_vir,z_within,0,NA,NA,NA,NA,0,0,0,,NA,NA,TRUE,FALSE
cep_spp,uro_sir_spp,z_within,0,NA,NA,NA,NA,0,0,0,,NA,NA,TRUE,FALSE
cep_spp,xyl_lin,z_within,0,NA,NA,NA,NA,0,0,0,,NA,NA,TRUE,FALSE
cep_spp,xyl_spp,z_within,0,NA,NA,NA,NA,0,0,0,,NA,NA,TRUE,FALSE
cep_spp,zei_gri,z_within,115,0.022963030659707413,0.8075460009641819,-0.01912532648383794,0.8392332900775648,51,5,1,CZ,0.8733109207475359,0.9024285679448513,FALSE,FALSE
clo_ana,den_mic,z_within,0,NA,NA,NA,NA,0,0,0,,NA,NA,TRUE,FALSE
clo_ana,den_pin,z_within,0,NA,NA,NA,NA,0,0,0,,NA,NA,TRUE,FALSE
clo_ana,dip_sp,z_within,0,NA,NA,NA,NA,0,0,0,,NA,NA,TRUE,FALSE
clo_ana,era_def,z_within,0,NA,NA,NA,NA,0,0,0,,NA,NA,TRUE,FALSE
clo_ana,geo_db,z_within,0,NA,NA,NA,NA,0,0,0,,NA,NA,TRUE,FALSE
clo_ana,ips_acu,z_within,0,NA,NA,NA,NA,0,0,0,,NA,NA,TRUE,FALSE
clo_ana,ips_ami,z_within,0,NA,NA,NA,NA,0,0,0,,NA,NA,TRUE,FALSE
clo_ana,ips_cem,z_within,0,NA,NA,NA,NA,0,0,0,,NA,NA,TRUE,FALSE
clo_ana,ips_dup,z_within,0,NA,NA,NA,NA,0,0,0,,NA,NA,TRUE,FALSE
clo_ana,ips_sex,z_within,0,NA,NA,NA,NA,0,0,0,,NA,NA,TRUE,FALSE
clo_ana,ips_typ,z_within,0,NA,NA,NA,NA,0,0,0,,NA,NA,TRUE,FALSE
clo_ana,lym_dis,z_within,0,NA,NA,NA,NA,0,0,0,,NA,NA,TRUE,FALSE
clo_ana,lym_mon,z_within,0,NA,NA,NA,NA,0,0,0,,NA,NA,TRUE,FALSE
clo_ana,mel_spp,z_within,0,NA,NA,NA,NA,0,0,0,,NA,NA,TRUE,FALSE
clo_ana,neo_ser,z_within,0,NA,NA,NA,NA,0,0,0,,NA,NA,TRUE,FALSE
clo_ana,ope_spp,z_within,0,NA,NA,NA,NA,0,0,0,,NA,NA,TRUE,FALSE
clo_ana,pan_fla,z_within,0,NA,NA,NA,NA,0,0,0,,NA,NA,TRUE,FALSE
clo_ana,pha_cya,z_within,0,NA,NA,NA,NA,0,0,0,,NA,NA,TRUE,FALSE
clo_ana,pis_pin,z_within,0,NA,NA,NA,NA,0,0,0,,NA,NA,TRUE,FALSE
clo_ana,pit_bid,z_within,0,NA,NA,NA,NA,0,0,0,,NA,NA,TRUE,FALSE
clo_ana,pit_cha,z_within,0,NA,NA,NA,NA,0,0,0,,NA,NA,TRUE,FALSE
clo_ana,pit_spp,z_within,0,NA,NA,NA,NA,0,0,0,,NA,NA,TRUE,FALSE
clo_ana,pol_pol,z_within,0,NA,NA,NA,NA,0,0,0,,NA,NA,TRUE,FALSE
clo_ana,pri_abi,z_within,0,NA,NA,NA,NA,0,0,0,,NA,NA,TRUE,FALSE
clo_ana,sap_car,z_within,0,NA,NA,NA,NA,0,0,0,,NA,NA,TRUE,FALSE
clo_ana,sco_int,z_within,0,NA,NA,NA,NA,0,0,0,,NA,NA,TRUE,FALSE
clo_ana,sco_rat,z_within,0,NA,NA,NA,NA,0,0,0,,NA,NA,TRUE,FALSE
clo_ana,sco_sco,z_within,0,NA,NA,NA,NA,0,0,0,,NA,NA,TRUE,FALSE
clo_ana,tet_gab,z_within,0,NA,NA,NA,NA,0,0,0,,NA,NA,TRUE,FALSE
clo_ana,tet_spp,z_within,0,NA,NA,NA,NA,0,0,0,,NA,NA,TRUE,FALSE
clo_ana,tha_pit,z_within,0,NA,NA,NA,NA,0,0,0,,NA,NA,TRUE,FALSE
clo_ana,tha_pro,z_within,0,NA,NA,NA,NA,0,0,0,,NA,NA,TRUE,FALSE
clo_ana,tom_spp,z_within,0,NA,NA,NA,NA,0,0,0,,NA,NA,TRUE,FALSE
clo_ana,tor_vir,z_within,0,NA,NA,NA,NA,0,0,0,,NA,NA,TRUE,FALSE
clo_ana,uro_sir_spp,z_within,0,NA,NA,NA,NA,0,0,0,,NA,NA,TRUE,FALSE
clo_ana,xyl_lin,z_within,0,NA,NA,NA,NA,0,0,0,,NA,NA,TRUE,FALSE
clo_ana,xyl_spp,z_within,0,NA,NA,NA,NA,0,0,0,,NA,NA,TRUE,FALSE
clo_ana,zei_gri,z_within,0,NA,NA,NA,NA,0,0,0,,NA,NA,TRUE,FALSE
den_mic,den_pin,z_within,0,NA,NA,NA,NA,0,0,0,,NA,NA,TRUE,FALSE
den_mic,dip_sp,z_within,0,NA,NA,NA,NA,0,0,0,,NA,NA,TRUE,FALSE
den_mic,era_def,z_within,0,NA,NA,NA,NA,0,0,0,,NA,NA,TRUE,FALSE
den_mic,geo_db,z_within,0,NA,NA,NA,NA,0,0,0,,NA,NA,TRUE,FALSE
den_mic,ips_acu,z_within,0,NA,NA,NA,NA,0,0,0,,NA,NA,TRUE,FALSE
den_mic,ips_ami,z_within,0,NA,NA,NA,NA,0,0,0,,NA,NA,TRUE,FALSE
den_mic,ips_cem,z_within,0,NA,NA,NA,NA,0,0,0,,NA,NA,TRUE,FALSE
den_mic,ips_dup,z_within,0,NA,NA,NA,NA,0,0,0,,NA,NA,TRUE,FALSE
den_mic,ips_sex,z_within,0,NA,NA,NA,NA,0,0,0,,NA,NA,TRUE,FALSE
den_mic,ips_typ,z_within,0,NA,NA,NA,NA,0,0,0,,NA,NA,TRUE,FALSE
den_mic,lym_dis,z_within,0,NA,NA,NA,NA,0,0,0,,NA,NA,TRUE,FALSE
den_mic,lym_mon,z_within,0,NA,NA,NA,NA,0,0,0,,NA,NA,TRUE,FALSE
den_mic,mel_spp,z_within,0,NA,NA,NA,NA,0,0,0,,NA,NA,TRUE,FALSE
den_mic,neo_ser,z_within,0,NA,NA,NA,NA,0,0,0,,NA,NA,TRUE,FALSE
den_mic,ope_spp,z_within,0,NA,NA,NA,NA,0,0,0,,NA,NA,TRUE,FALSE
den_mic,pan_fla,z_within,0,NA,NA,NA,NA,0,0,0,,NA,NA,TRUE,FALSE
den_mic,pha_cya,z_within,0,NA,NA,NA,NA,0,0,0,,NA,NA,TRUE,FALSE
den_mic,pis_pin,z_within,0,NA,NA,NA,NA,0,0,0,,NA,NA,TRUE,FALSE
den_mic,pit_bid,z_within,0,NA,NA,NA,NA,0,0,0,,NA,NA,TRUE,FALSE
den_mic,pit_cha,z_within,0,NA,NA,NA,NA,0,0,0,,NA,NA,TRUE,FALSE
den_mic,pit_spp,z_within,0,NA,NA,NA,NA,0,0,0,,NA,NA,TRUE,FALSE
den_mic,pol_pol,z_within,0,NA,NA,NA,NA,0,0,0,,NA,NA,TRUE,FALSE
den_mic,pri_abi,z_within,0,NA,NA,NA,NA,0,0,0,,NA,NA,TRUE,FALSE
den_mic,sap_car,z_within,0,NA,NA,NA,NA,0,0,0,,NA,NA,TRUE,FALSE
den_mic,sco_int,z_within,0,NA,NA,NA,NA,0,0,0,,NA,NA,TRUE,FALSE
den_mic,sco_rat,z_within,0,NA,NA,NA,NA,0,0,0,,NA,NA,TRUE,FALSE
den_mic,sco_sco,z_within,0,NA,NA,NA,NA,0,0,0,,NA,NA,TRUE,FALSE
den_mic,tet_gab,z_within,0,NA,NA,NA,NA,0,0,0,,NA,NA,TRUE,FALSE
den_mic,tet_spp,z_within,0,NA,NA,NA,NA,0,0,0,,NA,NA,TRUE,FALSE
den_mic,tha_pit,z_within,0,NA,NA,NA,NA,0,0,0,,NA,NA,TRUE,FALSE
den_mic,tha_pro,z_within,0,NA,NA,NA,NA,0,0,0,,NA,NA,TRUE,FALSE
den_mic,tom_spp,z_within,0,NA,NA,NA,NA,0,0,0,,NA,NA,TRUE,FALSE
den_mic,tor_vir,z_within,0,NA,NA,NA,NA,0,0,0,,NA,NA,TRUE,FALSE
den_mic,uro_sir_spp,z_within,0,NA,NA,NA,NA,0,0,0,,NA,NA,TRUE,FALSE
den_mic,xyl_lin,z_within,0,NA,NA,NA,NA,0,0,0,,NA,NA,TRUE,FALSE
den_mic,xyl_spp,z_within,0,NA,NA,NA,NA,0,0,0,,NA,NA,TRUE,FALSE
den_mic,zei_gri,z_within,0,NA,NA,NA,NA,0,0,0,,NA,NA,TRUE,FALSE
den_pin,dip_sp,z_within,246,0.34826189906333793,2.0105023896299925e-8,0.34467977602116473,2.864089310019224e-8,130,12,2,"DE,PL",2.609997647628754e-7,3.932614937218703e-7,FALSE,FALSE
den_pin,era_def,z_within,23,0.5818147233312996,0.003587969120116551,0.5600605613703058,0.005448417805989481,13,1,1,DE,0.012027276768841397,0.017653194960235565,FALSE,FALSE
den_pin,geo_db,z_within,223,0.3029315607847575,4.084775666230276e-6,0.2990294543929109,5.499067731980204e-6,101,11,2,"DE,PL",3.352333132975192e-5,4.461743591629392e-5,FALSE,FALSE
den_pin,ips_acu,z_within,126,-0.3563198017952323,4.220581836185862e-5,-0.34111705164646255,9.276567382891729e-5,23,6,2,"DE,PL",2.5323491017115174e-4,5.056083291133355e-4,FALSE,FALSE
den_pin,ips_ami,z_within,0,NA,NA,NA,NA,0,0,0,,NA,NA,TRUE,FALSE
den_pin,ips_cem,z_within,46,0.11961319424123908,0.4284897493222083,0.07238308643206466,0.6326193717455517,24,2,1,DE,0.5712722601636682,0.7451041415567713,FALSE,FALSE
den_pin,ips_dup,z_within,0,NA,NA,NA,NA,0,0,0,,NA,NA,TRUE,FALSE
den_pin,ips_sex,z_within,46,-0.10279588384176216,0.4966230553016141,-0.10164029197153436,0.5015006869525647,23,2,1,DE,0.6198769784737006,0.6454095221300362,FALSE,FALSE
den_pin,ips_typ,z_within,246,0.11516795310779905,0.07136574617017194,0.12934048369157808,0.04268131135125334,152,12,2,"DE,PL",0.14353561342395144,0.10026289536055734,FALSE,FALSE
den_pin,lym_dis,z_within,23,-0.21141109938117306,0.33286678161450267,-0.06995637842038072,0.7511083856162338,2,1,1,DE,0.4753337641455098,0.8430413503773209,FALSE,FALSE
den_pin,lym_mon,z_within,223,0.4092064005605622,2.0580652682550144e-10,0.3910339236085368,1.4561280901396126e-9,134,11,2,"DE,PL",4.081829448705778e-9,2.6658345034863675e-8,FALSE,FALSE
den_pin,mel_spp,z_within,223,0.14066250537087815,0.035800824089113545,0.14723995772213777,0.027920577723004946,126,11,2,"DE,PL",0.08408483026193116,0.07222932063125193,FALSE,FALSE
den_pin,neo_ser,z_within,0,NA,NA,NA,NA,0,0,0,,NA,NA,TRUE,FALSE
den_pin,ope_spp,z_within,0,NA,NA,NA,NA,0,0,0,,NA,NA,TRUE,FALSE
den_pin,pan_fla,z_within,223,0.3561476168816624,4.52813666189902e-8,0.32770608543718194,5.583564871098003e-7,86,11,2,"DE,PL",5.574292373441207e-7,5.537035163838853e-6,FALSE,FALSE
den_pin,pha_cya,z_within,246,-0.024526093251196028,0.7018865344311433,-0.014404508253992324,0.8221450910691918,152,12,2,"DE,PL",0.7879669584651515,0.8907611457107782,FALSE,FALSE
den_pin,pis_pin,z_within,23,0.1918127845076155,0.38060379589426363,0.23371598576278899,0.28313245759908945,16,1,1,DE,0.5236052220973106,0.427412768272611,FALSE,FALSE
den_pin,pit_bid,z_within,46,0.08145382280508565,0.5904813356801615,0.02889596058603461,0.8488169571288917,21,2,1,DE,0.7015036167647842,0.9086286467616621,FALSE,FALSE
den_pin,pit_cha,z_within,46,-0.08198993330522246,0.5880303540868728,-0.13381467918820092,0.37529695698130305,24,2,1,DE,0.7009243285776746,0.5254157397738243,FALSE,FALSE
den_pin,pit_spp,z_within,0,NA,NA,NA,NA,0,0,0,,NA,NA,TRUE,FALSE
den_pin,pol_pol,z_within,0,NA,NA,NA,NA,0,0,0,,NA,NA,TRUE,FALSE
den_pin,pri_abi,z_within,23,-0.024604391140087136,0.911271724285843,0.11881881617531605,0.5892132573665934,4,1,1,DE,0.946840065430815,0.7161908678333105,FALSE,FALSE
den_pin,sap_car,z_within,0,NA,NA,NA,NA,0,0,0,,NA,NA,TRUE,FALSE
den_pin,sco_int,z_within,46,-0.1578220130892699,0.29485726715329014,-0.20684859078144255,0.16780974740460236,16,2,1,DE,0.4340785334998952,0.2812585907203899,FALSE,FALSE
den_pin,sco_rat,z_within,23,-0.06366574293851439,0.7728907871196221,-0.181909986685894,0.406130192557678,16,1,1,DE,0.8489908030821695,0.5606673537876584,FALSE,FALSE
den_pin,sco_sco,z_within,23,0.38898031602662375,0.06658463381488253,0.35381859300921004,0.09765997707618959,12,1,1,DE,0.1374029726700177,0.18845736116864695,FALSE,FALSE
den_pin,tet_gab,z_within,23,0.25371012771084334,0.24275308790043126,0.19030816564928071,0.3844221961478319,9,1,1,DE,0.3743535739976413,0.5352735262012891,FALSE,FALSE
den_pin,tet_spp,z_within,0,NA,NA,NA,NA,0,0,0,,NA,NA,TRUE,FALSE
den_pin,tha_pit,z_within,23,-0.46113821271489674,0.02677934255168621,-0.458257657463047,0.027870574201340006,7,1,1,DE,0.06616072865710712,0.07222932063125193,FALSE,FALSE
den_pin,tha_pro,z_within,23,0.10888902721121105,0.6209062776395102,0.1730351642990524,0.42978884131701844,11,1,1,DE,0.7255762393365144,0.5800092423845261,FALSE,FALSE
den_pin,tom_spp,z_within,146,0.2628893592198377,0.0013469631121163575,0.31462538927136446,1.0989070929302841e-4,73,7,2,"DE,PL",0.005142950064444274,5.92585479627226e-4,FALSE,FALSE
den_pin,tor_vir,z_within,226,0.19225604320668457,0.0037158188920757246,0.19057329635505427,0.004034416171257045,96,11,2,"DE,PL",0.012339975297404965,0.013915812300857634,FALSE,FALSE
den_pin,uro_sir_spp,z_within,0,NA,NA,NA,NA,0,0,0,,NA,NA,TRUE,FALSE
den_pin,xyl_lin,z_within,46,0.6040572397549921,8.795426640529366e-6,0.5723519992764657,3.239134822029561e-5,24,2,1,DE,6.474159403441203e-5,2.064948449043845e-4,FALSE,FALSE
den_pin,xyl_spp,z_within,46,0.2320159952439024,0.12076754796324697,0.41015817503772034,0.004640177396350213,23,2,1,DE,0.21290871418705765,0.015481713369131084,FALSE,FALSE
den_pin,zei_gri,z_within,0,NA,NA,NA,NA,0,0,0,,NA,NA,TRUE,FALSE
dip_sp,era_def,z_within,23,0.2417652336495331,0.266398631817249,0.13451555674284013,0.540584265215666,14,1,1,DE,0.4021323955972849,0.6759670146479607,FALSE,FALSE
dip_sp,geo_db,z_within,326,0.12353600564493607,0.02571537406264487,0.11916784060917901,0.03147326225072245,149,16,2,"DE,PL",0.06419852126128825,0.07968762144331855,FALSE,FALSE
dip_sp,ips_acu,z_within,189,-0.271118178583526,1.6100301501294204e-4,-0.2805633197849099,9.216174658613909e-5,39,9,2,"DE,PL",8.390960052499315e-4,5.056083291133355e-4,FALSE,FALSE
dip_sp,ips_ami,z_within,0,NA,NA,NA,NA,0,0,0,,NA,NA,TRUE,FALSE
dip_sp,ips_cem,z_within,92,0.22815724938484774,0.028711567167262798,0.2795138955558549,0.006968319163727757,43,4,1,DE,0.06962221437823106,0.021917973052430036,FALSE,FALSE
dip_sp,ips_dup,z_within,0,NA,NA,NA,NA,0,0,0,,NA,NA,TRUE,FALSE
dip_sp,ips_sex,z_within,69,0.02331948577001436,0.8491577144012786,0.09679408570265295,0.4288251510436233,36,3,1,DE,0.905302264295541,0.5800092423845261,FALSE,FALSE
dip_sp,ips_typ,z_within,435,-0.06259965281181441,0.19252666491557002,-0.08252557923424346,0.08558007412234313,281,21,3,"AT,DE,PL",0.30547564166603774,0.17164093517795787,FALSE,FALSE
dip_sp,lym_dis,z_within,111,0.10298364278358049,0.2821149051839017,0.09988175479209879,0.29693987744121686,28,5,2,"AT,DE",0.42140176213662306,0.4403812656190254,FALSE,FALSE
dip_sp,lym_mon,z_within,326,0.17102798737208083,0.0019417931659214927,0.1582212861925292,0.004185299131731069,195,16,2,"DE,PL",0.00703776812420277,0.014298103253856378,FALSE,FALSE
dip_sp,mel_spp,z_within,326,0.1286397425109671,0.02015817527060853,0.14039824526618652,0.011155133927101801,199,16,2,"DE,PL",0.053110469163153096,0.033325379179709985,FALSE,FALSE
dip_sp,neo_ser,z_within,23,-0.10657455091261392,0.6283908692316446,-0.0812163723180733,0.7125835700885496,4,1,1,DE,0.7307346590087854,0.8134087337534263,FALSE,FALSE
dip_sp,ope_spp,z_within,23,0.16639313588096616,0.44796887076719993,0.0976516768403175,0.657573042336308,3,1,1,DE,0.5858054463878768,0.7629767395352278,FALSE,FALSE
dip_sp,pan_fla,z_within,283,0.24293625748979317,3.6153138042175304e-5,0.24021783738202018,4.4429532613767466e-5,124,14,2,"DE,PL",2.2770150248070152e-4,2.665771956826048e-4,FALSE,FALSE
dip_sp,pha_cya,z_within,435,0.0556719731749306,0.24658304015994845,0.060299647228469214,0.20941613438256404,273,21,3,"AT,DE,PL",0.3794402816254379,0.336007011121687,FALSE,FALSE
dip_sp,pis_pin,z_within,46,0.24601725679658698,0.09933423266478038,0.22091945887571995,0.1401017787865916,29,2,1,DE,0.18253478873863485,0.24699424704599116,FALSE,FALSE
dip_sp,pit_bid,z_within,69,0.2364491143744353,0.05045978400328398,0.2388602593784347,0.04808832697250575,30,3,1,DE,0.10984233469007548,0.10900020780434637,FALSE,FALSE
dip_sp,pit_cha,z_within,155,0.05495651522163306,0.4970249121392327,0.039474013582002164,0.6257909891925921,80,7,2,"AT,DE",0.6198769784737006,0.7418341532818025,FALSE,FALSE
dip_sp,pit_spp,z_within,86,0.041544170694528385,0.7041003904590025,8.841317518453413e-4,0.9935538628711411,43,4,2,"AT,DE",0.7892114266683325,0.9949673200754847,FALSE,FALSE
dip_sp,pol_pol,z_within,0,NA,NA,NA,NA,0,0,0,,NA,NA,TRUE,FALSE
dip_sp,pri_abi,z_within,46,4.8663881933851296e-4,0.9974390266473045,0.011991313123710231,0.9369581723576751,10,2,1,DE,0.9974390266473045,0.9695480218309855,FALSE,FALSE
dip_sp,sap_car,z_within,0,NA,NA,NA,NA,0,0,0,,NA,NA,TRUE,FALSE
dip_sp,sco_int,z_within,92,-0.2084584654387954,0.0461422398979424,-0.12086258658338636,0.25111900193649733,26,4,1,DE,0.1026341410814046,0.3843754197866286,FALSE,FALSE
dip_sp,sco_rat,z_within,46,0.1379927132518209,0.3604326547637141,0.15482139130977876,0.3042496750272881,27,2,1,DE,0.5046192561325442,0.4433352407540484,FALSE,FALSE
dip_sp,sco_sco,z_within,23,-0.07018563520141263,0.7503178957249854,-0.10920878249133968,0.6198750785211896,13,1,1,DE,0.8267391628821599,0.7376513434402157,FALSE,FALSE
dip_sp,tet_gab,z_within,132,-0.10639370514474536,0.22467365383994609,-0.1128490052530597,0.19763309541305377,52,6,2,"AT,DE",0.34949235041769394,0.3236468580846798,FALSE,FALSE
dip_sp,tet_spp,z_within,23,0.46054868064118415,0.026999846227809196,0.5116107850717422,0.012583489533182383,6,1,1,DE,0.06647548347122677,0.03712649391195133,FALSE,FALSE
dip_sp,tha_pit,z_within,23,-0.31652171728521383,0.14116311889951064,-0.33806988608810007,0.11461704837338095,11,1,1,DE,0.23827533544740093,0.2136725131555979,FALSE,FALSE
dip_sp,tha_pro,z_within,46,-0.303096542445008,0.0406021935429088,-0.226144402095184,0.13073000513531405,19,2,1,DE,0.09284150543524855,0.2351164324096076,FALSE,FALSE
dip_sp,tom_spp,z_within,315,0.21776429028741923,9.762133725090176e-5,0.22762582268481163,4.5512723612855224e-5,162,15,3,"AT,DE,PL",5.488317700562508e-4,2.708007054964886e-4,FALSE,FALSE
dip_sp,tor_vir,z_within,309,0.24889950109637488,9.537895728603364e-6,0.26446974288908587,2.425220234652177e-6,146,15,2,"DE,PL",6.878846010326062e-5,2.137786725360067e-5,FALSE,FALSE
dip_sp,uro_sir_spp,z_within,0,NA,NA,NA,NA,0,0,0,,NA,NA,TRUE,FALSE
dip_sp,xyl_lin,z_within,69,0.34523890918346567,0.003669272253880342,0.32598382663317577,0.00626736371818334,38,3,1,DE,0.01224233826761946,0.019888434199035132,FALSE,FALSE
dip_sp,xyl_spp,z_within,92,0.28631271258917346,0.005660217257698655,0.2561046962890791,0.01373470759728109,40,4,1,DE,0.017345043442046525,0.03963048908807696,FALSE,FALSE
dip_sp,zei_gri,z_within,0,NA,NA,NA,NA,0,0,0,,NA,NA,TRUE,FALSE
era_def,geo_db,z_within,0,NA,NA,NA,NA,0,0,0,,NA,NA,TRUE,FALSE
era_def,ips_acu,z_within,23,-0.48061004715383965,0.02026741942177342,-0.47088433423140297,0.023338002579080832,9,1,1,DE,0.05320197598215523,0.062336273262214345,FALSE,FALSE
era_def,ips_ami,z_within,0,NA,NA,NA,NA,0,0,0,,NA,NA,TRUE,FALSE
era_def,ips_cem,z_within,46,-0.21944654135764294,0.14283170113948385,-0.17970340821830078,0.23207787353882037,25,2,1,DE,0.23995725791433287,0.3632045638050094,FALSE,FALSE
era_def,ips_dup,z_within,0,NA,NA,NA,NA,0,0,0,,NA,NA,TRUE,FALSE
era_def,ips_sex,z_within,23,-0.24515057991313133,0.2595532979268627,-0.319904918697222,0.13672970450021596,14,1,1,DE,0.3943001164250638,0.24284828112724924,FALSE,FALSE
era_def,ips_typ,z_within,46,-0.47912037837060845,7.553373316042968e-4,-0.39988224519067145,0.005897821507068212,24,2,1,DE,0.003288480821740658,0.018883607874648895,FALSE,FALSE
era_def,lym_dis,z_within,23,-0.4153738723199613,0.048715785576242177,-0.39956584611150303,0.05889994985983403,7,1,1,DE,0.10735515710320036,0.12782542310006534,FALSE,FALSE
era_def,lym_mon,z_within,46,0.5097399981146913,2.9640182376264936e-4,0.5199354981443017,2.127713220397705e-4,19,2,1,DE,0.0014595234632174595,0.0011008603183796822,FALSE,FALSE
era_def,mel_spp,z_within,46,0.24299834382118307,0.10368775478891867,0.2527332530727201,0.09015510956463148,10,2,1,DE,0.18742546055515932,0.177819746489356,FALSE,FALSE
era_def,neo_ser,z_within,0,NA,NA,NA,NA,0,0,0,,NA,NA,TRUE,FALSE
era_def,ope_spp,z_within,23,0.3780454894957428,0.07530239392714308,0.48195781132099935,0.019868950108247276,8,1,1,DE,0.1489360367423273,0.054743933058719975,FALSE,FALSE
era_def,pan_fla,z_within,23,0.043875636355870266,0.8424340555845669,-0.08967817351458718,0.6840675656353843,7,1,1,DE,0.9017959755432994,0.7839875471326876,FALSE,FALSE
era_def,pha_cya,z_within,46,-0.16081136415991232,0.2856887092155394,-0.04412946051659002,0.7708941422263563,25,2,1,DE,0.4231823928418732,0.8507239838479419,FALSE,FALSE
era_def,pis_pin,z_within,23,0.4329519069042692,0.039058197928931414,0.37343672707893977,0.07922473048266823,14,1,1,DE,0.09025098162219103,0.16029370546268798,FALSE,FALSE
era_def,pit_bid,z_within,23,-0.019891513622879768,0.9282196832920151,-0.013313719454562244,0.9519230226533129,13,1,1,DE,0.9535954731949622,0.9758408864643318,FALSE,FALSE
era_def,pit_cha,z_within,46,-0.38514098199419816,0.008215387608510984,-0.4302294268303017,0.002842039404776482,24,2,1,DE,0.023748124503954828,0.010300589517819331,FALSE,FALSE
era_def,pit_spp,z_within,23,-0.3935087301823208,0.06320876785313384,-0.3793840914745205,0.07419115858544278,10,1,1,DE,0.13157743512285003,0.15221979089082227,FALSE,FALSE
era_def,pol_pol,z_within,0,NA,NA,NA,NA,0,0,0,,NA,NA,TRUE,FALSE
era_def,pri_abi,z_within,23,-0.008818948001601367,0.9681439946681774,0.010603503958982304,0.9617019838678327,6,1,1,DE,0.9818960400469866,0.9821122193086984,FALSE,FALSE
era_def,sap_car,z_within,0,NA,NA,NA,NA,0,0,0,,NA,NA,TRUE,FALSE
era_def,sco_int,z_within,23,-0.04978444093327103,0.8215261031065201,-0.12645689792914838,0.5653171496907464,12,1,1,DE,0.88378612125941,0.699543232026331,FALSE,FALSE
era_def,sco_rat,z_within,23,-0.021928884256736975,0.9208889778958113,-0.12339745685021737,0.574836842619358,13,1,1,DE,0.9497808580356659,0.7083948573205509,FALSE,FALSE
era_def,sco_sco,z_within,23,0.4450825319056423,0.03332226903208339,0.49924589366261285,0.015295937019462953,10,1,1,DE,0.07930700029635847,0.04299724028305728,FALSE,FALSE
era_def,tet_gab,z_within,23,0.4121561709545922,0.05066878955117164,0.3820437587585406,0.07202012353617684,9,1,1,DE,0.10996205391956398,0.14948362850241356,FALSE,FALSE
era_def,tet_spp,z_within,0,NA,NA,NA,NA,0,0,0,,NA,NA,TRUE,FALSE
era_def,tha_pit,z_within,23,-0.5340941073139082,0.008661733643899362,-0.4607790283432619,0.02691351684391275,3,1,1,DE,0.024937410571548968,0.07090867537473691,FALSE,FALSE
era_def,tha_pro,z_within,46,0.22538626776143098,0.1320599223854714,0.10402933550371252,0.49144385798616597,19,2,1,DE,0.22557603967279086,0.6356719467429756,FALSE,FALSE
era_def,tom_spp,z_within,46,0.1105082376083346,0.4647056361178442,0.05441286335190786,0.7194784544154034,25,2,1,DE,0.602177539361417,0.8179063625893783,FALSE,FALSE
era_def,tor_vir,z_within,46,0.6249725747604717,3.437088518925674e-6,0.6814925057775231,1.8531210973797725e-7,21,2,1,DE,2.8871543558975664e-5,2.0673882242643085e-6,FALSE,FALSE
era_def,uro_sir_spp,z_within,0,NA,NA,NA,NA,0,0,0,,NA,NA,TRUE,FALSE
era_def,xyl_lin,z_within,46,0.0753535375306071,0.6186841022646274,0.09994241228340021,0.5087114263826343,25,2,1,DE,0.7254868876283967,0.6497281683488657,FALSE,FALSE
era_def,xyl_spp,z_within,46,-0.08870919317899532,0.5577042606386473,0.17589864561878438,0.24227683849558215,23,2,1,DE,0.6783660001635335,0.3744278413113542,FALSE,FALSE
era_def,zei_gri,z_within,0,NA,NA,NA,NA,0,0,0,,NA,NA,TRUE,FALSE
geo_db,ips_acu,z_within,247,-0.30391244123378874,1.1287187958140971e-6,-0.3396074088054315,4.4042779444977455e-8,61,12,4,"BG,DE,LT,PL",1.0332118207836735e-5,5.82343417105813e-7,FALSE,FALSE
geo_db,ips_ami,z_within,0,NA,NA,NA,NA,0,0,0,,NA,NA,TRUE,FALSE
geo_db,ips_cem,z_within,46,-0.3902947459881968,0.007328688993227274,-0.465910414205291,0.001101717274642599,32,2,1,DE,0.021533678770223347,0.004546971873380437,FALSE,FALSE
geo_db,ips_dup,z_within,22,-0.3392287054820189,0.12247743573702376,-0.29597983623215396,0.181082102680553,4,1,1,RO,0.21502383242489895,0.3013814016641372,FALSE,FALSE
geo_db,ips_sex,z_within,64,-0.2044081691867256,0.10519080510059096,-0.23175699714891498,0.06537432166428994,41,3,2,"BG,DE",0.1891844706343122,0.1385082067308695,FALSE,FALSE
geo_db,ips_typ,z_within,452,0.03698672942763992,0.4327821610858623,0.0018125607353048528,0.9693457223929616,289,22,6,"BG,DE,HR,LT,PL,RO",0.5732958497501033,0.9845132941515996,FALSE,FALSE
geo_db,lym_dis,z_within,133,-0.08176167585739419,0.3494850249925404,-0.1001476434433962,0.2514052115411142,52,6,5,"BG,DE,HR,LT,RO",0.49225487126134876,0.3843754197866286,FALSE,FALSE
geo_db,lym_mon,z_within,346,0.18708620501150086,4.681481157929872e-4,0.19125361579195763,3.4659158414460214e-4,167,17,3,"DE,LT,PL",0.0021846912070339407,0.0016834448372737816,FALSE,FALSE
geo_db,mel_spp,z_within,320,0.01079430173431649,0.8474725122806732,0.002747612540698844,0.9609523378633531,188,16,1,PL,0.905302264295541,0.9821122193086984,FALSE,FALSE
geo_db,neo_ser,z_within,41,-0.22132577607165868,0.1643267597968988,-0.23176077288129657,0.14483059186153094,15,2,2,"BG,DE",0.2684881155491665,0.2540762717177717,FALSE,FALSE
geo_db,ope_spp,z_within,23,-0.8468004954609202,3.4939210000200697e-7,-0.7714572283823653,1.632692483187759e-5,0,1,1,DE,3.6154486869772896e-6,1.1209061855731345e-4,FALSE,FALSE
geo_db,pan_fla,z_within,260,0.10513566122434174,0.09068698907839522,0.10365135461595883,0.09536142549622165,103,13,1,PL,0.1717520164508599,0.18603294482049795,FALSE,FALSE
geo_db,pha_cya,z_within,366,0.05041726358130785,0.33612420822462175,0.04928318046523954,0.3471206129378619,222,18,2,"DE,PL",0.47807307703661345,0.4946988376000666,FALSE,FALSE
geo_db,pis_pin,z_within,46,0.21860936230478753,0.14440079957697874,0.1171787166471497,0.43801453556879655,20,2,2,"DE,LT",0.24089292265879164,0.5854416547743259,FALSE,FALSE
geo_db,pit_bid,z_within,46,-0.12942885641935603,0.39128739531608825,-0.07571996868921071,0.6169740697669461,29,2,1,DE,0.5331664127016927,0.7366546585511698,FALSE,FALSE
geo_db,pit_cha,z_within,69,-0.012364115710238915,0.9196841449082003,-0.053060816013652146,0.6650079507423139,38,3,2,"DE,LT",0.9497808580356659,0.7679864748289048,FALSE,FALSE
geo_db,pit_spp,z_within,23,0.03633407501229372,0.8692678711688202,-0.1092167070653668,0.6198495308424323,21,1,1,HR,0.9194922370585742,0.7376513434402157,FALSE,FALSE
geo_db,pol_pol,z_within,23,0.4747352618651723,0.022080365404479888,0.5356480123433695,0.008433203926885615,6,1,1,LT,0.05652001661444794,0.025842521904705276,FALSE,FALSE
geo_db,pri_abi,z_within,46,-0.3357989636257012,0.022517926980779205,-0.339197278366392,0.021106722823083974,17,2,1,DE,0.05721636962375926,0.057301141048220365,FALSE,FALSE
geo_db,sap_car,z_within,0,NA,NA,NA,NA,0,0,0,,NA,NA,TRUE,FALSE
geo_db,sco_int,z_within,46,0.09522017061228713,0.5290386102824118,0.1908344702020535,0.2039438750845752,20,2,1,DE,0.650143834322964,0.3301948453750265,FALSE,FALSE
geo_db,sco_rat,z_within,46,0.46826411143907065,0.0010311899616540522,0.5947110019541335,1.3104186483156484e-5,17,2,2,"DE,LT",0.0042314346702355945,9.450898130276494e-5,FALSE,FALSE
geo_db,sco_sco,z_within,0,NA,NA,NA,NA,0,0,0,,NA,NA,TRUE,FALSE
geo_db,tet_gab,z_within,23,0.18234891764590075,0.40497912997442154,0.04552076813436317,0.8366018882147703,6,1,1,DE,0.5476422325790473,0.9023168401591329,FALSE,FALSE
geo_db,tet_spp,z_within,0,NA,NA,NA,NA,0,0,0,,NA,NA,TRUE,FALSE
geo_db,tha_pit,z_within,41,0.4486577795283575,0.0032595507086727697,0.2874719999156986,0.06838252714562834,33,2,2,"BG,HR",0.011029948843565675,0.14360330700581952,FALSE,FALSE
geo_db,tha_pro,z_within,0,NA,NA,NA,NA,0,0,0,,NA,NA,TRUE,FALSE
geo_db,tom_spp,z_within,269,0.19863446131761608,0.0010552206672590331,0.19506884865199176,0.0013025720343293227,122,13,3,"DE,LT,PL",0.004270322416657219,0.005284297911995093,FALSE,FALSE
geo_db,tor_vir,z_within,390,0.22400143296669073,7.95631429249225e-6,0.22851608244705696,5.14452920529608e-6,190,19,5,"BG,DE,LT,PL,RO",5.9175087550411116e-5,4.271155642536513e-5,FALSE,FALSE
geo_db,uro_sir_spp,z_within,0,NA,NA,NA,NA,0,0,0,,NA,NA,TRUE,FALSE
geo_db,xyl_lin,z_within,46,0.4683786003938784,0.0010278645936143466,0.5803142977270694,2.3647115525738914e-5,33,2,1,DE,0.0042314346702355945,1.5489945399428976e-4,FALSE,FALSE
geo_db,xyl_spp,z_within,46,-0.026091261508303595,0.8633441919872091,0.04229266834881288,0.7801883329771915,31,2,1,DE,0.9159401977397731,0.857452247903161,FALSE,FALSE
geo_db,zei_gri,z_within,0,NA,NA,NA,NA,0,0,0,,NA,NA,TRUE,FALSE
ips_acu,ips_ami,z_within,0,NA,NA,NA,NA,0,0,0,,NA,NA,TRUE,FALSE
ips_acu,ips_cem,z_within,69,0.4505397440935992,1.0248875771682372e-4,0.37158123916816044,0.0016689873642573101,48,3,1,DE,5.716951016391573e-4,0.0064497708294863,FALSE,FALSE
ips_acu,ips_dup,z_within,182,0.5124313572730236,1.4178531785840782e-13,0.5260371382858863,2.4238265487385318e-14,158,8,2,"CZ,SK",3.749433961144562e-12,6.409674651108562e-13,FALSE,FALSE
ips_acu,ips_sex,z_within,248,0.5542001428617387,2.2806797351785284e-21,0.5505115014667725,4.722108961559072e-21,192,11,3,"BG,CZ,DE",1.4803684826522448e-19,2.593527537348598e-19,FALSE,FALSE
ips_acu,ips_typ,z_within,453,0.400220031622954,7.445118046232896e-19,0.3481461792034567,2.3589530537948027e-14,306,21,6,"BG,CZ,DE,LT,PL,SK",3.797010203578777e-17,6.409674651108562e-13,FALSE,FALSE
ips_acu,lym_dis,z_within,109,0.1409832908005511,0.14367175072970595,0.018939079248031832,0.8450268089921018,48,5,4,"BG,DE,LT,SK",0.24080194840612687,0.9063753989052894,FALSE,FALSE
ips_acu,lym_mon,z_within,324,-0.041788755710521604,0.45348483355667346,-0.054157181381350665,0.3311624940997888,140,15,4,"CZ,DE,LT,PL",0.5897780895436517,0.4776768096712105,FALSE,FALSE
ips_acu,mel_spp,z_within,183,-0.052298301980646486,0.4819860029157218,0.016900196533418035,0.8203683112545785,56,9,2,"DE,PL",0.6131452138563988,0.8901868909358192,FALSE,FALSE
ips_acu,neo_ser,z_within,41,-0.1651420190898593,0.30215196363028984,-0.09186295605605031,0.5678441565083068,26,2,2,"BG,DE",0.44027857557556516,0.7014545462749672,FALSE,FALSE
ips_acu,ope_spp,z_within,23,-0.021662775872336167,0.9218461269169699,-0.0069780651995776655,0.9747913525324086,8,1,1,DE,0.9497808580356659,0.9872354974583541,FALSE,FALSE
ips_acu,pan_fla,z_within,143,-0.08981257264098032,0.2860921880595504,-0.16235989264300044,0.05269933257779914,23,7,2,"DE,PL",0.4231823928418732,0.11758538581421435,FALSE,FALSE
ips_acu,pha_cya,z_within,390,0.1552950341141749,0.0021003237620875717,0.13807843738919143,0.006310957615420345,206,18,3,"CZ,DE,PL",0.007460851572788688,0.0199381581301333,FALSE,FALSE
ips_acu,pis_pin,z_within,69,0.09678801397405007,0.42885424572510666,0.29282861024888746,0.014615731453012206,50,3,2,"DE,LT",0.5712722601636682,0.04141123911686792,FALSE,FALSE
ips_acu,pit_bid,z_within,69,0.41134259228317344,4.4601129256325185e-4,0.3133002635144771,0.008760173547761825,41,3,1,DE,0.0021089540588752438,0.026729760312401464,FALSE,FALSE
ips_acu,pit_cha,z_within,114,0.2685503634956397,0.0038646771658329923,0.21189731402698087,0.023618672574689213,88,5,3,"DE,LT,SK",0.012599906376277427,0.06269045434322713,FALSE,FALSE
ips_acu,pit_spp,z_within,138,0.6491456957739817,7.245136112415125e-18,0.6216508852434004,4.071637653823668e-16,112,6,1,CZ,3.2331419901652494e-16,1.3214314931045904e-14,FALSE,FALSE
ips_acu,pol_pol,z_within,184,0.21662001452026072,0.0031418994992325052,0.21033377199259728,0.004159671532917895,144,8,2,"CZ,LT",0.010682458297390517,0.014278872473573926,FALSE,FALSE
ips_acu,pri_abi,z_within,184,-0.20254398791881217,0.005827094138386068,-0.21978186079969533,0.0027203421457608046,110,8,2,"CZ,DE",0.017704447722585757,0.010011980886975332,FALSE,FALSE
ips_acu,sap_car,z_within,0,NA,NA,NA,NA,0,0,0,,NA,NA,TRUE,FALSE
ips_acu,sco_int,z_within,230,0.30068532669291564,3.43100622091712e-6,0.292720654402378,6.3491289566538784e-6,122,10,2,"CZ,DE",2.8871543558975664e-5,5.03697563894541e-5,FALSE,FALSE
ips_acu,sco_rat,z_within,230,0.34228853812578514,1.0123859457213132e-7,0.3442282590853994,8.478399855179802e-8,108,10,3,"CZ,DE,LT",1.1849894512213403e-6,1.0260300841692167e-6,FALSE,FALSE
ips_acu,sco_sco,z_within,23,-0.1645494319068404,0.45308603371017064,-0.1339300363633467,0.5423642502090443,8,1,1,DE,0.5897780895436517,0.6770071235126882,FALSE,FALSE
ips_acu,tet_gab,z_within,46,0.2427720219440613,0.10401993481061815,0.11230392326476563,0.4574357714416152,14,2,1,DE,0.1875510945827812,0.6003844500171199,FALSE,FALSE
ips_acu,tet_spp,z_within,0,NA,NA,NA,NA,0,0,0,,NA,NA,TRUE,FALSE
ips_acu,tha_pit,z_within,41,0.3570891304862017,0.02191033126644827,0.2819688946609678,0.0740855468322894,25,2,2,"BG,DE",0.05652001661444794,0.15221979089082227,FALSE,FALSE
ips_acu,tha_pro,z_within,23,-0.08712745150135602,0.6926216330044626,-0.11863163337542529,0.5898042440980205,9,1,1,DE,0.7834588544242176,0.7161908678333105,FALSE,FALSE
ips_acu,tom_spp,z_within,353,0.23869357487586923,5.775412921042415e-6,0.18515728791663988,0.00047099274721471777,208,16,4,"CZ,DE,LT,PL",4.386856197472643e-5,0.0021419670159955957,FALSE,FALSE
ips_acu,tor_vir,z_within,270,-0.19662064452806996,0.0011639243994240379,-0.2434414943971633,5.2867138909005474e-5,83,13,4,"BG,DE,LT,PL",0.004591392382258359,3.068872941547147e-4,FALSE,FALSE
ips_acu,uro_sir_spp,z_within,0,NA,NA,NA,NA,0,0,0,,NA,NA,TRUE,FALSE
ips_acu,xyl_lin,z_within,69,-0.2437321860522531,0.043575557265833814,-0.2570914867943429,0.03296291944432386,47,3,1,DE,0.0975327519993898,0.08229204364771762,FALSE,FALSE
ips_acu,xyl_spp,z_within,69,-0.042219949347415825,0.7305064606748124,-0.041546995017012506,0.7346422676352322,45,3,1,DE,0.8125566058183705,0.829959777043601,FALSE,FALSE
ips_acu,zei_gri,z_within,115,-0.09417545583630894,0.31677187879190966,-0.09686598222889758,0.30308128134341306,58,5,1,CZ,0.456427427094004,0.44253585864866446,FALSE,FALSE
ips_ami,ips_cem,z_within,23,-0.09976872976238933,0.6506033401709479,-0.06541182067179013,0.7668272897227469,4,1,1,DE,0.7468340592959113,0.8488139261709136,FALSE,FALSE
ips_ami,ips_dup,z_within,0,NA,NA,NA,NA,0,0,0,,NA,NA,TRUE,FALSE
ips_ami,ips_sex,z_within,0,NA,NA,NA,NA,0,0,0,,NA,NA,TRUE,FALSE
ips_ami,ips_typ,z_within,23,-0.11994101882964144,0.5856754811250251,-0.14099669291008216,0.5210644319928,7,1,1,DE,0.69928477177804,0.6584778839696622,FALSE,FALSE
ips_ami,lym_dis,z_within,0,NA,NA,NA,NA,0,0,0,,NA,NA,TRUE,FALSE
ips_ami,lym_mon,z_within,0,NA,NA,NA,NA,0,0,0,,NA,NA,TRUE,FALSE
ips_ami,mel_spp,z_within,0,NA,NA,NA,NA,0,0,0,,NA,NA,TRUE,FALSE
ips_ami,neo_ser,z_within,0,NA,NA,NA,NA,0,0,0,,NA,NA,TRUE,FALSE
ips_ami,ope_spp,z_within,0,NA,NA,NA,NA,0,0,0,,NA,NA,TRUE,FALSE
ips_ami,pan_fla,z_within,0,NA,NA,NA,NA,0,0,0,,NA,NA,TRUE,FALSE
ips_ami,pha_cya,z_within,0,NA,NA,NA,NA,0,0,0,,NA,NA,TRUE,FALSE
ips_ami,pis_pin,z_within,0,NA,NA,NA,NA,0,0,0,,NA,NA,TRUE,FALSE
ips_ami,pit_bid,z_within,0,NA,NA,NA,NA,0,0,0,,NA,NA,TRUE,FALSE
ips_ami,pit_cha,z_within,23,0.13302062673972245,0.5451342157405964,0.19257402062186377,0.37868019557109,7,1,1,DE,0.6664825856828523,0.52911479381166,FALSE,FALSE
ips_ami,pit_spp,z_within,0,NA,NA,NA,NA,0,0,0,,NA,NA,TRUE,FALSE
ips_ami,pol_pol,z_within,0,NA,NA,NA,NA,0,0,0,,NA,NA,TRUE,FALSE
ips_ami,pri_abi,z_within,0,NA,NA,NA,NA,0,0,0,,NA,NA,TRUE,FALSE
ips_ami,sap_car,z_within,0,NA,NA,NA,NA,0,0,0,,NA,NA,TRUE,FALSE
ips_ami,sco_int,z_within,0,NA,NA,NA,NA,0,0,0,,NA,NA,TRUE,FALSE
ips_ami,sco_rat,z_within,0,NA,NA,NA,NA,0,0,0,,NA,NA,TRUE,FALSE
ips_ami,sco_sco,z_within,0,NA,NA,NA,NA,0,0,0,,NA,NA,TRUE,FALSE
ips_ami,tet_gab,z_within,0,NA,NA,NA,NA,0,0,0,,NA,NA,TRUE,FALSE
ips_ami,tet_spp,z_within,23,-0.12361764404414724,0.5741493735092613,-0.06932567499811271,0.7532843324237464,3,1,1,DE,0.691302955624979,0.8430413503773209,FALSE,FALSE
ips_ami,tha_pit,z_within,0,NA,NA,NA,NA,0,0,0,,NA,NA,TRUE,FALSE
ips_ami,tha_pro,z_within,0,NA,NA,NA,NA,0,0,0,,NA,NA,TRUE,FALSE
ips_ami,tom_spp,z_within,0,NA,NA,NA,NA,0,0,0,,NA,NA,TRUE,FALSE
ips_ami,tor_vir,z_within,23,0.4539505776834022,0.02956811499101189,0.4817337037189988,0.019934765539589908,5,1,1,DE,0.07108294310970535,0.054743933058719975,FALSE,FALSE
ips_ami,uro_sir_spp,z_within,0,NA,NA,NA,NA,0,0,0,,NA,NA,TRUE,FALSE
ips_ami,xyl_lin,z_within,23,0.4614562873409566,0.026660971805599447,0.4418938132251725,0.034760881842317584,7,1,1,DE,0.06609699260138195,0.0855836883979819,FALSE,FALSE
ips_ami,xyl_spp,z_within,0,NA,NA,NA,NA,0,0,0,,NA,NA,TRUE,FALSE
ips_ami,zei_gri,z_within,0,NA,NA,NA,NA,0,0,0,,NA,NA,TRUE,FALSE
ips_cem,ips_dup,z_within,0,NA,NA,NA,NA,0,0,0,,NA,NA,TRUE,FALSE
ips_cem,ips_sex,z_within,92,0.5707311327725962,2.852997603678308e-9,0.5637162728938265,4.8938674626718815e-9,71,4,1,DE,4.629637020514345e-8,7.94141220079028e-8,FALSE,FALSE
ips_cem,ips_typ,z_within,253,0.5628439496475026,1.5273740940457847e-22,0.5835110606224947,1.7580910579731817e-24,188,11,1,DE,1.0905451031486903e-20,1.3947522393253908e-22,FALSE,FALSE
ips_cem,lym_dis,z_within,138,0.40096853895257284,1.0960866066255509e-6,0.33126261844448956,7.22630724357044e-5,68,6,1,DE,1.0163712170527836e-5,4.062664072369523e-4,FALSE,FALSE
ips_cem,lym_mon,z_within,69,-0.36286288486438156,0.0021820138977825033,-0.302933550162458,0.01140171395109171,38,3,1,DE,0.007712662985231224,0.033920099004497835,FALSE,FALSE
ips_cem,mel_spp,z_within,138,0.17132032867748706,0.044523174937922134,0.1531882987239172,0.07284680275492939,70,6,1,DE,0.09934233408023876,0.15032548314167507,FALSE,FALSE
ips_cem,neo_ser,z_within,23,0.11563165487884626,0.5993102948265339,0.24343222062083916,0.2630136632695651,11,1,1,DE,0.7096310953667415,0.4004088604999349,FALSE,FALSE
ips_cem,ope_spp,z_within,69,0.36442361725152905,0.0020809118227691228,0.3468596426912196,0.0035022441022439753,30,3,1,DE,0.007428855207285768,0.012257854357853913,FALSE,FALSE
ips_cem,pan_fla,z_within,46,0.41822685206625654,0.0038236539559928094,0.1241693960256489,0.4109801623859083,15,2,1,DE,0.012523343690728743,0.5651008420390001,FALSE,FALSE
ips_cem,pha_cya,z_within,230,0.5360963201227454,1.6336722455257875e-18,0.5512413089103257,1.1062298078430746e-19,171,10,1,DE,7.776279888702749e-17,5.265653885333035e-18,FALSE,FALSE
ips_cem,pis_pin,z_within,69,0.44904869619808085,1.087465604272365e-4,0.45868071351598017,7.379491260753891e-5,48,3,1,DE,5.972695703465143e-4,4.11637246888928e-4,FALSE,FALSE
ips_cem,pit_bid,z_within,69,0.48711524217429075,2.1903903804492507e-5,0.5198165317379774,4.7092404022131766e-6,57,3,1,DE,1.4616249828418364e-4,3.955761937859069e-5,FALSE,FALSE
ips_cem,pit_cha,z_within,253,0.5794674466791996,4.317695014314646e-24,0.6059802900269026,9.423261332998277e-27,184,11,1,DE,3.8535428002758214e-22,9.611726559658243e-25,FALSE,FALSE
ips_cem,pit_spp,z_within,69,0.41380469753429333,4.0876241452169243e-4,0.5216614443618945,4.297307529345957e-6,55,3,1,DE,0.001958767543412674,3.6527113999440636e-5,FALSE,FALSE
ips_cem,pol_pol,z_within,0,NA,NA,NA,NA,0,0,0,,NA,NA,TRUE,FALSE
ips_cem,pri_abi,z_within,69,-0.14818251641725677,0.22431611567974066,-0.06698511910919032,0.5844681431023644,37,3,1,DE,0.34949235041769394,0.7133508618377576,FALSE,FALSE
ips_cem,sap_car,z_within,0,NA,NA,NA,NA,0,0,0,,NA,NA,TRUE,FALSE
ips_cem,sco_int,z_within,115,0.0899445234564715,0.33909755797841934,0.0491339442460067,0.6020450213429277,56,5,1,DE,0.48134325327354155,0.7248906327805233,FALSE,FALSE
ips_cem,sco_rat,z_within,46,0.2510107884981898,0.09244389921351188,0.28788020500764044,0.052373076224446,35,2,1,DE,0.17369722115380917,0.11722375054625217,FALSE,FALSE
ips_cem,sco_sco,z_within,23,0.07212839767402658,0.7436289650351291,0.14716077073301093,0.5028173466813095,13,1,1,DE,0.8231799705970266,0.6454095221300362,FALSE,FALSE
ips_cem,tet_gab,z_within,138,0.5992508207015697,8.184318989199415e-15,0.5602842350300445,8.97194584262344e-13,82,6,1,DE,2.5406972862123404e-13,2.0664417198816566e-11,FALSE,FALSE
ips_cem,tet_spp,z_within,115,0.5344106086555949,7.681564460187613e-10,0.5124662196672072,4.778034279236482e-9,67,5,1,DE,1.3377163474570622e-8,7.933759245057787e-8,FALSE,FALSE
ips_cem,tha_pit,z_within,23,0.1851310882907218,0.3977252546377209,0.10788328118451218,0.6241542665794287,11,1,1,DE,0.5409063463073005,0.7415077310111683,FALSE,FALSE
ips_cem,tha_pro,z_within,138,0.1301423218916796,0.1281599894598534,0.18152960609154858,0.03310316144436902,89,6,1,DE,0.22049694572128997,0.08235420652013756,FALSE,FALSE
ips_cem,tom_spp,z_within,230,0.33389121558688917,2.1519481905239173e-7,0.3481278096534856,5.913712809743567e-8,160,10,1,DE,2.3066326562772224e-6,7.539983832423049e-7,FALSE,FALSE
ips_cem,tor_vir,z_within,161,0.06866350651843373,0.3867777684166742,0.05251675349031069,0.5082099926316788,91,7,1,DE,0.5291753669389665,0.6497281683488657,FALSE,FALSE
ips_cem,uro_sir_spp,z_within,23,0.1541144628453683,0.4826157005424315,0.16064084425631076,0.46403457474882615,9,1,1,DE,0.6131452138563988,0.6057050939134586,FALSE,FALSE
ips_cem,xyl_lin,z_within,184,0.28500395435742093,8.808170562476898e-5,0.30097021794954554,3.3044091540225796e-5,130,8,1,DE,4.991296652070243e-4,2.0879187044001076e-4,FALSE,FALSE
ips_cem,xyl_spp,z_within,161,0.3355408476386892,1.3540410384857684e-5,0.35632512575763,3.4971643241151075e-6,109,7,1,DE,9.386265062901345e-5,3.0084040089375747e-5,FALSE,FALSE
ips_cem,zei_gri,z_within,0,NA,NA,NA,NA,0,0,0,,NA,NA,TRUE,FALSE
ips_dup,ips_sex,z_within,161,0.5510327076329073,3.6210398935641264e-14,0.565046586707844,5.807856255769394e-15,135,7,1,CZ,9.94393263078764e-13,1.6587237466477389e-13,FALSE,FALSE
ips_dup,ips_typ,z_within,227,0.6975451525059526,2.0370880384288883e-34,0.6653451841477211,2.1694222430040027e-30,183,10,3,"CZ,RO,SK",7.272404297191131e-32,3.872418703762145e-28,FALSE,FALSE
ips_dup,lym_dis,z_within,43,-0.5566343539834087,1.0605938001542978e-4,-0.5341824984758305,2.2471311141336218e-4,16,2,2,"RO,SK",5.870263358993556e-4,0.0011446496981511564,FALSE,FALSE
ips_dup,lym_mon,z_within,115,-0.16093517011485414,0.08575966330537449,-0.19281944700925455,0.03896220285605586,77,5,1,CZ,0.16416192922262032,0.09366670989637671,FALSE,FALSE
ips_dup,mel_spp,z_within,0,NA,NA,NA,NA,0,0,0,,NA,NA,TRUE,FALSE
ips_dup,neo_ser,z_within,0,NA,NA,NA,NA,0,0,0,,NA,NA,TRUE,FALSE
ips_dup,ope_spp,z_within,0,NA,NA,NA,NA,0,0,0,,NA,NA,TRUE,FALSE
ips_dup,pan_fla,z_within,0,NA,NA,NA,NA,0,0,0,,NA,NA,TRUE,FALSE
ips_dup,pha_cya,z_within,161,0.3872364111186658,3.8831811909287936e-7,0.3686153417507009,1.4996650130143261e-6,132,7,1,CZ,3.905058268060787e-6,1.372770281143883e-5,FALSE,FALSE
ips_dup,pis_pin,z_within,0,NA,NA,NA,NA,0,0,0,,NA,NA,TRUE,FALSE
ips_dup,pit_bid,z_within,0,NA,NA,NA,NA,0,0,0,,NA,NA,TRUE,FALSE
ips_dup,pit_cha,z_within,21,-0.16718987394725757,0.4688393951754848,-0.19480519480519481,0.39744295350722547,21,1,1,SK,0.6053369406063221,0.5510179976779787,FALSE,FALSE
ips_dup,pit_spp,z_within,138,0.6393334278709027,3.197283245648275e-17,0.6128671960743902,1.3586403862666787e-15,115,6,1,CZ,1.2682556874404822e-15,4.2176923295409074e-14,FALSE,FALSE
ips_dup,pol_pol,z_within,184,0.12934763165336186,0.0801254556271533,0.13095645233307163,0.07640903741900687,132,8,1,CZ,0.15588440141086501,0.15587443633477402,FALSE,FALSE
ips_dup,pri_abi,z_within,161,-0.5704777170785686,2.7911653432618716e-15,-0.5011812308104122,1.2756895300301314e-11,94,7,1,CZ,9.058600250404438e-14,2.538296975342766e-10,FALSE,FALSE
ips_dup,sap_car,z_within,0,NA,NA,NA,NA,0,0,0,,NA,NA,TRUE,FALSE
ips_dup,sco_int,z_within,161,0.0784034704817804,0.3228590248475933,0.07572140157748881,0.3397385619402742,85,7,1,CZ,0.4629486578491474,0.48888920796760216,FALSE,FALSE
ips_dup,sco_rat,z_within,161,0.35026883125630304,5.240435756949203e-6,0.3204293945281512,3.414294362861857e-5,78,7,1,CZ,4.0848324317007636e-5,2.1384264693713735e-4,FALSE,FALSE
ips_dup,sco_sco,z_within,0,NA,NA,NA,NA,0,0,0,,NA,NA,TRUE,FALSE
ips_dup,tet_gab,z_within,0,NA,NA,NA,NA,0,0,0,,NA,NA,TRUE,FALSE
ips_dup,tet_spp,z_within,0,NA,NA,NA,NA,0,0,0,,NA,NA,TRUE,FALSE
ips_dup,tha_pit,z_within,0,NA,NA,NA,NA,0,0,0,,NA,NA,TRUE,FALSE
ips_dup,tha_pro,z_within,0,NA,NA,NA,NA,0,0,0,,NA,NA,TRUE,FALSE
ips_dup,tom_spp,z_within,184,0.5594019061776835,1.5332306333876744e-16,0.5803771367611916,5.894901583292212e-18,150,8,1,CZ,5.7617193275726294e-15,2.2152419634055996e-16,FALSE,FALSE
ips_dup,tor_vir,z_within,22,-0.23181160141943202,0.2992462887115439,-0.14407913853709495,0.5223708722017135,6,1,1,RO,0.4374621469870396,0.6589625490318436,FALSE,FALSE
ips_dup,uro_sir_spp,z_within,0,NA,NA,NA,NA,0,0,0,,NA,NA,TRUE,FALSE
ips_dup,xyl_lin,z_within,0,NA,NA,NA,NA,0,0,0,,NA,NA,TRUE,FALSE
ips_dup,xyl_spp,z_within,0,NA,NA,NA,NA,0,0,0,,NA,NA,TRUE,FALSE
ips_dup,zei_gri,z_within,115,0.14674036434915533,0.1176044181906735,0.11187133170069906,0.23392015266924554,62,5,1,CZ,0.20784543214886356,0.3638757930410486,FALSE,FALSE
ips_sex,ips_typ,z_within,271,0.6061897453522224,1.4031876867077723e-28,0.6220522367999513,2.0352841509087513e-30,228,12,3,"BG,CZ,DE",2.2372657159964214e-26,3.872418703762145e-28,FALSE,FALSE
ips_sex,lym_dis,z_within,64,0.1351290086112342,0.28704881012805106,0.04583072840008787,0.7191398595706053,27,3,2,"BG,DE",0.4234563025442737,0.8179063625893783,FALSE,FALSE
ips_sex,lym_mon,z_within,161,-0.10803975973990673,0.17250908464379316,-0.12146097295824686,0.1248214811079358,102,7,2,"CZ,DE",0.28057286204024673,0.2285193269514517,FALSE,FALSE
ips_sex,mel_spp,z_within,23,0.2712884569508595,0.210518096332048,0.37682928285102985,0.07632289042627849,8,1,1,DE,0.32890573475072704,0.15587443633477402,FALSE,FALSE
ips_sex,neo_ser,z_within,41,0.2199672282070379,0.16699832698320982,0.25892698151262333,0.1021156962227903,25,2,2,"BG,DE",0.2722301494657804,0.19494814733441787,FALSE,FALSE
ips_sex,ope_spp,z_within,46,0.3989152315096361,0.00603017009259656,0.2494562544310526,0.09454798228062614,14,2,1,DE,0.01824381968692349,0.1854595037043051,FALSE,FALSE
ips_sex,pan_fla,z_within,23,-0.25597674551628957,0.2384258344693954,-0.09539644603535982,0.6650281031030543,8,1,1,DE,0.369275587442838,0.7679864748289048,FALSE,FALSE
ips_sex,pha_cya,z_within,253,0.6224203991656805,1.5667126862720037e-28,0.6176276494765602,5.3029334828956625e-28,198,11,2,"CZ,DE",2.2372657159964214e-26,6.310490844645838e-26,FALSE,FALSE
ips_sex,pis_pin,z_within,46,0.2537130528242369,0.08887295006325303,0.3558297455650829,0.01522605520718603,41,2,1,DE,0.16876405942862413,0.042969973983916304,FALSE,FALSE
ips_sex,pit_bid,z_within,69,0.6235818717288356,1.0443326369241206e-8,0.6553905119270054,9.91764029126057e-10,57,3,1,DE,1.5278852665591707e-7,1.863472412621065e-8,FALSE,FALSE
ips_sex,pit_cha,z_within,92,0.4502400716350083,6.695973171112808e-6,0.5490081301653611,1.4578204149267458e-8,71,4,1,DE,5.0325524675521525e-5,2.1685078672035343e-7,FALSE,FALSE
ips_sex,pit_spp,z_within,138,0.6446581959493182,1.4381891726627042e-17,0.6570745639324287,2.096754081056836e-18,113,6,1,CZ,6.040394525183357e-16,8.317124521525448e-17,FALSE,FALSE
ips_sex,pol_pol,z_within,161,0.12199105506327139,0.12317191521258217,0.1215330442935915,0.12459620483578285,123,7,1,CZ,0.21502383242489895,0.2285193269514517,FALSE,FALSE
ips_sex,pri_abi,z_within,184,-0.24946308151565907,6.378810191270857e-4,-0.21375098437986517,0.0035746054511717742,114,8,2,"CZ,DE",0.0028465440478546203,0.012450089229934862,FALSE,FALSE
ips_sex,sap_car,z_within,0,NA,NA,NA,NA,0,0,0,,NA,NA,TRUE,FALSE
ips_sex,sco_int,z_within,230,0.2444486439219016,1.8110819643860616e-4,0.21915136970309315,8.19103473914819e-4,128,10,2,"CZ,DE",9.370380598345275e-4,0.0035020352118274294,FALSE,FALSE
ips_sex,sco_rat,z_within,207,0.3842831249306356,1.0879917633992604e-8,0.3335835997264098,9.024848083671635e-7,109,9,2,"CZ,DE",1.5536522381341437e-7,8.591655375655395e-6,FALSE,FALSE
ips_sex,sco_sco,z_within,23,0.006256066435887696,0.9773989293157126,-0.06091466895070872,0.7824702640651418,13,1,1,DE,0.9870761464376504,0.857452247903161,FALSE,FALSE
ips_sex,tet_gab,z_within,46,0.4145076630288699,0.004182879577453213,0.3357843750316885,0.022524151653148826,18,2,1,DE,0.013513918634848843,0.06069853343559743,FALSE,FALSE
ips_sex,tet_spp,z_within,0,NA,NA,NA,NA,0,0,0,,NA,NA,TRUE,FALSE
ips_sex,tha_pit,z_within,41,0.2667011231882058,0.09187416296507878,0.2776081689562835,0.0788646049218321,25,2,2,"BG,DE",0.17308530019798718,0.16029370546268798,FALSE,FALSE
ips_sex,tha_pro,z_within,46,0.25387607898356346,0.08866099833235144,0.07687408619372506,0.6116012484067845,19,2,1,DE,0.16876405942862413,0.7325507911646989,FALSE,FALSE
ips_sex,tom_spp,z_within,253,0.5839601231043924,1.5899033690746027e-24,0.5693262355304609,3.8943741996201e-23,211,11,2,"CZ,DE",1.6217014364560946e-22,2.7805831785287517e-21,FALSE,FALSE
ips_sex,tor_vir,z_within,110,0.046939345901796124,0.6262946623247971,0.004158790738823865,0.9656061315892246,65,5,2,"BG,DE",0.7294851368677083,0.9821122193086984,FALSE,FALSE
ips_sex,uro_sir_spp,z_within,0,NA,NA,NA,NA,0,0,0,,NA,NA,TRUE,FALSE
ips_sex,xyl_lin,z_within,92,0.11508445510011442,0.2746603917143681,0.2280561334955628,0.02878427528181623,71,4,1,DE,0.412857936176966,0.07366298405454046,FALSE,FALSE
ips_sex,xyl_spp,z_within,92,0.37754615228043115,2.0719402174133644e-4,0.5003314234874784,3.8046327401147033e-7,69,4,1,DE,0.001064291593692908,3.826067290763237e-6,FALSE,FALSE
ips_sex,zei_gri,z_within,115,-0.04488580700372522,0.633840388135554,-0.05276474796662887,0.5754468028654335,57,5,1,CZ,0.7353554459663618,0.7083948573205509,FALSE,FALSE
ips_typ,lym_dis,z_within,373,0.21105926625412028,3.974987035065554e-5,0.17284132829150045,8.017795084139982e-4,212,17,9,"AT,BG,DE,HR,HU,LT,RO,RS,SK",2.4052040195227166e-4,0.00344861788558792,FALSE,FALSE
ips_typ,lym_mon,z_within,507,-0.049777119706209426,0.2632503817554897,-0.07801873236393345,0.07924884877917207,368,24,4,"CZ,DE,LT,PL",0.39875011850656156,0.16029370546268798,FALSE,FALSE
ips_typ,mel_spp,z_within,478,0.011657575633896487,0.7993307252017757,0.033793899398678925,0.4610498240107409,365,23,2,"DE,PL",0.8673588720274586,0.603035987956631,FALSE,FALSE
ips_typ,neo_ser,z_within,41,-0.23085075592763707,0.1464597011552444,-0.15140188985274647,0.34469610229991976,27,2,2,"BG,DE",0.24262697592771346,0.49248467759059933,FALSE,FALSE
ips_typ,ope_spp,z_within,69,0.16034288494711119,0.18813733839670096,0.09336379165542212,0.44544038323750734,29,3,1,DE,0.30118847447364233,0.5889711733918153,FALSE,FALSE
ips_typ,pan_fla,z_within,306,0.23307878368385054,3.832121861339037e-5,0.18517950429241964,0.0011369172613403505,159,15,2,"DE,PL",2.3439508216849383e-4,0.004665281175844887,FALSE,FALSE
ips_typ,pha_cya,z_within,816,0.3687614057736548,1.0979884381183373e-27,0.3790521825867752,2.801894911814055e-29,668,38,4,"AT,CZ,DE,PL",1.3066062413608215e-25,4.001105934070471e-27,FALSE,FALSE
ips_typ,pis_pin,z_within,92,0.267929370400615,0.009818846493333167,0.4334861146581447,1.586188669908685e-5,68,4,2,"DE,LT",0.027601009434015278,1.0995521459367e-4,FALSE,FALSE
ips_typ,pit_bid,z_within,69,0.567928238073496,3.590665026138001e-7,0.517032828076116,5.401269088953271e-6,58,3,1,DE,3.6624783266607607e-6,4.432765666106478e-5,FALSE,FALSE
ips_typ,pit_cha,z_within,510,0.6889820715101531,4.9420497582411396e-73,0.6948175501221663,9.58016541393421e-75,430,23,5,"AT,DE,LT,SI,SK",3.528623527384174e-70,6.840238105549025e-72,FALSE,FALSE
ips_typ,pit_spp,z_within,400,0.5588472438139428,3.113095584059711e-34,0.559981073294873,2.1515618620087543e-34,352,18,5,"AT,CZ,DE,HR,SI",7.409167490062112e-32,7.681075847371253e-32,FALSE,FALSE
ips_typ,pol_pol,z_within,207,0.19355938120872257,0.0051988516503928325,0.16060604829274602,0.020791274552278364,161,9,2,"CZ,LT",0.016069177828486936,0.05666019095544562,FALSE,FALSE
ips_typ,pri_abi,z_within,230,-0.4215984230516386,2.5118262190142448e-11,-0.3649411585566474,1.1817495158464679e-8,146,10,2,"CZ,DE",5.434678546594457e-10,1.7952535198178257e-7,FALSE,FALSE
ips_typ,sap_car,z_within,0,NA,NA,NA,NA,0,0,0,,NA,NA,TRUE,FALSE
ips_typ,sco_int,z_within,276,0.20095297958222716,7.860926582637834e-4,0.15931493126092777,0.00800915762590948,146,12,2,"CZ,DE",0.0034016373212141897,0.024648873038359345,FALSE,FALSE
ips_typ,sco_rat,z_within,230,0.40001289544044577,3.0077840420078874e-10,0.34042373907836576,1.199251558767713e-7,121,10,3,"CZ,DE,LT",5.804210286469275e-9,1.4037141196067986e-6,FALSE,FALSE
ips_typ,sco_sco,z_within,23,-0.28463250514366273,0.1880564337924121,-0.30663824878577106,0.15469880321294538,13,1,1,DE,0.30118847447364233,0.2661564951663687,FALSE,FALSE
ips_typ,tet_gab,z_within,222,0.3290386518711384,5.296674044988613e-7,0.29092784138397615,1.0532948145104913e-5,149,10,2,"AT,DE",5.252535094613708e-6,7.916342079584114e-5,FALSE,FALSE
ips_typ,tet_spp,z_within,115,0.3457552608028455,1.5387926089105013e-4,0.39555319479564016,1.2125918730433161e-5,66,5,1,DE,8.078661196780132e-4,8.834597932172732e-5,FALSE,FALSE
ips_typ,tha_pit,z_within,64,-0.12998119933084806,0.3059742274187583,-0.11342791531595608,0.3721659427717382,52,3,3,"BG,DE,HR",0.44274924486266826,0.5220559590157585,FALSE,FALSE
ips_typ,tha_pro,z_within,138,0.006172864420383307,0.9427166425166973,0.06536055348577723,0.4462727553886603,85,6,1,DE,0.965709731358568,0.5889810487014852,FALSE,FALSE
ips_typ,tom_spp,z_within,804,0.3201192965593125,1.2918152290077706e-20,0.3304865087562584,6.080755062792769e-22,620,37,5,"AT,CZ,DE,LT,PL",7.686300612596235e-19,3.618049262361698e-20,FALSE,FALSE
ips_typ,tor_vir,z_within,524,0.05766335697374542,0.18753073195099246,0.01978157644559551,0.6514247408748811,323,25,5,"BG,DE,LT,PL,RO",0.30118847447364233,0.7599955310206947,FALSE,FALSE
ips_typ,uro_sir_spp,z_within,23,-0.00346528257585349,0.9874800202704626,0.17275813308220006,0.4305390734787099,8,1,1,DE,0.9916476625495261,0.5800092423845261,FALSE,FALSE
ips_typ,xyl_lin,z_within,184,0.09756040604792608,0.18767095926983976,0.11899794637306167,0.10764074412773576,132,8,1,DE,0.30118847447364233,0.20385603798394325,FALSE,FALSE
ips_typ,xyl_spp,z_within,161,0.2430328432754207,0.001893650756836666,0.2649277163501011,6.831444743581246e-4,107,7,1,DE,0.006937162705664939,0.002974177772510372,FALSE,FALSE
ips_typ,zei_gri,z_within,115,0.024682752790879236,0.7934437670605273,0.08912814284818384,0.3435173484430032,62,5,1,CZ,0.8662367732128692,0.49248467759059933,FALSE,FALSE
lym_dis,lym_mon,z_within,69,-0.0010974091632420318,0.9928596428133872,0.03634211486421012,0.7668763552875868,18,3,2,"DE,LT",0.9942521528313584,0.8488139261709136,FALSE,FALSE
lym_dis,mel_spp,z_within,92,0.3305376233148651,0.0012908106016753119,0.2677315694165098,0.009875299697219304,40,4,1,DE,0.004963651010651451,0.02987696603311264,FALSE,FALSE
lym_dis,neo_ser,z_within,41,0.2657364647897601,0.09310006899315504,0.3282276264264398,0.036160132029638165,19,2,2,"BG,DE",0.17447099543599134,0.08811718180601245,FALSE,FALSE
lym_dis,ope_spp,z_within,46,0.29043861332091653,0.05022109265481966,0.2832617452150908,0.056445935050254234,18,2,1,DE,0.10965706469584476,0.12405493471564957,FALSE,FALSE
lym_dis,pan_fla,z_within,23,0.800725462209254,4.45228655053054e-6,0.8710436213555204,6.402150736452062e-8,6,1,1,DE,3.571834378740231e-5,8.019536185661004e-7,FALSE,FALSE
lym_dis,pha_cya,z_within,201,0.3933294190614382,7.643312226093048e-9,0.3615566661236368,1.3386675220272954e-7,94,9,2,"AT,DE",1.1611329637086036e-7,1.54162679149595e-6,FALSE,FALSE
lym_dis,pis_pin,z_within,69,0.45459193791409463,8.712073924207072e-5,0.2939395683352288,0.01422787802460259,26,3,2,"DE,LT",4.976336625507079e-4,0.040634819638265,FALSE,FALSE
lym_dis,pit_bid,z_within,46,0.3753004573175333,0.010167973265466916,0.36446861844534595,0.012765970219616984,19,2,1,DE,0.02835911293571632,0.03750988780578818,FALSE,FALSE
lym_dis,pit_cha,z_within,267,0.20131502394195075,9.396037469137221e-4,0.17166434701861033,0.004911711884065972,126,12,4,"AT,DE,LT,SK",0.0039004481121883584,0.01608698295973901,FALSE,FALSE
lym_dis,pit_spp,z_within,155,0.1419235424689036,0.07814380484324604,0.16149887995394782,0.0446892291428966,89,7,3,"AT,DE,HR",0.1532820787309826,0.10292938583234895,FALSE,FALSE
lym_dis,pol_pol,z_within,23,0.35327671320670295,0.09821063291291622,0.14486020848001513,0.5095907202736202,7,1,1,LT,0.18166422771974658,0.6497281683488657,FALSE,FALSE
lym_dis,pri_abi,z_within,69,-0.2097461556807261,0.08367479501053036,-0.2100632301339161,0.08319779935659002,16,3,1,DE,0.1614697395608613,0.16733303870593036,FALSE,FALSE
lym_dis,sap_car,z_within,0,NA,NA,NA,NA,0,0,0,,NA,NA,TRUE,FALSE
lym_dis,sco_int,z_within,92,0.19167940816671128,0.06719033968532351,0.18826457905301458,0.0723058009630746,22,4,1,DE,0.13743538822289883,0.14964157068879785,FALSE,FALSE
lym_dis,sco_rat,z_within,46,0.10904199768448222,0.47068744011773966,0.027847038870597578,0.8542444232466705,10,2,2,"DE,LT",0.6055330310703894,0.9119428108225859,FALSE,FALSE
lym_dis,sco_sco,z_within,0,NA,NA,NA,NA,0,0,0,,NA,NA,TRUE,FALSE
lym_dis,tet_gab,z_within,155,0.2142609118514764,0.007426293594539734,0.2373403580406689,0.002943733140933263,60,7,2,"AT,DE",0.021642341332658653,0.010561936998122362,FALSE,FALSE
lym_dis,tet_spp,z_within,69,0.48908725422764965,2.005285951016595e-5,0.4359594710453284,1.808596172927828e-4,31,3,1,DE,1.3635944466912844e-4,9.495129907871097e-4,FALSE,FALSE
lym_dis,tha_pit,z_within,41,-0.1546250360715409,0.3344012771572138,-0.11834876085829414,0.4611451672609531,27,2,2,"BG,HR",0.47657188002046036,0.603035987956631,FALSE,FALSE
lym_dis,tha_pro,z_within,69,0.24668560962247732,0.04101427218597989,0.24359013864753368,0.04370199910484462,40,3,1,DE,0.09296568362155441,0.10195511698524656,FALSE,FALSE
lym_dis,tom_spp,z_within,245,0.18460047958583092,0.0037359222909148127,0.10941660591665318,0.08744779160140133,110,11,3,"AT,DE,LT",0.012349298683857297,0.17392123454986225,FALSE,FALSE
lym_dis,tor_vir,z_within,133,0.010272064971424391,0.9065842080834721,0.04808795010833346,0.5825522026745544,65,6,4,"BG,DE,LT,RO",0.9435876451481037,0.7133508618377576,FALSE,FALSE
lym_dis,uro_sir_spp,z_within,0,NA,NA,NA,NA,0,0,0,,NA,NA,TRUE,FALSE
lym_dis,xyl_lin,z_within,69,-0.18192930555497408,0.1346206479975612,-0.2073111488978131,0.0874104402108811,36,3,1,DE,0.22885510159585404,0.17392123454986225,FALSE,FALSE
lym_dis,xyl_spp,z_within,92,0.08095928482607768,0.4429760271232802,0.07317215042166643,0.4881987355874089,39,4,1,DE,0.5835514453247639,0.6337707221989272,FALSE,FALSE
lym_dis,zei_gri,z_within,0,NA,NA,NA,NA,0,0,0,,NA,NA,TRUE,FALSE
lym_mon,mel_spp,z_within,346,0.11980742677559032,0.025846189354981123,0.08100970993223046,0.13261035387714057,229,17,2,"DE,PL",0.0643002759562945,0.23742893387186773,FALSE,FALSE
lym_mon,neo_ser,z_within,23,-0.14898967219078313,0.49746429785074286,-0.10177120159290157,0.6440367968126504,5,1,1,DE,0.6198769784737006,0.7528747718155184,FALSE,FALSE
lym_mon,ope_spp,z_within,46,0.24717135227932083,0.0977076457719821,0.23327712471082285,0.1187046648963747,13,2,1,DE,0.1812032703407668,0.21900550577780759,FALSE,FALSE
lym_mon,pan_fla,z_within,283,0.4336010964283243,2.1163798560325843e-14,0.4219403486591642,1.208153839860226e-13,142,14,2,"DE,PL",6.253132806785497e-13,2.9745580746903496e-12,FALSE,FALSE
lym_mon,pha_cya,z_within,484,-0.02452598711306588,0.5903992830272077,0.005834330546793766,0.898129607350517,344,23,3,"CZ,DE,PL",0.7015036167647842,0.9387552214911299,FALSE,FALSE
lym_mon,pis_pin,z_within,69,-0.0855210597556902,0.4847427409618724,-0.17048843497849805,0.1613370894582251,32,3,2,"DE,LT",0.6139556567643897,0.27427305207898267,FALSE,FALSE
lym_mon,pit_bid,z_within,46,-0.41338565987750947,0.004296898017711507,-0.4504635342427254,0.0016813613758822185,21,2,1,DE,0.013819753083991063,0.006454258184838194,FALSE,FALSE
lym_mon,pit_cha,z_within,92,-0.15824989121281727,0.13190365766799858,-0.21059015563191133,0.04391001142352308,43,4,2,"DE,LT",0.22557603967279086,0.10195511698524656,FALSE,FALSE
lym_mon,pit_spp,z_within,138,-0.29778832682485723,3.893086930285539e-4,-0.3364052639787559,5.480222038855381e-5,79,6,2,"CZ,DE",0.0018781513974485643,3.1555472062441464e-4,FALSE,FALSE
lym_mon,pol_pol,z_within,138,0.03184142359352312,0.7108284275858596,0.07723771718084067,0.36789109949528365,81,6,2,"CZ,LT",0.7955039142575294,0.5201470198804604,FALSE,FALSE
lym_mon,pri_abi,z_within,161,0.2598958238597007,8.702873994368738e-4,0.24651874156453824,0.0016193615118330657,74,7,2,"CZ,DE",0.0036987214476067137,0.006318164587151961,FALSE,FALSE
lym_mon,sap_car,z_within,0,NA,NA,NA,NA,0,0,0,,NA,NA,TRUE,FALSE
lym_mon,sco_int,z_within,161,-0.002660717248840002,0.9732776864664232,-0.025957348156866396,0.7437809068757774,67,7,2,"CZ,DE",0.984306328805986,0.8364513296580834,FALSE,FALSE
lym_mon,sco_rat,z_within,184,-0.13498490154801782,0.06771229422864218,-0.14029820694138806,0.057494280801855195,64,8,3,"CZ,DE,LT",0.13773953868732342,0.1255379709251517,FALSE,FALSE
lym_mon,sco_sco,z_within,23,0.3356142709048119,0.11744301284107703,0.32615244210895794,0.12880597590905618,11,1,1,DE,0.20784543214886356,0.23224107777541947,FALSE,FALSE
lym_mon,tet_gab,z_within,46,-0.2723581827981265,0.06707438649901526,-0.19672482266459332,0.1900669846506046,10,2,1,DE,0.13743538822289883,0.31404119779798073,FALSE,FALSE
lym_mon,tet_spp,z_within,0,NA,NA,NA,NA,0,0,0,,NA,NA,TRUE,FALSE
lym_mon,tha_pit,z_within,23,-0.45812713815045525,0.027920846132460916,-0.38391440413818073,0.07052225774602708,6,1,1,DE,0.06827220595403113,0.14766243997261974,FALSE,FALSE
lym_mon,tha_pro,z_within,46,0.3812203671938262,0.008950592416689891,0.29787864144919507,0.04436660218044857,22,2,1,DE,0.025486800535369628,0.10251700309657048,FALSE,FALSE
lym_mon,tom_spp,z_within,387,0.014209337297220286,0.78052079429594,0.021204260920048134,0.6775312420296304,219,18,4,"CZ,DE,LT,PL",0.854742096821014,0.7789972734446958,FALSE,FALSE
lym_mon,tor_vir,z_within,352,0.08693731102869194,0.10344619639273159,0.08369658213117574,0.11700885191701765,169,17,3,"DE,LT,PL",0.18742546055515932,0.2169982344642873,FALSE,FALSE
lym_mon,uro_sir_spp,z_within,0,NA,NA,NA,NA,0,0,0,,NA,NA,TRUE,FALSE
lym_mon,xyl_lin,z_within,69,-0.04830293694174907,0.6934817871093915,0.03626620092432156,0.767349575609956,37,3,1,DE,0.7834588544242176,0.8488139261709136,FALSE,FALSE
lym_mon,xyl_spp,z_within,69,-0.22495601068759302,0.06311446816969284,-0.01798165784512661,0.8834083454484195,35,3,1,DE,0.13157743512285003,0.9262166793688275,FALSE,FALSE
lym_mon,zei_gri,z_within,92,-0.19056298489701892,0.06882950389013878,-0.20808001591383532,0.046548195067550494,41,4,1,CZ,0.13961439141352014,0.10686627420653072,FALSE,FALSE
mel_spp,neo_ser,z_within,0,NA,NA,NA,NA,0,0,0,,NA,NA,TRUE,FALSE
mel_spp,ope_spp,z_within,23,0.23325514333582847,0.28411003426951165,0.17692092515162153,0.4193401951764768,6,1,1,DE,0.4231823928418732,0.5724835551740047,FALSE,FALSE
mel_spp,pan_fla,z_within,306,0.23304965588287907,3.840927817046748e-5,0.20431737296527197,3.21303298545142e-4,147,15,2,"DE,PL",2.3439508216849383e-4,0.0015713051723372012,FALSE,FALSE
mel_spp,pha_cya,z_within,458,0.13298252930073493,0.0043603206979289065,0.13763326930233175,0.0031624525466244385,330,22,2,"DE,PL",0.013960847436418114,0.011233786658158454,FALSE,FALSE
mel_spp,pis_pin,z_within,46,0.6609811788448158,5.741941169854655e-7,0.4246119953911872,0.0032697105761079837,14,2,1,DE,5.616090404487977e-6,0.011557293818520298,FALSE,FALSE
mel_spp,pit_bid,z_within,23,0.15280319871529724,0.48639357949044115,0.14204982106174902,0.5179247274093949,8,1,1,DE,0.6139556567643897,0.6566674239998457,FALSE,FALSE
mel_spp,pit_cha,z_within,138,-0.0743775001958235,0.38594638900272726,-0.040074327369728865,0.6407344029200981,62,6,1,DE,0.5291753669389665,0.7520647177909213,FALSE,FALSE
mel_spp,pit_spp,z_within,69,0.07497653262635483,0.5403480580066693,0.17512838787376148,0.1500658023860318,43,3,1,DE,0.66176417395671,0.26133410464299195,FALSE,FALSE
mel_spp,pol_pol,z_within,0,NA,NA,NA,NA,0,0,0,,NA,NA,TRUE,FALSE
mel_spp,pri_abi,z_within,23,-0.47825379808472546,0.02097953698817053,-0.5393052909368296,0.007914966793568522,0,1,1,DE,0.05466930441442978,0.024464442816484522,FALSE,FALSE
mel_spp,sap_car,z_within,0,NA,NA,NA,NA,0,0,0,,NA,NA,TRUE,FALSE
mel_spp,sco_int,z_within,69,0.08655039521995779,0.47948200417493225,-0.005369395592997191,0.9650741651539507,18,3,1,DE,0.6131452138563988,0.9821122193086984,FALSE,FALSE
mel_spp,sco_rat,z_within,23,-0.16782565601853222,0.4440140448884635,-0.27417011514412026,0.20552200484356645,7,1,1,DE,0.583841672284278,0.33199708474729966,FALSE,FALSE
mel_spp,sco_sco,z_within,23,-0.1407886768000828,0.5216856649175281,-0.23180060728498036,0.2872093789672845,3,1,1,DE,0.6433222189138429,0.4317210454371392,FALSE,FALSE
mel_spp,tet_gab,z_within,115,0.2734105650026643,0.0031113117056032636,0.23224618356693585,0.012503540329128038,57,5,1,DE,0.010629074439237943,0.037043683796669793,FALSE,FALSE
mel_spp,tet_spp,z_within,92,0.3919296486340822,1.1171449469359675e-4,0.44831969271032085,7.408917444285996e-6,53,4,1,DE,6.088866352002144e-4,5.813150610132089e-5,FALSE,FALSE
mel_spp,tha_pit,z_within,23,-0.30624404663563387,0.15525694640451046,-0.30165938968536776,0.16185251853932503,2,1,1,DE,0.2560126090827263,0.2744957202780952,FALSE,FALSE
mel_spp,tha_pro,z_within,115,0.20398877977106628,0.028765480730501627,0.12966061299407064,0.167247279581833,56,5,1,DE,0.06962221437823106,0.2809754296974794,FALSE,FALSE
mel_spp,tom_spp,z_within,358,0.17820074431589655,7.064235923924532e-4,0.1661863915158106,0.0016029643084220948,176,17,2,"DE,PL",0.003113496573877849,0.0062885522868866795,FALSE,FALSE
mel_spp,tor_vir,z_within,346,0.007926211981445259,0.8832071310013171,0.014859483873665388,0.7829956101300575,176,17,2,"DE,PL",0.927367487551383,0.857452247903161,FALSE,FALSE
mel_spp,uro_sir_spp,z_within,23,0.2501775428580263,0.24959859746597823,0.2723324233115791,0.20869880162674762,4,1,1,DE,0.38325462062517945,0.33561023504841847,FALSE,FALSE
mel_spp,xyl_lin,z_within,69,0.0499508982797825,0.683569011277227,0.09559606465524266,0.43458755427473506,22,3,1,DE,0.7771787803374843,0.5843606661999262,FALSE,FALSE
mel_spp,xyl_spp,z_within,92,-0.24943082176071685,0.016494988653893004,-0.13654342197618521,0.19433554503298098,22,4,1,DE,0.04427602217623912,0.319713316022001,FALSE,FALSE
mel_spp,zei_gri,z_within,0,NA,NA,NA,NA,0,0,0,,NA,NA,TRUE,FALSE
neo_ser,ope_spp,z_within,23,0.30518311330878783,0.15676613154162333,0.30682347278921435,0.1544370362024071,6,1,1,DE,0.25769948130944353,0.2661564951663687,FALSE,FALSE
neo_ser,pan_fla,z_within,0,NA,NA,NA,NA,0,0,0,,NA,NA,TRUE,FALSE
neo_ser,pha_cya,z_within,23,0.10407229084007454,0.6365227098632504,0.3000516369151235,0.1642111681006394,11,1,1,DE,0.7365919203279754,0.27717913480817147,FALSE,FALSE
neo_ser,pis_pin,z_within,23,-0.2745720744024923,0.20483150566276695,0.14178543798331414,0.5187120828234075,10,1,1,DE,0.3207230154456483,0.6566674239998457,FALSE,FALSE
neo_ser,pit_bid,z_within,23,0.153151660084635,0.48538818594633304,0.2256234439103381,0.3006062406520596,10,1,1,DE,0.6139556567643897,0.44163139058759376,FALSE,FALSE
neo_ser,pit_cha,z_within,23,-0.030081751325826998,0.8916219839901456,0.034712065796291595,0.8750584813829918,11,1,1,DE,0.9334576196025864,0.9215217635803189,FALSE,FALSE
neo_ser,pit_spp,z_within,0,NA,NA,NA,NA,0,0,0,,NA,NA,TRUE,FALSE
neo_ser,pol_pol,z_within,0,NA,NA,NA,NA,0,0,0,,NA,NA,TRUE,FALSE
neo_ser,pri_abi,z_within,23,0.1349881890230787,0.5391494374085921,0.09744515393698389,0.6582544419519613,6,1,1,DE,0.6614307531095099,0.7629767395352278,FALSE,FALSE
neo_ser,sap_car,z_within,0,NA,NA,NA,NA,0,0,0,,NA,NA,TRUE,FALSE
neo_ser,sco_int,z_within,23,-0.31162368406425345,0.14776149632039878,-0.2128176638256016,0.32958503260558747,5,1,1,DE,0.24421691752954797,0.47636379206556567,FALSE,FALSE
neo_ser,sco_rat,z_within,23,-0.11587162343189507,0.5985475436720635,-0.015815079230108973,0.9429035688446084,6,1,1,DE,0.7096310953667415,0.9742882028293058,FALSE,FALSE
neo_ser,sco_sco,z_within,0,NA,NA,NA,NA,0,0,0,,NA,NA,TRUE,FALSE
neo_ser,tet_gab,z_within,23,0.09669572777418824,0.6607292973240211,0.26792151918403795,0.21645785703804016,6,1,1,DE,0.7572403182814623,0.34421138067964513,FALSE,FALSE
neo_ser,tet_spp,z_within,0,NA,NA,NA,NA,0,0,0,,NA,NA,TRUE,FALSE
neo_ser,tha_pit,z_within,18,-0.07015616178597157,0.782072326100219,-0.09705731804518168,0.7016279617635952,16,1,1,BG,0.8551296184311736,0.8028243024025752,FALSE,FALSE
neo_ser,tha_pro,z_within,0,NA,NA,NA,NA,0,0,0,,NA,NA,TRUE,FALSE
neo_ser,tom_spp,z_within,23,0.16716884618940778,0.44582503345402014,0.3029131902282683,0.1600296483103471,11,1,1,DE,0.5840716952039823,0.27269968709686837,FALSE,FALSE
neo_ser,tor_vir,z_within,41,0.03729911153842498,0.8169066641403664,-0.05458579398698147,0.7346372409575119,17,2,2,"BG,DE",0.881074559208794,0.829959777043601,FALSE,FALSE
neo_ser,uro_sir_spp,z_within,0,NA,NA,NA,NA,0,0,0,,NA,NA,TRUE,FALSE
neo_ser,xyl_lin,z_within,23,-0.12185471764165212,0.5796636718711503,-0.2524097618629752,0.24525858735744216,10,1,1,DE,0.6955964062453803,0.3782173463784313,FALSE,FALSE
neo_ser,xyl_spp,z_within,23,-0.049679532263879264,0.8218963368574905,0.1694712562070047,0.4394938515952559,11,1,1,DE,0.88378612125941,0.5854416547743259,FALSE,FALSE
neo_ser,zei_gri,z_within,0,NA,NA,NA,NA,0,0,0,,NA,NA,TRUE,FALSE
ope_spp,pan_fla,z_within,0,NA,NA,NA,NA,0,0,0,,NA,NA,TRUE,FALSE
ope_spp,pha_cya,z_within,69,0.23373075804748839,0.053247376219024894,0.24473787869566016,0.0426889638509936,29,3,1,DE,0.1145139356035656,0.10026289536055734,FALSE,FALSE
ope_spp,pis_pin,z_within,23,-0.10922781303342276,0.619813727525661,0.30579617515777613,0.15589279551887225,7,1,1,DE,0.7254868876283967,0.2675660000011413,FALSE,FALSE
ope_spp,pit_bid,z_within,23,-0.05566755156821808,0.8008251035227754,-0.03563093837613276,0.8717773049850374,7,1,1,DE,0.8676617965330221,0.9195591096748414,FALSE,FALSE
ope_spp,pit_cha,z_within,69,0.2638718217032671,0.02846414456080493,0.21818770527480733,0.07169343264436032,29,3,1,DE,0.06936313725738812,0.14923939040254597,FALSE,FALSE
ope_spp,pit_spp,z_within,23,-0.09011226031774301,0.682615516292028,-0.056311278431943466,0.798567596770454,14,1,1,DE,0.7771787803374843,0.8718306790429726,FALSE,FALSE
ope_spp,pol_pol,z_within,0,NA,NA,NA,NA,0,0,0,,NA,NA,TRUE,FALSE
ope_spp,pri_abi,z_within,46,0.0585125157568889,0.6993034807702342,0.06514642619973475,0.6670921996424988,13,2,1,DE,0.7863034413699955,0.7682319847495873,FALSE,FALSE
ope_spp,sap_car,z_within,0,NA,NA,NA,NA,0,0,0,,NA,NA,TRUE,FALSE
ope_spp,sco_int,z_within,23,-0.5828562004891314,0.003514393462590241,-0.5979989545158153,0.0025798722474658035,1,1,1,DE,0.011836211944761471,0.009544190594251729,FALSE,FALSE
ope_spp,sco_rat,z_within,23,-0.7590787454119946,2.6764689562832917e-5,-0.6643281597004597,5.456866437086779e-4,1,1,1,DE,1.7372716679875185e-4,0.0024376274568447633,FALSE,FALSE
ope_spp,sco_sco,z_within,0,NA,NA,NA,NA,0,0,0,,NA,NA,TRUE,FALSE
ope_spp,tet_gab,z_within,23,-0.2431427296843293,0.26359951811638244,-0.19535519125683065,0.3716996227123993,2,1,1,DE,0.39875011850656156,0.5220559590157585,FALSE,FALSE
ope_spp,tet_spp,z_within,0,NA,NA,NA,NA,0,0,0,,NA,NA,TRUE,FALSE
ope_spp,tha_pit,z_within,0,NA,NA,NA,NA,0,0,0,,NA,NA,TRUE,FALSE
ope_spp,tha_pro,z_within,46,0.5907524769581534,1.545706185511009e-5,0.5823897676326548,2.175546890731404e-5,20,2,1,DE,1.0611867465912117e-4,1.4382782222057615e-4,FALSE,FALSE
ope_spp,tom_spp,z_within,69,0.3831489588197987,0.0011561011592454914,0.3440433575778402,0.0037969810264419025,30,3,1,DE,0.004585867931673783,0.013160409965434555,FALSE,FALSE
ope_spp,tor_vir,z_within,69,0.3857237153673536,0.001063433570750379,0.24581868511529759,0.04175282478677939,27,3,1,DE,0.004270322416657219,0.09904158437794182,FALSE,FALSE
ope_spp,uro_sir_spp,z_within,0,NA,NA,NA,NA,0,0,0,,NA,NA,TRUE,FALSE
ope_spp,xyl_lin,z_within,69,-0.031821237012998625,0.7952002539089935,-0.1270004377421623,0.298390933520194,29,3,1,DE,0.8662877512726018,0.4403812656190254,FALSE,FALSE
ope_spp,xyl_spp,z_within,69,0.15459481589704818,0.20467596837924562,3.256720308093721e-4,0.9978809705891414,29,3,1,DE,0.3207230154456483,0.9978809705891414,FALSE,FALSE
ope_spp,zei_gri,z_within,0,NA,NA,NA,NA,0,0,0,,NA,NA,TRUE,FALSE
pan_fla,pha_cya,z_within,306,0.18160685824317832,0.0014208023195290361,0.16168836423705515,0.004575456212261036,154,15,2,"DE,PL",0.005396025830551765,0.015337444767860938,FALSE,FALSE
pan_fla,pis_pin,z_within,46,0.408135081097857,0.00486737062075308,0.16945980321937384,0.26022130970043655,14,2,1,DE,0.015156480165637205,0.397004305825025,FALSE,FALSE
pan_fla,pit_bid,z_within,23,0.0418817466003604,0.8495133292409137,0.032999238618066896,0.881180044301648,8,1,1,DE,0.905302264295541,0.9252390465167304,FALSE,FALSE
pan_fla,pit_cha,z_within,46,0.43295272576448046,0.002653054066501298,0.2335462540312544,0.11826791236998194,15,2,1,DE,0.009240393187716717,0.2187649985289303,FALSE,FALSE
pan_fla,pit_spp,z_within,0,NA,NA,NA,NA,0,0,0,,NA,NA,TRUE,FALSE
pan_fla,pol_pol,z_within,0,NA,NA,NA,NA,0,0,0,,NA,NA,TRUE,FALSE
pan_fla,pri_abi,z_within,0,NA,NA,NA,NA,0,0,0,,NA,NA,TRUE,FALSE
pan_fla,sap_car,z_within,0,NA,NA,NA,NA,0,0,0,,NA,NA,TRUE,FALSE
pan_fla,sco_int,z_within,23,-0.08761941355852891,0.690968927931076,-0.0050553980073522065,0.9817357563898936,7,1,1,DE,0.7830981183218861,0.9910115065834718,FALSE,FALSE
pan_fla,sco_rat,z_within,23,-0.3890836459101628,0.06650610133701503,-0.32635402691907023,0.12855593606252264,7,1,1,DE,0.1374029726700177,0.23224107777541947,FALSE,FALSE
pan_fla,sco_sco,z_within,23,0.026139416476576697,0.9057593403026896,0.030488566611409307,0.890164872404116,6,1,1,DE,0.9435876451481037,0.931932139144485,FALSE,FALSE
pan_fla,tet_gab,z_within,46,0.4767739831499063,8.086093962243601e-4,0.24752424154387778,0.09721440658850786,9,2,1,DE,0.0034779946319529707,0.18836592426269994,FALSE,FALSE
pan_fla,tet_spp,z_within,23,0.9587140579650851,6.080578917883078e-13,0.9979296921783483,1.62533412021121e-26,6,1,1,DE,1.4004946281833927e-11,1.4506107022885049e-24,FALSE,FALSE
pan_fla,tha_pit,z_within,23,-0.47239412810897125,0.02283824857609897,-0.43208990062862507,0.03949358524636205,2,1,1,DE,0.057677426019877,0.09430909654147994,FALSE,FALSE
pan_fla,tha_pro,z_within,23,-0.17352921798634732,0.4284526353042498,-0.18167062247471208,0.4067586684341836,5,1,1,DE,0.5712722601636682,0.5606673537876584,FALSE,FALSE
pan_fla,tom_spp,z_within,186,0.2917197597771055,5.3466505377021033e-5,0.31089555059162977,1.567491900521239e-5,76,9,2,"DE,PL",3.154965689189506e-4,1.0972443303648672e-4,FALSE,FALSE
pan_fla,tor_vir,z_within,243,0.20526007652829578,0.0012930519439512183,0.19788369561529381,0.0019384548562281173,94,12,2,"DE,PL",0.004963651010651451,0.007362004081632318,FALSE,FALSE
pan_fla,uro_sir_spp,z_within,0,NA,NA,NA,NA,0,0,0,,NA,NA,TRUE,FALSE
pan_fla,xyl_lin,z_within,23,0.5596105258435234,0.0054940971545798375,0.5921654249826674,0.002911299392210636,9,1,1,DE,0.0169085576222845,0.01049832205069896,FALSE,FALSE
pan_fla,xyl_spp,z_within,23,0.3748319344686588,0.07802144226217178,0.44836329636619116,0.0318917688112608,9,1,1,DE,0.1532820787309826,0.08017860187056412,FALSE,FALSE
pan_fla,zei_gri,z_within,0,NA,NA,NA,NA,0,0,0,,NA,NA,TRUE,FALSE
pha_cya,pis_pin,z_within,69,0.41762544403003105,3.5654982886869417e-4,0.3908156841497584,8.996734865434433e-4,48,3,1,DE,0.001731813454505086,0.00380098739285218,FALSE,FALSE
pha_cya,pit_bid,z_within,69,0.6629217694238595,5.448881722441766e-10,0.627702588400907,7.8145111721968e-9,58,3,1,DE,9.975644999547232e-9,1.2399024393218924e-7,FALSE,FALSE
pha_cya,pit_cha,z_within,335,0.4011981007647451,2.1894722712834376e-14,0.4283581386826955,2.2106731166529235e-16,239,15,2,"AT,DE",6.253132806785497e-13,7.51628859661994e-15,FALSE,FALSE
pha_cya,pit_spp,z_within,291,0.30762204277596517,8.533177322637764e-8,0.39050161397146427,4.879495416605036e-12,223,13,3,"AT,CZ,DE",1.015448101393894e-6,1.0246940374870575e-10,FALSE,FALSE
pha_cya,pol_pol,z_within,161,0.05142543631162744,0.5170753774052859,0.019903171428023628,0.8021233949487758,120,7,1,CZ,0.6403882178610002,0.8730428414533932,FALSE,FALSE
pha_cya,pri_abi,z_within,207,-0.3026448898797201,9.322321139008769e-6,-0.25685926577583246,1.8692518109162174e-4,127,9,2,"CZ,DE",6.791976829849245e-5,9.741940094848022e-4,FALSE,FALSE
pha_cya,sap_car,z_within,0,NA,NA,NA,NA,0,0,0,,NA,NA,TRUE,FALSE
pha_cya,sco_int,z_within,276,0.20860307397322614,4.8610301183028067e-4,0.1984463517761314,9.16743075208899e-4,137,12,2,"CZ,DE",0.002253750327576756,0.003850320915877376,FALSE,FALSE
pha_cya,sco_rat,z_within,207,0.3347259648910256,8.237724880400283e-7,0.30018122780599354,1.1104093386670263e-5,107,9,2,"CZ,DE",7.84231408614107e-6,8.258669456336009e-5,FALSE,FALSE
pha_cya,sco_sco,z_within,23,-0.28254863872960634,0.19145140703806426,-0.327803515116102,0.12676831338825773,13,1,1,DE,0.30547564166603774,0.22972734964268024,FALSE,FALSE
pha_cya,tet_gab,z_within,201,0.27674666338228027,6.97763499864432e-5,0.26934812046280615,1.1038356973448328e-4,118,9,2,"AT,DE",4.0504320236032886e-4,5.92585479627226e-4,FALSE,FALSE
pha_cya,tet_spp,z_within,92,0.29271331500262643,0.004632753946766795,0.25843204115503293,0.01287133396037354,52,4,1,DE,0.014636222645980052,0.03764450275642445,FALSE,FALSE
pha_cya,tha_pit,z_within,23,0.38795166376655693,0.06737028834455824,-0.027765072267072408,0.8999260845626953,11,1,1,DE,0.13743538822289883,0.9387552214911299,FALSE,FALSE
pha_cya,tha_pro,z_within,138,0.18986927622694222,0.02571417912962203,0.1693133887739332,0.04711692934837345,85,6,1,DE,0.06419852126128825,0.10748079090970813,FALSE,FALSE
pha_cya,tom_spp,z_within,696,0.3397166690787621,2.919120584781152e-20,0.3414520630055452,1.8263050004866714e-20,465,32,4,"AT,CZ,DE,PL",1.603270844256725e-18,9.314155502482024e-19,FALSE,FALSE
pha_cya,tor_vir,z_within,418,0.024808816774488315,0.6130136136611631,0.043834200565061106,0.3713548562134358,248,20,2,"DE,PL",0.7246551658179975,0.5220559590157585,FALSE,FALSE
pha_cya,uro_sir_spp,z_within,23,0.2490937477734491,0.2517235875954761,0.23086196503918024,0.2892206273231992,6,1,1,DE,0.38486218745860795,0.4338309409847988,FALSE,FALSE
pha_cya,xyl_lin,z_within,161,0.033405954356501746,0.6739823895848993,0.08241798414647163,0.29862432399285177,114,7,1,DE,0.7702874074089854,0.4403812656190254,FALSE,FALSE
pha_cya,xyl_spp,z_within,161,0.19971319745484967,0.011086113862987653,0.26427826761945594,7.050163177137509e-4,106,7,1,DE,0.030591771672420356,0.003050797883924958,FALSE,FALSE
pha_cya,zei_gri,z_within,115,0.01602392700605844,0.8650328092510109,-0.004222701216340594,0.9642755480609382,59,5,1,CZ,0.9163700679602698,0.9821122193086984,FALSE,FALSE
pis_pin,pit_bid,z_within,46,0.19448329595289696,0.19526631690475463,0.3176541377060025,0.03146004410374883,34,2,1,DE,0.308451659889369,0.07968762144331855,FALSE,FALSE
pis_pin,pit_cha,z_within,92,0.4802395792257351,1.2696670628270585e-6,0.5724490152095814,2.4950001473184817e-9,66,4,2,"DE,LT",1.147521877036101e-5,4.443904587097158e-8,FALSE,FALSE
pis_pin,pit_spp,z_within,0,NA,NA,NA,NA,0,0,0,,NA,NA,TRUE,FALSE
pis_pin,pol_pol,z_within,23,0.5437025759288647,0.007327091214696604,0.658882779443589,6.286083688551445e-4,17,1,1,LT,0.021533678770223347,0.0027877414618793363,FALSE,FALSE
pis_pin,pri_abi,z_within,23,-0.3520669946580844,0.09944822523715541,-0.14794983283130053,0.5005043714019137,14,1,1,DE,0.18253478873863485,0.6454095221300362,FALSE,FALSE
pis_pin,sap_car,z_within,0,NA,NA,NA,NA,0,0,0,,NA,NA,TRUE,FALSE
pis_pin,sco_int,z_within,46,0.24414998550878148,0.10201004447941767,0.20911891744558161,0.1630892306360599,31,2,1,DE,0.18580400958751075,0.27593770301930515,FALSE,FALSE
pis_pin,sco_rat,z_within,69,0.4016950613299932,6.237295915931808e-4,0.3375059999277297,0.004567596242742458,41,3,2,"DE,LT",0.0028008989207391893,0.015337444767860938,FALSE,FALSE
pis_pin,sco_sco,z_within,23,0.41402249621824394,0.04952875550193221,0.2597889174695436,0.2312623314633987,13,1,1,DE,0.10847709027110305,0.36290396629641025,FALSE,FALSE
pis_pin,tet_gab,z_within,69,0.6160741347720833,1.7523971190386096e-8,0.4614013882981771,6.600023438498322e-5,24,3,1,DE,2.3607764962142776e-7,3.740013281815716e-4,FALSE,FALSE
pis_pin,tet_spp,z_within,23,0.9633387512191842,1.7826078008290365e-13,0.9879918031276096,1.615541986205519e-18,6,1,1,DE,4.412859414713026e-12,7.209356113442128e-17,FALSE,FALSE
pis_pin,tha_pit,z_within,23,-0.15133556560130884,0.4906394679459021,-0.09892632278194816,0.6533733391530681,8,1,1,DE,0.614590491426972,0.7601304652671312,FALSE,FALSE
pis_pin,tha_pro,z_within,23,0.12434905166894965,0.5718683639779591,-0.03571116242558167,0.8714909313996183,13,1,1,DE,0.6897196146626061,0.9195591096748414,FALSE,FALSE
pis_pin,tom_spp,z_within,92,0.4404941022684422,1.1119653754254755e-5,0.5296337232672949,5.6796684265663725e-8,66,4,2,"DE,LT",7.939432780537894e-5,7.3732422846698e-7,FALSE,FALSE
pis_pin,tor_vir,z_within,69,0.19866832408559867,0.10174085666655369,0.20121004441833595,0.09734877598450459,45,3,2,"DE,LT",0.18578765130414152,0.18836592426269994,FALSE,FALSE
pis_pin,uro_sir_spp,z_within,0,NA,NA,NA,NA,0,0,0,,NA,NA,TRUE,FALSE
pis_pin,xyl_lin,z_within,46,0.042656941710248926,0.778342647553352,0.045095621360623374,0.7660179815072712,41,2,1,DE,0.853666129574644,0.8488139261709136,FALSE,FALSE
pis_pin,xyl_spp,z_within,46,0.16299341396439576,0.27911495945135395,0.2118753920151313,0.1574887525152669,40,2,1,DE,0.4177947191787562,0.26901188826770467,FALSE,FALSE
pis_pin,zei_gri,z_within,0,NA,NA,NA,NA,0,0,0,,NA,NA,TRUE,FALSE
pit_bid,pit_cha,z_within,69,0.38563274538972936,0.001066589664993006,0.4531440190545899,9.234931990285817e-5,57,3,1,DE,0.004270322416657219,5.056083291133355e-4,FALSE,FALSE
pit_bid,pit_spp,z_within,0,NA,NA,NA,NA,0,0,0,,NA,NA,TRUE,FALSE
pit_bid,pol_pol,z_within,0,NA,NA,NA,NA,0,0,0,,NA,NA,TRUE,FALSE
pit_bid,pri_abi,z_within,46,-0.051174611594868774,0.7355496234001917,-0.010177722328918531,0.9464776958616226,25,2,1,DE,0.8167689441799951,0.9751238123510462,FALSE,FALSE
pit_bid,sap_car,z_within,0,NA,NA,NA,NA,0,0,0,,NA,NA,TRUE,FALSE
pit_bid,sco_int,z_within,69,0.33740411554132177,0.004580629030333392,0.32958266051667184,0.005684834117569615,37,3,1,DE,0.014535862789591299,0.0182836556754266,FALSE,FALSE
pit_bid,sco_rat,z_within,46,0.47539296437914524,8.415136496869734e-4,0.5180982047263581,2.260442681222872e-4,29,2,1,DE,0.0035978487777035867,0.0011446496981511564,FALSE,FALSE
pit_bid,sco_sco,z_within,23,0.049002518935120025,0.8242864689322347,0.07887661206934177,0.7205365575192143,10,1,1,DE,0.8850233666430309,0.8179063625893783,FALSE,FALSE
pit_bid,tet_gab,z_within,46,0.3368427841219818,0.022076279449195314,0.3357749657662028,0.02252816717147524,17,2,1,DE,0.05652001661444794,0.06069853343559743,FALSE,FALSE
pit_bid,tet_spp,z_within,0,NA,NA,NA,NA,0,0,0,,NA,NA,TRUE,FALSE
pit_bid,tha_pit,z_within,23,0.20749572935287808,0.34210441878499165,0.20825333720544723,0.3403052329970564,7,1,1,DE,0.4846479266120715,0.48888920796760216,FALSE,FALSE
pit_bid,tha_pro,z_within,23,-0.17023151841657036,0.4374138343975492,-0.15618017052467248,0.47669430722426154,10,1,1,DE,0.5781316336066821,0.6199630880840122,FALSE,FALSE
pit_bid,tom_spp,z_within,69,0.3512330399658951,0.003084774572049757,0.3404158253955944,0.00420896881761956,58,3,1,DE,0.010589081944440032,0.014310493979906504,FALSE,FALSE
pit_bid,tor_vir,z_within,69,0.0013299146164498657,0.9913468853282068,-0.002481506708767509,0.9838547972344848,50,3,1,DE,0.9941315675903648,0.9910115065834718,FALSE,FALSE
pit_bid,uro_sir_spp,z_within,0,NA,NA,NA,NA,0,0,0,,NA,NA,TRUE,FALSE
pit_bid,xyl_lin,z_within,69,0.0684975258306558,0.5759938307428654,0.06699868018459049,0.5843919064893508,57,3,1,DE,0.692356220791929,0.7133508618377576,FALSE,FALSE
pit_bid,xyl_spp,z_within,69,0.2720985426531878,0.023710545139162313,0.35506010873601307,0.002756468576701645,56,3,1,DE,0.05961031418789398,0.010092915711615254,FALSE,FALSE
pit_bid,zei_gri,z_within,0,NA,NA,NA,NA,0,0,0,,NA,NA,TRUE,FALSE
pit_cha,pit_spp,z_within,239,0.36571369969693607,5.63418542990994e-9,0.38639432766788295,6.248067956163363e-10,196,11,3,"AT,DE,SI",8.939574215457105e-8,1.2057082488380112e-8,FALSE,FALSE
pit_cha,pol_pol,z_within,23,0.6183597328246233,0.0016610956737812207,0.7674337048810539,1.923505582280193e-5,17,1,1,LT,0.006177199536873915,1.2956443261774128e-4,FALSE,FALSE
pit_cha,pri_abi,z_within,69,-0.1143572140736413,0.3494572248356501,-0.13104825359880282,0.28312820930541116,37,3,1,DE,0.49225487126134876,0.427412768272611,FALSE,FALSE
pit_cha,sap_car,z_within,0,NA,NA,NA,NA,0,0,0,,NA,NA,TRUE,FALSE
pit_cha,sco_int,z_within,115,0.23777226284391942,0.010504141579056405,0.21130264129009652,0.02339792889954264,56,5,1,DE,0.02918271240251468,0.062336273262214345,FALSE,FALSE
pit_cha,sco_rat,z_within,69,0.22946722054942303,0.05787167458955841,0.2512687691936995,0.03728732328316793,42,3,2,"DE,LT",0.12297730850281162,0.09024796211587086,FALSE,FALSE
pit_cha,sco_sco,z_within,23,0.010626257986103333,0.9616198589679688,-0.07437329994372328,0.7359220601588309,13,1,1,DE,0.9767259019411887,0.8300921816009562,FALSE,FALSE
pit_cha,tet_gab,z_within,222,0.3044474725501062,3.824140099452355e-6,0.2869957725395805,1.4008435461911729e-5,146,10,2,"AT,DE",3.174925617452304e-5,1.0002022919804973e-4,FALSE,FALSE
pit_cha,tet_spp,z_within,115,0.2491309987158769,0.007254744975619925,0.32463356440758234,4.006647704171951e-4,62,5,1,DE,0.021493310840633304,0.0018862424499020642,FALSE,FALSE
pit_cha,tha_pit,z_within,23,0.415623705184031,0.04856663228718697,0.48265665630669563,0.01966484149562658,11,1,1,DE,0.10735515710320036,0.054421305534408444,FALSE,FALSE
pit_cha,tha_pro,z_within,138,-0.08893277688124974,0.2996064283986868,-0.044553713916700245,0.6038411427160097,82,6,1,DE,0.4374621469870396,0.7254800508902046,FALSE,FALSE
pit_cha,tom_spp,z_within,400,0.3430287788632872,1.7350164514376223e-12,0.38051459340104155,3.1441680868851337e-15,319,18,3,"AT,DE,LT",3.871255457270195e-11,9.353900058483272e-14,FALSE,FALSE
pit_cha,tor_vir,z_within,184,0.1280375194977692,0.08325828326332135,0.08769745221496336,0.23650748668199711,106,8,2,"DE,LT",0.16110139363146733,0.36710075106727375,FALSE,FALSE
pit_cha,uro_sir_spp,z_within,23,-0.011690642100464249,0.9577786693940609,0.16891906345815116,0.4410078986949707,8,1,1,DE,0.9755406133343216,0.5854416547743259,FALSE,FALSE
pit_cha,xyl_lin,z_within,184,0.12272794608780976,0.0969752221318689,0.1615508284054372,0.028461942372769024,131,8,1,DE,0.18078409556698277,0.07336399586338298,FALSE,FALSE
pit_cha,xyl_spp,z_within,161,0.23872355879979554,0.002290867897278016,0.2821402239480538,2.878303125662042e-4,106,7,1,DE,0.008057535362839919,0.001417316159808757,FALSE,FALSE
pit_cha,zei_gri,z_within,0,NA,NA,NA,NA,0,0,0,,NA,NA,TRUE,FALSE
pit_spp,pol_pol,z_within,138,0.04262733410255874,0.6195919994231754,0.02378393488714464,0.7818601497242028,112,6,1,CZ,0.7254868876283967,0.857452247903161,FALSE,FALSE
pit_spp,pri_abi,z_within,161,-0.4832371382481273,8.430446195914366e-11,-0.5112987960802579,4.1866856508337214e-12,87,7,2,"CZ,DE",1.7198110239665307e-9,9.058465317258416e-11,FALSE,FALSE
pit_spp,sap_car,z_within,0,NA,NA,NA,NA,0,0,0,,NA,NA,TRUE,FALSE
pit_spp,sco_int,z_within,184,0.18908442564774783,0.010151707632074484,0.2527030063419457,5.385472965556913e-4,87,8,2,"CZ,DE",0.02835911293571632,0.002433688416080782,FALSE,FALSE
pit_spp,sco_rat,z_within,138,0.4087359718789396,6.456384599975577e-7,0.4271681267969016,1.7410519170492992e-7,67,6,1,CZ,6.22953865457103e-6,1.9731921726558724e-6,FALSE,FALSE
pit_spp,sco_sco,z_within,0,NA,NA,NA,NA,0,0,0,,NA,NA,TRUE,FALSE
pit_spp,tet_gab,z_within,130,0.18256576146288664,0.037619953992808354,0.05451671907934519,0.5378673138495036,103,6,2,"AT,DE",0.08749396466079859,0.6737495826114834,FALSE,FALSE
pit_spp,tet_spp,z_within,46,0.40800470316995,0.0048823395491548426,0.21677634978453422,0.147880831722281,33,2,1,DE,0.015156480165637205,0.25815871356896974,FALSE,FALSE
pit_spp,tha_pit,z_within,23,0.0395373576969938,0.8578514096682792,0.3557312252964427,0.09573462668647775,23,1,1,HR,0.9114671227725467,0.18625210750448262,FALSE,FALSE
pit_spp,tha_pro,z_within,69,0.10916636361351947,0.37190523609560755,0.3706638978062646,0.0017173235957182675,47,3,1,DE,0.5146130592485733,0.0065570537291061125,FALSE,FALSE
pit_spp,tom_spp,z_within,333,0.3310253451645246,5.887781933468005e-10,0.3703960658483114,2.8765575459953414e-12,283,15,3,"AT,CZ,DE",1.050969075124039e-8,6.418319024502105e-11,FALSE,FALSE
pit_spp,tor_vir,z_within,23,-0.4413855673304854,0.034994648610925515,-0.4452170347832921,0.03326264037951951,18,1,1,DE,0.08252812182298942,0.08246362927422544,FALSE,FALSE
pit_spp,uro_sir_spp,z_within,0,NA,NA,NA,NA,0,0,0,,NA,NA,TRUE,FALSE
pit_spp,xyl_lin,z_within,23,-0.012080118272193973,0.9563733356805436,-0.066501856173116,0.7630486619019349,22,1,1,DE,0.9755008023941545,0.8488139261709136,FALSE,FALSE
pit_spp,xyl_spp,z_within,46,0.1715767476436388,0.2542262347700147,0.2984860578135117,0.04391428183228206,27,2,1,DE,0.3878579735593814,0.10195511698524656,FALSE,FALSE
pit_spp,zei_gri,z_within,115,0.06324451749565309,0.5019113147670456,0.08636023440420078,0.35877111408903506,53,5,1,CZ,0.6243287086126665,0.509269533716841,FALSE,FALSE
pol_pol,pri_abi,z_within,161,-0.037121419679986355,0.6401356820805636,-0.04598228699562621,0.56244737764031,87,7,1,CZ,0.7383794458893739,0.6984129176264025,FALSE,FALSE
pol_pol,sap_car,z_within,0,NA,NA,NA,NA,0,0,0,,NA,NA,TRUE,FALSE
pol_pol,sco_int,z_within,161,0.12083174465329687,0.12680166988095493,0.09573282912265352,0.22703755614498108,83,7,1,CZ,0.21921644623487124,0.3578472739238775,FALSE,FALSE
pol_pol,sco_rat,z_within,184,0.14206802679529507,0.054387092590277325,0.10553262319938242,0.15394251067757764,77,8,2,"CZ,LT",0.1166137660944685,0.2661564951663687,FALSE,FALSE
pol_pol,sco_sco,z_within,0,NA,NA,NA,NA,0,0,0,,NA,NA,TRUE,FALSE
pol_pol,tet_gab,z_within,0,NA,NA,NA,NA,0,0,0,,NA,NA,TRUE,FALSE
pol_pol,tet_spp,z_within,0,NA,NA,NA,NA,0,0,0,,NA,NA,TRUE,FALSE
pol_pol,tha_pit,z_within,0,NA,NA,NA,NA,0,0,0,,NA,NA,TRUE,FALSE
pol_pol,tha_pro,z_within,0,NA,NA,NA,NA,0,0,0,,NA,NA,TRUE,FALSE
pol_pol,tom_spp,z_within,207,0.12900187849990705,0.06395078567005326,0.1453992588563687,0.03658323299740484,151,9,2,"CZ,LT",0.13273506095470358,0.08884499442226888,FALSE,FALSE
pol_pol,tor_vir,z_within,23,0.3738754014462137,0.07884490221442515,0.4323213596802483,0.03937630575447397,13,1,1,LT,0.15423358953725907,0.09430909654147994,FALSE,FALSE
pol_pol,uro_sir_spp,z_within,0,NA,NA,NA,NA,0,0,0,,NA,NA,TRUE,FALSE
pol_pol,xyl_lin,z_within,0,NA,NA,NA,NA,0,0,0,,NA,NA,TRUE,FALSE
pol_pol,xyl_spp,z_within,0,NA,NA,NA,NA,0,0,0,,NA,NA,TRUE,FALSE
pol_pol,zei_gri,z_within,115,-0.09622088382013692,0.3063279089105856,-0.1300725942371642,0.16589078443724403,52,5,1,CZ,0.44274924486266826,0.27935382096271755,FALSE,FALSE
pri_abi,sap_car,z_within,0,NA,NA,NA,NA,0,0,0,,NA,NA,TRUE,FALSE
pri_abi,sco_int,z_within,184,-0.2687821141963325,2.2494751429580129e-4,-0.29907411121410005,3.723791107650364e-5,65,8,2,"CZ,DE",0.0011472323229085866,2.2920576300537583e-4,FALSE,FALSE
pri_abi,sco_rat,z_within,161,-0.3502768726724288,5.237651152843561e-6,-0.3806544405310292,6.320838795409582e-7,59,7,2,"CZ,DE",4.0848324317007636e-5,6.182299862907454e-6,FALSE,FALSE
pri_abi,sco_sco,z_within,0,NA,NA,NA,NA,0,0,0,,NA,NA,TRUE,FALSE
pri_abi,tet_gab,z_within,23,-0.3506888112033713,0.10087216235898067,-0.3304273735575649,0.12357806534481607,4,1,1,DE,0.18467365108797998,0.2274091202479347,FALSE,FALSE
pri_abi,tet_spp,z_within,0,NA,NA,NA,NA,0,0,0,,NA,NA,TRUE,FALSE
pri_abi,tha_pit,z_within,0,NA,NA,NA,NA,0,0,0,,NA,NA,TRUE,FALSE
pri_abi,tha_pro,z_within,23,-0.31343359344051436,0.14529834180168116,-0.3177199094567466,0.1395814389830952,7,1,1,DE,0.2417163477598252,0.24668600849982666,FALSE,FALSE
pri_abi,tom_spp,z_within,230,-0.20377852168883603,0.0018946032599505085,-0.18725358891124522,0.0043771779744899,136,10,2,"CZ,DE",0.006937162705664939,0.014811872387610371,FALSE,FALSE
pri_abi,tor_vir,z_within,69,-0.0846394265960601,0.48927278529262985,-0.13517286013423618,0.26811711603255417,36,3,1,DE,0.6139556567643897,0.4073098315898802,FALSE,FALSE
pri_abi,uro_sir_spp,z_within,0,NA,NA,NA,NA,0,0,0,,NA,NA,TRUE,FALSE
pri_abi,xyl_lin,z_within,69,0.10818500157029771,0.3762452887937089,0.0683878560590382,0.5766064212749765,37,3,1,DE,0.518608371039977,0.7086006622897302,FALSE,FALSE
pri_abi,xyl_spp,z_within,69,0.10564548244339586,0.3876172505729404,0.06502615869696525,0.5955280500897542,38,3,1,DE,0.5291753669389665,0.7194704361490432,FALSE,FALSE
pri_abi,zei_gri,z_within,115,-0.3461825417346922,1.5082157539151488e-4,-0.3060227488234864,8.808665113196626e-4,47,5,1,CZ,7.976785542929009e-4,0.003743682673108566,FALSE,FALSE
sap_car,sco_int,z_within,0,NA,NA,NA,NA,0,0,0,,NA,NA,TRUE,FALSE
sap_car,sco_rat,z_within,0,NA,NA,NA,NA,0,0,0,,NA,NA,TRUE,FALSE
sap_car,sco_sco,z_within,0,NA,NA,NA,NA,0,0,0,,NA,NA,TRUE,FALSE
sap_car,tet_gab,z_within,0,NA,NA,NA,NA,0,0,0,,NA,NA,TRUE,FALSE
sap_car,tet_spp,z_within,0,NA,NA,NA,NA,0,0,0,,NA,NA,TRUE,FALSE
sap_car,tha_pit,z_within,0,NA,NA,NA,NA,0,0,0,,NA,NA,TRUE,FALSE
sap_car,tha_pro,z_within,0,NA,NA,NA,NA,0,0,0,,NA,NA,TRUE,FALSE
sap_car,tom_spp,z_within,0,NA,NA,NA,NA,0,0,0,,NA,NA,TRUE,FALSE
sap_car,tor_vir,z_within,0,NA,NA,NA,NA,0,0,0,,NA,NA,TRUE,FALSE
sap_car,uro_sir_spp,z_within,0,NA,NA,NA,NA,0,0,0,,NA,NA,TRUE,FALSE
sap_car,xyl_lin,z_within,0,NA,NA,NA,NA,0,0,0,,NA,NA,TRUE,FALSE
sap_car,xyl_spp,z_within,0,NA,NA,NA,NA,0,0,0,,NA,NA,TRUE,FALSE
sap_car,zei_gri,z_within,0,NA,NA,NA,NA,0,0,0,,NA,NA,TRUE,FALSE
sco_int,sco_rat,z_within,207,0.4825830690397753,1.7923378575164954e-13,0.4763417278284805,4.025407991759939e-13,91,9,2,"CZ,DE",4.412859414713026e-12,9.580471020388654e-12,FALSE,FALSE
sco_int,sco_sco,z_within,23,0.07792510033316058,0.723778886490956,-0.013435158623623619,0.9514849943268735,12,1,1,DE,0.8087294600227583,0.9758408864643318,FALSE,FALSE
sco_int,tet_gab,z_within,92,0.1835158941243197,0.07993561052990147,0.1717270531851526,0.10166994785356442,28,4,1,DE,0.15588440141086501,0.19461754093148792,FALSE,FALSE
sco_int,tet_spp,z_within,46,-0.2272312059874127,0.128841064255343,-0.22213815940201292,0.1378724776658845,10,2,1,DE,0.22113586509210312,0.24427034504576065,FALSE,FALSE
sco_int,tha_pit,z_within,23,0.08789146246312574,0.6900555876027956,0.1330835511861911,0.54494234522135,10,1,1,DE,0.7830981183218861,0.6790381055637765,FALSE,FALSE
sco_int,tha_pro,z_within,69,0.178509758224052,0.14222922306981442,0.14084736858185784,0.24835363811831454,25,3,1,DE,0.23950864450907428,0.3817425280814661,FALSE,FALSE
sco_int,tom_spp,z_within,276,0.17792672722858632,0.003014756418604105,0.19160666369726567,0.0013816941451823873,145,12,2,"CZ,DE",0.010398725038083725,0.0055458977611325495,FALSE,FALSE
sco_int,tor_vir,z_within,69,-0.013060358829567973,0.9151776772326331,-0.02228988197072189,0.8557446544133509,34,3,1,DE,0.9470099442668116,0.9119428108225859,FALSE,FALSE
sco_int,uro_sir_spp,z_within,0,NA,NA,NA,NA,0,0,0,,NA,NA,TRUE,FALSE
sco_int,xyl_lin,z_within,69,-0.09634779448595017,0.4309666895906109,-0.03852502637942834,0.7533058564996229,43,3,1,DE,0.5730171626958961,0.8430413503773209,FALSE,FALSE
sco_int,xyl_spp,z_within,92,-0.0036766147451556606,0.9722529384970493,0.05085056625120347,0.6302433223694142,41,4,1,DE,0.984306328805986,0.7437912928458872,FALSE,FALSE
sco_int,zei_gri,z_within,115,0.08450514624588287,0.3692258323646753,0.05849537732432602,0.5346178126515624,37,5,1,CZ,0.5137345134090241,0.6720371799880556,FALSE,FALSE
sco_rat,sco_sco,z_within,23,0.026088432109443085,0.9059423626087366,-0.03875526526045275,0.8606363250590783,12,1,1,DE,0.9435876451481037,0.9157888764414037,FALSE,FALSE
sco_rat,tet_gab,z_within,46,0.3591137245759183,0.014247176774086278,0.2934667253835204,0.047767070325857884,17,2,1,DE,0.038532137184460614,0.10861684144160041,FALSE,FALSE
sco_rat,tet_spp,z_within,0,NA,NA,NA,NA,0,0,0,,NA,NA,TRUE,FALSE
sco_rat,tha_pit,z_within,23,0.3376629381122109,0.1150819113558478,0.3949748768136355,0.06214434044680684,9,1,1,DE,0.20490893942163424,0.13364776831030145,FALSE,FALSE
sco_rat,tha_pro,z_within,23,0.05706765247403589,0.7959170375837911,-0.02651515601740208,0.9044106642432983,12,1,1,DE,0.8662877512726018,0.9411507632704026,FALSE,FALSE
sco_rat,tom_spp,z_within,230,0.35077954844560505,4.6158141668597586e-8,0.3145943669652883,1.1201549491499903e-6,121,10,3,"CZ,DE,LT",5.585917483284521e-7,1.0523560969645961e-5,FALSE,FALSE
sco_rat,tor_vir,z_within,69,0.20450588384018656,0.09187581060929573,0.16414656011187823,0.17773688492462392,32,3,2,"DE,LT",0.17308530019798718,0.29650499027145205,FALSE,FALSE
sco_rat,uro_sir_spp,z_within,0,NA,NA,NA,NA,0,0,0,,NA,NA,TRUE,FALSE
sco_rat,xyl_lin,z_within,46,0.03881131142437299,0.7978865209747247,-0.039580841937126146,0.793965474023882,35,2,1,DE,0.867109552474815,0.8681337648591909,FALSE,FALSE
sco_rat,xyl_spp,z_within,46,0.13798996148219922,0.3604423258089602,0.18961697090504495,0.20689867332818393,33,2,1,DE,0.5046192561325442,0.33346648477725355,FALSE,FALSE
sco_rat,zei_gri,z_within,115,0.01409906227149274,0.8811186214088949,0.019143673797636433,0.839081142723501,36,5,1,CZ,0.9265371070485287,0.9024285679448513,FALSE,FALSE
sco_sco,tet_gab,z_within,23,0.18347073962182978,0.402045463764538,0.14425884916697934,0.5113685212484447,7,1,1,DE,0.5447067573584062,0.6508326634071114,FALSE,FALSE
sco_sco,tet_spp,z_within,0,NA,NA,NA,NA,0,0,0,,NA,NA,TRUE,FALSE
sco_sco,tha_pit,z_within,23,-0.10807205026320002,0.6235441310604128,-0.10683526511001214,0.6275459784064548,5,1,1,DE,0.7274681529038151,0.7418341532818025,FALSE,FALSE
sco_sco,tha_pro,z_within,23,0.47638023208144875,0.02156006255675731,0.5194712070519298,0.01107406542249674,10,1,1,DE,0.05597776242008988,0.03322219626749022,FALSE,FALSE
sco_sco,tom_spp,z_within,23,0.16733234168754452,0.4453738715575828,0.08104748326492602,0.7131566769322757,13,1,1,DE,0.5840716952039823,0.8134087337534263,FALSE,FALSE
sco_sco,tor_vir,z_within,23,0.152216247217318,0.4880894285323244,0.20067484340229785,0.35855547742117877,8,1,1,DE,0.6139556567643897,0.509269533716841,FALSE,FALSE
sco_sco,uro_sir_spp,z_within,0,NA,NA,NA,NA,0,0,0,,NA,NA,TRUE,FALSE
sco_sco,xyl_lin,z_within,23,-0.010610064833943899,0.9616783040121228,-0.0480208830812983,0.8277547201300024,13,1,1,DE,0.9767259019411887,0.8954801063224571,FALSE,FALSE
sco_sco,xyl_spp,z_within,23,-0.2323892493164272,0.28595255644224876,0.0144543282255919,0.9478094198482157,12,1,1,DE,0.4231823928418732,0.9751238123510462,FALSE,FALSE
sco_sco,zei_gri,z_within,0,NA,NA,NA,NA,0,0,0,,NA,NA,TRUE,FALSE
tet_gab,tet_spp,z_within,92,0.4774196564351557,1.4945736288020418e-6,0.5414843624258449,2.4974355275652294e-8,58,4,1,DE,1.3339069637058224e-5,3.496409738591321e-7,FALSE,FALSE
tet_gab,tha_pit,z_within,23,-0.2561056600274978,0.23818124677406105,-0.27512444135096914,0.20388518262353186,3,1,1,DE,0.369275587442838,0.3301948453750265,FALSE,FALSE
tet_gab,tha_pro,z_within,92,-0.052936475410409786,0.6162598063543419,-0.07702231972126712,0.4655392090163428,56,4,1,DE,0.7254868876283967,0.6065602102877167,FALSE,FALSE
tet_gab,tom_spp,z_within,222,0.1151451072087716,0.08696378398992811,0.1271416383053533,0.05857680969412234,142,10,2,"AT,DE",0.16602176943531732,0.12751171378537607,FALSE,FALSE
tet_gab,tor_vir,z_within,46,0.2478399230575082,0.09677480370945944,0.3022140024976767,0.041219858364609695,16,2,1,DE,0.18078409556698277,0.09810326290777106,FALSE,FALSE
tet_gab,uro_sir_spp,z_within,23,0.4737441393866635,0.02239870561072812,0.4838548334861953,0.019318841308062024,10,1,1,DE,0.057116699307356696,0.053671800365588655,FALSE,FALSE
tet_gab,xyl_lin,z_within,69,0.23904525539821692,0.047910221880950045,0.3184323592358836,0.007662882567723348,36,3,1,DE,0.10623570938819359,0.02379458482157627,FALSE,FALSE
tet_gab,xyl_spp,z_within,92,0.1693412376354018,0.1065851448750715,0.15793630618943058,0.1326808748107496,32,4,1,DE,0.19121053628341972,0.23742893387186773,FALSE,FALSE
tet_gab,zei_gri,z_within,0,NA,NA,NA,NA,0,0,0,,NA,NA,TRUE,FALSE
tet_spp,tha_pit,z_within,0,NA,NA,NA,NA,0,0,0,,NA,NA,TRUE,FALSE
tet_spp,tha_pro,z_within,69,-0.07057943015016668,0.5644221548424451,0.003355428582788272,0.9781700846439442,48,3,1,DE,0.6835536452829506,0.9892541649231956,FALSE,FALSE
tet_spp,tom_spp,z_within,92,0.19593475473542965,0.061229901307994904,0.26857211816887455,0.009637351005260494,51,4,1,DE,0.12934363767428508,0.029281143054280822,FALSE,FALSE
tet_spp,tor_vir,z_within,23,0.03303244087018715,0.8810613173637281,0.015044382455995852,0.9456818900270764,2,1,1,DE,0.9265371070485287,0.9751238123510462,FALSE,FALSE
tet_spp,uro_sir_spp,z_within,23,0.32041583405020047,0.13606894164944303,0.3701959994618573,0.08207355656596783,9,1,1,DE,0.23076775377126443,0.16553819036186732,FALSE,FALSE
tet_spp,xyl_lin,z_within,46,0.3789907872383582,0.00939346452987983,0.3245435990939831,0.027769351179705005,24,2,1,DE,0.026509619266143078,0.07222932063125193,FALSE,FALSE
tet_spp,xyl_spp,z_within,46,-0.10459755015067808,0.48906741154067446,-0.11538900727736788,0.4450910028448053,13,2,1,DE,0.6139556567643897,0.5889711733918153,FALSE,FALSE
tet_spp,zei_gri,z_within,0,NA,NA,NA,NA,0,0,0,,NA,NA,TRUE,FALSE
tha_pit,tha_pro,z_within,23,0.1005071363815457,0.6481789851899,0.1750630000157196,0.42431870363452984,7,1,1,DE,0.7452492679961169,0.5770734369429606,FALSE,FALSE
tha_pit,tom_spp,z_within,23,0.42526525436470464,0.043076729746003885,0.414874252913755,0.049015132370827316,11,1,1,DE,0.09702455848153557,0.11040001423586975,FALSE,FALSE
tha_pit,tor_vir,z_within,41,-0.2553699518564751,0.10708309032424887,-0.4205745549719309,0.006181906237243887,9,2,2,"BG,DE",0.19162237215918218,0.019704826131214888,FALSE,FALSE
tha_pit,uro_sir_spp,z_within,0,NA,NA,NA,NA,0,0,0,,NA,NA,TRUE,FALSE
tha_pit,xyl_lin,z_within,23,-0.879837319677754,3.1750010093619157e-8,-0.8534528877863885,2.260742037717979e-7,11,1,1,DE,3.977106527516505e-7,2.483338176816365e-6,FALSE,FALSE
tha_pit,xyl_spp,z_within,23,-0.6727864719718979,4.355701381320511e-4,-0.7352404713799752,6.420564790541848e-5,10,1,1,DE,0.002073313857508563,3.6674266083575036e-4,FALSE,FALSE
tha_pit,zei_gri,z_within,0,NA,NA,NA,NA,0,0,0,,NA,NA,TRUE,FALSE
tha_pro,tom_spp,z_within,138,-0.06374207310101736,0.4576363554396584,-0.010726901996412068,0.9006265080131989,82,6,1,DE,0.5940951959707566,0.9387552214911299,FALSE,FALSE
tha_pro,tor_vir,z_within,69,0.24829620155578053,0.03967088952407368,0.1942201775567228,0.10979647170003197,28,3,1,DE,0.09137101651673744,0.20630179156269166,FALSE,FALSE
tha_pro,uro_sir_spp,z_within,23,0.42959403267400875,0.04077574983140119,0.4186165119531149,0.046807355171104924,10,1,1,DE,0.09284150543524855,0.10711683202618241,FALSE,FALSE
tha_pro,xyl_lin,z_within,92,0.07933138828386449,0.45223029137426984,0.08475804299681758,0.42180016288202116,57,4,1,DE,0.5897780895436517,0.5747429700338991,FALSE,FALSE
tha_pro,xyl_spp,z_within,115,0.0629966062124605,0.5035924018201436,0.11221649131857143,0.23247126842981694,50,5,1,DE,0.6253303911297088,0.3632045638050094,FALSE,FALSE
tha_pro,zei_gri,z_within,0,NA,NA,NA,NA,0,0,0,,NA,NA,TRUE,FALSE
tom_spp,tor_vir,z_within,341,0.20594219135010958,1.280714432596255e-4,0.1904440002341738,4.0580563389918767e-4,159,16,3,"DE,LT,PL",6.875414322358843e-4,0.0018876469442179703,FALSE,FALSE
tom_spp,uro_sir_spp,z_within,23,-0.0044791034624583285,0.9838175233564548,-0.026194661477154508,0.9055610285248832,10,1,1,DE,0.9916476625495261,0.9411507632704026,FALSE,FALSE
tom_spp,xyl_lin,z_within,161,0.29769533139355514,1.254507397401638e-4,0.31850248537871684,3.8282789121443026e-5,126,7,1,DE,6.785744558672497e-4,2.3362317463854974e-4,FALSE,FALSE
tom_spp,xyl_spp,z_within,161,0.10674725992947376,0.17773194311753224,0.17893386990845658,0.02314175034764607,107,7,1,DE,0.2884104713316319,0.06211732988052366,FALSE,FALSE
tom_spp,zei_gri,z_within,115,0.001479333620512823,0.9874810757320911,0.04070422095984414,0.6658034004469077,61,5,1,CZ,0.9916476625495261,0.7679864748289048,FALSE,FALSE
tor_vir,uro_sir_spp,z_within,0,NA,NA,NA,NA,0,0,0,,NA,NA,TRUE,FALSE
tor_vir,xyl_lin,z_within,161,0.3736762341652545,1.0473677648489958e-6,0.4342315560839338,8.66802816265161e-9,88,7,1,DE,9.839744527660303e-6,1.3454287191594021e-7,FALSE,FALSE
tor_vir,xyl_spp,z_within,115,0.30512454521116483,9.13838232396929e-4,0.45384189572806555,3.505297982591453e-7,78,5,1,DE,0.0038156754264994574,3.618932772820917e-6,FALSE,FALSE
tor_vir,zei_gri,z_within,0,NA,NA,NA,NA,0,0,0,,NA,NA,TRUE,FALSE
uro_sir_spp,xyl_lin,z_within,23,0.3036850576752008,0.15891462552326344,0.1637166342322157,0.45540742699759484,10,1,1,DE,0.260240923448647,0.5988230255548485,FALSE,FALSE
uro_sir_spp,xyl_spp,z_within,23,0.08602611024572929,0.6963264048515959,0.1301596925604911,0.5538904904468619,5,1,1,DE,0.7854297836714684,0.6889857320192673,FALSE,FALSE
uro_sir_spp,zei_gri,z_within,0,NA,NA,NA,NA,0,0,0,,NA,NA,TRUE,FALSE
xyl_lin,xyl_spp,z_within,138,0.522147261264667,5.1003559452925405e-11,0.6393728202335421,3.1786242685685907e-17,104,6,1,DE,1.0710747485114334e-9,1.134768863878987e-15,FALSE,FALSE
xyl_lin,zei_gri,z_within,0,NA,NA,NA,NA,0,0,0,,NA,NA,TRUE,FALSE
xyl_spp,zei_gri,z_within,0,NA,NA,NA,NA,0,0,0,,NA,NA,TRUE,FALSE
CambXyl_con&BB_con&BO,CambXyl_con&BB_con&SM,anomaly,46,-0.09238308443559205,0.5414398836890298,-0.08853511288198637,0.5584805738594498,13,2,1,DE,0.7271044860783754,0.7480051059523153,FALSE,FALSE
CambXyl_con&BB_con&BO,CambXyl_con&BO,anomaly,23,-0.23575060098237954,0.2788417338595351,-0.21739130434782608,0.31904882862370176,3,1,1,DE,0.4891569466173661,0.5547778085749455,FALSE,FALSE
CambXyl_con&BB_con&BO,CambXyl_con&MD,anomaly,23,-0.11688688551258085,0.5953250122859932,-0.16699604743083005,0.44630212952560666,8,1,1,DE,0.7646099859694788,0.6694894331393745,FALSE,FALSE
CambXyl_con&BB_con&BO,Def_dec,anomaly,0,NA,NA,NA,NA,0,0,0,,NA,NA,TRUE,FALSE
CambXyl_con&BB_con&BO,Def_dec&DB,anomaly,151,0.02261175641978464,0.7828674478210889,0.0486197281282677,0.5532913991081633,83,7,2,"AT,DE",0.886540895919637,0.7440430709781147,FALSE,FALSE
CambXyl_con&BB_con&BO,agr_big,anomaly,46,0.2045187786113416,0.17275612713000382,0.12809127351218008,0.396242432254011,21,2,1,DE,0.35896678129505466,0.6286239258375603,FALSE,FALSE
CambXyl_con&BB_con&BO,agr_vir,anomaly,46,0.2368926430040513,0.11293839812033377,0.15159738526427108,0.3145526547181117,13,2,1,DE,0.2742497942431649,0.5521226860446856,FALSE,FALSE
CambXyl_con&BB_con&BO,bup_pin,anomaly,0,NA,NA,NA,NA,0,0,0,,NA,NA,TRUE,FALSE
CambXyl_con&BB_con&BO,cep_spp,anomaly,0,NA,NA,NA,NA,0,0,0,,NA,NA,TRUE,FALSE
CambXyl_con&BB_con&BO,clo_ana,anomaly,0,NA,NA,NA,NA,0,0,0,,NA,NA,TRUE,FALSE
CambXyl_con&BB_con&BO,den_mic,anomaly,0,NA,NA,NA,NA,0,0,0,,NA,NA,TRUE,FALSE
CambXyl_con&BB_con&BO,den_pin,anomaly,0,NA,NA,NA,NA,0,0,0,,NA,NA,TRUE,FALSE
CambXyl_con&BB_con&BO,dip_sp,anomaly,86,-0.04885527073142096,0.6550899981354641,-0.09837256474361998,0.3675305922703549,38,4,2,"AT,DE",0.8136778934010327,0.6008404535400165,FALSE,FALSE
CambXyl_con&BB_con&BO,era_def,anomaly,0,NA,NA,NA,NA,0,0,0,,NA,NA,TRUE,FALSE
CambXyl_con&BB_con&BO,geo_db,anomaly,23,-0.23321084925507388,0.2842041058455369,-0.2075098814229249,0.34207075853531943,17,1,1,HR,0.4952837536225219,0.5783146862513057,FALSE,FALSE
CambXyl_con&BB_con&BO,ips_acu,anomaly,0,NA,NA,NA,NA,0,0,0,,NA,NA,TRUE,FALSE
CambXyl_con&BB_con&BO,ips_ami,anomaly,0,NA,NA,NA,NA,0,0,0,,NA,NA,TRUE,FALSE
CambXyl_con&BB_con&BO,ips_cem,anomaly,46,0.06366396303094235,0.6742416404677085,0.11119333950046253,0.4619246943373254,18,2,1,DE,0.821253848698844,0.681645511334062,FALSE,FALSE
CambXyl_con&BB_con&BO,ips_dup,anomaly,0,NA,NA,NA,NA,0,0,0,,NA,NA,TRUE,FALSE
CambXyl_con&BB_con&BO,ips_sex,anomaly,0,NA,NA,NA,NA,0,0,0,,NA,NA,TRUE,FALSE
CambXyl_con&BB_con&BO,ips_typ,anomaly,195,0.20947958576678025,0.003291709813425326,0.17591318843159784,0.013897018840896535,153,9,3,"AT,DE,HR",0.019568955833132444,0.06263048355998642,FALSE,FALSE
CambXyl_con&BB_con&BO,lym_dis,anomaly,153,0.12220437427860686,0.13236665433698003,0.07778470239770549,0.3392227058895967,69,7,3,"AT,DE,HR",0.30444330497505406,0.5771978184396964,FALSE,FALSE
CambXyl_con&BB_con&BO,lym_mon,anomaly,0,NA,NA,NA,NA,0,0,0,,NA,NA,TRUE,FALSE
CambXyl_con&BB_con&BO,mel_spp,anomaly,46,0.10040450064168445,0.5067437975567468,0.07271045328399629,0.6310772911493783,21,2,1,DE,0.7102265309218811,0.8082812711177635,FALSE,FALSE
CambXyl_con&BB_con&BO,neo_ser,anomaly,0,NA,NA,NA,NA,0,0,0,,NA,NA,TRUE,FALSE
CambXyl_con&BB_con&BO,ope_spp,anomaly,0,NA,NA,NA,NA,0,0,0,,NA,NA,TRUE,FALSE
CambXyl_con&BB_con&BO,pan_fla,anomaly,0,NA,NA,NA,NA,0,0,0,,NA,NA,TRUE,FALSE
CambXyl_con&BB_con&BO,pha_cya,anomaly,151,0.2597296691687319,0.0012794761949353607,0.22080515859184388,0.006440603173782595,89,7,2,"AT,DE",0.009482340244687618,0.036405782346720254,FALSE,FALSE
CambXyl_con&BB_con&BO,pis_pin,anomaly,0,NA,NA,NA,NA,0,0,0,,NA,NA,TRUE,FALSE
CambXyl_con&BB_con&BO,pit_bid,anomaly,0,NA,NA,NA,NA,0,0,0,,NA,NA,TRUE,FALSE
CambXyl_con&BB_con&BO,pit_cha,anomaly,172,0.12521152170918756,0.1017126410477075,0.12957080158387632,0.09025333645289284,133,8,2,"AT,DE",0.2585514891609833,0.24176295347019888,FALSE,FALSE
CambXyl_con&BB_con&BO,pit_spp,anomaly,174,0.2799041989895398,1.835608751581933e-4,0.25359605911330046,7.343641818667022e-4,131,8,3,"AT,DE,HR",0.0019130484957892958,0.006619201477095816,FALSE,FALSE
CambXyl_con&BB_con&BO,pol_pol,anomaly,0,NA,NA,NA,NA,0,0,0,,NA,NA,TRUE,FALSE
CambXyl_con&BB_con&BO,pri_abi,anomaly,0,NA,NA,NA,NA,0,0,0,,NA,NA,TRUE,FALSE
CambXyl_con&BB_con&BO,sap_car,anomaly,0,NA,NA,NA,NA,0,0,0,,NA,NA,TRUE,FALSE
CambXyl_con&BB_con&BO,sco_int,anomaly,46,0.36996686162351783,0.01138401633533802,0.4046253469010176,0.00528460895214149,10,2,1,DE,0.04867396727993884,0.031404644771310664,FALSE,FALSE
CambXyl_con&BB_con&BO,sco_rat,anomaly,0,NA,NA,NA,NA,0,0,0,,NA,NA,TRUE,FALSE
CambXyl_con&BB_con&BO,sco_sco,anomaly,0,NA,NA,NA,NA,0,0,0,,NA,NA,TRUE,FALSE
CambXyl_con&BB_con&BO,tet_gab,anomaly,130,-0.010494847695752596,0.9056657619414114,-5.9812369416488e-4,0.9946112930325454,85,6,2,"AT,DE",0.9513056113620809,0.9996754496624393,FALSE,FALSE
CambXyl_con&BB_con&BO,tet_spp,anomaly,46,0.057879763089422186,0.7024044122657229,0.09084181313598519,0.5482351994670362,17,2,1,DE,0.8336365533473971,0.7426334006841191,FALSE,FALSE
CambXyl_con&BB_con&BO,tha_pit,anomaly,23,-0.7347786616248951,6.524413779562184e-5,-0.6393280632411067,0.0010219319257502618,19,1,1,HR,8.532909786211719e-4,0.008520357430942808,FALSE,FALSE
CambXyl_con&BB_con&BO,tha_pro,anomaly,46,-0.18289777297763385,0.22374548946510975,-0.2559975331483194,0.08593858854613168,18,2,1,DE,0.4239722769125801,0.23396342269497888,FALSE,FALSE
CambXyl_con&BB_con&BO,tom_spp,anomaly,172,0.5955525224846538,6.877048306276182e-18,0.6056864839878968,1.3405393024210251e-18,135,8,2,"AT,DE",1.1467478050715534e-15,1.8330859890132247e-16,FALSE,FALSE
CambXyl_con&BB_con&BO,tor_vir,anomaly,0,NA,NA,NA,NA,0,0,0,,NA,NA,TRUE,FALSE
CambXyl_con&BB_con&BO,uro_sir_spp,anomaly,0,NA,NA,NA,NA,0,0,0,,NA,NA,TRUE,FALSE
CambXyl_con&BB_con&BO,xyl_lin,anomaly,0,NA,NA,NA,NA,0,0,0,,NA,NA,TRUE,FALSE
CambXyl_con&BB_con&BO,xyl_spp,anomaly,23,-0.2677381902427868,0.21678444932920676,-0.26778656126482214,0.21669824664481446,1,1,1,DE,0.41790528237740143,0.436669880701182,FALSE,FALSE
CambXyl_con&BB_con&BO,zei_gri,anomaly,0,NA,NA,NA,NA,0,0,0,,NA,NA,TRUE,FALSE
CambXyl_con&BB_con&SM,CambXyl_con&BO,anomaly,23,-0.12943658446773562,0.5561137121550095,0.026186770330273487,0.9055893548695654,4,1,1,DE,0.7345105861532502,0.9683417419230814,FALSE,FALSE
CambXyl_con&BB_con&SM,CambXyl_con&MD,anomaly,23,0.07399601985123914,0.7372155912037656,0.015275616025992868,0.9448482395015261,10,1,1,DE,0.859631820262919,0.9796585152110951,FALSE,FALSE
CambXyl_con&BB_con&SM,Def_dec,anomaly,0,NA,NA,NA,NA,0,0,0,,NA,NA,TRUE,FALSE
CambXyl_con&BB_con&SM,Def_dec&DB,anomaly,46,0.02356412453605991,0.8764722210262331,0.0385566314831744,0.7991853010159119,14,2,1,DE,0.9368701465136178,0.9168881266956617,FALSE,FALSE
CambXyl_con&BB_con&SM,agr_big,anomaly,46,0.055579089763661105,0.7137193537340907,-0.0010727704340654086,0.9943545011036581,18,2,1,DE,0.8415401247508911,0.9996754496624393,FALSE,FALSE
CambXyl_con&BB_con&SM,agr_vir,anomaly,46,0.1959179625156447,0.19192707237281617,0.0911911109426182,0.5466916214658607,13,2,1,DE,0.3902907233922817,0.7426334006841191,FALSE,FALSE
CambXyl_con&BB_con&SM,bup_pin,anomaly,0,NA,NA,NA,NA,0,0,0,,NA,NA,TRUE,FALSE
CambXyl_con&BB_con&SM,cep_spp,anomaly,0,NA,NA,NA,NA,0,0,0,,NA,NA,TRUE,FALSE
CambXyl_con&BB_con&SM,clo_ana,anomaly,0,NA,NA,NA,NA,0,0,0,,NA,NA,TRUE,FALSE
CambXyl_con&BB_con&SM,den_mic,anomaly,0,NA,NA,NA,NA,0,0,0,,NA,NA,TRUE,FALSE
CambXyl_con&BB_con&SM,den_pin,anomaly,0,NA,NA,NA,NA,0,0,0,,NA,NA,TRUE,FALSE
CambXyl_con&BB_con&SM,dip_sp,anomaly,23,-0.17291737220133657,0.43010774975842003,0.15384727569035675,0.4833842920436484,1,1,1,DE,0.6375152646419249,0.7024342544512276,FALSE,FALSE
CambXyl_con&BB_con&SM,era_def,anomaly,0,NA,NA,NA,NA,0,0,0,,NA,NA,TRUE,FALSE
CambXyl_con&BB_con&SM,geo_db,anomaly,0,NA,NA,NA,NA,0,0,0,,NA,NA,TRUE,FALSE
CambXyl_con&BB_con&SM,ips_acu,anomaly,0,NA,NA,NA,NA,0,0,0,,NA,NA,TRUE,FALSE
CambXyl_con&BB_con&SM,ips_ami,anomaly,0,NA,NA,NA,NA,0,0,0,,NA,NA,TRUE,FALSE
CambXyl_con&BB_con&SM,ips_cem,anomaly,46,-0.1647162412218006,0.27399541305545294,-0.1309410970991602,0.38572931879868777,14,2,1,DE,0.4835323561425314,0.61907349119926,FALSE,FALSE
CambXyl_con&BB_con&SM,ips_dup,anomaly,0,NA,NA,NA,NA,0,0,0,,NA,NA,TRUE,FALSE
CambXyl_con&BB_con&SM,ips_sex,anomaly,0,NA,NA,NA,NA,0,0,0,,NA,NA,TRUE,FALSE
CambXyl_con&BB_con&SM,ips_typ,anomaly,46,-0.16810583364441287,0.26410480800931957,-0.11882510160853908,0.43156031941157824,14,2,1,DE,0.4761024511951788,0.6542062114716425,FALSE,FALSE
CambXyl_con&BB_con&SM,lym_dis,anomaly,46,0.09693243404467315,0.5216222303639091,0.05370162584645075,0.7229982987115695,14,2,1,DE,0.7191601534086285,0.8720431559504827,FALSE,FALSE
CambXyl_con&BB_con&SM,lym_mon,anomaly,0,NA,NA,NA,NA,0,0,0,,NA,NA,TRUE,FALSE
CambXyl_con&BB_con&SM,mel_spp,anomaly,46,-0.06467979913894896,0.6693394827499611,0.013946015642850314,0.9267077254880769,18,2,1,DE,0.8191732752187597,0.9769861439865156,FALSE,FALSE
CambXyl_con&BB_con&SM,neo_ser,anomaly,0,NA,NA,NA,NA,0,0,0,,NA,NA,TRUE,FALSE
CambXyl_con&BB_con&SM,ope_spp,anomaly,0,NA,NA,NA,NA,0,0,0,,NA,NA,TRUE,FALSE
CambXyl_con&BB_con&SM,pan_fla,anomaly,0,NA,NA,NA,NA,0,0,0,,NA,NA,TRUE,FALSE
CambXyl_con&BB_con&SM,pha_cya,anomaly,46,0.11510511109725033,0.44621927451389254,0.010790808483834404,0.943258720074828,17,2,1,DE,0.6541280353862996,0.9796585152110951,FALSE,FALSE
CambXyl_con&BB_con&SM,pis_pin,anomaly,0,NA,NA,NA,NA,0,0,0,,NA,NA,TRUE,FALSE
CambXyl_con&BB_con&SM,pit_bid,anomaly,0,NA,NA,NA,NA,0,0,0,,NA,NA,TRUE,FALSE
CambXyl_con&BB_con&SM,pit_cha,anomaly,46,-0.17394877751926444,0.24761982795641993,-0.028333760287962854,0.8517251225725638,11,2,1,DE,0.45624979349981243,0.9374598296301981,FALSE,FALSE
CambXyl_con&BB_con&SM,pit_spp,anomaly,46,0.08134000134184767,0.591002286510965,-0.01243151620652268,0.9346488111195437,14,2,1,DE,0.7639506300442125,0.9796585152110951,FALSE,FALSE
CambXyl_con&BB_con&SM,pol_pol,anomaly,0,NA,NA,NA,NA,0,0,0,,NA,NA,TRUE,FALSE
CambXyl_con&BB_con&SM,pri_abi,anomaly,0,NA,NA,NA,NA,0,0,0,,NA,NA,TRUE,FALSE
CambXyl_con&BB_con&SM,sap_car,anomaly,0,NA,NA,NA,NA,0,0,0,,NA,NA,TRUE,FALSE
CambXyl_con&BB_con&SM,sco_int,anomaly,46,-3.9337648377260745e-4,0.997929825506604,-0.00927630904750677,0.9512120356188829,11,2,1,DE,0.9994282186379952,0.9816445694800208,FALSE,FALSE
CambXyl_con&BB_con&SM,sco_rat,anomaly,0,NA,NA,NA,NA,0,0,0,,NA,NA,TRUE,FALSE
CambXyl_con&BB_con&SM,sco_sco,anomaly,0,NA,NA,NA,NA,0,0,0,,NA,NA,TRUE,FALSE
CambXyl_con&BB_con&SM,tet_gab,anomaly,46,-0.19512324827883834,0.19377175696781243,-0.13687288655811009,0.3643812449170948,13,2,1,DE,0.39284426108672,0.6008404535400165,FALSE,FALSE
CambXyl_con&BB_con&SM,tet_spp,anomaly,46,-0.02091719452161689,0.8902577640847061,-0.03704213204684676,0.8069196955934181,14,2,1,DE,0.9446606423594457,0.9216017756178251,FALSE,FALSE
CambXyl_con&BB_con&SM,tha_pit,anomaly,0,NA,NA,NA,NA,0,0,0,,NA,NA,TRUE,FALSE
CambXyl_con&BB_con&SM,tha_pro,anomaly,46,0.09714754597951515,0.5206941747376425,0.09888419236355855,0.5132319762608505,18,2,1,DE,0.7191601534086285,0.7185253000928159,FALSE,FALSE
CambXyl_con&BB_con&SM,tom_spp,anomaly,46,-0.17144935211540388,0.25458436590088757,-0.04549808723300939,0.7639893838812208,15,2,1,DE,0.4652267727558685,0.890576143095244,FALSE,FALSE
CambXyl_con&BB_con&SM,tor_vir,anomaly,0,NA,NA,NA,NA,0,0,0,,NA,NA,TRUE,FALSE
CambXyl_con&BB_con&SM,uro_sir_spp,anomaly,0,NA,NA,NA,NA,0,0,0,,NA,NA,TRUE,FALSE
CambXyl_con&BB_con&SM,xyl_lin,anomaly,0,NA,NA,NA,NA,0,0,0,,NA,NA,TRUE,FALSE
CambXyl_con&BB_con&SM,xyl_spp,anomaly,23,0.2158968731435313,0.3224688017789126,0.16257619913378124,0.4585963831819341,1,1,1,DE,0.5390643879361772,0.6782345622668515,FALSE,FALSE
CambXyl_con&BB_con&SM,zei_gri,anomaly,0,NA,NA,NA,NA,0,0,0,,NA,NA,TRUE,FALSE
CambXyl_con&BO,CambXyl_con&MD,anomaly,23,-0.05302800189621794,0.8100977717411957,-0.11067193675889328,0.6151653144002206,6,1,1,DE,0.8990602558259193,0.7967286693299944,FALSE,FALSE
CambXyl_con&BO,Def_dec,anomaly,0,NA,NA,NA,NA,0,0,0,,NA,NA,TRUE,FALSE
CambXyl_con&BO,Def_dec&DB,anomaly,23,-0.09411813268424747,0.6692675159278836,0.028656126482213436,0.8967308659954059,3,1,1,DE,0.8191732752187597,0.9658734399343119,FALSE,FALSE
CambXyl_con&BO,agr_big,anomaly,23,-0.557436286942895,0.00571931572866196,-0.44565217391304346,0.03307031065047676,6,1,1,DE,0.02998160505843642,0.11609419580983157,FALSE,FALSE
CambXyl_con&BO,agr_vir,anomaly,23,-0.22502145202270438,0.30193210790823277,-0.09735606919401477,0.6585484485154256,4,1,1,DE,0.5177087814261986,0.8272162244063821,FALSE,FALSE
CambXyl_con&BO,bup_pin,anomaly,0,NA,NA,NA,NA,0,0,0,,NA,NA,TRUE,FALSE
CambXyl_con&BO,cep_spp,anomaly,0,NA,NA,NA,NA,0,0,0,,NA,NA,TRUE,FALSE
CambXyl_con&BO,clo_ana,anomaly,0,NA,NA,NA,NA,0,0,0,,NA,NA,TRUE,FALSE
CambXyl_con&BO,den_mic,anomaly,0,NA,NA,NA,NA,0,0,0,,NA,NA,TRUE,FALSE
CambXyl_con&BO,den_pin,anomaly,0,NA,NA,NA,NA,0,0,0,,NA,NA,TRUE,FALSE
CambXyl_con&BO,dip_sp,anomaly,23,-0.29321875186860613,0.17450274771242752,-0.18478260869565216,0.3986298380742026,0,1,1,DE,0.3614699774043142,0.6286239258375603,FALSE,FALSE
CambXyl_con&BO,era_def,anomaly,0,NA,NA,NA,NA,0,0,0,,NA,NA,TRUE,FALSE
CambXyl_con&BO,geo_db,anomaly,0,NA,NA,NA,NA,0,0,0,,NA,NA,TRUE,FALSE
CambXyl_con&BO,ips_acu,anomaly,0,NA,NA,NA,NA,0,0,0,,NA,NA,TRUE,FALSE
CambXyl_con&BO,ips_ami,anomaly,0,NA,NA,NA,NA,0,0,0,,NA,NA,TRUE,FALSE
CambXyl_con&BO,ips_cem,anomaly,23,0.15671516850078746,0.47516675978157386,0.18972332015810275,0.38591224597759055,6,1,1,DE,0.6811004772863279,0.61907349119926,FALSE,FALSE
CambXyl_con&BO,ips_dup,anomaly,0,NA,NA,NA,NA,0,0,0,,NA,NA,TRUE,FALSE
CambXyl_con&BO,ips_sex,anomaly,0,NA,NA,NA,NA,0,0,0,,NA,NA,TRUE,FALSE
CambXyl_con&BO,ips_typ,anomaly,46,-0.0014940233536821234,0.9921376996536722,-0.07431390687634905,0.6235466077695238,29,2,2,"DE,SI",0.9968180322857605,0.8044595500624223,FALSE,FALSE
CambXyl_con&BO,lym_dis,anomaly,23,-0.2744207144400042,0.20509133325549483,-0.18577075098814227,0.39606780480954484,4,1,1,DE,0.4055637125085324,0.6286239258375603,FALSE,FALSE
CambXyl_con&BO,lym_mon,anomaly,0,NA,NA,NA,NA,0,0,0,,NA,NA,TRUE,FALSE
CambXyl_con&BO,mel_spp,anomaly,23,-0.5954852590450217,0.0027185447057191344,-0.44861660079051385,0.03178338134331046,6,1,1,DE,0.01648426653376966,0.11459197489723286,FALSE,FALSE
CambXyl_con&BO,neo_ser,anomaly,0,NA,NA,NA,NA,0,0,0,,NA,NA,TRUE,FALSE
CambXyl_con&BO,ope_spp,anomaly,0,NA,NA,NA,NA,0,0,0,,NA,NA,TRUE,FALSE
CambXyl_con&BO,pan_fla,anomaly,0,NA,NA,NA,NA,0,0,0,,NA,NA,TRUE,FALSE
CambXyl_con&BO,pha_cya,anomaly,23,-0.33695889251620104,0.11588939449390633,-0.23122529644268774,0.2884410695828934,5,1,1,DE,0.27805117312027167,0.5270964203062737,FALSE,FALSE
CambXyl_con&BO,pis_pin,anomaly,0,NA,NA,NA,NA,0,0,0,,NA,NA,TRUE,FALSE
CambXyl_con&BO,pit_bid,anomaly,0,NA,NA,NA,NA,0,0,0,,NA,NA,TRUE,FALSE
CambXyl_con&BO,pit_cha,anomaly,46,-0.06330759457994724,0.6759645621224368,-0.09762565525747763,0.5186344171528875,15,2,2,"DE,SI",0.821253848698844,0.719187435012424,FALSE,FALSE
CambXyl_con&BO,pit_spp,anomaly,46,0.11564592590147259,0.4440713016111131,-0.046931853222325,0.7567753872144074,29,2,2,"DE,SI",0.6538533293037802,0.8855599706526487,FALSE,FALSE
CambXyl_con&BO,pol_pol,anomaly,0,NA,NA,NA,NA,0,0,0,,NA,NA,TRUE,FALSE
CambXyl_con&BO,pri_abi,anomaly,0,NA,NA,NA,NA,0,0,0,,NA,NA,TRUE,FALSE
CambXyl_con&BO,sap_car,anomaly,0,NA,NA,NA,NA,0,0,0,,NA,NA,TRUE,FALSE
CambXyl_con&BO,sco_int,anomaly,23,-0.1388714678200662,0.5274279078873387,-0.09980237154150197,0.6504928119104102,4,1,1,DE,0.7194159806970448,0.8217399726216734,FALSE,FALSE
CambXyl_con&BO,sco_rat,anomaly,0,NA,NA,NA,NA,0,0,0,,NA,NA,TRUE,FALSE
CambXyl_con&BO,sco_sco,anomaly,0,NA,NA,NA,NA,0,0,0,,NA,NA,TRUE,FALSE
CambXyl_con&BO,tet_gab,anomaly,23,0.06606578260516348,0.7645596963796174,0.045454545454545456,0.8368364960931192,6,1,1,DE,0.8777372817928796,0.9374598296301981,FALSE,FALSE
CambXyl_con&BO,tet_spp,anomaly,23,-0.19710576029964028,0.3673439909108027,-0.2490118577075099,0.2518846223428404,5,1,1,DE,0.5842285596638295,0.48138091300826136,FALSE,FALSE
CambXyl_con&BO,tha_pit,anomaly,0,NA,NA,NA,NA,0,0,0,,NA,NA,TRUE,FALSE
CambXyl_con&BO,tha_pro,anomaly,23,0.26734171260033757,0.21749187919034285,0.28952569169960474,0.1802469820479305,6,1,1,DE,0.4180607591353276,0.3878217323418376,FALSE,FALSE
CambXyl_con&BO,tom_spp,anomaly,23,-0.10071239360878208,0.6475056916263404,0.1600790513833992,0.4656193711578118,3,1,1,DE,0.8087758357954478,0.6848938791281023,FALSE,FALSE
CambXyl_con&BO,tor_vir,anomaly,0,NA,NA,NA,NA,0,0,0,,NA,NA,TRUE,FALSE
CambXyl_con&BO,uro_sir_spp,anomaly,0,NA,NA,NA,NA,0,0,0,,NA,NA,TRUE,FALSE
CambXyl_con&BO,xyl_lin,anomaly,0,NA,NA,NA,NA,0,0,0,,NA,NA,TRUE,FALSE
CambXyl_con&BO,xyl_spp,anomaly,23,0.36002209064071977,0.09151780097320092,0.33992094861660077,0.11251980895696757,2,1,1,DE,0.23844677050439458,0.28428300217536884,FALSE,FALSE
CambXyl_con&BO,zei_gri,anomaly,0,NA,NA,NA,NA,0,0,0,,NA,NA,TRUE,FALSE
CambXyl_con&MD,Def_dec,anomaly,0,NA,NA,NA,NA,0,0,0,,NA,NA,TRUE,FALSE
CambXyl_con&MD,Def_dec&DB,anomaly,184,0.190515200239732,0.009585532616473748,0.19479493748916413,0.008055087894511852,88,8,2,"CZ,DE",0.04409345003577924,0.04264082242570957,FALSE,FALSE
CambXyl_con&MD,agr_big,anomaly,23,-0.07361294812839098,0.7385296852967573,-0.17687747035573123,0.4194562721219227,15,1,1,DE,0.859631820262919,0.6463353657074454,FALSE,FALSE
CambXyl_con&MD,agr_vir,anomaly,23,0.03627436721343458,0.8694809160832919,0.05683222313356191,0.7967418194921408,13,1,1,DE,0.9338869098672395,0.9162530924159623,FALSE,FALSE
CambXyl_con&MD,bup_pin,anomaly,0,NA,NA,NA,NA,0,0,0,,NA,NA,TRUE,FALSE
CambXyl_con&MD,cep_spp,anomaly,138,0.018338298814288476,0.8309489386904412,0.02452344693588195,0.775255122307303,76,6,1,CZ,0.9071079248879285,0.8977346641996026,FALSE,FALSE
CambXyl_con&MD,clo_ana,anomaly,0,NA,NA,NA,NA,0,0,0,,NA,NA,TRUE,FALSE
CambXyl_con&MD,den_mic,anomaly,0,NA,NA,NA,NA,0,0,0,,NA,NA,TRUE,FALSE
CambXyl_con&MD,den_pin,anomaly,0,NA,NA,NA,NA,0,0,0,,NA,NA,TRUE,FALSE
CambXyl_con&MD,dip_sp,anomaly,23,0.13412031622433215,0.5417855016206186,0.07312252964426878,0.740213056160361,3,1,1,DE,0.7271044860783754,0.8848066459838007,FALSE,FALSE
CambXyl_con&MD,era_def,anomaly,0,NA,NA,NA,NA,0,0,0,,NA,NA,TRUE,FALSE
CambXyl_con&MD,geo_db,anomaly,0,NA,NA,NA,NA,0,0,0,,NA,NA,TRUE,FALSE
CambXyl_con&MD,ips_acu,anomaly,161,0.18333753262490912,0.0199156089287369,0.14131297446514837,0.07376418960143419,117,7,1,CZ,0.07678445754605498,0.21116186465303263,FALSE,FALSE
CambXyl_con&MD,ips_ami,anomaly,0,NA,NA,NA,NA,0,0,0,,NA,NA,TRUE,FALSE
CambXyl_con&MD,ips_cem,anomaly,23,-0.4206495921524469,0.045640844046154073,-0.2381422924901186,0.27385067288094017,11,1,1,DE,0.13964423384763655,0.5109159618564569,FALSE,FALSE
CambXyl_con&MD,ips_dup,anomaly,161,-0.07656999466624699,0.33433838515423575,-0.08241603404646883,0.2986357962725599,118,7,1,CZ,0.5519893636086021,0.5347294890435709,FALSE,FALSE
CambXyl_con&MD,ips_sex,anomaly,161,0.13552930330270047,0.08649328956492812,0.07535081665516448,0.34211412685352105,115,7,1,CZ,0.23011056597223478,0.5783146862513057,FALSE,FALSE
CambXyl_con&MD,ips_typ,anomaly,184,-0.17576204258899492,0.01700898850691709,-0.1313575157481073,0.07550461567746515,137,8,2,"CZ,DE",0.06673526667125705,0.21328150875654636,FALSE,FALSE
CambXyl_con&MD,lym_dis,anomaly,23,0.0910547107702099,0.6794667066578622,-0.08201581027667984,0.7098728079837815,12,1,1,DE,0.8219381142042448,0.864024019936464,FALSE,FALSE
CambXyl_con&MD,lym_mon,anomaly,115,0.05783029774228135,0.5392813312055045,0.011765170046555671,0.9006871039838611,70,5,1,CZ,0.7271044860783754,0.9665782850963094,FALSE,FALSE
CambXyl_con&MD,mel_spp,anomaly,23,-0.007556817763519687,0.9727013039299942,0.025691699604743084,0.9073666997030374,15,1,1,DE,0.9845095139928772,0.9683417419230814,FALSE,FALSE
CambXyl_con&MD,neo_ser,anomaly,0,NA,NA,NA,NA,0,0,0,,NA,NA,TRUE,FALSE
CambXyl_con&MD,ope_spp,anomaly,0,NA,NA,NA,NA,0,0,0,,NA,NA,TRUE,FALSE
CambXyl_con&MD,pan_fla,anomaly,0,NA,NA,NA,NA,0,0,0,,NA,NA,TRUE,FALSE
CambXyl_con&MD,pha_cya,anomaly,184,-0.10107156250733308,0.17220379942217234,-0.06846911059313054,0.35573877873733184,124,8,2,"CZ,DE",0.35893729442059047,0.5931944135445009,FALSE,FALSE
CambXyl_con&MD,pis_pin,anomaly,0,NA,NA,NA,NA,0,0,0,,NA,NA,TRUE,FALSE
CambXyl_con&MD,pit_bid,anomaly,0,NA,NA,NA,NA,0,0,0,,NA,NA,TRUE,FALSE
CambXyl_con&MD,pit_cha,anomaly,23,-0.4738884675882944,0.022352120214921653,-0.5217391304347826,0.010667373110931072,11,1,1,DE,0.083338094559756,0.05362830257403454,FALSE,FALSE
CambXyl_con&MD,pit_spp,anomaly,161,0.02695321129288177,0.7343123430397952,0.04198585231193926,0.5969282509630256,113,7,2,"CZ,DE",0.8592742680834096,0.7776389519381603,FALSE,FALSE
CambXyl_con&MD,pol_pol,anomaly,161,0.08939096629906898,0.25946121690750956,0.060533126293995855,0.44558604030052695,109,7,1,CZ,0.4700487122862374,0.6694894331393745,FALSE,FALSE
CambXyl_con&MD,pri_abi,anomaly,138,0.02017850713998128,0.8142773717091926,0.0643463648630445,0.45337485080408035,77,6,1,CZ,0.8992102763742241,0.6777599954418813,FALSE,FALSE
CambXyl_con&MD,sap_car,anomaly,0,NA,NA,NA,NA,0,0,0,,NA,NA,TRUE,FALSE
CambXyl_con&MD,sco_int,anomaly,184,0.2649870574978318,2.7780207065243237e-4,0.2648725703608098,2.7956286170186196e-4,80,8,2,"CZ,DE",0.0026097743820446815,0.003132290713047735,FALSE,FALSE
CambXyl_con&MD,sco_rat,anomaly,161,0.16431122351170105,0.03726869416068005,0.20885955831608005,0.007840299053967567,65,7,1,CZ,0.1218540147312431,0.04183583575197094,FALSE,FALSE
CambXyl_con&MD,sco_sco,anomaly,0,NA,NA,NA,NA,0,0,0,,NA,NA,TRUE,FALSE
CambXyl_con&MD,tet_gab,anomaly,23,-0.50375149344623,0.014257225376528989,-0.6600790513833992,6.095185302205128e-4,11,1,1,DE,0.05798517881795632,0.005646511939681695,FALSE,FALSE
CambXyl_con&MD,tet_spp,anomaly,23,-0.19646887013287093,0.36892523011832223,-0.3616600790513834,0.08994509168798827,12,1,1,DE,0.5842285596638295,0.24176295347019888,FALSE,FALSE
CambXyl_con&MD,tha_pit,anomaly,0,NA,NA,NA,NA,0,0,0,,NA,NA,TRUE,FALSE
CambXyl_con&MD,tha_pro,anomaly,23,0.24143975609290294,0.2670627685793768,0.31225296442687744,0.1469017639625557,15,1,1,DE,0.47884641570549547,0.3394721217864927,FALSE,FALSE
CambXyl_con&MD,tom_spp,anomaly,184,-0.03638650349989989,0.623872528838732,0.00833927298645759,0.9105455278451988,132,8,2,"CZ,DE",0.7910811474890441,0.9687730696448531,FALSE,FALSE
CambXyl_con&MD,tor_vir,anomaly,0,NA,NA,NA,NA,0,0,0,,NA,NA,TRUE,FALSE
CambXyl_con&MD,uro_sir_spp,anomaly,0,NA,NA,NA,NA,0,0,0,,NA,NA,TRUE,FALSE
CambXyl_con&MD,xyl_lin,anomaly,0,NA,NA,NA,NA,0,0,0,,NA,NA,TRUE,FALSE
CambXyl_con&MD,xyl_spp,anomaly,23,0.30554296619648924,0.15625308837421842,0.44960474308300397,0.03136335305387773,5,1,1,DE,0.33404105751796054,0.11369215482030678,FALSE,FALSE
CambXyl_con&MD,zei_gri,anomaly,115,-0.026355702797778383,0.7797886871213795,-0.05277881928336392,0.5753447946616737,50,5,1,CZ,0.8860866842396938,0.7599108476026463,FALSE,FALSE
Def_dec,Def_dec&DB,anomaly,0,NA,NA,NA,NA,0,0,0,,NA,NA,TRUE,FALSE
Def_dec,agr_big,anomaly,0,NA,NA,NA,NA,0,0,0,,NA,NA,TRUE,FALSE
Def_dec,agr_vir,anomaly,0,NA,NA,NA,NA,0,0,0,,NA,NA,TRUE,FALSE
Def_dec,bup_pin,anomaly,0,NA,NA,NA,NA,0,0,0,,NA,NA,TRUE,FALSE
Def_dec,cep_spp,anomaly,0,NA,NA,NA,NA,0,0,0,,NA,NA,TRUE,FALSE
Def_dec,clo_ana,anomaly,0,NA,NA,NA,NA,0,0,0,,NA,NA,TRUE,FALSE
Def_dec,den_mic,anomaly,0,NA,NA,NA,NA,0,0,0,,NA,NA,TRUE,FALSE
Def_dec,den_pin,anomaly,0,NA,NA,NA,NA,0,0,0,,NA,NA,TRUE,FALSE
Def_dec,dip_sp,anomaly,0,NA,NA,NA,NA,0,0,0,,NA,NA,TRUE,FALSE
Def_dec,era_def,anomaly,0,NA,NA,NA,NA,0,0,0,,NA,NA,TRUE,FALSE
Def_dec,geo_db,anomaly,0,NA,NA,NA,NA,0,0,0,,NA,NA,TRUE,FALSE
Def_dec,ips_acu,anomaly,0,NA,NA,NA,NA,0,0,0,,NA,NA,TRUE,FALSE
Def_dec,ips_ami,anomaly,0,NA,NA,NA,NA,0,0,0,,NA,NA,TRUE,FALSE
Def_dec,ips_cem,anomaly,0,NA,NA,NA,NA,0,0,0,,NA,NA,TRUE,FALSE
Def_dec,ips_dup,anomaly,0,NA,NA,NA,NA,0,0,0,,NA,NA,TRUE,FALSE
Def_dec,ips_sex,anomaly,0,NA,NA,NA,NA,0,0,0,,NA,NA,TRUE,FALSE
Def_dec,ips_typ,anomaly,0,NA,NA,NA,NA,0,0,0,,NA,NA,TRUE,FALSE
Def_dec,lym_dis,anomaly,0,NA,NA,NA,NA,0,0,0,,NA,NA,TRUE,FALSE
Def_dec,lym_mon,anomaly,0,NA,NA,NA,NA,0,0,0,,NA,NA,TRUE,FALSE
Def_dec,mel_spp,anomaly,0,NA,NA,NA,NA,0,0,0,,NA,NA,TRUE,FALSE
Def_dec,neo_ser,anomaly,0,NA,NA,NA,NA,0,0,0,,NA,NA,TRUE,FALSE
Def_dec,ope_spp,anomaly,0,NA,NA,NA,NA,0,0,0,,NA,NA,TRUE,FALSE
Def_dec,pan_fla,anomaly,0,NA,NA,NA,NA,0,0,0,,NA,NA,TRUE,FALSE
Def_dec,pha_cya,anomaly,0,NA,NA,NA,NA,0,0,0,,NA,NA,TRUE,FALSE
Def_dec,pis_pin,anomaly,0,NA,NA,NA,NA,0,0,0,,NA,NA,TRUE,FALSE
Def_dec,pit_bid,anomaly,0,NA,NA,NA,NA,0,0,0,,NA,NA,TRUE,FALSE
Def_dec,pit_cha,anomaly,0,NA,NA,NA,NA,0,0,0,,NA,NA,TRUE,FALSE
Def_dec,pit_spp,anomaly,0,NA,NA,NA,NA,0,0,0,,NA,NA,TRUE,FALSE
Def_dec,pol_pol,anomaly,0,NA,NA,NA,NA,0,0,0,,NA,NA,TRUE,FALSE
Def_dec,pri_abi,anomaly,0,NA,NA,NA,NA,0,0,0,,NA,NA,TRUE,FALSE
Def_dec,sap_car,anomaly,0,NA,NA,NA,NA,0,0,0,,NA,NA,TRUE,FALSE
Def_dec,sco_int,anomaly,0,NA,NA,NA,NA,0,0,0,,NA,NA,TRUE,FALSE
Def_dec,sco_rat,anomaly,0,NA,NA,NA,NA,0,0,0,,NA,NA,TRUE,FALSE
Def_dec,sco_sco,anomaly,0,NA,NA,NA,NA,0,0,0,,NA,NA,TRUE,FALSE
Def_dec,tet_gab,anomaly,0,NA,NA,NA,NA,0,0,0,,NA,NA,TRUE,FALSE
Def_dec,tet_spp,anomaly,0,NA,NA,NA,NA,0,0,0,,NA,NA,TRUE,FALSE
Def_dec,tha_pit,anomaly,0,NA,NA,NA,NA,0,0,0,,NA,NA,TRUE,FALSE
Def_dec,tha_pro,anomaly,0,NA,NA,NA,NA,0,0,0,,NA,NA,TRUE,FALSE
Def_dec,tom_spp,anomaly,0,NA,NA,NA,NA,0,0,0,,NA,NA,TRUE,FALSE
Def_dec,tor_vir,anomaly,0,NA,NA,NA,NA,0,0,0,,NA,NA,TRUE,FALSE
Def_dec,uro_sir_spp,anomaly,0,NA,NA,NA,NA,0,0,0,,NA,NA,TRUE,FALSE
Def_dec,xyl_lin,anomaly,0,NA,NA,NA,NA,0,0,0,,NA,NA,TRUE,FALSE
Def_dec,xyl_spp,anomaly,0,NA,NA,NA,NA,0,0,0,,NA,NA,TRUE,FALSE
Def_dec,zei_gri,anomaly,0,NA,NA,NA,NA,0,0,0,,NA,NA,TRUE,FALSE
Def_dec&DB,agr_big,anomaly,92,0.07185125853842664,0.49610518967023765,0.06533298398656041,0.5360839918919069,37,4,1,DE,0.7025523598939458,0.7327213577702909,FALSE,FALSE
Def_dec&DB,agr_vir,anomaly,46,0.10308068458030967,0.495424703517104,0.07875909722639307,0.6028691942607167,15,2,1,DE,0.7025523598939458,0.7838474709003861,FALSE,FALSE
Def_dec&DB,bup_pin,anomaly,69,0.19257668231582997,0.11289444249326226,0.12535622944830108,0.30474114453512496,14,3,1,DE,0.2742497942431649,0.5397300360840089,FALSE,FALSE
Def_dec&DB,cep_spp,anomaly,138,-0.14821240852959486,0.08276568347038606,-0.1394304423170445,0.10288703550772221,73,6,1,CZ,0.223131113953798,0.2680689557955106,FALSE,FALSE
Def_dec&DB,clo_ana,anomaly,0,NA,NA,NA,NA,0,0,0,,NA,NA,TRUE,FALSE
Def_dec&DB,den_mic,anomaly,0,NA,NA,NA,NA,0,0,0,,NA,NA,TRUE,FALSE
Def_dec&DB,den_pin,anomaly,23,-0.4916416133935275,0.017188349572130827,-0.5148221343873518,0.011947654542326483,4,1,1,DE,0.06704461499772668,0.05692203985522688,FALSE,FALSE
Def_dec&DB,dip_sp,anomaly,109,-0.04054075439263499,0.6755447664351788,0.022194421276990083,0.8188119103109519,40,5,2,"AT,DE",0.821253848698844,0.9304046749189182,FALSE,FALSE
Def_dec&DB,era_def,anomaly,23,-0.6072676970892451,0.0021190337964760715,-0.5193319876916198,0.011099440228631673,0,1,1,DE,0.013209304133173267,0.05405049983685317,FALSE,FALSE
Def_dec&DB,geo_db,anomaly,0,NA,NA,NA,NA,0,0,0,,NA,NA,TRUE,FALSE
Def_dec&DB,ips_acu,anomaly,184,0.03912967272679833,0.5979397443104604,0.005089480071661112,0.9453342592775928,98,8,2,"CZ,DE",0.7655005939636796,0.9796585152110951,FALSE,FALSE
Def_dec&DB,ips_ami,anomaly,0,NA,NA,NA,NA,0,0,0,,NA,NA,TRUE,FALSE
Def_dec&DB,ips_cem,anomaly,115,0.14478946352684244,0.12261757888462797,0.15406770299060998,0.10018152952766053,54,5,1,DE,0.285964773133031,0.26411494148201414,FALSE,FALSE
Def_dec&DB,ips_dup,anomaly,184,0.07385827402952205,0.31905753615314447,0.054050201306081555,0.46617964186530503,96,8,1,CZ,0.5347019512918275,0.6848938791281023,FALSE,FALSE
Def_dec&DB,ips_sex,anomaly,184,0.0655151168421495,0.37692094175057866,0.05378243532199341,0.46839449918150733,95,8,2,"CZ,DE",0.5887734617040655,0.6866354526462976,FALSE,FALSE
Def_dec&DB,ips_typ,anomaly,404,-0.05629030075148551,0.2589777554595414,-0.07655928537436042,0.1244623385344183,237,18,3,"AT,CZ,DE",0.4700487122862374,0.30633350480611443,FALSE,FALSE
Def_dec&DB,lym_dis,anomaly,153,0.34608290458701585,1.1765459905085838e-5,0.30952716014635523,9.88920980092735e-5,59,7,2,"AT,DE",1.868467084926727e-4,0.001293353517101675,FALSE,FALSE
Def_dec&DB,lym_mon,anomaly,138,-0.008228010191878011,0.9236955701130795,-0.04718611654630595,0.5826104678663582,63,6,2,"CZ,DE",0.9611621611005055,0.7634600826460921,FALSE,FALSE
Def_dec&DB,mel_spp,anomaly,115,0.14012013483091748,0.13528416978590435,0.1130355874694232,0.22905811067050041,40,5,1,DE,0.30692020832380346,0.4518401516774604,FALSE,FALSE
Def_dec&DB,neo_ser,anomaly,0,NA,NA,NA,NA,0,0,0,,NA,NA,TRUE,FALSE
Def_dec&DB,ope_spp,anomaly,0,NA,NA,NA,NA,0,0,0,,NA,NA,TRUE,FALSE
Def_dec&DB,pan_fla,anomaly,46,0.29908944908961266,0.04346868697800808,0.19173604687018192,0.20177499420628153,8,2,1,DE,0.13485401960154134,0.41727922918594357,FALSE,FALSE
Def_dec&DB,pha_cya,anomaly,360,0.0978480566371272,0.0636630662905695,0.08445564137583367,0.10966083797363212,174,16,3,"AT,CZ,DE",0.1822457734584114,0.28132222664774087,FALSE,FALSE
Def_dec&DB,pis_pin,anomaly,46,0.23729964790429217,0.11230286619353218,0.32852297255627505,0.025806964405738257,10,2,1,DE,0.2742497942431649,0.09949852750651686,FALSE,FALSE
Def_dec&DB,pit_bid,anomaly,23,-0.16052629665290652,0.46435748317879866,0.05830039525691699,0.7916018249847689,4,1,1,DE,0.6747852751203893,0.9150752465595163,FALSE,FALSE
Def_dec&DB,pit_cha,anomaly,220,0.04332561736350693,0.5226523922137998,0.06146295284087387,0.36424411295796444,119,10,2,"AT,DE",0.7191601534086285,0.6008404535400165,FALSE,FALSE
Def_dec&DB,pit_spp,anomaly,268,-0.07184253253501441,0.24114457324225871,-0.05547593056811925,0.36566040348670736,150,12,3,"AT,CZ,DE",0.449283325007225,0.6008404535400165,FALSE,FALSE
Def_dec&DB,pol_pol,anomaly,184,-0.030392870334747118,0.6821331044914007,-0.013914199302652615,0.851296674327746,90,8,1,CZ,0.8225650733992571,0.9374598296301981,FALSE,FALSE
Def_dec&DB,pri_abi,anomaly,161,-0.09930918471767644,0.21006938957524618,-0.08626063952150909,0.2765836946505364,81,7,1,CZ,0.4090913856147336,0.5124481231441883,FALSE,FALSE
Def_dec&DB,sap_car,anomaly,0,NA,NA,NA,NA,0,0,0,,NA,NA,TRUE,FALSE
Def_dec&DB,sco_int,anomaly,230,0.0856781582412851,0.19543201961442483,0.11283832931829894,0.08774560706699842,71,10,2,"CZ,DE",0.39500956691764044,0.2379118695678372,FALSE,FALSE
Def_dec&DB,sco_rat,anomaly,184,0.09869507650012647,0.1825651773387558,0.16036678160698117,0.029660817703989158,55,8,2,"CZ,DE",0.37467991779984655,0.10947604437780738,FALSE,FALSE
Def_dec&DB,sco_sco,anomaly,0,NA,NA,NA,NA,0,0,0,,NA,NA,TRUE,FALSE
Def_dec&DB,tet_gab,anomaly,199,0.034073699851574546,0.6328072062853158,0.03805390589310187,0.5935989339373158,93,9,2,"AT,DE",0.7948821216427602,0.7763342920317444,FALSE,FALSE
Def_dec&DB,tet_spp,anomaly,92,0.2516796719741858,0.015515664035270708,0.22136769261593944,0.03395222406086297,45,4,1,DE,0.0616008804257474,0.11785478480419291,FALSE,FALSE
Def_dec&DB,tha_pit,anomaly,23,0.7058219467980583,1.6798314173374355e-4,0.8280632411067195,1.0754337738217002e-6,6,1,1,DE,0.0017784881831175705,2.4734976797899104e-5,FALSE,FALSE
Def_dec&DB,tha_pro,anomaly,92,0.18847467973024667,0.0719822704346273,0.12360710817933818,0.24043689088217537,44,4,1,DE,0.20088775891170044,0.4689222404047104,FALSE,FALSE
Def_dec&DB,tom_spp,anomaly,404,0.027547678973272312,0.5808862464815785,0.032808938462084415,0.5108046680568439,231,18,3,"AT,CZ,DE",0.7533387194472322,0.7185253000928159,FALSE,FALSE
Def_dec&DB,tor_vir,anomaly,23,-0.6275678988938314,0.0013476998750018084,-0.633399209486166,0.0011765515263597297,0,1,1,DE,0.009562934219427726,0.009342379381927854,FALSE,FALSE
Def_dec&DB,uro_sir_spp,anomaly,0,NA,NA,NA,NA,0,0,0,,NA,NA,TRUE,FALSE
Def_dec&DB,xyl_lin,anomaly,46,-0.21462333834195427,0.15204694231128502,-0.3646623496762257,0.012714947020536422,28,2,1,DE,0.330343031015072,0.05930678085802653,FALSE,FALSE
Def_dec&DB,xyl_spp,anomaly,69,0.02825537268254352,0.8177305239146149,0.024040920716112534,0.8445483970334255,19,3,1,DE,0.9015310073571043,0.9374598296301981,FALSE,FALSE
Def_dec&DB,zei_gri,anomaly,115,0.1535416034021383,0.10136062606622331,0.07419653990762375,0.43065916420265415,51,5,1,CZ,0.2585514891609833,0.6542062114716425,FALSE,FALSE
agr_big,agr_vir,anomaly,92,0.3611108256735876,4.05597643491606e-4,0.33506211279834297,0.001095508331548474,46,4,1,DE,0.0035596530027487,0.00891102508710771,FALSE,FALSE
agr_big,bup_pin,anomaly,352,0.05013426070045872,0.3483233999121279,0.07331789236888388,0.16990142776000244,121,17,2,"DE,PL",0.5650758448523163,0.3759052526328343,FALSE,FALSE
agr_big,cep_spp,anomaly,0,NA,NA,NA,NA,0,0,0,,NA,NA,TRUE,FALSE
agr_big,clo_ana,anomaly,0,NA,NA,NA,NA,0,0,0,,NA,NA,TRUE,FALSE
agr_big,den_mic,anomaly,0,NA,NA,NA,NA,0,0,0,,NA,NA,TRUE,FALSE
agr_big,den_pin,anomaly,246,-0.009386923458294696,0.8835412908238982,1.406625650161319e-4,0.9982486691896622,147,12,2,"DE,PL",0.9411141894550904,0.9996754496624393,FALSE,FALSE
agr_big,dip_sp,anomaly,372,0.023341643775983897,0.6536167996906113,0.02951812326378892,0.5703523782133317,234,18,2,"DE,PL",0.813362696629921,0.7568069702156123,FALSE,FALSE
agr_big,era_def,anomaly,46,0.0376553707879747,0.8037857067210556,0.027873983632966226,0.8541049176992938,24,2,1,DE,0.8961852175279893,0.9385304449842322,FALSE,FALSE
agr_big,geo_db,anomaly,366,0.1839326642209765,4.0466092061736375e-4,0.16734234826841163,0.001312724846239804,222,18,2,"DE,PL",0.0035596530027487,0.01006422382117183,FALSE,FALSE
agr_big,ips_acu,anomaly,229,-6.841607570731642e-4,0.9917846658904457,-0.031142266145713624,0.6392105769783943,87,11,2,"DE,PL",0.9968180322857605,0.8152073706397496,FALSE,FALSE
agr_big,ips_ami,anomaly,0,NA,NA,NA,NA,0,0,0,,NA,NA,TRUE,FALSE
agr_big,ips_cem,anomaly,207,0.30470861984876,8.041974421607731e-6,0.31622533580110623,3.453698344721347e-6,129,9,1,DE,1.5325705540606733e-4,6.581762274083252e-5,FALSE,FALSE
agr_big,ips_dup,anomaly,0,NA,NA,NA,NA,0,0,0,,NA,NA,TRUE,FALSE
agr_big,ips_sex,anomaly,92,0.1495637060603137,0.15474548995511936,0.146602345760831,0.16317232397663237,51,4,1,DE,0.33188180643107595,0.3652212754778986,FALSE,FALSE
agr_big,ips_typ,anomaly,547,0.24676454045208504,4.9506992104164795e-9,0.2209350784792144,1.788671281318685e-7,472,26,2,"DE,PL",1.9424213960869363e-7,4.588629787075242e-6,FALSE,FALSE
agr_big,lym_dis,anomaly,115,0.292368563581191,0.0015210841558814473,0.2925826560404009,0.001508416095905884,56,5,1,DE,0.010248112444170962,0.01117903928854694,FALSE,FALSE
agr_big,lym_mon,anomaly,369,-0.03371432261129826,0.5185272615478275,-0.06662176492505231,0.20165900124936267,271,18,2,"DE,PL",0.7191601534086285,0.41727922918594357,FALSE,FALSE
agr_big,mel_spp,anomaly,455,0.12249957853873952,0.008905113142075208,0.14201048198265911,0.002395354852157217,364,22,2,"DE,PL",0.04242650332688688,0.015977016863888638,FALSE,FALSE
agr_big,neo_ser,anomaly,18,0.34818653208947015,0.15679170213373758,0.2560661156936708,0.30506480300400507,4,1,1,DE,0.33412161445112765,0.5397300360840089,FALSE,FALSE
agr_big,ope_spp,anomaly,69,0.21681812740582526,0.07353807704542017,0.1799099354877747,0.13907568724895916,22,3,1,DE,0.20339414552157553,0.32625789765235375,FALSE,FALSE
agr_big,pan_fla,anomaly,283,0.057701695239954706,0.3334427632557222,0.06986343290931213,0.24139180854825826,152,14,2,"DE,PL",0.5518767322371382,0.46941205918859547,FALSE,FALSE
agr_big,pha_cya,anomaly,504,0.3468036246161651,1.0878201447710288e-15,0.3363705555446201,8.492430927830847e-15,412,24,2,"DE,PL",1.036537195088966e-13,6.293834920959084e-13,FALSE,FALSE
agr_big,pis_pin,anomaly,46,0.404203803269274,0.005336760816238379,0.396854764107308,0.006320812191788415,29,2,1,DE,0.028706608584120958,0.036034031896776696,FALSE,FALSE
agr_big,pit_bid,anomaly,69,-0.014806552943217388,0.9038873764466259,-0.005334307636097918,0.9653022575570633,39,3,1,DE,0.9509351420976331,0.9936058731335822,FALSE,FALSE
agr_big,pit_cha,anomaly,207,0.2532658502216833,2.314035450643951e-4,0.31580186381790437,3.5649672469465523e-6,127,9,1,DE,0.0023385782508780536,6.605092093648196e-5,FALSE,FALSE
agr_big,pit_spp,anomaly,69,0.1691699027007098,0.1646512373840053,0.03964194373401535,0.7463907324299819,58,3,1,DE,0.34864246138136995,0.8855599706526487,FALSE,FALSE
agr_big,pol_pol,anomaly,0,NA,NA,NA,NA,0,0,0,,NA,NA,TRUE,FALSE
agr_big,pri_abi,anomaly,69,0.02709612127530295,0.8250878159059254,-0.015747168432590428,0.8978133924426885,21,3,1,DE,0.9051539033046913,0.9658734399343119,FALSE,FALSE
agr_big,sap_car,anomaly,0,NA,NA,NA,NA,0,0,0,,NA,NA,TRUE,FALSE
agr_big,sco_int,anomaly,115,0.35973573992780633,7.860118587843745e-5,0.3518661721770694,1.1516593525872952e-4,52,5,1,DE,9.696517487346899e-4,0.0014772245926456267,FALSE,FALSE
agr_big,sco_rat,anomaly,46,0.49904050056596394,4.15127346903689e-4,0.5104532839962996,2.897047077713251e-4,30,2,1,DE,0.0035959732517501374,0.0031677547554667847,FALSE,FALSE
agr_big,sco_sco,anomaly,0,NA,NA,NA,NA,0,0,0,,NA,NA,TRUE,FALSE
agr_big,tet_gab,anomaly,115,0.2062584048436126,0.02699783650942286,0.1854414897814251,0.04723813048416888,61,5,1,DE,0.09477661553571078,0.15221175378232196,FALSE,FALSE
agr_big,tet_spp,anomaly,92,0.22165734880341678,0.033713267654230786,0.23164773515404646,0.026295326279890115,51,4,1,DE,0.11356944204733299,0.10079875073957878,FALSE,FALSE
agr_big,tha_pit,anomaly,23,0.6043123174977088,0.002257706943582684,0.6116600790513834,0.0019263122933621478,10,1,1,DE,0.01394343084601528,0.013524739996553186,FALSE,FALSE
agr_big,tha_pro,anomaly,138,0.1660442880982516,0.05161033710544833,0.12945302279280985,0.13021078218245147,81,6,1,DE,0.15299597710815127,0.3130551857380856,FALSE,FALSE
agr_big,tom_spp,anomaly,404,0.23709295161576885,1.4382136977109038e-6,0.2691820877703982,3.8962965386756165e-8,249,19,2,"DE,PL",3.576573599030859e-5,1.1299259962159289e-6,FALSE,FALSE
agr_big,tor_vir,anomaly,438,0.1080260099370283,0.023760721863759805,0.09997108794512978,0.036482992423026606,252,21,2,"DE,PL",0.0880466749062655,0.12415385686815686,FALSE,FALSE
agr_big,uro_sir_spp,anomaly,0,NA,NA,NA,NA,0,0,0,,NA,NA,TRUE,FALSE
agr_big,xyl_lin,anomaly,161,0.1587201428457287,0.04432472638994944,0.15062111801242237,0.05649842385108058,92,7,1,DE,0.1368731134356309,0.17207510825877054,FALSE,FALSE
agr_big,xyl_spp,anomaly,161,0.06490185976114636,0.41338091610241356,0.06929204048769266,0.38243577554972696,82,7,1,DE,0.6196069012141795,0.6186184849744831,FALSE,FALSE
agr_big,zei_gri,anomaly,0,NA,NA,NA,NA,0,0,0,,NA,NA,TRUE,FALSE
agr_vir,bup_pin,anomaly,23,-0.019263298597338913,0.9304812429698465,-0.05683222313356191,0.7967418194921412,1,1,1,DE,0.9640369796422846,0.9162530924159623,FALSE,FALSE
agr_vir,cep_spp,anomaly,0,NA,NA,NA,NA,0,0,0,,NA,NA,TRUE,FALSE
agr_vir,clo_ana,anomaly,0,NA,NA,NA,NA,0,0,0,,NA,NA,TRUE,FALSE
agr_vir,den_mic,anomaly,0,NA,NA,NA,NA,0,0,0,,NA,NA,TRUE,FALSE
agr_vir,den_pin,anomaly,23,-0.237708947008706,0.27475076908248786,-0.308870777899793,0.15156443139228495,0,1,1,DE,0.4835323561425314,0.34736469640485584,FALSE,FALSE
agr_vir,dip_sp,anomaly,46,-0.3734367810323176,0.010579542877508908,-0.2771062050416477,0.062265791541063424,5,2,1,DE,0.04704370066198961,0.18458347981284137,FALSE,FALSE
agr_vir,era_def,anomaly,23,0.5679148317061163,0.004700838030918625,0.4616317316701306,0.026595859823553166,8,1,1,DE,0.025700483332973142,0.10136822001319978,FALSE,FALSE
agr_vir,geo_db,anomaly,23,-0.5315516045967832,0.009046688229007317,-0.53718805692332,0.008211658485635352,5,1,1,DE,0.042795326586864406,0.04312737173164394,FALSE,FALSE
agr_vir,ips_acu,anomaly,23,0.24490704142947367,0.2600419412797925,0.14974055312581966,0.4952747025474695,8,1,1,DE,0.4700487122862374,0.7137077777294467,FALSE,FALSE
agr_vir,ips_ami,anomaly,0,NA,NA,NA,NA,0,0,0,,NA,NA,TRUE,FALSE
agr_vir,ips_cem,anomaly,92,0.08778817031983625,0.40533561683603136,0.15564409237075677,0.13846837397602094,42,4,1,DE,0.6144519464309839,0.32625789765235375,FALSE,FALSE
agr_vir,ips_dup,anomaly,0,NA,NA,NA,NA,0,0,0,,NA,NA,TRUE,FALSE
agr_vir,ips_sex,anomaly,23,0.27680692467589835,0.2010209053616673,0.3538423631620029,0.09763587437890815,7,1,1,DE,0.40176060627426496,0.2594546940666603,FALSE,FALSE
agr_vir,ips_typ,anomaly,92,-0.05818809222177609,0.5816633291084327,0.06220523412470904,0.5558178428949979,41,4,1,DE,0.7533387194472322,0.7459366221548563,FALSE,FALSE
agr_vir,lym_dis,anomaly,92,0.35098257003695965,6.029359520896062e-4,0.378009309252382,2.032030764346615e-4,39,4,1,DE,0.004904369268826431,0.0024202937853914147,FALSE,FALSE
agr_vir,lym_mon,anomaly,23,0.2700523977367075,0.21268585057519798,0.2263405060449683,0.2990316333032263,5,1,1,DE,0.4111926444453828,0.5347294890435709,FALSE,FALSE
agr_vir,mel_spp,anomaly,69,0.05050887182461685,0.6802246462379957,0.013756314116804872,0.9106757341339173,32,3,1,DE,0.8219381142042448,0.9687730696448531,FALSE,FALSE
agr_vir,neo_ser,anomaly,0,NA,NA,NA,NA,0,0,0,,NA,NA,TRUE,FALSE
agr_vir,ope_spp,anomaly,23,0.583793533175753,0.003449264951302698,0.5773603559070687,0.0039174488701764435,11,1,1,DE,0.0201812256361307,0.024650362230261208,FALSE,FALSE
agr_vir,pan_fla,anomaly,0,NA,NA,NA,NA,0,0,0,,NA,NA,TRUE,FALSE
agr_vir,pha_cya,anomaly,92,0.4483458365975136,7.398749592480159e-6,0.43335593852439147,1.5965709518180886e-5,45,4,1,DE,1.4514605818189018e-4,2.4765414531689885e-4,FALSE,FALSE
agr_vir,pis_pin,anomaly,0,NA,NA,NA,NA,0,0,0,,NA,NA,TRUE,FALSE
agr_vir,pit_bid,anomaly,23,0.04750784556782469,0.8295685937696865,-0.07017544073883297,0.750353041634747,7,1,1,DE,0.907085659089149,0.8855599706526487,FALSE,FALSE
agr_vir,pit_cha,anomaly,92,-0.03554082777961495,0.7366137480311605,0.1332264726892926,0.20549737454314712,39,4,1,DE,0.859631820262919,0.42051661080075864,FALSE,FALSE
agr_vir,pit_spp,anomaly,69,0.016388638281595362,0.893674460762834,-0.00864108443193719,0.9438209912842174,35,3,1,DE,0.9446606423594457,0.9796585152110951,FALSE,FALSE
agr_vir,pol_pol,anomaly,0,NA,NA,NA,NA,0,0,0,,NA,NA,TRUE,FALSE
agr_vir,pri_abi,anomaly,46,0.31627758214219687,0.03224411227106518,0.2084001484165875,0.16457313250690614,8,2,1,DE,0.10972868818775752,0.36590093127368795,FALSE,FALSE
agr_vir,sap_car,anomaly,0,NA,NA,NA,NA,0,0,0,,NA,NA,TRUE,FALSE
agr_vir,sco_int,anomaly,69,0.24174636891010393,0.0453708617455506,0.23131799382069493,0.05582574027315606,14,3,1,DE,0.13945790223171545,0.17159340443407878,FALSE,FALSE
agr_vir,sco_rat,anomaly,0,NA,NA,NA,NA,0,0,0,,NA,NA,TRUE,FALSE
agr_vir,sco_sco,anomaly,0,NA,NA,NA,NA,0,0,0,,NA,NA,TRUE,FALSE
agr_vir,tet_gab,anomaly,46,-0.009050478939854813,0.9523983915308194,0.08751696081773828,0.5630311607540994,21,2,1,DE,0.9713298580291385,0.7518205752381752,FALSE,FALSE
agr_vir,tet_spp,anomaly,46,-0.10808075254257939,0.4746311759046651,-0.08739361062631087,0.563583639608827,21,2,1,DE,0.6811004772863279,0.7518205752381752,FALSE,FALSE
agr_vir,tha_pit,anomaly,0,NA,NA,NA,NA,0,0,0,,NA,NA,TRUE,FALSE
agr_vir,tha_pro,anomaly,69,0.1872938885730281,0.12330961097145395,0.1322834933861674,0.27857545836081316,36,3,1,DE,0.2865766917002083,0.5132868252117745,FALSE,FALSE
agr_vir,tom_spp,anomaly,92,0.20789755669925722,0.04674496883313272,0.21643907403698937,0.03824139252281718,38,4,1,DE,0.14236937996209828,0.12753504406359528,FALSE,FALSE
agr_vir,tor_vir,anomaly,46,-0.1843834545061611,0.2199413916961298,-0.2336869376592039,0.1180400908192281,18,2,1,DE,0.4203464420095088,0.29598774652791404,FALSE,FALSE
agr_vir,uro_sir_spp,anomaly,0,NA,NA,NA,NA,0,0,0,,NA,NA,TRUE,FALSE
agr_vir,xyl_lin,anomaly,46,-0.4691434306623169,0.001005894469412933,-0.4923522890824557,5.095980033438863e-4,21,2,1,DE,0.007711857598832487,0.004998556885740767,FALSE,FALSE
agr_vir,xyl_spp,anomaly,69,-0.31759968886176654,0.007832284607056513,-0.2575152772781958,0.032665284628164086,23,3,1,DE,0.03813236374384449,0.11586672738104026,FALSE,FALSE
agr_vir,zei_gri,anomaly,0,NA,NA,NA,NA,0,0,0,,NA,NA,TRUE,FALSE
bup_pin,cep_spp,anomaly,0,NA,NA,NA,NA,0,0,0,,NA,NA,TRUE,FALSE
bup_pin,clo_ana,anomaly,0,NA,NA,NA,NA,0,0,0,,NA,NA,TRUE,FALSE
bup_pin,den_mic,anomaly,0,NA,NA,NA,NA,0,0,0,,NA,NA,TRUE,FALSE
bup_pin,den_pin,anomaly,226,0.16881388350504567,0.011021164914727793,0.1719745818876457,0.009588219014430095,74,11,2,"DE,PL",0.048233384074364914,0.049194939097114414,FALSE,FALSE
bup_pin,dip_sp,anomaly,329,0.17648017048219292,0.001308354487036074,0.15761057831633857,0.00415892306778654,112,16,2,"DE,PL",0.009562934219427726,0.02592524940386563,FALSE,FALSE
bup_pin,era_def,anomaly,23,0.2710211312497388,0.2109856621461295,0.13506618873745582,0.5389128141948276,12,1,1,DE,0.4090913856147336,0.7350814868465235,FALSE,FALSE
bup_pin,geo_db,anomaly,306,0.10765720912645833,0.05997262149897182,0.1260859595613757,0.027427074420833725,88,15,2,"DE,PL",0.17468008095988735,0.10277448673424773,FALSE,FALSE
bup_pin,ips_acu,anomaly,169,0.11225888653938045,0.1461871624946573,0.035776440753816315,0.6442320606643412,24,8,2,"DE,PL",0.32394298134198146,0.816925445747368,FALSE,FALSE
bup_pin,ips_ami,anomaly,0,NA,NA,NA,NA,0,0,0,,NA,NA,TRUE,FALSE
bup_pin,ips_cem,anomaly,138,0.21225891963439494,0.012442312400300961,0.17126685830009425,0.044590701953484004,43,6,1,DE,0.05219510925157699,0.14437863205327103,FALSE,FALSE
bup_pin,ips_dup,anomaly,0,NA,NA,NA,NA,0,0,0,,NA,NA,TRUE,FALSE
bup_pin,ips_sex,anomaly,69,-0.07505779955147905,0.5399078928180269,0.004165144318597005,0.972903982822516,26,3,1,DE,0.7271044860783754,0.9941744642546538,FALSE,FALSE
bup_pin,ips_typ,anomaly,398,0.08019405221692524,0.1101747956714954,0.03273531346815706,0.5149251775777601,149,19,2,"DE,PL",0.2737688808417502,0.7185253000928159,FALSE,FALSE
bup_pin,lym_dis,anomaly,69,0.08225646256002732,0.5016276868579794,0.026196565582754846,0.8308073265561141,13,3,1,DE,0.7064147737398657,0.9374598296301981,FALSE,FALSE
bup_pin,lym_mon,anomaly,306,0.1571274718747836,0.0058783822736111335,0.17495615536757772,0.002128557196635512,116,15,2,"DE,PL",0.02998160505843642,0.014636573712947283,FALSE,FALSE
bup_pin,mel_spp,anomaly,329,0.16056205090641126,0.0034978818163938644,0.1683284022671672,0.0021878749686122354,114,16,2,"DE,PL",0.020287714535084413,0.014746466169012274,FALSE,FALSE
bup_pin,neo_ser,anomaly,18,-0.2503784158546066,0.3163028269024168,-0.18069181550964677,0.47305696358347005,1,1,1,DE,0.5314206184985188,0.6918696601020126,FALSE,FALSE
bup_pin,ope_spp,anomaly,23,-0.14372582317744884,0.5129468123286542,-0.08253027185482469,0.7081301486932726,4,1,1,DE,0.7172185853253632,0.8634786273828389,FALSE,FALSE
bup_pin,pan_fla,anomaly,286,0.21405346272296935,2.658642711407292e-4,0.15890271474353632,0.007088680412583411,79,14,2,"DE,PL",0.002581886624946091,0.03875532651797652,FALSE,FALSE
bup_pin,pha_cya,anomaly,398,0.1377544476837907,0.005910900021299224,0.07540067717995672,0.13318858590724283,147,19,2,"DE,PL",0.02998160505843642,0.3172742385718963,FALSE,FALSE
bup_pin,pis_pin,anomaly,69,0.3918555712414095,8.691821182313447e-4,0.386006576543661,0.0010536739079471812,27,3,1,DE,0.006820523210121257,0.008676549340750244,FALSE,FALSE
bup_pin,pit_bid,anomaly,69,-0.05385823449956474,0.6602802864690216,-0.12433321154548778,0.3087361301620161,23,3,1,DE,0.8155684279163655,0.5447804201536105,FALSE,FALSE
bup_pin,pit_cha,anomaly,138,0.17896710619637055,0.035706696682983013,0.09804584133391477,0.25259867998934254,46,6,1,DE,0.11848938650522224,0.48138091300826136,FALSE,FALSE
bup_pin,pit_spp,anomaly,0,NA,NA,NA,NA,0,0,0,,NA,NA,TRUE,FALSE
bup_pin,pol_pol,anomaly,0,NA,NA,NA,NA,0,0,0,,NA,NA,TRUE,FALSE
bup_pin,pri_abi,anomaly,46,0.19320289224066667,0.19828105866370643,0.10268270120259018,0.4970997060993102,11,2,1,DE,0.39835381364063915,0.7137077777294467,FALSE,FALSE
bup_pin,sap_car,anomaly,0,NA,NA,NA,NA,0,0,0,,NA,NA,TRUE,FALSE
bup_pin,sco_int,anomaly,69,-0.008192443094685366,0.9467334255586692,0.07924735111435881,0.5174564988422401,16,3,1,DE,0.9713298580291385,0.7190489265161961,FALSE,FALSE
bup_pin,sco_rat,anomaly,46,0.11957572425956159,0.4286354616075625,0.17520814061054577,0.24415991838416784,16,2,1,DE,0.6367480019871808,0.4711154142663624,FALSE,FALSE
bup_pin,sco_sco,anomaly,0,NA,NA,NA,NA,0,0,0,,NA,NA,TRUE,FALSE
bup_pin,tet_gab,anomaly,92,0.2874287299010678,0.005467695129288909,0.20019111323459146,0.05570601133954051,23,4,1,DE,0.02917562120988562,0.17159340443407878,FALSE,FALSE
bup_pin,tet_spp,anomaly,46,0.30518846683348594,0.0391683266585989,0.24242984890533453,0.10452370238644983,11,2,1,DE,0.12744036039651446,0.2702221298130312,FALSE,FALSE
bup_pin,tha_pit,anomaly,23,-0.47580480511321366,0.02174093399273892,-0.5029644268774703,0.014434399452331461,3,1,1,DE,0.08239319871111851,0.06358744564385177,FALSE,FALSE
bup_pin,tha_pro,anomaly,46,0.13279090661997148,0.3789942406496247,0.16817761332099906,0.2638979639890848,16,2,1,DE,0.590628875031074,0.5006055031983792,FALSE,FALSE
bup_pin,tom_spp,anomaly,278,0.15317701398710215,0.010540499382392123,0.07026767080571014,0.24290306828807226,95,13,2,"DE,PL",0.04704370066198961,0.4709777515934424,FALSE,FALSE
bup_pin,tor_vir,anomaly,312,-0.053250412980026016,0.34851181957822197,0.0014710077529181112,0.9793539300414864,79,15,2,"DE,PL",0.5650758448523163,0.9988212099964395,FALSE,FALSE
bup_pin,uro_sir_spp,anomaly,0,NA,NA,NA,NA,0,0,0,,NA,NA,TRUE,FALSE
bup_pin,xyl_lin,anomaly,115,0.18267560841471095,0.05069499667585852,0.2108814014045609,0.023681945187333832,35,5,1,DE,0.1509534052803466,0.09319804719838175,FALSE,FALSE
bup_pin,xyl_spp,anomaly,92,0.2826988409199378,0.006325540890619968,0.2538415301388653,0.01462205772111729,31,4,1,DE,0.03172282536874826,0.06358744564385177,FALSE,FALSE
bup_pin,zei_gri,anomaly,0,NA,NA,NA,NA,0,0,0,,NA,NA,TRUE,FALSE
cep_spp,clo_ana,anomaly,0,NA,NA,NA,NA,0,0,0,,NA,NA,TRUE,FALSE
cep_spp,den_mic,anomaly,0,NA,NA,NA,NA,0,0,0,,NA,NA,TRUE,FALSE
cep_spp,den_pin,anomaly,0,NA,NA,NA,NA,0,0,0,,NA,NA,TRUE,FALSE
cep_spp,dip_sp,anomaly,0,NA,NA,NA,NA,0,0,0,,NA,NA,TRUE,FALSE
cep_spp,era_def,anomaly,0,NA,NA,NA,NA,0,0,0,,NA,NA,TRUE,FALSE
cep_spp,geo_db,anomaly,0,NA,NA,NA,NA,0,0,0,,NA,NA,TRUE,FALSE
cep_spp,ips_acu,anomaly,138,0.08294832186982684,0.3334306087889233,0.09202742534629864,0.28303609399050955,90,6,1,CZ,0.5518767322371382,0.520069076285592,FALSE,FALSE
cep_spp,ips_ami,anomaly,0,NA,NA,NA,NA,0,0,0,,NA,NA,TRUE,FALSE
cep_spp,ips_cem,anomaly,0,NA,NA,NA,NA,0,0,0,,NA,NA,TRUE,FALSE
cep_spp,ips_dup,anomaly,138,0.0322929796867179,0.7069138426711823,-0.005148531127494069,0.9522099497055074,88,6,1,CZ,0.8374982825251841,0.9816445694800208,FALSE,FALSE
cep_spp,ips_sex,anomaly,138,0.07058849300120373,0.4106721582583578,0.07711380879428478,0.36866233098874024,85,6,1,CZ,0.618325800357392,0.6012170532261363,FALSE,FALSE
cep_spp,ips_typ,anomaly,138,-0.0190802773243176,0.8242174028556587,-0.01770592412138204,0.8366958218085002,93,6,1,CZ,0.9051539033046913,0.9374598296301981,FALSE,FALSE
cep_spp,lym_dis,anomaly,0,NA,NA,NA,NA,0,0,0,,NA,NA,TRUE,FALSE
cep_spp,lym_mon,anomaly,115,0.027823328822083798,0.7678643196162512,0.041773849917146694,0.6575672683561267,65,5,1,CZ,0.8800094522062535,0.8272162244063821,FALSE,FALSE
cep_spp,mel_spp,anomaly,0,NA,NA,NA,NA,0,0,0,,NA,NA,TRUE,FALSE
cep_spp,neo_ser,anomaly,0,NA,NA,NA,NA,0,0,0,,NA,NA,TRUE,FALSE
cep_spp,ope_spp,anomaly,0,NA,NA,NA,NA,0,0,0,,NA,NA,TRUE,FALSE
cep_spp,pan_fla,anomaly,0,NA,NA,NA,NA,0,0,0,,NA,NA,TRUE,FALSE
cep_spp,pha_cya,anomaly,138,0.12819303738858173,0.13402444310638764,0.1822443029391149,0.03240634599599652,86,6,1,CZ,0.3061448751779471,0.11558841058465068,FALSE,FALSE
cep_spp,pis_pin,anomaly,0,NA,NA,NA,NA,0,0,0,,NA,NA,TRUE,FALSE
cep_spp,pit_bid,anomaly,0,NA,NA,NA,NA,0,0,0,,NA,NA,TRUE,FALSE
cep_spp,pit_cha,anomaly,0,NA,NA,NA,NA,0,0,0,,NA,NA,TRUE,FALSE
cep_spp,pit_spp,anomaly,138,0.07285619318859766,0.3957639635361332,0.08033763405017019,0.348920979438639,76,6,1,CZ,0.6079312615805734,0.5871289958022898,FALSE,FALSE
cep_spp,pol_pol,anomaly,138,0.05246623878351658,0.5410978218503119,-0.002874501414419083,0.9733072341203731,84,6,1,CZ,0.7271044860783754,0.9941744642546538,FALSE,FALSE
cep_spp,pri_abi,anomaly,138,0.15884645172447326,0.06276065336493226,0.10168520213977975,0.23532857420046274,73,6,1,CZ,0.18121799045199058,0.46165929115208426,FALSE,FALSE
cep_spp,sap_car,anomaly,0,NA,NA,NA,NA,0,0,0,,NA,NA,TRUE,FALSE
cep_spp,sco_int,anomaly,138,-0.009141183052989272,0.9152570268105844,4.908799079428934e-4,0.9954408476311818,55,6,1,CZ,0.9587370494112061,0.9996754496624393,FALSE,FALSE
cep_spp,sco_rat,anomaly,138,-0.12727284890132345,0.13686317841500353,-0.08329661247200272,0.3313977420484695,44,6,1,CZ,0.3094499661112114,0.5696966338822916,FALSE,FALSE
cep_spp,sco_sco,anomaly,0,NA,NA,NA,NA,0,0,0,,NA,NA,TRUE,FALSE
cep_spp,tet_gab,anomaly,0,NA,NA,NA,NA,0,0,0,,NA,NA,TRUE,FALSE
cep_spp,tet_spp,anomaly,0,NA,NA,NA,NA,0,0,0,,NA,NA,TRUE,FALSE
cep_spp,tha_pit,anomaly,0,NA,NA,NA,NA,0,0,0,,NA,NA,TRUE,FALSE
cep_spp,tha_pro,anomaly,0,NA,NA,NA,NA,0,0,0,,NA,NA,TRUE,FALSE
cep_spp,tom_spp,anomaly,138,0.0569747368527211,0.5068483189187638,0.11201422866784325,0.1908662735745235,91,6,1,CZ,0.7102265309218811,0.40287279896901007,FALSE,FALSE
cep_spp,tor_vir,anomaly,0,NA,NA,NA,NA,0,0,0,,NA,NA,TRUE,FALSE
cep_spp,uro_sir_spp,anomaly,0,NA,NA,NA,NA,0,0,0,,NA,NA,TRUE,FALSE
cep_spp,xyl_lin,anomaly,0,NA,NA,NA,NA,0,0,0,,NA,NA,TRUE,FALSE
cep_spp,xyl_spp,anomaly,0,NA,NA,NA,NA,0,0,0,,NA,NA,TRUE,FALSE
cep_spp,zei_gri,anomaly,115,0.06714518475530794,0.47585130796915864,0.06341270968173905,0.500772473729207,51,5,1,CZ,0.6811004772863279,0.7137077777294467,FALSE,FALSE
clo_ana,den_mic,anomaly,0,NA,NA,NA,NA,0,0,0,,NA,NA,TRUE,FALSE
clo_ana,den_pin,anomaly,0,NA,NA,NA,NA,0,0,0,,NA,NA,TRUE,FALSE
clo_ana,dip_sp,anomaly,0,NA,NA,NA,NA,0,0,0,,NA,NA,TRUE,FALSE
clo_ana,era_def,anomaly,0,NA,NA,NA,NA,0,0,0,,NA,NA,TRUE,FALSE
clo_ana,geo_db,anomaly,0,NA,NA,NA,NA,0,0,0,,NA,NA,TRUE,FALSE
clo_ana,ips_acu,anomaly,0,NA,NA,NA,NA,0,0,0,,NA,NA,TRUE,FALSE
clo_ana,ips_ami,anomaly,0,NA,NA,NA,NA,0,0,0,,NA,NA,TRUE,FALSE
clo_ana,ips_cem,anomaly,0,NA,NA,NA,NA,0,0,0,,NA,NA,TRUE,FALSE
clo_ana,ips_dup,anomaly,0,NA,NA,NA,NA,0,0,0,,NA,NA,TRUE,FALSE
clo_ana,ips_sex,anomaly,0,NA,NA,NA,NA,0,0,0,,NA,NA,TRUE,FALSE
clo_ana,ips_typ,anomaly,0,NA,NA,NA,NA,0,0,0,,NA,NA,TRUE,FALSE
clo_ana,lym_dis,anomaly,0,NA,NA,NA,NA,0,0,0,,NA,NA,TRUE,FALSE
clo_ana,lym_mon,anomaly,0,NA,NA,NA,NA,0,0,0,,NA,NA,TRUE,FALSE
clo_ana,mel_spp,anomaly,0,NA,NA,NA,NA,0,0,0,,NA,NA,TRUE,FALSE
clo_ana,neo_ser,anomaly,0,NA,NA,NA,NA,0,0,0,,NA,NA,TRUE,FALSE
clo_ana,ope_spp,anomaly,0,NA,NA,NA,NA,0,0,0,,NA,NA,TRUE,FALSE
clo_ana,pan_fla,anomaly,0,NA,NA,NA,NA,0,0,0,,NA,NA,TRUE,FALSE
clo_ana,pha_cya,anomaly,0,NA,NA,NA,NA,0,0,0,,NA,NA,TRUE,FALSE
clo_ana,pis_pin,anomaly,0,NA,NA,NA,NA,0,0,0,,NA,NA,TRUE,FALSE
clo_ana,pit_bid,anomaly,0,NA,NA,NA,NA,0,0,0,,NA,NA,TRUE,FALSE
clo_ana,pit_cha,anomaly,0,NA,NA,NA,NA,0,0,0,,NA,NA,TRUE,FALSE
clo_ana,pit_spp,anomaly,0,NA,NA,NA,NA,0,0,0,,NA,NA,TRUE,FALSE
clo_ana,pol_pol,anomaly,0,NA,NA,NA,NA,0,0,0,,NA,NA,TRUE,FALSE
clo_ana,pri_abi,anomaly,0,NA,NA,NA,NA,0,0,0,,NA,NA,TRUE,FALSE
clo_ana,sap_car,anomaly,0,NA,NA,NA,NA,0,0,0,,NA,NA,TRUE,FALSE
clo_ana,sco_int,anomaly,0,NA,NA,NA,NA,0,0,0,,NA,NA,TRUE,FALSE
clo_ana,sco_rat,anomaly,0,NA,NA,NA,NA,0,0,0,,NA,NA,TRUE,FALSE
clo_ana,sco_sco,anomaly,0,NA,NA,NA,NA,0,0,0,,NA,NA,TRUE,FALSE
clo_ana,tet_gab,anomaly,0,NA,NA,NA,NA,0,0,0,,NA,NA,TRUE,FALSE
clo_ana,tet_spp,anomaly,0,NA,NA,NA,NA,0,0,0,,NA,NA,TRUE,FALSE
clo_ana,tha_pit,anomaly,0,NA,NA,NA,NA,0,0,0,,NA,NA,TRUE,FALSE
clo_ana,tha_pro,anomaly,0,NA,NA,NA,NA,0,0,0,,NA,NA,TRUE,FALSE
clo_ana,tom_spp,anomaly,0,NA,NA,NA,NA,0,0,0,,NA,NA,TRUE,FALSE
clo_ana,tor_vir,anomaly,0,NA,NA,NA,NA,0,0,0,,NA,NA,TRUE,FALSE
clo_ana,uro_sir_spp,anomaly,0,NA,NA,NA,NA,0,0,0,,NA,NA,TRUE,FALSE
clo_ana,xyl_lin,anomaly,0,NA,NA,NA,NA,0,0,0,,NA,NA,TRUE,FALSE
clo_ana,xyl_spp,anomaly,0,NA,NA,NA,NA,0,0,0,,NA,NA,TRUE,FALSE
clo_ana,zei_gri,anomaly,0,NA,NA,NA,NA,0,0,0,,NA,NA,TRUE,FALSE
den_mic,den_pin,anomaly,0,NA,NA,NA,NA,0,0,0,,NA,NA,TRUE,FALSE
den_mic,dip_sp,anomaly,0,NA,NA,NA,NA,0,0,0,,NA,NA,TRUE,FALSE
den_mic,era_def,anomaly,0,NA,NA,NA,NA,0,0,0,,NA,NA,TRUE,FALSE
den_mic,geo_db,anomaly,0,NA,NA,NA,NA,0,0,0,,NA,NA,TRUE,FALSE
den_mic,ips_acu,anomaly,0,NA,NA,NA,NA,0,0,0,,NA,NA,TRUE,FALSE
den_mic,ips_ami,anomaly,0,NA,NA,NA,NA,0,0,0,,NA,NA,TRUE,FALSE
den_mic,ips_cem,anomaly,0,NA,NA,NA,NA,0,0,0,,NA,NA,TRUE,FALSE
den_mic,ips_dup,anomaly,0,NA,NA,NA,NA,0,0,0,,NA,NA,TRUE,FALSE
den_mic,ips_sex,anomaly,0,NA,NA,NA,NA,0,0,0,,NA,NA,TRUE,FALSE
den_mic,ips_typ,anomaly,0,NA,NA,NA,NA,0,0,0,,NA,NA,TRUE,FALSE
den_mic,lym_dis,anomaly,0,NA,NA,NA,NA,0,0,0,,NA,NA,TRUE,FALSE
den_mic,lym_mon,anomaly,0,NA,NA,NA,NA,0,0,0,,NA,NA,TRUE,FALSE
den_mic,mel_spp,anomaly,0,NA,NA,NA,NA,0,0,0,,NA,NA,TRUE,FALSE
den_mic,neo_ser,anomaly,0,NA,NA,NA,NA,0,0,0,,NA,NA,TRUE,FALSE
den_mic,ope_spp,anomaly,0,NA,NA,NA,NA,0,0,0,,NA,NA,TRUE,FALSE
den_mic,pan_fla,anomaly,0,NA,NA,NA,NA,0,0,0,,NA,NA,TRUE,FALSE
den_mic,pha_cya,anomaly,0,NA,NA,NA,NA,0,0,0,,NA,NA,TRUE,FALSE
den_mic,pis_pin,anomaly,0,NA,NA,NA,NA,0,0,0,,NA,NA,TRUE,FALSE
den_mic,pit_bid,anomaly,0,NA,NA,NA,NA,0,0,0,,NA,NA,TRUE,FALSE
den_mic,pit_cha,anomaly,0,NA,NA,NA,NA,0,0,0,,NA,NA,TRUE,FALSE
den_mic,pit_spp,anomaly,0,NA,NA,NA,NA,0,0,0,,NA,NA,TRUE,FALSE
den_mic,pol_pol,anomaly,0,NA,NA,NA,NA,0,0,0,,NA,NA,TRUE,FALSE
den_mic,pri_abi,anomaly,0,NA,NA,NA,NA,0,0,0,,NA,NA,TRUE,FALSE
den_mic,sap_car,anomaly,0,NA,NA,NA,NA,0,0,0,,NA,NA,TRUE,FALSE
den_mic,sco_int,anomaly,0,NA,NA,NA,NA,0,0,0,,NA,NA,TRUE,FALSE
den_mic,sco_rat,anomaly,0,NA,NA,NA,NA,0,0,0,,NA,NA,TRUE,FALSE
den_mic,sco_sco,anomaly,0,NA,NA,NA,NA,0,0,0,,NA,NA,TRUE,FALSE
den_mic,tet_gab,anomaly,0,NA,NA,NA,NA,0,0,0,,NA,NA,TRUE,FALSE
den_mic,tet_spp,anomaly,0,NA,NA,NA,NA,0,0,0,,NA,NA,TRUE,FALSE
den_mic,tha_pit,anomaly,0,NA,NA,NA,NA,0,0,0,,NA,NA,TRUE,FALSE
den_mic,tha_pro,anomaly,0,NA,NA,NA,NA,0,0,0,,NA,NA,TRUE,FALSE
den_mic,tom_spp,anomaly,0,NA,NA,NA,NA,0,0,0,,NA,NA,TRUE,FALSE
den_mic,tor_vir,anomaly,0,NA,NA,NA,NA,0,0,0,,NA,NA,TRUE,FALSE
den_mic,uro_sir_spp,anomaly,0,NA,NA,NA,NA,0,0,0,,NA,NA,TRUE,FALSE
den_mic,xyl_lin,anomaly,0,NA,NA,NA,NA,0,0,0,,NA,NA,TRUE,FALSE
den_mic,xyl_spp,anomaly,0,NA,NA,NA,NA,0,0,0,,NA,NA,TRUE,FALSE
den_mic,zei_gri,anomaly,0,NA,NA,NA,NA,0,0,0,,NA,NA,TRUE,FALSE
den_pin,dip_sp,anomaly,246,0.2265715164994938,3.406698038676946e-4,0.19878441748971737,0.001728761650310184,130,12,2,"DE,PL",0.0031126953312294835,0.012502397789318992,FALSE,FALSE
den_pin,era_def,anomaly,23,0.4145782981758185,0.04919312647585188,0.3209690979591201,0.1353559881785028,13,1,1,DE,0.1478009700873568,0.32128983670840344,FALSE,FALSE
den_pin,geo_db,anomaly,223,0.1271613566519931,0.057965860837881696,0.1098211039354537,0.10189954727909213,101,11,2,"DE,PL",0.1695755665739785,0.26653724719668415,FALSE,FALSE
den_pin,ips_acu,anomaly,126,-0.023711369664605922,0.7921313777481723,-0.06086539182602175,0.49838604707611556,23,6,2,"DE,PL",0.8950596035622002,0.7137077777294467,FALSE,FALSE
den_pin,ips_ami,anomaly,0,NA,NA,NA,NA,0,0,0,,NA,NA,TRUE,FALSE
den_pin,ips_cem,anomaly,46,-0.11121788716521906,0.4618252180572432,-0.2097440641381437,0.161806552534478,24,2,1,DE,0.6725707869960288,0.363383739193592,FALSE,FALSE
den_pin,ips_dup,anomaly,0,NA,NA,NA,NA,0,0,0,,NA,NA,TRUE,FALSE
den_pin,ips_sex,anomaly,46,-0.04413146938026229,0.7708839944558413,-0.005735430157261794,0.9698237665958045,23,2,1,DE,0.8807242110564859,0.9936596809821837,FALSE,FALSE
den_pin,ips_typ,anomaly,246,0.23022508035250805,2.7096261431218345e-4,0.2625339816977448,3.0447582189214896e-5,152,12,2,"DE,PL",0.002581886624946091,4.5130082933791856e-4,FALSE,FALSE
den_pin,lym_dis,anomaly,23,-0.27274464029171375,0.2079833565831281,-0.13636363636363635,0.5349839119305697,2,1,1,DE,0.40801440835572483,0.732719238722156,FALSE,FALSE
den_pin,lym_mon,anomaly,223,0.21012900913691698,0.001601868494824471,0.21558425818515503,0.0011976284777028144,134,11,2,"DE,PL",0.010578676099484376,0.009397861113267967,FALSE,FALSE
den_pin,mel_spp,anomaly,223,0.13798737079506512,0.03950671789578841,0.18604238447287771,0.0053204270751995575,126,11,2,"DE,PL",0.1278875238523304,0.031404644771310664,FALSE,FALSE
den_pin,neo_ser,anomaly,0,NA,NA,NA,NA,0,0,0,,NA,NA,TRUE,FALSE
den_pin,ope_spp,anomaly,0,NA,NA,NA,NA,0,0,0,,NA,NA,TRUE,FALSE
den_pin,pan_fla,anomaly,223,0.3161219190093013,1.4477884134007975e-6,0.29026027148224454,1.0560603540475927e-5,86,11,2,"DE,PL",3.576573599030859e-5,1.829128814732604e-4,FALSE,FALSE
den_pin,pha_cya,anomaly,246,-0.07439463532201417,0.24503122696119997,-0.07439276293118216,0.24504313792397098,152,12,2,"DE,PL",0.4538528606574281,0.4711154142663624,FALSE,FALSE
den_pin,pis_pin,anomaly,23,0.15816993154352757,0.4710256808667368,0.09486166007905138,0.6668004750731932,16,1,1,DE,0.6811004772863279,0.832876248827378,FALSE,FALSE
den_pin,pit_bid,anomaly,46,0.1523563754834588,0.31210744702359516,0.08405797101449274,0.5786185638809499,21,2,1,DE,0.5270270054803493,0.7599703740435007,FALSE,FALSE
den_pin,pit_cha,anomaly,46,-0.2374132416109958,0.1121259782104056,-0.33876040703052723,0.02128386576001457,24,2,1,DE,0.2742497942431649,0.0855201112164441,FALSE,FALSE
den_pin,pit_spp,anomaly,0,NA,NA,NA,NA,0,0,0,,NA,NA,TRUE,FALSE
den_pin,pol_pol,anomaly,0,NA,NA,NA,NA,0,0,0,,NA,NA,TRUE,FALSE
den_pin,pri_abi,anomaly,23,-0.18561272548317692,0.3964769097264609,-0.1373517786561265,0.5320006487985599,4,1,1,DE,0.6079312615805734,0.7301325776720977,FALSE,FALSE
den_pin,sap_car,anomaly,0,NA,NA,NA,NA,0,0,0,,NA,NA,TRUE,FALSE
den_pin,sco_int,anomaly,46,0.08789880866305808,0.5613224857866821,0.03780450200431699,0.8030240218959719,16,2,1,DE,0.7384656765674891,0.9187255962343281,FALSE,FALSE
den_pin,sco_rat,anomaly,23,0.1851158592908851,0.3977647621096997,0.044466403162055336,0.8403387863596063,16,1,1,DE,0.6085071016678204,0.9374598296301981,FALSE,FALSE
den_pin,sco_sco,anomaly,0,NA,NA,NA,NA,0,0,0,,NA,NA,TRUE,FALSE
den_pin,tet_gab,anomaly,23,0.2788737757923868,0.19753966021066988,0.29051383399209485,0.17869743023409967,9,1,1,DE,0.39806330320397826,0.3857319934179438,FALSE,FALSE
den_pin,tet_spp,anomaly,0,NA,NA,NA,NA,0,0,0,,NA,NA,TRUE,FALSE
den_pin,tha_pit,anomaly,23,-0.29486268055739023,0.17198694122103605,-0.4229249011857707,0.04436237757305659,7,1,1,DE,0.35893729442059047,0.14434002849379876,FALSE,FALSE
den_pin,tha_pro,anomaly,23,0.27138127342972357,0.21035591828246836,0.34782608695652173,0.10387791789099016,11,1,1,DE,0.4090913856147336,0.26959755343692776,FALSE,FALSE
den_pin,tom_spp,anomaly,146,0.12260487584802722,0.14040769722953042,0.1912506145585301,0.020754871013848743,73,7,2,"DE,PL",0.3144984202775264,0.08389999373477036,FALSE,FALSE
den_pin,tor_vir,anomaly,226,0.10786472238255172,0.10581512727646154,0.10153158421374085,0.12805270617238984,96,11,2,"DE,PL",0.2653334206518791,0.3128613736885862,FALSE,FALSE
den_pin,uro_sir_spp,anomaly,0,NA,NA,NA,NA,0,0,0,,NA,NA,TRUE,FALSE
den_pin,xyl_lin,anomaly,46,0.4746174615908734,8.605116615290854e-4,0.3572617946345975,0.014792384696930902,24,2,1,DE,0.006820523210121257,0.06365497156679299,FALSE,FALSE
den_pin,xyl_spp,anomaly,46,0.2184292444723444,0.14474004953768344,0.10243601603453592,0.4981393964510271,23,2,1,DE,0.32180537680544946,0.7137077777294467,FALSE,FALSE
den_pin,zei_gri,anomaly,0,NA,NA,NA,NA,0,0,0,,NA,NA,TRUE,FALSE
dip_sp,era_def,anomaly,23,0.19383491244416395,0.3755062205974139,0.06728389475851121,0.7603409246787299,14,1,1,DE,0.5879404909353875,0.8881740748874131,FALSE,FALSE
dip_sp,geo_db,anomaly,326,0.0343930737425798,0.5360606883217538,0.03746392404241225,0.5002686035412008,149,16,2,"DE,PL",0.7267326811191256,0.7137077777294467,FALSE,FALSE
dip_sp,ips_acu,anomaly,189,-0.062459713856547,0.3932065679417127,-0.07806573170514941,0.2856391641841043,39,9,2,"DE,PL",0.6071036592988943,0.5234102266780153,FALSE,FALSE
dip_sp,ips_ami,anomaly,0,NA,NA,NA,NA,0,0,0,,NA,NA,TRUE,FALSE
dip_sp,ips_cem,anomaly,92,0.16367589882704756,0.11899813433948386,0.13454988209546412,0.200990293819939,43,4,1,DE,0.28155323094588075,0.41727922918594357,FALSE,FALSE
dip_sp,ips_dup,anomaly,0,NA,NA,NA,NA,0,0,0,,NA,NA,TRUE,FALSE
dip_sp,ips_sex,anomaly,69,0.021534322744868068,0.8605846646704396,0.15915235659481186,0.19148104537443186,36,3,1,DE,0.9288187238433384,0.4028954487846878,FALSE,FALSE
dip_sp,ips_typ,anomaly,435,0.04441447205523895,0.3554197089528919,0.036907616880267426,0.4425964492657736,281,21,3,"AT,DE,PL",0.5710820363578634,0.6679000716295723,FALSE,FALSE
dip_sp,lym_dis,anomaly,111,0.03828817130016861,0.6899146697031784,0.13563531063531065,0.1557828202233842,28,5,2,"AT,DE",0.8276494328993166,0.3522275969118551,FALSE,FALSE
dip_sp,lym_mon,anomaly,326,0.055885344972338234,0.3144412196912521,0.061543830177814535,0.2678682535622893,195,16,2,"DE,PL",0.5296270038739018,0.5047122178701892,FALSE,FALSE
dip_sp,mel_spp,anomaly,326,0.04551203393175014,0.4127811517853561,0.058316065653263825,0.29382241136370923,199,16,2,"DE,PL",0.6196069012141795,0.5340042190179675,FALSE,FALSE
dip_sp,neo_ser,anomaly,18,0.12159797732886451,0.6307652945297324,0.15797627298843403,0.5312686057474698,4,1,1,DE,0.7938121725496822,0.7301325776720977,FALSE,FALSE
dip_sp,ope_spp,anomaly,23,-0.03202201759264371,0.8846755574038105,-0.019273536540947083,0.9304443823918467,3,1,1,DE,0.9411141894550904,0.9788744527687092,FALSE,FALSE
dip_sp,pan_fla,anomaly,283,0.2600419394062968,9.349437040448492e-6,0.22217910122187146,1.6436684538617344e-4,124,14,2,"DE,PL",1.6854255421565255e-4,0.0019933215613195943,FALSE,FALSE
dip_sp,pha_cya,anomaly,435,-0.030524955034522877,0.5254515555132049,-0.03564656812506105,0.45835118091212734,273,21,3,"AT,DE,PL",0.7194159806970448,0.6782345622668515,FALSE,FALSE
dip_sp,pis_pin,anomaly,46,0.3118604933243873,0.03486990896417255,0.3473943879124267,0.01800586834717848,29,2,1,DE,0.11687552401559342,0.07413527276276573,FALSE,FALSE
dip_sp,pit_bid,anomaly,69,0.24721547687088355,0.04056821673078186,0.1667884545122397,0.17076355554385128,30,3,1,DE,0.1300913488434207,0.3759052526328343,FALSE,FALSE
dip_sp,pit_cha,anomaly,155,0.06953948197928292,0.38990313957639466,0.024195159679030645,0.7650676611597823,80,7,2,"AT,DE",0.6048032420871052,0.890576143095244,FALSE,FALSE
dip_sp,pit_spp,anomaly,86,0.040074115662972476,0.7141105106581775,-0.021557620642483136,0.843816090514368,43,4,2,"AT,DE",0.8415401247508911,0.9374598296301981,FALSE,FALSE
dip_sp,pol_pol,anomaly,0,NA,NA,NA,NA,0,0,0,,NA,NA,TRUE,FALSE
dip_sp,pri_abi,anomaly,46,0.164579782720607,0.2743986384100517,0.1916127042861548,0.20207075116500717,10,2,1,DE,0.4835323561425314,0.41727922918594357,FALSE,FALSE
dip_sp,sap_car,anomaly,0,NA,NA,NA,NA,0,0,0,,NA,NA,TRUE,FALSE
dip_sp,sco_int,anomaly,92,-0.037628862405669906,0.7217546317737031,-0.0016337099086047191,0.9876685851005594,26,4,1,DE,0.8475534144244014,0.9996754496624393,FALSE,FALSE
dip_sp,sco_rat,anomaly,46,0.2640991747252997,0.07613747675118471,0.23786617329633053,0.1114227820087782,27,2,1,DE,0.2077421471824718,0.2825817323188405,FALSE,FALSE
dip_sp,sco_sco,anomaly,0,NA,NA,NA,NA,0,0,0,,NA,NA,TRUE,FALSE
dip_sp,tet_gab,anomaly,132,-0.01179046069217218,0.8932615613220476,0.006636994985729416,0.9397939571367318,52,6,2,"AT,DE",0.9446606423594457,0.9796585152110951,FALSE,FALSE
dip_sp,tet_spp,anomaly,23,0.3610066673688825,0.09057002896165299,0.2875494071146245,0.1833737659091203,6,1,1,DE,0.23690278163695117,0.3932807133806535,FALSE,FALSE
dip_sp,tha_pit,anomaly,23,-0.07698501022476494,0.7269868122654817,-0.1007905138339921,0.6472495084624308,11,1,1,DE,0.8521971946943345,0.8191943494201923,FALSE,FALSE
dip_sp,tha_pro,anomaly,46,-0.2618458685881775,0.07877051165418973,-0.2405797101449275,0.10728004718835225,19,2,1,DE,0.21357695639570956,0.2762771871607373,FALSE,FALSE
dip_sp,tom_spp,anomaly,315,0.03196911616357585,0.5718803733476294,0.06679144446620057,0.23719054133053574,162,15,3,"AT,DE,PL",0.7479298216134683,0.4639474811362679,FALSE,FALSE
dip_sp,tor_vir,anomaly,309,0.15250091403696886,0.007240345433643595,0.14065467886326014,0.013331908843822493,146,15,2,"DE,PL",0.03594418025314357,0.06049240271312655,FALSE,FALSE
dip_sp,uro_sir_spp,anomaly,0,NA,NA,NA,NA,0,0,0,,NA,NA,TRUE,FALSE
dip_sp,xyl_lin,anomaly,69,0.1938915933019903,0.11041053815057092,0.1646328096455974,0.17643810357043277,38,3,1,DE,0.2737688808417502,0.3845889381747668,FALSE,FALSE
dip_sp,xyl_spp,anomaly,92,0.26355243232259323,0.011136343549403592,0.2367338131714008,0.02308507514662634,40,4,1,DE,0.048233384074364914,0.09165324477857005,FALSE,FALSE
dip_sp,zei_gri,anomaly,0,NA,NA,NA,NA,0,0,0,,NA,NA,TRUE,FALSE
era_def,geo_db,anomaly,0,NA,NA,NA,NA,0,0,0,,NA,NA,TRUE,FALSE
era_def,ips_acu,anomaly,23,0.06142601596810544,0.7806873507899791,-0.07924547604891319,0.7192808807976381,9,1,1,DE,0.8860866842396938,0.8707084346497724,FALSE,FALSE
era_def,ips_ami,anomaly,0,NA,NA,NA,NA,0,0,0,,NA,NA,TRUE,FALSE
era_def,ips_cem,anomaly,46,-0.022220473072797578,0.8834658656920823,-0.029728128885713422,0.844515948683499,25,2,1,DE,0.9411141894550904,0.9374598296301981,FALSE,FALSE
era_def,ips_dup,anomaly,0,NA,NA,NA,NA,0,0,0,,NA,NA,TRUE,FALSE
era_def,ips_sex,anomaly,23,-0.04359967388564554,0.8434131652690722,-0.08771826279628127,0.690637016537636,14,1,1,DE,0.9177105729762988,0.8478414072296377,FALSE,FALSE
era_def,ips_typ,anomaly,46,-0.07422546726106018,0.6239609887368801,-0.04721889910329534,0.7553335484236678,24,2,1,DE,0.7910811474890441,0.8855599706526487,FALSE,FALSE
era_def,lym_dis,anomaly,23,0.1673397580550726,0.4453534119876653,0.07575668150587928,0.7311849959045469,7,1,1,DE,0.6541280353862996,0.8771589788998791,FALSE,FALSE
era_def,lym_mon,anomaly,46,0.2321788663385441,0.12049962021334873,0.275587789399992,0.06377266157259534,19,2,1,DE,0.2830043897264211,0.18738486902608412,FALSE,FALSE
era_def,mel_spp,anomaly,46,0.5444994702602407,9.155647226255048e-5,0.5767009784461371,2.7304366857820592e-5,10,2,1,DE,0.001071371350861775,4.1390937941287125e-4,FALSE,FALSE
era_def,neo_ser,anomaly,0,NA,NA,NA,NA,0,0,0,,NA,NA,TRUE,FALSE
era_def,ope_spp,anomaly,23,0.5745040586751045,0.004141815311541033,0.496279037664811,0.016012973897901326,8,1,1,DE,0.02321504884704091,0.06759907335379864,FALSE,FALSE
era_def,pan_fla,anomaly,23,0.07051734373363976,0.7491745766460328,0.10566063473188426,0.6313561353108768,7,1,1,DE,0.869042508909398,0.8082812711177635,FALSE,FALSE
era_def,pha_cya,anomaly,46,0.2205155982042353,0.14084641231366993,0.3480230639406493,0.01778485563186025,25,2,1,DE,0.3144984202775264,0.07368011618913534,FALSE,FALSE
era_def,pis_pin,anomaly,23,-0.05728825395419543,0.7951443939183936,-0.09818464642538302,0.655815786644113,14,1,1,DE,0.8957794210567251,0.8268981657686643,FALSE,FALSE
era_def,pit_bid,anomaly,23,0.15669470717561265,0.47522513595694094,0.15101496379132515,0.4915694240632936,13,1,1,DE,0.6811004772863279,0.7112295137748739,FALSE,FALSE
era_def,pit_cha,anomaly,46,-0.05963091877014427,0.6938343753554643,-0.01878867189450495,0.9013668565665733,24,2,1,DE,0.8279749546632241,0.9665782850963094,FALSE,FALSE
era_def,pit_spp,anomaly,23,-0.20635116616679322,0.34483322109735204,-0.32495629172258744,0.1302968483990282,10,1,1,DE,0.5637347021370926,0.3130551857380856,FALSE,FALSE
era_def,pol_pol,anomaly,0,NA,NA,NA,NA,0,0,0,,NA,NA,TRUE,FALSE
era_def,pri_abi,anomaly,23,0.3579028277535574,0.09358286144748872,0.1834109131194972,0.402201616677586,6,1,1,DE,0.2419370875406007,0.6286239258375603,FALSE,FALSE
era_def,sap_car,anomaly,0,NA,NA,NA,NA,0,0,0,,NA,NA,TRUE,FALSE
era_def,sco_int,anomaly,23,0.023331056702144047,0.9158473728937101,-0.04734792594117455,0.830134171373077,12,1,1,DE,0.9587370494112061,0.9374598296301981,FALSE,FALSE
era_def,sco_rat,anomaly,23,-0.06330705882383694,0.7741379720714745,-0.14503417314612413,0.5090769875034645,13,1,1,DE,0.8826496194387581,0.7185253000928159,FALSE,FALSE
era_def,sco_sco,anomaly,0,NA,NA,NA,NA,0,0,0,,NA,NA,TRUE,FALSE
era_def,tet_gab,anomaly,23,0.1568438555466107,0.4747996991335891,-0.014951976613002488,0.9460150499339328,9,1,1,DE,0.6811004772863279,0.9796585152110951,FALSE,FALSE
era_def,tet_spp,anomaly,0,NA,NA,NA,NA,0,0,0,,NA,NA,TRUE,FALSE
era_def,tha_pit,anomaly,23,-0.4834461645187171,0.0194362957543628,-0.508865604062518,0.013148762705619727,3,1,1,DE,0.0753721469079069,0.060294791191847635,FALSE,FALSE
era_def,tha_pro,anomaly,46,0.33070726958585084,0.02477994239000081,0.24493258788790498,0.10088190742248856,19,2,1,DE,0.08989784623657322,0.2649143001999995,FALSE,FALSE
era_def,tom_spp,anomaly,46,-0.16123707806155152,0.2843983172974901,-0.09703360156043675,0.5211856618847839,25,2,1,DE,0.4952837536225219,0.721225801819815,FALSE,FALSE
era_def,tor_vir,anomaly,46,0.4587816481297993,0.0013423260436038914,0.41946946101317467,0.003709817717983318,21,2,1,DE,0.009562934219427726,0.023792773248989162,FALSE,FALSE
era_def,uro_sir_spp,anomaly,0,NA,NA,NA,NA,0,0,0,,NA,NA,TRUE,FALSE
era_def,xyl_lin,anomaly,46,-0.03859501524202421,0.7989895226360713,-0.010012384364834875,0.9473459404964863,25,2,1,DE,0.8957794210567251,0.9796585152110951,FALSE,FALSE
era_def,xyl_spp,anomaly,46,0.055115271054189174,0.7160079348786528,0.06551313226373437,0.6653281574422858,23,2,1,DE,0.8422879939401435,0.8325963996510406,FALSE,FALSE
era_def,zei_gri,anomaly,0,NA,NA,NA,NA,0,0,0,,NA,NA,TRUE,FALSE
geo_db,ips_acu,anomaly,247,-0.09393952407819149,0.14098205046923595,-0.14526720329238033,0.022395110966945114,61,12,4,"BG,DE,LT,PL",0.3144984202775264,0.08944634140690054,FALSE,FALSE
geo_db,ips_ami,anomaly,0,NA,NA,NA,NA,0,0,0,,NA,NA,TRUE,FALSE
geo_db,ips_cem,anomaly,46,-0.14158954215713504,0.34792632837648574,-0.16756090040086338,0.26567863540856373,32,2,1,DE,0.5650758448523163,0.502004673704,FALSE,FALSE
geo_db,ips_dup,anomaly,22,0.01841811686995801,0.935161640273789,-0.24562394127611517,0.27054137518067217,4,1,1,RO,0.9640369796422846,0.5068851046222145,FALSE,FALSE
geo_db,ips_sex,anomaly,64,-0.001967578644830289,0.9876888086327619,0.019917582417582416,0.8758630543990713,41,3,2,"BG,DE",0.9966542138548445,0.9513250468713034,FALSE,FALSE
geo_db,ips_typ,anomaly,452,0.05486562763010615,0.24438093789786924,0.06874211949378156,0.14452185585915156,289,22,6,"BG,DE,HR,LT,PL,RO",0.4538528606574281,0.3370492232799094,FALSE,FALSE
geo_db,lym_dis,anomaly,133,-0.09226417899918642,0.2908524693360888,-0.08687424123402128,0.320073528498863,52,6,5,"BG,DE,HR,LT,RO",0.5038500818610212,0.5547778085749455,FALSE,FALSE
geo_db,lym_mon,anomaly,346,0.03820885370288572,0.478689094613715,0.007989929840596852,0.8822750333014066,167,17,3,"DE,LT,PL",0.683695130850852,0.9537721996953618,FALSE,FALSE
geo_db,mel_spp,anomaly,320,0.022899364094891222,0.683209971009278,0.014574971435267923,0.7950809061561371,188,16,1,PL,0.8225650733992571,0.9162530924159623,FALSE,FALSE
geo_db,neo_ser,anomaly,36,-0.05326744576067014,0.7576681307417309,-0.06847728207067637,0.6914928418784452,15,2,2,"BG,DE",0.8743332927417552,0.8478414072296377,FALSE,FALSE
geo_db,ope_spp,anomaly,23,-0.6488509236292274,8.099655470778733e-4,-0.5100074284681382,0.012911171988212558,0,1,1,DE,0.00650900023977038,0.05980383136206789,FALSE,FALSE
geo_db,pan_fla,anomaly,260,0.06139236058933711,0.32409251851868537,0.042088014501807595,0.49924489171849484,103,13,1,PL,0.5404242746299078,0.7137077777294467,FALSE,FALSE
geo_db,pha_cya,anomaly,366,0.003225981420774045,0.9509564706083563,0.004793266150670858,0.9271847513395268,222,18,2,"DE,PL",0.9713298580291385,0.9769861439865156,FALSE,FALSE
geo_db,pis_pin,anomaly,46,0.25529028200601006,0.08683884342108172,0.25747764415664504,0.08407813496016989,20,2,2,"DE,LT",0.23011056597223478,0.23077281892988522,FALSE,FALSE
geo_db,pit_bid,anomaly,46,0.1651861175861025,0.27260995274251315,0.14079555966697502,0.35066386042691,29,2,1,DE,0.4835323561425314,0.5876703389566557,FALSE,FALSE
geo_db,pit_cha,anomaly,69,-0.1021861227886785,0.40343349185797506,-0.08699305809280235,0.4772290383771324,38,3,2,"DE,LT",0.6133120008184721,0.6950038615666971,FALSE,FALSE
geo_db,pit_spp,anomaly,23,0.0021215825367528114,0.9923345928601873,-0.17490118577075098,0.4247538117161004,21,1,1,HR,0.9968180322857605,0.6483084494614164,FALSE,FALSE
geo_db,pol_pol,anomaly,23,0.1280754938780392,0.5603093384368253,-0.037549407114624504,0.8649333446053347,6,1,1,LT,0.7384656765674891,0.9442071045036959,FALSE,FALSE
geo_db,pri_abi,anomaly,46,0.06423267686124001,0.6714955162521438,0.01140918902251002,0.9400128525789702,17,2,1,DE,0.8203067936633333,0.9796585152110951,FALSE,FALSE
geo_db,sap_car,anomaly,0,NA,NA,NA,NA,0,0,0,,NA,NA,TRUE,FALSE
geo_db,sco_int,anomaly,46,0.12610593019556726,0.4036641204787246,0.18359543632439096,0.22195349934322842,20,2,1,DE,0.6133120008184721,0.44324246725129746,FALSE,FALSE
geo_db,sco_rat,anomaly,46,0.3405935875790225,0.020548838391904963,0.3953746530989824,0.006537030610398984,17,2,2,"DE,LT",0.07877054716896903,0.036640331236438,FALSE,FALSE
geo_db,sco_sco,anomaly,0,NA,NA,NA,NA,0,0,0,,NA,NA,TRUE,FALSE
geo_db,tet_gab,anomaly,23,0.4090857732889708,0.05258848922879807,0.4041501976284585,0.05579175689820351,6,1,1,DE,0.1552058509540191,0.17159340443407878,FALSE,FALSE
geo_db,tet_spp,anomaly,0,NA,NA,NA,NA,0,0,0,,NA,NA,TRUE,FALSE
geo_db,tha_pit,anomaly,41,0.22034502665347805,0.16625226353992723,0.20662020905923348,0.19492762043295406,33,2,2,"BG,HR",0.34981154505088785,0.4075759336325403,FALSE,FALSE
geo_db,tha_pro,anomaly,0,NA,NA,NA,NA,0,0,0,,NA,NA,TRUE,FALSE
geo_db,tom_spp,anomaly,269,0.005050073009004881,0.9342951032043548,-0.009960729191711825,0.8708244374316236,122,13,3,"DE,LT,PL",0.9640369796422846,0.9490848035406747,FALSE,FALSE
geo_db,tor_vir,anomaly,390,0.2677329010233567,7.932793276025536e-8,0.28838514590952147,6.609309662484229e-9,190,19,5,"BG,DE,LT,PL,RO",2.4050786886859237e-6,2.09924264041761e-7,FALSE,FALSE
geo_db,uro_sir_spp,anomaly,0,NA,NA,NA,NA,0,0,0,,NA,NA,TRUE,FALSE
geo_db,xyl_lin,anomaly,46,0.5987137727952161,1.106417733887308e-5,0.6296022201665125,2.7656261066374764e-6,33,2,1,DE,1.7999527524459376e-4,5.589917009476354e-5,FALSE,FALSE
geo_db,xyl_spp,anomaly,46,0.3863236295129888,0.008004116943664746,0.41732963305581244,0.00390774205331096,31,2,1,DE,0.03840824461456393,0.024650362230261208,FALSE,FALSE
geo_db,zei_gri,anomaly,0,NA,NA,NA,NA,0,0,0,,NA,NA,TRUE,FALSE
ips_acu,ips_ami,anomaly,0,NA,NA,NA,NA,0,0,0,,NA,NA,TRUE,FALSE
ips_acu,ips_cem,anomaly,69,0.05959477895861022,0.6266690887308692,0.10040189989039096,0.4117364815644369,48,3,1,DE,0.791644473832367,0.6416547504754191,FALSE,FALSE
ips_acu,ips_dup,anomaly,182,0.16414411286641883,0.02681445503128474,0.1723316987332928,0.020002807446923017,158,8,2,"CZ,SK",0.09463090743844932,0.08135288150669301,FALSE,FALSE
ips_acu,ips_sex,anomaly,248,0.259279664301975,3.574084328142278e-5,0.21059004202784756,8.465060381166493e-4,192,11,3,"BG,CZ,DE",5.182422275806303e-4,0.007429204308207962,FALSE,FALSE
ips_acu,ips_typ,anomaly,453,0.12922698509142755,0.005879990849221249,0.11458675687740254,0.014681359264097709,306,21,6,"BG,CZ,DE,LT,PL,SK",0.02998160505843642,0.06358744564385177,FALSE,FALSE
ips_acu,lym_dis,anomaly,109,0.06498298269957274,0.5020098991794548,0.009971272356593458,0.9180379739246614,48,5,4,"BG,DE,LT,SK",0.7064147737398657,0.9742757063694034,FALSE,FALSE
ips_acu,lym_mon,anomaly,324,-0.053624949899513843,0.33594361674587137,-0.03642948497437661,0.5134898489074142,140,15,4,"CZ,DE,LT,PL",0.55327010461604,0.7185253000928159,FALSE,FALSE
ips_acu,mel_spp,anomaly,183,0.06141440896184469,0.4088688132597048,0.06485905398948877,0.383042630126629,56,9,2,"DE,PL",0.6170033901453011,0.6186184849744831,FALSE,FALSE
ips_acu,neo_ser,anomaly,36,-0.1899937348813521,0.2670515524716346,-0.2161153319486196,0.20552985775269464,22,2,2,"BG,DE",0.47884641570549547,0.42051661080075864,FALSE,FALSE
ips_acu,ope_spp,anomaly,23,0.38783217281858073,0.06746200796047526,0.41611071198660116,0.04827690405639762,8,1,1,DE,0.19066592927812287,0.15362013435046173,FALSE,FALSE
ips_acu,pan_fla,anomaly,143,0.05501796722205644,0.5139887313126291,0.060343412456088506,0.4740396321838377,23,7,2,"DE,PL",0.7172185853253632,0.6918696601020126,FALSE,FALSE
ips_acu,pha_cya,anomaly,390,0.0724986176277205,0.152998959909665,0.06120558118270134,0.22783118864886875,206,18,3,"CZ,DE,PL",0.33133216318099534,0.4509299787204613,FALSE,FALSE
ips_acu,pis_pin,anomaly,69,0.1917056212586381,0.11456345587187106,0.21242236024844724,0.0797160702972079,50,3,2,"DE,LT",0.27686168502368835,0.22154424536765696,FALSE,FALSE
ips_acu,pit_bid,anomaly,69,0.03215910775073785,0.7930738016570619,-0.039715016441359156,0.7459390086228268,41,3,1,DE,0.8950596035622002,0.8855599706526487,FALSE,FALSE
ips_acu,pit_cha,anomaly,114,0.26501175803041904,0.00437877409746561,0.15486523156679696,0.09992298093317131,88,5,3,"DE,LT,SK",0.02433868602507968,0.26411494148201414,FALSE,FALSE
ips_acu,pit_spp,anomaly,138,0.18991097441106441,0.025681109370339517,0.13281840411517182,0.12043281993175178,112,6,1,CZ,0.09188077161823942,0.29973392124805387,FALSE,FALSE
ips_acu,pol_pol,anomaly,184,0.23242694051884985,0.0014988742974151117,0.23668201344609038,0.0012176328069362851,144,8,2,"CZ,LT",0.010201522003835504,0.009443733514261653,FALSE,FALSE
ips_acu,pri_abi,anomaly,184,0.03817678659705044,0.6068929035087283,0.02875113174471692,0.6984440659060591,110,8,2,"CZ,DE",0.7753586694111516,0.8547930127694338,FALSE,FALSE
ips_acu,sap_car,anomaly,0,NA,NA,NA,NA,0,0,0,,NA,NA,TRUE,FALSE
ips_acu,sco_int,anomaly,230,0.16188644388889606,0.013971787027370874,0.11825702302254418,0.07345855589600031,122,10,2,"CZ,DE",0.05717289538194094,0.21116186465303263,FALSE,FALSE
ips_acu,sco_rat,anomaly,230,0.20327364583830687,0.001945593098505936,0.14324475600344216,0.02987148140455888,108,10,3,"CZ,DE,LT",0.012504297261146421,0.10947604437780738,FALSE,FALSE
ips_acu,sco_sco,anomaly,0,NA,NA,NA,NA,0,0,0,,NA,NA,TRUE,FALSE
ips_acu,tet_gab,anomaly,46,0.14051767635184137,0.35162506621305933,-0.01140918902251002,0.9400128525789695,14,2,1,DE,0.5678787388961515,0.9796585152110951,FALSE,FALSE
ips_acu,tet_spp,anomaly,0,NA,NA,NA,NA,0,0,0,,NA,NA,TRUE,FALSE
ips_acu,tha_pit,anomaly,41,0.2590494490401004,0.10194786408632442,0.19372822299651574,0.22488447966190547,25,2,2,"BG,DE",0.2585514891609833,0.447755068461167,FALSE,FALSE
ips_acu,tha_pro,anomaly,23,0.15044759253152265,0.49321731968402716,0.1225296442687747,0.5775498352323445,9,1,1,DE,0.7014412627489256,0.7599703740435007,FALSE,FALSE
ips_acu,tom_spp,anomaly,353,0.1841377290919997,5.067901612580582e-4,0.11787556144340607,0.026790870116875067,208,16,4,"CZ,DE,LT,PL",0.004278848576697783,0.10153130890883902,FALSE,FALSE
ips_acu,tor_vir,anomaly,270,0.07451397950048422,0.22231087524316331,0.011702949743252077,0.8482016704780567,83,13,4,"BG,DE,LT,PL",0.4236358413379909,0.9374598296301981,FALSE,FALSE
ips_acu,uro_sir_spp,anomaly,0,NA,NA,NA,NA,0,0,0,,NA,NA,TRUE,FALSE
ips_acu,xyl_lin,anomaly,69,-0.17962232382140667,0.13971912474216755,-0.12192181220314213,0.3182861665502327,47,3,1,DE,0.3144984202775264,0.5547778085749455,FALSE,FALSE
ips_acu,xyl_spp,anomaly,69,-0.23361016285050537,0.05337389817146222,-0.18556814029959812,0.12686623141529607,45,3,1,DE,0.15682991224830528,0.3111021189485385,FALSE,FALSE
ips_acu,zei_gri,anomaly,115,0.014787975715090187,0.8753555586928249,0.017795490054423692,0.8502765621876106,58,5,1,CZ,0.9368701465136178,0.9374598296301981,FALSE,FALSE
ips_ami,ips_cem,anomaly,0,NA,NA,NA,NA,0,0,0,,NA,NA,TRUE,FALSE
ips_ami,ips_dup,anomaly,0,NA,NA,NA,NA,0,0,0,,NA,NA,TRUE,FALSE
ips_ami,ips_sex,anomaly,0,NA,NA,NA,NA,0,0,0,,NA,NA,TRUE,FALSE
ips_ami,ips_typ,anomaly,0,NA,NA,NA,NA,0,0,0,,NA,NA,TRUE,FALSE
ips_ami,lym_dis,anomaly,0,NA,NA,NA,NA,0,0,0,,NA,NA,TRUE,FALSE
ips_ami,lym_mon,anomaly,0,NA,NA,NA,NA,0,0,0,,NA,NA,TRUE,FALSE
ips_ami,mel_spp,anomaly,0,NA,NA,NA,NA,0,0,0,,NA,NA,TRUE,FALSE
ips_ami,neo_ser,anomaly,0,NA,NA,NA,NA,0,0,0,,NA,NA,TRUE,FALSE
ips_ami,ope_spp,anomaly,0,NA,NA,NA,NA,0,0,0,,NA,NA,TRUE,FALSE
ips_ami,pan_fla,anomaly,0,NA,NA,NA,NA,0,0,0,,NA,NA,TRUE,FALSE
ips_ami,pha_cya,anomaly,0,NA,NA,NA,NA,0,0,0,,NA,NA,TRUE,FALSE
ips_ami,pis_pin,anomaly,0,NA,NA,NA,NA,0,0,0,,NA,NA,TRUE,FALSE
ips_ami,pit_bid,anomaly,0,NA,NA,NA,NA,0,0,0,,NA,NA,TRUE,FALSE
ips_ami,pit_cha,anomaly,0,NA,NA,NA,NA,0,0,0,,NA,NA,TRUE,FALSE
ips_ami,pit_spp,anomaly,0,NA,NA,NA,NA,0,0,0,,NA,NA,TRUE,FALSE
ips_ami,pol_pol,anomaly,0,NA,NA,NA,NA,0,0,0,,NA,NA,TRUE,FALSE
ips_ami,pri_abi,anomaly,0,NA,NA,NA,NA,0,0,0,,NA,NA,TRUE,FALSE
ips_ami,sap_car,anomaly,0,NA,NA,NA,NA,0,0,0,,NA,NA,TRUE,FALSE
ips_ami,sco_int,anomaly,0,NA,NA,NA,NA,0,0,0,,NA,NA,TRUE,FALSE
ips_ami,sco_rat,anomaly,0,NA,NA,NA,NA,0,0,0,,NA,NA,TRUE,FALSE
ips_ami,sco_sco,anomaly,0,NA,NA,NA,NA,0,0,0,,NA,NA,TRUE,FALSE
ips_ami,tet_gab,anomaly,0,NA,NA,NA,NA,0,0,0,,NA,NA,TRUE,FALSE
ips_ami,tet_spp,anomaly,0,NA,NA,NA,NA,0,0,0,,NA,NA,TRUE,FALSE
ips_ami,tha_pit,anomaly,0,NA,NA,NA,NA,0,0,0,,NA,NA,TRUE,FALSE
ips_ami,tha_pro,anomaly,0,NA,NA,NA,NA,0,0,0,,NA,NA,TRUE,FALSE
ips_ami,tom_spp,anomaly,0,NA,NA,NA,NA,0,0,0,,NA,NA,TRUE,FALSE
ips_ami,tor_vir,anomaly,0,NA,NA,NA,NA,0,0,0,,NA,NA,TRUE,FALSE
ips_ami,uro_sir_spp,anomaly,0,NA,NA,NA,NA,0,0,0,,NA,NA,TRUE,FALSE
ips_ami,xyl_lin,anomaly,0,NA,NA,NA,NA,0,0,0,,NA,NA,TRUE,FALSE
ips_ami,xyl_spp,anomaly,0,NA,NA,NA,NA,0,0,0,,NA,NA,TRUE,FALSE
ips_ami,zei_gri,anomaly,0,NA,NA,NA,NA,0,0,0,,NA,NA,TRUE,FALSE
ips_cem,ips_dup,anomaly,0,NA,NA,NA,NA,0,0,0,,NA,NA,TRUE,FALSE
ips_cem,ips_sex,anomaly,92,0.48114400839616167,1.2045904069160297e-6,0.47232711187830395,1.9991146364485228e-6,71,4,1,DE,3.213847205651967e-5,4.3013208468102084e-5,FALSE,FALSE
ips_cem,ips_typ,anomaly,253,0.45661387007551507,1.957407999995186e-14,0.4520230425742237,3.8230197140671255e-14,188,11,1,DE,1.6319889199959864e-12,2.5499541492827726e-12,FALSE,FALSE
ips_cem,lym_dis,anomaly,138,0.27796935901693753,9.633990854027248e-4,0.29022875003710136,5.543150917773968e-4,68,6,1,DE,0.007471944069344388,0.005281830945936052,FALSE,FALSE
ips_cem,lym_mon,anomaly,69,-0.25639899275678363,0.03345415066268766,-0.29952502740226533,0.012409526316459632,38,3,1,DE,0.11326862178686632,0.05870322023459982,FALSE,FALSE
ips_cem,mel_spp,anomaly,138,0.17318365966040658,0.042222746114519025,0.17718938146848434,0.03761264450125832,70,6,1,DE,0.13391727914743518,0.12606851197155428,FALSE,FALSE
ips_cem,neo_ser,anomaly,18,-0.09883979989084689,0.6963927279851105,0.039235937082094725,0.8771587763506021,7,1,1,DE,0.8279749546632241,0.9513250468713034,FALSE,FALSE
ips_cem,ope_spp,anomaly,69,0.3648211586119132,0.002055840098561602,0.30548882425127627,0.010693499613713034,30,3,1,DE,0.0130594794832437,0.05362830257403454,FALSE,FALSE
ips_cem,pan_fla,anomaly,46,0.24003115165702832,0.10810788132282292,0.18532223250077084,0.21756087455531517,15,2,1,DE,0.270067254091097,0.43708766062769644,FALSE,FALSE
ips_cem,pha_cya,anomaly,230,0.4615750040337125,1.5467417678245974e-13,0.4995430997709334,6.390580109702951e-16,171,10,1,DE,1.0316767591390066e-11,5.688602923402457e-14,FALSE,FALSE
ips_cem,pis_pin,anomaly,69,0.40980975277321163,4.707388016558e-4,0.4196200219218123,3.317847607453907e-4,48,3,1,DE,0.0040254202654412645,0.0035595209379195446,FALSE,FALSE
ips_cem,pit_bid,anomaly,69,0.005126197568460484,0.966655152095887,-0.06952868103763245,0.5702487705116794,57,3,1,DE,0.9828643086096901,0.7568069702156123,FALSE,FALSE
ips_cem,pit_cha,anomaly,253,0.504908360171271,8.997690358542252e-18,0.5156413254667278,1.3741274280458956e-18,184,11,1,DE,1.2002918938295364e-15,1.8330859890132247e-16,FALSE,FALSE
ips_cem,pit_spp,anomaly,69,0.09805953655682062,0.42278585414294223,0.06799415418341251,0.5788080210106421,55,3,1,DE,0.6308683774347706,0.7599703740435007,FALSE,FALSE
ips_cem,pol_pol,anomaly,0,NA,NA,NA,NA,0,0,0,,NA,NA,TRUE,FALSE
ips_cem,pri_abi,anomaly,69,-0.12546854577810734,0.304304590662742,-0.10277676287906468,0.4007066599586103,37,3,1,DE,0.5183948748931503,0.6286239258375603,FALSE,FALSE
ips_cem,sap_car,anomaly,0,NA,NA,NA,NA,0,0,0,,NA,NA,TRUE,FALSE
ips_cem,sco_int,anomaly,115,0.1605157228457104,0.08659020066287057,0.17407085930718852,0.06280910318254798,56,5,1,DE,0.23011056597223478,0.1853702293042456,FALSE,FALSE
ips_cem,sco_rat,anomaly,46,0.23304998880160685,0.11907421797661939,0.23268578476719087,0.11966859867485458,35,2,1,DE,0.28155323094588075,0.29894739818774535,FALSE,FALSE
ips_cem,sco_sco,anomaly,0,NA,NA,NA,NA,0,0,0,,NA,NA,TRUE,FALSE
ips_cem,tet_gab,anomaly,138,0.5809709285612161,8.010694099652102e-14,0.5580391288365689,1.154601510001261e-12,82,6,1,DE,5.936814404964391e-12,6.417660059757009e-11,FALSE,FALSE
ips_cem,tet_spp,anomaly,115,0.4975739082137388,1.537389515322582e-8,0.5130829322181015,4.546763181915599e-9,67,5,1,DE,5.397046351158749e-7,1.5163455211688524e-7,FALSE,FALSE
ips_cem,tha_pit,anomaly,23,0.29551961058258547,0.1709886660468035,0.3804347826086957,0.07332766007090889,11,1,1,DE,0.35864603853213184,0.21116186465303263,FALSE,FALSE
ips_cem,tha_pro,anomaly,138,0.2681959139006494,0.001470688666974962,0.1801529262150419,0.03448117340570755,89,6,1,DE,0.010142514636657373,0.11855125083302544,FALSE,FALSE
ips_cem,tom_spp,anomaly,230,0.30472712968328625,2.492946797328085e-6,0.3251605808279437,4.6039758773345213e-7,160,10,1,DE,5.733777633854596e-5,1.1373525593267132e-5,FALSE,FALSE
ips_cem,tor_vir,anomaly,161,0.17994318020630976,0.022365095841373802,0.16116287094547965,0.04111539049913351,91,7,1,DE,0.083338094559756,0.13509342592572438,FALSE,FALSE
ips_cem,uro_sir_spp,anomaly,0,NA,NA,NA,NA,0,0,0,,NA,NA,TRUE,FALSE
ips_cem,xyl_lin,anomaly,184,0.29314829561598144,5.3807532434842074e-5,0.2890004045385371,6.928958119868386e-5,130,8,1,DE,7.324413088579523e-4,9.243230131904427e-4,FALSE,FALSE
ips_cem,xyl_spp,anomaly,161,0.1914945338639163,0.014956761271858417,0.1616287094547964,0.04052604484921065,109,7,1,DE,0.059737483642692,0.13381619759615596,FALSE,FALSE
ips_cem,zei_gri,anomaly,0,NA,NA,NA,NA,0,0,0,,NA,NA,TRUE,FALSE
ips_dup,ips_sex,anomaly,161,0.09612444869401202,0.22513366583737457,0.11975500345065564,0.1302462584907692,135,7,1,CZ,0.42539420712047826,0.3130551857380856,FALSE,FALSE
ips_dup,ips_typ,anomaly,227,0.2149153059017278,0.0011207878746274807,0.17881933401590996,0.006910695800836034,183,10,3,"CZ,RO,SK",0.008495062640642382,0.038094496687253177,FALSE,FALSE
ips_dup,lym_dis,anomaly,43,-0.23262142629059815,0.13332190583580725,-0.15131380247659318,0.3327523287110634,16,2,2,"RO,SK",0.3055866364002867,0.5705547641395354,FALSE,FALSE
ips_dup,lym_mon,anomaly,115,0.14871489681291405,0.1126936282501794,0.13928825061153635,0.13764193395514163,77,5,1,CZ,0.2742497942431649,0.3255573402414166,FALSE,FALSE
ips_dup,mel_spp,anomaly,0,NA,NA,NA,NA,0,0,0,,NA,NA,TRUE,FALSE
ips_dup,neo_ser,anomaly,0,NA,NA,NA,NA,0,0,0,,NA,NA,TRUE,FALSE
ips_dup,ope_spp,anomaly,0,NA,NA,NA,NA,0,0,0,,NA,NA,TRUE,FALSE
ips_dup,pan_fla,anomaly,0,NA,NA,NA,NA,0,0,0,,NA,NA,TRUE,FALSE
ips_dup,pha_cya,anomaly,161,0.007623826825141119,0.9235339460078809,0.006639636530940879,0.9333808136219617,132,7,1,CZ,0.9611621611005055,0.9796585152110951,FALSE,FALSE
ips_dup,pis_pin,anomaly,0,NA,NA,NA,NA,0,0,0,,NA,NA,TRUE,FALSE
ips_dup,pit_bid,anomaly,0,NA,NA,NA,NA,0,0,0,,NA,NA,TRUE,FALSE
ips_dup,pit_cha,anomaly,21,0.3371897018632212,0.1349776259353183,0.35844155844155845,0.11058955072221299,21,1,1,SK,0.30692020832380346,0.2825817323188405,FALSE,FALSE
ips_dup,pit_spp,anomaly,138,-0.04261899294159603,0.6196605840491074,-0.00839518800700474,0.9221500326140497,115,6,1,CZ,0.7887664304594554,0.9763080504024939,FALSE,FALSE
ips_dup,pol_pol,anomaly,184,0.06634340538175333,0.37090513322004726,0.07834370364662595,0.29047086282569956,132,8,1,CZ,0.5842285596638295,0.52935537023153445,FALSE,FALSE
ips_dup,pri_abi,anomaly,161,-0.07284522619775544,0.3584508210257461,-0.07822923855532551,0.3239388098102084,94,7,1,CZ,0.572069223233752,0.558313142489429,FALSE,FALSE
ips_dup,sap_car,anomaly,0,NA,NA,NA,NA,0,0,0,,NA,NA,TRUE,FALSE
ips_dup,sco_int,anomaly,161,-0.04682434546713903,0.5553055711877455,-0.06876006441223832,0.3861088041062851,85,7,1,CZ,0.7345105861532502,0.61907349119926,FALSE,FALSE
ips_dup,sco_rat,anomaly,161,0.034482352936952246,0.6641054496854981,0.07645502645502646,0.33506677891030423,78,7,1,CZ,0.817629924057424,0.5726033991684676,FALSE,FALSE
ips_dup,sco_sco,anomaly,0,NA,NA,NA,NA,0,0,0,,NA,NA,TRUE,FALSE
ips_dup,tet_gab,anomaly,0,NA,NA,NA,NA,0,0,0,,NA,NA,TRUE,FALSE
ips_dup,tet_spp,anomaly,0,NA,NA,NA,NA,0,0,0,,NA,NA,TRUE,FALSE
ips_dup,tha_pit,anomaly,0,NA,NA,NA,NA,0,0,0,,NA,NA,TRUE,FALSE
ips_dup,tha_pro,anomaly,0,NA,NA,NA,NA,0,0,0,,NA,NA,TRUE,FALSE
ips_dup,tom_spp,anomaly,184,0.04599086396436354,0.5353057420470788,0.10551328234863516,0.15401840015971427,150,8,1,CZ,0.7267326811191256,0.34942269696098444,FALSE,FALSE
ips_dup,tor_vir,anomaly,22,0.5409925743408451,0.009325990354321424,0.6804065499717673,4.92844941288691e-4,6,1,1,RO,0.0438058842699464,0.004906381728948609,FALSE,FALSE
ips_dup,uro_sir_spp,anomaly,0,NA,NA,NA,NA,0,0,0,,NA,NA,TRUE,FALSE
ips_dup,xyl_lin,anomaly,0,NA,NA,NA,NA,0,0,0,,NA,NA,TRUE,FALSE
ips_dup,xyl_spp,anomaly,0,NA,NA,NA,NA,0,0,0,,NA,NA,TRUE,FALSE
ips_dup,zei_gri,anomaly,115,-0.13571618475937425,0.14812250487622025,-0.22829917052303775,0.014128079847671594,62,5,1,CZ,0.3265857532487734,0.06324449166709364,FALSE,FALSE
ips_sex,ips_typ,anomaly,271,0.3491682012879485,3.4530212310801656e-9,0.35585341147529115,1.644435486983236e-9,228,12,3,"BG,CZ,DE",1.439478225706544e-7,6.451990998928343e-8,FALSE,FALSE
ips_sex,lym_dis,anomaly,64,-0.08770036100800035,0.49075757749693905,-0.06373626373626373,0.6168287852250104,27,3,2,"BG,DE",0.6994344106633725,0.797334883226903,FALSE,FALSE
ips_sex,lym_mon,anomaly,161,0.04781310635287466,0.5469759491788103,0.008100414078674949,0.9187697440874885,102,7,2,"CZ,DE",0.7286958143964046,0.9742757063694034,FALSE,FALSE
ips_sex,mel_spp,anomaly,23,0.2738192078559924,0.20612608476820463,0.16403162055335968,0.45452868560296955,8,1,1,DE,0.4055637125085324,0.6777599954418813,FALSE,FALSE
ips_sex,neo_ser,anomaly,36,0.15763873730265412,0.3585081488931159,0.15214313422469827,0.37571720346528736,21,2,2,"BG,DE",0.572069223233752,0.6112277431984064,FALSE,FALSE
ips_sex,ope_spp,anomaly,46,0.40505982079318315,0.005231322886290975,0.31824349388268464,0.03112921505333996,14,2,1,DE,0.02836823061102504,0.11346003519441394,FALSE,FALSE
ips_sex,pan_fla,anomaly,23,-0.06849240633894017,0.756161919555774,0.2717391304347826,0.2097314194246668,8,1,1,DE,0.8741074529353575,0.4252001725114065,FALSE,FALSE
ips_sex,pha_cya,anomaly,253,0.41761148353371397,4.243814747539866e-12,0.4066448215712167,1.7073826705214767e-11,198,11,2,"CZ,DE",2.3588536971742425e-10,8.760186471060192e-10,FALSE,FALSE
ips_sex,pis_pin,anomaly,46,0.15292639337087688,0.3102790179445825,0.20468701819303114,0.17239545441246856,41,2,1,DE,0.5252693019518694,0.3782492371484097,FALSE,FALSE
ips_sex,pit_bid,anomaly,69,0.08224884955051442,0.5016674148654201,0.12404092071611256,0.3098837425384533,57,3,1,DE,0.7064147737398657,0.5453626814594943,FALSE,FALSE
ips_sex,pit_cha,anomaly,92,0.29978823872776006,0.00369320787490661,0.43544534007367103,1.437374854109471e-5,71,4,1,DE,0.021235945280713008,2.2826881611690887e-4,FALSE,FALSE
ips_sex,pit_spp,anomaly,138,0.30535584514099634,0.00027066512613652523,0.21570633052428254,0.011056339752115346,113,6,1,CZ,0.002581886624946091,0.05405049983685317,FALSE,FALSE
ips_sex,pol_pol,anomaly,161,0.047696384562984376,0.5479560512192964,0.07883022774327123,0.3202240724158231,123,7,1,CZ,0.7286958143964046,0.5547778085749455,FALSE,FALSE
ips_sex,pri_abi,anomaly,184,-0.027706187811032477,0.7088987365562627,-0.011224981217853633,0.8797941494115191,114,8,2,"CZ,DE",0.8383607398635234,0.9526342494439664,FALSE,FALSE
ips_sex,sap_car,anomaly,0,NA,NA,NA,NA,0,0,0,,NA,NA,TRUE,FALSE
ips_sex,sco_int,anomaly,230,0.06967152831320271,0.2927338526613879,0.0688013334681267,0.2988184386555455,128,10,2,"CZ,DE",0.5045309553621337,0.5347294890435709,FALSE,FALSE
ips_sex,sco_rat,anomaly,207,0.12423198113318715,0.07450838938767151,0.09706573151064499,0.16411518569695585,109,9,2,"CZ,DE",0.2045147972081354,0.36590093127368795,FALSE,FALSE
ips_sex,sco_sco,anomaly,0,NA,NA,NA,NA,0,0,0,,NA,NA,TRUE,FALSE
ips_sex,tet_gab,anomaly,46,0.26876477479967303,0.07090616480642596,0.12661116250385443,0.40176786086410643,18,2,1,DE,0.1987160164953198,0.6286239258375603,FALSE,FALSE
ips_sex,tet_spp,anomaly,0,NA,NA,NA,NA,0,0,0,,NA,NA,TRUE,FALSE
ips_sex,tha_pit,anomaly,41,0.18547641092273703,0.24563850479360053,0.20888501742160284,0.1899703787811439,25,2,2,"BG,DE",0.4538528606574281,0.40287279896901007,FALSE,FALSE
ips_sex,tha_pro,anomaly,46,0.6264837339056759,3.202926423020083e-6,0.47875423990132593,7.634372461125828e-4,19,2,1,DE,6.891457819852888e-5,0.006789501908761236,FALSE,FALSE
ips_sex,tom_spp,anomaly,253,0.3785835511827134,4.810355709185643e-10,0.35959264973301264,3.873036673822695e-9,211,11,2,"CZ,DE",2.1390048386845493e-8,1.3596397165472305e-7,FALSE,FALSE
ips_sex,tor_vir,anomaly,110,0.20970436904037648,0.027893367603016833,0.13686630750850934,0.15392986241160903,65,5,2,"BG,DE",0.09639832223426024,0.34942269696098444,FALSE,FALSE
ips_sex,uro_sir_spp,anomaly,0,NA,NA,NA,NA,0,0,0,,NA,NA,TRUE,FALSE
ips_sex,xyl_lin,anomaly,92,0.303098196959147,0.003315280373529185,0.2999861288781345,0.0036695747033095843,71,4,1,DE,0.019568955833132444,0.02376316822434459,FALSE,FALSE
ips_sex,xyl_spp,anomaly,92,0.32539088245898257,0.001551003332805206,0.28896629317386674,0.005211976725102478,69,4,1,DE,0.010345192229810724,0.03131881509588606,FALSE,FALSE
ips_sex,zei_gri,anomaly,115,-0.05879007450330489,0.532557843007804,-0.053260205045368283,0.5718601394132963,57,5,1,CZ,0.7249307781351126,0.7568069702156123,FALSE,FALSE
ips_typ,lym_dis,anomaly,373,0.1951887401235648,1.4846734349502902e-4,0.18262982470825948,3.9233012669657026e-4,212,17,9,"AT,BG,DE,HR,HU,LT,RO,RS,SK",0.0016784359001895653,0.004088815539165818,FALSE,FALSE
ips_typ,lym_mon,anomaly,507,-0.06940563479091595,0.11856897941860428,-0.08356443545920281,0.06007573023759002,368,24,4,"CZ,DE,LT,PL",0.28155323094588075,0.17968839492588584,FALSE,FALSE
ips_typ,mel_spp,anomaly,478,0.0017285179679724897,0.9699332254022198,0.011051406789152177,0.8095597757919293,365,23,2,"DE,PL",0.9845095139928772,0.9230365306892595,FALSE,FALSE
ips_typ,neo_ser,anomaly,36,-0.15948999631839705,0.35281948295572263,-0.1382417310975685,0.4213685985709864,23,2,2,"BG,DE",0.568431389206442,0.6463353657074454,FALSE,FALSE
ips_typ,ope_spp,anomaly,69,0.12019986532991024,0.3252202081822956,0.1934470254752281,0.11124557374696263,29,3,1,DE,0.5409523163530952,0.2825817323188405,FALSE,FALSE
ips_typ,pan_fla,anomaly,306,0.1480111451136587,0.009518777032383855,0.144711054710772,0.01126389726735021,159,15,2,"DE,PL",0.04409345003577924,0.05405049983685317,FALSE,FALSE
ips_typ,pha_cya,anomaly,816,0.34894374967746555,8.916798611466448e-25,0.35235128916514685,2.9137661534720327e-25,668,38,4,"AT,CZ,DE,PL",2.9737523369240604e-22,6.47827341455282e-23,FALSE,FALSE
ips_typ,pis_pin,anomaly,92,0.3541547952938222,5.332801344212202e-4,0.3743507544349058,2.3676220340122976e-4,68,4,2,"DE,LT",0.004391331477271035,0.0027227653391141424,FALSE,FALSE
ips_typ,pit_bid,anomaly,69,0.10640019741941449,0.38421644615433703,0.09104859335038365,0.45685410895785894,58,3,1,DE,0.59737149087399255,0.6782345622668515,FALSE,FALSE
ips_typ,pit_cha,anomaly,510,0.6551574724449811,7.45073135755199e-64,0.6359678430136219,3.735943659542645e-59,430,23,5,"AT,DE,LT,SI,SK",4.969637815487177e-61,2.4918744209149443e-56,FALSE,FALSE
ips_typ,pit_spp,anomaly,400,0.32691246326043033,2.0440919050997562e-11,0.3212056325352033,4.7313827611445416e-11,352,18,5,"AT,CZ,DE,HR,SI",9.73863786215384e-10,2.103888201122273e-9,FALSE,FALSE
ips_typ,pol_pol,anomaly,207,0.17876477815074565,0.009960541203703972,0.16780043510731568,0.01565892715383978,161,9,2,"CZ,LT",0.04550466426623664,0.06652550580644034,FALSE,FALSE
ips_typ,pri_abi,anomaly,230,-0.037627479484587875,0.5702108803289789,-0.05317056211303411,0.4222372266197144,146,10,2,"CZ,DE",0.7472115072287405,0.6463353657074454,FALSE,FALSE
ips_typ,sap_car,anomaly,0,NA,NA,NA,NA,0,0,0,,NA,NA,TRUE,FALSE
ips_typ,sco_int,anomaly,276,0.01912564334472495,0.7517551200766064,-0.010920506271314622,0.8566760039680598,146,12,2,"CZ,DE",0.8705219880053758,0.9390528934181107,FALSE,FALSE
ips_typ,sco_rat,anomaly,230,0.12947964122370464,0.049853285768196004,0.1220473469951351,0.06463584057539577,121,10,3,"CZ,DE,LT",0.14911274263402122,0.18826247014755013,FALSE,FALSE
ips_typ,sco_sco,anomaly,0,NA,NA,NA,NA,0,0,0,,NA,NA,TRUE,FALSE
ips_typ,tet_gab,anomaly,222,0.2816604387329371,2.048760837204893e-5,0.2705570859092357,4.409618570172321e-5,149,10,2,"AT,DE",3.1779615777108457e-4,6.257905502776465e-4,FALSE,FALSE
ips_typ,tet_spp,anomaly,115,0.3339263986546825,2.6520791337925813e-4,0.3286199005760278,3.362066253207366e-4,66,5,1,DE,0.002581886624946091,0.0035595209379195446,FALSE,FALSE
ips_typ,tha_pit,anomaly,64,-0.008064398955073373,0.9495716886014175,-0.04391025641025641,0.7304516418678946,52,3,3,"BG,DE,HR",0.9713298580291385,0.8771589788998791,FALSE,FALSE
ips_typ,tha_pro,anomaly,138,0.07676130398647918,0.37086182925172984,-0.016742429604396456,0.8454683445163345,85,6,1,DE,0.5842285596638295,0.9374598296301981,FALSE,FALSE
ips_typ,tom_spp,anomaly,804,0.3387254882773266,4.922624183707524e-23,0.3626670219364876,2.1277656429758155e-26,620,37,5,"AT,CZ,DE,LT,PL",1.0944634435109729e-20,7.096098419324344e-24,FALSE,FALSE
ips_typ,tor_vir,anomaly,524,0.1602955011784443,2.2922394576110005e-4,0.14789176610903873,6.837718161448171e-4,323,25,5,"BG,DE,LT,PL,RO",0.0023385782508780536,0.006247613717377986,FALSE,FALSE
ips_typ,uro_sir_spp,anomaly,0,NA,NA,NA,NA,0,0,0,,NA,NA,TRUE,FALSE
ips_typ,xyl_lin,anomaly,184,0.08942534493484222,0.2273635910647439,0.11440927741711776,0.12200096245177788,132,8,1,DE,0.4264443029454005,0.30250796265924107,FALSE,FALSE
ips_typ,xyl_spp,anomaly,161,0.20162160632201612,0.010324945540954441,0.19496491833448357,0.013197960290869198,107,7,1,DE,0.046666397030049246,0.060294791191847635,FALSE,FALSE
ips_typ,zei_gri,anomaly,115,-0.07106549889704201,0.45041569938526416,-0.10281137225234227,0.27422475913734873,62,5,1,CZ,0.6588317357236211,0.5109159618564569,FALSE,FALSE
lym_dis,lym_mon,anomaly,69,-0.07348938267922603,0.5484337313748053,-0.10332480818414323,0.3981861835582994,18,3,2,"DE,LT",0.7286958143964046,0.6286239258375603,FALSE,FALSE
lym_dis,mel_spp,anomaly,92,0.40211614780428556,7.088016787317708e-5,0.38963981320222546,1.2349469415788176e-4,40,4,1,DE,9.091744609886368e-4,0.001554169075534097,FALSE,FALSE
lym_dis,neo_ser,anomaly,36,-0.01424341304436289,0.934290074427115,-0.05534817911727602,0.7485022037888026,16,2,2,"BG,DE",0.9640369796422846,0.8855599706526487,FALSE,FALSE
lym_dis,ope_spp,anomaly,46,0.37231559100008604,0.010833969334654258,0.29271000425721344,0.04837101368746428,18,2,1,DE,0.047856010239830396,0.15362013435046173,FALSE,FALSE
lym_dis,pan_fla,anomaly,23,0.3108316209727889,0.14884867914186972,0.2272727272727273,0.29699219432941915,6,1,1,DE,0.3265857532487734,0.5347294890435709,FALSE,FALSE
lym_dis,pha_cya,anomaly,201,0.3174102568517938,4.405193547959325e-6,0.3089906901137875,8.078975783875387e-6,94,9,2,"AT,DE",8.903830595420817e-5,1.4563991480661848e-4,FALSE,FALSE
lym_dis,pis_pin,anomaly,69,0.2988391659279622,0.01262138246685433,0.22385823894775306,0.06444664377874806,26,3,2,"DE,LT",0.05261538815869899,0.18826247014755013,FALSE,FALSE
lym_dis,pit_bid,anomaly,46,-0.1392079504485816,0.35617710213623865,-0.05408572309589885,0.721096731189726,19,2,1,DE,0.5710820363578634,0.8713252168542521,FALSE,FALSE
lym_dis,pit_cha,anomaly,267,0.10866529613214242,0.076307085546785,0.10786819471956766,0.07850138849544618,126,12,4,"AT,DE,LT,SK",0.2077421471824718,0.2197357041644229,FALSE,FALSE
lym_dis,pit_spp,anomaly,155,-0.0069613180349058544,0.9314924838731086,-0.07291740517546967,0.3672337893555464,89,7,3,"AT,DE,HR",0.9640369796422846,0.6008404535400165,FALSE,FALSE
lym_dis,pol_pol,anomaly,23,0.23914995359023355,0.2717648991423473,0.1314229249011858,0.5500163417360642,7,1,1,LT,0.4835323561425314,0.7426334006841191,FALSE,FALSE
lym_dis,pri_abi,anomaly,69,0.05280299341757541,0.666539307630131,-0.05016441359152357,0.682288528438461,16,3,1,DE,0.81875086222706706,0.8430860660125845,FALSE,FALSE
lym_dis,sap_car,anomaly,0,NA,NA,NA,NA,0,0,0,,NA,NA,TRUE,FALSE
lym_dis,sco_int,anomaly,92,0.28566405566466546,0.005774857499792246,0.22041212644298197,0.034750651806043927,22,4,1,DE,0.02998160505843642,0.11886505002375025,FALSE,FALSE
lym_dis,sco_rat,anomaly,46,0.18197879059861855,0.22612115929188856,0.0322540857230959,0.831488582846756,10,2,2,"DE,LT",0.42605314476748496,0.9374598296301981,FALSE,FALSE
lym_dis,sco_sco,anomaly,0,NA,NA,NA,NA,0,0,0,,NA,NA,TRUE,FALSE
lym_dis,tet_gab,anomaly,155,0.17741930558630564,0.02720774304086623,0.22838451870709933,0.00426020538893529,60,7,2,"AT,DE",0.09501342726836533,0.026310712911294797,FALSE,FALSE
lym_dis,tet_spp,anomaly,69,0.38324259629606805,0.0011526072300500037,0.38297405918889305,0.0011626528831547643,31,3,1,DE,0.008638078903857893,0.009342379381927854,FALSE,FALSE
lym_dis,tha_pit,anomaly,41,-0.1821928011363895,0.25424491987027453,-0.1520905923344948,0.34248021149814956,27,2,2,"BG,HR",0.4652267727558685,0.5783146862513057,FALSE,FALSE
lym_dis,tha_pro,anomaly,69,0.3785601618147348,0.0013395041986937713,0.2717573986116186,0.023893352430169833,40,3,1,DE,0.009562934219427726,0.09319804719838175,FALSE,FALSE
lym_dis,tom_spp,anomaly,245,0.06096295411759767,0.3419977587920897,0.031167124986740003,0.6273459813555834,110,11,3,"AT,DE,LT",0.5618534608727188,0.8069819781142704,FALSE,FALSE
lym_dis,tor_vir,anomaly,133,0.016273296336977397,0.8525125181874397,-3.315616041460503e-4,0.9969778910517954,65,6,4,"BG,DE,LT,RO",0.9230939117386726,0.9996754496624393,FALSE,FALSE
lym_dis,uro_sir_spp,anomaly,0,NA,NA,NA,NA,0,0,0,,NA,NA,TRUE,FALSE
lym_dis,xyl_lin,anomaly,69,-0.20761429674012877,0.08693832477511719,-0.25096821337230546,0.037522778279793494,36,3,1,DE,0.23011056597223478,0.12606851197155428,FALSE,FALSE
lym_dis,xyl_spp,anomaly,92,-0.02936166224507888,0.7811378865561318,-0.02174683661359678,0.8369778507735385,39,4,1,DE,0.8860866842396938,0.9374598296301981,FALSE,FALSE
lym_dis,zei_gri,anomaly,0,NA,NA,NA,NA,0,0,0,,NA,NA,TRUE,FALSE
lym_mon,mel_spp,anomaly,346,0.07726650235927371,0.15151980539903567,0.043257795066751745,0.42249208313110376,229,17,2,"DE,PL",0.33027356274887837,0.6463353657074454,FALSE,FALSE
lym_mon,neo_ser,anomaly,18,0.33318200187301744,0.17667176720912806,0.1652039456088199,0.5123985603835295,2,1,1,DE,0.36482993414392695,0.7185253000928159,FALSE,FALSE
lym_mon,ope_spp,anomaly,46,0.21018026504249274,0.16091591906456768,0.12643394621308207,0.40243240829481,13,2,1,DE,0.3418182102422504,0.6286239258375603,FALSE,FALSE
lym_mon,pan_fla,anomaly,283,0.22223511679367206,1.6372646218614764e-4,0.21430613604187337,2.8176528153352936e-4,142,14,2,"DE,PL",0.0017784881831175705,0.003132290713047735,FALSE,FALSE
lym_mon,pha_cya,anomaly,484,-0.08984747168867256,0.04820799395089288,-0.10253829134070361,0.024073224329946588,344,23,3,"CZ,DE,PL",0.14615787256929796,0.09335372458182775,FALSE,FALSE
lym_mon,pis_pin,anomaly,69,-0.2204451571635678,0.06873397664479841,-0.31472415052977715,0.008442770401842875,32,3,2,"DE,LT",0.19344119165434828,0.043653704325807736,FALSE,FALSE
lym_mon,pit_bid,anomaly,46,-0.12213009199305472,0.4187659899705982,-0.0058587727412889295,0.9691751238592199,21,2,1,DE,0.6262711105614104,0.9936596809821837,FALSE,FALSE
lym_mon,pit_cha,anomaly,92,-0.17441576439416953,0.096345348708537365,-0.19912766055823558,0.057046372064790386,43,4,2,"DE,LT",0.2481171721567352,0.1729542280327963,FALSE,FALSE
lym_mon,pit_spp,anomaly,138,-0.08801230085435369,0.304656161318278,-0.04005351732577758,0.6409079596158154,79,6,2,"CZ,DE",0.5183948748931503,0.8154104907504345,FALSE,FALSE
lym_mon,pol_pol,anomaly,138,0.02171431897624018,0.8004265891301472,0.03611734541278434,0.6740758566945771,81,6,2,"CZ,LT",0.8957794210567251,0.8388220082374681,FALSE,FALSE
lym_mon,pri_abi,anomaly,161,0.06798876930891552,0.3914719478682318,0.01762709914883828,0.8243626852564448,74,7,2,"CZ,DE",0.6058278172345953,0.9351188963708312,FALSE,FALSE
lym_mon,sap_car,anomaly,0,NA,NA,NA,NA,0,0,0,,NA,NA,TRUE,FALSE
lym_mon,sco_int,anomaly,161,0.12345323946473476,0.11870910297892288,0.07421497584541063,0.34946058670691016,67,7,2,"CZ,DE",0.28155323094588075,0.5871289958022898,FALSE,FALSE
lym_mon,sco_rat,anomaly,184,-0.018401140757510294,0.8041922820863703,-0.039396274392710595,0.5954454919925656,64,8,3,"CZ,DE,LT",0.8961852175279893,0.7772253290783586,FALSE,FALSE
lym_mon,sco_sco,anomaly,0,NA,NA,NA,NA,0,0,0,,NA,NA,TRUE,FALSE
lym_mon,tet_gab,anomaly,46,-0.09678705751393382,0.5222498919970484,0.0017884674683934629,0.9905882506928388,10,2,1,DE,0.7191601534086285,0.9996754496624393,FALSE,FALSE
lym_mon,tet_spp,anomaly,0,NA,NA,NA,NA,0,0,0,,NA,NA,TRUE,FALSE
lym_mon,tha_pit,anomaly,23,-0.2643206558980367,0.22293280406242102,-0.21541501976284583,0.3235762173069896,6,1,1,DE,0.4236358413379909,0.558313142489429,FALSE,FALSE
lym_mon,tha_pro,anomaly,46,0.6407766707071914,1.6124300609269158e-6,0.641936478569226,1.52272561811003e-6,22,2,1,DE,3.8410387522794744e-5,3.385526624264634e-5,FALSE,FALSE
lym_mon,tom_spp,anomaly,387,-0.08067618655127415,0.11307150437311897,-0.08651831111188404,0.08918769606103948,219,18,4,"CZ,DE,LT,PL",0.2742497942431649,0.24084288774377868,FALSE,FALSE
lym_mon,tor_vir,anomaly,352,0.025843386050594736,0.6289388423630027,0.04303412200012767,0.420881553079989,169,17,3,"DE,LT,PL",0.7930098447185686,0.6463353657074454,FALSE,FALSE
lym_mon,uro_sir_spp,anomaly,0,NA,NA,NA,NA,0,0,0,,NA,NA,TRUE,FALSE
lym_mon,xyl_lin,anomaly,69,-0.05086410512338784,0.6780986530078448,0.0010230179028132994,0.9933436625447325,37,3,1,DE,0.8219381142042448,0.9996754496624393,FALSE,FALSE
lym_mon,xyl_spp,anomaly,69,-0.031040366320523243,0.8001204777531967,0.005078553160394593,0.966964895086592,35,3,1,DE,0.8957794210567251,0.9936596809821837,FALSE,FALSE
lym_mon,zei_gri,anomaly,92,-0.12478223267631812,0.23596078577410307,-0.12240069203426233,0.24509302661233545,41,4,1,CZ,0.4408567061941926,0.4711154142663624,FALSE,FALSE
mel_spp,neo_ser,anomaly,0,NA,NA,NA,NA,0,0,0,,NA,NA,TRUE,FALSE
mel_spp,ope_spp,anomaly,23,0.47803508677626355,0.021046647583850206,0.5604151394213844,0.005412651342926355,6,1,1,DE,0.08021779393387478,0.031668758295893676,FALSE,FALSE
mel_spp,pan_fla,anomaly,306,0.1652087412257956,0.0037544854200527813,0.17827065252330443,0.0017432128851674158,147,15,2,"DE,PL",0.021403775856198334,0.012502397789318992,FALSE,FALSE
mel_spp,pha_cya,anomaly,458,0.1048253163818305,0.024870183078912787,0.09633548379521766,0.03931918886832764,330,22,2,"DE,PL",0.08989784623657322,0.13047710932922654,FALSE,FALSE
mel_spp,pis_pin,anomaly,46,0.5458451693967742,8.725637658218191e-5,0.44310823311748376,0.0020423622516080667,14,2,1,DE,0.0010392857710770597,0.014190162727318547,FALSE,FALSE
mel_spp,pit_bid,anomaly,23,-0.1221657669637923,0.5786890631483799,-0.20059288537549405,0.35875590531189816,8,1,1,DE,0.7533387194472322,0.5952492259777017,FALSE,FALSE
mel_spp,pit_cha,anomaly,138,-0.10337279014201745,0.22760745404582094,0.02038635673498649,0.8123994059487729,62,6,1,DE,0.4264443029454005,0.9246935217881084,FALSE,FALSE
mel_spp,pit_spp,anomaly,69,0.05440126718123514,0.6570683578495282,0.03803434417245159,0.7563499594843345,43,3,1,DE,0.8137288784714362,0.8855599706526487,FALSE,FALSE
mel_spp,pol_pol,anomaly,0,NA,NA,NA,NA,0,0,0,,NA,NA,TRUE,FALSE
mel_spp,pri_abi,anomaly,23,-0.13892315575016465,0.5272727063575811,-0.17885375494071146,0.41419492882139053,0,1,1,DE,0.7194159806970448,0.6439813928295279,FALSE,FALSE
mel_spp,sap_car,anomaly,0,NA,NA,NA,NA,0,0,0,,NA,NA,TRUE,FALSE
mel_spp,sco_int,anomaly,69,0.20397034415121448,0.0927482858960599,0.19064669345999272,0.11661791839804576,18,3,1,DE,0.24071247740339285,0.2935251002697982,FALSE,FALSE
mel_spp,sco_rat,anomaly,23,0.02188449390600201,0.9210486354981371,-0.09683794466403162,0.6602593843743974,7,1,1,DE,0.9611621611005055,0.8278064086047425,FALSE,FALSE
mel_spp,sco_sco,anomaly,0,NA,NA,NA,NA,0,0,0,,NA,NA,TRUE,FALSE
mel_spp,tet_gab,anomaly,115,0.20907416652630856,0.024934185238030055,0.20262763355164526,0.02987202410308987,57,5,1,DE,0.08989784623657322,0.10947604437780738,FALSE,FALSE
mel_spp,tet_spp,anomaly,92,0.38463296071247427,1.5337166007137662e-4,0.41261963842609,4.3649512358405175e-5,53,4,1,DE,0.0017049816211268036,6.257905502776465e-4,FALSE,FALSE
mel_spp,tha_pit,anomaly,23,-0.23246653413582966,0.28578780001487586,-0.22529644268774704,0.30132600343455657,2,1,1,DE,0.4964074547133391,0.537391562274998,FALSE,FALSE
mel_spp,tha_pro,anomaly,115,0.2907715920052249,0.0016186711887062376,0.2741339856387596,0.003030205426619366,56,5,1,DE,0.010584840028108436,0.020011356629258584,FALSE,FALSE
mel_spp,tom_spp,anomaly,358,0.13338942932912676,0.011526476749159242,0.12901208163818276,0.014577743883979796,176,17,2,"DE,PL",0.048969171921587354,0.06358744564385177,FALSE,FALSE
mel_spp,tor_vir,anomaly,346,0.06159791890043847,0.25315210270321586,0.06704086946382051,0.21352921328354355,176,17,2,"DE,PL",0.46515827135825066,0.43158783412158647,FALSE,FALSE
mel_spp,uro_sir_spp,anomaly,0,NA,NA,NA,NA,0,0,0,,NA,NA,TRUE,FALSE
mel_spp,xyl_lin,anomaly,69,0.02051660489559735,0.86711209459533,-0.07774936061381076,0.5254294943672995,22,3,1,DE,0.9328447856372342,0.724959615884259,FALSE,FALSE
mel_spp,xyl_spp,anomaly,92,-0.30513205132080284,0.003100607255738724,-0.2633971918684401,0.011185779688560913,22,4,1,DE,0.018631576933132693,0.05405049983685317,FALSE,FALSE
mel_spp,zei_gri,anomaly,0,NA,NA,NA,NA,0,0,0,,NA,NA,TRUE,FALSE
neo_ser,ope_spp,anomaly,18,-0.22562585339084273,0.3680061926247018,-0.2747933884297521,0.26978029166025846,2,1,1,DE,0.5842285596638295,0.5068829705278659,FALSE,FALSE
neo_ser,pan_fla,anomaly,0,NA,NA,NA,NA,0,0,0,,NA,NA,TRUE,FALSE
neo_ser,pha_cya,anomaly,18,0.008783543675813209,0.9724062841983754,0.31182244733664755,0.20778831757012278,7,1,1,DE,0.9845095139928772,0.42254514579046315,FALSE,FALSE
neo_ser,pis_pin,anomaly,18,0.004344073827012135,0.9863511307445348,-0.004130098640220497,0.9870233755005485,7,1,1,DE,0.9966542138548445,0.9996754496624393,FALSE,FALSE
neo_ser,pit_bid,anomaly,18,-0.30999004383524426,0.2106144310954696,-0.37583897626006524,0.12427663197710508,6,1,1,DE,0.4090913856147336,0.30633350480611443,FALSE,FALSE
neo_ser,pit_cha,anomaly,18,0.36882971318785013,0.13202521875048157,0.47083124498513673,0.04859647428477875,7,1,1,DE,0.30444330497505406,0.15362013435046173,FALSE,FALSE
neo_ser,pit_spp,anomaly,0,NA,NA,NA,NA,0,0,0,,NA,NA,TRUE,FALSE
neo_ser,pol_pol,anomaly,0,NA,NA,NA,NA,0,0,0,,NA,NA,TRUE,FALSE
neo_ser,pri_abi,anomaly,18,-0.14004058499131397,0.5794207152948755,-0.07950439882424457,0.7538328472747767,2,1,1,DE,0.7533387194472322,0.8855599706526487,FALSE,FALSE
neo_ser,sap_car,anomaly,0,NA,NA,NA,NA,0,0,0,,NA,NA,TRUE,FALSE
neo_ser,sco_int,anomaly,18,0.15278292538348665,0.5450205752763508,0.18791948813003262,0.4552271033852515,4,1,1,DE,0.7285397536043555,0.6777599954418813,FALSE,FALSE
neo_ser,sco_rat,anomaly,18,0.3973045437123301,0.10254682804069049,0.3149200213168129,0.20306760486714312,6,1,1,DE,0.2585514891609833,0.4180434952048903,FALSE,FALSE
neo_ser,sco_sco,anomaly,0,NA,NA,NA,NA,0,0,0,,NA,NA,TRUE,FALSE
neo_ser,tet_gab,anomaly,18,0.1501279887444857,0.5521118442313224,0.36241615567934865,0.13940554847214515,5,1,1,DE,0.7321244534836819,0.32625789765235375,FALSE,FALSE
neo_ser,tet_spp,anomaly,0,NA,NA,NA,NA,0,0,0,,NA,NA,TRUE,FALSE
neo_ser,tha_pit,anomaly,18,-0.11731455976494162,0.6429358822730361,-0.23025299919229272,0.3579986359703241,16,1,1,BG,0.8045745468595029,0.5952492259777017,FALSE,FALSE
neo_ser,tha_pro,anomaly,0,NA,NA,NA,NA,0,0,0,,NA,NA,TRUE,FALSE
neo_ser,tom_spp,anomaly,18,-0.2078974397425422,0.40777573184349913,-0.11770781124628418,0.6418148540389477,7,1,1,DE,0.6167492361442493,0.8154104907504345,FALSE,FALSE
neo_ser,tor_vir,anomaly,36,0.17567271830429104,0.3054410582204019,0.13090487944713886,0.4466608661874387,13,2,2,"BG,DE",0.5183948748931503,0.6694894331393745,FALSE,FALSE
neo_ser,uro_sir_spp,anomaly,0,NA,NA,NA,NA,0,0,0,,NA,NA,TRUE,FALSE
neo_ser,xyl_lin,anomaly,18,0.4003414301302704,0.09970886612202969,0.42127006130249073,0.0816690913101619,7,1,1,DE,0.25579159116689926,0.2260302236675435,FALSE,FALSE
neo_ser,xyl_spp,anomaly,18,9.371027953371693e-4,0.9970555448575419,0.003097573980165373,0.9902673621545086,7,1,1,DE,0.9994282186379952,0.9996754496624393,FALSE,FALSE
neo_ser,zei_gri,anomaly,0,NA,NA,NA,NA,0,0,0,,NA,NA,TRUE,FALSE
ope_spp,pan_fla,anomaly,0,NA,NA,NA,NA,0,0,0,,NA,NA,TRUE,FALSE
ope_spp,pha_cya,anomaly,69,0.30409182299978726,0.01107580024817414,0.36276112804434835,0.002188755848174236,29,3,1,DE,0.048233384074364914,0.014746466169012274,FALSE,FALSE
ope_spp,pis_pin,anomaly,23,-0.28684044412065873,0.18450446910060492,-0.1922411721648312,0.3795206015491901,7,1,1,DE,0.37749840763835424,0.6159129957014836,FALSE,FALSE
ope_spp,pit_bid,anomaly,23,-0.11690382244752623,0.5952713152248537,0.04250061903901152,0.847314803072964,7,1,1,DE,0.7646099859694788,0.9374598296301981,FALSE,FALSE
ope_spp,pit_cha,anomaly,69,0.12533338541330627,0.3048299849886194,0.2572777844713984,0.032831801311868976,29,3,1,DE,0.5183948748931503,0.11586672738104026,FALSE,FALSE
ope_spp,pit_spp,anomaly,23,-0.23883608183519808,0.2724135036697703,-0.2490733952983931,0.25176360401133413,14,1,1,DE,0.4835323561425314,0.48138091300826136,FALSE,FALSE
ope_spp,pol_pol,anomaly,0,NA,NA,NA,NA,0,0,0,,NA,NA,TRUE,FALSE
ope_spp,pri_abi,anomaly,46,0.19198395363274812,0.20118147300690328,0.1846552365668135,0.2192503693729026,13,2,1,DE,0.40176060627426496,0.4391591482634415,FALSE,FALSE
ope_spp,sap_car,anomaly,0,NA,NA,NA,NA,0,0,0,,NA,NA,TRUE,FALSE
ope_spp,sco_int,anomaly,23,-0.38935938064288333,0.0662968839737611,-0.19767729785586755,0.3659283423005628,1,1,1,DE,0.18817030472552618,0.6008404535400165,FALSE,FALSE
ope_spp,sco_rat,anomaly,23,-0.45265494782050647,0.030094548100659906,-0.41166297278484415,0.05097343004223304,1,1,1,DE,0.1034693999130936,0.16037395206683697,FALSE,FALSE
ope_spp,sco_sco,anomaly,0,NA,NA,NA,NA,0,0,0,,NA,NA,TRUE,FALSE
ope_spp,tet_gab,anomaly,23,-0.11709246636653828,0.5946733747793248,-0.1329379828080709,0.5453862625141471,2,1,1,DE,0.7646099859694788,0.7423931369325226,FALSE,FALSE
ope_spp,tet_spp,anomaly,0,NA,NA,NA,NA,0,0,0,,NA,NA,TRUE,FALSE
ope_spp,tha_pit,anomaly,0,NA,NA,NA,NA,0,0,0,,NA,NA,TRUE,FALSE
ope_spp,tha_pro,anomaly,46,0.5482746892509526,7.995629112504939e-5,0.49389416647529816,4.862507369004661e-4,20,2,1,DE,9.696517487346899e-4,0.004906381728948609,FALSE,FALSE
ope_spp,tom_spp,anomaly,69,0.2754961072035094,0.021953731308369508,0.38848342588825446,9.716116460243754e-4,30,3,1,DE,0.08272959764227379,0.00830852522946485,FALSE,FALSE
ope_spp,tor_vir,anomaly,69,0.2524411976580045,0.03638056227229971,0.265736182128876,0.02732189693544782,27,3,1,DE,0.11953613318041333,0.10277448673424773,FALSE,FALSE
ope_spp,uro_sir_spp,anomaly,0,NA,NA,NA,NA,0,0,0,,NA,NA,TRUE,FALSE
ope_spp,xyl_lin,anomaly,69,-0.17576825499858711,0.14855869751173056,-0.21531463237803744,0.07560656704079277,29,3,1,DE,0.3265857532487734,0.21328150875654636,FALSE,FALSE
ope_spp,xyl_spp,anomaly,69,-0.03566041637197453,0.77112884446325,-0.03874786486287268,0.7519246406822223,29,3,1,DE,0.8807242110564859,0.8855599706526487,FALSE,FALSE
ope_spp,zei_gri,anomaly,0,NA,NA,NA,NA,0,0,0,,NA,NA,TRUE,FALSE
pan_fla,pha_cya,anomaly,306,0.17533817763429002,0.0020804850680284817,0.1561082509577762,0.006211566544558425,154,15,2,"DE,PL",0.013091354154481106,0.035716507631210946,FALSE,FALSE
pan_fla,pis_pin,anomaly,46,0.29250437251746836,0.04853619490628624,0.22713536848596977,0.1290068087872901,14,2,1,DE,0.14648706788458335,0.3130551857380856,FALSE,FALSE
pan_fla,pit_bid,anomaly,23,0.32405122799315667,0.13143312538441623,0.2618577075098814,0.2274347719363028,8,1,1,DE,0.30439546747015844,0.4509299787204613,FALSE,FALSE
pan_fla,pit_cha,anomaly,46,0.3581895440009887,0.014517077334354605,0.2778291705211224,0.06155838552417187,15,2,1,DE,0.058354531903801285,0.18330108546706536,FALSE,FALSE
pan_fla,pit_spp,anomaly,0,NA,NA,NA,NA,0,0,0,,NA,NA,TRUE,FALSE
pan_fla,pol_pol,anomaly,0,NA,NA,NA,NA,0,0,0,,NA,NA,TRUE,FALSE
pan_fla,pri_abi,anomaly,0,NA,NA,NA,NA,0,0,0,,NA,NA,TRUE,FALSE
pan_fla,sap_car,anomaly,0,NA,NA,NA,NA,0,0,0,,NA,NA,TRUE,FALSE
pan_fla,sco_int,anomaly,23,0.2272738834075805,0.2969896703929861,0.09288537549407114,0.6733651189007193,7,1,1,DE,0.5105466756497984,0.8388220082374681,FALSE,FALSE
pan_fla,sco_rat,anomaly,23,-0.03949641264423128,0.8579971685754696,-0.17588932806324112,0.4221005288301778,7,1,1,DE,0.9275269229170798,0.6463353657074454,FALSE,FALSE
pan_fla,sco_sco,anomaly,0,NA,NA,NA,NA,0,0,0,,NA,NA,TRUE,FALSE
pan_fla,tet_gab,anomaly,46,0.25837687462419606,0.08296329274444064,0.027073697193956213,0.8582502313079523,9,2,1,DE,0.223131113953798,0.9390528934181107,FALSE,FALSE
pan_fla,tet_spp,anomaly,23,0.578838155186883,0.0038054330935115388,0.49209486166007904,0.01707047157467211,6,1,1,DE,0.021510371808238952,0.07116252837691435,FALSE,FALSE
pan_fla,tha_pit,anomaly,23,0.029936380828142997,0.8921427475880249,0.029644268774703556,0.893189316460536,2,1,1,DE,0.9446606423594457,0.9640085341087014,FALSE,FALSE
pan_fla,tha_pro,anomaly,23,0.06643119095025259,0.7632934666814599,0.06324110671936758,0.7743673538441517,5,1,1,DE,0.8777372817928796,0.8977346641996026,FALSE,FALSE
pan_fla,tom_spp,anomaly,186,0.18555504101305426,0.011224437617854424,0.19840737753451224,0.006633250842801781,76,9,2,"DE,PL",0.04830128962005743,0.03686981926790657,FALSE,FALSE
pan_fla,tor_vir,anomaly,243,0.07319076440435406,0.25571674616722684,0.08438165392959232,0.18987918473725218,94,12,2,"DE,PL",0.4660193161025691,0.40287279896901007,FALSE,FALSE
pan_fla,uro_sir_spp,anomaly,0,NA,NA,NA,NA,0,0,0,,NA,NA,TRUE,FALSE
pan_fla,xyl_lin,anomaly,23,0.11291771704762131,0.6079648937061953,0.15118577075098813,0.49107386245475415,9,1,1,DE,0.7753586694111516,0.7112295137748739,FALSE,FALSE
pan_fla,xyl_spp,anomaly,23,0.05581335001931172,0.8003136624660164,0.07707509881422925,0.7266792044274875,9,1,1,DE,0.8957794210567251,0.8749007750056573,FALSE,FALSE
pan_fla,zei_gri,anomaly,0,NA,NA,NA,NA,0,0,0,,NA,NA,TRUE,FALSE
pha_cya,pis_pin,anomaly,69,0.5044387190929619,9.89548271101588e-6,0.39042747533796135,9.113025761077579e-4,48,3,1,DE,1.719833463813775e-4,0.007894010626803566,FALSE,FALSE
pha_cya,pit_bid,anomaly,69,0.10928476399210066,0.37138367211014045,0.09817318231640484,0.4222458792670747,58,3,1,DE,0.5842285596638295,0.6463353657074454,FALSE,FALSE
pha_cya,pit_cha,anomaly,335,0.3865969720797153,2.1900546301970691e-13,0.4219214023977631,6.822912052056921e-16,239,15,2,"AT,DE",1.3279694894013136e-11,5.688602923402457e-14,FALSE,FALSE
pha_cya,pit_spp,anomaly,291,0.21021170479127965,3.0509136397432855e-4,0.2516189511514544,1.3996643180932792e-5,223,13,3,"AT,CZ,DE",0.0028263324968177384,2.2770148784590665e-4,FALSE,FALSE
pha_cya,pol_pol,anomaly,161,-0.03445006113351924,0.6644009277947882,-0.029756153669197146,0.7078803619565605,120,7,1,CZ,0.817629924057424,0.8634786273828389,FALSE,FALSE
pha_cya,pri_abi,anomaly,207,-0.11373793031100247,0.102722855513734,-0.12247540344838785,0.07873588200194463,127,9,2,"CZ,DE",0.2585514891609833,0.2197357041644229,FALSE,FALSE
pha_cya,sap_car,anomaly,0,NA,NA,NA,NA,0,0,0,,NA,NA,TRUE,FALSE
pha_cya,sco_int,anomaly,276,0.15573035381606787,0.009562149723522933,0.16903468843195732,0.004866199115575126,137,12,2,"CZ,DE",0.04409345003577924,0.029506861909896445,FALSE,FALSE
pha_cya,sco_rat,anomaly,207,0.1407258186130628,0.04312397141014113,0.15277732679590006,0.027971194161383457,107,9,2,"CZ,DE",0.13440976135777633,0.10422785757342326,FALSE,FALSE
pha_cya,sco_sco,anomaly,0,NA,NA,NA,NA,0,0,0,,NA,NA,TRUE,FALSE
pha_cya,tet_gab,anomaly,201,0.26949413282292634,1.094027579740216e-4,0.28082163440224617,5.389481787856376e-5,118,9,2,"AT,DE",0.0012581317167012483,7.336294596939189e-4,FALSE,FALSE
pha_cya,tet_spp,anomaly,92,0.26609041065010125,0.010354762759291286,0.25928209238167155,0.012567975721305835,52,4,1,DE,0.046666397030049246,0.0590340831416267,FALSE,FALSE
pha_cya,tha_pit,anomaly,23,0.6237095990906666,0.0014722524914190431,0.18577075098814227,0.39606780480954484,11,1,1,DE,0.010142514636657373,0.6286239258375603,FALSE,FALSE
pha_cya,tha_pro,anomaly,138,0.2346689883010704,0.005597746859700395,0.1641525243784661,0.05436876311221732,85,6,1,DE,0.029632517106509233,0.16945778035443435,FALSE,FALSE
pha_cya,tom_spp,anomaly,696,0.3103338544770067,5.2825803407986973e-17,0.30751307923136584,1.0400422951645684e-16,465,32,4,"AT,CZ,DE,PL",5.872468478854552e-15,1.1561803514579453e-14,FALSE,FALSE
pha_cya,tor_vir,anomaly,418,0.01087573511549667,0.8245508299177955,0.012425600965596754,0.8000433129488382,248,20,2,"DE,PL",0.9051539033046913,0.9168881266956617,FALSE,FALSE
pha_cya,uro_sir_spp,anomaly,0,NA,NA,NA,NA,0,0,0,,NA,NA,TRUE,FALSE
pha_cya,xyl_lin,anomaly,161,-0.008272235653543932,0.9170528298715884,0.02513802622498275,0.7515998847737924,114,7,1,DE,0.9587370494112061,0.8855599706526487,FALSE,FALSE
pha_cya,xyl_spp,anomaly,161,0.11286422069887747,0.15401655507277223,0.13201920864964345,0.09503839355739195,106,7,1,DE,0.3313840072049648,0.2535624340111217,FALSE,FALSE
pha_cya,zei_gri,anomaly,115,0.01785766541604325,0.849759579695136,-0.03424546744619583,0.716353553938645,59,5,1,CZ,0.9220034033830813,0.8703237740770449,FALSE,FALSE
pis_pin,pit_bid,anomaly,46,0.12838963384496657,0.3951340079050325,0.06185630588960838,0.6829979108377056,34,2,1,DE,0.6079312615805734,0.8430860660125845,FALSE,FALSE
pis_pin,pit_cha,anomaly,92,0.4416186944371014,1.0495841352273108e-5,0.4704622166052741,2.221214800976861e-6,66,4,2,"DE,LT",1.7501815454915408e-4,4.6298446007861445e-5,FALSE,FALSE
pis_pin,pit_spp,anomaly,0,NA,NA,NA,NA,0,0,0,,NA,NA,TRUE,FALSE
pis_pin,pol_pol,anomaly,23,0.39360728567352055,0.06313678180521212,0.13932806324110672,0.5260576523058191,17,1,1,LT,0.18151824768998484,0.724959615884259,FALSE,FALSE
pis_pin,pri_abi,anomaly,23,0.18349655188031863,0.4019781016978403,0.23715415019762845,0.2759058585278132,14,1,1,DE,0.6133120008184721,0.5124481231441883,FALSE,FALSE
pis_pin,sap_car,anomaly,0,NA,NA,NA,NA,0,0,0,,NA,NA,TRUE,FALSE
pis_pin,sco_int,anomaly,46,0.4448789631470767,0.0019496955249763536,0.33296330558125187,0.023755288155012738,31,2,1,DE,0.012504297261146421,0.09319804719838175,FALSE,FALSE
pis_pin,sco_rat,anomaly,69,0.5064540302564541,8.996216011163929e-6,0.4704420898794301,4.5234932357471984e-5,41,3,2,"DE,LT",1.666798910957317e-4,6.285770808840378e-4,FALSE,FALSE
pis_pin,sco_sco,anomaly,0,NA,NA,NA,NA,0,0,0,,NA,NA,TRUE,FALSE
pis_pin,tet_gab,anomaly,69,0.5228863829779784,4.042707455418988e-6,0.43226160029229094,2.0804224520142614e-4,24,3,1,DE,8.426518352388953e-5,0.0024344592552517762,FALSE,FALSE
pis_pin,tet_spp,anomaly,23,0.6025179407039186,0.0023455971471602055,0.5187747035573123,0.011201492647462272,6,1,1,DE,0.014353333001429882,0.05405049983685317,FALSE,FALSE
pis_pin,tha_pit,anomaly,23,0.2045961389059401,0.34904235094325986,0.2816205533596838,0.19297677326766194,8,1,1,DE,0.5650758448523163,0.40476574770292617,FALSE,FALSE
pis_pin,tha_pro,anomaly,23,0.16813475946379702,0.4431631181857052,0.10671936758893281,0.6279215092073559,13,1,1,DE,0.6538533293037802,0.8069819781142704,FALSE,FALSE
pis_pin,tom_spp,anomaly,92,0.42693062392185566,2.1958540298434945e-5,0.49108395111200154,6.688797759407065e-7,66,4,2,"DE,LT",3.328715086149115e-4,1.5933671805444687e-5,FALSE,FALSE
pis_pin,tor_vir,anomaly,69,0.009757683986090225,0.9365756563841086,-0.025246620387285354,0.8368567398818647,45,3,2,"DE,LT",0.9640369796422846,0.9374598296301981,FALSE,FALSE
pis_pin,uro_sir_spp,anomaly,0,NA,NA,NA,NA,0,0,0,,NA,NA,TRUE,FALSE
pis_pin,xyl_lin,anomaly,46,0.15888241341722587,0.29158340569468394,0.07160037002775207,0.6363126498183387,41,2,1,DE,0.5038500818610212,0.813066163656766,FALSE,FALSE
pis_pin,xyl_spp,anomaly,46,0.2539223211098028,0.08860095018986718,0.1511563367252544,0.3159791328099863,40,2,1,DE,0.23266469990803704,0.5531708178064589,FALSE,FALSE
pis_pin,zei_gri,anomaly,0,NA,NA,NA,NA,0,0,0,,NA,NA,TRUE,FALSE
pit_bid,pit_cha,anomaly,69,-0.01992902847032079,0.8708847529669441,-0.04431859700401901,0.7176582844713264,57,3,1,DE,0.9338908846124626,0.8703237740770449,FALSE,FALSE
pit_bid,pit_spp,anomaly,0,NA,NA,NA,NA,0,0,0,,NA,NA,TRUE,FALSE
pit_bid,pol_pol,anomaly,0,NA,NA,NA,NA,0,0,0,,NA,NA,TRUE,FALSE
pit_bid,pri_abi,anomaly,46,0.06871448895014243,0.6500047913523387,-0.024360160345359236,0.8723332442135958,25,2,1,DE,0.8103798052934765,0.949178260832738,FALSE,FALSE
pit_bid,sap_car,anomaly,0,NA,NA,NA,NA,0,0,0,,NA,NA,TRUE,FALSE
pit_bid,sco_int,anomaly,69,0.04787691321731382,0.6960528392674104,-0.021812203142126417,0.8588039954798314,37,3,1,DE,0.8279749546632241,0.9390528934181107,FALSE,FALSE
pit_bid,sco_rat,anomaly,46,0.36108204722676496,0.013686554923589823,0.2167745914276904,0.14788419945256367,29,2,1,DE,0.056351432926138346,0.3401336587408964,FALSE,FALSE
pit_bid,sco_sco,anomaly,0,NA,NA,NA,NA,0,0,0,,NA,NA,TRUE,FALSE
pit_bid,tet_gab,anomaly,46,0.028643417042355603,0.8501230780818516,6.167129201356768e-5,0.9996754496624393,17,2,1,DE,0.9220034033830813,0.9996754496624393,FALSE,FALSE
pit_bid,tet_spp,anomaly,0,NA,NA,NA,NA,0,0,0,,NA,NA,TRUE,FALSE
pit_bid,tha_pit,anomaly,23,-0.0891772166660886,0.6857446456768975,-0.1314229249011858,0.5500163417360642,7,1,1,DE,0.8241291507504336,0.7426334006841191,FALSE,FALSE
pit_bid,tha_pro,anomaly,23,0.07325066697868032,0.7397731106910278,0.13043478260869565,0.5530457763436951,10,1,1,DE,0.859631820262919,0.7440430709781147,FALSE,FALSE
pit_bid,tom_spp,anomaly,69,0.03029566963109666,0.8048200079449259,-0.05082206795761784,0.6783501059761112,58,3,1,DE,0.8961852175279893,0.8412461356618136,FALSE,FALSE
pit_bid,tor_vir,anomaly,69,0.19118508126377434,0.11556986719787621,0.2554987212276215,0.034101909246190755,50,3,1,DE,0.27805117312027167,0.11785478480419291,FALSE,FALSE
pit_bid,uro_sir_spp,anomaly,0,NA,NA,NA,NA,0,0,0,,NA,NA,TRUE,FALSE
pit_bid,xyl_lin,anomaly,69,0.2271070358724338,0.060568659361160834,0.21848739495798322,0.07129477267747306,57,3,1,DE,0.17564911214736642,0.20675484076467185,FALSE,FALSE
pit_bid,xyl_spp,anomaly,69,0.09142703314351652,0.45497752711539974,0.07979539641943735,0.514554920674086,56,3,1,DE,0.6640481632078153,0.7185253000928159,FALSE,FALSE
pit_bid,zei_gri,anomaly,0,NA,NA,NA,NA,0,0,0,,NA,NA,TRUE,FALSE
pit_cha,pit_spp,anomaly,239,0.25836405164726217,5.29719290513021e-5,0.28051404662283325,1.069505603816665e-5,196,11,3,"AT,DE,SI",7.324413088579523e-4,1.829128814732604e-4,FALSE,FALSE
pit_cha,pol_pol,anomaly,23,0.6796654963536553,3.607073606697911e-4,0.6403162055335968,9.979332176546655e-4,17,1,1,LT,0.003251240669820955,0.008425588052856479,FALSE,FALSE
pit_cha,pri_abi,anomaly,69,-0.05431621579480809,0.6575710127377873,-0.03898428936792109,0.7504600635262552,37,3,1,DE,0.8137288784714362,0.8855599706526487,FALSE,FALSE
pit_cha,sap_car,anomaly,0,NA,NA,NA,NA,0,0,0,,NA,NA,TRUE,FALSE
pit_cha,sco_int,anomaly,115,0.19541714087786463,0.03635402332013679,0.22569241694942005,0.01529912309786628,56,5,1,DE,0.11953613318041333,0.06541355837356928,FALSE,FALSE
pit_cha,sco_rat,anomaly,69,0.25351529495698005,0.035566044081287974,0.24300328827183051,0.04422759125985393,42,3,2,"DE,LT",0.11848938650522224,0.14434002849379876,FALSE,FALSE
pit_cha,sco_sco,anomaly,0,NA,NA,NA,NA,0,0,0,,NA,NA,TRUE,FALSE
pit_cha,tet_gab,anomaly,222,0.2777827452232491,2.6877279817135822e-5,0.2888507686713965,1.2251707775052662e-5,146,10,2,"AT,DE",3.983810141784354e-4,2.0429722714900315e-4,FALSE,FALSE
pit_cha,tet_spp,anomaly,115,0.22739970103650917,0.01452301693557873,0.2868933954075594,0.0018797595152034126,62,5,1,DE,0.058354531903801285,0.013338293581283791,FALSE,FALSE
pit_cha,tha_pit,anomaly,23,0.6236277229400712,0.001474998380443426,0.5859683794466403,0.0033020547806449224,11,1,1,DE,0.010142514636657373,0.021592848418531013,FALSE,FALSE
pit_cha,tha_pro,anomaly,138,0.03368316313900072,0.6949106294767563,-0.00808011160097628,0.9250631113668256,82,6,1,DE,0.8279749546632241,0.9769861439865156,FALSE,FALSE
pit_cha,tom_spp,anomaly,400,0.33566722347381456,5.449479473024047e-12,0.3626317664485403,7.085621002618852e-14,319,18,3,"AT,DE,LT",2.7960021603900303e-10,4.296462917042522e-12,FALSE,FALSE
pit_cha,tor_vir,anomaly,184,0.1656750269109985,0.024603900854962554,0.12798250852420487,0.08339195182909043,106,8,2,"DE,LT",0.08989784623657322,0.2298447597934021,FALSE,FALSE
pit_cha,uro_sir_spp,anomaly,0,NA,NA,NA,NA,0,0,0,,NA,NA,TRUE,FALSE
pit_cha,xyl_lin,anomaly,184,0.09406276202234715,0.2040661033809475,0.10601221321107279,0.15206970217423973,131,8,1,DE,0.4055637125085324,0.34736469640485584,FALSE,FALSE
pit_cha,xyl_spp,anomaly,161,0.1942945526611375,0.013522855907512947,0.18585518748562227,0.018251951621769177,106,7,1,DE,0.05602326018826793,0.074687433936932765,FALSE,FALSE
pit_cha,zei_gri,anomaly,0,NA,NA,NA,NA,0,0,0,,NA,NA,TRUE,FALSE
pit_spp,pol_pol,anomaly,138,0.04834815541099124,0.5733493924581534,0.05647858736178305,0.5105614340675724,112,6,1,CZ,0.7483836492555545,0.7185253000928159,FALSE,FALSE
pit_spp,pri_abi,anomaly,161,-0.135157337689333,0.08736862752254551,-0.11968311479181046,0.13047877306624855,87,7,2,"CZ,DE",0.23033547255943815,0.3130551857380856,FALSE,FALSE
pit_spp,sap_car,anomaly,0,NA,NA,NA,NA,0,0,0,,NA,NA,TRUE,FALSE
pit_spp,sco_int,anomaly,184,0.09371722866905872,0.20574020277044694,0.10766696846525782,0.14573981584545018,87,8,2,"CZ,DE",0.4055637125085324,0.3387054256756629,FALSE,FALSE
pit_spp,sco_rat,anomaly,138,0.06254041071190346,0.46617625616703784,0.0668578434618221,0.43590304510583877,67,6,1,CZ,0.6759555714422049,0.6592910001940918,FALSE,FALSE
pit_spp,sco_sco,anomaly,0,NA,NA,NA,NA,0,0,0,,NA,NA,TRUE,FALSE
pit_spp,tet_gab,anomaly,130,0.11179519223669702,0.20539707173417412,0.0959537887995193,0.2774864835676979,103,6,2,"AT,DE",0.4055637125085324,0.5126966330738352,FALSE,FALSE
pit_spp,tet_spp,anomaly,46,0.5273967727420246,1.6581857007163262e-4,0.45864939870490284,0.0013472003485818717,33,2,1,DE,0.0017784881831175705,0.010211166278455776,FALSE,FALSE
pit_spp,tha_pit,anomaly,23,0.2907080035401939,0.1783940264159867,0.43774703557312256,0.036704688168162844,23,1,1,HR,0.3672494309242689,0.12427424877240921,FALSE,FALSE
pit_spp,tha_pro,anomaly,69,-0.07755475007015579,0.5264697907795062,-0.049177932042382175,0.6882120252905086,47,3,1,DE,0.7194159806970448,0.8469325108279876,FALSE,FALSE
pit_spp,tom_spp,anomaly,333,0.2924745168655769,5.436136978121791e-8,0.34809703289610944,6.414062021478149e-11,283,15,3,"AT,CZ,DE",1.726620649717731e-6,2.673862105203703e-9,FALSE,FALSE
pit_spp,tor_vir,anomaly,23,-0.08631788327390148,0.6953442596211044,-9.881422924901185e-4,0.9964297417631355,18,1,1,DE,0.8279749546632241,0.9996754496624393,FALSE,FALSE
pit_spp,uro_sir_spp,anomaly,0,NA,NA,NA,NA,0,0,0,,NA,NA,TRUE,FALSE
pit_spp,xyl_lin,anomaly,23,0.17349407662964716,0.42854760375617384,0.36758893280632415,0.08442064140763417,22,1,1,DE,0.6367480019871808,0.23077281892988522,FALSE,FALSE
pit_spp,xyl_spp,anomaly,46,-0.09718200241508343,0.520545595969897,-0.20394696268886833,0.17398605999466735,27,2,1,DE,0.7191601534086285,0.38048754759489545,FALSE,FALSE
pit_spp,zei_gri,anomaly,115,0.20068750293780482,0.031511517082947166,0.1415274140292836,0.13136585955738272,53,5,1,CZ,0.10778554817602953,0.31405386496334864,FALSE,FALSE
pol_pol,pri_abi,anomaly,161,-0.0857560589205741,0.27941348824770085,-0.10670864964343225,0.1778897375583073,87,7,1,CZ,0.4891569466173661,0.3857319934179438,FALSE,FALSE
pol_pol,sap_car,anomaly,0,NA,NA,NA,NA,0,0,0,,NA,NA,TRUE,FALSE
pol_pol,sco_int,anomaly,161,0.07494816416496924,0.3447071536621201,0.08293938348286174,0.2955674295730384,83,7,1,CZ,0.5637347021370926,0.5342641613149501,FALSE,FALSE
pol_pol,sco_rat,anomaly,184,0.16648538590793263,0.023901137549043775,0.13988749975920323,0.05823588688848123,77,8,2,"CZ,LT",0.08807767262548176,0.17540995310327115,FALSE,FALSE
pol_pol,sco_sco,anomaly,0,NA,NA,NA,NA,0,0,0,,NA,NA,TRUE,FALSE
pol_pol,tet_gab,anomaly,0,NA,NA,NA,NA,0,0,0,,NA,NA,TRUE,FALSE
pol_pol,tet_spp,anomaly,0,NA,NA,NA,NA,0,0,0,,NA,NA,TRUE,FALSE
pol_pol,tha_pit,anomaly,0,NA,NA,NA,NA,0,0,0,,NA,NA,TRUE,FALSE
pol_pol,tha_pro,anomaly,0,NA,NA,NA,NA,0,0,0,,NA,NA,TRUE,FALSE
pol_pol,tom_spp,anomaly,207,0.14117074486523615,0.04246170530004668,0.1846797848275265,0.007723053534237726,151,9,2,"CZ,LT",0.13391727914743518,0.04154255409142389,FALSE,FALSE
pol_pol,tor_vir,anomaly,23,0.06606403369067945,0.7645657582033929,0.06422924901185771,0.7709325113831808,13,1,1,LT,0.8777372817928796,0.895839695283243,FALSE,FALSE
pol_pol,uro_sir_spp,anomaly,0,NA,NA,NA,NA,0,0,0,,NA,NA,TRUE,FALSE
pol_pol,xyl_lin,anomaly,0,NA,NA,NA,NA,0,0,0,,NA,NA,TRUE,FALSE
pol_pol,xyl_spp,anomaly,0,NA,NA,NA,NA,0,0,0,,NA,NA,TRUE,FALSE
pol_pol,zei_gri,anomaly,115,0.012102991448905514,0.8978506724547328,-0.011008739967149022,0.9070427633933139,52,5,1,CZ,0.9475734153913082,0.9683417419230814,FALSE,FALSE
pri_abi,sap_car,anomaly,0,NA,NA,NA,NA,0,0,0,,NA,NA,TRUE,FALSE
pri_abi,sco_int,anomaly,184,-0.16244066915727717,0.02758842803560395,-0.1460576756371482,0.04789000094579181,65,8,2,"CZ,DE",0.09584104947785331,0.15357033957136124,FALSE,FALSE
pri_abi,sco_rat,anomaly,161,-0.009817011825357179,0.9016349159833081,-0.03291062801932367,0.6785463582999336,59,7,2,"CZ,DE",0.9500639636032647,0.8412461356618136,FALSE,FALSE
pri_abi,sco_sco,anomaly,0,NA,NA,NA,NA,0,0,0,,NA,NA,TRUE,FALSE
pri_abi,tet_gab,anomaly,23,-0.01413950390417669,0.9489447085619306,-0.1442687747035573,0.5113391540131089,4,1,1,DE,0.9713298580291385,0.7185253000928159,FALSE,FALSE
pri_abi,tet_spp,anomaly,0,NA,NA,NA,NA,0,0,0,,NA,NA,TRUE,FALSE
pri_abi,tha_pit,anomaly,0,NA,NA,NA,NA,0,0,0,,NA,NA,TRUE,FALSE
pri_abi,tha_pro,anomaly,23,0.5434783272455934,0.007356167316777862,0.283596837944664,0.18973853053259201,7,1,1,DE,0.036077673531550246,0.40287279896901007,FALSE,FALSE
pri_abi,tom_spp,anomaly,230,-0.031337311226766404,0.6363697059135727,-0.06818194146844232,0.3032000922404347,136,10,2,"CZ,DE",0.7978544997074304,0.5392918973983198,FALSE,FALSE
pri_abi,tor_vir,anomaly,69,7.06694681070959e-5,0.9995401789801869,-0.15944464742418707,0.1906561898353569,36,3,1,DE,0.9995401789801869,0.40287279896901007,FALSE,FALSE
pri_abi,uro_sir_spp,anomaly,0,NA,NA,NA,NA,0,0,0,,NA,NA,TRUE,FALSE
pri_abi,xyl_lin,anomaly,69,-0.029236565955540333,0.8115155060169306,-0.10540738034344174,0.38869386723767263,37,3,1,DE,0.8991376121483268,0.6217237636631359,FALSE,FALSE
pri_abi,xyl_spp,anomaly,69,0.14986966395967136,0.2190254422586643,0.14651077822433323,0.22964589418089815,38,3,1,DE,0.41979876432910657,0.4518401516774604,FALSE,FALSE
pri_abi,zei_gri,anomaly,115,-0.0069232271672054575,0.9414614338407519,-4.537652674631318e-4,0.996159851105952,47,5,1,CZ,0.9675728449488159,0.9996754496624393,FALSE,FALSE
sap_car,sco_int,anomaly,0,NA,NA,NA,NA,0,0,0,,NA,NA,TRUE,FALSE
sap_car,sco_rat,anomaly,0,NA,NA,NA,NA,0,0,0,,NA,NA,TRUE,FALSE
sap_car,sco_sco,anomaly,0,NA,NA,NA,NA,0,0,0,,NA,NA,TRUE,FALSE
sap_car,tet_gab,anomaly,0,NA,NA,NA,NA,0,0,0,,NA,NA,TRUE,FALSE
sap_car,tet_spp,anomaly,0,NA,NA,NA,NA,0,0,0,,NA,NA,TRUE,FALSE
sap_car,tha_pit,anomaly,0,NA,NA,NA,NA,0,0,0,,NA,NA,TRUE,FALSE
sap_car,tha_pro,anomaly,0,NA,NA,NA,NA,0,0,0,,NA,NA,TRUE,FALSE
sap_car,tom_spp,anomaly,0,NA,NA,NA,NA,0,0,0,,NA,NA,TRUE,FALSE
sap_car,tor_vir,anomaly,0,NA,NA,NA,NA,0,0,0,,NA,NA,TRUE,FALSE
sap_car,uro_sir_spp,anomaly,0,NA,NA,NA,NA,0,0,0,,NA,NA,TRUE,FALSE
sap_car,xyl_lin,anomaly,0,NA,NA,NA,NA,0,0,0,,NA,NA,TRUE,FALSE
sap_car,xyl_spp,anomaly,0,NA,NA,NA,NA,0,0,0,,NA,NA,TRUE,FALSE
sap_car,zei_gri,anomaly,0,NA,NA,NA,NA,0,0,0,,NA,NA,TRUE,FALSE
sco_int,sco_rat,anomaly,207,0.390078372189917,6.24451336543533e-9,0.39578259787208714,3.5773204246611123e-9,91,9,2,"CZ,DE",2.3139391193029807e-7,1.3255959573605345e-7,FALSE,FALSE
sco_int,sco_sco,anomaly,0,NA,NA,NA,NA,0,0,0,,NA,NA,TRUE,FALSE
sco_int,tet_gab,anomaly,92,0.21151031197357828,0.04297454702863163,0.25023503845383227,0.016138807085679045,28,4,1,DE,0.13440976135777633,0.06770178821476681,FALSE,FALSE
sco_int,tet_spp,anomaly,46,0.0869923898537198,0.5653824283073787,0.15769349367869256,0.2952556648978952,10,2,1,DE,0.7423426765374441,0.5342641613149501,FALSE,FALSE
sco_int,tha_pit,anomaly,23,-0.0444831655493568,0.8402793505175362,-0.1116600790513834,0.611992848751711,10,1,1,DE,0.9157946516261383,0.7941619262984265,FALSE,FALSE
sco_int,tha_pro,anomaly,69,-0.026853330622219028,0.8266306346710837,-0.09689440993788821,0.4283445769682488,25,3,1,DE,0.9053573617826155,0.6522964220041597,FALSE,FALSE
sco_int,tom_spp,anomaly,276,0.12389981646039924,0.0396892315403784,0.15865641186626903,0.008276384179429797,145,12,2,"CZ,DE",0.1278875238523304,0.043127720684997456,FALSE,FALSE
sco_int,tor_vir,anomaly,69,0.1685855796953361,0.16613585778749962,0.17639751552795033,0.14708762098395262,34,3,1,DE,0.34981154505088785,0.3394721217864927,FALSE,FALSE
sco_int,uro_sir_spp,anomaly,0,NA,NA,NA,NA,0,0,0,,NA,NA,TRUE,FALSE
sco_int,xyl_lin,anomaly,69,0.06492569764933695,0.5960977401861004,0.17066130800146148,0.16090624866672465,43,3,1,DE,0.7646099859694788,0.3625826616915721,FALSE,FALSE
sco_int,xyl_spp,anomaly,92,0.08201080857601642,0.43705536473156803,0.11761170106191143,0.2641876118828028,41,4,1,DE,0.6463767810996804,0.5006055031983792,FALSE,FALSE
sco_int,zei_gri,anomaly,115,0.1460110448803369,0.1194596167281623,0.09058338474044449,0.3356640615815155,37,5,1,CZ,0.28155323094588075,0.5726033991684676,FALSE,FALSE
sco_rat,sco_sco,anomaly,0,NA,NA,NA,NA,0,0,0,,NA,NA,TRUE,FALSE
sco_rat,tet_gab,anomaly,46,0.32833406914941377,0.025897428881902565,0.3140918902251002,0.03352221497654249,17,2,1,DE,0.09188077161823942,0.11706448894949655,FALSE,FALSE
sco_rat,tet_spp,anomaly,0,NA,NA,NA,NA,0,0,0,,NA,NA,TRUE,FALSE
sco_rat,tha_pit,anomaly,23,-0.03826892451432922,0.8623689246738762,-0.18379446640316208,0.40120109039639607,9,1,1,DE,0.9292408283642575,0.6286239258375603,FALSE,FALSE
sco_rat,tha_pro,anomaly,23,-0.017762658209118154,0.9358855879944459,-0.2737154150197629,0.2063049907433131,12,1,1,DE,0.9640369796422846,0.4208117089473696,FALSE,FALSE
sco_rat,tom_spp,anomaly,230,0.16570247058585996,0.011844857170856085,0.16698384205504008,0.011197583987946695,121,10,3,"CZ,DE,LT",0.05000328944912031,0.05405049983685317,FALSE,FALSE
sco_rat,tor_vir,anomaly,69,0.24597055021690675,0.04162265836235232,0.23105590062111805,0.056111839963887286,32,3,2,"DE,LT",0.13283403410377512,0.1716816387885909,FALSE,FALSE
sco_rat,uro_sir_spp,anomaly,0,NA,NA,NA,NA,0,0,0,,NA,NA,TRUE,FALSE
sco_rat,xyl_lin,anomaly,46,0.2661558433272287,0.07379517723571406,0.31606537156953435,0.032366410338658426,35,2,1,DE,0.20339414552157553,0.11558841058465068,FALSE,FALSE
sco_rat,xyl_spp,anomaly,46,0.3003296228905117,0.042564412562603085,0.49182855380820223,5.1775492991369e-4,33,2,1,DE,0.13391727914743518,0.005004964322499004,FALSE,FALSE
sco_rat,zei_gri,anomaly,115,0.06017541685691426,0.5229275478308618,0.029309290493183853,0.755845969486612,36,5,1,CZ,0.7191601534086285,0.8855599706526487,FALSE,FALSE
sco_sco,tet_gab,anomaly,0,NA,NA,NA,NA,0,0,0,,NA,NA,TRUE,FALSE
sco_sco,tet_spp,anomaly,0,NA,NA,NA,NA,0,0,0,,NA,NA,TRUE,FALSE
sco_sco,tha_pit,anomaly,0,NA,NA,NA,NA,0,0,0,,NA,NA,TRUE,FALSE
sco_sco,tha_pro,anomaly,0,NA,NA,NA,NA,0,0,0,,NA,NA,TRUE,FALSE
sco_sco,tom_spp,anomaly,0,NA,NA,NA,NA,0,0,0,,NA,NA,TRUE,FALSE
sco_sco,tor_vir,anomaly,0,NA,NA,NA,NA,0,0,0,,NA,NA,TRUE,FALSE
sco_sco,uro_sir_spp,anomaly,0,NA,NA,NA,NA,0,0,0,,NA,NA,TRUE,FALSE
sco_sco,xyl_lin,anomaly,0,NA,NA,NA,NA,0,0,0,,NA,NA,TRUE,FALSE
sco_sco,xyl_spp,anomaly,0,NA,NA,NA,NA,0,0,0,,NA,NA,TRUE,FALSE
sco_sco,zei_gri,anomaly,0,NA,NA,NA,NA,0,0,0,,NA,NA,TRUE,FALSE
tet_gab,tet_spp,anomaly,92,0.5206412131567927,1.0378010560631517e-7,0.5314026786677557,5.0341362877188356e-8,58,4,1,DE,3.0096230625831402e-6,1.3990703766285264e-6,FALSE,FALSE
tet_gab,tha_pit,anomaly,23,-0.3072945141617957,0.15377274362438256,-0.29051383399209485,0.17869743023409992,3,1,1,DE,0.3313840072049648,0.3857319934179438,FALSE,FALSE
tet_gab,tha_pro,anomaly,92,-0.0254717799478018,0.8095432086324386,-0.06847710494274308,0.5166028074014724,56,4,1,DE,0.8990602558259193,0.7190489265161961,FALSE,FALSE
tet_gab,tom_spp,anomaly,222,0.09696889670127275,0.149855097241381,0.13099248630770657,0.0512795828693813,142,10,2,"AT,DE",0.3277159011803315,0.16057972663792172,FALSE,FALSE
tet_gab,tor_vir,anomaly,46,0.3284176469579252,0.025857371481486244,0.3577551649707061,0.014645430474043984,16,2,1,DE,0.09188077161823942,0.06358744564385177,FALSE,FALSE
tet_gab,uro_sir_spp,anomaly,0,NA,NA,NA,NA,0,0,0,,NA,NA,TRUE,FALSE
tet_gab,xyl_lin,anomaly,69,0.3381560708410797,0.004485210962547944,0.37438801607599564,0.0015285963602537675,36,3,1,DE,0.024724262082805606,0.011204107387794097,FALSE,FALSE
tet_gab,xyl_spp,anomaly,92,0.09352646807074383,0.3752109551205587,0.09783764622474297,0.3534991717803003,32,4,1,DE,0.5879404909353875,0.5909372119735847,FALSE,FALSE
tet_gab,zei_gri,anomaly,0,NA,NA,NA,NA,0,0,0,,NA,NA,TRUE,FALSE
tet_spp,tha_pit,anomaly,0,NA,NA,NA,NA,0,0,0,,NA,NA,TRUE,FALSE
tet_spp,tha_pro,anomaly,69,-0.05987649291685808,0.6250371285258265,-0.04990865911582025,0.6838224313535355,48,3,1,DE,0.7910811474890441,0.8430860660125845,FALSE,FALSE
tet_spp,tom_spp,anomaly,92,0.13821805495980885,0.1888694334837474,0.18702895981998363,0.07423226975174675,51,4,1,DE,0.3852474377176132,0.21159369198467984,FALSE,FALSE
tet_spp,tor_vir,anomaly,23,0.3805494718906182,0.0732338668203779,0.3774703557312253,0.07578368452069188,2,1,1,DE,0.20339414552157553,0.21328150875654636,FALSE,FALSE
tet_spp,uro_sir_spp,anomaly,0,NA,NA,NA,NA,0,0,0,,NA,NA,TRUE,FALSE
tet_spp,xyl_lin,anomaly,46,0.35038896410194437,0.01697356717157042,0.3747764415664508,0.010282281018372913,24,2,1,DE,0.06673526667125705,0.05235329342942544,FALSE,FALSE
tet_spp,xyl_spp,anomaly,46,-0.23092362389998783,0.12257617609282019,-0.2811594202898551,0.0583823232217784,13,2,1,DE,0.285964773133031,0.17540995310327115,FALSE,FALSE
tet_spp,zei_gri,anomaly,0,NA,NA,NA,NA,0,0,0,,NA,NA,TRUE,FALSE
tha_pit,tha_pro,anomaly,23,-0.24070287733735246,0.2685702630674364,-0.12450592885375494,0.5713796382480377,7,1,1,DE,0.48025835245571075,0.7568069702156123,FALSE,FALSE
tha_pit,tom_spp,anomaly,23,0.5441057236867815,0.007275058971775684,0.5573122529644269,0.005732392601422843,11,1,1,DE,0.03594418025314357,0.03324787708825249,FALSE,FALSE
tha_pit,tor_vir,anomaly,41,-0.4087853927722471,0.007963587446190377,-0.5144599303135889,5.793570072682666e-4,9,2,2,"BG,DE",0.03840824461456393,0.005442691885182166,FALSE,FALSE
tha_pit,uro_sir_spp,anomaly,0,NA,NA,NA,NA,0,0,0,,NA,NA,TRUE,FALSE
tha_pit,xyl_lin,anomaly,23,-0.8632115649434436,1.1469974692911053e-7,-0.8636363636363636,1.1123161784623278e-7,11,1,1,DE,3.1876971334048636e-6,2.9676595641374906e-6,FALSE,FALSE
tha_pit,xyl_spp,anomaly,23,-0.7829018455299561,1.005599776442837e-5,-0.708498023715415,1.5464629978681233e-4,10,1,1,DE,1.719833463813775e-4,0.0019101681844037744,FALSE,FALSE
tha_pit,zei_gri,anomaly,0,NA,NA,NA,NA,0,0,0,,NA,NA,TRUE,FALSE
tha_pro,tom_spp,anomaly,138,0.15749418731088244,0.0650608247578836,0.1172792010758261,0.1707120339420971,82,6,1,DE,0.18545115433123233,0.3759052526328343,FALSE,FALSE
tha_pro,tor_vir,anomaly,69,0.4619582700792907,6.450176817385632e-5,0.3758129338691999,0.0014614730932547436,28,3,1,DE,8.532909786211719e-4,0.010952837676414764,FALSE,FALSE
tha_pro,uro_sir_spp,anomaly,0,NA,NA,NA,NA,0,0,0,,NA,NA,TRUE,FALSE
tha_pro,xyl_lin,anomaly,92,0.4009991263317801,7.455991606991458e-5,0.35787494413020354,4.610234847238978e-4,57,4,1,DE,9.383295097855288e-4,0.004730810220166767,FALSE,FALSE
tha_pro,xyl_spp,anomaly,115,0.3188452849384099,5.147006045535199e-4,0.26117730608380024,0.004812464028037606,50,5,1,DE,0.004291316290464972,0.029448747767899845,FALSE,FALSE
tha_pro,zei_gri,anomaly,0,NA,NA,NA,NA,0,0,0,,NA,NA,TRUE,FALSE
tom_spp,tor_vir,anomaly,341,0.03288584498328458,0.5450394858299452,0.03540548801709293,0.5146541265622842,159,16,3,"DE,LT,PL",0.7285397536043555,0.7185253000928159,FALSE,FALSE
tom_spp,uro_sir_spp,anomaly,0,NA,NA,NA,NA,0,0,0,,NA,NA,TRUE,FALSE
tom_spp,xyl_lin,anomaly,161,0.2159615943537603,0.005933391106017403,0.210024154589372,0.0074944532684994075,126,7,1,DE,0.02998160505843642,0.040640653090155326,FALSE,FALSE
tom_spp,xyl_spp,anomaly,161,0.01874814873860717,0.8133903763648087,0.026915113871635612,0.734673844686784,107,7,1,DE,0.8992102763742241,0.8797620366357001,FALSE,FALSE
tom_spp,zei_gri,anomaly,115,0.0048910756217944015,0.9586256987332223,-0.01899106288956568,0.8403468675088005,61,5,1,CZ,0.9761883069542889,0.9374598296301981,FALSE,FALSE
tor_vir,uro_sir_spp,anomaly,0,NA,NA,NA,NA,0,0,0,,NA,NA,TRUE,FALSE
tor_vir,xyl_lin,anomaly,161,0.3589306603026714,2.9310865730101026e-6,0.4363670347366,7.189815322310155e-9,88,7,1,DE,6.516782480659128e-5,2.1798212818094878e-7,FALSE,FALSE
tor_vir,xyl_spp,anomaly,115,0.37284444253461557,4.067491981451987e-5,0.41888266393119233,3.176775196803928e-6,78,5,1,DE,5.772376918358459e-4,6.232085459612412e-5,FALSE,FALSE
tor_vir,zei_gri,anomaly,0,NA,NA,NA,NA,0,0,0,,NA,NA,TRUE,FALSE
uro_sir_spp,xyl_lin,anomaly,0,NA,NA,NA,NA,0,0,0,,NA,NA,TRUE,FALSE
uro_sir_spp,xyl_spp,anomaly,0,NA,NA,NA,NA,0,0,0,,NA,NA,TRUE,FALSE
uro_sir_spp,zei_gri,anomaly,0,NA,NA,NA,NA,0,0,0,,NA,NA,TRUE,FALSE
xyl_lin,xyl_spp,anomaly,138,0.4574218233044233,1.698671154746411e-8,0.5292393187956774,2.4987094872761032e-11,104,6,1,DE,5.665068301079281e-7,1.1904565914379722e-9,FALSE,FALSE
xyl_lin,zei_gri,anomaly,0,NA,NA,NA,NA,0,0,0,,NA,NA,TRUE,FALSE
xyl_spp,zei_gri,anomaly,0,NA,NA,NA,NA,0,0,0,,NA,NA,TRUE,FALSE
