species_a,species_b,version,country,n,r_pearson,p_pearson,r_spearman
CambXyl_con&BB_con&BO,CambXyl_con&BB_con&SM,z_within,DE,46,0.40042944557789645,0.005824055171743973,0.45301498138702906
CambXyl_con&BB_con&BO,CambXyl_con&BO,z_within,DE,46,-0.015700260870400468,0.9175184164304451,0.0764312738956142
CambXyl_con&BB_con&BO,CambXyl_con&MD,z_within,DE,23,-0.07276338550706798,0.7414465573985767,-0.206332753143491
CambXyl_con&BB_con&BO,Def_dec&DB,z_within,AT,126,-0.021836648893794247,0.8082363827663537,-0.074863617932972
CambXyl_con&BB_con&BO,Def_dec&DB,z_within,DE,69,0.47585118149588834,3.589908441654174e-5,0.3741456149872614
CambXyl_con&BB_con&BO,agr_big,z_within,DE,69,-0.059048366597316694,0.6298395306109998,-0.09148078253715562
CambXyl_con&BB_con&BO,agr_vir,z_within,DE,69,0.003370578998842854,0.9780715425136777,0.03798027378369664
CambXyl_con&BB_con&BO,bup_pin,z_within,DE,23,0.6177253516644907,0.0016847974409167582,0.7095315394589511
CambXyl_con&BB_con&BO,dip_sp,z_within,AT,105,0.14611543831213347,0.1369330149295742,0.02524356478628274
CambXyl_con&BB_con&BO,dip_sp,z_within,DE,69,-0.1922525482050706,0.1135133040840885,-0.213667688534251
CambXyl_con&BB_con&BO,era_def,z_within,DE,69,-0.21755077437398868,0.07254663357380813,0.03154672537052677
CambXyl_con&BB_con&BO,geo_db,z_within,DE,46,0.2148601968494862,0.15158444014155045,0.2984391972095962
CambXyl_con&BB_con&BO,geo_db,z_within,HR,23,-0.25532602862093584,0.2396629364633896,-0.2506818218711499
CambXyl_con&BB_con&BO,ips_acu,z_within,DE,69,-0.20007759886663357,0.09928697800537896,-0.2626298944326087
CambXyl_con&BB_con&BO,ips_cem,z_within,DE,69,0.02424894799108295,0.8432202493452021,-0.11438899435724184
CambXyl_con&BB_con&BO,ips_sex,z_within,DE,46,-0.2755842068346394,0.06377625096813985,-0.3330411256788119
CambXyl_con&BB_con&BO,ips_typ,z_within,AT,168,0.24865718520910332,0.0011536269362114045,0.2426154565854647
CambXyl_con&BB_con&BO,ips_typ,z_within,DE,69,0.05452673908901857,0.6563270939573514,-0.10163486955973555
CambXyl_con&BB_con&BO,ips_typ,z_within,HR,23,0.9211927344218434,4.5649974666523537e-10,0.6884617446259058
CambXyl_con&BB_con&BO,lym_dis,z_within,AT,126,0.19997425019163567,0.024764171387865904,0.1264154842358106
CambXyl_con&BB_con&BO,lym_dis,z_within,DE,69,0.24021248324670316,0.04679892580964854,0.12222220504567868
CambXyl_con&BB_con&BO,lym_dis,z_within,HR,23,0.2883457998312226,0.1821093053238444,0.2797775836669023
CambXyl_con&BB_con&BO,lym_mon,z_within,DE,23,0.7936260747343145,6.217149657794504e-6,0.8691916046094927
CambXyl_con&BB_con&BO,mel_spp,z_within,DE,69,0.3266384348023231,0.006157653351087525,0.17833755647173896
CambXyl_con&BB_con&BO,ope_spp,z_within,DE,46,-0.18464281038198482,0.21928193083140204,0.0943731897870257
CambXyl_con&BB_con&BO,pan_fla,z_within,DE,23,0.8048371230685313,3.6471826716469035e-6,0.8209488232908603
CambXyl_con&BB_con&BO,pha_cya,z_within,AT,147,0.24575175406797495,0.0026971684931170062,0.26081007101815235
CambXyl_con&BB_con&BO,pha_cya,z_within,DE,69,0.3337735680578152,0.005067054807710324,0.1907407769059107
CambXyl_con&BB_con&BO,pis_pin,z_within,DE,46,0.4323093313081473,0.0026966733112924607,0.2642906031668255
CambXyl_con&BB_con&BO,pit_bid,z_within,DE,23,-0.22156513687916324,0.3096141560594416,-0.20426810464901224
CambXyl_con&BB_con&BO,pit_cha,z_within,AT,168,0.2764092411018371,2.869053126436108e-4,0.26986913228140086
CambXyl_con&BB_con&BO,pit_cha,z_within,DE,69,0.09185348069147886,0.4528679823306102,-0.08357246069018744
CambXyl_con&BB_con&BO,pit_spp,z_within,AT,126,0.3595514993632721,3.551362768954359e-5,0.37627754022883453
CambXyl_con&BB_con&BO,pit_spp,z_within,DE,46,-0.17330735765542235,0.24939470578115164,-0.22631048457451458
CambXyl_con&BB_con&BO,pit_spp,z_within,HR,23,0.49060379219057193,0.01746074983896237,0.08766743079049305
CambXyl_con&BB_con&BO,pri_abi,z_within,DE,23,0.11332176360300306,0.6066731446766647,0.1009904812277195
CambXyl_con&BB_con&BO,sco_int,z_within,DE,46,0.3654961652028063,0.012497327829246133,0.1565093597660174
CambXyl_con&BB_con&BO,sco_sco,z_within,DE,23,0.2817473930476846,0.19276781791591246,0.1990544984971138
CambXyl_con&BB_con&BO,tet_gab,z_within,AT,105,0.03880199815919929,0.6943263253297831,-0.001098495079932775
CambXyl_con&BB_con&BO,tet_gab,z_within,DE,69,0.12580329777419452,0.30300587715276794,-0.006843253680324106
CambXyl_con&BB_con&BO,tet_spp,z_within,DE,69,0.1939588055413299,0.11028471503129691,-0.006937769692598746
CambXyl_con&BB_con&BO,tha_pit,z_within,HR,23,-0.6217247719356802,0.0015400586976846487,-0.6052519798078108
CambXyl_con&BB_con&BO,tha_pro,z_within,DE,69,0.10777719946167566,0.3780577332740772,0.015898940549214917
CambXyl_con&BB_con&BO,tom_spp,z_within,AT,168,0.5809419408765234,1.516851296533049e-16,0.5470593725770956
CambXyl_con&BB_con&BO,tom_spp,z_within,DE,69,0.43747384829482266,1.707012626519249e-4,0.29571966644503545
CambXyl_con&BB_con&BO,tor_vir,z_within,DE,69,-0.07555506164483235,0.5372184036377115,0.12476477714033052
CambXyl_con&BB_con&BO,uro_sir_spp,z_within,DE,23,0.20163660776972783,0.35620836561071734,0.13617873643267484
CambXyl_con&BB_con&BO,xyl_lin,z_within,DE,46,-0.38622899102215574,0.008020848770283142,-0.13455816171254864
CambXyl_con&BB_con&BO,xyl_spp,z_within,DE,69,0.018922301649942113,0.877355289092141,-0.09627504477135365
CambXyl_con&BB_con&SM,CambXyl_con&BO,z_within,DE,46,0.21620744598922761,0.14897339116325806,0.34993321388201776
CambXyl_con&BB_con&SM,CambXyl_con&MD,z_within,CZ,184,0.3899956184528028,4.440943154395017e-8,0.3638955140934274
CambXyl_con&BB_con&SM,CambXyl_con&MD,z_within,DE,23,0.5425991896891499,0.007471081736158168,0.34437654618821845
CambXyl_con&BB_con&SM,Def_dec&DB,z_within,CZ,184,-0.23533264045506685,0.0013010954939287013,-0.22196908943924354
CambXyl_con&BB_con&SM,Def_dec&DB,z_within,DE,46,0.44845796712858993,0.0017736952076878572,0.4577017618568639
CambXyl_con&BB_con&SM,agr_big,z_within,DE,46,-0.31814835511866024,0.031182424319456448,-0.3229644463959518
CambXyl_con&BB_con&SM,agr_vir,z_within,DE,46,0.24630907020242818,0.09892099305524596,0.22853295191460427
CambXyl_con&BB_con&SM,cep_spp,z_within,CZ,161,-0.3086505720179531,6.790061863137903e-5,-0.3180034863922516
CambXyl_con&BB_con&SM,den_mic,z_within,CZ,23,-0.3331588770129552,0.12031902567527676,-0.32141217326661253
CambXyl_con&BB_con&SM,dip_sp,z_within,DE,46,-0.26143808090395076,0.07925457155755843,-0.024799848058736883
CambXyl_con&BB_con&SM,era_def,z_within,DE,46,-0.24549439001010348,0.10007799324908385,0.15375322981039463
CambXyl_con&BB_con&SM,geo_db,z_within,DE,46,0.04182563996401112,0.7825564028417717,0.33317113606478116
CambXyl_con&BB_con&SM,ips_acu,z_within,CZ,184,0.5948420261747787,5.417817423295388e-19,0.5319962173107421
CambXyl_con&BB_con&SM,ips_acu,z_within,DE,46,-0.051170256560591244,0.735571314271863,-0.2812722636378531
CambXyl_con&BB_con&SM,ips_cem,z_within,DE,46,-0.5963053050449754,1.2253406019678452e-5,-0.5195394692080925
CambXyl_con&BB_con&SM,ips_dup,z_within,CZ,184,0.8195872083434662,6.830067148672733e-46,0.7923708872059225
CambXyl_con&BB_con&SM,ips_sex,z_within,CZ,184,0.5972798148431542,3.580576207534497e-19,0.6132944843915376
CambXyl_con&BB_con&SM,ips_sex,z_within,DE,46,-0.24389783284653566,0.10237558473008593,-0.4004357866792059
CambXyl_con&BB_con&SM,ips_typ,z_within,DE,46,-0.6208701363135091,4.154994873782297e-6,-0.5856543226827599
CambXyl_con&BB_con&SM,lym_dis,z_within,CZ,138,0.45364943053751,2.2991157100030986e-8,0.26370666019402744
CambXyl_con&BB_con&SM,lym_dis,z_within,DE,46,0.08992415101059414,0.5523003055087214,0.027777169792437603
CambXyl_con&BB_con&SM,lym_mon,z_within,CZ,138,-0.15939086936690294,0.0618535846221231,-0.16832345497454979
CambXyl_con&BB_con&SM,mel_spp,z_within,DE,46,0.22253800186976816,0.13714685012339542,0.1011702323266991
CambXyl_con&BB_con&SM,neo_ser,z_within,CZ,46,-0.2721617372939568,0.06727951968190145,-0.06529723478505338
CambXyl_con&BB_con&SM,ope_spp,z_within,DE,46,-0.15383990674347625,0.30736303733555925,0.18040027088570273
CambXyl_con&BB_con&SM,pan_fla,z_within,CZ,23,0.3148455983643563,0.14339703563761685,0.25712973861329
CambXyl_con&BB_con&SM,pha_cya,z_within,CZ,184,0.44514106514581264,2.433192469072875e-10,0.4219705362386157
CambXyl_con&BB_con&SM,pha_cya,z_within,DE,46,-0.15684754186581196,0.29788671597676325,-0.11660657554706433
CambXyl_con&BB_con&SM,pis_pin,z_within,DE,23,-0.2679619886936452,0.21638580664359586,-0.25659672623858565
CambXyl_con&BB_con&SM,pit_bid,z_within,DE,23,-0.18611254646236183,0.39518375462322275,-0.17745307757998113
CambXyl_con&BB_con&SM,pit_cha,z_within,DE,46,-0.6155328156771573,5.296709243703627e-6,-0.5118992679510231
CambXyl_con&BB_con&SM,pit_spp,z_within,CZ,184,0.6878035311953974,4.078415543817802e-27,0.569185559948537
CambXyl_con&BB_con&SM,pit_spp,z_within,DE,46,-0.19485959984782372,0.1943865026117184,-0.19282438031090268
CambXyl_con&BB_con&SM,pol_pol,z_within,CZ,184,0.1533008709230397,0.03774623416196042,0.1153699023576242
CambXyl_con&BB_con&SM,pri_abi,z_within,CZ,161,-0.5008383777623912,1.3239305539273008e-11,-0.4646836431515954
CambXyl_con&BB_con&SM,pri_abi,z_within,DE,23,-0.3345684224604586,0.11866184500114058,-0.3214291914461276
CambXyl_con&BB_con&SM,sco_int,z_within,CZ,184,0.16509876231743995,0.025114388543010124,0.09031521080910261
CambXyl_con&BB_con&SM,sco_int,z_within,DE,46,0.6154330250403487,5.320580058097633e-6,0.2293607994912909
CambXyl_con&BB_con&SM,sco_rat,z_within,CZ,184,0.42472806692235554,1.8669375391530704e-9,0.3340532884365672
CambXyl_con&BB_con&SM,sco_sco,z_within,DE,23,-0.2676943929006886,0.2168625209070431,-0.25659672623858565
CambXyl_con&BB_con&SM,tet_gab,z_within,CZ,46,-0.2915528252529193,0.049306523671646445,-0.14601918988654133
CambXyl_con&BB_con&SM,tet_gab,z_within,DE,46,-0.41562211067990973,0.004072259987270964,-0.4410535060220646
CambXyl_con&BB_con&SM,tet_spp,z_within,DE,46,-0.13533920230271942,0.36983128836447954,-0.05251697319027223
CambXyl_con&BB_con&SM,tha_pro,z_within,DE,46,0.3129135890893612,0.03422841036361502,0.15831387801910154
CambXyl_con&BB_con&SM,tom_spp,z_within,CZ,184,0.6582652043883976,3.1922926624115626e-24,0.5961353313803245
CambXyl_con&BB_con&SM,tom_spp,z_within,DE,46,0.12721567842373077,0.3995057608131769,-0.04470774582957186
CambXyl_con&BB_con&SM,tor_vir,z_within,DE,46,-0.21414762490728567,0.15297897688835171,0.08401502714679047
CambXyl_con&BB_con&SM,uro_sir_spp,z_within,DE,23,-0.18611254646236183,0.39518375462322275,-0.17745307757998113
CambXyl_con&BB_con&SM,xyl_lin,z_within,DE,46,-0.34003444818021533,0.020770729750316547,-0.019451755053690407
CambXyl_con&BB_con&SM,xyl_spp,z_within,DE,46,-0.3103685696707953,0.0357956564285254,-0.029324149009643908
CambXyl_con&BB_con&SM,zei_gri,z_within,CZ,161,-0.033386910202289746,0.6741576454522298,0.02897533182986278
CambXyl_con&BO,CambXyl_con&MD,z_within,DE,23,0.4085899793736814,0.05290368131810672,0.34490507954164734
CambXyl_con&BO,Def_dec&DB,z_within,DE,46,-0.14624997885919855,0.33212353803434835,-0.010123199783794796
CambXyl_con&BO,agr_big,z_within,DE,46,-0.48523093396203837,6.310532362240133e-4,-0.45975599292842734
CambXyl_con&BO,agr_vir,z_within,DE,46,-0.21028859099322655,0.1606952948029189,-0.23578681765831805
CambXyl_con&BO,dip_sp,z_within,DE,46,-0.2197696264453036,0.14222954348534614,-0.009092032024952875
CambXyl_con&BO,era_def,z_within,DE,46,-0.17031205440760822,0.2577965209677629,0.3075407361426557
CambXyl_con&BO,geo_db,z_within,DE,46,0.07504624600914299,0.6201196852867507,0.4540052584453348
CambXyl_con&BO,ips_acu,z_within,DE,46,-0.14309502033855018,0.34277180533762086,-0.45142475335105264
CambXyl_con&BO,ips_cem,z_within,DE,46,0.0690729314005082,0.6482978138070516,0.027731616375904315
CambXyl_con&BO,ips_sex,z_within,DE,46,-0.16923579078471165,0.26086118087515553,-0.461238468234734
CambXyl_con&BO,ips_typ,z_within,DE,46,0.14997136657978294,0.31983193847679264,0.05133481172111338
CambXyl_con&BO,ips_typ,z_within,SI,23,0.2470652952898162,0.2557320804607281,0.274703557312253
CambXyl_con&BO,lym_dis,z_within,DE,46,-0.22368969366303829,0.1350726722462435,-0.2862039627976733
CambXyl_con&BO,mel_spp,z_within,DE,46,-0.0670962167597237,0.6577333284385734,-0.10734823367891289
CambXyl_con&BO,ope_spp,z_within,DE,46,-0.19373954305906851,0.1970135259428996,0.23023874424026103
CambXyl_con&BO,pha_cya,z_within,DE,46,-0.2775604572294517,0.06182056185733535,-0.2239541501931388
CambXyl_con&BO,pis_pin,z_within,DE,23,-0.1818665055313,0.4062443169526988,-0.18047744680791855
CambXyl_con&BO,pit_bid,z_within,DE,23,-0.126315074110525,0.565756889259071,-0.12481171852545074
CambXyl_con&BO,pit_cha,z_within,DE,46,0.11253953796886483,0.4564864790047626,-0.021386695009367025
CambXyl_con&BO,pit_cha,z_within,SI,23,0.37330814939422097,0.07933632076925475,0.44387405184688006
CambXyl_con&BO,pit_spp,z_within,DE,46,0.28680140790128006,0.053302524647903776,0.1860263252673303
CambXyl_con&BO,pit_spp,z_within,SI,23,0.45338204362045226,0.029798208396759535,0.40909090909090906
CambXyl_con&BO,pri_abi,z_within,DE,23,-0.22707246707132053,0.2974295791121207,-0.2260773964348709
CambXyl_con&BO,sco_int,z_within,DE,46,0.4226891249451951,0.0034285837045377127,-0.007789719869400621
CambXyl_con&BO,sco_sco,z_within,DE,23,-0.18168488756377726,0.40672119888783476,-0.18047744680791855
CambXyl_con&BO,tet_gab,z_within,DE,46,-0.15084846095658896,0.3169773178666746,-0.14670639271480526
CambXyl_con&BO,tet_spp,z_within,DE,46,-0.06629566544783358,0.6615697607571529,-0.18682477429632882
CambXyl_con&BO,tha_pro,z_within,DE,46,0.2753810185803453,0.06398009038217269,0.13754151801847436
CambXyl_con&BO,tom_spp,z_within,DE,46,-0.2999851652308982,0.04281402007492618,-0.3123872821744755
CambXyl_con&BO,tor_vir,z_within,DE,46,-0.11718395903150548,0.4379938995165711,0.30188160184222584
CambXyl_con&BO,uro_sir_spp,z_within,DE,23,-0.126315074110525,0.565756889259071,-0.12481171852545074
CambXyl_con&BO,xyl_lin,z_within,DE,46,0.36282935360827007,0.013204749556120065,0.5267573005448789
CambXyl_con&BO,xyl_spp,z_within,DE,46,0.25422927671137563,0.08820315190388478,0.4000210485099592
CambXyl_con&MD,Def_dec&DB,z_within,CZ,184,-0.06171787797879782,0.40525623643003084,-0.05322424560815845
CambXyl_con&MD,Def_dec&DB,z_within,DE,23,0.20823142389636293,0.34035719423109334,0.23801146360640088
CambXyl_con&MD,agr_big,z_within,DE,23,-0.5679302367098098,0.004699460940766874,-0.4236142102829411
CambXyl_con&MD,agr_vir,z_within,DE,23,0.23955636739227198,0.2709265164562373,0.10701206181237612
CambXyl_con&MD,cep_spp,z_within,CZ,161,-0.08729467552807127,0.27084524599696336,-0.07064968140553868
CambXyl_con&MD,den_mic,z_within,CZ,23,-0.019165484321685695,0.930833419352936,-0.06565936920776054
CambXyl_con&MD,dip_sp,z_within,DE,23,-0.15203047166365852,0.4886267952205854,0.102557002818255
CambXyl_con&MD,era_def,z_within,DE,23,-0.41447166147635073,0.04925738320444935,-0.3560373412939601
CambXyl_con&MD,geo_db,z_within,DE,23,0.2470975298187842,0.25566806134794784,0.05345287174322452
CambXyl_con&MD,ips_acu,z_within,CZ,184,0.48426142329629607,3.2913686003355994e-12,0.4311183885541943
CambXyl_con&MD,ips_acu,z_within,DE,23,-0.287018411535239,0.18422018614830712,-0.246222634529102
CambXyl_con&MD,ips_cem,z_within,DE,23,-0.5080285918640388,0.013325190978122067,-0.4028007915565637
CambXyl_con&MD,ips_dup,z_within,CZ,184,0.32381019760645086,7.330990364044868e-6,0.3332274426813301
CambXyl_con&MD,ips_sex,z_within,CZ,184,0.34606010349648714,1.4964591145612886e-6,0.4025207880191756
CambXyl_con&MD,ips_sex,z_within,DE,23,-0.40886788878655883,0.05272682588485689,-0.3560373412939601
CambXyl_con&MD,ips_typ,z_within,DE,23,-0.3525099958742969,0.09899368673800223,-0.17909054741974564
CambXyl_con&MD,lym_dis,z_within,CZ,138,-0.04285289804406137,0.6177385581600282,0.0056149828541711905
CambXyl_con&MD,lym_dis,z_within,DE,23,-0.22684908623911468,0.29791793157266955,-0.1358356270683664
CambXyl_con&MD,lym_mon,z_within,CZ,138,-7.701405872143058e-4,0.9928472104656136,0.003885912941634774
CambXyl_con&MD,mel_spp,z_within,DE,23,-0.37181353861969174,0.08064216617420983,-0.39312561176816213
CambXyl_con&MD,neo_ser,z_within,CZ,46,-0.1385423290230635,0.3585041927474586,-0.1359933907387713
CambXyl_con&MD,ope_spp,z_within,DE,23,-0.27135129003727565,0.21040829904511862,-0.2775078492145931
CambXyl_con&MD,pan_fla,z_within,CZ,23,0.23224287580754416,0.2862647596192523,0.25719328235295114
CambXyl_con&MD,pha_cya,z_within,CZ,184,0.35306972013168764,8.838351096441904e-7,0.2771207771180788
CambXyl_con&MD,pha_cya,z_within,DE,23,-0.5243136442823004,0.01022067863256795,-0.5951343241298642
CambXyl_con&MD,pis_pin,z_within,DE,23,-0.4132447049303443,0.05000141846617726,-0.3560373412939601
CambXyl_con&MD,pit_bid,z_within,DE,23,-0.287018411535239,0.18422018614830712,-0.246222634529102
CambXyl_con&MD,pit_cha,z_within,DE,23,-0.43752968401052406,0.03680888752893853,-0.32023818225056216
CambXyl_con&MD,pit_spp,z_within,CZ,184,0.43115595586201805,9.97194797716827e-10,0.40357833328317755
CambXyl_con&MD,pit_spp,z_within,DE,23,0.03263001461107959,0.8825005075519264,0.37546271521888663
CambXyl_con&MD,pol_pol,z_within,CZ,184,0.2217338760347831,0.0024863805725883733,0.14198101200689225
CambXyl_con&MD,pri_abi,z_within,CZ,161,-0.2025176252277872,0.009983741523823579,-0.1984329382926834
CambXyl_con&MD,pri_abi,z_within,DE,23,-0.5159635875696942,0.011728103424119537,-0.44599475766631036
CambXyl_con&MD,sco_int,z_within,CZ,184,0.3392834224013094,2.4601205639377164e-6,0.2448623001414506
CambXyl_con&MD,sco_int,z_within,DE,23,0.3198081808132602,0.13685507257797808,0.07185522490450987
CambXyl_con&MD,sco_rat,z_within,CZ,184,0.3842897970706356,7.225294040398814e-8,0.3130927248917662
CambXyl_con&MD,sco_sco,z_within,DE,23,-0.41283202496390564,0.050253621267280155,-0.3560373412939601
CambXyl_con&MD,tet_gab,z_within,CZ,46,-0.11750892830317107,0.43671574915921196,-0.0894287531261705
CambXyl_con&MD,tet_gab,z_within,DE,23,-0.6303115469932534,0.0012647007921674821,-0.655855824267711
CambXyl_con&MD,tet_spp,z_within,DE,23,-0.3141758054767339,0.14429671511485007,-0.17984940567152424
CambXyl_con&MD,tha_pro,z_within,DE,23,0.6669559593540159,5.091638769174259e-4,0.6642890335495346
CambXyl_con&MD,tom_spp,z_within,CZ,184,0.34394154860338255,1.7502632053893002e-6,0.3657827063485384
CambXyl_con&MD,tom_spp,z_within,DE,23,-0.5942723102564771,0.002787680156942591,-0.6008342550390495
CambXyl_con&MD,tor_vir,z_within,DE,23,-0.1878748028105495,0.39064326935449845,-0.11072380575382224
CambXyl_con&MD,uro_sir_spp,z_within,DE,23,-0.287018411535239,0.18422018614830712,-0.246222634529102
CambXyl_con&MD,xyl_lin,z_within,DE,23,0.4395034611066269,0.035871159588293074,0.6093627378727596
CambXyl_con&MD,xyl_spp,z_within,DE,23,0.3834003930964955,0.07093145840865196,0.605543577149824
CambXyl_con&MD,zei_gri,z_within,CZ,161,-0.0335578961466258,0.6725847573197541,-0.00782602458887191
Def_dec,Def_dec&DB,z_within,DE,46,0.005859444997207841,0.969171588605639,0.06887871838665466
Def_dec,agr_big,z_within,DE,46,0.041005586539887035,0.7867191865322409,0.08572576196885379
Def_dec,agr_vir,z_within,DE,23,-0.06411037315974936,0.7713455122710939,-0.065727164134656485
Def_dec,bup_pin,z_within,DE,46,-0.002263108920180249,0.9880906264876619,0.1193531568088493
Def_dec,den_pin,z_within,DE,23,-0.08850993486026422,0.6879807690681756,-0.09726832530780989
Def_dec,dip_sp,z_within,DE,23,-0.15123501397980835,0.4909310394457721,-0.16427391877398576
Def_dec,era_def,z_within,DE,23,-0.04545454545454545,0.836836496093119,-0.04545454545454546
Def_dec,geo_db,z_within,DE,23,0.1840790011792562,0.400459756406921,0.23197017141823967
Def_dec,ips_acu,z_within,DE,23,-0.05066524086339646,0.8184191272056185,-0.16086512287868954
Def_dec,ips_cem,z_within,DE,46,-0.19007771378048055,0.2057769701117415,-0.23069784432969942
Def_dec,ips_sex,z_within,DE,46,-0.05989375640280196,0.6925512911772681,0.014664994383502283
Def_dec,ips_typ,z_within,DE,46,0.06621435755806492,0.6619598899698712,0.038416667686737356
Def_dec,lym_dis,z_within,DE,46,-0.1584249882659077,0.2929927475660112,-0.1735992862466569
Def_dec,lym_mon,z_within,DE,46,-0.05536062331372908,0.7147970057573344,-0.0879496022759327
Def_dec,mel_spp,z_within,DE,46,-0.1150527484178654,0.44642754798025086,-0.10698509668208353
Def_dec,neo_ser,z_within,DE,23,-0.17030598012606962,0.43721039572534093,-0.1909327929196652
Def_dec,ope_spp,z_within,DE,46,-0.0991952608416622,0.5119010479056401,-0.11193113484941901
Def_dec,pan_fla,z_within,DE,23,0.4349557387080115,0.038060671244731954,0.445185843392689
Def_dec,pha_cya,z_within,DE,46,0.014916770907577396,0.921621349505054,0.054015908064927946
Def_dec,pis_pin,z_within,DE,23,0.047935607440218034,0.8280561583419527,0.048247595867045585
Def_dec,pit_bid,z_within,DE,23,-0.0031573234898099527,0.9885925951145742,0
Def_dec,pit_cha,z_within,DE,46,-0.08651135198533992,0.5675425644050587,-0.08365131106896255
Def_dec,pit_spp,z_within,DE,23,-0.06473165280672023,0.7691877155755654,-0.065727164134656485
Def_dec,pri_abi,z_within,DE,46,0.034752146176104705,0.8186488892827721,0.07052081230550551
Def_dec,sco_int,z_within,DE,46,0.0391640041483102,0.7960888017087911,0.07374680841147614
Def_dec,sco_rat,z_within,DE,23,0.16704155744010196,0.4461764506173179,0.19707972130433635
Def_dec,sco_sco,z_within,DE,23,-0.09494059709301478,0.6665387556336386,-0.09726832530780989
Def_dec,tet_gab,z_within,DE,46,-0.05760786018903338,0.7037384009447496,-0.07604509951927425
Def_dec,tet_spp,z_within,DE,46,-0.20132639388006474,0.17970352037883602,-0.21417344828215704
Def_dec,tha_pro,z_within,DE,23,0.024091422145301643,0.913114726804021,-0.032228915217702124
Def_dec,tom_spp,z_within,DE,46,-0.2917135929147534,0.0491756829032382,-0.2925808920176061
Def_dec,tor_vir,z_within,DE,23,-0.009021902171087948,0.9674112525937775,-0.06440985288470351
Def_dec,uro_sir_spp,z_within,DE,46,-0.1125868223752524,0.4562960988694841,-0.13025629353384574
Def_dec,xyl_lin,z_within,DE,46,-0.15882600672809638,0.29175695835927073,-0.19754927336242395
Def_dec,xyl_spp,z_within,DE,46,-0.04790893656529612,0.7518708460671452,-0.08649060459708299
Def_dec,zei_gri,z_within,DE,23,-0.09766853508096923,0.657517432053448,-0.09737854440867527
Def_dec&DB,agr_big,z_within,DE,161,0.19581356008786657,0.012796481465495169,0.0965399956636614
Def_dec&DB,agr_vir,z_within,DE,138,0.160435637316341,0.060142923945252245,0.2487519670903404
Def_dec&DB,bup_pin,z_within,DE,115,0.2651966072469017,0.004179030619627084,-0.034361623543020935
Def_dec&DB,cep_spp,z_within,CZ,161,0.0623217714086977,0.43223263543704415,0.0930827359911697
Def_dec&DB,den_mic,z_within,CZ,23,0.44936409809977634,0.03146523528660655,0.3122555567747248
Def_dec&DB,den_pin,z_within,DE,69,-0.10327541499752042,0.39841296073547006,-0.3926649834811243
Def_dec&DB,dip_sp,z_within,AT,84,0.39178910512310133,2.2826005921565025e-4,0.39546353231708065
Def_dec&DB,dip_sp,z_within,DE,138,0.02589378931358187,0.7630585060222848,-0.0872261368858374
Def_dec&DB,era_def,z_within,DE,138,-0.4011728810889084,1.0811153699840647e-6,-0.2613506243265216
Def_dec&DB,geo_db,z_within,DE,115,-0.276865879437037,0.002740798734046755,-0.22521269701430582
Def_dec&DB,ips_acu,z_within,CZ,184,-0.0366107431499605,0.6217346272833106,-0.030175634718067654
Def_dec&DB,ips_acu,z_within,DE,115,0.18386011517575318,0.04918979467892491,0.22492748606539706
Def_dec&DB,ips_ami,z_within,DE,23,-0.1482438477178945,0.4996438653704085,-0.18047744680791855
Def_dec&DB,ips_cem,z_within,DE,161,0.14678734690646594,0.06315654191454159,0.13328800152610537
Def_dec&DB,ips_dup,z_within,CZ,184,-0.25020303855968506,6.138096962120754e-4,-0.24927983645929727
Def_dec&DB,ips_sex,z_within,CZ,184,-0.014631889871831467,0.8437222206069557,-0.012468375573735684
Def_dec&DB,ips_sex,z_within,DE,138,0.020556167330170794,0.8108659218071864,-0.009178294957803583
Def_dec&DB,ips_typ,z_within,AT,126,-0.18605861873260748,0.03698415908818858,-0.11722105759366168
Def_dec&DB,ips_typ,z_within,DE,161,0.1557176120732402,0.048553840286161117,0.14408889295394
Def_dec&DB,lym_dis,z_within,AT,105,0.41626945823653083,1.0026229737672584e-5,0.42112636997084185
Def_dec&DB,lym_dis,z_within,CZ,138,-0.08102894540370782,0.34477578144474164,0.028469938282174055
Def_dec&DB,lym_dis,z_within,DE,138,0.25365619801512385,0.002682670201166127,0.23569507635743497
Def_dec&DB,lym_mon,z_within,CZ,138,0.12349219454703382,0.14900949164828858,0.1327952218790986
Def_dec&DB,lym_mon,z_within,DE,115,0.1640825307820453,0.07972850968882518,0.2093110749953557
Def_dec&DB,mel_spp,z_within,DE,161,0.08193908555152642,0.30145039939121937,0.16301558567530644
Def_dec&DB,neo_ser,z_within,CZ,46,0.17098321356242013,0.25589764983686913,0.06446207850982875
Def_dec&DB,neo_ser,z_within,DE,23,-0.17030598012606962,0.43721039572534093,-0.1909327929196652
Def_dec&DB,ope_spp,z_within,DE,115,-0.10950511630780273,0.24402294511697425,-0.06630029354152224
Def_dec&DB,pan_fla,z_within,CZ,23,0.23548949253841236,0.27939007095608,0.25719328235295114
Def_dec&DB,pan_fla,z_within,DE,69,0.29540266263581527,0.013730650951373909,0.4593588616453278
Def_dec&DB,pha_cya,z_within,AT,105,0.18612989030300664,0.05729137920299479,0.16343309076017673
Def_dec&DB,pha_cya,z_within,CZ,184,-0.04650237931642953,0.5307710107157839,-0.034323650286057
Def_dec&DB,pha_cya,z_within,DE,161,0.20038643703317488,0.01081213517454022,0.1488472175027656
Def_dec&DB,pis_pin,z_within,DE,115,0.2510610297675176,0.006801530135212871,0.3412967292679181
Def_dec&DB,pit_bid,z_within,DE,69,-0.0435202252672427,0.72253704409679,0.023896717358472423
Def_dec&DB,pit_cha,z_within,AT,126,-0.010924602781395268,0.903366424699166,0.002608688015521807
Def_dec&DB,pit_cha,z_within,DE,161,0.14863582843192777,0.059870188453462134,0.19918038952875375
Def_dec&DB,pit_spp,z_within,AT,84,-0.11458096362822914,0.29934485869741456,-0.10137583590253851
Def_dec&DB,pit_spp,z_within,CZ,184,-0.13135807999215643,0.07550334940496098,-0.17689164240775085
Def_dec&DB,pit_spp,z_within,DE,69,-0.2714209756937098,0.024074798475295974,-0.3504351250057396
Def_dec&DB,pol_pol,z_within,CZ,184,-0.028681736429911037,0.6991366364180622,0.012114524545161934
Def_dec&DB,pri_abi,z_within,CZ,161,0.40135730321153246,1.316505605196257e-7,0.3404869064471247
Def_dec&DB,pri_abi,z_within,DE,115,-0.03516814125771405,0.7090503455100459,-0.0697507330756104
Def_dec&DB,sap_car,z_within,DE,23,0.3990765396574864,0.059239403131787806,0.41603906175150246
Def_dec&DB,sco_int,z_within,CZ,184,-0.03261623439060007,0.660277518548668,-0.010679274037886172
Def_dec&DB,sco_int,z_within,DE,115,0.06964337151548897,0.4595537468652837,0.13187237419047823
Def_dec&DB,sco_rat,z_within,CZ,184,-0.05561377846723984,0.45336216943963226,0.005257830749278756
Def_dec&DB,sco_rat,z_within,DE,46,-0.08507518564773003,0.574014369266131,0.19984460792904027
Def_dec&DB,sco_sco,z_within,DE,69,0.017143124488312525,0.8888099454144538,-0.09341731953283557
Def_dec&DB,tet_gab,z_within,AT,105,-0.054484817931396264,0.5809275269206027,0.02330227949332135
Def_dec&DB,tet_gab,z_within,CZ,46,0.2545258147361116,0.08782017570443555,0.1302749554817152
Def_dec&DB,tet_gab,z_within,DE,161,0.06439309373038593,0.41705961295156946,0.0830777008559408
Def_dec&DB,tet_spp,z_within,DE,138,0.15548884580632624,0.06859803088552227,0.21438378587688006
Def_dec&DB,tha_pit,z_within,DE,23,0.4899013852018552,0.01764709278977977,0.6199543255983624
Def_dec&DB,tha_pro,z_within,DE,138,0.1639678493720578,0.05464443938409355,0.11746698844291056
Def_dec&DB,tom_spp,z_within,AT,126,-0.08583650740316706,0.3392364120884822,-0.09224117723114673
Def_dec&DB,tom_spp,z_within,CZ,184,-0.007822714755416805,0.9160656043771328,-0.011926730097061277
Def_dec&DB,tom_spp,z_within,DE,161,0.2505774822800933,0.00134592065520456,0.3193257787041174
Def_dec&DB,tor_vir,z_within,DE,138,-0.38151204577929937,3.896323640199328e-6,-0.3394651699592681
Def_dec&DB,uro_sir_spp,z_within,DE,69,0.08141405594730934,0.5060335900451438,0.013945551121149577
Def_dec&DB,xyl_lin,z_within,DE,138,-0.09314944036378515,0.27718292280434487,-0.08954583430583468
Def_dec&DB,xyl_spp,z_within,DE,161,0.13987329415948246,0.0767814028446019,0.015038823999524711
Def_dec&DB,zei_gri,z_within,CZ,161,-0.0895555669484062,0.25858145374889135,-0.136351936864792
Def_dec&DB,zei_gri,z_within,DE,23,-0.09766853508096923,0.657517432053448,-0.09737854440867527
agr_big,agr_vir,z_within,DE,207,0.4023832540310443,1.8527065799532068e-9,0.2980400812683783
agr_big,bup_pin,z_within,DE,184,-0.01565710590010523,0.832927148244451,-0.07492991005775611
agr_big,bup_pin,z_within,PL,280,0.40773367296493745,1.218732830578641e-12,0.3891421591175806
agr_big,den_mic,z_within,DE,23,0.24910932455580456,0.2516929637770547,0.266340110575914
agr_big,den_pin,z_within,DE,115,0.08262993946204511,0.37998178642389224,0.02786078095565782
agr_big,den_pin,z_within,PL,280,0.2150991888031895,2.8814842390755593e-4,0.21641688517862384
agr_big,dip_sp,z_within,DE,207,0.18175620305904142,0.00876596158384101,0.07784121004666751
agr_big,dip_sp,z_within,PL,320,0.19649904703142845,4.0645095327601524e-4,0.23962535253355324
agr_big,era_def,z_within,DE,230,0.016872835582134572,0.7990991469494914,0.03312352871632353
agr_big,geo_db,z_within,DE,161,-0.17823865518199247,0.02369010619288398,-0.07182079534316847
agr_big,geo_db,z_within,PL,340,0.18076117991060311,8.127345799582249e-4,0.17334800007816326
agr_big,ips_acu,z_within,DE,161,0.46536987738854096,4.972171553320426e-10,0.3331703796462026
agr_big,ips_acu,z_within,PL,320,-0.3611640526611437,2.7085084318032928e-11,-0.3470966790042094
agr_big,ips_ami,z_within,DE,46,0.3081380685253343,0.03721735419781497,0.32265436567096134
agr_big,ips_cem,z_within,DE,253,0.3015366518934127,1.0254044206490004e-6,0.24222806323518611
agr_big,ips_sex,z_within,DE,184,0.3202276000503943,9.360837048260712e-6,0.1731281213303989
agr_big,ips_typ,z_within,DE,253,0.30948535344364064,5.110161506735058e-7,0.29294871178620807
agr_big,ips_typ,z_within,PL,340,0.1501885664900762,0.005521905235807225,0.11166898960554818
agr_big,lym_dis,z_within,DE,207,0.1718260569772289,0.013300639786623911,0.09835438714733044
agr_big,lym_mon,z_within,DE,184,-0.0778427113680816,0.2935762054375848,-0.008021238952577442
agr_big,lym_mon,z_within,PL,320,0.10169353725776172,0.06925648744735312,0.0747569989721633
agr_big,mel_spp,z_within,DE,207,0.08166156491688491,0.24210343270131415,0.015039812416837042
agr_big,mel_spp,z_within,PL,340,0.18938987057575676,4.461816215784196e-4,0.19257057884202852
agr_big,neo_ser,z_within,DE,46,0.15933046984177585,0.290207201144342,0.10823194317080995
agr_big,ope_spp,z_within,DE,207,0.027201630958977815,0.6972277455599389,0.10696188963840024
agr_big,pan_fla,z_within,DE,138,-0.10456890869527448,0.22224418154665235,-0.16768675240502734
agr_big,pan_fla,z_within,PL,300,0.08958591594274788,0.12154754347961765,0.1085172764396851
agr_big,pha_cya,z_within,DE,253,0.3869003245165622,1.8477438589656136e-10,0.3085912741252565
agr_big,pha_cya,z_within,PL,340,0.39742072496711245,2.5944088485361604e-14,0.4147578395857362
agr_big,pis_pin,z_within,DE,161,0.4044548598037905,1.0313957535857742e-7,0.3186152409751393
agr_big,pit_bid,z_within,DE,115,0.3062203632781392,8.737600045718264e-4,0.2469259950457928
agr_big,pit_cha,z_within,DE,253,0.24553837228852635,7.921094215897541e-5,0.24601414071226513
agr_big,pit_spp,z_within,DE,92,-0.004985416969537053,0.9623817868223141,-0.011297604987563655
agr_big,pri_abi,z_within,DE,184,-0.116906913128948,0.11401077971244748,-0.2407990337605844
agr_big,sap_car,z_within,DE,23,0.25395933013360983,0.24227484409713712,0.32149160294118895
agr_big,sco_int,z_within,DE,184,0.3583582539819958,5.890498962233952e-7,0.2859983766144233
agr_big,sco_rat,z_within,DE,69,0.6533638926742446,1.1618698201504026e-9,0.6017467583866305
agr_big,sco_sco,z_within,DE,115,0.25211305451952576,0.006565215668114978,0.20120994601930212
agr_big,tet_gab,z_within,DE,207,0.28818159823377065,2.5448774522279517e-5,0.209666268257098
agr_big,tet_spp,z_within,DE,184,0.061878490187534836,0.40403274762550134,0.145401715076067
agr_big,tha_pit,z_within,DE,23,0.22386911130466447,0.30448013884448794,0.27745229987799047
agr_big,tha_pro,z_within,DE,230,0.0620513058985319,0.3488457503731486,0.13207548126916527
agr_big,tom_spp,z_within,DE,253,0.2307168021908929,2.1418771749587198e-4,0.16476151588031093
agr_big,tom_spp,z_within,PL,280,0.42644102474520584,8.444668026237818e-14,0.5144055389364433
agr_big,tor_vir,z_within,DE,230,0.04780187226737358,0.47065484963910154,0.07887019450683261
agr_big,tor_vir,z_within,PL,340,0.25203187387725456,2.522376620184314e-6,0.2773631530024767
agr_big,uro_sir_spp,z_within,DE,92,0.22612088080254372,0.030206160450221984,0.03514485721919206
agr_big,xyl_lin,z_within,DE,230,0.0606327788079029,0.35999528217894294,0.09721577756111112
agr_big,xyl_spp,z_within,DE,253,0.09401765810216339,0.13587166507078652,0.10298084773454583
agr_big,zei_gri,z_within,DE,23,0.006149642809086199,0.9777833093237914,0.019013862564943734
agr_vir,bup_pin,z_within,DE,138,-0.15322996158086244,0.07276800674064708,-0.23118782569847662
agr_vir,den_mic,z_within,DE,23,0.7693546402599964,1.7794306754216794e-5,0.7229988054812213
agr_vir,den_pin,z_within,DE,92,-0.11679159435643065,0.26755599226053123,-0.1664268630761798
agr_vir,dip_sp,z_within,DE,184,-0.023275853826580244,0.7538097383427853,-0.09399023595551632
agr_vir,era_def,z_within,DE,184,0.09436195187295861,0.20262449656615958,-0.07255525306196231
agr_vir,geo_db,z_within,DE,161,-0.17486371436479012,0.02651354700867048,-0.25745590271269864
agr_vir,ips_acu,z_within,DE,138,0.4701470767696961,5.953430193530306e-9,0.3504346328083651
agr_vir,ips_ami,z_within,DE,46,-0.06261931301983985,0.6792968075118051,-0.18921939544480187
agr_vir,ips_cem,z_within,DE,207,0.2848920006194881,3.1739994435669995e-5,0.17280664708326782
agr_vir,ips_sex,z_within,DE,138,0.25127795465337566,0.0029505004161534494,0.14925696081031312
agr_vir,ips_typ,z_within,DE,207,0.29213200593072136,1.9447795555743487e-5,0.22053490882139817
agr_vir,lym_dis,z_within,DE,161,0.36464002527305583,1.9797327984911225e-6,0.3955981595291035
agr_vir,lym_mon,z_within,DE,138,-0.17507862178476968,0.03998610899748219,-0.12131241908354334
agr_vir,mel_spp,z_within,DE,161,0.11997315562944859,0.12954262297395666,0.19837866038551827
agr_vir,neo_ser,z_within,DE,23,0.24284748902538117,0.2641978672303349,0.32410372979295693
agr_vir,ope_spp,z_within,DE,161,0.0646994334318808,0.41484229995476984,0.08941382356885191
agr_vir,pan_fla,z_within,DE,115,-0.1259169781486554,0.17995240222490833,-0.09246724650527378
agr_vir,pha_cya,z_within,DE,207,0.40813548237545116,1.0318997907205209e-9,0.401475727240043
agr_vir,pis_pin,z_within,DE,138,0.1481390221526748,0.08291968950353323,0.2517288206862922
agr_vir,pit_bid,z_within,DE,92,0.4054515066097496,6.087311239305018e-5,0.2421980677414897
agr_vir,pit_cha,z_within,DE,207,0.17793386462787442,0.010316932603091484,0.1605506060345118
agr_vir,pit_spp,z_within,DE,69,0.08617441261279489,0.48140004174070505,0.2186479905197893
agr_vir,pri_abi,z_within,DE,138,-0.21430461722681685,0.01160260447688727,-0.18673733136154244
agr_vir,sap_car,z_within,DE,23,0.47273607767830916,0.022726264642799334,0.4863416265390495
agr_vir,sco_int,z_within,DE,138,0.2533880052668425,0.002711733126801213,0.25412991172872207
agr_vir,sco_rat,z_within,DE,46,0.44660997739058744,0.0018627278054700097,0.40877661017329237
agr_vir,sco_sco,z_within,DE,92,0.009041036574031498,0.9318363601909831,0.018071617961465242
agr_vir,tet_gab,z_within,DE,161,0.20557875517291666,0.008891918289773601,0.09354896623128037
agr_vir,tet_spp,z_within,DE,161,0.08333191916871574,0.2932797879280043,0.12205184457605904
agr_vir,tha_pit,z_within,DE,23,0.4819421532933191,0.019873542810707225,0.44678616600510684
agr_vir,tha_pro,z_within,DE,184,0.22867607226968842,0.0017947352105201582,0.23254736344311225
agr_vir,tom_spp,z_within,DE,207,0.17343652188604344,0.012448251641655916,0.08977303116480333
agr_vir,tor_vir,z_within,DE,207,-0.023473080572688366,0.7370819986487918,-0.11426128264547043
agr_vir,uro_sir_spp,z_within,DE,69,0.12944890142742785,0.28909578160694455,-0.18677428519711733
agr_vir,xyl_lin,z_within,DE,184,-0.1922649887915832,0.008931200454308896,-0.2752378619526263
agr_vir,xyl_spp,z_within,DE,207,-0.1170737818533673,0.09296108620641967,-0.2370809019154884
agr_vir,zei_gri,z_within,DE,23,-0.13775445706015418,0.5307871812101217,-0.14080914257394453
bup_pin,den_pin,z_within,DE,115,0.43671893779210813,1.0639838726773412e-6,0.23614006672454627
bup_pin,den_pin,z_within,PL,260,0.33767165654993553,2.3584681047771973e-8,0.27722278645404086
bup_pin,dip_sp,z_within,DE,161,0.2985132977335034,1.1993097323000425e-4,0.39364909146877386
bup_pin,dip_sp,z_within,PL,280,0.33206124747489707,1.2411907119658026e-8,0.3395612756824515
bup_pin,era_def,z_within,DE,161,-0.06018925444776836,0.44817969224911247,0.15174799611413092
bup_pin,geo_db,z_within,DE,115,-0.02438160056889732,0.7959086366246214,-0.022664246732631333
bup_pin,geo_db,z_within,PL,280,0.2698449531919001,4.6403963836738644e-6,0.2542107973757973
bup_pin,ips_acu,z_within,DE,115,0.05850389037128495,0.5345582498118961,-0.055454753032890935
bup_pin,ips_acu,z_within,PL,260,-0.3652754498087298,1.2582338146018733e-9,-0.28005796413721007
bup_pin,ips_ami,z_within,DE,23,0.2325004055948246,0.28571561128876916,0.30425713851176006
bup_pin,ips_cem,z_within,DE,184,0.2035466331704299,0.0055833385513493405,0.10081493841446598
bup_pin,ips_sex,z_within,DE,138,0.25145974022469053,0.002929207360980399,0.07929094301691632
bup_pin,ips_typ,z_within,DE,184,0.22478249732440003,0.0021573155929758667,0.10155591973328053
bup_pin,ips_typ,z_within,PL,280,-0.0037980783962560313,0.9495515620460678,-0.052854816738839315
bup_pin,lym_dis,z_within,DE,161,0.19149794648436289,0.01495493586661826,0.11063748417728124
bup_pin,lym_mon,z_within,DE,184,0.27190532415050916,1.886406839489022e-4,0.12635711979238604
bup_pin,lym_mon,z_within,PL,280,0.34121702920141517,4.602418759760307e-9,0.29844681097450826
bup_pin,mel_spp,z_within,DE,161,0.1970779354714164,0.012218184005037894,0.056924909591573467
bup_pin,mel_spp,z_within,PL,280,0.24746818681851945,2.8175973725052253e-5,0.29666370097270295
bup_pin,neo_ser,z_within,DE,46,-0.1060048844379545,0.4832073409267972,0.030434856306419372
bup_pin,ope_spp,z_within,DE,138,0.2109041046958048,0.01302730130317256,0.13656482390997646
bup_pin,pan_fla,z_within,DE,138,0.5366445375057264,1.1651585112072223e-11,0.183353780605273
bup_pin,pan_fla,z_within,PL,280,0.29284820884888113,6.096002236903489e-7,0.2807637161581897
bup_pin,pha_cya,z_within,DE,184,0.20325637840415314,0.005652947220015672,0.26536364110515476
bup_pin,pha_cya,z_within,PL,280,0.2752177564882798,2.9356617694753873e-6,0.27796986017719366
bup_pin,pis_pin,z_within,DE,138,0.2748315377423307,0.0011054050600502686,0.10145823018496497
bup_pin,pit_bid,z_within,DE,92,0.11893758063975918,0.25880294015672944,-0.0064237027479799045
bup_pin,pit_cha,z_within,DE,184,0.2882006577656623,7.271909071430872e-5,0.15229642902992704
bup_pin,pit_spp,z_within,DE,46,-0.10279297904618881,0.4966352854471744,-0.02615041896565487
bup_pin,pri_abi,z_within,DE,161,0.11207858376349693,0.1569217113934657,0.10757401023518194
bup_pin,sap_car,z_within,DE,23,-0.23988087104031094,0.27025828468974933,-0.23203111196084317
bup_pin,sco_int,z_within,DE,115,-0.09181098423318342,0.3291286809363634,-0.09967426193234502
bup_pin,sco_rat,z_within,DE,69,-0.058508791031153064,0.6329768581581505,-0.2292632988991294
bup_pin,sco_sco,z_within,DE,69,0.11569773106173332,0.3437996786710903,0.11207566315266235
bup_pin,tet_gab,z_within,DE,138,0.3561664914978123,1.8076760243026143e-5,0.23872666103191148
bup_pin,tet_spp,z_within,DE,115,0.18382826153365703,0.04922978277243684,0.1473099354389485
bup_pin,tha_pit,z_within,DE,23,-0.6439950439766439,9.127783342963421e-4,-0.6943787330028675
bup_pin,tha_pro,z_within,DE,161,0.06135750591113279,0.43940278723797244,0.1289451174870263
bup_pin,tom_spp,z_within,DE,184,0.2212367561413115,0.0025441639035141766,0.0902874871153788
bup_pin,tom_spp,z_within,PL,220,0.3226922939590576,1.0058297464791628e-6,0.3624161493197596
bup_pin,tor_vir,z_within,DE,161,0.20233343531616693,0.010053057386978348,0.27939828298538105
bup_pin,tor_vir,z_within,PL,280,0.14605715739512298,0.014436986530363842,0.1541510341383291
bup_pin,uro_sir_spp,z_within,DE,46,0.03649087514490206,0.8097394810534784,0.2100715091013846
bup_pin,xyl_lin,z_within,DE,161,0.29680306723036703,1.3174185595537884e-4,0.20611571806901766
bup_pin,xyl_spp,z_within,DE,184,0.28698121489114825,7.825617788199882e-5,0.3386069238383962
bup_pin,zei_gri,z_within,DE,23,0.05686098573937332,0.7966410438764906,-0.008728734952918088
cep_spp,den_mic,z_within,CZ,23,-0.10852937104017223,0.6220669808320997,-0.13815269518188256
cep_spp,ips_acu,z_within,CZ,161,-0.1323541372395329,0.09419517464496203,-0.13712634460813541
cep_spp,ips_dup,z_within,CZ,161,-0.26750068839798585,6.024927346854068e-4,-0.29988906607447424
cep_spp,ips_sex,z_within,CZ,161,-0.18201932465111778,0.020837847809482845,-0.20372704777667344
cep_spp,lym_dis,z_within,CZ,115,-0.048900388515316244,0.603774545152085,-0.05796401631121088
cep_spp,lym_mon,z_within,CZ,138,0.14391281355955865,0.09218301251931042,0.17746603489783633
cep_spp,neo_ser,z_within,CZ,46,-0.05881882010846213,0.6978041086960439,-0.1269722692054924
cep_spp,pan_fla,z_within,CZ,23,-0.2632700447611223,0.22484591006143906,-0.2756628939405246
cep_spp,pha_cya,z_within,CZ,161,-0.08165632095752541,0.3031273047589603,-0.06265169233108167
cep_spp,pit_spp,z_within,CZ,161,-0.30151873422441144,1.0153780089746621e-4,-0.3528999419984013
cep_spp,pol_pol,z_within,CZ,161,0.01702239275412908,0.8302955598584398,-0.025697310771888405
cep_spp,pri_abi,z_within,CZ,138,0.4241814920248439,2.164487226478626e-7,0.4213204939277098
cep_spp,sco_int,z_within,CZ,161,-0.13321963715066498,0.09204368370109188,-0.07454945677726142
cep_spp,sco_rat,z_within,CZ,161,-0.2803473165745918,3.157806295079755e-4,-0.26355274071950996
cep_spp,tet_gab,z_within,CZ,46,0.30764492106557895,0.03753786333826127,0.17638354902591527
cep_spp,tom_spp,z_within,CZ,161,-0.18084574632645886,0.02168969655854988,-0.13884557732546415
cep_spp,zei_gri,z_within,CZ,161,0.03014999269485231,0.704193359522014,-0.018699742877449438
clo_ana,geo_db,z_within,RO,23,-0.3995241449660467,0.05892882134655456,-0.34559522606575716
clo_ana,ips_dup,z_within,RO,22,0.5583304608419918,0.0069225204416039215,0.46023930668430163
clo_ana,ips_typ,z_within,RO,22,-0.3055440512168623,0.1667237954412371,-0.3124168034772494
clo_ana,lym_dis,z_within,RO,23,0.018086008169012586,0.9347208492978561,-0.09277765514295684
clo_ana,tor_vir,z_within,RO,23,-0.5616943032115271,0.005285247047472498,-0.4433125860661446
den_mic,den_pin,z_within,LT,23,0.4329575969819365,0.039055336542544374,0.445708916865013
den_mic,dip_sp,z_within,LT,23,0.18673725823522513,0.3935708036079911,0.13446145291543896
den_mic,era_def,z_within,DE,23,-0.11215048658060106,0.6104208731121894,-0.11129646084817225
den_mic,geo_db,z_within,LT,23,-0.27284088622532837,0.20781654937030425,-0.3057491951594907
den_mic,ips_acu,z_within,CZ,23,0.02559747749257052,0.9077050138162004,0.06429832058823778
den_mic,ips_acu,z_within,LT,23,-0.01390889014080843,0.9497763864521556,-0.02944762057864155
den_mic,ips_ami,z_within,DE,23,-0.16489564030321066,0.4521228150979183,-0.1643262936896395
den_mic,ips_cem,z_within,DE,23,0.2775572961866366,0.19975227750474603,0.28401048234119036
den_mic,ips_dup,z_within,CZ,23,-0.4087510131576323,0.05280114713067655,-0.32141217326661253
den_mic,ips_sex,z_within,CZ,23,-0.12639434103572164,0.5655110951150264,-0.1930859469221538
den_mic,ips_typ,z_within,DE,23,0.1889622729404412,0.3878561006481487,0.2918049759234297
den_mic,ips_typ,z_within,LT,23,-0.20434075816583347,0.3496573459221214,-0.17253411529424104
den_mic,lym_dis,z_within,LT,23,0.27699953281394063,0.20069475114732205,0.28497871130539626
den_mic,lym_mon,z_within,LT,23,-0.20031172025825586,0.3594439887922287,-0.1596370380461474
den_mic,ope_spp,z_within,DE,23,-0.11206835021885247,0.6106840411490138,-0.11129646084817225
den_mic,pan_fla,z_within,LT,23,-0.02412422073911762,0.9129968744797604,0.04384612595068662
den_mic,pha_cya,z_within,CZ,23,-0.04595443042768831,0.8350658812916169,-0.09644748088235668
den_mic,pha_cya,z_within,DE,23,-0.04545454545454546,0.8368364960931189,-0.04545454545454546
den_mic,pha_cya,z_within,LT,23,-0.2263242758434149,0.29906721693179605,-0.2382766019787644
den_mic,pis_pin,z_within,LT,23,0.2296257921084678,0.291882775016323,0.10005916298980733
den_mic,pit_cha,z_within,DE,23,0.10699140839064299,0.6270401847167042,0.09729278609665575
den_mic,pit_cha,z_within,LT,23,0.15235484962698115,0.4876887053832102,-0.09059910191651901
den_mic,pit_spp,z_within,CZ,23,0.0650932592453634,0.7679325636494312,0.06444182600798551
den_mic,pol_pol,z_within,CZ,23,-0.36333229591381244,0.08836038969872186,-0.3535533905932738
den_mic,pol_pol,z_within,LT,23,-0.12799662725328836,0.56055288335078,-0.2474836728760075
den_mic,pri_abi,z_within,CZ,23,0.4021470672164959,0.05713392918767409,0.353815703025001
den_mic,sco_int,z_within,CZ,23,0.057759739617775994,0.7934936680374524,-0.016301793962293105
den_mic,sco_int,z_within,DE,23,-0.045454545454545456,0.8368364960931189,-0.04545454545454546
den_mic,sco_rat,z_within,CZ,23,-0.24488547236783853,0.2600852465434169,-0.23197017141823967
den_mic,sco_rat,z_within,LT,23,0.20045319598284797,0.35909766528915865,0.16803898741699727
den_mic,sco_sco,z_within,DE,23,-0.07831977139465801,0.722433461932803,-0.08233397804228353
den_mic,sco_sco,z_within,LT,23,-0.11080092043032796,0.6147508276704587,-0.11134924551362413
den_mic,tet_gab,z_within,DE,23,0.22979319190479602,0.2915213829703632,0.4940038682537012
den_mic,tet_spp,z_within,DE,23,0.3388119209471302,0.11377293538107539,0.32133966610173914
den_mic,tha_pro,z_within,DE,23,-0.04545454545454546,0.8368364960931189,-0.04545454545454546
den_mic,tom_spp,z_within,CZ,23,-0.1066760727580237,0.6280618158976556,-0.19294265491954393
den_mic,tom_spp,z_within,DE,23,-0.06578574783758033,0.7655304807277145,-0.065727164134656485
den_mic,tom_spp,z_within,LT,23,0.14376310824619606,0.5128363347350613,0.06467831387195637
den_mic,tor_vir,z_within,DE,23,-0.12516787374240565,0.5693194853355668,-0.12481171852545074
den_mic,tor_vir,z_within,LT,23,0.02028638957827671,0.9267984127525103,0.010839531898978067
den_mic,uro_sir_spp,z_within,DE,23,-0.045454545454545456,0.8368364960931189,-0.04545454545454546
den_mic,xyl_lin,z_within,DE,23,-0.03725343431019633,0.8659886004924222,0
den_mic,xyl_spp,z_within,DE,23,-0.0825349731013383,0.7081142304574116,-0.08239336065226961
den_mic,zei_gri,z_within,CZ,23,-0.0968452048716532,0.6602353985296816,-0.12486341110108819
den_pin,dip_sp,z_within,DE,115,0.37840950129192014,3.0485512218655485e-5,0.46169603863993197
den_pin,dip_sp,z_within,LT,23,-0.03642366878019748,0.868948205869357,0.05609643631317152
den_pin,dip_sp,z_within,PL,280,0.3068376399881618,1.620547640323652e-7,0.29735286547903217
den_pin,era_def,z_within,DE,115,0.05236952535273219,0.5783153565131331,0.13522294612000493
den_pin,geo_db,z_within,DE,92,0.1269546450305996,0.22783929443306303,0.05536383844762001
den_pin,geo_db,z_within,LT,23,0.11037318158681289,0.6161257958081591,0.14704436664243734
den_pin,geo_db,z_within,PL,280,0.3217413779283343,3.654271610339418e-8,0.298723908468783
den_pin,ips_acu,z_within,DE,92,-0.004659740242254442,0.9648376100168709,-0.053819362022020055
den_pin,ips_acu,z_within,LT,23,0.26165127474938976,0.22781481166672118,0.21151165732449528
den_pin,ips_acu,z_within,PL,260,-0.21944001761969778,3.640459806626438e-4,-0.21500741116371028
den_pin,ips_ami,z_within,DE,23,0.15747503237031577,0.4730014518007759,0.22744504445537395
den_pin,ips_cem,z_within,DE,115,0.21790087112659803,0.019315590195457488,0.17733189635541824
den_pin,ips_sex,z_within,DE,115,0.013074940840131617,0.8896972488971303,0.07135009572108107
den_pin,ips_typ,z_within,DE,115,0.114824970093279,0.22172459466944516,0.1310103707999117
den_pin,ips_typ,z_within,LT,23,0.11291178239412422,0.6079838754360707,0.1635559760250918
den_pin,ips_typ,z_within,PL,280,0.11586805023171218,0.05278229937510505,0.1288481294155623
den_pin,lym_dis,z_within,DE,92,0.1448978169366601,0.16817447154156387,0.03178410859264448
den_pin,lym_dis,z_within,LT,23,0.3281001514104,0.12640469847954497,0.3942750648572477
den_pin,lym_mon,z_within,DE,138,0.6196553988827285,5.371574623244095e-16,0.4528736014165781
den_pin,lym_mon,z_within,LT,23,-0.23544279747501903,0.279488203797878,-0.2023909916927953
den_pin,lym_mon,z_within,PL,280,0.4117674762551812,6.949910214727387e-13,0.38824106261283325
den_pin,mel_spp,z_within,DE,92,0.0526025867535625,0.6184891192241995,-0.08117697349849239
den_pin,mel_spp,z_within,PL,280,0.1257535522550829,0.035448097766460455,0.11916661714388731
den_pin,neo_ser,z_within,DE,46,-0.13074981768605018,0.38642976172995025,-0.1668260493274183
den_pin,ope_spp,z_within,DE,92,0.3229249694011392,0.0016917608410930748,0.09066414932724215
den_pin,pan_fla,z_within,DE,92,0.3378993530118463,9.871630739899924e-4,0.1184875825353824
den_pin,pan_fla,z_within,LT,23,0.08527791143281638,0.6988470911750984,0.12972300897420916
den_pin,pan_fla,z_within,PL,280,0.30755383334561465,1.5114181354846154e-7,0.3073939861197674
den_pin,pha_cya,z_within,DE,115,0.14659752882044305,0.11796598675252953,0.20470251950793508
den_pin,pha_cya,z_within,LT,23,-0.06389433078886773,0.7720962447172599,0
den_pin,pha_cya,z_within,PL,280,0.08384000041524049,0.1617829823959407,0.06970099280155949
den_pin,pis_pin,z_within,DE,115,0.07352746753019676,0.43483874858867033,0.15061285991953355
den_pin,pis_pin,z_within,LT,23,0.26642201338774996,0.21913880175386322,0.21166866216412153
den_pin,pit_bid,z_within,DE,92,0.27182503700044225,0.008763189789880098,0.2281569732508337
den_pin,pit_cha,z_within,DE,115,0.19380110107735052,0.037958724073808126,0.16879221998723593
den_pin,pit_cha,z_within,LT,23,0.24672970875965236,0.2563991821167448,0.13103201038485657
den_pin,pol_pol,z_within,LT,23,0.24962873584533693,0.25067318392965804,0.08807480762519095
den_pin,pri_abi,z_within,DE,115,0.028537371259221175,0.7620821249235984,0.046075857788511455
den_pin,sap_car,z_within,DE,23,-0.15177611257650636,0.48936302265953435,-0.1938072267849048
den_pin,sco_int,z_within,DE,92,-0.04374446867728745,0.6788421069396331,-0.11221798637611244
den_pin,sco_rat,z_within,DE,69,0.23597493466618627,0.05093724578576625,0.17023554719271533
den_pin,sco_rat,z_within,LT,23,0.2529085381865079,0.24429558383021643,0.19021394032538644
den_pin,sco_sco,z_within,DE,69,0.24275758637470324,0.04444918878592906,0.36657420587537154
den_pin,sco_sco,z_within,LT,23,-0.10889219035958807,0.6208960732166477,-0.11129646084817225
den_pin,tet_gab,z_within,DE,115,0.007299186530976299,0.9382886522882921,0.04829383857481784
den_pin,tet_spp,z_within,DE,46,0.017661322080644484,0.9072583716887932,7.828909533492964e-4
den_pin,tha_pit,z_within,DE,23,-0.46113821271489674,0.02677934255168621,-0.458257657463047
den_pin,tha_pro,z_within,DE,92,0.1272038513434976,0.22692032302158202,0.11114326278293785
den_pin,tom_spp,z_within,DE,115,0.1369573217192927,0.14441484963150833,0.14611362351860765
den_pin,tom_spp,z_within,LT,23,0.24627068711258868,0.25731346766752194,0.17399847131886922
den_pin,tom_spp,z_within,PL,220,0.1862401945789941,0.005589530034077364,0.2636059129222437
den_pin,tor_vir,z_within,DE,115,0.37959623734799103,2.864783572296945e-5,0.3006872453637194
den_pin,tor_vir,z_within,LT,23,0.354519476461987,0.09695113559250267,0.2607244362179703
den_pin,tor_vir,z_within,PL,280,0.041428962858144076,0.4899210233494581,0.05793662748518476
den_pin,uro_sir_spp,z_within,DE,23,0.43376798937257055,0.038649492480007014,0.4863416265390495
den_pin,xyl_lin,z_within,DE,115,0.3812946579062535,2.61978397899765e-5,0.468495975235204
den_pin,xyl_spp,z_within,DE,115,0.09399678264424874,0.31769500333581113,0.2831212772540681
den_pin,zei_gri,z_within,DE,23,-0.19018198491410837,0.384743399044183,-0.20838065458196883
dip_sp,era_def,z_within,DE,184,0.1591774437182982,0.03090814258047754,0.0917598170057172
dip_sp,geo_db,z_within,DE,161,-0.057993085267452435,0.4649432139457439,0.01942503010477174
dip_sp,geo_db,z_within,LT,23,-0.1505061059455147,0.49304724432540403,-0.019658904037814864
dip_sp,geo_db,z_within,PL,320,0.12762366307636833,0.022406088116130703,0.12124445932634899
dip_sp,ips_acu,z_within,DE,161,0.08028067545782486,0.31137290254271677,-0.12398111705738599
dip_sp,ips_acu,z_within,LT,23,0.017633559350978264,0.9363506505599881,-0.08270816758948049
dip_sp,ips_acu,z_within,PL,300,-0.22013304600507355,1.2096676682911435e-4,-0.2025865057297102
dip_sp,ips_ami,z_within,DE,23,-0.1699389648885799,0.43821361562904393,-0.06063601171271025
dip_sp,ips_cem,z_within,DE,207,0.2490732508163989,2.9569448101592077e-4,0.22579314968751274
dip_sp,ips_sex,z_within,DE,161,0.15934506299637471,0.04348438361107557,0.12696599474860773
dip_sp,ips_typ,z_within,AT,105,-0.19038207424176198,0.05173711124989352,-0.2207458037179753
dip_sp,ips_typ,z_within,DE,207,0.19973105370910155,0.003909685220178964,0.18002369175278865
dip_sp,ips_typ,z_within,LT,23,0.32308895582706604,0.13264900997009177,0.13246912360485202
dip_sp,ips_typ,z_within,PL,320,-0.09582345454807437,0.08701204731171781,-0.12120737389228471
dip_sp,lym_dis,z_within,AT,84,0.4313945955889823,4.187372880219185e-5,0.3255478208268806
dip_sp,lym_dis,z_within,DE,184,-0.018237841494618028,0.8058953954781981,0.02478609789460019
dip_sp,lym_dis,z_within,LT,23,0.2575531288653823,0.23544624906382555,0.25695051383098455
dip_sp,lym_mon,z_within,DE,161,0.1414106494702917,0.07356301554323642,0.13770526097834157
dip_sp,lym_mon,z_within,LT,23,-0.22498788527588065,0.3020061435123168,-0.2500562796882481
dip_sp,lym_mon,z_within,PL,320,0.1889856135728183,6.785075358200281e-4,0.19666294199052833
dip_sp,mel_spp,z_within,DE,184,0.1054119214793334,0.15441658036913786,0.0012115149266485577
dip_sp,mel_spp,z_within,PL,320,0.12076115318976921,0.030796117304431207,0.13356020202850447
dip_sp,neo_ser,z_within,DE,46,-0.10710353437588324,0.47865833190855944,0.02221914135445756
dip_sp,ope_spp,z_within,DE,161,0.2881808207142827,2.0966879118313443e-4,0.12908997323279472
dip_sp,pan_fla,z_within,DE,138,0.0748942272029718,0.3826455087098375,-0.028364027771452822
dip_sp,pan_fla,z_within,LT,23,-0.13989991033634272,0.5243439045561821,-0.14913544668587897
dip_sp,pan_fla,z_within,PL,300,0.26364920987538415,3.6629346039553316e-6,0.24838733255457254
dip_sp,pha_cya,z_within,AT,105,0.03934190689920747,0.6902887808315692,-0.01321054801229131
dip_sp,pha_cya,z_within,DE,207,0.14599564524708492,0.03581231721174502,0.1956338132311915
dip_sp,pha_cya,z_within,LT,23,-0.162066112500044,0.4600264635136826,-0.17618673952226402
dip_sp,pha_cya,z_within,PL,320,0.07205030202136024,0.19861672530209332,0.07061969827804704
dip_sp,pis_pin,z_within,DE,161,0.09707134713799721,0.22057699070472672,0.04627948924269602
dip_sp,pis_pin,z_within,LT,23,-0.21860423670970625,0.3162892956269883,-0.14104608993660184
dip_sp,pit_bid,z_within,DE,115,0.2463474132188226,0.007955464907450365,0.1679050458492926
dip_sp,pit_cha,z_within,AT,105,-0.12318730192752707,0.21058497952341607,-0.11765035078489006
dip_sp,pit_cha,z_within,DE,207,0.2268791045999074,0.0010110614234112975,0.22665359768314777
dip_sp,pit_cha,z_within,LT,23,-0.2380299036041152,0.27408393484531207,-0.24487198385348788
dip_sp,pit_spp,z_within,AT,84,-0.10938676752484373,0.321929573804058,-0.12233673950763352
dip_sp,pit_spp,z_within,DE,69,0.20453178635935568,0.09183377545334834,0.29906796156809673
dip_sp,pol_pol,z_within,LT,23,7.0041247750066e-4,0.9974693348485334,-0.07805056577703715
dip_sp,pri_abi,z_within,DE,161,0.023111305207663784,0.7710486374230916,0.04874899769962342
dip_sp,sap_car,z_within,DE,23,-0.10575206068332288,0.6310592487728373,-0.16074580147059447
dip_sp,sco_int,z_within,DE,138,-0.15109109782587538,0.07690326171379581,-0.1213635601602869
dip_sp,sco_rat,z_within,DE,69,0.27147658294202703,0.024044727007863604,0.2183701490715107
dip_sp,sco_rat,z_within,LT,23,-0.23638206838885156,0.27751843485996625,-0.2500562796882481
dip_sp,sco_sco,z_within,DE,92,0.012063952367711522,0.9091304662745714,-0.0633376117056271
dip_sp,sco_sco,z_within,LT,23,-0.07934223745398733,0.7189516042986429,-0.08233397804228353
dip_sp,tet_gab,z_within,AT,84,-0.15923583954535134,0.14795238900250662,-0.26667547611583414
dip_sp,tet_gab,z_within,DE,161,0.13140370237284393,0.09660360549408122,0.13195503019753768
dip_sp,tet_spp,z_within,DE,138,0.10697811275640033,0.2117146137340065,0.18337091478200457
dip_sp,tha_pit,z_within,DE,23,-0.31652171728521383,0.14116311889951064,-0.33806988608810007
dip_sp,tha_pro,z_within,DE,184,-0.09162562254979881,0.21608549060162588,0.002445555831383889
dip_sp,tom_spp,z_within,AT,105,0.14756845872601976,0.1330290971116513,0.13527372508862673
dip_sp,tom_spp,z_within,DE,207,0.07789908241806215,0.26455826060695214,0.1386512946378749
dip_sp,tom_spp,z_within,LT,23,-0.15492696955319016,0.480282226557754,-0.11532150846375917
dip_sp,tom_spp,z_within,PL,260,0.18089027403337082,0.0034236186503810526,0.2027852315842727
dip_sp,tor_vir,z_within,DE,207,0.1104674663825826,0.11306196726242006,0.2323579559274962
dip_sp,tor_vir,z_within,LT,23,-0.11295130539567581,0.6078574674565409,-0.16331595473964408
dip_sp,tor_vir,z_within,PL,320,0.2040585234824965,2.3806871424204655e-4,0.23039510164043725
dip_sp,uro_sir_spp,z_within,DE,46,0.2947148988368689,0.046784275323846186,-0.16872874199673185
dip_sp,xyl_lin,z_within,DE,184,0.18762955158591144,0.010757497885054975,0.2469960498733462
dip_sp,xyl_spp,z_within,DE,207,0.135597709708527,0.05140245474174076,0.2435874677760199
dip_sp,zei_gri,z_within,DE,23,-0.09256578997880191,0.6744288734088881,-0.030602488006907225
era_def,geo_db,z_within,DE,138,-0.2447686658809204,0.003811287808755348,0.044885322740169584
era_def,ips_acu,z_within,DE,138,-0.053793562124768136,0.5308970645474305,-0.28532542392518934
era_def,ips_ami,z_within,DE,46,0.34190697442748985,0.02003546461738945,0.37230259863933196
era_def,ips_cem,z_within,DE,230,-0.036534098354328616,0.5814744299760827,-0.02109162202666207
era_def,ips_sex,z_within,DE,161,0.02646434831589846,0.7389555038470075,-0.26630290066229645
era_def,ips_typ,z_within,DE,230,-0.023404776614628576,0.7240393649230334,-0.1092912936608196
era_def,lym_dis,z_within,DE,184,-0.04584204992755515,0.5366286485880588,-0.07371424800887796
era_def,lym_mon,z_within,DE,184,0.0726468312654702,0.3270813617465206,0.1564256592387494
era_def,mel_spp,z_within,DE,184,-0.07351158784335307,0.3213406026141005,-0.03230907392915567
era_def,neo_ser,z_within,DE,23,-0.045454545454545456,0.8368364960931189,-0.04545454545454546
era_def,ope_spp,z_within,DE,184,0.21384212948273226,0.0035600713361900655,0.3300999977090264
era_def,pan_fla,z_within,DE,115,-0.12173103787943793,0.19498078468254398,0.0651905106458331
era_def,pha_cya,z_within,DE,230,-0.044034042514077734,0.5063746872735502,-0.09055526292353817
era_def,pis_pin,z_within,DE,138,0.0586753233526046,0.4942286519734317,-0.1010307652118253
era_def,pit_bid,z_within,DE,92,0.15069251600998462,0.15162039021450965,-0.003693012228823458
era_def,pit_cha,z_within,DE,230,-0.03471135733896092,0.6004778379090158,-0.1508878031257626
era_def,pit_spp,z_within,DE,92,-0.06945931476538518,0.5105917962052884,-0.17621121322070754
era_def,pri_abi,z_within,DE,161,0.03589811178666344,0.6512022851302061,0.07277027384294767
era_def,sap_car,z_within,DE,23,-0.2561351893660142,0.23812524428036058,-0.23197017141823967
era_def,sco_int,z_within,DE,161,-0.052425331023245474,0.5089496259766348,-0.04918681728038323
era_def,sco_rat,z_within,DE,46,-0.043856698431753084,0.7722723501839293,0.028420728201737615
era_def,sco_sco,z_within,DE,92,0.12399104923770464,0.23896801803367246,0.1574688416939247
era_def,tet_gab,z_within,DE,207,0.07327966378548946,0.2940226377117974,0.23161562831820992
era_def,tet_spp,z_within,DE,161,0.08333227306625438,0.2932777307886723,0.11612054375421284
era_def,tha_pit,z_within,DE,23,-0.5340941073139082,0.008661733643899362,-0.4607790283432619
era_def,tha_pro,z_within,DE,230,0.08243819006645746,0.21293096665447536,0.03139995949202922
era_def,tom_spp,z_within,DE,230,0.05501238273656167,0.40631973446131653,0.017743478816221684
era_def,tor_vir,z_within,DE,207,0.3904364654787419,6.031777705138821e-9,0.41773413185010916
era_def,uro_sir_spp,z_within,DE,69,-0.11916955122736426,0.3294147191031561,-0.2244296657319891
era_def,xyl_lin,z_within,DE,207,0.004492547465887175,0.9487748122382955,0.09727562655574343
era_def,xyl_spp,z_within,DE,230,-0.05174667231566433,0.43478792091650376,-0.043035992554058836
geo_db,ips_acu,z_within,BG,18,0.2408835765202763,0.335600872819354,0.2690943868125812
geo_db,ips_acu,z_within,DE,115,-0.19703725377743767,0.03480292424171142,-0.2555406043852316
geo_db,ips_acu,z_within,LT,23,0.3462104864621494,0.10560305917472484,0.5066333482440613
geo_db,ips_acu,z_within,PL,320,-0.37815160056896435,2.56444723881498e-12,-0.3588125291465859
geo_db,ips_ami,z_within,DE,23,-0.08509664615990228,0.6994582393685264,-0.09504132231404959
geo_db,ips_cem,z_within,DE,161,-0.21961812680275922,0.00512315248719274,-0.1799969658261309
geo_db,ips_dup,z_within,RO,22,-0.3392287054820189,0.12247743573702376,-0.29597983623215396
geo_db,ips_sex,z_within,BG,18,0.10530493691414254,0.67751511260615,0.05428512394155563
geo_db,ips_sex,z_within,DE,138,-0.1828285417551614,0.03184599331547565,-0.2928817054452741
geo_db,ips_typ,z_within,BG,18,0.1157740331142957,0.6473344619182573,0.0021022998969732905
geo_db,ips_typ,z_within,DE,161,-0.11201701812330132,0.15715109799209034,-0.18618324949696924
geo_db,ips_typ,z_within,HR,23,-0.20079687477006652,0.3582571713087811,-0.35581913614056154
geo_db,ips_typ,z_within,LT,23,0.41235528235036734,0.05054620259128189,0.3095327744187836
geo_db,ips_typ,z_within,PL,340,0.07349115823405035,0.17639185007686262,0.03120387679079514
geo_db,ips_typ,z_within,RO,22,-0.026032116529043806,0.9084505530027579,0.028961284669610562
geo_db,lym_dis,z_within,BG,18,0.002820410723416859,0.9911381805957249,0
geo_db,lym_dis,z_within,DE,138,-0.14879009382358677,0.08156136388018183,-0.2666102614386296
geo_db,lym_dis,z_within,HR,23,0.08521272367343932,0.6990668553393784,0.035583434219088814
geo_db,lym_dis,z_within,LT,23,0.27224659034482823,0.20884798112589972,0.20302978683858058
geo_db,lym_dis,z_within,RO,23,-0.046537958658385385,0.8329999783794009,-0.13883848517292804
geo_db,lym_mon,z_within,DE,115,-0.008372863296471992,0.9292332103105719,-0.031349818692829115
geo_db,lym_mon,z_within,LT,23,-0.31739354702769107,0.14001099769773723,-0.37906529889692425
geo_db,lym_mon,z_within,PL,320,0.2526651335528251,4.726071395448733e-6,0.2389556682922666
geo_db,mel_spp,z_within,DE,138,-0.1445905994559794,0.09064437727814129,-0.1593248005857023
geo_db,mel_spp,z_within,PL,340,0.020065465771782042,0.7123785816390547,0.011594795922342298
geo_db,neo_ser,z_within,BG,18,-0.08860994000168873,0.7266090382474659,-0.04627448133827476
geo_db,neo_ser,z_within,DE,23,-0.3238789221257264,0.13165025314334494,-0.4131965868311357
geo_db,ope_spp,z_within,DE,138,-0.22258703927661513,0.00868971442835289,-0.254938058087817
geo_db,pan_fla,z_within,DE,92,0.06934601655295948,0.5112833292523042,0.13212247848551403
geo_db,pan_fla,z_within,LT,23,-0.19735875429941613,0.3667169573809028,-0.2260773964348709
geo_db,pan_fla,z_within,PL,300,0.060073012399600556,0.29969472442318634,0.0836700781881826
geo_db,pha_cya,z_within,DE,161,-0.16008452040354323,0.042507281059496006,-0.20925530813237797
geo_db,pha_cya,z_within,LT,23,0.6846478790300254,3.136861042461622e-4,0.6096505217357912
geo_db,pha_cya,z_within,PL,340,0.0723244278109947,0.18337722504004672,0.08091831144447424
geo_db,pis_pin,z_within,DE,115,-0.19610816943142617,0.0356854645446675,-0.19411488814495576
geo_db,pis_pin,z_within,LT,23,0.35324069567968036,0.09824731498678697,0.5070094215470488
geo_db,pit_bid,z_within,DE,92,-0.20434885599028016,0.05071097746836391,-0.0952197660761743
geo_db,pit_cha,z_within,DE,161,-0.12485161015293757,0.11455952223714398,-0.18907216249377287
geo_db,pit_cha,z_within,LT,23,0.42149772078456477,0.04516097463281443,0.47314380875055856
geo_db,pit_spp,z_within,DE,69,-0.058366233717470274,0.6338068303936542,-0.09990834815303459
geo_db,pit_spp,z_within,HR,23,0.03633407501229372,0.8692678711688202,-0.1092167070653668
geo_db,pol_pol,z_within,LT,23,0.4747352618651723,0.022080365404479888,0.5356480123433695
geo_db,pri_abi,z_within,DE,138,-0.06861765075404705,0.4238927408970441,-0.1722980934642289
geo_db,sap_car,z_within,DE,23,-0.06575211977248926,0.7656470806605167,-0.065727164134656485
geo_db,sco_int,z_within,DE,115,0.09313275207361599,0.32218358344612424,0.08650399401186178
geo_db,sco_rat,z_within,DE,46,0.19376540017428076,0.19695259815901597,0.3864907413351114
geo_db,sco_rat,z_within,LT,23,0.2212176788468918,0.3103929764872645,0.2213176279273968
geo_db,sco_sco,z_within,DE,69,-0.12082409869049812,0.32269548944357673,-0.12892229174693176
geo_db,sco_sco,z_within,LT,23,-0.11192920073787645,0.6111299877626442,-0.12481171852545074
geo_db,tet_gab,z_within,DE,115,-0.0767731636572564,0.4147798511890778,0.004882873743161878
geo_db,tet_spp,z_within,DE,115,-0.18460802428708342,0.048258593639852326,-0.17793537729337872
geo_db,tha_pit,z_within,BG,18,0.43366025888716075,0.07218602122298232,0.1114218945395844
geo_db,tha_pit,z_within,DE,23,-0.053632936971593534,0.8079704211360624,-0.04804306588920635
geo_db,tha_pit,z_within,HR,23,0.4602467727511005,0.027113329753453666,0.2807017629553319
geo_db,tha_pro,z_within,DE,138,-0.028072191270748635,0.7437901103716427,-0.008548413642847306
geo_db,tom_spp,z_within,DE,161,-0.08501060982478419,0.28362968971578045,-0.10335570019600361
geo_db,tom_spp,z_within,LT,23,0.400812214688315,0.05804204403991472,0.46532484403876695
geo_db,tom_spp,z_within,PL,280,0.2099114215343393,4.058415235454425e-4,0.23331462515984455
geo_db,tor_vir,z_within,BG,18,0.5677249841591585,0.013985603602835793,0.5181373248537976
geo_db,tor_vir,z_within,DE,161,0.13784233179667077,0.08120642301863394,0.26945250633748485
geo_db,tor_vir,z_within,LT,23,0.5746432797987436,0.004130634675121208,0.4585669807542357
geo_db,tor_vir,z_within,PL,340,0.05603508566103402,0.3028971296303394,0.09314788285057549
geo_db,tor_vir,z_within,RO,23,0.5196758109309891,0.011036859872671069,0.47210070182679664
geo_db,uro_sir_spp,z_within,DE,46,0.024990919622671498,0.8690560093088382,0.004648866210958987
geo_db,xyl_lin,z_within,DE,161,0.12209721654557396,0.1228435865479499,0.16314809250512233
geo_db,xyl_spp,z_within,DE,161,-0.05460910622914823,0.49143612026045935,0.01973634919090741
geo_db,zei_gri,z_within,DE,23,-0.11970291279339365,0.5864253532389068,-0.09182886083655663
ips_acu,ips_ami,z_within,DE,23,-0.041114849524094416,0.8522392120051482,-0.12074309835186474
ips_acu,ips_cem,z_within,DE,161,0.4043776576322786,1.0377201987352434e-7,0.3242392248402499
ips_acu,ips_dup,z_within,CZ,184,0.5112240857466919,1.2138916161152845e-13,0.49819323941409077
ips_acu,ips_dup,z_within,SK,21,0.5173238781506965,0.016319080248969612,0.4233766233766234
ips_acu,ips_sex,z_within,BG,18,0.5248868960239531,0.02531398921619545,0.5486324744482993
ips_acu,ips_sex,z_within,CZ,184,0.551972021351017,4.606393012104364e-16,0.601717801693949
ips_acu,ips_sex,z_within,DE,138,0.3004119235242232,3.435962641256426e-4,0.32276069770004245
ips_acu,ips_typ,z_within,BG,18,0.3638472103430037,0.13773450592616943,0.3684210526315789
ips_acu,ips_typ,z_within,DE,161,0.42974106204019985,1.2789456159324025e-8,0.3278390003825048
ips_acu,ips_typ,z_within,LT,23,0.42305369999982045,0.04429085294190037,0.5772177097391332
ips_acu,ips_typ,z_within,PL,320,0.07080442817668686,0.2065110123579812,0.11432536332452747
ips_acu,ips_typ,z_within,SK,22,0.4519789590685167,0.0347044064869144,0.4082439299830604
ips_acu,lym_dis,z_within,BG,18,-0.4687616453300833,0.04973150359668338,-0.4837423603640633
ips_acu,lym_dis,z_within,CZ,138,0.30413825244580045,2.871580181180876e-4,0.20552336163052576
ips_acu,lym_dis,z_within,DE,161,0.24069277093203198,0.0021008124180916846,0.159224131270696
ips_acu,lym_dis,z_within,LT,23,0.3151067553527296,0.1430473264994962,0.24405112314067046
ips_acu,lym_dis,z_within,SK,22,-0.38712354624928635,0.07508747136713326,-0.2893595170720678
ips_acu,lym_mon,z_within,CZ,138,0.0509883592765609,0.5525683984138243,0.05938242884376491
ips_acu,lym_mon,z_within,DE,115,-0.1026983937268398,0.27475523366579235,-0.047929347040894646
ips_acu,lym_mon,z_within,LT,23,0.029752011120000765,0.8928032807942755,-0.13584712216226488
ips_acu,lym_mon,z_within,PL,300,-0.02520676392338404,0.6636782618222489,-0.01391033566802519
ips_acu,mel_spp,z_within,DE,138,0.08875678867726654,0.3005676058713343,0.1657375960898864
ips_acu,mel_spp,z_within,PL,320,-0.03718610766230662,0.5074384970086913,-0.031512011739102064
ips_acu,neo_ser,z_within,BG,18,-0.40724662564495084,0.09346703703548934,-0.2292204745322376
ips_acu,neo_ser,z_within,CZ,46,-0.10947878764935369,0.46890119406831476,-0.0357192469664852
ips_acu,neo_ser,z_within,DE,46,0.2141898412858137,0.15289609581889327,0.14882443488176136
ips_acu,ope_spp,z_within,DE,115,0.14791303269738298,0.11466832653042061,0.22558139664526317
ips_acu,pan_fla,z_within,CZ,23,0.3395087814347363,0.11298434775192213,0.2892709559399512
ips_acu,pan_fla,z_within,DE,115,0.16192619194134883,0.08382258948914877,0.12834487670393246
ips_acu,pan_fla,z_within,LT,23,0.08118000965843775,0.712706950174774,-0.16541633517896098
ips_acu,pan_fla,z_within,PL,280,-0.1292320320806357,0.030628574521143818,-0.11470933489076536
ips_acu,pha_cya,z_within,CZ,184,0.5560302362888412,2.5344552406767175e-16,0.5956250136870571
ips_acu,pha_cya,z_within,DE,161,0.46196862904871006,6.891131532590507e-10,0.3479827347098272
ips_acu,pha_cya,z_within,LT,23,0.3183529777612354,0.13875087373017586,0.5309263436594914
ips_acu,pha_cya,z_within,PL,320,-0.2933197836879542,9.06452116079001e-8,-0.2871276849176742
ips_acu,pis_pin,z_within,DE,138,0.37011491666042334,7.89411503001713e-6,0.39598486772119723
ips_acu,pis_pin,z_within,LT,23,0.2881526935853854,0.18241535521096353,0.8810291814534602
ips_acu,pit_bid,z_within,DE,115,0.5893332407556338,4.246699354427461e-12,0.3315940050071989
ips_acu,pit_cha,z_within,DE,161,0.37938423942676597,6.935496421672769e-7,0.325158691062887
ips_acu,pit_cha,z_within,LT,23,0.6032609500056727,0.0023088586974333455,0.7691374080137554
ips_acu,pit_cha,z_within,SK,22,-0.543735428020831,0.008905637024780316,-0.45115753811405984
ips_acu,pit_spp,z_within,CZ,184,0.600883616634065,1.928560102857057e-19,0.5294327497834853
ips_acu,pit_spp,z_within,DE,46,-0.09824900861950113,0.5159550473644527,-0.18700408855690784
ips_acu,pol_pol,z_within,CZ,184,0.24697401788166623,7.253887444020696e-4,0.2040300948364291
ips_acu,pol_pol,z_within,LT,23,0.6304037029177656,0.001261990483279763,0.6357850509815387
ips_acu,pri_abi,z_within,CZ,161,-0.21178151703999631,0.006998207483617188,-0.2414494762638589
ips_acu,pri_abi,z_within,DE,115,0.006217124365752131,0.947422787791438,-0.021768040828301517
ips_acu,sap_car,z_within,DE,23,0.34539864813295723,0.10647784487852834,0.3282968460388027
ips_acu,sco_int,z_within,CZ,184,0.27737201237595394,1.3791129024499915e-4,0.20775047771340266
ips_acu,sco_int,z_within,DE,138,0.3709489017154383,7.503345292078767e-6,0.26904135835082194
ips_acu,sco_rat,z_within,CZ,184,0.44449805242133916,2.599905707813374e-10,0.35510210030505523
ips_acu,sco_rat,z_within,DE,69,0.13999180256167595,0.2512678699282495,0.0883403949672305
ips_acu,sco_rat,z_within,LT,23,0.4285858157201054,0.04130285310576909,0.6434544491703708
ips_acu,sco_sco,z_within,DE,92,0.1327308553413817,0.20720372566483009,0.28527019762626793
ips_acu,sco_sco,z_within,LT,23,-0.5289940261531664,0.009448078118036156,-0.3375661830882484
ips_acu,tet_gab,z_within,CZ,46,-0.1525794760664408,0.3113909992681634,-0.10807164246028639
ips_acu,tet_gab,z_within,DE,138,0.35749448949494933,1.6733321378379503e-5,0.17392892699428256
ips_acu,tet_spp,z_within,DE,115,0.03620360375343028,0.7008857201738566,0.1449886972623017
ips_acu,tha_pit,z_within,BG,18,0.3423989055417726,0.16426948503277689,0.22394220846233232
ips_acu,tha_pit,z_within,DE,23,0.3684406679432606,0.083648379321585975,0.3283192484311109
ips_acu,tha_pro,z_within,DE,138,0.06406159707957278,0.4553802868281568,0.17599131544782404
ips_acu,tom_spp,z_within,CZ,184,0.6759519602558376,6.484666730189176e-26,0.640528868889999
ips_acu,tom_spp,z_within,DE,161,0.4397488766989885,5.3329558982462014e-9,0.4144497959631734
ips_acu,tom_spp,z_within,LT,23,0.6091748608788127,0.002033436418488339,0.9088752764444912
ips_acu,tom_spp,z_within,PL,260,-0.5196944750111081,2.1771412166911846e-19,-0.5467600020895403
ips_acu,tor_vir,z_within,BG,18,0.19635803841398142,0.4348509883374082,0.10536419068941723
ips_acu,tor_vir,z_within,DE,161,7.41093113401867e-4,0.9925557266558607,-0.08684335678154284
ips_acu,tor_vir,z_within,LT,23,0.5033746686702024,0.014341828351369714,0.5375895294302844
ips_acu,tor_vir,z_within,PL,320,-0.20933063044399464,1.6204943978935843e-4,-0.22282477018474076
ips_acu,uro_sir_spp,z_within,DE,46,0.14974305906121788,0.32057764989813076,0.2291967323571798
ips_acu,xyl_lin,z_within,DE,138,-0.03336637612581675,0.697639335329516,0.03203181782791058
ips_acu,xyl_spp,z_within,DE,161,0.03803983299095406,0.6318789227895156,0.07375678380821886
ips_acu,zei_gri,z_within,CZ,161,-0.05756511566811031,0.46824968012179213,-0.05485618840814907
ips_acu,zei_gri,z_within,DE,23,-0.24817016631918246,0.25354364380415306,-0.17680804645774095
ips_ami,ips_cem,z_within,DE,46,-0.005332224534492878,0.9719443052442032,0.02108328378782066
ips_ami,ips_sex,z_within,DE,23,-0.06668262929957959,0.7624225114524289,-0.008082804081352491
ips_ami,ips_typ,z_within,DE,46,-0.13570534654602873,0.3685257489548186,-0.08194969525298534
ips_ami,lym_dis,z_within,DE,23,-0.13235301453945433,0.5471718239230144,-0.1609344164950321
ips_ami,lym_mon,z_within,DE,23,-0.26067803201986134,0.22961218195251604,-0.19672792029107614
ips_ami,mel_spp,z_within,DE,23,-0.17267375081949468,0.4307677300848394,-0.21881144502927113
ips_ami,ope_spp,z_within,DE,23,0.5319562092489521,0.008984499337392038,0.5512479357616654
ips_ami,pan_fla,z_within,DE,23,0.12092384780681295,0.5825846125991971,0.024098229835280465
ips_ami,pha_cya,z_within,DE,46,-0.14741145945235332,0.32825598802461675,-0.14615110313195653
ips_ami,pis_pin,z_within,DE,23,0.1643202189393955,0.4537243384437588,0.2570102563782735
ips_ami,pit_bid,z_within,DE,23,0.027711524102041963,0.9001181505275941,-0.02234392810843759
ips_ami,pit_cha,z_within,DE,46,0.07346028329919875,0.627551019680534,0.11512263448682386
ips_ami,pri_abi,z_within,DE,23,0.14869694535119574,0.49831919135981617,0.3157538638504673
ips_ami,sap_car,z_within,DE,23,-0.058827447453991225,0.7897586765248885,-0.065727164134656485
ips_ami,sco_int,z_within,DE,46,0.22680942530306233,0.1295717024660606,0.23714023767664694
ips_ami,sco_rat,z_within,DE,23,0.15274117389643582,0.48657264505825515,0.25890569279417297
ips_ami,sco_sco,z_within,DE,46,0.3575384771325581,0.014709818950089411,0.2845168197947756
ips_ami,tet_gab,z_within,DE,46,0.2830422997424196,0.05664561500664405,0.13853016344681432
ips_ami,tet_spp,z_within,DE,46,-0.11020898297785141,0.4659231754741199,0.03244363209595571
ips_ami,tha_pit,z_within,DE,23,-0.23975398474086962,0.2705194496151513,-0.2762476288629365
ips_ami,tha_pro,z_within,DE,46,-0.035764258743985505,0.8134599046991657,0.0014714740632117463
ips_ami,tom_spp,z_within,DE,46,-0.07414805479336577,0.6243237966642384,0.014122337473029977
ips_ami,tor_vir,z_within,DE,46,0.3188396202796396,0.03079752258154831,0.2792155160538472
ips_ami,uro_sir_spp,z_within,DE,23,-0.16489564030321066,0.4521228150979183,-0.1643262936896395
ips_ami,xyl_lin,z_within,DE,46,0.3835526025622549,0.008506706456985532,0.3472826430979419
ips_ami,xyl_spp,z_within,DE,46,0.2110998605754242,0.15905001622278722,0.24024415055267093
ips_cem,ips_sex,z_within,DE,184,0.36730916595009067,2.914525399283047e-7,0.4147439459204987
ips_cem,ips_typ,z_within,DE,253,0.5628439496475026,1.5273740940457847e-22,0.5835110606224947
ips_cem,lym_dis,z_within,DE,207,0.24787380718169388,3.169359033534787e-4,0.19812084132827154
ips_cem,lym_mon,z_within,DE,184,0.0740770553209341,0.31762220687303394,0.04593733108110399
ips_cem,mel_spp,z_within,DE,207,0.13842853847036135,0.04668282753715391,0.13027876940343563
ips_cem,neo_ser,z_within,DE,46,0.21391879719449855,0.15342879579489146,0.30996031145632014
ips_cem,ope_spp,z_within,DE,207,0.19609558506538374,0.004628887479146517,0.24490610917632835
ips_cem,pan_fla,z_within,DE,138,0.17215975678270967,0.04347420801741262,0.09423397997848297
ips_cem,pha_cya,z_within,DE,253,0.501503437783238,1.6109631969712853e-17,0.5153768618158232
ips_cem,pis_pin,z_within,DE,161,0.42083512509871746,2.7208163673646243e-8,0.4400812753768643
ips_cem,pit_bid,z_within,DE,115,0.5050950140642676,8.580250533042499e-9,0.46550918244236206
ips_cem,pit_cha,z_within,DE,253,0.5794674466791996,4.317695014314646e-24,0.6059802900269026
ips_cem,pit_spp,z_within,DE,92,0.3874720404102154,1.3569806481506525e-4,0.4593849205503097
ips_cem,pri_abi,z_within,DE,184,0.03719055316979803,0.6162214066335261,5.455174870391076e-4
ips_cem,sap_car,z_within,DE,23,0.346239912168909,0.10557145136748726,0.28934244264707
ips_cem,sco_int,z_within,DE,184,0.14802038054405475,0.04493924163682926,0.04222591262096574
ips_cem,sco_rat,z_within,DE,69,0.35525391499078646,0.002740705457276091,0.18156223066833538
ips_cem,sco_sco,z_within,DE,115,0.09250077641770556,0.32549237963548705,0.12280620128524278
ips_cem,tet_gab,z_within,DE,207,0.40139010006928144,2.0473994179220566e-9,0.36932974807185337
ips_cem,tet_spp,z_within,DE,184,0.30918644201167683,1.950013887146958e-5,0.3610962294351903
ips_cem,tha_pit,z_within,DE,23,0.1851310882907218,0.3977252546377209,0.10788328118451218
ips_cem,tha_pro,z_within,DE,230,0.08897845839668189,0.17870867290963843,0.10564005883467965
ips_cem,tom_spp,z_within,DE,253,0.32566979690656916,1.1604096761760742e-7,0.32258549035317463
ips_cem,tor_vir,z_within,DE,230,0.06991147851734973,0.2910707085949699,0.08636750037203611
ips_cem,uro_sir_spp,z_within,DE,92,0.2577401890352104,0.013122917742192593,0.04218447728413735
ips_cem,xyl_lin,z_within,DE,230,0.2911769923497923,7.138389895215562e-6,0.2982423715875915
ips_cem,xyl_spp,z_within,DE,253,0.3436019344431189,2.023371140013114e-8,0.3172328455336754
ips_cem,zei_gri,z_within,DE,23,-0.15296503764945543,0.4859265061771145,-0.05096993023975951
ips_dup,ips_sex,z_within,CZ,184,0.48819117600825906,2.0712131737177515e-12,0.5268616161417639
ips_dup,ips_typ,z_within,RO,22,-0.3944671374019965,0.06926356795151963,-0.4581853173383446
ips_dup,ips_typ,z_within,SK,21,0.7691911148886188,4.594454802243904e-5,0.7090909090909091
ips_dup,lym_dis,z_within,CZ,138,0.3807123539394081,4.097794346999628e-6,0.14134204345977874
ips_dup,lym_dis,z_within,RO,22,-0.36623241880521595,0.09367263698240037,-0.2786772128415925
ips_dup,lym_dis,z_within,SK,21,-0.7540658445505445,7.871915952347282e-5,-0.5532025468589599
ips_dup,lym_mon,z_within,CZ,138,-0.1283818841158283,0.13344747018770195,-0.1592404041144551
ips_dup,neo_ser,z_within,CZ,46,-0.39445704818924987,0.006674276422947351,-0.17914882364104387
ips_dup,pan_fla,z_within,CZ,23,0.32904230358377695,0.12525480287547724,0.32141217326661253
ips_dup,pha_cya,z_within,CZ,184,0.3887651601013897,4.9362762410622866e-8,0.3635945122407684
ips_dup,pit_cha,z_within,SK,21,-0.16718987394725757,0.4688393951754848,-0.19480519480519481
ips_dup,pit_spp,z_within,CZ,184,0.6416633164268658,9.81858082209852e-23,0.59295749559375
ips_dup,pol_pol,z_within,CZ,184,0.12934763165336186,0.0801254556271533,0.13095645233307163
ips_dup,pri_abi,z_within,CZ,161,-0.5704777170785686,2.7911653432618716e-15,-0.5011812308104122
ips_dup,sco_int,z_within,CZ,184,0.12352900798641978,0.09479783605855575,0.08787238495523703
ips_dup,sco_rat,z_within,CZ,184,0.3479730093302379,1.297781597155398e-6,0.3051776905175297
ips_dup,tet_gab,z_within,CZ,46,-0.31806627958700223,0.031228388082456173,-0.2290671758755081
ips_dup,tom_spp,z_within,CZ,184,0.5594019061776835,1.5332306333876744e-16,0.5803771367611916
ips_dup,tor_vir,z_within,RO,22,-0.23181160141943202,0.2992462887115439,-0.14407913853709495
ips_dup,zei_gri,z_within,CZ,161,0.07410008759150935,0.3502091522914036,0.05211460769980048
ips_sex,ips_typ,z_within,BG,18,0.0722462635832828,0.7757345942416212,0.04702564066699708
ips_sex,ips_typ,z_within,DE,184,0.4105737888301367,7.096739267273283e-9,0.4530509768013109
ips_sex,lym_dis,z_within,BG,18,-0.6706730376197346,0.0023160850447104925,-0.6491813266956858
ips_sex,lym_dis,z_within,CZ,138,0.274597490525984,0.0011167286605354436,0.21219288876142064
ips_sex,lym_dis,z_within,DE,161,0.1451976083676918,0.06609968076672137,0.0855635514789215
ips_sex,lym_mon,z_within,CZ,138,-0.02256968626970309,0.7927389502383039,-0.023961657440741253
ips_sex,lym_mon,z_within,DE,138,-0.04801925570013873,0.5759636034863794,-0.013146167482435658
ips_sex,mel_spp,z_within,DE,161,0.04173545796708475,0.5991199839776464,0.07943979951310631
ips_sex,neo_ser,z_within,BG,18,0.22905183815271868,0.3605815107398914,0.2519784845477384
ips_sex,neo_ser,z_within,CZ,46,-0.12215071371004071,0.41868684171809734,-0.07371642557316302
ips_sex,neo_ser,z_within,DE,46,0.2782148121292909,0.061183678855416805,0.32116533268043795
ips_sex,ope_spp,z_within,DE,161,0.2470822073336677,0.0015785924004699564,0.22708366354690343
ips_sex,pan_fla,z_within,CZ,23,0.25624412646943856,0.23791871917236523,0.2892709559399512
ips_sex,pan_fla,z_within,DE,92,0.019169794055487552,0.856074922147333,-0.07223406621699544
ips_sex,pha_cya,z_within,CZ,184,0.565075552809224,6.496459999875506e-17,0.5771983783554993
ips_sex,pha_cya,z_within,DE,184,0.45158818122522104,1.2424005726452313e-10,0.4772535741439476
ips_sex,pis_pin,z_within,DE,138,0.3714874913521598,7.260783005706423e-6,0.4445559198133638
ips_sex,pit_bid,z_within,DE,115,0.5263323495026262,1.528483066845587e-9,0.6300477779683922
ips_sex,pit_cha,z_within,DE,184,0.3465202285444606,1.4461779237961e-6,0.45218735422464157
ips_sex,pit_spp,z_within,CZ,184,0.5238942407223548,2.322383937054513e-14,0.524795477841482
ips_sex,pit_spp,z_within,DE,69,-0.002156439345611337,0.9859695244872078,0.1383582672128237
ips_sex,pol_pol,z_within,CZ,184,0.09170300005728516,0.2156962769164068,0.11664737068691398
ips_sex,pri_abi,z_within,CZ,161,-0.277894421080274,3.581079700357467e-4,-0.27883820697877354
ips_sex,pri_abi,z_within,DE,161,0.09591774846398445,0.22613714342568023,0.19202866742243666
ips_sex,sap_car,z_within,DE,23,0.3689403717139749,0.08319777412611921,0.3535533905932738
ips_sex,sco_int,z_within,CZ,184,0.2087626783024416,0.004456504880257081,0.19323376009924595
ips_sex,sco_int,z_within,DE,161,0.19260635494178027,0.014372239373155188,0.0060063371110433495
ips_sex,sco_rat,z_within,CZ,184,0.32638183034793106,6.1394431672988515e-6,0.3016544846529919
ips_sex,sco_rat,z_within,DE,69,0.4182113983279296,3.491047799895348e-4,0.2567319678942715
ips_sex,sco_sco,z_within,DE,92,0.18170088989717512,0.0830164782253835,0.25093962068350856
ips_sex,tet_gab,z_within,CZ,46,-0.24078095898534838,0.10697755933892357,-0.12389440554128484
ips_sex,tet_gab,z_within,DE,161,0.28629904411508456,2.315963626698445e-4,0.1639815141671023
ips_sex,tet_spp,z_within,DE,115,0.09239498025767841,0.32604841335590073,0.028735677047594582
ips_sex,tha_pit,z_within,BG,18,0.0618963517907204,0.8072427303437146,0.005225071185221899
ips_sex,tha_pit,z_within,DE,23,0.4249593556317173,0.043243095621491014,0.3598780520770539
ips_sex,tha_pro,z_within,DE,161,-0.04488240693743447,0.5718415075823072,-0.009597391152401753
ips_sex,tom_spp,z_within,CZ,184,0.6088293497929277,4.79325378805542e-20,0.5610075456608433
ips_sex,tom_spp,z_within,DE,184,0.33819666393979164,2.6613869179707856e-6,0.29396199439237347
ips_sex,tor_vir,z_within,BG,18,-8.722352610638798e-5,0.9997259358493502,-0.12849140975446233
ips_sex,tor_vir,z_within,DE,161,-0.02242183588354103,0.7776982200238913,0.0056282180198907236
ips_sex,uro_sir_spp,z_within,DE,69,0.1909167036277084,0.11609139544592835,0.12069004090184808
ips_sex,xyl_lin,z_within,DE,184,0.08162039870238538,0.27070226903853994,0.16015851525748845
ips_sex,xyl_spp,z_within,DE,184,0.24107923944678716,9.785150774346445e-4,0.34963060661745465
ips_sex,zei_gri,z_within,CZ,161,-0.09213482243769948,0.24506287207861902,-0.087388775633861
ips_sex,zei_gri,z_within,DE,23,-0.1824975724914392,0.40458970415186013,-0.24180779030171728
ips_typ,lym_dis,z_within,AT,126,0.06714506768548531,0.4550432881907627,0.04899454837041898
ips_typ,lym_dis,z_within,BG,18,0.007546988450535836,0.9762898354092739,-0.11375919243726323
ips_typ,lym_dis,z_within,DE,207,0.3574971485007222,1.235635626768413e-7,0.3262558311078435
ips_typ,lym_dis,z_within,HR,23,0.2837433237158555,0.18949999187310645,0.24150672971593978
ips_typ,lym_dis,z_within,HU,23,0.5668328408377148,0.0047984089341758015,0.5296442687747035
ips_typ,lym_dis,z_within,LT,23,0.25101787302163703,0.24795898351233103,0.20681127188650222
ips_typ,lym_dis,z_within,RO,22,-0.046339235496776786,0.8377498176495327,-0.04631460224223757
ips_typ,lym_dis,z_within,RS,20,-0.17328058309654423,0.4650286250551341,-0.2888532846680172
ips_typ,lym_dis,z_within,SK,22,-0.5290099980083933,0.011358244470167445,-0.49807785725519876
ips_typ,lym_mon,z_within,DE,184,0.056636219426775346,0.44508849314744425,0.03292556545369182
ips_typ,lym_mon,z_within,LT,23,-0.09770181362979737,0.6574076612517621,-0.016976694868052238
ips_typ,lym_mon,z_within,PL,320,0.09173982185204123,0.10139544266248458,0.07245377747568005
ips_typ,mel_spp,z_within,DE,207,-0.017876939117760494,0.7982077476222695,0.005851781042991863
ips_typ,mel_spp,z_within,PL,340,0.02832527155590301,0.602733803464732,0.018733886082826917
ips_typ,neo_ser,z_within,BG,18,-0.46898085165843384,0.04961034436349488,-0.41713996266227027
ips_typ,neo_ser,z_within,DE,46,0.09601210879619826,0.5256020360786348,0.0780904622749519
ips_typ,ope_spp,z_within,DE,207,0.11863863460231239,0.088643927145313,0.15454881691713845
ips_typ,pan_fla,z_within,DE,138,0.17411039551324822,0.04111616997153776,0.06602587762732107
ips_typ,pan_fla,z_within,LT,23,-0.11623971452622975,0.597378342883059,-0.10884405697468731
ips_typ,pan_fla,z_within,PL,300,0.19927369174458204,5.165991380169992e-4,0.1810890387467247
ips_typ,pha_cya,z_within,AT,147,0.20485391725279023,0.012811261873358785,0.254460383837452
ips_typ,pha_cya,z_within,DE,253,0.5536290611118615,1.0129266655276133e-21,0.5606323800953501
ips_typ,pha_cya,z_within,LT,23,0.46473237686305663,0.025465959557188483,0.5292999721002881
ips_typ,pha_cya,z_within,PL,340,0.15032202687608284,0.00547970399236255,0.16785754074547368
ips_typ,pis_pin,z_within,DE,161,0.39271115325849143,2.568311798657608e-7,0.4347609516045649
ips_typ,pis_pin,z_within,LT,23,-0.1609429333726012,0.4631835446842927,0.3867459854293572
ips_typ,pit_bid,z_within,DE,115,0.5315507408812948,9.82052799823915e-10,0.47858972795962207
ips_typ,pit_cha,z_within,AT,189,0.6884696692486946,6.885592893034543e-28,0.6945395289738825
ips_typ,pit_cha,z_within,DE,253,0.7922654603433804,8.935605637874752e-56,0.8085341121508389
ips_typ,pit_cha,z_within,IT,23,-0.30605767381480703,0.15552132045556866,-0.2751163696792458
ips_typ,pit_cha,z_within,LT,23,0.05772934876405051,0.79360004417191,0.4130770467755435
ips_typ,pit_cha,z_within,SI,23,0.6988626263873469,2.0744861738920315e-4,0.7031279228370932
ips_typ,pit_cha,z_within,SK,22,0.15411730972622759,0.49347797271872074,0.05251270468661773
ips_typ,pit_spp,z_within,AT,147,0.5416317601686674,1.4015319174149956e-12,0.5442876087995511
ips_typ,pit_spp,z_within,DE,92,0.25953479895064374,0.012479000771827523,0.38928947210094517
ips_typ,pit_spp,z_within,HR,23,0.47956124208516043,0.02058194465957628,0.22430830039525693
ips_typ,pit_spp,z_within,SI,23,0.29777748474655624,0.16758825215532663,0.3843873517786562
ips_typ,pol_pol,z_within,LT,23,0.5156274634941853,0.011792407849344683,0.49280417842280727
ips_typ,pri_abi,z_within,DE,184,-0.06453547377451845,0.38411256419431916,-0.049846879744409135
ips_typ,sap_car,z_within,DE,23,0.36186041108726574,0.08975413507714967,0.2892709559399512
ips_typ,sco_int,z_within,DE,184,0.23712286012443312,0.0011914468007267246,0.1900821010762219
ips_typ,sco_rat,z_within,DE,69,0.46790556354944185,5.0346902853649185e-5,0.4220003444018795
ips_typ,sco_rat,z_within,LT,23,0.16716650468322924,0.445831496535401,0.41289747161227053
ips_typ,sco_sco,z_within,DE,115,-0.0022048670171174525,0.9813421408386326,0.05671357058962174
ips_typ,sco_sco,z_within,LT,23,-0.17091183995147077,0.43555698827521006,-0.22498852128662877
ips_typ,tet_gab,z_within,AT,126,0.17614782512951593,0.048495056068690826,0.16338886826696225
ips_typ,tet_gab,z_within,DE,207,0.30490137315810223,7.931313099609865e-6,0.30315255456324774
ips_typ,tet_spp,z_within,DE,184,0.1518982847509325,0.03955495662287249,0.293395258560653
ips_typ,tha_pit,z_within,BG,18,-0.3989416472159538,0.10100985102255655,-0.3849329205366357
ips_typ,tha_pit,z_within,DE,23,0.4635481508056629,0.025892872719945264,0.3022121327531343
ips_typ,tha_pit,z_within,HR,23,-0.5156774761015955,0.011782821575340392,-0.42786561264822137
ips_typ,tha_pro,z_within,DE,230,0.05994628894858977,0.3654699767707903,0.10666925316452992
ips_typ,tom_spp,z_within,AT,168,0.3403198530985563,6.374138643787964e-6,0.356857852223186
ips_typ,tom_spp,z_within,DE,253,0.20602113713999573,9.801253590404032e-4,0.23397100309898697
ips_typ,tom_spp,z_within,LT,23,0.12024528232827338,0.5847178587287403,0.47865535415823524
ips_typ,tom_spp,z_within,PL,280,0.057305687895785516,0.339373802643417,0.09275706822797249
ips_typ,tor_vir,z_within,BG,18,0.23334067203710557,0.35140757551639823,0.1665433981864982
ips_typ,tor_vir,z_within,DE,230,0.07365602957851324,0.2659341314573626,0.06874626913861016
ips_typ,tor_vir,z_within,LT,23,0.1622865028525107,0.4594082930118685,0.15139625613664784
ips_typ,tor_vir,z_within,PL,340,0.019939000520700453,0.7141117923598648,-0.009155316053464348
ips_typ,tor_vir,z_within,RO,22,-0.08347332628763973,0.7118921169165633,-0.19480519480519476
ips_typ,uro_sir_spp,z_within,DE,92,0.20419035898138796,0.05089438692547588,0.10085686985871016
ips_typ,xyl_lin,z_within,DE,230,0.1486321035438791,0.024172747282459363,0.16207066242521942
ips_typ,xyl_spp,z_within,DE,253,0.3060653837916277,6.912958851805521e-7,0.2999275395679027
ips_typ,zei_gri,z_within,DE,23,-0.21936721309081564,0.31456091388765955,-0.19085372194380065
lym_dis,lym_mon,z_within,CZ,115,-0.027454399346749477,0.7708568724451208,-0.01573385430878038
lym_dis,lym_mon,z_within,DE,161,0.12724125941812411,0.10773109986427885,0.07732465302587406
lym_dis,lym_mon,z_within,LT,23,0.058083926940653154,0.7923591473760143,0.09481596472945586
lym_dis,mel_spp,z_within,DE,184,0.09597843222882448,0.1949628647858774,0.12736526488736916
lym_dis,neo_ser,z_within,BG,18,0.09440640365269315,0.7094374637325778,0.2808218263205454
lym_dis,neo_ser,z_within,CZ,23,-0.10819382064556525,0.6231506742662781,-0.11129646084817225
lym_dis,neo_ser,z_within,DE,46,0.1763366651069287,0.2410874389031676,0.4942222942110199
lym_dis,ope_spp,z_within,DE,161,0.13572171802283703,0.08604324541873143,0.12894891428741917
lym_dis,pan_fla,z_within,CZ,23,0.5223743090238153,0.010555700485070874,0.4897044277319579
lym_dis,pan_fla,z_within,DE,138,0.24736209551407407,0.003444420896601622,0.1399906420699773
lym_dis,pan_fla,z_within,LT,23,-0.09185928413704443,0.6767826476436796,-0.023810086223720574
lym_dis,pha_cya,z_within,AT,126,0.2583539801232542,0.003490539424484891,0.25812063444956157
lym_dis,pha_cya,z_within,CZ,138,0.1387253344368727,0.10465643841024935,0.054668567831396474
lym_dis,pha_cya,z_within,DE,207,0.26476230293788783,1.1562331000974971e-4,0.24979827373392272
lym_dis,pha_cya,z_within,LT,23,0.30984092015168047,0.15021645749448279,0.17756390953036497
lym_dis,pis_pin,z_within,DE,138,0.3005860726035022,3.407450905432622e-4,0.2848897269358371
lym_dis,pis_pin,z_within,LT,23,0.1734625104595429,0.42863292004551434,0.1721256082562491
lym_dis,pit_bid,z_within,DE,115,0.1751403150041175,0.061185757164618264,0.06181140091173582
lym_dis,pit_cha,z_within,AT,126,0.06222733480031171,0.4888054824447803,0.04060434870174672
lym_dis,pit_cha,z_within,DE,207,0.26936660104549637,8.678920817611977e-5,0.24993904539635273
lym_dis,pit_cha,z_within,LT,23,0.29366106719643903,0.17382335725910802,0.09783832529748232
lym_dis,pit_cha,z_within,SK,22,0.19458686258395352,0.3855281936200906,0.2045676913726709
lym_dis,pit_spp,z_within,AT,105,0.0613348826606355,0.5342327156571525,-0.0140798080819515
lym_dis,pit_spp,z_within,CZ,138,0.3466026006006681,3.1208515097046203e-5,0.12601937149176232
lym_dis,pit_spp,z_within,DE,92,0.16569183550919053,0.1144594076999958,0.21520483930322007
lym_dis,pit_spp,z_within,HR,23,0.37429815444886405,0.07848015915693846,0.42689571310784374
lym_dis,pol_pol,z_within,CZ,138,0.00189611071114487,0.9823907844735391,-0.040897061715337184
lym_dis,pol_pol,z_within,LT,23,0.35327671320670295,0.09821063291291622,0.14486020848001513
lym_dis,pri_abi,z_within,CZ,115,-0.13140072041908096,0.16157337232126,-0.09926805866048931
lym_dis,pri_abi,z_within,DE,161,-0.11105592848422148,0.160764721971449,-0.16478619168122394
lym_dis,sap_car,z_within,DE,23,-0.1022659723615388,0.6424182696773159,-0.11129646084817225
lym_dis,sco_int,z_within,CZ,138,-0.035529901095216615,0.6790820909697624,0.00591055169674773
lym_dis,sco_int,z_within,DE,161,0.042585482347888205,0.5916943620915907,0.14294194316452177
lym_dis,sco_rat,z_within,CZ,138,0.15387125027538456,0.07156383186764277,0.1542264737141025
lym_dis,sco_rat,z_within,DE,69,-0.18020259891700577,0.13842323985091382,-0.26256535419252996
lym_dis,sco_rat,z_within,LT,23,0.32978402220803593,0.12435486322594314,0.27375436433166195
lym_dis,sco_sco,z_within,DE,92,0.23099339519423862,0.026734647902576167,0.14092711335734456
lym_dis,sco_sco,z_within,LT,23,-0.13804713062760607,0.5299060296807137,-0.15116701185912323
lym_dis,tet_gab,z_within,AT,105,-0.001290271856404821,0.9895774585384847,0.07122367610298516
lym_dis,tet_gab,z_within,CZ,46,-0.12158789097747172,0.4208500606178599,-0.4965171181840938
lym_dis,tet_gab,z_within,DE,161,0.15959653439612054,0.04315000712953902,0.1813176411855489
lym_dis,tet_spp,z_within,DE,161,0.16804547214768528,0.03310391729880947,0.22421991211036107
lym_dis,tha_pit,z_within,BG,18,-0.13058777404676628,0.605517227507905,-0.17542305375839656
lym_dis,tha_pit,z_within,DE,23,0.24194222470103663,0.26603792399559373,0.29397582770369873
lym_dis,tha_pit,z_within,HR,23,-0.17319928399977583,0.42934471849843037,-0.14730908410059396
lym_dis,tha_pro,z_within,DE,184,0.24772176627645368,6.980030077332553e-4,0.2010990920402997
lym_dis,tom_spp,z_within,AT,126,0.2698726149174133,0.0022428582998289585,0.1820829421866574
lym_dis,tom_spp,z_within,CZ,138,0.42856024817756994,1.5719233513895776e-7,0.2178910790006114
lym_dis,tom_spp,z_within,DE,207,0.139249198663142,0.045384308511588506,0.07995930637305607
lym_dis,tom_spp,z_within,LT,23,0.3406050204472248,0.11175189647608608,0.21951714614253565
lym_dis,tor_vir,z_within,BG,18,0.1858849859067328,0.46021112773390604,0.17040778940200363
lym_dis,tor_vir,z_within,DE,184,-0.13894627194179246,0.059965200833765595,-0.18231078986521138
lym_dis,tor_vir,z_within,LT,23,0.33515979972268684,0.11797153060550557,0.32991600770011303
lym_dis,tor_vir,z_within,RO,23,0.015685499067652254,0.9433706543379494,0.12061295106277804
lym_dis,uro_sir_spp,z_within,DE,69,0.1704052472932392,0.1615447162128428,0.06720598791367968
lym_dis,xyl_lin,z_within,DE,184,-0.09262171471154892,0.21111331303880637,-0.11460201863064544
lym_dis,xyl_spp,z_within,DE,207,0.04286681876578998,0.5396823432597551,-0.0028036666101795876
lym_dis,zei_gri,z_within,CZ,115,0.04708345119231212,0.6173038038228025,0.1767886315447605
lym_dis,zei_gri,z_within,DE,23,0.14646247748452437,0.5048686074526547,0.17683682431442527
lym_mon,mel_spp,z_within,DE,161,0.0975497804100974,0.2182997485790899,-0.005675673753083708
lym_mon,mel_spp,z_within,PL,320,0.1458118079352322,0.008998040917427267,0.09497543820048775
lym_mon,neo_ser,z_within,CZ,46,0.10252825194998152,0.49775052415321086,0.00894721099234117
lym_mon,neo_ser,z_within,DE,46,0.1418685376929509,0.3469675172750797,-0.06617281180832517
lym_mon,ope_spp,z_within,DE,138,0.2378431017438669,0.004968999786764758,0.32752203487885945
lym_mon,pan_fla,z_within,CZ,23,0.27377109799515725,0.20620899794800726,0.28984433798116577
lym_mon,pan_fla,z_within,DE,138,0.17256511830481158,0.042975099632693,0.14346766617053106
lym_mon,pan_fla,z_within,LT,23,0.1316635440982935,0.5492798029567257,0.07144465133949947
lym_mon,pan_fla,z_within,PL,300,0.3962742215328316,1.0110540815941606e-12,0.40436233272279537
lym_mon,pha_cya,z_within,CZ,138,-0.0016710427589288024,0.9844807164935558,2.8262986389717814e-4
lym_mon,pha_cya,z_within,DE,184,0.12614913482278076,0.08794625131478138,0.05281634033747756
lym_mon,pha_cya,z_within,LT,23,-0.04499185128836557,0.8384760623571967,-0.043119338640476276
lym_mon,pha_cya,z_within,PL,320,0.002362987605940139,0.9664149546729688,0.06284371936488284
lym_mon,pis_pin,z_within,DE,138,0.21529577380578765,0.011213949430787976,0.3145755466191969
lym_mon,pis_pin,z_within,LT,23,-0.39814898277049604,0.05988701368591041,-0.3580772195264592
lym_mon,pit_bid,z_within,DE,92,-0.05958419817413302,0.572618628161941,-0.07756299029310788
lym_mon,pit_cha,z_within,DE,184,0.16706010044106934,0.023413257777167254,0.1520944243206818
lym_mon,pit_cha,z_within,LT,23,-0.10996814754111858,0.6174289307846299,-0.0030390695340295473
lym_mon,pit_spp,z_within,CZ,138,-0.21406423031804286,0.011698627910414318,-0.24291066110202564
lym_mon,pit_spp,z_within,DE,46,-0.31966248334720193,0.030344487724626945,-0.5675251329138175
lym_mon,pol_pol,z_within,CZ,138,0.05475840010338336,0.5235431393804442,0.09739443662112483
lym_mon,pol_pol,z_within,LT,23,-0.14704427210175436,0.5031592815746675,-0.1328999515676467
lym_mon,pri_abi,z_within,CZ,115,0.3192561671766376,5.057134447156339e-4,0.30906936958056713
lym_mon,pri_abi,z_within,DE,161,0.11118625149408996,0.16027110467304512,0.09388245684208103
lym_mon,sap_car,z_within,DE,23,-0.2849030264603879,0.1876187461901742,-0.2607624275212971
lym_mon,sco_int,z_within,CZ,138,0.062086993033685596,0.4694211691008825,0.007073791474160304
lym_mon,sco_int,z_within,DE,115,-0.16250486499279806,0.08270776508049253,-0.13977626407807672
lym_mon,sco_rat,z_within,CZ,138,0.007108337037725534,0.9340538684134948,-0.015131806343154454
lym_mon,sco_rat,z_within,DE,69,-0.03390451942623546,0.7821129895832809,-0.19818519511548208
lym_mon,sco_rat,z_within,LT,23,-0.27504481568938155,0.20402141632961684,-0.2611607142857143
lym_mon,sco_sco,z_within,DE,69,0.2878807950071467,0.016455701083415018,0.2894034632135809
lym_mon,sco_sco,z_within,LT,23,-0.12889379460625022,0.557785184243544,-0.1380498647283479
lym_mon,tet_gab,z_within,CZ,46,-0.01967241297124206,0.8967520862228213,-0.05539640369001258
lym_mon,tet_gab,z_within,DE,161,0.008298646265001607,0.9167889575881892,0.07277443168982373
lym_mon,tet_spp,z_within,DE,115,0.2933750115784773,0.0014623613993151737,0.23778766475082785
lym_mon,tha_pit,z_within,DE,23,-0.45812713815045525,0.027920846132460916,-0.38391440413818073
lym_mon,tha_pro,z_within,DE,161,0.22890753998842775,0.00349175787369995,0.3345416063855381
lym_mon,tom_spp,z_within,CZ,138,-0.0475609282025136,0.5796158042302566,-0.06753902831432479
lym_mon,tom_spp,z_within,DE,184,0.17593286283121407,0.016900297926376904,0.20735427939901416
lym_mon,tom_spp,z_within,LT,23,-0.22751432895823992,0.2964650469334786,-0.2540899934368849
lym_mon,tom_spp,z_within,PL,260,0.023171286979476135,0.7099855847667336,0.08847154096328565
lym_mon,tor_vir,z_within,DE,161,0.28350039037343233,2.681771163170018e-4,0.25827444215065126
lym_mon,tor_vir,z_within,LT,23,-0.07651463094453423,0.7285935854790866,0.008360519596497385
lym_mon,tor_vir,z_within,PL,320,0.048459253194106,0.38759839445630684,0.012284029497215902
lym_mon,uro_sir_spp,z_within,DE,46,0.0466252264243432,0.7583164847578339,-0.009540085325607272
lym_mon,xyl_lin,z_within,DE,161,0.08258686148283656,0.29763193783651554,0.18115601512273063
lym_mon,xyl_spp,z_within,DE,184,0.1195009147257254,0.10615102464676852,0.13377982615902353
lym_mon,zei_gri,z_within,CZ,138,-0.04527870734875965,0.5979597341966245,-0.10784334988549113
lym_mon,zei_gri,z_within,DE,23,0.5661331517951291,0.00486240313277621,0.57729689731346
mel_spp,neo_ser,z_within,DE,46,-0.12106473765154466,0.42286647718558545,0.03671172157531988
mel_spp,ope_spp,z_within,DE,161,0.03399786445962709,0.6685440510857439,-0.008551743786126558
mel_spp,pan_fla,z_within,DE,115,0.2980413687760049,0.0012161148368754662,0.39470437458575175
mel_spp,pan_fla,z_within,PL,300,0.1560420702408838,0.006767924131919768,0.14199884634543095
mel_spp,pha_cya,z_within,DE,207,0.18800157460974573,0.0066732652379695384,0.16435887137249353
mel_spp,pha_cya,z_within,PL,340,0.08671422031332625,0.11047752115707443,0.08959724859429831
mel_spp,pis_pin,z_within,DE,138,0.19127499112975718,0.024619221878346892,0.2784345951155714
mel_spp,pit_bid,z_within,DE,92,-0.05982057628450395,0.5710937715916109,-0.11143269613754736
mel_spp,pit_cha,z_within,DE,207,-0.0808327025076635,0.24693206123329375,-0.03518818937107731
mel_spp,pit_spp,z_within,DE,92,0.14578869059689398,0.16554615766627215,0.20140594641963275
mel_spp,pri_abi,z_within,DE,161,0.1836602168951483,0.01969530668654574,-0.014754412682122957
mel_spp,sap_car,z_within,DE,23,0.07614457387190585,0.729858444429031,0.17023740135648377
mel_spp,sco_int,z_within,DE,138,0.03274659932177143,0.7029890709476551,-0.011622962773308805
mel_spp,sco_rat,z_within,DE,69,0.057681480233476454,0.6377997464166307,-0.240690470886258
mel_spp,sco_sco,z_within,DE,92,-0.10135336539474932,0.33638431611382835,-0.10372868835025378
mel_spp,tet_gab,z_within,DE,184,0.15704488950845902,0.033256603141866806,0.20017210378927625
mel_spp,tet_spp,z_within,DE,161,0.3689755364368466,1.4621301995060826e-6,0.3273711514367802
mel_spp,tha_pit,z_within,DE,23,-0.30624404663563387,0.15525694640451046,-0.30165938968536776
mel_spp,tha_pro,z_within,DE,184,0.16625123070372314,0.024102406706047592,0.14988802654418892
mel_spp,tom_spp,z_within,DE,207,0.1570848501020246,0.02379498453552589,0.08259475148701895
mel_spp,tom_spp,z_within,PL,280,0.141778458512896,0.01760619143656601,0.1493848806588585
mel_spp,tor_vir,z_within,DE,184,-0.04585781837615609,0.5364883951917865,-0.05858277552583351
mel_spp,tor_vir,z_within,PL,340,0.00486690612962437,0.9287550008333152,-0.001666515920279388
mel_spp,uro_sir_spp,z_within,DE,69,0.17705501703533644,0.1455621821388818,0.1631511672264587
mel_spp,xyl_lin,z_within,DE,184,-7.821162001359268e-4,0.9915929716491485,-0.018053273093935483
mel_spp,xyl_spp,z_within,DE,207,-0.017471893717549987,0.8026850677391915,-0.08043246218302195
mel_spp,zei_gri,z_within,DE,23,0.14383660286916528,0.512618599996389,0.28625592465679256
neo_ser,ope_spp,z_within,DE,46,0.2608398767546145,0.07996888498355657,0.2991916843511767
neo_ser,pan_fla,z_within,CZ,23,-0.04545454545454546,0.8368364960931189,-0.04545454545454546
neo_ser,pan_fla,z_within,DE,46,-0.07307258987856566,0.6293732304852684,0.060496065529750946
neo_ser,pha_cya,z_within,CZ,46,-0.04471112099142981,0.7679574734504707,-0.09990226885938829
neo_ser,pha_cya,z_within,DE,46,0.20318722916495094,0.1756299401897543,0.3432020259808596
neo_ser,pis_pin,z_within,DE,46,0.028240597159295108,0.8522072285538566,0.14926206317871643
neo_ser,pit_bid,z_within,DE,46,0.24915579607054422,0.0949588958675022,0.2058955617037459
neo_ser,pit_cha,z_within,DE,46,0.06409917451486274,0.672139774783112,0.11883305883973064
neo_ser,pit_spp,z_within,CZ,46,-0.26836271181038623,0.07134546132603566,-0.15260054063104703
neo_ser,pol_pol,z_within,CZ,46,0.1421798470928714,0.34589957317442976,0.0764730723949345
neo_ser,pri_abi,z_within,CZ,46,0.3397459748150702,0.02088599494380046,0.16728106451554683
neo_ser,pri_abi,z_within,DE,46,0.34726931899427493,0.0180501124483736,0.017364504549821694
neo_ser,sco_int,z_within,CZ,46,0.09195742981018876,0.5433124883467118,0.11971389563034891
neo_ser,sco_int,z_within,DE,46,-0.1886837413165013,0.20918378260845524,-0.1899456755687951
neo_ser,sco_rat,z_within,CZ,46,0.01970437501801681,0.8965852471977749,0.032960281229825944
neo_ser,sco_rat,z_within,DE,46,-0.09082806801933213,0.5482959828378111,-0.086010361253719525
neo_ser,sco_sco,z_within,DE,46,0.24111443417023712,0.10647776485524586,0.030076829469432905
neo_ser,tet_gab,z_within,CZ,23,-0.06314693216676635,0.7746949250761859,-0.065727164134656485
neo_ser,tet_gab,z_within,DE,46,0.01553403386543394,0.9183887303861935,0.38825649052356187
neo_ser,tet_spp,z_within,DE,23,-0.17030598012606962,0.43721039572534093,-0.1909327929196652
neo_ser,tha_pit,z_within,BG,18,-0.07015616178597157,0.782072326100219,-0.09705731804518168
neo_ser,tha_pro,z_within,DE,23,0.2701441526624266,0.21252442320278153,0.26454227075346565
neo_ser,tom_spp,z_within,CZ,46,-0.1860218563728017,0.21579846747646636,-0.10687538855844206
neo_ser,tom_spp,z_within,DE,46,0.28169146914758714,0.057887306516142205,0.32198178998692445
neo_ser,tor_vir,z_within,BG,18,0.04452525500229951,0.8607425089216505,0.05610990015605435
neo_ser,tor_vir,z_within,DE,46,0.13675818722767327,0.3647871512506403,0.01757150717905711
neo_ser,uro_sir_spp,z_within,DE,23,0.15045390445454052,0.49319897201877116,0.1909327929196652
neo_ser,xyl_lin,z_within,DE,46,0.08057980581614524,0.5944868545037181,-0.15314632109362328
neo_ser,xyl_spp,z_within,DE,46,0.1396057422978602,0.35479077467852393,0.10759701454060906
neo_ser,zei_gri,z_within,CZ,46,-0.16871715419616914,0.26234664820852727,-0.03596986908864964
neo_ser,zei_gri,z_within,DE,23,0.19446120852881824,0.3739353560094991,0.1871401456823306
ope_spp,pan_fla,z_within,DE,92,-0.012231036206837355,0.9078774133557578,-0.006189151847983565
ope_spp,pha_cya,z_within,DE,207,0.12213133145403925,0.07958621582991797,0.17742009870097866
ope_spp,pis_pin,z_within,DE,115,0.10255921585612508,0.27540967333564453,0.20177884020951511
ope_spp,pit_bid,z_within,DE,92,0.3015953913947821,0.003482351957914418,0.23275210359573478
ope_spp,pit_cha,z_within,DE,207,0.12655918559733276,0.06919307251427848,0.20191262077089858
ope_spp,pit_spp,z_within,DE,92,0.03947941719645301,0.7086710379323977,0.03825375819786313
ope_spp,pri_abi,z_within,DE,161,0.05579603096651908,0.48205340542265773,0.025801879826511703
ope_spp,sco_int,z_within,DE,161,-0.07300850908550445,0.35737162703881564,-0.2187845771130042
ope_spp,sco_rat,z_within,DE,46,-0.08381725113691679,0.5797105749985737,-0.5271048674873967
ope_spp,sco_sco,z_within,DE,92,0.2514751074719057,0.01560261779032547,0.534915221689235
ope_spp,tet_gab,z_within,DE,161,0.11395038540058705,0.1500670305475275,0.1919890054563076
ope_spp,tet_spp,z_within,DE,138,0.03576993202787229,0.677034826369765,0.08588226990257598
ope_spp,tha_pro,z_within,DE,184,0.13057213234747828,0.07728390270103982,0.26757943223746855
ope_spp,tom_spp,z_within,DE,207,0.1649355936162675,0.017552344762281555,0.2573032274715895
ope_spp,tor_vir,z_within,DE,184,0.5102158892514843,1.3805901217933476e-13,0.42216636379448547
ope_spp,uro_sir_spp,z_within,DE,92,-0.13170583075763934,0.210764782120773,-0.2232678882066756
ope_spp,xyl_lin,z_within,DE,207,0.003398576897489748,0.9612372324094105,0.07147354531253616
ope_spp,xyl_spp,z_within,DE,207,0.024234432424789756,0.7288826066705285,0.04416009786232817
ope_spp,zei_gri,z_within,DE,23,0.12688204890511523,0.5639998374759176,0.11616334257857575
pan_fla,pha_cya,z_within,CZ,23,0.2216398907234759,0.30944675323931253,0.25712973861329
pan_fla,pha_cya,z_within,DE,138,0.0833875414219752,0.3308683246621834,0.09666969925760215
pan_fla,pha_cya,z_within,LT,23,-0.16371108365072917,0.45542291981764627,-0.17618673952226402
pan_fla,pha_cya,z_within,PL,300,0.12354618010113841,0.0324234380925395,0.12416386187527172
pan_fla,pis_pin,z_within,DE,115,0.16937502529130524,0.07035773220863799,0.19342374544035662
pan_fla,pis_pin,z_within,LT,23,0.08180253664588327,0.7105956525484439,-0.1655391235184069
pan_fla,pit_bid,z_within,DE,92,0.16326578955205245,0.1199382142071738,0.032947583796910485
pan_fla,pit_cha,z_within,DE,138,0.22384137252836905,0.008310223082062128,0.09246023727633626
pan_fla,pit_cha,z_within,LT,23,0.10253752186388969,0.6415306264496046,0.04652144770964364
pan_fla,pit_spp,z_within,CZ,23,0.22204733364718843,0.3085353048153575,0.32149160294118895
pan_fla,pit_spp,z_within,DE,23,-0.016712735533669153,0.9396683786635769,-0.18848805485007866
pan_fla,pol_pol,z_within,CZ,23,0.14833555154527162,0.4993756207954123,0.22498852128662877
pan_fla,pol_pol,z_within,LT,23,0.10570974410942036,0.6311966560883062,0.023330332161614363
pan_fla,pri_abi,z_within,CZ,23,-0.13297270228009586,0.5452803688318346,-0.16427391877398576
pan_fla,pri_abi,z_within,DE,115,0.3064513617206068,8.655194617663269e-4,0.28197242228367053
pan_fla,sap_car,z_within,DE,23,-0.16148790635021953,0.46165031541193047,-0.16427391877398576
pan_fla,sco_int,z_within,CZ,23,0.35316595579083554,0.09832346620668644,0.3613128223912833
pan_fla,sco_int,z_within,DE,92,-0.14698650254183668,0.16206035921876927,-0.09744173274687173
pan_fla,sco_rat,z_within,CZ,23,0.1269783234307444,0.5637017252909222,0.1825847707662661
pan_fla,sco_rat,z_within,DE,69,-0.23731192692617162,0.049600403633446366,-0.343079783539963
pan_fla,sco_rat,z_within,LT,23,0.004728522777872382,0.9829165247920131,0.0652320729621517
pan_fla,sco_sco,z_within,DE,69,0.06943855586951736,0.5707498346270411,0.012557454895554956
pan_fla,sco_sco,z_within,LT,23,-0.08014756121741497,0.7162129888957478,-0.08233397804228353
pan_fla,tet_gab,z_within,CZ,23,-0.06314693216676635,0.7746949250761859,-0.065727164134656485
pan_fla,tet_gab,z_within,DE,92,0.1497605214187484,0.1541971738923138,0.17402615905974247
pan_fla,tet_spp,z_within,DE,92,0.44632066952455196,8.226474068286887e-6,0.6221872200673764
pan_fla,tha_pit,z_within,DE,23,-0.47239412810897125,0.02283824857609897,-0.43208990062862507
pan_fla,tha_pro,z_within,DE,115,-0.026133601559517453,0.7815977834467698,-0.08776058261307715
pan_fla,tom_spp,z_within,CZ,23,0.3518928768944758,0.09962729910976083,0.32141217326661253
pan_fla,tom_spp,z_within,DE,138,0.2891059054224533,5.837060389326994e-4,0.2128458425763514
pan_fla,tom_spp,z_within,LT,23,0.04288067003612662,0.8459652274549085,-0.18400564218114515
pan_fla,tom_spp,z_within,PL,240,0.1461998581154959,0.023495565001596462,0.18506795113701857
pan_fla,tor_vir,z_within,DE,138,0.08115784434750813,0.34400633590837093,0.11156574876405721
pan_fla,tor_vir,z_within,LT,23,0.07249180215342617,0.7423797351744634,0.14995765765012173
pan_fla,tor_vir,z_within,PL,300,0.16614780116695585,0.0039037687576537823,0.17192807620082384
pan_fla,uro_sir_spp,z_within,DE,23,-0.09349088024409397,0.6713513301129916,-0.11129646084817225
pan_fla,xyl_lin,z_within,DE,115,0.40239394906106984,8.272597164929634e-6,0.2822827567224406
pan_fla,xyl_spp,z_within,DE,138,0.26045022010175806,0.002034187125171594,0.23114891345722455
pan_fla,zei_gri,z_within,CZ,23,0.6101054521376807,0.0019927464727074145,0.35709965176449365
pan_fla,zei_gri,z_within,DE,23,-0.031112637108863035,0.8879302759875796,0.059608380453776706
pha_cya,pis_pin,z_within,DE,161,0.3895053694308542,3.2747095023288193e-7,0.39347753364829524
pha_cya,pis_pin,z_within,LT,23,0.32494631019915204,0.13030934123423277,0.5313204496226995
pha_cya,pit_bid,z_within,DE,115,0.6044388237191045,8.513040914465994e-13,0.549219902850277
pha_cya,pit_cha,z_within,AT,147,0.2315296591427105,0.0047780480757046075,0.23931007672451649
pha_cya,pit_cha,z_within,DE,253,0.413154108865828,7.51863051249229e-12,0.48716642356615597
pha_cya,pit_cha,z_within,LT,23,0.40148238448430595,0.05758474223821438,0.6160499858367422
pha_cya,pit_spp,z_within,AT,126,0.14678251207340892,0.10098331915440166,0.15738606659710344
pha_cya,pit_spp,z_within,CZ,184,0.430673690943094,1.0457121115473482e-9,0.40808875768831804
pha_cya,pit_spp,z_within,DE,92,0.05687830670913615,0.5902080190535454,0.2114573382615252
pha_cya,pol_pol,z_within,CZ,184,0.09794083500613875,0.1859475889558104,0.03294413589927464
pha_cya,pol_pol,z_within,LT,23,0.44182324249768684,0.034793266704530076,0.5998528440243223
pha_cya,pri_abi,z_within,CZ,161,-0.26876376069268126,5.662003837645259e-4,-0.2622611901479389
pha_cya,pri_abi,z_within,DE,184,-0.0358594834316719,0.6289095006624053,0.019544986927910582
pha_cya,sap_car,z_within,DE,23,0.4897466971970208,0.017688346248105623,0.32141217326661253
pha_cya,sco_int,z_within,CZ,184,0.3198255907900408,9.619266082305424e-6,0.22134579070518604
pha_cya,sco_int,z_within,DE,184,0.1722059658395673,0.019413911383345965,0.103587577464961
pha_cya,sco_rat,z_within,CZ,184,0.3109524974718457,1.737416895263461e-5,0.2751717568518716
pha_cya,sco_rat,z_within,DE,69,0.4711901049885443,4.382192576181588e-5,0.22817405144468836
pha_cya,sco_rat,z_within,LT,23,0.2896718071785416,0.1800172710644479,0.2137618277283186
pha_cya,sco_sco,z_within,DE,115,0.06233686425339475,0.5080803620953205,0.14738947795801968
pha_cya,sco_sco,z_within,LT,23,-0.0928464045590703,0.6734948030249043,-0.09726832530780989
pha_cya,tet_gab,z_within,AT,105,0.005701616197759895,0.953967458859286,0.02249718471797719
pha_cya,tet_gab,z_within,CZ,46,-0.30538490778327454,0.039035839653179666,-0.03447159979424972
pha_cya,tet_gab,z_within,DE,207,0.3157295407397057,3.5843082926945477e-6,0.2701430387537724
pha_cya,tet_spp,z_within,DE,184,0.145875328322962,0.04817215964202162,0.1789510242770431
pha_cya,tha_pit,z_within,DE,23,0.38795166376655693,0.06737028834455824,-0.027765072267072408
pha_cya,tha_pro,z_within,DE,230,0.12957864961418486,0.04967719248246004,0.15182177423172802
pha_cya,tom_spp,z_within,AT,147,0.29519366058529656,2.837425809416678e-4,0.2982781700595618
pha_cya,tom_spp,z_within,CZ,184,0.5175402892397701,5.36845950367903e-14,0.5144490391505244
pha_cya,tom_spp,z_within,DE,253,0.32312270018047806,1.4738825675864088e-7,0.2905879149813678
pha_cya,tom_spp,z_within,LT,23,0.389796550048202,0.06596620540175722,0.49436862723306846
pha_cya,tom_spp,z_within,PL,280,0.09147871361425336,0.12673924299517714,0.11139003699321053
pha_cya,tor_vir,z_within,DE,230,0.035295140878450475,0.5943611421645463,0.09313534661450303
pha_cya,tor_vir,z_within,LT,23,0.3489019565507059,0.10274066322203015,0.350498116144858
pha_cya,tor_vir,z_within,PL,340,-0.014999429742494486,0.782876222194911,0.00672565165792327
pha_cya,uro_sir_spp,z_within,DE,92,0.21537837496359108,0.03922139553927915,0.10825259943851495
pha_cya,xyl_lin,z_within,DE,230,0.026680925184946237,0.6873136558681736,0.03893680026543513
pha_cya,xyl_spp,z_within,DE,253,0.2864029749936338,3.650988188915566e-6,0.2673009014936288
pha_cya,zei_gri,z_within,CZ,161,-1.6525339085598863e-4,0.9983400085756502,-0.0029991084774722452
pha_cya,zei_gri,z_within,DE,23,-0.31477949687454415,0.1434856468189958,-0.4159673036878748
pis_pin,pit_bid,z_within,DE,115,0.4183824476545878,3.2728224114841428e-6,0.4398401841094375
pis_pin,pit_cha,z_within,DE,161,0.39920152776561846,1.5579714647663187e-7,0.49045562805217235
pis_pin,pit_cha,z_within,LT,23,0.6579974846375166,6.430647021638037e-4,0.7119492257736083
pis_pin,pit_spp,z_within,DE,23,0.16778578762789031,0.444123860926249,0.29502234896936597
pis_pin,pol_pol,z_within,LT,23,0.5437025759288647,0.007327091214696604,0.658882779443589
pis_pin,pri_abi,z_within,DE,138,0.17203170432508988,0.043632877734163515,0.07852639525344927
pis_pin,sap_car,z_within,DE,23,0.08203379930183087,0.7098118491481702,0.03218896365255206
pis_pin,sco_int,z_within,DE,115,0.22537551920105753,0.01544707737428904,0.12372531822519729
pis_pin,sco_rat,z_within,DE,69,0.3388875108765492,0.0043940890271903605,0.2537194458204179
pis_pin,sco_rat,z_within,LT,23,0.43729694051477325,0.03692072431847406,0.6439320846060563
pis_pin,sco_sco,z_within,DE,92,0.32260488423421046,0.0017108547617085395,0.42975744571304825
pis_pin,sco_sco,z_within,LT,23,0.009956881286391975,0.9640359589910907,-0.19303814745442743
pis_pin,tet_gab,z_within,DE,138,0.44438769006133133,4.760151568320984e-8,0.39270529164357865
pis_pin,tet_spp,z_within,DE,92,0.32143307968465457,0.0017824298529390493,0.49163383207667977
pis_pin,tha_pit,z_within,DE,23,-0.15133556560130884,0.4906394679459021,-0.09892632278194816
pis_pin,tha_pro,z_within,DE,138,0.1018585202072589,0.2345272590845006,0.1784297803569859
pis_pin,tom_spp,z_within,DE,161,0.4223572562459879,2.395168247718341e-8,0.40975903419410953
pis_pin,tom_spp,z_within,LT,23,0.8402318293504166,5.266338666451799e-7,0.9363891117929627
pis_pin,tor_vir,z_within,DE,161,0.11583303306808435,0.14340326497948389,0.02470859973320351
pis_pin,tor_vir,z_within,LT,23,0.3581448844597397,0.09334526038178194,0.45766915944600484
pis_pin,uro_sir_spp,z_within,DE,46,-0.006111886103271918,0.9678440954513099,0.3493714209365663
pis_pin,xyl_lin,z_within,DE,138,0.21742164189690152,0.010418702082042616,0.3566231350017579
pis_pin,xyl_spp,z_within,DE,161,0.3833883761546389,5.16950498758205e-7,0.3611047541731147
pis_pin,zei_gri,z_within,DE,23,0.04548936441277936,0.8367131408766496,-0.09250165611878433
pit_bid,pit_cha,z_within,DE,115,0.4343617702834948,1.2338971869095532e-6,0.4303143070003907
pit_bid,pit_spp,z_within,DE,23,0.18027932399395025,0.41042229533895735,0.32141217326661253
pit_bid,pri_abi,z_within,DE,115,0.05320308063758207,0.5722731334687392,0.050842966560144705
pit_bid,sap_car,z_within,DE,23,0.2762426839708649,0.20197842686290604,0.2907833999788559
pit_bid,sco_int,z_within,DE,115,0.22852493148438127,0.014030433648345554,0.17151252120185073
pit_bid,sco_rat,z_within,DE,69,0.4613483122109086,6.614471990853759e-5,0.4241164947977931
pit_bid,sco_sco,z_within,DE,92,0.2080301339631069,0.04660192222134656,0.34041719952097804
pit_bid,tet_gab,z_within,DE,92,0.2958822072737022,0.004188390550429195,0.2410006975738426
pit_bid,tet_spp,z_within,DE,69,-0.006668287204101228,0.9566327234991986,0.014940799817817743
pit_bid,tha_pit,z_within,DE,23,0.20749572935287808,0.34210441878499165,0.20825333720544723
pit_bid,tha_pro,z_within,DE,92,-0.01783327705465471,0.86601258931208,0.05976748427604704
pit_bid,tom_spp,z_within,DE,115,0.3980823426219632,1.0537598198251782e-5,0.32874646627634707
pit_bid,tor_vir,z_within,DE,115,0.29529278227271977,0.0013561379407286249,0.24066524160170769
pit_bid,uro_sir_spp,z_within,DE,46,0.11832848278078659,0.4335015544868528,0.29243495305221456
pit_bid,xyl_lin,z_within,DE,115,0.1729300942397273,0.06457924197194273,0.26946885668475284
pit_bid,xyl_spp,z_within,DE,115,0.2921792341093277,0.0015323674394759977,0.40085361557021076
pit_bid,zei_gri,z_within,DE,23,-0.3778711320327924,0.07544805716815678,-0.41615853131700087
pit_cha,pit_spp,z_within,AT,147,0.43005095680724986,5.44388520858357e-8,0.4251369444082056
pit_cha,pit_spp,z_within,DE,92,0.14355210491997336,0.17220289359156354,0.2866602333514968
pit_cha,pit_spp,z_within,SI,23,0.2757590714398624,0.20280156872194166,0.38888080648531975
pit_cha,pol_pol,z_within,LT,23,0.6183597328246233,0.0016610956737812207,0.7674337048810539
pit_cha,pri_abi,z_within,DE,184,-0.010128895184766005,0.8914559070437477,-0.038561006974013115
pit_cha,sap_car,z_within,DE,23,0.16067892468251915,0.46392725210702257,0.19294265491954393
pit_cha,sco_int,z_within,DE,184,0.13824810076219993,0.061275047458105456,0.1400681904374365
pit_cha,sco_rat,z_within,DE,69,0.31049173860189994,0.009416898050619467,0.2728515549140382
pit_cha,sco_rat,z_within,LT,23,0.3707334621929058,0.08159584542934042,0.4333713155526134
pit_cha,sco_sco,z_within,DE,115,0.0684667210524099,0.4671912339290841,0.10940070846902837
pit_cha,sco_sco,z_within,LT,23,0.022283548208416694,0.9196134740172706,-0.12888365201597102
pit_cha,tet_gab,z_within,AT,126,0.15255453540735367,0.08812898202645791,0.12239363863604298
pit_cha,tet_gab,z_within,DE,207,0.24694829884974845,3.3428599486841224e-4,0.2847124580479183
pit_cha,tet_spp,z_within,DE,184,0.14433685344952601,0.050608327250304,0.251846553195572
pit_cha,tha_pit,z_within,DE,23,0.415623705184031,0.04856663228718697,0.48265665630669563
pit_cha,tha_pro,z_within,DE,230,-0.03795836670418357,0.5668227008766608,0.020954124468854442
pit_cha,tom_spp,z_within,AT,168,0.34971281310599217,3.3757674440729245e-6,0.3614252217061333
pit_cha,tom_spp,z_within,DE,253,0.28376239805972775,4.523001934264268e-6,0.3242204723570847
pit_cha,tom_spp,z_within,LT,23,0.8321044573164398,8.537371767504471e-7,0.7217543508030081
pit_cha,tor_vir,z_within,DE,230,0.07927256708370736,0.23108706583465885,0.05204111663460608
pit_cha,tor_vir,z_within,LT,23,0.5066631652305564,0.01361715338876193,0.6432588447576458
pit_cha,uro_sir_spp,z_within,DE,92,0.17764580846896885,0.09024156450962456,0.08922364313296108
pit_cha,xyl_lin,z_within,DE,230,0.11529754035762718,0.08100742439941269,0.14352813767188188
pit_cha,xyl_spp,z_within,DE,253,0.22615246625169083,2.8733586780700985e-4,0.24714806299954334
pit_cha,zei_gri,z_within,DE,23,-0.08515120707103326,0.6992742645483605,-0.01198402022591538
pit_spp,pol_pol,z_within,CZ,184,0.130965943995909,0.07638753238865066,0.10299244369966642
pit_spp,pri_abi,z_within,CZ,161,-0.4581187404909346,9.928110005370564e-10,-0.46351023555161575
pit_spp,pri_abi,z_within,DE,69,-0.22874839071364372,0.05868254700286724,-0.5695192179032219
pit_spp,sco_int,z_within,CZ,184,0.25543897149226213,4.660119749530293e-4,0.28304990582332074
pit_spp,sco_int,z_within,DE,69,0.06835793158741611,0.5767736247347863,-0.032657318251129566
pit_spp,sco_rat,z_within,CZ,184,0.4080050912537393,8.983576856406341e-9,0.368698025981207
pit_spp,sco_sco,z_within,DE,23,-0.24660806558417117,0.25664126884172,-0.4203058122303296
pit_spp,tet_gab,z_within,AT,105,0.19442300400724202,0.04687781263213317,0.08936221125183016
pit_spp,tet_gab,z_within,CZ,46,-0.3171026983392907,0.03177222004923334,-0.18756631922245012
pit_spp,tet_gab,z_within,DE,69,0.2141055710114086,0.07730342428574209,0.0820244451050649
pit_spp,tet_spp,z_within,DE,92,0.1830318375862749,0.08074819354395929,0.07067491011425045
pit_spp,tha_pit,z_within,HR,23,0.0395373576969938,0.8578514096682792,0.3557312252964427
pit_spp,tha_pro,z_within,DE,92,0.16531744195920015,0.11529203896665044,0.295141805507533
pit_spp,tom_spp,z_within,AT,126,0.3486634832071606,6.306694240808985e-5,0.36951679887734085
pit_spp,tom_spp,z_within,CZ,184,0.6646158080773606,8.1236987965417315e-25,0.6006760144014152
pit_spp,tom_spp,z_within,DE,92,-0.26483608335937786,0.010734825833421642,-0.29369016638079287
pit_spp,tor_vir,z_within,DE,69,-0.09425909217331976,0.4410696015116552,-0.05703325592738983
pit_spp,uro_sir_spp,z_within,DE,46,0.18953046743086874,0.20710974745383698,0.22366911421314328
pit_spp,xyl_lin,z_within,DE,92,0.24674766441230933,0.01773288154218839,0.22327137567638936
pit_spp,xyl_spp,z_within,DE,92,0.24118365152927246,0.02055692991452335,0.27609777933962715
pit_spp,zei_gri,z_within,CZ,161,-0.020617565990020396,0.7951748244951686,0.0440481995390208
pol_pol,pri_abi,z_within,CZ,161,-0.037121419679986355,0.6401356820805636,-0.04598228699562621
pol_pol,sco_int,z_within,CZ,184,0.17847978028893166,0.015349997025229078,0.12043646302490786
pol_pol,sco_rat,z_within,CZ,184,0.19063586439589883,0.009539086106571218,0.11315893669322614
pol_pol,sco_rat,z_within,LT,23,0.35835401533166084,0.09314034024372683,0.28774668412811577
pol_pol,sco_sco,z_within,LT,23,0.1292409422107587,0.5567159136954148,0.226221344330375
pol_pol,tet_gab,z_within,CZ,46,-0.2513555305339332,0.09198224182354688,-0.1180624421278793
pol_pol,tom_spp,z_within,CZ,184,0.04355937263856415,0.5571229822670374,0.06263039016613552
pol_pol,tom_spp,z_within,LT,23,0.8125419253906503,2.4778102904792594e-6,0.7538692901572924
pol_pol,tor_vir,z_within,LT,23,0.3738754014462137,0.07884490221442515,0.4323213596802483
pol_pol,zei_gri,z_within,CZ,161,-0.1448021470525006,0.06684894117345998,-0.13346626282970506
pri_abi,sap_car,z_within,DE,23,-0.06689979691855438,0.7616704905578371,-0.08233397804228353
pri_abi,sco_int,z_within,CZ,161,-0.19994368795542222,0.010991634424463296,-0.2242950270133122
pri_abi,sco_int,z_within,DE,138,-0.11843438949358817,0.16650903254151525,-0.16505832825437958
pri_abi,sco_rat,z_within,CZ,161,-0.31646036087958396,4.318264588694464e-5,-0.3510044185986922
pri_abi,sco_rat,z_within,DE,69,-0.001572669590870403,0.9897674735910496,-0.21337400398100165
pri_abi,sco_sco,z_within,DE,92,0.2963606629380736,0.0041247094413613,-0.05235807025958212
pri_abi,tet_gab,z_within,CZ,46,0.4553034152158222,0.0014758833522805928,0.29325482452638507
pri_abi,tet_gab,z_within,DE,138,0.1538578081837643,0.07158890592277452,-0.04468324583544102
pri_abi,tet_spp,z_within,DE,115,0.04941210102977778,0.5999880984231055,-0.0669282234594458
pri_abi,tha_pit,z_within,DE,23,-0.2726532185868306,0.20814188601591965,-0.34604514751977866
pri_abi,tha_pro,z_within,DE,161,-0.05983429407536036,0.45086586581796495,-0.09975027435919348
pri_abi,tom_spp,z_within,CZ,161,-0.3641340692854234,2.050416326472742e-6,-0.3742295118034163
pri_abi,tom_spp,z_within,DE,184,0.2166102461982178,0.0031432886663651806,0.16965451500122875
pri_abi,tor_vir,z_within,DE,161,0.09161002773430094,0.247772865424073,0.02626354586561898
pri_abi,uro_sir_spp,z_within,DE,69,0.0416870208408851,0.7337810798639464,0.1486629231718887
pri_abi,xyl_lin,z_within,DE,184,0.15406291978712452,0.036793125931403256,0.04983959645910258
pri_abi,xyl_spp,z_within,DE,184,0.1359588825238368,0.06573563172296361,0.08585815654917761
pri_abi,zei_gri,z_within,CZ,138,-0.2446020681405268,0.0038360131414166003,-0.2769063638256486
pri_abi,zei_gri,z_within,DE,23,0.2572272291191479,0.23606023392515182,0.31736717601643494
sap_car,sco_int,z_within,DE,23,0.19236201758772603,0.37921535728199396,0.2573841966059033
sap_car,sco_rat,z_within,DE,23,0.2536007562385222,0.2429631764444944,0.3217302457573791
sap_car,sco_sco,z_within,DE,23,-0.2247083218876505,0.3026231897856664,-0.2182860927312738
sap_car,tet_gab,z_within,DE,23,0.3376767787549809,0.11506607845024812,0.35501310292648797
sap_car,tet_spp,z_within,DE,23,-0.07479526688260059,0.7344761386079925,-0.08239336065226961
sap_car,tha_pit,z_within,DE,23,0.30712838660682645,0.1540067972314415,0.29524817362119027
sap_car,tha_pro,z_within,DE,23,-0.24827081762145595,0.2533448843000021,-0.23197017141823967
sap_car,tom_spp,z_within,DE,23,0.07976752604516332,0.7175049322418137,0.09642365197998375
sap_car,tor_vir,z_within,DE,23,-0.21548151620876924,0.3234232560187733,-0.20426810464901224
sap_car,xyl_lin,z_within,DE,23,-0.2883484644918905,0.18210508463014444,-0.25719328235295114
sap_car,xyl_spp,z_within,DE,23,-0.15711827670663825,0.4740174356062621,-0.2892709559399512
sco_int,sco_rat,z_within,CZ,184,0.4484670968993631,1.7232230753722956e-10,0.42520441627994626
sco_int,sco_rat,z_within,DE,69,0.40170089090857825,6.236050888201108e-4,0.532858011375233
sco_int,sco_sco,z_within,DE,115,0.05727300257621063,0.5432044903364684,0.0655011381059553
sco_int,tet_gab,z_within,CZ,46,-0.2850565215789142,0.05483396094314924,-0.21208710749405313
sco_int,tet_gab,z_within,DE,161,0.26338173449582347,7.362691928850558e-4,0.13957615504873408
sco_int,tet_spp,z_within,DE,138,-0.1633641873350131,0.05555361930148232,-0.1874639262984985
sco_int,tha_pit,z_within,DE,23,0.08789146246312574,0.6900555876027956,0.1330835511861911
sco_int,tha_pro,z_within,DE,161,0.127151222308722,0.10798245880181849,0.12207522247644462
sco_int,tom_spp,z_within,CZ,184,0.19472179060785824,0.008079306119311744,0.17785983098991584
sco_int,tom_spp,z_within,DE,184,0.10795734330445404,0.1446499902284389,0.07161334723162001
sco_int,tor_vir,z_within,DE,161,0.03106633550703826,0.6956415659201814,-0.005560122141530706
sco_int,uro_sir_spp,z_within,DE,92,0.12056864515565222,0.25228207308988454,0.1574355746159665
sco_int,xyl_lin,z_within,DE,184,-0.007317605651569363,0.9214672186289761,-0.0349785556911053
sco_int,xyl_spp,z_within,DE,184,0.13494794262307708,0.06778824577863712,0.08838544739368938
sco_int,zei_gri,z_within,CZ,161,0.007868975402080059,0.9210829694091455,0.013233146559450279
sco_int,zei_gri,z_within,DE,23,-0.09529260254344465,0.6653721228438098,-0.09806261751630485
sco_rat,sco_sco,z_within,DE,69,0.10729926855536324,0.3801885365272809,0.12266858048398953
sco_rat,sco_sco,z_within,LT,23,-0.13542143273249166,0.5378357415194326,-0.1380498647283479
sco_rat,tet_gab,z_within,CZ,46,-0.16733625920908335,0.2663292350220005,0.19636751727307775
sco_rat,tet_gab,z_within,DE,69,0.20774906976781335,0.086729079456425065,0.18872348346679066
sco_rat,tet_spp,z_within,DE,46,-0.31027070725386074,0.035857081023246855,-0.026029449998560543
sco_rat,tha_pit,z_within,DE,23,0.3376629381122109,0.1150819113558478,0.3949748768136355
sco_rat,tha_pro,z_within,DE,46,0.2139351897881134,0.15339653974452577,0.15758285143340167
sco_rat,tom_spp,z_within,CZ,184,0.42796240327516444,1.3639682705292088e-9,0.356429716211358
sco_rat,tom_spp,z_within,DE,69,0.1500819670009449,0.2183659451241414,0.02263803079133827
sco_rat,tom_spp,z_within,LT,23,0.5010652255230372,0.014869331434441883,0.6391856189815162
sco_rat,tor_vir,z_within,DE,69,0.2966054956811503,0.013333177244520917,0.20091722322934982
sco_rat,tor_vir,z_within,LT,23,0.30832838560629805,0.15232177162176447,0.31986728678451104
sco_rat,uro_sir_spp,z_within,DE,23,0.3039489097315388,0.15853472268313018,0.32846620217389394
sco_rat,xyl_lin,z_within,DE,69,0.1887369291439691,0.12039447121297932,0.11669876878667616
sco_rat,xyl_spp,z_within,DE,69,0.24421893598324806,0.043144570931233896,0.27828167941438164
sco_rat,zei_gri,z_within,CZ,161,0.007184748527576616,0.9279255998826124,-0.006484339506547382
sco_rat,zei_gri,z_within,DE,23,-0.17919774174202865,0.41328286528397806,-0.19848431063064242
sco_sco,tet_gab,z_within,DE,115,0.3095899257253502,7.603821897279333e-4,0.24493970027423229
sco_sco,tet_spp,z_within,DE,92,-0.00807703286241614,0.9390896041551731,0.08857332249269292
sco_sco,tha_pit,z_within,DE,23,-0.10807205026320002,0.6235441310604128,-0.10683526511001214
sco_sco,tha_pro,z_within,DE,92,0.41222709841054606,4.446054407307136e-5,0.4935467277731396
sco_sco,tom_spp,z_within,DE,115,0.24374738984480146,0.008663314556207934,0.2235859612054752
sco_sco,tom_spp,z_within,LT,23,0.04446577250960447,0.8403410225348467,-0.0323012044641508
sco_sco,tor_vir,z_within,DE,115,0.18959964121525458,0.04241092363905733,0.3399426723116268
sco_sco,tor_vir,z_within,LT,23,-0.2488243755582519,0.2522535517763616,-0.246222634529102
sco_sco,uro_sir_spp,z_within,DE,69,-0.07954659008666243,0.5158711788573834,-0.6343642442105921
sco_sco,xyl_lin,z_within,DE,115,0.20069455823759416,0.03150541982849139,0.27589686575403405
sco_sco,xyl_spp,z_within,DE,115,0.14706445812982097,0.11678720198445312,0.2414871110807282
sco_sco,zei_gri,z_within,DE,23,0.14029028071059302,0.5231755421268989,0.13137041267124122
tet_gab,tet_spp,z_within,DE,161,0.3150905519496324,4.679321133828913e-5,0.35881667112170507
tet_gab,tha_pit,z_within,DE,23,-0.2561056600274978,0.23818124677406105,-0.27512444135096914
tet_gab,tha_pro,z_within,DE,184,0.1037199841903357,0.16117812038346055,0.06651568561083049
tet_gab,tom_spp,z_within,AT,105,-0.0014714633133510316,0.9881139326298984,-0.025345365673840135
tet_gab,tom_spp,z_within,CZ,46,-0.16594359500699238,0.27038624129057304,-0.057907760227610655
tet_gab,tom_spp,z_within,DE,207,0.2417289760902326,4.497990719635319e-4,0.19387385014164352
tet_gab,tor_vir,z_within,DE,184,0.17243209484278207,0.019252651304798266,0.18510081591691072
tet_gab,uro_sir_spp,z_within,DE,92,0.2801228012842594,0.006841148776795666,0.06359566308252895
tet_gab,xyl_lin,z_within,DE,184,0.16409591346371794,0.026024461722194227,0.14767071839612428
tet_gab,xyl_spp,z_within,DE,207,0.2255819374076223,0.001082592487082457,0.05422263230429523
tet_gab,zei_gri,z_within,CZ,46,-0.1718425842264279,0.2534800119752581,-0.18376302745494563
tet_gab,zei_gri,z_within,DE,23,-0.18621033320131222,0.39493103377922445,-0.17600506451299358
tet_spp,tha_pit,z_within,DE,23,-0.19185599655687058,0.38049445289229,-0.19573180353949807
tet_spp,tha_pro,z_within,DE,161,0.12307832134195376,0.11984125813225621,0.1484571085673506
tet_spp,tom_spp,z_within,DE,184,0.17514842267223155,0.01740445943022623,0.19487686280901548
tet_spp,tor_vir,z_within,DE,161,0.01577170983108481,0.8425963039724492,0.05125224922792208
tet_spp,uro_sir_spp,z_within,DE,92,0.2422829636267983,0.019970253692384185,0.1164198589178319
tet_spp,xyl_lin,z_within,DE,161,0.08659942607938206,0.27469460413886204,0.11373354306520092
tet_spp,xyl_spp,z_within,DE,184,0.016823916076906423,0.8206791647623467,-0.009513509506674055
tet_spp,zei_gri,z_within,DE,23,-0.09766853508096923,0.657517432053448,-0.09737854440867527
tha_pit,tha_pro,z_within,DE,23,0.1005071363815457,0.6481789851899,0.1750630000157196
tha_pit,tom_spp,z_within,DE,23,0.42526525436470464,0.043076729746003885,0.414874252913755
tha_pit,tor_vir,z_within,BG,18,0.3664215520407706,0.13476361354261676,0.22319081253564724
tha_pit,tor_vir,z_within,DE,23,-0.7682396452909971,1.861855050640927e-5,-0.7652093159211624
tha_pit,xyl_lin,z_within,DE,23,-0.879837319677754,3.1750010093619157e-8,-0.8534528877863885
tha_pit,xyl_spp,z_within,DE,23,-0.6727864719718979,4.355701381320511e-4,-0.7352404713799752
tha_pro,tom_spp,z_within,DE,230,-0.05800026761847843,0.3812679610573284,0.0200190253871279
tha_pro,tor_vir,z_within,DE,207,0.1301890427870311,0.061523137706184436,0.12358259268570686
tha_pro,uro_sir_spp,z_within,DE,69,-0.06642399526161498,0.5876265828102918,0.006668705534591062
tha_pro,xyl_lin,z_within,DE,207,0.16507154086640408,0.017458185410890528,0.1782159907573825
tha_pro,xyl_spp,z_within,DE,230,0.14150837742776468,0.03193729418895089,0.14526116802926636
tom_spp,tor_vir,z_within,DE,230,0.08929920345576164,0.177141578311881,0.09999005760265113
tom_spp,tor_vir,z_within,LT,23,0.39848770192383653,0.05964989640990194,0.4295697457586851
tom_spp,tor_vir,z_within,PL,280,0.23521257763831835,7.063085079910817e-5,0.23865056113196553
tom_spp,uro_sir_spp,z_within,DE,92,0.1066226108023297,0.3117329704395727,-0.009888076394305277
tom_spp,xyl_lin,z_within,DE,230,0.10250653376240551,0.12109237711283961,0.17511121520815445
tom_spp,xyl_spp,z_within,DE,253,0.17196302226035315,0.006103824850681592,0.1384904979176545
tom_spp,zei_gri,z_within,CZ,161,-0.01946835665120693,0.8063602666190655,0.01118134258331697
tom_spp,zei_gri,z_within,DE,23,-0.3637306060810667,0.08798601800840115,-0.36757778649579936
tor_vir,uro_sir_spp,z_within,DE,69,-0.09114268012731687,0.4563871611443926,0.02801842159165289
tor_vir,xyl_lin,z_within,DE,207,0.27784579538565135,5.047912724659489e-5,0.4194405713787232
tor_vir,xyl_spp,z_within,DE,230,0.1305666336620319,0.04794821479262835,0.2874336475775679
tor_vir,zei_gri,z_within,DE,23,-0.0991223611896074,0.6527283295982163,-0.20248096768351462
uro_sir_spp,xyl_lin,z_within,DE,92,0.19568165715823388,0.06157193945367113,0.15071988545307086
uro_sir_spp,xyl_spp,z_within,DE,92,0.005503700160225675,0.9584743131743767,0.1740562544075196
uro_sir_spp,zei_gri,z_within,DE,23,-0.09766853508096923,0.657517432053448,-0.09737854440867527
xyl_lin,xyl_spp,z_within,DE,230,0.5789800273779526,5.5158086106242955e-22,0.6024995533541301
xyl_lin,zei_gri,z_within,DE,23,0.02333864118750081,0.9158201107231192,-0.20806797921716305
xyl_spp,zei_gri,z_within,DE,23,-0.15610350462591693,0.4769134106451396,-0.37506409579306615
CambXyl_con&BB_con&BO,CambXyl_con&BB_con&SM,detrended,DE,46,0.4324994402883146,0.002683719425198259,0.3951279679309281
CambXyl_con&BB_con&BO,CambXyl_con&BO,detrended,DE,46,0.0900847546568168,0.5515878254016087,-0.0012950971322849213
CambXyl_con&BB_con&BO,CambXyl_con&MD,detrended,DE,23,0.07506669583567184,0.7335465143662411,0.25790513833992096
CambXyl_con&BB_con&BO,Def_dec&DB,detrended,AT,126,0.10899592065604287,0.22440194672596725,0.13183652043494562
CambXyl_con&BB_con&BO,Def_dec&DB,detrended,DE,69,0.34321428317531844,0.003887845435590261,0.34778955060284994
CambXyl_con&BB_con&BO,agr_big,detrended,DE,69,-0.2822194318567882,0.01880168334732439,-0.2765071245889661
CambXyl_con&BB_con&BO,agr_vir,detrended,DE,69,0.023954506827360385,0.8451002327130234,0.05009134088417976
CambXyl_con&BB_con&BO,bup_pin,detrended,DE,23,0.4468793143816816,0.03253266267514927,0.4723320158102767
CambXyl_con&BB_con&BO,dip_sp,detrended,AT,105,-0.026243880156552647,0.7904345100206336,0.020174165457184322
CambXyl_con&BB_con&BO,dip_sp,detrended,DE,69,-0.3034187615608912,0.011264186681213576,-0.29981731823164054
CambXyl_con&BB_con&BO,era_def,detrended,DE,69,-0.33229844313780116,0.005277381466379056,-0.23843624406284256
CambXyl_con&BB_con&BO,geo_db,detrended,DE,46,0.23907277158810716,0.109565882132029,0.15497995683009558
CambXyl_con&BB_con&BO,geo_db,detrended,HR,23,0.28093236841007263,0.19411317409725204,0.21146245059288535
CambXyl_con&BB_con&BO,ips_acu,detrended,DE,69,-0.3247173879659772,0.006484506077418081,-0.20306905370843992
CambXyl_con&BB_con&BO,ips_cem,detrended,DE,69,-0.11681939597129577,0.33910997211602456,-0.16302521008403364
CambXyl_con&BB_con&BO,ips_sex,detrended,DE,46,-0.3512285572601773,0.01669330296254382,-0.20727721245760095
CambXyl_con&BB_con&BO,ips_typ,detrended,AT,168,0.2698496544277292,4.041002595965413e-4,0.243279290953174
CambXyl_con&BB_con&BO,ips_typ,detrended,DE,69,-0.05841646276169954,0.6335143441957128,-0.13832663500182685
CambXyl_con&BB_con&BO,ips_typ,detrended,HR,23,0.8620576857567039,1.2461207082680455e-7,0.7845849802371542
CambXyl_con&BB_con&BO,lym_dis,detrended,AT,126,0.2254242152828206,0.011151437510538598,0.16964979377577805
CambXyl_con&BB_con&BO,lym_dis,detrended,DE,69,0.0605857248607048,0.620936531446699,0.046145414687614184
CambXyl_con&BB_con&BO,lym_dis,detrended,HR,23,0.405588132002873,0.05484337840052129,0.41106719367588934
CambXyl_con&BB_con&BO,lym_mon,detrended,DE,23,0.7190773968935333,1.1051190953573288e-4,0.8824110671936759
CambXyl_con&BB_con&BO,mel_spp,detrended,DE,69,0.27457372426690674,0.02241936645143998,0.18045305078553162
CambXyl_con&BB_con&BO,ope_spp,detrended,DE,46,-0.2344936072868382,0.11674018996724425,-0.13253160653715693
CambXyl_con&BB_con&BO,pan_fla,detrended,DE,23,0.7207515151024029,1.046467635053493e-4,0.8201581027667985
CambXyl_con&BB_con&BO,pha_cya,detrended,AT,147,0.3652904801789969,5.381826199130276e-6,0.3722393066815768
CambXyl_con&BB_con&BO,pha_cya,detrended,DE,69,0.36778234730496856,0.0018774485608667505,0.31728169528681044
CambXyl_con&BB_con&BO,pis_pin,detrended,DE,46,0.25402640370699914,0.0884659085279524,0.23009559050262102
CambXyl_con&BB_con&BO,pit_bid,detrended,DE,23,-0.27035922492087233,0.21214636101549916,0.05830039525691699
CambXyl_con&BB_con&BO,pit_cha,detrended,AT,168,0.27808472587923566,2.625099810826069e-4,0.20484053026660123
CambXyl_con&BB_con&BO,pit_cha,detrended,DE,69,-0.10975479920379504,0.3693175049946008,-0.17723785166240413
CambXyl_con&BB_con&BO,pit_spp,detrended,AT,126,0.3595270281620857,3.55603334868444e-5,0.3107641544806899
CambXyl_con&BB_con&BO,pit_spp,detrended,DE,46,-0.06100646462286986,0.6871288935959181,-0.16854764107308046
CambXyl_con&BB_con&BO,pit_spp,detrended,HR,23,0.6161851768660707,0.0017435416706929152,0.6225296442687747
CambXyl_con&BB_con&BO,pri_abi,detrended,DE,23,0.060659528017434086,0.7833602604693571,0.09189723320158104
CambXyl_con&BB_con&BO,sco_int,detrended,DE,46,0.4283101156356824,0.0029822622495661766,0.2724020968239284
CambXyl_con&BB_con&BO,sco_sco,detrended,DE,23,0.28156455570165956,0.19306907268361,0.33794466403162055
CambXyl_con&BB_con&BO,tet_gab,detrended,AT,105,0.2150390792103174,0.02759770261952003,0.27394775036284463
CambXyl_con&BB_con&BO,tet_gab,detrended,DE,69,-0.06663570132506544,0.5864340305959161,-0.11344537815126053
CambXyl_con&BB_con&BO,tet_spp,detrended,DE,69,-0.08076696573967952,0.5094314250809961,-0.13511143587869934
CambXyl_con&BB_con&BO,tha_pit,detrended,HR,23,0.0015974755589222016,0.99422818772038,-0.0741106719367589
CambXyl_con&BB_con&BO,tha_pro,detrended,DE,69,0.18702934638164728,0.12384981609197583,0.2046035805626599
CambXyl_con&BB_con&BO,tom_spp,detrended,AT,168,0.4314729874725399,5.247698123196299e-9,0.3773315583541287
CambXyl_con&BB_con&BO,tom_spp,detrended,DE,69,0.32899851527349466,0.005776013492087001,0.4425283156740958
CambXyl_con&BB_con&BO,tor_vir,detrended,DE,69,-0.11841015462061841,0.33252812591786307,0.01687979539641944
CambXyl_con&BB_con&BO,uro_sir_spp,detrended,DE,23,0.16184892186130398,0.46063608081477647,0.25691699604743085
CambXyl_con&BB_con&BO,xyl_lin,detrended,DE,46,-0.3894148877793095,0.0074739239285181594,-0.3959913660191181
CambXyl_con&BB_con&BO,xyl_spp,detrended,DE,69,-0.1062028446733379,0.38510400539740997,-0.1472049689440994
CambXyl_con&BB_con&SM,CambXyl_con&BO,detrended,DE,46,0.20885748494188874,0.1636278279226871,0.20296022201665126
CambXyl_con&BB_con&SM,CambXyl_con&MD,detrended,CZ,184,0.107739597374939,0.14546664448729502,0.15877367032035597
CambXyl_con&BB_con&SM,CambXyl_con&MD,detrended,DE,23,0.7175122543911333,1.162523335090415e-4,0.6195652173913043
CambXyl_con&BB_con&SM,Def_dec&DB,detrended,CZ,184,0.2966606262983285,4.3302705324777445e-5,0.25667392267534817
CambXyl_con&BB_con&SM,Def_dec&DB,detrended,DE,46,0.4842332795286036,6.499982598123256e-4,0.4524822695035461
CambXyl_con&BB_con&SM,agr_big,detrended,DE,46,-0.4198345028569364,0.0036769461076522794,-0.3214924452667283
CambXyl_con&BB_con&SM,agr_vir,detrended,DE,46,0.2738426683442094,0.06554027239060213,0.20197348134443413
CambXyl_con&BB_con&SM,cep_spp,detrended,CZ,161,-0.048907762792337085,0.5378262725557202,-0.05868990108120543
CambXyl_con&BB_con&SM,den_mic,detrended,CZ,23,-0.14088878182804984,0.5213866606553872,-0.08300395256916997
CambXyl_con&BB_con&SM,dip_sp,detrended,DE,46,-0.2811208823961414,0.058418310190450046,-0.14659266111625038
CambXyl_con&BB_con&SM,era_def,detrended,DE,46,-0.23232443999688104,0.12026052761276826,-0.37711995066296633
CambXyl_con&BB_con&SM,geo_db,detrended,DE,46,0.09371719779773163,0.5355908855606655,0.2770891150169596
CambXyl_con&BB_con&SM,ips_acu,detrended,CZ,184,0.40864150583773245,8.475430234517591e-9,0.41715628672150407
CambXyl_con&BB_con&SM,ips_acu,detrended,DE,46,-0.03857637652824345,0.7990845888526328,-0.2825161887141535
CambXyl_con&BB_con&SM,ips_cem,detrended,DE,46,-0.5695659115834945,3.609211443453823e-5,-0.5942028985507246
CambXyl_con&BB_con&SM,ips_dup,detrended,CZ,184,0.6048690485061626,9.640195356250539e-20,0.5972337269557512
CambXyl_con&BB_con&SM,ips_sex,detrended,CZ,184,0.43224128269760614,8.958373131015094e-10,0.4607154552984916
CambXyl_con&BB_con&SM,ips_sex,detrended,DE,46,-0.2325705988852884,0.119857048161624,-0.3714461917977181
CambXyl_con&BB_con&SM,ips_typ,detrended,DE,46,-0.5810517260803555,2.295836326146741e-5,-0.6168979340117174
CambXyl_con&BB_con&SM,lym_dis,detrended,CZ,138,0.3231476846582464,1.1070726159578913e-4,0.3143709088584416
CambXyl_con&BB_con&SM,lym_dis,detrended,DE,46,0.04920560964173207,0.7453770398801471,-0.03583102065988282
CambXyl_con&BB_con&SM,lym_mon,detrended,CZ,138,0.19509437996087792,0.0218437478704429,0.1923313142567507
CambXyl_con&BB_con&SM,mel_spp,detrended,DE,46,0.2610418114220647,0.07972719303949105,0.2943570767807585
CambXyl_con&BB_con&SM,neo_ser,detrended,CZ,46,-0.0347533622133825,0.8186426501486308,9.250693802035151e-4
CambXyl_con&BB_con&SM,ope_spp,detrended,DE,46,-0.13234630443530346,0.3806066055606656,-0.3124884366327474
CambXyl_con&BB_con&SM,pan_fla,detrended,CZ,23,0.22958911888167344,0.2919619844521214,0.17786561264822134
CambXyl_con&BB_con&SM,pha_cya,detrended,CZ,184,0.3027739057680259,2.9471064924342056e-5,0.3330585039779623
CambXyl_con&BB_con&SM,pha_cya,detrended,DE,46,-0.03854264448531237,0.7992566454641641,-0.04014801110083256
CambXyl_con&BB_con&SM,pis_pin,detrended,DE,23,-0.2613741024372635,0.22832574073856648,-0.3922924901185771
CambXyl_con&BB_con&SM,pit_bid,detrended,DE,23,-0.17470111333829114,0.4252921273754191,-0.3932806324110672
CambXyl_con&BB_con&SM,pit_cha,detrended,DE,46,-0.6186127309855372,4.606827701038688e-6,-0.3751464693185322
CambXyl_con&BB_con&SM,pit_spp,detrended,CZ,184,0.35483686737876197,7.724003451641842e-7,0.37960547860761684
CambXyl_con&BB_con&SM,pit_spp,detrended,DE,46,-0.22257112044179847,0.1370868748538135,-0.22429848905334565
CambXyl_con&BB_con&SM,pol_pol,detrended,CZ,184,0.19761003793894782,0.007170665248895284,0.18198647685461652
CambXyl_con&BB_con&SM,pri_abi,detrended,CZ,161,0.1699954308386116,0.03109066763107831,0.18088336783988956
CambXyl_con&BB_con&SM,pri_abi,detrended,DE,23,-0.3302374066666911,0.1238070699808069,-0.42687747035573126
CambXyl_con&BB_con&SM,sco_int,detrended,CZ,184,-0.0019489200583561587,0.9790529079853902,0.0011172969120224999
CambXyl_con&BB_con&SM,sco_int,detrended,DE,46,0.6080615364191334,7.385512613101071e-6,0.5671908726487819
CambXyl_con&BB_con&SM,sco_rat,detrended,CZ,184,0.18572452440216614,0.011598793003343133,0.16552561114214712
CambXyl_con&BB_con&SM,sco_sco,detrended,DE,23,-0.2666257534796766,0.2187732474383428,-0.43379446640316205
CambXyl_con&BB_con&SM,tet_gab,detrended,CZ,46,0.04917056789386403,0.7455523036132591,0.11094665433240825
CambXyl_con&BB_con&SM,tet_gab,detrended,DE,46,-0.4365843702702824,0.0024183196618185647,-0.4490286771507863
CambXyl_con&BB_con&SM,tet_spp,detrended,DE,46,-0.1665704196177323,0.26855518862923733,-0.09922910884983038
CambXyl_con&BB_con&SM,tha_pro,detrended,DE,46,0.3979776809094174,0.006160944188264299,0.2617946345975948
CambXyl_con&BB_con&SM,tom_spp,detrended,CZ,184,0.40489382902852616,1.1921041598863626e-8,0.4218123326462599
CambXyl_con&BB_con&SM,tom_spp,detrended,DE,46,0.2590242358012294,0.08216789493733355,0.36453900709219855
CambXyl_con&BB_con&SM,tor_vir,detrended,DE,46,-0.19877725752540734,0.18539328702724234,-0.2730188097440641
CambXyl_con&BB_con&SM,uro_sir_spp,detrended,DE,23,-0.17293450430933113,0.4300613586545676,-0.3547430830039525
CambXyl_con&BB_con&SM,xyl_lin,detrended,DE,46,-0.5109721216558387,2.849195483772365e-4,-0.44027135368485965
CambXyl_con&BB_con&SM,xyl_spp,detrended,DE,46,-0.4266050904079757,0.003111902416314089,-0.41325932778291696
CambXyl_con&BB_con&SM,zei_gri,detrended,CZ,161,-0.1963509861174429,0.012547806168482481,-0.24282263630089715
CambXyl_con&BO,CambXyl_con&MD,detrended,DE,23,-0.009789148214551895,0.9646414364624789,-0.05928853754940711
CambXyl_con&BO,Def_dec&DB,detrended,DE,46,-0.047827281393003754,0.7522803529058326,-0.09330866481652789
CambXyl_con&BO,agr_big,detrended,DE,46,-0.035548781399221116,0.8145639780993473,0.02102991057662658
CambXyl_con&BO,agr_vir,detrended,DE,46,-0.2619621667823144,0.07863288755957702,-0.22984890533456673
CambXyl_con&BO,dip_sp,detrended,DE,46,-0.1936498775194734,0.19722491034811326,-0.1194572926302806
CambXyl_con&BO,era_def,detrended,DE,46,0.039384625911337366,0.7949647951171205,-0.0058587727412889295
CambXyl_con&BO,geo_db,detrended,DE,46,0.05429802145800339,0.7200464092095659,0.1299414122725871
CambXyl_con&BO,ips_acu,detrended,DE,46,-0.005802424807576244,0.9694714479553703,-0.06382978723404255
CambXyl_con&BO,ips_cem,detrended,DE,46,0.09691251027902371,0.521708228850331,0.1303114400246685
CambXyl_con&BO,ips_sex,detrended,DE,46,-0.004283820056435862,0.9774589333251811,-0.040024668516805424
CambXyl_con&BO,ips_typ,detrended,DE,46,0.05121939530352502,0.7353265835406635,-0.03509096515572001
CambXyl_con&BO,ips_typ,detrended,SI,23,0.28904748397190966,0.18100019173223864,0.3507905138339921
CambXyl_con&BO,lym_dis,detrended,DE,46,-0.3500622799839454,0.017083689388290555,-0.32469935245143383
CambXyl_con&BO,mel_spp,detrended,DE,46,-0.18592502549282092,0.21604179834874343,-0.12636447733580017
CambXyl_con&BO,ope_spp,detrended,DE,46,-0.04209942109232049,0.7811679567652065,-0.07604070305272895
CambXyl_con&BO,pha_cya,detrended,DE,46,-0.23266497831830613,0.1197026224062739,-0.23095898859081096
CambXyl_con&BO,pis_pin,detrended,DE,23,0.060169576981558774,0.7850700699284874,0.020750988142292492
CambXyl_con&BO,pit_bid,detrended,DE,23,0.0017935170172428635,0.9935198872406708,-0.07114624505928854
CambXyl_con&BO,pit_cha,detrended,DE,46,0.10368122724327158,0.4929027037743696,0.1369719395621338
CambXyl_con&BO,pit_cha,detrended,SI,23,0.6139050922256907,0.0018337002055737739,0.6541501976284585
CambXyl_con&BO,pit_spp,detrended,DE,46,0.11691947828470442,0.43903567119751863,0.025840271353684857
CambXyl_con&BO,pit_spp,detrended,SI,23,0.4529755194220998,0.029963606295881063,0.4061264822134388
CambXyl_con&BO,pri_abi,detrended,DE,23,-0.04599767933477317,0.8349127280158709,-0.037549407114624504
CambXyl_con&BO,sco_int,detrended,DE,46,0.2913391243358494,0.049480880508718204,0.30644465001541776
CambXyl_con&BO,sco_sco,detrended,DE,23,-0.20311922902399768,0.352607772755936,-0.2341897233201581
CambXyl_con&BO,tet_gab,detrended,DE,46,-0.016066683655657176,0.9156002767611096,0.08578476719087264
CambXyl_con&BO,tet_spp,detrended,DE,46,0.056859740633663496,0.707413301309193,0.06481652790625962
CambXyl_con&BO,tha_pro,detrended,DE,46,-0.3357211148410237,0.022551160264688473,-0.48048103607770576
CambXyl_con&BO,tom_spp,detrended,DE,46,0.1604651215082473,0.28674102659865186,0.14264569842738203
CambXyl_con&BO,tor_vir,detrended,DE,46,0.04093309771405209,0.7870874419281485,0.002898550724637681
CambXyl_con&BO,uro_sir_spp,detrended,DE,23,0.0481490785278932,0.8273016102755798,-0.03260869565217391
CambXyl_con&BO,xyl_lin,detrended,DE,46,-0.012379116684033983,0.9349236781982273,0.10058587727412889
CambXyl_con&BO,xyl_spp,detrended,DE,46,-0.11707932692966044,0.43840587405879383,-0.02312673450508788
CambXyl_con&MD,Def_dec&DB,detrended,CZ,184,0.15968220449899037,0.030373420767583946,0.20722390244842132
CambXyl_con&MD,Def_dec&DB,detrended,DE,23,0.2895719721735356,0.1801742018016135,0.3191699604743083
CambXyl_con&MD,agr_big,detrended,DE,23,-0.027476791965681552,0.9009601489619332,-0.03359683794466403
CambXyl_con&MD,agr_vir,detrended,DE,23,0.2813210894334938,0.19347072072994018,0.32411067193675885
CambXyl_con&MD,cep_spp,detrended,CZ,161,0.12812689054822163,0.10528305029791,0.13976305498044628
CambXyl_con&MD,den_mic,detrended,CZ,23,0.17770138783579542,0.4172583962910914,0.15118577075098813
CambXyl_con&MD,dip_sp,detrended,DE,23,-0.03806298799099082,0.8631027634623639,-0.0800395256916996
CambXyl_con&MD,era_def,detrended,DE,23,-0.24880238082390455,0.25229685611257435,-0.17391304347826086
CambXyl_con&MD,geo_db,detrended,DE,23,0.1469322317508042,0.5034882383027821,0.028656126482213436
CambXyl_con&MD,ips_acu,detrended,CZ,184,0.32237979004753164,8.085515352929107e-6,0.3872454778370672
CambXyl_con&MD,ips_acu,detrended,DE,23,-0.1844062558342597,0.3996080627276887,-0.023715415019762844
CambXyl_con&MD,ips_cem,detrended,DE,23,-0.7537919476723647,3.2768173681573045e-5,-0.6205533596837945
CambXyl_con&MD,ips_dup,detrended,CZ,184,0.0409325873911579,0.5811648121817674,0.08658665793377125
CambXyl_con&MD,ips_sex,detrended,CZ,184,0.19641468857655567,0.00753506539099992,0.24383849280499315
CambXyl_con&MD,ips_sex,detrended,DE,23,-0.30571803437077233,0.15600392025996948,-0.17391304347826086
CambXyl_con&MD,ips_typ,detrended,DE,23,-0.7425820601283959,4.953033372267999e-5,-0.6867588932806324
CambXyl_con&MD,lym_dis,detrended,CZ,138,-0.1090595677661847,0.20290871841246277,5.776400777188468e-4
CambXyl_con&MD,lym_dis,detrended,DE,23,-0.14578933903298802,0.5068498350283481,-0.1709486166007905
CambXyl_con&MD,lym_mon,detrended,CZ,138,0.1573267658337967,0.06535032878752406,0.21565153462758194
CambXyl_con&MD,mel_spp,detrended,DE,23,0.1281536554044073,0.560068017789211,0.049407114624505935
CambXyl_con&MD,neo_ser,detrended,CZ,46,0.027799598688102486,0.8544900537919297,0.18507554733271658
CambXyl_con&MD,ope_spp,detrended,DE,23,-0.0968393284785279,0.6602548125849268,-0.05632411067193676
CambXyl_con&MD,pan_fla,detrended,CZ,23,0.18750376020774315,0.39159681819701075,-0.12944664031620554
CambXyl_con&MD,pha_cya,detrended,CZ,184,0.21385522625585707,0.0035579872945231137,0.1919092292577681
CambXyl_con&MD,pha_cya,detrended,DE,23,-0.0663679747338287,0.7635124845344503,0.014822134387351778
CambXyl_con&MD,pis_pin,detrended,DE,23,-0.19356369236975876,0.37618765973846546,-0.11264822134387352
CambXyl_con&MD,pit_bid,detrended,DE,23,-0.1844062558342597,0.3996080627276887,-0.023715415019762844
CambXyl_con&MD,pit_cha,detrended,DE,23,-0.6777516004977578,3.803246430591246e-4,-0.5592885375494071
CambXyl_con&MD,pit_spp,detrended,CZ,184,0.17143190185690338,0.019974814290393276,0.24751016162277742
CambXyl_con&MD,pit_spp,detrended,DE,23,-0.07415003034247708,0.7366874719853241,-0.15118577075098813
CambXyl_con&MD,pol_pol,detrended,CZ,184,0.17503008230057132,0.017481641389049462,0.1802604457629404
CambXyl_con&MD,pri_abi,detrended,CZ,161,0.18232514504596245,0.020620668744117276,0.20892857142857144
CambXyl_con&MD,pri_abi,detrended,DE,23,-0.4193153258604849,0.04640380968962214,-0.23221343873517786
CambXyl_con&MD,sco_int,detrended,CZ,184,0.13504918386432213,0.06758035779208753,0.1681397006414825
CambXyl_con&MD,sco_int,detrended,DE,23,0.1447460576371739,0.5099279541961561,0.19861660079051385
CambXyl_con&MD,sco_rat,detrended,CZ,184,0.10263154049831576,0.16564365131491168,0.1859316907784477
CambXyl_con&MD,sco_sco,detrended,DE,23,-0.5762604163386225,0.004002610204718351,-0.11956521739130435
CambXyl_con&MD,tet_gab,detrended,CZ,46,-0.027706509828393112,0.854972078576568,0.09256860931236507
CambXyl_con&MD,tet_gab,detrended,DE,23,-0.776880530891963,1.3022014559381371e-5,-0.6867588932806324
CambXyl_con&MD,tet_spp,detrended,DE,23,-0.05276602096660084,0.8110194738718954,-0.20454545454545453
CambXyl_con&MD,tha_pro,detrended,DE,23,0.37241165280013333,0.08011766641725734,0.36462450592885376
CambXyl_con&MD,tom_spp,detrended,CZ,184,0.14001626599131992,0.05800253270176089,0.22112076438519773
CambXyl_con&MD,tom_spp,detrended,DE,23,-0.1941529086227143,0.374708156993936,-0.045454545454545456
CambXyl_con&MD,tor_vir,detrended,DE,23,-0.08001992525298487,0.7166468082409664,0.01383399209486166
CambXyl_con&MD,uro_sir_spp,detrended,DE,23,-0.11612617348265335,0.5977388908791477,0.014822134387351778
CambXyl_con&MD,xyl_lin,detrended,DE,23,-0.07197343247209347,0.7441618598336011,-0.21541501976284583
CambXyl_con&MD,xyl_spp,detrended,DE,23,0.058929749037894136,0.7894010447221671,-0.18873517786561264
CambXyl_con&MD,zei_gri,detrended,CZ,161,-0.0919060809804319,0.2462415293121553,-0.12387566137566136
Def_dec,Def_dec&DB,detrended,DE,46,0.036999973977945654,0.807135257203839,-0.06654332408263952
Def_dec,agr_big,detrended,DE,46,-0.11554470302373707,0.44447289795385125,0.037187789084181314
Def_dec,agr_vir,detrended,DE,23,-0.154289236368588,0.4821132794752401,0.4535573122529644
Def_dec,bup_pin,detrended,DE,46,0.049350911774361884,0.7446504370278366,-0.29966080789392535
Def_dec,den_pin,detrended,DE,23,-0.1384936470031666,0.5285630323481829,0.38241106719367585
Def_dec,dip_sp,detrended,DE,23,-0.1690412098465302,0.4406727494794297,0.09683794466403162
Def_dec,era_def,detrended,DE,23,-0.0153447165153103,0.9445991270698869,-0.6907114624505929
Def_dec,geo_db,detrended,DE,23,0.06784516852173951,0.758399239206907,0.08596837944664032
Def_dec,ips_acu,detrended,DE,23,-0.13569180085872762,0.5370166776820665,-0.12648221343873517
Def_dec,ips_cem,detrended,DE,46,-0.18658515068651318,0.21438671698713668,-0.13906876349059513
Def_dec,ips_sex,detrended,DE,46,-0.06295901353413011,0.6776514208954649,-0.1436324390995991
Def_dec,ips_typ,detrended,DE,46,0.1899421735568505,0.20610650626468724,-0.07715078630897317
Def_dec,lym_dis,detrended,DE,46,-0.08973208262121654,0.5531529437321693,-0.2003700277520814
Def_dec,lym_mon,detrended,DE,46,-0.013286851156771052,0.9301631499033511,-0.18704902867715079
Def_dec,mel_spp,detrended,DE,46,-0.1891669603768164,0.20799837725452114,-0.18112858464384826
Def_dec,neo_ser,detrended,DE,23,-0.11171095204493153,0.6118297009072462,-0.08300395256916997
Def_dec,ope_spp,detrended,DE,46,-0.025027719556996078,0.8688648744403923,-0.08775824853530681
Def_dec,pan_fla,detrended,DE,23,0.5243800681053281,0.010209360885384662,-0.17193675889328064
Def_dec,pha_cya,detrended,DE,46,0.13099063824690438,0.3855480270351751,5.550416281221092e-4
Def_dec,pis_pin,detrended,DE,23,-0.02597974770514174,0.9063325303906791,0.2618577075098814
Def_dec,pit_bid,detrended,DE,23,-0.08931855194415549,0.6852713443321472,-0.04051383399209486
Def_dec,pit_cha,detrended,DE,46,0.14442761357056164,0.3382487527175948,-0.08467468393462843
Def_dec,pit_spp,detrended,DE,23,-0.07609566708091918,0.7300256593884856,0.6788537549407114
Def_dec,pri_abi,detrended,DE,46,0.012077528811910323,0.9365058330008735,0.1491828553808202
Def_dec,sco_int,detrended,DE,46,-0.114734840686356,0.4476931776378251,0.20962072155411654
Def_dec,sco_rat,detrended,DE,23,-0.012267483840749799,0.9556973153392905,-0.1422924901185771
Def_dec,sco_sco,detrended,DE,23,-0.06662371043551377,0.7626265750591903,-0.5592885375494071
Def_dec,tet_gab,detrended,DE,46,-0.08881105602641533,0.5572502372649875,-0.12007400555041627
Def_dec,tet_spp,detrended,DE,46,-0.3722358436993717,0.010852264296616607,-0.42065988282454514
Def_dec,tha_pro,detrended,DE,23,-0.08399671680038598,0.7031705834036922,-0.12549407114624506
Def_dec,tom_spp,detrended,DE,46,-0.25589816362163054,0.08606463392026045,-0.08862164662349675
Def_dec,tor_vir,detrended,DE,23,-0.0782913025039799,0.7225304851699483,0.037549407114624504
Def_dec,uro_sir_spp,detrended,DE,46,-0.2128449559172937,0.15555267812373239,0.022880049337033605
Def_dec,xyl_lin,detrended,DE,46,-0.1651947324261232,0.27258459461677187,0.10527289546716001
Def_dec,xyl_spp,detrended,DE,46,-0.12672633074048736,0.40133632987892687,-0.0038852913968547634
Def_dec,zei_gri,detrended,DE,23,-0.06262468574449483,0.7765121494012589,-0.5306324110671937
Def_dec&DB,agr_big,detrended,DE,161,0.038763268684974594,0.6254068629909864,0.05237807683459857
Def_dec&DB,agr_vir,detrended,DE,138,0.12990593724163874,0.12886046111630525,0.16466395274767173
Def_dec&DB,bup_pin,detrended,DE,115,0.27326198692370957,0.0031282092827606836,0.26162708119624406
Def_dec&DB,cep_spp,detrended,CZ,161,-0.13228255387139687,0.09437489249021659,-0.08325856912813435
Def_dec&DB,den_mic,detrended,CZ,23,0.4170504302199506,0.04772165134712941,0.3507905138339921
Def_dec&DB,den_pin,detrended,DE,69,-0.10250034981525745,0.40198143751518356,-0.15516989404457437
Def_dec&DB,dip_sp,detrended,AT,84,0.13105552896814773,0.23472346991635318,0.30898045965374105
Def_dec&DB,dip_sp,detrended,DE,138,-0.0725884064802624,0.3975074055077461,-0.023053090374415792
Def_dec&DB,era_def,detrended,DE,138,-0.4037868357852526,9.05973891957186e-7,-0.33222067220866275
Def_dec&DB,geo_db,detrended,DE,115,-0.32862620460957714,3.3611274543293365e-4,-0.2703148425787107
Def_dec&DB,ips_acu,detrended,CZ,184,0.20109339078825178,0.006196597664662881,0.26469534395407524
Def_dec&DB,ips_acu,detrended,DE,115,0.07967409576245227,0.39731718576214503,0.13224966464136353
Def_dec&DB,ips_ami,detrended,DE,23,-0.08421605297459957,0.7024297806217901,-0.17391304347826086
Def_dec&DB,ips_cem,detrended,DE,161,0.02298196652420708,0.7722947905648065,0.07600356567747872
Def_dec&DB,ips_dup,detrended,CZ,184,0.1506153544576523,0.04127272997742333,0.14791277378590276
Def_dec&DB,ips_sex,detrended,CZ,184,0.26720130983386436,2.457103425934422e-4,0.2839398200766697
Def_dec&DB,ips_sex,detrended,DE,138,-0.1322291053284289,0.122102667955412,-0.07061136238581334
Def_dec&DB,ips_typ,detrended,AT,126,-0.11997566017737836,0.18085060594160915,-0.04439745031871016
Def_dec&DB,ips_typ,detrended,DE,161,0.055407270455105066,0.48511591302390333,0.16071716126063954
Def_dec&DB,lym_dis,detrended,AT,105,0.3438170776644881,3.293780305431924e-4,0.4254405971387103
Def_dec&DB,lym_dis,detrended,CZ,138,0.268452593115564,0.0014547268040882135,0.2568032530497341
Def_dec&DB,lym_dis,detrended,DE,138,0.2219052658611304,0.008902339732154185,0.2167109219637936
Def_dec&DB,lym_mon,detrended,CZ,138,0.08763217338638185,0.3067577471397627,0.10343410450947398
Def_dec&DB,lym_mon,detrended,DE,115,0.18433085971289162,0.04860196507992406,0.2543991162313581
Def_dec&DB,mel_spp,detrended,DE,161,0.27392889638763396,4.3779361145408497e-4,0.303982631700023
Def_dec&DB,neo_ser,detrended,CZ,46,0.07049882430604443,0.6415251384469922,0.04730188097440641
Def_dec&DB,neo_ser,detrended,DE,23,-0.2452651818156319,0.259323560961219,-0.07114624505928854
Def_dec&DB,ope_spp,detrended,DE,115,-0.23885683818961617,0.01014648979732332,-0.19270890870354299
Def_dec&DB,pan_fla,detrended,CZ,23,0.3505623686181527,0.10100355203183481,0.18972332015810275
Def_dec&DB,pan_fla,detrended,DE,69,0.335903756681545,0.004776398614228971,0.5094629156010231
Def_dec&DB,pha_cya,detrended,AT,105,0.2220193251256837,0.0228294965098291,0.23230354551109264
Def_dec&DB,pha_cya,detrended,CZ,184,0.16866748485040578,0.02209399841520121,0.2072277551963938
Def_dec&DB,pha_cya,detrended,DE,161,0.2056734911680129,0.008859883430462784,0.23477973314929837
Def_dec&DB,pis_pin,detrended,DE,115,0.18392585978265855,0.04910734592813078,0.23133433283358326
Def_dec&DB,pit_bid,detrended,DE,69,-0.08145370225728489,0.5058257890549018,-0.03244428206065035
Def_dec&DB,pit_cha,detrended,AT,126,-0.0067424234744607615,0.9402703397024169,0.013021372328458944
Def_dec&DB,pit_cha,detrended,DE,161,-0.0535514882428858,0.499877788684858,0.09290602714515758
Def_dec&DB,pit_spp,detrended,AT,84,-0.10302077654155588,0.3510587720392474,-0.0715196922142351
Def_dec&DB,pit_spp,detrended,CZ,184,0.21166360044348748,0.0039224551704920155,0.2620966654466298
Def_dec&DB,pit_spp,detrended,DE,69,-0.27994922928577254,0.019819711661290866,-0.22583120204603582
Def_dec&DB,pol_pol,detrended,CZ,184,0.07083309766190686,0.3393351093233894,0.07341796536379572
Def_dec&DB,pri_abi,detrended,CZ,161,0.2764913327156204,3.846239358607733e-4,0.3152058891189326
Def_dec&DB,pri_abi,detrended,DE,115,0.005931954260607444,0.949831211367484,-0.002027933401720193
Def_dec&DB,sap_car,detrended,DE,23,0.2849111365868756,0.18760563524467577,0.37845849802371545
Def_dec&DB,sco_int,detrended,CZ,184,0.07212465024194209,0.3305796889327588,0.09592379264510412
Def_dec&DB,sco_int,detrended,DE,115,0.1540170588772603,0.1002945618545042,0.10404008522054764
Def_dec&DB,sco_rat,detrended,CZ,184,0.22758404415822298,0.0018903693676289724,0.22264067346034558
Def_dec&DB,sco_rat,detrended,DE,46,-0.09046500446989746,0.5499026775245575,-0.12907801418439716
Def_dec&DB,sco_sco,detrended,DE,69,0.12564524098109003,0.3036186293458943,0.04103032517354769
Def_dec&DB,tet_gab,detrended,AT,105,0.10844737370680789,0.2708078401603981,0.15276798673025085
Def_dec&DB,tet_gab,detrended,CZ,46,0.009135024724741989,0.9519542341191112,-0.0027752081406105457
Def_dec&DB,tet_gab,detrended,DE,161,0.01440539634916484,0.8560778148099133,0.09901656314699793
Def_dec&DB,tet_spp,detrended,DE,138,0.13585957007340696,0.11209481894758683,0.1921851918655491
Def_dec&DB,tha_pit,detrended,DE,23,0.14263666552468843,0.5161791035901551,0.06324110671936758
Def_dec&DB,tha_pro,detrended,DE,138,0.2295219157684364,0.0067690531599939084,0.22291655726513676
Def_dec&DB,tom_spp,detrended,AT,126,-0.05146459214966557,0.5671114941343659,0.054578177727784026
Def_dec&DB,tom_spp,detrended,CZ,184,0.3319286371459539,4.164593331836407e-6,0.3500221533008418
Def_dec&DB,tom_spp,detrended,DE,161,0.17586761637265116,0.025645066433123836,0.2901800092017483
Def_dec&DB,tor_vir,detrended,DE,138,-0.3399768167756826,4.5094227954785757e-05,-0.2615065675165358
Def_dec&DB,uro_sir_spp,detrended,DE,69,0.09804223453625283,0.42286809737959563,0.019218122031421266
Def_dec&DB,xyl_lin,detrended,DE,138,-0.11563716172626609,0.176820910657178,-0.14232092586800124
Def_dec&DB,xyl_spp,detrended,DE,161,0.11500284848818546,0.14631350745664856,0.0812859443294226
Def_dec&DB,zei_gri,detrended,CZ,161,-0.049617624508871715,0.5319338634741333,-0.09344662985967334
Def_dec&DB,zei_gri,detrended,DE,23,-0.13304314367213185,0.5450655530762489,0.45256916996047425
agr_big,agr_vir,detrended,DE,207,0.18079827203297302,0.009133874487684844,0.10036421296446625
agr_big,bup_pin,detrended,DE,184,0.15286179996457877,0.03830478691448984,0.1654986419063397
agr_big,bup_pin,detrended,PL,280,0.16082094635367797,0.0070054490800048825,0.2323619288146897
agr_big,den_mic,detrended,DE,23,0.26241931784911915,0.22640297485032368,0.4683794466403162
agr_big,den_pin,detrended,DE,115,0.283508684654155,0.0021381985379549176,0.2342223625029591
agr_big,den_pin,detrended,PL,280,-0.039283593651146094,0.5126915776316469,-0.02630664020860324
agr_big,dip_sp,detrended,DE,207,0.13886054797295772,0.04599544824418002,0.154812157028282
agr_big,dip_sp,detrended,PL,320,-0.020703455647849683,0.7121687813944017,0.003951088389535054
agr_big,era_def,detrended,DE,230,0.05583015825029683,0.39936793855416175,0.09441240362068157
agr_big,geo_db,detrended,DE,161,-0.16289485765795503,0.03895994416990669,-0.07538532321141017
agr_big,geo_db,detrended,PL,340,-0.17288842477456176,0.0013728589396374456,-0.1905733969813498
agr_big,ips_acu,detrended,DE,161,0.16238711067723388,0.039581751531161884,0.2221043248217161
agr_big,ips_acu,detrended,PL,320,0.0791869278141468,0.1575923519410784,0.10782160958603111
agr_big,ips_ami,detrended,DE,46,0.35873780330601235,0.014356441935466431,0.3058279370952821
agr_big,ips_cem,detrended,DE,253,0.12576737396531537,0.04566372755697603,0.1551120339206611
agr_big,ips_sex,detrended,DE,184,0.20964139677526794,0.004288220103880184,0.18030860511259655
agr_big,ips_typ,detrended,DE,253,0.26231957406821693,2.3785425186953252e-5,0.27434268344915386
agr_big,ips_typ,detrended,PL,340,0.1050836032613966,0.052883256095613104,0.12962090553398842
agr_big,lym_dis,detrended,DE,207,0.03804818617658554,0.5862348175072819,0.007986438072972477
agr_big,lym_mon,detrended,DE,184,0.03187126152775101,0.6675697491512347,0.05766022615630598
agr_big,lym_mon,detrended,PL,320,-0.09368087500127402,0.09433962788680388,-0.11313574839598044
agr_big,mel_spp,detrended,DE,207,0.08342085134385152,0.23207402778319947,0.10762953101492571
agr_big,mel_spp,detrended,PL,340,0.0972879907428772,0.07320547345118378,0.0946317976493792
agr_big,neo_ser,detrended,DE,46,0.27860895024820187,0.06080260304392807,0.18889916743755777
agr_big,ope_spp,detrended,DE,207,0.08322345736615717,0.2331845285872935,0.12187469558723255
agr_big,pan_fla,detrended,DE,138,-0.019976435107215872,0.8161041485751148,0.09020546178100362
agr_big,pan_fla,detrended,PL,300,-0.06870393016002786,0.23545587238156815,-0.07214880165335169
agr_big,pha_cya,detrended,DE,253,0.23500779812572387,1.6162843611380228e-4,0.2500025935493242
agr_big,pha_cya,detrended,PL,340,0.158210834294905,0.0034449645232832327,0.27374641445605824
agr_big,pis_pin,detrended,DE,161,0.29211758616807854,1.6989632934195405e-4,0.35028755463538075
agr_big,pit_bid,detrended,DE,115,0.12614252463717962,0.17916746278317552,0.16610115994634264
agr_big,pit_cha,detrended,DE,253,0.1813784516941939,0.0037944486234835497,0.17836431513254522
agr_big,pit_spp,detrended,DE,92,-0.036904766973142523,0.7268961665550157,0.011050660419524374
agr_big,pri_abi,detrended,DE,184,0.00648256040445397,0.9304049224525504,0.007869237733813641
agr_big,sap_car,detrended,DE,23,0.1586602194285774,0.4696342135636312,0.03162055335968379
agr_big,sco_int,detrended,DE,184,0.2186931338435548,0.002859332230249564,0.2414131879563098
agr_big,sco_rat,detrended,DE,69,0.5405058990184176,1.6347567468801566e-6,0.5033978808914871
agr_big,sco_sco,detrended,DE,115,0.304920556838466,9.214818557565437e-4,0.2724611378521266
agr_big,tet_gab,detrended,DE,207,0.16789315175940253,0.015600750950705693,0.14250846943966405
agr_big,tet_spp,detrended,DE,184,0.06669179877724658,0.36839253241976977,0.08039721831596386
agr_big,tha_pit,detrended,DE,23,-0.08978130089415742,0.6837224994036268,-0.15711462450592886
agr_big,tha_pro,detrended,DE,230,-0.06256441103626287,0.3448670312138816,-0.04328692002889838
agr_big,tom_spp,detrended,DE,253,0.18081371288346015,0.003906706309235183,0.16347808302618302
agr_big,tom_spp,detrended,PL,280,0.08708626101610471,0.14609171996413448,0.17320629089656756
agr_big,tor_vir,detrended,DE,230,0.2017867721350515,0.0021031157079676294,0.23895857322855613
agr_big,tor_vir,detrended,PL,340,0.1373995798028334,0.011205229392810498,0.12042939512503413
agr_big,uro_sir_spp,detrended,DE,92,0.10852660850281537,0.3031211011227593,0.06528674691367538
agr_big,xyl_lin,detrended,DE,230,0.3235243555116568,5.295372471801825e-7,0.36581557800467995
agr_big,xyl_spp,detrended,DE,253,0.15059974574306284,0.01651812371695648,0.29532672052357095
agr_big,zei_gri,detrended,DE,23,0.1781606312539078,0.4160360576400769,0.2509881422924901
agr_vir,bup_pin,detrended,DE,138,0.005219824209144835,0.951548987646772,0.11015573450474782
agr_vir,den_mic,detrended,DE,23,0.7571055120493375,2.8881585799262217e-5,0.9555335968379446
agr_vir,den_pin,detrended,DE,92,-0.05346822301683979,0.6127166055475579,0.09210424918699811
agr_vir,dip_sp,detrended,DE,184,-0.06720441242575365,0.3647147350270299,0.028650960297432138
agr_vir,era_def,detrended,DE,184,0.1458927107832792,0.04814520296323945,0.07442160621062972
agr_vir,geo_db,detrended,DE,161,-0.09487048577919496,0.23126992724738188,-0.1365855762594893
agr_vir,ips_acu,detrended,DE,138,0.23224742681183802,0.006124181712761614,0.29947555760532796
agr_vir,ips_ami,detrended,DE,46,0.037353722598086364,0.8053269183890596,-0.049152019734813444
agr_vir,ips_cem,detrended,DE,207,0.07105845501411621,0.3089398612770184,0.14330264852637165
agr_vir,ips_sex,detrended,DE,138,0.18619343913574787,0.02877612550752515,0.2118797504046905
agr_vir,ips_typ,detrended,DE,207,-0.056178720713266954,0.4213901785819065,0.09474948858655065
agr_vir,lym_dis,detrended,DE,161,0.32315685593169224,2.899802604806298e-5,0.3311622958362089
agr_vir,lym_mon,detrended,DE,138,-0.05015102330854192,0.559119329887237,0.021975437739303955
agr_vir,mel_spp,detrended,DE,161,0.07177501732466644,0.36557437577186536,0.08739648033126295
agr_vir,neo_ser,detrended,DE,23,0.44051716289822196,0.035396943207542934,0.25494071146245056
agr_vir,ope_spp,detrended,DE,161,0.18349611992608397,0.019807073733123917,0.16415919024614678
agr_vir,pan_fla,detrended,DE,115,0.010205664264177372,0.9137967716682749,0.11820405586680346
agr_vir,pha_cya,detrended,DE,207,0.250086125842347,2.787959303139294e-4,0.3456370209219513
agr_vir,pis_pin,detrended,DE,138,0.12219183029557731,0.1533700729081076,0.19172399306831905
agr_vir,pit_bid,detrended,DE,92,0.3071038432070826,0.002904468132394577,0.3142425596843549
agr_vir,pit_cha,detrended,DE,207,-0.028196984610869613,0.6867219829311136,0.05846619259451679
agr_vir,pit_spp,detrended,DE,69,0.04650459750429224,0.7043578731556056,0.049068322981366465
agr_vir,pri_abi,detrended,DE,138,0.09381541861385677,0.27374758245883607,0.07059309708691314
agr_vir,sap_car,detrended,DE,23,0.38162354947695487,0.07235988798229273,0.5385375494071146
agr_vir,sco_int,detrended,DE,138,0.06712543242206721,0.4340643983884752,0.1364577649210368
agr_vir,sco_rat,detrended,DE,46,0.3254105447375437,0.02733156916524937,0.24970706136293552
agr_vir,sco_sco,detrended,DE,92,0.08486758131204329,0.4211983389396817,-0.0741642649076029
agr_vir,tet_gab,detrended,DE,161,0.05098432086824399,0.5206811874898918,0.1404848171152519
agr_vir,tet_spp,detrended,DE,161,-0.0034534949417709057,0.9653200006065445,-0.012255578559926386
agr_vir,tha_pit,detrended,DE,23,0.17877161570894126,0.41441287985402686,0.18972332015810275
agr_vir,tha_pro,detrended,DE,184,0.15069680178672276,0.04116184394738904,0.16308489530157383
agr_vir,tom_spp,detrended,DE,207,0.10027639962211284,0.15054309921948703,0.2291659901938501
agr_vir,tor_vir,detrended,DE,207,0.13022467637511426,0.06145145745418191,0.05785330822266239
agr_vir,uro_sir_spp,detrended,DE,69,-0.02481916864352901,0.8395819268203286,0.24852027767628795
agr_vir,xyl_lin,detrended,DE,184,-0.19872123124431523,0.00684607736386954,-0.1983741403556086
agr_vir,xyl_spp,detrended,DE,207,-0.15591171557615716,0.024875420243732793,-0.14894713770821835
agr_vir,zei_gri,detrended,DE,23,-0.06873938204217118,0.755308691772957,-0.3774703557312253
bup_pin,den_pin,detrended,DE,115,0.2131064464612046,0.022214486928302624,0.29640179910044984
bup_pin,den_pin,detrended,PL,260,0.11610036334468579,0.06157159747881851,0.11799036626622832
bup_pin,dip_sp,detrended,DE,161,0.1772708161981659,0.02447206680807751,0.2901627559236255
bup_pin,dip_sp,detrended,PL,280,0.12931815411106345,0.030516727281442262,0.13991013004903488
bup_pin,era_def,detrended,DE,161,-0.1868965209426851,0.017599901122731222,-0.02476995629169542
bup_pin,geo_db,detrended,DE,115,-0.14569072931220217,0.12028153128793745,-0.04173439595991478
bup_pin,geo_db,detrended,PL,280,-0.030606566853832964,0.6100695072095073,-0.030370467553339782
bup_pin,ips_acu,detrended,DE,115,0.14415220769236453,0.12429031856909416,0.19664641363528765
bup_pin,ips_acu,detrended,PL,260,0.29022323372723763,1.9358626024374625e-6,0.367013167013167
bup_pin,ips_ami,detrended,DE,23,0.2375980942900439,0.2749813200235278,0.21739130434782608
bup_pin,ips_cem,detrended,DE,184,0.18377484217857237,0.012519227348758356,0.24058099439425168
bup_pin,ips_sex,detrended,DE,138,0.24636208414335484,0.0035819396556176176,0.288192169209729
bup_pin,ips_typ,detrended,DE,184,0.3375208761181825,2.7943427823168344e-6,0.4098919304193716
bup_pin,ips_typ,detrended,PL,280,0.03213010739448087,0.59239219040657,0.008795666125479005
bup_pin,lym_dis,detrended,DE,161,0.30027292369563036,1.0881650841926271e-4,0.25230906372210715
bup_pin,lym_mon,detrended,DE,184,0.047903810916205755,0.5184467698264021,0.12626803567644623
bup_pin,lym_mon,detrended,PL,280,0.2874149247615106,1.0009419752120665e-6,0.2513876816941907
bup_pin,mel_spp,detrended,DE,161,0.13174625035619628,0.09573001599430994,0.08983206809293766
bup_pin,mel_spp,detrended,PL,280,0.17636727914789876,0.0030640905653385856,0.18431157102951384
bup_pin,neo_ser,detrended,DE,46,-0.2039447714306391,0.17399078533817253,-0.13006475485661423
bup_pin,ope_spp,detrended,DE,138,0.1231278833745787,0.15022160755750177,0.21268342355629932
bup_pin,pan_fla,detrended,DE,138,0.19673651179162174,0.02073586133910951,0.351536225795625
bup_pin,pan_fla,detrended,PL,280,0.12978936942046185,0.029910915117271588,0.1360922970956262
bup_pin,pha_cya,detrended,DE,184,0.3131259329319842,1.5057942283147427e-5,0.3861089171851823
bup_pin,pha_cya,detrended,PL,280,-0.017904909229111293,0.7654817845744344,0.03597968632981834
bup_pin,pis_pin,detrended,DE,138,0.1490843286329984,0.08095339016685299,0.22968385050766113
bup_pin,pit_bid,detrended,DE,92,0.0918849942826446,0.38368613473761093,0.1478969838016121
bup_pin,pit_cha,detrended,DE,184,0.34798852538567343,1.2962780060818139e-6,0.4069985166920305
bup_pin,pit_spp,detrended,DE,46,0.04055817519116751,0.7889928433512807,-0.02522355843354918
bup_pin,pri_abi,detrended,DE,161,-0.014615830852251694,0.8539986281426059,-0.036657464918334486
bup_pin,sap_car,detrended,DE,23,0.12679609934885316,0.5642660380176348,0.07608695652173914
bup_pin,sco_int,detrended,DE,115,8.70887376984456e-4,0.9926298832196365,0.07564901759646493
bup_pin,sco_rat,detrended,DE,69,0.02470552823128962,0.8403067506554055,0.06452320058458166
bup_pin,sco_sco,detrended,DE,69,-0.078862782829574,0.5194974926849056,0.02656192911947388
bup_pin,tet_gab,detrended,DE,138,0.2667979287572178,0.0015604598987473263,0.2617942459742139
bup_pin,tet_spp,detrended,DE,115,0.09294755683591577,0.3231509477701334,0.09385307346326838
bup_pin,tha_pit,detrended,DE,23,0.24419099494776605,0.26148205415199044,0.028656126482213436
bup_pin,tha_pro,detrended,DE,161,0.0717558026627644,0.3657030676283647,0.1134949390384173
bup_pin,tom_spp,detrended,DE,184,0.24135406946241145,9.651081098358053e-4,0.26005856176918185
bup_pin,tom_spp,detrended,PL,220,-0.012204760075142011,0.8571515511920009,0.04610200436147253
bup_pin,tor_vir,detrended,DE,161,-0.013132550693776663,0.8686746978541303,0.07909765355417529
bup_pin,tor_vir,detrended,PL,280,-0.05938772056669794,0.32208841917509534,-0.04089246765173754
bup_pin,uro_sir_spp,detrended,DE,46,0.10026855264846764,0.5073222794997541,0.030897317298797404
bup_pin,xyl_lin,detrended,DE,161,0.18001080335360836,0.022313872486863267,0.1306101909362779
bup_pin,xyl_spp,detrended,DE,184,0.17683203023718833,0.016338080592968634,0.27340448074589196
bup_pin,zei_gri,detrended,DE,23,0.008273688898217807,0.9701127101232715,0.24407114624505927
cep_spp,den_mic,detrended,CZ,23,-0.2401548313053749,0.26969494975410574,0.06422924901185771
cep_spp,ips_acu,detrended,CZ,161,0.035391712880723236,0.6558059567184144,0.02099436392914654
cep_spp,ips_dup,detrended,CZ,161,0.06364392435061994,0.4225112385355324,0.027398205659075223
cep_spp,ips_sex,detrended,CZ,161,0.024091181328255398,0.7616269385668017,0.024643432252127905
cep_spp,lym_dis,detrended,CZ,115,-0.051757436660110775,0.5827709844139136,0.001491359583366212
cep_spp,lym_mon,detrended,CZ,138,-0.016745537225798284,0.8454400188406015,-0.01417615510891826
cep_spp,neo_ser,detrended,CZ,46,-0.24089015502987685,0.10681370504905317,-0.21319765649090347
cep_spp,pan_fla,detrended,CZ,23,-0.2106925638711739,0.33455075844481263,-0.2391304347826087
cep_spp,pha_cya,detrended,CZ,161,0.024598576632912837,0.7567618574814771,0.045295606165171386
cep_spp,pit_spp,detrended,CZ,161,8.806880847891227e-4,0.9911535488883194,0.0017857142857142857
cep_spp,pol_pol,detrended,CZ,161,0.006146272231024557,0.938320841955567,-0.058313204508856686
cep_spp,pri_abi,detrended,CZ,138,0.15020107579304395,0.07867890863985609,0.1496818413247821
cep_spp,sco_int,detrended,CZ,161,-0.07380492616967259,0.35213692020696785,-0.020793075684380033
cep_spp,sco_rat,detrended,CZ,161,-0.1064508984191928,0.17894577556250263,-0.1039797561536692
cep_spp,tet_gab,detrended,CZ,46,0.19281077870577049,0.19921083712397963,0.13894542090656797
cep_spp,tom_spp,detrended,CZ,161,0.03426334854799655,0.6661104067440797,0.10805728088336784
cep_spp,zei_gri,detrended,CZ,161,0.08860331372266081,0.2636994959049414,0.03779043018173453
clo_ana,geo_db,detrended,RO,23,-0.21530680878528494,0.3238252275651128,-0.17292490118577075
clo_ana,ips_dup,detrended,RO,22,0.18010203342393316,0.4225332864758321,0.09768492377188027
clo_ana,ips_typ,detrended,RO,22,0.038387167704897196,0.8653217841118137,0.14285714285714285
clo_ana,lym_dis,detrended,RO,23,0.2240576227794199,0.30406240431291587,0.0899209486166008
clo_ana,tor_vir,detrended,RO,23,-0.2969885185474029,0.1687710626423968,-0.26581027667984186
den_mic,den_pin,detrended,LT,23,0.44633953938208587,0.03276829431637536,-0.13932806324110672
den_mic,dip_sp,detrended,LT,23,0.18503844895001043,0.3979656159293441,0.4298418972332016
den_mic,era_def,detrended,DE,23,-0.11979594838445261,0.5861323053001971,0.4476284584980237
den_mic,geo_db,detrended,LT,23,-0.2871006733320002,0.18408888373094978,-0.4743083003952569
den_mic,ips_acu,detrended,CZ,23,0.5583673687199954,0.005621944452323056,0.2766798418972332
den_mic,ips_acu,detrended,LT,23,0.0010753276256124573,0.9961147345329977,-0.25
den_mic,ips_ami,detrended,DE,23,-0.051660167387950505,0.8149127532725617,-0.11660079051383399
den_mic,ips_cem,detrended,DE,23,0.15014830806555532,0.49408767633834383,0.1541501976284585
den_mic,ips_dup,detrended,CZ,23,-0.2800912400995057,0.19550829812829926,-0.09980237154150197
den_mic,ips_sex,detrended,CZ,23,0.30158113206659104,0.16196677465781212,0.2015810276679842
den_mic,ips_typ,detrended,DE,23,0.006259468245712071,0.9773866427658298,-0.03260869565217391
den_mic,ips_typ,detrended,LT,23,-0.2024749713578217,0.3541697433027988,-0.10770750988142291
den_mic,lym_dis,detrended,LT,23,0.2837355679701128,0.1895126162599199,-0.09486166007905138
den_mic,lym_mon,detrended,LT,23,-0.20464490156718013,0.348924995575974,0.014822134387351778
den_mic,ope_spp,detrended,DE,23,-0.11969702607453916,0.5864438976233077,0.4466403162055336
den_mic,pan_fla,detrended,LT,23,-0.011480792428081579,0.958535913544766,-0.2638339920948617
den_mic,pha_cya,detrended,CZ,23,0.3796821987612451,0.07394538452717488,0.12648221343873517
den_mic,pha_cya,detrended,DE,23,-0.0153447165153095,0.9445991270698898,-0.6907114624505929
den_mic,pha_cya,detrended,LT,23,-0.2410600513047482,0.2678388877986447,-0.4209486166007905
den_mic,pis_pin,detrended,LT,23,0.3744006542183112,0.07839191619441924,0.25494071146245056
den_mic,pit_cha,detrended,DE,23,0.06312956214460728,0.7747553480018494,0.18577075098814227
den_mic,pit_cha,detrended,LT,23,0.23440162534155762,0.2816819348303515,0.10770750988142291
den_mic,pit_spp,detrended,CZ,23,0.44983929753681196,0.03126430167858871,0.25
den_mic,pol_pol,detrended,CZ,23,-0.8096673016845433,2.868014595078538e-6,-0.5879446640316206
den_mic,pol_pol,detrended,LT,23,-0.14484685541150769,0.5096301634327081,-0.31620553359683795
den_mic,pri_abi,detrended,CZ,23,0.20823245911900526,0.34035473938649397,0.12747035573122528
den_mic,sco_int,detrended,CZ,23,0.5718393678759204,0.004360759524716972,0.5177865612648221
den_mic,sco_int,detrended,DE,23,-0.04800153607373143,0.8278231072052983,-0.7292490118577075
den_mic,sco_rat,detrended,CZ,23,0.17267146805759717,0.43077391675339305,0.2855731225296443
den_mic,sco_rat,detrended,LT,23,0.21471792974486437,0.32518235594094236,-0.1907114624505929
den_mic,sco_sco,detrended,DE,23,0.0332610651697995,0.8802438539589739,-0.4229249011857707
den_mic,sco_sco,detrended,LT,23,-0.115537606853063,0.5996093420671288,0.5365612648221344
den_mic,tet_gab,detrended,DE,23,0.23406108733091255,0.28240178406926586,0.8814229249011858
den_mic,tet_spp,detrended,DE,23,0.2232055660993842,0.3059533368279715,0.2628458498023716
den_mic,tha_pro,detrended,DE,23,-0.03711127005466546,0.8664955490818551,-0.717391304347826
den_mic,tom_spp,detrended,CZ,23,0.3591734020100509,0.09234067155347991,0.0958498023715415
den_mic,tom_spp,detrended,DE,23,-0.03033140405515394,0.8907277492616796,-0.6245059288537549
den_mic,tom_spp,detrended,LT,23,0.2433641702756107,0.2631513046661219,0.07114624505928854
den_mic,tor_vir,detrended,DE,23,-0.14812837988418967,0.49998172325273327,0.3507905138339921
den_mic,tor_vir,detrended,LT,23,0.042380678403839966,0.8477408031734729,0.042490118577075096
den_mic,uro_sir_spp,detrended,DE,23,-0.12764012859207793,0.5616543650663632,0.6027667984189723
den_mic,xyl_lin,detrended,DE,23,-0.01779649499105992,0.9357636985461011,-0.16996047430830039
den_mic,xyl_spp,detrended,DE,23,-0.06145039586398506,0.7806023720259377,-0.599802371541502
den_mic,zei_gri,detrended,CZ,23,-0.04040631039052616,0.8547591204136271,-0.15118577075098813
den_pin,dip_sp,detrended,DE,115,0.22026372798213237,0.01801112031587517,0.3143770220153082
den_pin,dip_sp,detrended,LT,23,0.005806840693203613,0.9790214713564276,-0.2994071146245059
den_pin,dip_sp,detrended,PL,280,0.20679539993334922,4.96591299865868e-4,0.18819773575829135
den_pin,era_def,detrended,DE,115,0.1301972814837911,0.16548185156116946,0.31708356348141725
den_pin,geo_db,detrended,DE,92,0.053904693259806305,0.6098149000383135,-0.01741596412003144
den_pin,geo_db,detrended,LT,23,0.036515151459443264,0.8686218215236253,0.22430830039525693
den_pin,geo_db,detrended,PL,280,0.14467834387220663,0.015398750548786682,0.14802302507502826
den_pin,ips_acu,detrended,DE,92,0.10379921114326424,0.32479239249588776,0.019959003128708595
den_pin,ips_acu,detrended,LT,23,0.19717466322752686,0.3671731570117076,0.2638339920948617
den_pin,ips_acu,detrended,PL,260,0.030694551914882302,0.6222485260125876,0.04144622075656558
den_pin,ips_ami,detrended,DE,23,0.10354186970629727,0.6382517366545848,0.16996047430830039
den_pin,ips_cem,detrended,DE,115,0.22860490257914753,0.013995985764225519,0.36891817249270104
den_pin,ips_sex,detrended,DE,115,-0.05860351049775178,0.5338614879429668,0.09996843683421448
den_pin,ips_typ,detrended,DE,115,0.2801914837253188,0.002422250290150893,0.40078907914463824
den_pin,ips_typ,detrended,LT,23,0.09497260656497929,0.6664326374149729,0.11956521739130435
den_pin,ips_typ,detrended,PL,280,0.02889347350291659,0.6302194648537107,0.009249389113928202
den_pin,lym_dis,detrended,DE,92,0.23357248696867552,0.025038447809730087,0.19364086124254426
den_pin,lym_dis,detrended,LT,23,0.31098449188635563,0.1486384099234317,0.5691699604743083
den_pin,lym_mon,detrended,DE,138,0.4767293810011078,3.4028002935956256e-9,0.4519816707725536
den_pin,lym_mon,detrended,LT,23,-0.22073049165599956,0.3114870126372773,-0.18577075098814227
den_pin,lym_mon,detrended,PL,280,0.3129363456832489,8.897044725337273e-8,0.3487462485855322
den_pin,mel_spp,detrended,DE,92,0.0035025183100413086,0.9735663432311891,0.0197278177642834
den_pin,mel_spp,detrended,PL,280,0.02146132376210899,0.7206791144288307,0.06631024812634272
den_pin,neo_ser,detrended,DE,46,-0.09684405444140355,0.5220037637101606,0.026210299105766263
den_pin,ope_spp,detrended,DE,92,0.35722417152316727,4.729767760665419e-4,0.4389285328976773
den_pin,pan_fla,detrended,DE,92,0.20375027011803437,0.05140651443229327,0.16349428972149868
den_pin,pan_fla,detrended,LT,23,-0.0059852074856740975,0.9783772248847369,0.14525691699604742
den_pin,pan_fla,detrended,PL,280,0.26769281250213356,5.559322676424674e-6,0.21381449836277067
den_pin,pha_cya,detrended,DE,115,0.22272056385838424,0.016736201183941583,0.3423972224414109
den_pin,pha_cya,detrended,LT,23,-0.17452654321645825,0.42576212777261646,0.11660079051383399
den_pin,pha_cya,detrended,PL,280,-0.09898408242239766,0.09833641644965121,-0.23743870639749412
den_pin,pis_pin,detrended,DE,115,0.04826140892312647,0.6085175243410161,0.10525526710329047
den_pin,pis_pin,detrended,LT,23,0.1947985611178334,0.373090777692773,0.08695652173913043
den_pin,pit_bid,detrended,DE,92,0.16643773111199484,0.11281445262342894,0.29630257540495963
den_pin,pit_cha,detrended,DE,115,0.27584305024079103,0.0028461000485886546,0.4038585970172809
den_pin,pit_cha,detrended,LT,23,0.16686938005125812,0.4466520281826021,0.18478260869565216
den_pin,pol_pol,detrended,LT,23,0.1718159511775333,0.4330958714950094,0.24802371541501975
den_pin,pri_abi,detrended,DE,115,-0.13377770285081586,0.1540562394031113,-0.03845182671821984
den_pin,sap_car,detrended,DE,23,-0.008083572123220466,0.9707991870228713,-0.09288537549407114
den_pin,sco_int,detrended,DE,92,0.12573922002288992,0.2323586477590202,0.0853228118305257
den_pin,sco_rat,detrended,DE,69,0.16781547034465363,0.16810751442017177,0.23229813664596277
den_pin,sco_rat,detrended,LT,23,0.2167653639984639,0.3204785928216443,0.2766798418972332
den_pin,sco_sco,detrended,DE,69,0.25600539643403025,0.033736072057208244,0.23693825356229453
den_pin,sco_sco,detrended,LT,23,-0.08719912223553722,0.6923807766193719,-0.5059288537549407
den_pin,tet_gab,detrended,DE,115,-0.03396599663957226,0.7185707363616363,0.067079618085694
den_pin,tet_spp,detrended,DE,46,-0.009170251243257072,0.9517691774609425,-0.04495837187789083
den_pin,tha_pit,detrended,DE,23,-0.1946610938273684,0.3734348014141079,-0.24407114624505927
den_pin,tha_pro,detrended,DE,92,0.22694480805561967,0.029593704877393493,0.2742629039964243
den_pin,tom_spp,detrended,DE,115,0.09713206017712736,0.30174877296489194,0.19056261343012706
den_pin,tom_spp,detrended,LT,23,0.16433441278172595,0.4536847982544483,0.09486166007905138
den_pin,tom_spp,detrended,PL,220,-0.08142839316830375,0.22901638766346186,-0.05304429655759229
den_pin,tor_vir,detrended,DE,115,0.25162585003311383,0.006673734441689597,0.2819300875877851
den_pin,tor_vir,detrended,LT,23,0.30713206294623624,0.15400161500262782,0.17885375494071146
den_pin,tor_vir,detrended,PL,280,0.04671268006269169,0.4362265406197998,0.016207203809086485
den_pin,uro_sir_spp,detrended,DE,23,0.39479369766037226,0.06227512834389469,0.7233201581027668
den_pin,xyl_lin,detrended,DE,115,0.2345054749123865,0.01164911586954264,0.3655330229622032
den_pin,xyl_spp,detrended,DE,115,0.015414855926734066,0.8701170846367927,0.26006470448986035
den_pin,zei_gri,detrended,DE,23,-0.15295222347305715,0.48596348018024793,-0.38636363636363635
dip_sp,era_def,detrended,DE,184,0.10234689539451017,0.16682654427393362,0.14260368707980967
dip_sp,geo_db,detrended,DE,161,-0.095110062669883,0.23008855664601105,-0.03094662985967334
dip_sp,geo_db,detrended,LT,23,-0.06353848657981208,0.7733332097442087,-0.16600790513833993
dip_sp,geo_db,detrended,PL,320,-0.06233024146978322,0.26626061119626493,-0.08477865994785105
dip_sp,ips_acu,detrended,DE,161,0.03475799059126218,0.6615854045656844,0.07703588681849552
dip_sp,ips_acu,detrended,LT,23,0.158815476141769,0.4691940247219759,-0.20849802371541504
dip_sp,ips_acu,detrended,PL,300,-0.015352561642022014,0.791148382272435,-0.03504394493272148
dip_sp,ips_ami,detrended,DE,23,-0.2374049275176494,0.2753833595928177,-0.08794466403162056
dip_sp,ips_cem,detrended,DE,207,0.22792440921418616,9.566075521588147e-4,0.25094165016073
dip_sp,ips_sex,detrended,DE,161,0.04991066760167248,0.5295108586058452,0.16264952841039798
dip_sp,ips_typ,detrended,AT,105,0.018571902100726106,0.8508425308330548,-0.057650839726311416
dip_sp,ips_typ,detrended,DE,207,0.2040118499465159,0.003193008133687021,0.25599625504648726
dip_sp,ips_typ,detrended,LT,23,0.3588093117690876,0.09269536740850687,0.29347826086956524
dip_sp,ips_typ,detrended,PL,320,-0.10487684498721968,0.060941009758972084,-0.1416254064981103
dip_sp,lym_dis,detrended,AT,84,0.06409262220866734,0.5624455880646049,0.16960615571529816
dip_sp,lym_dis,detrended,DE,184,0.03194960262940231,0.6668014192329834,0.07191924640249658
dip_sp,lym_dis,detrended,LT,23,0.2987772945074139,0.1660976482199646,-0.11462450592885375
dip_sp,lym_mon,detrended,DE,161,0.026448571781605597,0.7391055056375246,0.09284564067172764
dip_sp,lym_mon,detrended,LT,23,-0.25703104908174934,0.23643033628831228,-0.06521739130434782
dip_sp,lym_mon,detrended,PL,320,0.1363332974951477,0.014660184963672152,0.1324557612867313
dip_sp,mel_spp,detrended,DE,184,0.0758181637671432,0.30634941215270295,0.07517289206526555
dip_sp,mel_spp,detrended,PL,320,0.02449540631110202,0.6624465023571184,0.04452033222980693
dip_sp,neo_ser,detrended,DE,46,-0.09537002345891427,0.5283874860558393,0.05766265803268578
dip_sp,ope_spp,detrended,DE,161,0.2100186983868323,0.007496041462401192,0.2328847481021394
dip_sp,pan_fla,detrended,DE,138,-0.059862443700074,0.48551882297352367,0.025226660943539675
dip_sp,pan_fla,detrended,LT,23,-0.03559663159256197,0.8718997737237264,-0.2776679841897233
dip_sp,pan_fla,detrended,PL,300,0.12609383696257506,0.028990587253821122,0.1471603017811309
dip_sp,pha_cya,detrended,AT,105,-0.012199514485673196,0.9016985012513642,-0.09040016587186396
dip_sp,pha_cya,detrended,DE,207,0.1016341251861735,0.14506625182993424,0.18784026582675803
dip_sp,pha_cya,detrended,LT,23,-0.06518539467122413,0.7676128474951571,-0.22529644268774704
dip_sp,pha_cya,detrended,PL,320,0.014795823136445441,0.7920462271841618,-0.07111336536489614
dip_sp,pis_pin,detrended,DE,161,-0.036218515110882726,0.6482962753194096,0.017831262939958594
dip_sp,pis_pin,detrended,LT,23,-0.07856363745130647,0.7216025252178473,-0.14031620553359683
dip_sp,pit_bid,detrended,DE,115,0.20018142215591087,0.03195148923350158,0.24947526236881562
dip_sp,pit_cha,detrended,AT,105,-0.18750142632403266,0.05544882244011667,-0.2176653535144101
dip_sp,pit_cha,detrended,DE,207,0.18143251716997105,0.008888782205815394,0.2319408816876103
dip_sp,pit_cha,detrended,LT,23,-0.11868594755927432,0.5896327334637295,-0.2272727272727273
dip_sp,pit_spp,detrended,AT,84,-0.04189812327280379,0.7051222957530753,-0.0075529006783436265
dip_sp,pit_spp,detrended,DE,69,0.2875979393812006,0.016566643347057132,0.3997807818779686
dip_sp,pol_pol,detrended,LT,23,0.20393694946239344,0.3506310767918118,-0.021739130434782608
dip_sp,pri_abi,detrended,DE,161,-0.010386051383423028,0.8959644550992625,0.0028122843340234642
dip_sp,sap_car,detrended,DE,23,0.005701331767385293,0.9794025670817796,0.06521739130434782
dip_sp,sco_int,detrended,DE,138,-0.09755340904001587,0.25500085877713535,-0.09673530613782537
dip_sp,sco_rat,detrended,DE,69,0.28810911290592905,0.016366615511993473,0.29897698209718676
dip_sp,sco_rat,detrended,LT,23,-0.19057237238714295,0.383750129754464,-0.36067193675889325
dip_sp,sco_sco,detrended,DE,92,-0.10047705366909952,0.34060043105776716,-0.05534577624339194
dip_sp,sco_sco,detrended,LT,23,-0.11213986226299319,0.6104549112053239,0.5217391304347826
dip_sp,tet_gab,detrended,AT,84,-0.0471495169125616,0.6701847623641681,-0.1365191859876481
dip_sp,tet_gab,detrended,DE,161,0.037780498214024454,0.6342058597253546,0.07689786059351277
dip_sp,tet_spp,detrended,DE,138,0.12316599691782483,0.15009445112852327,0.07231460150825704
dip_sp,tha_pit,detrended,DE,23,-0.07979279797786025,0.7174189961041446,-0.04644268774703557
dip_sp,tha_pro,detrended,DE,184,-0.07567195309037276,0.30728581123476106,-0.041368881354626186
dip_sp,tom_spp,detrended,AT,105,-0.012414083889402882,0.8999784147198547,0.03345428156748911
dip_sp,tom_spp,detrended,DE,207,-0.028327183502411014,0.6853521388919949,0.097513556515245
dip_sp,tom_spp,detrended,LT,23,0.01628067502026146,0.9412254304098338,-0.06719367588932806
dip_sp,tom_spp,detrended,PL,260,0.06096749805744277,0.32745853147724224,0.09365341089479019
dip_sp,tor_vir,detrended,DE,207,0.0711926681094074,0.30802465733550166,0.14487206546092152
dip_sp,tor_vir,detrended,LT,23,0.009309877710962474,0.9663715947837885,0.029644268774703556
dip_sp,tor_vir,detrended,PL,320,0.14764937286824145,0.008159183424010315,0.16071433803064483
dip_sp,uro_sir_spp,detrended,DE,46,0.22676114880235518,0.12965552809979952,0.35171137835337646
dip_sp,xyl_lin,detrended,DE,184,0.14952392405565582,0.04278302196050063,0.21742212633160599
dip_sp,xyl_spp,detrended,DE,207,0.13391941390632106,0.05438319101644582,0.2321898236841251
dip_sp,zei_gri,detrended,DE,23,-0.08003860693632736,0.7165833061419281,-0.15316205533596838
era_def,geo_db,detrended,DE,138,-0.22815248976685293,0.007115301874284129,-0.23152864569658138
era_def,ips_acu,detrended,DE,138,-0.08319815570826956,0.33197159920021313,0.016454751146718294
era_def,ips_ami,detrended,DE,46,0.3999389445126874,0.005890140496449101,0.40561208757323464
era_def,ips_cem,detrended,DE,230,0.0026189814752299663,0.9684897737977449,0.024123247172421276
era_def,ips_sex,detrended,DE,161,0.034124630749722794,0.6673815751975245,0.13928283873936048
era_def,ips_typ,detrended,DE,230,-0.03347519942193175,0.6135222560058198,0.03460951427535821
era_def,lym_dis,detrended,DE,184,-0.12921948163108576,0.08042764246967755,-0.06117200593323187
era_def,lym_mon,detrended,DE,184,0.21915392180715376,0.0027997402869811595,0.2246017221783437
era_def,mel_spp,detrended,DE,184,-0.02274674059472051,0.759232548951764,-0.1389743984897228
era_def,neo_ser,detrended,DE,23,-0.06704885451682306,0.7611544457023465,0.7025691699604744
era_def,ope_spp,detrended,DE,184,0.3198657003080407,9.593181543445981e-6,0.45316406927240854
era_def,pan_fla,detrended,DE,115,-0.30036380164032084,0.001108213424549982,-0.210841947447329
era_def,pha_cya,detrended,DE,230,-0.03139896552315947,0.6357058363872707,0.011420779713925716
era_def,pis_pin,detrended,DE,138,0.02526214883728984,0.768673345497296,0.07435118233562943
era_def,pit_bid,detrended,DE,92,0.22923331260355329,0.027947400818418375,0.21726800548679928
era_def,pit_cha,detrended,DE,230,-0.038073636044164326,0.56564463557751965,-0.018812059404426977
era_def,pit_spp,detrended,DE,92,-0.021283385888856688,0.8404056124593153,-0.016444985589445613
era_def,pri_abi,detrended,DE,161,-0.03342926874739651,0.6737678602662442,-0.039098803772716816
era_def,sap_car,detrended,DE,23,-0.04095823033885334,0.8527961062726037,-0.026679841897233204
era_def,sco_int,detrended,DE,161,0.031157502254197264,0.6947928219190853,0.05058948700253048
era_def,sco_rat,detrended,DE,46,0.1435219438231323,0.34131870770798456,0.2600678384212149
era_def,sco_sco,detrended,DE,92,0.17888636159618934,0.08798027138238741,0.23050722068954885
era_def,tet_gab,detrended,DE,207,0.12265052510686342,0.07830591550889483,0.17619005097899149
era_def,tet_spp,detrended,DE,161,0.06078456122823439,0.4436949677844383,0.09193121693121693
era_def,tha_pit,detrended,DE,23,0.053681588625271684,0.8077993867761035,-0.09090909090909091
era_def,tha_pro,detrended,DE,230,0.25264069151119095,1.0722355508079166e-4,0.1104909519946543
era_def,tom_spp,detrended,DE,230,-0.004088354412085207,0.9508292915490588,-0.006328548990405835
era_def,tor_vir,detrended,DE,207,0.4517532155048115,8.353361468872663e-12,0.4644702947256768
era_def,uro_sir_spp,detrended,DE,69,-0.0832390055215113,0.49651404368493823,0.07891852393131167
era_def,xyl_lin,detrended,DE,207,0.05928411248110564,0.39614207232006093,0.04736797956510916
era_def,xyl_spp,detrended,DE,230,-0.08641216941947022,0.1916174841906082,-0.027802120036788728
geo_db,ips_acu,detrended,BG,18,0.26728923398605814,0.28360187180515806,0.24458204334365324
geo_db,ips_acu,detrended,DE,115,-0.292257280456752,0.0015277070055405126,-0.317265051684684
geo_db,ips_acu,detrended,LT,23,0.16974743210806711,0.4387376485221893,0.1541501976284585
geo_db,ips_acu,detrended,PL,320,-0.08786445670471082,0.11672914123608598,-0.06709818943544371
geo_db,ips_ami,detrended,DE,23,-0.056625043781338195,0.7974678069977096,-0.6027667984189723
geo_db,ips_cem,detrended,DE,161,-0.1727450029988459,0.028429343479511825,-0.2890441683919945
geo_db,ips_dup,detrended,RO,22,-0.1666302334937174,0.45860312656453417,-0.15415019762845847
geo_db,ips_sex,detrended,BG,18,0.12849291797558632,0.6113641138278556,0.08565531475748195
geo_db,ips_sex,detrended,DE,138,-0.25317877598694627,0.002734603643214684,-0.36981522367000075
geo_db,ips_typ,detrended,BG,18,0.29583649582275673,0.23328759044041714,0.2961816305469556
geo_db,ips_typ,detrended,DE,161,-0.15562532445535393,0.04868896943118104,-0.3158500115021854
geo_db,ips_typ,detrended,HR,23,0.3042720807444482,0.15807027869903312,0.20355731225296442
geo_db,ips_typ,detrended,LT,23,0.4064847037476968,0.05425838227168347,0.2233201581027668
geo_db,ips_typ,detrended,PL,340,-0.013250567966763974,0.8076651024865344,-0.002085301979510305
geo_db,ips_typ,detrended,RO,22,-0.25245158083884667,0.25701930554051655,-0.21513269339356292
geo_db,lym_dis,detrended,BG,18,-0.014007548152383021,0.956007168410663,-0.015479876160990712
geo_db,lym_dis,detrended,DE,138,-0.12972936470917773,0.12938560983653252,-0.214382096354018
geo_db,lym_dis,detrended,HR,23,0.10157758984718049,0.6446705789581778,0.06126482213438735
geo_db,lym_dis,detrended,LT,23,0.2391033181388231,0.27186120758694016,0.33695652173913043
geo_db,lym_dis,detrended,RO,23,-0.14785856844972645,0.5007716267832109,-0.19268774703557312
geo_db,lym_mon,detrended,DE,115,0.039885836260602145,0.672131986803219,0.02732581077882112
geo_db,lym_mon,detrended,LT,23,-0.30214161664200495,0.16114971058292205,-0.15019762845849802
geo_db,lym_mon,detrended,PL,320,0.12247315164229264,0.02848469147302771,0.11031626285412943
geo_db,mel_spp,detrended,DE,138,-0.024698756663317507,0.7736916610854392,0.010372406612951465
geo_db,mel_spp,detrended,PL,340,-0.08339552896581402,0.12484546913660315,-0.09681174730292291
geo_db,neo_ser,detrended,BG,18,-0.10565055964765252,0.6765109386617719,-0.08771929824561403
geo_db,neo_ser,detrended,DE,23,-0.11257741510156181,0.6090537297380085,-0.2341897233201581
geo_db,ope_spp,detrended,DE,138,-0.17220923976674066,0.04341302294275723,-0.30719264639066274
geo_db,pan_fla,detrended,DE,92,-0.028865142167750726,0.7847485581147817,0.12362252053696651
geo_db,pan_fla,detrended,LT,23,-0.5042266462142024,0.014151127534233938,-0.2776679841897233
geo_db,pan_fla,detrended,PL,300,-0.08322492040295973,0.1504409050264607,-0.0721105790064334
geo_db,pha_cya,detrended,DE,161,-0.07289891498734163,0.35809574913071396,-0.25536001840349665
geo_db,pha_cya,detrended,LT,23,0.6088521433932007,0.0020477108314312805,0.6235177865612649
geo_db,pha_cya,detrended,PL,340,-0.04979209297864334,0.3600302070708272,-0.10715826465016234
geo_db,pis_pin,detrended,DE,115,-0.2674668742820089,0.003855214934711604,-0.2910755148741419
geo_db,pis_pin,detrended,LT,23,0.0711774826511247,0.7469007586970605,-0.09782608695652174
geo_db,pit_bid,detrended,DE,92,-0.31319857595898254,0.002366622714803564,-0.3114220982383675
geo_db,pit_cha,detrended,DE,161,-0.14691818782368563,0.0629191673087365,-0.2433977455716586
geo_db,pit_cha,detrended,LT,23,0.20657394378098248,0.3443010820667999,0.1966403162055336
geo_db,pit_spp,detrended,DE,69,0.004916441154657971,0.9680188442269966,-0.12236024844720499
geo_db,pit_spp,detrended,HR,23,0.09638609571973523,0.6617528118572303,-0.0741106719367589
geo_db,pol_pol,detrended,LT,23,0.2916546523491768,0.17691990504445138,0.33794466403162055
geo_db,pri_abi,detrended,DE,138,-0.07292562278211157,0.3953126847180851,-0.1973542714543059
geo_db,sap_car,detrended,DE,23,-0.14271779326447695,0.5159380041436272,0.5197628458498024
geo_db,sco_int,detrended,DE,115,0.05209571250876703,0.5803065911890335,-0.017651700465556697
geo_db,sco_rat,detrended,DE,46,-0.13888511462514766,0.3573046235393006,0.01461609620721554
geo_db,sco_rat,detrended,LT,23,0.13215828000361104,0.547766827017206,0.21541501976284583
geo_db,sco_sco,detrended,DE,69,-0.0841790260644194,0.49164726016806193,-0.0029959810010960907
geo_db,sco_sco,detrended,LT,23,-0.06459882692643164,0.7696489010315475,-0.30632411067193677
geo_db,tet_gab,detrended,DE,115,-0.1464858785598442,0.1182492127774249,-0.11803045845498306
geo_db,tet_spp,detrended,DE,115,-0.18661299149353472,0.045834116658479765,-0.19619663852284386
geo_db,tha_pit,detrended,BG,18,0.49360853252014847,0.037361355807952384,0.4695562435500516
geo_db,tha_pit,detrended,DE,23,-0.3540513186304599,0.09742418503617283,-0.23616600790513834
geo_db,tha_pit,detrended,HR,23,-0.2411918287591065,0.26756937125754743,-0.16403162055335968
geo_db,tha_pro,detrended,DE,138,0.014462960873902118,0.8662963697978527,0.0015274356205292824
geo_db,tom_spp,detrended,DE,161,-0.13809694418125182,0.08064068571349806,-0.1875028755463538
geo_db,tom_spp,detrended,LT,23,0.15222250048814875,0.48807134571882527,0.044466403162055336
geo_db,tom_spp,detrended,PL,280,-0.10277544957308127,0.0860491100585299,-0.15391377076602653
geo_db,tor_vir,detrended,BG,18,0.533471491872327,0.02260858770858407,0.3890608875128999
geo_db,tor_vir,detrended,DE,161,0.0789845833234615,0.3192744650263898,0.10579422590292155
geo_db,tor_vir,detrended,LT,23,0.45744298552742824,0.028185545222425522,0.32312252964426874
geo_db,tor_vir,detrended,PL,340,-0.09635608448465219,0.07601256735551161,-0.05920761577929383
geo_db,tor_vir,detrended,RO,23,0.39598098674279664,0.06142188417471282,0.4041501976284585
geo_db,uro_sir_spp,detrended,DE,46,-0.06613817744133328,0.6623254956560339,-0.14696268886833178
geo_db,xyl_lin,detrended,DE,161,-0.09092232130604272,0.25135547271000147,-0.009601449275362318
geo_db,xyl_spp,detrended,DE,161,-0.17941910805655892,0.022765515869792568,-0.1552622498274672
geo_db,zei_gri,detrended,DE,23,0.026668763963234702,0.9038593786519901,0.03260869565217391
ips_acu,ips_ami,detrended,DE,23,0.028408955911780488,0.8976170379880991,-0.041501976284584984
ips_acu,ips_cem,detrended,DE,161,0.3309306591849706,1.8047978173560104e-5,0.37675695882217625
ips_acu,ips_dup,detrended,CZ,184,0.2886040009891808,7.097003179235348e-5,0.3198782531640692
ips_acu,ips_dup,detrended,SK,21,-0.3290180171679899,0.14529990160909884,-0.2688311688311688
ips_acu,ips_sex,detrended,BG,18,0.512769369715134,0.029554992626343705,0.56656346749226
ips_acu,ips_sex,detrended,CZ,184,0.4496838891470393,1.5174727734575298e-10,0.46411743175820147
ips_acu,ips_sex,detrended,DE,138,0.23592954355906073,0.005340015175660349,0.4670962056124697
ips_acu,ips_typ,detrended,BG,18,0.35989315945548067,0.1423858426063053,0.283797729618163
ips_acu,ips_typ,detrended,DE,161,0.19683927238231144,0.01232555363544787,0.2809265010351967
ips_acu,ips_typ,detrended,LT,23,0.4303905145231018,0.04036308709804194,0.4318181818181818
ips_acu,ips_typ,detrended,PL,320,0.2127620092809606,1.2550860963171794e-4,0.267708669029971
ips_acu,ips_typ,detrended,SK,22,-0.467963914889918,0.028067932839093947,-0.39582156973461313
ips_acu,lym_dis,detrended,BG,18,-0.45809117966543894,0.05590437239219754,-0.46542827657378744
ips_acu,lym_dis,detrended,CZ,138,0.23171018857332853,0.006246785664815157,0.28873556185200994
ips_acu,lym_dis,detrended,DE,161,0.15110049846352994,0.05570816339320641,0.16227570738440303
ips_acu,lym_dis,detrended,LT,23,0.28812672105764664,0.18245654543944395,0.21047430830039526
ips_acu,lym_dis,detrended,SK,22,0.4164973926242356,0.05383356862251184,0.3664596273291925
ips_acu,lym_mon,detrended,CZ,138,0.28387439124341934,7.405076605072264e-4,0.2483509859836662
ips_acu,lym_mon,detrended,DE,115,-0.16282717267963182,0.08209199345348588,-0.05434388069123334
ips_acu,lym_mon,detrended,LT,23,0.09847153464803252,0.6548706161043393,0.16304347826086957
ips_acu,lym_mon,detrended,PL,300,0.33768261300065183,1.9535416187988536e-9,0.32913121256902855
ips_acu,mel_spp,detrended,DE,138,0.16570868950238377,0.052091051208309105,0.21242770937169653
ips_acu,mel_spp,detrended,PL,320,0.10609876515649891,0.05797596024806216,0.10163990859285735
ips_acu,neo_ser,detrended,BG,18,-0.3963064828383051,0.10349203982886462,-0.27347781217750256
ips_acu,neo_ser,detrended,CZ,46,0.019093870035761677,0.8997727836146594,0.08344125809435707
ips_acu,neo_ser,detrended,DE,46,0.18329183762495374,0.22273208722133728,0.2678384212149244
ips_acu,ope_spp,detrended,DE,115,0.16597624070488456,0.07626676480079844,0.45049317446539894
ips_acu,pan_fla,detrended,CZ,23,0.26230003062712615,0.22662187152573604,0.1314229249011858
ips_acu,pan_fla,detrended,DE,115,0.35209092187484814,1.1393210913687591e-4,0.3446697703779689
ips_acu,pan_fla,detrended,LT,23,-0.22261458302823262,0.3072691118116068,-0.04841897233201581
ips_acu,pan_fla,detrended,PL,280,0.07287714995216404,0.22412599256234791,0.0357243988170403
ips_acu,pha_cya,detrended,CZ,184,0.459671552446441,5.242446934547958e-11,0.5035387490127332
ips_acu,pha_cya,detrended,DE,161,0.2957334609897979,1.3967121817111722e-4,0.40586611456176674
ips_acu,pha_cya,detrended,LT,23,0.1029039133563262,0.6403337151032191,0.015810276679841896
ips_acu,pha_cya,detrended,PL,320,-0.2745738674947239,6.078319493556974e-7,-0.11858758386312365
ips_acu,pis_pin,detrended,DE,138,0.24064203156717837,0.0044677966036763906,0.36989285119032667
ips_acu,pis_pin,detrended,LT,23,-0.15767859249535865,0.4724222426287078,0.008893280632411068
ips_acu,pit_bid,detrended,DE,115,0.5157248457141085,3.672073006349094e-9,0.44504063757594897
ips_acu,pit_cha,detrended,DE,161,0.18946010691023513,0.0160801844471054,0.20361168622038187
ips_acu,pit_cha,detrended,LT,23,0.40594776242895714,0.054608144294592986,0.4041501976284585
ips_acu,pit_cha,detrended,SK,22,-0.37870526272438354,0.08220887938629559,-0.2975719932241671
ips_acu,pit_spp,detrended,CZ,184,0.4298151633117608,1.137787973062183e-9,0.4359191693475371
ips_acu,pit_spp,detrended,DE,46,-0.08131197215561821,0.591130604937488,0.02127659574468085
ips_acu,pol_pol,detrended,CZ,184,0.2451643518376625,7.958134574786822e-4,0.2369151046984261
ips_acu,pol_pol,detrended,LT,23,0.45393709611500327,0.02957355474016431,0.40711462450592883
ips_acu,pri_abi,detrended,CZ,161,0.3333759198265184,1.5505473902429555e-5,0.380638946399816
ips_acu,pri_abi,detrended,DE,115,0.24366636627123645,0.00868623823499688,0.253531129172256
ips_acu,sap_car,detrended,DE,23,0.2369559104515508,0.2763193375083874,0.16996047430830039
ips_acu,sco_int,detrended,CZ,184,0.15306466891316722,0.038045852348245826,0.0887133748145865
ips_acu,sco_int,detrended,DE,138,0.14793472909873379,0.08334962131256232,0.21748719716705212
ips_acu,sco_rat,detrended,CZ,184,0.19397226242993354,0.008331217494068613,0.19430178574868526
ips_acu,sco_rat,detrended,DE,69,-0.09107389686733393,0.4567285031242172,-0.1247351114358787
ips_acu,sco_rat,detrended,LT,23,0.36078943367158683,0.09077851077856362,0.5039525691699606
ips_acu,sco_sco,detrended,DE,92,0.01586992798032665,0.8806484825833971,0.13761694126350507
ips_acu,sco_sco,detrended,LT,23,-0.5435584486341207,0.007345767794732897,-0.4367588932806324
ips_acu,tet_gab,detrended,CZ,46,0.05470641830767981,0.7180273476981865,0.09515880357693493
ips_acu,tet_gab,detrended,DE,138,0.24311795951328227,0.0040627161508213615,0.2330218338816728
ips_acu,tet_spp,detrended,DE,115,0.001023779826660754,0.9913360365030184,0.03808885031168627
ips_acu,tha_pit,detrended,BG,18,0.6668572047560554,0.0025051386611845156,0.6346749226006192
ips_acu,tha_pit,detrended,DE,23,0.0265175056860091,0.9044022311643565,0.043478260869565216
ips_acu,tha_pro,detrended,DE,138,-0.12395121087000087,0.1474928077048947,-0.04493491845685622
ips_acu,tom_spp,detrended,CZ,184,0.5712410969106327,2.507482620170686e-17,0.5954133035387489
ips_acu,tom_spp,detrended,DE,161,0.29411910026100785,1.5248609432337137e-4,0.3400707384403036
ips_acu,tom_spp,detrended,LT,23,0.40058659678783753,0.0581966252798546,0.5148221343873518
ips_acu,tom_spp,detrended,PL,260,-0.19111986668178652,0.0019651480031222016,-0.2237067685343547
ips_acu,tor_vir,detrended,BG,18,0.22703303646551765,0.3649462619492392,0.26728586171310625
ips_acu,tor_vir,detrended,DE,161,-0.05199902697138965,0.5124059074967728,-0.0033270071313549576
ips_acu,tor_vir,detrended,LT,23,0.3166758057233693,0.1409590019910456,0.18379446640316208
ips_acu,tor_vir,detrended,PL,320,-0.10680765364634424,0.056311193813512635,-0.12340330471977265
ips_acu,uro_sir_spp,detrended,DE,46,0.14860792637249873,0.32430155708441755,0.289300030835646
ips_acu,xyl_lin,detrended,DE,138,0.03617868793303513,0.6735539095380448,0.12174050033220012
ips_acu,xyl_spp,detrended,DE,161,0.009371083038939484,0.9060820738671531,0.12929319070623418
ips_acu,zei_gri,detrended,CZ,161,-0.14275750647933072,0.07083404409696108,-0.23129457096848402
ips_acu,zei_gri,detrended,DE,23,-0.1927142076227894,0.37832655658658454,-0.041501976284584984
ips_ami,ips_cem,detrended,DE,46,0.09936393951084126,0.5111800720832165,0.19087264878199195
ips_ami,ips_sex,detrended,DE,23,-0.03645142530290959,0.8688491762516203,0.05434782608695652
ips_ami,ips_typ,detrended,DE,46,0.09934412465296315,0.511264739308557,0.13080481036077704
ips_ami,lym_dis,detrended,DE,23,-0.0969277651946052,0.6599626633739178,-0.4150197628458498
ips_ami,lym_mon,detrended,DE,23,-0.384658220894362,0.06993328819958332,-0.26679841897233203
ips_ami,mel_spp,detrended,DE,23,-0.3052562848849221,0.1566617149530081,-0.12055335968379448
ips_ami,ope_spp,detrended,DE,23,0.5746160772378412,0.004132817277640086,0.2737154150197629
ips_ami,pan_fla,detrended,DE,23,0.06958114184612124,0.7524027438861798,9.881422924901185e-4
ips_ami,pha_cya,detrended,DE,46,-0.17524387389101656,0.24406222721573306,-0.12932469935245142
ips_ami,pis_pin,detrended,DE,23,0.1191595426391668,0.5881381420481773,0.22035573122529645
ips_ami,pit_bid,detrended,DE,23,0.05752282465744035,0.7943230280558677,0.1422924901185771
ips_ami,pit_cha,detrended,DE,46,0.19161600547819027,0.20206283143231854,0.1902559358618563
ips_ami,pri_abi,detrended,DE,23,0.10175773473603698,0.6440808724054237,0.5266798418972332
ips_ami,sap_car,detrended,DE,23,-0.012540829727184984,0.9547111286301551,-0.5810276679841897
ips_ami,sco_int,detrended,DE,46,0.22374244071045601,0.1349782392780556,0.17570151094665432
ips_ami,sco_rat,detrended,DE,23,0.19677476366045782,0.36816528401847004,0.38537549407114624
ips_ami,sco_sco,detrended,DE,46,0.3779306212860409,0.009610585197207352,0.25155720012334254
ips_ami,tet_gab,detrended,DE,46,0.2586393068519327,0.08264012552596962,0.12451433857539314
ips_ami,tet_spp,detrended,DE,46,0.01548581004259529,0.918641233343483,0.17964847363552264
ips_ami,tha_pit,detrended,DE,23,-0.2032212574303777,0.35236078095411993,-0.13043478260869565
ips_ami,tha_pro,detrended,DE,46,-0.061751649700665344,0.6835061411676657,-0.02966389145852605
ips_ami,tom_spp,detrended,DE,46,-0.0470772615803544,0.7560448948206725,-0.03274745605920444
ips_ami,tor_vir,detrended,DE,46,0.41278741899888793,0.004358796058748239,0.40610545790934316
ips_ami,uro_sir_spp,detrended,DE,23,-0.08983402622448118,0.6835461030519729,-0.14525691699604742
ips_ami,xyl_lin,detrended,DE,46,0.4446353035888903,0.001962221672424104,0.44175146469318527
ips_ami,xyl_spp,detrended,DE,46,0.17486128791346214,0.24510955603684778,0.2022201665124884
ips_cem,ips_sex,detrended,DE,184,0.3100065496806038,1.8484036208984478e-5,0.42720617980774783
ips_cem,ips_typ,detrended,DE,253,0.5144691308430114,1.692635001373573e-18,0.5325912818209978
ips_cem,lym_dis,detrended,DE,207,0.21803629838455588,0.0015991660247009008,0.24378727365219557
ips_cem,lym_mon,detrended,DE,184,0.046217526832579604,0.5332939230563385,0.1135558937412109
ips_cem,mel_spp,detrended,DE,207,0.2137095149314666,0.0019886277715316534,0.2201986665367839
ips_cem,neo_ser,detrended,DE,46,0.1543462391935718,0.30575436899211217,0.2077705827937095
ips_cem,ope_spp,detrended,DE,207,0.1932240828059009,0.005278735634269317,0.29166260782976705
ips_cem,pan_fla,detrended,DE,138,0.15854373725435275,0.0632697009919145,0.29577683457803733
ips_cem,pha_cya,detrended,DE,253,0.3035457656138951,8.615624961500764e-7,0.42582004324558254
ips_cem,pis_pin,detrended,DE,161,0.3654716638279164,1.8685624100118987e-6,0.40532551184725096
ips_cem,pit_bid,detrended,DE,115,0.38762618790078207,1.86903567041057e-5,0.4800362976406534
ips_cem,pit_cha,detrended,DE,253,0.5444777733507002,6.262638779677079e-21,0.5459591760516102
ips_cem,pit_spp,detrended,DE,92,0.31942270583124815,0.0019115534255490939,0.3505848989719957
ips_cem,pri_abi,detrended,DE,184,0.052598921352697364,0.47825293854680995,0.0933848317312323
ips_cem,sap_car,detrended,DE,23,0.2906562571409928,0.17847484914379425,0.23122529644268774
ips_cem,sco_int,detrended,DE,184,0.05000695209575759,0.5002308516927773,0.05307545606904124
ips_cem,sco_rat,detrended,DE,69,0.23973112828196286,0.04725461895418078,0.18417975886006577
ips_cem,sco_sco,detrended,DE,115,0.05986458866820046,0.5250805876856997,0.0691075514874142
ips_cem,tet_gab,detrended,DE,207,0.3708407434090937,3.786009449877684e-8,0.3862037427887998
ips_cem,tet_spp,detrended,DE,184,0.35224062499341624,9.412594257148348e-7,0.3776521353855637
ips_cem,tha_pit,detrended,DE,23,-0.014406106179656635,0.9479833071656396,-0.06422924901185771
ips_cem,tha_pro,detrended,DE,230,-0.04415903405404328,0.5051674521445993,0.019222357289568226
ips_cem,tom_spp,detrended,DE,253,0.31281330514898814,3.794347384238973e-7,0.33890575930973055
ips_cem,tor_vir,detrended,DE,230,0.1227486855883375,0.06310266837647666,0.18378238431399624
ips_cem,uro_sir_spp,detrended,DE,92,0.12497222889977504,0.23524256033515586,0.05328052032119352
ips_cem,xyl_lin,detrended,DE,230,0.26105364708789863,6.14402233006435e-5,0.3543716204054157
ips_cem,xyl_spp,detrended,DE,253,0.3100034442711811,4.879886443990202e-7,0.3832332223294223
ips_cem,zei_gri,detrended,DE,23,-0.12143445367004403,0.5809816138645287,-0.11758893280632411
ips_dup,ips_sex,detrended,CZ,184,0.2695831881132872,2.1506087555841228e-4,0.3099863227446976
ips_dup,ips_typ,detrended,RO,22,0.1281885875611346,0.5696852028576371,0.022021456804065496
ips_dup,ips_typ,detrended,SK,21,0.4920930372893046,0.0234522478787809,0.40779220779220776
ips_dup,lym_dis,detrended,CZ,138,0.24768259682936644,0.003401362974530322,0.1728605056291368
ips_dup,lym_dis,detrended,RO,22,-0.3741546865905717,0.08626267725098435,-0.4421230942970073
ips_dup,lym_dis,detrended,SK,21,-0.5439338614690336,0.010805808152723188,-0.7324675324675325
ips_dup,lym_mon,detrended,CZ,138,0.31003295205716563,2.151369279829137e-4,0.30874519679717977
ips_dup,neo_ser,detrended,CZ,46,-0.09526177419871151,0.5288577994053048,-0.01782300339192106
ips_dup,pan_fla,detrended,CZ,23,0.27766911248441734,0.19956369825343928,0.19861660079051385
ips_dup,pha_cya,detrended,CZ,184,0.2352913693460869,0.001303728849296425,0.3099843963707114
ips_dup,pit_cha,detrended,SK,21,0.2256958228653915,0.3252595945122254,0.15844155844155844
ips_dup,pit_spp,detrended,CZ,184,0.2890763532204131,6.897190825027355e-5,0.357402092042149
ips_dup,pol_pol,detrended,CZ,184,0.14146602321159632,0.05542802815999927,0.17297682572094544
ips_dup,pri_abi,detrended,CZ,161,0.0023458648152265495,0.9764388641731309,0.00530250747642052
ips_dup,sco_int,detrended,CZ,184,-0.053104258824794685,0.4740298756111194,-0.05569725106432163
ips_dup,sco_rat,detrended,CZ,184,0.07402627801506449,0.31795496015319724,0.10307256650806187
ips_dup,tet_gab,detrended,CZ,46,0.04756989635206373,0.7535715983727107,-0.05433240826395313
ips_dup,tom_spp,detrended,CZ,184,0.250686882301372,5.985261892638276e-4,0.31247905068289955
ips_dup,tor_vir,detrended,RO,22,0.31997308716008094,0.1465879940487293,0.3664596273291925
ips_dup,zei_gri,detrended,CZ,161,0.004786026344399404,0.9519525199184233,-0.043403496664366235
ips_sex,ips_typ,detrended,BG,18,-0.05466114722311962,0.8294407266038263,-0.1434468524251806
ips_sex,ips_typ,detrended,DE,184,0.33856316556958066,2.5918213693106085e-6,0.47999460615283845
ips_sex,lym_dis,detrended,BG,18,-0.6642994947239492,0.002638832531064566,-0.6759545923632612
ips_sex,lym_dis,detrended,CZ,138,0.19716056833750403,0.02045776182570031,0.19892508715972318
ips_sex,lym_dis,detrended,DE,161,0.17779218167522728,0.024048123124057217,0.16105360018403497
ips_sex,lym_mon,detrended,CZ,138,0.18772703044541136,0.027462848709992924,0.2077198285801698
ips_sex,lym_mon,detrended,DE,138,-0.1445487104893056,0.09073887292116901,-0.025427579231441882
ips_sex,mel_spp,detrended,DE,161,0.09352096714940378,0.23800423531186352,0.07459742351046698
ips_sex,neo_ser,detrended,BG,18,0.25236831968111473,0.312343551167529,0.27966976264189886
ips_sex,neo_ser,detrended,CZ,46,0.20855817660296766,0.16424604383817962,0.11168670983657107
ips_sex,neo_ser,detrended,DE,46,0.29400940653143726,0.04733773193705526,0.31113166820844895
ips_sex,ope_spp,detrended,DE,161,0.3007641094052545,1.0589037457454589e-4,0.44858810674028066
ips_sex,pan_fla,detrended,CZ,23,0.14205136003884453,0.5179201458813036,0.07015810276679842
ips_sex,pan_fla,detrended,DE,92,-0.03302805787845796,0.7546241879966313,0.14504569764036804
ips_sex,pha_cya,detrended,CZ,184,0.4634177399853375,3.4874923180501844e-11,0.4892046001810791
ips_sex,pha_cya,detrended,DE,184,0.33661108098463177,2.9833473411391734e-6,0.48779449442314726
ips_sex,pis_pin,detrended,DE,138,0.309694744257122,2.1876671688785584e-4,0.4222868610855523
ips_sex,pit_bid,detrended,DE,115,0.40087390212281887,9.01283739794742e-6,0.609745127436282
ips_sex,pit_cha,detrended,DE,184,0.28798395518306574,7.367541755316862e-5,0.3803837336980601
ips_sex,pit_spp,detrended,CZ,184,0.36569131849013276,3.315054285625348e-7,0.3639132361156595
ips_sex,pit_spp,detrended,DE,69,0.133738512434288,0.27327544793298536,0.19240043843624408
ips_sex,pol_pol,detrended,CZ,184,0.20907637148738442,0.004395759697159335,0.15665465893548572
ips_sex,pri_abi,detrended,CZ,161,0.2064932485255135,0.008586921084759771,0.24893892339544516
ips_sex,pri_abi,detrended,DE,161,0.11904894119910583,0.132543766230917,0.15346503335633768
ips_sex,sap_car,detrended,DE,23,0.32427016176668916,0.13115761144341628,0.21739130434782608
ips_sex,sco_int,detrended,CZ,184,0.1450477020436479,0.04947026981702675,0.07916241259078037
ips_sex,sco_int,detrended,DE,161,0.0678746598650672,0.39226918538253974,0.12451115711985278
ips_sex,sco_rat,detrended,CZ,184,0.15764404711221194,0.032581967996654575,0.1497389763248637
ips_sex,sco_rat,detrended,DE,69,0.31111258395610464,0.009268140970897685,0.1766898063573256
ips_sex,sco_sco,detrended,DE,92,0.08473581943100564,0.42192232376460725,0.1762557218377695
ips_sex,tet_gab,detrended,CZ,46,0.11126574721837049,0.4616313045060312,0.08122109158186863
ips_sex,tet_gab,detrended,DE,161,0.2752491627040874,4.096038213126204e-4,0.2371463077984817
ips_sex,tet_spp,detrended,DE,115,0.10544224813971582,0.2620669153145553,0.045009074410163344
ips_sex,tha_pit,detrended,BG,18,0.2552171840746348,0.3067267827215092,0.23839009287925697
ips_sex,tha_pit,detrended,DE,23,0.42256915817161783,0.04456039787372253,0.3458498023715415
ips_sex,tha_pro,detrended,DE,161,-0.1132208323486872,0.1527113033774644,-0.05981423970554405
ips_sex,tom_spp,detrended,CZ,184,0.40685180105340585,9.980215654351702e-9,0.4349424977365105
ips_sex,tom_spp,detrended,DE,184,0.21810537488886264,0.0029370107370772906,0.2488971508928743
ips_sex,tor_vir,detrended,BG,18,0.032015628556161156,0.8996441674869817,0.1021671826625387
ips_sex,tor_vir,detrended,DE,161,-0.06512117123486785,0.4118010456098685,0.0333994708994709
ips_sex,uro_sir_spp,detrended,DE,69,0.15007948951851585,0.2183736331122215,0.2797953964194374
ips_sex,xyl_lin,detrended,DE,184,0.10929717918998935,0.13970143300722562,0.16003929802931938
ips_sex,xyl_spp,detrended,DE,184,0.21957784458390844,0.0027459118291047625,0.3131012694804569
ips_sex,zei_gri,detrended,CZ,161,-0.2283645087933653,0.0035723645711691777,-0.23961927766275593
ips_sex,zei_gri,detrended,DE,23,-0.1394829709549954,0.5255931532426277,-0.05928853754940711
ips_typ,lym_dis,detrended,AT,126,0.18403076133203583,0.03913111533648729,0.08627221597300337
ips_typ,lym_dis,detrended,BG,18,0.13787459294568277,0.5853581548713638,0.09597523219814241
ips_typ,lym_dis,detrended,DE,207,0.3218226447283786,2.2608663306281205e-6,0.31962664112305317
ips_typ,lym_dis,detrended,HR,23,0.37550127375400505,0.07744908941122527,0.41304347826086957
ips_typ,lym_dis,detrended,HU,23,0.3313586379845652,0.12245985725152478,0.325098814229249
ips_typ,lym_dis,detrended,LT,23,0.23988096688293137,0.27025808748132174,0.25790513833992096
ips_typ,lym_dis,detrended,RO,22,-0.1861173869162202,0.4069383670918638,-0.1597967250141163
ips_typ,lym_dis,detrended,RS,20,-0.08093000872308925,0.7344722005446062,-0.18195488721804512
ips_typ,lym_dis,detrended,SK,22,-0.13106792647990154,0.5609739142988281,-0.19480519480519476
ips_typ,lym_mon,detrended,DE,184,0.09512045547639407,0.1990027537414713,0.1424958101365799
ips_typ,lym_mon,detrended,LT,23,-0.08718985073687709,0.6924119327586222,0.13537549407114624
ips_typ,lym_mon,detrended,PL,320,0.08395312789774503,0.13398550636969545,0.07725807869217473
ips_typ,mel_spp,detrended,DE,207,0.07044270025389436,0.3131615654919694,0.11327131430550597
ips_typ,mel_spp,detrended,PL,340,0.03352302918710431,0.5378741383737475,0.032438505726947564
ips_typ,neo_ser,detrended,BG,18,-0.5480433638049056,0.01853975640466052,-0.3498452012383901
ips_typ,neo_ser,detrended,DE,46,0.10868417767396078,0.47215343738751925,0.19284613012642615
ips_typ,ope_spp,detrended,DE,207,0.1228528483019169,0.07781152679415436,0.25351765864640496
ips_typ,pan_fla,detrended,DE,138,0.25252996374917713,0.002806636576582449,0.3777240980937877
ips_typ,pan_fla,detrended,LT,23,-0.19429879389313823,0.3743423592613522,-0.30039525691699603
ips_typ,pan_fla,detrended,PL,300,0.24079632723090102,2.4923190380570285e-5,0.24180757563972932
ips_typ,pha_cya,detrended,AT,147,0.23516603637566985,0.004140954129532842,0.2825899704568981
ips_typ,pha_cya,detrended,DE,253,0.4726432836246998,1.7446832722372653e-15,0.5903807478610629
ips_typ,pha_cya,detrended,LT,23,0.47163422262652405,0.023088696522390102,0.41106719367588934
ips_typ,pha_cya,detrended,PL,340,0.047078016481716105,0.38684190096280446,0.23507734394201452
ips_typ,pis_pin,detrended,DE,161,0.4017743909038858,1.2741271152756784e-7,0.4442977915804003
ips_typ,pis_pin,detrended,LT,23,-0.3615664621137557,0.09003443115712964,-0.21245059288537552
ips_typ,pit_bid,detrended,DE,115,0.31191997903459073,6.900434885788575e-4,0.48548883453010344
ips_typ,pit_cha,detrended,AT,189,0.7125115557852781,1.3683142807361695e-30,0.7417053271476565
ips_typ,pit_cha,detrended,DE,253,0.796543137816031,8.80403884135102e-57,0.7873000558724627
ips_typ,pit_cha,detrended,IT,23,-0.08132998613718634,0.7121981183725066,-0.15217391304347827
ips_typ,pit_cha,detrended,LT,23,-0.021582042407441708,0.9221365329908036,0.10474308300395258
ips_typ,pit_cha,detrended,SI,23,0.4684657776965464,0.024156843719533843,0.4723320158102767
ips_typ,pit_cha,detrended,SK,22,0.7353719307008052,9.644450402082212e-5,0.7233201581027667
ips_typ,pit_spp,detrended,AT,147,0.41782224957439906,1.3983703246637655e-7,0.4877823028507961
ips_typ,pit_spp,detrended,DE,92,0.20122187890661422,0.054431575916598376,0.1829600974061002
ips_typ,pit_spp,detrended,HR,23,0.5702296038224474,0.004497667954889558,0.6136363636363636
ips_typ,pit_spp,detrended,SI,23,0.3421723580250397,0.11000691204923484,0.38636363636363635
ips_typ,pol_pol,detrended,LT,23,0.5943054449901346,0.002785772007827168,0.6215415019762845
ips_typ,pri_abi,detrended,DE,184,0.04528313024051258,0.5416117762556665,0.1067673518136811
ips_typ,sap_car,detrended,DE,23,0.21383673059068728,0.3272195557556665,0.18379446640316208
ips_typ,sco_int,detrended,DE,184,0.05371300151172181,0.4689697708922279,0.002562077401706767
ips_typ,sco_rat,detrended,DE,69,0.2529839799507661,0.035967034271307034,0.17179393496529047
ips_typ,sco_rat,detrended,LT,23,0.14546121953516003,0.5078169492987851,0.35177865612648224
ips_typ,sco_sco,detrended,DE,115,0.03232650554512718,0.73162422207191935,0.0029432652095005133
ips_typ,sco_sco,detrended,LT,23,-0.15924417594077983,0.4679796598950893,0.004940711462450593
ips_typ,tet_gab,detrended,AT,126,0.14956362682028546,0.09461674409170384,0.13975553055868017
ips_typ,tet_gab,detrended,DE,207,0.4056091501967393,1.3361715219180758e-9,0.3673274453139376
ips_typ,tet_spp,detrended,DE,184,0.2525799040295326,5.420440628652091e-4,0.2517135096607655
ips_typ,tha_pit,detrended,BG,18,0.2214348861996685,0.3772044535629584,0.23632610939112486
ips_typ,tha_pit,detrended,DE,23,-0.08484956859115517,0.7002915687386639,-0.09189723320158104
ips_typ,tha_pit,detrended,HR,23,0.18418781279932242,0.4001764576228394,0.1225296442687747
ips_typ,tha_pro,detrended,DE,230,-0.06922324334047147,0.2958579592880623,-0.003962432099891754
ips_typ,tom_spp,detrended,AT,168,0.3347060109171162,9.229575631444247e-6,0.37699242259352816
ips_typ,tom_spp,detrended,DE,253,0.2018868186934996,0.0012439180203208508,0.20395597783478647
ips_typ,tom_spp,detrended,LT,23,0.0603804323160006,0.7843341180270309,0.26778656126482214
ips_typ,tom_spp,detrended,PL,280,-0.09885444670039882,0.09877999097198989,-0.12387074908025429
ips_typ,tor_vir,detrended,BG,18,0.5228917642299058,0.02597746412881737,0.41382868937048506
ips_typ,tor_vir,detrended,DE,230,0.19891674661483436,0.0024404498712896727,0.2208719323205748
ips_typ,tor_vir,detrended,LT,23,0.1242799544524653,0.5720836836701352,0.0741106719367589
ips_typ,tor_vir,detrended,PL,340,-0.03925138570548282,0.47068039918098514,-0.07638067294496237
ips_typ,tor_vir,detrended,RO,22,-0.5024543838852125,0.017166639188010174,-0.5663466967814793
ips_typ,uro_sir_spp,detrended,DE,92,0.21600918394662974,0.0386360820445128,0.24611993896706377
ips_typ,xyl_lin,detrended,DE,230,0.23678345047855584,2.9110203631795624e-4,0.28832648270658523
ips_typ,xyl_spp,detrended,DE,253,0.20727526570729,9.109347094259054e-4,0.3558564566780931
ips_typ,zei_gri,detrended,DE,23,-0.122239775651862,0.5784572773404757,-0.06225296442687747
lym_dis,lym_mon,detrended,CZ,115,0.14314830347826796,0.12696103535638162,-0.03692101317762172
lym_dis,lym_mon,detrended,DE,161,0.1009513703440034,0.20259032383215406,0.17824649183344835
lym_dis,lym_mon,detrended,LT,23,0.07371351104060761,0.7381846443277913,0.0029644268774703555
lym_dis,mel_spp,detrended,DE,184,-0.022410607158823183,0.7626836631950622,0.07852863554930553
lym_dis,neo_ser,detrended,BG,18,0.08067605425456612,0.7503135571523675,0.3065015479876161
lym_dis,neo_ser,detrended,CZ,23,0.04839690874669855,0.8264257996008982,-0.15612648221343872
lym_dis,neo_ser,detrended,DE,46,0.30547629156939876,0.03897433240052184,0.3810669133518347
lym_dis,ope_spp,detrended,DE,161,0.09820003846831653,0.21523155725281437,0.10848573729008511
lym_dis,pan_fla,detrended,CZ,23,0.4838712233259971,0.01931414274957456,0.4960474308300395
lym_dis,pan_fla,detrended,DE,138,0.21738947491821453,0.010430355360020405,0.22658331601935205
lym_dis,pan_fla,detrended,LT,23,-0.1826938299827837,0.4040758933272198,-0.015810276679841896
lym_dis,pha_cya,detrended,AT,126,0.29607070199178165,7.625016021405504e-4,0.27794225721784777
lym_dis,pha_cya,detrended,CZ,138,0.10742262236828509,0.20981148740972097,0.1123658356716721
lym_dis,pha_cya,detrended,DE,207,0.12397708185239713,0.07511017634154173,0.2157785931530128
lym_dis,pha_cya,detrended,LT,23,0.2809587036818215,0.19406960309229362,0.2994071146245059
lym_dis,pis_pin,detrended,DE,138,0.2743555512816221,0.0011285454857122717,0.2591092470358844
lym_dis,pis_pin,detrended,LT,23,0.10866391142875607,0.6216326821698754,0.00691699604743083
lym_dis,pit_bid,detrended,DE,115,0.1885959615585567,0.04353668405017924,0.18736684289434233
lym_dis,pit_cha,detrended,AT,126,0.08186540147948808,0.36213238437042783,0.07452568428946381
lym_dis,pit_cha,detrended,DE,207,0.22929145210741994,8.894610079167835e-4,0.2619370393220119
lym_dis,pit_cha,detrended,LT,23,0.2762907359416901,0.20189676249522062,0.3221343873517787
lym_dis,pit_cha,detrended,SK,22,-0.11506484869315704,0.6101232450189926,-0.1281761716544325
lym_dis,pit_spp,detrended,AT,105,0.06469091470705537,0.5120578205364731,0.006935517312875802
lym_dis,pit_spp,detrended,CZ,138,0.14957308307468214,0.07995152975098621,0.25529636589046756
lym_dis,pit_spp,detrended,DE,92,0.13356999561621752,0.20432057291750083,0.11355825100565631
lym_dis,pit_spp,detrended,HR,23,0.37561555015992165,0.07735168890697873,0.39822134387351776
lym_dis,pol_pol,detrended,CZ,138,-0.10147702277955552,0.23629359716924372,-0.07427355481530357
lym_dis,pol_pol,detrended,LT,23,0.35342632545535546,0.09805836865389557,0.3883399209486166
lym_dis,pri_abi,detrended,CZ,115,0.08313354991162604,0.377074641768248,0.29771167048054925
lym_dis,pri_abi,detrended,DE,161,-0.01781245523652358,0.8225460980359011,-0.0362663906142167
lym_dis,sap_car,detrended,DE,23,-0.20901351109153185,0.338505611095254,0.1956521739130435
lym_dis,sco_int,detrended,CZ,138,-0.02618324222107899,0.7604895667304353,-0.028592042265901653
lym_dis,sco_int,detrended,DE,161,-0.005870201467122093,0.9410861611386219,0.02718253968253968
lym_dis,sco_rat,detrended,CZ,138,0.19379808674237006,0.02275393021805228,0.18462335812086603
lym_dis,sco_rat,detrended,DE,69,-0.18552999898572853,0.1269457095289136,-0.19499451954694924
lym_dis,sco_rat,detrended,LT,23,0.30815793004162223,0.1525603280175279,0.4189723320158103
lym_dis,sco_sco,detrended,DE,92,0.20878511470805336,0.04579421082581551,0.15734475902778844
lym_dis,sco_sco,detrended,LT,23,-0.12265080913875877,0.5771707092181603,-0.3922924901185771
lym_dis,tet_gab,detrended,AT,105,0.1147781774045094,0.24365273534934723,0.1432096205681111
lym_dis,tet_gab,detrended,CZ,46,0.024463059636895282,0.8717984646220286,-0.11748381128584644
lym_dis,tet_gab,detrended,DE,161,0.19994060330526275,0.010992894147816932,0.24355014952841042
lym_dis,tet_spp,detrended,DE,161,0.12694035430979722,0.10857294413705963,0.1160829307568438
lym_dis,tha_pit,detrended,BG,18,-0.3226352732365293,0.19161780278825774,-0.16408668730650156
lym_dis,tha_pit,detrended,DE,23,0.04580568630186289,0.8355926590472651,-0.06027667984189724
lym_dis,tha_pit,detrended,HR,23,-0.4130261497331577,0.050134862330251474,-0.29249011857707513
lym_dis,tha_pro,detrended,DE,184,0.12486495513827943,0.09125316640382007,0.12898422299705264
lym_dis,tom_spp,detrended,AT,126,0.3012392817253542,6.087577304930101e-4,0.21856767904011998
lym_dis,tom_spp,detrended,CZ,138,0.31985596033422037,1.3117422389649804e-4,0.34396069307676674
lym_dis,tom_spp,detrended,DE,207,0.10160590173541041,0.14517853738356618,0.16026317498457646
lym_dis,tom_spp,detrended,LT,23,0.35749853962561035,0.09398070908714935,0.2183794466403162
lym_dis,tor_vir,detrended,BG,18,0.1574470381455626,0.5326627103272012,0.06501547987616099
lym_dis,tor_vir,detrended,DE,184,-0.017425290745173162,0.8143832428081706,-0.08945502879929108
lym_dis,tor_vir,detrended,LT,23,0.31316183320041013,0.14566631687656503,0.30237154150197626
lym_dis,tor_vir,detrended,RO,23,-0.14645820555234465,0.5048811689633779,-0.08102766798418971
lym_dis,uro_sir_spp,detrended,DE,69,0.1282385183859851,0.2936666795162912,0.14285714285714288
lym_dis,xyl_lin,detrended,DE,184,-0.04630114710350623,0.5325526829674014,-0.04148061104582843
lym_dis,xyl_spp,detrended,DE,207,0.06533275669237198,0.3496428112192935,0.07820296349211504
lym_dis,zei_gri,detrended,CZ,115,0.15870673549166678,0.09024580104392757,-0.11649175412293855
lym_dis,zei_gri,detrended,DE,23,0.12833460144423542,0.5595095331787017,0.31521739130434784
lym_mon,mel_spp,detrended,DE,161,0.0192821950643234,0.80817597093725,0.07263342535081665
lym_mon,mel_spp,detrended,PL,320,0.16723167124623523,0.0026910750135554365,0.13154022500219728
lym_mon,neo_ser,detrended,CZ,46,-0.004294451522832836,0.9774030059525018,-0.013876040703052728
lym_mon,neo_ser,detrended,DE,46,-0.1843311184613481,0.22007463229260105,-0.10527289546716001
lym_mon,ope_spp,detrended,DE,138,0.24170429371975186,0.004289766847153002,0.25553838110089516
lym_mon,pan_fla,detrended,CZ,23,0.4727562286813534,0.022719679262381987,0.19762845849802374
lym_mon,pan_fla,detrended,DE,138,-0.06068913407006646,0.4795023264360778,0.04386183214646943
lym_mon,pan_fla,detrended,LT,23,0.21096337660038214,0.33391547903557905,0.00691699604743083
lym_mon,pan_fla,detrended,PL,300,0.4026521838662877,4.0342745528153253e-13,0.4224758052867254
lym_mon,pha_cya,detrended,CZ,138,0.1394699609167307,0.10278856784157828,0.13644406594686165
lym_mon,pha_cya,detrended,DE,184,0.11416900499719006,0.12279195329018118,0.17138371443432027
lym_mon,pha_cya,detrended,LT,23,0.005702623396030261,0.9793979017233991,0.043478260869565216
lym_mon,pha_cya,detrended,PL,320,-0.13701745173386295,0.014165815691887554,-0.11704398968739929
lym_mon,pis_pin,detrended,DE,138,0.11549788823282166,0.1773463663967105,0.16879191029911708
lym_mon,pis_pin,detrended,LT,23,-0.4785009333058062,0.020903912455865082,-0.6462450592885375
lym_mon,pit_bid,detrended,DE,92,-0.2200653148935829,0.035044304352485664,-0.12920179399842793
lym_mon,pit_cha,detrended,DE,184,0.1553303965310421,0.035252909436793184,0.20017722640673458
lym_mon,pit_cha,detrended,LT,23,-0.0517045654554139,0.814756362715976,-0.13339920948616601
lym_mon,pit_spp,detrended,CZ,138,0.17053512968076967,0.04552340916813555,0.1335079191486544
lym_mon,pit_spp,detrended,DE,46,-0.3868689930971267,0.007908284697566766,-0.6551341350601294
lym_mon,pol_pol,detrended,CZ,138,0.1564109204474331,0.0669526472700893,0.16765489544257958
lym_mon,pol_pol,detrended,LT,23,-0.10286916374955161,0.6404471964204128,-0.12450592885375494
lym_mon,pri_abi,detrended,CZ,115,0.040976592811155635,0.6637023131380095,0.01020279334017202
lym_mon,pri_abi,detrended,DE,161,-0.0795539193880965,0.3157876664017102,-0.07392167011732229
lym_mon,sap_car,detrended,DE,23,-0.15495751636997432,0.48019460908848177,-0.045454545454545456
lym_mon,sco_int,detrended,CZ,138,0.05549984323682466,0.5179272418916289,0.04268828669213153
lym_mon,sco_int,detrended,DE,115,-0.01584929607989289,0.8664900024197326,-0.012854099266156396
lym_mon,sco_rat,detrended,CZ,138,0.15652863352317134,0.06674492807742821,0.13384126085358306
lym_mon,sco_rat,detrended,DE,69,-0.09879196785602583,0.4193127299311037,-0.12236024844720499
lym_mon,sco_rat,detrended,LT,23,-0.2580087946840781,0.23458954570941934,-0.18478260869565216
lym_mon,sco_sco,detrended,DE,69,0.18208850494181408,0.13427406960472693,0.1936426744610888
lym_mon,sco_sco,detrended,LT,23,-0.14458473182969236,0.5104047407457093,0.18577075098814227
lym_mon,tet_gab,detrended,CZ,46,-0.16368778065140444,0.27704407853004553,-0.04767190872648781
lym_mon,tet_gab,detrended,DE,161,-0.1585865360385841,0.04450614056355981,-0.010932827237175063
lym_mon,tet_spp,detrended,DE,115,0.15998367696472934,0.08765289715731583,0.1755306557247692
lym_mon,tha_pit,detrended,DE,23,-0.14024968461678933,0.5232969868536431,-0.20059288537549405
lym_mon,tha_pro,detrended,DE,161,0.5026244644217222,1.0906624094181879e-11,0.4565102369450196
lym_mon,tom_spp,detrended,CZ,138,0.2035305397564586,0.016651568006807473,0.2110441129800063
lym_mon,tom_spp,detrended,DE,184,0.06407619499275016,0.38751263685985504,0.1792702895340101
lym_mon,tom_spp,detrended,LT,23,-0.22138128550366368,0.31002610623328314,-0.2292490118577075
lym_mon,tom_spp,detrended,PL,260,-0.15477974170456663,0.012461478950541787,-0.14135643790816202
lym_mon,tor_vir,detrended,DE,161,0.23758086918756277,0.0024081774201625836,0.18417874396135267
lym_mon,tor_vir,detrended,LT,23,-0.023362062755208926,0.9157359232863462,0.30632411067193677
lym_mon,tor_vir,detrended,PL,320,0.004722573549305485,0.9329372997761565,0.008863123663317023
lym_mon,uro_sir_spp,detrended,DE,46,0.031221645289272168,0.8368080966079,0.05630588960838729
lym_mon,xyl_lin,detrended,DE,161,0.021700441597682002,0.7846730021063643,0.09256096158270072
lym_mon,xyl_spp,detrended,DE,184,-0.006720349911397357,0.9278588643652695,0.13218585656219298
lym_mon,zei_gri,detrended,CZ,138,-0.026118827444405683,0.7610610330226506,-0.05154239033400381
lym_mon,zei_gri,detrended,DE,23,0.543414068210346,0.0073645167800987475,0.4535573122529644
mel_spp,neo_ser,detrended,DE,46,-0.24788865438690644,0.09670707977645528,0.04668516805427073
mel_spp,ope_spp,detrended,DE,161,0.017233135015452688,0.8282268263462382,-0.09843570278352887
mel_spp,pan_fla,detrended,DE,115,0.2224801510897847,0.016857408273538693,0.4374654777874221
mel_spp,pan_fla,detrended,PL,300,0.08597448912256515,0.13736979338978159,0.08690852120579118
mel_spp,pha_cya,detrended,DE,207,0.08472130975388745,0.2248510065972006,0.06172814451624077
mel_spp,pha_cya,detrended,PL,340,-0.023648498604402612,0.6639169190996763,-0.015094777432941357
mel_spp,pis_pin,detrended,DE,138,0.2628307916464662,0.0018430458789472515,0.23046925836036974
mel_spp,pit_bid,detrended,DE,92,-0.09550695036896242,0.3651381756939006,-0.06488602561533836
mel_spp,pit_cha,detrended,DE,207,-0.0037120200819713337,0.9576654199718917,0.06702627961597991
mel_spp,pit_spp,detrended,DE,92,-0.07622216357350378,0.4702005461379498,-0.1396513724704468
mel_spp,pri_abi,detrended,DE,161,-0.018304259115301504,0.817730750082499,0.0236858753163101
mel_spp,sap_car,detrended,DE,23,0.3178143200991527,0.1394573509406228,0.045454545454545456
mel_spp,sco_int,detrended,DE,138,0.10690692777177546,0.21202052812031677,0.11392295240291421
mel_spp,sco_rat,detrended,DE,69,0.14971359734833412,0.2195111375560395,-0.01267811472415053
mel_spp,sco_sco,detrended,DE,92,-0.19380447023107508,0.0641576034461932,-0.16959758334232383
mel_spp,tet_gab,detrended,DE,184,0.14451089602475184,0.05032769603964199,0.15885650440176455
mel_spp,tet_spp,detrended,DE,161,0.3050439222491502,8.333174682396915e-5,0.325477340694732
mel_spp,tha_pit,detrended,DE,23,0.23409955123878756,0.2823204189776187,0.25889328063241107
mel_spp,tha_pro,detrended,DE,184,0.030853116024344443,0.6775863961462656,-3.0436708982681894e-4
mel_spp,tom_spp,detrended,DE,207,0.3057452044231285,7.4636495265263915e-6,0.36032595166195847
mel_spp,tom_spp,detrended,PL,280,0.046714582673772265,0.4362078339612503,0.015985808856891395
mel_spp,tor_vir,detrended,DE,184,-0.08749417192986678,0.23759994835358245,-0.17368573134788384
mel_spp,tor_vir,detrended,PL,340,-0.09352612830346214,0.08507644312529322,-0.09070910953331063
mel_spp,uro_sir_spp,detrended,DE,69,0.06560370393210349,0.5922576520829461,-0.028388746803069055
mel_spp,xyl_lin,detrended,DE,184,-0.00270060661577008,0.9709767854319811,-0.07231030032170445
mel_spp,xyl_spp,detrended,DE,207,-0.02474651115439533,0.7233849660550351,-0.040131073372947586
mel_spp,zei_gri,detrended,DE,23,0.08994139168524169,0.6831869537296481,0.43379446640316205
neo_ser,ope_spp,detrended,DE,46,0.053472310479718725,0.7241343692404962,0.10440949737897007
neo_ser,pan_fla,detrended,CZ,23,0.03740369259167708,0.8654528446567735,-0.6037549407114625
neo_ser,pan_fla,detrended,DE,46,-0.18276610180819847,0.2240848119947251,0.2028368794326241
neo_ser,pha_cya,detrended,CZ,46,0.07914839782365105,0.6010725850022458,0.16879432624113475
neo_ser,pha_cya,detrended,DE,46,0.19479099163406854,0.19454670179372602,0.2261486278137527
neo_ser,pis_pin,detrended,DE,46,-0.076750857450043,0.6121739668407673,0.09441874807277212
neo_ser,pit_bid,detrended,DE,46,0.32489629881915555,0.027590549139506128,0.39697810669133515
neo_ser,pit_cha,detrended,DE,46,0.032609238377160836,0.8296604143182003,0.05420906567992599
neo_ser,pit_spp,detrended,CZ,46,0.06401205162133768,0.6725603397653892,0.07739747147702744
neo_ser,pol_pol,detrended,CZ,46,0.044435062350798346,0.7693508313248704,-0.10169596053037311
neo_ser,pri_abi,detrended,CZ,46,0.09072729506271757,0.5487417170556708,0.09589885908109774
neo_ser,pri_abi,detrended,DE,46,-0.01602132580191802,0.9158376892685447,0.07295713845205055
neo_ser,sco_int,detrended,CZ,46,0.07912798004675664,0.6011667543362937,0.0975023126734505
neo_ser,sco_int,detrended,DE,46,-0.05420412984330511,0.7205108645029019,0.036324390995991364
neo_ser,sco_rat,detrended,CZ,46,0.09593755650370245,0.5259250811955372,0.11625038544557506
neo_ser,sco_rat,detrended,DE,46,0.2903579375965137,0.05028784231812898,0.34566759173604683
neo_ser,sco_sco,detrended,DE,46,0.13933714734532682,0.35572648247212435,0.19999999999999996
neo_ser,tet_gab,detrended,CZ,23,-0.23121711719033672,0.28845860439724175,0.3547430830039525
neo_ser,tet_gab,detrended,DE,46,0.2708649332597117,0.06864620783966797,0.43533765032377425
neo_ser,tet_spp,detrended,DE,23,-0.31922622803957,0.1376109916656529,-0.1442687747035573
neo_ser,tha_pit,detrended,BG,18,-0.22500893852482723,0.3693522098552138,-0.11867905056759546
neo_ser,tha_pro,detrended,DE,23,0.07854759066191377,0.7216571928826456,0.004940711462450593
neo_ser,tom_spp,detrended,CZ,46,0.031098299930491,0.8374441042622113,0.08701819303114398
neo_ser,tom_spp,detrended,DE,46,0.19217286227035718,0.20073002719216398,0.26808510638297867
neo_ser,tor_vir,detrended,BG,18,0.01987861816354593,0.9375971457285719,0.04643962848297214
neo_ser,tor_vir,detrended,DE,46,0.11986927142564195,0.4274946681145996,0.08751156336725253
neo_ser,uro_sir_spp,detrended,DE,23,0.2810622791006796,0.19389830482739304,0.06422924901185771
neo_ser,xyl_lin,detrended,DE,46,0.021575620980529717,0.8868254414019191,-0.04384828862164662
neo_ser,xyl_spp,detrended,DE,46,0.07973309464308198,0.5983786244369838,0.0950354609929078
neo_ser,zei_gri,detrended,CZ,46,-0.09281074467045189,0.5395615945038685,-0.1669441874807277
neo_ser,zei_gri,detrended,DE,23,0.13764115714561714,0.5311284778196337,0.2450592885375494
ope_spp,pan_fla,detrended,DE,92,-0.08906653208436488,0.3985043676041591,-0.038839141223432946
ope_spp,pha_cya,detrended,DE,207,0.08733255010614153,0.21083232437489358,0.19826335898518258
ope_spp,pis_pin,detrended,DE,115,0.12520834182000168,0.1824349766094985,0.3049948709855599
ope_spp,pit_bid,detrended,DE,92,0.32324651639979546,0.0016727739557860196,0.492840959881633
ope_spp,pit_cha,detrended,DE,207,0.0983185409823173,0.15871435801235168,0.1544685088374409
ope_spp,pit_spp,detrended,DE,92,0.13783246785834344,0.19011802685168844,0.13143658585453813
ope_spp,pri_abi,detrended,DE,161,-0.08589972261276634,0.2786058141331342,-0.013408672647803084
ope_spp,sco_int,detrended,DE,161,-0.03707159123546539,0.6405849287824394,-0.045439383482861744
ope_spp,sco_rat,detrended,DE,46,0.1621099364239327,0.28176449999179887,-0.03558433549182855
ope_spp,sco_sco,detrended,DE,92,0.12198772097236982,0.24670107508757305,0.24013994420726537
ope_spp,tet_gab,detrended,DE,161,0.10437398884386664,0.18762414056808546,0.1417184265010352
ope_spp,tet_spp,detrended,DE,138,0.016580522890539233,0.8469443813447164,0.00891118270093541
ope_spp,tha_pro,detrended,DE,184,0.18336892532318205,0.01271873175378754,0.15736741731039663
ope_spp,tom_spp,detrended,DE,207,0.15778180693242969,0.023172430356039636,0.24905293805673717
ope_spp,tor_vir,detrended,DE,184,0.5724727407576549,2.0682783519911903e-17,0.5500202269268556
ope_spp,uro_sir_spp,detrended,DE,92,-0.0845571271764483,0.4229053195420759,0.07126674167347377
ope_spp,xyl_lin,detrended,DE,207,0.14025935616955307,0.04382757657418996,0.17741311383143382
ope_spp,xyl_spp,detrended,DE,207,0.07385159004772845,0.2902606427241079,0.15515309932785662
ope_spp,zei_gri,detrended,DE,23,-0.01695112426377923,0.9388093688515637,-0.07608695652173914
pan_fla,pha_cya,detrended,CZ,23,0.10785468384749401,0.6242467191482151,0.23517786561264822
pan_fla,pha_cya,detrended,DE,138,0.1347954716837089,0.11495949021438702,0.27474890921918127
pan_fla,pha_cya,detrended,LT,23,-0.508127823236243,0.01330417402243525,-0.25691699604743085
pan_fla,pha_cya,detrended,PL,300,-0.007760303507108,0.8935185896697803,0.0734021489127657
pan_fla,pis_pin,detrended,DE,115,0.008550394319097055,0.927736744434112,0.06621952181803836
pan_fla,pis_pin,detrended,LT,23,-0.474644720550129,0.022109294454714788,-0.33300395256917
pan_fla,pit_bid,detrended,DE,92,0.12609909928858787,0.23101402788903336,0.19616848789359304
pan_fla,pit_cha,detrended,DE,138,0.24075902012624123,0.004447870645601058,0.3394582968978672
pan_fla,pit_cha,detrended,LT,23,-0.35407921169665646,0.09739595275359819,-0.1808300395256917
pan_fla,pit_spp,detrended,CZ,23,0.07009047066473051,0.7506459988037584,0.10276679841897234
pan_fla,pit_spp,detrended,DE,23,0.30568457915142133,0.15605151425270924,0.2450592885375494
pan_fla,pol_pol,detrended,CZ,23,0.16614377769736643,0.44865917469371486,0.19960474308300394
pan_fla,pol_pol,detrended,LT,23,-0.3264313241551197,0.1284601515810252,-0.13043478260869565
pan_fla,pri_abi,detrended,CZ,23,0.05074338991268127,0.8181435873688604,0.06027667984189724
pan_fla,pri_abi,detrended,DE,115,0.1934400430499727,0.03832525839290767,0.1646650359031011
pan_fla,sap_car,detrended,DE,23,-0.04019875143457242,0.8554975617361312,-0.017786561264822136
pan_fla,sco_int,detrended,CZ,23,0.3058617676603815,0.15579955876686694,0.08596837944664032
pan_fla,sco_int,detrended,DE,92,0.019436498588493258,0.8540944729255178,0.11824360772467363
pan_fla,sco_rat,detrended,CZ,23,0.07119307278186708,0.7468470837954491,0.30632411067193677
pan_fla,sco_rat,detrended,DE,69,-0.2281152427854319,0.05940438187907958,-0.05900621118012423
pan_fla,sco_rat,detrended,LT,23,-0.13869649433179376,0.5279534548016601,0
pan_fla,sco_sco,detrended,DE,69,-0.023421431877738555,0.8485060612801563,0.010230179028132993
pan_fla,sco_sco,detrended,LT,23,-0.020405806916955038,0.9263686383111542,-0.3814229249011858
pan_fla,tet_gab,detrended,CZ,23,0.026308307468919913,0.905153093148106,-0.48122529644268774
pan_fla,tet_gab,detrended,DE,92,0.03512051886447315,0.7396167494590505,0.1655595456436971
pan_fla,tet_spp,detrended,DE,92,0.25497570305464257,0.014171343693258133,0.29924633571197384
pan_fla,tha_pit,detrended,DE,23,-0.28723553920005196,0.1838737560606958,-0.16106719367588934
pan_fla,tha_pro,detrended,DE,115,-0.03671282555337111,0.6968829053549904,-0.10628896078276653
pan_fla,tom_spp,detrended,CZ,23,0.27900752125686556,0.19731580670870108,0.1442687747035573
pan_fla,tom_spp,detrended,DE,138,0.22482252754106957,0.00802367710699269,0.3080830797120475
pan_fla,tom_spp,detrended,LT,23,-0.5293594353918142,0.009389846405738315,-0.38932806324110675
pan_fla,tom_spp,detrended,PL,240,-0.00241663068136133,0.9702913524513783,0.018268546328929318
pan_fla,tor_vir,detrended,DE,138,-0.09488400497939675,0.26829581416493714,-0.07710924246955973
pan_fla,tor_vir,detrended,LT,23,-0.2535599395032566,0.24304161047514383,-0.24407114624505927
pan_fla,tor_vir,detrended,PL,300,0.06915806530478216,0.23236744609984208,0.07457505083389816
pan_fla,uro_sir_spp,detrended,DE,23,-0.009101708330711243,0.9671231288254397,-0.2826086956521739
pan_fla,xyl_lin,detrended,DE,115,0.18830800896591543,0.043864220938412836,0.13987216917856865
pan_fla,xyl_spp,detrended,DE,138,0.13593208025864165,0.11190165820190114,0.19484735918025334
pan_fla,zei_gri,detrended,CZ,23,0.5824255737853409,0.0035446597999488315,0.22529644268774704
pan_fla,zei_gri,detrended,DE,23,-0.09406084549920249,0.6694577338085896,0.2875494071146245
pha_cya,pis_pin,detrended,DE,161,0.40755872464786336,8.056153006640191e-8,0.4321486082355647
pha_cya,pis_pin,detrended,LT,23,-0.03966098017817783,0.8574113574455929,-0.21442687747035571
pha_cya,pit_bid,detrended,DE,115,0.41083801291232486,5.0995426081849704e-06,0.535232383808096
pha_cya,pit_cha,detrended,AT,147,0.16546231476268777,0.04519605850752691,0.22269907592803878
pha_cya,pit_cha,detrended,DE,253,0.3800633345002326,4.065321797390935e-10,0.4836643443285005
pha_cya,pit_cha,detrended,LT,23,0.12721872954525132,0.5629576197957489,0.13339920948616601
pha_cya,pit_spp,detrended,AT,126,0.05148190176190396,0.5669809434415551,0.09023772028496438
pha_cya,pit_spp,detrended,CZ,184,0.26543902233768674,2.709511055375763e-4,0.3253549344069657
pha_cya,pit_spp,detrended,DE,92,-0.054270103299302534,0.6073902385244403,-0.024644359847725904
pha_cya,pol_pol,detrended,CZ,184,0.11543559557537823,0.11866666120566421,0.10044113964285026
pha_cya,pol_pol,detrended,LT,23,0.1989007975640931,0.3629084632170301,0.23517786561264822
pha_cya,pri_abi,detrended,CZ,161,0.1186433095496222,0.1338776697225848,0.17098861283643893
pha_cya,pri_abi,detrended,DE,184,-0.057726656406385586,0.4363594435377218,0.06459517250679046
pha_cya,sap_car,detrended,DE,23,0.41486323400790187,0.04902175041613522,0.2944664031620553
pha_cya,sco_int,detrended,CZ,184,0.1591209594252205,0.030968475210045168,0.12124790506828993
pha_cya,sco_int,detrended,DE,184,0.007462647880593222,0.919915764748017,0.053664926508832415
pha_cya,sco_rat,detrended,CZ,184,0.08741129830455278,0.23804633761384705,0.14308335420238483
pha_cya,sco_rat,detrended,DE,69,0.2502919060286029,0.03805712080245535,0.17877237851662406
pha_cya,sco_rat,detrended,LT,23,0.2008365841584864,0.3581601327661832,0.18478260869565216
pha_cya,sco_sco,detrended,DE,115,0.09494799146434874,0.3128005358351109,0.11943501933243905
pha_cya,sco_sco,detrended,LT,23,-0.03704261412548707,0.866740389942976,-0.283596837944664
pha_cya,tet_gab,detrended,AT,105,0.0036081078257002353,0.9708600420819931,0.07152187435206303
pha_cya,tet_gab,detrended,CZ,46,-0.05380329550690438,0.7224947968746313,-0.07974098057354301
pha_cya,tet_gab,detrended,DE,207,0.21918883055482064,0.001507903468788289,0.2771874424998106
pha_cya,tet_spp,detrended,DE,184,0.027405921026950483,0.7119130969162819,0.08606846333147115
pha_cya,tha_pit,detrended,DE,23,0.12116665727142702,0.5818220967910597,0.09486166007905138
pha_cya,tha_pro,detrended,DE,230,0.07688229488662328,0.2455017380160433,0.09222381946893053
pha_cya,tom_spp,detrended,AT,147,0.4440575273270361,1.763224323542094e-8,0.43889262480260527
pha_cya,tom_spp,detrended,CZ,184,0.3923091403546436,3.635949876111344e-8,0.4295236077132014
pha_cya,tom_spp,detrended,DE,253,0.2931018739022139,2.099794334843074e-6,0.3427256869571146
pha_cya,tom_spp,detrended,LT,23,0.07445192277693996,0.7356525834900027,-0.08498023715415019
pha_cya,tom_spp,detrended,PL,280,-0.1666425566881323,0.0051809463437345145,-0.12555717729635765
pha_cya,tor_vir,detrended,DE,230,0.09333500463826538,0.15828447346806476,0.09314994858947773
pha_cya,tor_vir,detrended,LT,23,0.13085963338202947,0.5517423456356764,0.06719367588932806
pha_cya,tor_vir,detrended,PL,340,-0.062195307200604115,0.2527443631789684,-0.07973181123590016
pha_cya,uro_sir_spp,detrended,DE,92,0.15206944416399049,0.1478726530157929,0.15423146278686248
pha_cya,xyl_lin,detrended,DE,230,0.14321363662943026,0.029907475583942435,0.15882226753690584
pha_cya,xyl_spp,detrended,DE,253,0.3100099093359184,4.87707675842269e-7,0.38442847806079583
pha_cya,zei_gri,detrended,CZ,161,-0.15616332334489674,0.047905606028925185,-0.19300092017483322
pha_cya,zei_gri,detrended,DE,23,-0.25394872615603453,0.2422951816516721,-0.15118577075098813
pis_pin,pit_bid,detrended,DE,115,0.31468983547533425,6.142120673605693e-4,0.43284147399984224
pis_pin,pit_cha,detrended,DE,161,0.36896017175028933,1.4637128721596835e-6,0.3987117552334944
pis_pin,pit_cha,detrended,LT,23,0.31395839507244844,0.14458960474429358,0.3221343873517787
pis_pin,pit_spp,detrended,DE,23,0.23433708381536517,0.28181827784434554,0.2727272727272727
pis_pin,pol_pol,detrended,LT,23,0.10890678348741754,0.6208489961714726,0.09090909090909091
pis_pin,pri_abi,detrended,DE,138,0.12670316752088473,0.1386434691196116,0.16970974156885216
pis_pin,sap_car,detrended,DE,23,0.23131268304780847,0.2882537703042873,-0.05533596837944664
pis_pin,sco_int,detrended,DE,115,0.14829014080067687,0.11373632682704592,0.18309003393040324
pis_pin,sco_rat,detrended,DE,69,0.3090960554075851,0.009758929002436509,0.1678845451223968
pis_pin,sco_rat,detrended,LT,23,0.386453114454171,0.06852745206320647,0.2707509881422925
pis_pin,sco_sco,detrended,DE,92,0.2923205686688777,0.004690652766077967,0.39922629964705697
pis_pin,sco_sco,detrended,LT,23,0.15819792091417909,0.47094618862993254,0.029644268774703556
pis_pin,tet_gab,detrended,DE,138,0.38663621460678566,2.81178121622295e-6,0.43605433013157857
pis_pin,tet_spp,detrended,DE,92,0.3119922618619282,0.002465351137332114,0.30642849436678327
pis_pin,tha_pit,detrended,DE,23,0.2483396884993082,0.2532089406015416,0.26482213438735175
pis_pin,tha_pro,detrended,DE,138,0.10557059034243,0.21782209784341305,0.1378961572094276
pis_pin,tom_spp,detrended,DE,161,0.3477474328104045,6.186333159819573e-6,0.3999367379802163
pis_pin,tom_spp,detrended,LT,23,0.6492494970210669,8.019867010280491e-4,0.6096837944664032
pis_pin,tor_vir,detrended,DE,161,0.025118687925577945,0.7517847436556921,0.08918507016333103
pis_pin,tor_vir,detrended,LT,23,-0.06753649715652706,0.759466891280401,-0.22233201581027667
pis_pin,uro_sir_spp,detrended,DE,46,-0.12046112612035946,0.4251997802537353,0.23515263644773357
pis_pin,xyl_lin,detrended,DE,138,0.19938213229431556,0.01905282228019526,0.2775024030283865
pis_pin,xyl_spp,detrended,DE,161,0.29760989497108875,1.2604075989777592e-4,0.39989072923855534
pis_pin,zei_gri,detrended,DE,23,0.12896104086016325,0.5575779826714579,-0.17193675889328064
pit_bid,pit_cha,detrended,DE,115,0.2670406017040678,0.0039142435984426995,0.3778426576185592
pit_bid,pit_spp,detrended,DE,23,0.21269692826392397,0.32986596435578197,0.1650197628458498
pit_bid,pri_abi,detrended,DE,115,0.05964048595622109,0.5266356713889626,0.12375917304505643
pit_bid,sap_car,detrended,DE,23,0.2308318861201213,0.28928522301483645,0.049407114624505935
pit_bid,sco_int,detrended,DE,115,0.1327957484971851,0.1571292075419815,0.14865462005839186
pit_bid,sco_rat,detrended,DE,69,0.33252254691041166,0.005244939895924504,0.3152721958348557
pit_bid,sco_sco,detrended,DE,92,0.10688278554465722,0.31054692478192747,0.24502566157545116
pit_bid,tet_gab,detrended,DE,92,0.2560165132729105,0.01376838655685887,0.26877610468073293
pit_bid,tet_spp,detrended,DE,69,0.06834356856942589,0.5768538862598324,0.007526488856412131
pit_bid,tha_pit,detrended,DE,23,0.09358898935020717,0.6710252439488136,0.19960474308300394
pit_bid,tha_pro,detrended,DE,92,-0.12791385001797068,0.22431639684693128,-0.04423346639335419
pit_bid,tom_spp,detrended,DE,115,0.23478223992563227,0.011548045667957096,0.28668034403850706
pit_bid,tor_vir,detrended,DE,115,0.24425485816695383,0.00852094820584785,0.22971672058707493
pit_bid,uro_sir_spp,detrended,DE,46,0.08974926406838321,0.5530766457533502,0.3270428615479494
pit_bid,xyl_lin,detrended,DE,115,0.1025733691668062,0.2753430739948379,0.1989189615718457
pit_bid,xyl_spp,detrended,DE,115,0.22474414672335055,0.015745561955525497,0.3794050343249429
pit_bid,zei_gri,detrended,DE,23,-0.334013844888002,0.11931186372385741,-0.15118577075098813
pit_cha,pit_spp,detrended,AT,147,0.2689194072794441,9.893874340274247e-4,0.3307769609139472
pit_cha,pit_spp,detrended,DE,92,0.2017765798619076,0.0537557045903878,0.19089746158469856
pit_cha,pit_spp,detrended,SI,23,0.4264111831940602,0.042457953389799255,0.4051383399209486
pit_cha,pol_pol,detrended,LT,23,0.3094547056796067,0.15075206879503422,0.37549407114624506
pit_cha,pri_abi,detrended,DE,184,0.048174763574057075,0.5160810383480234,0.05047292481362332
pit_cha,sap_car,detrended,DE,23,-0.007334175338480201,0.9735053124855659,-0.017786561264822136
pit_cha,sco_int,detrended,DE,184,0.05898071095634255,0.4264426563663012,0.03560131763980659
pit_cha,sco_rat,detrended,DE,69,0.20406495247195977,0.09259368363171322,0.13839970770917065
pit_cha,sco_rat,detrended,LT,23,0.28163675400513294,0.19295007578607734,0.2509881422924901
pit_cha,sco_sco,detrended,DE,115,0.04684881754650864,0.6190604421836448,0.004481969541545018
pit_cha,sco_sco,detrended,LT,23,0.15044919930722975,0.4932126490336439,-0.06719367588932806
pit_cha,tet_gab,detrended,AT,126,0.23298999534015963,0.00865275441503898,0.2569328833895763
pit_cha,tet_gab,detrended,DE,207,0.31670330836781235,3.3320814657767354e-6,0.30187058263250754
pit_cha,tet_spp,detrended,DE,184,0.20204763353059163,0.005951249416083937,0.26808190942189514
pit_cha,tha_pit,detrended,DE,23,0.018420864446045793,0.9335148001778326,-0.03162055335968379
pit_cha,tha_pro,detrended,DE,230,-0.11482734149640436,0.0822624421401688,-0.04891470784768677
pit_cha,tom_spp,detrended,AT,168,0.3793736911299333,3.9486695670128236e-7,0.3135487267223795
pit_cha,tom_spp,detrended,DE,253,0.1921682297834443,0.002139501573358688,0.13119876813817247
pit_cha,tom_spp,detrended,LT,23,0.6692750333762071,4.787015618390329e-4,0.6027667984189723
pit_cha,tor_vir,detrended,DE,230,0.1344799250802861,0.04158573831268557,0.13095949048103975
pit_cha,tor_vir,detrended,LT,23,0.2315633620549644,0.28771690138294687,0.1225296442687747
pit_cha,uro_sir_spp,detrended,DE,92,0.22621588676424542,0.03013499723656311,0.24545720758904488
pit_cha,xyl_lin,detrended,DE,230,0.2011463388331948,0.002174476882784353,0.22213438735177865
pit_cha,xyl_spp,detrended,DE,253,0.11972672833535059,0.05719913041531408,0.2523471621383296
pit_cha,zei_gri,detrended,DE,23,-0.016532447554155456,0.9403180715126842,-0.07015810276679842
pit_spp,pol_pol,detrended,CZ,184,0.20631616071064376,0.004956745613958684,0.17634990657086164
pit_spp,pri_abi,detrended,CZ,161,0.26067307194723194,8.385989876295205e-4,0.2859500805152979
pit_spp,pri_abi,detrended,DE,69,-0.1955348934853434,0.10736585957674546,-0.07687248812568506
pit_spp,sco_int,detrended,CZ,184,0.25519365266331756,4.7212651306073074e-4,0.21679605478607616
pit_spp,sco_int,detrended,DE,69,-0.013806078106880764,0.9103539302362228,-0.006576543660942639
pit_spp,sco_rat,detrended,CZ,184,0.2239614230567871,0.0022418045577886135,0.235408680241182
pit_spp,sco_sco,detrended,DE,23,-0.24536773461307132,0.2591180889077117,-0.23715415019762845
pit_spp,tet_gab,detrended,AT,105,0.13836020403318675,0.15925587195026453,0.10937176031515652
pit_spp,tet_gab,detrended,CZ,46,-0.13195675053397116,0.3820226739204228,-0.016096207215541163
pit_spp,tet_gab,detrended,DE,69,0.2773857139844541,0.021025457766312473,0.22561198392400442
pit_spp,tet_spp,detrended,DE,92,0.2399005282058291,0.02126033367401137,0.09198095032597134
pit_spp,tha_pit,detrended,HR,23,0.2298147042481303,0.29147496113251387,0.2509881422924901
pit_spp,tha_pro,detrended,DE,92,-0.22451938340419894,0.031427278367717214,-0.266017292665259
pit_spp,tom_spp,detrended,AT,126,0.3452499872324656,7.51856761190092e-5,0.35449268841394826
pit_spp,tom_spp,detrended,CZ,184,0.4190986380227443,3.1989016942718494e-9,0.4021402014987189
pit_spp,tom_spp,detrended,DE,92,-0.18891693556159422,0.07130505774072905,-0.1833299939891805
pit_spp,tor_vir,detrended,DE,69,0.044387389948254426,0.7172384215216686,0.09484837413226162
pit_spp,uro_sir_spp,detrended,DE,46,0.20109536955960425,0.1802139502863201,0.12155411655874189
pit_spp,xyl_lin,detrended,DE,92,0.2293272061920854,0.027881547732089892,0.343079080806991
pit_spp,xyl_spp,detrended,DE,92,0.18111605135711178,0.08402911667427673,0.23997040827335356
pit_spp,zei_gri,detrended,CZ,161,-0.1325511787457293,0.09370188391678828,-0.14296066252587994
pol_pol,pri_abi,detrended,CZ,161,-0.02486903788183208,0.7541724641871983,-0.020954106280193237
pol_pol,sco_int,detrended,CZ,184,0.22554861730722123,0.0020811031600665593,0.2348230625493633
pol_pol,sco_rat,detrended,CZ,184,0.2717550952586626,1.9025390975044014e-4,0.19032382346708787
pol_pol,sco_rat,detrended,LT,23,0.264785743843615,0.22208936039282284,0.28952569169960474
pol_pol,sco_sco,detrended,LT,23,0.28696058061783614,0.1843125315775952,-0.03162055335968379
pol_pol,tet_gab,detrended,CZ,46,-0.16629861451368638,0.269348161701334,-0.1275979031760715
pol_pol,tom_spp,detrended,CZ,184,0.07812031959964023,0.2918527648396582,0.09629365645046328
pol_pol,tom_spp,detrended,LT,23,0.6434598791151049,9.247646701164164e-4,0.5968379446640316
pol_pol,tor_vir,detrended,LT,23,0.03366277830859687,0.8788077852398005,-0.07608695652173914
pol_pol,zei_gri,detrended,CZ,161,-0.2072067234988542,0.008355437278866592,-0.17799919484702095
pri_abi,sap_car,detrended,DE,23,0.06278337646997872,0.7759598440438047,-0.3972332015810277
pri_abi,sco_int,detrended,CZ,161,-0.03836645188068711,0.6289533983673192,0.007427536231884058
pri_abi,sco_int,detrended,DE,138,0.07955239447823535,0.3536671871494207,0.04700346355730394
pri_abi,sco_rat,detrended,CZ,161,0.1486641460800368,0.05982095754039749,0.14086438923395445
pri_abi,sco_rat,detrended,DE,69,0.041358394239125094,0.7358027169320703,0.04395323346729997
pri_abi,sco_sco,detrended,DE,92,0.1661442851808645,0.1134594017063335,0.07818689024860132
pri_abi,tet_gab,detrended,CZ,46,0.33367422587710216,0.02343984700942759,0.4529756398396546
pri_abi,tet_gab,detrended,DE,138,0.14515517566148087,0.08937839493046726,0.11476315615232345
pri_abi,tet_spp,detrended,DE,115,-0.0524376983434324,0.5778200789724373,-0.04127673005602462
pri_abi,tha_pit,detrended,DE,23,0.042164415188740804,0.8485090218483226,-0.029644268774703556
pri_abi,tha_pro,detrended,DE,161,0.104425063781427,0.1874070979899433,0.001969749252357948
pri_abi,tom_spp,detrended,CZ,161,0.22568965381346723,0.003994412299609489,0.2466844950540603
pri_abi,tom_spp,detrended,DE,184,0.1142487691292486,0.12252892577070507,0.07970565005490166
pri_abi,tor_vir,detrended,DE,161,-0.08322461740732831,0.29390395507175476,-0.14105417529330574
pri_abi,uro_sir_spp,detrended,DE,69,0.10680900113096853,0.3823818192743118,0.08681037632444283
pri_abi,xyl_lin,detrended,DE,184,0.03468745239036521,0.6401724579000797,0.09010614320664213
pri_abi,xyl_spp,detrended,DE,184,0.1024212688757359,0.16651686620483502,0.1347633449557897
pri_abi,zei_gri,detrended,CZ,138,-0.2013989896573516,0.01785037716035662,-0.27659370440810155
pri_abi,zei_gri,detrended,DE,23,0.18984299902393423,0.38560706656010824,0.15612648221343872
sap_car,sco_int,detrended,DE,23,0.10714549762921757,0.626541203857109,0.20652173913043478
sap_car,sco_rat,detrended,DE,23,0.19031682811828812,0.38440015073380507,0.07509881422924901
sap_car,sco_sco,detrended,DE,23,-0.18630100786284895,0.394696774363576,-0.1600790513833992
sap_car,tet_gab,detrended,DE,23,0.48447383645796055,0.01914202926753679,0.16106719367588934
sap_car,tet_spp,detrended,DE,23,0.01995469415841886,0.9279922642591207,-0.45948616600790515
sap_car,tha_pit,detrended,DE,23,0.0942159505259376,0.6689427644350046,0.037549407114624504
sap_car,tha_pro,detrended,DE,23,-0.3405578060117083,0.11180477421533644,-0.2025691699604743
sap_car,tom_spp,detrended,DE,23,-0.014095169187097068,0.9491045918517016,0.010869565217391304
sap_car,tor_vir,detrended,DE,23,0.09402853754306248,0.6695650186649016,0.09881422924901187
sap_car,xyl_lin,detrended,DE,23,-0.06434004866553586,0.7705476231514417,-0.08794466403162056
sap_car,xyl_spp,detrended,DE,23,0.007207517505185586,0.9739627117028422,-0.16106719367588934
sco_int,sco_rat,detrended,CZ,184,0.30317064483252143,2.8735596141058706e-5,0.3389204600181079
sco_int,sco_rat,detrended,DE,69,0.2818550204691906,0.018962020069540425,0.22930215564486667
sco_int,sco_sco,detrended,DE,115,-0.0371111815012672,0.693757355727318,0.10433204450406378
sco_int,tet_gab,detrended,CZ,46,-0.2509843393461491,0.09247939234860535,-0.20703052728954668
sco_int,tet_gab,detrended,DE,161,0.07916807160166675,0.31814800820361305,0.11076892109500805
sco_int,tet_spp,detrended,DE,138,-0.05912792909449855,0.49089819567759607,-0.1504170196055152
sco_int,tha_pit,detrended,DE,23,-0.24349933242222027,0.26287796530532875,-0.27964426877470355
sco_int,tha_pro,detrended,DE,161,-0.04206734910943697,0.5962156795924258,-0.11582413158500116
sco_int,tom_spp,detrended,CZ,184,0.11309080920852863,0.1263904416172153,0.05792413939242164
sco_int,tom_spp,detrended,DE,184,0.2613509262538686,3.3906907048508576e-4,0.2279632447843424
sco_int,tor_vir,detrended,DE,161,0.04269734423850668,0.5907202877139852,0.09961467678858983
sco_int,uro_sir_spp,detrended,DE,92,0.16539258435158274,0.11512455174841331,0.06184979116255413
sco_int,xyl_lin,detrended,DE,184,-0.26558156973400665,2.688231382820838e-4,-0.12869911964708827
sco_int,xyl_spp,detrended,DE,184,-0.08391728204108018,0.2574028856950006,-0.02694611931960471
sco_int,zei_gri,detrended,CZ,161,-0.03156549610376919,0.6909991357131153,-0.07319703243616286
sco_int,zei_gri,detrended,DE,23,0.1223701193527393,0.5780491557768395,0.1422924901185771
sco_rat,sco_sco,detrended,DE,69,0.15049956905437606,0.21707278053847023,0.07482645232005847
sco_rat,sco_sco,detrended,LT,23,-0.10742739601488774,0.6256287537631271,-0.3794466403162055
sco_rat,tet_gab,detrended,CZ,46,-0.10066546111359392,0.5056343048733013,-0.02337341967314215
sco_rat,tet_gab,detrended,DE,69,0.18750711459840683,0.12287550567140317,0.15692363902082576
sco_rat,tet_spp,detrended,DE,46,-0.22642547059493823,0.13023951233200934,0.01597286463151403
sco_rat,tha_pit,detrended,DE,23,0.24122231742867273,0.2675070392150575,0.07015810276679842
sco_rat,tha_pro,detrended,DE,46,0.058008029229934505,0.701775429780312,0.05260561208757323
sco_rat,tom_spp,detrended,CZ,184,0.17125493506558065,0.020105000731121772,0.16245111826009898
sco_rat,tom_spp,detrended,DE,69,0.04361505547360027,0.7219569655191416,0.018889294848374136
sco_rat,tom_spp,detrended,LT,23,0.48188691379585474,0.019889752123162067,0.4466403162055336
sco_rat,tor_vir,detrended,DE,69,0.3207737965978112,0.007203612848205753,0.3914870295944465
sco_rat,tor_vir,detrended,LT,23,0.21270485511463813,0.329847515476004,0.18379446640316208
sco_rat,uro_sir_spp,detrended,DE,23,0.10568344155855794,0.631282069779896,0.05039525691699605
sco_rat,xyl_lin,detrended,DE,69,0.18507943139250171,0.12788746198458906,0.11136280599196201
sco_rat,xyl_spp,detrended,DE,69,0.1838588614891199,0.13046530651199198,0.2036536353671904
sco_rat,zei_gri,detrended,CZ,161,-0.07150429836286386,0.3673901210785391,-0.07902864044168392
sco_rat,zei_gri,detrended,DE,23,-0.013343317048235197,0.9518162635596953,0.020750988142292492
sco_sco,tet_gab,detrended,DE,115,0.2498794256501967,0.007075917345459559,0.19063363055314453
sco_sco,tet_spp,detrended,DE,92,0.02454942251862049,0.816316440851611,0.13536673704976648
sco_sco,tha_pit,detrended,DE,23,0.024222589252908093,0.9126434261264081,-0.06818181818181818
sco_sco,tha_pro,detrended,DE,92,0.3331907123150468,0.0011727744658441394,0.3921057904227609
sco_sco,tom_spp,detrended,DE,115,0.21225335693268874,0.02276762263795799,0.19319813777321868
sco_sco,tom_spp,detrended,LT,23,0.2064070700612738,0.3446996402862089,0.03458498023715415
sco_sco,tor_vir,detrended,DE,115,0.12082759044283309,0.19834017952379257,0.17726662984297326
sco_sco,tor_vir,detrended,LT,23,-0.21488610494795907,0.32479443082358606,-0.007905138339920948
sco_sco,uro_sir_spp,detrended,DE,69,-0.03491869150364051,0.775763427765045,-0.3333942272561199
sco_sco,xyl_lin,detrended,DE,115,0.1516394675994433,0.1057149007221371,0.15994634261816462
sco_sco,xyl_spp,detrended,DE,115,0.09310970209866135,0.3223038829266457,0.14653199715931509
sco_sco,zei_gri,detrended,DE,23,0.11328405868386164,0.606793640351422,0.5365612648221344
tet_gab,tet_spp,detrended,DE,161,0.2762713500788441,3.889423761385324e-4,0.32565562456866803
tet_gab,tha_pit,detrended,DE,23,-0.025898638793350543,0.9066237181498816,-0.05632411067193676
tet_gab,tha_pro,detrended,DE,184,-0.02974535389589809,0.6885492284391626,0.027273602897266474
tet_gab,tom_spp,detrended,AT,105,0.20339177672188472,0.03743370894450586,0.21397470454074224
tet_gab,tom_spp,detrended,CZ,46,0.10155023405027408,0.5018818378046082,0.15103299414122726
tet_gab,tom_spp,detrended,DE,207,0.16777316471750828,0.0156760743123407,0.20960239633730562
tet_gab,tor_vir,detrended,DE,184,0.06023365297202763,0.41666609743235783,0.055215657567760194
tet_gab,uro_sir_spp,detrended,DE,92,0.22721109277019816,0.02939802462354386,0.24502566157545116
tet_gab,xyl_lin,detrended,DE,184,0.10435635764793405,0.15860940364917503,0.11893818265878137
tet_gab,xyl_spp,detrended,DE,207,0.20942323602910817,0.002457836114036545,0.23286223766384176
tet_gab,zei_gri,detrended,CZ,46,-0.16627629229333682,0.2694133541328836,-0.01695960530373111
tet_gab,zei_gri,detrended,DE,23,-0.1080571854882406,0.62359216800554,-0.13043478260869565
tet_spp,tha_pit,detrended,DE,23,0.057714820393773396,0.793650898619368,0.07312252964426878
tet_spp,tha_pro,detrended,DE,161,0.11216551344272659,0.1565982495346617,0.15344490453186105
tet_spp,tom_spp,detrended,DE,184,0.070825778923399,0.3393851395387816,0.1282194525245131
tet_spp,tor_vir,detrended,DE,161,0.023196346851834176,0.7702295962553719,-0.0019956291695422132
tet_spp,uro_sir_spp,detrended,DE,92,0.24191929661945102,0.020162722947744325,0.06280535733551161
tet_spp,xyl_lin,detrended,DE,161,0.2041568867673535,0.009385183649597848,0.22634288014722798
tet_spp,xyl_spp,detrended,DE,184,0.06635718480795155,0.37080555656572656,0.12058908516499392
tet_spp,zei_gri,detrended,DE,23,-0.1722080562522602,0.4320308291485394,0.36264822134387353
tha_pit,tha_pro,detrended,DE,23,-0.10344550635834397,0.638566050715642,-0.09090909090909091
tha_pit,tom_spp,detrended,DE,23,0.3353920897090868,0.11770117835209665,0.22430830039525693
tha_pit,tor_vir,detrended,BG,18,0.3067333219438422,0.21569892911193841,0.2982456140350877
tha_pit,tor_vir,detrended,DE,23,-0.34619409886923574,0.10562066502419648,-0.32411067193675885
tha_pit,xyl_lin,detrended,DE,23,-0.6926576561733947,2.491854741284858e-4,-0.5869565217391305
tha_pit,xyl_spp,detrended,DE,23,-0.514250843523819,0.012058798207463686,-0.4318181818181818
tha_pro,tom_spp,detrended,DE,230,0.05730483073522745,0.38701308770104825,0.16177621505132422
tha_pro,tor_vir,detrended,DE,207,0.21400483671925985,0.001959521017038742,0.1889145046595448
tha_pro,uro_sir_spp,detrended,DE,69,0.08633503754321448,0.4805801307693014,0.07742053343076362
tha_pro,xyl_lin,detrended,DE,207,0.05448378103079405,0.4355570784081021,0.051847582556742544
tha_pro,xyl_spp,detrended,DE,230,-0.003621588698752765,0.9564371887236421,0.014411220069089823
tom_spp,tor_vir,detrended,DE,230,0.028014288308656286,0.6725682425163215,0.0616546544399212
tom_spp,tor_vir,detrended,LT,23,0.009988939424052195,0.9639202387295921,-0.05928853754940711
tom_spp,tor_vir,detrended,PL,280,0.13094707931918614,0.02846602730667086,0.16100496908670484
tom_spp,uro_sir_spp,detrended,DE,92,0.05568638278336343,0.5980328378955775,-0.012838493904412555
tom_spp,xyl_lin,detrended,DE,230,0.1271110812172442,0.054223410547815085,0.12730034347653485
tom_spp,xyl_spp,detrended,DE,253,0.1896876680844536,0.0024473124194596967,0.18508234889611133
tom_spp,zei_gri,detrended,CZ,161,-0.15615756083460028,0.047913940718574716,-0.1697837589141937
tom_spp,zei_gri,detrended,DE,23,-0.3494613513235228,0.10215298839536273,-0.25296442687747034
tor_vir,uro_sir_spp,detrended,DE,69,-0.15135031356644535,0.21445500827542388,-0.019839240043843628
tor_vir,xyl_lin,detrended,DE,207,0.255540376939434,2.0223106269069653e-4,0.3034968232836532
tor_vir,xyl_spp,detrended,DE,230,0.13494899953074915,0.04087308564766448,0.21701256783846495
tor_vir,zei_gri,detrended,DE,23,-0.03808227840360684,0.8630340189215824,-0.14624505928853757
uro_sir_spp,xyl_lin,detrended,DE,92,0.17620084185597792,0.09293316949551961,0.10370975448114297
uro_sir_spp,xyl_spp,detrended,DE,92,0.0871744304778279,0.4086395875922182,0.04824067937672425
uro_sir_spp,zei_gri,detrended,DE,23,-0.044288580610293456,0.8409693589853966,-0.4743083003952569
xyl_lin,xyl_spp,detrended,DE,230,0.48276967787700875,7.85459512260119e-15,0.6016076575787986
xyl_lin,zei_gri,detrended,DE,23,0.10526643742619553,0.6326368387044887,-0.16798418972332016
xyl_spp,zei_gri,detrended,DE,23,-0.09683893312015097,0.660256118752488,-0.22430830039525693
