species_a,species_b,n_temporal,r_temporal_z,r_temporal_detrended,n_regions_spatial,r_spatial_pearson,p_spatial_pearson,r_spatial_spearman,temporal_link,spatial_link,linked_by
CambXyl_con&BB_con&BO,CambXyl_con&BB_con&SM,46,0.40042944557789645,0.4324994402883146,15,0.959303060085639,1.633061756006461e-8,0.8457709306622477,TRUE,TRUE,both
CambXyl_con&BB_con&BO,CambXyl_con&BO,46,-0.015700260870400468,0.0900847546568168,15,0.9529268786671994,4.1415112372340126e-8,0.8457709306622477,FALSE,TRUE,place
CambXyl_con&BB_con&BO,CambXyl_con&MD,23,-0.07276338550706798,0.07506669583567184,15,0.8461768367641385,6.993460972687359e-5,0.6190409346982773,FALSE,TRUE,place
CambXyl_con&BB_con&BO,Def_dec,0,NA,NA,15,-0.14806379870105973,0.5984593173624992,-0.1941821014275569,NA,FALSE,insufficient data
CambXyl_con&BB_con&BO,Def_dec&DB,195,0.15476225866383506,0.2927474390885942,24,0.2588558659364092,0.22194108112236408,0.5710843693896906,FALSE,FALSE,neither
CambXyl_con&BB_con&BO,agr_big,69,-0.059048366597316694,-0.2822194318567882,15,0.5867708254191466,0.02148235331138601,0.3503339955347455,FALSE,TRUE,place
CambXyl_con&BB_con&BO,agr_vir,69,0.003370578998842854,0.023954506827360385,15,0.6962198944001311,0.003936522456663712,0.5405040194709962,FALSE,TRUE,place
CambXyl_con&BB_con&BO,bup_pin,23,0.6177253516644907,0.4468793143816816,15,-0.2806521556669771,0.3109568966872099,-0.2744793155812663,TRUE,FALSE,timing
CambXyl_con&BB_con&BO,cep_spp,0,NA,NA,0,NA,NA,NA,NA,NA,insufficient data
CambXyl_con&BB_con&BO,clo_ana,0,NA,NA,0,NA,NA,NA,NA,NA,insufficient data
CambXyl_con&BB_con&BO,den_mic,0,NA,NA,15,-0.11646898159276395,0.6793422389611179,-0.13265162886391657,NA,FALSE,insufficient data
CambXyl_con&BB_con&BO,den_pin,0,NA,NA,15,-0.18105359614414962,0.5184379123801719,-0.3888052753457641,NA,FALSE,insufficient data
CambXyl_con&BB_con&BO,dip_sp,174,0.011583588251076467,-0.2603498965743563,24,0.10663095521908833,0.6199550911183607,0.15247901495277225,FALSE,FALSE,neither
CambXyl_con&BB_con&BO,era_def,69,-0.21755077437398868,-0.33229844313780116,15,-0.08428963746133696,0.7651973880310705,0.2575985261284893,FALSE,FALSE,neither
CambXyl_con&BB_con&BO,geo_db,69,0.0581314550260122,0.23727054979645226,16,0.49582120267563035,0.05079807641854701,0.32501942476981655,FALSE,TRUE,place
CambXyl_con&BB_con&BO,ips_acu,69,-0.20007759886663357,-0.3247173879659772,15,-0.14468973456289344,0.6069118019757582,0.23813306044024332,FALSE,FALSE,neither
CambXyl_con&BB_con&BO,ips_ami,0,NA,NA,15,-0.13431909333886005,0.6331788579738692,-0.1941821014275569,NA,FALSE,insufficient data
CambXyl_con&BB_con&BO,ips_cem,69,0.02424894799108295,-0.11681939597129577,15,0.2549644563279631,0.35909415497758257,0.21895874720921593,FALSE,FALSE,neither
CambXyl_con&BB_con&BO,ips_dup,0,NA,NA,0,NA,NA,NA,NA,NA,insufficient data
CambXyl_con&BB_con&BO,ips_sex,46,-0.2755842068346394,-0.3512285572601773,15,-0.16051655135887907,0.5676800098204657,0.07803823678290907,FALSE,FALSE,neither
CambXyl_con&BB_con&BO,ips_typ,260,0.2566538490750496,0.03783410364430682,25,0.45499605656178865,0.022295145944835316,0.4263453975938614,FALSE,TRUE,place
CambXyl_con&BB_con&BO,lym_dis,218,0.22208914189214224,0.15117675610088815,25,0.30606273702308967,0.13676603453815223,0.43315011270880477,FALSE,TRUE,place
CambXyl_con&BB_con&BO,lym_mon,23,0.7936260747343145,0.7190773968935333,15,-0.24311359265619872,0.38261048817578336,-0.27684352216807123,TRUE,FALSE,timing
CambXyl_con&BB_con&BO,mel_spp,69,0.3266384348023231,0.27457372426690674,15,0.9381446023638623,2.3574911369193744e-7,0.7224297626100145,TRUE,TRUE,both
CambXyl_con&BB_con&BO,neo_ser,0,NA,NA,15,-0.1232266327999305,0.6617306660552749,-0.1941821014275569,NA,FALSE,insufficient data
CambXyl_con&BB_con&BO,ope_spp,46,-0.18464281038198482,-0.2344936072868382,15,-0.0405808468922064,0.8858229164893395,-0.025047747243777875,FALSE,FALSE,neither
CambXyl_con&BB_con&BO,pan_fla,23,0.8048371230685313,0.7207515151024029,15,-0.1635771171329537,0.560218839645395,-0.051840703379435214,TRUE,FALSE,timing
CambXyl_con&BB_con&BO,pha_cya,216,0.2739529177734577,0.3238515735885023,24,0.10396395597060779,0.6287821734030408,0.12750419735724028,FALSE,FALSE,neither
CambXyl_con&BB_con&BO,pis_pin,46,0.4323093313081473,0.25402640370699914,15,-0.13411015532652923,0.6337123964417297,0.08168517770915323,TRUE,FALSE,timing
CambXyl_con&BB_con&BO,pit_bid,23,-0.22156513687916324,-0.27035922492087233,15,-0.1853017437606204,0.5085012219625539,-0.057753694564820164,FALSE,FALSE,neither
CambXyl_con&BB_con&BO,pit_cha,237,0.22251242611474137,-0.04550649822833948,24,0.5235957052292882,0.008643446742233416,0.5471193332010409,FALSE,TRUE,place
CambXyl_con&BB_con&BO,pit_spp,195,0.24899967534917553,0.07809490560418851,25,0.6268234942755541,7.995493009914993e-4,0.5974955277280858,FALSE,TRUE,place
CambXyl_con&BB_con&BO,pol_pol,0,NA,NA,0,NA,NA,NA,NA,NA,insufficient data
CambXyl_con&BB_con&BO,pri_abi,23,0.11332176360300306,0.060659528017434086,15,-0.15232174665203072,0.5878602824336701,-0.16414939461232594,FALSE,FALSE,neither
CambXyl_con&BB_con&BO,sap_car,0,NA,NA,15,-0.11646898159276396,0.6793422389611179,-0.13265162886391657,NA,FALSE,insufficient data
CambXyl_con&BB_con&BO,sco_int,46,0.3654961652028063,0.4283101156356824,15,0.21241193897568345,0.44723362128588384,0.19913205248052657,TRUE,FALSE,timing
CambXyl_con&BB_con&BO,sco_rat,0,NA,NA,15,-0.17852261118414797,0.5243996404694538,-0.24635036496350363,NA,FALSE,insufficient data
CambXyl_con&BB_con&BO,sco_sco,23,0.2817473930476846,0.28156455570165956,15,0.02368878537173538,0.9332172646403745,-0.006079336269981069,FALSE,FALSE,neither
CambXyl_con&BB_con&BO,tet_gab,174,0.07339287631937812,0.006136278748055075,24,0.5023470830375204,0.012363957186324688,0.48665700337657275,FALSE,TRUE,place
CambXyl_con&BB_con&BO,tet_spp,69,0.1939588055413299,-0.08076696573967952,15,0.6403280961303778,0.010125928656203854,0.581250315348564,FALSE,TRUE,place
CambXyl_con&BB_con&BO,tha_pit,23,-0.6217247719356802,0.0015974755589222016,16,0.6604090582176303,0.005360311814724565,0.32746526920892094,TRUE,TRUE,both
CambXyl_con&BB_con&BO,tha_pro,69,0.10777719946167566,0.18702934638164728,15,0.5431304857539504,0.036408881874521,0.4991476920626641,FALSE,TRUE,place
CambXyl_con&BB_con&BO,tom_spp,237,0.5390441793261151,0.35258172743933913,24,0.5290509697858145,0.007855663181308167,0.4217097303936843,TRUE,TRUE,both
CambXyl_con&BB_con&BO,tor_vir,69,-0.07555506164483235,-0.11841015462061841,15,-0.22690629445799101,0.4160720988178792,-0.1065888300758814,FALSE,FALSE,neither
CambXyl_con&BB_con&BO,uro_sir_spp,23,0.20163660776972783,0.16184892186130398,15,-0.08176501114261704,0.7720560745506233,0.039315744685344066,FALSE,FALSE,neither
CambXyl_con&BB_con&BO,xyl_lin,46,-0.38622899102215574,-0.3894148877793095,15,-0.2654157972379441,0.3390359941161558,-0.29116948703655404,TRUE,FALSE,timing
CambXyl_con&BB_con&BO,xyl_spp,69,0.018922301649942113,-0.1062028446733379,15,-0.1740456614233242,0.5350200332024968,0.010303941045139573,FALSE,FALSE,neither
CambXyl_con&BB_con&BO,zei_gri,0,NA,NA,15,-0.11646898159276395,0.6793422389611179,-0.13265162886391657,NA,FALSE,insufficient data
CambXyl_con&BB_con&SM,CambXyl_con&BO,46,0.21620744598922761,0.20885748494188874,15,0.9993610787814076,3.373384393236904e-20,0.9999999999999999,FALSE,TRUE,place
CambXyl_con&BB_con&SM,CambXyl_con&MD,23,0.5425991896891499,0.7175122543911333,15,0.7760685024423417,6.705034499636258e-4,0.7319250547113998,TRUE,TRUE,both
CambXyl_con&BB_con&SM,Def_dec,0,NA,NA,15,-0.13198474968741672,0.6391492546019903,-0.1530612244897959,NA,FALSE,insufficient data
CambXyl_con&BB_con&SM,Def_dec&DB,46,0.44845796712858993,0.4842332795286036,15,0.4417137849845785,0.09926860229011586,0.5434712518095823,TRUE,TRUE,both
CambXyl_con&BB_con&SM,agr_big,46,-0.31814835511866024,-0.4198345028569364,15,0.661645752886144,0.007219176572426744,0.49949882117600153,TRUE,TRUE,both
CambXyl_con&BB_con&SM,agr_vir,46,0.24630907020242818,0.2738426683442094,15,0.6763110910109046,0.0056341520849694585,0.5237229365663817,FALSE,TRUE,place
CambXyl_con&BB_con&SM,bup_pin,0,NA,NA,15,-0.2919496490504436,0.2910381398333223,-0.38180177416060623,NA,FALSE,insufficient data
CambXyl_con&BB_con&SM,cep_spp,0,NA,NA,0,NA,NA,NA,NA,NA,insufficient data
CambXyl_con&BB_con&SM,clo_ana,0,NA,NA,0,NA,NA,NA,NA,NA,insufficient data
CambXyl_con&BB_con&SM,den_mic,0,NA,NA,15,-0.10382098471555204,0.7127160210148339,-0.10456072210162853,NA,FALSE,insufficient data
CambXyl_con&BB_con&SM,den_pin,0,NA,NA,15,-0.16139200653185184,0.5655415259297414,-0.3064701179717975,NA,FALSE,insufficient data
CambXyl_con&BB_con&SM,dip_sp,46,-0.26143808090395076,-0.2811208823961414,15,-0.003677435115289679,0.9896222703902007,0.19951349964433587,FALSE,FALSE,neither
CambXyl_con&BB_con&SM,era_def,46,-0.24549439001010348,-0.23232443999688104,15,-0.059836885575639175,0.8322391058703777,0.32284679905278146,FALSE,FALSE,neither
CambXyl_con&BB_con&SM,geo_db,46,0.04182563996401112,0.09371719779773163,15,-0.027130935387649806,0.9235377671701022,0.25536600988643027,FALSE,FALSE,neither
CambXyl_con&BB_con&SM,ips_acu,46,-0.051170256560591244,-0.03857637652824345,15,-0.13139814342404244,0.6406528339645876,0.14405262096157603,FALSE,FALSE,neither
CambXyl_con&BB_con&SM,ips_ami,0,NA,NA,15,-0.119732656247481,0.6708166859544924,-0.1530612244897959,NA,FALSE,insufficient data
CambXyl_con&BB_con&SM,ips_cem,46,-0.5963053050449754,-0.5695659115834945,15,0.3256098240625708,0.2362951851505735,0.35330404424644013,TRUE,TRUE,both
CambXyl_con&BB_con&SM,ips_dup,0,NA,NA,0,NA,NA,NA,NA,NA,insufficient data
CambXyl_con&BB_con&SM,ips_sex,46,-0.24389783284653566,-0.2325705988852884,15,-0.1281207499404266,0.649077137197357,0.2418077903017173,FALSE,FALSE,neither
CambXyl_con&BB_con&SM,ips_typ,46,-0.6208701363135091,-0.5810517260803555,15,0.3618307000689561,0.1850944597327399,0.40203563655629393,TRUE,TRUE,both
CambXyl_con&BB_con&SM,lym_dis,46,0.08992415101059414,0.04920560964173207,15,0.5200731329294078,0.046890749749095725,0.4738445616552977,FALSE,TRUE,place
CambXyl_con&BB_con&SM,lym_mon,0,NA,NA,15,-0.24036517772992083,0.3881800232719784,-0.42084878831227096,NA,FALSE,insufficient data
CambXyl_con&BB_con&SM,mel_spp,46,0.22253800186976816,0.2610418114220647,15,0.9514866204024638,5.020127108805943e-8,0.6110100926607787,FALSE,TRUE,place
CambXyl_con&BB_con&SM,neo_ser,0,NA,NA,15,-0.10984478601524382,0.6967567344628794,-0.1530612244897959,NA,FALSE,insufficient data
CambXyl_con&BB_con&SM,ope_spp,46,-0.15383990674347625,-0.13234630443530346,15,-3.240570922341827e-6,0.9999908548753271,0.1434003278693664,FALSE,FALSE,neither
CambXyl_con&BB_con&SM,pan_fla,0,NA,NA,15,-0.21790856119288615,0.43528162534850234,-0.3064701179717975,NA,FALSE,insufficient data
CambXyl_con&BB_con&SM,pha_cya,46,-0.15684754186581196,-0.03854264448531237,15,0.34311100550188883,0.2105638584145077,0.26802375770419595,FALSE,TRUE,place
CambXyl_con&BB_con&SM,pis_pin,23,-0.2679619886936452,-0.2613741024372635,15,-0.16407173724511742,0.5590169709345997,-0.10803946572118203,FALSE,FALSE,neither
CambXyl_con&BB_con&SM,pit_bid,23,-0.18611254646236183,-0.17470111333829114,15,-0.16391725259040976,0.5593922322463807,0.04672149907532971,FALSE,FALSE,neither
CambXyl_con&BB_con&SM,pit_cha,46,-0.6155328156771573,-0.6186127309855372,15,0.2816660983244551,0.3091377046278534,0.31675535001404975,TRUE,FALSE,timing
CambXyl_con&BB_con&SM,pit_spp,46,-0.19485959984782372,-0.22257112044179847,15,0.77111600153565,7.630033855367221e-4,0.7050239879106326,FALSE,TRUE,place
CambXyl_con&BB_con&SM,pol_pol,0,NA,NA,0,NA,NA,NA,NA,NA,insufficient data
CambXyl_con&BB_con&SM,pri_abi,23,-0.3345684224604586,-0.3302374066666911,15,-0.1334048338996727,0.6355147219488303,-0.02545345161070708,TRUE,FALSE,timing
CambXyl_con&BB_con&SM,sap_car,0,NA,NA,15,-0.10382098471555204,0.7127160210148339,-0.10456072210162853,NA,FALSE,insufficient data
CambXyl_con&BB_con&SM,sco_int,46,0.6154330250403487,0.6080615364191334,15,0.2834796458862411,0.3058993378330643,0.3754384112579295,TRUE,FALSE,timing
CambXyl_con&BB_con&SM,sco_rat,0,NA,NA,15,-0.15913587492278186,0.5710594983486952,-0.1941821014275569,NA,FALSE,insufficient data
CambXyl_con&BB_con&SM,sco_sco,23,-0.2676943929006886,-0.2666257534796766,15,0.027625065134751957,0.9221490366562062,0.10422488255265859,FALSE,FALSE,neither
CambXyl_con&BB_con&SM,tet_gab,46,-0.41562211067990973,-0.4365843702702824,15,0.742903025037556,0.0015079223800573852,0.5471357425594604,TRUE,TRUE,both
CambXyl_con&BB_con&SM,tet_spp,46,-0.13533920230271942,-0.1665704196177323,15,0.6613722240968363,0.007251748645352713,0.528159120922172,FALSE,TRUE,place
CambXyl_con&BB_con&SM,tha_pit,0,NA,NA,15,-0.10382098471555205,0.7127160210148339,-0.10456072210162853,NA,FALSE,insufficient data
CambXyl_con&BB_con&SM,tha_pro,46,0.3129135890893612,0.3979776809094174,15,0.5745398486017688,0.025079313247375796,0.5163977794943222,TRUE,TRUE,both
CambXyl_con&BB_con&SM,tom_spp,46,0.12721567842373077,0.2590242358012294,15,0.21066254363639056,0.45107161660633444,0.1401033278908297,FALSE,FALSE,neither
CambXyl_con&BB_con&SM,tor_vir,46,-0.21414762490728567,-0.19877725752540734,15,-0.18823436900380472,0.5016932932830889,-0.043033148291193514,FALSE,FALSE,neither
CambXyl_con&BB_con&SM,uro_sir_spp,23,-0.18611254646236183,-0.17293450430933113,15,-0.07136910306571961,0.8004591596266684,0.13945529431199327,FALSE,FALSE,neither
CambXyl_con&BB_con&SM,xyl_lin,46,-0.34003444818021533,-0.5109721216558387,15,-0.21666865200099347,0.4379634567505527,-0.13524703748660818,TRUE,FALSE,timing
CambXyl_con&BB_con&SM,xyl_spp,46,-0.3103685696707953,-0.4266050904079757,15,-0.15196617456238629,0.588742456943623,0.048731592309853806,TRUE,FALSE,timing
CambXyl_con&BB_con&SM,zei_gri,0,NA,NA,15,-0.10382098471555203,0.7127160210148339,-0.10456072210162853,NA,FALSE,insufficient data
CambXyl_con&BO,CambXyl_con&MD,23,0.4085899793736814,-0.009789148214551895,15,0.7530325100139236,0.001192726162218791,0.7319250547113998,TRUE,TRUE,both
CambXyl_con&BO,Def_dec,0,NA,NA,15,-0.13255919943314232,0.637678097042249,-0.1530612244897959,NA,FALSE,insufficient data
CambXyl_con&BO,Def_dec&DB,46,-0.14624997885919855,-0.047827281393003754,15,0.44307011689606346,0.09811328198730382,0.5434712518095823,FALSE,TRUE,place
CambXyl_con&BO,agr_big,46,-0.48523093396203837,-0.035548781399221116,15,0.6654836271947923,0.006774168745433796,0.49949882117600153,TRUE,TRUE,both
CambXyl_con&BO,agr_vir,46,-0.21028859099322655,-0.2619621667823144,15,0.664027447500055,0.006940396734440769,0.5237229365663817,FALSE,TRUE,place
CambXyl_con&BO,bup_pin,0,NA,NA,15,-0.29322032920143754,0.28884615333062325,-0.38180177416060623,NA,FALSE,insufficient data
CambXyl_con&BO,cep_spp,0,NA,NA,0,NA,NA,NA,NA,NA,insufficient data
CambXyl_con&BO,clo_ana,0,NA,NA,0,NA,NA,NA,NA,NA,insufficient data
CambXyl_con&BO,den_mic,0,NA,NA,15,-0.10427285463546383,0.7115149135113212,-0.10456072210162853,NA,FALSE,insufficient data
CambXyl_con&BO,den_pin,0,NA,NA,15,-0.16209444827102198,0.563828128763016,-0.3064701179717975,NA,FALSE,insufficient data
CambXyl_con&BO,dip_sp,46,-0.2197696264453036,-0.1936498775194734,15,-0.008171614980136495,0.9769419365332952,0.19951349964433587,FALSE,FALSE,neither
CambXyl_con&BO,era_def,46,-0.17031205440760822,0.039384625911337366,15,-0.06017217170581695,0.8313114907540846,0.32284679905278146,FALSE,FALSE,neither
CambXyl_con&BO,geo_db,46,0.07504624600914299,0.05429802145800339,15,-0.031090651337366,0.9124152274100331,0.25536600988643027,FALSE,FALSE,neither
CambXyl_con&BO,ips_acu,46,-0.14309502033855018,-0.005802424807576244,15,-0.13138240587870822,0.6406931900750967,0.14405262096157603,FALSE,FALSE,neither
CambXyl_con&BO,ips_ami,0,NA,NA,15,-0.12025378004473264,0.6694587892826012,-0.1530612244897959,NA,FALSE,insufficient data
CambXyl_con&BO,ips_cem,46,0.0690729314005082,0.09691251027902371,15,0.3305255576994818,0.228879377647851,0.35330404424644013,FALSE,TRUE,place
CambXyl_con&BO,ips_dup,0,NA,NA,0,NA,NA,NA,NA,NA,insufficient data
CambXyl_con&BO,ips_sex,46,-0.16923579078471165,-0.004283820056435862,15,-0.1289218476145803,0.6470142788035523,0.2418077903017173,FALSE,FALSE,neither
CambXyl_con&BO,ips_typ,69,0.18233600948312736,0.05318655714960302,16,0.3892816346244181,0.13613355968310442,0.49985828333599797,FALSE,TRUE,place
CambXyl_con&BO,lym_dis,46,-0.22368969366303829,-0.3500622799839454,15,0.5090077713746204,0.052645077047293425,0.4738445616552977,FALSE,TRUE,place
CambXyl_con&BO,lym_mon,0,NA,NA,15,-0.24141134189324465,0.3860549253496329,-0.42084878831227096,NA,FALSE,insufficient data
CambXyl_con&BO,mel_spp,46,-0.0670962167597237,-0.18592502549282092,15,0.9546738454579273,3.252700475103114e-8,0.6110100926607787,FALSE,TRUE,place
CambXyl_con&BO,neo_ser,0,NA,NA,15,-0.11032287389695124,0.695495044625565,-0.1530612244897959,NA,FALSE,insufficient data
CambXyl_con&BO,ope_spp,46,-0.19373954305906851,-0.04209942109232049,15,-0.0011774524761707652,0.9966771527054601,0.1434003278693664,FALSE,FALSE,neither
CambXyl_con&BO,pan_fla,0,NA,NA,15,-0.2188569852938914,0.43323589269800467,-0.3064701179717975,NA,FALSE,insufficient data
CambXyl_con&BO,pha_cya,46,-0.2775604572294517,-0.23266497831830613,15,0.3466722766751939,0.20555572195344807,0.26802375770419595,FALSE,TRUE,place
CambXyl_con&BO,pis_pin,23,-0.1818665055313,0.060169576981558774,15,-0.16648864785901427,0.553160058176562,-0.10803946572118203,FALSE,FALSE,neither
CambXyl_con&BO,pit_bid,23,-0.126315074110525,0.0017935170172428635,15,-0.166160478352674,0.5539537586883899,0.04672149907532971,FALSE,FALSE,neither
CambXyl_con&BO,pit_cha,69,0.19946240844398355,0.11126888607975659,16,0.02297300183052894,0.9327000350163095,0.1999433133343992,FALSE,FALSE,neither
CambXyl_con&BO,pit_spp,69,0.34232828647433744,0.12019148842784673,16,0.7097654870606699,0.0020700986918346853,0.7868624079798894,TRUE,TRUE,both
CambXyl_con&BO,pol_pol,0,NA,NA,0,NA,NA,NA,NA,NA,insufficient data
CambXyl_con&BO,pri_abi,23,-0.22707246707132053,-0.04599767933477317,15,-0.13686597960015243,0.6266887448993956,-0.02545345161070708,FALSE,FALSE,neither
CambXyl_con&BO,sap_car,0,NA,NA,15,-0.10427285463546383,0.7115149135113212,-0.10456072210162853,NA,FALSE,insufficient data
CambXyl_con&BO,sco_int,46,0.4226891249451951,0.2913391243358494,15,0.2877498980225302,0.2983526031263718,0.3754384112579295,TRUE,FALSE,timing
CambXyl_con&BO,sco_rat,0,NA,NA,15,-0.15982849708634025,0.5693631113873704,-0.1941821014275569,NA,FALSE,insufficient data
CambXyl_con&BO,sco_sco,23,-0.18168488756377726,-0.20311922902399768,15,0.01985270693387652,0.9440146914549721,0.10422488255265859,FALSE,FALSE,neither
CambXyl_con&BO,tet_gab,46,-0.15084846095658896,-0.016066683655657176,15,0.7501251283525683,0.0012771591469857182,0.5471357425594604,FALSE,TRUE,place
CambXyl_con&BO,tet_spp,46,-0.06629566544783358,0.056859740633663496,15,0.6637144744141448,0.006976539095708158,0.528159120922172,FALSE,TRUE,place
CambXyl_con&BO,tha_pit,0,NA,NA,15,-0.10427285463546382,0.7115149135113212,-0.10456072210162853,NA,FALSE,insufficient data
CambXyl_con&BO,tha_pro,46,0.2753810185803453,-0.3357211148410237,15,0.5741879665553418,0.025189151845998077,0.5163977794943222,FALSE,TRUE,place
CambXyl_con&BO,tom_spp,46,-0.2999851652308982,0.1604651215082473,15,0.21053866539939264,0.45134401235890165,0.1401033278908297,FALSE,FALSE,neither
CambXyl_con&BO,tor_vir,46,-0.11718395903150548,0.04093309771405209,15,-0.18927942480010404,0.49927755546922115,-0.043033148291193514,FALSE,FALSE,neither
CambXyl_con&BO,uro_sir_spp,23,-0.126315074110525,0.0481490785278932,15,-0.07351877536165122,0.7945656948079958,0.13945529431199327,FALSE,FALSE,neither
CambXyl_con&BO,xyl_lin,46,0.36282935360827007,-0.012379116684033983,15,-0.21853677001161168,0.4339260436060022,-0.13524703748660818,TRUE,FALSE,timing
CambXyl_con&BO,xyl_spp,46,0.25422927671137563,-0.11707932692966044,15,-0.15397179994403165,0.5837735549673879,0.048731592309853806,FALSE,FALSE,neither
CambXyl_con&BO,zei_gri,0,NA,NA,15,-0.10427285463546383,0.7115149135113212,-0.10456072210162853,NA,FALSE,insufficient data
CambXyl_con&MD,Def_dec,0,NA,NA,15,-0.09080516955564533,0.7475722772921767,-0.10456072210162853,NA,FALSE,insufficient data
CambXyl_con&MD,Def_dec&DB,207,-0.03172351110377995,0.19825098916431974,23,0.39249662160392534,0.06395166275230689,0.5680169790209665,FALSE,TRUE,place
CambXyl_con&MD,agr_big,23,-0.5679302367098098,-0.027476791965681552,15,0.4383045013058575,0.1022146419665432,0.31209389196617954,TRUE,TRUE,both
CambXyl_con&MD,agr_vir,23,0.23955636739227198,0.2813210894334938,15,0.7339823742053455,0.0018381439313959135,0.44721359549995787,FALSE,TRUE,place
CambXyl_con&MD,bup_pin,0,NA,NA,15,-0.2008606103850812,0.47287559039563054,-0.26082026547865056,NA,FALSE,insufficient data
CambXyl_con&MD,cep_spp,161,-0.08729467552807127,0.12812689054822163,8,0.34282123317493524,0.40579766765787445,0.2619047619047619,FALSE,TRUE,place
CambXyl_con&MD,clo_ana,0,NA,NA,0,NA,NA,NA,NA,NA,insufficient data
CambXyl_con&MD,den_mic,23,-0.019165484321685695,0.17770138783579542,23,-0.0777667191027196,0.7243190271271704,0.052786598686804825,FALSE,FALSE,neither
CambXyl_con&MD,den_pin,0,NA,NA,15,-0.11103728690442664,0.6936110664019322,-0.20935894733965596,NA,FALSE,insufficient data
CambXyl_con&MD,dip_sp,23,-0.15203047166365852,-0.03806298799099082,15,0.07648668371282961,0.7864459568842466,0.2555506259999759,FALSE,FALSE,neither
CambXyl_con&MD,era_def,23,-0.41447166147635073,-0.24880238082390455,15,-0.03984686434452369,0.8878759112189878,0.24967511357294364,TRUE,FALSE,timing
CambXyl_con&MD,geo_db,23,0.2470975298187842,0.1469322317508042,15,0.04911902793456526,0.8619937092113541,0.2683818390364926,FALSE,FALSE,neither
CambXyl_con&MD,ips_acu,207,0.39856366387056996,0.22835546234689513,23,0.5399936652695455,0.007820439490043643,0.5662974523438091,TRUE,TRUE,both
CambXyl_con&MD,ips_ami,0,NA,NA,15,-0.08237576066666485,0.7703953864404076,-0.10456072210162853,NA,FALSE,insufficient data
CambXyl_con&MD,ips_cem,23,-0.5080285918640388,-0.7537919476723647,15,0.16228728574505102,0.5633581442523556,0.12483755678647182,TRUE,FALSE,timing
CambXyl_con&MD,ips_dup,184,0.32381019760645086,0.0409325873911579,8,0.5293288971345917,0.17731524486413341,0.5714285714285715,TRUE,TRUE,both
CambXyl_con&MD,ips_sex,207,0.2621792154650376,0.06991131067044211,23,0.3714859793348005,0.08093050235370416,0.45412861971672136,FALSE,TRUE,place
CambXyl_con&MD,ips_typ,207,0.3074949946386806,-0.28969668255538816,23,0.446478353424351,0.03270756806744969,0.38140685029173726,TRUE,TRUE,both
CambXyl_con&MD,lym_dis,161,-0.06913806778621184,-0.12171115421450786,23,0.19624119676377713,0.3694914363688282,0.07565917379492187,FALSE,FALSE,neither
CambXyl_con&MD,lym_mon,138,-7.701405872143058e-4,0.1573267658337967,23,0.3103202330922603,0.14955360588241418,0.19745898009356502,FALSE,TRUE,place
CambXyl_con&MD,mel_spp,23,-0.37181353861969174,0.1281536554044073,15,0.6714539116412679,0.006125119805214491,0.44721359549995787,TRUE,TRUE,both
CambXyl_con&MD,neo_ser,46,-0.1385423290230635,0.027799598688102486,23,-0.13459072063885,0.5403559627348873,0.0679285560115419,FALSE,FALSE,neither
CambXyl_con&MD,ope_spp,23,-0.27135129003727565,-0.0968393284785279,15,0.02071632435731368,0.9415830120312366,0.12777531299998796,FALSE,FALSE,neither
CambXyl_con&MD,pan_fla,23,0.23224287580754416,0.18750376020774315,23,-0.23567110939389682,0.2790085971930584,-0.3091969739062745,FALSE,FALSE,neither
CambXyl_con&MD,pha_cya,207,0.25558267964124454,0.15479309674684083,23,0.11645162927536219,0.5967056557425137,0.09732062699184446,FALSE,FALSE,neither
CambXyl_con&MD,pis_pin,23,-0.4132447049303443,-0.19356369236975876,15,-0.08283517067168684,0.7691468146759844,0.06709545975912315,TRUE,FALSE,timing
CambXyl_con&MD,pit_bid,23,-0.287018411535239,-0.1844062558342597,15,-0.08578166620960657,0.761151537206745,0.22096287726310634,FALSE,FALSE,neither
CambXyl_con&MD,pit_cha,23,-0.43752968401052406,-0.6777516004977578,15,0.18080076798063022,0.5190320602167331,0.18725633517970774,TRUE,FALSE,timing
CambXyl_con&MD,pit_spp,207,0.3868752957230249,0.09996708873959004,23,0.6395074133515393,0.0010175397852621203,0.6966231027803376,TRUE,TRUE,both
CambXyl_con&MD,pol_pol,184,0.2217338760347831,0.17503008230057132,8,0.6066635792624936,0.1107862800504522,0.6666666666666667,FALSE,TRUE,place
CambXyl_con&MD,pri_abi,184,-0.24169837052052556,0.07500848864016615,23,0.305012213624243,0.15701019749656642,0.4588270350214769,FALSE,TRUE,place
CambXyl_con&MD,sap_car,0,NA,NA,15,-0.07142857142857144,0.8002959873970543,-0.07142857142857142,NA,FALSE,insufficient data
CambXyl_con&MD,sco_int,207,0.33711950666930385,0.13570174565576062,23,0.22456230692147208,0.3029457794264872,0.3647825128300982,TRUE,FALSE,timing
CambXyl_con&MD,sco_rat,184,0.3842897970706356,0.10263154049831576,23,0.15984098690115145,0.46629178146204464,0.489602544713383,TRUE,FALSE,timing
CambXyl_con&MD,sco_sco,23,-0.41283202496390564,-0.5762604163386225,15,0.15826966636142048,0.5731840080886814,0.29461716968414176,TRUE,FALSE,timing
CambXyl_con&MD,tet_gab,69,-0.28844313453319853,-0.5141872246191563,23,-0.01568199487624464,0.9433832858202338,-0.22467878229604746,FALSE,FALSE,neither
CambXyl_con&MD,tet_spp,23,-0.3141758054767339,-0.05276602096660084,15,0.4644853813594932,0.08110284256582442,0.39123039821797584,TRUE,TRUE,both
CambXyl_con&MD,tha_pit,0,NA,NA,15,-0.07142857142857142,0.8002959873970544,-0.07142857142857142,NA,FALSE,insufficient data
CambXyl_con&MD,tha_pro,23,0.6669559593540159,0.37241165280013333,15,0.445614013580775,0.095971889821528,0.4409585518440983,TRUE,TRUE,both
CambXyl_con&MD,tom_spp,207,0.2396955642856203,0.02044870007537311,23,0.31792232339885595,0.13931549394132398,0.21601803910328482,FALSE,TRUE,place
CambXyl_con&MD,tor_vir,23,-0.1878748028105495,-0.08001992525298487,15,-0.12552081039229582,0.6557883420986921,0,FALSE,FALSE,neither
CambXyl_con&MD,uro_sir_spp,23,-0.287018411535239,-0.11612617348265335,15,-0.016652057768186693,0.9530305738557758,0.3175536744149779,FALSE,FALSE,neither
CambXyl_con&MD,xyl_lin,23,0.4395034611066269,-0.07197343247209347,15,-0.1327443867912275,0.6372041019008389,-0.0629940788348712,TRUE,FALSE,timing
CambXyl_con&MD,xyl_spp,23,0.3834003930964955,0.058929749037894136,15,-0.0808339686016927,0.774589436349695,0.06241877839323591,TRUE,FALSE,timing
CambXyl_con&MD,zei_gri,161,-0.0335578961466258,-0.0919060809804319,23,0.6331196124666297,0.0011843112970868854,0.7033559967012057,FALSE,TRUE,place
Def_dec,Def_dec&DB,46,0.005859444997207841,0.036999973977945654,15,0.7483200679664966,0.001331962800540908,0.412514323662695,FALSE,TRUE,place
Def_dec,agr_big,46,0.041005586539887035,-0.11554470302373707,15,-0.13071638406238045,0.6424019384660844,-0.006091449038731726,FALSE,FALSE,neither
Def_dec,agr_vir,23,-0.06411037315974936,-0.154289236368588,15,-0.1954774041202908,0.48506297137304577,-0.22445268709987787,FALSE,FALSE,neither
Def_dec,bup_pin,46,-0.002263108920180249,0.049350911774361884,15,0.10000245651225435,0.7228907656390158,0.3754384112579295,FALSE,FALSE,neither
Def_dec,cep_spp,0,NA,NA,0,NA,NA,NA,NA,NA,insufficient data
Def_dec,clo_ana,0,NA,NA,0,NA,NA,NA,NA,NA,insufficient data
Def_dec,den_mic,0,NA,NA,15,-0.09080516955564531,0.7475722772921769,-0.10456072210162853,NA,FALSE,insufficient data
Def_dec,den_pin,23,-0.08850993486026422,-0.1384936470031666,15,-0.10572981547765652,0.7076464888682534,0.02724178826415978,FALSE,FALSE,neither
Def_dec,dip_sp,23,-0.15123501397980835,-0.1690412098465302,15,-0.10619282984790704,0.7064185071891762,0.03740878118331298,FALSE,FALSE,neither
Def_dec,era_def,23,-0.04545454545454545,-0.0153447165153103,15,-0.1669497271017329,0.5520457351397754,-0.3807155649207329,FALSE,FALSE,neither
Def_dec,geo_db,23,0.1840790011792562,0.06784516852173951,15,0.005797042356023277,0.9836413365912067,0.09166984970282112,FALSE,FALSE,neither
Def_dec,ips_acu,23,-0.05066524086339646,-0.13569180085872762,15,0.07024638336247085,0.8035411634355283,0.13750477455423168,FALSE,FALSE,neither
Def_dec,ips_ami,0,NA,NA,15,-0.10472202880456466,0.7103215951181929,-0.1530612244897959,NA,FALSE,insufficient data
Def_dec,ips_cem,46,-0.19007771378048055,-0.18658515068651318,15,0.20727207842695328,0.4585563342684622,0.21929216539434215,FALSE,FALSE,neither
Def_dec,ips_dup,0,NA,NA,0,NA,NA,NA,NA,NA,insufficient data
Def_dec,ips_sex,46,-0.05989375640280196,-0.06295901353413011,15,0.08017422924052028,0.7763858634702666,0.3627116854525759,FALSE,FALSE,neither
Def_dec,ips_typ,46,0.06621435755806492,0.1899421735568505,15,0.20133173967545215,0.4718160787350696,0.17056057308448833,FALSE,FALSE,neither
Def_dec,lym_dis,46,-0.1584249882659077,-0.08973208262121654,15,-0.03934932227929873,0.8892679442449499,0.21821789023599236,FALSE,FALSE,neither
Def_dec,lym_mon,46,-0.05536062331372908,-0.013286851156771052,15,-0.022772211528199145,0.9357962329867039,0.21198309337210686,FALSE,FALSE,neither
Def_dec,mel_spp,46,-0.1150527484178654,-0.1891669603768164,15,-0.041681043852759676,0.8827468627217067,0.1932787027804504,FALSE,FALSE,neither
Def_dec,neo_ser,23,-0.17030598012606962,-0.11171095204493153,15,0.22002399303932182,0.43072540468748044,0.4183673469387754,FALSE,FALSE,neither
Def_dec,ope_spp,46,-0.0991952608416622,-0.025027719556996078,15,-0.04454938053875597,0.8747346545333722,0.21821789023599236,FALSE,FALSE,neither
Def_dec,pan_fla,23,0.4349557387080115,0.5243800681053281,15,-0.10736185074612646,0.7033210873323875,0.02724178826415978,TRUE,FALSE,timing
Def_dec,pha_cya,46,0.014916770907577396,0.13099063824690438,15,0.0052582214763875965,0.985161672221926,0.21320071635561041,FALSE,FALSE,neither
Def_dec,pis_pin,23,0.047935607440218034,-0.02597974770514174,15,0.07649365771388024,0.7864269007914971,0.13750477455423168,FALSE,FALSE,neither
Def_dec,pit_bid,23,-0.0031573234898099527,-0.08931855194415549,15,0.018890977307984686,0.9467231635743532,0.1581343045626544,FALSE,FALSE,neither
Def_dec,pit_cha,46,-0.08651135198533992,0.14442761357056164,15,0.23226137105067798,0.40485216733242635,0.31066390097531804,FALSE,FALSE,neither
Def_dec,pit_spp,23,-0.06473165280672023,-0.07609566708091918,15,-0.12502838513505019,0.6570622111139452,0.13945529431199327,FALSE,FALSE,neither
Def_dec,pol_pol,0,NA,NA,0,NA,NA,NA,NA,NA,insufficient data
Def_dec,pri_abi,46,0.034752146176104705,0.012077528811910323,15,0.09090251583979768,0.7473098016666018,0.36907504835525273,FALSE,FALSE,neither
Def_dec,sap_car,0,NA,NA,15,-0.09080516955564534,0.7475722772921767,-0.10456072210162853,NA,FALSE,insufficient data
Def_dec,sco_int,46,0.0391640041483102,-0.114734840686356,15,0.17797401537797253,0.525695913272755,0.36907504835525273,FALSE,FALSE,neither
Def_dec,sco_rat,23,0.16704155744010196,-0.012267483840749799,15,0.057651547860859166,0.8382901265082399,0.25890946857007585,FALSE,FALSE,neither
Def_dec,sco_sco,23,-0.09494059709301478,-0.06662371043551377,15,-0.12083843180235375,0.6679364875644839,0.007187922934666109,FALSE,FALSE,neither
Def_dec,tet_gab,46,-0.05760786018903338,-0.08881105602641533,15,0.4611535082598106,0.08360014525497464,0.38115074200771404,FALSE,TRUE,place
Def_dec,tet_spp,46,-0.20132639388006474,-0.3722358436993717,15,0.5661340324067783,0.027804412549607294,0.3563483225498992,FALSE,TRUE,place
Def_dec,tha_pit,0,NA,NA,15,-0.09080516955564533,0.7475722772921767,-0.10456072210162853,NA,FALSE,insufficient data
Def_dec,tha_pro,23,0.024091422145301643,-0.08399671680038598,15,0.2814963299786934,0.3094418672097062,0.030737963065138225,FALSE,FALSE,neither
Def_dec,tom_spp,46,-0.2917135929147534,-0.25589816362163054,15,0.3832332053709169,0.15853569948788088,0.41421853463375735,FALSE,TRUE,place
Def_dec,tor_vir,23,-0.009021902171087948,-0.0782913025039799,15,-0.11126487736088041,0.6930112366876788,-0.030737963065138225,FALSE,FALSE,neither
Def_dec,uro_sir_spp,46,-0.1125868223752524,-0.2128449559172937,15,0.9698120711930088,2.403259500473549e-9,0.7050239879106326,FALSE,TRUE,place
Def_dec,xyl_lin,46,-0.15882600672809638,-0.1651947324261232,15,0.43202337847479455,0.107801243211279,0.4549218533640457,FALSE,TRUE,place
Def_dec,xyl_spp,46,-0.04790893656529612,-0.12672633074048736,15,0.14672642363918625,0.6018040045328698,0.444675779827416,FALSE,FALSE,neither
Def_dec,zei_gri,23,-0.09766853508096923,-0.06262468574449483,15,0.2245256334600016,0.42111129022223703,0.6273643326097713,FALSE,FALSE,neither
Def_dec&DB,agr_big,161,0.19581356008786657,0.038763268684974594,15,0.2639169635293995,0.3418729564812846,0.3322493196224943,FALSE,FALSE,neither
Def_dec&DB,agr_vir,138,0.160435637316341,0.12990593724163874,15,0.17593554773494133,0.5305251714342867,0.3290658197465823,FALSE,FALSE,neither
Def_dec&DB,bup_pin,115,0.2651966072469017,0.27326198692370957,15,0.056977643346474795,0.8401578257154435,0.3082891232918909,FALSE,FALSE,neither
Def_dec&DB,cep_spp,161,0.0623217714086977,-0.13228255387139687,8,0.6654472591606646,0.0716953959285873,0.642857142857143,FALSE,TRUE,place
Def_dec&DB,clo_ana,0,NA,NA,0,NA,NA,NA,NA,NA,insufficient data
Def_dec&DB,den_mic,23,0.44936409809977634,0.4170504302199506,23,-0.19966109243357505,0.36103918517014943,-0.18575861284902265,TRUE,FALSE,timing
Def_dec&DB,den_pin,69,-0.10327541499752042,-0.10250034981525745,15,-0.06235189205120376,0.8252860819283495,-0.14640131852445523,FALSE,FALSE,neither
Def_dec&DB,dip_sp,222,0.16396749339264585,-0.05239394121524964,24,0.08421629513725792,0.6956157988882293,0.3967123039870966,FALSE,FALSE,neither
Def_dec&DB,era_def,138,-0.4011728810889084,-0.4037868357852526,15,-0.061736365583943936,0.8269866815819893,0.21987087327959184,TRUE,FALSE,timing
Def_dec&DB,geo_db,115,-0.276865879437037,-0.32862620460957714,15,-0.1741446678230286,0.5347841404698026,0.21428571428571427,FALSE,FALSE,neither
Def_dec&DB,ips_acu,299,0.04818574082146784,0.12766711181048482,23,0.12955207359428914,0.5557583662267354,0.39536082474226814,FALSE,FALSE,neither
Def_dec&DB,ips_ami,23,-0.1482438477178945,-0.08421605297459957,15,-0.1620263712539299,0.5639940860790678,-0.04583492485141056,FALSE,FALSE,neither
Def_dec&DB,ips_cem,161,0.14678734690646594,0.02298196652420708,15,0.3602173654418146,0.18720658422144598,0.42410648445930155,FALSE,TRUE,place
Def_dec&DB,ips_dup,184,-0.25020303855968506,0.1506153544576523,8,0.24565855503405196,0.5575860023815944,0.380952380952381,FALSE,FALSE,neither
Def_dec&DB,ips_sex,322,4.4870607188378695e-4,0.014099230029718909,23,0.08630666774351217,0.6953820037873167,0.3935617905664643,FALSE,FALSE,neither
Def_dec&DB,ips_typ,471,-0.08836681490827927,0.07638012380620995,32,0.3135284397339471,0.08057068493259734,0.2925111276657582,FALSE,TRUE,place
Def_dec&DB,lym_dis,381,0.17696083288010994,0.2537715706551307,32,0.17991361781271145,0.3244649625821483,0.42780748663101603,FALSE,FALSE,neither
Def_dec&DB,lym_mon,253,0.14194234738112996,0.14076382335800838,23,0.11365554688573214,0.6056068875865417,0.19123711340206187,FALSE,FALSE,neither
Def_dec&DB,mel_spp,161,0.08193908555152642,0.27392889638763396,15,0.5346360596234989,0.04004256876834063,0.8161632489763256,FALSE,TRUE,place
Def_dec&DB,neo_ser,69,0.05722014899959021,-0.07649968494290574,23,-0.14164229454153957,0.5191386151665973,0.11377825556772077,FALSE,FALSE,neither
Def_dec&DB,ope_spp,115,-0.10950511630780273,-0.23885683818961617,15,-0.16258694660315626,0.5626281389573142,0.014002800840280097,FALSE,FALSE,neither
Def_dec&DB,pan_fla,92,0.28042437011146454,0.33243044280501827,23,-0.12023187626915413,0.5847600380202097,-0.1316007714263477,FALSE,FALSE,neither
Def_dec&DB,pha_cya,450,0.09601879435748371,0.19345864491537806,32,0.295161527697597,0.10099931423310726,0.4602363780810756,FALSE,FALSE,neither
Def_dec&DB,pis_pin,115,0.2510610297675176,0.18392585978265855,15,-0.12270164835524791,0.6630931214773101,0.2605042016806723,FALSE,FALSE,neither
Def_dec&DB,pit_bid,69,-0.0435202252672427,-0.08145370225728489,15,-0.18891498151777605,0.5001193806040326,0.03689928564539297,FALSE,FALSE,neither
Def_dec&DB,pit_cha,287,0.07875534760857462,-0.047589522328530934,24,0.2599974942050749,0.21983656474058622,0.36655620734171956,FALSE,FALSE,neither
Def_dec&DB,pit_spp,337,-0.15589839616354878,-0.08960153549381752,32,0.22636436271719054,0.21283362167033584,0.3792002989379565,FALSE,FALSE,neither
Def_dec&DB,pol_pol,184,-0.028681736429911037,0.07083309766190686,8,0.0747306923536364,0.8604007612225455,0.2619047619047619,FALSE,FALSE,neither
Def_dec&DB,pri_abi,276,0.21947170134934643,0.1330169602044958,23,0.1048869779009624,0.6338706256008027,0.30902061855670104,FALSE,FALSE,neither
Def_dec&DB,sap_car,23,0.3990765396574864,0.2849111365868756,15,0.016611250738956532,0.9531455591408868,0.20128637927736948,TRUE,FALSE,timing
Def_dec&DB,sco_int,299,0.006714383265588024,0.1287062971439054,23,0.2985007788784533,0.16650897463555533,0.4769825602183937,FALSE,FALSE,neither
Def_dec&DB,sco_rat,230,-0.06150605990333788,0.13398975958762097,23,0.025709879472573707,0.9073014248217551,0.2987107696834533,FALSE,FALSE,neither
Def_dec&DB,sco_sco,69,0.017143124488312525,0.12564524098109003,15,-0.06196153448405737,0.8263644933303418,0.07841098199646007,FALSE,FALSE,neither
Def_dec&DB,tet_gab,312,0.05257446473063327,0.03143106354599783,32,0.4884220880135556,0.0045651104568726324,0.4465375222081256,FALSE,TRUE,place
Def_dec&DB,tet_spp,138,0.15548884580632624,0.13585957007340696,15,0.9191806936384613,1.2798043621574145e-6,0.7615353840256642,FALSE,TRUE,place
Def_dec&DB,tha_pit,23,0.4899013852018552,0.14263666552468843,15,0.016611250738956532,0.9531455591408868,0.20128637927736948,TRUE,FALSE,timing
Def_dec&DB,tha_pro,138,0.1639678493720578,0.2295219157684364,15,0.6628561790973574,0.00707641594280777,0.6213126521846355,FALSE,TRUE,place
Def_dec&DB,tom_spp,471,0.05980389685733547,0.18533511555851087,32,0.39588776767584605,0.02490270475728442,0.4566019280276226,FALSE,TRUE,place
Def_dec&DB,tor_vir,138,-0.38151204577929937,-0.3399768167756826,15,-0.3213794224405521,0.2427951916811659,-0.06508989689553324,TRUE,TRUE,both
Def_dec&DB,uro_sir_spp,69,0.08141405594730934,0.09804223453625283,15,0.8055676657444747,2.890123203828451e-4,0.3877766580519076,FALSE,TRUE,place
Def_dec&DB,xyl_lin,138,-0.09314944036378515,-0.11563716172626609,15,0.16913544847358014,0.5467765806957188,0.09664863478427663,FALSE,FALSE,neither
Def_dec&DB,xyl_spp,161,0.13987329415948246,0.11500284848818546,15,-0.05843067456994152,0.8361318067880704,0.3635198438222585,FALSE,FALSE,neither
Def_dec&DB,zei_gri,184,-0.09056968796497658,-0.057409184951110144,23,0.3044876593038198,0.15776099200256224,0.378572685094734,FALSE,TRUE,place
agr_big,agr_vir,207,0.4023832540310443,0.18079827203297302,15,0.8409626561999362,8.571231166032158e-5,0.854184505145796,TRUE,TRUE,both
agr_big,bup_pin,464,0.23914367957071236,0.14165554250239906,32,0.3018629828001972,0.09313581449351496,0.23509947301650053,FALSE,TRUE,place
agr_big,cep_spp,0,NA,NA,0,NA,NA,NA,NA,NA,insufficient data
agr_big,clo_ana,0,NA,NA,0,NA,NA,NA,NA,NA,insufficient data
agr_big,den_mic,23,0.24910932455580456,0.26241931784911915,15,-0.05149205875222013,0.8553895434761665,0.12483755678647182,FALSE,FALSE,neither
agr_big,den_pin,395,0.17634488713423768,0.07984394598845908,32,0.41660870726057364,0.017696523090487682,0.35100410160002987,FALSE,TRUE,place
agr_big,dip_sp,527,0.19068414044471008,0.054454578434305505,32,0.5117183407520304,0.0027568491447901564,0.5159552213128789,FALSE,TRUE,place
agr_big,era_def,230,0.016872835582134572,0.05583015825029683,15,0.5696923421547054,0.026624809993188066,0.7045454545454544,FALSE,TRUE,place
agr_big,geo_db,501,0.06485766920984902,-0.15501715886872017,32,0.5814965272314426,4.82158678748599e-4,0.6167642912578262,FALSE,TRUE,place
agr_big,ips_acu,481,-0.08324653033002702,0.10828130436209593,32,0.3087358344082509,0.08556447569217554,0.32314796231013004,FALSE,TRUE,place
agr_big,ips_ami,46,0.3081380685253343,0.35873780330601235,15,-0.023838038164106408,0.9327973690377309,0.26802375770419595,TRUE,FALSE,timing
agr_big,ips_cem,253,0.3015366518934127,0.12576737396531537,15,0.8024948461151761,3.174934430913985e-4,0.9272727272727271,TRUE,TRUE,both
agr_big,ips_dup,0,NA,NA,0,NA,NA,NA,NA,NA,insufficient data
agr_big,ips_sex,184,0.3202276000503943,0.20964139677526794,15,0.16410507013516307,0.5589360155405734,0.5166212799503587,TRUE,FALSE,timing
agr_big,ips_typ,593,0.21841834072505428,0.24287627667837475,32,0.7034114361034838,7.107400797068813e-6,0.5214836577304444,FALSE,TRUE,place
agr_big,lym_dis,207,0.1718260569772289,0.03804818617658554,15,0.7940166830368811,4.0817997146024346e-4,0.7964944841010909,FALSE,TRUE,place
agr_big,lym_mon,504,0.03586357942828582,-0.020007808908044884,32,0.5669120560734173,7.167643696235231e-4,0.4490174996057398,FALSE,TRUE,place
agr_big,mel_spp,547,0.14844897898179013,0.07672641906791798,32,0.7971646592074221,4.750088151221295e-8,0.8121858245960559,FALSE,TRUE,place
agr_big,neo_ser,46,0.15933046984177585,0.27860895024820187,15,-0.06654380001315341,0.813724038252433,0.048731592309853806,FALSE,FALSE,neither
agr_big,ope_spp,207,0.027201630958977815,0.08322345736615717,15,0.5460023577683895,0.03523799833072702,0.6085366736005998,FALSE,TRUE,place
agr_big,pan_fla,438,0.028126834762366708,-0.04015878528040724,32,0.464398555573658,0.007414789270369528,0.4430738335833444,FALSE,TRUE,place
agr_big,pha_cya,593,0.3929146419422751,0.19159388191206625,32,0.7701917164028476,2.541381319453321e-7,0.663973558575101,TRUE,TRUE,both
agr_big,pis_pin,161,0.4044548598037905,0.29211758616807854,15,0.03160436848076769,0.9109732988753005,0.21107603834840816,TRUE,FALSE,timing
agr_big,pit_bid,115,0.3062203632781392,0.12614252463717962,15,0.13574182514847802,0.629550278679702,0.4054916463491181,TRUE,FALSE,timing
agr_big,pit_cha,253,0.24553837228852635,0.1813784516941939,15,0.7611876869227369,9.796711901920749e-4,0.8436363636363636,FALSE,TRUE,place
agr_big,pit_spp,92,-0.004985416969537053,-0.036904766973142523,15,0.8522768098206364,5.459847193908795e-5,0.633621287386146,FALSE,TRUE,place
agr_big,pol_pol,0,NA,NA,0,NA,NA,NA,NA,NA,insufficient data
agr_big,pri_abi,184,-0.116906913128948,0.00648256040445397,15,0.47991754007312537,0.07022641768162317,0.6267831705280088,FALSE,TRUE,place
agr_big,sap_car,23,0.25395933013360983,0.1586602194285774,15,0.17911423253136602,0.5230033187205934,0.24967511357294364,FALSE,FALSE,neither
agr_big,sco_int,184,0.3583582539819958,0.2186931338435548,15,0.4691710007863711,0.07768148170642802,0.6495752858199363,TRUE,TRUE,both
agr_big,sco_rat,69,0.6533638926742446,0.5405058990184176,15,0.10481956637902969,0.7100625500102564,0.21380677668664616,TRUE,FALSE,timing
agr_big,sco_sco,115,0.25211305451952576,0.304920556838466,15,0.22102974568957562,0.42856778007787444,0.39047343722507666,FALSE,FALSE,neither
agr_big,tet_gab,207,0.28818159823377065,0.16789315175940253,15,0.5067996306843553,0.05385269068045452,0.40919153270529735,FALSE,TRUE,place
agr_big,tet_spp,184,0.061878490187534836,0.06669179877724658,15,0.44328779525627426,0.09792874627590635,0.5736015681801777,FALSE,TRUE,place
agr_big,tha_pit,23,0.22386911130466447,-0.08978130089415742,15,0.17911423253136605,0.5230033187205934,0.24967511357294364,FALSE,FALSE,neither
agr_big,tha_pro,230,0.0620513058985319,-0.06256441103626287,15,0.8143033172271343,2.192406341087796e-4,0.7449854810688372,FALSE,TRUE,place
agr_big,tom_spp,533,0.33320232030004104,0.13149872428159062,32,0.3410335815327941,0.056116339735453026,0.25889961784248816,TRUE,TRUE,both
agr_big,tor_vir,570,0.16928675351966008,0.15764950595173446,32,0.5447035040310176,0.00126707369945214,0.57085118754966,FALSE,TRUE,place
agr_big,uro_sir_spp,92,0.22612088080254372,0.10852660850281537,15,-0.09681051797524871,0.7314291759863503,0.2034988076276673,FALSE,FALSE,neither
agr_big,xyl_lin,230,0.0606327788079029,0.3235243555116568,15,0.4175301041477815,0.12149405299772857,0.6972770512466949,FALSE,TRUE,place
agr_big,xyl_spp,253,0.09401765810216339,0.15059974574306284,15,0.46383978191893693,0.08158252551274052,0.7345454545454544,FALSE,TRUE,place
agr_big,zei_gri,23,0.006149642809086199,0.1781606312539078,15,-0.062233430318716386,0.8256133166701961,0.06241877839323591,FALSE,FALSE,neither
agr_vir,bup_pin,138,-0.15322996158086244,0.005219824209144835,15,-0.15693614031819977,0.5764611096404195,0.06804138174397717,FALSE,FALSE,neither
agr_vir,cep_spp,0,NA,NA,0,NA,NA,NA,NA,NA,insufficient data
agr_vir,clo_ana,0,NA,NA,0,NA,NA,NA,NA,NA,insufficient data
agr_vir,den_mic,23,0.7693546402599964,0.7571055120493375,15,-0.10423555083486824,0.711614046294788,0.06388765649999398,TRUE,FALSE,timing
agr_vir,den_pin,92,-0.11679159435643065,-0.05346822301683979,15,-0.11710380826350043,0.677681044593659,-0.010403129732205986,FALSE,FALSE,neither
agr_vir,dip_sp,184,-0.023275853826580244,-0.06720441242575365,15,0.02352578664473518,0.9336758505946025,0.48095238095238085,FALSE,FALSE,neither
agr_vir,era_def,184,0.09436195187295861,0.1458927107832792,15,0.37350269989778073,0.17027539076328868,0.6373816841229524,FALSE,TRUE,place
agr_vir,geo_db,161,-0.17486371436479012,-0.09487048577919496,15,0.20559304779526527,0.46228543625013163,0.6801360408136047,FALSE,FALSE,neither
agr_vir,ips_acu,138,0.4701470767696961,0.23224742681183802,15,-0.05651551156523508,0.8414390634256281,0.41508302490830284,TRUE,FALSE,timing
agr_vir,ips_ami,46,-0.06261931301983985,0.037353722598086364,15,-0.11445969967809903,0.684609064871774,0.1808091090526794,FALSE,FALSE,neither
agr_vir,ips_cem,207,0.2848920006194881,0.07105845501411621,15,0.5612514391565041,0.02948682350460374,0.7685799577891368,FALSE,TRUE,place
agr_vir,ips_dup,0,NA,NA,0,NA,NA,NA,NA,NA,insufficient data
agr_vir,ips_sex,138,0.25127795465337566,0.18619343913574787,15,-0.04211713807107575,0.8815280095167373,0.3324307508062884,FALSE,FALSE,neither
agr_vir,ips_typ,207,0.29213200593072136,-0.056178720713266954,15,0.5702640455183109,0.026438879032088088,0.8113822314674664,FALSE,TRUE,place
agr_vir,lym_dis,161,0.36464002527305583,0.32315685593169224,15,0.9198961903560025,1.210057210372575e-6,0.7904761904761903,TRUE,TRUE,both
agr_vir,lym_mon,138,-0.17507862178476968,-0.05015102330854192,15,0.044229253911105534,0.8756283276065628,0.17619047619047615,FALSE,FALSE,neither
agr_vir,mel_spp,161,0.11997315562944859,0.07177501732466644,15,0.6952201667719481,0.004010637094681885,0.6019047619047618,FALSE,TRUE,place
agr_vir,neo_ser,23,0.24284748902538117,0.44051716289822196,15,-0.11962406163288958,0.6710997710668841,-0.19639610121239312,FALSE,FALSE,neither
agr_vir,ope_spp,161,0.0646994334318808,0.18349611992608397,15,0.5065287186511117,0.054002235569930876,0.33333333333333326,FALSE,TRUE,place
agr_vir,pan_fla,115,-0.1259169781486554,0.010205664264177372,15,0.028749991654065367,0.9189882629489152,0.4306895709133278,FALSE,FALSE,neither
agr_vir,pha_cya,207,0.40813548237545116,0.250086125842347,15,0.5543471868540183,0.031995513710444005,0.7350825262147919,TRUE,TRUE,both
agr_vir,pis_pin,138,0.1481390221526748,0.12219183029557731,15,-0.13614190257682077,0.6285313189902026,0.28105621686562193,FALSE,FALSE,neither
agr_vir,pit_bid,92,0.4054515066097496,0.3071038432070826,15,-0.00806926727396249,0.9772306643965075,0.3480575565741483,TRUE,FALSE,timing
agr_vir,pit_cha,207,0.17793386462787442,-0.028196984610869613,15,0.5871543131667647,0.021376335636337267,0.7685799577891368,FALSE,TRUE,place
agr_vir,pit_spp,69,0.08617441261279489,0.04650459750429224,15,0.9403782390272797,1.866362036030517e-7,0.530186796530889,FALSE,TRUE,place
agr_vir,pol_pol,0,NA,NA,0,NA,NA,NA,NA,NA,insufficient data
agr_vir,pri_abi,138,-0.21430461722681685,0.09381541861385677,15,0.47935205514344165,0.07060532638667426,0.5210025802110251,FALSE,TRUE,place
agr_vir,sap_car,23,0.47273607767830916,0.38162354947695487,15,-0.06692500511976496,0.8126743378765006,0.19166296949998196,TRUE,FALSE,timing
agr_vir,sco_int,138,0.2533880052668425,0.06712543242206721,15,0.16666591228109795,0.552731535956074,0.458793316902246,FALSE,FALSE,neither
agr_vir,sco_rat,46,0.44660997739058744,0.3254105447375437,15,-0.13702868139302865,0.6262749953920173,-0.019774537297719372,TRUE,FALSE,timing
agr_vir,sco_sco,92,0.009041036574031498,0.08486758131204329,15,0.019414283939010023,0.9452493317795667,0.18994939207358882,FALSE,FALSE,neither
agr_vir,tet_gab,161,0.20557875517291666,0.05098432086824399,15,0.3379446763242233,0.21796585583851494,0.29674304943801244,FALSE,TRUE,place
agr_vir,tet_spp,161,0.08333191916871574,-0.0034534949417709057,15,0.3627932403510955,0.18384174064211392,0.491841988035035,FALSE,TRUE,place
agr_vir,tha_pit,23,0.4819421532933191,0.17877161570894126,15,-0.06692500511976496,0.8126743378765006,0.19166296949998196,TRUE,FALSE,timing
agr_vir,tha_pro,184,0.22867607226968842,0.15069680178672276,15,0.6842039505405878,0.00490313536485987,0.614145425102722,FALSE,TRUE,place
agr_vir,tom_spp,207,0.17343652188604344,0.10027639962211284,15,0.5610657756574904,0.029552278836654837,0.6457560420165386,FALSE,TRUE,place
agr_vir,tor_vir,207,-0.023473080572688366,0.13022467637511426,15,0.3490863604706212,0.20220448478018876,0.6535859569900527,FALSE,TRUE,place
agr_vir,uro_sir_spp,69,0.12944890142742785,-0.02481916864352901,15,-0.13858956068843978,0.6223109592614634,0.044971201491459334,FALSE,FALSE,neither
agr_vir,xyl_lin,184,-0.1922649887915832,-0.19872123124431523,15,0.24228724428425566,0.38428049828559774,0.45262705642127216,FALSE,FALSE,neither
agr_vir,xyl_spp,207,-0.1170737818533673,-0.15591171557615716,15,0.3007837097738457,0.2760020600179131,0.5527076209766916,FALSE,TRUE,place
agr_vir,zei_gri,23,-0.13775445706015418,-0.06873938204217118,15,-0.11007710698117781,0.6961435393503036,0,FALSE,FALSE,neither
bup_pin,cep_spp,0,NA,NA,0,NA,NA,NA,NA,NA,insufficient data
bup_pin,clo_ana,0,NA,NA,0,NA,NA,NA,NA,NA,insufficient data
bup_pin,den_mic,0,NA,NA,15,-0.20086061038508124,0.47287559039563043,-0.26082026547865056,NA,FALSE,insufficient data
bup_pin,den_pin,375,0.36819042668057694,0.1380019007440458,32,0.48595889538285564,0.004805506087118708,0.664990475962945,TRUE,TRUE,both
bup_pin,dip_sp,441,0.31976033256971936,0.141772504698841,32,0.8132490051913238,1.5439606379537806e-8,0.8285904425964143,TRUE,TRUE,both
bup_pin,era_def,161,-0.06018925444776836,-0.1868965209426851,15,0.5768076490285442,0.024380127878115523,0.1614441499844871,FALSE,TRUE,place
bup_pin,geo_db,395,0.1837680358682625,-0.06337488341901687,32,0.3753938312652846,0.03424415642699251,0.4986545451182389,FALSE,TRUE,place
bup_pin,ips_acu,375,-0.2346991825263723,0.24943127553819344,32,0.2576636085490943,0.15452021540995461,0.3349987689420529,FALSE,FALSE,neither
bup_pin,ips_ami,23,0.2325004055948246,0.2375980942900439,15,-0.07601520596018495,0.7877345054841093,0.1081771693455051,FALSE,FALSE,neither
bup_pin,ips_cem,184,0.2035466331704299,0.18377484217857237,15,0.44721517145647505,0.0946410404582932,0.42165413290066045,FALSE,TRUE,place
bup_pin,ips_dup,0,NA,NA,0,NA,NA,NA,NA,NA,insufficient data
bup_pin,ips_sex,138,0.25145974022469053,0.24636208414335484,15,0.6586824970594937,0.007578236594007146,0.5714285714285716,FALSE,TRUE,place
bup_pin,ips_typ,464,0.08722043139296448,0.21032174427708894,32,0.372769218410191,0.035622585403157436,0.33681445896500234,FALSE,TRUE,place
bup_pin,lym_dis,161,0.19149794648436289,0.30027292369563036,15,-0.054862425992948924,0.8460251649096865,0.24106089532151911,FALSE,FALSE,neither
bup_pin,lym_mon,464,0.3136177982309187,0.2029392911141795,32,0.804966755122813,2.7896456745573647e-8,0.808946731493993,TRUE,TRUE,both
bup_pin,mel_spp,441,0.22899176132458166,0.15998388900560181,32,0.11597355515057638,0.5273328924215819,0.2142614846127242,FALSE,FALSE,neither
bup_pin,neo_ser,46,-0.1060048844379545,-0.2039447714306391,15,0.16433627667330664,0.5583746234041027,0.4327086773820204,FALSE,FALSE,neither
bup_pin,ope_spp,138,0.2109041046958048,0.1231278833745787,15,0.050997707856919865,0.8567646062362018,0.3013261191518989,FALSE,FALSE,neither
bup_pin,pan_fla,418,0.37370528267476955,0.14294552072925149,32,0.8335706103335551,3.1692221303574273e-9,0.8312073171039871,TRUE,TRUE,both
bup_pin,pha_cya,464,0.24656345209279046,0.14576982877427835,32,0.6425858437128229,7.323475458865177e-5,0.7237412461720322,FALSE,TRUE,place
bup_pin,pis_pin,138,0.2748315377423307,0.1490843286329984,15,0.6846898236750213,0.004860721734604458,0.7390772359712882,FALSE,TRUE,place
bup_pin,pit_bid,92,0.11893758063975918,0.0918849942826446,15,0.547397247488022,0.03467957288356757,0.443763291576912,FALSE,TRUE,place
bup_pin,pit_cha,184,0.2882006577656623,0.34798852538567343,15,0.30423333283368453,0.2702596177834374,0.3494791011428897,FALSE,TRUE,place
bup_pin,pit_spp,46,-0.10279297904618881,0.04055817519116751,15,-0.2422581247279673,0.3843394188895237,-0.18359416128994202,FALSE,FALSE,neither
bup_pin,pol_pol,0,NA,NA,0,NA,NA,NA,NA,NA,insufficient data
bup_pin,pri_abi,161,0.11207858376349693,-0.014615830852251694,15,0.1770159205427631,0.5279632362767717,0.6071428571428573,FALSE,FALSE,neither
bup_pin,sap_car,23,-0.23988087104031094,0.12679609934885316,15,0.8088001620656874,2.613428088902441e-4,0.45643546458763845,FALSE,TRUE,place
bup_pin,sco_int,115,-0.09181098423318342,8.70887376984456e-4,15,0.6096119631979866,0.015833001453439705,0.30555555555555564,FALSE,TRUE,place
bup_pin,sco_rat,69,-0.058508791031153064,0.02470552823128962,15,0.782438914230654,5.651319234234748e-4,0.6619795258136424,FALSE,TRUE,place
bup_pin,sco_sco,69,0.11569773106173332,-0.078862782829574,15,0.6803525584680509,0.005249808226502247,0.3227369393286633,FALSE,TRUE,place
bup_pin,tet_gab,138,0.3561664914978123,0.2667979287572178,15,-0.019338660727116312,0.9454623056126705,0.3028621066002555,TRUE,FALSE,timing
bup_pin,tet_spp,115,0.18382826153365703,0.09294755683591577,15,-0.1815559527745909,0.5172582889352739,0.02380952380952381,FALSE,FALSE,neither
bup_pin,tha_pit,23,-0.6439950439766439,0.24419099494776605,15,0.8088001620656872,2.613428088902465e-4,0.45643546458763845,TRUE,TRUE,both
bup_pin,tha_pro,161,0.06135750591113279,0.0717558026627644,15,0.20980110909506344,0.452967516407212,0.2721925261850397,FALSE,FALSE,neither
bup_pin,tom_spp,404,0.2763126195280879,0.08767415014766704,32,0.23400209152645582,0.19738602046557657,0.20111418509621706,FALSE,FALSE,neither
bup_pin,tor_vir,441,0.16669179263283912,-0.04384165777455298,32,0.298840831413282,0.09662219054929796,0.44042431594944703,FALSE,FALSE,neither
bup_pin,uro_sir_spp,46,0.03649087514490206,0.10026855264846764,15,0.035855419636789954,0.8990515004848231,0.028988551782622423,FALSE,FALSE,neither
bup_pin,xyl_lin,161,0.29680306723036703,0.18001080335360836,15,0.5202904553386308,0.0467826013703284,0.5673872376814912,FALSE,TRUE,place
bup_pin,xyl_spp,184,0.28698121489114825,0.17683203023718833,15,0.5788894506202,0.023751423062621915,0.6875621446398157,FALSE,TRUE,place
bup_pin,zei_gri,23,0.05686098573937332,0.008273688898217807,15,0.15572372986242358,0.579447295176306,0.32602533184831317,FALSE,FALSE,neither
cep_spp,clo_ana,0,NA,NA,0,NA,NA,NA,NA,NA,insufficient data
cep_spp,den_mic,23,-0.10852937104017223,-0.2401548313053749,8,-0.31045088818394495,0.4542246364396677,-0.24743582965269675,FALSE,TRUE,place
cep_spp,den_pin,0,NA,NA,0,NA,NA,NA,NA,NA,insufficient data
cep_spp,dip_sp,0,NA,NA,0,NA,NA,NA,NA,NA,insufficient data
cep_spp,era_def,0,NA,NA,0,NA,NA,NA,NA,NA,insufficient data
cep_spp,geo_db,0,NA,NA,0,NA,NA,NA,NA,NA,insufficient data
cep_spp,ips_acu,161,-0.1323541372395329,0.035391712880723236,8,0.7440148476426027,0.03429674423851586,0.904761904761905,FALSE,TRUE,place
cep_spp,ips_ami,0,NA,NA,0,NA,NA,NA,NA,NA,insufficient data
cep_spp,ips_cem,0,NA,NA,0,NA,NA,NA,NA,NA,insufficient data
cep_spp,ips_dup,161,-0.26750068839798585,0.06364392435061994,8,0.3098988570011908,0.4550701126946338,0.3571428571428572,FALSE,TRUE,place
cep_spp,ips_sex,161,-0.18201932465111778,0.024091181328255398,8,0.6987001936927666,0.05385991238822861,0.8095238095238095,FALSE,TRUE,place
cep_spp,ips_typ,161,-0.3086505720179531,-0.048907762792337085,8,0.5271527453545691,0.17943611783365038,0.42857142857142866,TRUE,TRUE,both
cep_spp,lym_dis,115,-0.048900388515316244,-0.051757436660110775,8,0.3145252532698536,0.44800433579086196,0.2515015150017844,FALSE,TRUE,place
cep_spp,lym_mon,138,0.14391281355955865,-0.016745537225798284,8,0.6162510043865648,0.10373901756716043,0.790433332862751,FALSE,TRUE,place
cep_spp,mel_spp,0,NA,NA,0,NA,NA,NA,NA,NA,insufficient data
cep_spp,neo_ser,46,-0.05881882010846213,-0.24089015502987685,8,0.8362655205802483,0.009670413044613753,0.7637626158259734,FALSE,TRUE,place
cep_spp,ope_spp,0,NA,NA,0,NA,NA,NA,NA,NA,insufficient data
cep_spp,pan_fla,23,-0.2632700447611223,-0.2106925638711739,8,0.2903060838633687,0.4854857400734439,0.4123930494211613,FALSE,FALSE,neither
cep_spp,pha_cya,161,-0.08165632095752541,0.024598576632912837,8,0.8062207916356426,0.015649862647371497,0.8333333333333335,FALSE,TRUE,place
cep_spp,pis_pin,0,NA,NA,0,NA,NA,NA,NA,NA,insufficient data
cep_spp,pit_bid,0,NA,NA,0,NA,NA,NA,NA,NA,insufficient data
cep_spp,pit_cha,0,NA,NA,0,NA,NA,NA,NA,NA,insufficient data
cep_spp,pit_spp,161,-0.30151873422441144,8.806880847891227e-4,8,0.4430893904712403,0.27154153415613225,0.5714285714285715,TRUE,TRUE,both
cep_spp,pol_pol,161,0.01702239275412908,0.006146272231024557,8,0.22357268631104582,0.5945607715827151,0.4761904761904763,FALSE,FALSE,neither
cep_spp,pri_abi,138,0.4241814920248439,0.15020107579304395,8,0.5589247750253269,0.14981907506990663,0.380952380952381,TRUE,TRUE,both
cep_spp,sap_car,0,NA,NA,0,NA,NA,NA,NA,NA,insufficient data
cep_spp,sco_int,161,-0.13321963715066498,-0.07380492616967259,8,0.21402340321891042,0.6107921702975433,0.5238095238095238,FALSE,FALSE,neither
cep_spp,sco_rat,161,-0.2803473165745918,-0.1064508984191928,8,0.4336806998251177,0.2830536181416623,0.5714285714285715,FALSE,TRUE,place
cep_spp,sco_sco,0,NA,NA,0,NA,NA,NA,NA,NA,insufficient data
cep_spp,tet_gab,46,0.30764492106557895,0.19281077870577049,8,0.1320636069179313,0.7552447908743509,0.20263089807627865,TRUE,FALSE,timing
cep_spp,tet_spp,0,NA,NA,0,NA,NA,NA,NA,NA,insufficient data
cep_spp,tha_pit,0,NA,NA,0,NA,NA,NA,NA,NA,insufficient data
cep_spp,tha_pro,0,NA,NA,0,NA,NA,NA,NA,NA,insufficient data
cep_spp,tom_spp,161,-0.18084574632645886,0.03426334854799655,8,0.7356034537296199,0.03752875312074647,0.8571428571428573,FALSE,TRUE,place
cep_spp,tor_vir,0,NA,NA,0,NA,NA,NA,NA,NA,insufficient data
cep_spp,uro_sir_spp,0,NA,NA,0,NA,NA,NA,NA,NA,insufficient data
cep_spp,xyl_lin,0,NA,NA,0,NA,NA,NA,NA,NA,insufficient data
cep_spp,xyl_spp,0,NA,NA,0,NA,NA,NA,NA,NA,insufficient data
cep_spp,zei_gri,161,0.03014999269485231,0.08860331372266081,8,0.73595089791621,0.03739172334252343,0.642857142857143,FALSE,TRUE,place
clo_ana,den_mic,0,NA,NA,0,NA,NA,NA,NA,NA,insufficient data
clo_ana,den_pin,0,NA,NA,0,NA,NA,NA,NA,NA,insufficient data
clo_ana,dip_sp,0,NA,NA,0,NA,NA,NA,NA,NA,insufficient data
clo_ana,era_def,0,NA,NA,0,NA,NA,NA,NA,NA,insufficient data
clo_ana,geo_db,23,-0.3995241449660467,-0.21530680878528494,1,NA,NA,NA,TRUE,NA,timing (place untestable)
clo_ana,ips_acu,0,NA,NA,0,NA,NA,NA,NA,NA,insufficient data
clo_ana,ips_ami,0,NA,NA,0,NA,NA,NA,NA,NA,insufficient data
clo_ana,ips_cem,0,NA,NA,0,NA,NA,NA,NA,NA,insufficient data
clo_ana,ips_dup,22,0.5583304608419918,0.18010203342393316,1,NA,NA,NA,TRUE,NA,timing (place untestable)
clo_ana,ips_sex,0,NA,NA,0,NA,NA,NA,NA,NA,insufficient data
clo_ana,ips_typ,22,-0.3055440512168623,0.038387167704897196,1,NA,NA,NA,TRUE,NA,timing (place untestable)
clo_ana,lym_dis,23,0.018086008169012586,0.2240576227794199,1,NA,NA,NA,FALSE,NA,neither (place untestable)
clo_ana,lym_mon,0,NA,NA,0,NA,NA,NA,NA,NA,insufficient data
clo_ana,mel_spp,0,NA,NA,0,NA,NA,NA,NA,NA,insufficient data
clo_ana,neo_ser,0,NA,NA,0,NA,NA,NA,NA,NA,insufficient data
clo_ana,ope_spp,0,NA,NA,0,NA,NA,NA,NA,NA,insufficient data
clo_ana,pan_fla,0,NA,NA,0,NA,NA,NA,NA,NA,insufficient data
clo_ana,pha_cya,0,NA,NA,0,NA,NA,NA,NA,NA,insufficient data
clo_ana,pis_pin,0,NA,NA,0,NA,NA,NA,NA,NA,insufficient data
clo_ana,pit_bid,0,NA,NA,0,NA,NA,NA,NA,NA,insufficient data
clo_ana,pit_cha,0,NA,NA,0,NA,NA,NA,NA,NA,insufficient data
clo_ana,pit_spp,0,NA,NA,0,NA,NA,NA,NA,NA,insufficient data
clo_ana,pol_pol,0,NA,NA,0,NA,NA,NA,NA,NA,insufficient data
clo_ana,pri_abi,0,NA,NA,0,NA,NA,NA,NA,NA,insufficient data
clo_ana,sap_car,0,NA,NA,0,NA,NA,NA,NA,NA,insufficient data
clo_ana,sco_int,0,NA,NA,0,NA,NA,NA,NA,NA,insufficient data
clo_ana,sco_rat,0,NA,NA,0,NA,NA,NA,NA,NA,insufficient data
clo_ana,sco_sco,0,NA,NA,0,NA,NA,NA,NA,NA,insufficient data
clo_ana,tet_gab,0,NA,NA,0,NA,NA,NA,NA,NA,insufficient data
clo_ana,tet_spp,0,NA,NA,0,NA,NA,NA,NA,NA,insufficient data
clo_ana,tha_pit,0,NA,NA,0,NA,NA,NA,NA,NA,insufficient data
clo_ana,tha_pro,0,NA,NA,0,NA,NA,NA,NA,NA,insufficient data
clo_ana,tom_spp,0,NA,NA,0,NA,NA,NA,NA,NA,insufficient data
clo_ana,tor_vir,23,-0.5616943032115271,-0.2969885185474029,1,NA,NA,NA,TRUE,NA,timing (place untestable)
clo_ana,uro_sir_spp,0,NA,NA,0,NA,NA,NA,NA,NA,insufficient data
clo_ana,xyl_lin,0,NA,NA,0,NA,NA,NA,NA,NA,insufficient data
clo_ana,xyl_spp,0,NA,NA,0,NA,NA,NA,NA,NA,insufficient data
clo_ana,zei_gri,0,NA,NA,0,NA,NA,NA,NA,NA,insufficient data
den_mic,den_pin,23,0.4329575969819365,0.44633953938208587,16,0.13964125634183636,0.6059978885007125,0.16339648924751318,TRUE,FALSE,timing
den_mic,dip_sp,23,0.18673725823522513,0.18503844895001043,16,-0.038130948569615235,0.8885009924229876,-0.08531241668713375,FALSE,FALSE,neither
den_mic,era_def,23,-0.11215048658060106,-0.11979594838445261,15,0.11382770815217876,0.6862684758544244,0.31209389196617954,FALSE,FALSE,neither
den_mic,geo_db,23,-0.27284088622532837,-0.2871006733320002,16,0.015058617745275407,0.9558588601129419,0.045057755628547226,FALSE,FALSE,neither
den_mic,ips_acu,46,0.005844293675881043,0.053994338715656946,24,0.3998582231982473,0.05287169545526961,0.17568843443089754,FALSE,TRUE,place
den_mic,ips_ami,23,-0.16489564030321066,-0.051660167387950505,15,0.9881103091917273,5.882914274927203e-12,0.7319250547113998,FALSE,TRUE,place
den_mic,ips_cem,23,0.2775572961866366,0.15014830806555532,15,-0.10185498182338885,0.7179490822393592,-0.06241877839323591,FALSE,FALSE,neither
den_mic,ips_dup,23,-0.4087510131576323,-0.2800912400995057,8,0.5802826200499077,0.1315433815463333,0.5773502691896258,TRUE,TRUE,both
den_mic,ips_sex,23,-0.12639434103572164,0.30158113206659104,23,-0.14848578893917178,0.49893631178746245,-0.10656095682433292,FALSE,FALSE,neither
den_mic,ips_typ,69,-0.1161791207461158,-0.026904446612332794,24,0.15719193165057377,0.463223320267216,0.15160218417872198,FALSE,FALSE,neither
den_mic,lym_dis,23,0.27699953281394063,0.2837355679701128,24,0.033104982145116986,0.877953156386061,-0.11327280640939447,FALSE,FALSE,neither
den_mic,lym_mon,23,-0.20031172025825586,-0.20464490156718013,24,-0.00706666971085938,0.9738566981550024,-0.19341139053576878,FALSE,FALSE,neither
den_mic,mel_spp,0,NA,NA,15,-0.16705143746094195,0.5518000550147937,-0.2874944542499729,NA,FALSE,insufficient data
den_mic,neo_ser,0,NA,NA,23,-0.06784282224964093,0.7584073530343908,-0.14064976601741078,NA,FALSE,insufficient data
den_mic,ope_spp,23,-0.11206835021885247,-0.11969702607453916,15,0.09028957575221071,0.7489629058285181,0.2555506259999759,FALSE,FALSE,neither
den_mic,pan_fla,23,-0.02412422073911762,-0.011480792428081579,24,0.24994897367453928,0.23882080736774483,0.08020948044798815,FALSE,FALSE,neither
den_mic,pha_cya,69,-0.10591108390854956,-0.13505814105569253,24,-0.2512244160357214,0.23635345639482527,-0.20314692679948745,FALSE,FALSE,neither
den_mic,pis_pin,23,0.2296257921084678,0.3744006542183112,16,0.6025441375710374,0.013501697053964423,0.1843271821167841,FALSE,TRUE,place
den_mic,pit_bid,0,NA,NA,15,-0.14783511025474416,0.5990307262642491,-0.1841357310525886,NA,FALSE,insufficient data
den_mic,pit_cha,46,0.12967312900881206,0.10939642286542749,16,0.027523602402186497,0.9194059645564763,-0.08499341502148815,FALSE,FALSE,neither
den_mic,pit_spp,23,0.0650932592453634,0.44983929753681196,23,-0.11373313083790616,0.6053591602299606,-0.036386306176891765,FALSE,FALSE,neither
den_mic,pol_pol,46,-0.2456644615835504,-0.21702570273146435,9,-0.036094864891551316,0.9265479317460721,0.15975241260567344,FALSE,FALSE,neither
den_mic,pri_abi,23,0.4021470672164959,0.20823245911900526,23,-0.052107679642085174,0.8133367214959015,0.018575861284902268,TRUE,FALSE,timing
den_mic,sap_car,0,NA,NA,15,-0.07142857142857142,0.8002959873970544,-0.07142857142857142,NA,FALSE,insufficient data
den_mic,sco_int,46,0.006152597081615267,0.09609512718688426,23,-0.049882703266909204,0.8211793583765821,0.17623542859408906,FALSE,FALSE,neither
den_mic,sco_rat,46,-0.02221613819249527,0.21008363863881807,24,0.1572136896608614,0.46316063540229313,0.18913823334097976,FALSE,FALSE,neither
den_mic,sco_sco,46,-0.09456034591249297,-0.026521569233686326,16,0.0431996279262138,0.873783559513375,0.3672105410326932,FALSE,FALSE,neither
den_mic,tet_gab,23,0.22979319190479602,0.23406108733091255,23,-0.08738732232464716,0.6917484493879965,-0.03852667712847364,FALSE,FALSE,neither
den_mic,tet_spp,23,0.3388119209471302,0.2232055660993842,15,0.060610187567131144,0.8300999711288153,0.26082026547865056,TRUE,FALSE,timing
den_mic,tha_pit,0,NA,NA,15,-0.07142857142857142,0.8002959873970544,-0.07142857142857142,NA,FALSE,insufficient data
den_mic,tha_pro,23,-0.04545454545454546,-0.03711127005466546,15,-0.20710982043967735,0.458916058187792,-0.1259881576697424,FALSE,FALSE,neither
den_mic,tom_spp,69,-0.009566237449802648,0.1409228671375594,24,-0.10567081301627312,0.6231271342272401,-0.15766627154587085,FALSE,FALSE,neither
den_mic,tor_vir,46,-0.052440742082064465,-0.04527079108725928,16,0.1648650341739014,0.5417524672202642,0.17386476419607347,FALSE,FALSE,neither
den_mic,uro_sir_spp,23,-0.045454545454545456,-0.12764012859207793,15,0.02025633855740467,0.9428781313838798,0.4763305116224668,FALSE,FALSE,neither
den_mic,xyl_lin,23,-0.03725343431019633,-0.01779649499105992,15,-0.021644977102920595,0.9389687479685958,0.1259881576697424,FALSE,FALSE,neither
den_mic,xyl_spp,23,-0.0825349731013383,-0.06145039586398506,15,-0.18378912329965028,0.5120292412779994,-0.18725633517970774,FALSE,FALSE,neither
den_mic,zei_gri,23,-0.0968452048716532,-0.04040631039052616,23,-0.07645498145553897,0.7287974218743458,0.09503788608896668,FALSE,FALSE,neither
den_pin,dip_sp,418,0.3076445644869295,0.19572062001758345,33,0.7787194052413622,9.472894012461941e-8,0.8375972631601574,TRUE,TRUE,both
den_pin,era_def,115,0.05236952535273219,0.1301972814837911,15,0.6432125710155464,0.009686633381204476,0.1280657114386243,FALSE,TRUE,place
den_pin,geo_db,395,0.2637857055493073,0.1208455127651984,33,0.46827089323429916,0.005989691395797004,0.6345159733937961,FALSE,TRUE,place
den_pin,ips_acu,375,-0.13684989761595842,0.05769182784405356,33,0.28167445759715604,0.11227479352572191,0.5721053270637408,FALSE,FALSE,neither
den_pin,ips_ami,23,0.15747503237031577,0.10354186970629727,15,0.03898075352052287,0.8902993270246875,0.17026117665099863,FALSE,FALSE,neither
den_pin,ips_cem,115,0.21790087112659803,0.22860490257914753,15,0.30098674508237994,0.2756620664476157,0.20734448518634413,FALSE,TRUE,place
den_pin,ips_dup,0,NA,NA,0,NA,NA,NA,NA,NA,insufficient data
den_pin,ips_sex,115,0.013074940840131617,-0.05860351049775178,15,0.681023307640297,0.005188078742560875,0.6837766485121477,FALSE,TRUE,place
den_pin,ips_typ,418,0.11541634996122327,0.11301914499790011,33,0.09145868437958371,0.6127197370508517,-0.013797552294806606,FALSE,FALSE,neither
den_pin,lym_dis,115,0.1815382838314081,0.2567756602629865,16,-0.098971323135065,0.7153583130641166,0.13477556094204365,FALSE,FALSE,neither
den_pin,lym_mon,441,0.4432021899808284,0.3092361835109506,33,0.7534547694956794,4.177654609037208e-7,0.8283059212927275,TRUE,TRUE,both
den_pin,mel_spp,372,0.10756913145244507,0.018721735883551714,32,0.3993925972580008,0.02353781665532505,0.42311950228089057,FALSE,TRUE,place
den_pin,neo_ser,46,-0.13074981768605018,-0.09684405444140355,15,0.014784190146080938,0.9582946637463092,0.503973082886956,FALSE,FALSE,neither
den_pin,ope_spp,92,0.3229249694011392,0.35722417152316727,15,-0.15328369574160983,0.5854763851556686,0.09987004542917746,TRUE,FALSE,timing
den_pin,pan_fla,395,0.30165047017685614,0.2394332524513252,33,0.6570460609581567,3.2738638630364605e-5,0.792544983424114,TRUE,TRUE,both
den_pin,pha_cya,418,0.09301882664157693,-0.038456097814001215,33,0.5160880542492898,0.002109550916139697,0.5703273945461985,FALSE,TRUE,place
den_pin,pis_pin,138,0.10567655850645563,0.0921335310860796,16,0.5696958039209197,0.021238104952053402,0.7477675306949674,FALSE,TRUE,place
den_pin,pit_bid,92,0.27182503700044225,0.16643773111199484,15,0.5826765286010325,0.022639437621519654,0.7507916803586346,FALSE,TRUE,place
den_pin,pit_cha,138,0.2026225356910675,0.2452312299334634,16,0.11637963585167391,0.6677628557744544,0.0685674305870756,FALSE,FALSE,neither
den_pin,pit_spp,0,NA,NA,15,-0.20656969190101704,0.46011451721576646,-0.46537892099551725,NA,FALSE,insufficient data
den_pin,pol_pol,23,0.24962873584533693,0.1718159511775333,1,NA,NA,NA,FALSE,NA,neither (place untestable)
den_pin,pri_abi,115,0.028537371259221175,-0.13377770285081586,15,0.012209960455835632,0.965552027655112,0.4374471726506286,FALSE,FALSE,neither
den_pin,sap_car,23,-0.15177611257650636,-0.008083572123220466,15,0.9726226527057525,1.2819491155768863e-9,0.4885042104591972,FALSE,TRUE,place
den_pin,sco_int,92,-0.04374446867728745,0.12573922002288992,15,0.7315831720683605,0.0019362069934064578,0.424705992864688,FALSE,TRUE,place
den_pin,sco_rat,92,0.24020833554626667,0.1866369306620037,16,0.8299931921215773,6.932395116968381e-5,0.789826653217008,FALSE,TRUE,place
den_pin,sco_sco,92,0.15484514219113038,0.16485875487988222,16,0.8060259810974147,1.6306654465722878e-4,0.49717998091817567,FALSE,TRUE,place
den_pin,tet_gab,115,0.007299186530976299,-0.03396599663957226,15,-0.041625499271562914,0.8829021235694592,-0.00820609939862218,FALSE,FALSE,neither
den_pin,tet_spp,46,0.017661322080644484,-0.009170251243257072,15,-0.19696265036625638,0.4816855780024816,-0.39072951343551293,FALSE,FALSE,neither
den_pin,tha_pit,23,-0.46113821271489674,-0.1946610938273684,15,0.9726226527057525,1.2819491155768863e-9,0.4885042104591972,TRUE,TRUE,both
den_pin,tha_pro,92,0.1272038513434976,0.22694480805561967,15,0.19018644853766184,0.49718530426267593,-0.10257624248277727,FALSE,FALSE,neither
den_pin,tom_spp,358,0.17421542865867715,-0.025380346614731118,33,-0.10878992984019789,0.5467438384001183,-0.055231865545277425,FALSE,FALSE,neither
den_pin,tor_vir,418,0.15219879073042472,0.1022009562504994,33,0.4100500269088916,0.017787259854960158,0.5494483819969239,FALSE,TRUE,place
den_pin,uro_sir_spp,23,0.43376798937257055,0.39479369766037226,15,-0.13039738774385243,0.6432209471526352,-0.21200595289795782,TRUE,FALSE,timing
den_pin,xyl_lin,115,0.3812946579062535,0.2345054749123865,15,0.378324558242407,0.16438854807662925,0.3733775226373092,TRUE,TRUE,both
den_pin,xyl_spp,115,0.09399678264424874,0.015414855926734066,15,0.49511893684701874,0.0605807019216735,0.4716070643454102,FALSE,TRUE,place
den_pin,zei_gri,23,-0.19018198491410837,-0.15295222347305715,15,0.009342483951051453,0.9736390554060144,0.27914526311954124,FALSE,FALSE,neither
dip_sp,era_def,184,0.1591774437182982,0.10234689539451017,15,0.6100851588495784,0.015729556465282298,0.32659995784986323,FALSE,TRUE,place
dip_sp,geo_db,504,0.05532400856922286,-0.07001804323104238,33,0.6019318263480337,2.1073458389956075e-4,0.6954703288045033,FALSE,TRUE,place
dip_sp,ips_acu,484,-0.10843114053192929,0.007290187848529819,33,0.23204253144597936,0.19380486076587813,0.50780937885805,FALSE,FALSE,neither
dip_sp,ips_ami,23,-0.1699389648885799,-0.2374049275176494,15,-0.003360277651916381,0.9905172506131555,0.08105235923051145,FALSE,FALSE,neither
dip_sp,ips_cem,207,0.2490732508163989,0.22792440921418616,15,0.40673865204006965,0.13243409462644234,0.5657343999222701,FALSE,TRUE,place
dip_sp,ips_dup,0,NA,NA,0,NA,NA,NA,NA,NA,insufficient data
dip_sp,ips_sex,161,0.15934506299637471,0.04991066760167248,15,0.7312172520523273,0.0019515256974982722,0.8223286993629241,FALSE,TRUE,place
dip_sp,ips_typ,655,-0.0024260127310789235,0.07685517885880717,42,0.1971109097688235,0.21086441545420004,0.12032179388970321,FALSE,FALSE,neither
dip_sp,lym_dis,291,0.13297797258670588,0.06893254271092208,25,0.07868383212277914,0.7085099240047906,0.5672669095801758,FALSE,FALSE,neither
dip_sp,lym_mon,504,0.1547481938926923,0.08841500035082325,33,0.9226217322475568,2.2877608924843427e-14,0.9035087719298247,FALSE,TRUE,place
dip_sp,mel_spp,504,0.11513310156260939,0.03824949701285612,32,0.4370351108882399,0.012381051273717577,0.5548481014855536,FALSE,TRUE,place
dip_sp,neo_ser,46,-0.10710353437588324,-0.09537002345891427,15,0.13392864794180154,0.6341760247566596,0.5174881397024962,FALSE,FALSE,neither
dip_sp,ope_spp,161,0.2881808207142827,0.2100186983868323,15,-0.08132514455169972,0.7732526845613746,0.36190476190476184,FALSE,FALSE,neither
dip_sp,pan_fla,461,0.18667030701110984,0.08614273629773439,33,0.9013658296975556,8.468555230237651e-13,0.8865052769444209,FALSE,TRUE,place
dip_sp,pha_cya,655,0.08201789389156428,0.03220490439162351,42,0.695892003406932,3.117150503085328e-7,0.8028232051127633,FALSE,TRUE,place
dip_sp,pis_pin,184,0.05761189915703429,-0.0439948947464222,16,0.529242686502931,0.0350209767552631,0.8483650272114315,FALSE,TRUE,place
dip_sp,pit_bid,115,0.2463474132188226,0.20018142215591087,15,0.6202493829520789,0.013630699772884053,0.7773651421277508,FALSE,TRUE,place
dip_sp,pit_cha,335,0.08552085824605755,0.14153701010530742,25,0.16592223911337947,0.427978498369995,0.2560422341740303,FALSE,FALSE,neither
dip_sp,pit_spp,153,0.032521619847465565,0.25102197793828046,24,-0.009559859600320278,0.9646379725218859,0.09640608687336569,FALSE,FALSE,neither
dip_sp,pol_pol,23,7.0041247750066e-4,0.20393694946239344,1,NA,NA,NA,FALSE,NA,neither (place untestable)
dip_sp,pri_abi,161,0.023111305207663784,-0.010386051383423028,15,0.07121114041685656,0.8008926225064023,0.6182045541309925,FALSE,FALSE,neither
dip_sp,sap_car,23,-0.10575206068332288,0.005701331767385293,15,0.932273079015788,4.189928265768334e-7,0.44721359549995787,FALSE,TRUE,place
dip_sp,sco_int,138,-0.15109109782587538,-0.09755340904001587,15,0.7830746208885918,5.554035880500626e-4,0.5890439619550023,FALSE,TRUE,place
dip_sp,sco_rat,92,0.14451192010930736,0.09927822157358945,16,0.8414285310576607,4.396885782622803e-5,0.718092849658818,FALSE,TRUE,place
dip_sp,sco_sco,115,-0.006217285596628248,-0.10140029560352351,16,0.867202190995421,1.3649100130582637e-5,0.6185517819201033,FALSE,TRUE,place
dip_sp,tet_gab,245,0.03203975641790537,0.02764528716356862,24,0.17111567524045834,0.42402160179356907,0.43836601726105856,FALSE,FALSE,neither
dip_sp,tet_spp,138,0.10697811275640033,0.12316599691782483,15,-0.11697112446695937,0.6780281337714604,0.08748177652797064,FALSE,FALSE,neither
dip_sp,tha_pit,23,-0.31652171728521383,-0.07979279797786025,15,0.932273079015788,4.189928265768334e-7,0.44721359549995787,TRUE,TRUE,both
dip_sp,tha_pro,184,-0.09162562254979881,-0.07567195309037276,15,0.2678358257039693,0.3344835467453774,0.3699897515144839,FALSE,FALSE,neither
dip_sp,tom_spp,595,0.1260182866798072,0.02651721857862009,42,0.06609541047700249,0.6775010458617845,0.1394721843613783,FALSE,FALSE,neither
dip_sp,tor_vir,550,0.15538439077046834,0.1192719541491945,33,0.44106851146708237,0.010190370824261873,0.5721519657642749,FALSE,TRUE,place
dip_sp,uro_sir_spp,46,0.2947148988368689,0.22676114880235518,15,-0.14630250306900397,0.6028657463704248,-0.049705012174770836,FALSE,FALSE,neither
dip_sp,xyl_lin,184,0.18762955158591144,0.14952392405565582,15,0.397201279600991,0.14264471389140054,0.44699269472308206,FALSE,TRUE,place
dip_sp,xyl_spp,207,0.135597709708527,0.13391941390632106,15,0.5422099546616086,0.03679027371740857,0.7183338104276193,FALSE,TRUE,place
dip_sp,zei_gri,23,-0.09256578997880191,-0.08003860693632736,15,0.12778096676003858,0.6499528086990323,0.3833259389999639,FALSE,FALSE,neither
era_def,geo_db,138,-0.2447686658809204,-0.22815248976685293,15,-0.07803340148481189,0.7822224028470217,0.2530958052418413,FALSE,FALSE,neither
era_def,ips_acu,138,-0.053793562124768136,-0.08319815570826956,15,0.12784825829339108,0.6497793546658162,0.0771991066181678,FALSE,FALSE,neither
era_def,ips_ami,46,0.34190697442748985,0.3999389445126874,15,0.22196617197900598,0.42656386018955017,0.5421389644471236,TRUE,FALSE,timing
era_def,ips_cem,230,-0.036534098354328616,0.0026189814752299663,15,0.5437207795506989,0.03616587342075034,0.5645454545454545,FALSE,TRUE,place
era_def,ips_dup,0,NA,NA,0,NA,NA,NA,NA,NA,insufficient data
era_def,ips_sex,161,0.02646434831589846,0.034124630749722794,15,0.2716991509427683,0.3272882625265794,0.11585991940063191,FALSE,FALSE,neither
era_def,ips_typ,230,-0.023404776614628576,-0.03347519942193175,15,0.4505756384987951,0.09189022036174978,0.5063636363636362,FALSE,TRUE,place
era_def,lym_dis,184,-0.04584204992755515,-0.12921948163108576,15,0.37139911039417633,0.1728864964143759,0.32659995784986323,FALSE,TRUE,place
era_def,lym_mon,184,0.0726468312654702,0.21915392180715376,15,0.7381785297011606,0.0016762535076489968,0.2465783157555947,FALSE,TRUE,place
era_def,mel_spp,184,-0.07351158784335307,-0.02274674059472051,15,0.05039369295042927,0.8584452238139377,0.44942387362246133,FALSE,FALSE,neither
era_def,neo_ser,23,-0.045454545454545456,-0.06704885451682306,15,-0.17935027699844033,0.5224466845213274,-0.26802375770419595,FALSE,FALSE,neither
era_def,ope_spp,184,0.21384212948273226,0.3198657003080407,15,0.4535743947885189,0.08948354183373608,0.3582364210034112,FALSE,TRUE,place
era_def,pan_fla,115,-0.12173103787943793,-0.30036380164032084,15,0.7431937811917563,0.0014980258802440854,0.23783632124315945,FALSE,TRUE,place
era_def,pha_cya,230,-0.044034042514077734,-0.03139896552315947,15,0.5348714698171882,0.039938370124478276,0.5299999999999999,FALSE,TRUE,place
era_def,pis_pin,138,0.0586753233526046,0.02526214883728984,15,0.23782873845614413,0.39335826491484704,0.06351825228077097,FALSE,FALSE,neither
era_def,pit_bid,92,0.15069251600998462,0.22923331260355329,15,0.19956588450865725,0.47579318625208744,0.03754552281010353,FALSE,FALSE,neither
era_def,pit_cha,230,-0.03471135733896092,-0.038073636044164326,15,0.4880763226960921,0.0649213262106864,0.3809090909090908,FALSE,TRUE,place
era_def,pit_spp,92,-0.06945931476538518,-0.021283385888856688,15,0.32644919575685444,0.23501848233062553,0.4023726423547058,FALSE,TRUE,place
era_def,pol_pol,0,NA,NA,0,NA,NA,NA,NA,NA,insufficient data
era_def,pri_abi,161,0.03589811178666344,-0.03342926874739651,15,0.4513655493653095,0.0912518913506515,0.26210932585716734,FALSE,TRUE,place
era_def,sap_car,23,-0.2561351893660142,-0.04095823033885334,15,0.7022081971414771,0.0035150597712304606,0.4369314487526514,FALSE,TRUE,place
era_def,sco_int,161,-0.052425331023245474,0.031157502254197264,15,0.42132812419879667,0.11779613007595807,0.25831063997517933,FALSE,TRUE,place
era_def,sco_rat,46,-0.043856698431753084,0.1435219438231323,15,0.4689516769801294,0.07783928549747753,0.09402346203689861,FALSE,TRUE,place
era_def,sco_sco,92,0.12399104923770464,0.17888636159618934,15,0.5598711312289215,0.029976073808718008,0.4280189600351802,FALSE,TRUE,place
era_def,tet_gab,207,0.07327966378548946,0.12265052510686342,15,-0.038610935668342186,0.8913343692872535,0.3651529821002429,FALSE,FALSE,neither
era_def,tet_spp,161,0.08333227306625438,0.06078456122823439,15,-0.05673782565289353,0.8408226622352227,0.44444624819258804,FALSE,FALSE,neither
era_def,tha_pit,23,-0.5340941073139082,0.053681588625271684,15,0.7022081971414771,0.0035150597712304606,0.4369314487526514,TRUE,TRUE,both
era_def,tha_pro,230,0.08243819006645746,0.25264069151119095,15,0.5470954863104543,0.03479981298248514,0.6532385006416405,FALSE,TRUE,place
era_def,tom_spp,230,0.05501238273656167,-0.004088354412085207,15,0.5744061939626703,0.02512099010183121,0.4481818181818181,FALSE,TRUE,place
era_def,tor_vir,207,0.3904364654787419,0.4517532155048115,15,0.4977952054043805,0.05898792236346684,0.4807541774385108,TRUE,TRUE,both
era_def,uro_sir_spp,69,-0.11916955122736426,-0.0832390055215113,15,-0.1272759246911567,0.6512551623162237,-0.006937459350943203,FALSE,FALSE,neither
era_def,xyl_lin,207,0.004492547465887175,0.05928411248110564,15,0.5236289486218132,0.04514428423230885,0.3321240691464521,FALSE,TRUE,place
era_def,xyl_spp,230,-0.05174667231566433,-0.08641216941947022,15,0.5410117155036539,0.03729118723428295,0.31909090909090904,FALSE,TRUE,place
era_def,zei_gri,0,NA,NA,15,-0.17256887333326637,0.5385440932566425,-0.34330328116279757,NA,FALSE,insufficient data
geo_db,ips_acu,476,-0.2757627659723428,-0.10868414448449452,34,0.4346174225287717,0.010213242989735074,0.6557529858763131,FALSE,TRUE,place
geo_db,ips_ami,23,-0.08509664615990228,-0.056625043781338195,15,-0.16635807717816936,0.5534757936344595,-0.09166984970282112,FALSE,FALSE,neither
geo_db,ips_cem,161,-0.21961812680275922,-0.1727450029988459,15,0.5233290398012247,0.04528969924965919,0.7211764643570612,FALSE,TRUE,place
geo_db,ips_dup,22,-0.3392287054820189,-0.1666302334937174,1,NA,NA,NA,TRUE,NA,timing (place untestable)
geo_db,ips_sex,156,-0.14995425224255626,-0.18084763066892143,16,0.7432687394369515,9.681209309210607e-4,0.6903457747844128,FALSE,TRUE,place
geo_db,ips_typ,587,0.02252462690770797,-0.04915501848062002,36,0.4208455180082407,0.010591537015768992,0.3361426638550694,FALSE,TRUE,place
geo_db,lym_dis,225,-0.05931197946278122,-0.05228342425352127,19,0.6680019290627841,0.0017734183741875778,0.7429027106386747,FALSE,TRUE,place
geo_db,lym_mon,458,0.15804249450192134,0.08163223371202215,33,0.6555051462412291,3.466356101218132e-5,0.6956394195725084,FALSE,TRUE,place
geo_db,mel_spp,478,-0.027702887217370725,-0.07071789451554858,32,0.5034586253067821,0.0033099126300830486,0.5878870926271356,FALSE,TRUE,place
geo_db,neo_ser,41,-0.22132577607165868,-0.10871301974539646,16,0.5528412998606357,0.02634731276201486,0.3387276612719232,FALSE,TRUE,place
geo_db,ope_spp,138,-0.22258703927661513,-0.17220923976674066,15,0.13928678861818342,0.6205433654871142,0.41108222466822286,FALSE,FALSE,neither
geo_db,pan_fla,415,0.047800925053061875,-0.09690001065305417,33,0.5767328473766832,4.4274828472960065e-4,0.6728852474795803,FALSE,TRUE,place
geo_db,pha_cya,524,0.027595245249431237,-0.023225126470078846,33,0.624495179143772,1.0261793266502684e-4,0.5935773010810292,FALSE,TRUE,place
geo_db,pis_pin,138,-0.10455002524624174,-0.19641096570884692,16,0.40019441663959127,0.12455024241498333,0.5536912751677852,FALSE,TRUE,place
geo_db,pit_bid,92,-0.20434885599028016,-0.31319857595898254,15,0.8069891239041902,2.765638682482642e-4,0.6076851104725656,FALSE,TRUE,place
geo_db,pit_cha,184,-0.05655794378574977,-0.11556334239308062,16,0.5294713459124638,0.03492772708381737,0.7342728145331788,FALSE,TRUE,place
geo_db,pit_spp,92,-0.03469115653502927,0.023109870687882856,16,0.35216859743951334,0.18098040985655636,0.38960822952345536,FALSE,TRUE,place
geo_db,pol_pol,23,0.4747352618651723,0.2916546523491768,1,NA,NA,NA,TRUE,NA,timing (place untestable)
geo_db,pri_abi,138,-0.06861765075404705,-0.07292562278211157,15,0.5356693809831836,0.039586694975745726,0.77582693278754,FALSE,TRUE,place
geo_db,sap_car,23,-0.06575211977248926,-0.14271779326447695,15,-0.034938224234810196,0.9016221042612372,0.1341909195182463,FALSE,FALSE,neither
geo_db,sco_int,115,0.09313275207361599,0.05209571250876703,15,0.40226601990583827,0.13715851795440379,0.5002042066656508,FALSE,TRUE,place
geo_db,sco_rat,69,0.20291615973181779,-0.012367755145236227,16,0.31135164833654766,0.24045648727235563,0.3188285785837248,FALSE,TRUE,place
geo_db,sco_sco,92,-0.11860037420234268,-0.08009065792923348,16,-3.4562771911152184e-4,0.9989864064526219,0.1335687849636818,FALSE,FALSE,neither
geo_db,tet_gab,115,-0.0767731636572564,-0.1464858785598442,15,-0.10688875693259299,0.7045740710734346,0.13215221490911294,FALSE,FALSE,neither
geo_db,tet_spp,115,-0.18460802428708342,-0.18661299149353472,15,-0.2091810924606401,0.4543345315256907,0.0367496968162519,FALSE,FALSE,neither
geo_db,tha_pit,64,0.2675037506267358,-0.035661208177417705,17,0.6627228215605658,0.003740829958128067,0.4785485069863813,FALSE,TRUE,place
geo_db,tha_pro,138,-0.028072191270748635,0.014462960873902118,15,-0.15396118417974006,0.5837998100603021,0.2682492720543188,FALSE,FALSE,neither
geo_db,tom_spp,464,0.1166576310820372,-0.10591642777204124,33,0.09465423646553361,0.6003062958420041,0.13577988670800298,FALSE,FALSE,neither
geo_db,tor_vir,565,0.13656241160943658,0.014828205302938293,35,0.7053340282289966,2.2285398085338517e-6,0.7195332922660369,FALSE,TRUE,place
geo_db,uro_sir_spp,46,0.024990919622671498,-0.06613817744133328,15,-0.12310329203606347,0.6620506754031092,0.032314721504325634,FALSE,FALSE,neither
geo_db,xyl_lin,161,0.12209721654557396,-0.09092232130604272,15,0.5815094891713309,0.02297778995325142,0.6114505465944031,FALSE,TRUE,place
geo_db,xyl_spp,161,-0.05460910622914823,-0.17941910805655892,15,0.6839825388711944,0.0049225601618996416,0.6430001538576507,FALSE,TRUE,place
geo_db,zei_gri,23,-0.11970291279339365,0.026668763963234702,15,0.5545195848197694,0.031930983002628394,0.40257275855473895,FALSE,TRUE,place
ips_acu,ips_ami,23,-0.041114849524094416,0.028408955911780488,15,-0.0955843505945937,0.7347170147594236,0.09166984970282112,FALSE,FALSE,neither
ips_acu,ips_cem,161,0.4043776576322786,0.3309306591849706,15,0.47144171444464894,0.07606112064637069,0.47882990180888885,TRUE,TRUE,both
ips_acu,ips_dup,205,0.5118176598021795,0.25503951059455665,9,0.6722635317676866,0.0472881257830601,0.4666666666666667,TRUE,TRUE,both
ips_acu,ips_sex,340,0.4483831596781036,0.32149666093343926,24,0.8933332853501875,4.247401533984687e-9,0.9018114939768036,TRUE,TRUE,both
ips_acu,ips_typ,728,0.3132291187938481,0.19115500244583078,43,0.4551801751383302,0.0021629285805704612,0.44237429013669066,TRUE,TRUE,both
ips_acu,lym_dis,362,0.1966668850355266,0.1358615883948764,26,0.34169130687679994,0.087551111092297,0.48363252375923976,FALSE,TRUE,place
ips_acu,lym_mon,576,-0.020210825790474996,0.2166976866840807,41,0.19710595010825036,0.21674706816241207,0.3501760563380282,FALSE,FALSE,neither
ips_acu,mel_spp,458,9.433930643531443e-4,0.11945852184403927,32,0.26618498971146987,0.14086472442196843,0.40235522210575786,FALSE,FALSE,neither
ips_acu,neo_ser,110,-0.02205625024723737,0.03677460049532202,24,0.6199963953215313,0.0012309371231292875,0.6050034645212035,FALSE,TRUE,place
ips_acu,ope_spp,115,0.14791303269738298,0.16597624070488456,15,0.04266287365979395,0.8800030640413499,0.12602520756252086,FALSE,FALSE,neither
ips_acu,pan_fla,441,-0.017401633371073554,0.10838208383901707,41,0.011669416477847534,0.9422737586701289,0.16536628456860997,FALSE,FALSE,neither
ips_acu,pha_cya,688,0.13237658800296717,-9.848577298600006e-4,41,0.13209624547763557,0.41034427890133507,0.18677395951798476,FALSE,FALSE,neither
ips_acu,pis_pin,161,0.35840602764970364,0.15014117953299874,16,0.9475094521202067,2.5610864526156372e-8,0.8850671140939594,TRUE,TRUE,both
ips_acu,pit_bid,115,0.5893332407556338,0.5157248457141085,15,0.950607940567282,5.6293548576430514e-8,0.8463773644912014,TRUE,TRUE,both
ips_acu,pit_cha,206,0.30598208011882894,0.2014838561769708,17,0.3758221167164184,0.13710403485311978,0.40098456436957236,TRUE,TRUE,both
ips_acu,pit_spp,230,0.46105709158335173,0.20770012411853778,23,0.13482988035285373,0.5396298374792952,0.31805178269527756,TRUE,FALSE,timing
ips_acu,pol_pol,207,0.28957731621901056,0.2747225726100084,9,0.522016293508058,0.14942323635485324,0.5,FALSE,TRUE,place
ips_acu,pri_abi,276,-0.12094874978760113,0.2825475760386516,23,0.5560636073191937,0.00586543235362058,0.6033505154639176,FALSE,TRUE,place
ips_acu,sap_car,23,0.34539864813295723,0.2369559104515508,15,0.3965301952745735,0.1433825721248353,0.40257275855473895,TRUE,TRUE,both
ips_acu,sco_int,322,0.31747639352144724,0.14735383257556195,23,0.5620344040329694,0.005251798086717265,0.6893728633199315,TRUE,TRUE,both
ips_acu,sco_rat,276,0.3670454702313205,0.1313341756023112,24,0.6817581859059231,2.4376196191732406e-4,0.8501424870603661,TRUE,TRUE,both
ips_acu,sco_sco,115,3.8587904247209203e-4,-0.07557563171967613,16,0.309571666817373,0.2432981161277597,0.5207377630003,FALSE,TRUE,place
ips_acu,tet_gab,184,0.22997599810460187,0.2210628015452666,23,-0.25859740769956413,0.233485917457308,-0.08231928493289536,FALSE,FALSE,neither
ips_acu,tet_spp,115,0.03620360375343028,0.001023779826660754,15,-0.23578922124668747,0.39754853883707686,0.11841568974125612,FALSE,FALSE,neither
ips_acu,tha_pit,41,0.3570891304862017,0.12192006517196496,16,0.7938778446955546,2.4098265764605756e-4,0.5734623443633283,TRUE,TRUE,both
ips_acu,tha_pro,138,0.06406159707957278,-0.12395121087000087,15,-0.11209217233933642,0.6908322732570464,0.16765579503394926,FALSE,FALSE,neither
ips_acu,tom_spp,628,0.1197432113994354,0.057257950502348935,41,0.35628234414824966,0.02223254529420703,0.3674522923755572,FALSE,TRUE,place
ips_acu,tor_vir,522,-0.09811449433660957,-0.06309444689564117,34,0.3694284063383211,0.03153433480168898,0.5635689264420033,FALSE,TRUE,place
ips_acu,uro_sir_spp,46,0.14974305906121788,0.14860792637249873,15,-0.10930234288224167,0.698189153443375,-0.02237173027222544,FALSE,FALSE,neither
ips_acu,xyl_lin,138,-0.03336637612581675,0.03617868793303513,15,0.6061366142596404,0.01660890648850521,0.3688427490746884,FALSE,TRUE,place
ips_acu,xyl_spp,161,0.03803983299095406,0.009371083038939484,15,0.7893500450862337,4.6647812186608405e-4,0.6938147556822676,FALSE,TRUE,place
ips_acu,zei_gri,184,-0.08139074699949432,-0.1519072602381346,23,0.7489425828583876,3.928212436989178e-5,0.7868140759178954,FALSE,TRUE,place
ips_ami,ips_cem,46,-0.005332224534492878,0.09936393951084126,15,-0.05591022860013376,0.8431177389651415,0.16446912404575662,FALSE,FALSE,neither
ips_ami,ips_dup,0,NA,NA,0,NA,NA,NA,NA,NA,insufficient data
ips_ami,ips_sex,23,-0.06668262929957959,-0.03645142530290959,15,-0.07515958390606924,0.7900742235376563,0.06363362902676771,FALSE,FALSE,neither
ips_ami,ips_typ,46,-0.13570534654602873,0.09934412465296315,15,0.07546836560609645,0.7892296599601474,0.03654869423239036,FALSE,FALSE,neither
ips_ami,lym_dis,23,-0.13235301453945433,-0.0969277651946052,15,-0.21172518965890116,0.4487383290556246,-0.1808091090526794,FALSE,FALSE,neither
ips_ami,lym_mon,23,-0.26067803201986134,-0.384658220894362,15,-0.041810225770535524,0.882385782625126,0.08105235923051145,FALSE,FALSE,neither
ips_ami,mel_spp,23,-0.17267375081949468,-0.3052562848849221,15,-0.17870880782579796,0.523960005392087,-0.1371655310054809,FALSE,FALSE,neither
ips_ami,neo_ser,0,NA,NA,15,-0.08715528780683292,0.7574318319157853,-0.1530612244897959,NA,FALSE,insufficient data
ips_ami,ope_spp,23,0.5319562092489521,0.5746160772378412,15,0.059947326912205556,0.8319335320002234,0.003117398431942748,TRUE,FALSE,timing
ips_ami,pan_fla,23,0.12092384780681295,0.06958114184612124,15,-0.01313023716326521,0.9629572336725747,0.17026117665099863,FALSE,FALSE,neither
ips_ami,pha_cya,46,-0.14741145945235332,-0.17524387389101656,15,-0.23294984496454124,0.4034213284834306,0.15228622596829317,FALSE,FALSE,neither
ips_ami,pis_pin,23,0.1643202189393955,0.1191595426391668,15,-0.06942908753119224,0.8057864341706511,0.09166984970282112,FALSE,FALSE,neither
ips_ami,pit_bid,23,0.027711524102041963,0.05752282465744035,15,-0.07482003157095701,0.7910031996676395,0.10781884401999163,FALSE,FALSE,neither
ips_ami,pit_cha,46,0.07346028329919875,0.19161600547819027,15,0.12122625109206957,0.6669273550790458,-0.048731592309853806,FALSE,FALSE,neither
ips_ami,pit_spp,0,NA,NA,15,-0.15324884077608436,0.5855626935897229,-0.23242549051998876,NA,FALSE,insufficient data
ips_ami,pol_pol,0,NA,NA,0,NA,NA,NA,NA,NA,insufficient data
ips_ami,pri_abi,23,0.14869694535119574,0.10175773473603698,15,-0.16132693173656004,0.5657003677046211,-0.02545345161070708,FALSE,FALSE,neither
ips_ami,sap_car,23,-0.058827447453991225,-0.012540829727184984,15,0.08277457947491575,0.7693114576871143,0.6273643326097713,FALSE,FALSE,neither
ips_ami,sco_int,46,0.22680942530306233,0.22374244071045601,15,-0.0356791944476919,0.899545331498209,0.3627116854525759,FALSE,FALSE,neither
ips_ami,sco_rat,23,0.15274117389643582,0.19677476366045782,15,0.01138263037765684,0.9678850256825571,0.3193216779030935,FALSE,FALSE,neither
ips_ami,sco_sco,46,0.3575384771325581,0.3779306212860409,15,0.3817101107642227,0.16033671517408266,0.6397251411852837,TRUE,TRUE,both
ips_ami,tet_gab,46,0.2830422997424196,0.2586393068519327,15,-0.11586093864087525,0.6809346313462945,0.17213259316477406,FALSE,FALSE,neither
ips_ami,tet_spp,46,-0.11020898297785141,0.01548581004259529,15,0.04469504101436994,0.8743280717376958,0.29271469352313145,FALSE,FALSE,neither
ips_ami,tha_pit,23,-0.23975398474086962,-0.2032212574303777,15,0.08277457947491575,0.7693114576871143,0.6273643326097713,FALSE,FALSE,neither
ips_ami,tha_pro,46,-0.035764258743985505,-0.061751649700665344,15,-0.16588195159517216,0.55462777904809,0.030737963065138225,FALSE,FALSE,neither
ips_ami,tom_spp,46,-0.07414805479336577,-0.0470772615803544,15,-0.20925149342594798,0.4541792084151133,0.10964608269717108,FALSE,FALSE,neither
ips_ami,tor_vir,46,0.3188396202796396,0.41278741899888793,15,0.019905253247909264,0.9438667239844909,0.22131333406899525,TRUE,FALSE,timing
ips_ami,uro_sir_spp,23,-0.16489564030321066,-0.08983402622448118,15,0.00617324566681565,0.982579872960764,0.2634155559226539,FALSE,FALSE,neither
ips_ami,xyl_lin,46,0.3835526025622549,0.4446353035888903,15,0.02908284313907186,0.9180532438651413,0.22746092668202286,TRUE,FALSE,timing
ips_ami,xyl_spp,46,0.2110998605754242,0.17486128791346214,15,-0.11894855599310099,0.6728616037596694,0.10964608269717108,FALSE,FALSE,neither
ips_ami,zei_gri,0,NA,NA,15,-0.08237576066666485,0.7703953864404076,-0.10456072210162853,NA,FALSE,insufficient data
ips_cem,ips_dup,0,NA,NA,0,NA,NA,NA,NA,NA,insufficient data
ips_cem,ips_sex,184,0.36730916595009067,0.3100065496806038,15,0.5221497427754916,0.04586485923555139,0.6077897411180692,TRUE,TRUE,both
ips_cem,ips_typ,253,0.5628439496475026,0.5144691308430114,15,0.9763400483790686,5.009612589944062e-10,0.9709090909090908,TRUE,TRUE,both
ips_cem,lym_dis,207,0.24787380718169388,0.21803629838455588,15,0.6446477296098068,0.009473685241230328,0.8132431998882633,FALSE,TRUE,place
ips_cem,lym_mon,184,0.0740770553209341,0.046217526832579604,15,0.49473930328461024,0.0608091480995165,0.41220450520652246,FALSE,TRUE,place
ips_cem,mel_spp,207,0.13842853847036135,0.2137095149314666,15,0.4484908518381332,0.09359005674867538,0.6401731367541479,FALSE,TRUE,place
ips_cem,neo_ser,46,0.21391879719449855,0.1543462391935718,15,0.23799708930389907,0.39301343555802293,0.10964608269717108,FALSE,FALSE,neither
ips_cem,ope_spp,207,0.19609558506538374,0.1932240828059009,15,0.4936476390190477,0.06146955218613412,0.5582905262390824,FALSE,TRUE,place
ips_cem,pan_fla,138,0.17215975678270967,0.15854373725435275,15,0.4201796882253989,0.11890601010023708,0.4675414862045014,FALSE,TRUE,place
ips_cem,pha_cya,253,0.501503437783238,0.3035457656138951,15,0.9431284498090438,1.3822819187006599e-7,0.9672727272727272,TRUE,TRUE,both
ips_cem,pis_pin,161,0.42083512509871746,0.3654716638279164,15,0.37729164920792074,0.16563809413089237,0.3029332031852154,TRUE,TRUE,both
ips_cem,pit_bid,115,0.5050950140642676,0.38762618790078207,15,0.48608108842336667,0.06619096338273865,0.4205098554731595,TRUE,TRUE,both
ips_cem,pit_cha,253,0.5794674466791996,0.5444777733507002,15,0.9580452145047541,1.984299864881703e-8,0.9199999999999999,TRUE,TRUE,both
ips_cem,pit_spp,92,0.3874720404102154,0.31942270583124815,15,0.5021668260080883,0.056452104163576156,0.5642466938767138,TRUE,TRUE,both
ips_cem,pol_pol,0,NA,NA,0,NA,NA,NA,NA,NA,insufficient data
ips_cem,pri_abi,184,0.03719055316979803,0.052598921352697364,15,0.630543564979852,0.011732914808638348,0.7445424328696346,FALSE,TRUE,place
ips_cem,sap_car,23,0.346239912168909,0.2906562571409928,15,0.29748968599285086,0.28155316573617645,0.31209389196617954,TRUE,FALSE,timing
ips_cem,sco_int,184,0.14802038054405475,0.05000695209575759,15,0.6708665170779203,0.006186710097108836,0.6837634587578277,FALSE,TRUE,place
ips_cem,sco_rat,69,0.35525391499078646,0.23973112828196286,15,0.3891650614294808,0.1516498802116336,0.3065422460929023,TRUE,TRUE,both
ips_cem,sco_sco,115,0.09250077641770556,0.05986458866820046,15,0.26579541280863117,0.3383195790759803,0.24887317976982912,FALSE,FALSE,neither
ips_cem,tet_gab,207,0.40139010006928144,0.3708407434090937,15,0.46722402985048805,0.07909035099247694,0.44956020409326386,TRUE,TRUE,both
ips_cem,tet_spp,184,0.30918644201167683,0.35224062499341624,15,0.36596701674720644,0.17975030255718077,0.5204199658323467,TRUE,TRUE,both
ips_cem,tha_pit,23,0.1851310882907218,-0.014406106179656635,15,0.29748968599285075,0.2815531657361767,0.31209389196617954,FALSE,FALSE,neither
ips_cem,tha_pro,230,0.08897845839668189,-0.04415903405404328,15,0.6755496485867537,0.005708990613674495,0.667918017509992,FALSE,TRUE,place
ips_cem,tom_spp,253,0.32566979690656916,0.31281330514898814,15,0.9211799254072192,1.0928780803794647e-6,0.909090909090909,TRUE,TRUE,both
ips_cem,tor_vir,230,0.06991147851734973,0.1227486855883375,15,0.7008323832328025,0.0036085506467869724,0.752325239503013,FALSE,TRUE,place
ips_cem,uro_sir_spp,92,0.2577401890352104,0.12497222889977504,15,0.1631444801021453,0.5612709983554263,0.1896238889257809,FALSE,FALSE,neither
ips_cem,xyl_lin,230,0.2911769923497923,0.26105364708789863,15,0.7805211937311185,5.953227044270009e-4,0.7853541524568038,FALSE,TRUE,place
ips_cem,xyl_spp,253,0.3436019344431189,0.3100034442711811,15,0.7638665169617443,9.168397922515398e-4,0.8472727272727271,TRUE,TRUE,both
ips_cem,zei_gri,23,-0.15296503764945543,-0.12143445367004403,15,0.24698858984531666,0.37483165993243683,0.24967511357294364,FALSE,FALSE,neither
ips_dup,ips_sex,184,0.48819117600825906,0.2695831881132872,8,0.6290882379408036,0.09471537964680143,0.3571428571428572,TRUE,TRUE,both
ips_dup,ips_typ,227,0.6975451525059526,0.49917987429685384,10,0.5915543858570993,0.07164675805855492,0.5393939393939393,TRUE,TRUE,both
ips_dup,lym_dis,181,0.15564972812567052,-0.08051520027384998,10,-0.04713568700913773,0.8971194649352883,0.03039527718400323,FALSE,FALSE,neither
ips_dup,lym_mon,138,-0.1283818841158283,0.31003295205716563,8,0.05357218338598061,0.8997441794683851,0.10778636357219333,FALSE,FALSE,neither
ips_dup,mel_spp,0,NA,NA,0,NA,NA,NA,NA,NA,insufficient data
ips_dup,neo_ser,46,-0.39445704818924987,-0.09526177419871151,8,0.10838115718597978,0.7983710931005092,0.23380488239570613,TRUE,FALSE,timing
ips_dup,ope_spp,0,NA,NA,0,NA,NA,NA,NA,NA,insufficient data
ips_dup,pan_fla,23,0.32904230358377695,0.27766911248441734,8,0.3120240529651898,0.4518187392838986,0.24743582965269675,TRUE,TRUE,both
ips_dup,pha_cya,184,0.3887651601013897,0.2352913693460869,8,0.6869405877405267,0.059822254065384974,0.6190476190476192,TRUE,TRUE,both
ips_dup,pis_pin,0,NA,NA,0,NA,NA,NA,NA,NA,insufficient data
ips_dup,pit_bid,0,NA,NA,0,NA,NA,NA,NA,NA,insufficient data
ips_dup,pit_cha,21,-0.16718987394725757,0.2256958228653915,1,NA,NA,NA,FALSE,NA,neither (place untestable)
ips_dup,pit_spp,184,0.6416633164268658,0.2890763532204131,8,0.6721445977054116,0.0678591631216712,0.4523809523809525,TRUE,TRUE,both
ips_dup,pol_pol,184,0.12934763165336186,0.14146602321159632,8,0.8587732454850094,0.006317104968402789,0.7380952380952382,FALSE,TRUE,place
ips_dup,pri_abi,161,-0.5704777170785686,0.0023458648152265495,8,0.39773301723088816,0.32916568601662527,0.5238095238095238,TRUE,TRUE,both
ips_dup,sap_car,0,NA,NA,0,NA,NA,NA,NA,NA,insufficient data
ips_dup,sco_int,184,0.12352900798641978,-0.053104258824794685,8,0.7811358792708799,0.02209583556524825,0.7380952380952382,FALSE,TRUE,place
ips_dup,sco_rat,184,0.3479730093302379,0.07402627801506449,8,0.531107546812726,0.17559182658902364,0.6904761904761907,TRUE,TRUE,both
ips_dup,sco_sco,0,NA,NA,0,NA,NA,NA,NA,NA,insufficient data
ips_dup,tet_gab,46,-0.31806627958700223,0.04756989635206373,8,0.48613784278588956,0.2219208512512909,0.5143707412705535,TRUE,TRUE,both
ips_dup,tet_spp,0,NA,NA,0,NA,NA,NA,NA,NA,insufficient data
ips_dup,tha_pit,0,NA,NA,0,NA,NA,NA,NA,NA,insufficient data
ips_dup,tha_pro,0,NA,NA,0,NA,NA,NA,NA,NA,insufficient data
ips_dup,tom_spp,184,0.5594019061776835,0.250686882301372,8,0.362564318492594,0.3774176620428983,0.23809523809523814,TRUE,TRUE,both
ips_dup,tor_vir,22,-0.23181160141943202,0.31997308716008094,1,NA,NA,NA,FALSE,NA,neither (place untestable)
ips_dup,uro_sir_spp,0,NA,NA,0,NA,NA,NA,NA,NA,insufficient data
ips_dup,xyl_lin,0,NA,NA,0,NA,NA,NA,NA,NA,insufficient data
ips_dup,xyl_spp,0,NA,NA,0,NA,NA,NA,NA,NA,insufficient data
ips_dup,zei_gri,161,0.07410008759150935,0.004786026344399404,8,0.2677778161911473,0.5214015387331358,0.42857142857142866,FALSE,FALSE,neither
ips_sex,ips_typ,386,0.48403908056210027,0.3103620539734554,24,0.5524330159328088,0.005121882563392004,0.5496533444706014,TRUE,TRUE,both
ips_sex,lym_dis,317,0.15579491352646513,0.00642440473074009,24,0.16393215154149715,0.4440166174810636,0.4484393306697183,FALSE,FALSE,neither
ips_sex,lym_mon,276,-0.03529447098492091,-0.015003121638849305,23,0.7480024870203245,4.0668522802438566e-5,0.641265180207776,FALSE,TRUE,place
ips_sex,mel_spp,161,0.04173545796708475,0.09352096714940378,15,-0.12609981944197785,0.6542916124901945,0.32076651393589234,FALSE,FALSE,neither
ips_sex,neo_ser,110,0.10248287218136404,0.25491351153412983,24,0.3850830122547427,0.06313997060062418,0.5243604676702087,FALSE,TRUE,place
ips_sex,ope_spp,161,0.2470822073336677,0.3007641094052545,15,-0.011546905990293406,0.9674217631181843,0.3149343955006943,FALSE,FALSE,neither
ips_sex,pan_fla,115,0.06658466053827775,-0.016449201110398003,23,0.4508578075953984,0.030837067457055438,0.2969852972257931,FALSE,TRUE,place
ips_sex,pha_cya,368,0.5083318670172224,0.38172795452197905,23,0.5309201157932826,0.009144460277125444,0.6288716961417625,TRUE,TRUE,both
ips_sex,pis_pin,138,0.3714874913521598,0.309694744257122,15,0.8727598227437015,2.178914807695699e-5,0.7043691889781614,TRUE,TRUE,both
ips_sex,pit_bid,115,0.5263323495026262,0.40087390212281887,15,0.9737399706989861,9.804257641257104e-10,0.8718379819364585,TRUE,TRUE,both
ips_sex,pit_cha,184,0.3465202285444606,0.28798395518306574,15,0.3960989458093737,0.1438580863347943,0.5470107670062623,TRUE,TRUE,both
ips_sex,pit_spp,253,0.38042587343109124,0.23497095706180784,23,0.03558487758042259,0.8719417339819262,0.2451947471083305,TRUE,FALSE,timing
ips_sex,pol_pol,184,0.09170300005728516,0.20907637148738442,8,0.6893662619837678,0.05856176181162481,0.6904761904761907,FALSE,TRUE,place
ips_sex,pri_abi,322,-0.09098833630814482,0.1512852347443909,23,0.46308866000636456,0.026060053458555887,0.6115817161598502,FALSE,TRUE,place
ips_sex,sap_car,23,0.3689403717139749,0.32427016176668916,15,0.5804823424352635,0.023278758596387544,0.39123039821797584,TRUE,TRUE,both
ips_sex,sco_int,345,0.20122306073413296,0.08821232567240472,23,0.7499536985332874,3.783739442757416e-5,0.8282520325203254,FALSE,TRUE,place
ips_sex,sco_rat,253,0.35142625797883975,0.224468431663608,23,0.8021318305917039,4.160808079959162e-6,0.802410250198268,TRUE,TRUE,both
ips_sex,sco_sco,92,0.18170088989717512,0.08473581943100564,15,0.5890438558443175,0.02085978151854631,0.5334124413904296,FALSE,TRUE,place
ips_sex,tet_gab,207,0.16917015453721057,0.2626118987866103,23,-0.15856407982093404,0.4699068976665952,0.041396515745562294,FALSE,FALSE,neither
ips_sex,tet_spp,115,0.09239498025767841,0.10544224813971582,15,-0.20111714346927873,0.4722985364289566,0.17063492063492067,FALSE,FALSE,neither
ips_sex,tha_pit,41,0.2667011231882058,0.3288790236616722,16,0.482704591720942,0.05824874285475195,0.5097412896128607,FALSE,TRUE,place
ips_sex,tha_pro,161,-0.04488240693743447,-0.1132208323486872,15,-0.0055010006691873685,0.9844766409100849,0.3066958041521574,FALSE,FALSE,neither
ips_sex,tom_spp,368,0.4735130068663596,0.26580450708005027,23,0.5890778645577568,0.0031007995256410585,0.6730735405990109,TRUE,TRUE,both
ips_sex,tor_vir,179,-0.02004120679986864,-0.04923889346521469,16,0.6229147598630921,0.009949983816863841,0.6014825635721074,FALSE,TRUE,place
ips_sex,uro_sir_spp,69,0.1909167036277084,0.15007948951851585,15,-0.06538889042514369,0.8169060291314165,0.21258271307256443,FALSE,FALSE,neither
ips_sex,xyl_lin,184,0.08162039870238538,0.10929717918998935,15,0.6616312041974863,0.007220906142864688,0.5750546327852951,FALSE,TRUE,place
ips_sex,xyl_spp,184,0.24107923944678716,0.21957784458390844,15,0.8147518036101493,2.1607066086400294e-4,0.7711332340435502,FALSE,TRUE,place
ips_sex,zei_gri,184,-0.10343016619441693,-0.20604905226199405,23,0.576640609371606,0.003973000166567506,0.6421602403703435,FALSE,TRUE,place
ips_typ,lym_dis,622,0.24855116461298588,0.2088025929171607,39,0.29841868044039965,0.06499574757984969,0.42665036948051704,FALSE,FALSE,neither
ips_typ,lym_mon,665,0.02313540347925277,0.07803680545319197,41,0.23807768309279273,0.13388797971478458,0.10425000554709281,FALSE,FALSE,neither
ips_typ,mel_spp,547,0.010766657902572162,0.044030786193260445,32,0.3683252936663103,0.038058630742375206,0.20318448908997183,FALSE,TRUE,place
ips_typ,neo_ser,110,-0.14974531554375956,-0.04244147212637373,24,0.08697405581851544,0.6861351898517154,0.042948826719817916,FALSE,FALSE,neither
ips_typ,ope_spp,207,0.11863863460231239,0.1228528483019169,15,0.5052679902957826,0.05470216827349239,0.6197024841253814,FALSE,TRUE,place
ips_typ,pan_fla,484,0.18252690628935667,0.17064384567270766,41,0.13160535491689862,0.4121012679409559,0.019854217107264233,FALSE,FALSE,neither
ips_typ,pha_cya,947,0.3319830959491541,0.2918832843798199,50,0.412136261213072,0.0029399526086433363,0.27563999688413177,TRUE,TRUE,both
ips_typ,pis_pin,184,0.3235043924296048,0.3395663737882303,16,0.37056168394787947,0.1576825586587551,0.3291567789286664,TRUE,TRUE,both
ips_typ,pit_bid,115,0.5315507408812948,0.31191997903459073,15,0.42993283723551023,0.10970678629271735,0.429091689258326,TRUE,TRUE,both
ips_typ,pit_cha,533,0.645974459727935,0.7445673060586236,28,0.8805769248427369,6.442477501763343e-10,0.8243688254665201,TRUE,TRUE,both
ips_typ,pit_spp,469,0.5286213888659772,0.24756076450263764,34,0.5594891923009109,5.814638440703982e-4,0.6342502256415266,TRUE,TRUE,both
ips_typ,pol_pol,207,0.19355938120872257,0.2306466491389001,9,0.6551426259851568,0.05545617168731161,0.75,FALSE,TRUE,place
ips_typ,pri_abi,345,-0.2681434956355257,0.060862853350229215,23,0.564264355501773,0.005036836017970629,0.6748779385817534,FALSE,TRUE,place
ips_typ,sap_car,23,0.36186041108726574,0.21383673059068728,15,0.16269508107000566,0.5623648106627364,0.12483755678647182,TRUE,FALSE,timing
ips_typ,sco_int,368,0.20111081122093652,0.04561089080380565,23,0.5659866048916642,0.004875896514910235,0.60576618653911,FALSE,TRUE,place
ips_typ,sco_rat,276,0.41405897755919985,0.1853181879126637,24,0.37942745860459226,0.06745212624623041,0.37810163465594177,TRUE,TRUE,both
ips_typ,sco_sco,138,-0.03032269583950967,0.026943393882755545,16,0.1944524493572286,0.4705102926503616,0.15491746310167506,FALSE,FALSE,neither
ips_typ,tet_gab,379,0.1897234436180047,0.3548069185679679,32,0.3002846994890391,0.09494438222047985,0.201293064186102,FALSE,TRUE,place
ips_typ,tet_spp,184,0.1518982847509325,0.2525799040295326,15,0.40651201933484277,0.1326707855379732,0.448244934074576,FALSE,TRUE,place
ips_typ,tha_pit,64,-0.12998119933084806,0.03488563366046102,17,0.18967775658241812,0.465908760850299,0.07971633686337609,FALSE,FALSE,neither
ips_typ,tha_pro,230,0.05994628894858977,-0.06922324334047147,15,0.612015124818743,0.01531303477207369,0.6348891045562013,FALSE,TRUE,place
ips_typ,tom_spp,908,0.27488646287240986,0.13351500314703862,50,0.6614089813779177,1.70483372575221e-7,0.6239782729831187,FALSE,TRUE,place
ips_typ,tor_vir,633,0.04805932838652716,0.11206787281808696,35,0.5748997671996195,3.035289390072008e-4,0.4929124020713974,FALSE,TRUE,place
ips_typ,uro_sir_spp,92,0.20419035898138796,0.21600918394662974,15,0.17561522222513548,0.5312858379589047,0.1757489702238945,FALSE,FALSE,neither
ips_typ,xyl_lin,230,0.1486321035438791,0.23678345047855584,15,0.7377279363180139,0.0016930665644498634,0.7706746355884523,FALSE,TRUE,place
ips_typ,xyl_spp,253,0.3060653837916277,0.20727526570729,15,0.6837540252477177,0.004942671888883908,0.7963636363636362,TRUE,TRUE,both
ips_typ,zei_gri,184,-0.056634448063355484,-0.17923279443138926,23,0.4189774430950185,0.046598587565215926,0.46473204516304106,FALSE,TRUE,place
lym_dis,lym_mon,299,0.06242313431798265,0.1072085782828255,24,0.1375779182602753,0.5214766067644514,0.39914259927797835,FALSE,FALSE,neither
lym_dis,mel_spp,184,0.09597843222882448,-0.022410607158823183,15,0.6051280642994151,0.016839463094090665,0.7609523809523808,FALSE,TRUE,place
lym_dis,neo_ser,87,0.08413804906744832,0.15973265507217382,24,0.5636300387198467,0.004127700209690276,0.2943934384061938,FALSE,TRUE,place
lym_dis,ope_spp,161,0.13572171802283703,0.09820003846831653,15,0.6549145319933622,0.008054895416918277,0.4457142857142857,FALSE,TRUE,place
lym_dis,pan_fla,184,0.23933594974640196,0.17244795109821248,24,0.24790044019977664,0.24281895323146668,0.650231975775011,FALSE,FALSE,neither
lym_dis,pha_cya,494,0.2299865635285942,0.1684246436651563,33,0.6302954372641341,8.451297739835337e-5,0.6608866733342951,FALSE,TRUE,place
lym_dis,pis_pin,161,0.2824255637257937,0.2384318179756045,16,0.12710046705720263,0.6390183967989866,0.43144038931379824,FALSE,FALSE,neither
lym_dis,pit_bid,115,0.1751403150041175,0.1885959615585567,15,0.14189075850491709,0.6139589297427529,0.4611488131266318,FALSE,FALSE,neither
lym_dis,pit_cha,378,0.1976419245862337,0.19152704351294275,26,0.4707549574958049,0.015215459391404675,0.59346639211248,FALSE,TRUE,place
lym_dis,pit_spp,358,0.2184224341170629,0.16064353447494611,33,0.6283192380594161,9.03307009489888e-5,0.4508442220373044,FALSE,TRUE,place
lym_dis,pol_pol,161,0.05209333963908175,0.005123422384230706,9,0.32131279309042216,0.39915920116627457,0.2761530448893886,FALSE,TRUE,place
lym_dis,pri_abi,276,-0.11953292512374628,0.00856484041923662,23,0.22333791414621024,0.30565914982001424,0.2853092783505155,FALSE,FALSE,neither
lym_dis,sap_car,23,-0.1022659723615388,-0.20901351109153185,15,-0.0876827852066622,0.756004699658126,0.06388765649999398,FALSE,FALSE,neither
lym_dis,sco_int,299,0.006532228451070593,-0.01002937184243425,23,0.1740091604335681,0.42715674130988013,0.46265261205732605,FALSE,FALSE,neither
lym_dis,sco_rat,230,0.07124037271093261,0.08569815445726052,24,-0.0315797413390669,0.8835379907898979,0.1012976014648766,FALSE,FALSE,neither
lym_dis,sco_sco,115,0.15718529002986967,0.1529819346825272,16,0.018916573460489146,0.944564612274724,0.2004003669334416,FALSE,FALSE,neither
lym_dis,tet_gab,312,0.0640905097595749,0.1574368412494558,32,0.31193289177012745,0.08220761851049367,0.5147395332587321,FALSE,TRUE,place
lym_dis,tet_spp,161,0.16804547214768528,0.12694035430979722,15,0.28956319681923115,0.2951813696269609,0.5248906591678238,FALSE,FALSE,neither
lym_dis,tha_pit,64,-0.011600778087988343,-0.12818001105783802,17,0.6120083554899284,0.009024998380973266,0.5103759167036397,FALSE,TRUE,place
lym_dis,tha_pro,184,0.24772176627645368,0.12486495513827943,15,0.648811974682403,0.00887644648523194,0.6535859569900527,FALSE,TRUE,place
lym_dis,tom_spp,494,0.2627527930819277,0.17431143890433098,33,0.5308894553063285,0.0014798916172021578,0.6866619256372111,FALSE,TRUE,place
lym_dis,tor_vir,248,-0.05611534097677585,0.0267303231343058,18,0.5931445623287446,0.009470418269673864,0.679787899432795,FALSE,TRUE,place
lym_dis,uro_sir_spp,69,0.1704052472932392,0.1282385183859851,15,-0.06489576875752139,0.8182654827919834,0.1656833739159028,FALSE,FALSE,neither
lym_dis,xyl_lin,184,-0.09262171471154892,-0.04630114710350623,15,0.4267281651286935,0.11267305017126712,0.5747048932153912,FALSE,TRUE,place
lym_dis,xyl_spp,207,0.04286681876578998,0.06533275669237198,15,0.5150208538335102,0.04945733536176692,0.7871896419971062,FALSE,TRUE,place
lym_dis,zei_gri,138,0.06364662224101415,0.14718732436952675,23,-0.13093029232504713,0.5515257016091054,-0.04331631036350405,FALSE,FALSE,neither
lym_mon,mel_spp,481,0.12958396461892052,0.12567659763230662,32,0.4739076199098697,0.006144504602075619,0.4670556803644217,FALSE,TRUE,place
lym_mon,neo_ser,92,0.12219839482146622,-0.14738673280641318,23,0.24605033087154263,0.25775311971412657,0.49176642003766563,FALSE,FALSE,neither
lym_mon,ope_spp,138,0.2378431017438669,0.24170429371975186,15,0.2773171645777275,0.3169841066671027,0.24095238095238092,FALSE,FALSE,neither
lym_mon,pan_fla,484,0.3137447090653971,0.29693498277719393,41,0.8989883992749916,1.4581893982011321e-15,0.8670061870520259,TRUE,TRUE,both
lym_mon,pha_cya,665,0.03424321386197566,-0.014052542835425523,41,0.7244472082634663,8.573347830643698e-8,0.7434164261114534,FALSE,TRUE,place
lym_mon,pis_pin,161,0.1276608085806043,-0.018971673007826005,16,0.680479155719264,0.0037178020841602904,0.6991753598786227,FALSE,TRUE,place
lym_mon,pit_bid,92,-0.05958419817413302,-0.2200653148935829,15,0.6359371153961028,0.010824329854560279,0.5017738276163589,FALSE,TRUE,place
lym_mon,pit_cha,207,0.136279183998604,0.1301753381189164,16,0.34448252341511354,0.1913537406317418,0.2973921516554365,FALSE,TRUE,place
lym_mon,pit_spp,184,-0.24046379357533265,-0.04201322154521216,23,0.1711819578019285,0.4348209080978147,0.12134076415433277,FALSE,FALSE,neither
lym_mon,pol_pol,161,0.025929446931220828,0.1006519110135267,9,0.13330605606540324,0.7324206376297226,0.3096261412396175,FALSE,FALSE,neither
lym_mon,pri_abi,276,0.19788204969515147,-0.04555630513268473,23,0.46567508755396186,0.0251301585407544,0.5203608247422681,FALSE,TRUE,place
lym_mon,sap_car,23,-0.2849030264603879,-0.15495751636997432,15,0.8006661157688234,3.355051705159884e-4,0.44721359549995787,FALSE,TRUE,place
lym_mon,sco_int,253,-0.04000021516017061,0.010981320132679068,23,0.5186543296294142,0.011223637029614512,0.27841042141502803,FALSE,TRUE,place
lym_mon,sco_rat,230,-0.033410835174173474,-0.042466303875521194,24,0.7290882725666497,5.31279733497164e-5,0.6645880021340502,FALSE,TRUE,place
lym_mon,sco_sco,92,0.18368714760379748,0.11544622455655028,16,0.7022019620788912,0.002423508358718931,0.3435434861716142,FALSE,TRUE,place
lym_mon,tet_gab,207,0.002082855323614126,-0.15806621782365143,23,-0.18719581244941513,0.39238921128075066,-0.009621734602546212,FALSE,FALSE,neither
lym_mon,tet_spp,115,0.2933750115784773,0.15998367696472934,15,-0.2653996992784313,0.3390663932710166,-0.07970561861437324,FALSE,FALSE,neither
lym_mon,tha_pit,23,-0.45812713815045525,-0.14024968461678933,15,0.8006661157688233,3.3550517051599e-4,0.44721359549995787,TRUE,TRUE,both
lym_mon,tha_pro,161,0.22890753998842775,0.5026244644217222,15,0.2609073523947617,0.3476096267150618,0.1615183686814498,FALSE,FALSE,neither
lym_mon,tom_spp,605,0.044027961841267255,-0.06005410244432432,41,0.1093036174998268,0.4963252135608498,0.15186155418292258,FALSE,FALSE,neither
lym_mon,tor_vir,504,0.11814031501611885,0.06556545010072272,33,0.4423271749363904,0.009951965454846851,0.5290976144310431,FALSE,TRUE,place
lym_mon,uro_sir_spp,46,0.0466252264243432,0.031221645289272168,15,-0.12927353960985027,0.6461094095171138,-0.14201432049934526,FALSE,FALSE,neither
lym_mon,xyl_lin,161,0.08258686148283656,0.021700441597682002,15,0.6193247262199415,0.013812132838485506,0.5408987230262505,FALSE,TRUE,place
lym_mon,xyl_spp,184,0.1195009147257254,-0.006720349911397357,15,0.7681496587490863,8.231916700078843e-4,0.6969326735884546,FALSE,TRUE,place
lym_mon,zei_gri,161,0.04206584395751018,0.12528147520129024,23,0.5797866508760091,0.003734966375839492,0.5233559690494599,FALSE,TRUE,place
mel_spp,neo_ser,46,-0.12106473765154466,-0.24788865438690644,15,-0.0858764518116764,0.7608947051271824,0.006234796863885496,FALSE,FALSE,neither
mel_spp,ope_spp,161,0.03399786445962709,0.017233135015452688,15,0.10997529289987308,0.6964122491011759,0.31619047619047613,FALSE,FALSE,neither
mel_spp,pan_fla,415,0.19558617869370232,0.11360286429796766,32,0.373350570832903,0.03531345633336079,0.4249490864500633,FALSE,TRUE,place
mel_spp,pha_cya,547,0.12520730313614978,0.014747486256567367,32,0.5825564966981118,4.6812210550382715e-4,0.49581432392063784,FALSE,TRUE,place
mel_spp,pis_pin,138,0.19127499112975718,0.2628307916464662,15,-0.10574234134931361,0.7076132596134378,0.2670534160253419,FALSE,FALSE,neither
mel_spp,pit_bid,92,-0.05982057628450395,-0.09550695036896242,15,-0.1820713926828121,0.5160492150078215,0.05599664159394815,FALSE,FALSE,neither
mel_spp,pit_cha,207,-0.0808327025076635,-0.0037120200819713337,15,0.38811533253162445,0.15285358996575354,0.571317305184661,FALSE,TRUE,place
mel_spp,pit_spp,92,0.14578869059689398,-0.07622216357350378,15,0.8107466685914547,2.457550346111786e-4,0.7337406559132839,FALSE,TRUE,place
mel_spp,pol_pol,0,NA,NA,0,NA,NA,NA,NA,NA,insufficient data
mel_spp,pri_abi,161,0.1836602168951483,-0.018304259115301504,15,-0.013144728699922692,0.9629163763179868,0.3596473035038793,FALSE,FALSE,neither
mel_spp,sap_car,23,0.07614457387190585,0.3178143200991527,15,-0.0765816522563417,0.7861864699776183,0.12777531299998796,FALSE,FALSE,neither
mel_spp,sco_int,138,0.03274659932177143,0.10690692777177546,15,0.30600149748211547,0.2673443643286409,0.35187114559028193,FALSE,TRUE,place
mel_spp,sco_rat,69,0.057681480233476454,0.14971359734833412,15,-0.12241898403362142,0.6638271067521522,0.094917779029053,FALSE,FALSE,neither
mel_spp,sco_sco,92,-0.10135336539474932,-0.19380447023107508,15,-0.007128331780286567,0.9798852079034758,0.12187504346918127,FALSE,FALSE,neither
mel_spp,tet_gab,184,0.15704488950845902,0.14451089602475184,15,0.8197650708285401,1.8312155284038833e-4,0.751248226425348,FALSE,TRUE,place
mel_spp,tet_spp,161,0.3689755364368466,0.3050439222491502,15,0.7243492004830525,0.002257585806474587,0.7465111597053494,TRUE,TRUE,both
mel_spp,tha_pit,23,-0.30624404663563387,0.23409955123878756,15,-0.0765816522563417,0.7861864699776183,0.12777531299998796,TRUE,FALSE,timing
mel_spp,tha_pro,184,0.16625123070372314,0.030853116024344443,15,0.7034410553371327,0.003432931827312671,0.8244949285018194,FALSE,TRUE,place
mel_spp,tom_spp,487,0.14831006526860172,0.13795102151371266,32,0.06220711396872934,0.7351944936665386,0.11200464673559142,FALSE,FALSE,neither
mel_spp,tor_vir,524,-0.013023978666001603,-0.09168084147859444,32,0.25275822927485636,0.16280088668886986,0.3450311849689056,FALSE,FALSE,neither
mel_spp,uro_sir_spp,69,0.17705501703533644,0.06560370393210349,15,0.002749313319087533,0.9922413472027536,0.18935242733246035,FALSE,FALSE,neither
mel_spp,xyl_lin,184,-7.821162001359268e-4,-0.00270060661577008,15,-0.11284626108628408,0.6888480830139311,0.24603379415430146,FALSE,FALSE,neither
mel_spp,xyl_spp,207,-0.017471893717549987,-0.02474651115439533,15,-0.05042342979299908,0.8583624704434967,0.53037599992712825,FALSE,FALSE,neither
mel_spp,zei_gri,23,0.14383660286916528,0.08994139168524169,15,-0.07866226076658293,0.7805068106883473,0.06388765649999398,FALSE,FALSE,neither
neo_ser,ope_spp,46,0.2608398767546145,0.053472310479718725,15,0.2297960009956808,0.40999769957502974,0.5112533428386107,FALSE,FALSE,neither
neo_ser,pan_fla,69,-0.06386657507055891,-0.14396701253898117,23,0.1643629504970061,0.4536053053818876,0.32477118890911916,FALSE,FALSE,neither
neo_ser,pha_cya,92,0.07923805408676056,0.15528078361417644,23,0.3026534634702615,0.16040607272179794,0.23982481200457112,FALSE,TRUE,place
neo_ser,pis_pin,46,0.028240597159295108,-0.076750857450043,15,0.7676639404286898,8.334039745784939e-4,0.5500190982169267,FALSE,TRUE,place
neo_ser,pit_bid,46,0.24915579607054422,0.32489629881915555,15,0.5549727445425223,0.03176182639107201,0.5462821430346243,FALSE,TRUE,place
neo_ser,pit_cha,46,0.06409917451486274,0.032609238377160836,15,0.22879417919252273,0.41209834123207745,0.1157375317359028,FALSE,FALSE,neither
neo_ser,pit_spp,46,-0.26836271181038623,0.06401205162133768,23,-0.1563190000527239,0.4762976764327267,-0.04434489469222495,FALSE,FALSE,neither
neo_ser,pol_pol,46,0.1421798470928714,0.044435062350798346,8,-0.12482784490803622,0.7683677582189328,0.17145691375685115,FALSE,FALSE,neither
neo_ser,pri_abi,92,0.34350764690467256,0.00300329990778979,23,0.24406645741234761,0.2617330443482261,0.32071723045934714,TRUE,FALSE,timing
neo_ser,sap_car,0,NA,NA,15,-0.07557293128592986,0.7889437066765137,-0.10456072210162853,NA,FALSE,insufficient data
neo_ser,sco_int,92,-0.04836315575315628,-0.010680865156122434,23,0.2329181250416069,0.2848262831933775,0.23957880980328353,FALSE,FALSE,neither
neo_ser,sco_rat,92,-0.035561846500657655,0.19681586916991808,23,0.45617983199830137,0.028679517741930713,0.4969694514360925,FALSE,TRUE,place
neo_ser,sco_sco,46,0.24111443417023712,0.13933714734532682,15,0.14303517231066845,0.6110737454565727,0.47440291368796317,FALSE,FALSE,neither
neo_ser,tet_gab,69,-0.010692954811966159,0.25861516655814265,23,0.034861544088881126,0.874524576534037,0.04434489469222495,FALSE,FALSE,neither
neo_ser,tet_spp,23,-0.17030598012606962,-0.31922622803957,15,-0.1659593810768664,0.5544403683249062,-0.1781741612749496,FALSE,FALSE,neither
neo_ser,tha_pit,18,-0.07015616178597157,-0.22500893852482723,16,0.9043909235696677,1.5159622840363042e-6,0.3937807653241084,FALSE,TRUE,place
neo_ser,tha_pro,23,0.2701441526624266,0.07854759066191377,15,-0.23350691812184346,0.4022655282632416,-0.15983740793871878,FALSE,FALSE,neither
neo_ser,tom_spp,92,0.047834806387392716,0.16275640052283738,23,0.22005136931174016,0.31301598663006547,0.268304008430114,FALSE,FALSE,neither
neo_ser,tor_vir,64,0.10948696306080286,0.079398271120462,16,0.15379856300880165,0.5695648734697403,0.3985252830467152,FALSE,FALSE,neither
neo_ser,uro_sir_spp,23,0.15045390445454052,0.2810622791006796,15,0.005635090152774084,0.9840982952483752,0.2014354251173236,FALSE,FALSE,neither
neo_ser,xyl_lin,46,0.08057980581614524,0.021575620980529717,15,0.36641803510468773,0.17917374419619264,0.33811759371652045,FALSE,TRUE,place
neo_ser,xyl_spp,46,0.1396057422978602,0.07973309464308198,15,0.4911669553744808,0.06298960108938423,0.42640143271122083,FALSE,TRUE,place
neo_ser,zei_gri,69,-0.0476576999545067,0.06570509994291127,23,0.17503339240870947,0.4243982985325442,0.45006297861161815,FALSE,FALSE,neither
ope_spp,pan_fla,92,-0.012231036206837355,-0.08906653208436488,15,0.05677093841934758,0.8407308591533956,0.12275693084003063,FALSE,FALSE,neither
ope_spp,pha_cya,207,0.12213133145403925,0.08733255010614153,15,0.4472528453119156,0.09460988396437886,0.4968785683527834,FALSE,TRUE,place
ope_spp,pis_pin,115,0.10255921585612508,0.12520834182000168,15,0.05166534744798995,0.8549076231271033,0.14202840852284096,FALSE,FALSE,neither
ope_spp,pit_bid,92,0.3015953913947821,0.32324651639979546,15,-0.02497446197377401,0.9296007938288996,0.21630075282368205,TRUE,FALSE,timing
ope_spp,pit_cha,207,0.12655918559733276,0.0983185409823173,15,0.5836133702007393,0.02237058341179993,0.6215634525461784,FALSE,TRUE,place
ope_spp,pit_spp,92,0.03947941719645301,0.13783246785834344,15,0.5201637926736129,0.046845611396175435,0.3834386653482322,FALSE,TRUE,place
ope_spp,pol_pol,0,NA,NA,0,NA,NA,NA,NA,NA,insufficient data
ope_spp,pri_abi,161,0.05579603096651908,-0.08589972261276634,15,0.7896206085027431,4.6292266398866326e-4,0.5248906591678238,FALSE,TRUE,place
ope_spp,sap_car,0,NA,NA,15,-0.19633295477237733,0.483116106575151,-0.2874944542499729,NA,FALSE,insufficient data
ope_spp,sco_int,161,-0.07300850908550445,-0.03707159123546539,15,-0.1451907349087606,0.6056537685762124,0.23134069792952236,FALSE,FALSE,neither
ope_spp,sco_rat,46,-0.08381725113691679,0.1621099364239327,15,-0.010425348322336296,0.9705847773549339,0.20170028043673763,FALSE,FALSE,neither
ope_spp,sco_sco,92,0.2514751074719057,0.12198772097236982,15,0.03077807339404703,0.913292712129027,0.3458616098449738,FALSE,FALSE,neither
ope_spp,tet_gab,161,0.11395038540058705,0.10437398884386664,15,-0.11065154438132659,0.6946281018047288,0.14649340415294285,FALSE,FALSE,neither
ope_spp,tet_spp,138,0.03576993202787229,0.016580522890539233,15,-0.06594970450914217,0.8153605474654073,0.22356454001592493,FALSE,FALSE,neither
ope_spp,tha_pit,0,NA,NA,15,-0.19633295477237733,0.483116106575151,-0.2874944542499729,NA,FALSE,insufficient data
ope_spp,tha_pro,184,0.13057213234747828,0.18336892532318205,15,0.38176188908622577,0.16027526674996442,0.42069900679819483,FALSE,TRUE,place
ope_spp,tom_spp,207,0.1649355936162675,0.15778180693242969,15,0.5171269587345508,0.04837516010493183,0.4596591999368445,FALSE,TRUE,place
ope_spp,tor_vir,184,0.5102158892514843,0.5724727407576549,15,0.6302028051147975,0.01179224755384596,0.6610984392543062,TRUE,TRUE,both
ope_spp,uro_sir_spp,92,-0.13170583075763934,-0.0845571271764483,15,-0.08011104168118868,0.7765579744085851,0.3739710439816092,FALSE,FALSE,neither
ope_spp,xyl_lin,207,0.003398576897489748,0.14025935616955307,15,0.48350179049903497,0.06785874642587349,0.6873921271791934,FALSE,TRUE,place
ope_spp,xyl_spp,207,0.024234432424789756,0.07385159004772845,15,0.47034263324995734,0.07684236336780075,0.5154882525607527,FALSE,TRUE,place
ope_spp,zei_gri,23,0.12688204890511523,-0.01695112426377923,15,0.21538219905991457,0.44075476176363193,0.31943828249996986,FALSE,FALSE,neither
pan_fla,pha_cya,484,0.10302006627359132,-0.006924081186466534,41,0.6359973622371207,7.87083545589705e-6,0.7402526451735948,FALSE,TRUE,place
pan_fla,pis_pin,138,0.15477961051706823,-0.12652287768586348,16,0.6807261794128806,0.0037004731371273977,0.7685388509920498,FALSE,TRUE,place
pan_fla,pit_bid,92,0.16326578955205245,0.12609909928858787,15,0.5873523664595248,0.02132173921120539,0.5349090885622222,FALSE,TRUE,place
pan_fla,pit_cha,161,0.206512251004872,0.1341597570686045,16,0.2452802395966843,0.35985958929515716,0.28733018531726917,FALSE,FALSE,neither
pan_fla,pit_spp,46,0.10266729905675964,0.20517259354315184,23,-0.11541092747768605,0.6000122470704278,-0.192665233767847,FALSE,FALSE,neither
pan_fla,pol_pol,46,0.12702264782734599,-0.23876776805895114,9,0.050118874179047916,0.8981121501657597,0.25103950552320115,FALSE,FALSE,neither
pan_fla,pri_abi,138,0.23321401772048966,0.17989138649141156,23,0.007482161154992629,0.9729709017957691,0.19105335522366246,FALSE,FALSE,neither
pan_fla,sap_car,23,-0.16148790635021953,-0.04019875143457242,15,0.8865844864562825,1.068015741482353e-5,0.4885042104591972,FALSE,TRUE,place
pan_fla,sco_int,115,-0.04695601087530223,0.06917959629481066,23,0.5738802376512221,0.004192225849467628,0.18507779392332036,FALSE,TRUE,place
pan_fla,sco_rat,115,-0.1160457869139796,-0.15479069919984406,24,0.6155378489854122,0.0013658238666205734,0.2649077730335896,FALSE,TRUE,place
pan_fla,sco_sco,92,0.03204202659778427,-0.0222948186655469,16,0.6676162660350538,0.004714600270018215,0.35566058560064245,FALSE,TRUE,place
pan_fla,tet_gab,115,0.10717903070164547,0.03366075699970611,23,0.052073152512390905,0.8134582929912584,0.203582930348025,FALSE,FALSE,neither
pan_fla,tet_spp,92,0.44632066952455196,0.25497570305464257,15,-0.216851077915925,0.43756835988721343,0.04671765921511568,TRUE,FALSE,timing
pan_fla,tha_pit,23,-0.47239412810897125,-0.28723553920005196,15,0.8865844864562825,1.068015741482353e-5,0.4885042104591972,TRUE,TRUE,both
pan_fla,tha_pro,115,-0.026133601559517453,-0.03671282555337111,15,0.262204587251215,0.3451303832597422,0.22977078316142108,FALSE,FALSE,neither
pan_fla,tom_spp,424,0.1984667455410152,0.021346301318899624,41,0.054598905702966834,0.7345758128341968,0.07473994716455694,FALSE,FALSE,neither
pan_fla,tor_vir,461,0.13589926750302703,0.019353695164141507,33,0.34867807832711584,0.046736928797643046,0.5314551813923372,FALSE,TRUE,place
pan_fla,uro_sir_spp,23,-0.09349088024409397,-0.009101708330711243,15,-0.16461944313022384,0.5576873959753242,-0.21200595289795782,FALSE,FALSE,neither
pan_fla,xyl_lin,115,0.40239394906106984,0.18830800896591543,15,0.4945517193225313,0.06092225852495027,0.4841598645187087,TRUE,TRUE,both
pan_fla,xyl_spp,138,0.26045022010175806,0.13593208025864165,15,0.656196437629762,0.007890164903958228,0.7074105965181152,FALSE,TRUE,place
pan_fla,zei_gri,46,0.2894964075144088,0.20657839808165826,23,-0.15476475313917376,0.4807476473188119,-0.11905463240465508,FALSE,FALSE,neither
pha_cya,pis_pin,184,0.38143548702689134,0.3200232566174125,16,0.21312151044101657,0.4280672406769058,0.398786097548192,TRUE,FALSE,timing
pha_cya,pit_bid,115,0.6044388237191045,0.41083801291232486,15,0.5511789781013905,0.03319895813327095,0.5492373622506573,TRUE,TRUE,both
pha_cya,pit_cha,423,0.3495793541687242,0.308385428998413,25,0.5486228799320835,0.004514714893976822,0.567222965215803,TRUE,TRUE,both
pha_cya,pit_spp,402,0.2562962553260354,0.06528297710097851,32,0.31436042518076707,0.07972714281031501,0.33803296931070387,FALSE,TRUE,place
pha_cya,pol_pol,207,0.13614999139408854,0.12631173852188174,9,0.6308606153468725,0.06849314268492065,0.7,FALSE,TRUE,place
pha_cya,pri_abi,345,-0.14454814615347625,0.0016539357358530344,23,0.38734835222209374,0.0678343547999959,0.5878621923778092,FALSE,TRUE,place
pha_cya,sap_car,23,0.4897466971970208,0.41486323400790187,15,0.37975566701191266,0.16266761716496325,0.4369314487526514,TRUE,TRUE,both
pha_cya,sco_int,368,0.24601577831480403,0.05141405952145709,23,0.6661858867840993,5.196418391593994e-4,0.6660414289808124,FALSE,TRUE,place
pha_cya,sco_rat,276,0.34923850849324495,0.15054999111308084,24,0.40504958059389295,0.04958977681584078,0.3161711944967789,TRUE,TRUE,both
pha_cya,sco_sco,138,0.03647298611798391,0.07371251196481317,16,0.30586364597516563,0.24928472865311246,0.289406249750382,FALSE,TRUE,place
pha_cya,tet_gab,358,0.14516863960167734,0.14626630624659315,32,0.34257832430665497,0.054940486684145896,0.37470469819265884,FALSE,TRUE,place
pha_cya,tet_spp,184,0.145875328322962,0.027405921026950483,15,0.1744509366215587,0.5340547163362033,0.4178554470186725,FALSE,FALSE,neither
pha_cya,tha_pit,23,0.38795166376655693,0.12116665727142702,15,0.3797556670119126,0.1626676171649634,0.4369314487526514,TRUE,TRUE,both
pha_cya,tha_pro,230,0.12957864961418486,0.07688229488662328,15,0.5891453533343066,0.020832307183058656,0.6275493461220254,FALSE,TRUE,place
pha_cya,tom_spp,887,0.2878472325700574,0.10038312428296736,50,0.28914772510412967,0.04169013436446189,0.33216174909128515,FALSE,FALSE,neither
pha_cya,tor_vir,593,0.018753908372652946,-8.806088073710377e-6,33,0.569997749146285,5.34526515774262e-4,0.5361033879515466,FALSE,TRUE,place
pha_cya,uro_sir_spp,92,0.21537837496359108,0.15206944416399049,15,-0.07364095015416261,0.794231051152532,0.10637437671446245,FALSE,FALSE,neither
pha_cya,xyl_lin,230,0.026680925184946237,0.14321363662943026,15,0.6693300002697099,0.0063501308810130185,0.7743445148055402,FALSE,TRUE,place
pha_cya,xyl_spp,253,0.2864029749936338,0.3100099093359184,15,0.7640290217185912,9.131359678281234e-4,0.9054545454545453,FALSE,TRUE,place
pha_cya,zei_gri,184,-0.039492033826317004,-0.16568116158368912,23,0.112087339984631,0.610623193071089,0.1700523273027669,FALSE,FALSE,neither
pis_pin,pit_bid,115,0.4183824476545878,0.31468983547533425,15,0.780983533091524,5.879267902210181e-4,0.7587415610833931,TRUE,TRUE,both
pis_pin,pit_cha,184,0.43155102237460574,0.35361611089543066,16,0.18820176249298745,0.4851658086930355,0.20255801780225624,TRUE,FALSE,timing
pis_pin,pit_spp,23,0.16778578762789031,0.23433708381536517,15,-0.22946410701544373,0.41069300139961906,-0.32066146723523126,FALSE,FALSE,neither
pis_pin,pol_pol,23,0.5437025759288647,0.10890678348741754,1,NA,NA,NA,TRUE,NA,timing (place untestable)
pis_pin,pri_abi,138,0.17203170432508988,0.12670316752088473,15,0.35269038754989107,0.19726683131066322,0.4838710080806499,FALSE,TRUE,place
pis_pin,sap_car,23,0.08203379930183087,0.23131268304780847,15,0.5342136073005376,0.040230064235941276,0.40257275855473895,FALSE,TRUE,place
pis_pin,sco_int,115,0.22537551920105753,0.14829014080067687,15,0.6393878306570955,0.010272436346388364,0.4614128600262738,FALSE,TRUE,place
pis_pin,sco_rat,92,0.36348986828610524,0.3401949512186944,16,0.8272116578275407,7.705779922681359e-5,0.7697285424707401,TRUE,TRUE,both
pis_pin,sco_sco,115,0.2600752836446467,0.25533746875396146,16,0.42632182120767526,0.0996299925183234,0.5207377630003,FALSE,TRUE,place
pis_pin,tet_gab,138,0.44438769006133133,0.38663621460678566,15,-0.011506394742177194,0.9675360052611794,0.286001062116737,TRUE,FALSE,timing
pis_pin,tet_spp,92,0.32143307968465457,0.3119922618619282,15,-0.2304550813004253,0.40861878360786397,-0.02654144770062637,TRUE,FALSE,timing
pis_pin,tha_pit,23,-0.15133556560130884,0.2483396884993082,15,0.5342136073005375,0.04023006423594136,0.40257275855473895,FALSE,TRUE,place
pis_pin,tha_pro,138,0.1018585202072589,0.10557059034243,15,-0.0566182639567554,0.841154155424228,0.09664863478427663,FALSE,FALSE,neither
pis_pin,tom_spp,184,0.47459157788404155,0.3734410281845664,16,0.28588309174339804,0.2831020382809526,0.36238895372434904,TRUE,FALSE,timing
pis_pin,tor_vir,184,0.14612201449204124,0.00712157267414721,16,0.48017125183816417,0.0597758087058087,0.5947216301500341,FALSE,TRUE,place
pis_pin,uro_sir_spp,46,-0.006111886103271918,-0.12046112612035946,15,-0.10209968984196033,0.7172970845307718,-0.02237173027222544,FALSE,FALSE,neither
pis_pin,xyl_lin,138,0.21742164189690152,0.19938213229431556,15,0.47960937296132283,0.07043272601638113,0.33333916894985205,FALSE,TRUE,place
pis_pin,xyl_spp,161,0.3833883761546389,0.29760989497108875,15,0.674755429416268,0.0057878849951081834,0.6117296296578866,TRUE,TRUE,both
pis_pin,zei_gri,23,0.04548936441277936,0.12896104086016325,15,0.7641663770356216,9.100148142789794e-4,0.4696682183138621,FALSE,TRUE,place
pit_bid,pit_cha,115,0.4343617702834948,0.2670406017040678,15,0.38822205205876836,0.15273092552787637,0.41407348013428463,TRUE,TRUE,both
pit_bid,pit_spp,23,0.18027932399395025,0.21269692826392397,15,-0.22728869405390476,0.4152655951928338,-0.13916568760867362,FALSE,FALSE,neither
pit_bid,pol_pol,0,NA,NA,0,NA,NA,NA,NA,NA,insufficient data
pit_bid,pri_abi,115,0.05320308063758207,0.05964048595622109,15,0.4112526427544697,0.12777947157545363,0.6499563361480025,FALSE,TRUE,place
pit_bid,sap_car,23,0.2762426839708649,0.2308318861201213,15,0.47284859695975145,0.07506940986279609,0.3682714621051772,FALSE,TRUE,place
pit_bid,sco_int,115,0.22852493148438127,0.1327957484971851,15,0.7256355549773789,0.0021975154083029662,0.708228283526789,FALSE,TRUE,place
pit_bid,sco_rat,69,0.4613483122109086,0.33252254691041166,15,0.7387392200194423,0.0016555202876966345,0.6900046666428514,TRUE,TRUE,both
pit_bid,sco_sco,92,0.2080301339631069,0.10688278554465722,15,0.47408421556204383,0.07420609752791539,0.5835443037974684,FALSE,TRUE,place
pit_bid,tet_gab,92,0.2958822072737022,0.2560165132729105,15,-0.11537871251793512,0.6821984143517139,0.08877453966975621,FALSE,FALSE,neither
pit_bid,tet_spp,69,-0.006668287204101228,0.06834356856942589,15,-0.2708185688194917,0.32892047976101735,-0.07171931985081406,FALSE,FALSE,neither
pit_bid,tha_pit,23,0.20749572935287808,0.09358898935020717,15,0.47284859695975134,0.07506940986279616,0.3682714621051772,FALSE,TRUE,place
pit_bid,tha_pro,92,-0.01783327705465471,-0.12791385001797068,15,-0.09780390449616902,0.7287686879134188,0.09527023769437253,FALSE,FALSE,neither
pit_bid,tom_spp,115,0.3980823426219632,0.23478223992563227,15,0.4673133092769249,0.07902535031983554,0.45269173216753394,TRUE,TRUE,both
pit_bid,tor_vir,115,0.29529278227271977,0.24425485816695383,15,0.7124826126224355,0.0028762315608199737,0.6452393371118866,FALSE,TRUE,place
pit_bid,uro_sir_spp,46,0.11832848278078659,0.08974926406838321,15,-0.11768035932718374,0.6761735367995867,0.09550586404516817,FALSE,FALSE,neither
pit_bid,xyl_lin,115,0.1729300942397273,0.1025733691668062,15,0.6587283849790773,0.00757257147601922,0.5283167726687931,FALSE,TRUE,place
pit_bid,xyl_spp,115,0.2921792341093277,0.22474414672335055,15,0.813795197005287,2.2287807196169553e-4,0.690837619705905,FALSE,TRUE,place
pit_bid,zei_gri,23,-0.3778711320327924,-0.334013844888002,15,0.5549291439985296,0.03177807234357215,0.4419257545262127,TRUE,TRUE,both
pit_cha,pit_spp,262,0.31562567503059846,0.20832921209687522,25,0.5111438650223995,0.009019581491252508,0.5925619268702207,TRUE,TRUE,both
pit_cha,pol_pol,23,0.6183597328246233,0.3094547056796067,1,NA,NA,NA,TRUE,NA,timing (place untestable)
pit_cha,pri_abi,184,-0.010128895184766005,0.048174763574057075,15,0.6620707105766362,0.007168800473409943,0.786327977571502,FALSE,TRUE,place
pit_cha,sap_car,23,0.16067892468251915,-0.007334175338480201,15,0.12195580218476003,0.6650304490702271,0,FALSE,FALSE,neither
pit_cha,sco_int,184,0.13824810076219993,0.05898071095634255,15,0.5048863414036114,0.05491535570966483,0.5698028822981898,FALSE,TRUE,place
pit_cha,sco_rat,92,0.3255521694996514,0.22757409026283895,16,0.22804478618824667,0.3956244897840536,0.06812123801293012,TRUE,FALSE,timing
pit_cha,sco_sco,138,0.06076952557841103,0.05468891735318776,16,0.1791923039199169,0.506668548583048,0.07320275728980251,FALSE,FALSE,neither
pit_cha,tet_gab,333,0.2113280107582787,0.2904560238204154,24,0.4357227817629296,0.03331140975946382,0.4223827500087171,FALSE,TRUE,place
pit_cha,tet_spp,184,0.14433685344952601,0.20204763353059163,15,0.37643017801414014,0.16668503414540203,0.45964099172053974,FALSE,TRUE,place
pit_cha,tha_pit,23,0.415623705184031,0.018420864446045793,15,0.12195580218476001,0.6650304490702272,0,TRUE,FALSE,timing
pit_cha,tha_pro,230,-0.03795836670418357,-0.11482734149640436,15,0.6047166422548671,0.016934219055744052,0.5945204331682347,FALSE,TRUE,place
pit_cha,tom_spp,444,0.3371010577556004,0.22229110424797038,25,0.8106721519680496,8.953066122580767e-7,0.782980188075305,TRUE,TRUE,both
pit_cha,tor_vir,253,0.11812625782433,0.13961660480627036,16,0.6962521714588621,0.002734555986794113,0.706786895722909,FALSE,TRUE,place
pit_cha,uro_sir_spp,92,0.17764580846896885,0.22621588676424542,15,0.21299018912306306,0.4459686005657646,0.29137329273961454,FALSE,FALSE,neither
pit_cha,xyl_lin,230,0.11529754035762718,0.2011463388331948,15,0.7793129288571083,6.150089844471772e-4,0.8110433069764189,FALSE,TRUE,place
pit_cha,xyl_spp,253,0.22615246625169083,0.11972672833535059,15,0.6976498128609615,0.0038324126337433827,0.8036363636363636,FALSE,TRUE,place
pit_cha,zei_gri,23,-0.08515120707103326,-0.016532447554155456,15,0.23986446965647523,0.3891993348617099,0.31209389196617954,FALSE,FALSE,neither
pit_spp,pol_pol,184,0.130965943995909,0.20631616071064376,8,0.8048776607241792,0.015960289039691253,0.8095238095238095,FALSE,TRUE,place
pit_spp,pri_abi,230,-0.3893076355577473,0.01616788626079148,23,0.3806862473510202,0.07312213027036961,0.5019338217661606,TRUE,TRUE,both
pit_spp,sap_car,0,NA,NA,15,-0.13288309183589717,0.6368491657117246,-0.15877683720748895,NA,FALSE,insufficient data
pit_spp,sco_int,253,0.2044168697000314,0.06787949332834438,23,0.180900318724972,0.40878482652586157,0.3598312522498876,FALSE,FALSE,neither
pit_spp,sco_rat,184,0.4080050912537393,0.2239614230567871,23,-0.05007928088809071,0.8204857792738971,0.19145051791417556,TRUE,FALSE,timing
pit_spp,sco_sco,23,-0.24660806558417117,-0.24536773461307132,15,-0.0548612416180371,0.8460284523444311,-0.09004838609973,FALSE,FALSE,neither
pit_spp,tet_gab,220,0.09343213981213513,0.20708619361787964,32,0.4305195227339557,0.013906981137925248,0.2090642789249084,FALSE,TRUE,place
pit_spp,tet_spp,92,0.1830318375862749,0.2399005282058291,15,0.49668012299987857,0.05964780976893649,0.6715681162974195,FALSE,TRUE,place
pit_spp,tha_pit,23,0.0395373576969938,0.2298147042481303,16,0.45264475509126256,0.07831817209049767,0.22690950333847634,FALSE,TRUE,place
pit_spp,tha_pro,92,0.16531744195920015,-0.22451938340419894,15,0.7685556873486709,8.147329499180781e-4,0.7888244473357787,FALSE,TRUE,place
pit_spp,tom_spp,402,0.3528813147678372,0.041342749897163134,32,0.5743091180420956,5.875549597083085e-4,0.5067295413519229,TRUE,TRUE,both
pit_spp,tor_vir,69,-0.09425909217331976,0.044387389948254426,15,0.15446836828471497,0.5825459742428037,0.08868440532177395,FALSE,FALSE,neither
pit_spp,uro_sir_spp,46,0.18953046743086874,0.20109536955960425,15,-0.06704224864779892,0.8123515512101117,0.2823529411764706,FALSE,FALSE,neither
pit_spp,xyl_lin,92,0.24674766441230933,0.2293272061920854,15,0.10130136734852543,0.7194247934311923,0.26605321596532183,FALSE,FALSE,neither
pit_spp,xyl_spp,92,0.24118365152927246,0.18111605135711178,15,0.13124440930349768,0.6410470975164386,0.30987318434212974,FALSE,FALSE,neither
pit_spp,zei_gri,161,-0.020617565990020396,-0.1325511787457293,23,0.21972329285966774,0.3137562538734673,0.4073513730123874,FALSE,FALSE,neither
pol_pol,pri_abi,161,-0.037121419679986355,-0.02486903788183208,8,0.09422862140194413,0.8243643729095618,0.11904761904761907,FALSE,FALSE,neither
pol_pol,sap_car,0,NA,NA,0,NA,NA,NA,NA,NA,insufficient data
pol_pol,sco_int,184,0.17847978028893166,0.22554861730722123,8,0.6943859992188697,0.05600392404462816,0.7857142857142858,FALSE,TRUE,place
pol_pol,sco_rat,207,0.20927121449987235,0.24816971593800502,9,0.241730841434422,0.5309036039772361,0.43333333333333335,FALSE,FALSE,neither
pol_pol,sco_sco,23,0.1292409422107587,0.28696058061783614,1,NA,NA,NA,FALSE,NA,neither (place untestable)
pol_pol,tet_gab,46,-0.2513555305339332,-0.16629861451368638,8,0.4356721215392234,0.2805974027309406,0.45202277263169854,FALSE,TRUE,place
pol_pol,tet_spp,0,NA,NA,0,NA,NA,NA,NA,NA,insufficient data
pol_pol,tha_pit,0,NA,NA,0,NA,NA,NA,NA,NA,insufficient data
pol_pol,tha_pro,0,NA,NA,0,NA,NA,NA,NA,NA,insufficient data
pol_pol,tom_spp,207,0.12900187849990705,0.15587919772955625,9,0.4952169702425816,0.17525513941279935,0.6,FALSE,TRUE,place
pol_pol,tor_vir,23,0.3738754014462137,0.03366277830859687,1,NA,NA,NA,TRUE,NA,timing (place untestable)
pol_pol,uro_sir_spp,0,NA,NA,0,NA,NA,NA,NA,NA,insufficient data
pol_pol,xyl_lin,0,NA,NA,0,NA,NA,NA,NA,NA,insufficient data
pol_pol,xyl_spp,0,NA,NA,0,NA,NA,NA,NA,NA,insufficient data
pol_pol,zei_gri,161,-0.1448021470525006,-0.2072067234988542,8,0.029170948693809342,0.9453354918417727,0.21428571428571433,FALSE,FALSE,neither
pri_abi,sap_car,23,-0.06689979691855438,0.06278337646997872,15,-0.02378785160841481,0.9329385579603198,0.26082026547865056,FALSE,FALSE,neither
pri_abi,sco_int,299,-0.16232401174226802,0.03228827280711564,23,0.22617145373741487,0.29940239751244346,0.46418796364601184,FALSE,FALSE,neither
pri_abi,sco_rat,230,-0.22199405349296994,0.10689720197191718,23,0.49900343723780094,0.015353534775260393,0.6205668588045488,FALSE,TRUE,place
pri_abi,sco_sco,92,0.2963606629380736,0.1661442851808645,15,-0.01505771975186571,0.9575236882501649,0.2711886781858907,FALSE,FALSE,neither
pri_abi,tet_gab,184,0.22921920994177877,0.16160136964555527,23,-0.29475618784151797,0.17214914788893973,-0.2678049464375362,FALSE,FALSE,neither
pri_abi,tet_spp,115,0.04941210102977778,-0.0524376983434324,15,-0.16954199881805837,0.5457989247590757,0.1547619047619048,FALSE,FALSE,neither
pri_abi,tha_pit,23,-0.2726532185868306,0.042164415188740804,15,-0.023787851608414807,0.9329385579603198,0.26082026547865056,FALSE,FALSE,neither
pri_abi,tha_pro,161,-0.05983429407536036,0.104425063781427,15,0.2867181816787127,0.3001658332777939,0.4523763111244322,FALSE,FALSE,neither
pri_abi,tom_spp,345,-0.054403767694148085,0.14294617025424966,23,0.5528820989855224,0.0062160969535648,0.6723484110758248,FALSE,TRUE,place
pri_abi,tor_vir,161,0.09161002773430094,-0.08322461740732831,15,0.8372622581493995,9.860143720165037e-5,0.7859079981399034,FALSE,TRUE,place
pri_abi,uro_sir_spp,69,0.0416870208408851,0.10680900113096853,15,-0.02635075127230975,0.9257308570727469,0.22224556366677192,FALSE,FALSE,neither
pri_abi,xyl_lin,184,0.15406291978712452,0.03468745239036521,15,0.7543943886366956,0.0011547586557932147,0.8702493442817467,FALSE,TRUE,place
pri_abi,xyl_spp,184,0.1359588825238368,0.1024212688757359,15,0.8020481608036771,3.218182190287701e-4,0.8812951246212003,FALSE,TRUE,place
pri_abi,zei_gri,161,-0.17291216853200186,-0.11038621438788909,23,0.674660693117387,4.1395336576246464e-4,0.5844735028500204,FALSE,TRUE,place
sap_car,sco_int,23,0.19236201758772603,0.10714549762921757,15,0.724271068496539,0.0022612763980959403,0.45643546458763845,FALSE,TRUE,place
sap_car,sco_rat,23,0.2536007562385222,0.19031682811828812,15,0.7835159286802257,5.487306814220595e-4,0.6190409346982773,FALSE,TRUE,place
sap_car,sco_sco,23,-0.2247083218876505,-0.18630100786284895,15,0.786101057394615,5.109396345433006e-4,0.5155800469472481,FALSE,TRUE,place
sap_car,tet_gab,23,0.3376767787549809,0.48447383645796055,15,0.032149262513877,0.9094441431752615,0.2519763153394848,TRUE,FALSE,timing
sap_car,tet_spp,23,-0.07479526688260059,0.01995469415841886,15,-0.10290513191544767,0.7151523531553807,0.13041013273932528,FALSE,FALSE,neither
sap_car,tha_pit,23,0.30712838660682645,0.0942159505259376,15,1,0,0.9999999999999999,TRUE,TRUE,both
sap_car,tha_pro,23,-0.24827081762145595,-0.3405578060117083,15,0.26628776695493084,0.3373916762138476,0.1889822365046136,FALSE,FALSE,neither
sap_car,tom_spp,23,0.07976752604516332,-0.014095169187097068,15,0.3189416919668111,0.24659040273847538,0.3745126703594155,FALSE,TRUE,place
sap_car,tor_vir,23,-0.21548151620876924,0.09402853754306248,15,0.20919962249022353,0.4542936468379467,0.2519763153394848,FALSE,FALSE,neither
sap_car,uro_sir_spp,0,NA,NA,15,-0.09124980580266456,0.7463736108102214,-0.15877683720748895,NA,FALSE,insufficient data
sap_car,xyl_lin,23,-0.2883484644918905,-0.06434004866553586,15,0.32897804208020665,0.231198040109662,0.1889822365046136,FALSE,TRUE,place
sap_car,xyl_spp,23,-0.15711827670663825,0.007207517505185586,15,0.419610488256783,0.1194587597004022,0.3745126703594155,FALSE,TRUE,place
sap_car,zei_gri,0,NA,NA,15,-0.07142857142857142,0.8002959873970544,-0.07142857142857142,NA,FALSE,insufficient data
sco_int,sco_rat,253,0.43571267708369443,0.29470392993634725,23,0.7542904245041401,3.215568032726056e-5,0.5991041490698659,TRUE,TRUE,both
sco_int,sco_sco,115,0.05727300257621063,-0.0371111815012672,15,0.6303623263731295,0.011764442919454537,0.5670308725704988,FALSE,TRUE,place
sco_int,tet_gab,207,0.14150656647921508,0.05849464271968336,23,0.3693783604281145,0.08280431980940091,0.29083705934061715,FALSE,TRUE,place
sco_int,tet_spp,138,-0.1633641873350131,-0.05912792909449855,15,0.2885502043529212,0.2969505116503067,0.48809523809523825,FALSE,FALSE,neither
sco_int,tha_pit,23,0.08789146246312574,-0.24349933242222027,15,0.7242710684965389,0.0022612763980959473,0.45643546458763845,FALSE,TRUE,place
sco_int,tha_pro,161,0.127151222308722,-0.04206734910943697,15,0.43172314224281977,0.10807348524178612,0.33736538456737314,FALSE,TRUE,place
sco_int,tom_spp,368,0.1513395669561561,0.22654237900380056,23,0.6261004528142284,0.0013939683048085445,0.64896344362233,FALSE,TRUE,place
sco_int,tor_vir,161,0.03106633550703826,0.04269734423850668,15,0.38486074374653145,0.15662610563199567,0.46004370622823615,FALSE,TRUE,place
sco_int,uro_sir_spp,92,0.12056864515565222,0.16539258435158274,15,0.1216925473716783,0.6657147212830483,0.41550257555092146,FALSE,FALSE,neither
sco_int,xyl_lin,184,-0.007317605651569363,-0.26558156973400665,15,0.5597927829052367,0.030004026754845592,0.5597198425776874,FALSE,TRUE,place
sco_int,xyl_spp,184,0.13494794262307708,-0.08391728204108018,15,0.632718819379672,0.01135961083524782,0.7065555740497553,FALSE,TRUE,place
sco_int,zei_gri,184,-0.005026221841110531,-0.009356425042167466,23,0.21819664450045917,0.3172149816504439,0.42182269000473943,FALSE,FALSE,neither
sco_rat,sco_sco,92,0.046619093233399515,0.05951228356688619,16,0.7249257115644288,0.0014871534641914459,0.7192722160781962,FALSE,TRUE,place
sco_rat,tet_gab,115,0.05771493817705466,0.12647682840899782,23,-0.10330895676433015,0.6390115456925769,-0.14401145152836217,FALSE,FALSE,neither
sco_rat,tet_spp,46,-0.31027070725386074,-0.22642547059493823,15,-0.19619632968579126,0.483426755905203,-0.048437526279047,TRUE,FALSE,timing
sco_rat,tha_pit,23,0.3376629381122109,0.24122231742867273,15,0.7835159286802256,5.487306814220623e-4,0.6190409346982773,TRUE,TRUE,both
sco_rat,tha_pro,46,0.2139351897881134,0.058008029229934505,15,0.0749556867313283,0.7906320313701718,0.005199455125652751,FALSE,FALSE,neither
sco_rat,tom_spp,276,0.3645841960605989,0.18331601204054904,24,0.4362565903702125,0.03307153332735437,0.44981056536655145,TRUE,TRUE,both
sco_rat,tor_vir,92,0.2995362181624372,0.2665987099972175,16,0.4581119309737831,0.07434207897558381,0.5177067746983112,FALSE,TRUE,place
sco_rat,uro_sir_spp,23,0.3039489097315388,0.10568344155855794,15,-0.07623892179217379,0.7871230262634947,0.04914468085668008,TRUE,FALSE,timing
sco_rat,xyl_lin,69,0.1887369291439691,0.18507943139250171,15,0.49953870907740483,0.057966828655256604,0.40035804467526187,FALSE,TRUE,place
sco_rat,xyl_spp,69,0.24421893598324806,0.1838588614891199,15,0.6549412921096056,0.00805142928477622,0.6002045658793801,FALSE,TRUE,place
sco_rat,zei_gri,184,-0.016113062756124046,-0.06309573479114479,23,0.4890807671800774,0.0178668361073439,0.7685905594781092,FALSE,TRUE,place
sco_sco,tet_gab,115,0.3095899257253502,0.2498794256501967,15,0.04091980257363289,0.8848750630670951,0.316123970531327,TRUE,FALSE,timing
sco_sco,tet_spp,92,-0.00807703286241614,0.02454942251862049,15,-0.0436257083035301,0.8773135783694884,0.2420527044964975,FALSE,FALSE,neither
sco_sco,tha_pit,23,-0.10807205026320002,0.024222589252908093,15,0.7861010573946149,5.109396345433006e-4,0.5155800469472481,FALSE,TRUE,place
sco_sco,tha_pro,92,0.41222709841054606,0.3331907123150468,15,0.20854170494631996,0.4557463932638669,0.210027569462594,TRUE,FALSE,timing
sco_sco,tom_spp,138,0.21053378695560196,0.21151846544437375,16,0.2388309608133725,0.37302496380631356,0.2230130512782355,FALSE,FALSE,neither
sco_sco,tor_vir,138,0.11652897175300349,0.08016001920588516,16,0.26344649172058426,0.3241980002875825,0.4339552420510206,FALSE,FALSE,neither
sco_sco,uro_sir_spp,69,-0.07954659008666243,-0.03491869150364051,15,-0.11306280415478767,0.6882786527465918,0.34109237158988637,FALSE,FALSE,neither
sco_sco,xyl_lin,115,0.20069455823759416,0.1516394675994433,15,0.31315955641948945,0.2557375864294109,0.3399415299549201,FALSE,TRUE,place
sco_sco,xyl_spp,115,0.14706445812982097,0.09310970209866135,15,0.40018735073674433,0.1393925727481708,0.41407348013428463,FALSE,TRUE,place
sco_sco,zei_gri,23,0.14029028071059302,0.11328405868386164,15,0.12677956021983153,0.6525360513706553,0.22096287726310634,FALSE,FALSE,neither
tet_gab,tet_spp,161,0.3150905519496324,0.2762713500788441,15,0.9362057060742878,2.8676054476692583e-7,0.7935753932437074,TRUE,TRUE,both
tet_gab,tha_pit,23,-0.2561056600274978,-0.025898638793350543,15,0.032149262513876994,0.9094441431752615,0.2519763153394848,FALSE,FALSE,neither
tet_gab,tha_pro,184,0.1037199841903357,-0.02974535389589809,15,0.7006307977378237,0.0036224137066725205,0.5777777777777777,FALSE,TRUE,place
tet_gab,tom_spp,358,0.11816863378427862,0.16399270415013786,32,0.44048834414482724,0.011631065145822371,0.40794286214603687,FALSE,TRUE,place
tet_gab,tor_vir,184,0.17243209484278207,0.06023365297202763,15,-0.2566818110648419,0.35575410147691033,0.007407407407407406,FALSE,FALSE,neither
tet_gab,uro_sir_spp,92,0.2801228012842594,0.22721109277019816,15,0.496555560739923,0.05972185594556573,0.4574248274491498,FALSE,TRUE,place
tet_gab,xyl_lin,184,0.16409591346371794,0.10435635764793405,15,0.061927763833727355,0.8264578025219458,0.14074074074074072,FALSE,FALSE,neither
tet_gab,xyl_spp,207,0.2255819374076223,0.20942323602910817,15,-0.03723354955309943,0.8951908031646327,0.3761626197515065,FALSE,FALSE,neither
tet_gab,zei_gri,69,-0.17663183388472267,-0.12582511018083212,23,-0.29016146480142707,0.17924894001625755,-0.33597258257517143,FALSE,FALSE,neither
tet_spp,tha_pit,23,-0.19185599655687058,0.057714820393773396,15,-0.10290513191544765,0.715152353155381,0.13041013273932528,FALSE,FALSE,neither
tet_spp,tha_pro,161,0.12307832134195376,0.11216551344272659,15,0.6982387235423463,0.003790177257614502,0.6900655593423543,FALSE,TRUE,place
tet_spp,tom_spp,184,0.17514842267223155,0.070825778923399,15,0.3714399079317103,0.1728356074320458,0.5318160234783105,FALSE,TRUE,place
tet_spp,tor_vir,161,0.01577170983108481,0.023196346851834176,15,-0.32009067064463814,0.24479707794938566,0.03450327796711771,FALSE,TRUE,place
tet_spp,uro_sir_spp,92,0.2422829636267983,0.24191929661945102,15,0.6556816660007609,0.007955994585611489,0.6329167139205897,FALSE,TRUE,place
tet_spp,xyl_lin,161,0.08659942607938206,0.2041568867673535,15,0.07070982629204417,0.8022686273957782,0.2836936188407456,FALSE,FALSE,neither
tet_spp,xyl_spp,184,0.016823916076906423,0.06635718480795155,15,-0.13216970211793477,0.6386754575043152,0.38366727408078116,FALSE,FALSE,neither
tet_spp,zei_gri,23,-0.09766853508096923,-0.1722080562522602,15,-0.15585350904581474,0.5791273422963024,0,FALSE,FALSE,neither
tha_pit,tha_pro,23,0.1005071363815457,-0.10344550635834397,15,0.26628776695493084,0.3373916762138476,0.1889822365046136,FALSE,FALSE,neither
tha_pit,tom_spp,23,0.42526525436470464,0.3353920897090868,15,0.31894169196681105,0.2465904027384754,0.3745126703594155,TRUE,TRUE,both
tha_pit,tor_vir,41,-0.2553699518564751,-0.09408117382343002,16,0.06897864146670646,0.799623367278656,0.28544961285922504,FALSE,FALSE,neither
tha_pit,uro_sir_spp,0,NA,NA,15,-0.09124980580266455,0.7463736108102215,-0.15877683720748895,NA,FALSE,insufficient data
tha_pit,xyl_lin,23,-0.879837319677754,-0.6926576561733947,15,0.32897804208020665,0.231198040109662,0.1889822365046136,TRUE,TRUE,both
tha_pit,xyl_spp,23,-0.6727864719718979,-0.514250843523819,15,0.419610488256783,0.1194587597004022,0.3745126703594155,TRUE,TRUE,both
tha_pit,zei_gri,0,NA,NA,15,-0.07142857142857142,0.8002959873970544,-0.07142857142857142,NA,FALSE,insufficient data
tha_pro,tom_spp,230,-0.05800026761847843,0.05730483073522745,15,0.7468320530183995,0.0013785538224245564,0.7009469304637828,FALSE,TRUE,place
tha_pro,tor_vir,207,0.1301890427870311,0.21400483671925985,15,0.13575032873853454,0.6295286143756442,0.3555555555555555,FALSE,FALSE,neither
tha_pro,uro_sir_spp,69,-0.06642399526161498,0.08633503754321448,15,0.3482699266959469,0.2033339190019575,0.16803361008336118,FALSE,TRUE,place
tha_pro,xyl_lin,207,0.16507154086640408,0.05448378103079405,15,0.3826680265296163,0.1592024299666594,0.42222222222222217,FALSE,TRUE,place
tha_pro,xyl_spp,230,0.14150837742776468,-0.003621588698752765,15,0.30190886915822734,0.274121081729495,0.5504818825631802,FALSE,TRUE,place
tha_pro,zei_gri,0,NA,NA,15,-0.2307765268906508,0.40794714263443665,-0.31497039417435596,NA,FALSE,insufficient data
tom_spp,tor_vir,533,0.1790927162487887,0.08657563611751624,33,0.18582768252004925,0.30048649327960436,0.17827192348916265,FALSE,FALSE,neither
tom_spp,uro_sir_spp,92,0.1066226108023297,0.05568638278336343,15,0.32495919508425447,0.23728776493003445,0.2821233469383569,FALSE,TRUE,place
tom_spp,xyl_lin,230,0.10250653376240551,0.1271110812172442,15,0.85646618718706935,4.576855841076078e-5,0.8404023407131218,FALSE,TRUE,place
tom_spp,xyl_spp,253,0.17196302226035315,0.1896876680844536,15,0.8262156857379342,1.4690350049552533e-4,0.9272727272727271,FALSE,TRUE,place
tom_spp,zei_gri,184,-0.06250113782993941,-0.19348000259560463,23,0.33874502666802364,0.11384884549738992,0.35757578412294133,FALSE,TRUE,place
tor_vir,uro_sir_spp,69,-0.09114268012731687,-0.15135031356644535,15,-0.2108830444253661,0.4505869600413115,-0.00933520056018673,FALSE,FALSE,neither
tor_vir,xyl_lin,207,0.27784579538565135,0.255540376939434,15,0.8155106428087755,2.1079268530222053e-4,0.8074074074074072,FALSE,TRUE,place
tor_vir,xyl_spp,230,0.1305666336620319,0.13494899953074915,15,0.9085188764638391,2.7894872048311306e-6,0.7853541524568038,FALSE,TRUE,place
tor_vir,zei_gri,23,-0.0991223611896074,-0.03808227840360684,15,0.41194877225502613,0.12707173720682602,0.31497039417435596,FALSE,TRUE,place
uro_sir_spp,xyl_lin,92,0.19568165715823388,0.17620084185597792,15,0.35744486045455853,0.190872644381834,0.41074882464821616,FALSE,TRUE,place
uro_sir_spp,xyl_spp,92,0.005503700160225675,0.0871744304778279,15,0.024278875485776792,0.9315572497542068,0.26824842823647055,FALSE,FALSE,neither
uro_sir_spp,zei_gri,23,-0.09766853508096923,-0.044288580610293456,15,0.0106815739270178,0.9698621330826978,0.3969420930187223,FALSE,FALSE,neither
xyl_lin,xyl_spp,230,0.5789800273779526,0.48276967787700875,15,0.9142104577958191,1.8633673184131757e-6,0.8697613744498247,TRUE,TRUE,both
xyl_lin,zei_gri,23,0.02333864118750081,0.10526643742619553,15,0.3693993763472488,0.1753929442542933,0.3779644730092272,FALSE,TRUE,place
xyl_spp,zei_gri,23,-0.15610350462591693,-0.09683893312015097,15,0.4908580047883107,0.06318080353288193,0.4369314487526514,FALSE,TRUE,place
