species_a,species_b,n_pooled,r_pooled,fdr_pooled,countries_pooled,n_countries,countries_n10,r_mean,r_sd,r_min,r_max,sign_consistency,loco_max_abs_change,loco_most_influential,loco_sign_flip,version,transferability,strength
CambXyl_con&BB_con&BO,CambXyl_con&BB_con&SM,46,0.40042944557789645,0.02292935106985816,DE,1,DE,0.40042944557789645,NA,0.40042944557789645,0.40042944557789645,1,NA,NA,FALSE,z_within,insufficient data,moderate
CambXyl_con&BB_con&BO,CambXyl_con&BO,46,-0.015700260870400468,0.9507962864564197,DE,1,DE,-0.015700260870400468,NA,-0.015700260870400468,-0.015700260870400468,1,NA,NA,FALSE,z_within,insufficient data,negligible
CambXyl_con&BB_con&BO,CambXyl_con&MD,23,-0.07276338550706798,0.8247458925456914,DE,1,DE,-0.07276338550706798,NA,-0.07276338550706798,-0.07276338550706798,1,NA,NA,FALSE,z_within,insufficient data,negligible
CambXyl_con&BB_con&BO,Def_dec,0,NA,NA,,0,NA,NA,NA,NA,NA,NA,NA,NA,NA,z_within,insufficient data,NA
CambXyl_con&BB_con&BO,Def_dec&DB,195,0.15476225866383506,0.08978869557302714,"AT,DE",2,"AT,DE",0.22700726630104706,0.3519184397825649,-0.021836648893794247,0.47585118149588834,0.5,0.32108892283205326,AT,TRUE,z_within,inconsistent,weak
CambXyl_con&BB_con&BO,agr_big,69,-0.059048366597316694,0.7597581792653797,DE,1,DE,-0.059048366597316694,NA,-0.059048366597316694,-0.059048366597316694,1,NA,NA,FALSE,z_within,insufficient data,negligible
CambXyl_con&BB_con&BO,agr_vir,69,0.003370578998842854,0.9859592162436267,DE,1,DE,0.003370578998842854,NA,0.003370578998842854,0.003370578998842854,1,NA,NA,FALSE,z_within,insufficient data,negligible
CambXyl_con&BB_con&BO,bup_pin,23,0.6177253516644907,0.008056004005205118,DE,1,DE,0.6177253516644907,NA,0.6177253516644907,0.6177253516644907,1,NA,NA,FALSE,z_within,insufficient data,strong
CambXyl_con&BB_con&BO,cep_spp,0,NA,NA,,0,NA,NA,NA,NA,NA,NA,NA,NA,NA,z_within,insufficient data,NA
CambXyl_con&BB_con&BO,clo_ana,0,NA,NA,,0,NA,NA,NA,NA,NA,NA,NA,NA,NA,z_within,insufficient data,NA
CambXyl_con&BB_con&BO,den_mic,0,NA,NA,,0,NA,NA,NA,NA,NA,NA,NA,NA,NA,z_within,insufficient data,NA
CambXyl_con&BB_con&BO,den_pin,0,NA,NA,,0,NA,NA,NA,NA,NA,NA,NA,NA,NA,z_within,insufficient data,NA
CambXyl_con&BB_con&BO,dip_sp,174,0.011583588251076467,0.9237627669959658,"AT,DE",2,"AT,DE",-0.02306855494646856,0.2392622978027533,-0.1922525482050706,0.14611543831213347,0.5,0.20383613645614707,AT,TRUE,z_within,inconsistent,negligible
CambXyl_con&BB_con&BO,era_def,69,-0.21755077437398868,0.1660106031437257,DE,1,DE,-0.21755077437398868,NA,-0.21755077437398868,-0.21755077437398868,1,NA,NA,FALSE,z_within,insufficient data,weak
CambXyl_con&BB_con&BO,geo_db,69,0.0581314550260122,0.7625146451038859,"DE,HR",2,"DE,HR",-0.020232915885724817,0.3324718684506424,-0.25532602862093584,0.2148601968494862,0.5,0.31345748364694803,DE,TRUE,z_within,inconsistent,negligible
CambXyl_con&BB_con&BO,ips_acu,69,-0.20007759886663357,0.21035376696054867,DE,1,DE,-0.20007759886663357,NA,-0.20007759886663357,-0.20007759886663357,1,NA,NA,FALSE,z_within,insufficient data,weak
CambXyl_con&BB_con&BO,ips_ami,0,NA,NA,,0,NA,NA,NA,NA,NA,NA,NA,NA,NA,z_within,insufficient data,NA
CambXyl_con&BB_con&BO,ips_cem,69,0.02424894799108295,0.8932417895605955,DE,1,DE,0.02424894799108295,NA,0.02424894799108295,0.02424894799108295,1,NA,NA,FALSE,z_within,insufficient data,negligible
CambXyl_con&BB_con&BO,ips_dup,0,NA,NA,,0,NA,NA,NA,NA,NA,NA,NA,NA,NA,z_within,insufficient data,NA
CambXyl_con&BB_con&BO,ips_sex,46,-0.2755842068346394,0.15054138913452397,DE,1,DE,-0.2755842068346394,NA,-0.2755842068346394,-0.2755842068346394,1,NA,NA,FALSE,z_within,insufficient data,weak
CambXyl_con&BB_con&BO,ips_typ,260,0.2566538490750496,2.1903388705632354e-4,"AT,DE,HR",3,"AT,DE,HR",0.4081255529066551,0.4548077693802626,0.05452673908901857,0.9211927344218434,1,0.07329884208284648,DE,FALSE,z_within,inconsistent,weak
CambXyl_con&BB_con&BO,lym_dis,218,0.22208914189214224,0.00500732098899681,"AT,DE,HR",3,"AT,DE,HR",0.24284417775652048,0.044244514444394645,0.19997425019163567,0.2883457998312226,1,0.03015667050069082,AT,FALSE,z_within,consistent,weak
CambXyl_con&BB_con&BO,lym_mon,23,0.7936260747343145,5.75662005351343e-5,DE,1,DE,0.7936260747343145,NA,0.7936260747343145,0.7936260747343145,1,NA,NA,FALSE,z_within,insufficient data,strong
CambXyl_con&BB_con&BO,mel_spp,69,0.3266384348023231,0.023866873453827615,DE,1,DE,0.3266384348023231,NA,0.3266384348023231,0.3266384348023231,1,NA,NA,FALSE,z_within,insufficient data,moderate
CambXyl_con&BB_con&BO,neo_ser,0,NA,NA,,0,NA,NA,NA,NA,NA,NA,NA,NA,NA,z_within,insufficient data,NA
CambXyl_con&BB_con&BO,ope_spp,46,-0.18464281038198482,0.3820242697411185,DE,1,DE,-0.18464281038198482,NA,-0.18464281038198482,-0.18464281038198482,1,NA,NA,FALSE,z_within,insufficient data,weak
CambXyl_con&BB_con&BO,pan_fla,23,0.8048371230685313,3.5794001852113396e-5,DE,1,DE,0.8048371230685313,NA,0.8048371230685313,0.8048371230685313,1,NA,NA,FALSE,z_within,insufficient data,strong
CambXyl_con&BB_con&BO,pha_cya,216,0.2739529177734577,3.3427158501805833e-4,"AT,DE",2,"AT,DE",0.28976266106289505,0.06224082156455697,0.24575175406797495,0.3337735680578152,1,0.05982065028435751,AT,FALSE,z_within,consistent,weak
CambXyl_con&BB_con&BO,pis_pin,46,0.4323093313081473,0.012147177077893968,DE,1,DE,0.4323093313081473,NA,0.4323093313081473,0.4323093313081473,1,NA,NA,FALSE,z_within,insufficient data,moderate
CambXyl_con&BB_con&BO,pit_bid,23,-0.22156513687916324,0.48377211884287746,DE,1,DE,-0.22156513687916324,NA,-0.22156513687916324,-0.22156513687916324,1,NA,NA,FALSE,z_within,insufficient data,weak
CambXyl_con&BB_con&BO,pit_cha,237,0.22251242611474137,0.003140195988719499,"AT,DE",2,"AT,DE",0.184131360896658,0.13050062969320408,0.09185348069147886,0.2764092411018371,1,0.1306589454232625,AT,FALSE,z_within,consistent,weak
CambXyl_con&BB_con&BO,pit_spp,195,0.24899967534917553,0.002618668103748991,"AT,DE,HR",3,"AT,DE,HR",0.22561597796614055,0.3516369528951681,-0.17330735765542235,0.49060379219057193,0.6666666666666666,0.20100331638926647,AT,FALSE,z_within,inconsistent,weak
CambXyl_con&BB_con&BO,pol_pol,0,NA,NA,,0,NA,NA,NA,NA,NA,NA,NA,NA,NA,z_within,insufficient data,NA
CambXyl_con&BB_con&BO,pri_abi,23,0.11332176360300306,0.7434719910253244,DE,1,DE,0.11332176360300306,NA,0.11332176360300306,0.11332176360300306,1,NA,NA,FALSE,z_within,insufficient data,weak
CambXyl_con&BB_con&BO,sap_car,0,NA,NA,,0,NA,NA,NA,NA,NA,NA,NA,NA,NA,z_within,insufficient data,NA
CambXyl_con&BB_con&BO,sco_int,46,0.3654961652028063,0.043544696269150286,DE,1,DE,0.3654961652028063,NA,0.3654961652028063,0.3654961652028063,1,NA,NA,FALSE,z_within,insufficient data,moderate
CambXyl_con&BB_con&BO,sco_rat,0,NA,NA,,0,NA,NA,NA,NA,NA,NA,NA,NA,NA,z_within,insufficient data,NA
CambXyl_con&BB_con&BO,sco_sco,23,0.2817473930476846,0.35240917352086376,DE,1,DE,0.2817473930476846,NA,0.2817473930476846,0.2817473930476846,1,NA,NA,FALSE,z_within,insufficient data,weak
CambXyl_con&BB_con&BO,tet_gab,174,0.07339287631937812,0.5103784235364156,"AT,DE",2,"AT,DE",0.08230264796669691,0.0615192089298057,0.03880199815919929,0.12580329777419452,1,0.052410421454816405,AT,FALSE,z_within,consistent,negligible
CambXyl_con&BB_con&BO,tet_spp,69,0.1939588055413299,0.22739116501298332,DE,1,DE,0.1939588055413299,NA,0.1939588055413299,0.1939588055413299,1,NA,NA,FALSE,z_within,insufficient data,weak
CambXyl_con&BB_con&BO,tha_pit,23,-0.6217247719356802,0.007522816128615213,HR,1,HR,-0.6217247719356802,NA,-0.6217247719356802,-0.6217247719356802,1,NA,NA,FALSE,z_within,insufficient data,strong
CambXyl_con&BB_con&BO,tha_pro,69,0.10777719946167566,0.5559672548148195,DE,1,DE,0.10777719946167566,NA,0.10777719946167566,0.10777719946167566,1,NA,NA,FALSE,z_within,insufficient data,weak
CambXyl_con&BB_con&BO,tom_spp,237,0.5390441793261151,2.0691753262010162e-17,"AT,DE",2,"AT,DE",0.5092078945856731,0.10144726114842,0.43747384829482266,0.5809419408765234,1,0.10157033103129248,AT,FALSE,z_within,consistent,strong
CambXyl_con&BB_con&BO,tor_vir,69,-0.07555506164483235,0.6887415431252711,DE,1,DE,-0.07555506164483235,NA,-0.07555506164483235,-0.07555506164483235,1,NA,NA,FALSE,z_within,insufficient data,negligible
CambXyl_con&BB_con&BO,uro_sir_spp,23,0.20163660776972783,0.5316542770309214,DE,1,DE,0.20163660776972783,NA,0.20163660776972783,0.20163660776972783,1,NA,NA,FALSE,z_within,insufficient data,weak
CambXyl_con&BB_con&BO,xyl_lin,46,-0.38622899102215574,0.029597227934624142,DE,1,DE,-0.38622899102215574,NA,-0.38622899102215574,-0.38622899102215574,1,NA,NA,FALSE,z_within,insufficient data,moderate
CambXyl_con&BB_con&BO,xyl_spp,69,0.018922301649942113,0.9225607666584027,DE,1,DE,0.018922301649942113,NA,0.018922301649942113,0.018922301649942113,1,NA,NA,FALSE,z_within,insufficient data,negligible
CambXyl_con&BB_con&BO,zei_gri,0,NA,NA,,0,NA,NA,NA,NA,NA,NA,NA,NA,NA,z_within,insufficient data,NA
CambXyl_con&BB_con&SM,CambXyl_con&BO,46,0.21620744598922761,0.2875934192340889,DE,1,DE,0.21620744598922761,NA,0.21620744598922761,0.21620744598922761,1,NA,NA,FALSE,z_within,insufficient data,weak
CambXyl_con&BB_con&SM,CambXyl_con&MD,23,0.5425991896891499,0.027981579536172915,DE,1,DE,0.5425991896891499,NA,0.5425991896891499,0.5425991896891499,1,NA,NA,FALSE,z_within,insufficient data,strong
CambXyl_con&BB_con&SM,Def_dec,0,NA,NA,,0,NA,NA,NA,NA,NA,NA,NA,NA,NA,z_within,insufficient data,NA
CambXyl_con&BB_con&SM,Def_dec&DB,46,0.44845796712858993,0.008366486828716308,DE,1,DE,0.44845796712858993,NA,0.44845796712858993,0.44845796712858993,1,NA,NA,FALSE,z_within,insufficient data,moderate
CambXyl_con&BB_con&SM,agr_big,46,-0.31814835511866024,0.09025545688571149,DE,1,DE,-0.31814835511866024,NA,-0.31814835511866024,-0.31814835511866024,1,NA,NA,FALSE,z_within,insufficient data,moderate
CambXyl_con&BB_con&SM,agr_vir,46,0.24630907020242818,0.2100233398200551,DE,1,DE,0.24630907020242818,NA,0.24630907020242818,0.24630907020242818,1,NA,NA,FALSE,z_within,insufficient data,weak
CambXyl_con&BB_con&SM,bup_pin,0,NA,NA,,0,NA,NA,NA,NA,NA,NA,NA,NA,NA,z_within,insufficient data,NA
CambXyl_con&BB_con&SM,cep_spp,0,NA,NA,,0,NA,NA,NA,NA,NA,NA,NA,NA,NA,z_within,insufficient data,NA
CambXyl_con&BB_con&SM,clo_ana,0,NA,NA,,0,NA,NA,NA,NA,NA,NA,NA,NA,NA,z_within,insufficient data,NA
CambXyl_con&BB_con&SM,den_mic,0,NA,NA,,0,NA,NA,NA,NA,NA,NA,NA,NA,NA,z_within,insufficient data,NA
CambXyl_con&BB_con&SM,den_pin,0,NA,NA,,0,NA,NA,NA,NA,NA,NA,NA,NA,NA,z_within,insufficient data,NA
CambXyl_con&BB_con&SM,dip_sp,46,-0.26143808090395076,0.1781001608035021,DE,1,DE,-0.26143808090395076,NA,-0.26143808090395076,-0.26143808090395076,1,NA,NA,FALSE,z_within,insufficient data,weak
CambXyl_con&BB_con&SM,era_def,46,-0.24549439001010348,0.2111350068546073,DE,1,DE,-0.24549439001010348,NA,-0.24549439001010348,-0.24549439001010348,1,NA,NA,FALSE,z_within,insufficient data,weak
CambXyl_con&BB_con&SM,geo_db,46,0.04182563996401112,0.8515303621782064,DE,1,DE,0.04182563996401112,NA,0.04182563996401112,0.04182563996401112,1,NA,NA,FALSE,z_within,insufficient data,negligible
CambXyl_con&BB_con&SM,ips_acu,46,-0.051170256560591244,0.8217190620387868,DE,1,DE,-0.051170256560591244,NA,-0.051170256560591244,-0.051170256560591244,1,NA,NA,FALSE,z_within,insufficient data,negligible
CambXyl_con&BB_con&SM,ips_ami,0,NA,NA,,0,NA,NA,NA,NA,NA,NA,NA,NA,NA,z_within,insufficient data,NA
CambXyl_con&BB_con&SM,ips_cem,46,-0.5963053050449754,1.0211171683065378e-4,DE,1,DE,-0.5963053050449754,NA,-0.5963053050449754,-0.5963053050449754,1,NA,NA,FALSE,z_within,insufficient data,strong
CambXyl_con&BB_con&SM,ips_dup,0,NA,NA,,0,NA,NA,NA,NA,NA,NA,NA,NA,NA,z_within,insufficient data,NA
CambXyl_con&BB_con&SM,ips_sex,46,-0.24389783284653566,0.215074757836315,DE,1,DE,-0.24389783284653566,NA,-0.24389783284653566,-0.24389783284653566,1,NA,NA,FALSE,z_within,insufficient data,weak
CambXyl_con&BB_con&SM,ips_typ,46,-0.6208701363135091,3.995187378636824e-5,DE,1,DE,-0.6208701363135091,NA,-0.6208701363135091,-0.6208701363135091,1,NA,NA,FALSE,z_within,insufficient data,strong
CambXyl_con&BB_con&SM,lym_dis,46,0.08992415101059414,0.701779295436749,DE,1,DE,0.08992415101059414,NA,0.08992415101059414,0.08992415101059414,1,NA,NA,FALSE,z_within,insufficient data,negligible
CambXyl_con&BB_con&SM,lym_mon,0,NA,NA,,0,NA,NA,NA,NA,NA,NA,NA,NA,NA,z_within,insufficient data,NA
CambXyl_con&BB_con&SM,mel_spp,46,0.22253800186976816,0.2689153923988145,DE,1,DE,0.22253800186976816,NA,0.22253800186976816,0.22253800186976816,1,NA,NA,FALSE,z_within,insufficient data,weak
CambXyl_con&BB_con&SM,neo_ser,0,NA,NA,,0,NA,NA,NA,NA,NA,NA,NA,NA,NA,z_within,insufficient data,NA
CambXyl_con&BB_con&SM,ope_spp,46,-0.15383990674347625,0.4810063182090129,DE,1,DE,-0.15383990674347625,NA,-0.15383990674347625,-0.15383990674347625,1,NA,NA,FALSE,z_within,insufficient data,weak
CambXyl_con&BB_con&SM,pan_fla,0,NA,NA,,0,NA,NA,NA,NA,NA,NA,NA,NA,NA,z_within,insufficient data,NA
CambXyl_con&BB_con&SM,pha_cya,46,-0.15684754186581196,0.4713397404695621,DE,1,DE,-0.15684754186581196,NA,-0.15684754186581196,-0.15684754186581196,1,NA,NA,FALSE,z_within,insufficient data,weak
CambXyl_con&BB_con&SM,pis_pin,23,-0.2679619886936452,0.37913028130601945,DE,1,DE,-0.2679619886936452,NA,-0.2679619886936452,-0.2679619886936452,1,NA,NA,FALSE,z_within,insufficient data,weak
CambXyl_con&BB_con&SM,pit_bid,23,-0.18611254646236183,0.5694290412438368,DE,1,DE,-0.18611254646236183,NA,-0.18611254646236183,-0.18611254646236183,1,NA,NA,FALSE,z_within,insufficient data,weak
CambXyl_con&BB_con&SM,pit_cha,46,-0.6155328156771573,4.9725047271940495e-5,DE,1,DE,-0.6155328156771573,NA,-0.6155328156771573,-0.6155328156771573,1,NA,NA,FALSE,z_within,insufficient data,strong
CambXyl_con&BB_con&SM,pit_spp,46,-0.19485959984782372,0.3541031420947569,DE,1,DE,-0.19485959984782372,NA,-0.19485959984782372,-0.19485959984782372,1,NA,NA,FALSE,z_within,insufficient data,weak
CambXyl_con&BB_con&SM,pol_pol,0,NA,NA,,0,NA,NA,NA,NA,NA,NA,NA,NA,NA,z_within,insufficient data,NA
CambXyl_con&BB_con&SM,pri_abi,23,-0.3345684224604586,0.239237590728106,DE,1,DE,-0.3345684224604586,NA,-0.3345684224604586,-0.3345684224604586,1,NA,NA,FALSE,z_within,insufficient data,moderate
CambXyl_con&BB_con&SM,sap_car,0,NA,NA,,0,NA,NA,NA,NA,NA,NA,NA,NA,NA,z_within,insufficient data,NA
CambXyl_con&BB_con&SM,sco_int,46,0.6154330250403487,4.9725047271940495e-5,DE,1,DE,0.6154330250403487,NA,0.6154330250403487,0.6154330250403487,1,NA,NA,FALSE,z_within,insufficient data,strong
CambXyl_con&BB_con&SM,sco_rat,0,NA,NA,,0,NA,NA,NA,NA,NA,NA,NA,NA,NA,z_within,insufficient data,NA
CambXyl_con&BB_con&SM,sco_sco,23,-0.2676943929006886,0.37913028130601945,DE,1,DE,-0.2676943929006886,NA,-0.2676943929006886,-0.2676943929006886,1,NA,NA,FALSE,z_within,insufficient data,weak
CambXyl_con&BB_con&SM,tet_gab,46,-0.41562211067990973,0.017110336080970436,DE,1,DE,-0.41562211067990973,NA,-0.41562211067990973,-0.41562211067990973,1,NA,NA,FALSE,z_within,insufficient data,moderate
CambXyl_con&BB_con&SM,tet_spp,46,-0.13533920230271942,0.5462795987658486,DE,1,DE,-0.13533920230271942,NA,-0.13533920230271942,-0.13533920230271942,1,NA,NA,FALSE,z_within,insufficient data,weak
CambXyl_con&BB_con&SM,tha_pit,0,NA,NA,,0,NA,NA,NA,NA,NA,NA,NA,NA,NA,z_within,insufficient data,NA
CambXyl_con&BB_con&SM,tha_pro,46,0.3129135890893612,0.09696433530769127,DE,1,DE,0.3129135890893612,NA,0.3129135890893612,0.3129135890893612,1,NA,NA,FALSE,z_within,insufficient data,moderate
CambXyl_con&BB_con&SM,tom_spp,46,0.12721567842373077,0.5720853662956015,DE,1,DE,0.12721567842373077,NA,0.12721567842373077,0.12721567842373077,1,NA,NA,FALSE,z_within,insufficient data,weak
CambXyl_con&BB_con&SM,tor_vir,46,-0.21414762490728567,0.29336289826939094,DE,1,DE,-0.21414762490728567,NA,-0.21414762490728567,-0.21414762490728567,1,NA,NA,FALSE,z_within,insufficient data,weak
CambXyl_con&BB_con&SM,uro_sir_spp,23,-0.18611254646236183,0.5694290412438368,DE,1,DE,-0.18611254646236183,NA,-0.18611254646236183,-0.18611254646236183,1,NA,NA,FALSE,z_within,insufficient data,weak
CambXyl_con&BB_con&SM,xyl_lin,46,-0.34003444818021533,0.06490853046973921,DE,1,DE,-0.34003444818021533,NA,-0.34003444818021533,-0.34003444818021533,1,NA,NA,FALSE,z_within,insufficient data,moderate
CambXyl_con&BB_con&SM,xyl_spp,46,-0.3103685696707953,0.10047943862266967,DE,1,DE,-0.3103685696707953,NA,-0.3103685696707953,-0.3103685696707953,1,NA,NA,FALSE,z_within,insufficient data,moderate
CambXyl_con&BB_con&SM,zei_gri,0,NA,NA,,0,NA,NA,NA,NA,NA,NA,NA,NA,NA,z_within,insufficient data,NA
CambXyl_con&BO,CambXyl_con&MD,23,0.4085899793736814,0.13094970623293742,DE,1,DE,0.4085899793736814,NA,0.4085899793736814,0.4085899793736814,1,NA,NA,FALSE,z_within,insufficient data,moderate
CambXyl_con&BO,Def_dec,0,NA,NA,,0,NA,NA,NA,NA,NA,NA,NA,NA,NA,z_within,insufficient data,NA
CambXyl_con&BO,Def_dec&DB,46,-0.14624997885919855,0.5055152785910934,DE,1,DE,-0.14624997885919855,NA,-0.14624997885919855,-0.14624997885919855,1,NA,NA,FALSE,z_within,insufficient data,weak
CambXyl_con&BO,agr_big,46,-0.48523093396203837,0.0034864819680884714,DE,1,DE,-0.48523093396203837,NA,-0.48523093396203837,-0.48523093396203837,1,NA,NA,FALSE,z_within,insufficient data,moderate
CambXyl_con&BO,agr_vir,46,-0.21028859099322655,0.3037718238240433,DE,1,DE,-0.21028859099322655,NA,-0.21028859099322655,-0.21028859099322655,1,NA,NA,FALSE,z_within,insufficient data,weak
CambXyl_con&BO,bup_pin,0,NA,NA,,0,NA,NA,NA,NA,NA,NA,NA,NA,NA,z_within,insufficient data,NA
CambXyl_con&BO,cep_spp,0,NA,NA,,0,NA,NA,NA,NA,NA,NA,NA,NA,NA,z_within,insufficient data,NA
CambXyl_con&BO,clo_ana,0,NA,NA,,0,NA,NA,NA,NA,NA,NA,NA,NA,NA,z_within,insufficient data,NA
CambXyl_con&BO,den_mic,0,NA,NA,,0,NA,NA,NA,NA,NA,NA,NA,NA,NA,z_within,insufficient data,NA
CambXyl_con&BO,den_pin,0,NA,NA,,0,NA,NA,NA,NA,NA,NA,NA,NA,NA,z_within,insufficient data,NA
CambXyl_con&BO,dip_sp,46,-0.2197696264453036,0.2772505720961913,DE,1,DE,-0.2197696264453036,NA,-0.2197696264453036,-0.2197696264453036,1,NA,NA,FALSE,z_within,insufficient data,weak
CambXyl_con&BO,era_def,46,-0.17031205440760822,0.4310978611501052,DE,1,DE,-0.17031205440760822,NA,-0.17031205440760822,-0.17031205440760822,1,NA,NA,FALSE,z_within,insufficient data,weak
CambXyl_con&BO,geo_db,46,0.07504624600914299,0.7534868594006692,DE,1,DE,0.07504624600914299,NA,0.07504624600914299,0.07504624600914299,1,NA,NA,FALSE,z_within,insufficient data,negligible
CambXyl_con&BO,ips_acu,46,-0.14309502033855018,0.5177821832894575,DE,1,DE,-0.14309502033855018,NA,-0.14309502033855018,-0.14309502033855018,1,NA,NA,FALSE,z_within,insufficient data,weak
CambXyl_con&BO,ips_ami,0,NA,NA,,0,NA,NA,NA,NA,NA,NA,NA,NA,NA,z_within,insufficient data,NA
CambXyl_con&BO,ips_cem,46,0.0690729314005082,0.7711768082764909,DE,1,DE,0.0690729314005082,NA,0.0690729314005082,0.0690729314005082,1,NA,NA,FALSE,z_within,insufficient data,negligible
CambXyl_con&BO,ips_dup,0,NA,NA,,0,NA,NA,NA,NA,NA,NA,NA,NA,NA,z_within,insufficient data,NA
CambXyl_con&BO,ips_sex,46,-0.16923579078471165,0.4333242207228497,DE,1,DE,-0.16923579078471165,NA,-0.16923579078471165,-0.16923579078471165,1,NA,NA,FALSE,z_within,insufficient data,weak
CambXyl_con&BO,ips_typ,69,0.18233600948312736,0.26378025623792667,"DE,SI",2,"DE,SI",0.19851833093479956,0.06865577540290772,0.14997136657978294,0.2470652952898162,1,0.06472928580668882,DE,FALSE,z_within,consistent,weak
CambXyl_con&BO,lym_dis,46,-0.22368969366303829,0.2658910870989045,DE,1,DE,-0.22368969366303829,NA,-0.22368969366303829,-0.22368969366303829,1,NA,NA,FALSE,z_within,insufficient data,weak
CambXyl_con&BO,lym_mon,0,NA,NA,,0,NA,NA,NA,NA,NA,NA,NA,NA,NA,z_within,insufficient data,NA
CambXyl_con&BO,mel_spp,46,-0.0670962167597237,0.7747153456284727,DE,1,DE,-0.0670962167597237,NA,-0.0670962167597237,-0.0670962167597237,1,NA,NA,FALSE,z_within,insufficient data,negligible
CambXyl_con&BO,neo_ser,0,NA,NA,,0,NA,NA,NA,NA,NA,NA,NA,NA,NA,z_within,insufficient data,NA
CambXyl_con&BO,ope_spp,46,-0.19373954305906851,0.3569085614907601,DE,1,DE,-0.19373954305906851,NA,-0.19373954305906851,-0.19373954305906851,1,NA,NA,FALSE,z_within,insufficient data,weak
CambXyl_con&BO,pan_fla,0,NA,NA,,0,NA,NA,NA,NA,NA,NA,NA,NA,NA,z_within,insufficient data,NA
CambXyl_con&BO,pha_cya,46,-0.2775604572294517,0.14684218968488205,DE,1,DE,-0.2775604572294517,NA,-0.2775604572294517,-0.2775604572294517,1,NA,NA,FALSE,z_within,insufficient data,weak
CambXyl_con&BO,pis_pin,23,-0.1818665055313,0.57690950196856,DE,1,DE,-0.1818665055313,NA,-0.1818665055313,-0.1818665055313,1,NA,NA,FALSE,z_within,insufficient data,weak
CambXyl_con&BO,pit_bid,23,-0.126315074110525,0.7125401627947997,DE,1,DE,-0.126315074110525,NA,-0.126315074110525,-0.126315074110525,1,NA,NA,FALSE,z_within,insufficient data,weak
CambXyl_con&BO,pit_cha,69,0.19946240844398355,0.21126827526881733,"DE,SI",2,"DE,SI",0.2429238436815429,0.18439125345946913,0.11253953796886483,0.37330814939422097,1,0.17384574095023742,DE,FALSE,z_within,consistent,weak
CambXyl_con&BO,pit_spp,69,0.34232828647433744,0.016823110394677265,"DE,SI",2,"DE,SI",0.37009172576086613,0.11779029713139268,0.28680140790128006,0.45338204362045226,1,0.11105375714611482,DE,FALSE,z_within,consistent,moderate
CambXyl_con&BO,pol_pol,0,NA,NA,,0,NA,NA,NA,NA,NA,NA,NA,NA,NA,z_within,insufficient data,NA
CambXyl_con&BO,pri_abi,23,-0.22707246707132053,0.4713397404695621,DE,1,DE,-0.22707246707132053,NA,-0.22707246707132053,-0.22707246707132053,1,NA,NA,FALSE,z_within,insufficient data,weak
CambXyl_con&BO,sap_car,0,NA,NA,,0,NA,NA,NA,NA,NA,NA,NA,NA,NA,z_within,insufficient data,NA
CambXyl_con&BO,sco_int,46,0.4226891249451951,0.014971981242522765,DE,1,DE,0.4226891249451951,NA,0.4226891249451951,0.4226891249451951,1,NA,NA,FALSE,z_within,insufficient data,moderate
CambXyl_con&BO,sco_rat,0,NA,NA,,0,NA,NA,NA,NA,NA,NA,NA,NA,NA,z_within,insufficient data,NA
CambXyl_con&BO,sco_sco,23,-0.18168488756377726,0.57690950196856,DE,1,DE,-0.18168488756377726,NA,-0.18168488756377726,-0.18168488756377726,1,NA,NA,FALSE,z_within,insufficient data,weak
CambXyl_con&BO,tet_gab,46,-0.15084846095658896,0.49255039276869944,DE,1,DE,-0.15084846095658896,NA,-0.15084846095658896,-0.15084846095658896,1,NA,NA,FALSE,z_within,insufficient data,weak
CambXyl_con&BO,tet_spp,46,-0.06629566544783358,0.7760373856622171,DE,1,DE,-0.06629566544783358,NA,-0.06629566544783358,-0.06629566544783358,1,NA,NA,FALSE,z_within,insufficient data,negligible
CambXyl_con&BO,tha_pit,0,NA,NA,,0,NA,NA,NA,NA,NA,NA,NA,NA,NA,z_within,insufficient data,NA
CambXyl_con&BO,tha_pro,46,0.2753810185803453,0.15054138913452397,DE,1,DE,0.2753810185803453,NA,0.2753810185803453,0.2753810185803453,1,NA,NA,FALSE,z_within,insufficient data,weak
CambXyl_con&BO,tom_spp,46,-0.2999851652308982,0.11509145181431768,DE,1,DE,-0.2999851652308982,NA,-0.2999851652308982,-0.2999851652308982,1,NA,NA,FALSE,z_within,insufficient data,weak
CambXyl_con&BO,tor_vir,46,-0.11718395903150548,0.6081149158237587,DE,1,DE,-0.11718395903150548,NA,-0.11718395903150548,-0.11718395903150548,1,NA,NA,FALSE,z_within,insufficient data,weak
CambXyl_con&BO,uro_sir_spp,23,-0.126315074110525,0.7125401627947997,DE,1,DE,-0.126315074110525,NA,-0.126315074110525,-0.126315074110525,1,NA,NA,FALSE,z_within,insufficient data,weak
CambXyl_con&BO,xyl_lin,46,0.36282935360827007,0.0452217450552057,DE,1,DE,0.36282935360827007,NA,0.36282935360827007,0.36282935360827007,1,NA,NA,FALSE,z_within,insufficient data,moderate
CambXyl_con&BO,xyl_spp,46,0.25422927671137563,0.19300470876123582,DE,1,DE,0.25422927671137563,NA,0.25422927671137563,0.25422927671137563,1,NA,NA,FALSE,z_within,insufficient data,weak
CambXyl_con&BO,zei_gri,0,NA,NA,,0,NA,NA,NA,NA,NA,NA,NA,NA,NA,z_within,insufficient data,NA
CambXyl_con&MD,Def_dec,0,NA,NA,,0,NA,NA,NA,NA,NA,NA,NA,NA,NA,z_within,insufficient data,NA
CambXyl_con&MD,Def_dec&DB,207,-0.03172351110377995,0.7715666885428982,"CZ,DE",2,"CZ,DE",0.07325677295878255,0.19088298193250056,-0.06171787797879782,0.20823142389636293,0.5,0.23995493500014287,CZ,TRUE,z_within,inconsistent,negligible
CambXyl_con&MD,agr_big,23,-0.5679302367098098,0.019181473227619896,DE,1,DE,-0.5679302367098098,NA,-0.5679302367098098,-0.5679302367098098,1,NA,NA,FALSE,z_within,insufficient data,strong
CambXyl_con&MD,agr_vir,23,0.23955636739227198,0.4448711271859397,DE,1,DE,0.23955636739227198,NA,0.23955636739227198,0.23955636739227198,1,NA,NA,FALSE,z_within,insufficient data,weak
CambXyl_con&MD,bup_pin,0,NA,NA,,0,NA,NA,NA,NA,NA,NA,NA,NA,NA,z_within,insufficient data,NA
CambXyl_con&MD,cep_spp,161,-0.08729467552807127,0.4448711271859397,CZ,1,CZ,-0.08729467552807127,NA,-0.08729467552807127,-0.08729467552807127,1,NA,NA,FALSE,z_within,insufficient data,negligible
CambXyl_con&MD,clo_ana,0,NA,NA,,0,NA,NA,NA,NA,NA,NA,NA,NA,NA,z_within,insufficient data,NA
CambXyl_con&MD,den_mic,23,-0.019165484321685695,0.9596220818071504,CZ,1,CZ,-0.019165484321685695,NA,-0.019165484321685695,-0.019165484321685695,1,NA,NA,FALSE,z_within,insufficient data,negligible
CambXyl_con&MD,den_pin,0,NA,NA,,0,NA,NA,NA,NA,NA,NA,NA,NA,NA,z_within,insufficient data,NA
CambXyl_con&MD,dip_sp,23,-0.15203047166365852,0.6480461475074076,DE,1,DE,-0.15203047166365852,NA,-0.15203047166365852,-0.15203047166365852,1,NA,NA,FALSE,z_within,insufficient data,weak
CambXyl_con&MD,era_def,23,-0.41447166147635073,0.12597796215971702,DE,1,DE,-0.41447166147635073,NA,-0.41447166147635073,-0.41447166147635073,1,NA,NA,FALSE,z_within,insufficient data,moderate
CambXyl_con&MD,geo_db,23,0.2470975298187842,0.4289732572952145,DE,1,DE,0.2470975298187842,NA,0.2470975298187842,0.2470975298187842,1,NA,NA,FALSE,z_within,insufficient data,weak
CambXyl_con&MD,ips_acu,207,0.39856366387056996,4.849943012082959e-8,"CZ,DE",2,"CZ,DE",0.09862150588052854,0.5453772014018188,-0.287018411535239,0.48426142329629607,0.5,0.685582075405809,CZ,TRUE,z_within,inconsistent,moderate
CambXyl_con&MD,ips_ami,0,NA,NA,,0,NA,NA,NA,NA,NA,NA,NA,NA,NA,z_within,insufficient data,NA
CambXyl_con&MD,ips_cem,23,-0.5080285918640388,0.045323778837149886,DE,1,DE,-0.5080285918640388,NA,-0.5080285918640388,-0.5080285918640388,1,NA,NA,FALSE,z_within,insufficient data,strong
CambXyl_con&MD,ips_dup,184,0.32381019760645086,6.545527110754347e-5,CZ,1,CZ,0.32381019760645086,NA,0.32381019760645086,0.32381019760645086,1,NA,NA,FALSE,z_within,insufficient data,moderate
CambXyl_con&MD,ips_sex,207,0.2621792154650376,8.86915456307616e-4,"CZ,DE",2,"CZ,DE",-0.03140389264503585,0.5338147026508875,-0.40886788878655883,0.34606010349648714,0.5,0.6710471042515964,CZ,TRUE,z_within,inconsistent,weak
CambXyl_con&MD,ips_typ,207,0.3074949946386806,6.0329947599848156e-05,"CZ,DE",2,"CZ,DE",0.018742811289252953,0.5250307549597755,-0.3525099958742969,0.3899956184528028,0.5,0.6600049905129775,CZ,TRUE,z_within,inconsistent,moderate
CambXyl_con&MD,lym_dis,161,-0.06913806778621184,0.5598491850901903,"CZ,DE",2,"CZ,DE",-0.13485099214158802,0.13010495238519837,-0.22684908623911468,-0.04285289804406137,1,0.15771101845290283,CZ,FALSE,z_within,consistent,negligible
CambXyl_con&MD,lym_mon,138,-7.701405872143058e-4,0.9955918749034547,CZ,1,CZ,-7.701405872143058e-4,NA,-7.701405872143058e-4,-7.701405872143058e-4,1,NA,NA,FALSE,z_within,insufficient data,negligible
CambXyl_con&MD,mel_spp,23,-0.37181353861969174,0.17904255774713812,DE,1,DE,-0.37181353861969174,NA,-0.37181353861969174,-0.37181353861969174,1,NA,NA,FALSE,z_within,insufficient data,moderate
CambXyl_con&MD,neo_ser,46,-0.1385423290230635,0.5334883820646705,CZ,1,CZ,-0.1385423290230635,NA,-0.1385423290230635,-0.1385423290230635,1,NA,NA,FALSE,z_within,insufficient data,weak
CambXyl_con&MD,ope_spp,23,-0.27135129003727565,0.37497924163198293,DE,1,DE,-0.27135129003727565,NA,-0.27135129003727565,-0.27135129003727565,1,NA,NA,FALSE,z_within,insufficient data,weak
CambXyl_con&MD,pan_fla,23,0.23224287580754416,0.4631736532396508,CZ,1,CZ,0.23224287580754416,NA,0.23224287580754416,0.23224287580754416,1,NA,NA,FALSE,z_within,insufficient data,weak
CambXyl_con&MD,pha_cya,207,0.25558267964124454,0.0012930930075058526,"CZ,DE",2,"CZ,DE",-0.0856219620753064,0.6204037266773987,-0.5243136442823004,0.35306972013168764,0.5,0.779896323923545,CZ,TRUE,z_within,inconsistent,weak
CambXyl_con&MD,pis_pin,23,-0.4132447049303443,0.12722435763868395,DE,1,DE,-0.4132447049303443,NA,-0.4132447049303443,-0.4132447049303443,1,NA,NA,FALSE,z_within,insufficient data,moderate
CambXyl_con&MD,pit_bid,23,-0.287018411535239,0.33801869018038005,DE,1,DE,-0.287018411535239,NA,-0.287018411535239,-0.287018411535239,1,NA,NA,FALSE,z_within,insufficient data,weak
CambXyl_con&MD,pit_cha,23,-0.43752968401052406,0.10224690980260702,DE,1,DE,-0.43752968401052406,NA,-0.43752968401052406,-0.43752968401052406,1,NA,NA,FALSE,z_within,insufficient data,moderate
CambXyl_con&MD,pit_spp,207,0.3868752957230249,1.3839113762971773e-7,"CZ,DE",2,"CZ,DE",0.23189298523654883,0.28180039553729025,0.03263001461107959,0.43115595586201805,1,0.3542452811119453,CZ,FALSE,z_within,inconsistent,moderate
CambXyl_con&MD,pol_pol,184,0.2217338760347831,0.011301729875401697,CZ,1,CZ,0.2217338760347831,NA,0.2217338760347831,0.2217338760347831,1,NA,NA,FALSE,z_within,insufficient data,weak
CambXyl_con&MD,pri_abi,184,-0.24169837052052556,0.004967488086561097,"CZ,DE",2,"CZ,DE",-0.35924060639874067,0.22163976550750564,-0.5159635875696942,-0.2025176252277872,1,0.2742652170491686,CZ,FALSE,z_within,inconsistent,weak
CambXyl_con&MD,sap_car,0,NA,NA,,0,NA,NA,NA,NA,NA,NA,NA,NA,NA,z_within,insufficient data,NA
CambXyl_con&MD,sco_int,207,0.33711950666930385,7.72263763641865e-6,"CZ,DE",2,"CZ,DE",0.32954580160728475,0.013771075392155854,0.3198081808132602,0.3392834224013094,1,0.01731132585604367,CZ,FALSE,z_within,consistent,moderate
CambXyl_con&MD,sco_rat,184,0.3842897970706356,1.017647047943495e-6,CZ,1,CZ,0.3842897970706356,NA,0.3842897970706356,0.3842897970706356,1,NA,NA,FALSE,z_within,insufficient data,moderate
CambXyl_con&MD,sco_sco,23,-0.41283202496390564,0.12722435763868395,DE,1,DE,-0.41283202496390564,NA,-0.41283202496390564,-0.41283202496390564,1,NA,NA,FALSE,z_within,insufficient data,moderate
CambXyl_con&MD,tet_gab,69,-0.28844313453319853,0.053587565766886266,"CZ,DE",2,"CZ,DE",-0.37391023764821224,0.3626062090859766,-0.6303115469932534,-0.11750892830317107,1,0.3418684124600549,CZ,FALSE,z_within,inconsistent,weak
CambXyl_con&MD,tet_spp,23,-0.3141758054767339,0.280732908783755,DE,1,DE,-0.3141758054767339,NA,-0.3141758054767339,-0.3141758054767339,1,NA,NA,FALSE,z_within,insufficient data,moderate
CambXyl_con&MD,tha_pit,0,NA,NA,,0,NA,NA,NA,NA,NA,NA,NA,NA,NA,z_within,insufficient data,NA
CambXyl_con&MD,tha_pro,23,0.6669559593540159,0.0028929765733944654,DE,1,DE,0.6669559593540159,NA,0.6669559593540159,0.6669559593540159,1,NA,NA,FALSE,z_within,insufficient data,strong
CambXyl_con&MD,tom_spp,207,0.2396955642856203,0.0028803933712379663,"CZ,DE",2,"CZ,DE",-0.12516538082654727,0.6634173818030051,-0.5942723102564771,0.34394154860338255,0.5,0.8339678745420974,CZ,TRUE,z_within,inconsistent,weak
CambXyl_con&MD,tor_vir,23,-0.1878748028105495,0.565330346388565,DE,1,DE,-0.1878748028105495,NA,-0.1878748028105495,-0.1878748028105495,1,NA,NA,FALSE,z_within,insufficient data,weak
CambXyl_con&MD,uro_sir_spp,23,-0.287018411535239,0.33801869018038005,DE,1,DE,-0.287018411535239,NA,-0.287018411535239,-0.287018411535239,1,NA,NA,FALSE,z_within,insufficient data,weak
CambXyl_con&MD,xyl_lin,23,0.4395034611066269,0.10047943862266967,DE,1,DE,0.4395034611066269,NA,0.4395034611066269,0.4395034611066269,1,NA,NA,FALSE,z_within,insufficient data,moderate
CambXyl_con&MD,xyl_spp,23,0.3834003930964955,0.16306082392793553,DE,1,DE,0.3834003930964955,NA,0.3834003930964955,0.3834003930964955,1,NA,NA,FALSE,z_within,insufficient data,moderate
CambXyl_con&MD,zei_gri,161,-0.0335578961466258,0.7829857477529152,CZ,1,CZ,-0.0335578961466258,NA,-0.0335578961466258,-0.0335578961466258,1,NA,NA,FALSE,z_within,insufficient data,negligible
Def_dec,Def_dec&DB,46,0.005859444997207841,0.9810235489719787,DE,1,DE,0.005859444997207841,NA,0.005859444997207841,0.005859444997207841,1,NA,NA,FALSE,z_within,insufficient data,negligible
Def_dec,agr_big,46,0.041005586539887035,0.8551295505785227,DE,1,DE,0.041005586539887035,NA,0.041005586539887035,0.041005586539887035,1,NA,NA,FALSE,z_within,insufficient data,negligible
Def_dec,agr_vir,23,-0.06411037315974936,0.8430005598591191,DE,1,DE,-0.06411037315974936,NA,-0.06411037315974936,-0.06411037315974936,1,NA,NA,FALSE,z_within,insufficient data,negligible
Def_dec,bup_pin,46,-0.002263108920180249,0.9935603971000745,DE,1,DE,-0.002263108920180249,NA,-0.002263108920180249,-0.002263108920180249,1,NA,NA,FALSE,z_within,insufficient data,negligible
Def_dec,cep_spp,0,NA,NA,,0,NA,NA,NA,NA,NA,NA,NA,NA,NA,z_within,insufficient data,NA
Def_dec,clo_ana,0,NA,NA,,0,NA,NA,NA,NA,NA,NA,NA,NA,NA,z_within,insufficient data,NA
Def_dec,den_mic,0,NA,NA,,0,NA,NA,NA,NA,NA,NA,NA,NA,NA,z_within,insufficient data,NA
Def_dec,den_pin,23,-0.08850993486026422,0.7953534902522262,DE,1,DE,-0.08850993486026422,NA,-0.08850993486026422,-0.08850993486026422,1,NA,NA,FALSE,z_within,insufficient data,negligible
Def_dec,dip_sp,23,-0.15123501397980835,0.6483326124808171,DE,1,DE,-0.15123501397980835,NA,-0.15123501397980835,-0.15123501397980835,1,NA,NA,FALSE,z_within,insufficient data,weak
Def_dec,era_def,23,-0.04545454545454545,0.8883614608207209,DE,1,DE,-0.04545454545454545,NA,-0.04545454545454545,-0.04545454545454545,1,NA,NA,FALSE,z_within,insufficient data,negligible
Def_dec,geo_db,23,0.1840790011792562,0.5720853662956015,DE,1,DE,0.1840790011792562,NA,0.1840790011792562,0.1840790011792562,1,NA,NA,FALSE,z_within,insufficient data,weak
Def_dec,ips_acu,23,-0.05066524086339646,0.8779119774205454,DE,1,DE,-0.05066524086339646,NA,-0.05066524086339646,-0.05066524086339646,1,NA,NA,FALSE,z_within,insufficient data,negligible
Def_dec,ips_ami,0,NA,NA,,0,NA,NA,NA,NA,NA,NA,NA,NA,NA,z_within,insufficient data,NA
Def_dec,ips_cem,46,-0.19007771378048055,0.36943800738194166,DE,1,DE,-0.19007771378048055,NA,-0.19007771378048055,-0.19007771378048055,1,NA,NA,FALSE,z_within,insufficient data,weak
Def_dec,ips_dup,0,NA,NA,,0,NA,NA,NA,NA,NA,NA,NA,NA,NA,z_within,insufficient data,NA
Def_dec,ips_sex,46,-0.05989375640280196,0.7978701511258849,DE,1,DE,-0.05989375640280196,NA,-0.05989375640280196,-0.05989375640280196,1,NA,NA,FALSE,z_within,insufficient data,negligible
Def_dec,ips_typ,46,0.06621435755806492,0.7760373856622171,DE,1,DE,0.06621435755806492,NA,0.06621435755806492,0.06621435755806492,1,NA,NA,FALSE,z_within,insufficient data,negligible
Def_dec,lym_dis,46,-0.1584249882659077,0.46700603173249094,DE,1,DE,-0.1584249882659077,NA,-0.1584249882659077,-0.1584249882659077,1,NA,NA,FALSE,z_within,insufficient data,weak
Def_dec,lym_mon,46,-0.05536062331372908,0.8085207571690034,DE,1,DE,-0.05536062331372908,NA,-0.05536062331372908,-0.05536062331372908,1,NA,NA,FALSE,z_within,insufficient data,negligible
Def_dec,mel_spp,46,-0.1150527484178654,0.6132246538190259,DE,1,DE,-0.1150527484178654,NA,-0.1150527484178654,-0.1150527484178654,1,NA,NA,FALSE,z_within,insufficient data,weak
Def_dec,neo_ser,23,-0.17030598012606962,0.6081149158237587,DE,1,DE,-0.17030598012606962,NA,-0.17030598012606962,-0.17030598012606962,1,NA,NA,FALSE,z_within,insufficient data,weak
Def_dec,ope_spp,46,-0.0991952608416622,0.6648065557216105,DE,1,DE,-0.0991952608416622,NA,-0.0991952608416622,-0.0991952608416622,1,NA,NA,FALSE,z_within,insufficient data,negligible
Def_dec,pan_fla,23,0.4349557387080115,0.10467560467330475,DE,1,DE,0.4349557387080115,NA,0.4349557387080115,0.4349557387080115,1,NA,NA,FALSE,z_within,insufficient data,moderate
Def_dec,pha_cya,46,0.014916770907577396,0.953072750263758,DE,1,DE,0.014916770907577396,NA,0.014916770907577396,0.014916770907577396,1,NA,NA,FALSE,z_within,insufficient data,negligible
Def_dec,pis_pin,23,0.047935607440218034,0.8847607011792935,DE,1,DE,0.047935607440218034,NA,0.047935607440218034,0.047935607440218034,1,NA,NA,FALSE,z_within,insufficient data,negligible
Def_dec,pit_bid,23,-0.0031573234898099527,0.9935603971000745,DE,1,DE,-0.0031573234898099527,NA,-0.0031573234898099527,-0.0031573234898099527,1,NA,NA,FALSE,z_within,insufficient data,negligible
Def_dec,pit_cha,46,-0.08651135198533992,0.7129931713631391,DE,1,DE,-0.08651135198533992,NA,-0.08651135198533992,-0.08651135198533992,1,NA,NA,FALSE,z_within,insufficient data,negligible
Def_dec,pit_spp,23,-0.06473165280672023,0.8424838067640367,DE,1,DE,-0.06473165280672023,NA,-0.06473165280672023,-0.06473165280672023,1,NA,NA,FALSE,z_within,insufficient data,negligible
Def_dec,pol_pol,0,NA,NA,,0,NA,NA,NA,NA,NA,NA,NA,NA,NA,z_within,insufficient data,NA
Def_dec,pri_abi,46,0.034752146176104705,0.8779119774205454,DE,1,DE,0.034752146176104705,NA,0.034752146176104705,0.034752146176104705,1,NA,NA,FALSE,z_within,insufficient data,negligible
Def_dec,sap_car,0,NA,NA,,0,NA,NA,NA,NA,NA,NA,NA,NA,NA,z_within,insufficient data,NA
Def_dec,sco_int,46,0.0391640041483102,0.8612335609475574,DE,1,DE,0.0391640041483102,NA,0.0391640041483102,0.0391640041483102,1,NA,NA,FALSE,z_within,insufficient data,negligible
Def_dec,sco_rat,23,0.16704155744010196,0.6132246538190259,DE,1,DE,0.16704155744010196,NA,0.16704155744010196,0.16704155744010196,1,NA,NA,FALSE,z_within,insufficient data,weak
Def_dec,sco_sco,23,-0.09494059709301478,0.7804903461752208,DE,1,DE,-0.09494059709301478,NA,-0.09494059709301478,-0.09494059709301478,1,NA,NA,FALSE,z_within,insufficient data,negligible
Def_dec,tet_gab,46,-0.05760786018903338,0.8002197267295614,DE,1,DE,-0.05760786018903338,NA,-0.05760786018903338,-0.05760786018903338,1,NA,NA,FALSE,z_within,insufficient data,negligible
Def_dec,tet_spp,46,-0.20132639388006474,0.33262920928818546,DE,1,DE,-0.20132639388006474,NA,-0.20132639388006474,-0.20132639388006474,1,NA,NA,FALSE,z_within,insufficient data,weak
Def_dec,tha_pit,0,NA,NA,,0,NA,NA,NA,NA,NA,NA,NA,NA,NA,z_within,insufficient data,NA
Def_dec,tha_pro,23,0.024091422145301643,0.9481980548328358,DE,1,DE,0.024091422145301643,NA,0.024091422145301643,0.024091422145301643,1,NA,NA,FALSE,z_within,insufficient data,negligible
Def_dec,tom_spp,46,-0.2917135929147534,0.12597796215971702,DE,1,DE,-0.2917135929147534,NA,-0.2917135929147534,-0.2917135929147534,1,NA,NA,FALSE,z_within,insufficient data,weak
Def_dec,tor_vir,23,-0.009021902171087948,0.9810235489719787,DE,1,DE,-0.009021902171087948,NA,-0.009021902171087948,-0.009021902171087948,1,NA,NA,FALSE,z_within,insufficient data,negligible
Def_dec,uro_sir_spp,46,-0.1125868223752524,0.6192498794360822,DE,1,DE,-0.1125868223752524,NA,-0.1125868223752524,-0.1125868223752524,1,NA,NA,FALSE,z_within,insufficient data,weak
Def_dec,xyl_lin,46,-0.15882600672809638,0.46700603173249094,DE,1,DE,-0.15882600672809638,NA,-0.15882600672809638,-0.15882600672809638,1,NA,NA,FALSE,z_within,insufficient data,weak
Def_dec,xyl_spp,46,-0.04790893656529612,0.832636595866163,DE,1,DE,-0.04790893656529612,NA,-0.04790893656529612,-0.04790893656529612,1,NA,NA,FALSE,z_within,insufficient data,negligible
Def_dec,zei_gri,23,-0.09766853508096923,0.7747153456284727,DE,1,DE,-0.09766853508096923,NA,-0.09766853508096923,-0.09766853508096923,1,NA,NA,FALSE,z_within,insufficient data,negligible
Def_dec&DB,agr_big,161,0.19581356008786657,0.04443222731074711,DE,1,DE,0.19581356008786657,NA,0.19581356008786657,0.19581356008786657,1,NA,NA,FALSE,z_within,insufficient data,weak
Def_dec&DB,agr_vir,138,0.160435637316341,0.14562451318463013,DE,1,DE,0.160435637316341,NA,0.160435637316341,0.160435637316341,1,NA,NA,FALSE,z_within,insufficient data,weak
Def_dec&DB,bup_pin,115,0.2651966072469017,0.01730739896871568,DE,1,DE,0.2651966072469017,NA,0.2651966072469017,0.2651966072469017,1,NA,NA,FALSE,z_within,insufficient data,weak
Def_dec&DB,cep_spp,161,0.0623217714086977,0.6062168799958544,CZ,1,CZ,0.0623217714086977,NA,0.0623217714086977,0.0623217714086977,1,NA,NA,FALSE,z_within,insufficient data,negligible
Def_dec&DB,clo_ana,0,NA,NA,,0,NA,NA,NA,NA,NA,NA,NA,NA,NA,z_within,insufficient data,NA
Def_dec&DB,den_mic,23,0.44936409809977634,0.09053281559911319,CZ,1,CZ,0.44936409809977634,NA,0.44936409809977634,0.44936409809977634,1,NA,NA,FALSE,z_within,insufficient data,moderate
Def_dec&DB,den_pin,69,-0.10327541499752042,0.5720853662956015,DE,1,DE,-0.10327541499752042,NA,-0.10327541499752042,-0.10327541499752042,1,NA,NA,FALSE,z_within,insufficient data,weak
Def_dec&DB,dip_sp,222,0.16396749339264585,0.04882195855638612,"AT,DE",2,"AT,DE",0.2088414472183416,0.25872705901330456,0.02589378931358187,0.39178910512310133,1,0.22782161173045548,DE,FALSE,z_within,inconsistent,weak
Def_dec&DB,era_def,138,-0.4011728810889084,1.1880388681143568e-5,DE,1,DE,-0.4011728810889084,NA,-0.4011728810889084,-0.4011728810889084,1,NA,NA,FALSE,z_within,insufficient data,moderate
Def_dec&DB,geo_db,115,-0.276865879437037,0.012181327706874466,DE,1,DE,-0.276865879437037,NA,-0.276865879437037,-0.276865879437037,1,NA,NA,FALSE,z_within,insufficient data,weak
Def_dec&DB,ips_acu,299,0.04818574082146784,0.57690950196856,"CZ,DE",2,"CZ,DE",0.07362468601289635,0.15589643897613076,-0.0366107431499605,0.18386011517575318,0.5,0.13567437435428534,CZ,TRUE,z_within,inconsistent,negligible
Def_dec&DB,ips_ami,23,-0.1482438477178945,0.65398411697697445,DE,1,DE,-0.1482438477178945,NA,-0.1482438477178945,-0.1482438477178945,1,NA,NA,FALSE,z_within,insufficient data,weak
Def_dec&DB,ips_cem,161,0.14678734690646594,0.14966005193019336,DE,1,DE,0.14678734690646594,NA,0.14678734690646594,0.14678734690646594,1,NA,NA,FALSE,z_within,insufficient data,weak
Def_dec&DB,ips_dup,184,-0.25020303855968506,0.0034100538678448634,CZ,1,CZ,-0.25020303855968506,NA,-0.25020303855968506,-0.25020303855968506,1,NA,NA,FALSE,z_within,insufficient data,weak
Def_dec&DB,ips_sex,322,4.4870607188378695e-4,0.9955918749034547,"CZ,DE",2,"CZ,DE",0.0029621387291696635,0.02488171386431593,-0.014631889871831467,0.020556167330170794,0.5,0.020107461258287006,CZ,TRUE,z_within,inconsistent,negligible
Def_dec&DB,ips_typ,471,-0.08836681490827927,0.13622984532462967,"AT,CZ,DE",3,"AT,CZ,DE",-0.08855788237147805,0.2129785674518331,-0.23533264045506685,0.1557176120732402,0.6666666666666666,0.12698987079443919,DE,TRUE,z_within,inconsistent,negligible
Def_dec&DB,lym_dis,381,0.17696083288010994,0.002938100734261413,"AT,CZ,DE",3,"AT,CZ,DE",0.1962989036159823,0.2535622605621246,-0.08102894540370782,0.41626945823653083,0.6666666666666666,0.14678728764424115,CZ,FALSE,z_within,inconsistent,weak
Def_dec&DB,lym_mon,253,0.14194234738112996,0.07256342124793748,"CZ,DE",2,"CZ,DE",0.14378736266453956,0.028701702002418648,0.12349219454703382,0.1640825307820453,1,0.022140183400915336,CZ,FALSE,z_within,consistent,weak
Def_dec&DB,mel_spp,161,0.08193908555152642,0.4754738160744785,DE,1,DE,0.08193908555152642,NA,0.08193908555152642,0.08193908555152642,1,NA,NA,FALSE,z_within,insufficient data,negligible
Def_dec&DB,neo_ser,69,0.05722014899959021,0.7661431352070929,"CZ,DE",2,"CZ,DE",3.386167181752553e-4,0.24132790320282016,-0.17030598012606962,0.17098321356242013,0.5,0.22752612912565984,CZ,TRUE,z_within,inconsistent,negligible
Def_dec&DB,ope_spp,115,-0.10950511630780273,0.41571200190285224,DE,1,DE,-0.10950511630780273,NA,-0.10950511630780273,-0.10950511630780273,1,NA,NA,FALSE,z_within,insufficient data,weak
Def_dec&DB,pan_fla,92,0.28042437011146454,0.025960038684018593,"CZ,DE",2,"CZ,DE",0.2654460775871138,0.04236500885825668,0.23548949253841236,0.29540266263581527,1,0.04493487757305217,DE,FALSE,z_within,consistent,weak
Def_dec&DB,pha_cya,450,0.09601879435748371,0.1128640034962599,"AT,CZ,DE",3,"AT,CZ,DE",0.11333798267325067,0.13860922866790426,-0.04650237931642953,0.20038643703317488,0.6666666666666666,0.09875482900239659,CZ,FALSE,z_within,inconsistent,negligible
Def_dec&DB,pis_pin,115,0.2510610297675176,0.025960038684018593,DE,1,DE,0.2510610297675176,NA,0.2510610297675176,0.2510610297675176,1,NA,NA,FALSE,z_within,insufficient data,weak
Def_dec&DB,pit_bid,69,-0.0435202252672427,0.8144537029119822,DE,1,DE,-0.0435202252672427,NA,-0.0435202252672427,-0.0435202252672427,1,NA,NA,FALSE,z_within,insufficient data,negligible
Def_dec&DB,pit_cha,287,0.07875534760857462,0.33770117260253874,"AT,DE",2,"AT,DE",0.06885561282526625,0.11282626291999039,-0.010924602781395268,0.14863582843192777,0.5,0.0896799503899699,DE,TRUE,z_within,inconsistent,negligible
Def_dec&DB,pit_spp,337,-0.15589839616354878,0.017186289339005418,"AT,CZ,DE",3,"AT,CZ,DE",-0.17245333977136512,0.08611801570180026,-0.2714209756937098,-0.11458096362822914,1,0.02978316503511963,DE,FALSE,z_within,consistent,weak
Def_dec&DB,pol_pol,184,-0.028681736429911037,0.7984683097814228,CZ,1,CZ,-0.028681736429911037,NA,-0.028681736429911037,-0.028681736429911037,1,NA,NA,FALSE,z_within,insufficient data,negligible
Def_dec&DB,pri_abi,276,0.21947170134934643,0.0014989003625148112,"CZ,DE",2,"CZ,DE",0.1830945809769092,0.3086701019446759,-0.03516814125771405,0.40135730321153246,0.5,0.25463984260706046,CZ,TRUE,z_within,inconsistent,weak
Def_dec&DB,sap_car,23,0.3990765396574864,0.1437849590577374,DE,1,DE,0.3990765396574864,NA,0.3990765396574864,0.3990765396574864,1,NA,NA,FALSE,z_within,insufficient data,moderate
Def_dec&DB,sco_int,299,0.006714383265588024,0.945787156567521,"CZ,DE",2,"CZ,DE",0.01851356856244445,0.07230846077765948,-0.03261623439060007,0.06964337151548897,0.5,0.06292898824990094,CZ,TRUE,z_within,inconsistent,negligible
Def_dec&DB,sco_rat,230,-0.06150605990333788,0.5293932621713402,"CZ,DE",2,"CZ,DE",-0.07034448205748493,0.02083236080062266,-0.08507518564773003,-0.05561377846723984,1,0.023569125744392155,CZ,FALSE,z_within,consistent,negligible
Def_dec&DB,sco_sco,69,0.017143124488312525,0.9316201559132254,DE,1,DE,0.017143124488312525,NA,0.017143124488312525,0.017143124488312525,1,NA,NA,FALSE,z_within,insufficient data,negligible
Def_dec&DB,tet_gab,312,0.05257446473063327,0.5303300069933093,"AT,CZ,DE",3,"AT,CZ,DE",0.08814469684503375,0.15586852396580966,-0.054484817931396264,0.2545258147361116,0.6666666666666666,0.0540703447788028,AT,FALSE,z_within,inconsistent,negligible
Def_dec&DB,tet_spp,138,0.15548884580632624,0.1587917381609312,DE,1,DE,0.15548884580632624,NA,0.15548884580632624,0.15548884580632624,1,NA,NA,FALSE,z_within,insufficient data,weak
Def_dec&DB,tha_pit,23,0.4899013852018552,0.05701891171121669,DE,1,DE,0.4899013852018552,NA,0.4899013852018552,0.4899013852018552,1,NA,NA,FALSE,z_within,insufficient data,moderate
Def_dec&DB,tha_pro,138,0.1639678493720578,0.13492454168911988,DE,1,DE,0.1639678493720578,NA,0.1639678493720578,0.1639678493720578,1,NA,NA,FALSE,z_within,insufficient data,weak
Def_dec&DB,tom_spp,471,0.05980389685733547,0.3541031420947569,"AT,CZ,DE",3,"AT,CZ,DE",0.05230608670716981,0.17608292843898177,-0.08583650740316706,0.2505774822800933,0.3333333333333333,0.0992538248483267,DE,TRUE,z_within,inconsistent,negligible
Def_dec&DB,tor_vir,138,-0.38151204577929937,3.782838485630415e-5,DE,1,DE,-0.38151204577929937,NA,-0.38151204577929937,-0.38151204577929937,1,NA,NA,FALSE,z_within,insufficient data,moderate
Def_dec&DB,uro_sir_spp,69,0.08141405594730934,0.6610635604093344,DE,1,DE,0.08141405594730934,NA,0.08141405594730934,0.08141405594730934,1,NA,NA,FALSE,z_within,insufficient data,negligible
Def_dec&DB,xyl_lin,138,-0.09314944036378515,0.4521744254557013,DE,1,DE,-0.09314944036378515,NA,-0.09314944036378515,-0.09314944036378515,1,NA,NA,FALSE,z_within,insufficient data,negligible
Def_dec&DB,xyl_spp,161,0.13987329415948246,0.17398927989546564,DE,1,DE,0.13987329415948246,NA,0.13987329415948246,0.13987329415948246,1,NA,NA,FALSE,z_within,insufficient data,weak
Def_dec&DB,zei_gri,184,-0.09056968796497658,0.38512536985763546,"CZ,DE",2,"CZ,DE",-0.09361205101468772,0.005736734782085678,-0.09766853508096923,-0.0895555669484062,1,0.007098847115992651,CZ,FALSE,z_within,consistent,negligible
agr_big,agr_vir,207,0.4023832540310443,3.495672792364541e-8,DE,1,DE,0.4023832540310443,NA,0.4023832540310443,0.4023832540310443,1,NA,NA,FALSE,z_within,insufficient data,moderate
agr_big,bup_pin,464,0.23914367957071236,2.319501937808836e-6,"DE,PL",2,"DE,PL",0.19603828353241612,0.29938249082732565,-0.01565710590010523,0.40773367296493745,0.5,0.2548007854708176,PL,TRUE,z_within,inconsistent,weak
agr_big,cep_spp,0,NA,NA,,0,NA,NA,NA,NA,NA,NA,NA,NA,NA,z_within,insufficient data,NA
agr_big,clo_ana,0,NA,NA,,0,NA,NA,NA,NA,NA,NA,NA,NA,NA,z_within,insufficient data,NA
agr_big,den_mic,23,0.24910932455580456,0.42515703340718697,DE,1,DE,0.24910932455580456,NA,0.24910932455580456,0.24910932455580456,1,NA,NA,FALSE,z_within,insufficient data,weak
agr_big,den_pin,395,0.17634488713423768,0.002556049597006941,"DE,PL",2,"DE,PL",0.1488645641326173,0.0936699045078148,0.08262993946204511,0.2150991888031895,1,0.09371494767219257,PL,FALSE,z_within,consistent,weak
agr_big,dip_sp,527,0.19068414044471008,8.855124536346036e-5,"DE,PL",2,"DE,PL",0.18912762504523495,0.010424764946850093,0.18175620305904142,0.19649904703142845,1,0.00892793738566866,PL,FALSE,z_within,consistent,weak
agr_big,era_def,230,0.016872835582134572,0.8629580420620856,DE,1,DE,0.016872835582134572,NA,0.016872835582134572,0.016872835582134572,1,NA,NA,FALSE,z_within,insufficient data,negligible
agr_big,geo_db,501,0.06485766920984902,0.284655491420144,"DE,PL",2,"DE,PL",0.0012612623643053211,0.25385121783882664,-0.17823865518199247,0.18076117991060311,0.5,0.24309632439184148,PL,TRUE,z_within,inconsistent,negligible
agr_big,ips_acu,481,-0.08324653033002702,0.15807077267674569,"DE,PL",2,"DE,PL",0.05210291236369863,0.5844477468188995,-0.3611640526611437,0.46536987738854096,0.5,0.548616407718568,PL,TRUE,z_within,inconsistent,negligible
agr_big,ips_ami,46,0.3081380685253343,0.10309516398286696,DE,1,DE,0.3081380685253343,NA,0.3081380685253343,0.3081380685253343,1,NA,NA,FALSE,z_within,insufficient data,moderate
agr_big,ips_cem,253,0.3015366518934127,1.139338245165556e-5,DE,1,DE,0.3015366518934127,NA,0.3015366518934127,0.3015366518934127,1,NA,NA,FALSE,z_within,insufficient data,moderate
agr_big,ips_dup,0,NA,NA,,0,NA,NA,NA,NA,NA,NA,NA,NA,NA,z_within,insufficient data,NA
agr_big,ips_sex,184,0.3202276000503943,8.000715425863856e-5,DE,1,DE,0.3202276000503943,NA,0.3202276000503943,0.3202276000503943,1,NA,NA,FALSE,z_within,insufficient data,moderate
agr_big,ips_typ,593,0.21841834072505428,1.063064782813979e-6,"DE,PL",2,"DE,PL",0.22983695996685843,0.11263983827609417,0.1501885664900762,0.30948535344364064,1,0.09106701271858636,PL,FALSE,z_within,consistent,weak
agr_big,lym_dis,207,0.1718260569772289,0.045323778837149886,DE,1,DE,0.1718260569772289,NA,0.1718260569772289,0.1718260569772289,1,NA,NA,FALSE,z_within,insufficient data,weak
agr_big,lym_mon,504,0.03586357942828582,0.594847173024189,"DE,PL",2,"DE,PL",0.011925412944840057,0.12695129887212778,-0.0778427113680816,0.10169353725776172,0.5,0.11370629079636743,PL,TRUE,z_within,inconsistent,negligible
agr_big,mel_spp,547,0.14844897898179013,0.002862793992557951,"DE,PL",2,"DE,PL",0.13552571774632083,0.07617541545712542,0.08166156491688491,0.18938987057575676,1,0.06678741406490522,PL,FALSE,z_within,consistent,weak
agr_big,neo_ser,46,0.15933046984177585,0.46700603173249094,DE,1,DE,0.15933046984177585,NA,0.15933046984177585,0.15933046984177585,1,NA,NA,FALSE,z_within,insufficient data,weak
agr_big,ope_spp,207,0.027201630958977815,0.7984683097814228,DE,1,DE,0.027201630958977815,NA,0.027201630958977815,0.027201630958977815,1,NA,NA,FALSE,z_within,insufficient data,negligible
agr_big,pan_fla,438,0.028126834762366708,0.7061426934698356,"DE,PL",2,"DE,PL",-0.0074914963762632986,0.13728819310163057,-0.10456890869527448,0.08958591594274788,0.5,0.13269574345764118,PL,TRUE,z_within,inconsistent,negligible
agr_big,pha_cya,593,0.3929146419422751,3.1235300768417435e-21,"DE,PL",2,"DE,PL",0.3921605247418373,0.007439046499382091,0.3869003245165622,0.39742072496711245,1,0.006014317425712901,PL,FALSE,z_within,consistent,moderate
agr_big,pis_pin,161,0.4044548598037905,1.3476885697860304e-6,DE,1,DE,0.4044548598037905,NA,0.4044548598037905,0.4044548598037905,1,NA,NA,FALSE,z_within,insufficient data,moderate
agr_big,pit_bid,115,0.3062203632781392,0.004672513393432227,DE,1,DE,0.3062203632781392,NA,0.3062203632781392,0.3062203632781392,1,NA,NA,FALSE,z_within,insufficient data,moderate
agr_big,pit_cha,253,0.24553837228852635,5.425406997190096e-4,DE,1,DE,0.24553837228852635,NA,0.24553837228852635,0.24553837228852635,1,NA,NA,FALSE,z_within,insufficient data,weak
agr_big,pit_spp,92,-0.004985416969537053,0.9790252154855689,DE,1,DE,-0.004985416969537053,NA,-0.004985416969537053,-0.004985416969537053,1,NA,NA,FALSE,z_within,insufficient data,negligible
agr_big,pol_pol,0,NA,NA,,0,NA,NA,NA,NA,NA,NA,NA,NA,NA,z_within,insufficient data,NA
agr_big,pri_abi,184,-0.116906913128948,0.2341083772329517,DE,1,DE,-0.116906913128948,NA,-0.116906913128948,-0.116906913128948,1,NA,NA,FALSE,z_within,insufficient data,weak
agr_big,sap_car,23,0.25395933013360983,0.41414503264467883,DE,1,DE,0.25395933013360983,NA,0.25395933013360983,0.25395933013360983,1,NA,NA,FALSE,z_within,insufficient data,weak
agr_big,sco_int,184,0.3583582539819958,6.770688462337876e-6,DE,1,DE,0.3583582539819958,NA,0.3583582539819958,0.3583582539819958,1,NA,NA,FALSE,z_within,insufficient data,moderate
agr_big,sco_rat,69,0.6533638926742446,2.278176117941966e-8,DE,1,DE,0.6533638926742446,NA,0.6533638926742446,0.6533638926742446,1,NA,NA,FALSE,z_within,insufficient data,strong
agr_big,sco_sco,115,0.25211305451952576,0.025348323042914973,DE,1,DE,0.25211305451952576,NA,0.25211305451952576,0.25211305451952576,1,NA,NA,FALSE,z_within,insufficient data,weak
agr_big,tet_gab,207,0.28818159823377065,2.0197440097047238e-4,DE,1,DE,0.28818159823377065,NA,0.28818159823377065,0.28818159823377065,1,NA,NA,FALSE,z_within,insufficient data,weak
agr_big,tet_spp,184,0.061878490187534836,0.5763662590948664,DE,1,DE,0.061878490187534836,NA,0.061878490187534836,0.061878490187534836,1,NA,NA,FALSE,z_within,insufficient data,negligible
agr_big,tha_pit,23,0.22386911130466447,0.47799079881395284,DE,1,DE,0.22386911130466447,NA,0.22386911130466447,0.22386911130466447,1,NA,NA,FALSE,z_within,insufficient data,weak
agr_big,tha_pro,230,0.0620513058985319,0.5245800757490956,DE,1,DE,0.0620513058985319,NA,0.0620513058985319,0.0620513058985319,1,NA,NA,FALSE,z_within,insufficient data,negligible
agr_big,tom_spp,533,0.33320232030004104,1.2135501492442922e-13,"DE,PL",2,"DE,PL",0.32857891346804935,0.13839792501061968,0.2307168021908929,0.42644102474520584,1,0.10248551810914813,PL,FALSE,z_within,consistent,moderate
agr_big,tor_vir,570,0.16928675351966008,3.5752342655904107e-4,"DE,PL",2,"DE,PL",0.14991687307231408,0.14441241906008637,0.04780187226737358,0.25203187387725456,1,0.1214848812522865,PL,FALSE,z_within,consistent,weak
agr_big,uro_sir_spp,92,0.22612088080254372,0.08858111568980054,DE,1,DE,0.22612088080254372,NA,0.22612088080254372,0.22612088080254372,1,NA,NA,FALSE,z_within,insufficient data,weak
agr_big,xyl_lin,230,0.0606327788079029,0.5341176293456127,DE,1,DE,0.0606327788079029,NA,0.0606327788079029,0.0606327788079029,1,NA,NA,FALSE,z_within,insufficient data,negligible
agr_big,xyl_spp,253,0.09401765810216339,0.2669384382530187,DE,1,DE,0.09401765810216339,NA,0.09401765810216339,0.09401765810216339,1,NA,NA,FALSE,z_within,insufficient data,negligible
agr_big,zei_gri,23,0.006149642809086199,0.9859592162436267,DE,1,DE,0.006149642809086199,NA,0.006149642809086199,0.006149642809086199,1,NA,NA,FALSE,z_within,insufficient data,negligible
agr_vir,bup_pin,138,-0.15322996158086244,0.1661370016909751,DE,1,DE,-0.15322996158086244,NA,-0.15322996158086244,-0.15322996158086244,1,NA,NA,FALSE,z_within,insufficient data,weak
agr_vir,cep_spp,0,NA,NA,,0,NA,NA,NA,NA,NA,NA,NA,NA,NA,z_within,insufficient data,NA
agr_vir,clo_ana,0,NA,NA,,0,NA,NA,NA,NA,NA,NA,NA,NA,NA,z_within,insufficient data,NA
agr_vir,den_mic,23,0.7693546402599964,1.470603863984859e-4,DE,1,DE,0.7693546402599964,NA,0.7693546402599964,0.7693546402599964,1,NA,NA,FALSE,z_within,insufficient data,strong
agr_vir,den_pin,92,-0.11679159435643065,0.4429734971200848,DE,1,DE,-0.11679159435643065,NA,-0.11679159435643065,-0.11679159435643065,1,NA,NA,FALSE,z_within,insufficient data,weak
agr_vir,dip_sp,184,-0.023275853826580244,0.833860330025205,DE,1,DE,-0.023275853826580244,NA,-0.023275853826580244,-0.023275853826580244,1,NA,NA,FALSE,z_within,insufficient data,negligible
agr_vir,era_def,184,0.09436195187295861,0.36443254778086254,DE,1,DE,0.09436195187295861,NA,0.09436195187295861,0.09436195187295861,1,NA,NA,FALSE,z_within,insufficient data,negligible
agr_vir,geo_db,161,-0.17486371436479012,0.07867521367558006,DE,1,DE,-0.17486371436479012,NA,-0.17486371436479012,-0.17486371436479012,1,NA,NA,FALSE,z_within,insufficient data,weak
agr_vir,ips_acu,138,0.4701470767696961,1.0052962841898035e-7,DE,1,DE,0.4701470767696961,NA,0.4701470767696961,0.4701470767696961,1,NA,NA,FALSE,z_within,insufficient data,moderate
agr_vir,ips_ami,46,-0.06261931301983985,0.7871341917865644,DE,1,DE,-0.06261931301983985,NA,-0.06261931301983985,-0.06261931301983985,1,NA,NA,FALSE,z_within,insufficient data,negligible
agr_vir,ips_cem,207,0.2848920006194881,2.4415380335130767e-4,DE,1,DE,0.2848920006194881,NA,0.2848920006194881,0.2848920006194881,1,NA,NA,FALSE,z_within,insufficient data,weak
agr_vir,ips_dup,0,NA,NA,,0,NA,NA,NA,NA,NA,NA,NA,NA,NA,z_within,insufficient data,NA
agr_vir,ips_sex,138,0.25127795465337566,0.0129977991901033,DE,1,DE,0.25127795465337566,NA,0.25127795465337566,0.25127795465337566,1,NA,NA,FALSE,z_within,insufficient data,weak
agr_vir,ips_typ,207,0.29213200593072136,1.5725918444733531e-4,DE,1,DE,0.29213200593072136,NA,0.29213200593072136,0.29213200593072136,1,NA,NA,FALSE,z_within,insufficient data,weak
agr_vir,lym_dis,161,0.36464002527305583,2.0201355086644108e-5,DE,1,DE,0.36464002527305583,NA,0.36464002527305583,0.36464002527305583,1,NA,NA,FALSE,z_within,insufficient data,moderate
agr_vir,lym_mon,138,-0.17507862178476968,0.10836343901756693,DE,1,DE,-0.17507862178476968,NA,-0.17507862178476968,-0.17507862178476968,1,NA,NA,FALSE,z_within,insufficient data,weak
agr_vir,mel_spp,161,0.11997315562944859,0.2565776286456645,DE,1,DE,0.11997315562944859,NA,0.11997315562944859,0.11997315562944859,1,NA,NA,FALSE,z_within,insufficient data,weak
agr_vir,neo_ser,23,0.24284748902538117,0.4381390833007212,DE,1,DE,0.24284748902538117,NA,0.24284748902538117,0.24284748902538117,1,NA,NA,FALSE,z_within,insufficient data,weak
agr_vir,ope_spp,161,0.0646994334318808,0.5859354519135168,DE,1,DE,0.0646994334318808,NA,0.0646994334318808,0.0646994334318808,1,NA,NA,FALSE,z_within,insufficient data,negligible
agr_vir,pan_fla,115,-0.1259169781486554,0.33262920928818546,DE,1,DE,-0.1259169781486554,NA,-0.1259169781486554,-0.1259169781486554,1,NA,NA,FALSE,z_within,insufficient data,weak
agr_vir,pha_cya,207,0.40813548237545116,2.0637995814410417e-8,DE,1,DE,0.40813548237545116,NA,0.40813548237545116,0.40813548237545116,1,NA,NA,FALSE,z_within,insufficient data,moderate
agr_vir,pis_pin,138,0.1481390221526748,0.18285225082663564,DE,1,DE,0.1481390221526748,NA,0.1481390221526748,0.1481390221526748,1,NA,NA,FALSE,z_within,insufficient data,weak
agr_vir,pit_bid,92,0.4054515066097496,4.3172420136915017e-4,DE,1,DE,0.4054515066097496,NA,0.4054515066097496,0.4054515066097496,1,NA,NA,FALSE,z_within,insufficient data,moderate
agr_vir,pit_cha,207,0.17793386462787442,0.03671506264445368,DE,1,DE,0.17793386462787442,NA,0.17793386462787442,0.17793386462787442,1,NA,NA,FALSE,z_within,insufficient data,weak
agr_vir,pit_spp,69,0.08617441261279489,0.6427236872372564,DE,1,DE,0.08617441261279489,NA,0.08617441261279489,0.08617441261279489,1,NA,NA,FALSE,z_within,insufficient data,negligible
agr_vir,pol_pol,0,NA,NA,,0,NA,NA,NA,NA,NA,NA,NA,NA,NA,z_within,insufficient data,NA
agr_vir,pri_abi,138,-0.21430461722681685,0.04085424111580025,DE,1,DE,-0.21430461722681685,NA,-0.21430461722681685,-0.21430461722681685,1,NA,NA,FALSE,z_within,insufficient data,weak
agr_vir,sap_car,23,0.47273607767830916,0.06971246822944581,DE,1,DE,0.47273607767830916,NA,0.47273607767830916,0.47273607767830916,1,NA,NA,FALSE,z_within,insufficient data,moderate
agr_vir,sco_int,138,0.2533880052668425,0.012160238236776737,DE,1,DE,0.2533880052668425,NA,0.2533880052668425,0.2533880052668425,1,NA,NA,FALSE,z_within,insufficient data,weak
agr_vir,sco_rat,46,0.44660997739058744,0.008623739840138934,DE,1,DE,0.44660997739058744,NA,0.44660997739058744,0.44660997739058744,1,NA,NA,FALSE,z_within,insufficient data,moderate
agr_vir,sco_sco,92,0.009041036574031498,0.9596666943264502,DE,1,DE,0.009041036574031498,NA,0.009041036574031498,0.009041036574031498,1,NA,NA,FALSE,z_within,insufficient data,negligible
agr_vir,tet_gab,161,0.20557875517291666,0.03210078804972419,DE,1,DE,0.20557875517291666,NA,0.20557875517291666,0.20557875517291666,1,NA,NA,FALSE,z_within,insufficient data,weak
agr_vir,tet_spp,161,0.08333191916871574,0.46700603173249094,DE,1,DE,0.08333191916871574,NA,0.08333191916871574,0.08333191916871574,1,NA,NA,FALSE,z_within,insufficient data,negligible
agr_vir,tha_pit,23,0.4819421532933191,0.06289095826173172,DE,1,DE,0.4819421532933191,NA,0.4819421532933191,0.4819421532933191,1,NA,NA,FALSE,z_within,insufficient data,moderate
agr_vir,tha_pro,184,0.22867607226968842,0.008386613133271768,DE,1,DE,0.22867607226968842,NA,0.22867607226968842,0.22867607226968842,1,NA,NA,FALSE,z_within,insufficient data,weak
agr_vir,tom_spp,207,0.17343652188604344,0.04352535539040531,DE,1,DE,0.17343652188604344,NA,0.17343652188604344,0.17343652188604344,1,NA,NA,FALSE,z_within,insufficient data,weak
agr_vir,tor_vir,207,-0.023473080572688366,0.8217190620387868,DE,1,DE,-0.023473080572688366,NA,-0.023473080572688366,-0.023473080572688366,1,NA,NA,FALSE,z_within,insufficient data,negligible
agr_vir,uro_sir_spp,69,0.12944890142742785,0.46628351872087825,DE,1,DE,0.12944890142742785,NA,0.12944890142742785,0.12944890142742785,1,NA,NA,FALSE,z_within,insufficient data,weak
agr_vir,xyl_lin,184,-0.1922649887915832,0.03212662033924063,DE,1,DE,-0.1922649887915832,NA,-0.1922649887915832,-0.1922649887915832,1,NA,NA,FALSE,z_within,insufficient data,weak
agr_vir,xyl_spp,207,-0.1170737818533673,0.19991631442240787,DE,1,DE,-0.1170737818533673,NA,-0.1170737818533673,-0.1170737818533673,1,NA,NA,FALSE,z_within,insufficient data,weak
agr_vir,zei_gri,23,-0.13775445706015418,0.6832652053377484,DE,1,DE,-0.13775445706015418,NA,-0.13775445706015418,-0.13775445706015418,1,NA,NA,FALSE,z_within,insufficient data,weak
bup_pin,cep_spp,0,NA,NA,,0,NA,NA,NA,NA,NA,NA,NA,NA,NA,z_within,insufficient data,NA
bup_pin,clo_ana,0,NA,NA,,0,NA,NA,NA,NA,NA,NA,NA,NA,NA,z_within,insufficient data,NA
bup_pin,den_mic,0,NA,NA,,0,NA,NA,NA,NA,NA,NA,NA,NA,NA,z_within,insufficient data,NA
bup_pin,den_pin,375,0.36819042668057694,6.253537268625559e-12,"DE,PL",2,"DE,PL",0.38719529717102186,0.07003700422443138,0.33767165654993553,0.43671893779210813,1,0.06852851111153119,PL,FALSE,z_within,consistent,moderate
bup_pin,dip_sp,441,0.31976033256971936,1.6053281990010263e-10,"DE,PL",2,"DE,PL",0.3152872726042002,0.023721982757044964,0.2985132977335034,0.33206124747489707,1,0.021247034836215983,PL,FALSE,z_within,consistent,moderate
bup_pin,era_def,161,-0.06018925444776836,0.6147869578177126,DE,1,DE,-0.06018925444776836,NA,-0.06018925444776836,-0.06018925444776836,1,NA,NA,FALSE,z_within,insufficient data,negligible
bup_pin,geo_db,395,0.1837680358682625,0.0015037562191405653,"DE,PL",2,"DE,PL",0.12273167631150139,0.20804959136940815,-0.02438160056889732,0.2698449531919001,0.5,0.20814963643715984,PL,TRUE,z_within,inconsistent,weak
bup_pin,ips_acu,375,-0.2346991825263723,4.139569555385948e-5,"DE,PL",2,"DE,PL",-0.15338577971872241,0.29965724516804915,-0.3652754498087298,0.05850389037128495,0.5,0.29320307289765724,PL,TRUE,z_within,inconsistent,weak
bup_pin,ips_ami,23,0.2325004055948246,0.46307230354743784,DE,1,DE,0.2325004055948246,NA,0.2325004055948246,0.2325004055948246,1,NA,NA,FALSE,z_within,insufficient data,weak
bup_pin,ips_cem,184,0.2035466331704299,0.02206853182351518,DE,1,DE,0.2035466331704299,NA,0.2035466331704299,0.2035466331704299,1,NA,NA,FALSE,z_within,insufficient data,weak
bup_pin,ips_dup,0,NA,NA,,0,NA,NA,NA,NA,NA,NA,NA,NA,NA,z_within,insufficient data,NA
bup_pin,ips_sex,138,0.25145974022469053,0.012961094517612383,DE,1,DE,0.25145974022469053,NA,0.25145974022469053,0.25145974022469053,1,NA,NA,FALSE,z_within,insufficient data,weak
bup_pin,ips_typ,464,0.08722043139296448,0.14608072075631479,"DE,PL",2,"DE,PL",0.110492209464072,0.161630875139601,-0.0037980783962560313,0.22478249732440003,0.5,0.13756206593143555,PL,TRUE,z_within,inconsistent,negligible
bup_pin,lym_dis,161,0.19149794648436289,0.05001650791511124,DE,1,DE,0.19149794648436289,NA,0.19149794648436289,0.19149794648436289,1,NA,NA,FALSE,z_within,insufficient data,weak
bup_pin,lym_mon,464,0.3136177982309187,1.2873031040839446e-10,"DE,PL",2,"DE,PL",0.30656117667596217,0.049010776657097514,0.27190532415050916,0.34121702920141517,1,0.04171247408040951,PL,FALSE,z_within,consistent,moderate
bup_pin,mel_spp,441,0.22899176132458166,1.2765529340761058e-5,"DE,PL",2,"DE,PL",0.22227306114496792,0.03563128843323114,0.1970779354714164,0.24746818681851945,1,0.03191382585316527,PL,FALSE,z_within,consistent,weak
bup_pin,neo_ser,46,-0.1060048844379545,0.6434185631515276,DE,1,DE,-0.1060048844379545,NA,-0.1060048844379545,-0.1060048844379545,1,NA,NA,FALSE,z_within,insufficient data,weak
bup_pin,ope_spp,138,0.2109041046958048,0.0450771671390054,DE,1,DE,0.2109041046958048,NA,0.2109041046958048,0.2109041046958048,1,NA,NA,FALSE,z_within,insufficient data,weak
bup_pin,pan_fla,418,0.37370528267476955,1.2135501492442922e-13,"DE,PL",2,"DE,PL",0.4147463731773038,0.1723900372216395,0.29284820884888113,0.5366445375057264,1,0.16293925483095684,PL,FALSE,z_within,consistent,moderate
bup_pin,pha_cya,464,0.24656345209279046,1.0339720657376278e-6,"DE,PL",2,"DE,PL",0.23923706744621648,0.05088437842681495,0.20325637840415314,0.2752177564882798,1,0.043307073688637315,PL,FALSE,z_within,consistent,weak
bup_pin,pis_pin,138,0.2748315377423307,0.0055547992967350185,DE,1,DE,0.2748315377423307,NA,0.2748315377423307,0.2748315377423307,1,NA,NA,FALSE,z_within,insufficient data,weak
bup_pin,pit_bid,92,0.11893758063975918,0.4317207423115079,DE,1,DE,0.11893758063975918,NA,0.11893758063975918,0.11893758063975918,1,NA,NA,FALSE,z_within,insufficient data,weak
bup_pin,pit_cha,184,0.2882006577656623,5.049936855160328e-4,DE,1,DE,0.2882006577656623,NA,0.2882006577656623,0.2882006577656623,1,NA,NA,FALSE,z_within,insufficient data,weak
bup_pin,pit_spp,46,-0.10279297904618881,0.6524469658617936,DE,1,DE,-0.10279297904618881,NA,-0.10279297904618881,-0.10279297904618881,1,NA,NA,FALSE,z_within,insufficient data,weak
bup_pin,pol_pol,0,NA,NA,,0,NA,NA,NA,NA,NA,NA,NA,NA,NA,z_within,insufficient data,NA
bup_pin,pri_abi,161,0.11207858376349693,0.2983302497974633,DE,1,DE,0.11207858376349693,NA,0.11207858376349693,0.11207858376349693,1,NA,NA,FALSE,z_within,insufficient data,weak
bup_pin,sap_car,23,-0.23988087104031094,0.4448711271859397,DE,1,DE,-0.23988087104031094,NA,-0.23988087104031094,-0.23988087104031094,1,NA,NA,FALSE,z_within,insufficient data,weak
bup_pin,sco_int,115,-0.09181098423318342,0.5029232352719941,DE,1,DE,-0.09181098423318342,NA,-0.09181098423318342,-0.09181098423318342,1,NA,NA,FALSE,z_within,insufficient data,negligible
bup_pin,sco_rat,69,-0.058508791031153064,0.7607894929785463,DE,1,DE,-0.058508791031153064,NA,-0.058508791031153064,-0.058508791031153064,1,NA,NA,FALSE,z_within,insufficient data,negligible
bup_pin,sco_sco,69,0.11569773106173332,0.518551551540106,DE,1,DE,0.11569773106173332,NA,0.11569773106173332,0.11569773106173332,1,NA,NA,FALSE,z_within,insufficient data,weak
bup_pin,tet_gab,138,0.3561664914978123,1.481701659264438e-4,DE,1,DE,0.3561664914978123,NA,0.3561664914978123,0.3561664914978123,1,NA,NA,FALSE,z_within,insufficient data,moderate
bup_pin,tet_spp,115,0.18382826153365703,0.12597796215971702,DE,1,DE,0.18382826153365703,NA,0.18382826153365703,0.18382826153365703,1,NA,NA,FALSE,z_within,insufficient data,weak
bup_pin,tha_pit,23,-0.6439950439766439,0.0048552039058316065,DE,1,DE,-0.6439950439766439,NA,-0.6439950439766439,-0.6439950439766439,1,NA,NA,FALSE,z_within,insufficient data,strong
bup_pin,tha_pro,161,0.06135750591113279,0.6085911180581336,DE,1,DE,0.06135750591113279,NA,0.06135750591113279,0.06135750591113279,1,NA,NA,FALSE,z_within,insufficient data,negligible
bup_pin,tom_spp,404,0.2763126195280879,2.5130933622405733e-7,"DE,PL",2,"DE,PL",0.27196452505018454,0.07173989877985647,0.2212367561413115,0.3226922939590576,1,0.05507586338677639,PL,FALSE,z_within,consistent,weak
bup_pin,tor_vir,441,0.16669179263283912,0.002584678126242422,"DE,PL",2,"DE,PL",0.17419529635564496,0.03979333773790896,0.14605715739512298,0.20233343531616693,1,0.03564164268332781,PL,FALSE,z_within,consistent,weak
bup_pin,uro_sir_spp,46,0.03649087514490206,0.8716248450521834,DE,1,DE,0.03649087514490206,NA,0.03649087514490206,0.03649087514490206,1,NA,NA,FALSE,z_within,insufficient data,negligible
bup_pin,xyl_lin,161,0.29680306723036703,8.724626222210519e-4,DE,1,DE,0.29680306723036703,NA,0.29680306723036703,0.29680306723036703,1,NA,NA,FALSE,z_within,insufficient data,weak
bup_pin,xyl_spp,184,0.28698121489114825,5.396977784965436e-4,DE,1,DE,0.28698121489114825,NA,0.28698121489114825,0.28698121489114825,1,NA,NA,FALSE,z_within,insufficient data,weak
bup_pin,zei_gri,23,0.05686098573937332,0.8612335609475574,DE,1,DE,0.05686098573937332,NA,0.05686098573937332,0.05686098573937332,1,NA,NA,FALSE,z_within,insufficient data,negligible
cep_spp,clo_ana,0,NA,NA,,0,NA,NA,NA,NA,NA,NA,NA,NA,NA,z_within,insufficient data,NA
cep_spp,den_mic,23,-0.10852937104017223,0.7549356563496354,CZ,1,CZ,-0.10852937104017223,NA,-0.10852937104017223,-0.10852937104017223,1,NA,NA,FALSE,z_within,insufficient data,weak
cep_spp,den_pin,0,NA,NA,,0,NA,NA,NA,NA,NA,NA,NA,NA,NA,z_within,insufficient data,NA
cep_spp,dip_sp,0,NA,NA,,0,NA,NA,NA,NA,NA,NA,NA,NA,NA,z_within,insufficient data,NA
cep_spp,era_def,0,NA,NA,,0,NA,NA,NA,NA,NA,NA,NA,NA,NA,z_within,insufficient data,NA
cep_spp,geo_db,0,NA,NA,,0,NA,NA,NA,NA,NA,NA,NA,NA,NA,z_within,insufficient data,NA
cep_spp,ips_acu,161,-0.1323541372395329,0.2017027294324669,CZ,1,CZ,-0.1323541372395329,NA,-0.1323541372395329,-0.1323541372395329,1,NA,NA,FALSE,z_within,insufficient data,weak
cep_spp,ips_ami,0,NA,NA,,0,NA,NA,NA,NA,NA,NA,NA,NA,NA,z_within,insufficient data,NA
cep_spp,ips_cem,0,NA,NA,,0,NA,NA,NA,NA,NA,NA,NA,NA,NA,z_within,insufficient data,NA
cep_spp,ips_dup,161,-0.26750068839798585,0.003365881199359815,CZ,1,CZ,-0.26750068839798585,NA,-0.26750068839798585,-0.26750068839798585,1,NA,NA,FALSE,z_within,insufficient data,weak
cep_spp,ips_sex,161,-0.18201932465111778,0.06491541373670669,CZ,1,CZ,-0.18201932465111778,NA,-0.18201932465111778,-0.18201932465111778,1,NA,NA,FALSE,z_within,insufficient data,weak
cep_spp,ips_typ,161,-0.3086505720179531,4.748295009187345e-4,CZ,1,CZ,-0.3086505720179531,NA,-0.3086505720179531,-0.3086505720179531,1,NA,NA,FALSE,z_within,insufficient data,moderate
cep_spp,lym_dis,115,-0.048900388515316244,0.7408276627632945,CZ,1,CZ,-0.048900388515316244,NA,-0.048900388515316244,-0.048900388515316244,1,NA,NA,FALSE,z_within,insufficient data,negligible
cep_spp,lym_mon,138,0.14391281355955865,0.19867028560196215,CZ,1,CZ,0.14391281355955865,NA,0.14391281355955865,0.14391281355955865,1,NA,NA,FALSE,z_within,insufficient data,weak
cep_spp,mel_spp,0,NA,NA,,0,NA,NA,NA,NA,NA,NA,NA,NA,NA,z_within,insufficient data,NA
cep_spp,neo_ser,46,-0.05881882010846213,0.7984683097814228,CZ,1,CZ,-0.05881882010846213,NA,-0.05881882010846213,-0.05881882010846213,1,NA,NA,FALSE,z_within,insufficient data,negligible
cep_spp,ope_spp,0,NA,NA,,0,NA,NA,NA,NA,NA,NA,NA,NA,NA,z_within,insufficient data,NA
cep_spp,pan_fla,23,-0.2632700447611223,0.38968095331271935,CZ,1,CZ,-0.2632700447611223,NA,-0.2632700447611223,-0.2632700447611223,1,NA,NA,FALSE,z_within,insufficient data,weak
cep_spp,pha_cya,161,-0.08165632095752541,0.4766152590549691,CZ,1,CZ,-0.08165632095752541,NA,-0.08165632095752541,-0.08165632095752541,1,NA,NA,FALSE,z_within,insufficient data,negligible
cep_spp,pis_pin,0,NA,NA,,0,NA,NA,NA,NA,NA,NA,NA,NA,NA,z_within,insufficient data,NA
cep_spp,pit_bid,0,NA,NA,,0,NA,NA,NA,NA,NA,NA,NA,NA,NA,z_within,insufficient data,NA
cep_spp,pit_cha,0,NA,NA,,0,NA,NA,NA,NA,NA,NA,NA,NA,NA,z_within,insufficient data,NA
cep_spp,pit_spp,161,-0.30151873422441144,6.878789872530258e-4,CZ,1,CZ,-0.30151873422441144,NA,-0.30151873422441144,-0.30151873422441144,1,NA,NA,FALSE,z_within,insufficient data,moderate
cep_spp,pol_pol,161,0.01702239275412908,0.8861211951530841,CZ,1,CZ,0.01702239275412908,NA,0.01702239275412908,0.01702239275412908,1,NA,NA,FALSE,z_within,insufficient data,negligible
cep_spp,pri_abi,138,0.4241814920248439,2.6396185688763734e-6,CZ,1,CZ,0.4241814920248439,NA,0.4241814920248439,0.4241814920248439,1,NA,NA,FALSE,z_within,insufficient data,moderate
cep_spp,sap_car,0,NA,NA,,0,NA,NA,NA,NA,NA,NA,NA,NA,NA,z_within,insufficient data,NA
cep_spp,sco_int,161,-0.13321963715066498,0.19867028560196215,CZ,1,CZ,-0.13321963715066498,NA,-0.13321963715066498,-0.13321963715066498,1,NA,NA,FALSE,z_within,insufficient data,weak
cep_spp,sco_rat,161,-0.2803473165745918,0.001909252429840233,CZ,1,CZ,-0.2803473165745918,NA,-0.2803473165745918,-0.2803473165745918,1,NA,NA,FALSE,z_within,insufficient data,weak
cep_spp,sco_sco,0,NA,NA,,0,NA,NA,NA,NA,NA,NA,NA,NA,NA,z_within,insufficient data,NA
cep_spp,tet_gab,46,0.30764492106557895,0.10369575507806982,CZ,1,CZ,0.30764492106557895,NA,0.30764492106557895,0.30764492106557895,1,NA,NA,FALSE,z_within,insufficient data,moderate
cep_spp,tet_spp,0,NA,NA,,0,NA,NA,NA,NA,NA,NA,NA,NA,NA,z_within,insufficient data,NA
cep_spp,tha_pit,0,NA,NA,,0,NA,NA,NA,NA,NA,NA,NA,NA,NA,z_within,insufficient data,NA
cep_spp,tha_pro,0,NA,NA,,0,NA,NA,NA,NA,NA,NA,NA,NA,NA,z_within,insufficient data,NA
cep_spp,tom_spp,161,-0.18084574632645886,0.06715076333916373,CZ,1,CZ,-0.18084574632645886,NA,-0.18084574632645886,-0.18084574632645886,1,NA,NA,FALSE,z_within,insufficient data,weak
cep_spp,tor_vir,0,NA,NA,,0,NA,NA,NA,NA,NA,NA,NA,NA,NA,z_within,insufficient data,NA
cep_spp,uro_sir_spp,0,NA,NA,,0,NA,NA,NA,NA,NA,NA,NA,NA,NA,z_within,insufficient data,NA
cep_spp,xyl_lin,0,NA,NA,,0,NA,NA,NA,NA,NA,NA,NA,NA,NA,z_within,insufficient data,NA
cep_spp,xyl_spp,0,NA,NA,,0,NA,NA,NA,NA,NA,NA,NA,NA,NA,z_within,insufficient data,NA
cep_spp,zei_gri,161,0.03014999269485231,0.8002197267295614,CZ,1,CZ,0.03014999269485231,NA,0.03014999269485231,0.03014999269485231,1,NA,NA,FALSE,z_within,insufficient data,negligible
clo_ana,den_mic,0,NA,NA,,0,NA,NA,NA,NA,NA,NA,NA,NA,NA,z_within,insufficient data,NA
clo_ana,den_pin,0,NA,NA,,0,NA,NA,NA,NA,NA,NA,NA,NA,NA,z_within,insufficient data,NA
clo_ana,dip_sp,0,NA,NA,,0,NA,NA,NA,NA,NA,NA,NA,NA,NA,z_within,insufficient data,NA
clo_ana,era_def,0,NA,NA,,0,NA,NA,NA,NA,NA,NA,NA,NA,NA,z_within,insufficient data,NA
clo_ana,geo_db,23,-0.3995241449660467,0.14337912736387973,RO,1,RO,-0.3995241449660467,NA,-0.3995241449660467,-0.3995241449660467,1,NA,NA,FALSE,z_within,insufficient data,moderate
clo_ana,ips_acu,0,NA,NA,,0,NA,NA,NA,NA,NA,NA,NA,NA,NA,z_within,insufficient data,NA
clo_ana,ips_ami,0,NA,NA,,0,NA,NA,NA,NA,NA,NA,NA,NA,NA,z_within,insufficient data,NA
clo_ana,ips_cem,0,NA,NA,,0,NA,NA,NA,NA,NA,NA,NA,NA,NA,z_within,insufficient data,NA
clo_ana,ips_dup,22,0.5583304608419918,0.026221668339408796,RO,1,RO,0.5583304608419918,NA,0.5583304608419918,0.5583304608419918,1,NA,NA,FALSE,z_within,insufficient data,strong
clo_ana,ips_sex,0,NA,NA,,0,NA,NA,NA,NA,NA,NA,NA,NA,NA,z_within,insufficient data,NA
clo_ana,ips_typ,22,-0.3055440512168623,0.31163326250698525,RO,1,RO,-0.3055440512168623,NA,-0.3055440512168623,-0.3055440512168623,1,NA,NA,FALSE,z_within,insufficient data,moderate
clo_ana,lym_dis,23,0.018086008169012586,0.9616469642982058,RO,1,RO,0.018086008169012586,NA,0.018086008169012586,0.018086008169012586,1,NA,NA,FALSE,z_within,insufficient data,negligible
clo_ana,lym_mon,0,NA,NA,,0,NA,NA,NA,NA,NA,NA,NA,NA,NA,z_within,insufficient data,NA
clo_ana,mel_spp,0,NA,NA,,0,NA,NA,NA,NA,NA,NA,NA,NA,NA,z_within,insufficient data,NA
clo_ana,neo_ser,0,NA,NA,,0,NA,NA,NA,NA,NA,NA,NA,NA,NA,z_within,insufficient data,NA
clo_ana,ope_spp,0,NA,NA,,0,NA,NA,NA,NA,NA,NA,NA,NA,NA,z_within,insufficient data,NA
clo_ana,pan_fla,0,NA,NA,,0,NA,NA,NA,NA,NA,NA,NA,NA,NA,z_within,insufficient data,NA
clo_ana,pha_cya,0,NA,NA,,0,NA,NA,NA,NA,NA,NA,NA,NA,NA,z_within,insufficient data,NA
clo_ana,pis_pin,0,NA,NA,,0,NA,NA,NA,NA,NA,NA,NA,NA,NA,z_within,insufficient data,NA
clo_ana,pit_bid,0,NA,NA,,0,NA,NA,NA,NA,NA,NA,NA,NA,NA,z_within,insufficient data,NA
clo_ana,pit_cha,0,NA,NA,,0,NA,NA,NA,NA,NA,NA,NA,NA,NA,z_within,insufficient data,NA
clo_ana,pit_spp,0,NA,NA,,0,NA,NA,NA,NA,NA,NA,NA,NA,NA,z_within,insufficient data,NA
clo_ana,pol_pol,0,NA,NA,,0,NA,NA,NA,NA,NA,NA,NA,NA,NA,z_within,insufficient data,NA
clo_ana,pri_abi,0,NA,NA,,0,NA,NA,NA,NA,NA,NA,NA,NA,NA,z_within,insufficient data,NA
clo_ana,sap_car,0,NA,NA,,0,NA,NA,NA,NA,NA,NA,NA,NA,NA,z_within,insufficient data,NA
clo_ana,sco_int,0,NA,NA,,0,NA,NA,NA,NA,NA,NA,NA,NA,NA,z_within,insufficient data,NA
clo_ana,sco_rat,0,NA,NA,,0,NA,NA,NA,NA,NA,NA,NA,NA,NA,z_within,insufficient data,NA
clo_ana,sco_sco,0,NA,NA,,0,NA,NA,NA,NA,NA,NA,NA,NA,NA,z_within,insufficient data,NA
clo_ana,tet_gab,0,NA,NA,,0,NA,NA,NA,NA,NA,NA,NA,NA,NA,z_within,insufficient data,NA
clo_ana,tet_spp,0,NA,NA,,0,NA,NA,NA,NA,NA,NA,NA,NA,NA,z_within,insufficient data,NA
clo_ana,tha_pit,0,NA,NA,,0,NA,NA,NA,NA,NA,NA,NA,NA,NA,z_within,insufficient data,NA
clo_ana,tha_pro,0,NA,NA,,0,NA,NA,NA,NA,NA,NA,NA,NA,NA,z_within,insufficient data,NA
clo_ana,tom_spp,0,NA,NA,,0,NA,NA,NA,NA,NA,NA,NA,NA,NA,z_within,insufficient data,NA
clo_ana,tor_vir,23,-0.5616943032115271,0.02105676114530876,RO,1,RO,-0.5616943032115271,NA,-0.5616943032115271,-0.5616943032115271,1,NA,NA,FALSE,z_within,insufficient data,strong
clo_ana,uro_sir_spp,0,NA,NA,,0,NA,NA,NA,NA,NA,NA,NA,NA,NA,z_within,insufficient data,NA
clo_ana,xyl_lin,0,NA,NA,,0,NA,NA,NA,NA,NA,NA,NA,NA,NA,z_within,insufficient data,NA
clo_ana,xyl_spp,0,NA,NA,,0,NA,NA,NA,NA,NA,NA,NA,NA,NA,z_within,insufficient data,NA
clo_ana,zei_gri,0,NA,NA,,0,NA,NA,NA,NA,NA,NA,NA,NA,NA,z_within,insufficient data,NA
den_mic,den_pin,23,0.4329575969819365,0.1067085697883726,LT,1,LT,0.4329575969819365,NA,0.4329575969819365,0.4329575969819365,1,NA,NA,FALSE,z_within,insufficient data,moderate
den_mic,dip_sp,23,0.18673725823522513,0.5687439358496982,LT,1,LT,0.18673725823522513,NA,0.18673725823522513,0.18673725823522513,1,NA,NA,FALSE,z_within,insufficient data,weak
den_mic,era_def,23,-0.11215048658060106,0.7465575075171318,DE,1,DE,-0.11215048658060106,NA,-0.11215048658060106,-0.11215048658060106,1,NA,NA,FALSE,z_within,insufficient data,weak
den_mic,geo_db,23,-0.27284088622532837,0.37168193931414223,LT,1,LT,-0.27284088622532837,NA,-0.27284088622532837,-0.27284088622532837,1,NA,NA,FALSE,z_within,insufficient data,weak
den_mic,ips_acu,46,0.005844293675881043,0.9810235489719787,"CZ,LT",2,"CZ,LT",0.005844293675881045,0.027935220453610993,-0.01390889014080843,0.02559747749257052,0.5,0.019753183816689477,LT,TRUE,z_within,inconsistent,negligible
den_mic,ips_ami,23,-0.16489564030321066,0.6176541189862271,DE,1,DE,-0.16489564030321066,NA,-0.16489564030321066,-0.16489564030321066,1,NA,NA,FALSE,z_within,insufficient data,weak
den_mic,ips_cem,23,0.2775572961866366,0.3612156916903183,DE,1,DE,0.2775572961866366,NA,0.2775572961866366,0.2775572961866366,1,NA,NA,FALSE,z_within,insufficient data,weak
den_mic,ips_dup,23,-0.4087510131576323,0.13094970623293742,CZ,1,CZ,-0.4087510131576323,NA,-0.4087510131576323,-0.4087510131576323,1,NA,NA,FALSE,z_within,insufficient data,moderate
den_mic,ips_sex,23,-0.12639434103572164,0.7125401627947997,CZ,1,CZ,-0.12639434103572164,NA,-0.12639434103572164,-0.12639434103572164,1,NA,NA,FALSE,z_within,insufficient data,weak
den_mic,ips_typ,69,-0.1161791207461158,0.51755585292737,"CZ,DE,LT",3,"CZ,DE,LT",-0.11617912074611582,0.27199628589662506,-0.3331588770129552,0.1889622729404412,0.6666666666666666,0.15257069684327856,DE,FALSE,z_within,inconsistent,weak
den_mic,lym_dis,23,0.27699953281394063,0.3622648937677293,LT,1,LT,0.27699953281394063,NA,0.27699953281394063,0.27699953281394063,1,NA,NA,FALSE,z_within,insufficient data,weak
den_mic,lym_mon,23,-0.20031172025825586,0.5340921081608153,LT,1,LT,-0.20031172025825586,NA,-0.20031172025825586,-0.20031172025825586,1,NA,NA,FALSE,z_within,insufficient data,weak
den_mic,mel_spp,0,NA,NA,,0,NA,NA,NA,NA,NA,NA,NA,NA,NA,z_within,insufficient data,NA
den_mic,neo_ser,0,NA,NA,,0,NA,NA,NA,NA,NA,NA,NA,NA,NA,z_within,insufficient data,NA
den_mic,ope_spp,23,-0.11206835021885247,0.7465575075171318,DE,1,DE,-0.11206835021885247,NA,-0.11206835021885247,-0.11206835021885247,1,NA,NA,FALSE,z_within,insufficient data,weak
den_mic,pan_fla,23,-0.02412422073911762,0.9481980548328358,LT,1,LT,-0.02412422073911762,NA,-0.02412422073911762,-0.02412422073911762,1,NA,NA,FALSE,z_within,insufficient data,negligible
den_mic,pha_cya,69,-0.10591108390854956,0.5616711653051603,"CZ,DE,LT",3,"CZ,DE,LT",-0.10591108390854956,0.10428118269948627,-0.2263242758434149,-0.04545454545454546,1,0.06020659596743268,LT,FALSE,z_within,consistent,weak
den_mic,pis_pin,23,0.2296257921084678,0.46700603173249094,LT,1,LT,0.2296257921084678,NA,0.2296257921084678,0.2296257921084678,1,NA,NA,FALSE,z_within,insufficient data,weak
den_mic,pit_bid,0,NA,NA,,0,NA,NA,NA,NA,NA,NA,NA,NA,NA,z_within,insufficient data,NA
den_mic,pit_cha,46,0.12967312900881206,0.565330346388565,"DE,LT",2,"DE,LT",0.12967312900881206,0.03207679691617218,0.10699140839064299,0.15235484962698115,1,0.022681720618169088,DE,FALSE,z_within,consistent,weak
den_mic,pit_spp,23,0.0650932592453634,0.8420313197910431,CZ,1,CZ,0.0650932592453634,NA,0.0650932592453634,0.0650932592453634,1,NA,NA,FALSE,z_within,insufficient data,negligible
den_mic,pol_pol,46,-0.2456644615835504,0.21106892859388404,"CZ,LT",2,"CZ,LT",-0.2456644615835504,0.16640744716492706,-0.36333229591381244,-0.12799662725328836,1,0.11766783433026204,CZ,FALSE,z_within,consistent,weak
den_mic,pri_abi,23,0.4021470672164959,0.13969175840507114,CZ,1,CZ,0.4021470672164959,NA,0.4021470672164959,0.4021470672164959,1,NA,NA,FALSE,z_within,insufficient data,moderate
den_mic,sap_car,0,NA,NA,,0,NA,NA,NA,NA,NA,NA,NA,NA,NA,z_within,insufficient data,NA
den_mic,sco_int,46,0.006152597081615267,0.9810235489719787,"CZ,DE",2,"CZ,DE",0.006152597081615269,0.07298352088995994,-0.045454545454545456,0.057759739617775994,0.5,0.05160714253616073,DE,TRUE,z_within,inconsistent,negligible
den_mic,sco_rat,46,-0.02221613819249527,0.9270602760068806,"CZ,LT",2,"CZ,LT",-0.02221613819249528,0.3149019923153573,-0.24488547236783853,0.20045319598284797,0.5,0.22266933417534326,LT,TRUE,z_within,inconsistent,negligible
den_mic,sco_sco,46,-0.09456034591249297,0.6836893173600668,"DE,LT",2,"DE,LT",-0.09456034591249299,0.022967640743853112,-0.11080092043032796,-0.07831977139465801,1,0.01624057451783499,DE,FALSE,z_within,consistent,negligible
den_mic,tet_gab,23,0.22979319190479602,0.46700603173249094,DE,1,DE,0.22979319190479602,NA,0.22979319190479602,0.22979319190479602,1,NA,NA,FALSE,z_within,insufficient data,weak
den_mic,tet_spp,23,0.3388119209471302,0.23410069008451725,DE,1,DE,0.3388119209471302,NA,0.3388119209471302,0.3388119209471302,1,NA,NA,FALSE,z_within,insufficient data,moderate
den_mic,tha_pit,0,NA,NA,,0,NA,NA,NA,NA,NA,NA,NA,NA,NA,z_within,insufficient data,NA
den_mic,tha_pro,23,-0.04545454545454546,0.8883614608207209,DE,1,DE,-0.04545454545454546,NA,-0.04545454545454546,-0.04545454545454546,1,NA,NA,FALSE,z_within,insufficient data,negligible
den_mic,tom_spp,69,-0.009566237449802648,0.9631688247745364,"CZ,DE,LT",3,"CZ,DE,LT",-0.009566237449802653,0.13435185468275893,-0.1066760727580237,0.14376310824619606,0.6666666666666666,0.07666467284799937,LT,TRUE,z_within,inconsistent,negligible
den_mic,tor_vir,46,-0.052440742082064465,0.8182269556379271,"DE,LT",2,"DE,LT",-0.05244074208206447,0.10285169594654821,-0.12516787374240565,0.02028638957827671,0.5,0.07272713166034118,LT,TRUE,z_within,inconsistent,negligible
den_mic,uro_sir_spp,23,-0.045454545454545456,0.8883614608207209,DE,1,DE,-0.045454545454545456,NA,-0.045454545454545456,-0.045454545454545456,1,NA,NA,FALSE,z_within,insufficient data,negligible
den_mic,xyl_lin,23,-0.03725343431019633,0.9125527811507693,DE,1,DE,-0.03725343431019633,NA,-0.03725343431019633,-0.03725343431019633,1,NA,NA,FALSE,z_within,insufficient data,negligible
den_mic,xyl_spp,23,-0.0825349731013383,0.8034819024176845,DE,1,DE,-0.0825349731013383,NA,-0.0825349731013383,-0.0825349731013383,1,NA,NA,FALSE,z_within,insufficient data,negligible
den_mic,zei_gri,23,-0.0968452048716532,0.7758347808809419,CZ,1,CZ,-0.0968452048716532,NA,-0.0968452048716532,-0.0968452048716532,1,NA,NA,FALSE,z_within,insufficient data,negligible
den_pin,dip_sp,418,0.3076445644869295,3.2427205910216385e-9,"DE,LT,PL",3,"DE,LT,PL",0.21627449083329484,0.2217496397666874,-0.03642366878019748,0.37840950129192014,0.6666666666666666,0.027028274474128422,DE,FALSE,z_within,inconsistent,moderate
den_pin,era_def,115,0.05236952535273219,0.7219917060089053,DE,1,DE,0.05236952535273219,NA,0.05236952535273219,0.05236952535273219,1,NA,NA,FALSE,z_within,insufficient data,negligible
den_pin,geo_db,395,0.2637857055493073,1.3476885697860304e-6,"DE,LT,PL",3,"DE,LT,PL",0.18635640151524893,0.11753958954864173,0.11037318158681289,0.3217413779283343,1,0.14014735320746505,PL,FALSE,z_within,consistent,weak
den_pin,ips_acu,375,-0.13684989761595842,0.029483756909626235,"DE,LT,PL",3,"DE,LT,PL",0.012517172295812513,0.24100517140010713,-0.21944001761969778,0.26165127474938976,0.6666666666666666,0.18545236037203283,PL,TRUE,z_within,inconsistent,weak
den_pin,ips_ami,23,0.15747503237031577,0.6366102985205597,DE,1,DE,0.15747503237031577,NA,0.15747503237031577,0.15747503237031577,1,NA,NA,FALSE,z_within,insufficient data,weak
den_pin,ips_cem,115,0.21790087112659803,0.061514618456870986,DE,1,DE,0.21790087112659803,NA,0.21790087112659803,0.21790087112659803,1,NA,NA,FALSE,z_within,insufficient data,weak
den_pin,ips_dup,0,NA,NA,,0,NA,NA,NA,NA,NA,NA,NA,NA,NA,z_within,insufficient data,NA
den_pin,ips_sex,115,0.013074940840131617,0.9316201559132254,DE,1,DE,0.013074940840131617,NA,0.013074940840131617,0.013074940840131617,1,NA,NA,FALSE,z_within,insufficient data,negligible
den_pin,ips_typ,418,0.11541634996122327,0.058491448377103746,"DE,LT,PL",3,"DE,LT,PL",0.11453493423970514,0.0014993233404299359,0.11291178239412422,0.11586805023171218,1,9.102444844700658e-4,PL,FALSE,z_within,consistent,weak
den_pin,lym_dis,115,0.1815382838314081,0.12979072047123083,"DE,LT",2,"DE,LT",0.23649898417353005,0.1295436130355875,0.1448978169366601,0.3281001514104,1,0.1465618675789919,DE,FALSE,z_within,consistent,weak
den_pin,lym_mon,441,0.4432021899808284,1.2101521435308174e-20,"DE,LT,PL",3,"DE,LT,PL",0.26532669255429686,0.4459617794181079,-0.23544279747501903,0.6196553988827285,0.6666666666666666,0.08087438741337077,DE,FALSE,z_within,inconsistent,moderate
den_pin,mel_spp,372,0.10756913145244507,0.10467560467330475,"DE,PL",2,"DE,PL",0.0891780695043227,0.05172554375646827,0.0526025867535625,0.1257535522550829,1,0.05496654469888257,PL,FALSE,z_within,consistent,weak
den_pin,neo_ser,46,-0.13074981768605018,0.5616711653051603,DE,1,DE,-0.13074981768605018,NA,-0.13074981768605018,-0.13074981768605018,1,NA,NA,FALSE,z_within,insufficient data,weak
den_pin,ope_spp,92,0.3229249694011392,0.008056004005205118,DE,1,DE,0.3229249694011392,NA,0.3229249694011392,0.3229249694011392,1,NA,NA,FALSE,z_within,insufficient data,moderate
den_pin,pan_fla,395,0.30165047017685614,2.004189387395745e-8,"DE,LT,PL",3,"DE,LT,PL",0.2435770325967591,0.13792813876040988,0.08527791143281638,0.3378993530118463,1,0.01427540548081585,PL,FALSE,z_within,consistent,moderate
den_pin,pha_cya,418,0.09301882664157693,0.14001643793720664,"DE,LT,PL",3,"DE,LT,PL",0.05551439948227194,0.10806692598388645,-0.06389433078886773,0.14659752882044305,0.6666666666666666,0.020464087637761363,DE,FALSE,z_within,inconsistent,negligible
den_pin,pis_pin,138,0.10567655850645563,0.3793332801556017,"DE,LT",2,"DE,LT",0.16997474045897337,0.13639704142977532,0.07352746753019676,0.26642201338774996,1,0.16074545488129433,DE,FALSE,z_within,consistent,weak
den_pin,pit_bid,92,0.27182503700044225,0.03175068764449311,DE,1,DE,0.27182503700044225,NA,0.27182503700044225,0.27182503700044225,1,NA,NA,FALSE,z_within,insufficient data,weak
den_pin,pit_cha,138,0.2026225356910675,0.056240700090772935,"DE,LT",2,"DE,LT",0.22026540491850144,0.03742617741091803,0.19380110107735052,0.24672970875965236,1,0.04410717306858486,DE,FALSE,z_within,consistent,weak
den_pin,pit_spp,0,NA,NA,,0,NA,NA,NA,NA,NA,NA,NA,NA,NA,z_within,insufficient data,NA
den_pin,pol_pol,23,0.24962873584533693,0.4241509034342776,LT,1,LT,0.24962873584533693,NA,0.24962873584533693,0.24962873584533693,1,NA,NA,FALSE,z_within,insufficient data,weak
den_pin,pri_abi,115,0.028537371259221175,0.8387486374614179,DE,1,DE,0.028537371259221175,NA,0.028537371259221175,0.028537371259221175,1,NA,NA,FALSE,z_within,insufficient data,negligible
den_pin,sap_car,23,-0.15177611257650636,0.6481629439199131,DE,1,DE,-0.15177611257650636,NA,-0.15177611257650636,-0.15177611257650636,1,NA,NA,FALSE,z_within,insufficient data,weak
den_pin,sco_int,92,-0.04374446867728745,0.7871341917865644,DE,1,DE,-0.04374446867728745,NA,-0.04374446867728745,-0.04374446867728745,1,NA,NA,FALSE,z_within,insufficient data,negligible
den_pin,sco_rat,92,0.24020833554626667,0.06549609420453115,"DE,LT",2,"DE,LT",0.2444417364263471,0.011973865879143805,0.23597493466618627,0.2529085381865079,1,0.012700202640241215,DE,FALSE,z_within,consistent,weak
den_pin,sco_sco,92,0.15484514219113038,0.275009622082611,"DE,LT",2,"DE,LT",0.06693269800755758,0.2486539417315528,-0.10889219035958807,0.24275758637470324,0.5,0.26373733255071846,DE,TRUE,z_within,inconsistent,weak
den_pin,tet_gab,115,0.007299186530976299,0.9631688247745364,DE,1,DE,0.007299186530976299,NA,0.007299186530976299,0.007299186530976299,1,NA,NA,FALSE,z_within,insufficient data,negligible
den_pin,tet_spp,46,0.017661322080644484,0.945787156567521,DE,1,DE,0.017661322080644484,NA,0.017661322080644484,0.017661322080644484,1,NA,NA,FALSE,z_within,insufficient data,negligible
den_pin,tha_pit,23,-0.46113821271489674,0.07922882411741483,DE,1,DE,-0.46113821271489674,NA,-0.46113821271489674,-0.46113821271489674,1,NA,NA,FALSE,z_within,insufficient data,moderate
den_pin,tha_pro,92,0.1272038513434976,0.3924983294280119,DE,1,DE,0.1272038513434976,NA,0.1272038513434976,0.1272038513434976,1,NA,NA,FALSE,z_within,insufficient data,weak
den_pin,tom_spp,358,0.17421542865867715,0.004933984671825656,"DE,LT,PL",3,"DE,LT,PL",0.18982273447029183,0.054744670128302114,0.1369573217192927,0.24627068711258868,1,0.019039212707168462,PL,FALSE,z_within,consistent,weak
den_pin,tor_vir,418,0.15219879073042472,0.008394773973593917,"DE,LT,PL",3,"DE,LT,PL",0.25851489222270735,0.18841957576162455,0.041428962858144076,0.37959623734799103,1,0.2232179864698989,PL,FALSE,z_within,consistent,weak
den_pin,uro_sir_spp,23,0.43376798937257055,0.1058890204931699,DE,1,DE,0.43376798937257055,NA,0.43376798937257055,0.43376798937257055,1,NA,NA,FALSE,z_within,insufficient data,moderate
den_pin,xyl_lin,115,0.3812946579062535,2.062822030706811e-4,DE,1,DE,0.3812946579062535,NA,0.3812946579062535,0.3812946579062535,1,NA,NA,FALSE,z_within,insufficient data,moderate
den_pin,xyl_spp,115,0.09399678264424874,0.49255039276869944,DE,1,DE,0.09399678264424874,NA,0.09399678264424874,0.09399678264424874,1,NA,NA,FALSE,z_within,insufficient data,negligible
den_pin,zei_gri,23,-0.19018198491410837,0.5608504359244649,DE,1,DE,-0.19018198491410837,NA,-0.19018198491410837,-0.19018198491410837,1,NA,NA,FALSE,z_within,insufficient data,weak
dip_sp,era_def,184,0.1591774437182982,0.08984925168743471,DE,1,DE,0.1591774437182982,NA,0.1591774437182982,0.1591774437182982,1,NA,NA,FALSE,z_within,insufficient data,weak
dip_sp,geo_db,504,0.05532400856922286,0.37913028130601945,"DE,LT,PL",3,"DE,LT,PL",-0.026958509378866267,0.14163827441578003,-0.1505061059455147,0.12762366307636833,0.3333333333333333,0.12488122142143307,PL,TRUE,z_within,inconsistent,negligible
dip_sp,ips_acu,484,-0.10843114053192929,0.05597447997842085,"DE,LT,PL",3,"DE,LT,PL",-0.040739603732090145,0.1584855534016866,-0.22013304600507355,0.08028067545782486,0.3333333333333333,0.1808809264763983,PL,TRUE,z_within,inconsistent,weak
dip_sp,ips_ami,23,-0.1699389648885799,0.6081149158237587,DE,1,DE,-0.1699389648885799,NA,-0.1699389648885799,-0.1699389648885799,1,NA,NA,FALSE,z_within,insufficient data,weak
dip_sp,ips_cem,207,0.2490732508163989,0.0018030151281458583,DE,1,DE,0.2490732508163989,NA,0.2490732508163989,0.2490732508163989,1,NA,NA,FALSE,z_within,insufficient data,weak
dip_sp,ips_dup,0,NA,NA,,0,NA,NA,NA,NA,NA,NA,NA,NA,NA,z_within,insufficient data,NA
dip_sp,ips_sex,161,0.15934506299637471,0.11564995641243501,DE,1,DE,0.15934506299637471,NA,0.15934506299637471,0.15934506299637471,1,NA,NA,FALSE,z_within,insufficient data,weak
dip_sp,ips_typ,655,-0.0024260127310789235,0.970976949885054,"AT,DE,LT,PL",4,"AT,DE,LT,PL",0.05915362018658281,0.24201228116398038,-0.19038207424176198,0.32308895582706604,0.5,0.09396032665529515,DE,TRUE,z_within,inconsistent,negligible
dip_sp,lym_dis,291,0.13297797258670588,0.07098533498739815,"AT,DE,LT",3,"AT,DE,LT",0.2235699609865822,0.22673436857641033,-0.018237841494618028,0.4313945955889823,0.6666666666666666,0.2609214046893431,DE,FALSE,z_within,inconsistent,weak
dip_sp,lym_mon,504,0.1547481938926923,0.0028454117717979593,"DE,LT,PL",3,"DE,LT,PL",0.03513612592240978,0.226526422749655,-0.22498788527588065,0.1889856135728183,0.6666666666666666,0.059137361265672136,PL,FALSE,z_within,inconsistent,weak
dip_sp,mel_spp,504,0.11513310156260939,0.03458487770736085,"DE,PL",2,"DE,PL",0.1130865373345513,0.010853545828452752,0.1054119214793334,0.12076115318976921,1,0.009721180083275993,PL,FALSE,z_within,consistent,weak
dip_sp,neo_ser,46,-0.10710353437588324,0.6411102935986526,DE,1,DE,-0.10710353437588324,NA,-0.10710353437588324,-0.10710353437588324,1,NA,NA,FALSE,z_within,insufficient data,weak
dip_sp,ope_spp,161,0.2881808207142827,0.0013270176657160407,DE,1,DE,0.2881808207142827,NA,0.2881808207142827,0.2881808207142827,1,NA,NA,FALSE,z_within,insufficient data,weak
dip_sp,pan_fla,461,0.18667030701110984,3.968564520080575e-4,"DE,LT,PL",3,"DE,LT,PL",0.0662145089140044,0.20191452706057722,-0.13989991033634272,0.26364920987538415,0.6666666666666666,0.1424609565994687,PL,FALSE,z_within,inconsistent,weak
dip_sp,pha_cya,655,0.08201789389156428,0.10047943862266967,"AT,DE,LT,PL",4,"AT,DE,LT,PL",0.02383043541690216,0.13171639521232495,-0.162066112500044,0.14599564524708492,0.75,0.02973613795397438,DE,FALSE,z_within,inconsistent,negligible
dip_sp,pis_pin,184,0.05761189915703429,0.6081149158237587,"DE,LT",2,"DE,LT",-0.060766444785854516,0.2232163459937337,-0.21860423670970625,0.09707134713799721,0.5,0.27621613586674054,DE,TRUE,z_within,inconsistent,negligible
dip_sp,pit_bid,115,0.2463474132188226,0.029483756909626235,DE,1,DE,0.2463474132188226,NA,0.2463474132188226,0.2463474132188226,1,NA,NA,FALSE,z_within,insufficient data,weak
dip_sp,pit_cha,335,0.08552085824605755,0.239237590728106,"AT,DE,LT",3,"AT,DE,LT",-0.04477936697724495,0.24216925831882077,-0.2380299036041152,0.2268791045999074,0.3333333333333333,0.22941748178739557,DE,TRUE,z_within,inconsistent,negligible
dip_sp,pit_spp,153,0.032521619847465565,0.7959118657471691,"AT,DE",2,"AT,DE",0.04757250941725597,0.221973938191792,-0.10938676752484373,0.20453178635935568,0.5,0.1720101665118901,AT,TRUE,z_within,inconsistent,negligible
dip_sp,pol_pol,23,7.0041247750066e-4,0.9974693348485334,LT,1,LT,7.0041247750066e-4,NA,7.0041247750066e-4,7.0041247750066e-4,1,NA,NA,FALSE,z_within,insufficient data,negligible
dip_sp,pri_abi,161,0.023111305207663784,0.8430005598591191,DE,1,DE,0.023111305207663784,NA,0.023111305207663784,0.023111305207663784,1,NA,NA,FALSE,z_within,insufficient data,negligible
dip_sp,sap_car,23,-0.10575206068332288,0.7603123479190811,DE,1,DE,-0.10575206068332288,NA,-0.10575206068332288,-0.10575206068332288,1,NA,NA,FALSE,z_within,insufficient data,weak
dip_sp,sco_int,138,-0.15109109782587538,0.17398927989546564,DE,1,DE,-0.15109109782587538,NA,-0.15109109782587538,-0.15109109782587538,1,NA,NA,FALSE,z_within,insufficient data,weak
dip_sp,sco_rat,92,0.14451192010930736,0.31531188379429725,"DE,LT",2,"DE,LT",0.017547257276587735,0.3591102962403187,-0.23638206838885156,0.27147658294202703,0.5,0.3808939884981589,DE,TRUE,z_within,inconsistent,weak
dip_sp,sco_sco,115,-0.006217285596628248,0.9697251036203586,"DE,LT",2,"DE,LT",-0.033639142543137907,0.06463393666534804,-0.07934223745398733,0.012063952367711522,0.5,0.07312495185735908,DE,TRUE,z_within,inconsistent,negligible
dip_sp,tet_gab,245,0.03203975641790537,0.7521382575281536,"AT,DE",2,"AT,DE",-0.013916068586253702,0.2055131909713077,-0.15923583954535134,0.13140370237284393,0.5,0.19127559596325672,DE,TRUE,z_within,inconsistent,negligible
dip_sp,tet_spp,138,0.10697811275640033,0.375380520804976,DE,1,DE,0.10697811275640033,NA,0.10697811275640033,0.10697811275640033,1,NA,NA,FALSE,z_within,insufficient data,weak
dip_sp,tha_pit,23,-0.31652171728521383,0.2757092166006067,DE,1,DE,-0.31652171728521383,NA,-0.31652171728521383,-0.31652171728521383,1,NA,NA,FALSE,z_within,insufficient data,moderate
dip_sp,tha_pro,184,-0.09162562254979881,0.37913028130601945,DE,1,DE,-0.09162562254979881,NA,-0.09162562254979881,-0.09162562254979881,1,NA,NA,FALSE,z_within,insufficient data,negligible
dip_sp,tom_spp,595,0.1260182866798072,0.009503789150497493,"AT,DE,LT,PL",4,"AT,DE,LT,PL",0.06285771140606564,0.15139793773839766,-0.15492696955319016,0.18089027403337082,0.75,0.04235431523853189,PL,FALSE,z_within,inconsistent,weak
dip_sp,tor_vir,550,0.15538439077046834,0.0015785960801126915,"DE,LT,PL",3,"DE,LT,PL",0.0671915614898011,0.16287544584607844,-0.11295130539567581,0.2040585234824965,0.6666666666666666,0.06725880156571158,PL,FALSE,z_within,inconsistent,weak
dip_sp,uro_sir_spp,46,0.2947148988368689,0.12247192493153451,DE,1,DE,0.2947148988368689,NA,0.2947148988368689,0.2947148988368689,1,NA,NA,FALSE,z_within,insufficient data,weak
dip_sp,xyl_lin,184,0.18762955158591144,0.0380123600178621,DE,1,DE,0.18762955158591144,NA,0.18762955158591144,0.18762955158591144,1,NA,NA,FALSE,z_within,insufficient data,weak
dip_sp,xyl_spp,207,0.135597709708527,0.12818567267267023,DE,1,DE,0.135597709708527,NA,0.135597709708527,0.135597709708527,1,NA,NA,FALSE,z_within,insufficient data,weak
dip_sp,zei_gri,23,-0.09256578997880191,0.7842196202428933,DE,1,DE,-0.09256578997880191,NA,-0.09256578997880191,-0.09256578997880191,1,NA,NA,FALSE,z_within,insufficient data,negligible
era_def,geo_db,138,-0.2447686658809204,0.01614952461337012,DE,1,DE,-0.2447686658809204,NA,-0.2447686658809204,-0.2447686658809204,1,NA,NA,FALSE,z_within,insufficient data,weak
era_def,ips_acu,138,-0.053793562124768136,0.6832652053377484,DE,1,DE,-0.053793562124768136,NA,-0.053793562124768136,-0.053793562124768136,1,NA,NA,FALSE,z_within,insufficient data,negligible
era_def,ips_ami,46,0.34190697442748985,0.06300460571506117,DE,1,DE,0.34190697442748985,NA,0.34190697442748985,0.34190697442748985,1,NA,NA,FALSE,z_within,insufficient data,moderate
era_def,ips_cem,230,-0.036534098354328616,0.7241275591233907,DE,1,DE,-0.036534098354328616,NA,-0.036534098354328616,-0.036534098354328616,1,NA,NA,FALSE,z_within,insufficient data,negligible
era_def,ips_dup,0,NA,NA,,0,NA,NA,NA,NA,NA,NA,NA,NA,NA,z_within,insufficient data,NA
era_def,ips_sex,161,0.02646434831589846,0.8228903160879816,DE,1,DE,0.02646434831589846,NA,0.02646434831589846,0.02646434831589846,1,NA,NA,FALSE,z_within,insufficient data,negligible
era_def,ips_typ,230,-0.023404776614628576,0.8144537029119822,DE,1,DE,-0.023404776614628576,NA,-0.023404776614628576,-0.023404776614628576,1,NA,NA,FALSE,z_within,insufficient data,negligible
era_def,lym_dis,184,-0.04584204992755515,0.6887415431252711,DE,1,DE,-0.04584204992755515,NA,-0.04584204992755515,-0.04584204992755515,1,NA,NA,FALSE,z_within,insufficient data,negligible
era_def,lym_mon,184,0.0726468312654702,0.5016585302860745,DE,1,DE,0.0726468312654702,NA,0.0726468312654702,0.0726468312654702,1,NA,NA,FALSE,z_within,insufficient data,negligible
era_def,mel_spp,184,-0.07351158784335307,0.49666244608052634,DE,1,DE,-0.07351158784335307,NA,-0.07351158784335307,-0.07351158784335307,1,NA,NA,FALSE,z_within,insufficient data,negligible
era_def,neo_ser,23,-0.045454545454545456,0.8883614608207209,DE,1,DE,-0.045454545454545456,NA,-0.045454545454545456,-0.045454545454545456,1,NA,NA,FALSE,z_within,insufficient data,negligible
era_def,ope_spp,184,0.21384212948273226,0.015279276120987404,DE,1,DE,0.21384212948273226,NA,0.21384212948273226,0.21384212948273226,1,NA,NA,FALSE,z_within,insufficient data,weak
era_def,pan_fla,115,-0.12173103787943793,0.3541031420947569,DE,1,DE,-0.12173103787943793,NA,-0.12173103787943793,-0.12173103787943793,1,NA,NA,FALSE,z_within,insufficient data,weak
era_def,pha_cya,230,-0.044034042514077734,0.6610635604093344,DE,1,DE,-0.044034042514077734,NA,-0.044034042514077734,-0.044034042514077734,1,NA,NA,FALSE,z_within,insufficient data,negligible
era_def,pis_pin,138,0.0586753233526046,0.6503008578597785,DE,1,DE,0.0586753233526046,NA,0.0586753233526046,0.0586753233526046,1,NA,NA,FALSE,z_within,insufficient data,negligible
era_def,pit_bid,92,0.15069251600998462,0.29157767348944164,DE,1,DE,0.15069251600998462,NA,0.15069251600998462,0.15069251600998462,1,NA,NA,FALSE,z_within,insufficient data,weak
era_def,pit_cha,230,-0.03471135733896092,0.7385951265793552,DE,1,DE,-0.03471135733896092,NA,-0.03471135733896092,-0.03471135733896092,1,NA,NA,FALSE,z_within,insufficient data,negligible
era_def,pit_spp,92,-0.06945931476538518,0.6648065557216105,DE,1,DE,-0.06945931476538518,NA,-0.06945931476538518,-0.06945931476538518,1,NA,NA,FALSE,z_within,insufficient data,negligible
era_def,pol_pol,0,NA,NA,,0,NA,NA,NA,NA,NA,NA,NA,NA,NA,z_within,insufficient data,NA
era_def,pri_abi,161,0.03589811178666344,0.7715666885428982,DE,1,DE,0.03589811178666344,NA,0.03589811178666344,0.03589811178666344,1,NA,NA,FALSE,z_within,insufficient data,negligible
era_def,sap_car,23,-0.2561351893660142,0.4085441625627119,DE,1,DE,-0.2561351893660142,NA,-0.2561351893660142,-0.2561351893660142,1,NA,NA,FALSE,z_within,insufficient data,weak
era_def,sco_int,161,-0.052425331023245474,0.6635588343893544,DE,1,DE,-0.052425331023245474,NA,-0.052425331023245474,-0.052425331023245474,1,NA,NA,FALSE,z_within,insufficient data,negligible
era_def,sco_rat,46,-0.043856698431753084,0.8430920853536347,DE,1,DE,-0.043856698431753084,NA,-0.043856698431753084,-0.043856698431753084,1,NA,NA,FALSE,z_within,insufficient data,negligible
era_def,sco_sco,92,0.12399104923770464,0.40919181170149393,DE,1,DE,0.12399104923770464,NA,0.12399104923770464,0.12399104923770464,1,NA,NA,FALSE,z_within,insufficient data,weak
era_def,tet_gab,207,0.07327966378548946,0.4674445750585014,DE,1,DE,0.07327966378548946,NA,0.07327966378548946,0.07327966378548946,1,NA,NA,FALSE,z_within,insufficient data,negligible
era_def,tet_spp,161,0.08333227306625438,0.46700603173249094,DE,1,DE,0.08333227306625438,NA,0.08333227306625438,0.08333227306625438,1,NA,NA,FALSE,z_within,insufficient data,negligible
era_def,tha_pit,23,-0.5340941073139082,0.031598961557646875,DE,1,DE,-0.5340941073139082,NA,-0.5340941073139082,-0.5340941073139082,1,NA,NA,FALSE,z_within,insufficient data,strong
era_def,tha_pro,230,0.08243819006645746,0.37620312129765965,DE,1,DE,0.08243819006645746,NA,0.08243819006645746,0.08243819006645746,1,NA,NA,FALSE,z_within,insufficient data,negligible
era_def,tom_spp,230,0.05501238273656167,0.57690950196856,DE,1,DE,0.05501238273656167,NA,0.05501238273656167,0.05501238273656167,1,NA,NA,FALSE,z_within,insufficient data,negligible
era_def,tor_vir,207,0.3904364654787419,1.0052962841898035e-7,DE,1,DE,0.3904364654787419,NA,0.3904364654787419,0.3904364654787419,1,NA,NA,FALSE,z_within,insufficient data,moderate
era_def,uro_sir_spp,69,-0.11916955122736426,0.5029232352719941,DE,1,DE,-0.11916955122736426,NA,-0.11916955122736426,-0.11916955122736426,1,NA,NA,FALSE,z_within,insufficient data,weak
era_def,xyl_lin,207,0.004492547465887175,0.9701173949266826,DE,1,DE,0.004492547465887175,NA,0.004492547465887175,0.004492547465887175,1,NA,NA,FALSE,z_within,insufficient data,negligible
era_def,xyl_spp,230,-0.05174667231566433,0.6080949942888164,DE,1,DE,-0.05174667231566433,NA,-0.05174667231566433,-0.05174667231566433,1,NA,NA,FALSE,z_within,insufficient data,negligible
era_def,zei_gri,0,NA,NA,,0,NA,NA,NA,NA,NA,NA,NA,NA,NA,z_within,insufficient data,NA
geo_db,ips_acu,476,-0.2757627659723428,2.004189387395745e-8,"BG,DE,LT,PL",4,"BG,DE,LT,PL",0.0029763021590059266,0.3462530275508625,-0.37815160056896435,0.3462104864621494,0.5,0.20890070951256992,PL,FALSE,z_within,inconsistent,weak
geo_db,ips_ami,23,-0.08509664615990228,0.7984683097814228,DE,1,DE,-0.08509664615990228,NA,-0.08509664615990228,-0.08509664615990228,1,NA,NA,FALSE,z_within,insufficient data,negligible
geo_db,ips_cem,161,-0.21961812680275922,0.02057490958711944,DE,1,DE,-0.21961812680275922,NA,-0.21961812680275922,-0.21961812680275922,1,NA,NA,FALSE,z_within,insufficient data,weak
geo_db,ips_dup,22,-0.3392287054820189,0.2444659395948578,RO,1,RO,-0.3392287054820189,NA,-0.3392287054820189,-0.3392287054820189,1,NA,NA,FALSE,z_within,insufficient data,moderate
geo_db,ips_sex,156,-0.14995425224255626,0.14684218968488205,"BG,DE",2,"BG,DE",-0.038761802420509424,0.20374113665393426,-0.1828285417551614,0.10530493691414254,0.5,0.2552591891566988,DE,TRUE,z_within,inconsistent,weak
geo_db,ips_typ,587,0.02252462690770797,0.7275748799490158,"BG,DE,HR,LT,PL,RO",6,"BG,DE,HR,LT,PL,RO",0.043795744046050286,0.21488504887159743,-0.20079687477006652,0.41235528235036734,0.5,0.06992064970860279,PL,TRUE,z_within,inconsistent,negligible
geo_db,lym_dis,225,-0.05931197946278122,0.5544022851472311,"BG,DE,HR,LT,RO",5,"BG,DE,HR,LT,RO",0.03299033445194245,0.1583112691241101,-0.14879009382358677,0.27224659034482823,0.4,0.14230254332079922,DE,TRUE,z_within,inconsistent,negligible
geo_db,lym_mon,458,0.15804249450192134,0.00377948159910361,"DE,LT,PL",3,"DE,LT,PL",-0.02436709225711265,0.2853657063249433,-0.31739354702769107,0.2526651335528251,0.3333333333333333,0.21791880508692985,PL,TRUE,z_within,inconsistent,weak
geo_db,mel_spp,478,-0.027702887217370725,0.6960559325662029,"DE,PL",2,"DE,PL",-0.06226256684209868,0.11642942028604461,-0.1445905994559794,0.020065465771782042,0.5,0.11688771223860868,PL,TRUE,z_within,inconsistent,negligible
geo_db,neo_ser,41,-0.22132577607165868,0.3083053654726057,"BG,DE",2,"BG,DE",-0.20624443106370755,0.16636029266276367,-0.3238789221257264,-0.08860994000168873,1,0.13271583606996995,DE,FALSE,z_within,consistent,weak
geo_db,ope_spp,138,-0.22258703927661513,0.031598961557646875,DE,1,DE,-0.22258703927661513,NA,-0.22258703927661513,-0.22258703927661513,1,NA,NA,FALSE,z_within,insufficient data,weak
geo_db,pan_fla,415,0.047800925053061875,0.50510757221389,"DE,LT,PL",3,"DE,LT,PL",-0.022646575115618697,0.1513762078989646,-0.19735875429941613,0.06934601655295948,0.6666666666666666,0.031795862670577504,PL,FALSE,z_within,inconsistent,negligible
geo_db,pha_cya,524,0.027595245249431237,0.6819370865585552,"DE,LT,PL",3,"DE,LT,PL",0.19896259547915895,0.4363726913957393,-0.16008452040354323,0.6846478790300254,0.6666666666666666,0.08377589539292193,DE,TRUE,z_within,inconsistent,negligible
geo_db,pis_pin,138,-0.10455002524624174,0.3859863743499651,"DE,LT",2,"DE,LT",0.0785662631241271,0.3884483077571974,-0.19610816943142617,0.35324069567968036,0.5,0.4577907209259221,DE,TRUE,z_within,inconsistent,weak
geo_db,pit_bid,92,-0.20434885599028016,0.12741451625217062,DE,1,DE,-0.20434885599028016,NA,-0.20434885599028016,-0.20434885599028016,1,NA,NA,FALSE,z_within,insufficient data,weak
geo_db,pit_cha,184,-0.05655794378574977,0.6132246538190259,"DE,LT",2,"DE,LT",0.1483230553158136,0.3863273168026411,-0.12485161015293757,0.42149772078456477,0.5,0.47805566457031456,DE,TRUE,z_within,inconsistent,negligible
geo_db,pit_spp,92,-0.03469115653502927,0.824885532056436,"DE,HR",2,"DE,HR",-0.011016079352588276,0.06696323048327572,-0.058366233717470274,0.03633407501229372,0.5,0.07102523154732299,DE,TRUE,z_within,inconsistent,negligible
geo_db,pol_pol,23,0.4747352618651723,0.06793958585993812,LT,1,LT,0.4747352618651723,NA,0.4747352618651723,0.4747352618651723,1,NA,NA,FALSE,z_within,insufficient data,moderate
geo_db,pri_abi,138,-0.06861765075404705,0.5961923219367709,DE,1,DE,-0.06861765075404705,NA,-0.06861765075404705,-0.06861765075404705,1,NA,NA,FALSE,z_within,insufficient data,negligible
geo_db,sap_car,23,-0.06575211977248926,0.840983366843632,DE,1,DE,-0.06575211977248926,NA,-0.06575211977248926,-0.06575211977248926,1,NA,NA,FALSE,z_within,insufficient data,negligible
geo_db,sco_int,115,0.09313275207361599,0.49719688803414236,DE,1,DE,0.09313275207361599,NA,0.09313275207361599,0.09313275207361599,1,NA,NA,FALSE,z_within,insufficient data,negligible
geo_db,sco_rat,69,0.20291615973181779,0.20189037276577798,"DE,LT",2,"DE,LT",0.2074915395105863,0.019411692408426103,0.19376540017428076,0.2212176788468918,1,0.018301519115074022,DE,FALSE,z_within,consistent,weak
geo_db,sco_sco,92,-0.11860037420234268,0.4328872892348555,"DE,LT",2,"DE,LT",-0.11637664971418729,0.006289642660261124,-0.12082409869049812,-0.11192920073787645,1,0.006671173464466232,DE,FALSE,z_within,consistent,weak
geo_db,tet_gab,115,-0.0767731636572564,0.5859354519135168,DE,1,DE,-0.0767731636572564,NA,-0.0767731636572564,-0.0767731636572564,1,NA,NA,FALSE,z_within,insufficient data,negligible
geo_db,tet_spp,115,-0.18460802428708342,0.12469920837171143,DE,1,DE,-0.18460802428708342,NA,-0.18460802428708342,-0.18460802428708342,1,NA,NA,FALSE,z_within,insufficient data,weak
geo_db,tha_pit,64,0.2675037506267358,0.09314573369891,"BG,DE,HR",3,"BG,DE,HR",0.28009136488888925,0.28931927505622457,-0.053632936971593534,0.4602467727511005,0.6666666666666666,0.1811540289016217,DE,FALSE,z_within,inconsistent,weak
geo_db,tha_pro,138,-0.028072191270748635,0.824885532056436,DE,1,DE,-0.028072191270748635,NA,-0.028072191270748635,-0.028072191270748635,1,NA,NA,FALSE,z_within,insufficient data,negligible
geo_db,tom_spp,464,0.1166576310820372,0.04180181893739933,"DE,LT,PL",3,"DE,LT,PL",0.1752376754659567,0.24476040469055121,-0.08501060982478419,0.400812214688315,0.6666666666666666,0.14094038784268398,PL,TRUE,z_within,inconsistent,weak
geo_db,tor_vir,565,0.13656241160943658,0.005687211224727433,"BG,DE,LT,PL,RO",5,"BG,DE,LT,PL,RO",0.3711842984693192,0.25290365123527514,0.05603508566103402,0.5746432797987436,1,0.12021805840695257,PL,FALSE,z_within,inconsistent,weak
geo_db,uro_sir_spp,46,0.024990919622671498,0.9147957992724612,DE,1,DE,0.024990919622671498,NA,0.024990919622671498,0.024990919622671498,1,NA,NA,FALSE,z_within,insufficient data,negligible
geo_db,xyl_lin,161,0.12209721654557396,0.244708339736952,DE,1,DE,0.12209721654557396,NA,0.12209721654557396,0.12209721654557396,1,NA,NA,FALSE,z_within,insufficient data,weak
geo_db,xyl_spp,161,-0.05460910622914823,0.6483326124808171,DE,1,DE,-0.05460910622914823,NA,-0.05460910622914823,-0.05460910622914823,1,NA,NA,FALSE,z_within,insufficient data,negligible
geo_db,zei_gri,23,-0.11970291279339365,0.7275748799490158,DE,1,DE,-0.11970291279339365,NA,-0.11970291279339365,-0.11970291279339365,1,NA,NA,FALSE,z_within,insufficient data,weak
ips_acu,ips_ami,23,-0.041114849524094416,0.9008871162845118,DE,1,DE,-0.041114849524094416,NA,-0.041114849524094416,-0.041114849524094416,1,NA,NA,FALSE,z_within,insufficient data,negligible
ips_acu,ips_cem,161,0.4043776576322786,1.3476885697860304e-6,DE,1,DE,0.4043776576322786,NA,0.4043776576322786,0.4043776576322786,1,NA,NA,FALSE,z_within,insufficient data,moderate
ips_acu,ips_dup,205,0.5118176598021795,1.831565623683987e-13,"CZ,SK",2,"CZ,SK",0.5142739819486941,0.004313204572701845,0.5112240857466919,0.5173238781506965,1,0.005506218348516945,CZ,FALSE,z_within,consistent,strong
ips_acu,ips_sex,340,0.4483831596781036,2.0067846897049995e-16,"BG,CZ,DE",3,"BG,CZ,DE",0.4590902802997311,0.1380851790932945,0.3004119235242232,0.551972021351017,1,0.1223599976807569,CZ,FALSE,z_within,consistent,moderate
ips_acu,ips_typ,728,0.3132291187938481,2.8840507787336696e-16,"BG,CZ,DE,LT,PL,SK",6,"BG,CZ,DE,LT,PL,SK",0.38904456430050105,0.17380325111146017,0.07080442817668686,0.5948420261747787,1,0.18896693832722306,PL,FALSE,z_within,consistent,moderate
ips_acu,lym_dis,362,0.1966668850355266,0.0010782799915101987,"BG,CZ,DE,LT,SK",5,"BG,CZ,DE,LT,SK",8.105174302384721e-4,0.3934857651012666,-0.4687616453300833,0.3151067553527296,0.6,0.06629074999138385,CZ,FALSE,z_within,inconsistent,weak
ips_acu,lym_mon,576,-0.020210825790474996,0.7588725077417506,"CZ,DE,LT,PL",4,"CZ,DE,LT,PL",-0.011791196813415542,0.06858378496357995,-0.1026983937268398,0.0509883592765609,0.5,0.022537871532011363,CZ,TRUE,z_within,inconsistent,negligible
ips_acu,mel_spp,458,9.433930643531443e-4,0.9908723237278622,"DE,PL",2,"DE,PL",0.025785340507479958,0.0890550760439866,-0.03718610766230662,0.08875678867726654,0.5,0.08781339561291339,PL,TRUE,z_within,inconsistent,negligible
ips_acu,neo_ser,110,-0.02205625024723737,0.8779119774205454,"BG,CZ,DE",3,"BG,CZ,DE",-0.10084519066949695,0.310808180161745,-0.40724662564495084,0.2141898412858137,0.6666666666666666,0.17040701684351225,DE,TRUE,z_within,inconsistent,negligible
ips_acu,ope_spp,115,0.14791303269738298,0.23481066999317807,DE,1,DE,0.14791303269738298,NA,0.14791303269738298,0.14791303269738298,1,NA,NA,FALSE,z_within,insufficient data,weak
ips_acu,pan_fla,441,-0.017401633371073554,0.8085207571690034,"CZ,DE,LT,PL",4,"CZ,DE,LT,PL",0.11334573773847179,0.19441226927832758,-0.1292320320806357,0.3395087814347363,0.25,0.19316159777106187,PL,TRUE,z_within,inconsistent,negligible
ips_acu,pha_cya,688,0.13237658800296717,0.00286856215185925,"CZ,DE,LT,PL",4,"CZ,DE,LT,PL",0.2607580148527081,0.3820954429655251,-0.2933197836879542,0.5560302362888412,0.75,0.3676468664603413,PL,TRUE,z_within,inconsistent,weak
ips_acu,pis_pin,161,0.35840602764970364,3.0682389598335224e-5,"DE,LT",2,"DE,LT",0.32913380512290435,0.05795604373748384,0.2881526935853854,0.37011491666042334,1,0.07025333406431822,DE,FALSE,z_within,consistent,moderate
ips_acu,pit_bid,115,0.5893332407556338,1.1796387095631837e-10,DE,1,DE,0.5893332407556338,NA,0.5893332407556338,0.5893332407556338,1,NA,NA,FALSE,z_within,insufficient data,strong
ips_acu,pit_cha,206,0.30598208011882894,6.775580579652527e-5,"DE,LT,SK",3,"DE,LT,SK",0.14630325380386924,0.6079845657544978,-0.543735428020831,0.6032609500056727,0.6666666666666666,0.2628821519400533,DE,FALSE,z_within,inconsistent,moderate
ips_acu,pit_spp,230,0.46105709158335173,6.1457754266522265e-12,"CZ,DE",2,"CZ,DE",0.2513173040072819,0.4943614202655499,-0.09824900861950113,0.600883616634065,0.5,0.5593061002028529,CZ,TRUE,z_within,inconsistent,moderate
ips_acu,pol_pol,207,0.28957731621901056,1.8522075159411875e-4,"CZ,LT",2,"CZ,LT",0.4386888603997159,0.27112573039724797,0.24697401788166623,0.6304037029177656,1,0.34082638669875504,CZ,FALSE,z_within,inconsistent,weak
ips_acu,pri_abi,276,-0.12094874978760113,0.11821415279069139,"CZ,DE",2,"CZ,DE",-0.10278219633712209,0.1541483176274592,-0.21178151703999631,0.006217124365752131,0.5,0.12716587415335326,CZ,TRUE,z_within,inconsistent,weak
ips_acu,sap_car,23,0.34539864813295723,0.22109103681098413,DE,1,DE,0.34539864813295723,NA,0.34539864813295723,0.34539864813295723,1,NA,NA,FALSE,z_within,insufficient data,moderate
ips_acu,sco_int,322,0.31747639352144724,9.778446804412989e-8,"CZ,DE",2,"CZ,DE",0.3241604570456961,0.06616885301429255,0.27737201237595394,0.3709489017154383,1,0.053472508193991075,CZ,FALSE,z_within,consistent,moderate
ips_acu,sco_rat,276,0.3670454702313205,7.689253594459594e-9,"CZ,DE,LT",3,"CZ,DE,LT",0.3376918902343735,0.17139805517727802,0.13999180256167595,0.44449805242133916,1,0.1549051643800372,CZ,FALSE,z_within,consistent,moderate
ips_acu,sco_sco,115,3.8587904247209203e-4,0.9974693348485334,"DE,LT",2,"DE,LT",-0.19813158540589232,0.4679101509846595,-0.5289940261531664,0.1327308553413817,0.5,0.5293799051956385,DE,TRUE,z_within,inconsistent,negligible
ips_acu,tet_gab,184,0.22997599810460187,0.008056004005205118,"CZ,DE",2,"CZ,DE",0.10245750671425427,0.36067675995517245,-0.1525794760664408,0.35749448949494933,0.5,0.38255547417104263,DE,TRUE,z_within,inconsistent,weak
ips_acu,tet_spp,115,0.03620360375343028,0.7991855418173964,DE,1,DE,0.03620360375343028,NA,0.03620360375343028,0.03620360375343028,1,NA,NA,FALSE,z_within,insufficient data,negligible
ips_acu,tha_pit,41,0.3570891304862017,0.06762447921743293,"BG,DE",2,"BG,DE",0.3554197867425166,0.01841430678814102,0.3423989055417726,0.3684406679432606,1,0.01469022494442912,DE,FALSE,z_within,consistent,moderate
ips_acu,tha_pro,138,0.06406159707957278,0.6192498794360822,DE,1,DE,0.06406159707957278,NA,0.06406159707957278,0.06406159707957278,1,NA,NA,FALSE,z_within,insufficient data,negligible
ips_acu,tom_spp,628,0.1197432113994354,0.011993599884574538,"CZ,DE,LT,PL",4,"CZ,DE,LT,PL",0.3012953057056327,0.556282614221261,-0.5196944750111081,0.6759519602558376,0.75,0.44869633108921664,PL,TRUE,z_within,inconsistent,weak
ips_acu,tor_vir,522,-0.09811449433660957,0.07479459859926416,"BG,DE,LT,PL",4,"BG,DE,LT,PL",0.12278579243839777,0.30301649848966117,-0.20933063044399464,0.5033746686702024,0.25,0.17392997288348883,PL,TRUE,z_within,inconsistent,negligible
ips_acu,uro_sir_spp,46,0.14974305906121788,0.4962502320404501,DE,1,DE,0.14974305906121788,NA,0.14974305906121788,0.14974305906121788,1,NA,NA,FALSE,z_within,insufficient data,weak
ips_acu,xyl_lin,138,-0.03336637612581675,0.7984683097814228,DE,1,DE,-0.03336637612581675,NA,-0.03336637612581675,-0.03336637612581675,1,NA,NA,FALSE,z_within,insufficient data,negligible
ips_acu,xyl_spp,161,0.03803983299095406,0.760383781936842,DE,1,DE,0.03803983299095406,NA,0.03803983299095406,0.03803983299095406,1,NA,NA,FALSE,z_within,insufficient data,negligible
ips_acu,zei_gri,184,-0.08139074699949432,0.4459954486549757,"CZ,DE",2,"CZ,DE",-0.1528676409936464,0.1347781238437785,-0.24817016631918246,-0.05756511566811031,1,0.16677941931968815,CZ,FALSE,z_within,consistent,negligible
ips_ami,ips_cem,46,-0.005332224534492878,0.9827546059092045,DE,1,DE,-0.005332224534492878,NA,-0.005332224534492878,-0.005332224534492878,1,NA,NA,FALSE,z_within,insufficient data,negligible
ips_ami,ips_dup,0,NA,NA,,0,NA,NA,NA,NA,NA,NA,NA,NA,NA,z_within,insufficient data,NA
ips_ami,ips_sex,23,-0.06668262929957959,0.8387486374614179,DE,1,DE,-0.06668262929957959,NA,-0.06668262929957959,-0.06668262929957959,1,NA,NA,FALSE,z_within,insufficient data,negligible
ips_ami,ips_typ,46,-0.13570534654602873,0.5451564333651163,DE,1,DE,-0.13570534654602873,NA,-0.13570534654602873,-0.13570534654602873,1,NA,NA,FALSE,z_within,insufficient data,weak
ips_ami,lym_dis,23,-0.13235301453945433,0.6970341706025661,DE,1,DE,-0.13235301453945433,NA,-0.13235301453945433,-0.13235301453945433,1,NA,NA,FALSE,z_within,insufficient data,weak
ips_ami,lym_mon,23,-0.26067803201986134,0.39588307233192416,DE,1,DE,-0.26067803201986134,NA,-0.26067803201986134,-0.26067803201986134,1,NA,NA,FALSE,z_within,insufficient data,weak
ips_ami,mel_spp,23,-0.17267375081949468,0.6050108568607295,DE,1,DE,-0.17267375081949468,NA,-0.17267375081949468,-0.17267375081949468,1,NA,NA,FALSE,z_within,insufficient data,weak
ips_ami,neo_ser,0,NA,NA,,0,NA,NA,NA,NA,NA,NA,NA,NA,NA,z_within,insufficient data,NA
ips_ami,ope_spp,23,0.5319562092489521,0.03220250658563455,DE,1,DE,0.5319562092489521,NA,0.5319562092489521,0.5319562092489521,1,NA,NA,FALSE,z_within,insufficient data,strong
ips_ami,pan_fla,23,0.12092384780681295,0.7246077271134292,DE,1,DE,0.12092384780681295,NA,0.12092384780681295,0.12092384780681295,1,NA,NA,FALSE,z_within,insufficient data,weak
ips_ami,pha_cya,46,-0.14741145945235332,0.5026891087666413,DE,1,DE,-0.14741145945235332,NA,-0.14741145945235332,-0.14741145945235332,1,NA,NA,FALSE,z_within,insufficient data,weak
ips_ami,pis_pin,23,0.1643202189393955,0.6181530496508976,DE,1,DE,0.1643202189393955,NA,0.1643202189393955,0.1643202189393955,1,NA,NA,FALSE,z_within,insufficient data,weak
ips_ami,pit_bid,23,0.027711524102041963,0.9405623307498371,DE,1,DE,0.027711524102041963,NA,0.027711524102041963,0.027711524102041963,1,NA,NA,FALSE,z_within,insufficient data,negligible
ips_ami,pit_cha,46,0.07346028329919875,0.7588283188398234,DE,1,DE,0.07346028329919875,NA,0.07346028329919875,0.07346028329919875,1,NA,NA,FALSE,z_within,insufficient data,negligible
ips_ami,pit_spp,0,NA,NA,,0,NA,NA,NA,NA,NA,NA,NA,NA,NA,z_within,insufficient data,NA
ips_ami,pol_pol,0,NA,NA,,0,NA,NA,NA,NA,NA,NA,NA,NA,NA,z_within,insufficient data,NA
ips_ami,pri_abi,23,0.14869694535119574,0.6531051000783961,DE,1,DE,0.14869694535119574,NA,0.14869694535119574,0.14869694535119574,1,NA,NA,FALSE,z_within,insufficient data,weak
ips_ami,sap_car,23,-0.058827447453991225,0.8568574227763501,DE,1,DE,-0.058827447453991225,NA,-0.058827447453991225,-0.058827447453991225,1,NA,NA,FALSE,z_within,insufficient data,negligible
ips_ami,sco_int,46,0.22680942530306233,0.2565776286456645,DE,1,DE,0.22680942530306233,NA,0.22680942530306233,0.22680942530306233,1,NA,NA,FALSE,z_within,insufficient data,weak
ips_ami,sco_rat,23,0.15274117389643582,0.6461788114983468,DE,1,DE,0.15274117389643582,NA,0.15274117389643582,0.15274117389643582,1,NA,NA,FALSE,z_within,insufficient data,weak
ips_ami,sco_sco,46,0.3575384771325581,0.049528009932960984,DE,1,DE,0.3575384771325581,NA,0.3575384771325581,0.3575384771325581,1,NA,NA,FALSE,z_within,insufficient data,moderate
ips_ami,tet_gab,46,0.2830422997424196,0.13883729168295111,DE,1,DE,0.2830422997424196,NA,0.2830422997424196,0.2830422997424196,1,NA,NA,FALSE,z_within,insufficient data,weak
ips_ami,tet_spp,46,-0.11020898297785141,0.6287762152147367,DE,1,DE,-0.11020898297785141,NA,-0.11020898297785141,-0.11020898297785141,1,NA,NA,FALSE,z_within,insufficient data,weak
ips_ami,tha_pit,23,-0.23975398474086962,0.4448711271859397,DE,1,DE,-0.23975398474086962,NA,-0.23975398474086962,-0.23975398474086962,1,NA,NA,FALSE,z_within,insufficient data,weak
ips_ami,tha_pro,46,-0.035764258743985505,0.8746880695689954,DE,1,DE,-0.035764258743985505,NA,-0.035764258743985505,-0.035764258743985505,1,NA,NA,FALSE,z_within,insufficient data,negligible
ips_ami,tom_spp,46,-0.07414805479336577,0.7558399475353976,DE,1,DE,-0.07414805479336577,NA,-0.07414805479336577,-0.07414805479336577,1,NA,NA,FALSE,z_within,insufficient data,negligible
ips_ami,tor_vir,46,0.3188396202796396,0.08978869557302714,DE,1,DE,0.3188396202796396,NA,0.3188396202796396,0.3188396202796396,1,NA,NA,FALSE,z_within,insufficient data,moderate
ips_ami,uro_sir_spp,23,-0.16489564030321066,0.6176541189862271,DE,1,DE,-0.16489564030321066,NA,-0.16489564030321066,-0.16489564030321066,1,NA,NA,FALSE,z_within,insufficient data,weak
ips_ami,xyl_lin,46,0.3835526025622549,0.031274656091858574,DE,1,DE,0.3835526025622549,NA,0.3835526025622549,0.3835526025622549,1,NA,NA,FALSE,z_within,insufficient data,moderate
ips_ami,xyl_spp,46,0.2110998605754242,0.3012310913310364,DE,1,DE,0.2110998605754242,NA,0.2110998605754242,0.2110998605754242,1,NA,NA,FALSE,z_within,insufficient data,weak
ips_ami,zei_gri,0,NA,NA,,0,NA,NA,NA,NA,NA,NA,NA,NA,NA,z_within,insufficient data,NA
ips_cem,ips_dup,0,NA,NA,,0,NA,NA,NA,NA,NA,NA,NA,NA,NA,z_within,insufficient data,NA
ips_cem,ips_sex,184,0.36730916595009067,3.4696730943845797e-6,DE,1,DE,0.36730916595009067,NA,0.36730916595009067,0.36730916595009067,1,NA,NA,FALSE,z_within,insufficient data,moderate
ips_cem,ips_typ,253,0.5628439496475026,1.3885219036779862e-20,DE,1,DE,0.5628439496475026,NA,0.5628439496475026,0.5628439496475026,1,NA,NA,FALSE,z_within,insufficient data,strong
ips_cem,lym_dis,207,0.24787380718169388,0.001909252429840233,DE,1,DE,0.24787380718169388,NA,0.24787380718169388,0.24787380718169388,1,NA,NA,FALSE,z_within,insufficient data,weak
ips_cem,lym_mon,184,0.0740770553209341,0.49255039276869944,DE,1,DE,0.0740770553209341,NA,0.0740770553209341,0.0740770553209341,1,NA,NA,FALSE,z_within,insufficient data,negligible
ips_cem,mel_spp,207,0.13842853847036135,0.12247192493153451,DE,1,DE,0.13842853847036135,NA,0.13842853847036135,0.13842853847036135,1,NA,NA,FALSE,z_within,insufficient data,weak
ips_cem,neo_ser,46,0.21391879719449855,0.29336289826939094,DE,1,DE,0.21391879719449855,NA,0.21391879719449855,0.21391879719449855,1,NA,NA,FALSE,z_within,insufficient data,weak
ips_cem,ope_spp,207,0.19609558506538374,0.01897085032437097,DE,1,DE,0.19609558506538374,NA,0.19609558506538374,0.19609558506538374,1,NA,NA,FALSE,z_within,insufficient data,weak
ips_cem,pan_fla,138,0.17215975678270967,0.11564995641243501,DE,1,DE,0.17215975678270967,NA,0.17215975678270967,0.17215975678270967,1,NA,NA,FALSE,z_within,insufficient data,weak
ips_cem,pha_cya,253,0.501503437783238,8.949795538729364e-16,DE,1,DE,0.501503437783238,NA,0.501503437783238,0.501503437783238,1,NA,NA,FALSE,z_within,insufficient data,strong
ips_cem,pis_pin,161,0.42083512509871746,4.060919951290484e-7,DE,1,DE,0.42083512509871746,NA,0.42083512509871746,0.42083512509871746,1,NA,NA,FALSE,z_within,insufficient data,moderate
ips_cem,pit_bid,115,0.5050950140642676,1.3839113762971773e-7,DE,1,DE,0.5050950140642676,NA,0.5050950140642676,0.5050950140642676,1,NA,NA,FALSE,z_within,insufficient data,strong
ips_cem,pit_cha,253,0.5794674466791996,6.543988349001738e-22,DE,1,DE,0.5794674466791996,NA,0.5794674466791996,0.5794674466791996,1,NA,NA,FALSE,z_within,insufficient data,strong
ips_cem,pit_spp,92,0.3874720404102154,8.86915456307616e-4,DE,1,DE,0.3874720404102154,NA,0.3874720404102154,0.3874720404102154,1,NA,NA,FALSE,z_within,insufficient data,moderate
ips_cem,pol_pol,0,NA,NA,,0,NA,NA,NA,NA,NA,NA,NA,NA,NA,z_within,insufficient data,NA
ips_cem,pri_abi,184,0.03719055316979803,0.7514895202847879,DE,1,DE,0.03719055316979803,NA,0.03719055316979803,0.03719055316979803,1,NA,NA,FALSE,z_within,insufficient data,negligible
ips_cem,sap_car,23,0.346239912168909,0.2208607769194294,DE,1,DE,0.346239912168909,NA,0.346239912168909,0.346239912168909,1,NA,NA,FALSE,z_within,insufficient data,moderate
ips_cem,sco_int,184,0.14802038054405475,0.11857319693094791,DE,1,DE,0.14802038054405475,NA,0.14802038054405475,0.14802038054405475,1,NA,NA,FALSE,z_within,insufficient data,weak
ips_cem,sco_rat,69,0.35525391499078646,0.012181327706874466,DE,1,DE,0.35525391499078646,NA,0.35525391499078646,0.35525391499078646,1,NA,NA,FALSE,z_within,insufficient data,moderate
ips_cem,sco_sco,115,0.09250077641770556,0.5007575071315186,DE,1,DE,0.09250077641770556,NA,0.09250077641770556,0.09250077641770556,1,NA,NA,FALSE,z_within,insufficient data,negligible
ips_cem,tet_gab,207,0.40139010006928144,3.7914804035593644e-8,DE,1,DE,0.40139010006928144,NA,0.40139010006928144,0.40139010006928144,1,NA,NA,FALSE,z_within,insufficient data,moderate
ips_cem,tet_spp,184,0.30918644201167683,1.5725918444733531e-4,DE,1,DE,0.30918644201167683,NA,0.30918644201167683,0.30918644201167683,1,NA,NA,FALSE,z_within,insufficient data,moderate
ips_cem,tha_pit,23,0.1851310882907218,0.5720853662956015,DE,1,DE,0.1851310882907218,NA,0.1851310882907218,0.1851310882907218,1,NA,NA,FALSE,z_within,insufficient data,weak
ips_cem,tha_pro,230,0.08897845839668189,0.33155597942419,DE,1,DE,0.08897845839668189,NA,0.08897845839668189,0.08897845839668189,1,NA,NA,FALSE,z_within,insufficient data,negligible
ips_cem,tom_spp,253,0.32566979690656916,1.487704713046249e-6,DE,1,DE,0.32566979690656916,NA,0.32566979690656916,0.32566979690656916,1,NA,NA,FALSE,z_within,insufficient data,moderate
ips_cem,tor_vir,230,0.06991147851734973,0.46700603173249094,DE,1,DE,0.06991147851734973,NA,0.06991147851734973,0.06991147851734973,1,NA,NA,FALSE,z_within,insufficient data,negligible
ips_cem,uro_sir_spp,92,0.2577401890352104,0.0452217450552057,DE,1,DE,0.2577401890352104,NA,0.2577401890352104,0.2577401890352104,1,NA,NA,FALSE,z_within,insufficient data,weak
ips_cem,xyl_lin,230,0.2911769923497923,6.489445359286876e-5,DE,1,DE,0.2911769923497923,NA,0.2911769923497923,0.2911769923497923,1,NA,NA,FALSE,z_within,insufficient data,weak
ips_cem,xyl_spp,253,0.3436019344431189,3.065713848504718e-7,DE,1,DE,0.3436019344431189,NA,0.3436019344431189,0.3436019344431189,1,NA,NA,FALSE,z_within,insufficient data,moderate
ips_cem,zei_gri,23,-0.15296503764945543,0.6461788114983468,DE,1,DE,-0.15296503764945543,NA,-0.15296503764945543,-0.15296503764945543,1,NA,NA,FALSE,z_within,insufficient data,weak
ips_dup,ips_sex,184,0.48819117600825906,5.917751924907861e-11,CZ,1,CZ,0.48819117600825906,NA,0.48819117600825906,0.48819117600825906,1,NA,NA,FALSE,z_within,insufficient data,moderate
ips_dup,ips_typ,227,0.6975451525059526,6.790293461429627e-32,"CZ,RO,SK",3,"CZ,RO,SK",0.3981037286100295,0.686848873331803,-0.3944671374019965,0.8195872083434662,0.6666666666666666,0.5191875806998081,CZ,FALSE,z_within,inconsistent,strong
ips_dup,lym_dis,181,0.15564972812567052,0.10170506720257914,"CZ,RO,SK",3,"CZ,RO,SK",-0.24652863647211745,0.5767817061685148,-0.7540658445505445,0.3807123539394081,0.3333333333333333,0.7122840821090792,CZ,TRUE,z_within,inconsistent,weak
ips_dup,lym_mon,138,-0.1283818841158283,0.2637301782365651,CZ,1,CZ,-0.1283818841158283,NA,-0.1283818841158283,-0.1283818841158283,1,NA,NA,FALSE,z_within,insufficient data,weak
ips_dup,mel_spp,0,NA,NA,,0,NA,NA,NA,NA,NA,NA,NA,NA,NA,z_within,insufficient data,NA
ips_dup,neo_ser,46,-0.39445704818924987,0.025670293934412888,CZ,1,CZ,-0.39445704818924987,NA,-0.39445704818924987,-0.39445704818924987,1,NA,NA,FALSE,z_within,insufficient data,moderate
ips_dup,ope_spp,0,NA,NA,,0,NA,NA,NA,NA,NA,NA,NA,NA,NA,z_within,insufficient data,NA
ips_dup,pan_fla,23,0.32904230358377695,0.24901551267490507,CZ,1,CZ,0.32904230358377695,NA,0.32904230358377695,0.32904230358377695,1,NA,NA,FALSE,z_within,insufficient data,moderate
ips_dup,pha_cya,184,0.3887651601013897,7.051823201517552e-7,CZ,1,CZ,0.3887651601013897,NA,0.3887651601013897,0.3887651601013897,1,NA,NA,FALSE,z_within,insufficient data,moderate
ips_dup,pis_pin,0,NA,NA,,0,NA,NA,NA,NA,NA,NA,NA,NA,NA,z_within,insufficient data,NA
ips_dup,pit_bid,0,NA,NA,,0,NA,NA,NA,NA,NA,NA,NA,NA,NA,z_within,insufficient data,NA
ips_dup,pit_cha,21,-0.16718987394725757,0.6318590231475536,SK,1,SK,-0.16718987394725757,NA,-0.16718987394725757,-0.16718987394725757,1,NA,NA,FALSE,z_within,insufficient data,weak
ips_dup,pit_spp,184,0.6416633164268658,1.0909534246776134e-20,CZ,1,CZ,0.6416633164268658,NA,0.6416633164268658,0.6416633164268658,1,NA,NA,FALSE,z_within,insufficient data,strong
ips_dup,pol_pol,184,0.12934763165336186,0.1784531305727245,CZ,1,CZ,0.12934763165336186,NA,0.12934763165336186,0.12934763165336186,1,NA,NA,FALSE,z_within,insufficient data,weak
ips_dup,pri_abi,161,-0.5704777170785686,1.2135501492442922e-13,CZ,1,CZ,-0.5704777170785686,NA,-0.5704777170785686,-0.5704777170785686,1,NA,NA,FALSE,z_within,insufficient data,strong
ips_dup,sap_car,0,NA,NA,,0,NA,NA,NA,NA,NA,NA,NA,NA,NA,z_within,insufficient data,NA
ips_dup,sco_int,184,0.12352900798641978,0.20204020397340894,CZ,1,CZ,0.12352900798641978,NA,0.12352900798641978,0.12352900798641978,1,NA,NA,FALSE,z_within,insufficient data,weak
ips_dup,sco_rat,184,0.3479730093302379,1.3806187203780831e-5,CZ,1,CZ,0.3479730093302379,NA,0.3479730093302379,0.3479730093302379,1,NA,NA,FALSE,z_within,insufficient data,moderate
ips_dup,sco_sco,0,NA,NA,,0,NA,NA,NA,NA,NA,NA,NA,NA,NA,z_within,insufficient data,NA
ips_dup,tet_gab,46,-0.31806627958700223,0.09025545688571149,CZ,1,CZ,-0.31806627958700223,NA,-0.31806627958700223,-0.31806627958700223,1,NA,NA,FALSE,z_within,insufficient data,moderate
ips_dup,tet_spp,0,NA,NA,,0,NA,NA,NA,NA,NA,NA,NA,NA,NA,z_within,insufficient data,NA
ips_dup,tha_pit,0,NA,NA,,0,NA,NA,NA,NA,NA,NA,NA,NA,NA,z_within,insufficient data,NA
ips_dup,tha_pro,0,NA,NA,,0,NA,NA,NA,NA,NA,NA,NA,NA,NA,z_within,insufficient data,NA
ips_dup,tom_spp,184,0.5594019061776835,7.666153166938371e-15,CZ,1,CZ,0.5594019061776835,NA,0.5594019061776835,0.5594019061776835,1,NA,NA,FALSE,z_within,insufficient data,strong
ips_dup,tor_vir,22,-0.23181160141943202,0.47274295215093826,RO,1,RO,-0.23181160141943202,NA,-0.23181160141943202,-0.23181160141943202,1,NA,NA,FALSE,z_within,insufficient data,weak
ips_dup,uro_sir_spp,0,NA,NA,,0,NA,NA,NA,NA,NA,NA,NA,NA,NA,z_within,insufficient data,NA
ips_dup,xyl_lin,0,NA,NA,,0,NA,NA,NA,NA,NA,NA,NA,NA,NA,z_within,insufficient data,NA
ips_dup,xyl_spp,0,NA,NA,,0,NA,NA,NA,NA,NA,NA,NA,NA,NA,z_within,insufficient data,NA
ips_dup,zei_gri,161,0.07410008759150935,0.5258395680051104,CZ,1,CZ,0.07410008759150935,NA,0.07410008759150935,0.07410008759150935,1,NA,NA,FALSE,z_within,insufficient data,negligible
ips_sex,ips_typ,386,0.48403908056210027,6.543988349001738e-22,"BG,CZ,DE",3,"BG,CZ,DE",0.36003328908552457,0.2661405908029896,0.0722462635832828,0.5972798148431542,1,0.1032661618314274,CZ,FALSE,z_within,inconsistent,moderate
ips_sex,lym_dis,317,0.15579491352646513,0.02157858826293301,"BG,CZ,DE",3,"BG,CZ,DE",-0.08362597957535295,0.5124980669666644,-0.6706730376197346,0.274597490525984,0.6666666666666666,0.09170725242068123,CZ,FALSE,z_within,inconsistent,weak
ips_sex,lym_mon,276,-0.03529447098492091,0.7079789125984022,"CZ,DE",2,"CZ,DE",-0.03529447098492091,0.017995563122538902,-0.04801925570013873,-0.02256968626970309,1,0.012724784715217818,CZ,FALSE,z_within,consistent,negligible
ips_sex,mel_spp,161,0.04173545796708475,0.7385951265793552,DE,1,DE,0.04173545796708475,NA,0.04173545796708475,0.04173545796708475,1,NA,NA,FALSE,z_within,insufficient data,negligible
ips_sex,neo_ser,110,0.10248287218136404,0.4631736532396508,"BG,CZ,DE",3,"BG,CZ,DE",0.12837197885732296,0.2183471184168837,-0.12215071371004071,0.2782148121292909,0.6666666666666666,0.1620307832659313,CZ,TRUE,z_within,inconsistent,weak
ips_sex,ope_spp,161,0.2470822073336677,0.007663069905193963,DE,1,DE,0.2470822073336677,NA,0.2470822073336677,0.2470822073336677,1,NA,NA,FALSE,z_within,insufficient data,weak
ips_sex,pan_fla,115,0.06658466053827775,0.6411102935986526,"CZ,DE",2,"CZ,DE",0.13770696026246307,0.16763686809517847,0.019169794055487552,0.25624412646943856,1,0.18965946593116081,DE,FALSE,z_within,consistent,negligible
ips_sex,pha_cya,368,0.5083318670172224,2.8338890579623493e-23,"CZ,DE",2,"CZ,DE",0.5083318670172225,0.08024769002608595,0.45158818122522104,0.565075552809224,1,0.05674368579200151,DE,FALSE,z_within,consistent,strong
ips_sex,pis_pin,138,0.3714874913521598,6.541245951086868e-5,DE,1,DE,0.3714874913521598,NA,0.3714874913521598,0.3714874913521598,1,NA,NA,FALSE,z_within,insufficient data,moderate
ips_sex,pit_bid,115,0.5263323495026262,2.93939051316459e-8,DE,1,DE,0.5263323495026262,NA,0.5263323495026262,0.5263323495026262,1,NA,NA,FALSE,z_within,insufficient data,strong
ips_sex,pit_cha,184,0.3465202285444606,1.522292551364316e-5,DE,1,DE,0.3465202285444606,NA,0.3465202285444606,0.3465202285444606,1,NA,NA,FALSE,z_within,insufficient data,moderate
ips_sex,pit_spp,253,0.38042587343109124,9.071220300599226e-9,"CZ,DE",2,"CZ,DE",0.2608689006883717,0.3719740031238538,-0.002156439345611337,0.5238942407223548,0.5,0.38258231277670257,CZ,TRUE,z_within,inconsistent,moderate
ips_sex,pol_pol,184,0.09170300005728516,0.37913028130601945,CZ,1,CZ,0.09170300005728516,NA,0.09170300005728516,0.09170300005728516,1,NA,NA,FALSE,z_within,insufficient data,negligible
ips_sex,pri_abi,322,-0.09098833630814482,0.21625207935914487,"CZ,DE",2,"CZ,DE",-0.09098833630814479,0.26432511997480057,-0.277894421080274,0.09591774846398445,0.5,0.18690608477212928,CZ,TRUE,z_within,inconsistent,negligible
ips_sex,sap_car,23,0.3689403717139749,0.18285225082663564,DE,1,DE,0.3689403717139749,NA,0.3689403717139749,0.3689403717139749,1,NA,NA,FALSE,z_within,insufficient data,moderate
ips_sex,sco_int,345,0.20122306073413296,0.0010851198476724765,"CZ,DE",2,"CZ,DE",0.20068451662211095,0.01142424580736626,0.19260635494178027,0.2087626783024416,1,0.008616705792352686,CZ,FALSE,z_within,consistent,weak
ips_sex,sco_rat,253,0.35142625797883975,1.4241746789351695e-7,"CZ,DE",2,"CZ,DE",0.3722966143379303,0.06493331023208801,0.32638183034793106,0.4182113983279296,1,0.06678514034908983,CZ,FALSE,z_within,consistent,moderate
ips_sex,sco_sco,92,0.18170088989717512,0.18285225082663564,DE,1,DE,0.18170088989717512,NA,0.18170088989717512,0.18170088989717512,1,NA,NA,FALSE,z_within,insufficient data,weak
ips_sex,tet_gab,207,0.16917015453721057,0.04972643360886975,"CZ,DE",2,"CZ,DE",0.02275904256486809,0.3727018444201426,-0.24078095898534838,0.28629904411508456,0.5,0.409951113522559,DE,TRUE,z_within,inconsistent,weak
ips_sex,tet_spp,115,0.09239498025767841,0.5008424168293406,DE,1,DE,0.09239498025767841,NA,0.09239498025767841,0.09239498025767841,1,NA,NA,FALSE,z_within,insufficient data,negligible
ips_sex,tha_pit,41,0.2667011231882058,0.19867028560196215,"BG,DE",2,"BG,DE",0.24342785371121883,0.2567243120139264,0.0618963517907204,0.4249593556317173,1,0.20480477139748543,DE,FALSE,z_within,inconsistent,weak
ips_sex,tha_pro,161,-0.04488240693743447,0.7157732852024262,DE,1,DE,-0.04488240693743447,NA,-0.04488240693743447,-0.04488240693743447,1,NA,NA,FALSE,z_within,insufficient data,negligible
ips_sex,tom_spp,368,0.4735130068663596,4.460176267359495e-20,"CZ,DE",2,"CZ,DE",0.47351300686635966,0.19136620737748114,0.33819666393979164,0.6088293497929277,1,0.13531634292656808,DE,FALSE,z_within,consistent,moderate
ips_sex,tor_vir,179,-0.02004120679986864,0.8568574227763501,"BG,DE",2,"BG,DE",-0.011254529704823709,0.015792955853114896,-0.02242183588354103,-8.722352610638798e-5,1,0.01995398327376225,DE,FALSE,z_within,consistent,negligible
ips_sex,uro_sir_spp,69,0.1909167036277084,0.23595812082505765,DE,1,DE,0.1909167036277084,NA,0.1909167036277084,0.1909167036277084,1,NA,NA,FALSE,z_within,insufficient data,weak
ips_sex,xyl_lin,184,0.08162039870238538,0.4448711271859397,DE,1,DE,0.08162039870238538,NA,0.08162039870238538,0.08162039870238538,1,NA,NA,FALSE,z_within,insufficient data,negligible
ips_sex,xyl_spp,184,0.24107923944678716,0.0050700263079515254,DE,1,DE,0.24107923944678716,NA,0.24107923944678716,0.24107923944678716,1,NA,NA,FALSE,z_within,insufficient data,weak
ips_sex,zei_gri,184,-0.10343016619441693,0.3051846686584852,"CZ,DE",2,"CZ,DE",-0.13731619746456933,0.06389611332966441,-0.1824975724914392,-0.09213482243769948,1,0.07906740629702226,CZ,FALSE,z_within,consistent,weak
ips_typ,lym_dis,622,0.24855116461298588,7.792274304130456e-9,"AT,BG,CZ,DE,HR,HU,LT,RO,RS,SK",10,"AT,BG,CZ,DE,HR,HU,LT,RO,RS,SK",0.12388028561477463,0.3268620098794087,-0.5290099980083933,0.5668328408377148,0.7,0.05856352756346084,CZ,FALSE,z_within,inconsistent,weak
ips_typ,lym_mon,665,0.02313540347925277,0.701611624269416,"CZ,DE,LT,PL",4,"CZ,DE,LT,PL",-0.027179160429470932,0.12058209215010218,-0.15939086936690294,0.09173982185204123,0.5,0.06319922177372025,PL,TRUE,z_within,inconsistent,negligible
ips_typ,mel_spp,547,0.010766657902572162,0.8647539188522018,"DE,PL",2,"DE,PL",0.005224166219071258,0.03266989647315695,-0.017876939117760494,0.02832527155590301,0.5,0.028643597020332656,PL,TRUE,z_within,inconsistent,negligible
ips_typ,neo_ser,110,-0.14974531554375956,0.239237590728106,"BG,CZ,DE",3,"BG,CZ,DE",-0.21504349338539747,0.2867945809830106,-0.46898085165843384,0.09601210879619826,0.6666666666666666,0.17726765034357608,DE,FALSE,z_within,inconsistent,weak
ips_typ,ope_spp,207,0.11863863460231239,0.19354569245701528,DE,1,DE,0.11863863460231239,NA,0.11863863460231239,0.11863863460231239,1,NA,NA,FALSE,z_within,insufficient data,weak
ips_typ,pan_fla,484,0.18252690628935667,3.886674655163177e-4,"CZ,DE,LT,PL",4,"CZ,DE,LT,PL",0.1429974927739892,0.18336732199900016,-0.11623971452622975,0.3148455983643563,0.75,0.027118374174654708,PL,FALSE,z_within,inconsistent,weak
ips_typ,pha_cya,947,0.3319830959491541,2.1135850423843113e-23,"AT,CZ,DE,LT,PL",5,"AT,CZ,DE,LT,PL",0.36373568944992074,0.17583761512503288,0.15032202687608284,0.5536290611118615,1,0.10116642294931383,PL,FALSE,z_within,consistent,moderate
ips_typ,pis_pin,184,0.3235043924296048,6.625185296330583e-5,"DE,LT",2,"DE,LT",0.11588410994294511,0.39149255908848984,-0.1609429333726012,0.39271115325849143,0.5,0.48444732580220606,DE,TRUE,z_within,inconsistent,moderate
ips_typ,pit_bid,115,0.5315507408812948,2.004189387395745e-8,DE,1,DE,0.5315507408812948,NA,0.5315507408812948,0.5315507408812948,1,NA,NA,FALSE,z_within,insufficient data,strong
ips_typ,pit_cha,533,0.645974459727935,2.8632427662159428e-61,"AT,DE,IT,LT,SI,SK",6,"AT,DE,IT,LT,SI,SK",0.3475644567758155,0.4440796839697199,-0.30605767381480703,0.7922654603433804,0.8333333333333334,0.1325933413817897,DE,FALSE,z_within,inconsistent,strong
ips_typ,pit_spp,469,0.5286213888659772,2.0249662972509237e-32,"AT,CZ,DE,HR,SI",5,"AT,CZ,DE,HR,SI",0.45326176342928504,0.1769295462972052,0.25953479895064374,0.6878035311953974,1,0.10300020974256596,CZ,FALSE,z_within,consistent,strong
ips_typ,pol_pol,207,0.19355938120872257,0.02079540660157133,"CZ,LT",2,"CZ,LT",0.3344641672086125,0.2562035906112724,0.1533008709230397,0.5156274634941853,1,0.32206808228546274,CZ,FALSE,z_within,inconsistent,weak
ips_typ,pri_abi,345,-0.2681434956355257,5.054275257233352e-6,"CZ,DE",2,"CZ,DE",-0.2826869257684548,0.30851274206120793,-0.5008383777623912,-0.06453547377451845,1,0.23269488212686545,DE,FALSE,z_within,inconsistent,weak
ips_typ,sap_car,23,0.36186041108726574,0.19554277794585986,DE,1,DE,0.36186041108726574,NA,0.36186041108726574,0.36186041108726574,1,NA,NA,FALSE,z_within,insufficient data,moderate
ips_typ,sco_int,368,0.20111081122093652,6.878789872530258e-4,"CZ,DE",2,"CZ,DE",0.20111081122093655,0.05092872796816802,0.16509876231743995,0.23712286012443312,1,0.0360120489034966,CZ,FALSE,z_within,consistent,weak
ips_typ,sco_rat,276,0.41405897755919985,2.307769246689431e-11,"CZ,DE,LT",3,"CZ,DE,LT",0.35326671171834223,0.16260700891299074,0.16716650468322924,0.46790556354944185,1,0.02244477026145192,LT,FALSE,z_within,consistent,moderate
ips_typ,sco_sco,138,-0.03032269583950967,0.8144537029119822,"DE,LT",2,"DE,LT",-0.08655835348429411,0.11929384459533657,-0.17091183995147077,-0.0022048670171174525,1,0.1405891441119611,DE,FALSE,z_within,consistent,negligible
ips_typ,tet_gab,379,0.1897234436180047,0.001293688646710463,"AT,CZ,DE",3,"AT,CZ,DE",0.06316545767823295,0.31386806816990176,-0.2915528252529193,0.30490137315810223,0.6666666666666666,0.13905628078621526,DE,FALSE,z_within,inconsistent,weak
ips_typ,tet_spp,184,0.1518982847509325,0.10748629517084916,DE,1,DE,0.1518982847509325,NA,0.1518982847509325,0.1518982847509325,1,NA,NA,FALSE,z_within,insufficient data,weak
ips_typ,tha_pit,64,-0.12998119933084806,0.47958342855604746,"BG,DE,HR",3,"BG,DE,HR",-0.15035699083729548,0.5348518071748006,-0.5156774761015955,0.4635481508056629,0.6666666666666666,0.3348114282821344,DE,TRUE,z_within,inconsistent,weak
ips_typ,tha_pro,230,0.05994628894858977,0.541437002623393,DE,1,DE,0.05994628894858977,NA,0.05994628894858977,0.05994628894858977,1,NA,NA,FALSE,z_within,insufficient data,negligible
ips_typ,tom_spp,908,0.27488646287240986,1.7466268114476262e-15,"AT,CZ,DE,LT,PL",5,"AT,CZ,DE,LT,PL",0.27643143297020173,0.23835193243793856,0.057305687895785516,0.6582652043883976,1,0.09778936015480272,CZ,FALSE,z_within,inconsistent,weak
ips_typ,tor_vir,633,0.04805932838652716,0.3924983294280119,"BG,DE,LT,PL,RO",5,"BG,DE,LT,PL,RO",0.08114977574023804,0.12313500554059502,-0.08347332628763973,0.23334067203710557,0.8,0.03258729525959835,PL,FALSE,z_within,inconsistent,negligible
ips_typ,uro_sir_spp,92,0.20419035898138796,0.12751285610955224,DE,1,DE,0.20419035898138796,NA,0.20419035898138796,0.20419035898138796,1,NA,NA,FALSE,z_within,insufficient data,weak
ips_typ,xyl_lin,230,0.1486321035438791,0.07280947976644386,DE,1,DE,0.1486321035438791,NA,0.1486321035438791,0.1486321035438791,1,NA,NA,FALSE,z_within,insufficient data,weak
ips_typ,xyl_spp,253,0.3060653837916277,7.767369496410699e-6,DE,1,DE,0.3060653837916277,NA,0.3060653837916277,0.3060653837916277,1,NA,NA,FALSE,z_within,insufficient data,moderate
ips_typ,zei_gri,184,-0.056634448063355484,0.6132246538190259,"CZ,DE",2,"CZ,DE",-0.12637706164655269,0.1315079333396047,-0.21936721309081564,-0.033386910202289746,1,0.16273276502746015,CZ,FALSE,z_within,consistent,negligible
lym_dis,lym_mon,299,0.06242313431798265,0.45775049544858015,"CZ,DE,LT",3,"CZ,DE,LT",0.05262359567067593,0.07749224556920499,-0.027454399346749477,0.12724125941812411,0.6666666666666666,0.07562114595016503,DE,TRUE,z_within,inconsistent,negligible
lym_dis,mel_spp,184,0.09597843222882448,0.3541031420947569,DE,1,DE,0.09597843222882448,NA,0.09597843222882448,0.09597843222882448,1,NA,NA,FALSE,z_within,insufficient data,negligible
lym_dis,neo_ser,87,0.08413804906744832,0.6081149158237587,"BG,CZ,DE",3,"BG,CZ,DE",0.05418308270468553,0.14646786675480175,-0.10819382064556525,0.1763366651069287,0.6666666666666666,0.10401895142915735,DE,TRUE,z_within,inconsistent,negligible
lym_dis,ope_spp,161,0.13572171802283703,0.18869132767265664,DE,1,DE,0.13572171802283703,NA,0.13572171802283703,0.13572171802283703,1,NA,NA,FALSE,z_within,insufficient data,weak
lym_dis,pan_fla,184,0.23933594974640196,0.00544703157723758,"CZ,DE,LT",3,"CZ,DE,LT",0.22595904013361498,0.30767563248742885,-0.09185928413704443,0.5223743090238153,0.6666666666666666,0.047313604840492324,LT,FALSE,z_within,inconsistent,weak
lym_dis,pha_cya,494,0.2299865635285942,2.8477680235954525e-6,"AT,CZ,DE,LT",4,"AT,CZ,DE,LT",0.2429206344124238,0.07314422242899091,0.1387253344368727,0.30984092015168047,1,0.0354308301179625,CZ,FALSE,z_within,consistent,weak
lym_dis,pis_pin,161,0.2824255637257937,0.0017506163987588497,"DE,LT",2,"DE,LT",0.23702429153152255,0.0898899328405831,0.1734625104595429,0.3005860726035022,1,0.1089630532662508,DE,FALSE,z_within,consistent,weak
lym_dis,pit_bid,115,0.1751403150041175,0.14684218968488205,DE,1,DE,0.1751403150041175,NA,0.1751403150041175,0.1751403150041175,1,NA,NA,FALSE,z_within,insufficient data,weak
lym_dis,pit_cha,378,0.1976419245862337,7.312623229033516e-4,"AT,DE,LT,SK",4,"AT,DE,LT,SK",0.20496046640655016,0.1040773835086331,0.06222733480031171,0.29366106719643903,1,0.08712568060695709,DE,FALSE,z_within,consistent,weak
lym_dis,pit_spp,358,0.2184224341170629,2.3743685243221392e-4,"AT,CZ,DE,HR",4,"AT,CZ,DE,HR",0.23698186830483955,0.14922756641157298,0.0613348826606355,0.37429815444886405,1,0.08057039036112326,CZ,FALSE,z_within,consistent,weak
lym_dis,pol_pol,161,0.05209333963908175,0.6648065557216105,"CZ,LT",2,"CZ,LT",0.1775864119589239,0.24846360680202384,0.00189611071114487,0.35327671320670295,1,0.3011833735676212,CZ,FALSE,z_within,inconsistent,negligible
lym_dis,pri_abi,276,-0.11953292512374628,0.1234019943000081,"CZ,DE",2,"CZ,DE",-0.12122832445165121,0.014385940338968521,-0.13140072041908096,-0.11105592848422148,1,0.011867795295334688,DE,FALSE,z_within,consistent,weak
lym_dis,sap_car,23,-0.1022659723615388,0.7675248144292902,DE,1,DE,-0.1022659723615388,NA,-0.1022659723615388,-0.1022659723615388,1,NA,NA,FALSE,z_within,insufficient data,weak
lym_dis,sco_int,299,0.006532228451070593,0.947390363248462,"CZ,DE",2,"CZ,DE",0.003527790626335795,0.05523591734760678,-0.035529901095216615,0.042585482347888205,0.5,0.04206212954628721,DE,TRUE,z_within,inconsistent,negligible
lym_dis,sco_rat,230,0.07124037271093261,0.45775049544858015,"CZ,DE,LT",3,"CZ,DE,LT",0.10115089118880491,0.25904857773841883,-0.18020259891700577,0.32978402220803593,0.6666666666666666,0.12394631634667796,CZ,TRUE,z_within,inconsistent,negligible
lym_dis,sco_sco,115,0.15718529002986967,0.20045983361851666,"DE,LT",2,"DE,LT",0.046473132283316274,0.2609510583412756,-0.13804713062760607,0.23099339519423862,0.5,0.29523242065747574,DE,TRUE,z_within,inconsistent,weak
lym_dis,tet_gab,312,0.0640905097595749,0.4317207423115079,"AT,CZ,DE",3,"AT,CZ,DE",0.012239457187414666,0.1410796244826612,-0.12158789097747172,0.15959653439612054,0.3333333333333333,0.10213838745852793,DE,TRUE,z_within,inconsistent,negligible
lym_dis,tet_spp,161,0.16804547214768528,0.09431315469746286,DE,1,DE,0.16804547214768528,NA,0.16804547214768528,0.16804547214768528,1,NA,NA,FALSE,z_within,insufficient data,weak
lym_dis,tha_pit,64,-0.011600778087988343,0.9581698253190102,"BG,DE,HR",3,"BG,DE,HR",-0.020614944448501826,0.2283771781483066,-0.17319928399977583,0.24194222470103663,0.6666666666666666,0.14302425798355256,DE,TRUE,z_within,inconsistent,negligible
lym_dis,tha_pro,184,0.24772176627645368,0.003793494607245953,DE,1,DE,0.24772176627645368,NA,0.24772176627645368,0.24772176627645368,1,NA,NA,FALSE,z_within,insufficient data,weak
lym_dis,tom_spp,494,0.2627527930819277,5.324964565326491e-8,"AT,CZ,DE,LT",4,"AT,CZ,DE,LT",0.29457177055133754,0.12221173137846336,0.139249198663142,0.42856024817756994,1,0.0892471229741591,DE,FALSE,z_within,consistent,weak
lym_dis,tor_vir,248,-0.05611534097677585,0.5560342482140674,"BG,DE,LT,RO",4,"BG,DE,LT,RO",0.09944600318881985,0.20565293619939606,-0.13894627194179246,0.33515979972268684,0.25,0.23390293856475636,DE,TRUE,z_within,inconsistent,negligible
lym_dis,uro_sir_spp,69,0.1704052472932392,0.30422733750064557,DE,1,DE,0.1704052472932392,NA,0.1704052472932392,0.1704052472932392,1,NA,NA,FALSE,z_within,insufficient data,weak
lym_dis,xyl_lin,184,-0.09262171471154892,0.37497924163198293,DE,1,DE,-0.09262171471154892,NA,-0.09262171471154892,-0.09262171471154892,1,NA,NA,FALSE,z_within,insufficient data,negligible
lym_dis,xyl_spp,207,0.04286681876578998,0.6906550774200453,DE,1,DE,0.04286681876578998,NA,0.04286681876578998,0.04286681876578998,1,NA,NA,FALSE,z_within,insufficient data,negligible
lym_dis,zei_gri,138,0.06364662224101415,0.6210183043188122,"CZ,DE",2,"CZ,DE",0.09677296433841825,0.07027158339893948,0.04708345119231212,0.14646247748452437,1,0.08281585524351022,CZ,FALSE,z_within,consistent,negligible
lym_mon,mel_spp,481,0.12958396461892052,0.018183856551653606,"DE,PL",2,"DE,PL",0.12168079417266481,0.03412640693683463,0.0975497804100974,0.1458118079352322,1,0.03203418420882312,PL,FALSE,z_within,consistent,weak
lym_mon,neo_ser,92,0.12219839482146622,0.4181629870614306,"CZ,DE",2,"CZ,DE",0.12219839482146622,0.02781778282267011,0.10252825194998152,0.1418685376929509,1,0.01967014287148469,CZ,FALSE,z_within,consistent,weak
lym_mon,ope_spp,138,0.2378431017438669,0.020117408043582016,DE,1,DE,0.2378431017438669,NA,0.2378431017438669,0.2378431017438669,1,NA,NA,FALSE,z_within,insufficient data,weak
lym_mon,pan_fla,484,0.3137447090653971,4.769513744094369e-11,"CZ,DE,LT,PL",4,"CZ,DE,LT,PL",0.24356849548277348,0.11803309378028293,0.1316635440982935,0.3962742215328316,1,0.133641540075107,PL,FALSE,z_within,consistent,moderate
lym_mon,pha_cya,665,0.03424321386197566,0.5559672548148195,"CZ,DE,LT,PL",4,"CZ,DE,LT,PL",0.02046230709535663,0.0736465046614791,-0.04499185128836557,0.12614913482278076,0.5,0.03531755914651025,DE,TRUE,z_within,inconsistent,negligible
lym_mon,pis_pin,161,0.1276608085806043,0.22109103681098413,"DE,LT",2,"DE,LT",-0.09142660448235419,0.43377094725842114,-0.39814898277049604,0.21529577380578765,0.5,0.5258097913511004,DE,TRUE,z_within,inconsistent,weak
lym_mon,pit_bid,92,-0.05958419817413302,0.7157732852024262,DE,1,DE,-0.05958419817413302,NA,-0.05958419817413302,-0.05958419817413302,1,NA,NA,FALSE,z_within,insufficient data,negligible
lym_mon,pit_cha,207,0.136279183998604,0.12722435763868395,"DE,LT",2,"DE,LT",0.028545976449975377,0.19588855272843358,-0.10996814754111858,0.16706010044106934,0.5,0.24624733153972259,DE,TRUE,z_within,inconsistent,weak
lym_mon,pit_spp,184,-0.24046379357533265,0.005201859777160789,"CZ,DE",2,"CZ,DE",-0.2668633568326224,0.07466924079837126,-0.31966248334720193,-0.21406423031804286,1,0.07919868977186928,CZ,FALSE,z_within,consistent,weak
lym_mon,pol_pol,161,0.025929446931220828,0.824885532056436,"CZ,LT",2,"CZ,LT",-0.046142935999185494,0.1426960379778189,-0.14704427210175436,0.05475840010338336,0.5,0.17297371903297518,CZ,TRUE,z_within,inconsistent,negligible
lym_mon,pri_abi,276,0.19788204969515147,0.004967488086561097,"CZ,DE",2,"CZ,DE",0.21522120933536376,0.14712764834004258,0.11118625149408996,0.3192561671766376,1,0.1213741174814861,DE,FALSE,z_within,consistent,weak
lym_mon,sap_car,23,-0.2849030264603879,0.34362407727138133,DE,1,DE,-0.2849030264603879,NA,-0.2849030264603879,-0.2849030264603879,1,NA,NA,FALSE,z_within,insufficient data,weak
lym_mon,sco_int,253,-0.04000021516017061,0.6802431642705145,"CZ,DE",2,"CZ,DE",-0.05020893597955624,0.15881042580981294,-0.16250486499279806,0.062086993033685596,0.5,0.12250464983262746,CZ,TRUE,z_within,inconsistent,negligible
lym_mon,sco_rat,230,-0.033410835174173474,0.7499448627082119,"CZ,DE,LT",3,"CZ,DE,LT",-0.10061366602596382,0.15244731246732293,-0.27504481568938155,0.007108337037725534,0.6666666666666666,0.06077875831784852,CZ,FALSE,z_within,inconsistent,negligible
lym_mon,sco_sco,92,0.18368714760379748,0.17818724363086513,"DE,LT",2,"DE,LT",0.07949350020044824,0.2947041385418734,-0.12889379460625022,0.2878807950071467,0.5,0.31258094221004773,DE,TRUE,z_within,inconsistent,weak
lym_mon,tet_gab,207,0.002082855323614126,0.9859592162436267,"CZ,DE",2,"CZ,DE",-0.005686883353120226,0.01977852566291851,-0.01967241297124206,0.008298646265001607,0.5,0.021755268294856186,DE,TRUE,z_within,inconsistent,negligible
lym_mon,tet_spp,115,0.2933750115784773,0.0072394128678969,DE,1,DE,0.2933750115784773,NA,0.2933750115784773,0.2933750115784773,1,NA,NA,FALSE,z_within,insufficient data,weak
lym_mon,tha_pit,23,-0.45812713815045525,0.0823623779718611,DE,1,DE,-0.45812713815045525,NA,-0.45812713815045525,-0.45812713815045525,1,NA,NA,FALSE,z_within,insufficient data,moderate
lym_mon,tha_pro,161,0.22890753998842775,0.015050680490085993,DE,1,DE,0.22890753998842775,NA,0.22890753998842775,0.22890753998842775,1,NA,NA,FALSE,z_within,insufficient data,weak
lym_mon,tom_spp,605,0.044027961841267255,0.45536658372087135,"CZ,DE,LT,PL",4,"CZ,DE,LT,PL",-0.01899277683751583,0.1674028974750001,-0.22751432895823992,0.17593286283121407,0.5,0.057893422878380646,DE,TRUE,z_within,inconsistent,negligible
lym_mon,tor_vir,504,0.11814031501611885,0.029483756909626235,"DE,LT,PL",3,"DE,LT,PL",0.08514833754100137,0.18279023654534773,-0.07651463094453423,0.28350039037343233,0.6666666666666666,0.12035819769256767,PL,FALSE,z_within,inconsistent,weak
lym_mon,uro_sir_spp,46,0.0466252264243432,0.8379187676882143,DE,1,DE,0.0466252264243432,NA,0.0466252264243432,0.0466252264243432,1,NA,NA,FALSE,z_within,insufficient data,negligible
lym_mon,xyl_lin,161,0.08258686148283656,0.4713397404695621,DE,1,DE,0.08258686148283656,NA,0.08258686148283656,0.08258686148283656,1,NA,NA,FALSE,z_within,insufficient data,negligible
lym_mon,xyl_spp,184,0.1195009147257254,0.22109103681098413,DE,1,DE,0.1195009147257254,NA,0.1195009147257254,0.1195009147257254,1,NA,NA,FALSE,z_within,insufficient data,weak
lym_mon,zei_gri,161,0.04206584395751018,0.7360849833141655,"CZ,DE",2,"CZ,DE",0.26042722222318476,0.432333471698518,-0.04527870734875965,0.5661331517951291,0.5,0.5240673078376189,CZ,TRUE,z_within,inconsistent,negligible
mel_spp,neo_ser,46,-0.12106473765154466,0.5955865875853316,DE,1,DE,-0.12106473765154466,NA,-0.12106473765154466,-0.12106473765154466,1,NA,NA,FALSE,z_within,insufficient data,weak
mel_spp,ope_spp,161,0.03399786445962709,0.7819228667669519,DE,1,DE,0.03399786445962709,NA,0.03399786445962709,0.03399786445962709,1,NA,NA,FALSE,z_within,insufficient data,negligible
mel_spp,pan_fla,415,0.19558617869370232,4.315407626633545e-4,"DE,PL",2,"DE,PL",0.22704171950844435,0.10040866691791712,0.1560420702408838,0.2980413687760049,1,0.10245519008230258,PL,FALSE,z_within,consistent,weak
mel_spp,pha_cya,547,0.12520730313614978,0.014714181015370385,"DE,PL",2,"DE,PL",0.13735789746153598,0.0716209750714426,0.08671422031332625,0.18800157460974573,1,0.06279427147359595,PL,FALSE,z_within,consistent,weak
mel_spp,pis_pin,138,0.19127499112975718,0.07393159723227294,DE,1,DE,0.19127499112975718,NA,0.19127499112975718,0.19127499112975718,1,NA,NA,FALSE,z_within,insufficient data,weak
mel_spp,pit_bid,92,-0.05982057628450395,0.7157732852024262,DE,1,DE,-0.05982057628450395,NA,-0.05982057628450395,-0.05982057628450395,1,NA,NA,FALSE,z_within,insufficient data,negligible
mel_spp,pit_cha,207,-0.0808327025076635,0.4192394927560166,DE,1,DE,-0.0808327025076635,NA,-0.0808327025076635,-0.0808327025076635,1,NA,NA,FALSE,z_within,insufficient data,negligible
mel_spp,pit_spp,92,0.14578869059689398,0.31001153121024744,DE,1,DE,0.14578869059689398,NA,0.14578869059689398,0.14578869059689398,1,NA,NA,FALSE,z_within,insufficient data,weak
mel_spp,pol_pol,0,NA,NA,,0,NA,NA,NA,NA,NA,NA,NA,NA,NA,z_within,insufficient data,NA
mel_spp,pri_abi,161,0.1836602168951483,0.06252478313189123,DE,1,DE,0.1836602168951483,NA,0.1836602168951483,0.1836602168951483,1,NA,NA,FALSE,z_within,insufficient data,weak
mel_spp,sap_car,23,0.07614457387190585,0.8182269556379271,DE,1,DE,0.07614457387190585,NA,0.07614457387190585,0.07614457387190585,1,NA,NA,FALSE,z_within,insufficient data,negligible
mel_spp,sco_int,138,0.03274659932177143,0.8002197267295614,DE,1,DE,0.03274659932177143,NA,0.03274659932177143,0.03274659932177143,1,NA,NA,FALSE,z_within,insufficient data,negligible
mel_spp,sco_rat,69,0.057681480233476454,0.7647478973820513,DE,1,DE,0.057681480233476454,NA,0.057681480233476454,0.057681480233476454,1,NA,NA,FALSE,z_within,insufficient data,negligible
mel_spp,sco_sco,92,-0.10135336539474932,0.5104466101879035,DE,1,DE,-0.10135336539474932,NA,-0.10135336539474932,-0.10135336539474932,1,NA,NA,FALSE,z_within,insufficient data,weak
mel_spp,tet_gab,184,0.15704488950845902,0.09447898619848524,DE,1,DE,0.15704488950845902,NA,0.15704488950845902,0.15704488950845902,1,NA,NA,FALSE,z_within,insufficient data,weak
mel_spp,tet_spp,161,0.3689755364368466,1.5230522911521693e-5,DE,1,DE,0.3689755364368466,NA,0.3689755364368466,0.3689755364368466,1,NA,NA,FALSE,z_within,insufficient data,moderate
mel_spp,tha_pit,23,-0.30624404663563387,0.29572751696097227,DE,1,DE,-0.30624404663563387,NA,-0.30624404663563387,-0.30624404663563387,1,NA,NA,FALSE,z_within,insufficient data,moderate
mel_spp,tha_pro,184,0.16625123070372314,0.07280947976644386,DE,1,DE,0.16625123070372314,NA,0.16625123070372314,0.16625123070372314,1,NA,NA,FALSE,z_within,insufficient data,weak
mel_spp,tom_spp,487,0.14831006526860172,0.005273114167786248,"DE,PL",2,"DE,PL",0.1494316543074603,0.010823253288169575,0.141778458512896,0.1570848501020246,1,0.008774784833422894,PL,FALSE,z_within,consistent,weak
mel_spp,tor_vir,524,-0.013023978666001603,0.840983366843632,"DE,PL",2,"DE,PL",-0.020495456123265858,0.03586779667185681,-0.04585781837615609,0.00486690612962437,0.5,0.03283383971015448,PL,TRUE,z_within,inconsistent,negligible
mel_spp,uro_sir_spp,69,0.17705501703533644,0.28264501386190644,DE,1,DE,0.17705501703533644,NA,0.17705501703533644,0.17705501703533644,1,NA,NA,FALSE,z_within,insufficient data,weak
mel_spp,xyl_lin,184,-7.821162001359268e-4,0.995575272740109,DE,1,DE,-7.821162001359268e-4,NA,-7.821162001359268e-4,-7.821162001359268e-4,1,NA,NA,FALSE,z_within,insufficient data,negligible
mel_spp,xyl_spp,207,-0.017471893717549987,0.8649623574775771,DE,1,DE,-0.017471893717549987,NA,-0.017471893717549987,-0.017471893717549987,1,NA,NA,FALSE,z_within,insufficient data,negligible
mel_spp,zei_gri,23,0.14383660286916528,0.6648749675698951,DE,1,DE,0.14383660286916528,NA,0.14383660286916528,0.14383660286916528,1,NA,NA,FALSE,z_within,insufficient data,weak
neo_ser,ope_spp,46,0.2608398767546145,0.1784531305727245,DE,1,DE,0.2608398767546145,NA,0.2608398767546145,0.2608398767546145,1,NA,NA,FALSE,z_within,insufficient data,weak
neo_ser,pan_fla,69,-0.06386657507055891,0.7397032844105115,"CZ,DE",2,"CZ,DE",-0.059263567666555564,0.019528906495335997,-0.07307258987856566,-0.04545454545454546,1,0.018412029616013452,DE,FALSE,z_within,consistent,negligible
neo_ser,pha_cya,92,0.07923805408676056,0.6176863756340422,"CZ,DE",2,"CZ,DE",0.07923805408676056,0.17529060444053407,-0.04471112099142981,0.20318722916495094,0.5,0.12394917507819038,CZ,TRUE,z_within,inconsistent,negligible
neo_ser,pis_pin,46,0.028240597159295108,0.9008871162845118,DE,1,DE,0.028240597159295108,NA,0.028240597159295108,0.028240597159295108,1,NA,NA,FALSE,z_within,insufficient data,negligible
neo_ser,pit_bid,46,0.24915579607054422,0.20204020397340894,DE,1,DE,0.24915579607054422,NA,0.24915579607054422,0.24915579607054422,1,NA,NA,FALSE,z_within,insufficient data,weak
neo_ser,pit_cha,46,0.06409917451486274,0.7829857477529152,DE,1,DE,0.06409917451486274,NA,0.06409917451486274,0.06409917451486274,1,NA,NA,FALSE,z_within,insufficient data,negligible
neo_ser,pit_spp,46,-0.26836271181038623,0.16363637918815518,CZ,1,CZ,-0.26836271181038623,NA,-0.26836271181038623,-0.26836271181038623,1,NA,NA,FALSE,z_within,insufficient data,weak
neo_ser,pol_pol,46,0.1421798470928714,0.5209330921301654,CZ,1,CZ,0.1421798470928714,NA,0.1421798470928714,0.1421798470928714,1,NA,NA,FALSE,z_within,insufficient data,weak
neo_ser,pri_abi,92,0.34350764690467256,0.00430744259163931,"CZ,DE",2,"CZ,DE",0.34350764690467256,0.005319807686316019,0.3397459748150702,0.34726931899427493,1,0.0037616720896023748,CZ,FALSE,z_within,consistent,moderate
neo_ser,sap_car,0,NA,NA,,0,NA,NA,NA,NA,NA,NA,NA,NA,NA,z_within,insufficient data,NA
neo_ser,sco_int,92,-0.04836315575315628,0.7711768082764909,"CZ,DE",2,"CZ,DE",-0.04836315575315628,0.19844327518381688,-0.1886837413165013,0.09195742981018876,0.5,0.14032058556334503,CZ,TRUE,z_within,inconsistent,negligible
neo_ser,sco_rat,92,-0.035561846500657655,0.8217190620387868,"CZ,DE",2,"CZ,DE",-0.03556184650065766,0.07815824001282523,-0.09082806801933213,0.01970437501801681,0.5,0.055266221518674476,CZ,TRUE,z_within,inconsistent,negligible
neo_ser,sco_sco,46,0.24111443417023712,0.22109103681098413,DE,1,DE,0.24111443417023712,NA,0.24111443417023712,0.24111443417023712,1,NA,NA,FALSE,z_within,insufficient data,weak
neo_ser,tet_gab,69,-0.010692954811966159,0.9596220818071504,"CZ,DE",2,"CZ,DE",-0.023806449150666206,0.05563584463167723,-0.06314693216676635,0.01553403386543394,0.5,0.052453977354800195,DE,TRUE,z_within,inconsistent,negligible
neo_ser,tet_spp,23,-0.17030598012606962,0.6081149158237587,DE,1,DE,-0.17030598012606962,NA,-0.17030598012606962,-0.17030598012606962,1,NA,NA,FALSE,z_within,insufficient data,weak
neo_ser,tha_pit,18,-0.07015616178597157,0.8515303621782064,BG,1,BG,-0.07015616178597157,NA,-0.07015616178597157,-0.07015616178597157,1,NA,NA,FALSE,z_within,insufficient data,negligible
neo_ser,tha_pro,23,0.2701441526624266,0.3761494215978434,DE,1,DE,0.2701441526624266,NA,0.2701441526624266,0.2701441526624266,1,NA,NA,FALSE,z_within,insufficient data,weak
neo_ser,tom_spp,92,0.047834806387392716,0.7715666885428982,"CZ,DE",2,"CZ,DE",0.04783480638739272,0.33072326412677805,-0.1860218563728017,0.28169146914758714,0.5,0.23385666276019443,CZ,TRUE,z_within,inconsistent,negligible
neo_ser,tor_vir,64,0.10948696306080286,0.5647514513830679,"BG,DE",2,"BG,DE",0.09064172111498639,0.06521853182528103,0.04452525500229951,0.13675818722767327,1,0.06496170805850335,DE,FALSE,z_within,consistent,weak
neo_ser,uro_sir_spp,23,0.15045390445454052,0.6498010171525311,DE,1,DE,0.15045390445454052,NA,0.15045390445454052,0.15045390445454052,1,NA,NA,FALSE,z_within,insufficient data,weak
neo_ser,xyl_lin,46,0.08057980581614524,0.7349205728799284,DE,1,DE,0.08057980581614524,NA,0.08057980581614524,0.08057980581614524,1,NA,NA,FALSE,z_within,insufficient data,negligible
neo_ser,xyl_spp,46,0.1396057422978602,0.5303300069933093,DE,1,DE,0.1396057422978602,NA,0.1396057422978602,0.1396057422978602,1,NA,NA,FALSE,z_within,insufficient data,weak
neo_ser,zei_gri,69,-0.0476576999545067,0.7984683097814228,"CZ,DE",2,"CZ,DE",0.012872027166324546,0.25680588306306623,-0.16871715419616914,0.19446120852881824,0.5,0.24211890848332493,CZ,TRUE,z_within,inconsistent,negligible
ope_spp,pan_fla,92,-0.012231036206837355,0.945787156567521,DE,1,DE,-0.012231036206837355,NA,-0.012231036206837355,-0.012231036206837355,1,NA,NA,FALSE,z_within,insufficient data,negligible
ope_spp,pha_cya,207,0.12213133145403925,0.17818724363086513,DE,1,DE,0.12213133145403925,NA,0.12213133145403925,0.12213133145403925,1,NA,NA,FALSE,z_within,insufficient data,weak
ope_spp,pis_pin,115,0.10255921585612508,0.45001580610399433,DE,1,DE,0.10255921585612508,NA,0.10255921585612508,0.10255921585612508,1,NA,NA,FALSE,z_within,insufficient data,weak
ope_spp,pit_bid,92,0.3015953913947821,0.015050680490085993,DE,1,DE,0.3015953913947821,NA,0.3015953913947821,0.3015953913947821,1,NA,NA,FALSE,z_within,insufficient data,moderate
ope_spp,pit_cha,207,0.12655918559733276,0.15979924368193643,DE,1,DE,0.12655918559733276,NA,0.12655918559733276,0.12655918559733276,1,NA,NA,FALSE,z_within,insufficient data,weak
ope_spp,pit_spp,92,0.03947941719645301,0.8034819024176845,DE,1,DE,0.03947941719645301,NA,0.03947941719645301,0.03947941719645301,1,NA,NA,FALSE,z_within,insufficient data,negligible
ope_spp,pol_pol,0,NA,NA,,0,NA,NA,NA,NA,NA,NA,NA,NA,NA,z_within,insufficient data,NA
ope_spp,pri_abi,161,0.05579603096651908,0.642737873896877,DE,1,DE,0.05579603096651908,NA,0.05579603096651908,0.05579603096651908,1,NA,NA,FALSE,z_within,insufficient data,negligible
ope_spp,sap_car,0,NA,NA,,0,NA,NA,NA,NA,NA,NA,NA,NA,NA,z_within,insufficient data,NA
ope_spp,sco_int,161,-0.07300850908550445,0.5325955693574004,DE,1,DE,-0.07300850908550445,NA,-0.07300850908550445,-0.07300850908550445,1,NA,NA,FALSE,z_within,insufficient data,negligible
ope_spp,sco_rat,46,-0.08381725113691679,0.7228311408959772,DE,1,DE,-0.08381725113691679,NA,-0.08381725113691679,-0.08381725113691679,1,NA,NA,FALSE,z_within,insufficient data,negligible
ope_spp,sco_sco,92,0.2514751074719057,0.05166429731895851,DE,1,DE,0.2514751074719057,NA,0.2514751074719057,0.2514751074719057,1,NA,NA,FALSE,z_within,insufficient data,weak
ope_spp,tet_gab,161,0.11395038540058705,0.28914649431122835,DE,1,DE,0.11395038540058705,NA,0.11395038540058705,0.11395038540058705,1,NA,NA,FALSE,z_within,insufficient data,weak
ope_spp,tet_spp,138,0.03576993202787229,0.7863354545525726,DE,1,DE,0.03576993202787229,NA,0.03576993202787229,0.03576993202787229,1,NA,NA,FALSE,z_within,insufficient data,negligible
ope_spp,tha_pit,0,NA,NA,,0,NA,NA,NA,NA,NA,NA,NA,NA,NA,z_within,insufficient data,NA
ope_spp,tha_pro,184,0.13057213234747828,0.17445576230483031,DE,1,DE,0.13057213234747828,NA,0.13057213234747828,0.13057213234747828,1,NA,NA,FALSE,z_within,insufficient data,weak
ope_spp,tom_spp,207,0.1649355936162675,0.05698813234506998,DE,1,DE,0.1649355936162675,NA,0.1649355936162675,0.1649355936162675,1,NA,NA,FALSE,z_within,insufficient data,weak
ope_spp,tor_vir,184,0.5102158892514843,5.3099620068974904e-12,DE,1,DE,0.5102158892514843,NA,0.5102158892514843,0.5102158892514843,1,NA,NA,FALSE,z_within,insufficient data,strong
ope_spp,uro_sir_spp,92,-0.13170583075763934,0.37497924163198293,DE,1,DE,-0.13170583075763934,NA,-0.13170583075763934,-0.13170583075763934,1,NA,NA,FALSE,z_within,insufficient data,weak
ope_spp,xyl_lin,207,0.003398576897489748,0.9788566521480758,DE,1,DE,0.003398576897489748,NA,0.003398576897489748,0.003398576897489748,1,NA,NA,FALSE,z_within,insufficient data,negligible
ope_spp,xyl_spp,207,0.024234432424789756,0.8182269556379271,DE,1,DE,0.024234432424789756,NA,0.024234432424789756,0.024234432424789756,1,NA,NA,FALSE,z_within,insufficient data,negligible
ope_spp,zei_gri,23,0.12688204890511523,0.7125401627947997,DE,1,DE,0.12688204890511523,NA,0.12688204890511523,0.12688204890511523,1,NA,NA,FALSE,z_within,insufficient data,weak
pan_fla,pha_cya,484,0.10302006627359132,0.07116646291777473,"CZ,DE,LT,PL",4,"CZ,DE,LT,PL",0.06621563214896509,0.16391528400207905,-0.16371108365072917,0.2216398907234759,0.75,0.03323830932301658,PL,FALSE,z_within,inconsistent,weak
pan_fla,pis_pin,138,0.15477961051706823,0.16102730942261584,"DE,LT",2,"DE,LT",0.12558878096859427,0.06192310056655981,0.08180253664588327,0.16937502529130524,1,0.07297707387118496,DE,FALSE,z_within,consistent,weak
pan_fla,pit_bid,92,0.16326578955205245,0.24083978756460603,DE,1,DE,0.16326578955205245,NA,0.16326578955205245,0.16326578955205245,1,NA,NA,FALSE,z_within,insufficient data,weak
pan_fla,pit_cha,161,0.206512251004872,0.031431073073882224,"DE,LT",2,"DE,LT",0.16318944719612938,0.08577477538889365,0.10253752186388969,0.22384137252836905,1,0.10397472914098231,DE,FALSE,z_within,consistent,weak
pan_fla,pit_spp,46,0.10266729905675964,0.6524469658617936,"CZ,DE",2,"CZ,DE",0.10266729905675964,0.1688288639943536,-0.016712735533669153,0.22204733364718843,0.5,0.1193800345904288,CZ,TRUE,z_within,inconsistent,weak
pan_fla,pol_pol,46,0.12702264782734599,0.5720853662956015,"CZ,LT",2,"CZ,LT",0.12702264782734599,0.030140997491442386,0.10570974410942036,0.14833555154527162,1,0.02131290371792563,CZ,FALSE,z_within,consistent,weak
pan_fla,pri_abi,138,0.23321401772048966,0.02315859254438533,"CZ,DE",2,"CZ,DE",0.08673932972025546,0.31071973547144827,-0.13297270228009586,0.3064513617206068,0.5,0.3661867200005855,DE,TRUE,z_within,inconsistent,weak
pan_fla,sap_car,23,-0.16148790635021953,0.6246959613151968,DE,1,DE,-0.16148790635021953,NA,-0.16148790635021953,-0.16148790635021953,1,NA,NA,FALSE,z_within,insufficient data,weak
pan_fla,sco_int,115,-0.04695601087530223,0.7521382575281536,"CZ,DE",2,"CZ,DE",0.10308972662449943,0.35366119491415465,-0.14698650254183668,0.35316595579083554,0.5,0.40012196666613775,DE,TRUE,z_within,inconsistent,negligible
pan_fla,sco_rat,115,-0.1160457869139796,0.37913028130601945,"CZ,DE,LT",3,"CZ,DE,LT",-0.03520169357251828,0.18539866035011657,-0.23731192692617162,0.1269783234307444,0.3333333333333333,0.181899210018288,DE,TRUE,z_within,inconsistent,weak
pan_fla,sco_sco,92,0.03204202659778427,0.8387486374614179,"DE,LT",2,"DE,LT",-0.005354502673948804,0.10577335776353473,-0.08014756121741497,0.06943855586951736,0.5,0.11218958781519923,DE,TRUE,z_within,inconsistent,negligible
pan_fla,tet_gab,115,0.10717903070164547,0.42730293352734816,"CZ,DE",2,"CZ,DE",0.043306794625991026,0.1505483041954776,-0.06314693216676635,0.1497605214187484,0.5,0.17032596286841184,DE,TRUE,z_within,inconsistent,weak
pan_fla,tet_spp,92,0.44632066952455196,7.131549280111753e-5,DE,1,DE,0.44632066952455196,NA,0.44632066952455196,0.44632066952455196,1,NA,NA,FALSE,z_within,insufficient data,moderate
pan_fla,tha_pit,23,-0.47239412810897125,0.06984173876482865,DE,1,DE,-0.47239412810897125,NA,-0.47239412810897125,-0.47239412810897125,1,NA,NA,FALSE,z_within,insufficient data,moderate
pan_fla,tha_pro,115,-0.026133601559517453,0.8515303621782064,DE,1,DE,-0.026133601559517453,NA,-0.026133601559517453,-0.026133601559517453,1,NA,NA,FALSE,z_within,insufficient data,negligible
pan_fla,tom_spp,424,0.1984667455410152,2.9252083744080534e-4,"CZ,DE,LT,PL",4,"CZ,DE,LT,PL",0.20751982761713791,0.13948244371958188,0.04288067003612662,0.3518928768944758,1,0.06770937689215009,PL,FALSE,z_within,consistent,weak
pan_fla,tor_vir,461,0.13589926750302703,0.015047081028983144,"DE,LT,PL",3,"DE,LT,PL",0.10659914922263004,0.05175235775418589,0.07249180215342617,0.16614780116695585,1,0.05597942918324489,PL,FALSE,z_within,consistent,weak
pan_fla,uro_sir_spp,23,-0.09349088024409397,0.7829857477529152,DE,1,DE,-0.09349088024409397,NA,-0.09349088024409397,-0.09349088024409397,1,NA,NA,FALSE,z_within,insufficient data,negligible
pan_fla,xyl_lin,115,0.40239394906106984,7.131549280111753e-5,DE,1,DE,0.40239394906106984,NA,0.40239394906106984,0.40239394906106984,1,NA,NA,FALSE,z_within,insufficient data,moderate
pan_fla,xyl_spp,138,0.26045022010175806,0.009374134217380616,DE,1,DE,0.26045022010175806,NA,0.26045022010175806,0.26045022010175806,1,NA,NA,FALSE,z_within,insufficient data,weak
pan_fla,zei_gri,46,0.2894964075144088,0.12751285610955224,"CZ,DE",2,"CZ,DE",0.28949640751440886,0.45340965912571196,-0.031112637108863035,0.6101054521376807,0.5,0.32060904462327194,DE,TRUE,z_within,inconsistent,weak
pha_cya,pis_pin,184,0.38143548702689134,1.2412697793777344e-6,"DE,LT",2,"DE,LT",0.3572258398150031,0.04565014856976056,0.32494631019915204,0.3895053694308542,1,0.056489176827739296,DE,FALSE,z_within,consistent,moderate
pha_cya,pit_bid,115,0.6044388237191045,2.5797093680199984e-11,DE,1,DE,0.6044388237191045,NA,0.6044388237191045,0.6044388237191045,1,NA,NA,FALSE,z_within,insufficient data,strong
pha_cya,pit_cha,423,0.3495793541687242,5.3099620068974904e-12,"AT,DE,LT",3,"AT,DE,LT",0.34872205083094815,0.10165923366677784,0.2315296591427105,0.413154108865828,1,0.09496969528826615,DE,FALSE,z_within,consistent,moderate
pha_cya,pit_spp,402,0.2562962553260354,2.3313865456316808e-6,"AT,CZ,DE",3,"AT,CZ,DE",0.211444836575213,0.19510678992832492,0.05687830670913615,0.430673690943094,1,0.1475501378298188,CZ,FALSE,z_within,consistent,weak
pha_cya,pol_pol,207,0.13614999139408854,0.1274034571168663,"CZ,LT",2,"CZ,LT",0.2698820387519128,0.24316158226802928,0.09794083500613875,0.44182324249768684,1,0.30567325110359833,CZ,FALSE,z_within,inconsistent,weak
pha_cya,pri_abi,345,-0.14454814615347625,0.02702319246411851,"CZ,DE",2,"CZ,DE",-0.15231162206217658,0.16468819381861155,-0.26876376069268126,-0.0358594834316719,1,0.12421561453920502,DE,FALSE,z_within,consistent,weak
pha_cya,sap_car,23,0.4897466971970208,0.05701891171121669,DE,1,DE,0.4897466971970208,NA,0.4897466971970208,0.4897466971970208,1,NA,NA,FALSE,z_within,insufficient data,moderate
pha_cya,sco_int,368,0.24601577831480403,1.834684269766621e-5,"CZ,DE",2,"CZ,DE",0.24601577831480403,0.10438283783869469,0.1722059658395673,0.3198255907900408,1,0.07380981247523677,DE,FALSE,z_within,consistent,weak
pha_cya,sco_rat,276,0.34923850849324495,4.461264337532133e-8,"CZ,DE,LT",3,"CZ,DE,LT",0.35727146987964387,0.09922856702404799,0.2896718071785416,0.4711901049885443,1,0.07657202204279867,CZ,FALSE,z_within,consistent,moderate
pha_cya,sco_sco,138,0.03647298611798391,0.7829857477529152,"DE,LT",2,"DE,LT",-0.015254770152837775,0.1097311417039889,-0.0928464045590703,0.06233686425339475,0.5,0.12931939067705422,DE,TRUE,z_within,inconsistent,negligible
pha_cya,tet_gab,358,0.14516863960167734,0.02315859254438533,"AT,CZ,DE",3,"AT,CZ,DE",0.005348749718063691,0.31055737461388006,-0.30538490778327454,0.3157295407397057,0.6666666666666666,0.23452123906478906,DE,TRUE,z_within,inconsistent,weak
pha_cya,tet_spp,184,0.145875328322962,0.12469920837171143,DE,1,DE,0.145875328322962,NA,0.145875328322962,0.145875328322962,1,NA,NA,FALSE,z_within,insufficient data,weak
pha_cya,tha_pit,23,0.38795166376655693,0.15704029917146445,DE,1,DE,0.38795166376655693,NA,0.38795166376655693,0.38795166376655693,1,NA,NA,FALSE,z_within,insufficient data,moderate
pha_cya,tha_pro,230,0.12957864961418486,0.1267275318430103,DE,1,DE,0.12957864961418486,NA,0.12957864961418486,0.12957864961418486,1,NA,NA,FALSE,z_within,insufficient data,weak
pha_cya,tom_spp,887,0.2878472325700574,1.4670077511302353e-16,"AT,CZ,DE,LT,PL",5,"AT,CZ,DE,LT,PL",0.3234263827336,0.15546873306339504,0.09147871361425336,0.5175402892397701,1,0.09005866559007569,PL,FALSE,z_within,consistent,weak
pha_cya,tor_vir,593,0.018753908372652946,0.7711768082764909,"DE,LT,PL",3,"DE,LT,PL",0.1230658892288873,0.19718983983974692,-0.014999429742494486,0.3489019565507059,0.6666666666666666,0.04505094302145711,PL,FALSE,z_within,inconsistent,negligible
pha_cya,uro_sir_spp,92,0.21537837496359108,0.1068702875729677,DE,1,DE,0.21537837496359108,NA,0.21537837496359108,0.21537837496359108,1,NA,NA,FALSE,z_within,insufficient data,weak
pha_cya,xyl_lin,230,0.026680925184946237,0.7953534902522262,DE,1,DE,0.026680925184946237,NA,0.026680925184946237,0.026680925184946237,1,NA,NA,FALSE,z_within,insufficient data,negligible
pha_cya,xyl_spp,253,0.2864029749936338,3.5794001852113396e-5,DE,1,DE,0.2864029749936338,NA,0.2864029749936338,0.2864029749936338,1,NA,NA,FALSE,z_within,insufficient data,weak
pha_cya,zei_gri,184,-0.039492033826317004,0.7349205728799284,"CZ,DE",2,"CZ,DE",-0.15747237513270007,0.22246586502519147,-0.31477949687454415,-1.6525339085598863e-4,1,0.27528746304822715,CZ,FALSE,z_within,inconsistent,negligible
pis_pin,pit_bid,115,0.4183824476545878,3.272822411484143e-5,DE,1,DE,0.4183824476545878,NA,0.4183824476545878,0.4183824476545878,1,NA,NA,FALSE,z_within,insufficient data,moderate
pis_pin,pit_cha,184,0.43155102237460574,2.004189387395745e-8,"DE,LT",2,"DE,LT",0.5285995062015676,0.18299637604778046,0.39920152776561846,0.6579974846375166,1,0.22644646226291087,DE,FALSE,z_within,consistent,moderate
pis_pin,pit_spp,23,0.16778578762789031,0.6132246538190259,DE,1,DE,0.16778578762789031,NA,0.16778578762789031,0.16778578762789031,1,NA,NA,FALSE,z_within,insufficient data,weak
pis_pin,pol_pol,23,0.5437025759288647,0.027545455694348138,LT,1,LT,0.5437025759288647,NA,0.5437025759288647,0.5437025759288647,1,NA,NA,FALSE,z_within,insufficient data,strong
pis_pin,pri_abi,138,0.17203170432508988,0.11573707621794035,DE,1,DE,0.17203170432508988,NA,0.17203170432508988,0.17203170432508988,1,NA,NA,FALSE,z_within,insufficient data,weak
pis_pin,sap_car,23,0.08203379930183087,0.8038639288201248,DE,1,DE,0.08203379930183087,NA,0.08203379930183087,0.08203379930183087,1,NA,NA,FALSE,z_within,insufficient data,negligible
pis_pin,sco_int,115,0.22537551920105753,0.05131919393451508,DE,1,DE,0.22537551920105753,NA,0.22537551920105753,0.22537551920105753,1,NA,NA,FALSE,z_within,insufficient data,weak
pis_pin,sco_rat,92,0.36348986828610524,0.0022085456761473045,"DE,LT",2,"DE,LT",0.38809222569566126,0.06958597502988861,0.3388875108765492,0.43729694051477325,1,0.073807072228668,DE,FALSE,z_within,consistent,moderate
pis_pin,sco_sco,115,0.2600752836446467,0.020163273780827145,"DE,LT",2,"DE,LT",0.16628088276030123,0.22107552300883415,0.009956881286391975,0.32260488423421046,1,0.2501184023582547,DE,FALSE,z_within,inconsistent,weak
pis_pin,tet_gab,138,0.44438769006133133,6.898770388870992e-7,DE,1,DE,0.44438769006133133,NA,0.44438769006133133,0.44438769006133133,1,NA,NA,FALSE,z_within,insufficient data,moderate
pis_pin,tet_spp,92,0.32143307968465457,0.008368215272014317,DE,1,DE,0.32143307968465457,NA,0.32143307968465457,0.32143307968465457,1,NA,NA,FALSE,z_within,insufficient data,moderate
pis_pin,tha_pit,23,-0.15133556560130884,0.6483326124808171,DE,1,DE,-0.15133556560130884,NA,-0.15133556560130884,-0.15133556560130884,1,NA,NA,FALSE,z_within,insufficient data,weak
pis_pin,tha_pro,138,0.1018585202072589,0.4036613753605862,DE,1,DE,0.1018585202072589,NA,0.1018585202072589,0.1018585202072589,1,NA,NA,FALSE,z_within,insufficient data,weak
pis_pin,tom_spp,184,0.47459157788404155,2.573402950836087e-10,"DE,LT",2,"DE,LT",0.6312945427982023,0.29548194432757524,0.4223572562459879,0.8402318293504166,1,0.3656402514663751,DE,FALSE,z_within,inconsistent,moderate
pis_pin,tor_vir,184,0.14612201449204124,0.1244551413412104,"DE,LT",2,"DE,LT",0.23698895876391202,0.17134035328090647,0.11583303306808435,0.3581448844597397,1,0.21202286996769845,DE,FALSE,z_within,consistent,weak
pis_pin,uro_sir_spp,46,-0.006111886103271918,0.9810235489719787,DE,1,DE,-0.006111886103271918,NA,-0.006111886103271918,-0.006111886103271918,1,NA,NA,FALSE,z_within,insufficient data,negligible
pis_pin,xyl_lin,138,0.21742164189690152,0.0369457520639809,DE,1,DE,0.21742164189690152,NA,0.21742164189690152,0.21742164189690152,1,NA,NA,FALSE,z_within,insufficient data,weak
pis_pin,xyl_spp,161,0.3833883761546389,6.011052311141918e-6,DE,1,DE,0.3833883761546389,NA,0.3833883761546389,0.3833883761546389,1,NA,NA,FALSE,z_within,insufficient data,moderate
pis_pin,zei_gri,23,0.04548936441277936,0.8883614608207209,DE,1,DE,0.04548936441277936,NA,0.04548936441277936,0.04548936441277936,1,NA,NA,FALSE,z_within,insufficient data,negligible
pit_bid,pit_cha,115,0.4343617702834948,1.3267711687199496e-5,DE,1,DE,0.4343617702834948,NA,0.4343617702834948,0.4343617702834948,1,NA,NA,FALSE,z_within,insufficient data,moderate
pit_bid,pit_spp,23,0.18027932399395025,0.5813346959475316,DE,1,DE,0.18027932399395025,NA,0.18027932399395025,0.18027932399395025,1,NA,NA,FALSE,z_within,insufficient data,weak
pit_bid,pol_pol,0,NA,NA,,0,NA,NA,NA,NA,NA,NA,NA,NA,NA,z_within,insufficient data,NA
pit_bid,pri_abi,115,0.05320308063758207,0.7157732852024262,DE,1,DE,0.05320308063758207,NA,0.05320308063758207,0.05320308063758207,1,NA,NA,FALSE,z_within,insufficient data,negligible
pit_bid,sap_car,23,0.2762426839708649,0.36392509344667756,DE,1,DE,0.2762426839708649,NA,0.2762426839708649,0.2762426839708649,1,NA,NA,FALSE,z_within,insufficient data,weak
pit_bid,sco_int,115,0.22852493148438127,0.047560792028290014,DE,1,DE,0.22852493148438127,NA,0.22852493148438127,0.22852493148438127,1,NA,NA,FALSE,z_within,insufficient data,weak
pit_bid,sco_rat,69,0.4613483122109086,4.6580788667984223e-4,DE,1,DE,0.4613483122109086,NA,0.4613483122109086,0.4613483122109086,1,NA,NA,FALSE,z_within,insufficient data,moderate
pit_bid,sco_sco,92,0.2080301339631069,0.12247192493153451,DE,1,DE,0.2080301339631069,NA,0.2080301339631069,0.2080301339631069,1,NA,NA,FALSE,z_within,insufficient data,weak
pit_bid,tet_gab,92,0.2958822072737022,0.01730739896871568,DE,1,DE,0.2958822072737022,NA,0.2958822072737022,0.2958822072737022,1,NA,NA,FALSE,z_within,insufficient data,weak
pit_bid,tet_spp,69,-0.006668287204101228,0.9761558403053047,DE,1,DE,-0.006668287204101228,NA,-0.006668287204101228,-0.006668287204101228,1,NA,NA,FALSE,z_within,insufficient data,negligible
pit_bid,tha_pit,23,0.20749572935287808,0.51755585292737,DE,1,DE,0.20749572935287808,NA,0.20749572935287808,0.20749572935287808,1,NA,NA,FALSE,z_within,insufficient data,weak
pit_bid,tha_pro,92,-0.01783327705465471,0.9125527811507693,DE,1,DE,-0.01783327705465471,NA,-0.01783327705465471,-0.01783327705465471,1,NA,NA,FALSE,z_within,insufficient data,negligible
pit_bid,tom_spp,115,0.3980823426219632,8.855124536346036e-5,DE,1,DE,0.3980823426219632,NA,0.3980823426219632,0.3980823426219632,1,NA,NA,FALSE,z_within,insufficient data,moderate
pit_bid,tor_vir,115,0.29529278227271977,0.006746954928998133,DE,1,DE,0.29529278227271977,NA,0.29529278227271977,0.29529278227271977,1,NA,NA,FALSE,z_within,insufficient data,weak
pit_bid,uro_sir_spp,46,0.11832848278078659,0.607145034295312,DE,1,DE,0.11832848278078659,NA,0.11832848278078659,0.11832848278078659,1,NA,NA,FALSE,z_within,insufficient data,weak
pit_bid,xyl_lin,115,0.1729300942397273,0.15159446472287028,DE,1,DE,0.1729300942397273,NA,0.1729300942397273,0.1729300942397273,1,NA,NA,FALSE,z_within,insufficient data,weak
pit_bid,xyl_spp,115,0.2921792341093277,0.007522816128615213,DE,1,DE,0.2921792341093277,NA,0.2921792341093277,0.2921792341093277,1,NA,NA,FALSE,z_within,insufficient data,weak
pit_bid,zei_gri,23,-0.3778711320327924,0.17186345596391064,DE,1,DE,-0.3778711320327924,NA,-0.3778711320327924,-0.3778711320327924,1,NA,NA,FALSE,z_within,insufficient data,moderate
pit_cha,pit_spp,262,0.31562567503059846,2.2842666402072304e-6,"AT,DE,SI",3,"AT,DE,SI",0.2831207110556952,0.14339122475436547,0.14355210491997336,0.43005095680724986,1,0.14563217680664728,AT,FALSE,z_within,consistent,moderate
pit_cha,pol_pol,23,0.6183597328246233,0.00802461678155179,LT,1,LT,0.6183597328246233,NA,0.6183597328246233,0.6183597328246233,1,NA,NA,FALSE,z_within,insufficient data,strong
pit_cha,pri_abi,184,-0.010128895184766005,0.9324852584139619,DE,1,DE,-0.010128895184766005,NA,-0.010128895184766005,-0.010128895184766005,1,NA,NA,FALSE,z_within,insufficient data,negligible
pit_cha,sap_car,23,0.16067892468251915,0.626928719063544,DE,1,DE,0.16067892468251915,NA,0.16067892468251915,0.16067892468251915,1,NA,NA,FALSE,z_within,insufficient data,weak
pit_cha,sco_int,184,0.13824810076219993,0.14684218968488205,DE,1,DE,0.13824810076219993,NA,0.13824810076219993,0.13824810076219993,1,NA,NA,FALSE,z_within,insufficient data,weak
pit_cha,sco_rat,92,0.3255521694996514,0.007522816128615213,"DE,LT",2,"DE,LT",0.3406126003974029,0.042597331261565875,0.31049173860189994,0.3707334621929058,1,0.04518129269325444,DE,FALSE,z_within,consistent,moderate
pit_cha,sco_sco,138,0.06076952557841103,0.6411102935986526,"DE,LT",2,"DE,LT",0.0453751346304133,0.03265643469469801,0.022283548208416694,0.0684667210524099,1,0.03848597736999434,DE,FALSE,z_within,consistent,negligible
pit_cha,tet_gab,333,0.2113280107582787,6.878789872530258e-4,"AT,DE",2,"AT,DE",0.19975141712855105,0.06674647023183618,0.15255453540735367,0.24694829884974845,1,0.05877347535092503,DE,FALSE,z_within,consistent,weak
pit_cha,tet_spp,184,0.14433685344952601,0.12741451625217062,DE,1,DE,0.14433685344952601,NA,0.14433685344952601,0.14433685344952601,1,NA,NA,FALSE,z_within,insufficient data,weak
pit_cha,tha_pit,23,0.415623705184031,0.1251717326989355,DE,1,DE,0.415623705184031,NA,0.415623705184031,0.415623705184031,1,NA,NA,FALSE,z_within,insufficient data,moderate
pit_cha,tha_pro,230,-0.03795836670418357,0.7129845294046047,DE,1,DE,-0.03795836670418357,NA,-0.03795836670418357,-0.03795836670418357,1,NA,NA,FALSE,z_within,insufficient data,negligible
pit_cha,tom_spp,444,0.3371010577556004,1.0084581502619375e-11,"AT,DE,LT",3,"AT,DE,LT",0.4885265561607199,0.2993688275908513,0.28376239805972775,0.8321044573164398,1,0.0709228332219844,DE,FALSE,z_within,inconsistent,moderate
pit_cha,tor_vir,253,0.11812625782433,0.1460968269007545,"DE,LT",2,"DE,LT",0.2929678661571319,0.3022107901650117,0.07927256708370736,0.5066631652305564,1,0.38853690740622643,DE,FALSE,z_within,inconsistent,weak
pit_cha,uro_sir_spp,92,0.17764580846896885,0.19617731415135772,DE,1,DE,0.17764580846896885,NA,0.17764580846896885,0.17764580846896885,1,NA,NA,FALSE,z_within,insufficient data,weak
pit_cha,xyl_lin,230,0.11529754035762718,0.1792199654854263,DE,1,DE,0.11529754035762718,NA,0.11529754035762718,0.11529754035762718,1,NA,NA,FALSE,z_within,insufficient data,weak
pit_cha,xyl_spp,253,0.22615246625169083,0.0017627967350123304,DE,1,DE,0.22615246625169083,NA,0.22615246625169083,0.22615246625169083,1,NA,NA,FALSE,z_within,insufficient data,weak
pit_cha,zei_gri,23,-0.08515120707103326,0.7984683097814228,DE,1,DE,-0.08515120707103326,NA,-0.08515120707103326,-0.08515120707103326,1,NA,NA,FALSE,z_within,insufficient data,negligible
pit_spp,pol_pol,184,0.130965943995909,0.17360802815602425,CZ,1,CZ,0.130965943995909,NA,0.130965943995909,0.130965943995909,1,NA,NA,FALSE,z_within,insufficient data,weak
pit_spp,pri_abi,230,-0.3893076355577473,2.004189387395745e-8,"CZ,DE",2,"CZ,DE",-0.34343356560228916,0.16218932973065267,-0.4581187404909346,-0.22874839071364372,1,0.16055924484410355,CZ,FALSE,z_within,consistent,moderate
pit_spp,sap_car,0,NA,NA,,0,NA,NA,NA,NA,NA,NA,NA,NA,NA,z_within,insufficient data,NA
pit_spp,sco_int,253,0.2044168697000314,0.0054603186839370325,"CZ,DE",2,"CZ,DE",0.16189845153983912,0.1322862719481477,0.06835793158741611,0.25543897149226213,1,0.13605893811261527,CZ,FALSE,z_within,consistent,weak
pit_spp,sco_rat,184,0.4080050912537393,1.4241746789351695e-7,CZ,1,CZ,0.4080050912537393,NA,0.4080050912537393,0.4080050912537393,1,NA,NA,FALSE,z_within,insufficient data,moderate
pit_spp,sco_sco,23,-0.24660806558417117,0.4298848724316918,DE,1,DE,-0.24660806558417117,NA,-0.24660806558417117,-0.24660806558417117,1,NA,NA,FALSE,z_within,insufficient data,weak
pit_spp,tet_gab,220,0.09343213981213513,0.31211597490953524,"AT,CZ,DE",3,"AT,CZ,DE",0.030475292226453298,0.3011722024112762,-0.3171026983392907,0.2141055710114086,0.6666666666666666,0.10881646312447435,CZ,FALSE,z_within,inconsistent,negligible
pit_spp,tet_spp,92,0.1830318375862749,0.17904255774713812,DE,1,DE,0.1830318375862749,NA,0.1830318375862749,0.1830318375862749,1,NA,NA,FALSE,z_within,insufficient data,weak
pit_spp,tha_pit,23,0.0395373576969938,0.9058621010224701,HR,1,HR,0.0395373576969938,NA,0.0395373576969938,0.0395373576969938,1,NA,NA,FALSE,z_within,insufficient data,negligible
pit_spp,tha_pro,92,0.16531744195920015,0.23481066999317807,DE,1,DE,0.16531744195920015,NA,0.16531744195920015,0.16531744195920015,1,NA,NA,FALSE,z_within,insufficient data,weak
pit_spp,tom_spp,402,0.3528813147678372,1.040701287791941e-11,"AT,CZ,DE",3,"AT,CZ,DE",0.24948106930838113,0.47259715196340774,-0.26483608335937786,0.6646158080773606,0.6666666666666666,0.26377534049267365,CZ,FALSE,z_within,inconsistent,moderate
pit_spp,tor_vir,69,-0.09425909217331976,0.6100547738750417,DE,1,DE,-0.09425909217331976,NA,-0.09425909217331976,-0.09425909217331976,1,NA,NA,FALSE,z_within,insufficient data,negligible
pit_spp,uro_sir_spp,46,0.18953046743086874,0.3711644219602813,DE,1,DE,0.18953046743086874,NA,0.18953046743086874,0.18953046743086874,1,NA,NA,FALSE,z_within,insufficient data,weak
pit_spp,xyl_lin,92,0.24674766441230933,0.05701891171121669,DE,1,DE,0.24674766441230933,NA,0.24674766441230933,0.24674766441230933,1,NA,NA,FALSE,z_within,insufficient data,weak
pit_spp,xyl_spp,92,0.24118365152927246,0.06444178656590392,DE,1,DE,0.24118365152927246,NA,0.24118365152927246,0.24118365152927246,1,NA,NA,FALSE,z_within,insufficient data,weak
pit_spp,zei_gri,161,-0.020617565990020396,0.8612335609475574,CZ,1,CZ,-0.020617565990020396,NA,-0.020617565990020396,-0.020617565990020396,1,NA,NA,FALSE,z_within,insufficient data,negligible
pol_pol,pri_abi,161,-0.037121419679986355,0.7661431352070929,CZ,1,CZ,-0.037121419679986355,NA,-0.037121419679986355,-0.037121419679986355,1,NA,NA,FALSE,z_within,insufficient data,negligible
pol_pol,sap_car,0,NA,NA,,0,NA,NA,NA,NA,NA,NA,NA,NA,NA,z_within,insufficient data,NA
pol_pol,sco_int,184,0.17847978028893166,0.051166656750763595,CZ,1,CZ,0.17847978028893166,NA,0.17847978028893166,0.17847978028893166,1,NA,NA,FALSE,z_within,insufficient data,weak
pol_pol,sco_rat,207,0.20927121449987235,0.011301729875401697,"CZ,LT",2,"CZ,LT",0.2744949398637798,0.11859464185474622,0.19063586439589883,0.35835401533166084,1,0.1490828008317885,CZ,FALSE,z_within,consistent,weak
pol_pol,sco_sco,23,0.1292409422107587,0.7061426934698356,LT,1,LT,0.1292409422107587,NA,0.1292409422107587,0.1292409422107587,1,NA,NA,FALSE,z_within,insufficient data,weak
pol_pol,tet_gab,46,-0.2513555305339332,0.19867028560196215,CZ,1,CZ,-0.2513555305339332,NA,-0.2513555305339332,-0.2513555305339332,1,NA,NA,FALSE,z_within,insufficient data,weak
pol_pol,tet_spp,0,NA,NA,,0,NA,NA,NA,NA,NA,NA,NA,NA,NA,z_within,insufficient data,NA
pol_pol,tha_pit,0,NA,NA,,0,NA,NA,NA,NA,NA,NA,NA,NA,NA,z_within,insufficient data,NA
pol_pol,tha_pro,0,NA,NA,,0,NA,NA,NA,NA,NA,NA,NA,NA,NA,z_within,insufficient data,NA
pol_pol,tom_spp,207,0.12900187849990705,0.15054138913452397,"CZ,LT",2,"CZ,LT",0.4280506490146072,0.5437527776651421,0.04355937263856415,0.8125419253906503,1,0.6835400468907432,CZ,FALSE,z_within,inconsistent,weak
pol_pol,tor_vir,23,0.3738754014462137,0.17757860859104765,LT,1,LT,0.3738754014462137,NA,0.3738754014462137,0.3738754014462137,1,NA,NA,FALSE,z_within,insufficient data,moderate
pol_pol,uro_sir_spp,0,NA,NA,,0,NA,NA,NA,NA,NA,NA,NA,NA,NA,z_within,insufficient data,NA
pol_pol,xyl_lin,0,NA,NA,,0,NA,NA,NA,NA,NA,NA,NA,NA,NA,z_within,insufficient data,NA
pol_pol,xyl_spp,0,NA,NA,,0,NA,NA,NA,NA,NA,NA,NA,NA,NA,z_within,insufficient data,NA
pol_pol,zei_gri,161,-0.1448021470525006,0.15618911489126164,CZ,1,CZ,-0.1448021470525006,NA,-0.1448021470525006,-0.1448021470525006,1,NA,NA,FALSE,z_within,insufficient data,weak
pri_abi,sap_car,23,-0.06689979691855438,0.8387486374614179,DE,1,DE,-0.06689979691855438,NA,-0.06689979691855438,-0.06689979691855438,1,NA,NA,FALSE,z_within,insufficient data,negligible
pri_abi,sco_int,299,-0.16232401174226802,0.019904015430582934,"CZ,DE",2,"CZ,DE",-0.15918903872450518,0.05763577767212109,-0.19994368795542222,-0.11843438949358817,1,0.043889622248679844,CZ,FALSE,z_within,consistent,weak
pri_abi,sco_rat,230,-0.22199405349296994,0.003793494607245953,"CZ,DE",2,"CZ,DE",-0.15901651523522717,0.2226592218224255,-0.31646036087958396,-0.001572669590870403,1,0.22042138390209953,CZ,FALSE,z_within,inconsistent,weak
pri_abi,sco_sco,92,0.2963606629380736,0.017186289339005418,DE,1,DE,0.2963606629380736,NA,0.2963606629380736,0.2963606629380736,1,NA,NA,FALSE,z_within,insufficient data,weak
pri_abi,tet_gab,184,0.22921920994177877,0.008288299522041269,"CZ,DE",2,"CZ,DE",0.3045806116997932,0.21315423289126334,0.1538578081837643,0.4553034152158222,1,0.2260842052740434,DE,FALSE,z_within,inconsistent,weak
pri_abi,tet_spp,115,0.04941210102977778,0.7385951265793552,DE,1,DE,0.04941210102977778,NA,0.04941210102977778,0.04941210102977778,1,NA,NA,FALSE,z_within,insufficient data,negligible
pri_abi,tha_pit,23,-0.2726532185868306,0.37168193931414223,DE,1,DE,-0.2726532185868306,NA,-0.2726532185868306,-0.2726532185868306,1,NA,NA,FALSE,z_within,insufficient data,weak
pri_abi,tha_pro,161,-0.05983429407536036,0.6176244737232396,DE,1,DE,-0.05983429407536036,NA,-0.05983429407536036,-0.05983429407536036,1,NA,NA,FALSE,z_within,insufficient data,negligible
pri_abi,tom_spp,345,-0.054403767694148085,0.48855785591559736,"CZ,DE",2,"CZ,DE",-0.0737619115436028,0.4106482436140224,-0.3641340692854234,0.2166102461982178,0.5,0.30973030159127535,DE,TRUE,z_within,inconsistent,negligible
pri_abi,tor_vir,161,0.09161002773430094,0.4199540091933441,DE,1,DE,0.09161002773430094,NA,0.09161002773430094,0.09161002773430094,1,NA,NA,FALSE,z_within,insufficient data,negligible
pri_abi,uro_sir_spp,69,0.0416870208408851,0.8215616762952936,DE,1,DE,0.0416870208408851,NA,0.0416870208408851,0.0416870208408851,1,NA,NA,FALSE,z_within,insufficient data,negligible
pri_abi,xyl_lin,184,0.15406291978712452,0.10224690980260702,DE,1,DE,0.15406291978712452,NA,0.15406291978712452,0.15406291978712452,1,NA,NA,FALSE,z_within,insufficient data,weak
pri_abi,xyl_spp,184,0.1359588825238368,0.15394761527626138,DE,1,DE,0.1359588825238368,NA,0.1359588825238368,0.1359588825238368,1,NA,NA,FALSE,z_within,insufficient data,weak
pri_abi,zei_gri,161,-0.17291216853200186,0.0831588556036533,"CZ,DE",2,"CZ,DE",0.0063125804893105625,0.3548468990903957,-0.2446020681405268,0.2572272291191479,0.5,0.4301393976511498,CZ,TRUE,z_within,inconsistent,weak
sap_car,sco_int,23,0.19236201758772603,0.5560342482140674,DE,1,DE,0.19236201758772603,NA,0.19236201758772603,0.19236201758772603,1,NA,NA,FALSE,z_within,insufficient data,weak
sap_car,sco_rat,23,0.2536007562385222,0.4146129290861679,DE,1,DE,0.2536007562385222,NA,0.2536007562385222,0.2536007562385222,1,NA,NA,FALSE,z_within,insufficient data,weak
sap_car,sco_sco,23,-0.2247083218876505,0.4765719524183723,DE,1,DE,-0.2247083218876505,NA,-0.2247083218876505,-0.2247083218876505,1,NA,NA,FALSE,z_within,insufficient data,weak
sap_car,tet_gab,23,0.3376767787549809,0.23481066999317807,DE,1,DE,0.3376767787549809,NA,0.3376767787549809,0.3376767787549809,1,NA,NA,FALSE,z_within,insufficient data,moderate
sap_car,tet_spp,23,-0.07479526688260059,0.8215616762952936,DE,1,DE,-0.07479526688260059,NA,-0.07479526688260059,-0.07479526688260059,1,NA,NA,FALSE,z_within,insufficient data,negligible
sap_car,tha_pit,23,0.30712838660682645,0.2939061015867204,DE,1,DE,0.30712838660682645,NA,0.30712838660682645,0.30712838660682645,1,NA,NA,FALSE,z_within,insufficient data,moderate
sap_car,tha_pro,23,-0.24827081762145595,0.42650653922559284,DE,1,DE,-0.24827081762145595,NA,-0.24827081762145595,-0.24827081762145595,1,NA,NA,FALSE,z_within,insufficient data,weak
sap_car,tom_spp,23,0.07976752604516332,0.8098249799569004,DE,1,DE,0.07976752604516332,NA,0.07976752604516332,0.07976752604516332,1,NA,NA,FALSE,z_within,insufficient data,negligible
sap_car,tor_vir,23,-0.21548151620876924,0.4983409183648279,DE,1,DE,-0.21548151620876924,NA,-0.21548151620876924,-0.21548151620876924,1,NA,NA,FALSE,z_within,insufficient data,weak
sap_car,uro_sir_spp,0,NA,NA,,0,NA,NA,NA,NA,NA,NA,NA,NA,NA,z_within,insufficient data,NA
sap_car,xyl_lin,23,-0.2883484644918905,0.33598724101502664,DE,1,DE,-0.2883484644918905,NA,-0.2883484644918905,-0.2883484644918905,1,NA,NA,FALSE,z_within,insufficient data,weak
sap_car,xyl_spp,23,-0.15711827670663825,0.6371202091482017,DE,1,DE,-0.15711827670663825,NA,-0.15711827670663825,-0.15711827670663825,1,NA,NA,FALSE,z_within,insufficient data,weak
sap_car,zei_gri,0,NA,NA,,0,NA,NA,NA,NA,NA,NA,NA,NA,NA,z_within,insufficient data,NA
sco_int,sco_rat,253,0.43571267708369443,1.2283705679265091e-11,"CZ,DE",2,"CZ,DE",0.42508399390397067,0.03306870138645091,0.40170089090857825,0.4484670968993631,1,0.03401178617511619,CZ,FALSE,z_within,consistent,moderate
sco_int,sco_sco,115,0.05727300257621063,0.6937477526647107,DE,1,DE,0.05727300257621063,NA,0.05727300257621063,0.05727300257621063,1,NA,NA,FALSE,z_within,insufficient data,negligible
sco_int,tet_gab,207,0.14150656647921508,0.11311998156503439,"CZ,DE",2,"CZ,DE",-0.010837393541545365,0.38780440993257126,-0.2850565215789142,0.26338173449582347,0.5,0.42656308805812926,DE,TRUE,z_within,inconsistent,weak
sco_int,tet_spp,138,-0.1633641873350131,0.13649537911912116,DE,1,DE,-0.1633641873350131,NA,-0.1633641873350131,-0.1633641873350131,1,NA,NA,FALSE,z_within,insufficient data,weak
sco_int,tha_pit,23,0.08789146246312574,0.7959118657471691,DE,1,DE,0.08789146246312574,NA,0.08789146246312574,0.08789146246312574,1,NA,NA,FALSE,z_within,insufficient data,negligible
sco_int,tha_pro,161,0.127151222308722,0.22310425372276546,DE,1,DE,0.127151222308722,NA,0.127151222308722,0.127151222308722,1,NA,NA,FALSE,z_within,insufficient data,weak
sco_int,tom_spp,368,0.1513395669561561,0.015440785734317373,"CZ,DE",2,"CZ,DE",0.15133956695615614,0.061351729054139964,0.10795734330445404,0.19472179060785824,1,0.043382223651702134,DE,FALSE,z_within,consistent,weak
sco_int,tor_vir,161,0.03106633550703826,0.7984683097814228,DE,1,DE,0.03106633550703826,NA,0.03106633550703826,0.03106633550703826,1,NA,NA,FALSE,z_within,insufficient data,negligible
sco_int,uro_sir_spp,92,0.12056864515565222,0.4254335127991307,DE,1,DE,0.12056864515565222,NA,0.12056864515565222,0.12056864515565222,1,NA,NA,FALSE,z_within,insufficient data,weak
sco_int,xyl_lin,184,-0.007317605651569363,0.953072750263758,DE,1,DE,-0.007317605651569363,NA,-0.007317605651569363,-0.007317605651569363,1,NA,NA,FALSE,z_within,insufficient data,negligible
sco_int,xyl_spp,184,0.13494794262307708,0.15764708320613285,DE,1,DE,0.13494794262307708,NA,0.13494794262307708,0.13494794262307708,1,NA,NA,FALSE,z_within,insufficient data,weak
sco_int,zei_gri,184,-0.005026221841110531,0.9692752824098034,"CZ,DE",2,"CZ,DE",-0.043711813570682295,0.07294625132318511,-0.09529260254344465,0.007868975402080059,0.5,0.09026638070233413,CZ,TRUE,z_within,inconsistent,negligible
sco_rat,sco_sco,92,0.046619093233399515,0.7753054735829408,"DE,LT",2,"DE,LT",-0.014061082088564207,0.17162945381499659,-0.13542143273249166,0.10729926855536324,0.5,0.18204052596589118,DE,TRUE,z_within,inconsistent,negligible
sco_rat,tet_gab,115,0.05771493817705466,0.6906550774200453,"CZ,DE",2,"CZ,DE",0.020206405279365,0.2652253796431507,-0.16733625920908335,0.20774906976781335,0.5,0.22505119738613802,DE,TRUE,z_within,inconsistent,negligible
sco_rat,tet_spp,46,-0.31027070725386074,0.10047943862266967,DE,1,DE,-0.31027070725386074,NA,-0.31027070725386074,-0.31027070725386074,1,NA,NA,FALSE,z_within,insufficient data,moderate
sco_rat,tha_pit,23,0.3376629381122109,0.23481066999317807,DE,1,DE,0.3376629381122109,NA,0.3376629381122109,0.3376629381122109,1,NA,NA,FALSE,z_within,insufficient data,moderate
sco_rat,tha_pro,46,0.2139351897881134,0.29336289826939094,DE,1,DE,0.2139351897881134,NA,0.2139351897881134,0.2139351897881134,1,NA,NA,FALSE,z_within,insufficient data,weak
sco_rat,tom_spp,276,0.3645841960605989,9.587141164854296e-9,"CZ,DE,LT",3,"CZ,DE,LT",0.3597031985997155,0.18518045579350456,0.1500819670009449,0.5010652255230372,1,0.1267564144291309,CZ,FALSE,z_within,consistent,moderate
sco_rat,tor_vir,92,0.2995362181624372,0.01584469157267849,"DE,LT",2,"DE,LT",0.30246694064372415,0.008289334961175433,0.2966054956811503,0.30832838560629805,1,0.008792167443860854,DE,FALSE,z_within,consistent,weak
sco_rat,uro_sir_spp,23,0.3039489097315388,0.30082490072700224,DE,1,DE,0.3039489097315388,NA,0.3039489097315388,0.3039489097315388,1,NA,NA,FALSE,z_within,insufficient data,moderate
sco_rat,xyl_lin,69,0.1887369291439691,0.2412714853967521,DE,1,DE,0.1887369291439691,NA,0.1887369291439691,0.1887369291439691,1,NA,NA,FALSE,z_within,insufficient data,weak
sco_rat,xyl_spp,69,0.24421893598324806,0.1153598153241548,DE,1,DE,0.24421893598324806,NA,0.24421893598324806,0.24421893598324806,1,NA,NA,FALSE,z_within,insufficient data,weak
sco_rat,zei_gri,184,-0.016113062756124046,0.8847607011792935,"CZ,DE",2,"CZ,DE",-0.08600649660722602,0.1317923227640736,-0.17919774174202865,0.007184748527576616,0.5,0.16308467898590462,CZ,TRUE,z_within,inconsistent,negligible
sco_sco,tet_gab,115,0.3095899257253502,0.004110173998529369,DE,1,DE,0.3095899257253502,NA,0.3095899257253502,0.3095899257253502,1,NA,NA,FALSE,z_within,insufficient data,moderate
sco_sco,tet_spp,92,-0.00807703286241614,0.9631688247745364,DE,1,DE,-0.00807703286241614,NA,-0.00807703286241614,-0.00807703286241614,1,NA,NA,FALSE,z_within,insufficient data,negligible
sco_sco,tha_pit,23,-0.10807205026320002,0.7558110679520156,DE,1,DE,-0.10807205026320002,NA,-0.10807205026320002,-0.10807205026320002,1,NA,NA,FALSE,z_within,insufficient data,weak
sco_sco,tha_pro,92,0.41222709841054606,3.3427158501805833e-4,DE,1,DE,0.41222709841054606,NA,0.41222709841054606,0.41222709841054606,1,NA,NA,FALSE,z_within,insufficient data,moderate
sco_sco,tom_spp,138,0.21053378695560196,0.0452217450552057,"DE,LT",2,"DE,LT",0.14410658117720296,0.14091338298354045,0.04446577250960447,0.24374738984480146,1,0.1660680144459975,DE,FALSE,z_within,consistent,weak
sco_sco,tor_vir,138,0.11652897175300349,0.32245989947916937,"DE,LT",2,"DE,LT",-0.029612367171498663,0.31001259529559105,-0.2488243755582519,0.18959964121525458,0.5,0.3653533473112554,DE,TRUE,z_within,inconsistent,weak
sco_sco,uro_sir_spp,69,-0.07954659008666243,0.6682269156183723,DE,1,DE,-0.07954659008666243,NA,-0.07954659008666243,-0.07954659008666243,1,NA,NA,FALSE,z_within,insufficient data,negligible
sco_sco,xyl_lin,115,0.20069455823759416,0.09053281559911319,DE,1,DE,0.20069455823759416,NA,0.20069455823759416,0.20069455823759416,1,NA,NA,FALSE,z_within,insufficient data,weak
sco_sco,xyl_spp,115,0.14706445812982097,0.23689087623621324,DE,1,DE,0.14706445812982097,NA,0.14706445812982097,0.14706445812982097,1,NA,NA,FALSE,z_within,insufficient data,weak
sco_sco,zei_gri,23,0.14029028071059302,0.676811826813582,DE,1,DE,0.14029028071059302,NA,0.14029028071059302,0.14029028071059302,1,NA,NA,FALSE,z_within,insufficient data,weak
tet_gab,tet_spp,161,0.3150905519496324,3.4661638028362317e-4,DE,1,DE,0.3150905519496324,NA,0.3150905519496324,0.3150905519496324,1,NA,NA,FALSE,z_within,insufficient data,moderate
tet_gab,tha_pit,23,-0.2561056600274978,0.4085441625627119,DE,1,DE,-0.2561056600274978,NA,-0.2561056600274978,-0.2561056600274978,1,NA,NA,FALSE,z_within,insufficient data,weak
tet_gab,tha_pro,184,0.1037199841903357,0.30410966110086896,DE,1,DE,0.1037199841903357,NA,0.1037199841903357,0.1037199841903357,1,NA,NA,FALSE,z_within,insufficient data,weak
tet_gab,tom_spp,358,0.11816863378427862,0.07570130518259627,"AT,CZ,DE",3,"AT,CZ,DE",0.0247713059232964,0.20509935033822374,-0.16594359500699238,0.2417289760902326,0.3333333333333333,0.16989547067068672,DE,TRUE,z_within,inconsistent,weak
tet_gab,tor_vir,184,0.17243209484278207,0.06151006806644814,DE,1,DE,0.17243209484278207,NA,0.17243209484278207,0.17243209484278207,1,NA,NA,FALSE,z_within,insufficient data,weak
tet_gab,uro_sir_spp,92,0.2801228012842594,0.02601197253534474,DE,1,DE,0.2801228012842594,NA,0.2801228012842594,0.2801228012842594,1,NA,NA,FALSE,z_within,insufficient data,weak
tet_gab,xyl_lin,184,0.16409591346371794,0.07745375512557806,DE,1,DE,0.16409591346371794,NA,0.16409591346371794,0.16409591346371794,1,NA,NA,FALSE,z_within,insufficient data,weak
tet_gab,xyl_spp,207,0.2255819374076223,0.005467638823648772,DE,1,DE,0.2255819374076223,NA,0.2255819374076223,0.2255819374076223,1,NA,NA,FALSE,z_within,insufficient data,weak
tet_gab,zei_gri,69,-0.17663183388472267,0.2839973364422352,"CZ,DE",2,"CZ,DE",-0.17902645871387007,0.010159532730526773,-0.18621033320131222,-0.1718425842264279,1,0.00957849931658955,CZ,FALSE,z_within,consistent,weak
tet_spp,tha_pit,23,-0.19185599655687058,0.557092903209795,DE,1,DE,-0.19185599655687058,NA,-0.19185599655687058,-0.19185599655687058,1,NA,NA,FALSE,z_within,insufficient data,weak
tet_spp,tha_pro,161,0.12307832134195376,0.24083978756460603,DE,1,DE,0.12307832134195376,NA,0.12307832134195376,0.12307832134195376,1,NA,NA,FALSE,z_within,insufficient data,weak
tet_spp,tom_spp,184,0.17514842267223155,0.056867053455669475,DE,1,DE,0.17514842267223155,NA,0.17514842267223155,0.17514842267223155,1,NA,NA,FALSE,z_within,insufficient data,weak
tet_spp,tor_vir,161,0.01577170983108481,0.8932417895605955,DE,1,DE,0.01577170983108481,NA,0.01577170983108481,0.01577170983108481,1,NA,NA,FALSE,z_within,insufficient data,negligible
tet_spp,uro_sir_spp,92,0.2422829636267983,0.06299764571730027,DE,1,DE,0.2422829636267983,NA,0.2422829636267983,0.2422829636267983,1,NA,NA,FALSE,z_within,insufficient data,weak
tet_spp,xyl_lin,161,0.08659942607938206,0.4495820035005925,DE,1,DE,0.08659942607938206,NA,0.08659942607938206,0.08659942607938206,1,NA,NA,FALSE,z_within,insufficient data,negligible
tet_spp,xyl_spp,184,0.016823916076906423,0.8786714826149323,DE,1,DE,0.016823916076906423,NA,0.016823916076906423,0.016823916076906423,1,NA,NA,FALSE,z_within,insufficient data,negligible
tet_spp,zei_gri,23,-0.09766853508096923,0.7747153456284727,DE,1,DE,-0.09766853508096923,NA,-0.09766853508096923,-0.09766853508096923,1,NA,NA,FALSE,z_within,insufficient data,negligible
tha_pit,tha_pro,23,0.1005071363815457,0.7711768082764909,DE,1,DE,0.1005071363815457,NA,0.1005071363815457,0.1005071363815457,1,NA,NA,FALSE,z_within,insufficient data,weak
tha_pit,tom_spp,23,0.42526525436470464,0.1153598153241548,DE,1,DE,0.42526525436470464,NA,0.42526525436470464,0.42526525436470464,1,NA,NA,FALSE,z_within,insufficient data,moderate
tha_pit,tor_vir,41,-0.2553699518564751,0.22170412075413845,"BG,DE",2,"BG,DE",-0.20090904662511325,0.8023266269825402,-0.7682396452909971,0.3664215520407706,0.5,0.6217915038972457,DE,TRUE,z_within,inconsistent,weak
tha_pit,uro_sir_spp,0,NA,NA,,0,NA,NA,NA,NA,NA,NA,NA,NA,NA,z_within,insufficient data,NA
tha_pit,xyl_lin,23,-0.879837319677754,4.6691191314145815e-7,DE,1,DE,-0.879837319677754,NA,-0.879837319677754,-0.879837319677754,1,NA,NA,FALSE,z_within,insufficient data,strong
tha_pit,xyl_spp,23,-0.6727864719718979,0.0025773380954559237,DE,1,DE,-0.6727864719718979,NA,-0.6727864719718979,-0.6727864719718979,1,NA,NA,FALSE,z_within,insufficient data,strong
tha_pit,zei_gri,0,NA,NA,,0,NA,NA,NA,NA,NA,NA,NA,NA,NA,z_within,insufficient data,NA
tha_pro,tom_spp,230,-0.05800026761847843,0.5574092997914158,DE,1,DE,-0.05800026761847843,NA,-0.05800026761847843,-0.05800026761847843,1,NA,NA,FALSE,z_within,insufficient data,negligible
tha_pro,tor_vir,207,0.1301890427870311,0.14684218968488205,DE,1,DE,0.1301890427870311,NA,0.1301890427870311,0.1301890427870311,1,NA,NA,FALSE,z_within,insufficient data,weak
tha_pro,uro_sir_spp,69,-0.06642399526161498,0.7281618126521583,DE,1,DE,-0.06642399526161498,NA,-0.06642399526161498,-0.06642399526161498,1,NA,NA,FALSE,z_within,insufficient data,negligible
tha_pro,xyl_lin,207,0.16507154086640408,0.056867053455669475,DE,1,DE,0.16507154086640408,NA,0.16507154086640408,0.16507154086640408,1,NA,NA,FALSE,z_within,insufficient data,weak
tha_pro,xyl_spp,230,0.14150837742776468,0.09151087160157848,DE,1,DE,0.14150837742776468,NA,0.14150837742776468,0.14150837742776468,1,NA,NA,FALSE,z_within,insufficient data,weak
tha_pro,zei_gri,0,NA,NA,,0,NA,NA,NA,NA,NA,NA,NA,NA,NA,z_within,insufficient data,NA
tom_spp,tor_vir,533,0.1790927162487887,2.443897117633143e-4,"DE,LT,PL",3,"DE,LT,PL",0.24099982767263883,0.15467547023835257,0.08929920345576164,0.39848770192383653,1,0.06859226671689564,DE,FALSE,z_within,consistent,weak
tom_spp,uro_sir_spp,92,0.1066226108023297,0.4863228868012055,DE,1,DE,0.1066226108023297,NA,0.1066226108023297,0.1066226108023297,1,NA,NA,FALSE,z_within,insufficient data,weak
tom_spp,xyl_lin,230,0.10250653376240551,0.24218475422567923,DE,1,DE,0.10250653376240551,NA,0.10250653376240551,0.10250653376240551,1,NA,NA,FALSE,z_within,insufficient data,weak
tom_spp,xyl_spp,253,0.17196302226035315,0.023750291247788297,DE,1,DE,0.17196302226035315,NA,0.17196302226035315,0.17196302226035315,1,NA,NA,FALSE,z_within,insufficient data,weak
tom_spp,zei_gri,184,-0.06250113782993941,0.5720853662956015,"CZ,DE",2,"CZ,DE",-0.19159948136613683,0.24343017107838852,-0.3637306060810667,-0.01946835665120693,1,0.3012294682511273,CZ,FALSE,z_within,inconsistent,negligible
tor_vir,uro_sir_spp,69,-0.09114268012731687,0.6192498794360822,DE,1,DE,-0.09114268012731687,NA,-0.09114268012731687,-0.09114268012731687,1,NA,NA,FALSE,z_within,insufficient data,negligible
tor_vir,xyl_lin,207,0.27784579538565135,3.684607828218605e-4,DE,1,DE,0.27784579538565135,NA,0.27784579538565135,0.27784579538565135,1,NA,NA,FALSE,z_within,insufficient data,weak
tor_vir,xyl_spp,230,0.1305666336620319,0.12454081764319051,DE,1,DE,0.1305666336620319,NA,0.1305666336620319,0.1305666336620319,1,NA,NA,FALSE,z_within,insufficient data,weak
tor_vir,zei_gri,23,-0.0991223611896074,0.7724595616546939,DE,1,DE,-0.0991223611896074,NA,-0.0991223611896074,-0.0991223611896074,1,NA,NA,FALSE,z_within,insufficient data,negligible
uro_sir_spp,xyl_lin,92,0.19568165715823388,0.14684218968488205,DE,1,DE,0.19568165715823388,NA,0.19568165715823388,0.19568165715823388,1,NA,NA,FALSE,z_within,insufficient data,weak
uro_sir_spp,xyl_spp,92,0.005503700160225675,0.9770380358556336,DE,1,DE,0.005503700160225675,NA,0.005503700160225675,0.005503700160225675,1,NA,NA,FALSE,z_within,insufficient data,negligible
uro_sir_spp,zei_gri,23,-0.09766853508096923,0.7747153456284727,DE,1,DE,-0.09766853508096923,NA,-0.09766853508096923,-0.09766853508096923,1,NA,NA,FALSE,z_within,insufficient data,negligible
xyl_lin,xyl_spp,230,0.5789800273779526,4.460176267359495e-20,DE,1,DE,0.5789800273779526,NA,0.5789800273779526,0.5789800273779526,1,NA,NA,FALSE,z_within,insufficient data,strong
xyl_lin,zei_gri,23,0.02333864118750081,0.9500208617459743,DE,1,DE,0.02333864118750081,NA,0.02333864118750081,0.02333864118750081,1,NA,NA,FALSE,z_within,insufficient data,negligible
xyl_spp,zei_gri,23,-0.15610350462591693,0.6401522290538787,DE,1,DE,-0.15610350462591693,NA,-0.15610350462591693,-0.15610350462591693,1,NA,NA,FALSE,z_within,insufficient data,weak
CambXyl_con&BB_con&BO,CambXyl_con&BB_con&SM,46,0.4324994402883146,0.016878738523259492,DE,1,DE,0.4324994402883146,NA,0.4324994402883146,0.4324994402883146,1,NA,NA,FALSE,detrended,insufficient data,moderate
CambXyl_con&BB_con&BO,CambXyl_con&BO,46,0.0900847546568168,0.7495714929147055,DE,1,DE,0.0900847546568168,NA,0.0900847546568168,0.0900847546568168,1,NA,NA,FALSE,detrended,insufficient data,negligible
CambXyl_con&BB_con&BO,CambXyl_con&MD,23,0.07506669583567184,0.8691309411922288,DE,1,DE,0.07506669583567184,NA,0.07506669583567184,0.07506669583567184,1,NA,NA,FALSE,detrended,insufficient data,negligible
CambXyl_con&BB_con&BO,Def_dec,0,NA,NA,,0,NA,NA,NA,NA,NA,NA,NA,NA,NA,detrended,insufficient data,NA
CambXyl_con&BB_con&BO,Def_dec&DB,195,0.2927474390885942,4.896290299366086e-4,"AT,DE",2,"AT,DE",0.22610510191568065,0.16561739241578885,0.10899592065604287,0.34321428317531844,1,0.18375151843255133,DE,FALSE,detrended,consistent,weak
CambXyl_con&BB_con&BO,agr_big,69,-0.2822194318567882,0.07612017549524044,DE,1,DE,-0.2822194318567882,NA,-0.2822194318567882,-0.2822194318567882,1,NA,NA,FALSE,detrended,insufficient data,weak
CambXyl_con&BB_con&BO,agr_vir,69,0.023954506827360385,0.926002211216431,DE,1,DE,0.023954506827360385,NA,0.023954506827360385,0.023954506827360385,1,NA,NA,FALSE,detrended,insufficient data,negligible
CambXyl_con&BB_con&BO,bup_pin,23,0.4468793143816816,0.11103297841347873,DE,1,DE,0.4468793143816816,NA,0.4468793143816816,0.4468793143816816,1,NA,NA,FALSE,detrended,insufficient data,moderate
CambXyl_con&BB_con&BO,cep_spp,0,NA,NA,,0,NA,NA,NA,NA,NA,NA,NA,NA,NA,detrended,insufficient data,NA
CambXyl_con&BB_con&BO,clo_ana,0,NA,NA,,0,NA,NA,NA,NA,NA,NA,NA,NA,NA,detrended,insufficient data,NA
CambXyl_con&BB_con&BO,den_mic,0,NA,NA,,0,NA,NA,NA,NA,NA,NA,NA,NA,NA,detrended,insufficient data,NA
CambXyl_con&BB_con&BO,den_pin,0,NA,NA,,0,NA,NA,NA,NA,NA,NA,NA,NA,NA,detrended,insufficient data,NA
CambXyl_con&BB_con&BO,dip_sp,174,-0.2603498965743563,0.004655154949069182,"AT,DE",2,"AT,DE",-0.16483132085872193,0.19599223821558487,-0.3034187615608912,-0.026243880156552647,1,0.23410601641780365,DE,FALSE,detrended,consistent,weak
CambXyl_con&BB_con&BO,era_def,69,-0.33229844313780116,0.027929818170737128,DE,1,DE,-0.33229844313780116,NA,-0.33229844313780116,-0.33229844313780116,1,NA,NA,FALSE,detrended,insufficient data,moderate
CambXyl_con&BB_con&BO,geo_db,69,0.23727054979645226,0.15274258605572485,"DE,HR",2,"DE,HR",0.2600025699990899,0.029599204770546634,0.23907277158810716,0.28093236841007263,1,0.04366181861362037,DE,FALSE,detrended,consistent,weak
CambXyl_con&BB_con&BO,ips_acu,69,-0.3247173879659772,0.03258545767546774,DE,1,DE,-0.3247173879659772,NA,-0.3247173879659772,-0.3247173879659772,1,NA,NA,FALSE,detrended,insufficient data,moderate
CambXyl_con&BB_con&BO,ips_ami,0,NA,NA,,0,NA,NA,NA,NA,NA,NA,NA,NA,NA,detrended,insufficient data,NA
CambXyl_con&BB_con&BO,ips_cem,69,-0.11681939597129577,0.5675336781584976,DE,1,DE,-0.11681939597129577,NA,-0.11681939597129577,-0.11681939597129577,1,NA,NA,FALSE,detrended,insufficient data,weak
CambXyl_con&BB_con&BO,ips_dup,0,NA,NA,,0,NA,NA,NA,NA,NA,NA,NA,NA,NA,detrended,insufficient data,NA
CambXyl_con&BB_con&BO,ips_sex,46,-0.3512285572601773,0.06926681727196606,DE,1,DE,-0.3512285572601773,NA,-0.3512285572601773,-0.3512285572601773,1,NA,NA,FALSE,detrended,insufficient data,moderate
CambXyl_con&BB_con&BO,ips_typ,260,0.03783410364430682,0.7406387907500013,"AT,DE,HR",3,"AT,DE,HR",0.3578302924742445,0.46650145661720493,-0.05841646276169954,0.8620576857567039,0.6666666666666666,0.3943847893661639,DE,TRUE,detrended,inconsistent,negligible
CambXyl_con&BB_con&BO,lym_dis,218,0.15117675610088815,0.09484335227940374,"AT,DE,HR",3,"AT,DE,HR",0.23053269071546614,0.1725579254175451,0.0605857248607048,0.405588132002873,1,0.14268362096904358,DE,FALSE,detrended,consistent,weak
CambXyl_con&BB_con&BO,lym_mon,23,0.7190773968935333,0.0013156179706634867,DE,1,DE,0.7190773968935333,NA,0.7190773968935333,0.7190773968935333,1,NA,NA,FALSE,detrended,insufficient data,strong
CambXyl_con&BB_con&BO,mel_spp,69,0.27457372426690674,0.08673523178726336,DE,1,DE,0.27457372426690674,NA,0.27457372426690674,0.27457372426690674,1,NA,NA,FALSE,detrended,insufficient data,weak
CambXyl_con&BB_con&BO,neo_ser,0,NA,NA,,0,NA,NA,NA,NA,NA,NA,NA,NA,NA,detrended,insufficient data,NA
CambXyl_con&BB_con&BO,ope_spp,46,-0.2344936072868382,0.2918504749181106,DE,1,DE,-0.2344936072868382,NA,-0.2344936072868382,-0.2344936072868382,1,NA,NA,FALSE,detrended,insufficient data,weak
CambXyl_con&BB_con&BO,pan_fla,23,0.7207515151024029,0.0013072885749943937,DE,1,DE,0.7207515151024029,NA,0.7207515151024029,0.7207515151024029,1,NA,NA,FALSE,detrended,insufficient data,strong
CambXyl_con&BB_con&BO,pha_cya,216,0.3238515735885023,3.0315265470908514e-5,"AT,DE",2,"AT,DE",0.36653641374198276,0.0017620161425903925,0.3652904801789969,0.36778234730496856,1,0.043930773716466254,AT,FALSE,detrended,consistent,moderate
CambXyl_con&BB_con&BO,pis_pin,46,0.25402640370699914,0.23845258363329486,DE,1,DE,0.25402640370699914,NA,0.25402640370699914,0.25402640370699914,1,NA,NA,FALSE,detrended,insufficient data,weak
CambXyl_con&BB_con&BO,pit_bid,23,-0.27035922492087233,0.4251430080470925,DE,1,DE,-0.27035922492087233,NA,-0.27035922492087233,-0.27035922492087233,1,NA,NA,FALSE,detrended,insufficient data,weak
CambXyl_con&BB_con&BO,pit_cha,237,-0.04550649822833948,0.7002355622193774,"AT,DE",2,"AT,DE",0.0841649633377203,0.2742439581983811,-0.10975479920379504,0.27808472587923566,0.5,0.3235912241075751,DE,TRUE,detrended,inconsistent,negligible
CambXyl_con&BB_con&BO,pit_spp,195,0.07809490560418851,0.5051648119430866,"AT,DE,HR",3,"AT,DE,HR",0.3049019134684288,0.341884567057498,-0.06100646462286986,0.6161851768660707,0.6666666666666666,0.382082936222623,DE,FALSE,detrended,inconsistent,negligible
CambXyl_con&BB_con&BO,pol_pol,0,NA,NA,,0,NA,NA,NA,NA,NA,NA,NA,NA,NA,detrended,insufficient data,NA
CambXyl_con&BB_con&BO,pri_abi,23,0.060659528017434086,0.8941572550438353,DE,1,DE,0.060659528017434086,NA,0.060659528017434086,0.060659528017434086,1,NA,NA,FALSE,detrended,insufficient data,negligible
CambXyl_con&BB_con&BO,sap_car,0,NA,NA,,0,NA,NA,NA,NA,NA,NA,NA,NA,NA,detrended,insufficient data,NA
CambXyl_con&BB_con&BO,sco_int,46,0.4283101156356824,0.017965435238350463,DE,1,DE,0.4283101156356824,NA,0.4283101156356824,0.4283101156356824,1,NA,NA,FALSE,detrended,insufficient data,moderate
CambXyl_con&BB_con&BO,sco_rat,0,NA,NA,,0,NA,NA,NA,NA,NA,NA,NA,NA,NA,detrended,insufficient data,NA
CambXyl_con&BB_con&BO,sco_sco,23,0.28156455570165956,0.3997289289515735,DE,1,DE,0.28156455570165956,NA,0.28156455570165956,0.28156455570165956,1,NA,NA,FALSE,detrended,insufficient data,weak
CambXyl_con&BB_con&BO,tet_gab,174,0.006136278748055075,0.973498786903195,"AT,DE",2,"AT,DE",0.07420168894262598,0.19917414740580175,-0.06663570132506544,0.2150390792103174,0.5,0.2089028004622623,DE,TRUE,detrended,inconsistent,negligible
CambXyl_con&BB_con&BO,tet_spp,69,-0.08076696573967952,0.7236241833536877,DE,1,DE,-0.08076696573967952,NA,-0.08076696573967952,-0.08076696573967952,1,NA,NA,FALSE,detrended,insufficient data,negligible
CambXyl_con&BB_con&BO,tha_pit,23,0.0015974755589222016,0.9952234111315116,HR,1,HR,0.0015974755589222016,NA,0.0015974755589222016,0.0015974755589222016,1,NA,NA,FALSE,detrended,insufficient data,negligible
CambXyl_con&BB_con&BO,tha_pro,69,0.18702934638164728,0.30106996784592743,DE,1,DE,0.18702934638164728,NA,0.18702934638164728,0.18702934638164728,1,NA,NA,FALSE,detrended,insufficient data,weak
CambXyl_con&BB_con&BO,tom_spp,237,0.35258172743933913,1.2699979430905734e-6,"AT,DE",2,"AT,DE",0.3802357513730173,0.07246039419045724,0.32899851527349466,0.4314729874725399,1,0.0788912600332008,DE,FALSE,detrended,consistent,moderate
CambXyl_con&BB_con&BO,tor_vir,69,-0.11841015462061841,0.5617029154017957,DE,1,DE,-0.11841015462061841,NA,-0.11841015462061841,-0.11841015462061841,1,NA,NA,FALSE,detrended,insufficient data,weak
CambXyl_con&BB_con&BO,uro_sir_spp,23,0.16184892186130398,0.6744305722031867,DE,1,DE,0.16184892186130398,NA,0.16184892186130398,0.16184892186130398,1,NA,NA,FALSE,detrended,insufficient data,weak
CambXyl_con&BB_con&BO,xyl_lin,46,-0.3894148877793095,0.03603866087692881,DE,1,DE,-0.3894148877793095,NA,-0.3894148877793095,-0.3894148877793095,1,NA,NA,FALSE,detrended,insufficient data,moderate
CambXyl_con&BB_con&BO,xyl_spp,69,-0.1062028446733379,0.6129539380527426,DE,1,DE,-0.1062028446733379,NA,-0.1062028446733379,-0.1062028446733379,1,NA,NA,FALSE,detrended,insufficient data,weak
CambXyl_con&BB_con&BO,zei_gri,0,NA,NA,,0,NA,NA,NA,NA,NA,NA,NA,NA,NA,detrended,insufficient data,NA
CambXyl_con&BB_con&SM,CambXyl_con&BO,46,0.20885748494188874,0.3596215998300816,DE,1,DE,0.20885748494188874,NA,0.20885748494188874,0.20885748494188874,1,NA,NA,FALSE,detrended,insufficient data,weak
CambXyl_con&BB_con&SM,CambXyl_con&MD,23,0.7175122543911333,0.0013676745118710765,DE,1,DE,0.7175122543911333,NA,0.7175122543911333,0.7175122543911333,1,NA,NA,FALSE,detrended,insufficient data,strong
CambXyl_con&BB_con&SM,Def_dec,0,NA,NA,,0,NA,NA,NA,NA,NA,NA,NA,NA,NA,detrended,insufficient data,NA
CambXyl_con&BB_con&SM,Def_dec&DB,46,0.4842332795286036,0.005603433274244186,DE,1,DE,0.4842332795286036,NA,0.4842332795286036,0.4842332795286036,1,NA,NA,FALSE,detrended,insufficient data,moderate
CambXyl_con&BB_con&SM,agr_big,46,-0.4198345028569364,0.021414570901104112,DE,1,DE,-0.4198345028569364,NA,-0.4198345028569364,-0.4198345028569364,1,NA,NA,FALSE,detrended,insufficient data,moderate
CambXyl_con&BB_con&SM,agr_vir,46,0.2738426683442094,0.1899718040307308,DE,1,DE,0.2738426683442094,NA,0.2738426683442094,0.2738426683442094,1,NA,NA,FALSE,detrended,insufficient data,weak
CambXyl_con&BB_con&SM,bup_pin,0,NA,NA,,0,NA,NA,NA,NA,NA,NA,NA,NA,NA,detrended,insufficient data,NA
CambXyl_con&BB_con&SM,cep_spp,0,NA,NA,,0,NA,NA,NA,NA,NA,NA,NA,NA,NA,detrended,insufficient data,NA
CambXyl_con&BB_con&SM,clo_ana,0,NA,NA,,0,NA,NA,NA,NA,NA,NA,NA,NA,NA,detrended,insufficient data,NA
CambXyl_con&BB_con&SM,den_mic,0,NA,NA,,0,NA,NA,NA,NA,NA,NA,NA,NA,NA,detrended,insufficient data,NA
CambXyl_con&BB_con&SM,den_pin,0,NA,NA,,0,NA,NA,NA,NA,NA,NA,NA,NA,NA,detrended,insufficient data,NA
CambXyl_con&BB_con&SM,dip_sp,46,-0.2811208823961414,0.1754303609322824,DE,1,DE,-0.2811208823961414,NA,-0.2811208823961414,-0.2811208823961414,1,NA,NA,FALSE,detrended,insufficient data,weak
CambXyl_con&BB_con&SM,era_def,46,-0.23232443999688104,0.2954804118249834,DE,1,DE,-0.23232443999688104,NA,-0.23232443999688104,-0.23232443999688104,1,NA,NA,FALSE,detrended,insufficient data,weak
CambXyl_con&BB_con&SM,geo_db,46,0.09371719779773163,0.7326824699872305,DE,1,DE,0.09371719779773163,NA,0.09371719779773163,0.09371719779773163,1,NA,NA,FALSE,detrended,insufficient data,negligible
CambXyl_con&BB_con&SM,ips_acu,46,-0.03857637652824345,0.9010785179979302,DE,1,DE,-0.03857637652824345,NA,-0.03857637652824345,-0.03857637652824345,1,NA,NA,FALSE,detrended,insufficient data,negligible
CambXyl_con&BB_con&SM,ips_ami,0,NA,NA,,0,NA,NA,NA,NA,NA,NA,NA,NA,NA,detrended,insufficient data,NA
CambXyl_con&BB_con&SM,ips_cem,46,-0.5695659115834945,5.230741222396844e-4,DE,1,DE,-0.5695659115834945,NA,-0.5695659115834945,-0.5695659115834945,1,NA,NA,FALSE,detrended,insufficient data,strong
CambXyl_con&BB_con&SM,ips_dup,0,NA,NA,,0,NA,NA,NA,NA,NA,NA,NA,NA,NA,detrended,insufficient data,NA
CambXyl_con&BB_con&SM,ips_sex,46,-0.2325705988852884,0.2952144043389754,DE,1,DE,-0.2325705988852884,NA,-0.2325705988852884,-0.2325705988852884,1,NA,NA,FALSE,detrended,insufficient data,weak
CambXyl_con&BB_con&SM,ips_typ,46,-0.5810517260803555,3.645330179205474e-4,DE,1,DE,-0.5810517260803555,NA,-0.5810517260803555,-0.5810517260803555,1,NA,NA,FALSE,detrended,insufficient data,strong
CambXyl_con&BB_con&SM,lym_dis,46,0.04920560964173207,0.8800201179222517,DE,1,DE,0.04920560964173207,NA,0.04920560964173207,0.04920560964173207,1,NA,NA,FALSE,detrended,insufficient data,negligible
CambXyl_con&BB_con&SM,lym_mon,0,NA,NA,,0,NA,NA,NA,NA,NA,NA,NA,NA,NA,detrended,insufficient data,NA
CambXyl_con&BB_con&SM,mel_spp,46,0.2610418114220647,0.2227016565348912,DE,1,DE,0.2610418114220647,NA,0.2610418114220647,0.2610418114220647,1,NA,NA,FALSE,detrended,insufficient data,weak
CambXyl_con&BB_con&SM,neo_ser,0,NA,NA,,0,NA,NA,NA,NA,NA,NA,NA,NA,NA,detrended,insufficient data,NA
CambXyl_con&BB_con&SM,ope_spp,46,-0.13234630443530346,0.6109255305949689,DE,1,DE,-0.13234630443530346,NA,-0.13234630443530346,-0.13234630443530346,1,NA,NA,FALSE,detrended,insufficient data,weak
CambXyl_con&BB_con&SM,pan_fla,0,NA,NA,,0,NA,NA,NA,NA,NA,NA,NA,NA,NA,detrended,insufficient data,NA
CambXyl_con&BB_con&SM,pha_cya,46,-0.03854264448531237,0.9010785179979302,DE,1,DE,-0.03854264448531237,NA,-0.03854264448531237,-0.03854264448531237,1,NA,NA,FALSE,detrended,insufficient data,negligible
CambXyl_con&BB_con&SM,pis_pin,23,-0.2613741024372635,0.44769753085993425,DE,1,DE,-0.2613741024372635,NA,-0.2613741024372635,-0.2613741024372635,1,NA,NA,FALSE,detrended,insufficient data,weak
CambXyl_con&BB_con&SM,pit_bid,23,-0.17470111333829114,0.6414662554682038,DE,1,DE,-0.17470111333829114,NA,-0.17470111333829114,-0.17470111333829114,1,NA,NA,FALSE,detrended,insufficient data,weak
CambXyl_con&BB_con&SM,pit_cha,46,-0.6186127309855372,9.401689185793241e-5,DE,1,DE,-0.6186127309855372,NA,-0.6186127309855372,-0.6186127309855372,1,NA,NA,FALSE,detrended,insufficient data,strong
CambXyl_con&BB_con&SM,pit_spp,46,-0.22257112044179847,0.3263973210805083,DE,1,DE,-0.22257112044179847,NA,-0.22257112044179847,-0.22257112044179847,1,NA,NA,FALSE,detrended,insufficient data,weak
CambXyl_con&BB_con&SM,pol_pol,0,NA,NA,,0,NA,NA,NA,NA,NA,NA,NA,NA,NA,detrended,insufficient data,NA
CambXyl_con&BB_con&SM,pri_abi,23,-0.3302374066666911,0.30106996784592743,DE,1,DE,-0.3302374066666911,NA,-0.3302374066666911,-0.3302374066666911,1,NA,NA,FALSE,detrended,insufficient data,moderate
CambXyl_con&BB_con&SM,sap_car,0,NA,NA,,0,NA,NA,NA,NA,NA,NA,NA,NA,NA,detrended,insufficient data,NA
CambXyl_con&BB_con&SM,sco_int,46,0.6080615364191334,1.3934929458681266e-4,DE,1,DE,0.6080615364191334,NA,0.6080615364191334,0.6080615364191334,1,NA,NA,FALSE,detrended,insufficient data,strong
CambXyl_con&BB_con&SM,sco_rat,0,NA,NA,,0,NA,NA,NA,NA,NA,NA,NA,NA,NA,detrended,insufficient data,NA
CambXyl_con&BB_con&SM,sco_sco,23,-0.2666257534796766,0.432358196518464,DE,1,DE,-0.2666257534796766,NA,-0.2666257534796766,-0.2666257534796766,1,NA,NA,FALSE,detrended,insufficient data,weak
CambXyl_con&BB_con&SM,tet_gab,46,-0.4365843702702824,0.01570287348619181,DE,1,DE,-0.4365843702702824,NA,-0.4365843702702824,-0.4365843702702824,1,NA,NA,FALSE,detrended,insufficient data,moderate
CambXyl_con&BB_con&SM,tet_spp,46,-0.1665704196177323,0.4973244233874765,DE,1,DE,-0.1665704196177323,NA,-0.1665704196177323,-0.1665704196177323,1,NA,NA,FALSE,detrended,insufficient data,weak
CambXyl_con&BB_con&SM,tha_pit,0,NA,NA,,0,NA,NA,NA,NA,NA,NA,NA,NA,NA,detrended,insufficient data,NA
CambXyl_con&BB_con&SM,tha_pro,46,0.3979776809094174,0.03111587973870858,DE,1,DE,0.3979776809094174,NA,0.3979776809094174,0.3979776809094174,1,NA,NA,FALSE,detrended,insufficient data,moderate
CambXyl_con&BB_con&SM,tom_spp,46,0.2590242358012294,0.2259957201652989,DE,1,DE,0.2590242358012294,NA,0.2590242358012294,0.2590242358012294,1,NA,NA,FALSE,detrended,insufficient data,weak
CambXyl_con&BB_con&SM,tor_vir,46,-0.19877725752540734,0.3903016568994575,DE,1,DE,-0.19877725752540734,NA,-0.19877725752540734,-0.19877725752540734,1,NA,NA,FALSE,detrended,insufficient data,weak
CambXyl_con&BB_con&SM,uro_sir_spp,23,-0.17293450430933113,0.6467088100068685,DE,1,DE,-0.17293450430933113,NA,-0.17293450430933113,-0.17293450430933113,1,NA,NA,FALSE,detrended,insufficient data,weak
CambXyl_con&BB_con&SM,xyl_lin,46,-0.5109721216558387,0.002793328905659181,DE,1,DE,-0.5109721216558387,NA,-0.5109721216558387,-0.5109721216558387,1,NA,NA,FALSE,detrended,insufficient data,strong
CambXyl_con&BB_con&SM,xyl_spp,46,-0.4266050904079757,0.018620293349765976,DE,1,DE,-0.4266050904079757,NA,-0.4266050904079757,-0.4266050904079757,1,NA,NA,FALSE,detrended,insufficient data,moderate
CambXyl_con&BB_con&SM,zei_gri,0,NA,NA,,0,NA,NA,NA,NA,NA,NA,NA,NA,NA,detrended,insufficient data,NA
CambXyl_con&BO,CambXyl_con&MD,23,-0.009789148214551895,0.9847634740689464,DE,1,DE,-0.009789148214551895,NA,-0.009789148214551895,-0.009789148214551895,1,NA,NA,FALSE,detrended,insufficient data,negligible
CambXyl_con&BO,Def_dec,0,NA,NA,,0,NA,NA,NA,NA,NA,NA,NA,NA,NA,detrended,insufficient data,NA
CambXyl_con&BO,Def_dec&DB,46,-0.047827281393003754,0.8851015876976339,DE,1,DE,-0.047827281393003754,NA,-0.047827281393003754,-0.047827281393003754,1,NA,NA,FALSE,detrended,insufficient data,negligible
CambXyl_con&BO,agr_big,46,-0.035548781399221116,0.9084869044287199,DE,1,DE,-0.035548781399221116,NA,-0.035548781399221116,-0.035548781399221116,1,NA,NA,FALSE,detrended,insufficient data,negligible
CambXyl_con&BO,agr_vir,46,-0.2619621667823144,0.22038909983152966,DE,1,DE,-0.2619621667823144,NA,-0.2619621667823144,-0.2619621667823144,1,NA,NA,FALSE,detrended,insufficient data,weak
CambXyl_con&BO,bup_pin,0,NA,NA,,0,NA,NA,NA,NA,NA,NA,NA,NA,NA,detrended,insufficient data,NA
CambXyl_con&BO,cep_spp,0,NA,NA,,0,NA,NA,NA,NA,NA,NA,NA,NA,NA,detrended,insufficient data,NA
CambXyl_con&BO,clo_ana,0,NA,NA,,0,NA,NA,NA,NA,NA,NA,NA,NA,NA,detrended,insufficient data,NA
CambXyl_con&BO,den_mic,0,NA,NA,,0,NA,NA,NA,NA,NA,NA,NA,NA,NA,detrended,insufficient data,NA
CambXyl_con&BO,den_pin,0,NA,NA,,0,NA,NA,NA,NA,NA,NA,NA,NA,NA,detrended,insufficient data,NA
CambXyl_con&BO,dip_sp,46,-0.1936498775194734,0.40414940645105174,DE,1,DE,-0.1936498775194734,NA,-0.1936498775194734,-0.1936498775194734,1,NA,NA,FALSE,detrended,insufficient data,weak
CambXyl_con&BO,era_def,46,0.039384625911337366,0.8992814424401815,DE,1,DE,0.039384625911337366,NA,0.039384625911337366,0.039384625911337366,1,NA,NA,FALSE,detrended,insufficient data,negligible
CambXyl_con&BO,geo_db,46,0.05429802145800339,0.8630922160196618,DE,1,DE,0.05429802145800339,NA,0.05429802145800339,0.05429802145800339,1,NA,NA,FALSE,detrended,insufficient data,negligible
CambXyl_con&BO,ips_acu,46,-0.005802424807576244,0.9847634740689464,DE,1,DE,-0.005802424807576244,NA,-0.005802424807576244,-0.005802424807576244,1,NA,NA,FALSE,detrended,insufficient data,negligible
CambXyl_con&BO,ips_ami,0,NA,NA,,0,NA,NA,NA,NA,NA,NA,NA,NA,NA,detrended,insufficient data,NA
CambXyl_con&BO,ips_cem,46,0.09691251027902371,0.7290555359080454,DE,1,DE,0.09691251027902371,NA,0.09691251027902371,0.09691251027902371,1,NA,NA,FALSE,detrended,insufficient data,negligible
CambXyl_con&BO,ips_dup,0,NA,NA,,0,NA,NA,NA,NA,NA,NA,NA,NA,NA,detrended,insufficient data,NA
CambXyl_con&BO,ips_sex,46,-0.004283820056435862,0.9853403827981683,DE,1,DE,-0.004283820056435862,NA,-0.004283820056435862,-0.004283820056435862,1,NA,NA,FALSE,detrended,insufficient data,negligible
CambXyl_con&BO,ips_typ,69,0.05318655714960302,0.8355491780550487,"DE,SI",2,"DE,SI",0.17013343963771735,0.1681698542540503,0.05121939530352502,0.28904748397190966,1,0.23586092682230664,DE,FALSE,detrended,consistent,negligible
CambXyl_con&BO,lym_dis,46,-0.3500622799839454,0.07059375780285353,DE,1,DE,-0.3500622799839454,NA,-0.3500622799839454,-0.3500622799839454,1,NA,NA,FALSE,detrended,insufficient data,moderate
CambXyl_con&BO,lym_mon,0,NA,NA,,0,NA,NA,NA,NA,NA,NA,NA,NA,NA,detrended,insufficient data,NA
CambXyl_con&BO,mel_spp,46,-0.18592502549282092,0.4295065573533667,DE,1,DE,-0.18592502549282092,NA,-0.18592502549282092,-0.18592502549282092,1,NA,NA,FALSE,detrended,insufficient data,weak
CambXyl_con&BO,neo_ser,0,NA,NA,,0,NA,NA,NA,NA,NA,NA,NA,NA,NA,detrended,insufficient data,NA
CambXyl_con&BO,ope_spp,46,-0.04209942109232049,0.8937848475574445,DE,1,DE,-0.04209942109232049,NA,-0.04209942109232049,-0.04209942109232049,1,NA,NA,FALSE,detrended,insufficient data,negligible
CambXyl_con&BO,pan_fla,0,NA,NA,,0,NA,NA,NA,NA,NA,NA,NA,NA,NA,detrended,insufficient data,NA
CambXyl_con&BO,pha_cya,46,-0.23266497831830613,0.2952144043389754,DE,1,DE,-0.23266497831830613,NA,-0.23266497831830613,-0.23266497831830613,1,NA,NA,FALSE,detrended,insufficient data,weak
CambXyl_con&BO,pis_pin,23,0.060169576981558774,0.8941572550438353,DE,1,DE,0.060169576981558774,NA,0.060169576981558774,0.060169576981558774,1,NA,NA,FALSE,detrended,insufficient data,negligible
CambXyl_con&BO,pit_bid,23,0.0017935170172428635,0.9952234111315116,DE,1,DE,0.0017935170172428635,NA,0.0017935170172428635,0.0017935170172428635,1,NA,NA,FALSE,detrended,insufficient data,negligible
CambXyl_con&BO,pit_cha,69,0.11126888607975659,0.592662676227294,"DE,SI",2,"DE,SI",0.3587931597344811,0.36078275485227795,0.10368122724327158,0.6139050922256907,1,0.5026362061459341,DE,FALSE,detrended,inconsistent,weak
CambXyl_con&BO,pit_spp,69,0.12019148842784673,0.5532622082342986,"DE,SI",2,"DE,SI",0.2849474988534021,0.23762750554695763,0.11691947828470442,0.4529755194220998,1,0.3327840309942531,DE,FALSE,detrended,inconsistent,weak
CambXyl_con&BO,pol_pol,0,NA,NA,,0,NA,NA,NA,NA,NA,NA,NA,NA,NA,detrended,insufficient data,NA
CambXyl_con&BO,pri_abi,23,-0.04599767933477317,0.9215372273905861,DE,1,DE,-0.04599767933477317,NA,-0.04599767933477317,-0.04599767933477317,1,NA,NA,FALSE,detrended,insufficient data,negligible
CambXyl_con&BO,sap_car,0,NA,NA,,0,NA,NA,NA,NA,NA,NA,NA,NA,NA,detrended,insufficient data,NA
CambXyl_con&BO,sco_int,46,0.2913391243358494,0.15271876700221668,DE,1,DE,0.2913391243358494,NA,0.2913391243358494,0.2913391243358494,1,NA,NA,FALSE,detrended,insufficient data,weak
CambXyl_con&BO,sco_rat,0,NA,NA,,0,NA,NA,NA,NA,NA,NA,NA,NA,NA,detrended,insufficient data,NA
CambXyl_con&BO,sco_sco,23,-0.20311922902399768,0.5789947007486634,DE,1,DE,-0.20311922902399768,NA,-0.20311922902399768,-0.20311922902399768,1,NA,NA,FALSE,detrended,insufficient data,weak
CambXyl_con&BO,tet_gab,46,-0.016066683655657176,0.9648053495902102,DE,1,DE,-0.016066683655657176,NA,-0.016066683655657176,-0.016066683655657176,1,NA,NA,FALSE,detrended,insufficient data,negligible
CambXyl_con&BO,tet_spp,46,0.056859740633663496,0.8585112879965934,DE,1,DE,0.056859740633663496,NA,0.056859740633663496,0.056859740633663496,1,NA,NA,FALSE,detrended,insufficient data,negligible
CambXyl_con&BO,tha_pit,0,NA,NA,,0,NA,NA,NA,NA,NA,NA,NA,NA,NA,detrended,insufficient data,NA
CambXyl_con&BO,tha_pro,46,-0.3357211148410237,0.08673523178726336,DE,1,DE,-0.3357211148410237,NA,-0.3357211148410237,-0.3357211148410237,1,NA,NA,FALSE,detrended,insufficient data,moderate
CambXyl_con&BO,tom_spp,46,0.1604651215082473,0.5120375474975927,DE,1,DE,0.1604651215082473,NA,0.1604651215082473,0.1604651215082473,1,NA,NA,FALSE,detrended,insufficient data,weak
CambXyl_con&BO,tor_vir,46,0.04093309771405209,0.8954350875178027,DE,1,DE,0.04093309771405209,NA,0.04093309771405209,0.04093309771405209,1,NA,NA,FALSE,detrended,insufficient data,negligible
CambXyl_con&BO,uro_sir_spp,23,0.0481490785278932,0.917185820704634,DE,1,DE,0.0481490785278932,NA,0.0481490785278932,0.0481490785278932,1,NA,NA,FALSE,detrended,insufficient data,negligible
CambXyl_con&BO,xyl_lin,46,-0.012379116684033983,0.973498786903195,DE,1,DE,-0.012379116684033983,NA,-0.012379116684033983,-0.012379116684033983,1,NA,NA,FALSE,detrended,insufficient data,negligible
CambXyl_con&BO,xyl_spp,46,-0.11707932692966044,0.6511731215995126,DE,1,DE,-0.11707932692966044,NA,-0.11707932692966044,-0.11707932692966044,1,NA,NA,FALSE,detrended,insufficient data,weak
CambXyl_con&BO,zei_gri,0,NA,NA,,0,NA,NA,NA,NA,NA,NA,NA,NA,NA,detrended,insufficient data,NA
CambXyl_con&MD,Def_dec,0,NA,NA,,0,NA,NA,NA,NA,NA,NA,NA,NA,NA,detrended,insufficient data,NA
CambXyl_con&MD,Def_dec&DB,207,0.19825098916431974,0.023535684214969356,"CZ,DE",2,"CZ,DE",0.224627088336263,0.09184593552941614,0.15968220449899037,0.2895719721735356,1,0.09132098300921584,CZ,FALSE,detrended,consistent,weak
CambXyl_con&MD,agr_big,23,-0.027476791965681552,0.9574496800870703,DE,1,DE,-0.027476791965681552,NA,-0.027476791965681552,-0.027476791965681552,1,NA,NA,FALSE,detrended,insufficient data,negligible
CambXyl_con&MD,agr_vir,23,0.2813210894334938,0.3997328940701243,DE,1,DE,0.2813210894334938,NA,0.2813210894334938,0.2813210894334938,1,NA,NA,FALSE,detrended,insufficient data,weak
CambXyl_con&MD,bup_pin,0,NA,NA,,0,NA,NA,NA,NA,NA,NA,NA,NA,NA,detrended,insufficient data,NA
CambXyl_con&MD,cep_spp,161,0.12812689054822163,0.2748904707517233,CZ,1,CZ,0.12812689054822163,NA,0.12812689054822163,0.12812689054822163,1,NA,NA,FALSE,detrended,insufficient data,weak
CambXyl_con&MD,clo_ana,0,NA,NA,,0,NA,NA,NA,NA,NA,NA,NA,NA,NA,detrended,insufficient data,NA
CambXyl_con&MD,den_mic,23,0.17770138783579542,0.639796247416151,CZ,1,CZ,0.17770138783579542,NA,0.17770138783579542,0.17770138783579542,1,NA,NA,FALSE,detrended,insufficient data,weak
CambXyl_con&MD,den_pin,0,NA,NA,,0,NA,NA,NA,NA,NA,NA,NA,NA,NA,detrended,insufficient data,NA
CambXyl_con&MD,dip_sp,23,-0.03806298799099082,0.9320764184258788,DE,1,DE,-0.03806298799099082,NA,-0.03806298799099082,-0.03806298799099082,1,NA,NA,FALSE,detrended,insufficient data,negligible
CambXyl_con&MD,era_def,23,-0.24880238082390455,0.4787416624527027,DE,1,DE,-0.24880238082390455,NA,-0.24880238082390455,-0.24880238082390455,1,NA,NA,FALSE,detrended,insufficient data,weak
CambXyl_con&MD,geo_db,23,0.1469322317508042,0.7192689118611173,DE,1,DE,0.1469322317508042,NA,0.1469322317508042,0.1469322317508042,1,NA,NA,FALSE,detrended,insufficient data,weak
CambXyl_con&MD,ips_acu,207,0.22835546234689513,0.007539904007440812,"CZ,DE",2,"CZ,DE",0.06898676710663597,0.35835184965373146,-0.1844062558342597,0.32237979004753164,0.5,0.4127617181811548,CZ,TRUE,detrended,inconsistent,weak
CambXyl_con&MD,ips_ami,0,NA,NA,,0,NA,NA,NA,NA,NA,NA,NA,NA,NA,detrended,insufficient data,NA
CambXyl_con&MD,ips_cem,23,-0.7537919476723647,4.896290299366086e-4,DE,1,DE,-0.7537919476723647,NA,-0.7537919476723647,-0.7537919476723647,1,NA,NA,FALSE,detrended,insufficient data,strong
CambXyl_con&MD,ips_dup,184,0.0409325873911579,0.7696059481363223,CZ,1,CZ,0.0409325873911579,NA,0.0409325873911579,0.0409325873911579,1,NA,NA,FALSE,detrended,insufficient data,negligible
CambXyl_con&MD,ips_sex,207,0.06991131067044211,0.5462672657535602,"CZ,DE",2,"CZ,DE",-0.05465167289710833,0.3550614534517215,-0.30571803437077233,0.19641468857655567,0.5,0.3756293450412144,CZ,TRUE,detrended,inconsistent,negligible
CambXyl_con&MD,ips_typ,207,-0.28969668255538816,3.645330179205474e-4,"CZ,DE",2,"CZ,DE",-0.31742123137672845,0.601268210210393,-0.7425820601283959,0.107739597374939,0.5,0.45288537757300773,CZ,TRUE,detrended,inconsistent,weak
CambXyl_con&MD,lym_dis,161,-0.12171115421450786,0.30106996784592743,"CZ,DE",2,"CZ,DE",-0.12742445339958636,0.02597187033418744,-0.14578933903298802,-0.1090595677661847,1,0.02407818481848016,CZ,FALSE,detrended,consistent,weak
CambXyl_con&MD,lym_mon,138,0.1573267658337967,0.1899718040307308,CZ,1,CZ,0.1573267658337967,NA,0.1573267658337967,0.1573267658337967,1,NA,NA,FALSE,detrended,insufficient data,weak
CambXyl_con&MD,mel_spp,23,0.1281536554044073,0.7537927561093014,DE,1,DE,0.1281536554044073,NA,0.1281536554044073,0.1281536554044073,1,NA,NA,FALSE,detrended,insufficient data,weak
CambXyl_con&MD,neo_ser,46,0.027799598688102486,0.9298886540610122,CZ,1,CZ,0.027799598688102486,NA,0.027799598688102486,0.027799598688102486,1,NA,NA,FALSE,detrended,insufficient data,negligible
CambXyl_con&MD,ope_spp,23,-0.0968393284785279,0.8336567155965757,DE,1,DE,-0.0968393284785279,NA,-0.0968393284785279,-0.0968393284785279,1,NA,NA,FALSE,detrended,insufficient data,negligible
CambXyl_con&MD,pan_fla,23,0.18750376020774315,0.6186363636603646,CZ,1,CZ,0.18750376020774315,NA,0.18750376020774315,0.18750376020774315,1,NA,NA,FALSE,detrended,insufficient data,weak
CambXyl_con&MD,pha_cya,207,0.15479309674684083,0.09573675611203161,"CZ,DE",2,"CZ,DE",0.07374362576101418,0.19814772566560768,-0.0663679747338287,0.21385522625585707,0.5,0.22116107148066955,CZ,TRUE,detrended,inconsistent,weak
CambXyl_con&MD,pis_pin,23,-0.19356369236975876,0.6048033114766326,DE,1,DE,-0.19356369236975876,NA,-0.19356369236975876,-0.19356369236975876,1,NA,NA,FALSE,detrended,insufficient data,weak
CambXyl_con&MD,pit_bid,23,-0.1844062558342597,0.6234135143957702,DE,1,DE,-0.1844062558342597,NA,-0.1844062558342597,-0.1844062558342597,1,NA,NA,FALSE,detrended,insufficient data,weak
CambXyl_con&MD,pit_cha,23,-0.6777516004977578,0.003554435916440417,DE,1,DE,-0.6777516004977578,NA,-0.6777516004977578,-0.6777516004977578,1,NA,NA,FALSE,detrended,insufficient data,strong
CambXyl_con&MD,pit_spp,207,0.09996708873959004,0.3442458434649524,"CZ,DE",2,"CZ,DE",0.04864093575721315,0.17365264959507687,-0.07415003034247708,0.17143190185690338,0.5,0.17411711908206712,CZ,TRUE,detrended,inconsistent,negligible
CambXyl_con&MD,pol_pol,184,0.17503008230057132,0.07180430498956371,CZ,1,CZ,0.17503008230057132,NA,0.17503008230057132,0.17503008230057132,1,NA,NA,FALSE,detrended,insufficient data,weak
CambXyl_con&MD,pri_abi,184,0.07500848864016615,0.5390285936804393,"CZ,DE",2,"CZ,DE",-0.11849509040726124,0.4254240568142167,-0.4193153258604849,0.18232514504596245,0.5,0.4943238145006511,CZ,TRUE,detrended,inconsistent,negligible
CambXyl_con&MD,sap_car,0,NA,NA,,0,NA,NA,NA,NA,NA,NA,NA,NA,NA,detrended,insufficient data,NA
CambXyl_con&MD,sco_int,207,0.13570174565576062,0.1566429366959824,"CZ,DE",2,"CZ,DE",0.13989762075074802,0.006856725201093474,0.13504918386432213,0.1447460576371739,1,0.009044311981413283,CZ,FALSE,detrended,consistent,weak
CambXyl_con&MD,sco_rat,184,0.10263154049831576,0.3624587556124982,CZ,1,CZ,0.10263154049831576,NA,0.10263154049831576,0.10263154049831576,1,NA,NA,FALSE,detrended,insufficient data,weak
CambXyl_con&MD,sco_sco,23,-0.5762604163386225,0.022742103435899722,DE,1,DE,-0.5762604163386225,NA,-0.5762604163386225,-0.5762604163386225,1,NA,NA,FALSE,detrended,insufficient data,strong
CambXyl_con&MD,tet_gab,69,-0.5141872246191563,1.193496693278751e-4,"CZ,DE",2,"CZ,DE",-0.402293520360178,0.5297460305828436,-0.776880530891963,-0.027706509828393112,1,0.4864807147907632,DE,FALSE,detrended,inconsistent,strong
CambXyl_con&MD,tet_spp,23,-0.05276602096660084,0.9063764064106614,DE,1,DE,-0.05276602096660084,NA,-0.05276602096660084,-0.05276602096660084,1,NA,NA,FALSE,detrended,insufficient data,negligible
CambXyl_con&MD,tha_pit,0,NA,NA,,0,NA,NA,NA,NA,NA,NA,NA,NA,NA,detrended,insufficient data,NA
CambXyl_con&MD,tha_pro,23,0.37241165280013333,0.22316898723470013,DE,1,DE,0.37241165280013333,NA,0.37241165280013333,0.37241165280013333,1,NA,NA,FALSE,detrended,insufficient data,moderate
CambXyl_con&MD,tom_spp,207,0.02044870007537311,0.8887515837963572,"CZ,DE",2,"CZ,DE",-0.027068321315697197,0.23629328943309508,-0.1941529086227143,0.14001626599131992,0.5,0.21460160869808742,CZ,TRUE,detrended,inconsistent,negligible
CambXyl_con&MD,tor_vir,23,-0.08001992525298487,0.8630922160196618,DE,1,DE,-0.08001992525298487,NA,-0.08001992525298487,-0.08001992525298487,1,NA,NA,FALSE,detrended,insufficient data,negligible
CambXyl_con&MD,uro_sir_spp,23,-0.11612617348265335,0.7781256494629177,DE,1,DE,-0.11612617348265335,NA,-0.11612617348265335,-0.11612617348265335,1,NA,NA,FALSE,detrended,insufficient data,weak
CambXyl_con&MD,xyl_lin,23,-0.07197343247209347,0.8800201179222517,DE,1,DE,-0.07197343247209347,NA,-0.07197343247209347,-0.07197343247209347,1,NA,NA,FALSE,detrended,insufficient data,negligible
CambXyl_con&MD,xyl_spp,23,0.058929749037894136,0.8960284276074542,DE,1,DE,0.058929749037894136,NA,0.058929749037894136,0.058929749037894136,1,NA,NA,FALSE,detrended,insufficient data,negligible
CambXyl_con&MD,zei_gri,161,-0.0919060809804319,0.47080357841139897,CZ,1,CZ,-0.0919060809804319,NA,-0.0919060809804319,-0.0919060809804319,1,NA,NA,FALSE,detrended,insufficient data,negligible
Def_dec,Def_dec&DB,46,0.036999973977945654,0.9045905786966445,DE,1,DE,0.036999973977945654,NA,0.036999973977945654,0.036999973977945654,1,NA,NA,FALSE,detrended,insufficient data,negligible
Def_dec,agr_big,46,-0.11554470302373707,0.6565330841268113,DE,1,DE,-0.11554470302373707,NA,-0.11554470302373707,-0.11554470302373707,1,NA,NA,FALSE,detrended,insufficient data,weak
Def_dec,agr_vir,23,-0.154289236368588,0.6966954905711562,DE,1,DE,-0.154289236368588,NA,-0.154289236368588,-0.154289236368588,1,NA,NA,FALSE,detrended,insufficient data,weak
Def_dec,bup_pin,46,0.049350911774361884,0.8800201179222517,DE,1,DE,0.049350911774361884,NA,0.049350911774361884,0.049350911774361884,1,NA,NA,FALSE,detrended,insufficient data,negligible
Def_dec,cep_spp,0,NA,NA,,0,NA,NA,NA,NA,NA,NA,NA,NA,NA,detrended,insufficient data,NA
Def_dec,clo_ana,0,NA,NA,,0,NA,NA,NA,NA,NA,NA,NA,NA,NA,detrended,insufficient data,NA
Def_dec,den_mic,0,NA,NA,,0,NA,NA,NA,NA,NA,NA,NA,NA,NA,detrended,insufficient data,NA
Def_dec,den_pin,23,-0.1384936470031666,0.7303598049735797,DE,1,DE,-0.1384936470031666,NA,-0.1384936470031666,-0.1384936470031666,1,NA,NA,FALSE,detrended,insufficient data,weak
Def_dec,dip_sp,23,-0.1690412098465302,0.6528485177473032,DE,1,DE,-0.1690412098465302,NA,-0.1690412098465302,-0.1690412098465302,1,NA,NA,FALSE,detrended,insufficient data,weak
Def_dec,era_def,23,-0.0153447165153103,0.9778458872359078,DE,1,DE,-0.0153447165153103,NA,-0.0153447165153103,-0.0153447165153103,1,NA,NA,FALSE,detrended,insufficient data,negligible
Def_dec,geo_db,23,0.06784516852173951,0.885811455511106,DE,1,DE,0.06784516852173951,NA,0.06784516852173951,0.06784516852173951,1,NA,NA,FALSE,detrended,insufficient data,negligible
Def_dec,ips_acu,23,-0.13569180085872762,0.7336293410957193,DE,1,DE,-0.13569180085872762,NA,-0.13569180085872762,-0.13569180085872762,1,NA,NA,FALSE,detrended,insufficient data,weak
Def_dec,ips_ami,0,NA,NA,,0,NA,NA,NA,NA,NA,NA,NA,NA,NA,detrended,insufficient data,NA
Def_dec,ips_cem,46,-0.18658515068651318,0.42805390873338095,DE,1,DE,-0.18658515068651318,NA,-0.18658515068651318,-0.18658515068651318,1,NA,NA,FALSE,detrended,insufficient data,weak
Def_dec,ips_dup,0,NA,NA,,0,NA,NA,NA,NA,NA,NA,NA,NA,NA,detrended,insufficient data,NA
Def_dec,ips_sex,46,-0.06295901353413011,0.8397167545173047,DE,1,DE,-0.06295901353413011,NA,-0.06295901353413011,-0.06295901353413011,1,NA,NA,FALSE,detrended,insufficient data,negligible
Def_dec,ips_typ,46,0.1899421735568505,0.41806593562816885,DE,1,DE,0.1899421735568505,NA,0.1899421735568505,0.1899421735568505,1,NA,NA,FALSE,detrended,insufficient data,weak
Def_dec,lym_dis,46,-0.08973208262121654,0.7495714929147055,DE,1,DE,-0.08973208262121654,NA,-0.08973208262121654,-0.08973208262121654,1,NA,NA,FALSE,detrended,insufficient data,negligible
Def_dec,lym_mon,46,-0.013286851156771052,0.9722099503161445,DE,1,DE,-0.013286851156771052,NA,-0.013286851156771052,-0.013286851156771052,1,NA,NA,FALSE,detrended,insufficient data,negligible
Def_dec,mel_spp,46,-0.1891669603768164,0.4210493466690711,DE,1,DE,-0.1891669603768164,NA,-0.1891669603768164,-0.1891669603768164,1,NA,NA,FALSE,detrended,insufficient data,weak
Def_dec,neo_ser,23,-0.11171095204493153,0.7926476139036971,DE,1,DE,-0.11171095204493153,NA,-0.11171095204493153,-0.11171095204493153,1,NA,NA,FALSE,detrended,insufficient data,weak
Def_dec,ope_spp,46,-0.025027719556996078,0.9332598006878543,DE,1,DE,-0.025027719556996078,NA,-0.025027719556996078,-0.025027719556996078,1,NA,NA,FALSE,detrended,insufficient data,negligible
Def_dec,pan_fla,23,0.5243800681053281,0.04619620310128806,DE,1,DE,0.5243800681053281,NA,0.5243800681053281,0.5243800681053281,1,NA,NA,FALSE,detrended,insufficient data,strong
Def_dec,pha_cya,46,0.13099063824690438,0.6129539380527426,DE,1,DE,0.13099063824690438,NA,0.13099063824690438,0.13099063824690438,1,NA,NA,FALSE,detrended,insufficient data,weak
Def_dec,pis_pin,23,-0.02597974770514174,0.9593901779363826,DE,1,DE,-0.02597974770514174,NA,-0.02597974770514174,-0.02597974770514174,1,NA,NA,FALSE,detrended,insufficient data,negligible
Def_dec,pit_bid,23,-0.08931855194415549,0.8428921824503656,DE,1,DE,-0.08931855194415549,NA,-0.08931855194415549,-0.08931855194415549,1,NA,NA,FALSE,detrended,insufficient data,negligible
Def_dec,pit_cha,46,0.14442761357056164,0.5675336781584976,DE,1,DE,0.14442761357056164,NA,0.14442761357056164,0.14442761357056164,1,NA,NA,FALSE,detrended,insufficient data,weak
Def_dec,pit_spp,23,-0.07609566708091918,0.8668300423711355,DE,1,DE,-0.07609566708091918,NA,-0.07609566708091918,-0.07609566708091918,1,NA,NA,FALSE,detrended,insufficient data,negligible
Def_dec,pol_pol,0,NA,NA,,0,NA,NA,NA,NA,NA,NA,NA,NA,NA,detrended,insufficient data,NA
Def_dec,pri_abi,46,0.012077528811910323,0.973498786903195,DE,1,DE,0.012077528811910323,NA,0.012077528811910323,0.012077528811910323,1,NA,NA,FALSE,detrended,insufficient data,negligible
Def_dec,sap_car,0,NA,NA,,0,NA,NA,NA,NA,NA,NA,NA,NA,NA,detrended,insufficient data,NA
Def_dec,sco_int,46,-0.114734840686356,0.6586774865682629,DE,1,DE,-0.114734840686356,NA,-0.114734840686356,-0.114734840686356,1,NA,NA,FALSE,detrended,insufficient data,weak
Def_dec,sco_rat,23,-0.012267483840749799,0.9799561359873382,DE,1,DE,-0.012267483840749799,NA,-0.012267483840749799,-0.012267483840749799,1,NA,NA,FALSE,detrended,insufficient data,negligible
Def_dec,sco_sco,23,-0.06662371043551377,0.885811455511106,DE,1,DE,-0.06662371043551377,NA,-0.06662371043551377,-0.06662371043551377,1,NA,NA,FALSE,detrended,insufficient data,negligible
Def_dec,tet_gab,46,-0.08881105602641533,0.753483760366835,DE,1,DE,-0.08881105602641533,NA,-0.08881105602641533,-0.08881105602641533,1,NA,NA,FALSE,detrended,insufficient data,negligible
Def_dec,tet_spp,46,-0.3722358436993717,0.04866486231666639,DE,1,DE,-0.3722358436993717,NA,-0.3722358436993717,-0.3722358436993717,1,NA,NA,FALSE,detrended,insufficient data,moderate
Def_dec,tha_pit,0,NA,NA,,0,NA,NA,NA,NA,NA,NA,NA,NA,NA,detrended,insufficient data,NA
Def_dec,tha_pro,23,-0.08399671680038598,0.8554386659412314,DE,1,DE,-0.08399671680038598,NA,-0.08399671680038598,-0.08399671680038598,1,NA,NA,FALSE,detrended,insufficient data,negligible
Def_dec,tom_spp,46,-0.25589816362163054,0.23387128782679473,DE,1,DE,-0.25589816362163054,NA,-0.25589816362163054,-0.25589816362163054,1,NA,NA,FALSE,detrended,insufficient data,weak
Def_dec,tor_vir,23,-0.0782913025039799,0.8630922160196618,DE,1,DE,-0.0782913025039799,NA,-0.0782913025039799,-0.0782913025039799,1,NA,NA,FALSE,detrended,insufficient data,negligible
Def_dec,uro_sir_spp,46,-0.2128449559172937,0.34955658005333123,DE,1,DE,-0.2128449559172937,NA,-0.2128449559172937,-0.2128449559172937,1,NA,NA,FALSE,detrended,insufficient data,weak
Def_dec,xyl_lin,46,-0.1651947324261232,0.5019974118172594,DE,1,DE,-0.1651947324261232,NA,-0.1651947324261232,-0.1651947324261232,1,NA,NA,FALSE,detrended,insufficient data,weak
Def_dec,xyl_spp,46,-0.12672633074048736,0.6239895637151394,DE,1,DE,-0.12672633074048736,NA,-0.12672633074048736,-0.12672633074048736,1,NA,NA,FALSE,detrended,insufficient data,weak
Def_dec,zei_gri,23,-0.06262468574449483,0.8915179671656244,DE,1,DE,-0.06262468574449483,NA,-0.06262468574449483,-0.06262468574449483,1,NA,NA,FALSE,detrended,insufficient data,negligible
Def_dec&DB,agr_big,161,0.038763268684974594,0.8059366791120959,DE,1,DE,0.038763268684974594,NA,0.038763268684974594,0.038763268684974594,1,NA,NA,FALSE,detrended,insufficient data,negligible
Def_dec&DB,agr_vir,138,0.12990593724163874,0.3112571524548436,DE,1,DE,0.12990593724163874,NA,0.12990593724163874,0.12990593724163874,1,NA,NA,FALSE,detrended,insufficient data,weak
Def_dec&DB,bup_pin,115,0.27326198692370957,0.018620293349765976,DE,1,DE,0.27326198692370957,NA,0.27326198692370957,0.27326198692370957,1,NA,NA,FALSE,detrended,insufficient data,weak
Def_dec&DB,cep_spp,161,-0.13228255387139687,0.2509970544952569,CZ,1,CZ,-0.13228255387139687,NA,-0.13228255387139687,-0.13228255387139687,1,NA,NA,FALSE,detrended,insufficient data,weak
Def_dec&DB,clo_ana,0,NA,NA,,0,NA,NA,NA,NA,NA,NA,NA,NA,NA,detrended,insufficient data,NA
Def_dec&DB,den_mic,23,0.4170504302199506,0.15006808599726232,CZ,1,CZ,0.4170504302199506,NA,0.4170504302199506,0.4170504302199506,1,NA,NA,FALSE,detrended,insufficient data,moderate
Def_dec&DB,den_pin,69,-0.10250034981525745,0.6239895637151394,DE,1,DE,-0.10250034981525745,NA,-0.10250034981525745,-0.10250034981525745,1,NA,NA,FALSE,detrended,insufficient data,weak
Def_dec&DB,dip_sp,222,-0.05239394121524964,0.65072805330902606,"AT,DE",2,"AT,DE",0.02923356124394267,0.14399800770308635,-0.0725884064802624,0.13105552896814773,0.5,0.18344947018339736,DE,TRUE,detrended,inconsistent,negligible
Def_dec&DB,era_def,138,-0.4037868357852526,2.5884968341633886e-5,DE,1,DE,-0.4037868357852526,NA,-0.4037868357852526,-0.4037868357852526,1,NA,NA,FALSE,detrended,insufficient data,moderate
Def_dec&DB,geo_db,115,-0.32862620460957714,0.0031708749569144684,DE,1,DE,-0.32862620460957714,NA,-0.32862620460957714,-0.32862620460957714,1,NA,NA,FALSE,detrended,insufficient data,moderate
Def_dec&DB,ips_acu,299,0.12766711181048482,0.09902742451177309,"CZ,DE",2,"CZ,DE",0.14038374327535202,0.08585640687963288,0.07967409576245227,0.20109339078825178,1,0.07342627897776696,DE,FALSE,detrended,consistent,weak
Def_dec&DB,ips_ami,23,-0.08421605297459957,0.8554386659412314,DE,1,DE,-0.08421605297459957,NA,-0.08421605297459957,-0.08421605297459957,1,NA,NA,FALSE,detrended,insufficient data,negligible
Def_dec&DB,ips_cem,161,0.02298196652420708,0.889740542125353,DE,1,DE,0.02298196652420708,NA,0.02298196652420708,0.02298196652420708,1,NA,NA,FALSE,detrended,insufficient data,negligible
Def_dec&DB,ips_dup,184,0.1506153544576523,0.13532042615548634,CZ,1,CZ,0.1506153544576523,NA,0.1506153544576523,0.1506153544576523,1,NA,NA,FALSE,detrended,insufficient data,weak
Def_dec&DB,ips_sex,322,0.014099230029718909,0.9020469325367162,"CZ,DE",2,"CZ,DE",0.06748610225271773,0.2824399551734155,-0.1322291053284289,0.26720130983386436,0.5,0.25310207980414545,DE,TRUE,detrended,inconsistent,negligible
Def_dec&DB,ips_typ,471,0.07638012380620995,0.25870718782178137,"AT,CZ,DE",3,"AT,CZ,DE",0.07736407885868507,0.2091841888827176,-0.11997566017737836,0.2966606262983285,0.6666666666666666,0.08109659483262555,DE,FALSE,detrended,inconsistent,negligible
Def_dec&DB,lym_dis,381,0.2537715706551307,1.6548038974380704e-5,"AT,CZ,DE",3,"AT,CZ,DE",0.2780583122137275,0.061520930128200625,0.2219052658611304,0.3438170776644881,1,0.04220610567350713,DE,FALSE,detrended,consistent,weak
Def_dec&DB,lym_mon,253,0.14076382335800838,0.09350234649558876,"CZ,DE",2,"CZ,DE",0.13598151654963675,0.06837629683330594,0.08763217338638185,0.18433085971289162,1,0.05313164997162653,DE,FALSE,detrended,consistent,weak
Def_dec&DB,mel_spp,161,0.27392889638763396,0.004016455150954908,DE,1,DE,0.27392889638763396,NA,0.27392889638763396,0.27392889638763396,1,NA,NA,FALSE,detrended,insufficient data,weak
Def_dec&DB,neo_ser,69,-0.07649968494290574,0.7313171067711874,"CZ,DE",2,"CZ,DE",-0.08738317875479373,0.22327886998326785,-0.2452651818156319,0.07049882430604443,0.5,0.16876549687272616,CZ,TRUE,detrended,inconsistent,negligible
Def_dec&DB,ope_spp,115,-0.23885683818961617,0.04619620310128806,DE,1,DE,-0.23885683818961617,NA,-0.23885683818961617,-0.23885683818961617,1,NA,NA,FALSE,detrended,insufficient data,weak
Def_dec&DB,pan_fla,92,0.33243044280501827,0.009418392675018577,"CZ,DE",2,"CZ,DE",0.3432330626498489,0.01036520390315739,0.335903756681545,0.3505623686181527,1,0.018131925813134442,DE,FALSE,detrended,consistent,moderate
Def_dec&DB,pha_cya,450,0.19345864491537806,5.230741222396844e-4,"AT,CZ,DE",3,"AT,CZ,DE",0.19878676704803414,0.027334500946939108,0.16866748485040578,0.2220193251256837,1,0.009863201535127625,CZ,FALSE,detrended,consistent,weak
Def_dec&DB,pis_pin,115,0.18392585978265855,0.15250728549108938,DE,1,DE,0.18392585978265855,NA,0.18392585978265855,0.18392585978265855,1,NA,NA,FALSE,detrended,insufficient data,weak
Def_dec&DB,pit_bid,69,-0.08145370225728489,0.7205495570582647,DE,1,DE,-0.08145370225728489,NA,-0.08145370225728489,-0.08145370225728489,1,NA,NA,FALSE,detrended,insufficient data,negligible
Def_dec&DB,pit_cha,287,-0.047589522328530934,0.639796247416151,"AT,DE",2,"AT,DE",-0.03014695585867328,0.03309900711875365,-0.0535514882428858,-0.0067424234744607615,1,0.040847098854070174,DE,FALSE,detrended,consistent,negligible
Def_dec&DB,pit_spp,337,-0.08960153549381752,0.26467872730869424,"AT,CZ,DE",3,"AT,CZ,DE",-0.05710213512794698,0.2490023791262973,-0.27994922928577254,0.21166360044348748,0.6666666666666666,0.25528116229184084,DE,TRUE,detrended,inconsistent,negligible
Def_dec&DB,pol_pol,184,0.07083309766190686,0.5675336781584976,CZ,1,CZ,0.07083309766190686,NA,0.07083309766190686,0.07083309766190686,1,NA,NA,FALSE,detrended,insufficient data,negligible
Def_dec&DB,pri_abi,276,0.1330169602044958,0.09901455490164596,"CZ,DE",2,"CZ,DE",0.1412116434881139,0.19131437121915712,0.005931954260607444,0.2764913327156204,1,0.14347437251112458,DE,FALSE,detrended,consistent,weak
Def_dec&DB,sap_car,23,0.2849111365868756,0.3925191225273754,DE,1,DE,0.2849111365868756,NA,0.2849111365868756,0.2849111365868756,1,NA,NA,FALSE,detrended,insufficient data,weak
Def_dec&DB,sco_int,299,0.1287062971439054,0.09576804353023878,"CZ,DE",2,"CZ,DE",0.1130708545596012,0.05790667747373329,0.07212465024194209,0.1540170588772603,1,0.05658164690196332,DE,FALSE,detrended,consistent,weak
Def_dec&DB,sco_rat,230,0.13398975958762097,0.13837114937274586,"CZ,DE",2,"CZ,DE",0.06855951984416275,0.22489463903487397,-0.09046500446989746,0.22758404415822298,0.5,0.2244547640575184,CZ,TRUE,detrended,inconsistent,weak
Def_dec&DB,sco_sco,69,0.12564524098109003,0.5315776299176851,DE,1,DE,0.12564524098109003,NA,0.12564524098109003,0.12564524098109003,1,NA,NA,FALSE,detrended,insufficient data,weak
Def_dec&DB,tet_gab,312,0.03143106354599783,0.7696059481363223,"AT,CZ,DE",3,"AT,CZ,DE",0.043995931593571576,0.05587875711862039,0.009135024724741989,0.10844737370680789,1,0.04674861124549783,DE,FALSE,detrended,consistent,negligible
Def_dec&DB,tet_spp,138,0.13585957007340696,0.2866875164899919,DE,1,DE,0.13585957007340696,NA,0.13585957007340696,0.13585957007340696,1,NA,NA,FALSE,detrended,insufficient data,weak
Def_dec&DB,tha_pit,23,0.14263666552468843,0.7270128219579648,DE,1,DE,0.14263666552468843,NA,0.14263666552468843,0.14263666552468843,1,NA,NA,FALSE,detrended,insufficient data,weak
Def_dec&DB,tha_pro,138,0.2295219157684364,0.03367688139300452,DE,1,DE,0.2295219157684364,NA,0.2295219157684364,0.2295219157684364,1,NA,NA,FALSE,detrended,insufficient data,weak
Def_dec&DB,tom_spp,471,0.18533511555851087,7.317264650658411e-4,"AT,CZ,DE",3,"AT,CZ,DE",0.1521105537896465,0.1927975378067896,-0.05146459214966557,0.3319286371459539,0.6666666666666666,0.042451406040145995,CZ,FALSE,detrended,inconsistent,weak
Def_dec&DB,tor_vir,138,-0.3399768167756826,6.442032564969394e-4,DE,1,DE,-0.3399768167756826,NA,-0.3399768167756826,-0.3399768167756826,1,NA,NA,FALSE,detrended,insufficient data,moderate
Def_dec&DB,uro_sir_spp,69,0.09804223453625283,0.639796247416151,DE,1,DE,0.09804223453625283,NA,0.09804223453625283,0.09804223453625283,1,NA,NA,FALSE,detrended,insufficient data,negligible
Def_dec&DB,xyl_lin,138,-0.11563716172626609,0.38047291407408895,DE,1,DE,-0.11563716172626609,NA,-0.11563716172626609,-0.11563716172626609,1,NA,NA,FALSE,detrended,insufficient data,weak
Def_dec&DB,xyl_spp,161,0.11500284848818546,0.34011135510146007,DE,1,DE,0.11500284848818546,NA,0.11500284848818546,0.11500284848818546,1,NA,NA,FALSE,detrended,insufficient data,weak
Def_dec&DB,zei_gri,184,-0.057409184951110144,0.6511731215995126,"CZ,DE",2,"CZ,DE",-0.09133038409050179,0.058990750324349514,-0.13304314367213185,-0.049617624508871715,1,0.07563395872102172,CZ,FALSE,detrended,consistent,negligible
agr_big,agr_vir,207,0.18079827203297302,0.04268165648450862,DE,1,DE,0.18079827203297302,NA,0.18079827203297302,0.18079827203297302,1,NA,NA,FALSE,detrended,insufficient data,weak
agr_big,bup_pin,464,0.14165554250239906,0.015147328093166308,"DE,PL",2,"DE,PL",0.15684137315912838,0.005627966384188466,0.15286179996457877,0.16082094635367797,1,0.019165403851278906,DE,FALSE,detrended,consistent,weak
agr_big,cep_spp,0,NA,NA,,0,NA,NA,NA,NA,NA,NA,NA,NA,NA,detrended,insufficient data,NA
agr_big,clo_ana,0,NA,NA,,0,NA,NA,NA,NA,NA,NA,NA,NA,NA,detrended,insufficient data,NA
agr_big,den_mic,23,0.26241931784911915,0.44479955766271845,DE,1,DE,0.26241931784911915,NA,0.26241931784911915,0.26241931784911915,1,NA,NA,FALSE,detrended,insufficient data,weak
agr_big,den_pin,395,0.07984394598845908,0.2872129465329442,"DE,PL",2,"DE,PL",0.12211254550150447,0.2282486089043337,-0.039283593651146094,0.283508684654155,0.5,0.20366473866569595,PL,TRUE,detrended,inconsistent,negligible
agr_big,dip_sp,527,0.054454578434305505,0.4251430080470925,"DE,PL",2,"DE,PL",0.059078546162554015,0.11282878899354773,-0.020703455647849683,0.13886054797295772,0.5,0.0844059695386522,PL,TRUE,detrended,inconsistent,negligible
agr_big,era_def,230,0.05583015825029683,0.6234135143957702,DE,1,DE,0.05583015825029683,NA,0.05583015825029683,0.05583015825029683,1,NA,NA,FALSE,detrended,insufficient data,negligible
agr_big,geo_db,501,-0.15501715886872017,0.004480992423559515,"DE,PL",2,"DE,PL",-0.16789164121625838,0.007066519076395514,-0.17288842477456176,-0.16289485765795503,1,0.017871265905841593,DE,FALSE,detrended,consistent,weak
agr_big,ips_acu,481,0.10828130436209593,0.07180430498956371,"DE,PL",2,"DE,PL",0.12078701924569034,0.05883141349844966,0.0791869278141468,0.16238711067723388,1,0.05410580631513795,PL,FALSE,detrended,consistent,weak
agr_big,ips_ami,46,0.35873780330601235,0.06135231596353176,DE,1,DE,0.35873780330601235,NA,0.35873780330601235,0.35873780330601235,1,NA,NA,FALSE,detrended,insufficient data,moderate
agr_big,ips_cem,253,0.12576737396531537,0.1455051322491421,DE,1,DE,0.12576737396531537,NA,0.12576737396531537,0.12576737396531537,1,NA,NA,FALSE,detrended,insufficient data,weak
agr_big,ips_dup,0,NA,NA,,0,NA,NA,NA,NA,NA,NA,NA,NA,NA,detrended,insufficient data,NA
agr_big,ips_sex,184,0.20964139677526794,0.0238320380397389,DE,1,DE,0.20964139677526794,NA,0.20964139677526794,0.20964139677526794,1,NA,NA,FALSE,detrended,insufficient data,weak
agr_big,ips_typ,593,0.24287627667837475,1.2200859394065915e-7,"DE,PL",2,"DE,PL",0.18370158866480676,0.11118262120395268,0.1050836032613966,0.26231957406821693,1,0.13779267341697815,DE,FALSE,detrended,consistent,weak
agr_big,lym_dis,207,0.03804818617658554,0.7716367073990892,DE,1,DE,0.03804818617658554,NA,0.03804818617658554,0.03804818617658554,1,NA,NA,FALSE,detrended,insufficient data,negligible
agr_big,lym_mon,504,-0.020007808908044884,0.8311033248150709,"DE,PL",2,"DE,PL",-0.030904806736761506,0.08877876713213284,-0.09368087500127402,0.03187126152775101,0.5,0.07367306609322913,DE,TRUE,detrended,inconsistent,negligible
agr_big,mel_spp,547,0.07672641906791798,0.20908293884841947,"DE,PL",2,"DE,PL",0.09035442104336436,0.0098055483047102,0.08342085134385152,0.0972879907428772,1,0.020561571674959214,DE,FALSE,detrended,consistent,negligible
agr_big,neo_ser,46,0.27860895024820187,0.18150030759381516,DE,1,DE,0.27860895024820187,NA,0.27860895024820187,0.27860895024820187,1,NA,NA,FALSE,detrended,insufficient data,weak
agr_big,ope_spp,207,0.08322345736615717,0.4536663980297539,DE,1,DE,0.08322345736615717,NA,0.08322345736615717,0.08322345736615717,1,NA,NA,FALSE,detrended,insufficient data,negligible
agr_big,pan_fla,438,-0.04015878528040724,0.6239895637151394,"DE,PL",2,"DE,PL",-0.04434018263362187,0.0344555421820773,-0.06870393016002786,-0.019976435107215872,1,0.02854514487962062,DE,FALSE,detrended,consistent,negligible
agr_big,pha_cya,593,0.19159388191206625,5.5523116256248135e-5,"DE,PL",2,"DE,PL",0.19660931621031444,0.05430365389931003,0.158210834294905,0.23500779812572387,1,0.043413916213657616,PL,FALSE,detrended,consistent,weak
agr_big,pis_pin,161,0.29211758616807854,0.0018466992319777615,DE,1,DE,0.29211758616807854,NA,0.29211758616807854,0.29211758616807854,1,NA,NA,FALSE,detrended,insufficient data,weak
agr_big,pit_bid,115,0.12614252463717962,0.3820201765099691,DE,1,DE,0.12614252463717962,NA,0.12614252463717962,0.12614252463717962,1,NA,NA,FALSE,detrended,insufficient data,weak
agr_big,pit_cha,253,0.1813784516941939,0.021807175997031893,DE,1,DE,0.1813784516941939,NA,0.1813784516941939,0.1813784516941939,1,NA,NA,FALSE,detrended,insufficient data,weak
agr_big,pit_spp,92,-0.036904766973142523,0.8643236225386631,DE,1,DE,-0.036904766973142523,NA,-0.036904766973142523,-0.036904766973142523,1,NA,NA,FALSE,detrended,insufficient data,negligible
agr_big,pol_pol,0,NA,NA,,0,NA,NA,NA,NA,NA,NA,NA,NA,NA,detrended,insufficient data,NA
agr_big,pri_abi,184,0.00648256040445397,0.9722099503161445,DE,1,DE,0.00648256040445397,NA,0.00648256040445397,0.00648256040445397,1,NA,NA,FALSE,detrended,insufficient data,negligible
agr_big,sap_car,23,0.1586602194285774,0.6844258313507275,DE,1,DE,0.1586602194285774,NA,0.1586602194285774,0.1586602194285774,1,NA,NA,FALSE,detrended,insufficient data,weak
agr_big,sco_int,184,0.2186931338435548,0.01743495262347295,DE,1,DE,0.2186931338435548,NA,0.2186931338435548,0.2186931338435548,1,NA,NA,FALSE,detrended,insufficient data,weak
agr_big,sco_rat,69,0.5405058990184176,3.9872115777564795e-5,DE,1,DE,0.5405058990184176,NA,0.5405058990184176,0.5405058990184176,1,NA,NA,FALSE,detrended,insufficient data,strong
agr_big,sco_sco,115,0.304920556838466,0.007491722404524746,DE,1,DE,0.304920556838466,NA,0.304920556838466,0.304920556838466,1,NA,NA,FALSE,detrended,insufficient data,moderate
agr_big,tet_gab,207,0.16789315175940253,0.06610487690976989,DE,1,DE,0.16789315175940253,NA,0.16789315175940253,0.16789315175940253,1,NA,NA,FALSE,detrended,insufficient data,weak
agr_big,tet_spp,184,0.06669179877724658,0.5961044213912132,DE,1,DE,0.06669179877724658,NA,0.06669179877724658,0.06669179877724658,1,NA,NA,FALSE,detrended,insufficient data,negligible
agr_big,tha_pit,23,-0.08978130089415742,0.8420227825167819,DE,1,DE,-0.08978130089415742,NA,-0.08978130089415742,-0.08978130089415742,1,NA,NA,FALSE,detrended,insufficient data,negligible
agr_big,tha_pro,230,-0.06256441103626287,0.5738220153309179,DE,1,DE,-0.06256441103626287,NA,-0.06256441103626287,-0.06256441103626287,1,NA,NA,FALSE,detrended,insufficient data,negligible
agr_big,tom_spp,533,0.13149872428159062,0.015462556371187602,"DE,PL",2,"DE,PL",0.13394998694978244,0.06627531679874277,0.08708626101610471,0.18081371288346015,1,0.04931498860186953,PL,FALSE,detrended,consistent,weak
agr_big,tor_vir,570,0.15764950595173446,0.0017876912937957053,"DE,PL",2,"DE,PL",0.16959317596894247,0.04552862031967389,0.1373995798028334,0.2017867721350515,1,0.04413726618331704,PL,FALSE,detrended,consistent,weak
agr_big,uro_sir_spp,92,0.10852660850281537,0.5315776299176851,DE,1,DE,0.10852660850281537,NA,0.10852660850281537,0.10852660850281537,1,NA,NA,FALSE,detrended,insufficient data,weak
agr_big,xyl_lin,230,0.3235243555116568,1.6548038974380704e-5,DE,1,DE,0.3235243555116568,NA,0.3235243555116568,0.3235243555116568,1,NA,NA,FALSE,detrended,insufficient data,moderate
agr_big,xyl_spp,253,0.15059974574306284,0.06882551548731868,DE,1,DE,0.15059974574306284,NA,0.15059974574306284,0.15059974574306284,1,NA,NA,FALSE,detrended,insufficient data,weak
agr_big,zei_gri,23,0.1781606312539078,0.639796247416151,DE,1,DE,0.1781606312539078,NA,0.1781606312539078,0.1781606312539078,1,NA,NA,FALSE,detrended,insufficient data,weak
agr_vir,bup_pin,138,0.005219824209144835,0.9783684685698082,DE,1,DE,0.005219824209144835,NA,0.005219824209144835,0.005219824209144835,1,NA,NA,FALSE,detrended,insufficient data,negligible
agr_vir,cep_spp,0,NA,NA,,0,NA,NA,NA,NA,NA,NA,NA,NA,NA,detrended,insufficient data,NA
agr_vir,clo_ana,0,NA,NA,,0,NA,NA,NA,NA,NA,NA,NA,NA,NA,detrended,insufficient data,NA
agr_vir,den_mic,23,0.7571055120493375,4.461234776625074e-4,DE,1,DE,0.7571055120493375,NA,0.7571055120493375,0.7571055120493375,1,NA,NA,FALSE,detrended,insufficient data,strong
agr_vir,den_pin,92,-0.05346822301683979,0.7926476139036971,DE,1,DE,-0.05346822301683979,NA,-0.05346822301683979,-0.05346822301683979,1,NA,NA,FALSE,detrended,insufficient data,negligible
agr_vir,dip_sp,184,-0.06720441242575365,0.5936738110850076,DE,1,DE,-0.06720441242575365,NA,-0.06720441242575365,-0.06720441242575365,1,NA,NA,FALSE,detrended,insufficient data,negligible
agr_vir,era_def,184,0.1458927107832792,0.15092540113868166,DE,1,DE,0.1458927107832792,NA,0.1458927107832792,0.1458927107832792,1,NA,NA,FALSE,detrended,insufficient data,weak
agr_vir,geo_db,161,-0.09487048577919496,0.4516990766550427,DE,1,DE,-0.09487048577919496,NA,-0.09487048577919496,-0.09487048577919496,1,NA,NA,FALSE,detrended,insufficient data,negligible
agr_vir,ips_acu,138,0.23224742681183802,0.031087216816048802,DE,1,DE,0.23224742681183802,NA,0.23224742681183802,0.23224742681183802,1,NA,NA,FALSE,detrended,insufficient data,weak
agr_vir,ips_ami,46,0.037353722598086364,0.9045905786966445,DE,1,DE,0.037353722598086364,NA,0.037353722598086364,0.037353722598086364,1,NA,NA,FALSE,detrended,insufficient data,negligible
agr_vir,ips_cem,207,0.07105845501411621,0.536353925828157,DE,1,DE,0.07105845501411621,NA,0.07105845501411621,0.07105845501411621,1,NA,NA,FALSE,detrended,insufficient data,negligible
agr_vir,ips_dup,0,NA,NA,,0,NA,NA,NA,NA,NA,NA,NA,NA,NA,detrended,insufficient data,NA
agr_vir,ips_sex,138,0.18619343913574787,0.10204299825363528,DE,1,DE,0.18619343913574787,NA,0.18619343913574787,0.18619343913574787,1,NA,NA,FALSE,detrended,insufficient data,weak
agr_vir,ips_typ,207,-0.056178720713266954,0.639796247416151,DE,1,DE,-0.056178720713266954,NA,-0.056178720713266954,-0.056178720713266954,1,NA,NA,FALSE,detrended,insufficient data,negligible
agr_vir,lym_dis,161,0.32315685593169224,4.461234776625074e-4,DE,1,DE,0.32315685593169224,NA,0.32315685593169224,0.32315685593169224,1,NA,NA,FALSE,detrended,insufficient data,moderate
agr_vir,lym_mon,138,-0.05015102330854192,0.7535300941876509,DE,1,DE,-0.05015102330854192,NA,-0.05015102330854192,-0.05015102330854192,1,NA,NA,FALSE,detrended,insufficient data,negligible
agr_vir,mel_spp,161,0.07177501732466644,0.5936738110850076,DE,1,DE,0.07177501732466644,NA,0.07177501732466644,0.07177501732466644,1,NA,NA,FALSE,detrended,insufficient data,negligible
agr_vir,neo_ser,23,0.44051716289822196,0.11918162696142402,DE,1,DE,0.44051716289822196,NA,0.44051716289822196,0.44051716289822196,1,NA,NA,FALSE,detrended,insufficient data,moderate
agr_vir,ope_spp,161,0.18349611992608397,0.07891264435507536,DE,1,DE,0.18349611992608397,NA,0.18349611992608397,0.18349611992608397,1,NA,NA,FALSE,detrended,insufficient data,weak
agr_vir,pan_fla,115,0.010205664264177372,0.9639206452196992,DE,1,DE,0.010205664264177372,NA,0.010205664264177372,0.010205664264177372,1,NA,NA,FALSE,detrended,insufficient data,negligible
agr_vir,pha_cya,207,0.250086125842347,0.0027603557456824693,DE,1,DE,0.250086125842347,NA,0.250086125842347,0.250086125842347,1,NA,NA,FALSE,detrended,insufficient data,weak
agr_vir,pis_pin,138,0.12219183029557731,0.34620783952168765,DE,1,DE,0.12219183029557731,NA,0.12219183029557731,0.12219183029557731,1,NA,NA,FALSE,detrended,insufficient data,weak
agr_vir,pit_bid,92,0.3071038432070826,0.01760283716602774,DE,1,DE,0.3071038432070826,NA,0.3071038432070826,0.3071038432070826,1,NA,NA,FALSE,detrended,insufficient data,moderate
agr_vir,pit_cha,207,-0.028196984610869613,0.8436387996696727,DE,1,DE,-0.028196984610869613,NA,-0.028196984610869613,-0.028196984610869613,1,NA,NA,FALSE,detrended,insufficient data,negligible
agr_vir,pit_spp,69,0.04650459750429224,0.8558418871878563,DE,1,DE,0.04650459750429224,NA,0.04650459750429224,0.04650459750429224,1,NA,NA,FALSE,detrended,insufficient data,negligible
agr_vir,pol_pol,0,NA,NA,,0,NA,NA,NA,NA,NA,NA,NA,NA,NA,detrended,insufficient data,NA
agr_vir,pri_abi,138,0.09381541861385677,0.5022891421263047,DE,1,DE,0.09381541861385677,NA,0.09381541861385677,0.09381541861385677,1,NA,NA,FALSE,detrended,insufficient data,negligible
agr_vir,sap_car,23,0.38162354947695487,0.2079307125927952,DE,1,DE,0.38162354947695487,NA,0.38162354947695487,0.38162354947695487,1,NA,NA,FALSE,detrended,insufficient data,moderate
agr_vir,sco_int,138,0.06712543242206721,0.6488257076060915,DE,1,DE,0.06712543242206721,NA,0.06712543242206721,0.06712543242206721,1,NA,NA,FALSE,detrended,insufficient data,negligible
agr_vir,sco_rat,46,0.3254105447375437,0.09902742451177309,DE,1,DE,0.3254105447375437,NA,0.3254105447375437,0.3254105447375437,1,NA,NA,FALSE,detrended,insufficient data,moderate
agr_vir,sco_sco,92,0.08486758131204329,0.639796247416151,DE,1,DE,0.08486758131204329,NA,0.08486758131204329,0.08486758131204329,1,NA,NA,FALSE,detrended,insufficient data,negligible
agr_vir,tet_gab,161,0.05098432086824399,0.7290555359080454,DE,1,DE,0.05098432086824399,NA,0.05098432086824399,0.05098432086824399,1,NA,NA,FALSE,detrended,insufficient data,negligible
agr_vir,tet_spp,161,-0.0034534949417709057,0.9847634740689464,DE,1,DE,-0.0034534949417709057,NA,-0.0034534949417709057,-0.0034534949417709057,1,NA,NA,FALSE,detrended,insufficient data,negligible
agr_vir,tha_pit,23,0.17877161570894126,0.6385406469245406,DE,1,DE,0.17877161570894126,NA,0.17877161570894126,0.17877161570894126,1,NA,NA,FALSE,detrended,insufficient data,weak
agr_vir,tha_pro,184,0.15069680178672276,0.13532042615548634,DE,1,DE,0.15069680178672276,NA,0.15069680178672276,0.15069680178672276,1,NA,NA,FALSE,detrended,insufficient data,weak
agr_vir,tom_spp,207,0.10027639962211284,0.3433987899659094,DE,1,DE,0.10027639962211284,NA,0.10027639962211284,0.10027639962211284,1,NA,NA,FALSE,detrended,insufficient data,weak
agr_vir,tor_vir,207,0.13022467637511426,0.18264309851895238,DE,1,DE,0.13022467637511426,NA,0.13022467637511426,0.13022467637511426,1,NA,NA,FALSE,detrended,insufficient data,weak
agr_vir,uro_sir_spp,69,-0.02481916864352901,0.9231277266579546,DE,1,DE,-0.02481916864352901,NA,-0.02481916864352901,-0.02481916864352901,1,NA,NA,FALSE,detrended,insufficient data,negligible
agr_vir,xyl_lin,184,-0.19872123124431523,0.03389147209836406,DE,1,DE,-0.19872123124431523,NA,-0.19872123124431523,-0.19872123124431523,1,NA,NA,FALSE,detrended,insufficient data,weak
agr_vir,xyl_spp,207,-0.15591171557615716,0.09293268531830581,DE,1,DE,-0.15591171557615716,NA,-0.15591171557615716,-0.15591171557615716,1,NA,NA,FALSE,detrended,insufficient data,weak
agr_vir,zei_gri,23,-0.06873938204217118,0.8851015876976339,DE,1,DE,-0.06873938204217118,NA,-0.06873938204217118,-0.06873938204217118,1,NA,NA,FALSE,detrended,insufficient data,negligible
bup_pin,cep_spp,0,NA,NA,,0,NA,NA,NA,NA,NA,NA,NA,NA,NA,detrended,insufficient data,NA
bup_pin,clo_ana,0,NA,NA,,0,NA,NA,NA,NA,NA,NA,NA,NA,NA,detrended,insufficient data,NA
bup_pin,den_mic,0,NA,NA,,0,NA,NA,NA,NA,NA,NA,NA,NA,NA,detrended,insufficient data,NA
bup_pin,den_pin,375,0.1380019007440458,0.03603866087692881,"DE,PL",2,"DE,PL",0.1646034049029452,0.06859365918803631,0.11610036334468579,0.2131064464612046,1,0.0751045457171588,PL,FALSE,detrended,consistent,weak
bup_pin,dip_sp,441,0.141772504698841,0.01743495262347295,"DE,PL",2,"DE,PL",0.1532944851546147,0.033907652537737205,0.12931815411106345,0.1772708161981659,1,0.03549831149932489,PL,FALSE,detrended,consistent,weak
bup_pin,era_def,161,-0.1868965209426851,0.07183633111318867,DE,1,DE,-0.1868965209426851,NA,-0.1868965209426851,-0.1868965209426851,1,NA,NA,FALSE,detrended,insufficient data,weak
bup_pin,geo_db,395,-0.06337488341901687,0.4218541020225975,"DE,PL",2,"DE,PL",-0.08814864808301756,0.08137679168148716,-0.14569072931220217,-0.030606566853832964,1,0.0823158458931853,PL,FALSE,detrended,consistent,negligible
bup_pin,ips_acu,375,0.24943127553819344,2.7029489022612672e-5,"DE,PL",2,"DE,PL",0.21718772070980108,0.10328781304413549,0.14415220769236453,0.29022323372723763,1,0.10527906784582891,PL,FALSE,detrended,consistent,weak
bup_pin,ips_ami,23,0.2375980942900439,0.5025243788190104,DE,1,DE,0.2375980942900439,NA,0.2375980942900439,0.2375980942900439,1,NA,NA,FALSE,detrended,insufficient data,weak
bup_pin,ips_cem,184,0.18377484217857237,0.05490889188051911,DE,1,DE,0.18377484217857237,NA,0.18377484217857237,0.18377484217857237,1,NA,NA,FALSE,detrended,insufficient data,weak
bup_pin,ips_dup,0,NA,NA,,0,NA,NA,NA,NA,NA,NA,NA,NA,NA,detrended,insufficient data,NA
bup_pin,ips_sex,138,0.24636208414335484,0.021070233268338928,DE,1,DE,0.24636208414335484,NA,0.24636208414335484,0.24636208414335484,1,NA,NA,FALSE,detrended,insufficient data,weak
bup_pin,ips_typ,464,0.21032174427708894,9.7797045806176e-5,"DE,PL",2,"DE,PL",0.18482549175633167,0.21594388347630203,0.03213010739448087,0.3375208761181825,1,0.17819163688260808,DE,FALSE,detrended,inconsistent,weak
bup_pin,lym_dis,161,0.30027292369563036,0.001311042270111599,DE,1,DE,0.30027292369563036,NA,0.30027292369563036,0.30027292369563036,1,NA,NA,FALSE,detrended,insufficient data,moderate
bup_pin,lym_mon,464,0.2029392911141795,1.8508922102156194e-4,"DE,PL",2,"DE,PL",0.16765936783885818,0.16935993276955824,0.047903810916205755,0.2874149247615106,1,0.15503548019797375,PL,FALSE,detrended,consistent,weak
bup_pin,mel_spp,441,0.15998388900560181,0.006273935659097387,"DE,PL",2,"DE,PL",0.15405676475204752,0.03155183204213301,0.13174625035619628,0.17636727914789876,1,0.02823763864940554,PL,FALSE,detrended,consistent,weak
bup_pin,neo_ser,46,-0.2039447714306391,0.3757900331278024,DE,1,DE,-0.2039447714306391,NA,-0.2039447714306391,-0.2039447714306391,1,NA,NA,FALSE,detrended,insufficient data,weak
bup_pin,ope_spp,138,0.1231278833745787,0.3433987899659094,DE,1,DE,0.1231278833745787,NA,0.1231278833745787,0.1231278833745787,1,NA,NA,FALSE,detrended,insufficient data,weak
bup_pin,pan_fla,418,0.14294552072925149,0.020132500597820027,"DE,PL",2,"DE,PL",0.1632629406060418,0.047338778351708403,0.12978936942046185,0.19673651179162174,1,0.05379099106237026,PL,FALSE,detrended,consistent,weak
bup_pin,pha_cya,464,0.14576982877427835,0.012345856072722787,"DE,PL",2,"DE,PL",0.14761051185143645,0.23407415327400433,-0.017904909229111293,0.3131259329319842,0.5,0.16735610415770585,PL,TRUE,detrended,inconsistent,weak
bup_pin,pis_pin,138,0.1490843286329984,0.22364510389887235,DE,1,DE,0.1490843286329984,NA,0.1490843286329984,0.1490843286329984,1,NA,NA,FALSE,detrended,insufficient data,weak
bup_pin,pit_bid,92,0.0918849942826446,0.6129171481431485,DE,1,DE,0.0918849942826446,NA,0.0918849942826446,0.0918849942826446,1,NA,NA,FALSE,detrended,insufficient data,negligible
bup_pin,pit_cha,184,0.34798852538567343,3.323789759184138e-5,DE,1,DE,0.34798852538567343,NA,0.34798852538567343,0.34798852538567343,1,NA,NA,FALSE,detrended,insufficient data,moderate
bup_pin,pit_spp,46,0.04055817519116751,0.8960284276074542,DE,1,DE,0.04055817519116751,NA,0.04055817519116751,0.04055817519116751,1,NA,NA,FALSE,detrended,insufficient data,negligible
bup_pin,pol_pol,0,NA,NA,,0,NA,NA,NA,NA,NA,NA,NA,NA,NA,detrended,insufficient data,NA
bup_pin,pri_abi,161,-0.014615830852251694,0.9298886540610122,DE,1,DE,-0.014615830852251694,NA,-0.014615830852251694,-0.014615830852251694,1,NA,NA,FALSE,detrended,insufficient data,negligible
bup_pin,sap_car,23,0.12679609934885316,0.7574040778760198,DE,1,DE,0.12679609934885316,NA,0.12679609934885316,0.12679609934885316,1,NA,NA,FALSE,detrended,insufficient data,weak
bup_pin,sco_int,115,8.70887376984456e-4,0.9952234111315116,DE,1,DE,8.70887376984456e-4,NA,8.70887376984456e-4,8.70887376984456e-4,1,NA,NA,FALSE,detrended,insufficient data,negligible
bup_pin,sco_rat,69,0.02470552823128962,0.9231277266579546,DE,1,DE,0.02470552823128962,NA,0.02470552823128962,0.02470552823128962,1,NA,NA,FALSE,detrended,insufficient data,negligible
bup_pin,sco_sco,69,-0.078862782829574,0.7290555359080454,DE,1,DE,-0.078862782829574,NA,-0.078862782829574,-0.078862782829574,1,NA,NA,FALSE,detrended,insufficient data,negligible
bup_pin,tet_gab,138,0.2667979287572178,0.011911907624025391,DE,1,DE,0.2667979287572178,NA,0.2667979287572178,0.2667979287572178,1,NA,NA,FALSE,detrended,insufficient data,weak
bup_pin,tet_spp,115,0.09294755683591577,0.5532622082342986,DE,1,DE,0.09294755683591577,NA,0.09294755683591577,0.09294755683591577,1,NA,NA,FALSE,detrended,insufficient data,negligible
bup_pin,tha_pit,23,0.24419099494776605,0.49058546745213966,DE,1,DE,0.24419099494776605,NA,0.24419099494776605,0.24419099494776605,1,NA,NA,FALSE,detrended,insufficient data,weak
bup_pin,tha_pro,161,0.0717558026627644,0.5936738110850076,DE,1,DE,0.0717558026627644,NA,0.0717558026627644,0.0717558026627644,1,NA,NA,FALSE,detrended,insufficient data,negligible
bup_pin,tom_spp,404,0.08767415014766704,0.22038909983152966,"DE,PL",2,"DE,PL",0.11457465469363472,0.1792931677957279,-0.012204760075142011,0.24135406946241145,0.5,0.1536799193147444,PL,TRUE,detrended,inconsistent,negligible
bup_pin,tor_vir,441,-0.04384165777455298,0.5865062867809838,"DE,PL",2,"DE,PL",-0.0362601356302373,0.03270734428207833,-0.05938772056669794,-0.013132550693776663,1,0.030709107080776323,PL,FALSE,detrended,consistent,negligible
bup_pin,uro_sir_spp,46,0.10026855264846764,0.7216533136554112,DE,1,DE,0.10026855264846764,NA,0.10026855264846764,0.10026855264846764,1,NA,NA,FALSE,detrended,insufficient data,weak
bup_pin,xyl_lin,161,0.18001080335360836,0.08673523178726336,DE,1,DE,0.18001080335360836,NA,0.18001080335360836,0.18001080335360836,1,NA,NA,FALSE,detrended,insufficient data,weak
bup_pin,xyl_spp,184,0.17683203023718833,0.06836016984505704,DE,1,DE,0.17683203023718833,NA,0.17683203023718833,0.17683203023718833,1,NA,NA,FALSE,detrended,insufficient data,weak
bup_pin,zei_gri,23,0.008273688898217807,0.9847634740689464,DE,1,DE,0.008273688898217807,NA,0.008273688898217807,0.008273688898217807,1,NA,NA,FALSE,detrended,insufficient data,negligible
cep_spp,clo_ana,0,NA,NA,,0,NA,NA,NA,NA,NA,NA,NA,NA,NA,detrended,insufficient data,NA
cep_spp,den_mic,23,-0.2401548313053749,0.4975921582179073,CZ,1,CZ,-0.2401548313053749,NA,-0.2401548313053749,-0.2401548313053749,1,NA,NA,FALSE,detrended,insufficient data,weak
cep_spp,den_pin,0,NA,NA,,0,NA,NA,NA,NA,NA,NA,NA,NA,NA,detrended,insufficient data,NA
cep_spp,dip_sp,0,NA,NA,,0,NA,NA,NA,NA,NA,NA,NA,NA,NA,detrended,insufficient data,NA
cep_spp,era_def,0,NA,NA,,0,NA,NA,NA,NA,NA,NA,NA,NA,NA,detrended,insufficient data,NA
cep_spp,geo_db,0,NA,NA,,0,NA,NA,NA,NA,NA,NA,NA,NA,NA,detrended,insufficient data,NA
cep_spp,ips_acu,161,0.035391712880723236,0.8322410618253989,CZ,1,CZ,0.035391712880723236,NA,0.035391712880723236,0.035391712880723236,1,NA,NA,FALSE,detrended,insufficient data,negligible
cep_spp,ips_ami,0,NA,NA,,0,NA,NA,NA,NA,NA,NA,NA,NA,NA,detrended,insufficient data,NA
cep_spp,ips_cem,0,NA,NA,,0,NA,NA,NA,NA,NA,NA,NA,NA,NA,detrended,insufficient data,NA
cep_spp,ips_dup,161,0.06364392435061994,0.639796247416151,CZ,1,CZ,0.06364392435061994,NA,0.06364392435061994,0.06364392435061994,1,NA,NA,FALSE,detrended,insufficient data,negligible
cep_spp,ips_sex,161,0.024091181328255398,0.885811455511106,CZ,1,CZ,0.024091181328255398,NA,0.024091181328255398,0.024091181328255398,1,NA,NA,FALSE,detrended,insufficient data,negligible
cep_spp,ips_typ,161,-0.048907762792337085,0.7337329775657848,CZ,1,CZ,-0.048907762792337085,NA,-0.048907762792337085,-0.048907762792337085,1,NA,NA,FALSE,detrended,insufficient data,negligible
cep_spp,lym_dis,115,-0.051757436660110775,0.7698427799391198,CZ,1,CZ,-0.051757436660110775,NA,-0.051757436660110775,-0.051757436660110775,1,NA,NA,FALSE,detrended,insufficient data,negligible
cep_spp,lym_mon,138,-0.016745537225798284,0.926002211216431,CZ,1,CZ,-0.016745537225798284,NA,-0.016745537225798284,-0.016745537225798284,1,NA,NA,FALSE,detrended,insufficient data,negligible
cep_spp,mel_spp,0,NA,NA,,0,NA,NA,NA,NA,NA,NA,NA,NA,NA,detrended,insufficient data,NA
cep_spp,neo_ser,46,-0.24089015502987685,0.2767194431322621,CZ,1,CZ,-0.24089015502987685,NA,-0.24089015502987685,-0.24089015502987685,1,NA,NA,FALSE,detrended,insufficient data,weak
cep_spp,ope_spp,0,NA,NA,,0,NA,NA,NA,NA,NA,NA,NA,NA,NA,detrended,insufficient data,NA
cep_spp,pan_fla,23,-0.2106925638711739,0.5641665403791106,CZ,1,CZ,-0.2106925638711739,NA,-0.2106925638711739,-0.2106925638711739,1,NA,NA,FALSE,detrended,insufficient data,weak
cep_spp,pha_cya,161,0.024598576632912837,0.8851015876976339,CZ,1,CZ,0.024598576632912837,NA,0.024598576632912837,0.024598576632912837,1,NA,NA,FALSE,detrended,insufficient data,negligible
cep_spp,pis_pin,0,NA,NA,,0,NA,NA,NA,NA,NA,NA,NA,NA,NA,detrended,insufficient data,NA
cep_spp,pit_bid,0,NA,NA,,0,NA,NA,NA,NA,NA,NA,NA,NA,NA,detrended,insufficient data,NA
cep_spp,pit_cha,0,NA,NA,,0,NA,NA,NA,NA,NA,NA,NA,NA,NA,detrended,insufficient data,NA
cep_spp,pit_spp,161,8.806880847891227e-4,0.9952234111315116,CZ,1,CZ,8.806880847891227e-4,NA,8.806880847891227e-4,8.806880847891227e-4,1,NA,NA,FALSE,detrended,insufficient data,negligible
cep_spp,pol_pol,161,0.006146272231024557,0.9738686398875144,CZ,1,CZ,0.006146272231024557,NA,0.006146272231024557,0.006146272231024557,1,NA,NA,FALSE,detrended,insufficient data,negligible
cep_spp,pri_abi,138,0.15020107579304395,0.22038909983152966,CZ,1,CZ,0.15020107579304395,NA,0.15020107579304395,0.15020107579304395,1,NA,NA,FALSE,detrended,insufficient data,weak
cep_spp,sap_car,0,NA,NA,,0,NA,NA,NA,NA,NA,NA,NA,NA,NA,detrended,insufficient data,NA
cep_spp,sco_int,161,-0.07380492616967259,0.5789947007486634,CZ,1,CZ,-0.07380492616967259,NA,-0.07380492616967259,-0.07380492616967259,1,NA,NA,FALSE,detrended,insufficient data,negligible
cep_spp,sco_rat,161,-0.1064508984191928,0.3820201765099691,CZ,1,CZ,-0.1064508984191928,NA,-0.1064508984191928,-0.1064508984191928,1,NA,NA,FALSE,detrended,insufficient data,weak
cep_spp,sco_sco,0,NA,NA,,0,NA,NA,NA,NA,NA,NA,NA,NA,NA,detrended,insufficient data,NA
cep_spp,tet_gab,46,0.19281077870577049,0.4072728535784475,CZ,1,CZ,0.19281077870577049,NA,0.19281077870577049,0.19281077870577049,1,NA,NA,FALSE,detrended,insufficient data,weak
cep_spp,tet_spp,0,NA,NA,,0,NA,NA,NA,NA,NA,NA,NA,NA,NA,detrended,insufficient data,NA
cep_spp,tha_pit,0,NA,NA,,0,NA,NA,NA,NA,NA,NA,NA,NA,NA,detrended,insufficient data,NA
cep_spp,tha_pro,0,NA,NA,,0,NA,NA,NA,NA,NA,NA,NA,NA,NA,detrended,insufficient data,NA
cep_spp,tom_spp,161,0.03426334854799655,0.8363177634054191,CZ,1,CZ,0.03426334854799655,NA,0.03426334854799655,0.03426334854799655,1,NA,NA,FALSE,detrended,insufficient data,negligible
cep_spp,tor_vir,0,NA,NA,,0,NA,NA,NA,NA,NA,NA,NA,NA,NA,detrended,insufficient data,NA
cep_spp,uro_sir_spp,0,NA,NA,,0,NA,NA,NA,NA,NA,NA,NA,NA,NA,detrended,insufficient data,NA
cep_spp,xyl_lin,0,NA,NA,,0,NA,NA,NA,NA,NA,NA,NA,NA,NA,detrended,insufficient data,NA
cep_spp,xyl_spp,0,NA,NA,,0,NA,NA,NA,NA,NA,NA,NA,NA,NA,detrended,insufficient data,NA
cep_spp,zei_gri,161,0.08860331372266081,0.49197667146444296,CZ,1,CZ,0.08860331372266081,NA,0.08860331372266081,0.08860331372266081,1,NA,NA,FALSE,detrended,insufficient data,negligible
clo_ana,den_mic,0,NA,NA,,0,NA,NA,NA,NA,NA,NA,NA,NA,NA,detrended,insufficient data,NA
clo_ana,den_pin,0,NA,NA,,0,NA,NA,NA,NA,NA,NA,NA,NA,NA,detrended,insufficient data,NA
clo_ana,dip_sp,0,NA,NA,,0,NA,NA,NA,NA,NA,NA,NA,NA,NA,detrended,insufficient data,NA
clo_ana,era_def,0,NA,NA,,0,NA,NA,NA,NA,NA,NA,NA,NA,NA,detrended,insufficient data,NA
clo_ana,geo_db,23,-0.21530680878528494,0.5532622082342986,RO,1,RO,-0.21530680878528494,NA,-0.21530680878528494,-0.21530680878528494,1,NA,NA,FALSE,detrended,insufficient data,weak
clo_ana,ips_acu,0,NA,NA,,0,NA,NA,NA,NA,NA,NA,NA,NA,NA,detrended,insufficient data,NA
clo_ana,ips_ami,0,NA,NA,,0,NA,NA,NA,NA,NA,NA,NA,NA,NA,detrended,insufficient data,NA
clo_ana,ips_cem,0,NA,NA,,0,NA,NA,NA,NA,NA,NA,NA,NA,NA,detrended,insufficient data,NA
clo_ana,ips_dup,22,0.18010203342393316,0.639796247416151,RO,1,RO,0.18010203342393316,NA,0.18010203342393316,0.18010203342393316,1,NA,NA,FALSE,detrended,insufficient data,weak
clo_ana,ips_sex,0,NA,NA,,0,NA,NA,NA,NA,NA,NA,NA,NA,NA,detrended,insufficient data,NA
clo_ana,ips_typ,22,0.038387167704897196,0.9327185673647526,RO,1,RO,0.038387167704897196,NA,0.038387167704897196,0.038387167704897196,1,NA,NA,FALSE,detrended,insufficient data,negligible
clo_ana,lym_dis,23,0.2240576227794199,0.5315776299176851,RO,1,RO,0.2240576227794199,NA,0.2240576227794199,0.2240576227794199,1,NA,NA,FALSE,detrended,insufficient data,weak
clo_ana,lym_mon,0,NA,NA,,0,NA,NA,NA,NA,NA,NA,NA,NA,NA,detrended,insufficient data,NA
clo_ana,mel_spp,0,NA,NA,,0,NA,NA,NA,NA,NA,NA,NA,NA,NA,detrended,insufficient data,NA
clo_ana,neo_ser,0,NA,NA,,0,NA,NA,NA,NA,NA,NA,NA,NA,NA,detrended,insufficient data,NA
clo_ana,ope_spp,0,NA,NA,,0,NA,NA,NA,NA,NA,NA,NA,NA,NA,detrended,insufficient data,NA
clo_ana,pan_fla,0,NA,NA,,0,NA,NA,NA,NA,NA,NA,NA,NA,NA,detrended,insufficient data,NA
clo_ana,pha_cya,0,NA,NA,,0,NA,NA,NA,NA,NA,NA,NA,NA,NA,detrended,insufficient data,NA
clo_ana,pis_pin,0,NA,NA,,0,NA,NA,NA,NA,NA,NA,NA,NA,NA,detrended,insufficient data,NA
clo_ana,pit_bid,0,NA,NA,,0,NA,NA,NA,NA,NA,NA,NA,NA,NA,detrended,insufficient data,NA
clo_ana,pit_cha,0,NA,NA,,0,NA,NA,NA,NA,NA,NA,NA,NA,NA,detrended,insufficient data,NA
clo_ana,pit_spp,0,NA,NA,,0,NA,NA,NA,NA,NA,NA,NA,NA,NA,detrended,insufficient data,NA
clo_ana,pol_pol,0,NA,NA,,0,NA,NA,NA,NA,NA,NA,NA,NA,NA,detrended,insufficient data,NA
clo_ana,pri_abi,0,NA,NA,,0,NA,NA,NA,NA,NA,NA,NA,NA,NA,detrended,insufficient data,NA
clo_ana,sap_car,0,NA,NA,,0,NA,NA,NA,NA,NA,NA,NA,NA,NA,detrended,insufficient data,NA
clo_ana,sco_int,0,NA,NA,,0,NA,NA,NA,NA,NA,NA,NA,NA,NA,detrended,insufficient data,NA
clo_ana,sco_rat,0,NA,NA,,0,NA,NA,NA,NA,NA,NA,NA,NA,NA,detrended,insufficient data,NA
clo_ana,sco_sco,0,NA,NA,,0,NA,NA,NA,NA,NA,NA,NA,NA,NA,detrended,insufficient data,NA
clo_ana,tet_gab,0,NA,NA,,0,NA,NA,NA,NA,NA,NA,NA,NA,NA,detrended,insufficient data,NA
clo_ana,tet_spp,0,NA,NA,,0,NA,NA,NA,NA,NA,NA,NA,NA,NA,detrended,insufficient data,NA
clo_ana,tha_pit,0,NA,NA,,0,NA,NA,NA,NA,NA,NA,NA,NA,NA,detrended,insufficient data,NA
clo_ana,tha_pro,0,NA,NA,,0,NA,NA,NA,NA,NA,NA,NA,NA,NA,detrended,insufficient data,NA
clo_ana,tom_spp,0,NA,NA,,0,NA,NA,NA,NA,NA,NA,NA,NA,NA,detrended,insufficient data,NA
clo_ana,tor_vir,23,-0.2969885185474029,0.36609774976658743,RO,1,RO,-0.2969885185474029,NA,-0.2969885185474029,-0.2969885185474029,1,NA,NA,FALSE,detrended,insufficient data,weak
clo_ana,uro_sir_spp,0,NA,NA,,0,NA,NA,NA,NA,NA,NA,NA,NA,NA,detrended,insufficient data,NA
clo_ana,xyl_lin,0,NA,NA,,0,NA,NA,NA,NA,NA,NA,NA,NA,NA,detrended,insufficient data,NA
clo_ana,xyl_spp,0,NA,NA,,0,NA,NA,NA,NA,NA,NA,NA,NA,NA,detrended,insufficient data,NA
clo_ana,zei_gri,0,NA,NA,,0,NA,NA,NA,NA,NA,NA,NA,NA,NA,detrended,insufficient data,NA
den_mic,den_pin,23,0.44633953938208587,0.11145678338903182,LT,1,LT,0.44633953938208587,NA,0.44633953938208587,0.44633953938208587,1,NA,NA,FALSE,detrended,insufficient data,moderate
den_mic,dip_sp,23,0.18503844895001043,0.6234135143957702,LT,1,LT,0.18503844895001043,NA,0.18503844895001043,0.18503844895001043,1,NA,NA,FALSE,detrended,insufficient data,weak
den_mic,era_def,23,-0.11979594838445261,0.7716367073990892,DE,1,DE,-0.11979594838445261,NA,-0.11979594838445261,-0.11979594838445261,1,NA,NA,FALSE,detrended,insufficient data,weak
den_mic,geo_db,23,-0.2871006733320002,0.3888450033282599,LT,1,LT,-0.2871006733320002,NA,-0.2871006733320002,-0.2871006733320002,1,NA,NA,FALSE,detrended,insufficient data,weak
den_mic,ips_acu,46,0.053994338715656946,0.8630922160196618,"CZ,LT",2,"CZ,LT",0.2797213481728039,0.39406498135913026,0.0010753276256124573,0.5583673687199954,1,0.5043730300043384,LT,FALSE,detrended,inconsistent,negligible
den_mic,ips_ami,23,-0.051660167387950505,0.9084869044287199,DE,1,DE,-0.051660167387950505,NA,-0.051660167387950505,-0.051660167387950505,1,NA,NA,FALSE,detrended,insufficient data,negligible
den_mic,ips_cem,23,0.15014830806555532,0.7098960866930227,DE,1,DE,0.15014830806555532,NA,0.15014830806555532,0.15014830806555532,1,NA,NA,FALSE,detrended,insufficient data,weak
den_mic,ips_dup,23,-0.2800912400995057,0.4014544109410662,CZ,1,CZ,-0.2800912400995057,NA,-0.2800912400995057,-0.2800912400995057,1,NA,NA,FALSE,detrended,insufficient data,weak
den_mic,ips_sex,23,0.30158113206659104,0.3575425489134926,CZ,1,CZ,0.30158113206659104,NA,0.30158113206659104,0.30158113206659104,1,NA,NA,FALSE,detrended,insufficient data,moderate
den_mic,ips_typ,69,-0.026904446612332794,0.917185820704634,"CZ,DE,LT",3,"CZ,DE,LT",-0.11236809498005315,0.10725012239089259,-0.2024749713578217,0.006259468245712071,0.6666666666666666,0.1384238080748892,DE,FALSE,detrended,inconsistent,negligible
den_mic,lym_dis,23,0.2837355679701128,0.3956422051355322,LT,1,LT,0.2837355679701128,NA,0.2837355679701128,0.2837355679701128,1,NA,NA,FALSE,detrended,insufficient data,weak
den_mic,lym_mon,23,-0.20464490156718013,0.5784975476108103,LT,1,LT,-0.20464490156718013,NA,-0.20464490156718013,-0.20464490156718013,1,NA,NA,FALSE,detrended,insufficient data,weak
den_mic,mel_spp,0,NA,NA,,0,NA,NA,NA,NA,NA,NA,NA,NA,NA,detrended,insufficient data,NA
den_mic,neo_ser,0,NA,NA,,0,NA,NA,NA,NA,NA,NA,NA,NA,NA,detrended,insufficient data,NA
den_mic,ope_spp,23,-0.11969702607453916,0.7716367073990892,DE,1,DE,-0.11969702607453916,NA,-0.11969702607453916,-0.11969702607453916,1,NA,NA,FALSE,detrended,insufficient data,weak
den_mic,pan_fla,23,-0.011480792428081579,0.9800980711091677,LT,1,LT,-0.011480792428081579,NA,-0.011480792428081579,-0.011480792428081579,1,NA,NA,FALSE,detrended,insufficient data,negligible
den_mic,pha_cya,69,-0.13505814105569253,0.4973244233874765,"CZ,DE,LT",3,"CZ,DE,LT",0.0410924769803958,0.31419596251623255,-0.2410600513047482,0.3796821987612451,0.6666666666666666,0.20466927261921278,LT,TRUE,detrended,inconsistent,weak
den_mic,pis_pin,23,0.3744006542183112,0.22038909983152966,LT,1,LT,0.3744006542183112,NA,0.3744006542183112,0.3744006542183112,1,NA,NA,FALSE,detrended,insufficient data,moderate
den_mic,pit_bid,0,NA,NA,,0,NA,NA,NA,NA,NA,NA,NA,NA,NA,detrended,insufficient data,NA
den_mic,pit_cha,46,0.10939642286542749,0.6844258313507275,"DE,LT",2,"DE,LT",0.14876559374308246,0.1211076373143745,0.06312956214460728,0.23440162534155762,1,0.12500520247613012,DE,FALSE,detrended,consistent,weak
den_mic,pit_spp,23,0.44983929753681196,0.10818097466639692,CZ,1,CZ,0.44983929753681196,NA,0.44983929753681196,0.44983929753681196,1,NA,NA,FALSE,detrended,insufficient data,moderate
den_mic,pol_pol,46,-0.21702570273146435,0.3406300408889023,"CZ,LT",2,"CZ,LT",-0.47725707854802546,0.4700990458311302,-0.8096673016845433,-0.14484685541150769,1,0.5926415989530789,LT,FALSE,detrended,inconsistent,weak
den_mic,pri_abi,23,0.20823245911900526,0.5682049071560834,CZ,1,CZ,0.20823245911900526,NA,0.20823245911900526,0.20823245911900526,1,NA,NA,FALSE,detrended,insufficient data,weak
den_mic,sap_car,0,NA,NA,,0,NA,NA,NA,NA,NA,NA,NA,NA,NA,detrended,insufficient data,NA
den_mic,sco_int,46,0.09609512718688426,0.7295033632693616,"CZ,DE",2,"CZ,DE",0.26191891590109445,0.43829370643959825,-0.04800153607373143,0.5718393678759204,0.5,0.4757442406890361,DE,TRUE,detrended,inconsistent,negligible
den_mic,sco_rat,46,0.21008363863881807,0.35644447245037214,"CZ,LT",2,"CZ,LT",0.19369469890123076,0.029731338183966997,0.17267146805759717,0.21471792974486437,1,0.0374121705812209,LT,FALSE,detrended,consistent,weak
den_mic,sco_sco,46,-0.026521569233686326,0.9320764184258788,"DE,LT",2,"DE,LT",-0.04113827084163175,0.10521655001891908,-0.115537606853063,0.0332610651697995,0.5,0.08901603761937667,DE,TRUE,detrended,inconsistent,negligible
den_mic,tet_gab,23,0.23406108733091255,0.5053292614008078,DE,1,DE,0.23406108733091255,NA,0.23406108733091255,0.23406108733091255,1,NA,NA,FALSE,detrended,insufficient data,weak
den_mic,tet_spp,23,0.2232055660993842,0.5330197505713788,DE,1,DE,0.2232055660993842,NA,0.2232055660993842,0.2232055660993842,1,NA,NA,FALSE,detrended,insufficient data,weak
den_mic,tha_pit,0,NA,NA,,0,NA,NA,NA,NA,NA,NA,NA,NA,NA,detrended,insufficient data,NA
den_mic,tha_pro,23,-0.03711127005466546,0.9327185673647526,DE,1,DE,-0.03711127005466546,NA,-0.03711127005466546,-0.03711127005466546,1,NA,NA,FALSE,detrended,insufficient data,negligible
den_mic,tom_spp,69,0.1409228671375594,0.47256683619719453,"CZ,DE,LT",3,"CZ,DE,LT",0.1907353894101692,0.20001459926342927,-0.03033140405515394,0.3591734020100509,0.6666666666666666,0.09974351845523058,DE,FALSE,detrended,inconsistent,weak
den_mic,tor_vir,46,-0.04527079108725928,0.8876274489522901,"DE,LT",2,"DE,LT",-0.05287385074017485,0.134710246992929,-0.14812837988418967,0.042380678403839966,0.5,0.10285758879693038,LT,TRUE,detrended,inconsistent,negligible
den_mic,uro_sir_spp,23,-0.12764012859207793,0.7549117810031764,DE,1,DE,-0.12764012859207793,NA,-0.12764012859207793,-0.12764012859207793,1,NA,NA,FALSE,detrended,insufficient data,weak
den_mic,xyl_lin,23,-0.01779649499105992,0.973498786903195,DE,1,DE,-0.01779649499105992,NA,-0.01779649499105992,-0.01779649499105992,1,NA,NA,FALSE,detrended,insufficient data,negligible
den_mic,xyl_spp,23,-0.06145039586398506,0.8937848475574445,DE,1,DE,-0.06145039586398506,NA,-0.06145039586398506,-0.06145039586398506,1,NA,NA,FALSE,detrended,insufficient data,negligible
den_mic,zei_gri,23,-0.04040631039052616,0.9298886540610122,CZ,1,CZ,-0.04040631039052616,NA,-0.04040631039052616,-0.04040631039052616,1,NA,NA,FALSE,detrended,insufficient data,negligible
den_pin,dip_sp,418,0.19572062001758345,7.687516628262133e-4,"DE,LT,PL",3,"DE,LT,PL",0.14428865620289508,0.12011768764529467,0.005806840693203613,0.22026372798213237,1,0.032265902001619634,PL,FALSE,detrended,consistent,weak
den_pin,era_def,115,0.1301972814837911,0.3624587556124982,DE,1,DE,0.1301972814837911,NA,0.1301972814837911,0.1301972814837911,1,NA,NA,FALSE,detrended,insufficient data,weak
den_pin,geo_db,395,0.1208455127651984,0.06833216681299252,"DE,LT,PL",3,"DE,LT,PL",0.07836606286381873,0.05808259636421391,0.036515151459443264,0.14467834387220663,1,0.07341852545764843,PL,FALSE,detrended,consistent,weak
den_pin,ips_acu,375,0.05769182784405356,0.49368583250664677,"DE,LT,PL",3,"DE,LT,PL",0.11055614209522446,0.08344548491431276,0.030694551914882302,0.19717466322752686,1,0.07357923449261278,PL,FALSE,detrended,consistent,negligible
den_pin,ips_ami,23,0.10354186970629727,0.815537740377576,DE,1,DE,0.10354186970629727,NA,0.10354186970629727,0.10354186970629727,1,NA,NA,FALSE,detrended,insufficient data,weak
den_pin,ips_cem,115,0.22860490257914753,0.06032752484579965,DE,1,DE,0.22860490257914753,NA,0.22860490257914753,0.22860490257914753,1,NA,NA,FALSE,detrended,insufficient data,weak
den_pin,ips_dup,0,NA,NA,,0,NA,NA,NA,NA,NA,NA,NA,NA,NA,detrended,insufficient data,NA
den_pin,ips_sex,115,-0.05860351049775178,0.7313171067711874,DE,1,DE,-0.05860351049775178,NA,-0.05860351049775178,-0.05860351049775178,1,NA,NA,FALSE,detrended,insufficient data,negligible
den_pin,ips_typ,418,0.11301914499790011,0.08198173402277309,"DE,LT,PL",3,"DE,LT,PL",0.13468585459773824,0.13027098309837928,0.02889347350291659,0.2801914837253188,1,0.12179326510490188,PL,FALSE,detrended,consistent,weak
den_pin,lym_dis,115,0.2567756602629865,0.029183716704118706,"DE,LT",2,"DE,LT",0.2722784894275156,0.05473855362253797,0.23357248696867552,0.31098449188635563,1,0.05420883162336915,DE,FALSE,detrended,consistent,weak
den_pin,lym_mon,441,0.3092361835109506,2.4302911790457485e-9,"DE,LT,PL",3,"DE,LT,PL",0.1896450783427857,0.3647096392248637,-0.22073049165599956,0.4767293810011078,0.6666666666666666,0.044174563459343674,DE,FALSE,detrended,inconsistent,moderate
den_pin,mel_spp,372,0.018721735883551714,0.8630922160196618,"DE,PL",2,"DE,PL",0.01248192103607515,0.012698793117167,0.0035025183100413086,0.02146132376210899,1,0.015219217573510406,PL,FALSE,detrended,consistent,negligible
den_pin,neo_ser,46,-0.09684405444140355,0.7290555359080454,DE,1,DE,-0.09684405444140355,NA,-0.09684405444140355,-0.09684405444140355,1,NA,NA,FALSE,detrended,insufficient data,negligible
den_pin,ope_spp,92,0.35722417152316727,0.0042997888733322,DE,1,DE,0.35722417152316727,NA,0.35722417152316727,0.35722417152316727,1,NA,NA,FALSE,detrended,insufficient data,moderate
den_pin,pan_fla,395,0.2394332524513252,3.702969276119233e-5,"DE,LT,PL",3,"DE,LT,PL",0.15515262504483127,0.1431649851957785,-0.0059852074856740975,0.26769281250213356,0.6666666666666666,0.10511436456728052,PL,FALSE,detrended,inconsistent,weak
den_pin,pha_cya,418,-0.038456097814001215,0.6483471130164812,"DE,LT,PL",3,"DE,LT,PL",-0.016930020593490556,0.210952525030632,-0.17452654321645825,0.22272056385838424,0.6666666666666666,0.13939025806920002,PL,TRUE,detrended,inconsistent,negligible
den_pin,pis_pin,138,0.0921335310860796,0.5053292614008078,"DE,LT",2,"DE,LT",0.12152998502047993,0.10361741401264243,0.04826140892312647,0.1947985611178334,1,0.10266503003175378,DE,FALSE,detrended,consistent,negligible
den_pin,pit_bid,92,0.16643773111199484,0.2872129465329442,DE,1,DE,0.16643773111199484,NA,0.16643773111199484,0.16643773111199484,1,NA,NA,FALSE,detrended,insufficient data,weak
den_pin,pit_cha,138,0.2452312299334634,0.021638070340748102,"DE,LT",2,"DE,LT",0.22135621514602458,0.07705602116180504,0.16686938005125812,0.27584305024079103,1,0.07836184988220529,DE,FALSE,detrended,consistent,weak
den_pin,pit_spp,0,NA,NA,,0,NA,NA,NA,NA,NA,NA,NA,NA,NA,detrended,insufficient data,NA
den_pin,pol_pol,23,0.1718159511775333,0.6483471130164812,LT,1,LT,0.1718159511775333,NA,0.1718159511775333,0.1718159511775333,1,NA,NA,FALSE,detrended,insufficient data,weak
den_pin,pri_abi,115,-0.13377770285081586,0.3469735121691696,DE,1,DE,-0.13377770285081586,NA,-0.13377770285081586,-0.13377770285081586,1,NA,NA,FALSE,detrended,insufficient data,weak
den_pin,sap_car,23,-0.008083572123220466,0.9847634740689464,DE,1,DE,-0.008083572123220466,NA,-0.008083572123220466,-0.008083572123220466,1,NA,NA,FALSE,detrended,insufficient data,negligible
den_pin,sco_int,92,0.12573922002288992,0.452940833838246,DE,1,DE,0.12573922002288992,NA,0.12573922002288992,0.12573922002288992,1,NA,NA,FALSE,detrended,insufficient data,weak
den_pin,sco_rat,92,0.1866369306620037,0.2138629524955435,"DE,LT",2,"DE,LT",0.19229041717155876,0.0346128017409696,0.16781547034465363,0.2167653639984639,1,0.030128433336460203,DE,FALSE,detrended,consistent,weak
den_pin,sco_sco,92,0.16485875487988222,0.29181070771190976,"DE,LT",2,"DE,LT",0.08440313709924652,0.24268224248511622,-0.08719912223553722,0.25600539643403025,0.5,0.25205787711541944,DE,TRUE,detrended,inconsistent,weak
den_pin,tet_gab,115,-0.03396599663957226,0.8630922160196618,DE,1,DE,-0.03396599663957226,NA,-0.03396599663957226,-0.03396599663957226,1,NA,NA,FALSE,detrended,insufficient data,negligible
den_pin,tet_spp,46,-0.009170251243257072,0.9783684685698082,DE,1,DE,-0.009170251243257072,NA,-0.009170251243257072,-0.009170251243257072,1,NA,NA,FALSE,detrended,insufficient data,negligible
den_pin,tha_pit,23,-0.1946610938273684,0.6013442856909951,DE,1,DE,-0.1946610938273684,NA,-0.1946610938273684,-0.1946610938273684,1,NA,NA,FALSE,detrended,insufficient data,weak
den_pin,tha_pro,92,0.22694480805561967,0.10347449257829894,DE,1,DE,0.22694480805561967,NA,0.22694480805561967,0.22694480805561967,1,NA,NA,FALSE,detrended,insufficient data,weak
den_pin,tom_spp,358,-0.025380346614731118,0.81107287013396,"DE,LT,PL",3,"DE,LT,PL",0.06001269326351652,0.12701663177378952,-0.08142839316830375,0.16433441278172595,0.3333333333333333,0.13097821522186578,PL,TRUE,detrended,inconsistent,negligible
den_pin,tor_vir,418,0.1022009562504994,0.12244361479205892,"DE,LT,PL",3,"DE,LT,PL",0.20182353101401393,0.1371669310734978,0.04671268006269169,0.30713206294623624,1,0.16187832548168074,PL,FALSE,detrended,consistent,weak
den_pin,uro_sir_spp,23,0.39479369766037226,0.18424594184584228,DE,1,DE,0.39479369766037226,NA,0.39479369766037226,0.39479369766037226,1,NA,NA,FALSE,detrended,insufficient data,moderate
den_pin,xyl_lin,115,0.2345054749123865,0.051773848309078406,DE,1,DE,0.2345054749123865,NA,0.2345054749123865,0.2345054749123865,1,NA,NA,FALSE,detrended,insufficient data,weak
den_pin,xyl_spp,115,0.015414855926734066,0.9336020221424813,DE,1,DE,0.015414855926734066,NA,0.015414855926734066,0.015414855926734066,1,NA,NA,FALSE,detrended,insufficient data,negligible
den_pin,zei_gri,23,-0.15295222347305715,0.7002355622193774,DE,1,DE,-0.15295222347305715,NA,-0.15295222347305715,-0.15295222347305715,1,NA,NA,FALSE,detrended,insufficient data,weak
dip_sp,era_def,184,0.10234689539451017,0.36345652347262225,DE,1,DE,0.10234689539451017,NA,0.10234689539451017,0.10234689539451017,1,NA,NA,FALSE,detrended,insufficient data,weak
dip_sp,geo_db,504,-0.07001804323104238,0.29181070771190976,"DE,LT,PL",3,"DE,LT,PL",-0.07365959690649276,0.018586468872845634,-0.095110062669883,-0.06233024146978322,1,0.01978184213494956,PL,FALSE,detrended,consistent,negligible
dip_sp,ips_acu,484,0.007290187848529819,0.9355878726918905,"DE,LT,PL",3,"DE,LT,PL",0.059406968363669724,0.08966217388220349,-0.015352561642022014,0.158815476141769,0.6666666666666666,0.05073424495548187,PL,TRUE,detrended,inconsistent,negligible
dip_sp,ips_ami,23,-0.2374049275176494,0.5025243788190104,DE,1,DE,-0.2374049275176494,NA,-0.2374049275176494,-0.2374049275176494,1,NA,NA,FALSE,detrended,insufficient data,weak
dip_sp,ips_cem,207,0.22792440921418616,0.007652860417270518,DE,1,DE,0.22792440921418616,NA,0.22792440921418616,0.22792440921418616,1,NA,NA,FALSE,detrended,insufficient data,weak
dip_sp,ips_dup,0,NA,NA,,0,NA,NA,NA,NA,NA,NA,NA,NA,NA,detrended,insufficient data,NA
dip_sp,ips_sex,161,0.04991066760167248,0.7303598049735797,DE,1,DE,0.04991066760167248,NA,0.04991066760167248,0.04991066760167248,1,NA,NA,FALSE,detrended,insufficient data,negligible
dip_sp,ips_typ,655,0.07685517885880717,0.1525901649146548,"AT,DE,LT,PL",4,"AT,DE,LT,PL",0.11912905470727747,0.20407686345355291,-0.10487684498721968,0.3588093117690876,0.75,0.1450583761327897,DE,TRUE,detrended,inconsistent,negligible
dip_sp,lym_dis,291,0.06893254271092208,0.46455258944737565,"AT,DE,LT",3,"AT,DE,LT",0.13160650644849453,0.1456634741865591,0.03194960262940231,0.2987772945074139,1,0.11033985220240308,DE,FALSE,detrended,consistent,negligible
dip_sp,lym_mon,504,0.08841500035082325,0.14911780253717985,"DE,LT,PL",3,"DE,LT,PL",-0.03141639326833202,0.20296586640280223,-0.25703104908174934,0.1363332974951477,0.6666666666666666,0.11383315921221979,PL,TRUE,detrended,inconsistent,negligible
dip_sp,mel_spp,504,0.03824949701285612,0.6186363636603646,"DE,PL",2,"DE,PL",0.05015678503912261,0.036290669826359166,0.02449540631110202,0.0758181637671432,1,0.037568666754287085,PL,FALSE,detrended,consistent,negligible
dip_sp,neo_ser,46,-0.09537002345891427,0.7303598049735797,DE,1,DE,-0.09537002345891427,NA,-0.09537002345891427,-0.09537002345891427,1,NA,NA,FALSE,detrended,insufficient data,negligible
dip_sp,ope_spp,161,0.2100186983868323,0.03603866087692881,DE,1,DE,0.2100186983868323,NA,0.2100186983868323,0.2100186983868323,1,NA,NA,FALSE,detrended,insufficient data,weak
dip_sp,pan_fla,461,0.08614273629773439,0.18835431469856181,"DE,LT,PL",3,"DE,LT,PL",0.01021158722331303,0.1010877305254391,-0.059862443700074,0.12609383696257506,0.3333333333333333,0.13991776745341955,PL,TRUE,detrended,inconsistent,negligible
dip_sp,pha_cya,655,0.03220490439162351,0.6336244284128004,"AT,DE,LT,PL",4,"AT,DE,LT,PL",0.009761259791430405,0.06967842048991921,-0.06518539467122413,0.1016341251861735,0.5,0.025978409785878405,DE,FALSE,detrended,inconsistent,negligible
dip_sp,pis_pin,184,-0.0439948947464222,0.7495714929147055,"DE,LT",2,"DE,LT",-0.0573910762810946,0.0299425231570876,-0.07856363745130647,-0.036218515110882726,1,0.03456874270488427,DE,FALSE,detrended,consistent,negligible
dip_sp,pit_bid,115,0.20018142215591087,0.10942290833390951,DE,1,DE,0.20018142215591087,NA,0.20018142215591087,0.20018142215591087,1,NA,NA,FALSE,detrended,insufficient data,weak
dip_sp,pit_cha,335,0.14153701010530742,0.043927248435371914,"AT,DE,LT",3,"AT,DE,LT",-0.041584952237778645,0.19617972952163829,-0.18750142632403266,0.18143251716997105,0.3333333333333333,0.27746860862033484,DE,TRUE,detrended,inconsistent,weak
dip_sp,pit_spp,153,0.25102197793828046,0.012958484917934767,"AT,DE",2,"AT,DE",0.1228499080541984,0.23298890027691405,-0.04189812327280379,0.2875979393812006,0.5,0.29292010121108425,DE,TRUE,detrended,inconsistent,weak
dip_sp,pol_pol,23,0.20393694946239344,0.5785991366201515,LT,1,LT,0.20393694946239344,NA,0.20393694946239344,0.20393694946239344,1,NA,NA,FALSE,detrended,insufficient data,weak
dip_sp,pri_abi,161,-0.010386051383423028,0.9551859862465485,DE,1,DE,-0.010386051383423028,NA,-0.010386051383423028,-0.010386051383423028,1,NA,NA,FALSE,detrended,insufficient data,negligible
dip_sp,sap_car,23,0.005701331767385293,0.9853403827981683,DE,1,DE,0.005701331767385293,NA,0.005701331767385293,0.005701331767385293,1,NA,NA,FALSE,detrended,insufficient data,negligible
dip_sp,sco_int,138,-0.09755340904001587,0.48204321129893263,DE,1,DE,-0.09755340904001587,NA,-0.09755340904001587,-0.09755340904001587,1,NA,NA,FALSE,detrended,insufficient data,negligible
dip_sp,sco_rat,92,0.09927822157358945,0.5754516849601292,"DE,LT",2,"DE,LT",0.048768370259393054,0.33847892427917986,-0.19057237238714295,0.28810911290592905,0.5,0.28985059396073243,DE,TRUE,detrended,inconsistent,negligible
dip_sp,sco_sco,115,-0.10140029560352351,0.5053292614008078,"DE,LT",2,"DE,LT",-0.10630845796604635,0.008246851044422954,-0.11213986226299319,-0.10047705366909952,1,0.01073956665946968,DE,FALSE,detrended,consistent,weak
dip_sp,tet_gab,245,0.02764528716356862,0.8363177634054191,"AT,DE",2,"AT,DE",-0.004684509349268572,0.060054589622285055,-0.0471495169125616,0.037780498214024454,0.5,0.07479480407613022,DE,TRUE,detrended,inconsistent,negligible
dip_sp,tet_spp,138,0.12316599691782483,0.3433987899659094,DE,1,DE,0.12316599691782483,NA,0.12316599691782483,0.12316599691782483,1,NA,NA,FALSE,detrended,insufficient data,weak
dip_sp,tha_pit,23,-0.07979279797786025,0.8630922160196618,DE,1,DE,-0.07979279797786025,NA,-0.07979279797786025,-0.07979279797786025,1,NA,NA,FALSE,detrended,insufficient data,negligible
dip_sp,tha_pro,184,-0.07567195309037276,0.5344101064952366,DE,1,DE,-0.07567195309037276,NA,-0.07567195309037276,-0.07567195309037276,1,NA,NA,FALSE,detrended,insufficient data,negligible
dip_sp,tom_spp,595,0.02651721857862009,0.7290555359080454,"AT,DE,LT,PL",4,"AT,DE,LT,PL",0.009126726421472582,0.03918097523800052,-0.028327183502411014,0.06096749805744277,0.5,0.049657018980740104,PL,TRUE,detrended,inconsistent,negligible
dip_sp,tor_vir,550,0.1192719541491945,0.027405187930007048,"DE,LT,PL",3,"DE,LT,PL",0.07605063956287045,0.06929757495810875,0.009309877710962474,0.14764937286824145,1,0.056671884101499606,PL,FALSE,detrended,consistent,weak
dip_sp,uro_sir_spp,46,0.22676114880235518,0.3124229592766254,DE,1,DE,0.22676114880235518,NA,0.22676114880235518,0.22676114880235518,1,NA,NA,FALSE,detrended,insufficient data,weak
dip_sp,xyl_lin,184,0.14952392405565582,0.13935837772150042,DE,1,DE,0.14952392405565582,NA,0.14952392405565582,0.14952392405565582,1,NA,NA,FALSE,detrended,insufficient data,weak
dip_sp,xyl_spp,207,0.13391941390632106,0.1652984529375253,DE,1,DE,0.13391941390632106,NA,0.13391941390632106,0.13391941390632106,1,NA,NA,FALSE,detrended,insufficient data,weak
dip_sp,zei_gri,23,-0.08003860693632736,0.8630922160196618,DE,1,DE,-0.08003860693632736,NA,-0.08003860693632736,-0.08003860693632736,1,NA,NA,FALSE,detrended,insufficient data,negligible
era_def,geo_db,138,-0.22815248976685293,0.03487893075629475,DE,1,DE,-0.22815248976685293,NA,-0.22815248976685293,-0.22815248976685293,1,NA,NA,FALSE,detrended,insufficient data,weak
era_def,ips_acu,138,-0.08319815570826956,0.5617029154017957,DE,1,DE,-0.08319815570826956,NA,-0.08319815570826956,-0.08319815570826956,1,NA,NA,FALSE,detrended,insufficient data,negligible
era_def,ips_ami,46,0.3999389445126874,0.030205848699738982,DE,1,DE,0.3999389445126874,NA,0.3999389445126874,0.3999389445126874,1,NA,NA,FALSE,detrended,insufficient data,moderate
era_def,ips_cem,230,0.0026189814752299663,0.9847634740689464,DE,1,DE,0.0026189814752299663,NA,0.0026189814752299663,0.0026189814752299663,1,NA,NA,FALSE,detrended,insufficient data,negligible
era_def,ips_dup,0,NA,NA,,0,NA,NA,NA,NA,NA,NA,NA,NA,NA,detrended,insufficient data,NA
era_def,ips_sex,161,0.034124630749722794,0.8363177634054191,DE,1,DE,0.034124630749722794,NA,0.034124630749722794,0.034124630749722794,1,NA,NA,FALSE,detrended,insufficient data,negligible
era_def,ips_typ,230,-0.03347519942193175,0.7926644134442116,DE,1,DE,-0.03347519942193175,NA,-0.03347519942193175,-0.03347519942193175,1,NA,NA,FALSE,detrended,insufficient data,negligible
era_def,lym_dis,184,-0.12921948163108576,0.22341011797132654,DE,1,DE,-0.12921948163108576,NA,-0.12921948163108576,-0.12921948163108576,1,NA,NA,FALSE,detrended,insufficient data,weak
era_def,lym_mon,184,0.21915392180715376,0.017282347450500984,DE,1,DE,0.21915392180715376,NA,0.21915392180715376,0.21915392180715376,1,NA,NA,FALSE,detrended,insufficient data,weak
era_def,mel_spp,184,-0.02274674059472051,0.885811455511106,DE,1,DE,-0.02274674059472051,NA,-0.02274674059472051,-0.02274674059472051,1,NA,NA,FALSE,detrended,insufficient data,negligible
era_def,neo_ser,23,-0.06704885451682306,0.885811455511106,DE,1,DE,-0.06704885451682306,NA,-0.06704885451682306,-0.06704885451682306,1,NA,NA,FALSE,detrended,insufficient data,negligible
era_def,ope_spp,184,0.3198657003080407,1.713068132758211e-4,DE,1,DE,0.3198657003080407,NA,0.3198657003080407,0.3198657003080407,1,NA,NA,FALSE,detrended,insufficient data,moderate
era_def,pan_fla,115,-0.30036380164032084,0.008795344639285572,DE,1,DE,-0.30036380164032084,NA,-0.30036380164032084,-0.30036380164032084,1,NA,NA,FALSE,detrended,insufficient data,moderate
era_def,pha_cya,230,-0.03139896552315947,0.8139639390361981,DE,1,DE,-0.03139896552315947,NA,-0.03139896552315947,-0.03139896552315947,1,NA,NA,FALSE,detrended,insufficient data,negligible
era_def,pis_pin,138,0.02526214883728984,0.8887515837963572,DE,1,DE,0.02526214883728984,NA,0.02526214883728984,0.02526214883728984,1,NA,NA,FALSE,detrended,insufficient data,negligible
era_def,pit_bid,92,0.22923331260355329,0.10016989540651748,DE,1,DE,0.22923331260355329,NA,0.22923331260355329,0.22923331260355329,1,NA,NA,FALSE,detrended,insufficient data,weak
era_def,pit_cha,230,-0.038073636044164326,0.7582367769135652,DE,1,DE,-0.038073636044164326,NA,-0.038073636044164326,-0.038073636044164326,1,NA,NA,FALSE,detrended,insufficient data,negligible
era_def,pit_spp,92,-0.021283385888856688,0.9231277266579546,DE,1,DE,-0.021283385888856688,NA,-0.021283385888856688,-0.021283385888856688,1,NA,NA,FALSE,detrended,insufficient data,negligible
era_def,pol_pol,0,NA,NA,,0,NA,NA,NA,NA,NA,NA,NA,NA,NA,detrended,insufficient data,NA
era_def,pri_abi,161,-0.03342926874739651,0.8380197266993087,DE,1,DE,-0.03342926874739651,NA,-0.03342926874739651,-0.03342926874739651,1,NA,NA,FALSE,detrended,insufficient data,negligible
era_def,sap_car,23,-0.04095823033885334,0.9298886540610122,DE,1,DE,-0.04095823033885334,NA,-0.04095823033885334,-0.04095823033885334,1,NA,NA,FALSE,detrended,insufficient data,negligible
era_def,sco_int,161,0.031157502254197264,0.850419610672075,DE,1,DE,0.031157502254197264,NA,0.031157502254197264,0.031157502254197264,1,NA,NA,FALSE,detrended,insufficient data,negligible
era_def,sco_rat,46,0.1435219438231323,0.568864512846641,DE,1,DE,0.1435219438231323,NA,0.1435219438231323,0.1435219438231323,1,NA,NA,FALSE,detrended,insufficient data,weak
era_def,sco_sco,92,0.17888636159618934,0.2377845172496957,DE,1,DE,0.17888636159618934,NA,0.17888636159618934,0.17888636159618934,1,NA,NA,FALSE,detrended,insufficient data,weak
era_def,tet_gab,207,0.12265052510686342,0.22038909983152966,DE,1,DE,0.12265052510686342,NA,0.12265052510686342,0.12265052510686342,1,NA,NA,FALSE,detrended,insufficient data,weak
era_def,tet_spp,161,0.06078456122823439,0.6563535026397016,DE,1,DE,0.06078456122823439,NA,0.06078456122823439,0.06078456122823439,1,NA,NA,FALSE,detrended,insufficient data,negligible
era_def,tha_pit,23,0.053681588625271684,0.9045905786966445,DE,1,DE,0.053681588625271684,NA,0.053681588625271684,0.053681588625271684,1,NA,NA,FALSE,detrended,insufficient data,negligible
era_def,tha_pro,230,0.25264069151119095,0.001307604330253557,DE,1,DE,0.25264069151119095,NA,0.25264069151119095,0.25264069151119095,1,NA,NA,FALSE,detrended,insufficient data,weak
era_def,tom_spp,230,-0.004088354412085207,0.9783684685698082,DE,1,DE,-0.004088354412085207,NA,-0.004088354412085207,-0.004088354412085207,1,NA,NA,FALSE,detrended,insufficient data,negligible
era_def,tor_vir,207,0.4517532155048115,8.353361468872663e-10,DE,1,DE,0.4517532155048115,NA,0.4517532155048115,0.4517532155048115,1,NA,NA,FALSE,detrended,insufficient data,moderate
era_def,uro_sir_spp,69,-0.0832390055215113,0.7123587427330534,DE,1,DE,-0.0832390055215113,NA,-0.0832390055215113,-0.0832390055215113,1,NA,NA,FALSE,detrended,insufficient data,negligible
era_def,xyl_lin,207,0.05928411248110564,0.6218870837049623,DE,1,DE,0.05928411248110564,NA,0.05928411248110564,0.05928411248110564,1,NA,NA,FALSE,detrended,insufficient data,negligible
era_def,xyl_spp,230,-0.08641216941947022,0.3975466476983573,DE,1,DE,-0.08641216941947022,NA,-0.08641216941947022,-0.08641216941947022,1,NA,NA,FALSE,detrended,insufficient data,negligible
era_def,zei_gri,0,NA,NA,,0,NA,NA,NA,NA,NA,NA,NA,NA,NA,detrended,insufficient data,NA
geo_db,ips_acu,476,-0.10868414448449452,0.07191832214742751,"BG,DE,LT,PL",4,"BG,DE,LT,PL",0.014228732233165613,0.2533655980069609,-0.292257280456752,0.26728923398605814,0.5,0.04972370266055075,DE,FALSE,detrended,inconsistent,weak
geo_db,ips_ami,23,-0.056625043781338195,0.9010785179979302,DE,1,DE,-0.056625043781338195,NA,-0.056625043781338195,-0.056625043781338195,1,NA,NA,FALSE,detrended,insufficient data,negligible
geo_db,ips_cem,161,-0.1727450029988459,0.10117204085235525,DE,1,DE,-0.1727450029988459,NA,-0.1727450029988459,-0.1727450029988459,1,NA,NA,FALSE,detrended,insufficient data,weak
geo_db,ips_dup,22,-0.1666302334937174,0.6724386020007832,RO,1,RO,-0.1666302334937174,NA,-0.1666302334937174,-0.1666302334937174,1,NA,NA,FALSE,detrended,insufficient data,weak
geo_db,ips_sex,156,-0.18084763066892143,0.09005975836415654,"BG,DE",2,"BG,DE",-0.062342929005679976,0.26988264298786346,-0.25317877598694627,0.12849291797558632,0.5,0.3093405486445078,DE,TRUE,detrended,inconsistent,weak
geo_db,ips_typ,587,-0.04915501848062002,0.4551369174972786,"BG,DE,HR,LT,PL,RO",6,"BG,DE,HR,LT,PL,RO",0.0975443011756562,0.2743602819076853,-0.25245158083884667,0.4064847037476968,0.5,0.10015214640753213,DE,TRUE,detrended,inconsistent,negligible
geo_db,lym_dis,225,-0.05228342425352127,0.6491163612639376,"BG,DE,HR,LT,RO",5,"BG,DE,HR,LT,RO",0.009817085334943278,0.1627072550770863,-0.14785856844972645,0.2391033181388231,0.6,0.06866054760437124,DE,TRUE,detrended,inconsistent,negligible
geo_db,lym_mon,458,0.08163223371202215,0.22364510389887235,"DE,LT,PL",3,"DE,LT,PL",-0.04659420957970339,0.22513001600783478,-0.30214161664200495,0.12247315164229264,0.6666666666666666,0.10177921361857445,PL,TRUE,detrended,inconsistent,negligible
geo_db,mel_spp,478,-0.07071789451554858,0.2997235721300616,"DE,PL",2,"DE,PL",-0.05404714281456577,0.04150488572885801,-0.08339552896581402,-0.024698756663317507,1,0.04601913785223107,PL,FALSE,detrended,consistent,negligible
geo_db,neo_ser,41,-0.10871301974539646,0.7144256462569591,"BG,DE",2,"BG,DE",-0.10911398737460717,0.004898026463758282,-0.11257741510156181,-0.10565055964765252,1,0.003864395356165354,BG,FALSE,detrended,consistent,weak
geo_db,ope_spp,138,-0.17220923976674066,0.14089541763812052,DE,1,DE,-0.17220923976674066,NA,-0.17220923976674066,-0.17220923976674066,1,NA,NA,FALSE,detrended,insufficient data,weak
geo_db,pan_fla,415,-0.09690001065305417,0.15165774299718998,"DE,LT,PL",3,"DE,LT,PL",-0.2054389029283043,0.26018134642178925,-0.5042266462142024,-0.028865142167750726,1,0.05313786588906566,PL,FALSE,detrended,inconsistent,negligible
geo_db,pha_cya,524,-0.023225126470078846,0.7781256494629177,"DE,LT,PL",3,"DE,LT,PL",0.1620537118090719,0.3871112374439206,-0.07289891498734163,0.6088521433932007,0.6666666666666666,0.06457810386578823,PL,TRUE,detrended,inconsistent,negligible
geo_db,pis_pin,138,-0.19641096570884692,0.08216299055417531,"DE,LT",2,"DE,LT",-0.09814469581544209,0.23945772119797637,-0.2674668742820089,0.0711774826511247,0.5,0.26758844835997164,DE,TRUE,detrended,inconsistent,weak
geo_db,pit_bid,92,-0.31319857595898254,0.015468122318977543,DE,1,DE,-0.31319857595898254,NA,-0.31319857595898254,-0.31319857595898254,1,NA,NA,FALSE,detrended,insufficient data,moderate
geo_db,pit_cha,184,-0.11556334239308062,0.29344080581653714,"DE,LT",2,"DE,LT",0.02982787797864843,0.24995668335374832,-0.14691818782368563,0.20657394378098248,0.5,0.3221372861740631,DE,TRUE,detrended,inconsistent,weak
geo_db,pit_spp,92,0.023109870687882856,0.917185820704634,"DE,HR",2,"DE,HR",0.050651268437196605,0.064678813015757175,0.004916441154657971,0.09638609571973523,1,0.07327622503185238,DE,FALSE,detrended,consistent,negligible
geo_db,pol_pol,23,0.2916546523491768,0.38047291407408895,LT,1,LT,0.2916546523491768,NA,0.2916546523491768,0.2916546523491768,1,NA,NA,FALSE,detrended,insufficient data,weak
geo_db,pri_abi,138,-0.07292562278211157,0.6215608250284358,DE,1,DE,-0.07292562278211157,NA,-0.07292562278211157,-0.07292562278211157,1,NA,NA,FALSE,detrended,insufficient data,negligible
geo_db,sap_car,23,-0.14271779326447695,0.7270128219579648,DE,1,DE,-0.14271779326447695,NA,-0.14271779326447695,-0.14271779326447695,1,NA,NA,FALSE,detrended,insufficient data,weak
geo_db,sco_int,115,0.05209571250876703,0.7696059481363223,DE,1,DE,0.05209571250876703,NA,0.05209571250876703,0.05209571250876703,1,NA,NA,FALSE,detrended,insufficient data,negligible
geo_db,sco_rat,69,-0.012367755145236227,0.9660300229050373,"DE,LT",2,"DE,LT",-0.0033634173107683074,0.19165662233781672,-0.13888511462514766,0.13215828000361104,0.5,0.14452603514884726,DE,TRUE,detrended,inconsistent,negligible
geo_db,sco_sco,92,-0.08009065792923348,0.6586774865682629,"DE,LT",2,"DE,LT",-0.07438892649542553,0.013845291587454142,-0.0841790260644194,-0.06459882692643164,1,0.01549183100280184,DE,FALSE,detrended,consistent,negligible
geo_db,tet_gab,115,-0.1464858785598442,0.29344080581653714,DE,1,DE,-0.1464858785598442,NA,-0.1464858785598442,-0.1464858785598442,1,NA,NA,FALSE,detrended,insufficient data,weak
geo_db,tet_spp,115,-0.18661299149353472,0.1455051322491421,DE,1,DE,-0.18661299149353472,NA,-0.18661299149353472,-0.18661299149353472,1,NA,NA,FALSE,detrended,insufficient data,weak
geo_db,tha_pit,64,-0.035661208177417705,0.8937848475574445,"BG,DE,HR",3,"BG,DE,HR",-0.033878204956472646,0.46028905024321715,-0.3540513186304599,0.49360853252014847,0.6666666666666666,0.37172908672584654,DE,TRUE,detrended,inconsistent,negligible
geo_db,tha_pro,138,0.014462960873902118,0.9327185673647526,DE,1,DE,0.014462960873902118,NA,0.014462960873902118,0.014462960873902118,1,NA,NA,FALSE,detrended,insufficient data,negligible
geo_db,tom_spp,464,-0.10591642777204124,0.08673523178726336,"DE,LT,PL",3,"DE,LT,PL",-0.029549964422061443,0.15840714549851895,-0.13809694418125182,0.15222250048814875,0.6666666666666666,0.014842828806108682,DE,FALSE,detrended,inconsistent,weak
geo_db,tor_vir,565,0.014828205302938293,0.8631695000484109,"BG,DE,LT,PL,RO",5,"BG,DE,LT,PL,RO",0.27390479259627226,0.26974559398370707,-0.09635608448465219,0.533471491872327,0.8,0.18801998994965313,PL,TRUE,detrended,inconsistent,negligible
geo_db,uro_sir_spp,46,-0.06613817744133328,0.8341630927657857,DE,1,DE,-0.06613817744133328,NA,-0.06613817744133328,-0.06613817744133328,1,NA,NA,FALSE,detrended,insufficient data,negligible
geo_db,xyl_lin,161,-0.09092232130604272,0.47786211541825374,DE,1,DE,-0.09092232130604272,NA,-0.09092232130604272,-0.09092232130604272,1,NA,NA,FALSE,detrended,insufficient data,negligible
geo_db,xyl_spp,161,-0.17941910805655892,0.08713616511086156,DE,1,DE,-0.17941910805655892,NA,-0.17941910805655892,-0.17941910805655892,1,NA,NA,FALSE,detrended,insufficient data,weak
geo_db,zei_gri,23,0.026668763963234702,0.9593901779363826,DE,1,DE,0.026668763963234702,NA,0.026668763963234702,0.026668763963234702,1,NA,NA,FALSE,detrended,insufficient data,negligible
ips_acu,ips_ami,23,0.028408955911780488,0.9559286879532471,DE,1,DE,0.028408955911780488,NA,0.028408955911780488,0.028408955911780488,1,NA,NA,FALSE,detrended,insufficient data,negligible
ips_acu,ips_cem,161,0.3309306591849706,3.0589793514508655e-4,DE,1,DE,0.3309306591849706,NA,0.3309306591849706,0.3309306591849706,1,NA,NA,FALSE,detrended,insufficient data,moderate
ips_acu,ips_dup,205,0.25503951059455665,0.002283824485035469,"CZ,SK",2,"CZ,SK",-0.020207008089404538,0.4367247172490564,-0.3290180171679899,0.2886040009891808,0.5,0.5840575277625466,CZ,TRUE,detrended,inconsistent,weak
ips_acu,ips_sex,340,0.32149666093343926,8.088401765226469e-8,"BG,CZ,DE",3,"BG,CZ,DE",0.39946093414041134,0.14509249203087507,0.23592954355906073,0.512769369715134,1,0.10694643685056443,DE,FALSE,detrended,consistent,moderate
ips_acu,ips_typ,728,0.19115500244583078,7.79903674275977e-6,"BG,CZ,DE,LT,PL,SK",6,"BG,CZ,DE,LT,PL,SK",0.19009375776494483,0.33702722099107085,-0.467963914889918,0.4303905145231018,0.8333333333333334,0.07038872448665684,DE,FALSE,detrended,inconsistent,weak
ips_acu,lym_dis,362,0.1358615883948764,0.04428040013438342,"BG,CZ,DE,LT,SK",5,"BG,CZ,DE,LT,SK",0.12586872421066034,0.3404559104311487,-0.45809117966543894,0.4164973926242356,0.8,0.05605827023726054,BG,FALSE,detrended,inconsistent,weak
ips_acu,lym_mon,576,0.2166976866840807,6.26977772772535e-6,"CZ,DE,LT,PL",4,"CZ,DE,LT,PL",0.13930034155311796,0.22598319096656275,-0.16282717267963182,0.33768261300065183,0.75,0.18465775654445768,PL,FALSE,detrended,inconsistent,weak
ips_acu,mel_spp,458,0.11945852184403927,0.04732544946583587,"DE,PL",2,"DE,PL",0.13590372732944134,0.04215058173099226,0.10609876515649891,0.16570868950238377,1,0.0462501676583445,PL,FALSE,detrended,consistent,weak
ips_acu,neo_ser,110,0.03677460049532202,0.8554386659412314,"BG,CZ,DE",3,"BG,CZ,DE",-0.0646402583925299,0.29873417358697324,-0.3963064828383051,0.18329183762495374,0.6666666666666666,0.17981328742538366,DE,TRUE,detrended,inconsistent,negligible
ips_acu,ope_spp,115,0.16597624070488456,0.21728423020170495,DE,1,DE,0.16597624070488456,NA,0.16597624070488456,0.16597624070488456,1,NA,NA,FALSE,detrended,insufficient data,weak
ips_acu,pan_fla,441,0.10838208383901707,0.08713616511086156,"CZ,DE,LT,PL",4,"CZ,DE,LT,PL",0.11616337985647643,0.25407474728049073,-0.22261458302823262,0.35209092187484814,0.75,0.09433166346215663,PL,FALSE,detrended,inconsistent,weak
ips_acu,pha_cya,688,-9.848577298600006e-4,0.9853403827981683,"CZ,DE,LT,PL",4,"CZ,DE,LT,PL",0.1459337648244603,0.31599028746108554,-0.2745738674947239,0.459671552446441,0.25,0.3384484301318108,PL,TRUE,detrended,inconsistent,negligible
ips_acu,pis_pin,161,0.15014117953299874,0.17258686797778416,"DE,LT",2,"DE,LT",0.04148171953590986,0.28165521436107743,-0.15767859249535865,0.24064203156717837,0.5,0.3078197720283574,DE,TRUE,detrended,inconsistent,weak
ips_acu,pit_bid,115,0.5157248457141085,2.04004055908283e-7,DE,1,DE,0.5157248457141085,NA,0.5157248457141085,0.5157248457141085,1,NA,NA,FALSE,detrended,insufficient data,strong
ips_acu,pit_cha,206,0.2014838561769708,0.021414570901104112,"DE,LT,SK",3,"DE,LT,SK",0.07223420220493625,0.4052487224175471,-0.37870526272438354,0.40594776242895714,0.6666666666666666,0.11167585088368304,DE,FALSE,detrended,inconsistent,weak
ips_acu,pit_spp,230,0.20770012411853778,0.011832305014816354,"CZ,DE",2,"CZ,DE",0.1742515955780713,0.36142146353743876,-0.08131197215561821,0.4298151633117608,0.5,0.28901209627415597,CZ,TRUE,detrended,inconsistent,weak
ips_acu,pol_pol,207,0.2747225726100084,8.234567192631845e-4,"CZ,LT",2,"CZ,LT",0.3495507239763329,0.14762462320543265,0.2451643518376625,0.45393709611500327,1,0.1792145235049949,CZ,FALSE,detrended,consistent,weak
ips_acu,pri_abi,276,0.2825475760386516,4.2467327500270425e-5,"CZ,DE",2,"CZ,DE",0.28852114304887744,0.06343423365615761,0.24366636627123645,0.3333759198265184,1,0.05082834378786677,DE,FALSE,detrended,consistent,weak
ips_acu,sap_car,23,0.2369559104515508,0.5033139116728368,DE,1,DE,0.2369559104515508,NA,0.2369559104515508,0.2369559104515508,1,NA,NA,FALSE,detrended,insufficient data,weak
ips_acu,sco_int,322,0.14735383257556195,0.0385160016903819,"CZ,DE",2,"CZ,DE",0.1504996990059505,0.003627415229864743,0.14793472909873379,0.15306466891316722,1,0.005710836337605274,DE,FALSE,detrended,consistent,weak
ips_acu,sco_rat,276,0.1313341756023112,0.10264340356157141,"CZ,DE,LT",3,"CZ,DE,LT",0.1545625997447288,0.22849498573525132,-0.09107389686733393,0.36078943367158683,0.6666666666666666,0.11715716721249061,DE,FALSE,detrended,inconsistent,weak
ips_acu,sco_sco,115,-0.07557563171967613,0.639796247416151,"DE,LT",2,"DE,LT",-0.26384426032689706,0.39557559869225756,-0.5435584486341207,0.01586992798032665,0.5,0.4679828169144446,DE,TRUE,detrended,inconsistent,negligible
ips_acu,tet_gab,184,0.2210628015452666,0.016232086336280954,"CZ,DE",2,"CZ,DE",0.14891218891048105,0.13322707844029014,0.05470641830767981,0.24311795951328227,1,0.1663563832375868,DE,FALSE,detrended,consistent,weak
ips_acu,tet_spp,115,0.001023779826660754,0.9952234111315116,DE,1,DE,0.001023779826660754,NA,0.001023779826660754,0.001023779826660754,1,NA,NA,FALSE,detrended,insufficient data,negligible
ips_acu,tha_pit,41,0.12192006517196496,0.6586774865682629,"BG,DE",2,"BG,DE",0.3466873552210322,0.4527885434753829,0.0265175056860091,0.6668572047560554,1,0.5449371395840904,DE,FALSE,detrended,inconsistent,weak
ips_acu,tha_pro,138,-0.12395121087000087,0.3406300408889023,DE,1,DE,-0.12395121087000087,NA,-0.12395121087000087,-0.12395121087000087,1,NA,NA,FALSE,detrended,insufficient data,weak
ips_acu,tom_spp,628,0.057257950502348935,0.3442458434649524,"CZ,DE,LT,PL",4,"CZ,DE,LT,PL",0.2687067318194229,0.32711141323420273,-0.19111986668178652,0.5712410969106327,0.75,0.32097872817390466,PL,TRUE,detrended,inconsistent,negligible
ips_acu,tor_vir,522,-0.06309444689564117,0.3433987899659094,"BG,DE,LT,PL",4,"BG,DE,LT,PL",0.09622554039278826,0.2072855685322147,-0.10680765364634424,0.3166758057233693,0.5,0.0922692037548124,PL,TRUE,detrended,inconsistent,negligible
ips_acu,uro_sir_spp,46,0.14860792637249873,0.5532622082342986,DE,1,DE,0.14860792637249873,NA,0.14860792637249873,0.14860792637249873,1,NA,NA,FALSE,detrended,insufficient data,weak
ips_acu,xyl_lin,138,0.03617868793303513,0.8380197266993087,DE,1,DE,0.03617868793303513,NA,0.03617868793303513,0.03617868793303513,1,NA,NA,FALSE,detrended,insufficient data,negligible
ips_acu,xyl_spp,161,0.009371083038939484,0.9593901779363826,DE,1,DE,0.009371083038939484,NA,0.009371083038939484,0.009371083038939484,1,NA,NA,FALSE,detrended,insufficient data,negligible
ips_acu,zei_gri,184,-0.1519072602381346,0.13093759686008685,"CZ,DE",2,"CZ,DE",-0.16773585705106006,0.035324722144249386,-0.1927142076227894,-0.14275750647933072,1,0.04080694738465479,CZ,FALSE,detrended,consistent,weak
ips_ami,ips_cem,46,0.09936393951084126,0.7241710188506473,DE,1,DE,0.09936393951084126,NA,0.09936393951084126,0.09936393951084126,1,NA,NA,FALSE,detrended,insufficient data,negligible
ips_ami,ips_dup,0,NA,NA,,0,NA,NA,NA,NA,NA,NA,NA,NA,NA,detrended,insufficient data,NA
ips_ami,ips_sex,23,-0.03645142530290959,0.9332598006878543,DE,1,DE,-0.03645142530290959,NA,-0.03645142530290959,-0.03645142530290959,1,NA,NA,FALSE,detrended,insufficient data,negligible
ips_ami,ips_typ,46,0.09934412465296315,0.7241710188506473,DE,1,DE,0.09934412465296315,NA,0.09934412465296315,0.09934412465296315,1,NA,NA,FALSE,detrended,insufficient data,negligible
ips_ami,lym_dis,23,-0.0969277651946052,0.8336567155965757,DE,1,DE,-0.0969277651946052,NA,-0.0969277651946052,-0.0969277651946052,1,NA,NA,FALSE,detrended,insufficient data,negligible
ips_ami,lym_mon,23,-0.384658220894362,0.20153685360110465,DE,1,DE,-0.384658220894362,NA,-0.384658220894362,-0.384658220894362,1,NA,NA,FALSE,detrended,insufficient data,moderate
ips_ami,mel_spp,23,-0.3052562848849221,0.35047363524162883,DE,1,DE,-0.3052562848849221,NA,-0.3052562848849221,-0.3052562848849221,1,NA,NA,FALSE,detrended,insufficient data,moderate
ips_ami,neo_ser,0,NA,NA,,0,NA,NA,NA,NA,NA,NA,NA,NA,NA,detrended,insufficient data,NA
ips_ami,ope_spp,23,0.5746160772378412,0.023349250156158678,DE,1,DE,0.5746160772378412,NA,0.5746160772378412,0.5746160772378412,1,NA,NA,FALSE,detrended,insufficient data,strong
ips_ami,pan_fla,23,0.06958114184612124,0.8851015876976339,DE,1,DE,0.06958114184612124,NA,0.06958114184612124,0.06958114184612124,1,NA,NA,FALSE,detrended,insufficient data,negligible
ips_ami,pha_cya,46,-0.17524387389101656,0.46935043695333284,DE,1,DE,-0.17524387389101656,NA,-0.17524387389101656,-0.17524387389101656,1,NA,NA,FALSE,detrended,insufficient data,weak
ips_ami,pis_pin,23,0.1191595426391668,0.7728490697085115,DE,1,DE,0.1191595426391668,NA,0.1191595426391668,0.1191595426391668,1,NA,NA,FALSE,detrended,insufficient data,weak
ips_ami,pit_bid,23,0.05752282465744035,0.8992814424401815,DE,1,DE,0.05752282465744035,NA,0.05752282465744035,0.05752282465744035,1,NA,NA,FALSE,detrended,insufficient data,negligible
ips_ami,pit_cha,46,0.19161600547819027,0.41153326157295017,DE,1,DE,0.19161600547819027,NA,0.19161600547819027,0.19161600547819027,1,NA,NA,FALSE,detrended,insufficient data,weak
ips_ami,pit_spp,0,NA,NA,,0,NA,NA,NA,NA,NA,NA,NA,NA,NA,detrended,insufficient data,NA
ips_ami,pol_pol,0,NA,NA,,0,NA,NA,NA,NA,NA,NA,NA,NA,NA,detrended,insufficient data,NA
ips_ami,pri_abi,23,0.10175773473603698,0.8194413134929055,DE,1,DE,0.10175773473603698,NA,0.10175773473603698,0.10175773473603698,1,NA,NA,FALSE,detrended,insufficient data,weak
ips_ami,sap_car,23,-0.012540829727184984,0.9799561359873382,DE,1,DE,-0.012540829727184984,NA,-0.012540829727184984,-0.012540829727184984,1,NA,NA,FALSE,detrended,insufficient data,negligible
ips_ami,sco_int,46,0.22374244071045601,0.32214376916003723,DE,1,DE,0.22374244071045601,NA,0.22374244071045601,0.22374244071045601,1,NA,NA,FALSE,detrended,insufficient data,weak
ips_ami,sco_rat,23,0.19677476366045782,0.5961044213912132,DE,1,DE,0.19677476366045782,NA,0.19677476366045782,0.19677476366045782,1,NA,NA,FALSE,detrended,insufficient data,weak
ips_ami,sco_sco,46,0.3779306212860409,0.04428040013438342,DE,1,DE,0.3779306212860409,NA,0.3779306212860409,0.3779306212860409,1,NA,NA,FALSE,detrended,insufficient data,moderate
ips_ami,tet_gab,46,0.2586393068519327,0.22641130281087568,DE,1,DE,0.2586393068519327,NA,0.2586393068519327,0.2586393068519327,1,NA,NA,FALSE,detrended,insufficient data,weak
ips_ami,tet_spp,46,0.01548581004259529,0.9660300229050373,DE,1,DE,0.01548581004259529,NA,0.01548581004259529,0.01548581004259529,1,NA,NA,FALSE,detrended,insufficient data,negligible
ips_ami,tha_pit,23,-0.2032212574303777,0.5789947007486634,DE,1,DE,-0.2032212574303777,NA,-0.2032212574303777,-0.2032212574303777,1,NA,NA,FALSE,detrended,insufficient data,weak
ips_ami,tha_pro,46,-0.061751649700665344,0.8420227825167819,DE,1,DE,-0.061751649700665344,NA,-0.061751649700665344,-0.061751649700665344,1,NA,NA,FALSE,detrended,insufficient data,negligible
ips_ami,tom_spp,46,-0.0470772615803544,0.8851015876976339,DE,1,DE,-0.0470772615803544,NA,-0.0470772615803544,-0.0470772615803544,1,NA,NA,FALSE,detrended,insufficient data,negligible
ips_ami,tor_vir,46,0.41278741899888793,0.024081746180929495,DE,1,DE,0.41278741899888793,NA,0.41278741899888793,0.41278741899888793,1,NA,NA,FALSE,detrended,insufficient data,moderate
ips_ami,uro_sir_spp,23,-0.08983402622448118,0.8420227825167819,DE,1,DE,-0.08983402622448118,NA,-0.08983402622448118,-0.08983402622448118,1,NA,NA,FALSE,detrended,insufficient data,negligible
ips_ami,xyl_lin,46,0.4446353035888903,0.0140158690887436,DE,1,DE,0.4446353035888903,NA,0.4446353035888903,0.4446353035888903,1,NA,NA,FALSE,detrended,insufficient data,moderate
ips_ami,xyl_spp,46,0.17486128791346214,0.4703098429426117,DE,1,DE,0.17486128791346214,NA,0.17486128791346214,0.17486128791346214,1,NA,NA,FALSE,detrended,insufficient data,weak
ips_ami,zei_gri,0,NA,NA,,0,NA,NA,NA,NA,NA,NA,NA,NA,NA,detrended,insufficient data,NA
ips_cem,ips_dup,0,NA,NA,,0,NA,NA,NA,NA,NA,NA,NA,NA,NA,detrended,insufficient data,NA
ips_cem,ips_sex,184,0.3100065496806038,3.06399290231241e-4,DE,1,DE,0.3100065496806038,NA,0.3100065496806038,0.3100065496806038,1,NA,NA,FALSE,detrended,insufficient data,moderate
ips_cem,ips_typ,253,0.5144691308430114,4.2315875034339326e-16,DE,1,DE,0.5144691308430114,NA,0.5144691308430114,0.5144691308430114,1,NA,NA,FALSE,detrended,insufficient data,strong
ips_cem,lym_dis,207,0.21803629838455588,0.012114894126521976,DE,1,DE,0.21803629838455588,NA,0.21803629838455588,0.21803629838455588,1,NA,NA,FALSE,detrended,insufficient data,weak
ips_cem,lym_mon,184,0.046217526832579604,0.7313171067711874,DE,1,DE,0.046217526832579604,NA,0.046217526832579604,0.046217526832579604,1,NA,NA,FALSE,detrended,insufficient data,negligible
ips_cem,mel_spp,207,0.2137095149314666,0.014020408409419219,DE,1,DE,0.2137095149314666,NA,0.2137095149314666,0.2137095149314666,1,NA,NA,FALSE,detrended,insufficient data,weak
ips_cem,neo_ser,46,0.1543462391935718,0.5330197505713788,DE,1,DE,0.1543462391935718,NA,0.1543462391935718,0.1543462391935718,1,NA,NA,FALSE,detrended,insufficient data,weak
ips_cem,ope_spp,207,0.1932240828059009,0.027929818170737128,DE,1,DE,0.1932240828059009,NA,0.1932240828059009,0.1932240828059009,1,NA,NA,FALSE,detrended,insufficient data,weak
ips_cem,pan_fla,138,0.15854373725435275,0.18608735585857206,DE,1,DE,0.15854373725435275,NA,0.15854373725435275,0.15854373725435275,1,NA,NA,FALSE,detrended,insufficient data,weak
ips_cem,pha_cya,253,0.3035457656138951,2.5340073416178716e-5,DE,1,DE,0.3035457656138951,NA,0.3035457656138951,0.3035457656138951,1,NA,NA,FALSE,detrended,insufficient data,moderate
ips_cem,pis_pin,161,0.3654716638279164,4.2467327500270425e-5,DE,1,DE,0.3654716638279164,NA,0.3654716638279164,0.3654716638279164,1,NA,NA,FALSE,detrended,insufficient data,moderate
ips_cem,pit_bid,115,0.38762618790078207,3.06399290231241e-4,DE,1,DE,0.38762618790078207,NA,0.38762618790078207,0.38762618790078207,1,NA,NA,FALSE,detrended,insufficient data,moderate
ips_cem,pit_cha,253,0.5444777733507002,3.1313193898385395e-18,DE,1,DE,0.5444777733507002,NA,0.5444777733507002,0.5444777733507002,1,NA,NA,FALSE,detrended,insufficient data,strong
ips_cem,pit_spp,92,0.31942270583124815,0.01385183641702242,DE,1,DE,0.31942270583124815,NA,0.31942270583124815,0.31942270583124815,1,NA,NA,FALSE,detrended,insufficient data,moderate
ips_cem,pol_pol,0,NA,NA,,0,NA,NA,NA,NA,NA,NA,NA,NA,NA,detrended,insufficient data,NA
ips_cem,pri_abi,184,0.052598921352697364,0.6941261807646008,DE,1,DE,0.052598921352697364,NA,0.052598921352697364,0.052598921352697364,1,NA,NA,FALSE,detrended,insufficient data,negligible
ips_cem,sap_car,23,0.2906562571409928,0.3820201765099691,DE,1,DE,0.2906562571409928,NA,0.2906562571409928,0.2906562571409928,1,NA,NA,FALSE,detrended,insufficient data,weak
ips_cem,sco_int,184,0.05000695209575759,0.7156378421928143,DE,1,DE,0.05000695209575759,NA,0.05000695209575759,0.05000695209575759,1,NA,NA,FALSE,detrended,insufficient data,negligible
ips_cem,sco_rat,69,0.23973112828196286,0.14911780253717985,DE,1,DE,0.23973112828196286,NA,0.23973112828196286,0.23973112828196286,1,NA,NA,FALSE,detrended,insufficient data,weak
ips_cem,sco_sco,115,0.05986458866820046,0.7295033632693616,DE,1,DE,0.05986458866820046,NA,0.05986458866820046,0.05986458866820046,1,NA,NA,FALSE,detrended,insufficient data,negligible
ips_cem,tet_gab,207,0.3708407434090937,1.893004724938842e-6,DE,1,DE,0.3708407434090937,NA,0.3708407434090937,0.3708407434090937,1,NA,NA,FALSE,detrended,insufficient data,moderate
ips_cem,tet_spp,184,0.35224062499341624,2.6146095158745413e-5,DE,1,DE,0.35224062499341624,NA,0.35224062499341624,0.35224062499341624,1,NA,NA,FALSE,detrended,insufficient data,moderate
ips_cem,tha_pit,23,-0.014406106179656635,0.9783684685698082,DE,1,DE,-0.014406106179656635,NA,-0.014406106179656635,-0.014406106179656635,1,NA,NA,FALSE,detrended,insufficient data,negligible
ips_cem,tha_pro,230,-0.04415903405404328,0.7205495570582647,DE,1,DE,-0.04415903405404328,NA,-0.04415903405404328,-0.04415903405404328,1,NA,NA,FALSE,detrended,insufficient data,negligible
ips_cem,tom_spp,253,0.31281330514898814,1.3551240657996333e-5,DE,1,DE,0.31281330514898814,NA,0.31281330514898814,0.31281330514898814,1,NA,NA,FALSE,detrended,insufficient data,moderate
ips_cem,tor_vir,230,0.1227486855883375,0.18608735585857206,DE,1,DE,0.1227486855883375,NA,0.1227486855883375,0.1227486855883375,1,NA,NA,FALSE,detrended,insufficient data,weak
ips_cem,uro_sir_spp,92,0.12497222889977504,0.45589643475805397,DE,1,DE,0.12497222889977504,NA,0.12497222889977504,0.12497222889977504,1,NA,NA,FALSE,detrended,insufficient data,weak
ips_cem,xyl_lin,230,0.26105364708789863,8.234567192631845e-4,DE,1,DE,0.26105364708789863,NA,0.26105364708789863,0.26105364708789863,1,NA,NA,FALSE,detrended,insufficient data,weak
ips_cem,xyl_spp,253,0.3100034442711811,1.6266288146634008e-5,DE,1,DE,0.3100034442711811,NA,0.3100034442711811,0.3100034442711811,1,NA,NA,FALSE,detrended,insufficient data,moderate
ips_cem,zei_gri,23,-0.12143445367004403,0.7696059481363223,DE,1,DE,-0.12143445367004403,NA,-0.12143445367004403,-0.12143445367004403,1,NA,NA,FALSE,detrended,insufficient data,weak
ips_dup,ips_sex,184,0.2695831881132872,0.002241009666488684,CZ,1,CZ,0.2695831881132872,NA,0.2695831881132872,0.2695831881132872,1,NA,NA,FALSE,detrended,insufficient data,weak
ips_dup,ips_typ,227,0.49917987429685384,1.7422758701902706e-13,"CZ,RO,SK",3,"CZ,RO,SK",0.4083835577855339,0.2491215028470751,0.1281885875611346,0.6048690485061626,1,0.27242709079073857,CZ,FALSE,detrended,inconsistent,moderate
ips_dup,lym_dis,181,-0.08051520027384998,0.5053292614008078,"CZ,RO,SK",3,"CZ,RO,SK",-0.2234686504100796,0.4167659599668224,-0.5439338614690336,0.24768259682936644,0.6666666666666666,0.3218311591191715,CZ,TRUE,detrended,inconsistent,negligible
ips_dup,lym_mon,138,0.31003295205716563,0.002241009666488684,CZ,1,CZ,0.31003295205716563,NA,0.31003295205716563,0.31003295205716563,1,NA,NA,FALSE,detrended,insufficient data,moderate
ips_dup,mel_spp,0,NA,NA,,0,NA,NA,NA,NA,NA,NA,NA,NA,NA,detrended,insufficient data,NA
ips_dup,neo_ser,46,-0.09526177419871151,0.7303598049735797,CZ,1,CZ,-0.09526177419871151,NA,-0.09526177419871151,-0.09526177419871151,1,NA,NA,FALSE,detrended,insufficient data,negligible
ips_dup,ope_spp,0,NA,NA,,0,NA,NA,NA,NA,NA,NA,NA,NA,NA,detrended,insufficient data,NA
ips_dup,pan_fla,23,0.27766911248441734,0.4072728535784475,CZ,1,CZ,0.27766911248441734,NA,0.27766911248441734,0.27766911248441734,1,NA,NA,FALSE,detrended,insufficient data,weak
ips_dup,pha_cya,184,0.2352913693460869,0.010106425188344379,CZ,1,CZ,0.2352913693460869,NA,0.2352913693460869,0.2352913693460869,1,NA,NA,FALSE,detrended,insufficient data,weak
ips_dup,pis_pin,0,NA,NA,,0,NA,NA,NA,NA,NA,NA,NA,NA,NA,detrended,insufficient data,NA
ips_dup,pit_bid,0,NA,NA,,0,NA,NA,NA,NA,NA,NA,NA,NA,NA,detrended,insufficient data,NA
ips_dup,pit_cha,21,0.2256958228653915,0.5532622082342986,SK,1,SK,0.2256958228653915,NA,0.2256958228653915,0.2256958228653915,1,NA,NA,FALSE,detrended,insufficient data,weak
ips_dup,pit_spp,184,0.2890763532204131,9.075251085562308e-4,CZ,1,CZ,0.2890763532204131,NA,0.2890763532204131,0.2890763532204131,1,NA,NA,FALSE,detrended,insufficient data,weak
ips_dup,pol_pol,184,0.14146602321159632,0.16796372169696747,CZ,1,CZ,0.14146602321159632,NA,0.14146602321159632,0.14146602321159632,1,NA,NA,FALSE,detrended,insufficient data,weak
ips_dup,pri_abi,161,0.0023458648152265495,0.9853403827981683,CZ,1,CZ,0.0023458648152265495,NA,0.0023458648152265495,0.0023458648152265495,1,NA,NA,FALSE,detrended,insufficient data,negligible
ips_dup,sap_car,0,NA,NA,,0,NA,NA,NA,NA,NA,NA,NA,NA,NA,detrended,insufficient data,NA
ips_dup,sco_int,184,-0.053104258824794685,0.6889969122254642,CZ,1,CZ,-0.053104258824794685,NA,-0.053104258824794685,-0.053104258824794685,1,NA,NA,FALSE,detrended,insufficient data,negligible
ips_dup,sco_rat,184,0.07402627801506449,0.5472546646354514,CZ,1,CZ,0.07402627801506449,NA,0.07402627801506449,0.07402627801506449,1,NA,NA,FALSE,detrended,insufficient data,negligible
ips_dup,sco_sco,0,NA,NA,,0,NA,NA,NA,NA,NA,NA,NA,NA,NA,detrended,insufficient data,NA
ips_dup,tet_gab,46,0.04756989635206373,0.8851015876976339,CZ,1,CZ,0.04756989635206373,NA,0.04756989635206373,0.04756989635206373,1,NA,NA,FALSE,detrended,insufficient data,negligible
ips_dup,tet_spp,0,NA,NA,,0,NA,NA,NA,NA,NA,NA,NA,NA,NA,detrended,insufficient data,NA
ips_dup,tha_pit,0,NA,NA,,0,NA,NA,NA,NA,NA,NA,NA,NA,NA,detrended,insufficient data,NA
ips_dup,tha_pro,0,NA,NA,,0,NA,NA,NA,NA,NA,NA,NA,NA,NA,detrended,insufficient data,NA
ips_dup,tom_spp,184,0.250686882301372,0.005250229730384454,CZ,1,CZ,0.250686882301372,NA,0.250686882301372,0.250686882301372,1,NA,NA,FALSE,detrended,insufficient data,weak
ips_dup,tor_vir,22,0.31997308716008094,0.34011135510146007,RO,1,RO,0.31997308716008094,NA,0.31997308716008094,0.31997308716008094,1,NA,NA,FALSE,detrended,insufficient data,moderate
ips_dup,uro_sir_spp,0,NA,NA,,0,NA,NA,NA,NA,NA,NA,NA,NA,NA,detrended,insufficient data,NA
ips_dup,xyl_lin,0,NA,NA,,0,NA,NA,NA,NA,NA,NA,NA,NA,NA,detrended,insufficient data,NA
ips_dup,xyl_spp,0,NA,NA,,0,NA,NA,NA,NA,NA,NA,NA,NA,NA,detrended,insufficient data,NA
ips_dup,zei_gri,161,0.004786026344399404,0.9783684685698082,CZ,1,CZ,0.004786026344399404,NA,0.004786026344399404,0.004786026344399404,1,NA,NA,FALSE,detrended,insufficient data,negligible
ips_sex,ips_typ,386,0.3103620539734554,3.0615466933796745e-8,"BG,CZ,DE",3,"BG,CZ,DE",0.23871443368135573,0.25835212600333246,-0.05466114722311962,0.43224128269760614,0.6666666666666666,0.028141840990225597,BG,FALSE,detrended,inconsistent,moderate
ips_sex,lym_dis,317,0.00642440473074009,0.9611958030574347,"BG,CZ,DE",3,"BG,CZ,DE",-0.0964489149037393,0.4918683709612627,-0.6642994947239492,0.19716056833750403,0.6666666666666666,0.22680092759893616,DE,TRUE,detrended,inconsistent,negligible
ips_sex,lym_mon,276,-0.015003121638849305,0.904422099691396,"CZ,DE",2,"CZ,DE",0.021589159978052885,0.23495442963872284,-0.1445487104893056,0.18772703044541136,0.5,0.20273015208426068,DE,TRUE,detrended,inconsistent,negligible
ips_sex,mel_spp,161,0.09352096714940378,0.45946763573718824,DE,1,DE,0.09352096714940378,NA,0.09352096714940378,0.09352096714940378,1,NA,NA,FALSE,detrended,insufficient data,negligible
ips_sex,neo_ser,110,0.25491351153412983,0.035109703295726,"BG,CZ,DE",3,"BG,CZ,DE",0.25164530093850657,0.042730202914901615,0.20855817660296766,0.29400940653143726,1,0.033989828607028566,DE,FALSE,detrended,consistent,weak
ips_sex,ope_spp,161,0.3007641094052545,0.0013072885749943937,DE,1,DE,0.3007641094052545,NA,0.3007641094052545,0.3007641094052545,1,NA,NA,FALSE,detrended,insufficient data,moderate
ips_sex,pan_fla,115,-0.016449201110398003,0.9320764184258788,"CZ,DE",2,"CZ,DE",0.054511651080193284,0.12379984365551812,-0.03302805787845796,0.14205136003884453,0.5,0.15850056114924252,DE,TRUE,detrended,inconsistent,negligible
ips_sex,pha_cya,368,0.38172795452197905,4.088735983825859e-12,"CZ,DE",2,"CZ,DE",0.40001441048498465,0.08966584847900916,0.33661108098463177,0.4634177399853375,1,0.08168978546335842,DE,FALSE,detrended,consistent,moderate
ips_sex,pis_pin,138,0.309694744257122,0.0022553269782253182,DE,1,DE,0.309694744257122,NA,0.309694744257122,0.309694744257122,1,NA,NA,FALSE,detrended,insufficient data,moderate
ips_sex,pit_bid,115,0.40087390212281887,1.6690439625828554e-4,DE,1,DE,0.40087390212281887,NA,0.40087390212281887,0.40087390212281887,1,NA,NA,FALSE,detrended,insufficient data,moderate
ips_sex,pit_cha,184,0.28798395518306574,9.568236045866055e-4,DE,1,DE,0.28798395518306574,NA,0.28798395518306574,0.28798395518306574,1,NA,NA,FALSE,detrended,insufficient data,weak
ips_sex,pit_spp,253,0.23497095706180784,0.0018002578768328403,"CZ,DE",2,"CZ,DE",0.24971491546221036,0.16401540207733592,0.133738512434288,0.36569131849013276,1,0.1307203614283249,DE,FALSE,detrended,consistent,weak
ips_sex,pol_pol,184,0.20907637148738442,0.024152525808567776,CZ,1,CZ,0.20907637148738442,NA,0.20907637148738442,0.20907637148738442,1,NA,NA,FALSE,detrended,insufficient data,weak
ips_sex,pri_abi,322,0.1512852347443909,0.03265767304570688,"CZ,DE",2,"CZ,DE",0.16277109486230967,0.06183246268666337,0.11904894119910583,0.2064932485255135,1,0.05520801378112261,DE,FALSE,detrended,consistent,weak
ips_sex,sap_car,23,0.32427016176668916,0.3137741900560198,DE,1,DE,0.32427016176668916,NA,0.32427016176668916,0.32427016176668916,1,NA,NA,FALSE,detrended,insufficient data,moderate
ips_sex,sco_int,345,0.08821232567240472,0.2674521583821071,"CZ,DE",2,"CZ,DE",0.10646118095435755,0.054569581449269856,0.0678746598650672,0.1450477020436479,1,0.05683537637124317,DE,FALSE,detrended,consistent,negligible
ips_sex,sco_rat,253,0.224468431663608,0.003045357395811126,"CZ,DE",2,"CZ,DE",0.23437831553415828,0.10851864310109403,0.15764404711221194,0.31111258395610464,1,0.08664415229249664,CZ,FALSE,detrended,consistent,weak
ips_sex,sco_sco,92,0.08473581943100564,0.639796247416151,DE,1,DE,0.08473581943100564,NA,0.08473581943100564,0.08473581943100564,1,NA,NA,FALSE,detrended,insufficient data,negligible
ips_sex,tet_gab,207,0.2626118987866103,0.0015168457653591896,"CZ,DE",2,"CZ,DE",0.19325745496122892,0.11595378509208153,0.11126574721837049,0.2752491627040874,1,0.1513461515682398,DE,FALSE,detrended,consistent,weak
ips_sex,tet_spp,115,0.10544224813971582,0.49076201369766903,DE,1,DE,0.10544224813971582,NA,0.10544224813971582,0.10544224813971582,1,NA,NA,FALSE,detrended,insufficient data,weak
ips_sex,tha_pit,41,0.3288790236616722,0.12003491691725272,"BG,DE",2,"BG,DE",0.33889317112312634,0.11833571572893216,0.2552171840746348,0.42256915817161783,1,0.09369013450994562,BG,FALSE,detrended,consistent,moderate
ips_sex,tha_pro,161,-0.1132208323486872,0.3455006863743539,DE,1,DE,-0.1132208323486872,NA,-0.1132208323486872,-0.1132208323486872,1,NA,NA,FALSE,detrended,insufficient data,weak
ips_sex,tom_spp,368,0.26580450708005027,8.438705986462447e-6,"CZ,DE",2,"CZ,DE",0.31247858797113426,0.1334638778656745,0.21810537488886264,0.40685180105340585,1,0.14104729397335558,DE,FALSE,detrended,consistent,weak
ips_sex,tor_vir,179,-0.04923889346521469,0.7252550002906525,"BG,DE",2,"BG,DE",-0.01655277133935335,0.06868608983499663,-0.06512117123486785,0.032015628556161156,0.5,0.08125452202137584,DE,TRUE,detrended,inconsistent,negligible
ips_sex,uro_sir_spp,69,0.15007948951851585,0.432358196518464,DE,1,DE,0.15007948951851585,NA,0.15007948951851585,0.15007948951851585,1,NA,NA,FALSE,detrended,insufficient data,weak
ips_sex,xyl_lin,184,0.10929717918998935,0.327169632335423,DE,1,DE,0.10929717918998935,NA,0.10929717918998935,0.10929717918998935,1,NA,NA,FALSE,detrended,insufficient data,weak
ips_sex,xyl_spp,184,0.21957784458390844,0.01715769473145841,DE,1,DE,0.21957784458390844,NA,0.21957784458390844,0.21957784458390844,1,NA,NA,FALSE,detrended,insufficient data,weak
ips_sex,zei_gri,184,-0.20604905226199405,0.027104339057226905,"CZ,DE",2,"CZ,DE",-0.18392373987418037,0.06284873812780008,-0.2283645087933653,-0.1394829709549954,1,0.06656608130699865,CZ,FALSE,detrended,consistent,weak
ips_typ,lym_dis,622,0.2088025929171607,6.26977772772535e-6,"AT,BG,CZ,DE,HR,HU,LT,RO,RS,SK",10,"AT,BG,CZ,DE,HR,HU,LT,RO,RS,SK",0.15155012401666343,0.21026632465846687,-0.1861173869162202,0.37550127375400505,0.7,0.0466465323557306,DE,FALSE,detrended,inconsistent,weak
ips_typ,lym_mon,665,0.07803680545319197,0.141844136674318,"CZ,DE,LT,PL",4,"CZ,DE,LT,PL",0.07174452814953498,0.11714777935026117,-0.08718985073687709,0.19509437996087792,0.75,0.020634441352333874,DE,FALSE,detrended,inconsistent,negligible
ips_typ,mel_spp,547,0.044030786193260445,0.5315776299176851,"DE,PL",2,"DE,PL",0.05198286472049933,0.026106149770504024,0.03352302918710431,0.07044270025389436,1,0.026411914060633916,PL,FALSE,detrended,consistent,negligible
ips_typ,neo_ser,110,-0.04244147212637373,0.8336567155965757,"BG,CZ,DE",3,"BG,CZ,DE",-0.15803751611477576,0.3452853933872759,-0.5480433638049056,0.10868417767396078,0.6666666666666666,0.3226186611197118,DE,TRUE,detrended,inconsistent,negligible
ips_typ,ope_spp,207,0.1228528483019169,0.22038909983152966,DE,1,DE,0.1228528483019169,NA,0.1228528483019169,0.1228528483019169,1,NA,NA,FALSE,detrended,insufficient data,weak
ips_typ,pan_fla,484,0.17064384567270766,0.0018002578768328403,"CZ,DE,LT,PL",4,"CZ,DE,LT,PL",0.13215415399215336,0.21783675611698786,-0.19429879389313823,0.25252996374917713,0.75,0.03890727875171951,DE,FALSE,detrended,inconsistent,weak
ips_typ,pha_cya,947,0.2918832843798199,1.5650410949561525e-17,"AT,CZ,DE,LT,PL",5,"AT,CZ,DE,LT,PL",0.30585909297532715,0.17837673057614328,0.047078016481716105,0.4726432836246998,1,0.1254481518381582,DE,FALSE,detrended,consistent,weak
ips_typ,pis_pin,184,0.3395663737882303,5.239447907303117e-5,"DE,LT",2,"DE,LT",0.020103964395065038,0.539763493525498,-0.3615664621137557,0.4017743909038858,0.5,0.7011328359019859,DE,TRUE,detrended,inconsistent,moderate
ips_typ,pit_bid,115,0.31191997903459073,0.005852491095676946,DE,1,DE,0.31191997903459073,NA,0.31191997903459073,0.31191997903459073,1,NA,NA,FALSE,detrended,insufficient data,moderate
ips_typ,pit_cha,533,0.7445673060586236,2.9284001637172098e-92,"AT,DE,IT,LT,SI,SK",6,"AT,DE,IT,LT,SI,SK",0.4349967289090055,0.3934801583549465,-0.08132998613718634,0.796543137816031,0.6666666666666666,0.3464963246289811,DE,FALSE,detrended,inconsistent,strong
ips_typ,pit_spp,469,0.24756076450263764,2.657384354859947e-6,"AT,CZ,DE,HR,SI",5,"AT,CZ,DE,HR,SI",0.37725659154145247,0.13379641587673635,0.20122187890661422,0.5702296038224474,1,0.15646321192128532,DE,FALSE,detrended,consistent,weak
ips_typ,pol_pol,207,0.2306466491389001,0.006893349499910925,"CZ,LT",2,"CZ,LT",0.3959577414645412,0.28050601239145195,0.19761003793894782,0.5943054449901346,1,0.3636587958512345,CZ,FALSE,detrended,inconsistent,weak
ips_typ,pri_abi,345,0.060862853350229215,0.48790403260821025,"CZ,DE",2,"CZ,DE",0.1076392805395621,0.08818491345029095,0.04528313024051258,0.1699954308386116,1,0.10913257748838238,DE,FALSE,detrended,consistent,negligible
ips_typ,sap_car,23,0.21383673059068728,0.5555510284476511,DE,1,DE,0.21383673059068728,NA,0.21383673059068728,0.21383673059068728,1,NA,NA,FALSE,detrended,insufficient data,weak
ips_typ,sco_int,368,0.04561089080380565,0.6127441641003056,"CZ,DE",2,"CZ,DE",0.025882040726682824,0.03935892219607589,-0.0019489200583561587,0.05371300151172181,0.5,0.04755981086216181,DE,TRUE,detrended,inconsistent,negligible
ips_typ,sco_rat,276,0.1853181879126637,0.014020408409419219,"CZ,DE,LT",3,"CZ,DE,LT",0.19472324129603075,0.054323279366675754,0.14546121953516003,0.2529839799507661,1,0.028139780879799986,LT,FALSE,detrended,consistent,weak
ips_typ,sco_sco,138,0.026943393882755545,0.8851015876976339,"DE,LT",2,"DE,LT",-0.06345883519782633,0.13546092795521306,-0.15924417594077983,0.03232650554512718,0.5,0.18618756982353538,DE,TRUE,detrended,inconsistent,negligible
ips_typ,tet_gab,379,0.3548069185679679,1.221865282765319e-10,"AT,CZ,DE",3,"AT,CZ,DE",0.20144778163696295,0.18379632716488548,0.04917056789386403,0.4056091501967393,1,0.23238238492593444,DE,FALSE,detrended,consistent,moderate
ips_typ,tet_spp,184,0.2525799040295326,0.0047968501138514075,DE,1,DE,0.2525799040295326,NA,0.2525799040295326,0.2525799040295326,1,NA,NA,FALSE,detrended,insufficient data,weak
ips_typ,tha_pit,64,0.03488563366046102,0.8941572550438353,"BG,DE,HR",3,"BG,DE,HR",0.10692437680261192,0.16712202343838875,-0.08484956859115517,0.2214348861996685,0.6666666666666666,0.1439519980362264,DE,TRUE,detrended,inconsistent,negligible
ips_typ,tha_pro,230,-0.06922324334047147,0.5217953426597218,DE,1,DE,-0.06922324334047147,NA,-0.06922324334047147,-0.06922324334047147,1,NA,NA,FALSE,detrended,insufficient data,negligible
ips_typ,tom_spp,908,0.13351500314703862,7.559390932616019e-4,"AT,CZ,DE,LT,PL",5,"AT,CZ,DE,LT,PL",0.18060252885094874,0.20436306246110886,-0.09885444670039882,0.40489382902852616,0.8,0.08639813701263707,PL,FALSE,detrended,inconsistent,weak
ips_typ,tor_vir,633,0.11206787281808696,0.026006648754665688,"BG,DE,LT,PL,RO",5,"BG,DE,LT,PL,RO",0.06087653914130203,0.3754665399000812,-0.5024543838852125,0.5228917642299058,0.6,0.09969516537757339,DE,FALSE,detrended,inconsistent,weak
ips_typ,uro_sir_spp,92,0.21600918394662974,0.1283590765598432,DE,1,DE,0.21600918394662974,NA,0.21600918394662974,0.21600918394662974,1,NA,NA,FALSE,detrended,insufficient data,weak
ips_typ,xyl_lin,230,0.23678345047855584,0.0028262333623102548,DE,1,DE,0.23678345047855584,NA,0.23678345047855584,0.23678345047855584,1,NA,NA,FALSE,detrended,insufficient data,weak
ips_typ,xyl_spp,253,0.20727526570729,0.007466677946113978,DE,1,DE,0.20727526570729,NA,0.20727526570729,0.20727526570729,1,NA,NA,FALSE,detrended,insufficient data,weak
ips_typ,zei_gri,184,-0.17923279443138926,0.06347273101763404,"CZ,DE",2,"CZ,DE",-0.15929538088465245,0.052404539482155676,-0.1963509861174429,-0.122239775651862,1,0.056993018779527255,CZ,FALSE,detrended,consistent,weak
lym_dis,lym_mon,299,0.1072085782828255,0.1875953317140152,"CZ,DE,LT",3,"CZ,DE,LT",0.10593772828762632,0.034984931390124124,0.07371351104060761,0.14314830347826796,1,0.010975546410073117,CZ,FALSE,detrended,consistent,weak
lym_dis,mel_spp,184,-0.022410607158823183,0.885811455511106,DE,1,DE,-0.022410607158823183,NA,-0.022410607158823183,-0.022410607158823183,1,NA,NA,FALSE,detrended,insufficient data,negligible
lym_dis,neo_ser,87,0.15973265507217382,0.327169632335423,"BG,CZ,DE",3,"BG,CZ,DE",0.14484975152355448,0.14003981517412803,0.04839690874669855,0.30547629156939876,1,0.090984819633875,DE,FALSE,detrended,consistent,weak
lym_dis,ope_spp,161,0.09820003846831653,0.4287481220175585,DE,1,DE,0.09820003846831653,NA,0.09820003846831653,0.09820003846831653,1,NA,NA,FALSE,detrended,insufficient data,negligible
lym_dis,pan_fla,184,0.17244795109821248,0.07696554948146428,"CZ,DE,LT",3,"CZ,DE,LT",0.1728556227538093,0.33550661776570856,-0.1826938299827837,0.4838712233259971,0.6666666666666666,0.09239569836640095,DE,FALSE,detrended,inconsistent,weak
lym_dis,pha_cya,494,0.1684246436651563,0.0018466992319777615,"AT,CZ,DE,LT",4,"AT,CZ,DE,LT",0.20210727747357135,0.10019345278422553,0.10742262236828509,0.29607070199178165,1,0.052957288308798645,DE,FALSE,detrended,consistent,weak
lym_dis,pis_pin,161,0.2384318179756045,0.015366323315887869,"DE,LT",2,"DE,LT",0.1915097313551891,0.11716168212588077,0.10866391142875607,0.2743555512816221,1,0.12976790654684844,DE,FALSE,detrended,consistent,weak
lym_dis,pit_bid,115,0.1885959615585567,0.14089541763812052,DE,1,DE,0.1885959615585567,NA,0.1885959615585567,0.1885959615585567,1,NA,NA,FALSE,detrended,insufficient data,weak
lym_dis,pit_cha,378,0.19152704351294275,0.0019311163164895228,"AT,DE,LT,SK",4,"AT,DE,LT,SK",0.11809568520886027,0.17613123959243762,-0.11506484869315704,0.2762907359416901,0.75,0.08246376129273493,DE,FALSE,detrended,inconsistent,weak
lym_dis,pit_spp,358,0.16064353447494611,0.015321637277400192,"AT,CZ,DE,HR",4,"AT,CZ,DE,HR",0.18086238588946918,0.13495702570131135,0.06469091470705537,0.37561555015992165,1,0.04191364097471384,DE,FALSE,detrended,consistent,weak
lym_dis,pol_pol,161,0.005123422384230706,0.9783684685698082,"CZ,LT",2,"CZ,LT",0.12597465133789998,0.321665242321371,-0.10147702277955552,0.35342632545535546,0.5,0.34830290307112477,CZ,TRUE,detrended,inconsistent,negligible
lym_dis,pri_abi,276,0.00856484041923662,0.9470214797117984,"CZ,DE",2,"CZ,DE",0.03266054733755123,0.07137960477394874,-0.01781245523652358,0.08313354991162604,0.5,0.07456870949238942,DE,TRUE,detrended,inconsistent,negligible
lym_dis,sap_car,23,-0.20901351109153185,0.5675336781584976,DE,1,DE,-0.20901351109153185,NA,-0.20901351109153185,-0.20901351109153185,1,NA,NA,FALSE,detrended,insufficient data,weak
lym_dis,sco_int,299,-0.01002937184243425,0.9320764184258788,"CZ,DE",2,"CZ,DE",-0.01602672184410054,0.014363488863641622,-0.02618324222107899,-0.005870201467122093,1,0.01615387037864474,DE,FALSE,detrended,consistent,negligible
lym_dis,sco_rat,230,0.08569815445726052,0.4014544109410662,"CZ,DE,LT",3,"CZ,DE,LT",0.10547533926608792,0.2584233418407632,-0.18552999898572853,0.30815793004162223,0.6666666666666666,0.15417978907651536,DE,TRUE,detrended,inconsistent,negligible
lym_dis,sco_sco,115,0.1529819346825272,0.2686568058728523,"DE,LT",2,"DE,LT",0.043067152784647296,0.234360589280909,-0.12265080913875877,0.20878511470805336,0.5,0.27563274382128594,DE,TRUE,detrended,inconsistent,weak
lym_dis,tet_gab,312,0.1574368412494558,0.027988055720892798,"AT,CZ,DE",3,"AT,CZ,DE",0.11306061344888914,0.08775137949016636,0.024463059636895282,0.19994060330526275,1,0.06979546023890892,DE,FALSE,detrended,consistent,weak
lym_dis,tet_spp,161,0.12694035430979722,0.2805502432482161,DE,1,DE,0.12694035430979722,NA,0.12694035430979722,0.12694035430979722,1,NA,NA,FALSE,detrended,insufficient data,weak
lym_dis,tha_pit,64,-0.12818001105783802,0.540211414445602,"BG,DE,HR",3,"BG,DE,HR",-0.22995191222260805,0.24305208803144368,-0.4130261497331577,0.04580568630186289,0.6666666666666666,0.16665648578261363,DE,FALSE,detrended,inconsistent,weak
lym_dis,tha_pro,184,0.12486495513827943,0.2446465587233782,DE,1,DE,0.12486495513827943,NA,0.12486495513827943,0.12486495513827943,1,NA,NA,FALSE,detrended,insufficient data,weak
lym_dis,tom_spp,494,0.17431143890433098,0.0012465971458499986,"AT,CZ,DE,LT",4,"AT,CZ,DE,LT",0.27004992085514884,0.11470842210020304,0.10160590173541041,0.35749853962561035,1,0.13970771232056445,DE,FALSE,detrended,consistent,weak
lym_dis,tor_vir,248,0.0267303231343058,0.838870630024493,"BG,DE,LT,RO",4,"BG,DE,LT,RO",0.07668134376211373,0.20090913070404456,-0.14645820555234465,0.31316183320041013,0.5,0.07820024630370681,DE,TRUE,detrended,inconsistent,negligible
lym_dis,uro_sir_spp,69,0.1282385183859851,0.5192649382893193,DE,1,DE,0.1282385183859851,NA,0.1282385183859851,0.1282385183859851,1,NA,NA,FALSE,detrended,insufficient data,weak
lym_dis,xyl_lin,184,-0.04630114710350623,0.7313171067711874,DE,1,DE,-0.04630114710350623,NA,-0.04630114710350623,-0.04630114710350623,1,NA,NA,FALSE,detrended,insufficient data,negligible
lym_dis,xyl_spp,207,0.06533275669237198,0.5784975476108103,DE,1,DE,0.06533275669237198,NA,0.06533275669237198,0.06533275669237198,1,NA,NA,FALSE,detrended,insufficient data,negligible
lym_dis,zei_gri,138,0.14718732436952675,0.2314380397779199,"CZ,DE",2,"CZ,DE",0.14352066846795108,0.021476341944045536,0.12833460144423542,0.15870673549166678,1,0.018852722925291332,CZ,FALSE,detrended,consistent,weak
lym_mon,mel_spp,481,0.12567659763230662,0.02994132193222451,"DE,PL",2,"DE,PL",0.09325693315527932,0.10461607788122745,0.0192821950643234,0.16723167124623523,1,0.10639440256798323,PL,FALSE,detrended,consistent,weak
lym_mon,neo_ser,92,-0.14738673280641318,0.35644447245037214,"CZ,DE",2,"CZ,DE",-0.09431278499209046,0.12730514805444804,-0.1843311184613481,-0.004294451522832836,1,0.14309228128358034,DE,FALSE,detrended,consistent,weak
lym_mon,ope_spp,138,0.24170429371975186,0.0238320380397389,DE,1,DE,0.24170429371975186,NA,0.24170429371975186,0.24170429371975186,1,NA,NA,FALSE,detrended,insufficient data,weak
lym_mon,pan_fla,484,0.29693498277719393,2.1813108214119383e-9,"CZ,DE,LT,PL",4,"CZ,DE,LT,PL",0.2564206637694892,0.23861386028349535,-0.06068913407006646,0.4727562286813534,0.75,0.2632605541783529,PL,FALSE,detrended,inconsistent,weak
lym_mon,pha_cya,665,-0.014052542835425523,0.8630922160196618,"CZ,DE,LT,PL",4,"CZ,DE,LT,PL",0.030581034394022016,0.12589934476261552,-0.13701745173386295,0.1394699609167307,0.25,0.12428806945986273,PL,TRUE,detrended,inconsistent,negligible
lym_mon,pis_pin,161,-0.018971673007826005,0.9063764064106614,"DE,LT",2,"DE,LT",-0.18150152253649227,0.4200205947267816,-0.4785009333058062,0.11549788823282166,0.5,0.4595292602979802,DE,TRUE,detrended,inconsistent,negligible
lym_mon,pit_bid,92,-0.2200653148935829,0.11839292010974888,DE,1,DE,-0.2200653148935829,NA,-0.2200653148935829,-0.2200653148935829,1,NA,NA,FALSE,detrended,insufficient data,weak
lym_mon,pit_cha,207,0.1301753381189164,0.18264309851895238,"DE,LT",2,"DE,LT",0.0518129155378141,0.14639582556332215,-0.0517045654554139,0.1553303965310421,0.5,0.18187990357433031,DE,TRUE,detrended,inconsistent,weak
lym_mon,pit_spp,184,-0.04201322154521216,0.7646801370754231,"CZ,DE",2,"CZ,DE",-0.10816693170817851,0.39414423507758944,-0.3868689930971267,0.17053512968076967,0.5,0.34485577155191455,CZ,TRUE,detrended,inconsistent,negligible
lym_mon,pol_pol,161,0.1006519110135267,0.4145114577996968,"CZ,LT",2,"CZ,LT",0.026770878348940742,0.1833387057623069,-0.10286916374955161,0.1564109204474331,0.5,0.20352107476307832,CZ,TRUE,detrended,inconsistent,weak
lym_mon,pri_abi,276,-0.04555630513268473,0.6622209523806709,"CZ,DE",2,"CZ,DE",-0.019288663288470433,0.08522794251597908,-0.0795539193880965,0.040976592811155635,0.5,0.08653289794384036,DE,TRUE,detrended,inconsistent,negligible
lym_mon,sap_car,23,-0.15495751636997432,0.695484993877426,DE,1,DE,-0.15495751636997432,NA,-0.15495751636997432,-0.15495751636997432,1,NA,NA,FALSE,detrended,insufficient data,weak
lym_mon,sco_int,253,0.010981320132679068,0.9320764184258788,"CZ,DE",2,"CZ,DE",0.019825273578465884,0.05045146024267469,-0.01584929607989289,0.05549984323682466,0.5,0.044518523104145585,DE,TRUE,detrended,inconsistent,negligible
lym_mon,sco_rat,230,-0.042466303875521194,0.7290555359080454,"CZ,DE,LT",3,"CZ,DE,LT",-0.06675737633897753,0.20911714692109357,-0.2580087946840781,0.15652863352317134,0.6666666666666666,0.10908511169936164,CZ,TRUE,detrended,inconsistent,negligible
lym_mon,sco_sco,92,0.11544622455655028,0.5021036448225643,"DE,LT",2,"DE,LT",0.01875188655606086,0.23099286095329083,-0.14458473182969236,0.18208850494181408,0.5,0.26003095638624263,DE,TRUE,detrended,inconsistent,weak
lym_mon,tet_gab,207,-0.15806621782365143,0.08715758194291616,"CZ,DE",2,"CZ,DE",-0.16113715834499426,0.0036071246582165973,-0.16368778065140444,-0.1585865360385841,1,0.005621562827753002,DE,FALSE,detrended,consistent,weak
lym_mon,tet_spp,115,0.15998367696472934,0.23754172671359305,DE,1,DE,0.15998367696472934,NA,0.15998367696472934,0.15998367696472934,1,NA,NA,FALSE,detrended,insufficient data,weak
lym_mon,tha_pit,23,-0.14024968461678933,0.7295033632693616,DE,1,DE,-0.14024968461678933,NA,-0.14024968461678933,-0.14024968461678933,1,NA,NA,FALSE,detrended,insufficient data,weak
lym_mon,tha_pro,161,0.5026244644217222,9.915112812892616e-10,DE,1,DE,0.5026244644217222,NA,0.5026244644217222,0.5026244644217222,1,NA,NA,FALSE,detrended,insufficient data,strong
lym_mon,tom_spp,605,-0.06005410244432432,0.32734028844611773,"CZ,DE,LT,PL",4,"CZ,DE,LT,PL",-0.027138573114755385,0.1962573759028958,-0.22138128550366368,0.2035305397564586,0.5,0.13192238028989692,PL,TRUE,detrended,inconsistent,negligible
lym_mon,tor_vir,504,0.06556545010072272,0.3300642411733629,"DE,LT,PL",3,"DE,LT,PL",0.07298045999388644,0.14323811549002408,-0.023362062755208926,0.23758086918756277,0.6666666666666666,0.12859747209557776,PL,FALSE,detrended,inconsistent,negligible
lym_mon,uro_sir_spp,46,0.031221645289272168,0.9226109113648292,DE,1,DE,0.031221645289272168,NA,0.031221645289272168,0.031221645289272168,1,NA,NA,FALSE,detrended,insufficient data,negligible
lym_mon,xyl_lin,161,0.021700441597682002,0.8941572550438353,DE,1,DE,0.021700441597682002,NA,0.021700441597682002,0.021700441597682002,1,NA,NA,FALSE,detrended,insufficient data,negligible
lym_mon,xyl_spp,184,-0.006720349911397357,0.9717196484388698,DE,1,DE,-0.006720349911397357,NA,-0.006720349911397357,-0.006720349911397357,1,NA,NA,FALSE,detrended,insufficient data,negligible
lym_mon,zei_gri,161,0.12528147520129024,0.2872129465329442,"CZ,DE",2,"CZ,DE",0.2586476203829702,0.4027205726262853,-0.026118827444405683,0.543414068210346,0.5,0.41813259300905575,CZ,TRUE,detrended,inconsistent,weak
mel_spp,neo_ser,46,-0.24788865438690644,0.25651745298794504,DE,1,DE,-0.24788865438690644,NA,-0.24788865438690644,-0.24788865438690644,1,NA,NA,FALSE,detrended,insufficient data,weak
mel_spp,ope_spp,161,0.017233135015452688,0.9171947135617257,DE,1,DE,0.017233135015452688,NA,0.017233135015452688,0.017233135015452688,1,NA,NA,FALSE,detrended,insufficient data,negligible
mel_spp,pan_fla,415,0.11360286429796766,0.08152073649983654,"DE,PL",2,"DE,PL",0.15422732010617493,0.09652407924737953,0.08597448912256515,0.2224801510897847,1,0.10887728679181703,PL,FALSE,detrended,consistent,weak
mel_spp,pha_cya,547,0.014747486256567367,0.8668300423711355,"DE,PL",2,"DE,PL",0.030536405574742416,0.0766290263660335,-0.023648498604402612,0.08472130975388745,0.5,0.06997382349732008,PL,TRUE,detrended,inconsistent,negligible
mel_spp,pis_pin,138,0.2628307916464662,0.01351161835366788,DE,1,DE,0.2628307916464662,NA,0.2628307916464662,0.2628307916464662,1,NA,NA,FALSE,detrended,insufficient data,weak
mel_spp,pit_bid,92,-0.09550695036896242,0.5936738110850076,DE,1,DE,-0.09550695036896242,NA,-0.09550695036896242,-0.09550695036896242,1,NA,NA,FALSE,detrended,insufficient data,negligible
mel_spp,pit_cha,207,-0.0037120200819713337,0.9800980711091677,DE,1,DE,-0.0037120200819713337,NA,-0.0037120200819713337,-0.0037120200819713337,1,NA,NA,FALSE,detrended,insufficient data,negligible
mel_spp,pit_spp,92,-0.07622216357350378,0.6844258313507275,DE,1,DE,-0.07622216357350378,NA,-0.07622216357350378,-0.07622216357350378,1,NA,NA,FALSE,detrended,insufficient data,negligible
mel_spp,pol_pol,0,NA,NA,,0,NA,NA,NA,NA,NA,NA,NA,NA,NA,detrended,insufficient data,NA
mel_spp,pri_abi,161,-0.018304259115301504,0.9096003894132357,DE,1,DE,-0.018304259115301504,NA,-0.018304259115301504,-0.018304259115301504,1,NA,NA,FALSE,detrended,insufficient data,negligible
mel_spp,sap_car,23,0.3178143200991527,0.327169632335423,DE,1,DE,0.3178143200991527,NA,0.3178143200991527,0.3178143200991527,1,NA,NA,FALSE,detrended,insufficient data,moderate
mel_spp,sco_int,138,0.10690692777177546,0.4251430080470925,DE,1,DE,0.10690692777177546,NA,0.10690692777177546,0.10690692777177546,1,NA,NA,FALSE,detrended,insufficient data,weak
mel_spp,sco_rat,69,0.14971359734833412,0.43296082358193194,DE,1,DE,0.14971359734833412,NA,0.14971359734833412,0.14971359734833412,1,NA,NA,FALSE,detrended,insufficient data,weak
mel_spp,sco_sco,92,-0.19380447023107508,0.1875953317140152,DE,1,DE,-0.19380447023107508,NA,-0.19380447023107508,-0.19380447023107508,1,NA,NA,FALSE,detrended,insufficient data,weak
mel_spp,tet_gab,184,0.14451089602475184,0.15437943570442328,DE,1,DE,0.14451089602475184,NA,0.14451089602475184,0.14451089602475184,1,NA,NA,FALSE,detrended,insufficient data,weak
mel_spp,tet_spp,161,0.3050439222491502,0.001068355728512425,DE,1,DE,0.3050439222491502,NA,0.3050439222491502,0.3050439222491502,1,NA,NA,FALSE,detrended,insufficient data,moderate
mel_spp,tha_pit,23,0.23409955123878756,0.5053292614008078,DE,1,DE,0.23409955123878756,NA,0.23409955123878756,0.23409955123878756,1,NA,NA,FALSE,detrended,insufficient data,weak
mel_spp,tha_pro,184,0.030853116024344443,0.8397167545173047,DE,1,DE,0.030853116024344443,NA,0.030853116024344443,0.030853116024344443,1,NA,NA,FALSE,detrended,insufficient data,negligible
mel_spp,tom_spp,487,0.13795102151371266,0.015302815729403877,"DE,PL",2,"DE,PL",0.1762298935484504,0.18316230917393742,0.046714582673772265,0.3057452044231285,1,0.16779418290941586,PL,FALSE,detrended,consistent,weak
mel_spp,tor_vir,524,-0.09168084147859444,0.12006080152935772,"DE,PL",2,"DE,PL",-0.09051015011666447,0.0042652372555907,-0.09352612830346214,-0.08749417192986678,1,0.0041866695487276645,PL,FALSE,detrended,consistent,negligible
mel_spp,uro_sir_spp,69,0.06560370393210349,0.7752063508939085,DE,1,DE,0.06560370393210349,NA,0.06560370393210349,0.06560370393210349,1,NA,NA,FALSE,detrended,insufficient data,negligible
mel_spp,xyl_lin,184,-0.00270060661577008,0.9847634740689464,DE,1,DE,-0.00270060661577008,NA,-0.00270060661577008,-0.00270060661577008,1,NA,NA,FALSE,detrended,insufficient data,negligible
mel_spp,xyl_spp,207,-0.02474651115439533,0.8630922160196618,DE,1,DE,-0.02474651115439533,NA,-0.02474651115439533,-0.02474651115439533,1,NA,NA,FALSE,detrended,insufficient data,negligible
mel_spp,zei_gri,23,0.08994139168524169,0.8420227825167819,DE,1,DE,0.08994139168524169,NA,0.08994139168524169,0.08994139168524169,1,NA,NA,FALSE,detrended,insufficient data,negligible
neo_ser,ope_spp,46,0.053472310479718725,0.8630922160196618,DE,1,DE,0.053472310479718725,NA,0.053472310479718725,0.053472310479718725,1,NA,NA,FALSE,detrended,insufficient data,negligible
neo_ser,pan_fla,69,-0.14396701253898117,0.45946763573718824,"CZ,DE",2,"CZ,DE",-0.07268120460826069,0.15568355463259995,-0.18276610180819847,0.03740369259167708,0.5,0.18137070513065826,DE,TRUE,detrended,inconsistent,weak
neo_ser,pha_cya,92,0.15528078361417644,0.327169632335423,"CZ,DE",2,"CZ,DE",0.13696969472885978,0.08177166227734768,0.07914839782365105,0.19479099163406854,1,0.07613238579052539,DE,FALSE,detrended,consistent,weak
neo_ser,pis_pin,46,-0.076750857450043,0.7926476139036971,DE,1,DE,-0.076750857450043,NA,-0.076750857450043,-0.076750857450043,1,NA,NA,FALSE,detrended,insufficient data,negligible
neo_ser,pit_bid,46,0.32489629881915555,0.09960487053973331,DE,1,DE,0.32489629881915555,NA,0.32489629881915555,0.32489629881915555,1,NA,NA,FALSE,detrended,insufficient data,moderate
neo_ser,pit_cha,46,0.032609238377160836,0.9177659450422568,DE,1,DE,0.032609238377160836,NA,0.032609238377160836,0.032609238377160836,1,NA,NA,FALSE,detrended,insufficient data,negligible
neo_ser,pit_spp,46,0.06401205162133768,0.8380197266993087,CZ,1,CZ,0.06401205162133768,NA,0.06401205162133768,0.06401205162133768,1,NA,NA,FALSE,detrended,insufficient data,negligible
neo_ser,pol_pol,46,0.044435062350798346,0.8887515837963572,CZ,1,CZ,0.044435062350798346,NA,0.044435062350798346,0.044435062350798346,1,NA,NA,FALSE,detrended,insufficient data,negligible
neo_ser,pri_abi,92,0.00300329990778979,0.9853403827981683,"CZ,DE",2,"CZ,DE",0.03735298463039977,0.0754826736956956,-0.01602132580191802,0.09072729506271757,0.5,0.08772399515492778,DE,TRUE,detrended,inconsistent,negligible
neo_ser,sap_car,0,NA,NA,,0,NA,NA,NA,NA,NA,NA,NA,NA,NA,detrended,insufficient data,NA
neo_ser,sco_int,92,-0.010680865156122434,0.9660300229050373,"CZ,DE",2,"CZ,DE",0.012461925101725765,0.0942800390531726,-0.05420412984330511,0.07912798004675664,0.5,0.08980884520287907,DE,TRUE,detrended,inconsistent,negligible
neo_ser,sco_rat,92,0.19681586916991808,0.1797940280261051,"CZ,DE",2,"CZ,DE",0.19314774705010807,0.13747596987159966,0.09593755650370245,0.2903579375965137,1,0.10087831266621564,DE,FALSE,detrended,consistent,weak
neo_ser,sco_sco,46,0.13933714734532682,0.5831581679870891,DE,1,DE,0.13933714734532682,NA,0.13933714734532682,0.13933714734532682,1,NA,NA,FALSE,detrended,insufficient data,weak
neo_ser,tet_gab,69,0.25861516655814265,0.10942290833390951,"CZ,DE",2,"CZ,DE",0.019823908034687504,0.35502562258527554,-0.23121711719033672,0.2708649332597117,0.5,0.48983228374847937,DE,TRUE,detrended,inconsistent,weak
neo_ser,tet_spp,23,-0.31922622803957,0.3268669635763727,DE,1,DE,-0.31922622803957,NA,-0.31922622803957,-0.31922622803957,1,NA,NA,FALSE,detrended,insufficient data,moderate
neo_ser,tha_pit,18,-0.22500893852482723,0.5966917768258704,BG,1,BG,-0.22500893852482723,NA,-0.22500893852482723,-0.22500893852482723,1,NA,NA,FALSE,detrended,insufficient data,weak
neo_ser,tha_pro,23,0.07854759066191377,0.8630922160196618,DE,1,DE,0.07854759066191377,NA,0.07854759066191377,0.07854759066191377,1,NA,NA,FALSE,detrended,insufficient data,negligible
neo_ser,tom_spp,92,0.16275640052283738,0.29684759806124994,"CZ,DE",2,"CZ,DE",0.1116355811004241,0.11389691530717466,0.031098299930491,0.19217286227035718,1,0.1316581005923464,DE,FALSE,detrended,consistent,weak
neo_ser,tor_vir,64,0.079398271120462,0.7313171067711874,"BG,DE",2,"BG,DE",0.06987394479459394,0.07070406897690087,0.01987861816354593,0.11986927142564195,1,0.059519652956916066,DE,FALSE,detrended,consistent,negligible
neo_ser,uro_sir_spp,23,0.2810622791006796,0.3997903192317382,DE,1,DE,0.2810622791006796,NA,0.2810622791006796,0.2810622791006796,1,NA,NA,FALSE,detrended,insufficient data,weak
neo_ser,xyl_lin,46,0.021575620980529717,0.9470214797117984,DE,1,DE,0.021575620980529717,NA,0.021575620980529717,0.021575620980529717,1,NA,NA,FALSE,detrended,insufficient data,negligible
neo_ser,xyl_spp,46,0.07973309464308198,0.7781256494629177,DE,1,DE,0.07973309464308198,NA,0.07973309464308198,0.07973309464308198,1,NA,NA,FALSE,detrended,insufficient data,negligible
neo_ser,zei_gri,69,0.06570509994291127,0.7752063508939085,"CZ,DE",2,"CZ,DE",0.022415206237582627,0.16295410251147888,-0.09281074467045189,0.13764115714561714,0.5,0.15851584461336315,DE,TRUE,detrended,inconsistent,negligible
ope_spp,pan_fla,92,-0.08906653208436488,0.6234135143957702,DE,1,DE,-0.08906653208436488,NA,-0.08906653208436488,-0.08906653208436488,1,NA,NA,FALSE,detrended,insufficient data,negligible
ope_spp,pha_cya,207,0.08733255010614153,0.4250651701106725,DE,1,DE,0.08733255010614153,NA,0.08733255010614153,0.08733255010614153,1,NA,NA,FALSE,detrended,insufficient data,negligible
ope_spp,pis_pin,115,0.12520834182000168,0.38733540681422185,DE,1,DE,0.12520834182000168,NA,0.12520834182000168,0.12520834182000168,1,NA,NA,FALSE,detrended,insufficient data,weak
ope_spp,pit_bid,92,0.32324651639979546,0.012483387729746415,DE,1,DE,0.32324651639979546,NA,0.32324651639979546,0.32324651639979546,1,NA,NA,FALSE,detrended,insufficient data,moderate
ope_spp,pit_cha,207,0.0983185409823173,0.35269857336078153,DE,1,DE,0.0983185409823173,NA,0.0983185409823173,0.0983185409823173,1,NA,NA,FALSE,detrended,insufficient data,negligible
ope_spp,pit_spp,92,0.13783246785834344,0.3960792226076843,DE,1,DE,0.13783246785834344,NA,0.13783246785834344,0.13783246785834344,1,NA,NA,FALSE,detrended,insufficient data,weak
ope_spp,pol_pol,0,NA,NA,,0,NA,NA,NA,NA,NA,NA,NA,NA,NA,detrended,insufficient data,NA
ope_spp,pri_abi,161,-0.08589972261276634,0.5053292614008078,DE,1,DE,-0.08589972261276634,NA,-0.08589972261276634,-0.08589972261276634,1,NA,NA,FALSE,detrended,insufficient data,negligible
ope_spp,sap_car,0,NA,NA,,0,NA,NA,NA,NA,NA,NA,NA,NA,NA,detrended,insufficient data,NA
ope_spp,sco_int,161,-0.03707159123546539,0.8160317564107509,DE,1,DE,-0.03707159123546539,NA,-0.03707159123546539,-0.03707159123546539,1,NA,NA,FALSE,detrended,insufficient data,negligible
ope_spp,sco_rat,46,0.1621099364239327,0.5053292614008078,DE,1,DE,0.1621099364239327,NA,0.1621099364239327,0.1621099364239327,1,NA,NA,FALSE,detrended,insufficient data,weak
ope_spp,sco_sco,92,0.12198772097236982,0.47080357841139897,DE,1,DE,0.12198772097236982,NA,0.12198772097236982,0.12198772097236982,1,NA,NA,FALSE,detrended,insufficient data,weak
ope_spp,tet_gab,161,0.10437398884386664,0.3925191225273754,DE,1,DE,0.10437398884386664,NA,0.10437398884386664,0.10437398884386664,1,NA,NA,FALSE,detrended,insufficient data,weak
ope_spp,tet_spp,138,0.016580522890539233,0.9266349905303242,DE,1,DE,0.016580522890539233,NA,0.016580522890539233,0.016580522890539233,1,NA,NA,FALSE,detrended,insufficient data,negligible
ope_spp,tha_pit,0,NA,NA,,0,NA,NA,NA,NA,NA,NA,NA,NA,NA,detrended,insufficient data,NA
ope_spp,tha_pro,184,0.18336892532318205,0.05547440495821299,DE,1,DE,0.18336892532318205,NA,0.18336892532318205,0.18336892532318205,1,NA,NA,FALSE,detrended,insufficient data,weak
ope_spp,tom_spp,207,0.15778180693242969,0.087774357409241055,DE,1,DE,0.15778180693242969,NA,0.15778180693242969,0.15778180693242969,1,NA,NA,FALSE,detrended,insufficient data,weak
ope_spp,tor_vir,184,0.5724727407576549,4.1365567039823806e-15,DE,1,DE,0.5724727407576549,NA,0.5724727407576549,0.5724727407576549,1,NA,NA,FALSE,detrended,insufficient data,strong
ope_spp,uro_sir_spp,92,-0.0845571271764483,0.639796247416151,DE,1,DE,-0.0845571271764483,NA,-0.0845571271764483,-0.0845571271764483,1,NA,NA,FALSE,detrended,insufficient data,negligible
ope_spp,xyl_lin,207,0.14025935616955307,0.14104251105598983,DE,1,DE,0.14025935616955307,NA,0.14025935616955307,0.14025935616955307,1,NA,NA,FALSE,detrended,insufficient data,weak
ope_spp,xyl_spp,207,0.07385159004772845,0.5155606442701739,DE,1,DE,0.07385159004772845,NA,0.07385159004772845,0.07385159004772845,1,NA,NA,FALSE,detrended,insufficient data,negligible
ope_spp,zei_gri,23,-0.01695112426377923,0.9738686398875144,DE,1,DE,-0.01695112426377923,NA,-0.01695112426377923,-0.01695112426377923,1,NA,NA,FALSE,detrended,insufficient data,negligible
pan_fla,pha_cya,484,-0.006924081186466534,0.940359415080926,"CZ,DE,LT,PL",4,"CZ,DE,LT,PL",-0.06830949280303701,0.29966192720217716,-0.508127823236243,0.1347954716837089,0.5,0.04560311539218381,DE,TRUE,detrended,inconsistent,negligible
pan_fla,pis_pin,138,-0.12652287768586348,0.327169632335423,"DE,LT",2,"DE,LT",-0.233047163115516,0.3416705423602425,-0.474644720550129,0.008550394319097055,0.5,0.3481218428642655,DE,TRUE,detrended,inconsistent,weak
pan_fla,pit_bid,92,0.12609909928858787,0.4516990766550427,DE,1,DE,0.12609909928858787,NA,0.12609909928858787,0.12609909928858787,1,NA,NA,FALSE,detrended,insufficient data,weak
pan_fla,pit_cha,161,0.1341597570686045,0.24126666314802406,"DE,LT",2,"DE,LT",-0.056660095785207615,0.4206141474309866,-0.35407921169665646,0.24075902012624123,0.5,0.48823896876526096,DE,TRUE,detrended,inconsistent,weak
pan_fla,pit_spp,46,0.20517259354315184,0.37090373578801367,"CZ,DE",2,"CZ,DE",0.18788752490807592,0.16659019171853823,0.07009047066473051,0.30568457915142133,1,0.13508212287842133,DE,FALSE,detrended,consistent,weak
pan_fla,pol_pol,46,-0.23876776805895114,0.28359026527294995,"CZ,LT",2,"CZ,LT",-0.08014377322887664,0.3483031947635473,-0.3264313241551197,0.16614377769736643,0.5,0.4049115457563176,LT,TRUE,detrended,inconsistent,weak
pan_fla,pri_abi,138,0.17989138649141156,0.11779108732374034,"CZ,DE",2,"CZ,DE",0.12209171648132698,0.1009017710860034,0.05074338991268127,0.1934400430499727,1,0.1291479965787303,DE,FALSE,detrended,consistent,weak
pan_fla,sap_car,23,-0.04019875143457242,0.9298886540610122,DE,1,DE,-0.04019875143457242,NA,-0.04019875143457242,-0.04019875143457242,1,NA,NA,FALSE,detrended,insufficient data,negligible
pan_fla,sco_int,115,0.06917959629481066,0.6762511490858296,"CZ,DE",2,"CZ,DE",0.16264913312443738,0.20253325006391365,0.019436498588493258,0.3058617676603815,1,0.23668217136557082,DE,FALSE,detrended,inconsistent,negligible
pan_fla,sco_rat,115,-0.15479069919984406,0.260102325123655,"CZ,DE,LT",3,"CZ,DE,LT",-0.09853955477845286,0.1536417970073621,-0.2281152427854319,0.07119307278186708,0.6666666666666666,0.06547380439929842,DE,FALSE,detrended,inconsistent,weak
pan_fla,sco_sco,92,-0.0222948186655469,0.9203633240048945,"DE,LT",2,"DE,LT",-0.021913619397346797,0.002132368859285441,-0.023421431877738555,-0.020405806916955038,1,0.0018890117485918616,DE,FALSE,detrended,consistent,negligible
pan_fla,tet_gab,115,0.03366075699970611,0.8630922160196618,"CZ,DE",2,"CZ,DE",0.03071441316669653,0.006231174435045063,0.026308307468919913,0.03512051886447315,1,0.007352449530786197,DE,FALSE,detrended,consistent,negligible
pan_fla,tet_spp,92,0.25497570305464257,0.060821217567631466,DE,1,DE,0.25497570305464257,NA,0.25497570305464257,0.25497570305464257,1,NA,NA,FALSE,detrended,insufficient data,weak
pan_fla,tha_pit,23,-0.28723553920005196,0.3888450033282599,DE,1,DE,-0.28723553920005196,NA,-0.28723553920005196,-0.28723553920005196,1,NA,NA,FALSE,detrended,insufficient data,weak
pan_fla,tha_pro,115,-0.03671282555337111,0.8519350921210153,DE,1,DE,-0.03671282555337111,NA,-0.03671282555337111,-0.03671282555337111,1,NA,NA,FALSE,detrended,insufficient data,negligible
pan_fla,tom_spp,424,0.021346301318899624,0.8337567703978538,"CZ,DE,LT,PL",4,"CZ,DE,LT,PL",-0.006986504318810094,0.36897261541549786,-0.5293594353918142,0.27900752125686556,0.5,0.06532195428342723,PL,TRUE,detrended,inconsistent,negligible
pan_fla,tor_vir,461,0.019353695164141507,0.8397809618700227,"DE,LT,PL",3,"DE,LT,PL",-0.0930952930592904,0.16136643788151916,-0.2535599395032566,0.06915806530478216,0.3333333333333333,0.14863109851214076,PL,TRUE,detrended,inconsistent,negligible
pan_fla,uro_sir_spp,23,-0.009101708330711243,0.9847634740689464,DE,1,DE,-0.009101708330711243,NA,-0.009101708330711243,-0.009101708330711243,1,NA,NA,FALSE,detrended,insufficient data,negligible
pan_fla,xyl_lin,115,0.18830800896591543,0.14104251105598983,DE,1,DE,0.18830800896591543,NA,0.18830800896591543,0.18830800896591543,1,NA,NA,FALSE,detrended,insufficient data,weak
pan_fla,xyl_spp,138,0.13593208025864165,0.2866875164899919,DE,1,DE,0.13593208025864165,NA,0.13593208025864165,0.13593208025864165,1,NA,NA,FALSE,detrended,insufficient data,weak
pan_fla,zei_gri,46,0.20657839808165826,0.36603927327753916,"CZ,DE",2,"CZ,DE",0.2441823641430692,0.47834813445670665,-0.09406084549920249,0.5824255737853409,0.5,0.37584717570368265,DE,TRUE,detrended,inconsistent,weak
pha_cya,pis_pin,184,0.3200232566174125,1.713068132758211e-4,"DE,LT",2,"DE,LT",0.18394887223484277,0.3162320859627399,-0.03966098017817783,0.40755872464786336,0.5,0.3596842367955903,DE,TRUE,detrended,inconsistent,moderate
pha_cya,pit_bid,115,0.41083801291232486,9.999103153303864e-5,DE,1,DE,0.41083801291232486,NA,0.41083801291232486,0.41083801291232486,1,NA,NA,FALSE,detrended,insufficient data,moderate
pha_cya,pit_cha,423,0.308385428998413,6.446281202881942e-9,"AT,DE,LT",3,"AT,DE,LT",0.22424812626939056,0.13628803061746225,0.12721872954525132,0.3800633345002326,1,0.17166292765794836,DE,FALSE,detrended,consistent,moderate
pha_cya,pit_spp,402,0.06528297710097851,0.3975466476983573,"AT,CZ,DE",3,"AT,CZ,DE",0.08755027360009605,0.1628777972566722,-0.054270103299302534,0.26543902233768674,0.6666666666666666,0.1348706471905936,DE,TRUE,detrended,inconsistent,negligible
pha_cya,pol_pol,207,0.12631173852188174,0.20153685360110465,"CZ,LT",2,"CZ,LT",0.15716819656973566,0.05901881031932519,0.11543559557537823,0.1989007975640931,1,0.07258905904221136,CZ,FALSE,detrended,consistent,weak
pha_cya,pri_abi,345,0.0016539357358530344,0.9853403827981683,"CZ,DE",2,"CZ,DE",0.030458326571618306,0.12471239892513364,-0.057726656406385586,0.1186433095496222,0.5,0.11698937381376916,DE,TRUE,detrended,inconsistent,negligible
pha_cya,sap_car,23,0.41486323400790187,0.15250728549108938,DE,1,DE,0.41486323400790187,NA,0.41486323400790187,0.41486323400790187,1,NA,NA,FALSE,detrended,insufficient data,moderate
pha_cya,sco_int,368,0.05141405952145709,0.5532622082342986,"CZ,DE",2,"CZ,DE",0.08329180365290687,0.10723862051650802,0.007462647880593222,0.1591209594252205,1,0.10770689990376342,DE,FALSE,detrended,consistent,negligible
pha_cya,sco_rat,276,0.15054999111308084,0.05408669670391366,"CZ,DE,LT",3,"CZ,DE,LT",0.17951326283054736,0.08350770094715744,0.08741129830455278,0.2502919060286029,1,0.07332312836291074,CZ,FALSE,detrended,consistent,weak
pha_cya,sco_sco,138,0.07371251196481317,0.6184145571175108,"DE,LT",2,"DE,LT",0.028952688669430834,0.09333145226549192,-0.03704261412548707,0.09494799146434874,0.5,0.11075512609030023,DE,TRUE,detrended,inconsistent,negligible
pha_cya,tet_gab,358,0.14626630624659315,0.029103174609581364,"AT,CZ,DE",3,"AT,CZ,DE",0.056331214291205495,0.1439304335067985,-0.05380329550690438,0.21918883055482064,0.6666666666666666,0.15150473280424726,DE,TRUE,detrended,inconsistent,weak
pha_cya,tet_spp,184,0.027405921026950483,0.8629249659591296,DE,1,DE,0.027405921026950483,NA,0.027405921026950483,0.027405921026950483,1,NA,NA,FALSE,detrended,insufficient data,negligible
pha_cya,tha_pit,23,0.12116665727142702,0.7696059481363223,DE,1,DE,0.12116665727142702,NA,0.12116665727142702,0.12116665727142702,1,NA,NA,FALSE,detrended,insufficient data,weak
pha_cya,tha_pro,230,0.07688229488662328,0.4703098429426117,DE,1,DE,0.07688229488662328,NA,0.07688229488662328,0.07688229488662328,1,NA,NA,FALSE,detrended,insufficient data,negligible
pha_cya,tom_spp,887,0.10038312428296736,0.01715769473145841,"AT,CZ,DE,LT,PL",5,"AT,CZ,DE,LT,PL",0.20745558153454025,0.2525499933786178,-0.1666425566881323,0.4440575273270361,0.8,0.21040929083426474,PL,FALSE,detrended,inconsistent,weak
pha_cya,tor_vir,593,-8.806088073710377e-6,0.999829260851297,"DE,LT,PL",3,"DE,LT,PL",0.05399977693989691,0.10236209075826322,-0.062195307200604115,0.13085963338202947,0.3333333333333333,0.0977590883945443,PL,TRUE,detrended,inconsistent,negligible
pha_cya,uro_sir_spp,92,0.15206944416399049,0.34072039865390064,DE,1,DE,0.15206944416399049,NA,0.15206944416399049,0.15206944416399049,1,NA,NA,FALSE,detrended,insufficient data,weak
pha_cya,xyl_lin,230,0.14321363662943026,0.10420723199979942,DE,1,DE,0.14321363662943026,NA,0.14321363662943026,0.14321363662943026,1,NA,NA,FALSE,detrended,insufficient data,weak
pha_cya,xyl_spp,253,0.3100099093359184,1.6266288146634008e-5,DE,1,DE,0.3100099093359184,NA,0.3100099093359184,0.3100099093359184,1,NA,NA,FALSE,detrended,insufficient data,moderate
pha_cya,zei_gri,184,-0.16568116158368912,0.09247561930818077,"CZ,DE",2,"CZ,DE",-0.20505602475046564,0.06914472142881362,-0.25394872615603453,-0.15616332334489674,1,0.08826756457234541,CZ,FALSE,detrended,consistent,weak
pis_pin,pit_bid,115,0.31468983547533425,0.005340974498787559,DE,1,DE,0.31468983547533425,NA,0.31468983547533425,0.31468983547533425,1,NA,NA,FALSE,detrended,insufficient data,moderate
pis_pin,pit_cha,184,0.35361611089543066,2.5340073416178716e-5,"DE,LT",2,"DE,LT",0.3414592834113689,0.0388921292662094,0.31395839507244844,0.36896017175028933,1,0.03965771582298222,DE,FALSE,detrended,consistent,moderate
pis_pin,pit_spp,23,0.23433708381536517,0.5053292614008078,DE,1,DE,0.23433708381536517,NA,0.23433708381536517,0.23433708381536517,1,NA,NA,FALSE,detrended,insufficient data,weak
pis_pin,pol_pol,23,0.10890678348741754,0.8010954789309324,LT,1,LT,0.10890678348741754,NA,0.10890678348741754,0.10890678348741754,1,NA,NA,FALSE,detrended,insufficient data,weak
pis_pin,pri_abi,138,0.12670316752088473,0.327169632335423,DE,1,DE,0.12670316752088473,NA,0.12670316752088473,0.12670316752088473,1,NA,NA,FALSE,detrended,insufficient data,weak
pis_pin,sap_car,23,0.23131268304780847,0.5138213374407973,DE,1,DE,0.23131268304780847,NA,0.23131268304780847,0.23131268304780847,1,NA,NA,FALSE,detrended,insufficient data,weak
pis_pin,sco_int,115,0.14829014080067687,0.2872129465329442,DE,1,DE,0.14829014080067687,NA,0.14829014080067687,0.14829014080067687,1,NA,NA,FALSE,detrended,insufficient data,weak
pis_pin,sco_rat,92,0.3401949512186944,0.007466677946113978,"DE,LT",2,"DE,LT",0.3477745849308781,0.05469970102448906,0.3090960554075851,0.386453114454171,1,0.0462581632354766,DE,FALSE,detrended,consistent,moderate
pis_pin,sco_sco,115,0.25533746875396146,0.030205848699738982,"DE,LT",2,"DE,LT",0.22525924479152837,0.09483903373804205,0.15819792091417909,0.2923205686688777,1,0.09713954783978238,DE,FALSE,detrended,consistent,weak
pis_pin,tet_gab,138,0.38663621460678566,5.857877533797812e-5,DE,1,DE,0.38663621460678566,NA,0.38663621460678566,0.38663621460678566,1,NA,NA,FALSE,detrended,insufficient data,moderate
pis_pin,tet_spp,92,0.3119922618619282,0.01570287348619181,DE,1,DE,0.3119922618619282,NA,0.3119922618619282,0.3119922618619282,1,NA,NA,FALSE,detrended,insufficient data,moderate
pis_pin,tha_pit,23,0.2483396884993082,0.4795623875029197,DE,1,DE,0.2483396884993082,NA,0.2483396884993082,0.2483396884993082,1,NA,NA,FALSE,detrended,insufficient data,weak
pis_pin,tha_pro,138,0.10557059034243,0.432186702070264,DE,1,DE,0.10557059034243,NA,0.10557059034243,0.10557059034243,1,NA,NA,FALSE,detrended,insufficient data,weak
pis_pin,tom_spp,184,0.3734410281845664,7.1101105271726775e-6,"DE,LT",2,"DE,LT",0.4984984649157357,0.2131941541451013,0.3477474328104045,0.6492494970210669,1,0.2758084688365005,DE,FALSE,detrended,inconsistent,moderate
pis_pin,tor_vir,184,0.00712157267414721,0.9691128735091521,"DE,LT",2,"DE,LT",-0.021208904615474554,0.06551710968365108,-0.06753649715652706,0.025118687925577945,0.5,0.07465806983067427,DE,TRUE,detrended,inconsistent,negligible
pis_pin,uro_sir_spp,46,-0.12046112612035946,0.6414662554682038,DE,1,DE,-0.12046112612035946,NA,-0.12046112612035946,-0.12046112612035946,1,NA,NA,FALSE,detrended,insufficient data,weak
pis_pin,xyl_lin,138,0.19938213229431556,0.07682589629110992,DE,1,DE,0.19938213229431556,NA,0.19938213229431556,0.19938213229431556,1,NA,NA,FALSE,detrended,insufficient data,weak
pis_pin,xyl_spp,161,0.29760989497108875,0.0014655902313694873,DE,1,DE,0.29760989497108875,NA,0.29760989497108875,0.29760989497108875,1,NA,NA,FALSE,detrended,insufficient data,weak
pis_pin,zei_gri,23,0.12896104086016325,0.753483760366835,DE,1,DE,0.12896104086016325,NA,0.12896104086016325,0.12896104086016325,1,NA,NA,FALSE,detrended,insufficient data,weak
pit_bid,pit_cha,115,0.2670406017040678,0.022367106276815426,DE,1,DE,0.2670406017040678,NA,0.2670406017040678,0.2670406017040678,1,NA,NA,FALSE,detrended,insufficient data,weak
pit_bid,pit_spp,23,0.21269692826392397,0.5590948548403084,DE,1,DE,0.21269692826392397,NA,0.21269692826392397,0.21269692826392397,1,NA,NA,FALSE,detrended,insufficient data,weak
pit_bid,pol_pol,0,NA,NA,,0,NA,NA,NA,NA,NA,NA,NA,NA,NA,detrended,insufficient data,NA
pit_bid,pri_abi,115,0.05964048595622109,0.7303598049735797,DE,1,DE,0.05964048595622109,NA,0.05964048595622109,0.05964048595622109,1,NA,NA,FALSE,detrended,insufficient data,negligible
pit_bid,sap_car,23,0.2308318861201213,0.5147423897061146,DE,1,DE,0.2308318861201213,NA,0.2308318861201213,0.2308318861201213,1,NA,NA,FALSE,detrended,insufficient data,weak
pit_bid,sco_int,115,0.1327957484971851,0.3507348382633516,DE,1,DE,0.1327957484971851,NA,0.1327957484971851,0.1327957484971851,1,NA,NA,FALSE,detrended,insufficient data,weak
pit_bid,sco_rat,69,0.33252254691041166,0.027929818170737128,DE,1,DE,0.33252254691041166,NA,0.33252254691041166,0.33252254691041166,1,NA,NA,FALSE,detrended,insufficient data,moderate
pit_bid,sco_sco,92,0.10688278554465722,0.5382095750120061,DE,1,DE,0.10688278554465722,NA,0.10688278554465722,0.10688278554465722,1,NA,NA,FALSE,detrended,insufficient data,weak
pit_bid,tet_gab,92,0.2560165132729105,0.059603405008047054,DE,1,DE,0.2560165132729105,NA,0.2560165132729105,0.2560165132729105,1,NA,NA,FALSE,detrended,insufficient data,weak
pit_bid,tet_spp,69,0.06834356856942589,0.7696059481363223,DE,1,DE,0.06834356856942589,NA,0.06834356856942589,0.06834356856942589,1,NA,NA,FALSE,detrended,insufficient data,negligible
pit_bid,tha_pit,23,0.09358898935020717,0.8377343869523265,DE,1,DE,0.09358898935020717,NA,0.09358898935020717,0.09358898935020717,1,NA,NA,FALSE,detrended,insufficient data,negligible
pit_bid,tha_pro,92,-0.12791385001797068,0.44156771032860487,DE,1,DE,-0.12791385001797068,NA,-0.12791385001797068,-0.12791385001797068,1,NA,NA,FALSE,detrended,insufficient data,weak
pit_bid,tom_spp,115,0.23478223992563227,0.051553775303379894,DE,1,DE,0.23478223992563227,NA,0.23478223992563227,0.23478223992563227,1,NA,NA,FALSE,detrended,insufficient data,weak
pit_bid,tor_vir,115,0.24425485816695383,0.04000445167064718,DE,1,DE,0.24425485816695383,NA,0.24425485816695383,0.24425485816695383,1,NA,NA,FALSE,detrended,insufficient data,weak
pit_bid,uro_sir_spp,46,0.08974926406838321,0.7495714929147055,DE,1,DE,0.08974926406838321,NA,0.08974926406838321,0.08974926406838321,1,NA,NA,FALSE,detrended,insufficient data,negligible
pit_bid,xyl_lin,115,0.1025733691668062,0.5025243788190104,DE,1,DE,0.1025733691668062,NA,0.1025733691668062,0.1025733691668062,1,NA,NA,FALSE,detrended,insufficient data,weak
pit_bid,xyl_spp,115,0.22474414672335055,0.0664369702764789,DE,1,DE,0.22474414672335055,NA,0.22474414672335055,0.22474414672335055,1,NA,NA,FALSE,detrended,insufficient data,weak
pit_bid,zei_gri,23,-0.334013844888002,0.2952144043389754,DE,1,DE,-0.334013844888002,NA,-0.334013844888002,-0.334013844888002,1,NA,NA,FALSE,detrended,insufficient data,moderate
pit_cha,pit_spp,262,0.20832921209687522,0.005852491095676946,"AT,DE,SI",3,"AT,DE,SI",0.2990357234451373,0.11530577014222826,0.2017765798619076,0.4264111831940602,1,0.02875150319007652,DE,FALSE,detrended,consistent,weak
pit_cha,pol_pol,23,0.3094547056796067,0.3433987899659094,LT,1,LT,0.3094547056796067,NA,0.3094547056796067,0.3094547056796067,1,NA,NA,FALSE,detrended,insufficient data,moderate
pit_cha,pri_abi,184,0.048174763574057075,0.7270128219579648,DE,1,DE,0.048174763574057075,NA,0.048174763574057075,0.048174763574057075,1,NA,NA,FALSE,detrended,insufficient data,negligible
pit_cha,sap_car,23,-0.007334175338480201,0.9853403827981683,DE,1,DE,-0.007334175338480201,NA,-0.007334175338480201,-0.007334175338480201,1,NA,NA,FALSE,detrended,insufficient data,negligible
pit_cha,sco_int,184,0.05898071095634255,0.642232916214309,DE,1,DE,0.05898071095634255,NA,0.05898071095634255,0.05898071095634255,1,NA,NA,FALSE,detrended,insufficient data,negligible
pit_cha,sco_rat,92,0.22757409026283895,0.10264340356157141,"DE,LT",2,"DE,LT",0.24285085323854635,0.05485154689296377,0.20406495247195977,0.28163675400513294,1,0.05406266374229399,DE,FALSE,detrended,consistent,weak
pit_cha,sco_sco,138,0.05468891735318776,0.7295033632693616,"DE,LT",2,"DE,LT",0.09864900842686919,0.073256532476521,0.04684881754650864,0.15044919930722975,1,0.09576028195404199,DE,FALSE,detrended,consistent,negligible
pit_cha,tet_gab,333,0.2904560238204154,3.0769060652369532e-6,"AT,DE",2,"AT,DE",0.274846651853986,0.05919425131744539,0.23298999534015963,0.31670330836781235,1,0.05746602848025578,DE,FALSE,detrended,consistent,weak
pit_cha,tet_spp,184,0.20204763353059163,0.030363517428999676,DE,1,DE,0.20204763353059163,NA,0.20204763353059163,0.20204763353059163,1,NA,NA,FALSE,detrended,insufficient data,weak
pit_cha,tha_pit,23,0.018420864446045793,0.973498786903195,DE,1,DE,0.018420864446045793,NA,0.018420864446045793,0.018420864446045793,1,NA,NA,FALSE,detrended,insufficient data,negligible
pit_cha,tha_pro,230,-0.11482734149640436,0.2259957201652989,DE,1,DE,-0.11482734149640436,NA,-0.11482734149640436,-0.11482734149640436,1,NA,NA,FALSE,detrended,insufficient data,weak
pit_cha,tom_spp,444,0.22229110424797038,4.987640993461091e-5,"AT,DE,LT",3,"AT,DE,LT",0.41360565142986155,0.24038842700535248,0.1921682297834443,0.6692750333762071,1,0.2476326140503401,DE,FALSE,detrended,inconsistent,weak
pit_cha,tor_vir,253,0.13961660480627036,0.09661591460743453,"DE,LT",2,"DE,LT",0.18302164356762524,0.06864835662569181,0.1344799250802861,0.2315633620549644,1,0.09194675724869403,DE,FALSE,detrended,consistent,weak
pit_cha,uro_sir_spp,92,0.22621588676424542,0.10463540707139969,DE,1,DE,0.22621588676424542,NA,0.22621588676424542,0.22621588676424542,1,NA,NA,FALSE,detrended,insufficient data,weak
pit_cha,xyl_lin,230,0.2011463388331948,0.014996392295064501,DE,1,DE,0.2011463388331948,NA,0.2011463388331948,0.2011463388331948,1,NA,NA,FALSE,detrended,insufficient data,weak
pit_cha,xyl_spp,253,0.11972672833535059,0.17258686797778416,DE,1,DE,0.11972672833535059,NA,0.11972672833535059,0.11972672833535059,1,NA,NA,FALSE,detrended,insufficient data,weak
pit_cha,zei_gri,23,-0.016532447554155456,0.9744228720338696,DE,1,DE,-0.016532447554155456,NA,-0.016532447554155456,-0.016532447554155456,1,NA,NA,FALSE,detrended,insufficient data,negligible
pit_spp,pol_pol,184,0.20631616071064376,0.02693883485847111,CZ,1,CZ,0.20631616071064376,NA,0.20631616071064376,0.20631616071064376,1,NA,NA,FALSE,detrended,insufficient data,weak
pit_spp,pri_abi,230,0.01616788626079148,0.9045905786966445,"CZ,DE",2,"CZ,DE",0.03256908923094427,0.3225877459886921,-0.1955348934853434,0.26067307194723194,0.5,0.24450518568644045,DE,TRUE,detrended,inconsistent,negligible
pit_spp,sap_car,0,NA,NA,,0,NA,NA,NA,NA,NA,NA,NA,NA,NA,detrended,insufficient data,NA
pit_spp,sco_int,253,0.06787949332834438,0.5053292614008078,"CZ,DE",2,"CZ,DE",0.1206937872782184,0.19021153376496283,-0.013806078106880764,0.25519365266331756,0.5,0.1873141593349732,DE,TRUE,detrended,inconsistent,negligible
pit_spp,sco_rat,184,0.2239614230567871,0.015147328093166308,CZ,1,CZ,0.2239614230567871,NA,0.2239614230567871,0.2239614230567871,1,NA,NA,FALSE,detrended,insufficient data,weak
pit_spp,sco_sco,23,-0.24536773461307132,0.48790403260821025,DE,1,DE,-0.24536773461307132,NA,-0.24536773461307132,-0.24536773461307132,1,NA,NA,FALSE,detrended,insufficient data,weak
pit_spp,tet_gab,220,0.20708619361787964,0.014109233907234625,"AT,CZ,DE",3,"AT,CZ,DE",0.09459638916122323,0.2081508273671166,-0.13195675053397116,0.2773857139844541,0.6666666666666666,0.14399568331097054,DE,FALSE,detrended,inconsistent,weak
pit_spp,tet_spp,92,0.2399005282058291,0.08304817841410692,DE,1,DE,0.2399005282058291,NA,0.2399005282058291,0.2399005282058291,1,NA,NA,FALSE,detrended,insufficient data,weak
pit_spp,tha_pit,23,0.2298147042481303,0.5167995764760884,HR,1,HR,0.2298147042481303,NA,0.2298147042481303,0.2298147042481303,1,NA,NA,FALSE,detrended,insufficient data,weak
pit_spp,tha_pro,92,-0.22451938340419894,0.10836992540592141,DE,1,DE,-0.22451938340419894,NA,-0.22451938340419894,-0.22451938340419894,1,NA,NA,FALSE,detrended,insufficient data,weak
pit_spp,tom_spp,402,0.041342749897163134,0.631591325490291,"AT,CZ,DE",3,"AT,CZ,DE",0.1918105632312052,0.3317807665592627,-0.18891693556159422,0.4190986380227443,0.6666666666666666,0.36267811751531154,DE,TRUE,detrended,inconsistent,negligible
pit_spp,tor_vir,69,0.044387389948254426,0.8630922160196618,DE,1,DE,0.044387389948254426,NA,0.044387389948254426,0.044387389948254426,1,NA,NA,FALSE,detrended,insufficient data,negligible
pit_spp,uro_sir_spp,46,0.20109536955960425,0.38343393677940446,DE,1,DE,0.20109536955960425,NA,0.20109536955960425,0.20109536955960425,1,NA,NA,FALSE,detrended,insufficient data,weak
pit_spp,xyl_lin,92,0.2293272061920854,0.10016989540651748,DE,1,DE,0.2293272061920854,NA,0.2293272061920854,0.2293272061920854,1,NA,NA,FALSE,detrended,insufficient data,weak
pit_spp,xyl_spp,92,0.18111605135711178,0.22958775047616592,DE,1,DE,0.18111605135711178,NA,0.18111605135711178,0.18111605135711178,1,NA,NA,FALSE,detrended,insufficient data,weak
pit_spp,zei_gri,161,-0.1325511787457293,0.24987169044476876,CZ,1,CZ,-0.1325511787457293,NA,-0.1325511787457293,-0.1325511787457293,1,NA,NA,FALSE,detrended,insufficient data,weak
pol_pol,pri_abi,161,-0.02486903788183208,0.8851015876976339,CZ,1,CZ,-0.02486903788183208,NA,-0.02486903788183208,-0.02486903788183208,1,NA,NA,FALSE,detrended,insufficient data,negligible
pol_pol,sap_car,0,NA,NA,,0,NA,NA,NA,NA,NA,NA,NA,NA,NA,detrended,insufficient data,NA
pol_pol,sco_int,184,0.22554861730722123,0.014452105278239995,CZ,1,CZ,0.22554861730722123,NA,0.22554861730722123,0.22554861730722123,1,NA,NA,FALSE,detrended,insufficient data,weak
pol_pol,sco_rat,207,0.24816971593800502,0.002995842719407368,"CZ,LT",2,"CZ,LT",0.2682704195511388,0.004928075646052233,0.264785743843615,0.2717550952586626,1,0.023585379320657573,LT,FALSE,detrended,consistent,weak
pol_pol,sco_sco,23,0.28696058061783614,0.3888450033282599,LT,1,LT,0.28696058061783614,NA,0.28696058061783614,0.28696058061783614,1,NA,NA,FALSE,detrended,insufficient data,weak
pol_pol,tet_gab,46,-0.16629861451368638,0.4975921582179073,CZ,1,CZ,-0.16629861451368638,NA,-0.16629861451368638,-0.16629861451368638,1,NA,NA,FALSE,detrended,insufficient data,weak
pol_pol,tet_spp,0,NA,NA,,0,NA,NA,NA,NA,NA,NA,NA,NA,NA,detrended,insufficient data,NA
pol_pol,tha_pit,0,NA,NA,,0,NA,NA,NA,NA,NA,NA,NA,NA,NA,detrended,insufficient data,NA
pol_pol,tha_pro,0,NA,NA,,0,NA,NA,NA,NA,NA,NA,NA,NA,NA,detrended,insufficient data,NA
pol_pol,tom_spp,207,0.15587919772955625,0.09293268531830581,"CZ,LT",2,"CZ,LT",0.3607900993573726,0.39975543620640086,0.07812031959964023,0.6434598791151049,1,0.48758068138554866,CZ,FALSE,detrended,inconsistent,weak
pol_pol,tor_vir,23,0.03366277830859687,0.940359415080926,LT,1,LT,0.03366277830859687,NA,0.03366277830859687,0.03366277830859687,1,NA,NA,FALSE,detrended,insufficient data,negligible
pol_pol,uro_sir_spp,0,NA,NA,,0,NA,NA,NA,NA,NA,NA,NA,NA,NA,detrended,insufficient data,NA
pol_pol,xyl_lin,0,NA,NA,,0,NA,NA,NA,NA,NA,NA,NA,NA,NA,detrended,insufficient data,NA
pol_pol,xyl_spp,0,NA,NA,,0,NA,NA,NA,NA,NA,NA,NA,NA,NA,detrended,insufficient data,NA
pol_pol,zei_gri,161,-0.2072067234988542,0.039599228809794274,CZ,1,CZ,-0.2072067234988542,NA,-0.2072067234988542,-0.2072067234988542,1,NA,NA,FALSE,detrended,insufficient data,weak
pri_abi,sap_car,23,0.06278337646997872,0.8915179671656244,DE,1,DE,0.06278337646997872,NA,0.06278337646997872,0.06278337646997872,1,NA,NA,FALSE,detrended,insufficient data,negligible
pri_abi,sco_int,299,0.03228827280711564,0.7696059481363223,"CZ,DE",2,"CZ,DE",0.02059297129877412,0.0833812158900887,-0.03836645188068711,0.07955239447823535,0.5,0.07065472468780275,DE,TRUE,detrended,inconsistent,negligible
pri_abi,sco_rat,230,0.10689720197191718,0.2750197531825687,"CZ,DE",2,"CZ,DE",0.09501127015958095,0.07587662478702953,0.041358394239125094,0.1486641460800368,1,0.06553880773279208,CZ,FALSE,detrended,consistent,weak
pri_abi,sco_sco,92,0.1661442851808645,0.2872129465329442,DE,1,DE,0.1661442851808645,NA,0.1661442851808645,0.1661442851808645,1,NA,NA,FALSE,detrended,insufficient data,weak
pri_abi,tet_gab,184,0.16160136964555527,0.10117204085235525,"CZ,DE",2,"CZ,DE",0.2394147007692915,0.1333030987903131,0.14515517566148087,0.33367422587710216,1,0.1720728562315469,DE,FALSE,detrended,consistent,weak
pri_abi,tet_spp,115,-0.0524376983434324,0.7696059481363223,DE,1,DE,-0.0524376983434324,NA,-0.0524376983434324,-0.0524376983434324,1,NA,NA,FALSE,detrended,insufficient data,negligible
pri_abi,tha_pit,23,0.042164415188740804,0.9273322643151067,DE,1,DE,0.042164415188740804,NA,0.042164415188740804,0.042164415188740804,1,NA,NA,FALSE,detrended,insufficient data,negligible
pri_abi,tha_pro,161,0.104425063781427,0.3925191225273754,DE,1,DE,0.104425063781427,NA,0.104425063781427,0.104425063781427,1,NA,NA,FALSE,detrended,insufficient data,weak
pri_abi,tom_spp,345,0.14294617025424966,0.037483404723155166,"CZ,DE",2,"CZ,DE",0.1699692114713579,0.07880060526163905,0.1142487691292486,0.22568965381346723,1,0.08274348355921757,DE,FALSE,detrended,consistent,weak
pri_abi,tor_vir,161,-0.08322461740732831,0.5192649382893193,DE,1,DE,-0.08322461740732831,NA,-0.08322461740732831,-0.08322461740732831,1,NA,NA,FALSE,detrended,insufficient data,negligible
pri_abi,uro_sir_spp,69,0.10680900113096853,0.6127441641003056,DE,1,DE,0.10680900113096853,NA,0.10680900113096853,0.10680900113096853,1,NA,NA,FALSE,detrended,insufficient data,weak
pri_abi,xyl_lin,184,0.03468745239036521,0.8160317564107509,DE,1,DE,0.03468745239036521,NA,0.03468745239036521,0.03468745239036521,1,NA,NA,FALSE,detrended,insufficient data,negligible
pri_abi,xyl_spp,184,0.1024212688757359,0.36345652347262225,DE,1,DE,0.1024212688757359,NA,0.1024212688757359,0.1024212688757359,1,NA,NA,FALSE,detrended,insufficient data,weak
pri_abi,zei_gri,161,-0.11038621438788909,0.3596215998300816,"CZ,DE",2,"CZ,DE",-0.005777995316708681,0.2766498632814477,-0.2013989896573516,0.18984299902393423,0.5,0.3002292134118233,CZ,TRUE,detrended,inconsistent,weak
sap_car,sco_int,23,0.10714549762921757,0.806359335723435,DE,1,DE,0.10714549762921757,NA,0.10714549762921757,0.10714549762921757,1,NA,NA,FALSE,detrended,insufficient data,weak
sap_car,sco_rat,23,0.19031682811828812,0.6129539380527426,DE,1,DE,0.19031682811828812,NA,0.19031682811828812,0.19031682811828812,1,NA,NA,FALSE,detrended,insufficient data,weak
sap_car,sco_sco,23,-0.18630100786284895,0.6215608250284358,DE,1,DE,-0.18630100786284895,NA,-0.18630100786284895,-0.18630100786284895,1,NA,NA,FALSE,detrended,insufficient data,weak
sap_car,tet_gab,23,0.48447383645796055,0.07687561954834052,DE,1,DE,0.48447383645796055,NA,0.48447383645796055,0.48447383645796055,1,NA,NA,FALSE,detrended,insufficient data,moderate
sap_car,tet_spp,23,0.01995469415841886,0.9717196484388698,DE,1,DE,0.01995469415841886,NA,0.01995469415841886,0.01995469415841886,1,NA,NA,FALSE,detrended,insufficient data,negligible
sap_car,tha_pit,23,0.0942159505259376,0.836956273331127,DE,1,DE,0.0942159505259376,NA,0.0942159505259376,0.0942159505259376,1,NA,NA,FALSE,detrended,insufficient data,negligible
sap_car,tha_pro,23,-0.3405578060117083,0.2866875164899919,DE,1,DE,-0.3405578060117083,NA,-0.3405578060117083,-0.3405578060117083,1,NA,NA,FALSE,detrended,insufficient data,moderate
sap_car,tom_spp,23,-0.014095169187097068,0.9783684685698082,DE,1,DE,-0.014095169187097068,NA,-0.014095169187097068,-0.014095169187097068,1,NA,NA,FALSE,detrended,insufficient data,negligible
sap_car,tor_vir,23,0.09402853754306248,0.836956273331127,DE,1,DE,0.09402853754306248,NA,0.09402853754306248,0.09402853754306248,1,NA,NA,FALSE,detrended,insufficient data,negligible
sap_car,uro_sir_spp,0,NA,NA,,0,NA,NA,NA,NA,NA,NA,NA,NA,NA,detrended,insufficient data,NA
sap_car,xyl_lin,23,-0.06434004866553586,0.8887515837963572,DE,1,DE,-0.06434004866553586,NA,-0.06434004866553586,-0.06434004866553586,1,NA,NA,FALSE,detrended,insufficient data,negligible
sap_car,xyl_spp,23,0.007207517505185586,0.9853403827981683,DE,1,DE,0.007207517505185586,NA,0.007207517505185586,0.007207517505185586,1,NA,NA,FALSE,detrended,insufficient data,negligible
sap_car,zei_gri,0,NA,NA,,0,NA,NA,NA,NA,NA,NA,NA,NA,NA,detrended,insufficient data,NA
sco_int,sco_rat,253,0.29470392993634725,4.2467327500270425e-5,"CZ,DE",2,"CZ,DE",0.29251283265085604,0.015072422532536423,0.2818550204691906,0.30317064483252143,1,0.012848909467156666,CZ,FALSE,detrended,consistent,weak
sco_int,sco_sco,115,-0.0371111815012672,0.8501928379011251,DE,1,DE,-0.0371111815012672,NA,-0.0371111815012672,-0.0371111815012672,1,NA,NA,FALSE,detrended,insufficient data,negligible
sco_int,tet_gab,207,0.05849464271968336,0.6239895637151394,"CZ,DE",2,"CZ,DE",-0.08590813387224118,0.23345300860628834,-0.2509843393461491,0.07916807160166675,0.5,0.30947898206583246,DE,TRUE,detrended,inconsistent,negligible
sco_int,tet_spp,138,-0.05912792909449855,0.7063283391044547,DE,1,DE,-0.05912792909449855,NA,-0.05912792909449855,-0.05912792909449855,1,NA,NA,FALSE,detrended,insufficient data,negligible
sco_int,tha_pit,23,-0.24349933242222027,0.4913606828136986,DE,1,DE,-0.24349933242222027,NA,-0.24349933242222027,-0.24349933242222027,1,NA,NA,FALSE,detrended,insufficient data,weak
sco_int,tha_pro,161,-0.04206734910943697,0.7781256494629177,DE,1,DE,-0.04206734910943697,NA,-0.04206734910943697,-0.04206734910943697,1,NA,NA,FALSE,detrended,insufficient data,negligible
sco_int,tom_spp,368,0.22654237900380056,1.9702556281971442e-4,"CZ,DE",2,"CZ,DE",0.18722086773119861,0.10483573414227113,0.11309080920852863,0.2613509262538686,1,0.11345156979527193,DE,FALSE,detrended,consistent,weak
sco_int,tor_vir,161,0.04269734423850668,0.7752063508939085,DE,1,DE,0.04269734423850668,NA,0.04269734423850668,0.04269734423850668,1,NA,NA,FALSE,detrended,insufficient data,negligible
sco_int,uro_sir_spp,92,0.16539258435158274,0.289986276444366,DE,1,DE,0.16539258435158274,NA,0.16539258435158274,0.16539258435158274,1,NA,NA,FALSE,detrended,insufficient data,weak
sco_int,xyl_lin,184,-0.26558156973400665,0.002688231382820838,DE,1,DE,-0.26558156973400665,NA,-0.26558156973400665,-0.26558156973400665,1,NA,NA,FALSE,detrended,insufficient data,weak
sco_int,xyl_spp,184,-0.08391728204108018,0.48566582206603887,DE,1,DE,-0.08391728204108018,NA,-0.08391728204108018,-0.08391728204108018,1,NA,NA,FALSE,detrended,insufficient data,negligible
sco_int,zei_gri,184,-0.009356425042167466,0.957115669619529,"CZ,DE",2,"CZ,DE",0.04540231162448505,0.10884891755542186,-0.03156549610376919,0.1223701193527393,0.5,0.13172654439490677,CZ,TRUE,detrended,inconsistent,negligible
sco_rat,sco_sco,92,0.05951228356688619,0.7661536368979308,"DE,LT",2,"DE,LT",0.02153608651974416,0.1823819060513422,-0.10742739601488774,0.15049956905437606,0.5,0.16693967958177391,DE,TRUE,detrended,inconsistent,negligible
sco_rat,tet_gab,115,0.12647682840899782,0.3819928222164677,"CZ,DE",2,"CZ,DE",0.04342082674240645,0.20376878243794952,-0.10066546111359392,0.18750711459840683,0.5,0.22714228952259174,DE,TRUE,detrended,inconsistent,weak
sco_rat,tet_spp,46,-0.22642547059493823,0.31286644247480094,DE,1,DE,-0.22642547059493823,NA,-0.22642547059493823,-0.22642547059493823,1,NA,NA,FALSE,detrended,insufficient data,weak
sco_rat,tha_pit,23,0.24122231742867273,0.4972249799536384,DE,1,DE,0.24122231742867273,NA,0.24122231742867273,0.24122231742867273,1,NA,NA,FALSE,detrended,insufficient data,weak
sco_rat,tha_pro,46,0.058008029229934505,0.8554386659412314,DE,1,DE,0.058008029229934505,NA,0.058008029229934505,0.058008029229934505,1,NA,NA,FALSE,detrended,insufficient data,negligible
sco_rat,tom_spp,276,0.18331601204054904,0.015147328093166308,"CZ,DE,LT",3,"CZ,DE,LT",0.23225230144501188,0.22541309739726859,0.04361505547360027,0.48188691379585474,1,0.06934253975265575,DE,FALSE,detrended,inconsistent,weak
sco_rat,tor_vir,92,0.2665987099972175,0.04619620310128806,"DE,LT",2,"DE,LT",0.2667393258562247,0.07641628135840386,0.21270485511463813,0.3207737965978112,1,0.05417508660059367,LT,FALSE,detrended,consistent,weak
sco_rat,uro_sir_spp,23,0.10568344155855794,0.81107287013396,DE,1,DE,0.10568344155855794,NA,0.10568344155855794,0.10568344155855794,1,NA,NA,FALSE,detrended,insufficient data,weak
sco_rat,xyl_lin,69,0.18507943139250171,0.30965487163338756,DE,1,DE,0.18507943139250171,NA,0.18507943139250171,0.18507943139250171,1,NA,NA,FALSE,detrended,insufficient data,weak
sco_rat,xyl_spp,69,0.1838588614891199,0.31286644247480094,DE,1,DE,0.1838588614891199,NA,0.1838588614891199,0.1838588614891199,1,NA,NA,FALSE,detrended,insufficient data,weak
sco_rat,zei_gri,184,-0.06309573479114479,0.6215608250284358,"CZ,DE",2,"CZ,DE",-0.04242380770554953,0.04112602428803801,-0.07150429836286386,-0.013343317048235197,1,0.04975241774290959,CZ,FALSE,detrended,consistent,negligible
sco_sco,tet_gab,115,0.2498794256501967,0.03485673569191901,DE,1,DE,0.2498794256501967,NA,0.2498794256501967,0.2498794256501967,1,NA,NA,FALSE,detrended,insufficient data,weak
sco_sco,tet_spp,92,0.02454942251862049,0.9090383528414376,DE,1,DE,0.02454942251862049,NA,0.02454942251862049,0.02454942251862049,1,NA,NA,FALSE,detrended,insufficient data,negligible
sco_sco,tha_pit,23,0.024222589252908093,0.9637206189296812,DE,1,DE,0.024222589252908093,NA,0.024222589252908093,0.024222589252908093,1,NA,NA,FALSE,detrended,insufficient data,negligible
sco_sco,tha_pro,92,0.3331907123150468,0.00923444461294598,DE,1,DE,0.3331907123150468,NA,0.3331907123150468,0.3331907123150468,1,NA,NA,FALSE,detrended,insufficient data,moderate
sco_sco,tom_spp,138,0.21151846544437375,0.05547440495821299,"DE,LT",2,"DE,LT",0.20933021349698128,0.004133949091539394,0.2064070700612738,0.21225335693268874,1,0.005111395383099959,DE,FALSE,detrended,consistent,weak
sco_sco,tor_vir,138,0.08016001920588516,0.5784975476108103,"DE,LT",2,"DE,LT",-0.04702925725256299,0.23738543054802413,-0.21488610494795907,0.12082759044283309,0.5,0.29504612415384424,DE,TRUE,detrended,inconsistent,negligible
sco_sco,uro_sir_spp,69,-0.03491869150364051,0.8915179671656244,DE,1,DE,-0.03491869150364051,NA,-0.03491869150364051,-0.03491869150364051,1,NA,NA,FALSE,detrended,insufficient data,negligible
sco_sco,xyl_lin,115,0.1516394675994433,0.2750197531825687,DE,1,DE,0.1516394675994433,NA,0.1516394675994433,0.1516394675994433,1,NA,NA,FALSE,detrended,insufficient data,weak
sco_sco,xyl_spp,115,0.09310970209866135,0.5532622082342986,DE,1,DE,0.09310970209866135,NA,0.09310970209866135,0.09310970209866135,1,NA,NA,FALSE,detrended,insufficient data,negligible
sco_sco,zei_gri,23,0.11328405868386164,0.7880436887680805,DE,1,DE,0.11328405868386164,NA,0.11328405868386164,0.11328405868386164,1,NA,NA,FALSE,detrended,insufficient data,weak
tet_gab,tet_spp,161,0.2762713500788441,0.003601318297579004,DE,1,DE,0.2762713500788441,NA,0.2762713500788441,0.2762713500788441,1,NA,NA,FALSE,detrended,insufficient data,weak
tet_gab,tha_pit,23,-0.025898638793350543,0.9593901779363826,DE,1,DE,-0.025898638793350543,NA,-0.025898638793350543,-0.025898638793350543,1,NA,NA,FALSE,detrended,insufficient data,negligible
tet_gab,tha_pro,184,-0.02974535389589809,0.8448456790664571,DE,1,DE,-0.02974535389589809,NA,-0.02974535389589809,-0.02974535389589809,1,NA,NA,FALSE,detrended,insufficient data,negligible
tet_gab,tom_spp,358,0.16399270415013786,0.01351161835366788,"AT,CZ,DE",3,"AT,CZ,DE",0.15757172516322235,0.05168149552952376,0.10155023405027408,0.20339177672188472,1,0.00726644533653964,DE,FALSE,detrended,consistent,weak
tet_gab,tor_vir,184,0.06023365297202763,0.639796247416151,DE,1,DE,0.06023365297202763,NA,0.06023365297202763,0.06023365297202763,1,NA,NA,FALSE,detrended,insufficient data,negligible
tet_gab,uro_sir_spp,92,0.22721109277019816,0.10315096359138196,DE,1,DE,0.22721109277019816,NA,0.22721109277019816,0.22721109277019816,1,NA,NA,FALSE,detrended,insufficient data,weak
tet_gab,xyl_lin,184,0.10435635764793405,0.35269857336078153,DE,1,DE,0.10435635764793405,NA,0.10435635764793405,0.10435635764793405,1,NA,NA,FALSE,detrended,insufficient data,weak
tet_gab,xyl_spp,207,0.20942323602910817,0.01570287348619181,DE,1,DE,0.20942323602910817,NA,0.20942323602910817,0.20942323602910817,1,NA,NA,FALSE,detrended,insufficient data,weak
tet_gab,zei_gri,69,-0.12582511018083212,0.5315776299176851,"CZ,DE",2,"CZ,DE",-0.1371667388907887,0.041167125216507415,-0.16627629229333682,-0.1080571854882406,1,0.0404511821125047,DE,FALSE,detrended,consistent,weak
tet_spp,tha_pit,23,0.057714820393773396,0.8992814424401815,DE,1,DE,0.057714820393773396,NA,0.057714820393773396,0.057714820393773396,1,NA,NA,FALSE,detrended,insufficient data,negligible
tet_spp,tha_pro,161,0.11216551344272659,0.35047363524162883,DE,1,DE,0.11216551344272659,NA,0.11216551344272659,0.11216551344272659,1,NA,NA,FALSE,detrended,insufficient data,weak
tet_spp,tom_spp,184,0.070825778923399,0.5675336781584976,DE,1,DE,0.070825778923399,NA,0.070825778923399,0.070825778923399,1,NA,NA,FALSE,detrended,insufficient data,negligible
tet_spp,tor_vir,161,0.023196346851834176,0.8887515837963572,DE,1,DE,0.023196346851834176,NA,0.023196346851834176,0.023196346851834176,1,NA,NA,FALSE,detrended,insufficient data,negligible
tet_spp,uro_sir_spp,92,0.24191929661945102,0.08001080534819177,DE,1,DE,0.24191929661945102,NA,0.24191929661945102,0.24191929661945102,1,NA,NA,FALSE,detrended,insufficient data,weak
tet_spp,xyl_lin,161,0.2041568867673535,0.04365201697487371,DE,1,DE,0.2041568867673535,NA,0.2041568867673535,0.2041568867673535,1,NA,NA,FALSE,detrended,insufficient data,weak
tet_spp,xyl_spp,184,0.06635718480795155,0.598073478331817,DE,1,DE,0.06635718480795155,NA,0.06635718480795155,0.06635718480795155,1,NA,NA,FALSE,detrended,insufficient data,negligible
tet_spp,zei_gri,23,-0.1722080562522602,0.6483471130164812,DE,1,DE,-0.1722080562522602,NA,-0.1722080562522602,-0.1722080562522602,1,NA,NA,FALSE,detrended,insufficient data,weak
tha_pit,tha_pro,23,-0.10344550635834397,0.815537740377576,DE,1,DE,-0.10344550635834397,NA,-0.10344550635834397,-0.10344550635834397,1,NA,NA,FALSE,detrended,insufficient data,weak
tha_pit,tom_spp,23,0.3353920897090868,0.29344080581653714,DE,1,DE,0.3353920897090868,NA,0.3353920897090868,0.3353920897090868,1,NA,NA,FALSE,detrended,insufficient data,moderate
tha_pit,tor_vir,41,-0.09408117382343002,0.7535300941876509,"BG,DE",2,"BG,DE",-0.019730388462696785,0.46168940687956994,-0.34619409886923574,0.3067333219438422,0.5,0.4008144957672722,DE,TRUE,detrended,inconsistent,negligible
tha_pit,uro_sir_spp,0,NA,NA,,0,NA,NA,NA,NA,NA,NA,NA,NA,NA,detrended,insufficient data,NA
tha_pit,xyl_lin,23,-0.6926576561733947,0.002517024991196826,DE,1,DE,-0.6926576561733947,NA,-0.6926576561733947,-0.6926576561733947,1,NA,NA,FALSE,detrended,insufficient data,strong
tha_pit,xyl_spp,23,-0.514250843523819,0.05335751419231719,DE,1,DE,-0.514250843523819,NA,-0.514250843523819,-0.514250843523819,1,NA,NA,FALSE,detrended,insufficient data,strong
tha_pit,zei_gri,0,NA,NA,,0,NA,NA,NA,NA,NA,NA,NA,NA,NA,detrended,insufficient data,NA
tha_pro,tom_spp,230,0.05730483073522745,0.6143064884143623,DE,1,DE,0.05730483073522745,NA,0.05730483073522745,0.05730483073522745,1,NA,NA,FALSE,detrended,insufficient data,negligible
tha_pro,tor_vir,207,0.21400483671925985,0.0140158690887436,DE,1,DE,0.21400483671925985,NA,0.21400483671925985,0.21400483671925985,1,NA,NA,FALSE,detrended,insufficient data,weak
tha_pro,uro_sir_spp,69,0.08633503754321448,0.695484993877426,DE,1,DE,0.08633503754321448,NA,0.08633503754321448,0.08633503754321448,1,NA,NA,FALSE,detrended,insufficient data,negligible
tha_pro,xyl_lin,207,0.05448378103079405,0.6491163612639376,DE,1,DE,0.05448378103079405,NA,0.05448378103079405,0.05448378103079405,1,NA,NA,FALSE,detrended,insufficient data,negligible
tha_pro,xyl_spp,230,-0.003621588698752765,0.9799561359873382,DE,1,DE,-0.003621588698752765,NA,-0.003621588698752765,-0.003621588698752765,1,NA,NA,FALSE,detrended,insufficient data,negligible
tha_pro,zei_gri,0,NA,NA,,0,NA,NA,NA,NA,NA,NA,NA,NA,NA,detrended,insufficient data,NA
tom_spp,tor_vir,533,0.08657563611751624,0.1455051322491421,"DE,LT,PL",3,"DE,LT,PL",0.05631676901729821,0.06525711235122181,0.009988939424052195,0.13094707931918614,1,0.06001391342621062,PL,FALSE,detrended,consistent,negligible
tom_spp,uro_sir_spp,92,0.05568638278336343,0.7781256494629177,DE,1,DE,0.05568638278336343,NA,0.05568638278336343,0.05568638278336343,1,NA,NA,FALSE,detrended,insufficient data,negligible
tom_spp,xyl_lin,230,0.1271110812172442,0.1652984529375253,DE,1,DE,0.1271110812172442,NA,0.1271110812172442,0.1271110812172442,1,NA,NA,FALSE,detrended,insufficient data,weak
tom_spp,xyl_spp,253,0.1896876680844536,0.01570287348619181,DE,1,DE,0.1896876680844536,NA,0.1896876680844536,0.1896876680844536,1,NA,NA,FALSE,detrended,insufficient data,weak
tom_spp,zei_gri,184,-0.19348000259560463,0.04000445167064718,"CZ,DE",2,"CZ,DE",-0.2528094560790615,0.13668642108378076,-0.3494613513235228,-0.15615756083460028,1,0.15598134872791816,CZ,FALSE,detrended,consistent,weak
tor_vir,uro_sir_spp,69,-0.15135031356644535,0.42805390873338095,DE,1,DE,-0.15135031356644535,NA,-0.15135031356644535,-0.15135031356644535,1,NA,NA,FALSE,detrended,insufficient data,weak
tor_vir,xyl_lin,207,0.255540376939434,0.00215139428394358,DE,1,DE,0.255540376939434,NA,0.255540376939434,0.255540376939434,1,NA,NA,FALSE,detrended,insufficient data,weak
tor_vir,xyl_spp,230,0.13494899953074915,0.13489467210450323,DE,1,DE,0.13494899953074915,NA,0.13494899953074915,0.13494899953074915,1,NA,NA,FALSE,detrended,insufficient data,weak
tor_vir,zei_gri,23,-0.03808227840360684,0.9320764184258788,DE,1,DE,-0.03808227840360684,NA,-0.03808227840360684,-0.03808227840360684,1,NA,NA,FALSE,detrended,insufficient data,negligible
uro_sir_spp,xyl_lin,92,0.17620084185597792,0.24848441041582783,DE,1,DE,0.17620084185597792,NA,0.17620084185597792,0.17620084185597792,1,NA,NA,FALSE,detrended,insufficient data,weak
uro_sir_spp,xyl_spp,92,0.0871744304778279,0.631591325490291,DE,1,DE,0.0871744304778279,NA,0.0871744304778279,0.0871744304778279,1,NA,NA,FALSE,detrended,insufficient data,negligible
uro_sir_spp,zei_gri,23,-0.044288580610293456,0.9231277266579546,DE,1,DE,-0.044288580610293456,NA,-0.044288580610293456,-0.044288580610293456,1,NA,NA,FALSE,detrended,insufficient data,negligible
xyl_lin,xyl_spp,230,0.48276967787700875,1.1220850175144558e-12,DE,1,DE,0.48276967787700875,NA,0.48276967787700875,0.48276967787700875,1,NA,NA,FALSE,detrended,insufficient data,moderate
xyl_lin,zei_gri,23,0.10526643742619553,0.81107287013396,DE,1,DE,0.10526643742619553,NA,0.10526643742619553,0.10526643742619553,1,NA,NA,FALSE,detrended,insufficient data,weak
xyl_spp,zei_gri,23,-0.09683893312015097,0.8336567155965757,DE,1,DE,-0.09683893312015097,NA,-0.09683893312015097,-0.09683893312015097,1,NA,NA,FALSE,detrended,insufficient data,negligible
CambXyl_con&BB_con&BO,CambXyl_con&BB_con&SM,46,-0.08893995324987732,0.7875327627991346,DE,1,DE,-0.08893995324987732,NA,-0.08893995324987732,-0.08893995324987732,1,NA,NA,FALSE,anomaly,insufficient data,negligible
CambXyl_con&BB_con&BO,CambXyl_con&BO,46,-0.15395261001477445,0.5712540225681266,DE,1,DE,-0.15395261001477445,NA,-0.15395261001477445,-0.15395261001477445,1,NA,NA,FALSE,anomaly,insufficient data,weak
CambXyl_con&BB_con&BO,CambXyl_con&MD,23,-0.06057767382527122,0.9351312539761704,DE,1,DE,-0.06057767382527122,NA,-0.06057767382527122,-0.06057767382527122,1,NA,NA,FALSE,anomaly,insufficient data,negligible
CambXyl_con&BB_con&BO,Def_dec,0,NA,NA,,0,NA,NA,NA,NA,NA,NA,NA,NA,NA,anomaly,insufficient data,NA
CambXyl_con&BB_con&BO,Def_dec&DB,195,0.12070218583510862,0.2672753315011633,"AT,DE",2,"AT,DE",0.18679456559472513,0.35000103723913517,-0.060693541259392685,0.43428267244884294,0.5,0.31358048661373433,AT,TRUE,anomaly,inconsistent,weak
CambXyl_con&BB_con&BO,agr_big,69,0.0663828252348464,0.8136978352739375,DE,1,DE,0.0663828252348464,NA,0.0663828252348464,0.0663828252348464,1,NA,NA,FALSE,anomaly,insufficient data,negligible
CambXyl_con&BB_con&BO,agr_vir,69,0.1274076588091582,0.5599059193876985,DE,1,DE,0.1274076588091582,NA,0.1274076588091582,0.1274076588091582,1,NA,NA,FALSE,anomaly,insufficient data,weak
CambXyl_con&BB_con&BO,bup_pin,23,0.35594379025100614,0.2734897251880561,DE,1,DE,0.35594379025100614,NA,0.35594379025100614,0.35594379025100614,1,NA,NA,FALSE,anomaly,insufficient data,moderate
CambXyl_con&BB_con&BO,cep_spp,0,NA,NA,,0,NA,NA,NA,NA,NA,NA,NA,NA,NA,anomaly,insufficient data,NA
CambXyl_con&BB_con&BO,clo_ana,0,NA,NA,,0,NA,NA,NA,NA,NA,NA,NA,NA,NA,anomaly,insufficient data,NA
CambXyl_con&BB_con&BO,den_mic,0,NA,NA,,0,NA,NA,NA,NA,NA,NA,NA,NA,NA,anomaly,insufficient data,NA
CambXyl_con&BB_con&BO,den_pin,0,NA,NA,,0,NA,NA,NA,NA,NA,NA,NA,NA,NA,anomaly,insufficient data,NA
CambXyl_con&BB_con&BO,dip_sp,174,-0.015759747628889934,0.9587149820270895,"AT,DE",2,"AT,DE",-0.034390062308794773,0.205816552362372,-0.17992434216466416,0.11114421754707461,0.5,0.16416459453577423,AT,TRUE,anomaly,inconsistent,negligible
CambXyl_con&BB_con&BO,era_def,69,-0.31690456981623105,0.04170167834844585,DE,1,DE,-0.31690456981623105,NA,-0.31690456981623105,-0.31690456981623105,1,NA,NA,FALSE,anomaly,insufficient data,moderate
CambXyl_con&BB_con&BO,geo_db,69,0.04695059409103419,0.8907957524737868,"DE,HR",2,"DE,HR",-0.023315121950147885,0.25672727733240314,-0.20484872066744958,0.1582184767671538,0.5,0.25179931475848377,DE,TRUE,anomaly,inconsistent,negligible
CambXyl_con&BB_con&BO,ips_acu,69,0.09564600189373257,0.6881713974126852,DE,1,DE,0.09564600189373257,NA,0.09564600189373257,0.09564600189373257,1,NA,NA,FALSE,anomaly,insufficient data,negligible
CambXyl_con&BB_con&BO,ips_ami,0,NA,NA,,0,NA,NA,NA,NA,NA,NA,NA,NA,NA,anomaly,insufficient data,NA
CambXyl_con&BB_con&BO,ips_cem,69,0.2699165751872373,0.10022724502447282,DE,1,DE,0.2699165751872373,NA,0.2699165751872373,0.2699165751872373,1,NA,NA,FALSE,anomaly,insufficient data,weak
CambXyl_con&BB_con&BO,ips_dup,0,NA,NA,,0,NA,NA,NA,NA,NA,NA,NA,NA,NA,anomaly,insufficient data,NA
CambXyl_con&BB_con&BO,ips_sex,46,0.01405365252436329,0.9833886835572853,DE,1,DE,0.01405365252436329,NA,0.01405365252436329,0.01405365252436329,1,NA,NA,FALSE,anomaly,insufficient data,negligible
CambXyl_con&BB_con&BO,ips_typ,260,0.2543423860629971,4.5080667408428724e-4,"AT,DE,HR",3,"AT,DE,HR",0.41070688908421576,0.3410201037521627,0.19997599705036012,0.8041505875258926,1,0.08512212881433368,AT,FALSE,anomaly,inconsistent,weak
CambXyl_con&BB_con&BO,lym_dis,218,0.21649966905335039,0.00950523751170584,"AT,DE,HR",3,"AT,DE,HR",0.25135906525261353,0.08251263535897439,0.1561075741597965,0.30090836930588344,1,0.08301626484817509,AT,FALSE,anomaly,consistent,weak
CambXyl_con&BB_con&BO,lym_mon,23,0.4920042539596617,0.07469125428303915,DE,1,DE,0.4920042539596617,NA,0.4920042539596617,0.4920042539596617,1,NA,NA,FALSE,anomaly,insufficient data,moderate
CambXyl_con&BB_con&BO,mel_spp,69,0.3258833570129733,0.03474452889498139,DE,1,DE,0.3258833570129733,NA,0.3258833570129733,0.3258833570129733,1,NA,NA,FALSE,anomaly,insufficient data,moderate
CambXyl_con&BB_con&BO,neo_ser,0,NA,NA,,0,NA,NA,NA,NA,NA,NA,NA,NA,NA,anomaly,insufficient data,NA
CambXyl_con&BB_con&BO,ope_spp,46,-0.19407490521894197,0.4420791857231959,DE,1,DE,-0.19407490521894197,NA,-0.19407490521894197,-0.19407490521894197,1,NA,NA,FALSE,anomaly,insufficient data,weak
CambXyl_con&BB_con&BO,pan_fla,23,0.7577233057616424,4.0495243440496294e-4,DE,1,DE,0.7577233057616424,NA,0.7577233057616424,0.7577233057616424,1,NA,NA,FALSE,anomaly,insufficient data,strong
CambXyl_con&BB_con&BO,pha_cya,216,0.2787911674051678,4.4449030613382827e-4,"AT,DE",2,"AT,DE",0.3121258755989581,0.128521498568724,0.22124745243275618,0.40300429876516,1,0.12421313135999218,AT,FALSE,anomaly,consistent,weak
CambXyl_con&BB_con&BO,pis_pin,46,0.4804965214731647,0.005721358426791875,DE,1,DE,0.4804965214731647,NA,0.4804965214731647,0.4804965214731647,1,NA,NA,FALSE,anomaly,insufficient data,moderate
CambXyl_con&BB_con&BO,pit_bid,23,0.016404993318078494,0.98638412535406,DE,1,DE,0.016404993318078494,NA,0.016404993318078494,0.016404993318078494,1,NA,NA,FALSE,anomaly,insufficient data,negligible
CambXyl_con&BB_con&BO,pit_cha,237,0.222892407101082,0.004736895214314058,"AT,DE",2,"AT,DE",0.22888849260109775,0.021971256842927347,0.2133524678962725,0.24442451730592302,1,0.021532110204841026,AT,FALSE,anomaly,consistent,weak
CambXyl_con&BB_con&BO,pit_spp,195,0.2636896556194703,0.0020672910839912677,"AT,DE,HR",3,"AT,DE,HR",0.20180179337505674,0.13040671566113074,0.08516952346512169,0.34260184616413936,1,0.1439954934558955,AT,FALSE,anomaly,consistent,weak
CambXyl_con&BB_con&BO,pol_pol,0,NA,NA,,0,NA,NA,NA,NA,NA,NA,NA,NA,NA,anomaly,insufficient data,NA
CambXyl_con&BB_con&BO,pri_abi,23,0.08531931527476268,0.8907957524737868,DE,1,DE,0.08531931527476268,NA,0.08531931527476268,0.08531931527476268,1,NA,NA,FALSE,anomaly,insufficient data,negligible
CambXyl_con&BB_con&BO,sap_car,0,NA,NA,,0,NA,NA,NA,NA,NA,NA,NA,NA,NA,anomaly,insufficient data,NA
CambXyl_con&BB_con&BO,sco_int,46,0.3842492877589892,0.04356482230907899,DE,1,DE,0.3842492877589892,NA,0.3842492877589892,0.3842492877589892,1,NA,NA,FALSE,anomaly,insufficient data,moderate
CambXyl_con&BB_con&BO,sco_rat,0,NA,NA,,0,NA,NA,NA,NA,NA,NA,NA,NA,NA,anomaly,insufficient data,NA
CambXyl_con&BB_con&BO,sco_sco,23,0.21666054546763264,0.5899256164397264,DE,1,DE,0.21666054546763264,NA,0.21666054546763264,0.21666054546763264,1,NA,NA,FALSE,anomaly,insufficient data,weak
CambXyl_con&BB_con&BO,tet_gab,174,0.10686101647611351,0.38915663939830775,"AT,DE",2,"AT,DE",0.12930785632521827,0.14392900228485034,0.02753468280018651,0.23108102985025003,1,0.12422001337413652,AT,FALSE,anomaly,consistent,weak
CambXyl_con&BB_con&BO,tet_spp,69,0.22738081723628253,0.19781965066742058,DE,1,DE,0.22738081723628253,NA,0.22738081723628253,0.22738081723628253,1,NA,NA,FALSE,anomaly,insufficient data,weak
CambXyl_con&BB_con&BO,tha_pit,23,-0.769112268048811,2.7847434473594017e-4,HR,1,HR,-0.769112268048811,NA,-0.769112268048811,-0.769112268048811,1,NA,NA,FALSE,anomaly,insufficient data,strong
CambXyl_con&BB_con&BO,tha_pro,69,0.1332644992369107,0.5344339914080739,DE,1,DE,0.1332644992369107,NA,0.1332644992369107,0.1332644992369107,1,NA,NA,FALSE,anomaly,insufficient data,weak
CambXyl_con&BB_con&BO,tom_spp,237,0.554048441713131,3.474926756035138e-18,"AT,DE",2,"AT,DE",0.5413782077155626,0.04517622258038772,0.5094337943805776,0.5733226210505475,1,0.04461464733255338,AT,FALSE,anomaly,consistent,strong
CambXyl_con&BB_con&BO,tor_vir,69,-0.1747487295018274,0.37048140986622247,DE,1,DE,-0.1747487295018274,NA,-0.1747487295018274,-0.1747487295018274,1,NA,NA,FALSE,anomaly,insufficient data,weak
CambXyl_con&BB_con&BO,uro_sir_spp,23,0.2595494250083509,0.4892259716765883,DE,1,DE,0.2595494250083509,NA,0.2595494250083509,0.2595494250083509,1,NA,NA,FALSE,anomaly,insufficient data,weak
CambXyl_con&BB_con&BO,xyl_lin,46,-0.3169061355818835,0.12468503261045169,DE,1,DE,-0.3169061355818835,NA,-0.3169061355818835,-0.3169061355818835,1,NA,NA,FALSE,anomaly,insufficient data,moderate
CambXyl_con&BB_con&BO,xyl_spp,69,0.08090637722789795,0.7425915909572752,DE,1,DE,0.08090637722789795,NA,0.08090637722789795,0.08090637722789795,1,NA,NA,FALSE,anomaly,insufficient data,negligible
CambXyl_con&BB_con&BO,zei_gri,0,NA,NA,,0,NA,NA,NA,NA,NA,NA,NA,NA,NA,anomaly,insufficient data,NA
CambXyl_con&BB_con&SM,CambXyl_con&BO,46,-0.083810557557592,0.8091613838270444,DE,1,DE,-0.083810557557592,NA,-0.083810557557592,-0.083810557557592,1,NA,NA,FALSE,anomaly,insufficient data,negligible
CambXyl_con&BB_con&SM,CambXyl_con&MD,23,0.09457499668105644,0.8718422141386646,DE,1,DE,0.09457499668105644,NA,0.09457499668105644,0.09457499668105644,1,NA,NA,FALSE,anomaly,insufficient data,negligible
CambXyl_con&BB_con&SM,Def_dec,0,NA,NA,,0,NA,NA,NA,NA,NA,NA,NA,NA,NA,anomaly,insufficient data,NA
CambXyl_con&BB_con&SM,Def_dec&DB,46,0.023719437662557127,0.9734668072557205,DE,1,DE,0.023719437662557127,NA,0.023719437662557127,0.023719437662557127,1,NA,NA,FALSE,anomaly,insufficient data,negligible
CambXyl_con&BB_con&SM,agr_big,46,0.05756456863647677,0.891053608757435,DE,1,DE,0.05756456863647677,NA,0.05756456863647677,0.05756456863647677,1,NA,NA,FALSE,anomaly,insufficient data,negligible
CambXyl_con&BB_con&SM,agr_vir,46,0.17259129800452452,0.5134470485403243,DE,1,DE,0.17259129800452452,NA,0.17259129800452452,0.17259129800452452,1,NA,NA,FALSE,anomaly,insufficient data,weak
CambXyl_con&BB_con&SM,bup_pin,0,NA,NA,,0,NA,NA,NA,NA,NA,NA,NA,NA,NA,anomaly,insufficient data,NA
CambXyl_con&BB_con&SM,cep_spp,0,NA,NA,,0,NA,NA,NA,NA,NA,NA,NA,NA,NA,anomaly,insufficient data,NA
CambXyl_con&BB_con&SM,clo_ana,0,NA,NA,,0,NA,NA,NA,NA,NA,NA,NA,NA,NA,anomaly,insufficient data,NA
CambXyl_con&BB_con&SM,den_mic,0,NA,NA,,0,NA,NA,NA,NA,NA,NA,NA,NA,NA,anomaly,insufficient data,NA
CambXyl_con&BB_con&SM,den_pin,0,NA,NA,,0,NA,NA,NA,NA,NA,NA,NA,NA,NA,anomaly,insufficient data,NA
CambXyl_con&BB_con&SM,dip_sp,46,-0.041314228422543946,0.9351312539761704,DE,1,DE,-0.041314228422543946,NA,-0.041314228422543946,-0.041314228422543946,1,NA,NA,FALSE,anomaly,insufficient data,negligible
CambXyl_con&BB_con&SM,era_def,46,-3.8058639201118917e-4,1,DE,1,DE,-3.8058639201118917e-4,NA,-3.8058639201118917e-4,-3.8058639201118917e-4,1,NA,NA,FALSE,anomaly,insufficient data,negligible
CambXyl_con&BB_con&SM,geo_db,46,-0.24518767465487612,0.2852408776793275,DE,1,DE,-0.24518767465487612,NA,-0.24518767465487612,-0.24518767465487612,1,NA,NA,FALSE,anomaly,insufficient data,weak
CambXyl_con&BB_con&SM,ips_acu,46,0.052656820806610966,0.9003963819242543,DE,1,DE,0.052656820806610966,NA,0.052656820806610966,0.052656820806610966,1,NA,NA,FALSE,anomaly,insufficient data,negligible
CambXyl_con&BB_con&SM,ips_ami,0,NA,NA,,0,NA,NA,NA,NA,NA,NA,NA,NA,NA,anomaly,insufficient data,NA
CambXyl_con&BB_con&SM,ips_cem,46,-0.1647162412218006,0.533570014897461,DE,1,DE,-0.1647162412218006,NA,-0.1647162412218006,-0.1647162412218006,1,NA,NA,FALSE,anomaly,insufficient data,weak
CambXyl_con&BB_con&SM,ips_dup,0,NA,NA,,0,NA,NA,NA,NA,NA,NA,NA,NA,NA,anomaly,insufficient data,NA
CambXyl_con&BB_con&SM,ips_sex,46,1.9547325903180535e-4,1,DE,1,DE,1.9547325903180535e-4,NA,1.9547325903180535e-4,1.9547325903180535e-4,1,NA,NA,FALSE,anomaly,insufficient data,negligible
CambXyl_con&BB_con&SM,ips_typ,46,-0.16793262141190318,0.5226887533577416,DE,1,DE,-0.16793262141190318,NA,-0.16793262141190318,-0.16793262141190318,1,NA,NA,FALSE,anomaly,insufficient data,weak
CambXyl_con&BB_con&SM,lym_dis,46,0.09909611084211056,0.744496565386092,DE,1,DE,0.09909611084211056,NA,0.09909611084211056,0.09909611084211056,1,NA,NA,FALSE,anomaly,insufficient data,negligible
CambXyl_con&BB_con&SM,lym_mon,0,NA,NA,,0,NA,NA,NA,NA,NA,NA,NA,NA,NA,anomaly,insufficient data,NA
CambXyl_con&BB_con&SM,mel_spp,46,-0.06283869451574797,0.8746127884872504,DE,1,DE,-0.06283869451574797,NA,-0.06283869451574797,-0.06283869451574797,1,NA,NA,FALSE,anomaly,insufficient data,negligible
CambXyl_con&BB_con&SM,neo_ser,0,NA,NA,,0,NA,NA,NA,NA,NA,NA,NA,NA,NA,anomaly,insufficient data,NA
CambXyl_con&BB_con&SM,ope_spp,46,-0.0507679595307606,0.9038828080400066,DE,1,DE,-0.0507679595307606,NA,-0.0507679595307606,-0.0507679595307606,1,NA,NA,FALSE,anomaly,insufficient data,negligible
CambXyl_con&BB_con&SM,pan_fla,0,NA,NA,,0,NA,NA,NA,NA,NA,NA,NA,NA,NA,anomaly,insufficient data,NA
CambXyl_con&BB_con&SM,pha_cya,46,0.11306255304950975,0.6994115444167665,DE,1,DE,0.11306255304950975,NA,0.11306255304950975,0.11306255304950975,1,NA,NA,FALSE,anomaly,insufficient data,weak
CambXyl_con&BB_con&SM,pis_pin,23,-0.05984406650627484,0.9351312539761704,DE,1,DE,-0.05984406650627484,NA,-0.05984406650627484,-0.05984406650627484,1,NA,NA,FALSE,anomaly,insufficient data,negligible
CambXyl_con&BB_con&SM,pit_bid,23,0.02952896384538219,0.9734668072557205,DE,1,DE,0.02952896384538219,NA,0.02952896384538219,0.02952896384538219,1,NA,NA,FALSE,anomaly,insufficient data,negligible
CambXyl_con&BB_con&SM,pit_cha,46,-0.1765715481343606,0.5025728655425327,DE,1,DE,-0.1765715481343606,NA,-0.1765715481343606,-0.1765715481343606,1,NA,NA,FALSE,anomaly,insufficient data,weak
CambXyl_con&BB_con&SM,pit_spp,46,0.08114723200154603,0.8180939776277221,DE,1,DE,0.08114723200154603,NA,0.08114723200154603,0.08114723200154603,1,NA,NA,FALSE,anomaly,insufficient data,negligible
CambXyl_con&BB_con&SM,pol_pol,0,NA,NA,,0,NA,NA,NA,NA,NA,NA,NA,NA,NA,anomaly,insufficient data,NA
CambXyl_con&BB_con&SM,pri_abi,23,-0.02168193654453713,0.9820040661498002,DE,1,DE,-0.02168193654453713,NA,-0.02168193654453713,-0.02168193654453713,1,NA,NA,FALSE,anomaly,insufficient data,negligible
CambXyl_con&BB_con&SM,sap_car,0,NA,NA,,0,NA,NA,NA,NA,NA,NA,NA,NA,NA,anomaly,insufficient data,NA
CambXyl_con&BB_con&SM,sco_int,46,-3.7955782067273754e-4,1,DE,1,DE,-3.7955782067273754e-4,NA,-3.7955782067273754e-4,-3.7955782067273754e-4,1,NA,NA,FALSE,anomaly,insufficient data,negligible
CambXyl_con&BB_con&SM,sco_rat,0,NA,NA,,0,NA,NA,NA,NA,NA,NA,NA,NA,NA,anomaly,insufficient data,NA
CambXyl_con&BB_con&SM,sco_sco,23,-0.040926690131325175,0.965620572915441,DE,1,DE,-0.040926690131325175,NA,-0.040926690131325175,-0.040926690131325175,1,NA,NA,FALSE,anomaly,insufficient data,negligible
CambXyl_con&BB_con&SM,tet_gab,46,-0.1919251605479994,0.44727916728691813,DE,1,DE,-0.1919251605479994,NA,-0.1919251605479994,-0.1919251605479994,1,NA,NA,FALSE,anomaly,insufficient data,weak
CambXyl_con&BB_con&SM,tet_spp,46,-0.018434528880432594,0.9762862980704337,DE,1,DE,-0.018434528880432594,NA,-0.018434528880432594,-0.018434528880432594,1,NA,NA,FALSE,anomaly,insufficient data,negligible
CambXyl_con&BB_con&SM,tha_pit,0,NA,NA,,0,NA,NA,NA,NA,NA,NA,NA,NA,NA,anomaly,insufficient data,NA
CambXyl_con&BB_con&SM,tha_pro,46,0.07748079672168286,0.8330739985990481,DE,1,DE,0.07748079672168286,NA,0.07748079672168286,0.07748079672168286,1,NA,NA,FALSE,anomaly,insufficient data,negligible
CambXyl_con&BB_con&SM,tom_spp,46,-0.17283661835419145,0.5134470485403243,DE,1,DE,-0.17283661835419145,NA,-0.17283661835419145,-0.17283661835419145,1,NA,NA,FALSE,anomaly,insufficient data,weak
CambXyl_con&BB_con&SM,tor_vir,46,-0.021283002837393022,0.9734668072557205,DE,1,DE,-0.021283002837393022,NA,-0.021283002837393022,-0.021283002837393022,1,NA,NA,FALSE,anomaly,insufficient data,negligible
CambXyl_con&BB_con&SM,uro_sir_spp,23,0.0037292912911681994,0.9998689195248821,DE,1,DE,0.0037292912911681994,NA,0.0037292912911681994,0.0037292912911681994,1,NA,NA,FALSE,anomaly,insufficient data,negligible
CambXyl_con&BB_con&SM,xyl_lin,46,-0.009622692023659776,0.98638412535406,DE,1,DE,-0.009622692023659776,NA,-0.009622692023659776,-0.009622692023659776,1,NA,NA,FALSE,anomaly,insufficient data,negligible
CambXyl_con&BB_con&SM,xyl_spp,46,-0.015208859256744162,0.981294944540641,DE,1,DE,-0.015208859256744162,NA,-0.015208859256744162,-0.015208859256744162,1,NA,NA,FALSE,anomaly,insufficient data,negligible
CambXyl_con&BB_con&SM,zei_gri,0,NA,NA,,0,NA,NA,NA,NA,NA,NA,NA,NA,NA,anomaly,insufficient data,NA
CambXyl_con&BO,CambXyl_con&MD,23,0.013006952294596101,0.9868831650027698,DE,1,DE,0.013006952294596101,NA,0.013006952294596101,0.013006952294596101,1,NA,NA,FALSE,anomaly,insufficient data,negligible
CambXyl_con&BO,Def_dec,0,NA,NA,,0,NA,NA,NA,NA,NA,NA,NA,NA,NA,anomaly,insufficient data,NA
CambXyl_con&BO,Def_dec&DB,46,-0.207171860474128,0.39791242685986117,DE,1,DE,-0.207171860474128,NA,-0.207171860474128,-0.207171860474128,1,NA,NA,FALSE,anomaly,insufficient data,weak
CambXyl_con&BO,agr_big,46,-0.3008511975850872,0.15431768064507087,DE,1,DE,-0.3008511975850872,NA,-0.3008511975850872,-0.3008511975850872,1,NA,NA,FALSE,anomaly,insufficient data,moderate
CambXyl_con&BO,agr_vir,46,-0.2259526802180518,0.34169346251396515,DE,1,DE,-0.2259526802180518,NA,-0.2259526802180518,-0.2259526802180518,1,NA,NA,FALSE,anomaly,insufficient data,weak
CambXyl_con&BO,bup_pin,0,NA,NA,,0,NA,NA,NA,NA,NA,NA,NA,NA,NA,anomaly,insufficient data,NA
CambXyl_con&BO,cep_spp,0,NA,NA,,0,NA,NA,NA,NA,NA,NA,NA,NA,NA,anomaly,insufficient data,NA
CambXyl_con&BO,clo_ana,0,NA,NA,,0,NA,NA,NA,NA,NA,NA,NA,NA,NA,anomaly,insufficient data,NA
CambXyl_con&BO,den_mic,0,NA,NA,,0,NA,NA,NA,NA,NA,NA,NA,NA,NA,anomaly,insufficient data,NA
CambXyl_con&BO,den_pin,0,NA,NA,,0,NA,NA,NA,NA,NA,NA,NA,NA,NA,anomaly,insufficient data,NA
CambXyl_con&BO,dip_sp,46,-0.05563379794579508,0.8972218434424893,DE,1,DE,-0.05563379794579508,NA,-0.05563379794579508,-0.05563379794579508,1,NA,NA,FALSE,anomaly,insufficient data,negligible
CambXyl_con&BO,era_def,46,-0.142379693725984,0.6138574775558977,DE,1,DE,-0.142379693725984,NA,-0.142379693725984,-0.142379693725984,1,NA,NA,FALSE,anomaly,insufficient data,weak
CambXyl_con&BO,geo_db,46,0.3460024023588016,0.08013156660139156,DE,1,DE,0.3460024023588016,NA,0.3460024023588016,0.3460024023588016,1,NA,NA,FALSE,anomaly,insufficient data,moderate
CambXyl_con&BO,ips_acu,46,-0.1949610510568594,0.43946375273604804,DE,1,DE,-0.1949610510568594,NA,-0.1949610510568594,-0.1949610510568594,1,NA,NA,FALSE,anomaly,insufficient data,weak
CambXyl_con&BO,ips_ami,0,NA,NA,,0,NA,NA,NA,NA,NA,NA,NA,NA,NA,anomaly,insufficient data,NA
CambXyl_con&BO,ips_cem,46,0.23468678824502287,0.31663683981890023,DE,1,DE,0.23468678824502287,NA,0.23468678824502287,0.23468678824502287,1,NA,NA,FALSE,anomaly,insufficient data,weak
CambXyl_con&BO,ips_dup,0,NA,NA,,0,NA,NA,NA,NA,NA,NA,NA,NA,NA,anomaly,insufficient data,NA
CambXyl_con&BO,ips_sex,46,-0.14869823675768834,0.593699296561105,DE,1,DE,-0.14869823675768834,NA,-0.14869823675768834,-0.14869823675768834,1,NA,NA,FALSE,anomaly,insufficient data,weak
CambXyl_con&BO,ips_typ,69,0.023044881257053406,0.965620572915441,"DE,SI",2,"DE,SI",-0.005795215006460519,0.22977864887162097,-0.16827325579546634,0.1566828257825453,0.5,0.19131813705251974,DE,TRUE,anomaly,inconsistent,negligible
CambXyl_con&BO,lym_dis,46,-0.01295995522839349,0.9861303675354863,DE,1,DE,-0.01295995522839349,NA,-0.01295995522839349,-0.01295995522839349,1,NA,NA,FALSE,anomaly,insufficient data,negligible
CambXyl_con&BO,lym_mon,0,NA,NA,,0,NA,NA,NA,NA,NA,NA,NA,NA,NA,anomaly,insufficient data,NA
CambXyl_con&BO,mel_spp,46,-0.09143494053943993,0.7794468473208224,DE,1,DE,-0.09143494053943993,NA,-0.09143494053943993,-0.09143494053943993,1,NA,NA,FALSE,anomaly,insufficient data,negligible
CambXyl_con&BO,neo_ser,0,NA,NA,,0,NA,NA,NA,NA,NA,NA,NA,NA,NA,anomaly,insufficient data,NA
CambXyl_con&BO,ope_spp,46,0.10068896159838756,0.7425915909572752,DE,1,DE,0.10068896159838756,NA,0.10068896159838756,0.10068896159838756,1,NA,NA,FALSE,anomaly,insufficient data,weak
CambXyl_con&BO,pan_fla,0,NA,NA,,0,NA,NA,NA,NA,NA,NA,NA,NA,NA,anomaly,insufficient data,NA
CambXyl_con&BO,pha_cya,46,-0.05396660984378443,0.89790449284574,DE,1,DE,-0.05396660984378443,NA,-0.05396660984378443,-0.05396660984378443,1,NA,NA,FALSE,anomaly,insufficient data,negligible
CambXyl_con&BO,pis_pin,23,0.08003884202916925,0.8978209065317858,DE,1,DE,0.08003884202916925,NA,0.08003884202916925,0.08003884202916925,1,NA,NA,FALSE,anomaly,insufficient data,negligible
CambXyl_con&BO,pit_bid,23,-0.01783468698745733,0.9861303675354863,DE,1,DE,-0.01783468698745733,NA,-0.01783468698745733,-0.01783468698745733,1,NA,NA,FALSE,anomaly,insufficient data,negligible
CambXyl_con&BO,pit_cha,69,-0.07288821490196253,0.7828222356771997,"DE,SI",2,"DE,SI",-0.07924696024822125,0.23851786648260104,-0.24790456107221598,0.08941064057577348,0.5,0.17501634617025347,DE,TRUE,anomaly,inconsistent,negligible
CambXyl_con&BO,pit_spp,69,0.21853039432021593,0.2225022264123545,"DE,SI",2,"DE,SI",0.1939879776948561,0.30856349083289236,-0.024199359099675216,0.4121753144893874,0.5,0.24272975341989114,SI,TRUE,anomaly,inconsistent,weak
CambXyl_con&BO,pol_pol,0,NA,NA,,0,NA,NA,NA,NA,NA,NA,NA,NA,NA,anomaly,insufficient data,NA
CambXyl_con&BO,pri_abi,23,0.12623457908863728,0.7960501339795518,DE,1,DE,0.12623457908863728,NA,0.12623457908863728,0.12623457908863728,1,NA,NA,FALSE,anomaly,insufficient data,weak
CambXyl_con&BO,sap_car,0,NA,NA,,0,NA,NA,NA,NA,NA,NA,NA,NA,NA,anomaly,insufficient data,NA
CambXyl_con&BO,sco_int,46,-0.17574238748981547,0.5042752159481652,DE,1,DE,-0.17574238748981547,NA,-0.17574238748981547,-0.17574238748981547,1,NA,NA,FALSE,anomaly,insufficient data,weak
CambXyl_con&BO,sco_rat,0,NA,NA,,0,NA,NA,NA,NA,NA,NA,NA,NA,NA,anomaly,insufficient data,NA
CambXyl_con&BO,sco_sco,23,0.18625486497746074,0.6497800021350626,DE,1,DE,0.18625486497746074,NA,0.18625486497746074,0.18625486497746074,1,NA,NA,FALSE,anomaly,insufficient data,weak
CambXyl_con&BO,tet_gab,46,-0.059278012036528084,0.8897968844367767,DE,1,DE,-0.059278012036528084,NA,-0.059278012036528084,-0.059278012036528084,1,NA,NA,FALSE,anomaly,insufficient data,negligible
CambXyl_con&BO,tet_spp,46,-0.07509168504343637,0.8423034463983048,DE,1,DE,-0.07509168504343637,NA,-0.07509168504343637,-0.07509168504343637,1,NA,NA,FALSE,anomaly,insufficient data,negligible
CambXyl_con&BO,tha_pit,0,NA,NA,,0,NA,NA,NA,NA,NA,NA,NA,NA,NA,anomaly,insufficient data,NA
CambXyl_con&BO,tha_pro,46,0.22252890793156002,0.3504195385724523,DE,1,DE,0.22252890793156002,NA,0.22252890793156002,0.22252890793156002,1,NA,NA,FALSE,anomaly,insufficient data,weak
CambXyl_con&BO,tom_spp,46,-0.1838659018966131,0.4804820166536627,DE,1,DE,-0.1838659018966131,NA,-0.1838659018966131,-0.1838659018966131,1,NA,NA,FALSE,anomaly,insufficient data,weak
CambXyl_con&BO,tor_vir,46,-0.022676887654463716,0.9734668072557205,DE,1,DE,-0.022676887654463716,NA,-0.022676887654463716,-0.022676887654463716,1,NA,NA,FALSE,anomaly,insufficient data,negligible
CambXyl_con&BO,uro_sir_spp,23,-0.3154546635555691,0.35534782921945,DE,1,DE,-0.3154546635555691,NA,-0.3154546635555691,-0.3154546635555691,1,NA,NA,FALSE,anomaly,insufficient data,moderate
CambXyl_con&BO,xyl_lin,46,0.40055765996309267,0.03247805707668444,DE,1,DE,0.40055765996309267,NA,0.40055765996309267,0.40055765996309267,1,NA,NA,FALSE,anomaly,insufficient data,moderate
CambXyl_con&BO,xyl_spp,46,0.35834166855491945,0.06623118046688703,DE,1,DE,0.35834166855491945,NA,0.35834166855491945,0.35834166855491945,1,NA,NA,FALSE,anomaly,insufficient data,moderate
CambXyl_con&BO,zei_gri,0,NA,NA,,0,NA,NA,NA,NA,NA,NA,NA,NA,NA,anomaly,insufficient data,NA
CambXyl_con&MD,Def_dec,0,NA,NA,,0,NA,NA,NA,NA,NA,NA,NA,NA,NA,anomaly,insufficient data,NA
CambXyl_con&MD,Def_dec&DB,207,0.1373070320487957,0.1690730070738294,"CZ,DE",2,"CZ,DE",0.2807751457207625,0.3176648504535526,0.056152175820444954,0.5053981156210801,1,0.36809108357228437,CZ,FALSE,anomaly,inconsistent,weak
CambXyl_con&MD,agr_big,23,-0.03159396756151424,0.9734668072557205,DE,1,DE,-0.03159396756151424,NA,-0.03159396756151424,-0.03159396756151424,1,NA,NA,FALSE,anomaly,insufficient data,negligible
CambXyl_con&MD,agr_vir,23,0.24489034880065044,0.5201509109708936,DE,1,DE,0.24489034880065044,NA,0.24489034880065044,0.24489034880065044,1,NA,NA,FALSE,anomaly,insufficient data,weak
CambXyl_con&MD,bup_pin,0,NA,NA,,0,NA,NA,NA,NA,NA,NA,NA,NA,NA,anomaly,insufficient data,NA
CambXyl_con&MD,cep_spp,161,0.04762577168463433,0.780627989622915,CZ,1,CZ,0.04762577168463433,NA,0.04762577168463433,0.04762577168463433,1,NA,NA,FALSE,anomaly,insufficient data,negligible
CambXyl_con&MD,clo_ana,0,NA,NA,,0,NA,NA,NA,NA,NA,NA,NA,NA,NA,anomaly,insufficient data,NA
CambXyl_con&MD,den_mic,23,0.07475747991834208,0.9025422383033671,CZ,1,CZ,0.07475747991834208,NA,0.07475747991834208,0.07475747991834208,1,NA,NA,FALSE,anomaly,insufficient data,negligible
CambXyl_con&MD,den_pin,0,NA,NA,,0,NA,NA,NA,NA,NA,NA,NA,NA,NA,anomaly,insufficient data,NA
CambXyl_con&MD,dip_sp,23,0.1324390075085736,0.7794468473208224,DE,1,DE,0.1324390075085736,NA,0.1324390075085736,0.1324390075085736,1,NA,NA,FALSE,anomaly,insufficient data,weak
CambXyl_con&MD,era_def,23,-0.28729320474455977,0.4229619993169262,DE,1,DE,-0.28729320474455977,NA,-0.28729320474455977,-0.28729320474455977,1,NA,NA,FALSE,anomaly,insufficient data,weak
CambXyl_con&MD,geo_db,23,0.15396403869833664,0.7241899519556514,DE,1,DE,0.15396403869833664,NA,0.15396403869833664,0.15396403869833664,1,NA,NA,FALSE,anomaly,insufficient data,weak
CambXyl_con&MD,ips_acu,207,0.1173061757526707,0.2672753315011633,"CZ,DE",2,"CZ,DE",0.003087266364042121,0.3007443206192777,-0.20957108214919035,0.2157456148772746,0.5,0.32687725790186106,CZ,TRUE,anomaly,inconsistent,weak
CambXyl_con&MD,ips_ami,0,NA,NA,,0,NA,NA,NA,NA,NA,NA,NA,NA,NA,anomaly,insufficient data,NA
CambXyl_con&MD,ips_cem,23,-0.4264493068742526,0.15463963332351274,DE,1,DE,-0.4264493068742526,NA,-0.4264493068742526,-0.4264493068742526,1,NA,NA,FALSE,anomaly,insufficient data,moderate
CambXyl_con&MD,ips_dup,184,0.008906729338813138,0.9765611630065087,CZ,1,CZ,0.008906729338813138,NA,0.008906729338813138,0.008906729338813138,1,NA,NA,FALSE,anomaly,insufficient data,negligible
CambXyl_con&MD,ips_sex,207,-0.011897130238536205,0.9708684824491643,"CZ,DE",2,"CZ,DE",-0.14446881699065212,0.2937691767114059,-0.3521949939468764,0.06325735996557219,0.5,0.3402978637083402,CZ,TRUE,anomaly,inconsistent,negligible
CambXyl_con&MD,ips_typ,207,-0.14360563725971032,0.1482423951271846,"CZ,DE",2,"CZ,DE",-0.27393496768326664,0.3140720795087526,-0.4960174648852661,-0.05185247048126715,1,0.3524118276255558,CZ,FALSE,anomaly,inconsistent,weak
CambXyl_con&MD,lym_dis,161,0.01101708638892005,0.9734668072557205,"CZ,DE",2,"CZ,DE",0.02068520702383161,0.02026015728048939,0.006359112422891563,0.03501130162477166,1,0.02399421523585161,CZ,FALSE,anomaly,consistent,negligible
CambXyl_con&MD,lym_mon,138,0.07914154298291325,0.6212520228993552,CZ,1,CZ,0.07914154298291325,NA,0.07914154298291325,0.07914154298291325,1,NA,NA,FALSE,anomaly,insufficient data,negligible
CambXyl_con&MD,mel_spp,23,0.09265681234435456,0.8728251117225265,DE,1,DE,0.09265681234435456,NA,0.09265681234435456,0.09265681234435456,1,NA,NA,FALSE,anomaly,insufficient data,negligible
CambXyl_con&MD,neo_ser,46,-0.036105340250286194,0.9430771656844934,CZ,1,CZ,-0.036105340250286194,NA,-0.036105340250286194,-0.036105340250286194,1,NA,NA,FALSE,anomaly,insufficient data,negligible
CambXyl_con&MD,ope_spp,23,-0.042619187365732336,0.9630162605581999,DE,1,DE,-0.042619187365732336,NA,-0.042619187365732336,-0.042619187365732336,1,NA,NA,FALSE,anomaly,insufficient data,negligible
CambXyl_con&MD,pan_fla,23,-0.21849236697330093,0.5844809186173754,CZ,1,CZ,-0.21849236697330093,NA,-0.21849236697330093,-0.21849236697330093,1,NA,NA,FALSE,anomaly,insufficient data,weak
CambXyl_con&MD,pha_cya,207,-0.0057001762508264355,0.9861303675354863,"CZ,DE",2,"CZ,DE",-0.1704848625838881,0.33798286168147684,-0.4094748360036953,0.06850511083591909,0.5,0.40377465975286886,CZ,TRUE,anomaly,inconsistent,negligible
CambXyl_con&MD,pis_pin,23,-0.2036313536740119,0.6190172865439908,DE,1,DE,-0.2036313536740119,NA,-0.2036313536740119,-0.2036313536740119,1,NA,NA,FALSE,anomaly,insufficient data,weak
CambXyl_con&MD,pit_bid,23,-0.08949765619296925,0.8805537454717125,DE,1,DE,-0.08949765619296925,NA,-0.08949765619296925,-0.08949765619296925,1,NA,NA,FALSE,anomaly,insufficient data,negligible
CambXyl_con&MD,pit_cha,23,-0.4819254747100671,0.0841136442278646,DE,1,DE,-0.4819254747100671,NA,-0.4819254747100671,-0.4819254747100671,1,NA,NA,FALSE,anomaly,insufficient data,moderate
CambXyl_con&MD,pit_spp,207,0.059362568127733,0.6497800021350626,"CZ,DE",2,"CZ,DE",-0.0294157799263186,0.20282074952767673,-0.17283170728267708,0.11400014743003987,0.5,0.23219427541041007,CZ,TRUE,anomaly,inconsistent,negligible
CambXyl_con&MD,pol_pol,184,0.11454135932901752,0.3266710877266745,CZ,1,CZ,0.11454135932901752,NA,0.11454135932901752,0.11454135932901752,1,NA,NA,FALSE,anomaly,insufficient data,weak
CambXyl_con&MD,pri_abi,184,0.03298186215325157,0.8682647552350639,"CZ,DE",2,"CZ,DE",0.019535072666773446,0.03806220110575449,-0.007378967841991664,0.046449113175538556,0.5,0.040360829995243236,CZ,TRUE,anomaly,inconsistent,negligible
CambXyl_con&MD,sap_car,0,NA,NA,,0,NA,NA,NA,NA,NA,NA,NA,NA,NA,anomaly,insufficient data,NA
CambXyl_con&MD,sco_int,207,0.32179871025987394,4.7368198109617284e-5,"CZ,DE",2,"CZ,DE",0.3477610938661487,0.048963644039578265,0.3131385691341586,0.38238361859813874,1,0.0605849083382648,CZ,FALSE,anomaly,consistent,moderate
CambXyl_con&MD,sco_rat,184,0.18534420113655634,0.05606992576859722,CZ,1,CZ,0.18534420113655634,NA,0.18534420113655634,0.18534420113655634,1,NA,NA,FALSE,anomaly,insufficient data,weak
CambXyl_con&MD,sco_sco,23,-0.24279978482950573,0.5226887533577416,DE,1,DE,-0.24279978482950573,NA,-0.24279978482950573,-0.24279978482950573,1,NA,NA,FALSE,anomaly,insufficient data,weak
CambXyl_con&MD,tet_gab,69,-0.14771344610169493,0.4870454767325457,"CZ,DE",2,"CZ,DE",-0.19188592258927845,0.4070524721221826,-0.47971548592562185,0.09594364074706498,0.5,0.33200203982392695,CZ,TRUE,anomaly,inconsistent,weak
CambXyl_con&MD,tet_spp,23,-0.18896837048641504,0.6477475091898975,DE,1,DE,-0.18896837048641504,NA,-0.18896837048641504,-0.18896837048641504,1,NA,NA,FALSE,anomaly,insufficient data,weak
CambXyl_con&MD,tha_pit,0,NA,NA,,0,NA,NA,NA,NA,NA,NA,NA,NA,NA,anomaly,insufficient data,NA
CambXyl_con&MD,tha_pro,23,0.3831203024115438,0.2225022264123545,DE,1,DE,0.3831203024115438,NA,0.3831203024115438,0.3831203024115438,1,NA,NA,FALSE,anomaly,insufficient data,moderate
CambXyl_con&MD,tom_spp,207,-0.029991914752385898,0.8718422141386646,"CZ,DE",2,"CZ,DE",-0.12884627771623758,0.19321041100123731,-0.2654666695310524,0.007774114098577254,0.5,0.23547475477866653,CZ,TRUE,anomaly,inconsistent,negligible
CambXyl_con&MD,tor_vir,23,-0.2853682546719263,0.42801593543737754,DE,1,DE,-0.2853682546719263,NA,-0.2853682546719263,-0.2853682546719263,1,NA,NA,FALSE,anomaly,insufficient data,weak
CambXyl_con&MD,uro_sir_spp,23,-0.08480658425202098,0.8907957524737868,DE,1,DE,-0.08480658425202098,NA,-0.08480658425202098,-0.08480658425202098,1,NA,NA,FALSE,anomaly,insufficient data,negligible
CambXyl_con&MD,xyl_lin,23,0.16510921354732133,0.6994115444167665,DE,1,DE,0.16510921354732133,NA,0.16510921354732133,0.16510921354732133,1,NA,NA,FALSE,anomaly,insufficient data,weak
CambXyl_con&MD,xyl_spp,23,0.33519360088124883,0.3186818558661832,DE,1,DE,0.33519360088124883,NA,0.33519360088124883,0.33519360088124883,1,NA,NA,FALSE,anomaly,insufficient data,moderate
CambXyl_con&MD,zei_gri,161,0.022567776224732276,0.9311600253094044,CZ,1,CZ,0.022567776224732276,NA,0.022567776224732276,0.022567776224732276,1,NA,NA,FALSE,anomaly,insufficient data,negligible
Def_dec,Def_dec&DB,46,0.041688676860264055,0.9351312539761704,DE,1,DE,0.041688676860264055,NA,0.041688676860264055,0.041688676860264055,1,NA,NA,FALSE,anomaly,insufficient data,negligible
Def_dec,agr_big,46,-0.19738490494406433,0.428817370843752,DE,1,DE,-0.19738490494406433,NA,-0.19738490494406433,-0.19738490494406433,1,NA,NA,FALSE,anomaly,insufficient data,weak
Def_dec,agr_vir,23,-0.02985191242914553,0.9734668072557205,DE,1,DE,-0.02985191242914553,NA,-0.02985191242914553,-0.02985191242914553,1,NA,NA,FALSE,anomaly,insufficient data,negligible
Def_dec,bup_pin,46,0.07879416376747848,0.8282919879626657,DE,1,DE,0.07879416376747848,NA,0.07879416376747848,0.07879416376747848,1,NA,NA,FALSE,anomaly,insufficient data,negligible
Def_dec,cep_spp,0,NA,NA,,0,NA,NA,NA,NA,NA,NA,NA,NA,NA,anomaly,insufficient data,NA
Def_dec,clo_ana,0,NA,NA,,0,NA,NA,NA,NA,NA,NA,NA,NA,NA,anomaly,insufficient data,NA
Def_dec,den_mic,0,NA,NA,,0,NA,NA,NA,NA,NA,NA,NA,NA,NA,anomaly,insufficient data,NA
Def_dec,den_pin,23,0.02851016594869565,0.9735301501850687,DE,1,DE,0.02851016594869565,NA,0.02851016594869565,0.02851016594869565,1,NA,NA,FALSE,anomaly,insufficient data,negligible
Def_dec,dip_sp,23,-0.12096815130947329,0.8107616540636646,DE,1,DE,-0.12096815130947329,NA,-0.12096815130947329,-0.12096815130947329,1,NA,NA,FALSE,anomaly,insufficient data,weak
Def_dec,era_def,23,-0.025650650344387925,0.9787315627321165,DE,1,DE,-0.025650650344387925,NA,-0.025650650344387925,-0.025650650344387925,1,NA,NA,FALSE,anomaly,insufficient data,negligible
Def_dec,geo_db,23,0.09587147610549109,0.8718422141386646,DE,1,DE,0.09587147610549109,NA,0.09587147610549109,0.09587147610549109,1,NA,NA,FALSE,anomaly,insufficient data,negligible
Def_dec,ips_acu,23,0.22587360627565123,0.5626783752267457,DE,1,DE,0.22587360627565123,NA,0.22587360627565123,0.22587360627565123,1,NA,NA,FALSE,anomaly,insufficient data,weak
Def_dec,ips_ami,0,NA,NA,,0,NA,NA,NA,NA,NA,NA,NA,NA,NA,anomaly,insufficient data,NA
Def_dec,ips_cem,46,-0.029321966133890466,0.9630162605581999,DE,1,DE,-0.029321966133890466,NA,-0.029321966133890466,-0.029321966133890466,1,NA,NA,FALSE,anomaly,insufficient data,negligible
Def_dec,ips_dup,0,NA,NA,,0,NA,NA,NA,NA,NA,NA,NA,NA,NA,anomaly,insufficient data,NA
Def_dec,ips_sex,46,0.051748285059801544,0.9025422383033671,DE,1,DE,0.051748285059801544,NA,0.051748285059801544,0.051748285059801544,1,NA,NA,FALSE,anomaly,insufficient data,negligible
Def_dec,ips_typ,46,0.020450681273448387,0.9734668072557205,DE,1,DE,0.020450681273448387,NA,0.020450681273448387,0.020450681273448387,1,NA,NA,FALSE,anomaly,insufficient data,negligible
Def_dec,lym_dis,46,-0.20541442484819697,0.40241684492590746,DE,1,DE,-0.20541442484819697,NA,-0.20541442484819697,-0.20541442484819697,1,NA,NA,FALSE,anomaly,insufficient data,weak
Def_dec,lym_mon,46,-0.12411299161811214,0.6592816647337791,DE,1,DE,-0.12411299161811214,NA,-0.12411299161811214,-0.12411299161811214,1,NA,NA,FALSE,anomaly,insufficient data,weak
Def_dec,mel_spp,46,-0.11305849079827777,0.6994115444167665,DE,1,DE,-0.11305849079827777,NA,-0.11305849079827777,-0.11305849079827777,1,NA,NA,FALSE,anomaly,insufficient data,weak
Def_dec,neo_ser,23,-0.1162538909021103,0.8240031273982812,DE,1,DE,-0.1162538909021103,NA,-0.1162538909021103,-0.1162538909021103,1,NA,NA,FALSE,anomaly,insufficient data,weak
Def_dec,ope_spp,46,-9.12951371324264e-18,1,DE,1,DE,-9.12951371324264e-18,NA,-9.12951371324264e-18,-9.12951371324264e-18,1,NA,NA,FALSE,anomaly,insufficient data,negligible
Def_dec,pan_fla,23,0.22678741280816186,0.5611092767049943,DE,1,DE,0.22678741280816186,NA,0.22678741280816186,0.22678741280816186,1,NA,NA,FALSE,anomaly,insufficient data,weak
Def_dec,pha_cya,46,0.13287419602586145,0.6402501236995132,DE,1,DE,0.13287419602586145,NA,0.13287419602586145,0.13287419602586145,1,NA,NA,FALSE,anomaly,insufficient data,weak
Def_dec,pis_pin,23,0.013829421493162731,0.98638412535406,DE,1,DE,0.013829421493162731,NA,0.013829421493162731,0.013829421493162731,1,NA,NA,FALSE,anomaly,insufficient data,negligible
Def_dec,pit_bid,23,0.1819986626335654,0.6528292174399369,DE,1,DE,0.1819986626335654,NA,0.1819986626335654,0.1819986626335654,1,NA,NA,FALSE,anomaly,insufficient data,weak
Def_dec,pit_cha,46,-0.10598372714801071,0.7241899519556514,DE,1,DE,-0.10598372714801071,NA,-0.10598372714801071,-0.10598372714801071,1,NA,NA,FALSE,anomaly,insufficient data,weak
Def_dec,pit_spp,23,0.08392938583524885,0.891053608757435,DE,1,DE,0.08392938583524885,NA,0.08392938583524885,0.08392938583524885,1,NA,NA,FALSE,anomaly,insufficient data,negligible
Def_dec,pol_pol,0,NA,NA,,0,NA,NA,NA,NA,NA,NA,NA,NA,NA,anomaly,insufficient data,NA
Def_dec,pri_abi,46,-0.01689728153511007,0.9794019792061184,DE,1,DE,-0.01689728153511007,NA,-0.01689728153511007,-0.01689728153511007,1,NA,NA,FALSE,anomaly,insufficient data,negligible
Def_dec,sap_car,0,NA,NA,,0,NA,NA,NA,NA,NA,NA,NA,NA,NA,anomaly,insufficient data,NA
Def_dec,sco_int,46,0.02804896777026468,0.965620572915441,DE,1,DE,0.02804896777026468,NA,0.02804896777026468,0.02804896777026468,1,NA,NA,FALSE,anomaly,insufficient data,negligible
Def_dec,sco_rat,23,0.0793890263491628,0.89790449284574,DE,1,DE,0.0793890263491628,NA,0.0793890263491628,0.0793890263491628,1,NA,NA,FALSE,anomaly,insufficient data,negligible
Def_dec,sco_sco,23,0.03541375850492393,0.9734668072557205,DE,1,DE,0.03541375850492393,NA,0.03541375850492393,0.03541375850492393,1,NA,NA,FALSE,anomaly,insufficient data,negligible
Def_dec,tet_gab,46,0.012613023247094502,0.9861303675354863,DE,1,DE,0.012613023247094502,NA,0.012613023247094502,0.012613023247094502,1,NA,NA,FALSE,anomaly,insufficient data,negligible
Def_dec,tet_spp,46,-0.13661500617491146,0.6275233079484036,DE,1,DE,-0.13661500617491146,NA,-0.13661500617491146,-0.13661500617491146,1,NA,NA,FALSE,anomaly,insufficient data,weak
Def_dec,tha_pit,0,NA,NA,,0,NA,NA,NA,NA,NA,NA,NA,NA,NA,anomaly,insufficient data,NA
Def_dec,tha_pro,23,0.10753594578086585,0.847207034263338,DE,1,DE,0.10753594578086585,NA,0.10753594578086585,0.10753594578086585,1,NA,NA,FALSE,anomaly,insufficient data,weak
Def_dec,tom_spp,46,-0.11077547380719381,0.707940093948347,DE,1,DE,-0.11077547380719381,NA,-0.11077547380719381,-0.11077547380719381,1,NA,NA,FALSE,anomaly,insufficient data,weak
Def_dec,tor_vir,23,-0.04625502763039444,0.9585537239648252,DE,1,DE,-0.04625502763039444,NA,-0.04625502763039444,-0.04625502763039444,1,NA,NA,FALSE,anomaly,insufficient data,negligible
Def_dec,uro_sir_spp,46,-0.1402302214835335,0.6190172865439908,DE,1,DE,-0.1402302214835335,NA,-0.1402302214835335,-0.1402302214835335,1,NA,NA,FALSE,anomaly,insufficient data,weak
Def_dec,xyl_lin,46,-0.0776690770645014,0.8330645460511952,DE,1,DE,-0.0776690770645014,NA,-0.0776690770645014,-0.0776690770645014,1,NA,NA,FALSE,anomaly,insufficient data,negligible
Def_dec,xyl_spp,46,0.009412435917109276,0.98638412535406,DE,1,DE,0.009412435917109276,NA,0.009412435917109276,0.009412435917109276,1,NA,NA,FALSE,anomaly,insufficient data,negligible
Def_dec,zei_gri,23,-0.19945998088079495,0.62501522045599,DE,1,DE,-0.19945998088079495,NA,-0.19945998088079495,-0.19945998088079495,1,NA,NA,FALSE,anomaly,insufficient data,weak
Def_dec&DB,agr_big,161,0.1929404632096448,0.06536321747322185,DE,1,DE,0.1929404632096448,NA,0.1929404632096448,0.1929404632096448,1,NA,NA,FALSE,anomaly,insufficient data,weak
Def_dec&DB,agr_vir,138,0.0992337866030503,0.5107247468408848,DE,1,DE,0.0992337866030503,NA,0.0992337866030503,0.0992337866030503,1,NA,NA,FALSE,anomaly,insufficient data,negligible
Def_dec&DB,bup_pin,115,0.31372819151160813,0.0052591487186066125,DE,1,DE,0.31372819151160813,NA,0.31372819151160813,0.31372819151160813,1,NA,NA,FALSE,anomaly,insufficient data,moderate
Def_dec&DB,cep_spp,161,-0.1396443899941075,0.2337544578700417,CZ,1,CZ,-0.1396443899941075,NA,-0.1396443899941075,-0.1396443899941075,1,NA,NA,FALSE,anomaly,insufficient data,weak
Def_dec&DB,clo_ana,0,NA,NA,,0,NA,NA,NA,NA,NA,NA,NA,NA,NA,anomaly,insufficient data,NA
Def_dec&DB,den_mic,23,0.18521554826543662,0.6497800021350626,CZ,1,CZ,0.18521554826543662,NA,0.18521554826543662,0.18521554826543662,1,NA,NA,FALSE,anomaly,insufficient data,weak
Def_dec&DB,den_pin,69,-0.06771424528629427,0.8091613838270444,DE,1,DE,-0.06771424528629427,NA,-0.06771424528629427,-0.06771424528629427,1,NA,NA,FALSE,anomaly,insufficient data,negligible
Def_dec&DB,dip_sp,222,0.07070381776252063,0.556139399064483,"AT,DE",2,"AT,DE",0.11781758497328756,0.16498504301428418,0.0011555422635329917,0.23447962768304215,1,0.16377580992052151,DE,FALSE,anomaly,consistent,negligible
Def_dec&DB,era_def,138,-0.47278623033362566,2.0488815111466255e-7,DE,1,DE,-0.47278623033362566,NA,-0.47278623033362566,-0.47278623033362566,1,NA,NA,FALSE,anomaly,insufficient data,moderate
Def_dec&DB,geo_db,115,-0.046597522247154924,0.8425223209421112,DE,1,DE,-0.046597522247154924,NA,-0.046597522247154924,-0.046597522247154924,1,NA,NA,FALSE,anomaly,insufficient data,negligible
Def_dec&DB,ips_acu,299,0.06655500976167975,0.5134470485403243,"CZ,DE",2,"CZ,DE",0.06641638974578427,0.13472074720429217,-0.028845564168889337,0.16167834366045788,0.5,0.09540057393056908,DE,TRUE,anomaly,inconsistent,negligible
Def_dec&DB,ips_ami,23,-0.04097756985519248,0.965620572915441,DE,1,DE,-0.04097756985519248,NA,-0.04097756985519248,-0.04097756985519248,1,NA,NA,FALSE,anomaly,insufficient data,negligible
Def_dec&DB,ips_cem,161,0.14209879872884892,0.2237614865280595,DE,1,DE,0.14209879872884892,NA,0.14209879872884892,0.14209879872884892,1,NA,NA,FALSE,anomaly,insufficient data,weak
Def_dec&DB,ips_dup,184,0.07316051201733129,0.593699296561105,CZ,1,CZ,0.07316051201733129,NA,0.07316051201733129,0.07316051201733129,1,NA,NA,FALSE,anomaly,insufficient data,negligible
Def_dec&DB,ips_sex,322,0.027951542688959045,0.8422924745614995,"CZ,DE",2,"CZ,DE",0.0292033700253836,0.06282946640083897,-0.015223771724981983,0.07363051177574918,0.5,0.04567896908679014,DE,TRUE,anomaly,inconsistent,negligible
Def_dec&DB,ips_typ,471,-0.05250444876781934,0.5184236247828979,"AT,CZ,DE",3,"AT,CZ,DE",-0.07619058217108647,0.14797169770742527,-0.20924666591135188,0.08316893204110949,0.6666666666666666,0.1005638816752489,DE,TRUE,anomaly,inconsistent,negligible
Def_dec&DB,lym_dis,381,0.14287759078724396,0.029985242765998774,"AT,CZ,DE",3,"AT,CZ,DE",0.14153888247496768,0.15701177741132416,-0.03964849871591608,0.23770463900283,0.6666666666666666,0.08725069896563711,CZ,FALSE,anomaly,inconsistent,weak
Def_dec&DB,lym_mon,253,0.04914680736460121,0.688186637470987,"CZ,DE",2,"CZ,DE",0.04933394476962795,0.07913918196938444,-0.006625907458479932,0.10529379699773583,0.5,0.05614698963313462,CZ,TRUE,anomaly,inconsistent,negligible
Def_dec&DB,mel_spp,161,0.07597890234912245,0.6068031913115117,DE,1,DE,0.07597890234912245,NA,0.07597890234912245,0.07597890234912245,1,NA,NA,FALSE,anomaly,insufficient data,negligible
Def_dec&DB,neo_ser,69,-0.14147658770709526,0.510492752460748,"CZ,DE",2,"CZ,DE",-0.15735512682836794,0.04689443812317052,-0.19051450202519477,-0.1241957516315411,1,0.04903791431809951,CZ,FALSE,anomaly,consistent,weak
Def_dec&DB,ope_spp,115,-0.26178887641902426,0.028502207386604233,DE,1,DE,-0.26178887641902426,NA,-0.26178887641902426,-0.26178887641902426,1,NA,NA,FALSE,anomaly,insufficient data,weak
Def_dec&DB,pan_fla,92,0.18148528207110967,0.24759226276408092,"CZ,DE",2,"CZ,DE",0.16534438913075897,0.05105031724832196,0.12924636362274594,0.201442414638772,1,0.05223891844836373,DE,FALSE,anomaly,consistent,weak
Def_dec&DB,pha_cya,450,0.07828063348173715,0.27668752504847627,"AT,CZ,DE",3,"AT,CZ,DE",0.08138526809359695,0.09692039094324016,-0.02441737009364876,0.16587635602231246,0.6666666666666666,0.06397520495680552,CZ,FALSE,anomaly,inconsistent,negligible
Def_dec&DB,pis_pin,115,0.28771212244629035,0.01251739859751549,DE,1,DE,0.28771212244629035,NA,0.28771212244629035,0.28771212244629035,1,NA,NA,FALSE,anomaly,insufficient data,weak
Def_dec&DB,pit_bid,69,0.008325206409358698,0.98638412535406,DE,1,DE,0.008325206409358698,NA,0.008325206409358698,0.008325206409358698,1,NA,NA,FALSE,anomaly,insufficient data,negligible
Def_dec&DB,pit_cha,287,0.07263300636783174,0.4795721719898321,"AT,DE",2,"AT,DE",0.05422352960987592,0.1405937871544737,-0.045191290679750556,0.1536383498995024,0.5,0.1178242970475823,DE,TRUE,anomaly,inconsistent,negligible
Def_dec&DB,pit_spp,337,-0.07430782590517068,0.4071786618331923,"AT,CZ,DE",3,"AT,CZ,DE",-0.10807741299405119,0.1696147109691194,-0.28114272314154287,0.057862099433466686,0.6666666666666666,0.10598717998602286,CZ,FALSE,anomaly,inconsistent,negligible
Def_dec&DB,pol_pol,184,-0.034975316325477734,0.85427731557585,CZ,1,CZ,-0.034975316325477734,NA,-0.034975316325477734,-0.034975316325477734,1,NA,NA,FALSE,anomaly,insufficient data,negligible
Def_dec&DB,pri_abi,276,0.12026570945338196,0.16298463217698134,"CZ,DE",2,"CZ,DE",0.1020359511021264,0.14308710161159482,8.580912522391215e-4,0.20321381095201368,1,0.11940761820114283,DE,FALSE,anomaly,consistent,weak
Def_dec&DB,sap_car,0,NA,NA,,0,NA,NA,NA,NA,NA,NA,NA,NA,NA,anomaly,insufficient data,NA
Def_dec&DB,sco_int,299,0.05578285561423956,0.6064733866181594,"CZ,DE",2,"CZ,DE",0.05907851686567971,0.030980504332918036,0.03717199216729415,0.08098504156406527,1,0.025202185949825713,CZ,FALSE,anomaly,consistent,negligible
Def_dec&DB,sco_rat,230,0.05724686650181605,0.6477475091898975,"CZ,DE",2,"CZ,DE",-0.011259684239095763,0.17556301859795756,-0.13540148521529152,0.1128821167371,0.5,0.19264835171710756,CZ,TRUE,anomaly,inconsistent,negligible
Def_dec&DB,sco_sco,69,0.13646300587610935,0.5226887533577416,DE,1,DE,0.13646300587610935,NA,0.13646300587610935,0.13646300587610935,1,NA,NA,FALSE,anomaly,insufficient data,weak
Def_dec&DB,tet_gab,312,0.022425458103824875,0.8879650655720437,"AT,CZ,DE",3,"AT,CZ,DE",0.04231386660879414,0.11146935532182287,-0.07016392581430825,0.15274664471287927,0.6666666666666666,0.04167935949365789,AT,TRUE,anomaly,inconsistent,negligible
Def_dec&DB,tet_spp,138,0.15034808460237473,0.23621609450433734,DE,1,DE,0.15034808460237473,NA,0.15034808460237473,0.15034808460237473,1,NA,NA,FALSE,anomaly,insufficient data,weak
Def_dec&DB,tha_pit,23,0.6912907041099254,0.00262713172895279,DE,1,DE,0.6912907041099254,NA,0.6912907041099254,0.6912907041099254,1,NA,NA,FALSE,anomaly,insufficient data,strong
Def_dec&DB,tha_pro,138,0.1583152394179912,0.20549409777088998,DE,1,DE,0.1583152394179912,NA,0.1583152394179912,0.1583152394179912,1,NA,NA,FALSE,anomaly,insufficient data,weak
Def_dec&DB,tom_spp,471,0.04333514479535955,0.6154437130192676,"AT,CZ,DE",3,"AT,CZ,DE",0.020732345727254946,0.1746518198659044,-0.16628050967982086,0.1796062127017436,0.6666666666666666,0.07861029691299547,DE,TRUE,anomaly,inconsistent,negligible
Def_dec&DB,tor_vir,138,-0.4090624076099985,1.598060784334171e-5,DE,1,DE,-0.4090624076099985,NA,-0.4090624076099985,-0.4090624076099985,1,NA,NA,FALSE,anomaly,insufficient data,moderate
Def_dec&DB,uro_sir_spp,69,0.1549511510253831,0.45030800952717936,DE,1,DE,0.1549511510253831,NA,0.1549511510253831,0.1549511510253831,1,NA,NA,FALSE,anomaly,insufficient data,weak
Def_dec&DB,xyl_lin,138,-0.018327512319817947,0.9563003686383827,DE,1,DE,-0.018327512319817947,NA,-0.018327512319817947,-0.018327512319817947,1,NA,NA,FALSE,anomaly,insufficient data,negligible
Def_dec&DB,xyl_spp,161,0.13580126093502698,0.25413893588262826,DE,1,DE,0.13580126093502698,NA,0.13580126093502698,0.13580126093502698,1,NA,NA,FALSE,anomaly,insufficient data,weak
Def_dec&DB,zei_gri,184,0.02163061807244473,0.9267730582418938,"CZ,DE",2,"CZ,DE",-0.15726662656422877,0.3828824864849079,-0.4280054291552738,0.11347217602681625,0.5,0.4496360472277185,CZ,TRUE,anomaly,inconsistent,negligible
agr_big,agr_vir,207,0.33162141450420557,2.4747673057231665e-5,DE,1,DE,0.33162141450420557,NA,0.33162141450420557,0.33162141450420557,1,NA,NA,FALSE,anomaly,insufficient data,moderate
agr_big,bup_pin,464,0.12892119586338108,0.0308312792744893,"DE,PL",2,"DE,PL",0.11303945996820865,0.15089443383685366,0.006340982558864585,0.2197379373775527,1,0.12258021330451649,DE,FALSE,anomaly,consistent,weak
agr_big,cep_spp,0,NA,NA,,0,NA,NA,NA,NA,NA,NA,NA,NA,NA,anomaly,insufficient data,NA
agr_big,clo_ana,0,NA,NA,,0,NA,NA,NA,NA,NA,NA,NA,NA,NA,anomaly,insufficient data,NA
agr_big,den_mic,23,-0.06790179828938255,0.91747381287538,DE,1,DE,-0.06790179828938255,NA,-0.06790179828938255,-0.06790179828938255,1,NA,NA,FALSE,anomaly,insufficient data,negligible
agr_big,den_pin,395,0.10925446319457996,0.11848976321567697,"DE,PL",2,"DE,PL",0.12244293780844712,0.06896963898014499,0.07367403838959856,0.1712118372272957,1,0.06195737403271573,PL,FALSE,anomaly,consistent,weak
agr_big,dip_sp,527,0.11704764872379769,0.038227925865317126,"DE,PL",2,"DE,PL",0.11943667244547744,0.13169741743599084,0.026312535511732855,0.21256080937922203,1,0.09551316065542434,PL,FALSE,anomaly,consistent,weak
agr_big,era_def,230,0.07487165963333885,0.5197134286831501,DE,1,DE,0.07487165963333885,NA,0.07487165963333885,0.07487165963333885,1,NA,NA,FALSE,anomaly,insufficient data,negligible
agr_big,geo_db,501,0.07747994104535572,0.24759226276408092,"DE,PL",2,"DE,PL",0.07311661388206417,0.12057946632021616,-0.012145944424815596,0.15837917218894393,0.5,0.08962588547017131,PL,TRUE,anomaly,inconsistent,negligible
agr_big,ips_acu,481,0.1262151501580865,0.03134213112766479,"DE,PL",2,"DE,PL",0.0957124144577963,0.37820164170689646,-0.17171653104903517,0.36314135996462776,0.5,0.29793168120712166,DE,TRUE,anomaly,inconsistent,weak
agr_big,ips_ami,46,0.3008706814354196,0.15431768064507087,DE,1,DE,0.3008706814354196,NA,0.3008706814354196,0.3008706814354196,1,NA,NA,FALSE,anomaly,insufficient data,moderate
agr_big,ips_cem,253,0.31487883988062465,8.41320152132044e-6,DE,1,DE,0.31487883988062465,NA,0.31487883988062465,0.31487883988062465,1,NA,NA,FALSE,anomaly,insufficient data,moderate
agr_big,ips_dup,0,NA,NA,,0,NA,NA,NA,NA,NA,NA,NA,NA,NA,anomaly,insufficient data,NA
agr_big,ips_sex,184,0.1732738806903379,0.08014880931556444,DE,1,DE,0.1732738806903379,NA,0.1732738806903379,0.1732738806903379,1,NA,NA,FALSE,anomaly,insufficient data,weak
agr_big,ips_typ,593,0.2483365137921285,4.423605586445211e-8,"DE,PL",2,"DE,PL",0.2515066886343015,0.046366163613922935,0.2187208599252916,0.28429251734331135,1,0.035956003551182836,PL,FALSE,anomaly,consistent,weak
agr_big,lym_dis,207,0.19476885370034328,0.028823793509081153,DE,1,DE,0.19476885370034328,NA,0.19476885370034328,0.19476885370034328,1,NA,NA,FALSE,anomaly,insufficient data,weak
agr_big,lym_mon,504,0.02547567775122825,0.7969044937343923,"DE,PL",2,"DE,PL",0.02585649191513057,0.05482871566779195,-0.012913264737314217,0.06462624856757536,0.5,0.03915057081634711,PL,TRUE,anomaly,inconsistent,negligible
agr_big,mel_spp,547,0.10062218729803193,0.08013156660139156,"DE,PL",2,"DE,PL",0.09949302612100777,0.041206501585154445,0.07035562942117084,0.1286304228208447,1,0.030266557876861097,PL,FALSE,anomaly,consistent,weak
agr_big,neo_ser,46,0.12777475940564803,0.6497800021350626,DE,1,DE,0.12777475940564803,NA,0.12777475940564803,0.12777475940564803,1,NA,NA,FALSE,anomaly,insufficient data,weak
agr_big,ope_spp,207,0.10485239083557381,0.3449956971911132,DE,1,DE,0.10485239083557381,NA,0.10485239083557381,0.10485239083557381,1,NA,NA,FALSE,anomaly,insufficient data,weak
agr_big,pan_fla,438,0.028568614052531985,0.7828222356771997,"DE,PL",2,"DE,PL",0.025824839338045975,0.020969146396702387,0.010997413725244258,0.04065226495084769,1,0.017571200327287727,PL,FALSE,anomaly,consistent,negligible
agr_big,pha_cya,593,0.326682826382897,3.9137432603640214e-14,"DE,PL",2,"DE,PL",0.32714035446366496,0.07311279159425688,0.2754418037358871,0.3788389051914428,1,0.052156078808545836,PL,FALSE,anomaly,consistent,moderate
agr_big,pis_pin,161,0.40422006732041954,3.0630828522270307e-6,DE,1,DE,0.40422006732041954,NA,0.40422006732041954,0.40422006732041954,1,NA,NA,FALSE,anomaly,insufficient data,moderate
agr_big,pit_bid,115,0.2944176027839035,0.010077382733346772,DE,1,DE,0.2944176027839035,NA,0.2944176027839035,0.2944176027839035,1,NA,NA,FALSE,anomaly,insufficient data,weak
agr_big,pit_cha,253,0.2710736157842711,2.037483888536066e-4,DE,1,DE,0.2710736157842711,NA,0.2710736157842711,0.2710736157842711,1,NA,NA,FALSE,anomaly,insufficient data,weak
agr_big,pit_spp,92,-0.015994789242274255,0.9734668072557205,DE,1,DE,-0.015994789242274255,NA,-0.015994789242274255,-0.015994789242274255,1,NA,NA,FALSE,anomaly,insufficient data,negligible
agr_big,pol_pol,0,NA,NA,,0,NA,NA,NA,NA,NA,NA,NA,NA,NA,anomaly,insufficient data,NA
agr_big,pri_abi,184,0.04488547445869386,0.7794468473208224,DE,1,DE,0.04488547445869386,NA,0.04488547445869386,0.04488547445869386,1,NA,NA,FALSE,anomaly,insufficient data,negligible
agr_big,sap_car,0,NA,NA,,0,NA,NA,NA,NA,NA,NA,NA,NA,NA,anomaly,insufficient data,NA
agr_big,sco_int,184,0.34152549497726237,4.4673708302721445e-5,DE,1,DE,0.34152549497726237,NA,0.34152549497726237,0.34152549497726237,1,NA,NA,FALSE,anomaly,insufficient data,moderate
agr_big,sco_rat,69,0.5309023239202235,5.5156923530392384e-5,DE,1,DE,0.5309023239202235,NA,0.5309023239202235,0.5309023239202235,1,NA,NA,FALSE,anomaly,insufficient data,strong
agr_big,sco_sco,115,0.21537128893488156,0.08662831849418624,DE,1,DE,0.21537128893488156,NA,0.21537128893488156,0.21537128893488156,1,NA,NA,FALSE,anomaly,insufficient data,weak
agr_big,tet_gab,207,0.21238532432616866,0.0141897910542097,DE,1,DE,0.21238532432616866,NA,0.21238532432616866,0.21238532432616866,1,NA,NA,FALSE,anomaly,insufficient data,weak
agr_big,tet_spp,184,0.06837982010067832,0.6212520228993552,DE,1,DE,0.06837982010067832,NA,0.06837982010067832,0.06837982010067832,1,NA,NA,FALSE,anomaly,insufficient data,negligible
agr_big,tha_pit,23,0.5795668056497473,0.023432826374338155,DE,1,DE,0.5795668056497473,NA,0.5795668056497473,0.5795668056497473,1,NA,NA,FALSE,anomaly,insufficient data,strong
agr_big,tha_pro,230,0.09055792948185115,0.40241684492590746,DE,1,DE,0.09055792948185115,NA,0.09055792948185115,0.09055792948185115,1,NA,NA,FALSE,anomaly,insufficient data,negligible
agr_big,tom_spp,533,0.233725071952734,1.4851986340328754e-6,"DE,PL",2,"DE,PL",0.2381743256376097,0.02280944580505649,0.22204561183374721,0.2543030394414722,1,0.02057796748873819,DE,FALSE,anomaly,consistent,weak
agr_big,tor_vir,570,0.08536637918379944,0.153978929145059,"DE,PL",2,"DE,PL",0.08388013827673986,0.04446816629337763,0.052436396343761474,0.11532388020971825,1,0.032929982840037966,DE,FALSE,anomaly,consistent,negligible
agr_big,uro_sir_spp,92,0.22394737402193512,0.12468503261045169,DE,1,DE,0.22394737402193512,NA,0.22394737402193512,0.22394737402193512,1,NA,NA,FALSE,anomaly,insufficient data,weak
agr_big,xyl_lin,230,0.04957011027923417,0.6994115444167665,DE,1,DE,0.04957011027923417,NA,0.04957011027923417,0.04957011027923417,1,NA,NA,FALSE,anomaly,insufficient data,negligible
agr_big,xyl_spp,253,0.0852122690137859,0.4109388431241839,DE,1,DE,0.0852122690137859,NA,0.0852122690137859,0.0852122690137859,1,NA,NA,FALSE,anomaly,insufficient data,negligible
agr_big,zei_gri,23,-0.005466199135774032,0.9992699968552277,DE,1,DE,-0.005466199135774032,NA,-0.005466199135774032,-0.005466199135774032,1,NA,NA,FALSE,anomaly,insufficient data,negligible
agr_vir,bup_pin,138,0.09805573687825081,0.5136440728015256,DE,1,DE,0.09805573687825081,NA,0.09805573687825081,0.09805573687825081,1,NA,NA,FALSE,anomaly,insufficient data,negligible
agr_vir,cep_spp,0,NA,NA,,0,NA,NA,NA,NA,NA,NA,NA,NA,NA,anomaly,insufficient data,NA
agr_vir,clo_ana,0,NA,NA,,0,NA,NA,NA,NA,NA,NA,NA,NA,NA,anomaly,insufficient data,NA
agr_vir,den_mic,23,0.46285670928406475,0.10479696772249662,DE,1,DE,0.46285670928406475,NA,0.46285670928406475,0.46285670928406475,1,NA,NA,FALSE,anomaly,insufficient data,moderate
agr_vir,den_pin,92,0.015019603600368912,0.9734668072557205,DE,1,DE,0.015019603600368912,NA,0.015019603600368912,0.015019603600368912,1,NA,NA,FALSE,anomaly,insufficient data,negligible
agr_vir,dip_sp,184,0.03601807195239929,0.8476841093189426,DE,1,DE,0.03601807195239929,NA,0.03601807195239929,0.03601807195239929,1,NA,NA,FALSE,anomaly,insufficient data,negligible
agr_vir,era_def,184,0.12987455214460447,0.23643185348583023,DE,1,DE,0.12987455214460447,NA,0.12987455214460447,0.12987455214460447,1,NA,NA,FALSE,anomaly,insufficient data,weak
agr_vir,geo_db,161,-0.1592776872120035,0.1581830729150947,DE,1,DE,-0.1592776872120035,NA,-0.1592776872120035,-0.1592776872120035,1,NA,NA,FALSE,anomaly,insufficient data,weak
agr_vir,ips_acu,138,0.40243732586009073,2.3874782851653476e-5,DE,1,DE,0.40243732586009073,NA,0.40243732586009073,0.40243732586009073,1,NA,NA,FALSE,anomaly,insufficient data,moderate
agr_vir,ips_ami,46,-0.006283194520040653,0.9927422114983545,DE,1,DE,-0.006283194520040653,NA,-0.006283194520040653,-0.006283194520040653,1,NA,NA,FALSE,anomaly,insufficient data,negligible
agr_vir,ips_cem,207,0.2515308280070094,0.00262713172895279,DE,1,DE,0.2515308280070094,NA,0.2515308280070094,0.2515308280070094,1,NA,NA,FALSE,anomaly,insufficient data,weak
agr_vir,ips_dup,0,NA,NA,,0,NA,NA,NA,NA,NA,NA,NA,NA,NA,anomaly,insufficient data,NA
agr_vir,ips_sex,138,0.24590820535799007,0.023075150585767878,DE,1,DE,0.24590820535799007,NA,0.24590820535799007,0.24590820535799007,1,NA,NA,FALSE,anomaly,insufficient data,weak
agr_vir,ips_typ,207,0.1776987501180382,0.05136027702684248,DE,1,DE,0.1776987501180382,NA,0.1776987501180382,0.1776987501180382,1,NA,NA,FALSE,anomaly,insufficient data,weak
agr_vir,lym_dis,161,0.2787909495151251,0.003323882068368091,DE,1,DE,0.2787909495151251,NA,0.2787909495151251,0.2787909495151251,1,NA,NA,FALSE,anomaly,insufficient data,weak
agr_vir,lym_mon,138,-0.026657691065684063,0.9163042922603122,DE,1,DE,-0.026657691065684063,NA,-0.026657691065684063,-0.026657691065684063,1,NA,NA,FALSE,anomaly,insufficient data,negligible
agr_vir,mel_spp,161,0.18854726064956467,0.07430976491135496,DE,1,DE,0.18854726064956467,NA,0.18854726064956467,0.18854726064956467,1,NA,NA,FALSE,anomaly,insufficient data,weak
agr_vir,neo_ser,23,0.2353435527567059,0.5381453928986336,DE,1,DE,0.2353435527567059,NA,0.2353435527567059,0.2353435527567059,1,NA,NA,FALSE,anomaly,insufficient data,weak
agr_vir,ope_spp,161,0.1528275825878945,0.18122685079118017,DE,1,DE,0.1528275825878945,NA,0.1528275825878945,0.1528275825878945,1,NA,NA,FALSE,anomaly,insufficient data,weak
agr_vir,pan_fla,115,-0.011599509447898537,0.9761524275366008,DE,1,DE,-0.011599509447898537,NA,-0.011599509447898537,-0.011599509447898537,1,NA,NA,FALSE,anomaly,insufficient data,negligible
agr_vir,pha_cya,207,0.3794658619130994,5.882241162627511e-7,DE,1,DE,0.3794658619130994,NA,0.3794658619130994,0.3794658619130994,1,NA,NA,FALSE,anomaly,insufficient data,moderate
agr_vir,pis_pin,138,0.09069198672282153,0.5504648219784192,DE,1,DE,0.09069198672282153,NA,0.09069198672282153,0.09069198672282153,1,NA,NA,FALSE,anomaly,insufficient data,negligible
agr_vir,pit_bid,92,0.34178915012173816,0.00648807389964581,DE,1,DE,0.34178915012173816,NA,0.34178915012173816,0.34178915012173816,1,NA,NA,FALSE,anomaly,insufficient data,moderate
agr_vir,pit_cha,207,0.1399503250857518,0.15928534185119061,DE,1,DE,0.1399503250857518,NA,0.1399503250857518,0.1399503250857518,1,NA,NA,FALSE,anomaly,insufficient data,weak
agr_vir,pit_spp,69,0.06663244294128964,0.8129210181836655,DE,1,DE,0.06663244294128964,NA,0.06663244294128964,0.06663244294128964,1,NA,NA,FALSE,anomaly,insufficient data,negligible
agr_vir,pol_pol,0,NA,NA,,0,NA,NA,NA,NA,NA,NA,NA,NA,NA,anomaly,insufficient data,NA
agr_vir,pri_abi,138,-0.010834130850596944,0.97460817674006,DE,1,DE,-0.010834130850596944,NA,-0.010834130850596944,-0.010834130850596944,1,NA,NA,FALSE,anomaly,insufficient data,negligible
agr_vir,sap_car,0,NA,NA,,0,NA,NA,NA,NA,NA,NA,NA,NA,NA,anomaly,insufficient data,NA
agr_vir,sco_int,138,0.22293661903029585,0.0443887556092066,DE,1,DE,0.22293661903029585,NA,0.22293661903029585,0.22293661903029585,1,NA,NA,FALSE,anomaly,insufficient data,weak
agr_vir,sco_rat,46,0.19301152878412017,0.44255214601837517,DE,1,DE,0.19301152878412017,NA,0.19301152878412017,0.19301152878412017,1,NA,NA,FALSE,anomaly,insufficient data,weak
agr_vir,sco_sco,92,0.07740053606862904,0.707940093948347,DE,1,DE,0.07740053606862904,NA,0.07740053606862904,0.07740053606862904,1,NA,NA,FALSE,anomaly,insufficient data,negligible
agr_vir,tet_gab,161,0.21108040226121846,0.038227925865317126,DE,1,DE,0.21108040226121846,NA,0.21108040226121846,0.21108040226121846,1,NA,NA,FALSE,anomaly,insufficient data,weak
agr_vir,tet_spp,161,0.13694253089971328,0.24759226276408092,DE,1,DE,0.13694253089971328,NA,0.13694253089971328,0.13694253089971328,1,NA,NA,FALSE,anomaly,insufficient data,weak
agr_vir,tha_pit,23,0.5313339141218938,0.04573425942031184,DE,1,DE,0.5313339141218938,NA,0.5313339141218938,0.5313339141218938,1,NA,NA,FALSE,anomaly,insufficient data,strong
agr_vir,tha_pro,184,0.13703163228420426,0.20549409777088998,DE,1,DE,0.13703163228420426,NA,0.13703163228420426,0.13703163228420426,1,NA,NA,FALSE,anomaly,insufficient data,weak
agr_vir,tom_spp,207,0.20357189187931987,0.020773800261144337,DE,1,DE,0.20357189187931987,NA,0.20357189187931987,0.20357189187931987,1,NA,NA,FALSE,anomaly,insufficient data,weak
agr_vir,tor_vir,207,-0.011327915104073645,0.9734668072557205,DE,1,DE,-0.011327915104073645,NA,-0.011327915104073645,-0.011327915104073645,1,NA,NA,FALSE,anomaly,insufficient data,negligible
agr_vir,uro_sir_spp,69,0.07897885098927453,0.751190519163805,DE,1,DE,0.07897885098927453,NA,0.07897885098927453,0.07897885098927453,1,NA,NA,FALSE,anomaly,insufficient data,negligible
agr_vir,xyl_lin,184,-0.2767925559352295,0.0016332407838438793,DE,1,DE,-0.2767925559352295,NA,-0.2767925559352295,-0.2767925559352295,1,NA,NA,FALSE,anomaly,insufficient data,weak
agr_vir,xyl_spp,207,-0.2220099614646706,0.00950523751170584,DE,1,DE,-0.2220099614646706,NA,-0.2220099614646706,-0.2220099614646706,1,NA,NA,FALSE,anomaly,insufficient data,weak
agr_vir,zei_gri,23,0.079396921892454,0.89790449284574,DE,1,DE,0.079396921892454,NA,0.079396921892454,0.079396921892454,1,NA,NA,FALSE,anomaly,insufficient data,negligible
bup_pin,cep_spp,0,NA,NA,,0,NA,NA,NA,NA,NA,NA,NA,NA,NA,anomaly,insufficient data,NA
bup_pin,clo_ana,0,NA,NA,,0,NA,NA,NA,NA,NA,NA,NA,NA,NA,anomaly,insufficient data,NA
bup_pin,den_mic,0,NA,NA,,0,NA,NA,NA,NA,NA,NA,NA,NA,NA,anomaly,insufficient data,NA
bup_pin,den_pin,375,0.17145503896847253,0.00648807389964581,"DE,PL",2,"DE,PL",0.1904547777765258,0.09849541422316667,0.12080800246354674,0.2601015530895049,1,0.08864651412103236,PL,FALSE,anomaly,consistent,weak
bup_pin,dip_sp,441,0.15959695457220044,0.006016858395953304,"DE,PL",2,"DE,PL",0.16497752614701938,0.06983206288407875,0.11559880093744189,0.2143562513565969,1,0.05475929678439645,PL,FALSE,anomaly,consistent,weak
bup_pin,era_def,161,-0.15035345783004817,0.18990456970735436,DE,1,DE,-0.15035345783004817,NA,-0.15035345783004817,-0.15035345783004817,1,NA,NA,FALSE,anomaly,insufficient data,weak
bup_pin,geo_db,395,0.09505329230592009,0.19471210467207092,"DE,PL",2,"DE,PL",0.09282964234118947,0.018586859426873957,0.07968674799948579,0.10597253668289315,1,0.015366544306434304,PL,FALSE,anomaly,consistent,negligible
bup_pin,ips_acu,375,0.1057275625657981,0.1530406366708441,"DE,PL",2,"DE,PL",0.1126740723735854,0.1545749152665113,0.0033731015872992837,0.22197504315987152,1,0.11624748059407342,PL,FALSE,anomaly,consistent,weak
bup_pin,ips_ami,23,-0.16853699625436697,0.6926041210924225,DE,1,DE,-0.16853699625436697,NA,-0.16853699625436697,-0.16853699625436697,1,NA,NA,FALSE,anomaly,insufficient data,weak
bup_pin,ips_cem,184,0.17148559630402746,0.0841136442278646,DE,1,DE,0.17148559630402746,NA,0.17148559630402746,0.17148559630402746,1,NA,NA,FALSE,anomaly,insufficient data,weak
bup_pin,ips_dup,0,NA,NA,,0,NA,NA,NA,NA,NA,NA,NA,NA,NA,anomaly,insufficient data,NA
bup_pin,ips_sex,138,0.23563421362428705,0.0308312792744893,DE,1,DE,0.23563421362428705,NA,0.23563421362428705,0.23563421362428705,1,NA,NA,FALSE,anomaly,insufficient data,weak
bup_pin,ips_typ,464,0.1009308933947239,0.11814155540291231,"DE,PL",2,"DE,PL",0.10434784685542223,0.07308054208193858,0.052672099976494594,0.15602359373434985,1,0.05509270033962595,PL,FALSE,anomaly,consistent,weak
bup_pin,lym_dis,161,0.16042168720078953,0.15431768064507087,DE,1,DE,0.16042168720078953,NA,0.16042168720078953,0.16042168720078953,1,NA,NA,FALSE,anomaly,insufficient data,weak
bup_pin,lym_mon,464,0.15665283610642625,0.00563360630155954,"DE,PL",2,"DE,PL",0.15793027291453787,0.04534629513877059,0.1258656001202266,0.18999494570884912,1,0.03334210960242287,DE,FALSE,anomaly,consistent,weak
bup_pin,mel_spp,441,0.11688340810554995,0.06497650577650471,"DE,PL",2,"DE,PL",0.12047030594190844,0.05990333067604757,0.07811225460521508,0.16282835727860182,1,0.04594494917305186,PL,FALSE,anomaly,consistent,weak
bup_pin,neo_ser,46,-0.23913352651317754,0.30683625761836913,DE,1,DE,-0.23913352651317754,NA,-0.23913352651317754,-0.23913352651317754,1,NA,NA,FALSE,anomaly,insufficient data,weak
bup_pin,ope_spp,138,-0.03999376839202289,0.8569901860725656,DE,1,DE,-0.03999376839202289,NA,-0.03999376839202289,-0.03999376839202289,1,NA,NA,FALSE,anomaly,insufficient data,negligible
bup_pin,pan_fla,418,0.32228446866460003,7.883092629844285e-10,"DE,PL",2,"DE,PL",0.32999147255548733,0.06505833007443715,0.28398828618718014,0.3759946589237946,1,0.053710190259194546,PL,FALSE,anomaly,consistent,moderate
bup_pin,pha_cya,464,0.11084041604834001,0.07453641014388133,"DE,PL",2,"DE,PL",0.10850525533081193,0.19582504410518928,-0.02996396128212217,0.24697447194374603,0.5,0.1408043773304622,DE,TRUE,anomaly,inconsistent,weak
bup_pin,pis_pin,138,0.2542431423574157,0.017030294592419237,DE,1,DE,0.2542431423574157,NA,0.2542431423574157,0.2542431423574157,1,NA,NA,FALSE,anomaly,insufficient data,weak
bup_pin,pit_bid,92,0.018713921509468896,0.9681528808794988,DE,1,DE,0.018713921509468896,NA,0.018713921509468896,0.018713921509468896,1,NA,NA,FALSE,anomaly,insufficient data,negligible
bup_pin,pit_cha,184,0.1662629698584991,0.09820667359829664,DE,1,DE,0.1662629698584991,NA,0.1662629698584991,0.1662629698584991,1,NA,NA,FALSE,anomaly,insufficient data,weak
bup_pin,pit_spp,46,-0.005578980430831058,0.9936902010633442,DE,1,DE,-0.005578980430831058,NA,-0.005578980430831058,-0.005578980430831058,1,NA,NA,FALSE,anomaly,insufficient data,negligible
bup_pin,pol_pol,0,NA,NA,,0,NA,NA,NA,NA,NA,NA,NA,NA,NA,anomaly,insufficient data,NA
bup_pin,pri_abi,161,0.06678225045212864,0.6497800021350626,DE,1,DE,0.06678225045212864,NA,0.06678225045212864,0.06678225045212864,1,NA,NA,FALSE,anomaly,insufficient data,negligible
bup_pin,sap_car,0,NA,NA,,0,NA,NA,NA,NA,NA,NA,NA,NA,NA,anomaly,insufficient data,NA
bup_pin,sco_int,115,0.11327495137148205,0.4886432177793269,DE,1,DE,0.11327495137148205,NA,0.11327495137148205,0.11327495137148205,1,NA,NA,FALSE,anomaly,insufficient data,weak
bup_pin,sco_rat,69,0.09162273991430481,0.6994115444167665,DE,1,DE,0.09162273991430481,NA,0.09162273991430481,0.09162273991430481,1,NA,NA,FALSE,anomaly,insufficient data,negligible
bup_pin,sco_sco,69,-0.06079191358226157,0.8423034463983048,DE,1,DE,-0.06079191358226157,NA,-0.06079191358226157,-0.06079191358226157,1,NA,NA,FALSE,anomaly,insufficient data,negligible
bup_pin,tet_gab,138,0.33484218875824695,7.549072886040414e-4,DE,1,DE,0.33484218875824695,NA,0.33484218875824695,0.33484218875824695,1,NA,NA,FALSE,anomaly,insufficient data,moderate
bup_pin,tet_spp,115,0.06397185973672523,0.7378245546437772,DE,1,DE,0.06397185973672523,NA,0.06397185973672523,0.06397185973672523,1,NA,NA,FALSE,anomaly,insufficient data,negligible
bup_pin,tha_pit,23,-0.4931266980802371,0.07453641014388133,DE,1,DE,-0.4931266980802371,NA,-0.4931266980802371,-0.4931266980802371,1,NA,NA,FALSE,anomaly,insufficient data,moderate
bup_pin,tha_pro,161,0.18293768798397453,0.08445332440289618,DE,1,DE,0.18293768798397453,NA,0.18293768798397453,0.18293768798397453,1,NA,NA,FALSE,anomaly,insufficient data,weak
bup_pin,tom_spp,404,0.0696550222773856,0.3912876110155745,"DE,PL",2,"DE,PL",0.06030758050148491,0.14822355322884745,-0.0445022991181983,0.16511746012116812,0.5,0.1141573213955839,DE,TRUE,anomaly,inconsistent,negligible
bup_pin,tor_vir,441,0.03317541907395925,0.7276383121787108,"DE,PL",2,"DE,PL",0.03525306319481446,0.03641686136139558,0.009502453576641274,0.06100367281298764,1,0.027828253739028384,PL,FALSE,anomaly,consistent,negligible
bup_pin,uro_sir_spp,46,0.19310918142277236,0.44255214601837517,DE,1,DE,0.19310918142277236,NA,0.19310918142277236,0.19310918142277236,1,NA,NA,FALSE,anomaly,insufficient data,weak
bup_pin,xyl_lin,161,0.1941507890685994,0.06317336010168541,DE,1,DE,0.1941507890685994,NA,0.1941507890685994,0.1941507890685994,1,NA,NA,FALSE,anomaly,insufficient data,weak
bup_pin,xyl_spp,184,0.20637666813364686,0.028823793509081153,DE,1,DE,0.20637666813364686,NA,0.20637666813364686,0.20637666813364686,1,NA,NA,FALSE,anomaly,insufficient data,weak
bup_pin,zei_gri,23,-0.12454896903754606,0.7999101213831311,DE,1,DE,-0.12454896903754606,NA,-0.12454896903754606,-0.12454896903754606,1,NA,NA,FALSE,anomaly,insufficient data,weak
cep_spp,clo_ana,0,NA,NA,,0,NA,NA,NA,NA,NA,NA,NA,NA,NA,anomaly,insufficient data,NA
cep_spp,den_mic,23,-0.21414966357968376,0.5971262473892811,CZ,1,CZ,-0.21414966357968376,NA,-0.21414966357968376,-0.21414966357968376,1,NA,NA,FALSE,anomaly,insufficient data,weak
cep_spp,den_pin,0,NA,NA,,0,NA,NA,NA,NA,NA,NA,NA,NA,NA,anomaly,insufficient data,NA
cep_spp,dip_sp,0,NA,NA,,0,NA,NA,NA,NA,NA,NA,NA,NA,NA,anomaly,insufficient data,NA
cep_spp,era_def,0,NA,NA,,0,NA,NA,NA,NA,NA,NA,NA,NA,NA,anomaly,insufficient data,NA
cep_spp,geo_db,0,NA,NA,,0,NA,NA,NA,NA,NA,NA,NA,NA,NA,anomaly,insufficient data,NA
cep_spp,ips_acu,161,0.06650830067615235,0.6497800021350626,CZ,1,CZ,0.06650830067615235,NA,0.06650830067615235,0.06650830067615235,1,NA,NA,FALSE,anomaly,insufficient data,negligible
cep_spp,ips_ami,0,NA,NA,,0,NA,NA,NA,NA,NA,NA,NA,NA,NA,anomaly,insufficient data,NA
cep_spp,ips_cem,0,NA,NA,,0,NA,NA,NA,NA,NA,NA,NA,NA,NA,anomaly,insufficient data,NA
cep_spp,ips_dup,161,-0.0017580498669795578,0.9998689195248821,CZ,1,CZ,-0.0017580498669795578,NA,-0.0017580498669795578,-0.0017580498669795578,1,NA,NA,FALSE,anomaly,insufficient data,negligible
cep_spp,ips_sex,161,0.08805333306016584,0.5235769136592766,CZ,1,CZ,0.08805333306016584,NA,0.08805333306016584,0.08805333306016584,1,NA,NA,FALSE,anomaly,insufficient data,negligible
cep_spp,ips_typ,161,-0.02616608065951862,0.9064461017307921,CZ,1,CZ,-0.02616608065951862,NA,-0.02616608065951862,-0.02616608065951862,1,NA,NA,FALSE,anomaly,insufficient data,negligible
cep_spp,lym_dis,115,0.10984739518487717,0.5042752159481652,CZ,1,CZ,0.10984739518487717,NA,0.10984739518487717,0.10984739518487717,1,NA,NA,FALSE,anomaly,insufficient data,weak
cep_spp,lym_mon,138,-0.027380932213092766,0.9108486986340556,CZ,1,CZ,-0.027380932213092766,NA,-0.027380932213092766,-0.027380932213092766,1,NA,NA,FALSE,anomaly,insufficient data,negligible
cep_spp,mel_spp,0,NA,NA,,0,NA,NA,NA,NA,NA,NA,NA,NA,NA,anomaly,insufficient data,NA
cep_spp,neo_ser,46,-0.12761408222244616,0.6497800021350626,CZ,1,CZ,-0.12761408222244616,NA,-0.12761408222244616,-0.12761408222244616,1,NA,NA,FALSE,anomaly,insufficient data,weak
cep_spp,ope_spp,0,NA,NA,,0,NA,NA,NA,NA,NA,NA,NA,NA,NA,anomaly,insufficient data,NA
cep_spp,pan_fla,23,-0.05715559293193709,0.9368125663533492,CZ,1,CZ,-0.05715559293193709,NA,-0.05715559293193709,-0.05715559293193709,1,NA,NA,FALSE,anomaly,insufficient data,negligible
cep_spp,pha_cya,161,0.07448715749046723,0.6154437130192676,CZ,1,CZ,0.07448715749046723,NA,0.07448715749046723,0.07448715749046723,1,NA,NA,FALSE,anomaly,insufficient data,negligible
cep_spp,pis_pin,0,NA,NA,,0,NA,NA,NA,NA,NA,NA,NA,NA,NA,anomaly,insufficient data,NA
cep_spp,pit_bid,0,NA,NA,,0,NA,NA,NA,NA,NA,NA,NA,NA,NA,anomaly,insufficient data,NA
cep_spp,pit_cha,0,NA,NA,,0,NA,NA,NA,NA,NA,NA,NA,NA,NA,anomaly,insufficient data,NA
cep_spp,pit_spp,161,0.03039584992183645,0.8907957524737868,CZ,1,CZ,0.03039584992183645,NA,0.03039584992183645,0.03039584992183645,1,NA,NA,FALSE,anomaly,insufficient data,negligible
cep_spp,pol_pol,161,0.019969424062831954,0.9402709142096349,CZ,1,CZ,0.019969424062831954,NA,0.019969424062831954,0.019969424062831954,1,NA,NA,FALSE,anomaly,insufficient data,negligible
cep_spp,pri_abi,138,0.12612148265679052,0.3528490873174264,CZ,1,CZ,0.12612148265679052,NA,0.12612148265679052,0.12612148265679052,1,NA,NA,FALSE,anomaly,insufficient data,weak
cep_spp,sap_car,0,NA,NA,,0,NA,NA,NA,NA,NA,NA,NA,NA,NA,anomaly,insufficient data,NA
cep_spp,sco_int,161,-7.198082737877167e-4,1,CZ,1,CZ,-7.198082737877167e-4,NA,-7.198082737877167e-4,-7.198082737877167e-4,1,NA,NA,FALSE,anomaly,insufficient data,negligible
cep_spp,sco_rat,161,-0.10696378723344588,0.4109388431241839,CZ,1,CZ,-0.10696378723344588,NA,-0.10696378723344588,-0.10696378723344588,1,NA,NA,FALSE,anomaly,insufficient data,weak
cep_spp,sco_sco,0,NA,NA,,0,NA,NA,NA,NA,NA,NA,NA,NA,NA,anomaly,insufficient data,NA
cep_spp,tet_gab,46,0.016658869560927415,0.9794019792061184,CZ,1,CZ,0.016658869560927415,NA,0.016658869560927415,0.016658869560927415,1,NA,NA,FALSE,anomaly,insufficient data,negligible
cep_spp,tet_spp,0,NA,NA,,0,NA,NA,NA,NA,NA,NA,NA,NA,NA,anomaly,insufficient data,NA
cep_spp,tha_pit,0,NA,NA,,0,NA,NA,NA,NA,NA,NA,NA,NA,NA,anomaly,insufficient data,NA
cep_spp,tha_pro,0,NA,NA,,0,NA,NA,NA,NA,NA,NA,NA,NA,NA,anomaly,insufficient data,NA
cep_spp,tom_spp,161,0.05120724137194832,0.751190519163805,CZ,1,CZ,0.05120724137194832,NA,0.05120724137194832,0.05120724137194832,1,NA,NA,FALSE,anomaly,insufficient data,negligible
cep_spp,tor_vir,0,NA,NA,,0,NA,NA,NA,NA,NA,NA,NA,NA,NA,anomaly,insufficient data,NA
cep_spp,uro_sir_spp,0,NA,NA,,0,NA,NA,NA,NA,NA,NA,NA,NA,NA,anomaly,insufficient data,NA
cep_spp,xyl_lin,0,NA,NA,,0,NA,NA,NA,NA,NA,NA,NA,NA,NA,anomaly,insufficient data,NA
cep_spp,xyl_spp,0,NA,NA,,0,NA,NA,NA,NA,NA,NA,NA,NA,NA,anomaly,insufficient data,NA
cep_spp,zei_gri,161,0.045621696807565074,0.7960501339795518,CZ,1,CZ,0.045621696807565074,NA,0.045621696807565074,0.045621696807565074,1,NA,NA,FALSE,anomaly,insufficient data,negligible
clo_ana,den_mic,0,NA,NA,,0,NA,NA,NA,NA,NA,NA,NA,NA,NA,anomaly,insufficient data,NA
clo_ana,den_pin,0,NA,NA,,0,NA,NA,NA,NA,NA,NA,NA,NA,NA,anomaly,insufficient data,NA
clo_ana,dip_sp,0,NA,NA,,0,NA,NA,NA,NA,NA,NA,NA,NA,NA,anomaly,insufficient data,NA
clo_ana,era_def,0,NA,NA,,0,NA,NA,NA,NA,NA,NA,NA,NA,NA,anomaly,insufficient data,NA
clo_ana,geo_db,0,NA,NA,,0,NA,NA,NA,NA,NA,NA,NA,NA,NA,anomaly,insufficient data,NA
clo_ana,ips_acu,0,NA,NA,,0,NA,NA,NA,NA,NA,NA,NA,NA,NA,anomaly,insufficient data,NA
clo_ana,ips_ami,0,NA,NA,,0,NA,NA,NA,NA,NA,NA,NA,NA,NA,anomaly,insufficient data,NA
clo_ana,ips_cem,0,NA,NA,,0,NA,NA,NA,NA,NA,NA,NA,NA,NA,anomaly,insufficient data,NA
clo_ana,ips_dup,0,NA,NA,,0,NA,NA,NA,NA,NA,NA,NA,NA,NA,anomaly,insufficient data,NA
clo_ana,ips_sex,0,NA,NA,,0,NA,NA,NA,NA,NA,NA,NA,NA,NA,anomaly,insufficient data,NA
clo_ana,ips_typ,0,NA,NA,,0,NA,NA,NA,NA,NA,NA,NA,NA,NA,anomaly,insufficient data,NA
clo_ana,lym_dis,0,NA,NA,,0,NA,NA,NA,NA,NA,NA,NA,NA,NA,anomaly,insufficient data,NA
clo_ana,lym_mon,0,NA,NA,,0,NA,NA,NA,NA,NA,NA,NA,NA,NA,anomaly,insufficient data,NA
clo_ana,mel_spp,0,NA,NA,,0,NA,NA,NA,NA,NA,NA,NA,NA,NA,anomaly,insufficient data,NA
clo_ana,neo_ser,0,NA,NA,,0,NA,NA,NA,NA,NA,NA,NA,NA,NA,anomaly,insufficient data,NA
clo_ana,ope_spp,0,NA,NA,,0,NA,NA,NA,NA,NA,NA,NA,NA,NA,anomaly,insufficient data,NA
clo_ana,pan_fla,0,NA,NA,,0,NA,NA,NA,NA,NA,NA,NA,NA,NA,anomaly,insufficient data,NA
clo_ana,pha_cya,0,NA,NA,,0,NA,NA,NA,NA,NA,NA,NA,NA,NA,anomaly,insufficient data,NA
clo_ana,pis_pin,0,NA,NA,,0,NA,NA,NA,NA,NA,NA,NA,NA,NA,anomaly,insufficient data,NA
clo_ana,pit_bid,0,NA,NA,,0,NA,NA,NA,NA,NA,NA,NA,NA,NA,anomaly,insufficient data,NA
clo_ana,pit_cha,0,NA,NA,,0,NA,NA,NA,NA,NA,NA,NA,NA,NA,anomaly,insufficient data,NA
clo_ana,pit_spp,0,NA,NA,,0,NA,NA,NA,NA,NA,NA,NA,NA,NA,anomaly,insufficient data,NA
clo_ana,pol_pol,0,NA,NA,,0,NA,NA,NA,NA,NA,NA,NA,NA,NA,anomaly,insufficient data,NA
clo_ana,pri_abi,0,NA,NA,,0,NA,NA,NA,NA,NA,NA,NA,NA,NA,anomaly,insufficient data,NA
clo_ana,sap_car,0,NA,NA,,0,NA,NA,NA,NA,NA,NA,NA,NA,NA,anomaly,insufficient data,NA
clo_ana,sco_int,0,NA,NA,,0,NA,NA,NA,NA,NA,NA,NA,NA,NA,anomaly,insufficient data,NA
clo_ana,sco_rat,0,NA,NA,,0,NA,NA,NA,NA,NA,NA,NA,NA,NA,anomaly,insufficient data,NA
clo_ana,sco_sco,0,NA,NA,,0,NA,NA,NA,NA,NA,NA,NA,NA,NA,anomaly,insufficient data,NA
clo_ana,tet_gab,0,NA,NA,,0,NA,NA,NA,NA,NA,NA,NA,NA,NA,anomaly,insufficient data,NA
clo_ana,tet_spp,0,NA,NA,,0,NA,NA,NA,NA,NA,NA,NA,NA,NA,anomaly,insufficient data,NA
clo_ana,tha_pit,0,NA,NA,,0,NA,NA,NA,NA,NA,NA,NA,NA,NA,anomaly,insufficient data,NA
clo_ana,tha_pro,0,NA,NA,,0,NA,NA,NA,NA,NA,NA,NA,NA,NA,anomaly,insufficient data,NA
clo_ana,tom_spp,0,NA,NA,,0,NA,NA,NA,NA,NA,NA,NA,NA,NA,anomaly,insufficient data,NA
clo_ana,tor_vir,0,NA,NA,,0,NA,NA,NA,NA,NA,NA,NA,NA,NA,anomaly,insufficient data,NA
clo_ana,uro_sir_spp,0,NA,NA,,0,NA,NA,NA,NA,NA,NA,NA,NA,NA,anomaly,insufficient data,NA
clo_ana,xyl_lin,0,NA,NA,,0,NA,NA,NA,NA,NA,NA,NA,NA,NA,anomaly,insufficient data,NA
clo_ana,xyl_spp,0,NA,NA,,0,NA,NA,NA,NA,NA,NA,NA,NA,NA,anomaly,insufficient data,NA
clo_ana,zei_gri,0,NA,NA,,0,NA,NA,NA,NA,NA,NA,NA,NA,NA,anomaly,insufficient data,NA
den_mic,den_pin,23,0.3628995278157773,0.26035150022783626,LT,1,LT,0.3628995278157773,NA,0.3628995278157773,0.3628995278157773,1,NA,NA,FALSE,anomaly,insufficient data,moderate
den_mic,dip_sp,23,0.17087731286025445,0.6881713974126852,LT,1,LT,0.17087731286025445,NA,0.17087731286025445,0.17087731286025445,1,NA,NA,FALSE,anomaly,insufficient data,weak
den_mic,era_def,23,-0.10374176783986326,0.85427731557585,DE,1,DE,-0.10374176783986326,NA,-0.10374176783986326,-0.10374176783986326,1,NA,NA,FALSE,anomaly,insufficient data,weak
den_mic,geo_db,23,-0.1836027918670495,0.6497800021350626,LT,1,LT,-0.1836027918670495,NA,-0.1836027918670495,-0.1836027918670495,1,NA,NA,FALSE,anomaly,insufficient data,weak
den_mic,ips_acu,46,0.10727102911460065,0.7195681749864596,"CZ,LT",2,"CZ,LT",0.07096730184744117,0.1781823277806081,-0.05502663041383097,0.1969612341087133,0.5,0.16229765952843161,LT,TRUE,anomaly,inconsistent,weak
den_mic,ips_ami,23,-0.10143782374342952,0.8595753107906898,DE,1,DE,-0.10143782374342952,NA,-0.10143782374342952,-0.10143782374342952,1,NA,NA,FALSE,anomaly,insufficient data,weak
den_mic,ips_cem,23,0.05787424030516142,0.9361415780133115,DE,1,DE,0.05787424030516142,NA,0.05787424030516142,0.05787424030516142,1,NA,NA,FALSE,anomaly,insufficient data,negligible
den_mic,ips_dup,23,-0.015864476295679865,0.98638412535406,CZ,1,CZ,-0.015864476295679865,NA,-0.015864476295679865,-0.015864476295679865,1,NA,NA,FALSE,anomaly,insufficient data,negligible
den_mic,ips_sex,23,-0.16790614831337972,0.694006254458206,CZ,1,CZ,-0.16790614831337972,NA,-0.16790614831337972,-0.16790614831337972,1,NA,NA,FALSE,anomaly,insufficient data,weak
den_mic,ips_typ,69,-0.10834254974707432,0.6388364901697581,"CZ,DE,LT",3,"CZ,DE,LT",-0.11282049472087169,0.17460364061763223,-0.22730494552931574,0.08814512547086566,0.6666666666666666,0.10061707628836773,DE,FALSE,anomaly,inconsistent,weak
den_mic,lym_dis,23,0.3900694804057316,0.20878383691050553,LT,1,LT,0.3900694804057316,NA,0.3900694804057316,0.3900694804057316,1,NA,NA,FALSE,anomaly,insufficient data,moderate
den_mic,lym_mon,23,-0.1388196421736729,0.7620651199830806,LT,1,LT,-0.1388196421736729,NA,-0.1388196421736729,-0.1388196421736729,1,NA,NA,FALSE,anomaly,insufficient data,weak
den_mic,mel_spp,0,NA,NA,,0,NA,NA,NA,NA,NA,NA,NA,NA,NA,anomaly,insufficient data,NA
den_mic,neo_ser,0,NA,NA,,0,NA,NA,NA,NA,NA,NA,NA,NA,NA,anomaly,insufficient data,NA
den_mic,ope_spp,23,-0.11019697753066098,0.8422924745614995,DE,1,DE,-0.11019697753066098,NA,-0.11019697753066098,-0.11019697753066098,1,NA,NA,FALSE,anomaly,insufficient data,weak
den_mic,pan_fla,23,-0.3399381751528617,0.31081429166295343,LT,1,LT,-0.3399381751528617,NA,-0.3399381751528617,-0.3399381751528617,1,NA,NA,FALSE,anomaly,insufficient data,moderate
den_mic,pha_cya,69,-0.12493517863330496,0.5711992637182469,"CZ,DE,LT",3,"CZ,DE,LT",-0.12727483212938592,0.12295957153723196,-0.2595019118320067,-0.016372278249998973,1,0.0664086939197558,DE,FALSE,anomaly,consistent,weak
den_mic,pis_pin,23,0.48120156272417014,0.08440289498073303,LT,1,LT,0.48120156272417014,NA,0.48120156272417014,0.48120156272417014,1,NA,NA,FALSE,anomaly,insufficient data,moderate
den_mic,pit_bid,0,NA,NA,,0,NA,NA,NA,NA,NA,NA,NA,NA,NA,anomaly,insufficient data,NA
den_mic,pit_cha,46,0.1812541194079019,0.4886432177793269,"DE,LT",2,"DE,LT",0.18114646178550847,0.2247864515541337,0.022198437572719186,0.3400944859982978,1,0.1590556818351827,LT,FALSE,anomaly,inconsistent,weak
den_mic,pit_spp,23,0.18693051075276026,0.6497800021350626,CZ,1,CZ,0.18693051075276026,NA,0.18693051075276026,0.18693051075276026,1,NA,NA,FALSE,anomaly,insufficient data,weak
den_mic,pol_pol,46,-0.049782340972290076,0.9064461017307921,"CZ,LT",2,"CZ,LT",-0.04898157214431007,0.06765401226880983,-0.09682018299406339,-0.0011429612945567556,1,0.04863937967773332,CZ,FALSE,anomaly,consistent,negligible
den_mic,pri_abi,23,0.2792030218344123,0.44255214601837517,CZ,1,CZ,0.2792030218344123,NA,0.2792030218344123,0.2792030218344123,1,NA,NA,FALSE,anomaly,insufficient data,weak
den_mic,sap_car,0,NA,NA,,0,NA,NA,NA,NA,NA,NA,NA,NA,NA,anomaly,insufficient data,NA
den_mic,sco_int,46,-0.162797412987614,0.5381453928986336,"CZ,DE",2,"CZ,DE",-0.13708083189025083,0.24441891882608843,-0.30991110684246226,0.03574944306196061,0.5,0.19854685604957462,DE,TRUE,anomaly,inconsistent,weak
den_mic,sco_rat,46,0.11717053809521469,0.6885636516793072,"CZ,LT",2,"CZ,LT",0.07383051265762779,0.2971217620772658,-0.13626630014530286,0.28392732546055843,0.5,0.25343683824051755,LT,TRUE,anomaly,inconsistent,weak
den_mic,sco_sco,46,-0.1528663043805217,0.5754788559542924,"DE,LT",2,"DE,LT",-0.1556805491464994,0.11168044502412647,-0.23465054914899064,-0.07671054914400814,1,0.08178424476846893,LT,FALSE,anomaly,consistent,weak
den_mic,tet_gab,23,0.15851258491898337,0.7132349751317739,DE,1,DE,0.15851258491898337,NA,0.15851258491898337,0.15851258491898337,1,NA,NA,FALSE,anomaly,insufficient data,weak
den_mic,tet_spp,23,0.19054847186370905,0.6456046565983347,DE,1,DE,0.19054847186370905,NA,0.19054847186370905,0.19054847186370905,1,NA,NA,FALSE,anomaly,insufficient data,weak
den_mic,tha_pit,0,NA,NA,,0,NA,NA,NA,NA,NA,NA,NA,NA,NA,anomaly,insufficient data,NA
den_mic,tha_pro,23,-0.019381192532603283,0.985924300411829,DE,1,DE,-0.019381192532603283,NA,-0.019381192532603283,-0.019381192532603283,1,NA,NA,FALSE,anomaly,insufficient data,negligible
den_mic,tom_spp,69,-0.04959613697135544,0.8806969154919243,"CZ,DE,LT",3,"CZ,DE,LT",-0.03516698957983048,0.28107415410506736,-0.20414682721492236,0.28929592972004603,0.6666666666666666,0.14775436307824757,LT,TRUE,anomaly,inconsistent,negligible
den_mic,tor_vir,46,0.015665922581245335,0.9812272406534651,"DE,LT",2,"DE,LT",0.015672055166426686,2.1420426010125302e-4,0.015520589881550043,0.01582352045130333,1,1.575978700579933e-4,LT,FALSE,anomaly,consistent,negligible
den_mic,uro_sir_spp,23,-0.05519511730711038,0.9403027179883827,DE,1,DE,-0.05519511730711038,NA,-0.05519511730711038,-0.05519511730711038,1,NA,NA,FALSE,anomaly,insufficient data,negligible
den_mic,xyl_lin,23,-0.3259775661906663,0.3391264745674136,DE,1,DE,-0.3259775661906663,NA,-0.3259775661906663,-0.3259775661906663,1,NA,NA,FALSE,anomaly,insufficient data,moderate
den_mic,xyl_spp,23,-0.26058085612194787,0.4890709172766251,DE,1,DE,-0.26058085612194787,NA,-0.26058085612194787,-0.26058085612194787,1,NA,NA,FALSE,anomaly,insufficient data,weak
den_mic,zei_gri,23,-0.04583028215035987,0.9587149820270895,CZ,1,CZ,-0.04583028215035987,NA,-0.04583028215035987,-0.04583028215035987,1,NA,NA,FALSE,anomaly,insufficient data,negligible
den_pin,dip_sp,418,0.20181818614319008,4.4449030613382827e-4,"DE,LT,PL",3,"DE,LT,PL",0.17401131488975663,0.10478783651027006,0.06359930940640515,0.27208201714468405,1,0.028296021277972455,PL,FALSE,anomaly,consistent,weak
den_pin,era_def,115,0.07931745787121351,0.6497800021350626,DE,1,DE,0.07931745787121351,NA,0.07931745787121351,0.07931745787121351,1,NA,NA,FALSE,anomaly,insufficient data,negligible
den_pin,geo_db,395,0.09109003630066766,0.22177523522687229,"DE,LT,PL",3,"DE,LT,PL",0.030718946140794318,0.19123085025052816,-0.17730103959460847,0.1988772222164043,0.6666666666666666,0.04470967017425023,DE,FALSE,anomaly,inconsistent,negligible
den_pin,ips_acu,375,0.07672876021513125,0.3504195385724523,"DE,LT,PL",3,"DE,LT,PL",0.09257441016101328,0.038788745792145175,0.048482705963709356,0.1214399408342572,1,0.0392345127806997,PL,FALSE,anomaly,consistent,negligible
den_pin,ips_ami,23,0.030463596339687517,0.9734668072557205,DE,1,DE,0.030463596339687517,NA,0.030463596339687517,0.030463596339687517,1,NA,NA,FALSE,anomaly,insufficient data,negligible
den_pin,ips_cem,115,0.10604888525086914,0.5197134286831501,DE,1,DE,0.10604888525086914,NA,0.10604888525086914,0.10604888525086914,1,NA,NA,FALSE,anomaly,insufficient data,weak
den_pin,ips_dup,0,NA,NA,,0,NA,NA,NA,NA,NA,NA,NA,NA,NA,anomaly,insufficient data,NA
den_pin,ips_sex,115,0.02300483885573092,0.9412469296363625,DE,1,DE,0.02300483885573092,NA,0.02300483885573092,0.02300483885573092,1,NA,NA,FALSE,anomaly,insufficient data,negligible
den_pin,ips_typ,418,0.14019030255820814,0.0250076633199119,"DE,LT,PL",3,"DE,LT,PL",0.09659375777589675,0.07796616399138824,0.010834362010940844,0.1631951178272509,1,0.046701783769800595,PL,FALSE,anomaly,consistent,weak
den_pin,lym_dis,115,0.10766108422646027,0.5136440728015256,"DE,LT",2,"DE,LT",0.19677472869006665,0.22279911669516034,0.03923196243254585,0.35431749494758746,1,0.2466564107211272,DE,FALSE,anomaly,inconsistent,weak
den_pin,lym_mon,441,0.32545241558694343,1.6759570513335942e-10,"DE,LT,PL",3,"DE,LT,PL",0.2717353208217779,0.21473405652017755,0.05790651659872657,0.48736332324630854,1,0.0819043391816553,PL,FALSE,anomaly,inconsistent,moderate
den_pin,mel_spp,372,0.06847194856171247,0.42865020637048756,"DE,PL",2,"DE,PL",0.056492219054718754,0.03720115060738021,0.03018703319229816,0.08279740491713936,1,0.038284915369414314,PL,FALSE,anomaly,consistent,negligible
den_pin,neo_ser,46,-0.06159488027376573,0.8805537454717125,DE,1,DE,-0.06159488027376573,NA,-0.06159488027376573,-0.06159488027376573,1,NA,NA,FALSE,anomaly,insufficient data,negligible
den_pin,ope_spp,92,0.07591529154061515,0.7150537530284916,DE,1,DE,0.07591529154061515,NA,0.07591529154061515,0.07591529154061515,1,NA,NA,FALSE,anomaly,insufficient data,negligible
den_pin,pan_fla,395,0.26873983042668587,1.7493303940090284e-6,"DE,LT,PL",3,"DE,LT,PL",0.26525740582944146,0.08555361858520757,0.19113487538809573,0.35887669005495576,1,0.05096889895780343,PL,FALSE,anomaly,consistent,weak
den_pin,pha_cya,418,-0.014455228356613255,0.9260045148226355,"DE,LT,PL",3,"DE,LT,PL",-0.05838144075524411,0.186343640657972,-0.24657549884804436,0.12605494730808833,0.6666666666666666,0.06946886964613427,PL,TRUE,anomaly,inconsistent,negligible
den_pin,pis_pin,138,0.06507511025975607,0.6966578335326391,"DE,LT",2,"DE,LT",0.09248198755136289,0.061958204672506435,0.04867092087728955,0.13629305422543622,1,0.07121794396568015,DE,FALSE,anomaly,consistent,negligible
den_pin,pit_bid,92,0.2655419645703592,0.05136027702684248,DE,1,DE,0.2655419645703592,NA,0.2655419645703592,0.2655419645703592,1,NA,NA,FALSE,anomaly,insufficient data,weak
den_pin,pit_cha,138,0.09289832632351873,0.5379584402458563,"DE,LT",2,"DE,LT",0.11560055290497717,0.05596597372496577,0.07602663336834574,0.15517447244160862,1,0.06227614611808989,DE,FALSE,anomaly,consistent,negligible
den_pin,pit_spp,0,NA,NA,,0,NA,NA,NA,NA,NA,NA,NA,NA,NA,anomaly,insufficient data,NA
den_pin,pol_pol,23,0.009178286409460073,0.9927422114983545,LT,1,LT,0.009178286409460073,NA,0.009178286409460073,0.009178286409460073,1,NA,NA,FALSE,anomaly,insufficient data,negligible
den_pin,pri_abi,115,0.0025253354327752294,0.9992699968552277,DE,1,DE,0.0025253354327752294,NA,0.0025253354327752294,0.0025253354327752294,1,NA,NA,FALSE,anomaly,insufficient data,negligible
den_pin,sap_car,0,NA,NA,,0,NA,NA,NA,NA,NA,NA,NA,NA,NA,anomaly,insufficient data,NA
den_pin,sco_int,92,0.1235025645844757,0.5025728655425327,DE,1,DE,0.1235025645844757,NA,0.1235025645844757,0.1235025645844757,1,NA,NA,FALSE,anomaly,insufficient data,weak
den_pin,sco_rat,92,0.23628944108650682,0.09641277319505188,"DE,LT",2,"DE,LT",0.18682185285159425,0.2049452465614193,0.041903679236065715,0.3317400264671228,1,0.1943857618504411,DE,FALSE,anomaly,inconsistent,weak
den_pin,sco_sco,92,0.08069243278755518,0.694006254458206,"DE,LT",2,"DE,LT",0.031507825428641945,0.15753722219281707,-0.07988781267319087,0.14290346353047476,0.5,0.16058024546074606,DE,TRUE,anomaly,inconsistent,negligible
den_pin,tet_gab,115,0.013837522496242184,0.9734668072557205,DE,1,DE,0.013837522496242184,NA,0.013837522496242184,0.013837522496242184,1,NA,NA,FALSE,anomaly,insufficient data,negligible
den_pin,tet_spp,46,-0.005961082906469549,0.9934209945764078,DE,1,DE,-0.005961082906469549,NA,-0.005961082906469549,-0.005961082906469549,1,NA,NA,FALSE,anomaly,insufficient data,negligible
den_pin,tha_pit,23,-0.26897925311731113,0.4702184967571396,DE,1,DE,-0.26897925311731113,NA,-0.26897925311731113,-0.26897925311731113,1,NA,NA,FALSE,anomaly,insufficient data,weak
den_pin,tha_pro,92,0.1779874224815056,0.26203338438730167,DE,1,DE,0.1779874224815056,NA,0.1779874224815056,0.1779874224815056,1,NA,NA,FALSE,anomaly,insufficient data,weak
den_pin,tom_spp,358,0.05025022666767292,0.6113303085689566,"DE,LT,PL",3,"DE,LT,PL",0.05185752208941824,0.06917447337282204,0.0067201317897574156,0.131496960743336,1,0.06051400601640925,PL,FALSE,anomaly,consistent,negligible
den_pin,tor_vir,418,0.07563597811273434,0.3285198925373291,"DE,LT,PL",3,"DE,LT,PL",0.06457285870988945,0.14666561499414996,-0.0507168475490583,0.22965148373934074,0.6666666666666666,0.1017637060084712,PL,FALSE,anomaly,inconsistent,negligible
den_pin,uro_sir_spp,23,0.34243082729044355,0.30683625761836913,DE,1,DE,0.34243082729044355,NA,0.34243082729044355,0.34243082729044355,1,NA,NA,FALSE,anomaly,insufficient data,moderate
den_pin,xyl_lin,115,0.3479276748658103,0.0016100140350670813,DE,1,DE,0.3479276748658103,NA,0.3479276748658103,0.3479276748658103,1,NA,NA,FALSE,anomaly,insufficient data,moderate
den_pin,xyl_spp,115,0.08340177347787014,0.6388364901697581,DE,1,DE,0.08340177347787014,NA,0.08340177347787014,0.08340177347787014,1,NA,NA,FALSE,anomaly,insufficient data,negligible
den_pin,zei_gri,23,-0.24373345180880454,0.5226367418841109,DE,1,DE,-0.24373345180880454,NA,-0.24373345180880454,-0.24373345180880454,1,NA,NA,FALSE,anomaly,insufficient data,weak
dip_sp,era_def,184,0.14208512592845599,0.18375078781190407,DE,1,DE,0.14208512592845599,NA,0.14208512592845599,0.14208512592845599,1,NA,NA,FALSE,anomaly,insufficient data,weak
dip_sp,geo_db,504,2.0494272956910479e-4,1,"DE,LT,PL",3,"DE,LT,PL",-0.04927399722976894,0.10382764622194186,-0.16845828733045382,0.02156576378510393,0.3333333333333333,0.014286363883819134,DE,TRUE,anomaly,inconsistent,negligible
dip_sp,ips_acu,484,0.012348843434538237,0.9351312539761704,"DE,LT,PL",3,"DE,LT,PL",-0.057313805291223034,0.17219304636179622,-0.2486987733135505,0.08506155273895571,0.3333333333333333,0.0603616043394415,DE,TRUE,anomaly,inconsistent,negligible
dip_sp,ips_ami,23,-0.3218047761715999,0.3465575215562124,DE,1,DE,-0.3218047761715999,NA,-0.3218047761715999,-0.3218047761715999,1,NA,NA,FALSE,anomaly,insufficient data,moderate
dip_sp,ips_cem,207,0.21515426719194908,0.012621252449572696,DE,1,DE,0.21515426719194908,NA,0.21515426719194908,0.21515426719194908,1,NA,NA,FALSE,anomaly,insufficient data,weak
dip_sp,ips_dup,0,NA,NA,,0,NA,NA,NA,NA,NA,NA,NA,NA,NA,anomaly,insufficient data,NA
dip_sp,ips_sex,161,0.05534687904932844,0.7265008864960129,DE,1,DE,0.05534687904932844,NA,0.05534687904932844,0.05534687904932844,1,NA,NA,FALSE,anomaly,insufficient data,negligible
dip_sp,ips_typ,655,0.04378872048495332,0.5226887533577416,"AT,DE,LT,PL",4,"AT,DE,LT,PL",0.04617951425854704,0.17203483599308786,-0.17424101437132153,0.1927588758055396,0.5,0.07483193819252512,DE,TRUE,anomaly,inconsistent,negligible
dip_sp,lym_dis,291,0.09356185273144521,0.3083774898060068,"AT,DE,LT",3,"AT,DE,LT",0.22020044247539852,0.22656763156948906,-0.039679832665662995,0.3762092129111632,0.6666666666666666,0.26845011422082765,DE,FALSE,anomaly,inconsistent,negligible
dip_sp,lym_mon,504,0.08220527223916171,0.20830593716723378,"DE,LT,PL",3,"DE,LT,PL",0.06273312966068094,0.04274456768669517,0.013565221765777324,0.09105682847258156,1,0.0050720903085880314,DE,FALSE,anomaly,consistent,negligible
dip_sp,mel_spp,504,0.07596651916239304,0.26018828523411264,"DE,PL",2,"DE,PL",0.07633751680845105,0.004528695189200197,0.07313524573024069,0.0795397878866614,1,0.003573268724268358,PL,FALSE,anomaly,consistent,negligible
dip_sp,neo_ser,46,-0.08947737957267055,0.7853045327653995,DE,1,DE,-0.08947737957267055,NA,-0.08947737957267055,-0.08947737957267055,1,NA,NA,FALSE,anomaly,insufficient data,negligible
dip_sp,ope_spp,161,0.14543341958791556,0.20878383691050553,DE,1,DE,0.14543341958791556,NA,0.14543341958791556,0.14543341958791556,1,NA,NA,FALSE,anomaly,insufficient data,weak
dip_sp,pan_fla,461,0.14111678654096046,0.015858544405538327,"DE,LT,PL",3,"DE,LT,PL",0.0524717165485917,0.17283831206934958,-0.07452290598514906,0.2493007813650813,0.3333333333333333,0.16663858553580949,PL,TRUE,anomaly,inconsistent,weak
dip_sp,pha_cya,655,0.030406376719390095,0.6884015382516026,"AT,DE,LT,PL",4,"AT,DE,LT,PL",-0.022277197644540645,0.11956115599000389,-0.19388011598856178,0.0827590060538203,0.75,0.026853861411752483,DE,FALSE,anomaly,inconsistent,negligible
dip_sp,pis_pin,184,0.01785603355641182,0.9420864545348407,"DE,LT",2,"DE,LT",-0.06973043417673407,0.1693374142386155,-0.1894700680934545,0.05000919973998638,0.5,0.20732610164986634,DE,TRUE,anomaly,inconsistent,negligible
dip_sp,pit_bid,115,0.1500943368215849,0.30683625761836913,DE,1,DE,0.1500943368215849,NA,0.1500943368215849,0.1500943368215849,1,NA,NA,FALSE,anomaly,insufficient data,weak
dip_sp,pit_cha,335,0.06986213972219975,0.4480706620982178,"AT,DE,LT",3,"AT,DE,LT",-0.07536651111971025,0.259310064325112,-0.30297579773355066,0.20692320258114041,0.3333333333333333,0.237949332276092,DE,TRUE,anomaly,inconsistent,negligible
dip_sp,pit_spp,153,0.06348353973725988,0.6881713974126852,"AT,DE",2,"AT,DE",0.07482318259793239,0.13589458250025024,-0.021268798214509287,0.17091516341037405,0.5,0.10743162367311417,AT,TRUE,anomaly,inconsistent,negligible
dip_sp,pol_pol,23,-0.2344413380910708,0.5390043671642184,LT,1,LT,-0.2344413380910708,NA,-0.2344413380910708,-0.2344413380910708,1,NA,NA,FALSE,anomaly,insufficient data,weak
dip_sp,pri_abi,161,0.010381917394232556,0.9735301501850687,DE,1,DE,0.010381917394232556,NA,0.010381917394232556,0.010381917394232556,1,NA,NA,FALSE,anomaly,insufficient data,negligible
dip_sp,sap_car,0,NA,NA,,0,NA,NA,NA,NA,NA,NA,NA,NA,NA,anomaly,insufficient data,NA
dip_sp,sco_int,138,0.0203205213565176,0.9434262376042273,DE,1,DE,0.0203205213565176,NA,0.0203205213565176,0.0203205213565176,1,NA,NA,FALSE,anomaly,insufficient data,negligible
dip_sp,sco_rat,92,0.08040405950598743,0.6944462392582816,"DE,LT",2,"DE,LT",-0.07110873645203056,0.5655725966880989,-0.4710289548234696,0.3288114819194085,0.5,0.551433014329457,DE,TRUE,anomaly,inconsistent,negligible
dip_sp,sco_sco,115,-0.005872062433059229,0.98638412535406,"DE,LT",2,"DE,LT",0.008351967573722198,0.034286067402535834,-0.01589194318682993,0.032595878334274325,0.5,0.03846794076733356,DE,TRUE,anomaly,inconsistent,negligible
dip_sp,tet_gab,245,0.001293955536899007,0.9998689195248821,"AT,DE",2,"AT,DE",-0.046248884946709846,0.17637772876600874,-0.1709667730074362,0.07846900311401651,0.5,0.17226072854433522,DE,TRUE,anomaly,inconsistent,negligible
dip_sp,tet_spp,138,0.06135958332854461,0.7179494084656045,DE,1,DE,0.06135958332854461,NA,0.06135958332854461,0.06135958332854461,1,NA,NA,FALSE,anomaly,insufficient data,negligible
dip_sp,tha_pit,23,-0.15864719113642348,0.7132349751317739,DE,1,DE,-0.15864719113642348,NA,-0.15864719113642348,-0.15864719113642348,1,NA,NA,FALSE,anomaly,insufficient data,weak
dip_sp,tha_pro,184,-0.009839672896373686,0.9734668072557205,DE,1,DE,-0.009839672896373686,NA,-0.009839672896373686,-0.009839672896373686,1,NA,NA,FALSE,anomaly,insufficient data,negligible
dip_sp,tom_spp,595,0.0014952920225469789,0.9936902010633442,"AT,DE,LT,PL",4,"AT,DE,LT,PL",-0.06419912871671855,0.18225242144055348,-0.3333860601076922,0.06474949830073147,0.5,0.014192615528649316,DE,TRUE,anomaly,inconsistent,negligible
dip_sp,tor_vir,550,0.0567660328911353,0.4229619993169262,"DE,LT,PL",3,"DE,LT,PL",-0.030824946126539184,0.17339637244785028,-0.2294046751410356,0.09062051353115545,0.6666666666666666,0.03667754097775775,PL,FALSE,anomaly,inconsistent,negligible
dip_sp,uro_sir_spp,46,0.23537820198846185,0.3151840653986929,DE,1,DE,0.23537820198846185,NA,0.23537820198846185,0.23537820198846185,1,NA,NA,FALSE,anomaly,insufficient data,weak
dip_sp,xyl_lin,184,0.14816142136161947,0.15938268901599298,DE,1,DE,0.14816142136161947,NA,0.14816142136161947,0.14816142136161947,1,NA,NA,FALSE,anomaly,insufficient data,weak
dip_sp,xyl_spp,207,0.13437191477863986,0.1820857569754737,DE,1,DE,0.13437191477863986,NA,0.13437191477863986,0.13437191477863986,1,NA,NA,FALSE,anomaly,insufficient data,weak
dip_sp,zei_gri,23,-0.32130051839462176,0.3470664284920669,DE,1,DE,-0.32130051839462176,NA,-0.32130051839462176,-0.32130051839462176,1,NA,NA,FALSE,anomaly,insufficient data,moderate
era_def,geo_db,138,-0.3560144571926316,2.7847434473594017e-4,DE,1,DE,-0.3560144571926316,NA,-0.3560144571926316,-0.3560144571926316,1,NA,NA,FALSE,anomaly,insufficient data,moderate
era_def,ips_acu,138,-0.012219412044153529,0.9734668072557205,DE,1,DE,-0.012219412044153529,NA,-0.012219412044153529,-0.012219412044153529,1,NA,NA,FALSE,anomaly,insufficient data,negligible
era_def,ips_ami,46,0.2220784764102165,0.3504195385724523,DE,1,DE,0.2220784764102165,NA,0.2220784764102165,0.2220784764102165,1,NA,NA,FALSE,anomaly,insufficient data,weak
era_def,ips_cem,230,0.044817475253700674,0.7382725816654503,DE,1,DE,0.044817475253700674,NA,0.044817475253700674,0.044817475253700674,1,NA,NA,FALSE,anomaly,insufficient data,negligible
era_def,ips_dup,0,NA,NA,,0,NA,NA,NA,NA,NA,NA,NA,NA,NA,anomaly,insufficient data,NA
era_def,ips_sex,161,-0.020583620739426333,0.9368125663533492,DE,1,DE,-0.020583620739426333,NA,-0.020583620739426333,-0.020583620739426333,1,NA,NA,FALSE,anomaly,insufficient data,negligible
era_def,ips_typ,230,0.04270804394974152,0.751190519163805,DE,1,DE,0.04270804394974152,NA,0.04270804394974152,0.04270804394974152,1,NA,NA,FALSE,anomaly,insufficient data,negligible
era_def,lym_dis,184,-0.06241633071239781,0.6497800021350626,DE,1,DE,-0.06241633071239781,NA,-0.06241633071239781,-0.06241633071239781,1,NA,NA,FALSE,anomaly,insufficient data,negligible
era_def,lym_mon,184,0.030910648392932578,0.8745044847421467,DE,1,DE,0.030910648392932578,NA,0.030910648392932578,0.030910648392932578,1,NA,NA,FALSE,anomaly,insufficient data,negligible
era_def,mel_spp,184,-0.049074720386584725,0.7425915909572752,DE,1,DE,-0.049074720386584725,NA,-0.049074720386584725,-0.049074720386584725,1,NA,NA,FALSE,anomaly,insufficient data,negligible
era_def,neo_ser,23,-0.03934164550586991,0.9681528808794988,DE,1,DE,-0.03934164550586991,NA,-0.03934164550586991,-0.03934164550586991,1,NA,NA,FALSE,anomaly,insufficient data,negligible
era_def,ope_spp,184,0.17992485874443298,0.06623118046688703,DE,1,DE,0.17992485874443298,NA,0.17992485874443298,0.17992485874443298,1,NA,NA,FALSE,anomaly,insufficient data,weak
era_def,pan_fla,115,-0.1421101102829674,0.3392333480494567,DE,1,DE,-0.1421101102829674,NA,-0.1421101102829674,-0.1421101102829674,1,NA,NA,FALSE,anomaly,insufficient data,weak
era_def,pha_cya,230,-0.05270809121976224,0.6778368194605665,DE,1,DE,-0.05270809121976224,NA,-0.05270809121976224,-0.05270809121976224,1,NA,NA,FALSE,anomaly,insufficient data,negligible
era_def,pis_pin,138,0.07124422467004776,0.6528292174399369,DE,1,DE,0.07124422467004776,NA,0.07124422467004776,0.07124422467004776,1,NA,NA,FALSE,anomaly,insufficient data,negligible
era_def,pit_bid,92,0.06365930237672432,0.7794468473208224,DE,1,DE,0.06365930237672432,NA,0.06365930237672432,0.06365930237672432,1,NA,NA,FALSE,anomaly,insufficient data,negligible
era_def,pit_cha,230,0.028676787431552376,0.8718422141386646,DE,1,DE,0.028676787431552376,NA,0.028676787431552376,0.028676787431552376,1,NA,NA,FALSE,anomaly,insufficient data,negligible
era_def,pit_spp,92,0.20229499086308775,0.18124589220356188,DE,1,DE,0.20229499086308775,NA,0.20229499086308775,0.20229499086308775,1,NA,NA,FALSE,anomaly,insufficient data,weak
era_def,pol_pol,0,NA,NA,,0,NA,NA,NA,NA,NA,NA,NA,NA,NA,anomaly,insufficient data,NA
era_def,pri_abi,161,-0.043206456043159785,0.8129210181836655,DE,1,DE,-0.043206456043159785,NA,-0.043206456043159785,-0.043206456043159785,1,NA,NA,FALSE,anomaly,insufficient data,negligible
era_def,sap_car,0,NA,NA,,0,NA,NA,NA,NA,NA,NA,NA,NA,NA,anomaly,insufficient data,NA
era_def,sco_int,161,0.0063189293597692405,0.9861303675354863,DE,1,DE,0.0063189293597692405,NA,0.0063189293597692405,0.0063189293597692405,1,NA,NA,FALSE,anomaly,insufficient data,negligible
era_def,sco_rat,46,-0.035323965576249346,0.9437331580634217,DE,1,DE,-0.035323965576249346,NA,-0.035323965576249346,-0.035323965576249346,1,NA,NA,FALSE,anomaly,insufficient data,negligible
era_def,sco_sco,92,-0.022993526697016004,0.9536730867189341,DE,1,DE,-0.022993526697016004,NA,-0.022993526697016004,-0.022993526697016004,1,NA,NA,FALSE,anomaly,insufficient data,negligible
era_def,tet_gab,207,0.04630570110810024,0.7425915909572752,DE,1,DE,0.04630570110810024,NA,0.04630570110810024,0.04630570110810024,1,NA,NA,FALSE,anomaly,insufficient data,negligible
era_def,tet_spp,161,0.07688123000402323,0.6032858053956666,DE,1,DE,0.07688123000402323,NA,0.07688123000402323,0.07688123000402323,1,NA,NA,FALSE,anomaly,insufficient data,negligible
era_def,tha_pit,23,-0.5318911052135054,0.04573425942031184,DE,1,DE,-0.5318911052135054,NA,-0.5318911052135054,-0.5318911052135054,1,NA,NA,FALSE,anomaly,insufficient data,strong
era_def,tha_pro,230,0.06163455033985395,0.6190172865439908,DE,1,DE,0.06163455033985395,NA,0.06163455033985395,0.06163455033985395,1,NA,NA,FALSE,anomaly,insufficient data,negligible
era_def,tom_spp,230,-0.011559747016312337,0.969403769940968,DE,1,DE,-0.011559747016312337,NA,-0.011559747016312337,-0.011559747016312337,1,NA,NA,FALSE,anomaly,insufficient data,negligible
era_def,tor_vir,207,0.2392320672002543,0.00456516597752567,DE,1,DE,0.2392320672002543,NA,0.2392320672002543,0.2392320672002543,1,NA,NA,FALSE,anomaly,insufficient data,weak
era_def,uro_sir_spp,69,-0.10593974139261916,0.6477475091898975,DE,1,DE,-0.10593974139261916,NA,-0.10593974139261916,-0.10593974139261916,1,NA,NA,FALSE,anomaly,insufficient data,weak
era_def,xyl_lin,207,0.02470364993919775,0.8979899907235653,DE,1,DE,0.02470364993919775,NA,0.02470364993919775,0.02470364993919775,1,NA,NA,FALSE,anomaly,insufficient data,negligible
era_def,xyl_spp,230,-0.04013729168960273,0.7794468473208224,DE,1,DE,-0.04013729168960273,NA,-0.04013729168960273,-0.04013729168960273,1,NA,NA,FALSE,anomaly,insufficient data,negligible
era_def,zei_gri,0,NA,NA,,0,NA,NA,NA,NA,NA,NA,NA,NA,NA,anomaly,insufficient data,NA
geo_db,ips_acu,476,-0.15011585879727432,0.007600763560850765,"BG,DE,LT,PL",4,"BG,DE,LT,PL",-0.034837293150492665,0.2101740097643917,-0.21943963503021946,0.18292669273241116,0.5,0.051358658112755654,PL,FALSE,anomaly,inconsistent,weak
geo_db,ips_ami,23,0.1856859319082963,0.6497800021350626,DE,1,DE,0.1856859319082963,NA,0.1856859319082963,0.1856859319082963,1,NA,NA,FALSE,anomaly,insufficient data,weak
geo_db,ips_cem,161,-0.03525344425836247,0.8682647552350639,DE,1,DE,-0.03525344425836247,NA,-0.03525344425836247,-0.03525344425836247,1,NA,NA,FALSE,anomaly,insufficient data,negligible
geo_db,ips_dup,22,-0.04567643277961245,0.96090345006199,RO,1,RO,-0.04567643277961245,NA,-0.04567643277961245,-0.04567643277961245,1,NA,NA,FALSE,anomaly,insufficient data,negligible
geo_db,ips_sex,156,-0.09626850663279339,0.4892259716765883,"BG,DE",2,"BG,DE",0.1098289018495549,0.3775154626487916,-0.15711484179218244,0.37677264549129225,0.5,0.47304115212408565,DE,TRUE,anomaly,inconsistent,negligible
geo_db,ips_typ,587,0.047613863045120074,0.5134470485403243,"BG,DE,HR,LT,PL,RO",6,"BG,DE,HR,LT,PL,RO",0.06476659078040592,0.11343864712973549,-0.06766776877757567,0.24424533178088922,0.6666666666666666,0.02055354295466088,DE,FALSE,anomaly,inconsistent,negligible
geo_db,lym_dis,225,-0.0618189539977926,0.6212520228993552,"BG,DE,HR,LT,RO",5,"BG,DE,HR,LT,RO",-0.05704905627353369,0.11269266057309105,-0.22021128310744462,0.08464910654176498,0.8,0.018658148524560998,RO,FALSE,anomaly,inconsistent,negligible
geo_db,lym_mon,458,0.012311821539950848,0.9361415780133115,"DE,LT,PL",3,"DE,LT,PL",-0.11226131748596133,0.2364692316924905,-0.37348128360204685,0.08720209332967468,0.3333333333333333,0.1094383992869408,PL,TRUE,anomaly,inconsistent,negligible
geo_db,mel_spp,478,0.0020722259081112624,0.991794531917364,"DE,PL",2,"DE,PL",-0.016334914844159824,0.10470603306860465,-0.09037326085811306,0.057703431169793415,0.5,0.09244548676622433,PL,TRUE,anomaly,inconsistent,negligible
geo_db,neo_ser,41,3.7478874826017315e-4,1,"BG,DE",2,"BG,DE",-0.0019056345619485864,0.04112590253341876,-0.030986039125746007,0.027174770001848834,0.5,0.03136082787400618,BG,TRUE,anomaly,inconsistent,negligible
geo_db,ope_spp,138,-0.2656701363535496,0.011407969308276795,DE,1,DE,-0.2656701363535496,NA,-0.2656701363535496,-0.2656701363535496,1,NA,NA,FALSE,anomaly,insufficient data,weak
geo_db,pan_fla,415,-0.01480553579827292,0.9217205651779081,"DE,LT,PL",3,"DE,LT,PL",-0.07666388541607413,0.11991679762916012,-0.21418337712016502,0.006107655635705674,0.6666666666666666,0.03766089539341175,PL,FALSE,anomaly,inconsistent,negligible
geo_db,pha_cya,524,0.020847899746376523,0.8529818517915663,"DE,LT,PL",3,"DE,LT,PL",0.14388307383320556,0.24054457604735874,-0.005022107355755515,0.42139262275986333,0.6666666666666666,0.0362841310108412,PL,FALSE,anomaly,inconsistent,negligible
geo_db,pis_pin,138,0.004461618602968269,0.9894355306886242,"DE,LT",2,"DE,LT",-0.03814528332164971,0.0835099602546872,-0.09719574251435809,0.02090517587105867,0.5,0.10165736111732636,DE,TRUE,anomaly,inconsistent,negligible
geo_db,pit_bid,92,0.05259529095462002,0.8423034463983048,DE,1,DE,0.05259529095462002,NA,0.05259529095462002,0.05259529095462002,1,NA,NA,FALSE,anomaly,insufficient data,negligible
geo_db,pit_cha,184,-0.007110904187972716,0.9821494958694572,"DE,LT",2,"DE,LT",-0.008673524913767366,0.002793931715216031,-0.010649132975768784,-0.006697916851765949,1,0.003538228787796068,DE,FALSE,anomaly,consistent,negligible
geo_db,pit_spp,92,0.010817806416234518,0.9812272406534651,"DE,HR",2,"DE,HR",0.03125316839583696,0.07190749460103704,-0.01959310865469139,0.0820994454463653,0.5,0.07128163903013078,DE,TRUE,anomaly,inconsistent,negligible
geo_db,pol_pol,23,0.16258372070375773,0.7024672787992293,LT,1,LT,0.16258372070375773,NA,0.16258372070375773,0.16258372070375773,1,NA,NA,FALSE,anomaly,insufficient data,weak
geo_db,pri_abi,138,0.07555157913225681,0.6402501236995132,DE,1,DE,0.07555157913225681,NA,0.07555157913225681,0.07555157913225681,1,NA,NA,FALSE,anomaly,insufficient data,negligible
geo_db,sap_car,0,NA,NA,,0,NA,NA,NA,NA,NA,NA,NA,NA,NA,anomaly,insufficient data,NA
geo_db,sco_int,115,0.030686346444526603,0.9080599291500424,DE,1,DE,0.030686346444526603,NA,0.030686346444526603,0.030686346444526603,1,NA,NA,FALSE,anomaly,insufficient data,negligible
geo_db,sco_rat,69,0.15410733359334075,0.45375726436063285,"DE,LT",2,"DE,LT",0.13766464207648432,0.1081427237940179,0.061196188745750474,0.2141330954072182,1,0.09291114484759028,DE,FALSE,anomaly,consistent,weak
geo_db,sco_sco,92,-0.06422580343248316,0.7794468473208224,"DE,LT",2,"DE,LT",-0.07300054802165248,0.019822355171672516,-0.08701706978263035,-0.058984026260674616,1,0.022791266350147193,DE,FALSE,anomaly,consistent,negligible
geo_db,tet_gab,115,0.01871090419597836,0.9627672082913349,DE,1,DE,0.01871090419597836,NA,0.01871090419597836,0.01871090419597836,1,NA,NA,FALSE,anomaly,insufficient data,negligible
geo_db,tet_spp,115,-0.18216924236613297,0.17674476100141273,DE,1,DE,-0.18216924236613297,NA,-0.18216924236613297,-0.18216924236613297,1,NA,NA,FALSE,anomaly,insufficient data,weak
geo_db,tha_pit,64,0.22369384456393768,0.23084757614545487,"BG,DE,HR",3,"BG,DE,HR",0.23979031399744638,0.06233168674319912,0.19524806197382155,0.3110229556184617,1,0.028057391626928635,DE,FALSE,anomaly,consistent,weak
geo_db,tha_pro,138,0.036687437758087665,0.8723581575113812,DE,1,DE,0.036687437758087665,NA,0.036687437758087665,0.036687437758087665,1,NA,NA,FALSE,anomaly,insufficient data,negligible
geo_db,tom_spp,464,-0.011273203120607828,0.9417780524648622,"DE,LT,PL",3,"DE,LT,PL",0.004044095452416209,0.07203135908739954,-0.07871600226340437,0.052606856996266764,0.3333333333333333,0.05472216585485744,PL,TRUE,anomaly,inconsistent,negligible
geo_db,tor_vir,565,0.10611239900018257,0.05556243484458757,"BG,DE,LT,PL,RO",5,"BG,DE,LT,PL,RO",0.23053570980020072,0.22747393721303213,0.01219521822212974,0.524155540001496,1,0.05532424935291419,DE,FALSE,anomaly,inconsistent,weak
geo_db,uro_sir_spp,46,-0.027321617300328952,0.9676067539630682,DE,1,DE,-0.027321617300328952,NA,-0.027321617300328952,-0.027321617300328952,1,NA,NA,FALSE,anomaly,insufficient data,negligible
geo_db,xyl_lin,161,0.28127738135398567,0.00298499442994044,DE,1,DE,0.28127738135398567,NA,0.28127738135398567,0.28127738135398567,1,NA,NA,FALSE,anomaly,insufficient data,weak
geo_db,xyl_spp,161,0.2646776443473938,0.005590038430252041,DE,1,DE,0.2646776443473938,NA,0.2646776443473938,0.2646776443473938,1,NA,NA,FALSE,anomaly,insufficient data,weak
geo_db,zei_gri,23,-0.39980411255574,0.19471210467207092,DE,1,DE,-0.39980411255574,NA,-0.39980411255574,-0.39980411255574,1,NA,NA,FALSE,anomaly,insufficient data,moderate
ips_acu,ips_ami,23,-0.002625318340097152,0.9998689195248821,DE,1,DE,-0.002625318340097152,NA,-0.002625318340097152,-0.002625318340097152,1,NA,NA,FALSE,anomaly,insufficient data,negligible
ips_acu,ips_cem,161,0.36630251970781685,3.855532928701485e-5,DE,1,DE,0.36630251970781685,NA,0.36630251970781685,0.36630251970781685,1,NA,NA,FALSE,anomaly,insufficient data,moderate
ips_acu,ips_dup,205,0.12784238472089895,0.21436041253892368,"CZ,SK",2,"CZ,SK",0.13399871206667835,0.012437636879054787,0.12520397468756284,0.1427934494457939,1,0.014951064724894936,CZ,FALSE,anomaly,consistent,weak
ips_acu,ips_sex,340,0.3025601855967626,4.4643647413070824e-7,"BG,CZ,DE",3,"BG,CZ,DE",0.36406330114971824,0.1608931492683493,0.20835035874864502,0.5296791887002248,1,0.07383094726832035,CZ,FALSE,anomaly,consistent,moderate
ips_acu,ips_typ,728,0.16945067859186227,8.067096600251424e-5,"BG,CZ,DE,LT,PL,SK",6,"BG,CZ,DE,LT,PL,SK",0.24082574476683574,0.16312767817663856,-0.00791494648166173,0.46753039503915983,0.8333333333333334,0.10520584694260574,PL,FALSE,anomaly,inconsistent,weak
ips_acu,lym_dis,362,0.09711438634474995,0.20822663859114174,"BG,CZ,DE,LT,SK",5,"BG,CZ,DE,LT,SK",-0.02707797176507664,0.3036905075316553,-0.4408784147948895,0.2903127379139124,0.4,0.14174185283381519,DE,TRUE,anomaly,inconsistent,negligible
ips_acu,lym_mon,576,0.01647264417826194,0.8879650655720437,"CZ,DE,LT,PL",4,"CZ,DE,LT,PL",-0.05958568504799599,0.251242804961976,-0.4358732757978403,0.08527408106589375,0.75,0.046127592380260055,LT,TRUE,anomaly,inconsistent,negligible
ips_acu,mel_spp,458,-0.012329671949844752,0.9361415780133115,"DE,PL",2,"DE,PL",-0.009596843177245663,0.08435339339566861,-0.06924369966341946,0.05005001330892814,0.5,0.06237968525877289,PL,TRUE,anomaly,inconsistent,negligible
ips_acu,neo_ser,110,-0.14670396473755526,0.335308922288179,"BG,CZ,DE",3,"BG,CZ,DE",-0.19604909105545718,0.19337462484416784,-0.3983620629952503,-0.013064482949652996,1,0.09169076332417395,DE,FALSE,anomaly,consistent,weak
ips_acu,ope_spp,115,0.1926110670573984,0.148383015259873,DE,1,DE,0.1926110670573984,NA,0.1926110670573984,0.1926110670573984,1,NA,NA,FALSE,anomaly,insufficient data,weak
ips_acu,pan_fla,441,0.027699793893564015,0.79246426867626385,"CZ,DE,LT,PL",4,"CZ,DE,LT,PL",0.09359970489671592,0.1707143458749925,-0.07223553227540104,0.32231775200099505,0.75,0.08624991381504919,PL,TRUE,anomaly,inconsistent,negligible
ips_acu,pha_cya,688,0.10947960224953245,0.024911271075507165,"CZ,DE,LT,PL",4,"CZ,DE,LT,PL",0.16107527664792953,0.3231153722231892,-0.32280260839345903,0.3404290719663775,0.75,0.21439820316739533,PL,FALSE,anomaly,inconsistent,weak
ips_acu,pis_pin,161,0.3572102759610169,6.467236834302766e-5,"DE,LT",2,"DE,LT",0.42850000194713606,0.16477696809876774,0.311985090421138,0.5450149134731341,1,0.18780463751211723,DE,FALSE,anomaly,consistent,moderate
ips_acu,pit_bid,115,0.5121560581936346,2.0488815111466255e-7,DE,1,DE,0.5121560581936346,NA,0.5121560581936346,0.5121560581936346,1,NA,NA,FALSE,anomaly,insufficient data,strong
ips_acu,pit_cha,206,0.29864395446153635,2.0835999348728352e-4,"DE,LT,SK",3,"DE,LT,SK",0.2743139911361379,0.5364868242223648,-0.25403153750797297,0.8185873879735981,0.6666666666666666,0.11567931320833574,DE,FALSE,anomaly,inconsistent,weak
ips_acu,pit_spp,230,0.056893778675920235,0.6497800021350626,"CZ,DE",2,"CZ,DE",0.022623458585404974,0.14727947002352498,-0.08151885339779039,0.12676577056860033,0.5,0.13841263207371063,CZ,TRUE,anomaly,inconsistent,negligible
ips_acu,pol_pol,207,0.2606312027064596,0.001665677019647541,"CZ,LT",2,"CZ,LT",0.42414603917351323,0.3635142083512717,0.16710267739066947,0.6811894009563569,1,0.4205581982498973,CZ,FALSE,anomaly,inconsistent,weak
ips_acu,pri_abi,276,-0.07760347390080992,0.44255214601837517,"CZ,DE",2,"CZ,DE",-0.07025997377465791,0.07735241884416874,-0.12495639368055171,-0.015563553868764103,1,0.062039920032045816,DE,FALSE,anomaly,consistent,negligible
ips_acu,sap_car,0,NA,NA,,0,NA,NA,NA,NA,NA,NA,NA,NA,NA,anomaly,insufficient data,NA
ips_acu,sco_int,322,0.2563119425829086,6.351684252429093e-5,"CZ,DE",2,"CZ,DE",0.2578873532069197,0.10848247411742186,0.18117866011859657,0.3345960462952428,1,0.07828410371233419,CZ,FALSE,anomaly,consistent,weak
ips_acu,sco_rat,276,0.2653773304363497,1.3989494763985949e-4,"CZ,DE,LT",3,"CZ,DE,LT",0.33977638077591676,0.2382041235015885,0.18117309589025393,0.6136929069526702,1,0.10890326328729288,CZ,FALSE,anomaly,inconsistent,weak
ips_acu,sco_sco,115,-0.0013366180045702978,0.9998689195248821,"DE,LT",2,"DE,LT",-0.17103648460844967,0.4890303113339055,-0.5168331339584228,0.17476016474152345,0.5,0.5154965159538525,DE,TRUE,anomaly,inconsistent,negligible
ips_acu,tet_gab,184,0.2111296107518824,0.024911271075507165,"CZ,DE",2,"CZ,DE",0.0968485488261011,0.26148987110527244,-0.0880527122440333,0.2817498098962355,0.5,0.29918232299591574,DE,TRUE,anomaly,inconsistent,weak
ips_acu,tet_spp,115,0.02391310469147132,0.9393855634856855,DE,1,DE,0.02391310469147132,NA,0.02391310469147132,0.02391310469147132,1,NA,NA,FALSE,anomaly,insufficient data,negligible
ips_acu,tha_pit,41,0.3341546790992371,0.1275103980473026,"BG,DE",2,"BG,DE",0.39490806848691995,0.26696247913445476,0.2061370891685748,0.5836790478052651,1,0.24952436870602807,DE,FALSE,anomaly,inconsistent,moderate
ips_acu,tha_pro,138,0.17801854433040337,0.14130785314349759,DE,1,DE,0.17801854433040337,NA,0.17801854433040337,0.17801854433040337,1,NA,NA,FALSE,anomaly,insufficient data,weak
ips_acu,tom_spp,628,0.22037230729422008,7.966836428885457e-7,"CZ,DE,LT,PL",4,"CZ,DE,LT,PL",0.324524097155875,0.4449367035495922,-0.2839074498453243,0.7670647874928077,0.75,0.20782988982470585,PL,FALSE,anomaly,inconsistent,weak
ips_acu,tor_vir,522,0.10445783528645324,0.07453641014388133,"BG,DE,LT,PL",4,"BG,DE,LT,PL",0.18457567397144747,0.12539082606654103,0.07442089504986009,0.31378100941325876,1,0.024268347756174438,PL,FALSE,anomaly,consistent,weak
ips_acu,uro_sir_spp,46,0.09928576975890727,0.7444426462275628,DE,1,DE,0.09928576975890727,NA,0.09928576975890727,0.09928576975890727,1,NA,NA,FALSE,anomaly,insufficient data,negligible
ips_acu,xyl_lin,138,-0.074190052671126,0.6477475091898975,DE,1,DE,-0.074190052671126,NA,-0.074190052671126,-0.074190052671126,1,NA,NA,FALSE,anomaly,insufficient data,negligible
ips_acu,xyl_spp,161,-0.06403117587685486,0.6695521658667778,DE,1,DE,-0.06403117587685486,NA,-0.06403117587685486,-0.06403117587685486,1,NA,NA,FALSE,anomaly,insufficient data,negligible
ips_acu,zei_gri,184,0.1461728252649335,0.16751626362251926,"CZ,DE",2,"CZ,DE",0.14158551176638307,0.010613524732582917,0.13408061645568256,0.1490904070770836,1,0.012092208809250937,CZ,FALSE,anomaly,consistent,weak
ips_ami,ips_cem,46,0.10000049409267049,0.7425915909572752,DE,1,DE,0.10000049409267049,NA,0.10000049409267049,0.10000049409267049,1,NA,NA,FALSE,anomaly,insufficient data,weak
ips_ami,ips_dup,0,NA,NA,,0,NA,NA,NA,NA,NA,NA,NA,NA,NA,anomaly,insufficient data,NA
ips_ami,ips_sex,23,-0.21001166030187193,0.6064733866181594,DE,1,DE,-0.21001166030187193,NA,-0.21001166030187193,-0.21001166030187193,1,NA,NA,FALSE,anomaly,insufficient data,weak
ips_ami,ips_typ,46,0.025966992909157074,0.9708684824491643,DE,1,DE,0.025966992909157074,NA,0.025966992909157074,0.025966992909157074,1,NA,NA,FALSE,anomaly,insufficient data,negligible
ips_ami,lym_dis,23,-0.03395079652791259,0.9734668072557205,DE,1,DE,-0.03395079652791259,NA,-0.03395079652791259,-0.03395079652791259,1,NA,NA,FALSE,anomaly,insufficient data,negligible
ips_ami,lym_mon,23,-0.3588545804769921,0.2672753315011633,DE,1,DE,-0.3588545804769921,NA,-0.3588545804769921,-0.3588545804769921,1,NA,NA,FALSE,anomaly,insufficient data,moderate
ips_ami,mel_spp,23,-0.2611238001920939,0.4890709172766251,DE,1,DE,-0.2611238001920939,NA,-0.2611238001920939,-0.2611238001920939,1,NA,NA,FALSE,anomaly,insufficient data,weak
ips_ami,neo_ser,0,NA,NA,,0,NA,NA,NA,NA,NA,NA,NA,NA,NA,anomaly,insufficient data,NA
ips_ami,ope_spp,23,0.4917549893619408,0.07469125428303915,DE,1,DE,0.4917549893619408,NA,0.4917549893619408,0.4917549893619408,1,NA,NA,FALSE,anomaly,insufficient data,moderate
ips_ami,pan_fla,23,-9.382744889226474e-4,1,DE,1,DE,-9.382744889226474e-4,NA,-9.382744889226474e-4,-9.382744889226474e-4,1,NA,NA,FALSE,anomaly,insufficient data,negligible
ips_ami,pha_cya,46,-0.3617941706092791,0.0629895812537551,DE,1,DE,-0.3617941706092791,NA,-0.3617941706092791,-0.3617941706092791,1,NA,NA,FALSE,anomaly,insufficient data,moderate
ips_ami,pis_pin,23,0.08072899841742162,0.8972218434424893,DE,1,DE,0.08072899841742162,NA,0.08072899841742162,0.08072899841742162,1,NA,NA,FALSE,anomaly,insufficient data,negligible
ips_ami,pit_bid,23,-0.03492590045649884,0.9734668072557205,DE,1,DE,-0.03492590045649884,NA,-0.03492590045649884,-0.03492590045649884,1,NA,NA,FALSE,anomaly,insufficient data,negligible
ips_ami,pit_cha,46,0.14499444735929196,0.6064733866181594,DE,1,DE,0.14499444735929196,NA,0.14499444735929196,0.14499444735929196,1,NA,NA,FALSE,anomaly,insufficient data,weak
ips_ami,pit_spp,0,NA,NA,,0,NA,NA,NA,NA,NA,NA,NA,NA,NA,anomaly,insufficient data,NA
ips_ami,pol_pol,0,NA,NA,,0,NA,NA,NA,NA,NA,NA,NA,NA,NA,anomaly,insufficient data,NA
ips_ami,pri_abi,23,-0.02840499776672619,0.9735301501850687,DE,1,DE,-0.02840499776672619,NA,-0.02840499776672619,-0.02840499776672619,1,NA,NA,FALSE,anomaly,insufficient data,negligible
ips_ami,sap_car,0,NA,NA,,0,NA,NA,NA,NA,NA,NA,NA,NA,NA,anomaly,insufficient data,NA
ips_ami,sco_int,46,0.26726903228112253,0.2237614865280595,DE,1,DE,0.26726903228112253,NA,0.26726903228112253,0.26726903228112253,1,NA,NA,FALSE,anomaly,insufficient data,weak
ips_ami,sco_rat,23,0.09279420264576219,0.8728251117225265,DE,1,DE,0.09279420264576219,NA,0.09279420264576219,0.09279420264576219,1,NA,NA,FALSE,anomaly,insufficient data,negligible
ips_ami,sco_sco,46,0.2127392602442819,0.3803144566256113,DE,1,DE,0.2127392602442819,NA,0.2127392602442819,0.2127392602442819,1,NA,NA,FALSE,anomaly,insufficient data,weak
ips_ami,tet_gab,46,0.23988872902070202,0.3064920924390993,DE,1,DE,0.23988872902070202,NA,0.23988872902070202,0.23988872902070202,1,NA,NA,FALSE,anomaly,insufficient data,weak
ips_ami,tet_spp,46,-0.21061735721164362,0.38915663939830775,DE,1,DE,-0.21061735721164362,NA,-0.21061735721164362,-0.21061735721164362,1,NA,NA,FALSE,anomaly,insufficient data,weak
ips_ami,tha_pit,23,0.005770398590368004,0.9992699968552277,DE,1,DE,0.005770398590368004,NA,0.005770398590368004,0.005770398590368004,1,NA,NA,FALSE,anomaly,insufficient data,negligible
ips_ami,tha_pro,46,-0.06369099743811753,0.8728251117225265,DE,1,DE,-0.06369099743811753,NA,-0.06369099743811753,-0.06369099743811753,1,NA,NA,FALSE,anomaly,insufficient data,negligible
ips_ami,tom_spp,46,-0.33077645036861836,0.10022724502447282,DE,1,DE,-0.33077645036861836,NA,-0.33077645036861836,-0.33077645036861836,1,NA,NA,FALSE,anomaly,insufficient data,moderate
ips_ami,tor_vir,46,0.18247239874123186,0.48606504293867486,DE,1,DE,0.18247239874123186,NA,0.18247239874123186,0.18247239874123186,1,NA,NA,FALSE,anomaly,insufficient data,weak
ips_ami,uro_sir_spp,23,0.022451909825529227,0.9812272406534651,DE,1,DE,0.022451909825529227,NA,0.022451909825529227,0.022451909825529227,1,NA,NA,FALSE,anomaly,insufficient data,negligible
ips_ami,xyl_lin,46,0.19323021952537317,0.44255214601837517,DE,1,DE,0.19323021952537317,NA,0.19323021952537317,0.19323021952537317,1,NA,NA,FALSE,anomaly,insufficient data,weak
ips_ami,xyl_spp,46,-0.038752904183766104,0.9386959971407137,DE,1,DE,-0.038752904183766104,NA,-0.038752904183766104,-0.038752904183766104,1,NA,NA,FALSE,anomaly,insufficient data,negligible
ips_ami,zei_gri,0,NA,NA,,0,NA,NA,NA,NA,NA,NA,NA,NA,NA,anomaly,insufficient data,NA
ips_cem,ips_dup,0,NA,NA,,0,NA,NA,NA,NA,NA,NA,NA,NA,NA,anomaly,insufficient data,NA
ips_cem,ips_sex,184,0.30453456667600287,3.897876947583426e-4,DE,1,DE,0.30453456667600287,NA,0.30453456667600287,0.30453456667600287,1,NA,NA,FALSE,anomaly,insufficient data,moderate
ips_cem,ips_typ,253,0.4568084600907263,1.829940459686095e-12,DE,1,DE,0.4568084600907263,NA,0.4568084600907263,0.4568084600907263,1,NA,NA,FALSE,anomaly,insufficient data,moderate
ips_cem,lym_dis,207,0.17160840143968376,0.06297431714993953,DE,1,DE,0.17160840143968376,NA,0.17160840143968376,0.17160840143968376,1,NA,NA,FALSE,anomaly,insufficient data,weak
ips_cem,lym_mon,184,0.07402409845340172,0.5859893043410039,DE,1,DE,0.07402409845340172,NA,0.07402409845340172,0.07402409845340172,1,NA,NA,FALSE,anomaly,insufficient data,negligible
ips_cem,mel_spp,207,0.13690204395967798,0.17080105411085028,DE,1,DE,0.13690204395967798,NA,0.13690204395967798,0.13690204395967798,1,NA,NA,FALSE,anomaly,insufficient data,weak
ips_cem,neo_ser,46,0.015455804844248352,0.9812272406534651,DE,1,DE,0.015455804844248352,NA,0.015455804844248352,0.015455804844248352,1,NA,NA,FALSE,anomaly,insufficient data,negligible
ips_cem,ope_spp,207,0.23594052294787368,0.005219544748400657,DE,1,DE,0.23594052294787368,NA,0.23594052294787368,0.23594052294787368,1,NA,NA,FALSE,anomaly,insufficient data,weak
ips_cem,pan_fla,138,0.0268312565261344,0.9155957389063877,DE,1,DE,0.0268312565261344,NA,0.0268312565261344,0.0268312565261344,1,NA,NA,FALSE,anomaly,insufficient data,negligible
ips_cem,pha_cya,253,0.4380172805427547,2.424569399015083e-11,DE,1,DE,0.4380172805427547,NA,0.4380172805427547,0.4380172805427547,1,NA,NA,FALSE,anomaly,insufficient data,moderate
ips_cem,pis_pin,161,0.29647642532982627,0.0015734290181617812,DE,1,DE,0.29647642532982627,NA,0.29647642532982627,0.29647642532982627,1,NA,NA,FALSE,anomaly,insufficient data,weak
ips_cem,pit_bid,115,0.3354984734379648,0.0025828298984851413,DE,1,DE,0.3354984734379648,NA,0.3354984734379648,0.3354984734379648,1,NA,NA,FALSE,anomaly,insufficient data,moderate
ips_cem,pit_cha,253,0.5073575272653552,9.45041158430646e-16,DE,1,DE,0.5073575272653552,NA,0.5073575272653552,0.5073575272653552,1,NA,NA,FALSE,anomaly,insufficient data,strong
ips_cem,pit_spp,92,1.7915386292261608e-4,1,DE,1,DE,1.7915386292261608e-4,NA,1.7915386292261608e-4,1.7915386292261608e-4,1,NA,NA,FALSE,anomaly,insufficient data,negligible
ips_cem,pol_pol,0,NA,NA,,0,NA,NA,NA,NA,NA,NA,NA,NA,NA,anomaly,insufficient data,NA
ips_cem,pri_abi,184,0.06695885205292612,0.6284272452072098,DE,1,DE,0.06695885205292612,NA,0.06695885205292612,0.06695885205292612,1,NA,NA,FALSE,anomaly,insufficient data,negligible
ips_cem,sap_car,0,NA,NA,,0,NA,NA,NA,NA,NA,NA,NA,NA,NA,anomaly,insufficient data,NA
ips_cem,sco_int,184,0.24191476226764225,0.0070517433448143525,DE,1,DE,0.24191476226764225,NA,0.24191476226764225,0.24191476226764225,1,NA,NA,FALSE,anomaly,insufficient data,weak
ips_cem,sco_rat,69,0.44951264706817856,0.0013000715787361721,DE,1,DE,0.44951264706817856,NA,0.44951264706817856,0.44951264706817856,1,NA,NA,FALSE,anomaly,insufficient data,moderate
ips_cem,sco_sco,115,0.16807574733272307,0.2237614865280595,DE,1,DE,0.16807574733272307,NA,0.16807574733272307,0.16807574733272307,1,NA,NA,FALSE,anomaly,insufficient data,weak
ips_cem,tet_gab,207,0.3835359345646558,4.320927644552723e-7,DE,1,DE,0.3835359345646558,NA,0.3835359345646558,0.3835359345646558,1,NA,NA,FALSE,anomaly,insufficient data,moderate
ips_cem,tet_spp,184,0.30296130331186344,4.1198338096886766e-4,DE,1,DE,0.30296130331186344,NA,0.30296130331186344,0.30296130331186344,1,NA,NA,FALSE,anomaly,insufficient data,moderate
ips_cem,tha_pit,23,0.29551961058258547,0.40241684492590746,DE,1,DE,0.29551961058258547,NA,0.29551961058258547,0.29551961058258547,1,NA,NA,FALSE,anomaly,insufficient data,weak
ips_cem,tha_pro,230,0.18714785168275483,0.02678848809205975,DE,1,DE,0.18714785168275483,NA,0.18714785168275483,0.18714785168275483,1,NA,NA,FALSE,anomaly,insufficient data,weak
ips_cem,tom_spp,253,0.319882158874989,5.474193933709869e-6,DE,1,DE,0.319882158874989,NA,0.319882158874989,0.319882158874989,1,NA,NA,FALSE,anomaly,insufficient data,moderate
ips_cem,tor_vir,230,0.13143790225221963,0.16433736723088285,DE,1,DE,0.13143790225221963,NA,0.13143790225221963,0.13143790225221963,1,NA,NA,FALSE,anomaly,insufficient data,weak
ips_cem,uro_sir_spp,92,0.21047724557374253,0.15922168890205732,DE,1,DE,0.21047724557374253,NA,0.21047724557374253,0.21047724557374253,1,NA,NA,FALSE,anomaly,insufficient data,weak
ips_cem,xyl_lin,230,0.22678764639118434,0.004621014737663673,DE,1,DE,0.22678764639118434,NA,0.22678764639118434,0.22678764639118434,1,NA,NA,FALSE,anomaly,insufficient data,weak
ips_cem,xyl_spp,253,0.2549609707765595,5.433282270213196e-4,DE,1,DE,0.2549609707765595,NA,0.2549609707765595,0.2549609707765595,1,NA,NA,FALSE,anomaly,insufficient data,weak
ips_cem,zei_gri,23,-0.20771879122525042,0.6107700477274838,DE,1,DE,-0.20771879122525042,NA,-0.20771879122525042,-0.20771879122525042,1,NA,NA,FALSE,anomaly,insufficient data,weak
ips_dup,ips_sex,184,0.008088375132060593,0.9794019792061184,CZ,1,CZ,0.008088375132060593,NA,0.008088375132060593,0.008088375132060593,1,NA,NA,FALSE,anomaly,insufficient data,negligible
ips_dup,ips_typ,227,0.21267587331046936,0.009369197195030756,"CZ,RO,SK",3,"CZ,RO,SK",0.1709144502085491,0.32653208219701096,-0.183540733623968,0.459471924432335,0.6666666666666666,0.06266229748665908,CZ,FALSE,anomaly,inconsistent,weak
ips_dup,lym_dis,181,-0.0771820489426577,0.5636242381290719,"CZ,RO,SK",3,"CZ,RO,SK",-0.182584808088462,0.1509451536816708,-0.27938900166895353,-0.008659205535724659,1,0.18358535199685852,CZ,FALSE,anomaly,consistent,negligible
ips_dup,lym_mon,138,0.03740859169798879,0.8718422141386646,CZ,1,CZ,0.03740859169798879,NA,0.03740859169798879,0.03740859169798879,1,NA,NA,FALSE,anomaly,insufficient data,negligible
ips_dup,mel_spp,0,NA,NA,,0,NA,NA,NA,NA,NA,NA,NA,NA,NA,anomaly,insufficient data,NA
ips_dup,neo_ser,46,-0.008130472862178655,0.9891059732247823,CZ,1,CZ,-0.008130472862178655,NA,-0.008130472862178655,-0.008130472862178655,1,NA,NA,FALSE,anomaly,insufficient data,negligible
ips_dup,ope_spp,0,NA,NA,,0,NA,NA,NA,NA,NA,NA,NA,NA,NA,anomaly,insufficient data,NA
ips_dup,pan_fla,23,0.4491571631350562,0.12440180142291825,CZ,1,CZ,0.4491571631350562,NA,0.4491571631350562,0.4491571631350562,1,NA,NA,FALSE,anomaly,insufficient data,moderate
ips_dup,pha_cya,184,0.03153580333940368,0.8728251117225265,CZ,1,CZ,0.03153580333940368,NA,0.03153580333940368,0.03153580333940368,1,NA,NA,FALSE,anomaly,insufficient data,negligible
ips_dup,pis_pin,0,NA,NA,,0,NA,NA,NA,NA,NA,NA,NA,NA,NA,anomaly,insufficient data,NA
ips_dup,pit_bid,0,NA,NA,,0,NA,NA,NA,NA,NA,NA,NA,NA,NA,anomaly,insufficient data,NA
ips_dup,pit_cha,21,0.3376826194703534,0.3465575215562124,SK,1,SK,0.3376826194703534,NA,0.3376826194703534,0.3376826194703534,1,NA,NA,FALSE,anomaly,insufficient data,moderate
ips_dup,pit_spp,184,0.15040880326765643,0.153978929145059,CZ,1,CZ,0.15040880326765643,NA,0.15040880326765643,0.15040880326765643,1,NA,NA,FALSE,anomaly,insufficient data,weak
ips_dup,pol_pol,184,0.06634340538175333,0.6348945518820026,CZ,1,CZ,0.06634340538175333,NA,0.06634340538175333,0.06634340538175333,1,NA,NA,FALSE,anomaly,insufficient data,negligible
ips_dup,pri_abi,161,-0.08747847739198707,0.5276017591145921,CZ,1,CZ,-0.08747847739198707,NA,-0.08747847739198707,-0.08747847739198707,1,NA,NA,FALSE,anomaly,insufficient data,negligible
ips_dup,sap_car,0,NA,NA,,0,NA,NA,NA,NA,NA,NA,NA,NA,NA,anomaly,insufficient data,NA
ips_dup,sco_int,184,0.013564064202672208,0.9665183064483543,CZ,1,CZ,0.013564064202672208,NA,0.013564064202672208,0.013564064202672208,1,NA,NA,FALSE,anomaly,insufficient data,negligible
ips_dup,sco_rat,184,0.02636170763150118,0.89790449284574,CZ,1,CZ,0.02636170763150118,NA,0.02636170763150118,0.02636170763150118,1,NA,NA,FALSE,anomaly,insufficient data,negligible
ips_dup,sco_sco,0,NA,NA,,0,NA,NA,NA,NA,NA,NA,NA,NA,NA,anomaly,insufficient data,NA
ips_dup,tet_gab,46,-0.029419079372568845,0.9630162605581999,CZ,1,CZ,-0.029419079372568845,NA,-0.029419079372568845,-0.029419079372568845,1,NA,NA,FALSE,anomaly,insufficient data,negligible
ips_dup,tet_spp,0,NA,NA,,0,NA,NA,NA,NA,NA,NA,NA,NA,NA,anomaly,insufficient data,NA
ips_dup,tha_pit,0,NA,NA,,0,NA,NA,NA,NA,NA,NA,NA,NA,NA,anomaly,insufficient data,NA
ips_dup,tha_pro,0,NA,NA,,0,NA,NA,NA,NA,NA,NA,NA,NA,NA,anomaly,insufficient data,NA
ips_dup,tom_spp,184,0.05237689511125323,0.7216725903582472,CZ,1,CZ,0.05237689511125323,NA,0.05237689511125323,0.05237689511125323,1,NA,NA,FALSE,anomaly,insufficient data,negligible
ips_dup,tor_vir,22,0.5094007000414424,0.07013395137640455,RO,1,RO,0.5094007000414424,NA,0.5094007000414424,0.5094007000414424,1,NA,NA,FALSE,anomaly,insufficient data,strong
ips_dup,uro_sir_spp,0,NA,NA,,0,NA,NA,NA,NA,NA,NA,NA,NA,NA,anomaly,insufficient data,NA
ips_dup,xyl_lin,0,NA,NA,,0,NA,NA,NA,NA,NA,NA,NA,NA,NA,anomaly,insufficient data,NA
ips_dup,xyl_spp,0,NA,NA,,0,NA,NA,NA,NA,NA,NA,NA,NA,NA,anomaly,insufficient data,NA
ips_dup,zei_gri,161,0.018611316737836926,0.9437331580634217,CZ,1,CZ,0.018611316737836926,NA,0.018611316737836926,0.018611316737836926,1,NA,NA,FALSE,anomaly,insufficient data,negligible
ips_sex,ips_typ,386,0.3402881982845565,3.632752974340165e-10,"BG,CZ,DE",3,"BG,CZ,DE",0.20893691284763943,0.26268767337827187,-0.09347736361922204,0.38049147810903006,0.6666666666666666,0.05308534413742605,DE,FALSE,anomaly,inconsistent,moderate
ips_sex,lym_dis,317,0.05196047630171467,0.6212520228993552,"BG,CZ,DE",3,"BG,CZ,DE",-0.12019742717591721,0.3625656674868868,-0.5388521910046068,0.08919911303430546,0.6666666666666666,0.0491851398914514,DE,FALSE,anomaly,inconsistent,negligible
ips_sex,lym_mon,276,0.03316951213569029,0.8107616540636646,"CZ,DE",2,"CZ,DE",0.031010860263171618,0.035317811107178604,0.006037396532620061,0.055984323993723176,1,0.02713211560307023,DE,FALSE,anomaly,consistent,negligible
ips_sex,mel_spp,161,-0.012341454777959818,0.9734668072557205,DE,1,DE,-0.012341454777959818,NA,-0.012341454777959818,-0.012341454777959818,1,NA,NA,FALSE,anomaly,insufficient data,negligible
ips_sex,neo_ser,110,0.10352017382532314,0.5390043671642184,"BG,CZ,DE",3,"BG,CZ,DE",0.10699799122956706,0.03259918472242767,0.07328589898608158,0.13835672579145794,1,0.02360008202933281,CZ,FALSE,anomaly,consistent,weak
ips_sex,ope_spp,161,0.12412930798171459,0.31663683981890023,DE,1,DE,0.12412930798171459,NA,0.12412930798171459,0.12412930798171459,1,NA,NA,FALSE,anomaly,insufficient data,weak
ips_sex,pan_fla,115,0.177973517229113,0.18990456970735436,"CZ,DE",2,"CZ,DE",0.3667166513538162,0.41591116766968395,0.07262304432336751,0.6608102583842649,1,0.48283674115515185,DE,FALSE,anomaly,inconsistent,weak
ips_sex,pha_cya,368,0.4191066172070308,6.007286809665171e-15,"CZ,DE",2,"CZ,DE",0.42348188494125427,0.060186865747794194,0.3809233440326247,0.4660404258498839,1,0.046933808642853125,DE,FALSE,anomaly,consistent,moderate
ips_sex,pis_pin,138,0.28097810345902857,0.00648807389964581,DE,1,DE,0.28097810345902857,NA,0.28097810345902857,0.28097810345902857,1,NA,NA,FALSE,anomaly,insufficient data,weak
ips_sex,pit_bid,115,0.3226897801741528,0.003920498777140786,DE,1,DE,0.3226897801741528,NA,0.3226897801741528,0.3226897801741528,1,NA,NA,FALSE,anomaly,insufficient data,moderate
ips_sex,pit_cha,184,0.29314799061054403,6.901842157824468e-4,DE,1,DE,0.29314799061054403,NA,0.29314799061054403,0.29314799061054403,1,NA,NA,FALSE,anomaly,insufficient data,weak
ips_sex,pit_spp,253,0.1618728281279168,0.04938566972729489,"CZ,DE",2,"CZ,DE",0.15334117471850567,0.047129129827173065,0.1200158474262904,0.1866665020107209,1,0.04185698070162641,CZ,FALSE,anomaly,consistent,weak
ips_sex,pol_pol,184,0.0011026676875831964,0.9998689195248821,CZ,1,CZ,0.0011026676875831964,NA,0.0011026676875831964,0.0011026676875831964,1,NA,NA,FALSE,anomaly,insufficient data,negligible
ips_sex,pri_abi,322,-0.04082215992630844,0.7084103141312992,"CZ,DE",2,"CZ,DE",-0.0532827201958482,0.06006514675214859,-0.0957551927772576,-0.010810247614438795,1,0.05493303285094915,DE,FALSE,anomaly,consistent,negligible
ips_sex,sap_car,0,NA,NA,,0,NA,NA,NA,NA,NA,NA,NA,NA,NA,anomaly,insufficient data,NA
ips_sex,sco_int,345,0.18436087229872444,0.004969460879759668,"CZ,DE",2,"CZ,DE",0.1834364575548722,0.12411284506767813,0.09567542317516166,0.27119749193458276,1,0.08868544912356278,DE,FALSE,anomaly,consistent,weak
ips_sex,sco_rat,253,0.189627778676756,0.01606748477681294,"CZ,DE",2,"CZ,DE",0.2570682380984577,0.24471735792174149,0.08402693483793881,0.4301095413589766,1,0.2404817626822206,CZ,FALSE,anomaly,inconsistent,weak
ips_sex,sco_sco,92,0.20637898090517215,0.1690730070738294,DE,1,DE,0.20637898090517215,NA,0.20637898090517215,0.20637898090517215,1,NA,NA,FALSE,anomaly,insufficient data,weak
ips_sex,tet_gab,207,0.1460729836051633,0.1385332788892197,"CZ,DE",2,"CZ,DE",0.022271085618547876,0.27075168695774854,-0.16917926824697344,0.2137214394840692,0.5,0.31525225185213673,DE,TRUE,anomaly,inconsistent,weak
ips_sex,tet_spp,115,0.049582453292420225,0.8240031273982812,DE,1,DE,0.049582453292420225,NA,0.049582453292420225,0.049582453292420225,1,NA,NA,FALSE,anomaly,insufficient data,negligible
ips_sex,tha_pit,41,0.24433755095142537,0.33045371972667076,"BG,DE",2,"BG,DE",0.26443588692819786,0.04487676450765788,0.2327032224271212,0.2961685514292745,1,0.05183100047784914,DE,FALSE,anomaly,consistent,weak
ips_sex,tha_pro,161,0.05649064412638527,0.7186464680306601,DE,1,DE,0.05649064412638527,NA,0.05649064412638527,0.05649064412638527,1,NA,NA,FALSE,anomaly,insufficient data,negligible
ips_sex,tom_spp,368,0.36776000215464966,2.5252193583685035e-11,"CZ,DE",2,"CZ,DE",0.3729281269991588,0.1067942366815653,0.29741319804998284,0.4484430559483348,1,0.08068305379368512,DE,FALSE,anomaly,consistent,moderate
ips_sex,tor_vir,179,0.011387729353390892,0.9734668072557205,"BG,DE",2,"BG,DE",0.06403566418913537,0.09273434546948953,-0.0015374203412366753,0.1296087487195074,0.5,0.11822101936611651,DE,TRUE,anomaly,inconsistent,negligible
ips_sex,uro_sir_spp,69,0.24609600548086555,0.153978929145059,DE,1,DE,0.24609600548086555,NA,0.24609600548086555,0.24609600548086555,1,NA,NA,FALSE,anomaly,insufficient data,weak
ips_sex,xyl_lin,184,0.025321446062323862,0.9025422383033671,DE,1,DE,0.025321446062323862,NA,0.025321446062323862,0.025321446062323862,1,NA,NA,FALSE,anomaly,insufficient data,negligible
ips_sex,xyl_spp,184,0.16196954716061568,0.11195926103163428,DE,1,DE,0.16196954716061568,NA,0.16196954716061568,0.16196954716061568,1,NA,NA,FALSE,anomaly,insufficient data,weak
ips_sex,zei_gri,184,0.0553918710317288,0.6994772126288257,"CZ,DE",2,"CZ,DE",0.09605619964854896,0.07892607627169487,0.04024703590438685,0.15186536339271106,1,0.09647349236098227,CZ,FALSE,anomaly,consistent,negligible
ips_typ,lym_dis,622,0.2090640290117094,4.036041965152453e-6,"AT,BG,CZ,DE,HR,HU,LT,RO,RS,SK",10,"AT,BG,CZ,DE,HR,HU,LT,RO,RS,SK",0.15913656781196486,0.3073006164863609,-0.5767861271033633,0.5357891062495109,0.9,0.039358560011999694,AT,FALSE,anomaly,inconsistent,weak
ips_typ,lym_mon,665,0.006157886639810521,0.9734668072557205,"CZ,DE,LT,PL",4,"CZ,DE,LT,PL",-0.051000075838128316,0.14212103493819145,-0.2640864480135358,0.0245578693375996,0.75,0.012954651196747198,PL,TRUE,anomaly,inconsistent,negligible
ips_typ,mel_spp,547,-0.004915822243925853,0.9788869351121723,"DE,PL",2,"DE,PL",-0.008479364007140744,0.04374346246990697,-0.03941066295219121,0.02245193493790972,0.5,0.034494840708265355,PL,TRUE,anomaly,inconsistent,negligible
ips_typ,neo_ser,110,-0.08383725249543462,0.6456046565983347,"BG,CZ,DE",3,"BG,CZ,DE",-0.16998836666350564,0.2946761931180853,-0.49597142440178615,0.0774741237324679,0.6666666666666666,0.12432365581120113,DE,FALSE,anomaly,inconsistent,negligible
ips_typ,ope_spp,207,0.10331076567040148,0.3506581604124778,DE,1,DE,0.10331076567040148,NA,0.10331076567040148,0.10331076567040148,1,NA,NA,FALSE,anomaly,insufficient data,weak
ips_typ,pan_fla,484,0.16531822777115382,0.00262713172895279,"CZ,DE,LT,PL",4,"CZ,DE,LT,PL",0.2283453822122316,0.17401272309563426,0.10010986226744328,0.4849023275145445,1,0.03142372173879682,PL,FALSE,anomaly,consistent,weak
ips_typ,pha_cya,947,0.3132926573697427,2.4924601071185165e-20,"AT,CZ,DE,LT,PL",5,"AT,CZ,DE,LT,PL",0.3462606762341138,0.17200953681978873,0.16526319482298377,0.5343947575711758,1,0.09199401558193504,DE,FALSE,anomaly,consistent,moderate
ips_typ,pis_pin,184,0.2737512811389904,0.0018565662965887987,"DE,LT",2,"DE,LT",0.1426929108923561,0.255620319783017,-0.03805795063528899,0.3234437724200012,0.5,0.3118092317742794,DE,TRUE,anomaly,inconsistent,weak
ips_typ,pit_bid,115,0.39025230363932467,2.557095946415363e-4,DE,1,DE,0.39025230363932467,NA,0.39025230363932467,0.39025230363932467,1,NA,NA,FALSE,anomaly,insufficient data,moderate
ips_typ,pit_cha,533,0.6147238482528651,1.011439246075246e-53,"AT,DE,IT,LT,SI,SK",6,"AT,DE,IT,LT,SI,SK",0.35606137746548466,0.3509603070150154,-0.21700187163506962,0.7714888752475617,0.8333333333333334,0.15848961847349313,DE,FALSE,anomaly,inconsistent,strong
ips_typ,pit_spp,469,0.31609549488038147,1.6759570513335942e-10,"AT,CZ,DE,HR,SI",5,"AT,CZ,DE,HR,SI",0.26421545815913683,0.13262628704884935,0.07275297214855016,0.4251970274859587,1,0.05783601870893046,AT,FALSE,anomaly,consistent,moderate
ips_typ,pol_pol,207,0.1772081803949266,0.051422801950758955,"CZ,LT",2,"CZ,LT",0.3071623507936015,0.26466632260533407,0.12001499932766335,0.49430970225953963,1,0.31710152186461305,CZ,FALSE,anomaly,inconsistent,weak
ips_typ,pri_abi,345,-0.13373756717327842,0.06088196214935986,"CZ,DE",2,"CZ,DE",-0.15953520914650762,0.08972214189327789,-0.22297834410182604,-0.0960920741911892,1,0.08924077692854762,DE,FALSE,anomaly,consistent,weak
ips_typ,sap_car,0,NA,NA,,0,NA,NA,NA,NA,NA,NA,NA,NA,NA,anomaly,insufficient data,NA
ips_typ,sco_int,368,0.14056584192940338,0.03738802092573085,"CZ,DE",2,"CZ,DE",0.12549512533806279,0.1576055297441707,0.014051186503461587,0.236939064172664,1,0.12651465542594179,DE,FALSE,anomaly,consistent,weak
ips_typ,sco_rat,276,0.22350212046687,0.001938129711160874,"CZ,DE,LT",3,"CZ,DE,LT",0.23505529625730875,0.15996758599581637,0.13847001436580353,0.41970442242024036,1,0.10552846493876566,CZ,FALSE,anomaly,consistent,weak
ips_typ,sco_sco,138,0.037026632219952796,0.8718422141386646,"DE,LT",2,"DE,LT",-0.08976430190467298,0.2790713704646396,-0.2870975603952428,0.10756895658589685,0.5,0.3241241926151956,DE,TRUE,anomaly,inconsistent,negligible
ips_typ,tet_gab,379,0.17379154966742916,0.005532391636390907,"AT,CZ,DE",3,"AT,CZ,DE",0.03273654865951462,0.29022154324796506,-0.2848550631809192,0.28416183278012347,0.6666666666666666,0.16150309637080676,DE,FALSE,anomaly,inconsistent,weak
ips_typ,tet_spp,184,0.11702441050878785,0.312361966740954,DE,1,DE,0.11702441050878785,NA,0.11702441050878785,0.11702441050878785,1,NA,NA,FALSE,anomaly,insufficient data,weak
ips_typ,tha_pit,64,-0.008173226013838585,0.98638412535406,"BG,DE,HR",3,"BG,DE,HR",-0.09119401996403219,0.6030538955590613,-0.559594222738341,0.5892402559096792,0.6666666666666666,0.43211525306908016,DE,TRUE,anomaly,inconsistent,negligible
ips_typ,tha_pro,230,0.07789167497616997,0.5025728655425327,DE,1,DE,0.07789167497616997,NA,0.07789167497616997,0.07789167497616997,1,NA,NA,FALSE,anomaly,insufficient data,negligible
ips_typ,tom_spp,908,0.3027837358730333,2.519235366420472e-18,"AT,CZ,DE,LT,PL",5,"AT,CZ,DE,LT,PL",0.32669005317026134,0.18297132017038992,0.18686183609158039,0.6456908812163829,1,0.06971385789707607,CZ,FALSE,anomaly,consistent,moderate
ips_typ,tor_vir,633,0.1406921558599321,0.003627451736652789,"BG,DE,LT,PL,RO",5,"BG,DE,LT,PL,RO",0.19826692115415528,0.2699142144378956,-0.12497010554873977,0.6119794072541521,0.8,0.06275955872018943,PL,FALSE,anomaly,inconsistent,weak
ips_typ,uro_sir_spp,92,0.16085832136372186,0.33462813621657495,DE,1,DE,0.16085832136372186,NA,0.16085832136372186,0.16085832136372186,1,NA,NA,FALSE,anomaly,insufficient data,weak
ips_typ,xyl_lin,230,0.11178664884945308,0.2645821079215905,DE,1,DE,0.11178664884945308,NA,0.11178664884945308,0.11178664884945308,1,NA,NA,FALSE,anomaly,insufficient data,weak
ips_typ,xyl_spp,253,0.2603440667168601,4.0116348027560705e-4,DE,1,DE,0.2603440667168601,NA,0.2603440667168601,0.2603440667168601,1,NA,NA,FALSE,anomaly,insufficient data,weak
ips_typ,zei_gri,184,-0.004044081905767608,0.9891059732247823,"CZ,DE",2,"CZ,DE",-0.04053301869475596,0.07174056674194826,-0.09126125992415368,0.010195222534641762,0.5,0.08721717801838608,CZ,TRUE,anomaly,inconsistent,negligible
lym_dis,lym_mon,299,0.038552243936020525,0.7425915909572752,"CZ,DE,LT",3,"CZ,DE,LT",-0.012382240758707008,0.1106566795973685,-0.13871979373488796,0.06734001785574198,0.6666666666666666,0.03562128994981855,DE,FALSE,anomaly,inconsistent,negligible
lym_dis,mel_spp,184,0.09586092695244798,0.4415096735432126,DE,1,DE,0.09586092695244798,NA,0.09586092695244798,0.09586092695244798,1,NA,NA,FALSE,anomaly,insufficient data,negligible
lym_dis,neo_ser,87,0.05013846676459501,0.8595753107906898,"BG,CZ,DE",3,"BG,CZ,DE",0.016051991147337328,0.10405324711222359,-0.07252375764172066,0.1306451340460171,0.3333333333333333,0.08545703794489952,DE,TRUE,anomaly,inconsistent,negligible
lym_dis,ope_spp,161,0.10881942317164087,0.40141943291097937,DE,1,DE,0.10881942317164087,NA,0.10881942317164087,0.10881942317164087,1,NA,NA,FALSE,anomaly,insufficient data,weak
lym_dis,pan_fla,184,0.1991661844377919,0.03672991622507189,"CZ,DE,LT",3,"CZ,DE,LT",0.2239782394200535,0.29674082253502504,-0.05001293041119145,0.5391640173869284,0.6666666666666666,0.05294400439848687,DE,FALSE,anomaly,inconsistent,weak
lym_dis,pha_cya,494,0.16932974516641894,0.0017247637266078445,"AT,CZ,DE,LT",4,"AT,CZ,DE,LT",0.16438363410920667,0.03893448072300087,0.11176245270089766,0.20555532294218268,1,0.02802456051405791,DE,FALSE,anomaly,consistent,weak
lym_dis,pis_pin,161,0.24894371885047295,0.01033593259499499,"DE,LT",2,"DE,LT",0.23296276509850825,0.03274250918082811,0.2098103148236819,0.2561152153733346,1,0.03913340402679105,DE,FALSE,anomaly,consistent,weak
lym_dis,pit_bid,115,0.11037927863021502,0.5025728655425327,DE,1,DE,0.11037927863021502,NA,0.11037927863021502,0.11037927863021502,1,NA,NA,FALSE,anomaly,insufficient data,weak
lym_dis,pit_cha,378,0.12277346926472471,0.07453641014388133,"AT,DE,LT,SK",4,"AT,DE,LT,SK",0.13929237882376996,0.08340600234138401,0.014791180537397614,0.1911363809730073,1,0.060294387208431825,DE,FALSE,anomaly,consistent,weak
lym_dis,pit_spp,358,0.06996638803512593,0.42801593543737754,"AT,CZ,DE,HR",4,"AT,CZ,DE,HR",0.09913768611010397,0.13213601237607156,-0.04168412702552763,0.24793640060520686,0.75,0.040803418675311454,CZ,FALSE,anomaly,inconsistent,negligible
lym_dis,pol_pol,161,0.12547065844176575,0.31081429166295343,"CZ,LT",2,"CZ,LT",0.21298914403536662,0.17740333576541845,0.08754604231052525,0.338432245760208,1,0.21296158731844222,CZ,FALSE,anomaly,consistent,weak
lym_dis,pri_abi,276,-0.06405334226086477,0.5504648219784192,"CZ,DE",2,"CZ,DE",-0.07449184122982619,0.03533145443484797,-0.09947495224989071,-0.049508730209761674,1,0.03542160998902594,DE,FALSE,anomaly,consistent,negligible
lym_dis,sap_car,0,NA,NA,,0,NA,NA,NA,NA,NA,NA,NA,NA,NA,anomaly,insufficient data,NA
lym_dis,sco_int,299,0.01948718994153727,0.9038828080400066,"CZ,DE",2,"CZ,DE",0.010911938948715498,0.11298102478352119,-0.06897770982111773,0.09080158771854872,0.5,0.088464899762655,DE,TRUE,anomaly,inconsistent,negligible
lym_dis,sco_rat,230,0.02250545931770574,0.9025422383033671,"CZ,DE,LT",3,"CZ,DE,LT",0.08014586084752717,0.2659837609385633,-0.17827495533577123,0.3530969117838193,0.6666666666666666,0.09416912867580712,DE,TRUE,anomaly,inconsistent,negligible
lym_dis,sco_sco,115,0.13806666933448272,0.3536368947270512,"DE,LT",2,"DE,LT",-0.028443814929159428,0.38274655063431856,-0.29908649635844636,0.2421988665001275,0.5,0.43715316569292906,DE,TRUE,anomaly,inconsistent,weak
lym_dis,tet_gab,312,0.02004215970228129,0.8979899907235653,"AT,CZ,DE",3,"AT,CZ,DE",-0.04928042464286185,0.1770954812345763,-0.2257855861339393,0.12839953137984061,0.3333333333333333,0.12479534613140929,DE,TRUE,anomaly,inconsistent,negligible
lym_dis,tet_spp,161,0.12691240205129597,0.3065180464973663,DE,1,DE,0.12691240205129597,NA,0.12691240205129597,0.12691240205129597,1,NA,NA,FALSE,anomaly,insufficient data,weak
lym_dis,tha_pit,64,0.03436866247082485,0.9352307190151015,"BG,DE,HR",3,"BG,DE,HR",-0.019248845744122545,0.183944280786483,-0.17338388683421294,0.18437810852742764,0.3333333333333333,0.14595606420949586,DE,TRUE,anomaly,inconsistent,negligible
lym_dis,tha_pro,184,0.19880314352412798,0.037081439812190926,DE,1,DE,0.19880314352412798,NA,0.19880314352412798,0.19880314352412798,1,NA,NA,FALSE,anomaly,insufficient data,weak
lym_dis,tom_spp,494,0.21502995020599466,3.2275231597824914e-5,"AT,CZ,DE,LT",4,"AT,CZ,DE,LT",0.24387186421155285,0.1309800618427354,0.10375983402968034,0.40206102524421117,1,0.0808653322598041,DE,FALSE,anomaly,consistent,weak
lym_dis,tor_vir,248,-0.09454513560140934,0.3504195385724523,"BG,DE,LT,RO",4,"BG,DE,LT,RO",0.028037201622881175,0.2106113448819395,-0.1554288654484667,0.27807626748929354,0.5,0.18522396369023902,DE,TRUE,anomaly,inconsistent,negligible
lym_dis,uro_sir_spp,69,0.19396229507754656,0.3075003318815612,DE,1,DE,0.19396229507754656,NA,0.19396229507754656,0.19396229507754656,1,NA,NA,FALSE,anomaly,insufficient data,weak
lym_dis,xyl_lin,184,-0.14203859583426898,0.18375078781190407,DE,1,DE,-0.14203859583426898,NA,-0.14203859583426898,-0.14203859583426898,1,NA,NA,FALSE,anomaly,insufficient data,weak
lym_dis,xyl_spp,207,-0.02327364459031797,0.9047631921611361,DE,1,DE,-0.02327364459031797,NA,-0.02327364459031797,-0.02327364459031797,1,NA,NA,FALSE,anomaly,insufficient data,negligible
lym_dis,zei_gri,138,0.13288173808019027,0.3240469052841955,"CZ,DE",2,"CZ,DE",0.2104833146708783,0.16806003112484144,0.09164692701608068,0.3293197023256759,1,0.19643796424548565,CZ,FALSE,anomaly,consistent,weak
lym_mon,mel_spp,481,0.09466508786561754,0.14486062191663723,"DE,PL",2,"DE,PL",0.0976340041239659,0.02238927075291967,0.08180239894875477,0.11346560929917704,1,0.018800521433559494,PL,FALSE,anomaly,consistent,negligible
lym_mon,neo_ser,92,0.11472894906539662,0.53556236546755,"CZ,DE",2,"CZ,DE",0.12097691070364879,0.0922443703290677,0.05575029091768186,0.18620353048961572,1,0.0714745814242191,CZ,FALSE,anomaly,consistent,weak
lym_mon,ope_spp,138,0.12817700469818274,0.3465575215562124,DE,1,DE,0.12817700469818274,NA,0.12817700469818274,0.12817700469818274,1,NA,NA,FALSE,anomaly,insufficient data,weak
lym_mon,pan_fla,484,0.16963507180504467,0.001914984146491659,"CZ,DE,LT,PL",4,"CZ,DE,LT,PL",0.1588813912567681,0.09972608518195364,0.02263696510574975,0.24933572729738004,1,0.10547595049342944,PL,FALSE,anomaly,consistent,weak
lym_mon,pha_cya,665,-0.022196336247506655,0.7969044937343923,"CZ,DE,LT,PL",4,"CZ,DE,LT,PL",-0.0839143898088975,0.21100382266952797,-0.3600086285196964,0.13104046888015394,0.5,0.07329607107757341,PL,TRUE,anomaly,inconsistent,negligible
lym_mon,pis_pin,161,-0.01632684077992368,0.9587149820270895,"DE,LT",2,"DE,LT",-0.2403824384994185,0.48225098108853964,-0.5813853774609904,0.10062050046215337,0.5,0.5650585366810668,DE,TRUE,anomaly,inconsistent,negligible
lym_mon,pit_bid,92,-0.11936820253324332,0.5195412304905814,DE,1,DE,-0.11936820253324332,NA,-0.11936820253324332,-0.11936820253324332,1,NA,NA,FALSE,anomaly,insufficient data,weak
lym_mon,pit_cha,207,0.02686555876237278,0.8907957524737868,"DE,LT",2,"DE,LT",-0.08499382828731328,0.21429282453496937,-0.23652173767560908,0.06653408110098254,0.5,0.26338729643798187,DE,TRUE,anomaly,inconsistent,negligible
lym_mon,pit_spp,184,-0.08364452046596862,0.5197134286831501,"CZ,DE",2,"CZ,DE",-0.11176179479456365,0.123637445862661,-0.1991866711726359,-0.024336918416491403,1,0.11554215070666726,CZ,FALSE,anomaly,consistent,negligible
lym_mon,pol_pol,161,0.04852984996727999,0.7790708500681633,"CZ,LT",2,"CZ,LT",-0.06259372382298425,0.23322606837900736,-0.22750945832325778,0.10232201067728929,0.5,0.2760393082905378,CZ,TRUE,anomaly,inconsistent,negligible
lym_mon,pri_abi,276,0.033857574150089956,0.8045796588238621,"CZ,DE",2,"CZ,DE",0.022089147787153637,0.04470163389236632,-0.009519680668256989,0.05369797624256426,0.5,0.04337725481834694,DE,TRUE,anomaly,inconsistent,negligible
lym_mon,sap_car,0,NA,NA,,0,NA,NA,NA,NA,NA,NA,NA,NA,NA,anomaly,insufficient data,NA
lym_mon,sco_int,253,0.08258006069999466,0.432105896819512,"CZ,DE",2,"CZ,DE",0.07368892131863033,0.10908801336064393,-0.003447952674849691,0.15082579531211035,0.5,0.08602801337484435,CZ,TRUE,anomaly,inconsistent,negligible
lym_mon,sco_rat,230,0.08112332308954344,0.4795721719898321,"CZ,DE,LT",3,"CZ,DE,LT",-0.01459935695595114,0.33750555699281315,-0.40022663953302656,0.22698620453462875,0.6666666666666666,0.0788256410160229,LT,FALSE,anomaly,inconsistent,negligible
lym_mon,sco_sco,92,0.14550538080905925,0.39791242685986117,"DE,LT",2,"DE,LT",0.1496057627732828,0.01114886533882663,0.14172232448966282,0.15748920105690276,1,0.011983820247843502,DE,FALSE,anomaly,consistent,weak
lym_mon,tet_gab,207,-0.05380965561185268,0.6924933940804272,"CZ,DE",2,"CZ,DE",-0.128454375927295,0.1943465177017553,-0.26587811649419757,0.008969364639607555,0.5,0.21206846088234488,DE,TRUE,anomaly,inconsistent,negligible
lym_mon,tet_spp,115,0.28843329668697226,0.01226262729223044,DE,1,DE,0.28843329668697226,NA,0.28843329668697226,0.28843329668697226,1,NA,NA,FALSE,anomaly,insufficient data,weak
lym_mon,tha_pit,23,-0.2918661568914187,0.4109388431241839,DE,1,DE,-0.2918661568914187,NA,-0.2918661568914187,-0.2918661568914187,1,NA,NA,FALSE,anomaly,insufficient data,weak
lym_mon,tha_pro,161,0.24872997280428036,0.010360470984837666,DE,1,DE,0.24872997280428036,NA,0.24872997280428036,0.24872997280428036,1,NA,NA,FALSE,anomaly,insufficient data,weak
lym_mon,tom_spp,605,-0.05468445356413119,0.4153528145896624,"CZ,DE,LT,PL",4,"CZ,DE,LT,PL",-0.12618280667528992,0.23043336444554446,-0.42767054148413697,0.07592782790141597,0.5,0.0773291044934035,PL,TRUE,anomaly,inconsistent,negligible
lym_mon,tor_vir,504,0.050084907091727644,0.5223702422557682,"DE,LT,PL",3,"DE,LT,PL",-0.01237525651175851,0.17632331118500905,-0.19882721032595393,0.15167911693512678,0.6666666666666666,0.059361488252466205,DE,TRUE,anomaly,inconsistent,negligible
lym_mon,uro_sir_spp,46,0.2976467407343714,0.15928534185119061,DE,1,DE,0.2976467407343714,NA,0.2976467407343714,0.2976467407343714,1,NA,NA,FALSE,anomaly,insufficient data,weak
lym_mon,xyl_lin,161,0.03543121525802586,0.8682647552350639,DE,1,DE,0.03543121525802586,NA,0.03543121525802586,0.03543121525802586,1,NA,NA,FALSE,anomaly,insufficient data,negligible
lym_mon,xyl_spp,184,0.07217810809605579,0.6016516555037105,DE,1,DE,0.07217810809605579,NA,0.07217810809605579,0.07217810809605579,1,NA,NA,FALSE,anomaly,insufficient data,negligible
lym_mon,zei_gri,161,0.1175638758456738,0.3504195385724523,"CZ,DE",2,"CZ,DE",0.2244183053375569,0.2351669373000405,0.05813016926182662,0.3907064414132872,1,0.2731425655676134,CZ,FALSE,anomaly,inconsistent,weak
mel_spp,neo_ser,46,-0.10103697793048631,0.7425915909572752,DE,1,DE,-0.10103697793048631,NA,-0.10103697793048631,-0.10103697793048631,1,NA,NA,FALSE,anomaly,insufficient data,weak
mel_spp,ope_spp,161,0.07620576637757534,0.6064733866181594,DE,1,DE,0.07620576637757534,NA,0.07620576637757534,0.07620576637757534,1,NA,NA,FALSE,anomaly,insufficient data,negligible
mel_spp,pan_fla,415,0.15634150420584497,0.010077382733346772,"DE,PL",2,"DE,PL",0.18027725799243055,0.09179822578345335,0.11536611004005692,0.2451884059448042,1,0.08884690173895923,PL,FALSE,anomaly,consistent,weak
mel_spp,pha_cya,547,0.08892352881564272,0.14413651821320886,"DE,PL",2,"DE,PL",0.1035427503522039,0.11398456433219,0.022943491962318083,0.18414200874208972,1,0.095218479926447,PL,FALSE,anomaly,consistent,negligible
mel_spp,pis_pin,138,0.03574574687323915,0.8745044847421467,DE,1,DE,0.03574574687323915,NA,0.03574574687323915,0.03574574687323915,1,NA,NA,FALSE,anomaly,insufficient data,negligible
mel_spp,pit_bid,92,-0.12908524642709254,0.4795721719898321,DE,1,DE,-0.12908524642709254,NA,-0.12908524642709254,-0.12908524642709254,1,NA,NA,FALSE,anomaly,insufficient data,weak
mel_spp,pit_cha,207,-0.1176120624939309,0.26580712963948516,DE,1,DE,-0.1176120624939309,NA,-0.1176120624939309,-0.1176120624939309,1,NA,NA,FALSE,anomaly,insufficient data,weak
mel_spp,pit_spp,92,-0.009207907680443267,0.985924300411829,DE,1,DE,-0.009207907680443267,NA,-0.009207907680443267,-0.009207907680443267,1,NA,NA,FALSE,anomaly,insufficient data,negligible
mel_spp,pol_pol,0,NA,NA,,0,NA,NA,NA,NA,NA,NA,NA,NA,NA,anomaly,insufficient data,NA
mel_spp,pri_abi,161,0.14109345680108865,0.2281075348963958,DE,1,DE,0.14109345680108865,NA,0.14109345680108865,0.14109345680108865,1,NA,NA,FALSE,anomaly,insufficient data,weak
mel_spp,sap_car,0,NA,NA,,0,NA,NA,NA,NA,NA,NA,NA,NA,NA,anomaly,insufficient data,NA
mel_spp,sco_int,138,0.08376059001557831,0.6000214583547249,DE,1,DE,0.08376059001557831,NA,0.08376059001557831,0.08376059001557831,1,NA,NA,FALSE,anomaly,insufficient data,negligible
mel_spp,sco_rat,69,0.1747652863196074,0.37048140986622247,DE,1,DE,0.1747652863196074,NA,0.1747652863196074,0.1747652863196074,1,NA,NA,FALSE,anomaly,insufficient data,weak
mel_spp,sco_sco,92,-0.18673306760685351,0.22885693885718772,DE,1,DE,-0.18673306760685351,NA,-0.18673306760685351,-0.18673306760685351,1,NA,NA,FALSE,anomaly,insufficient data,weak
mel_spp,tet_gab,184,0.07208001603343017,0.601713403248376,DE,1,DE,0.07208001603343017,NA,0.07208001603343017,0.07208001603343017,1,NA,NA,FALSE,anomaly,insufficient data,negligible
mel_spp,tet_spp,161,0.3412585056020712,1.647678841639573e-4,DE,1,DE,0.3412585056020712,NA,0.3412585056020712,0.3412585056020712,1,NA,NA,FALSE,anomaly,insufficient data,moderate
mel_spp,tha_pit,23,-0.17324492192190089,0.6813710463737644,DE,1,DE,-0.17324492192190089,NA,-0.17324492192190089,-0.17324492192190089,1,NA,NA,FALSE,anomaly,insufficient data,weak
mel_spp,tha_pro,184,0.28434324741531114,0.0011445891147738153,DE,1,DE,0.28434324741531114,NA,0.28434324741531114,0.28434324741531114,1,NA,NA,FALSE,anomaly,insufficient data,weak
mel_spp,tom_spp,487,0.09468480684539406,0.14130785314349759,"DE,PL",2,"DE,PL",0.09545264958661295,0.01662336954747438,0.08369815225342388,0.10720714691980204,1,0.012522340074407987,PL,FALSE,anomaly,consistent,negligible
mel_spp,tor_vir,524,-0.03342774845452436,0.694006254458206,"DE,PL",2,"DE,PL",-0.043144587882627525,0.08139445229370104,-0.10069915705046847,0.014409981285213423,0.5,0.0672714085959441,PL,TRUE,anomaly,inconsistent,negligible
mel_spp,uro_sir_spp,69,0.1681662407728021,0.39791242685986117,DE,1,DE,0.1681662407728021,NA,0.1681662407728021,0.1681662407728021,1,NA,NA,FALSE,anomaly,insufficient data,weak
mel_spp,xyl_lin,184,-0.03374624863947371,0.8639069781072294,DE,1,DE,-0.03374624863947371,NA,-0.03374624863947371,-0.03374624863947371,1,NA,NA,FALSE,anomaly,insufficient data,negligible
mel_spp,xyl_spp,207,-0.03064944830134782,0.8718422141386646,DE,1,DE,-0.03064944830134782,NA,-0.03064944830134782,-0.03064944830134782,1,NA,NA,FALSE,anomaly,insufficient data,negligible
mel_spp,zei_gri,23,0.12894555502531332,0.7877179422783772,DE,1,DE,0.12894555502531332,NA,0.12894555502531332,0.12894555502531332,1,NA,NA,FALSE,anomaly,insufficient data,weak
neo_ser,ope_spp,46,0.022489752745831478,0.9734668072557205,DE,1,DE,0.022489752745831478,NA,0.022489752745831478,0.022489752745831478,1,NA,NA,FALSE,anomaly,insufficient data,negligible
neo_ser,pan_fla,69,-0.07619251322936733,0.7698601003957876,"CZ,DE",2,"CZ,DE",-0.05344223256612546,0.11799895709693194,-0.13688009530230652,0.0299956301700556,0.5,0.10618814339942294,DE,TRUE,anomaly,inconsistent,negligible
neo_ser,pha_cya,92,0.09326984848930034,0.6388364901697581,"CZ,DE",2,"CZ,DE",0.09008054580148032,0.06614707793858467,0.04330749843543203,0.13685359316752863,1,0.04996235005386831,CZ,FALSE,anomaly,consistent,negligible
neo_ser,pis_pin,46,0.011004938717794763,0.98638412535406,DE,1,DE,0.011004938717794763,NA,0.011004938717794763,0.011004938717794763,1,NA,NA,FALSE,anomaly,insufficient data,negligible
neo_ser,pit_bid,46,0.13856510408049816,0.6234076604346449,DE,1,DE,0.13856510408049816,NA,0.13856510408049816,0.13856510408049816,1,NA,NA,FALSE,anomaly,insufficient data,weak
neo_ser,pit_cha,46,0.15613227080785114,0.5626783752267457,DE,1,DE,0.15613227080785114,NA,0.15613227080785114,0.15613227080785114,1,NA,NA,FALSE,anomaly,insufficient data,weak
neo_ser,pit_spp,46,-0.05806536642634244,0.8907957524737868,CZ,1,CZ,-0.05806536642634244,NA,-0.05806536642634244,-0.05806536642634244,1,NA,NA,FALSE,anomaly,insufficient data,negligible
neo_ser,pol_pol,46,0.15131620715784017,0.5836039465749123,CZ,1,CZ,0.15131620715784017,NA,0.15131620715784017,0.15131620715784017,1,NA,NA,FALSE,anomaly,insufficient data,weak
neo_ser,pri_abi,92,0.09615369771132602,0.62501522045599,"CZ,DE",2,"CZ,DE",0.08948774079155887,0.1366983935070277,-0.0071726202345675175,0.18614810181768526,0.5,0.10332631794589354,DE,TRUE,anomaly,inconsistent,negligible
neo_ser,sap_car,0,NA,NA,,0,NA,NA,NA,NA,NA,NA,NA,NA,NA,anomaly,insufficient data,NA
neo_ser,sco_int,92,-0.10040256977819945,0.6107700477274838,"CZ,DE",2,"CZ,DE",-0.11131541375535048,0.19462628787083236,-0.24893698170598114,0.026306154195280183,0.5,0.1485344119277817,CZ,TRUE,anomaly,inconsistent,weak
neo_ser,sco_rat,92,0.08529492791621249,0.6693333264266345,"CZ,DE",2,"CZ,DE",0.08825359769648039,0.05760243667986641,0.04752252410727813,0.12898467128568264,1,0.04368974336947015,CZ,FALSE,anomaly,consistent,negligible
neo_ser,sco_sco,46,-0.03478201868503957,0.9452494496543179,DE,1,DE,-0.03478201868503957,NA,-0.03478201868503957,-0.03478201868503957,1,NA,NA,FALSE,anomaly,insufficient data,negligible
neo_ser,tet_gab,69,-0.3062052557980981,0.05136027702684248,"CZ,DE",2,"CZ,DE",-0.3508941782238498,0.2048039138670384,-0.4957124145327782,-0.20607594191492132,1,0.1895071587346801,DE,FALSE,anomaly,inconsistent,moderate
neo_ser,tet_spp,23,-0.5326589141982495,0.04542549268818899,DE,1,DE,-0.5326589141982495,NA,-0.5326589141982495,-0.5326589141982495,1,NA,NA,FALSE,anomaly,insufficient data,strong
neo_ser,tha_pit,18,-0.09061769681712895,0.89790449284574,BG,1,BG,-0.09061769681712895,NA,-0.09061769681712895,-0.09061769681712895,1,NA,NA,FALSE,anomaly,insufficient data,negligible
neo_ser,tha_pro,23,0.016308945166665104,0.98638412535406,DE,1,DE,0.016308945166665104,NA,0.016308945166665104,0.016308945166665104,1,NA,NA,FALSE,anomaly,insufficient data,negligible
neo_ser,tom_spp,92,-0.025910497869168624,0.9412469296363625,"CZ,DE",2,"CZ,DE",-0.017382644077057457,0.07497133186238872,-0.0703953812315396,0.035630093077424686,0.5,0.06154059094659331,CZ,TRUE,anomaly,inconsistent,negligible
neo_ser,tor_vir,64,0.1126236960530652,0.6388364901697581,"BG,DE",2,"BG,DE",0.0586153689170318,0.14731351881236993,-0.04555101919564702,0.16278175702971062,0.5,0.1581747152487122,DE,TRUE,anomaly,inconsistent,weak
neo_ser,uro_sir_spp,23,0.09987997997380227,0.8639900856757735,DE,1,DE,0.09987997997380227,NA,0.09987997997380227,0.09987997997380227,1,NA,NA,FALSE,anomaly,insufficient data,negligible
neo_ser,xyl_lin,46,-0.02099653902038721,0.9734668072557205,DE,1,DE,-0.02099653902038721,NA,-0.02099653902038721,-0.02099653902038721,1,NA,NA,FALSE,anomaly,insufficient data,negligible
neo_ser,xyl_spp,46,0.055437061670985645,0.8972218434424893,DE,1,DE,0.055437061670985645,NA,0.055437061670985645,0.055437061670985645,1,NA,NA,FALSE,anomaly,insufficient data,negligible
neo_ser,zei_gri,69,0.08262051785260147,0.7384639898798466,"CZ,DE",2,"CZ,DE",0.11737732853170971,0.13040995976647665,0.025163561646569237,0.20959109541685017,1,0.1269705775642487,CZ,FALSE,anomaly,consistent,negligible
ope_spp,pan_fla,92,-0.15529812540171226,0.3511013638509161,DE,1,DE,-0.15529812540171226,NA,-0.15529812540171226,-0.15529812540171226,1,NA,NA,FALSE,anomaly,insufficient data,weak
ope_spp,pha_cya,207,0.08365736448104956,0.4892259716765883,DE,1,DE,0.08365736448104956,NA,0.08365736448104956,0.08365736448104956,1,NA,NA,FALSE,anomaly,insufficient data,negligible
ope_spp,pis_pin,115,0.02191126114946468,0.9437331580634217,DE,1,DE,0.02191126114946468,NA,0.02191126114946468,0.02191126114946468,1,NA,NA,FALSE,anomaly,insufficient data,negligible
ope_spp,pit_bid,92,0.11722059316457682,0.5235769136592766,DE,1,DE,0.11722059316457682,NA,0.11722059316457682,0.11722059316457682,1,NA,NA,FALSE,anomaly,insufficient data,weak
ope_spp,pit_cha,207,0.06386256815233708,0.62501522045599,DE,1,DE,0.06386256815233708,NA,0.06386256815233708,0.06386256815233708,1,NA,NA,FALSE,anomaly,insufficient data,negligible
ope_spp,pit_spp,92,-0.05422248191110784,0.8330645460511952,DE,1,DE,-0.05422248191110784,NA,-0.05422248191110784,-0.05422248191110784,1,NA,NA,FALSE,anomaly,insufficient data,negligible
ope_spp,pol_pol,0,NA,NA,,0,NA,NA,NA,NA,NA,NA,NA,NA,NA,anomaly,insufficient data,NA
ope_spp,pri_abi,161,-0.005438326250677396,0.98638412535406,DE,1,DE,-0.005438326250677396,NA,-0.005438326250677396,-0.005438326250677396,1,NA,NA,FALSE,anomaly,insufficient data,negligible
ope_spp,sap_car,0,NA,NA,,0,NA,NA,NA,NA,NA,NA,NA,NA,NA,anomaly,insufficient data,NA
ope_spp,sco_int,161,0.07518842979769945,0.6113303085689566,DE,1,DE,0.07518842979769945,NA,0.07518842979769945,0.07518842979769945,1,NA,NA,FALSE,anomaly,insufficient data,negligible
ope_spp,sco_rat,46,-0.029685393621392813,0.9630162605581999,DE,1,DE,-0.029685393621392813,NA,-0.029685393621392813,-0.029685393621392813,1,NA,NA,FALSE,anomaly,insufficient data,negligible
ope_spp,sco_sco,92,0.2359162901879531,0.09683747469372234,DE,1,DE,0.2359162901879531,NA,0.2359162901879531,0.2359162901879531,1,NA,NA,FALSE,anomaly,insufficient data,weak
ope_spp,tet_gab,161,0.08545250239417934,0.5390043671642184,DE,1,DE,0.08545250239417934,NA,0.08545250239417934,0.08545250239417934,1,NA,NA,FALSE,anomaly,insufficient data,negligible
ope_spp,tet_spp,138,0.10755001729971671,0.45962586029826535,DE,1,DE,0.10755001729971671,NA,0.10755001729971671,0.10755001729971671,1,NA,NA,FALSE,anomaly,insufficient data,weak
ope_spp,tha_pit,0,NA,NA,,0,NA,NA,NA,NA,NA,NA,NA,NA,NA,anomaly,insufficient data,NA
ope_spp,tha_pro,184,0.2598300602275232,0.0035073512302159307,DE,1,DE,0.2598300602275232,NA,0.2598300602275232,0.2598300602275232,1,NA,NA,FALSE,anomaly,insufficient data,weak
ope_spp,tom_spp,207,0.0962916363836137,0.39791242685986117,DE,1,DE,0.0962916363836137,NA,0.0962916363836137,0.0962916363836137,1,NA,NA,FALSE,anomaly,insufficient data,negligible
ope_spp,tor_vir,184,0.4118505445371596,2.4270519263291637e-7,DE,1,DE,0.4118505445371596,NA,0.4118505445371596,0.4118505445371596,1,NA,NA,FALSE,anomaly,insufficient data,moderate
ope_spp,uro_sir_spp,92,-0.11306626482536342,0.5405929430036516,DE,1,DE,-0.11306626482536342,NA,-0.11306626482536342,-0.11306626482536342,1,NA,NA,FALSE,anomaly,insufficient data,weak
ope_spp,xyl_lin,207,0.04665859310809628,0.7425915909572752,DE,1,DE,0.04665859310809628,NA,0.04665859310809628,0.04665859310809628,1,NA,NA,FALSE,anomaly,insufficient data,negligible
ope_spp,xyl_spp,207,0.0244997332723996,0.8988975137816787,DE,1,DE,0.0244997332723996,NA,0.0244997332723996,0.0244997332723996,1,NA,NA,FALSE,anomaly,insufficient data,negligible
ope_spp,zei_gri,23,0.41413975417592763,0.17114533670072404,DE,1,DE,0.41413975417592763,NA,0.41413975417592763,0.41413975417592763,1,NA,NA,FALSE,anomaly,insufficient data,moderate
pan_fla,pha_cya,484,0.1061844655562702,0.08282809353852781,"CZ,DE,LT,PL",4,"CZ,DE,LT,PL",0.12227032679338284,0.32796355479954065,-0.24517816018894018,0.5513489147599869,0.75,0.026810590396637315,CZ,FALSE,anomaly,inconsistent,weak
pan_fla,pis_pin,138,0.011993117528350928,0.9734668072557205,"DE,LT",2,"DE,LT",-0.07411796061169906,0.1857762991110786,-0.2054816414968831,0.057245720273484985,0.5,0.21747475902523403,DE,TRUE,anomaly,inconsistent,negligible
pan_fla,pit_bid,92,0.1512751836465536,0.3700638636346319,DE,1,DE,0.1512751836465536,NA,0.1512751836465536,0.1512751836465536,1,NA,NA,FALSE,anomaly,insufficient data,weak
pan_fla,pit_cha,161,0.11477424179504606,0.36454137851891466,"DE,LT",2,"DE,LT",0.11172751446208448,0.006675073904120049,0.10700752443955983,0.11644750448460912,1,0.00776671735548623,DE,FALSE,anomaly,consistent,weak
pan_fla,pit_spp,46,0.24779582403203898,0.2764283349516461,"CZ,DE",2,"CZ,DE",0.25664181463944535,0.13986177906805902,0.1577446022316061,0.35553902704728463,1,0.10774320301524565,DE,FALSE,anomaly,consistent,weak
pan_fla,pol_pol,46,0.12677092963579997,0.6497800021350626,"CZ,LT",2,"CZ,LT",0.12687034605523007,0.04542536313897697,0.094749763741798,0.1589909283686621,1,0.03221999873286213,LT,FALSE,anomaly,consistent,weak
pan_fla,pri_abi,138,-0.02492574915595366,0.9267730582418938,"CZ,DE",2,"CZ,DE",-0.13759908286909903,0.20306408788860078,-0.2811870764305897,0.00598891069239168,0.5,0.2562613272746361,DE,TRUE,anomaly,inconsistent,negligible
pan_fla,sap_car,0,NA,NA,,0,NA,NA,NA,NA,NA,NA,NA,NA,NA,anomaly,insufficient data,NA
pan_fla,sco_int,115,0.04510088063622152,0.8524656193805044,"CZ,DE",2,"CZ,DE",0.1536628433755363,0.25757974084545093,-0.02847353807255559,0.3357992248236282,0.5,0.29069834418740664,DE,TRUE,anomaly,inconsistent,negligible
pan_fla,sco_rat,115,-0.025224744511271567,0.9359190241650353,"CZ,DE,LT",3,"CZ,DE,LT",-0.021868293204266268,0.050059422384031334,-0.06324359988234117,0.033776602122581025,0.6666666666666666,0.01842870767255473,LT,FALSE,anomaly,inconsistent,negligible
pan_fla,sco_sco,92,-0.03883144552463266,0.8972218434424893,"DE,LT",2,"DE,LT",-0.0266801217522605,0.034719737340628026,-0.05123068346683437,-0.0021295600376866355,1,0.03670188548694603,DE,FALSE,anomaly,consistent,negligible
pan_fla,tet_gab,115,-0.020538312419550772,0.9536730867189341,"CZ,DE",2,"CZ,DE",-0.06841527498019562,0.11770928705867162,-0.15164831006801624,0.01481776010762501,0.5,0.13110999764846548,DE,TRUE,anomaly,inconsistent,negligible
pan_fla,tet_spp,92,0.3076786350071905,0.018274325930067503,DE,1,DE,0.3076786350071905,NA,0.3076786350071905,0.3076786350071905,1,NA,NA,FALSE,anomaly,insufficient data,moderate
pan_fla,tha_pit,23,-0.09790512400863446,0.8682647552350639,DE,1,DE,-0.09790512400863446,NA,-0.09790512400863446,-0.09790512400863446,1,NA,NA,FALSE,anomaly,insufficient data,negligible
pan_fla,tha_pro,115,0.028864830057443485,0.917809362307566,DE,1,DE,0.028864830057443485,NA,0.028864830057443485,0.028864830057443485,1,NA,NA,FALSE,anomaly,insufficient data,negligible
pan_fla,tom_spp,424,0.13042218886751097,0.038227925865317126,"CZ,DE,LT,PL",4,"CZ,DE,LT,PL",0.19127175345625622,0.2979287064675131,-0.08092143464126494,0.6070503413751548,0.75,0.08720009389908406,PL,FALSE,anomaly,inconsistent,weak
pan_fla,tor_vir,461,0.051138077801480254,0.5331051582559538,"DE,LT,PL",3,"DE,LT,PL",-0.018595314870521674,0.14109756036955134,-0.18132551751148465,0.0696750310917177,0.6666666666666666,0.02713259491557551,PL,FALSE,anomaly,inconsistent,negligible
pan_fla,uro_sir_spp,23,0.20460879652723518,0.6160540080609046,DE,1,DE,0.20460879652723518,NA,0.20460879652723518,0.20460879652723518,1,NA,NA,FALSE,anomaly,insufficient data,weak
pan_fla,xyl_lin,115,0.2612057731467066,0.028823793509081153,DE,1,DE,0.2612057731467066,NA,0.2612057731467066,0.2612057731467066,1,NA,NA,FALSE,anomaly,insufficient data,weak
pan_fla,xyl_spp,138,0.09835249358224184,0.5134470485403243,DE,1,DE,0.09835249358224184,NA,0.09835249358224184,0.09835249358224184,1,NA,NA,FALSE,anomaly,insufficient data,negligible
pan_fla,zei_gri,46,0.3535271795745735,0.07201897816178394,"CZ,DE",2,"CZ,DE",0.35126282470823894,0.23157855373912908,0.18751205898192744,0.5150135904345504,1,0.1660151205926461,CZ,FALSE,anomaly,inconsistent,moderate
pha_cya,pis_pin,184,0.2568599849860177,0.003920498777140786,"DE,LT",2,"DE,LT",0.22976288799824746,0.051701682697336354,0.19320427756420575,0.2663214984322892,1,0.06365570742181195,DE,FALSE,anomaly,consistent,weak
pha_cya,pit_bid,115,0.44155308216726846,1.9300290635665794e-5,DE,1,DE,0.44155308216726846,NA,0.44155308216726846,0.44155308216726846,1,NA,NA,FALSE,anomaly,insufficient data,moderate
pha_cya,pit_cha,423,0.3279300032220071,2.7784645417279416e-10,"AT,DE,LT",3,"AT,DE,LT",0.2899278260427312,0.09499286288445397,0.21604980506088262,0.3970820237144843,1,0.1065052774033857,DE,FALSE,anomaly,consistent,moderate
pha_cya,pit_spp,402,0.13946279060520034,0.029503621385878382,"AT,CZ,DE",3,"AT,CZ,DE",0.11862033326349847,0.13895104468511713,-0.03426363428591093,0.2372199043606386,0.6666666666666666,0.0606723500991993,CZ,FALSE,anomaly,inconsistent,weak
pha_cya,pol_pol,207,0.06565635641475402,0.6154437130192676,"CZ,LT",2,"CZ,LT",0.22079670580478442,0.281901674634752,0.021462120042707478,0.42013129156686135,1,0.3544749351521073,CZ,FALSE,anomaly,inconsistent,negligible
pha_cya,pri_abi,345,-0.10035672705974671,0.20346846487813142,"CZ,DE",2,"CZ,DE",-0.13377048021045487,0.16214232193243164,-0.24842241556620956,-0.019118544854700183,1,0.14806568850646284,DE,FALSE,anomaly,consistent,weak
pha_cya,sap_car,0,NA,NA,,0,NA,NA,NA,NA,NA,NA,NA,NA,NA,anomaly,insufficient data,NA
pha_cya,sco_int,368,0.23183726883533257,1.270795177295474e-4,"CZ,DE",2,"CZ,DE",0.23196690046530172,0.013586847964103005,0.22235954813493383,0.24157425279566958,1,0.009736983960337009,DE,FALSE,anomaly,consistent,weak
pha_cya,sco_rat,276,0.22949191337853597,0.0014392262559899144,"CZ,DE,LT",3,"CZ,DE,LT",0.29100616402510193,0.11404720225375553,0.1600271783012802,0.36833387110952936,1,0.12987919791129549,CZ,FALSE,anomaly,consistent,weak
pha_cya,sco_sco,138,0.05661862269707645,0.7426523484284152,"DE,LT",2,"DE,LT",-0.037463542837669686,0.19700434342472392,-0.1767666499964954,0.10183956432115604,0.5,0.23338527269357187,DE,TRUE,anomaly,inconsistent,negligible
pha_cya,tet_gab,358,0.1349720319302355,0.05136027702684248,"AT,CZ,DE",3,"AT,CZ,DE",0.002262616874459855,0.28357464865281296,-0.29046804068228554,0.2756954590201874,0.6666666666666666,0.2031124722117473,DE,TRUE,anomaly,inconsistent,weak
pha_cya,tet_spp,184,0.14831917216743132,0.15928534185119061,DE,1,DE,0.14831917216743132,NA,0.14831917216743132,0.14831917216743132,1,NA,NA,FALSE,anomaly,insufficient data,weak
pha_cya,tha_pit,23,0.6109339512084138,0.013258691201134794,DE,1,DE,0.6109339512084138,NA,0.6109339512084138,0.6109339512084138,1,NA,NA,FALSE,anomaly,insufficient data,strong
pha_cya,tha_pro,230,0.18227771206141036,0.03134213112766479,DE,1,DE,0.18227771206141036,NA,0.18227771206141036,0.18227771206141036,1,NA,NA,FALSE,anomaly,insufficient data,weak
pha_cya,tom_spp,887,0.2668157370160743,6.798473658188615e-14,"AT,CZ,DE,LT,PL",5,"AT,CZ,DE,LT,PL",0.2972669988492186,0.1798901581621593,0.02507544548728939,0.5192429475484746,1,0.09880057405260201,PL,FALSE,anomaly,consistent,weak
pha_cya,tor_vir,593,-0.012079607228894042,0.9260045148226355,"DE,LT,PL",3,"DE,LT,PL",0.07716429499937699,0.17664966119610026,-0.07876309511211148,0.2690142910770693,0.3333333333333333,0.07231256009029947,PL,TRUE,anomaly,inconsistent,negligible
pha_cya,uro_sir_spp,92,0.200057450934208,0.18742061505451302,DE,1,DE,0.200057450934208,NA,0.200057450934208,0.200057450934208,1,NA,NA,FALSE,anomaly,insufficient data,weak
pha_cya,xyl_lin,230,-0.04938268861963407,0.699775075080825,DE,1,DE,-0.04938268861963407,NA,-0.04938268861963407,-0.04938268861963407,1,NA,NA,FALSE,anomaly,insufficient data,negligible
pha_cya,xyl_spp,253,0.21169255492994424,0.005623702924894937,DE,1,DE,0.21169255492994424,NA,0.21169255492994424,0.21169255492994424,1,NA,NA,FALSE,anomaly,insufficient data,weak
pha_cya,zei_gri,184,0.07782316763376174,0.556139399064483,"CZ,DE",2,"CZ,DE",0.007709906577455558,0.13898020754108756,-0.09056394062556121,0.10598375378047233,0.5,0.16838710825932296,CZ,TRUE,anomaly,inconsistent,negligible
pis_pin,pit_bid,115,0.323604989474916,0.0038509656562526803,DE,1,DE,0.323604989474916,NA,0.323604989474916,0.323604989474916,1,NA,NA,FALSE,anomaly,insufficient data,moderate
pis_pin,pit_cha,184,0.3634478902467035,1.0292128255360782e-5,"DE,LT",2,"DE,LT",0.4400953567289285,0.1526070666577264,0.3321858650382627,0.5480048484195943,1,0.1845569581728908,DE,FALSE,anomaly,consistent,moderate
pis_pin,pit_spp,23,0.1886221414884108,0.6481023058806885,DE,1,DE,0.1886221414884108,NA,0.1886221414884108,0.1886221414884108,1,NA,NA,FALSE,anomaly,insufficient data,weak
pis_pin,pol_pol,23,0.5404959179979373,0.040751279031845854,LT,1,LT,0.5404959179979373,NA,0.5404959179979373,0.5404959179979373,1,NA,NA,FALSE,anomaly,insufficient data,strong
pis_pin,pri_abi,138,0.11260893422106796,0.428817370843752,DE,1,DE,0.11260893422106796,NA,0.11260893422106796,0.11260893422106796,1,NA,NA,FALSE,anomaly,insufficient data,weak
pis_pin,sap_car,0,NA,NA,,0,NA,NA,NA,NA,NA,NA,NA,NA,NA,anomaly,insufficient data,NA
pis_pin,sco_int,115,0.31531148283674915,0.0050933233937320984,DE,1,DE,0.31531148283674915,NA,0.31531148283674915,0.31531148283674915,1,NA,NA,FALSE,anomaly,insufficient data,moderate
pis_pin,sco_rat,92,0.47649409009804244,3.526419188237893e-5,"DE,LT",2,"DE,LT",0.5119447924477605,0.12485332528745922,0.42366015948330826,0.6002294254122128,1,0.12373533531417036,DE,FALSE,anomaly,consistent,moderate
pis_pin,sco_sco,115,0.21768312361485562,0.08282809353852781,"DE,LT",2,"DE,LT",0.10054380106544863,0.28956680239421745,-0.10421084851400754,0.3052984506449048,0.5,0.32189397212886317,DE,TRUE,anomaly,inconsistent,weak
pis_pin,tet_gab,138,0.36558775003755684,1.750771960338372e-4,DE,1,DE,0.36558775003755684,NA,0.36558775003755684,0.36558775003755684,1,NA,NA,FALSE,anomaly,insufficient data,moderate
pis_pin,tet_spp,92,0.14635955931246933,0.39412657760596953,DE,1,DE,0.14635955931246933,NA,0.14635955931246933,0.14635955931246933,1,NA,NA,FALSE,anomaly,insufficient data,weak
pis_pin,tha_pit,23,0.002808210228680315,0.9998689195248821,DE,1,DE,0.002808210228680315,NA,0.002808210228680315,0.002808210228680315,1,NA,NA,FALSE,anomaly,insufficient data,negligible
pis_pin,tha_pro,138,0.19445663826966453,0.09241644145286071,DE,1,DE,0.19445663826966453,NA,0.19445663826966453,0.19445663826966453,1,NA,NA,FALSE,anomaly,insufficient data,weak
pis_pin,tom_spp,184,0.39147621127622767,1.2531975566141065e-6,"DE,LT",2,"DE,LT",0.5665488703012573,0.32801411362872984,0.3346078662294877,0.7984898743730269,1,0.4070136630967992,DE,FALSE,anomaly,inconsistent,moderate
pis_pin,tor_vir,184,0.03510569939005553,0.85427731557585,"DE,LT",2,"DE,LT",-0.047175454988663885,0.15434628843967976,-0.15631476219533627,0.0619638522180085,0.5,0.1914204615853918,DE,TRUE,anomaly,inconsistent,negligible
pis_pin,uro_sir_spp,46,-0.07091987963010046,0.8556724844764797,DE,1,DE,-0.07091987963010046,NA,-0.07091987963010046,-0.07091987963010046,1,NA,NA,FALSE,anomaly,insufficient data,negligible
pis_pin,xyl_lin,138,0.19255696144258902,0.09683747469372234,DE,1,DE,0.19255696144258902,NA,0.19255696144258902,0.19255696144258902,1,NA,NA,FALSE,anomaly,insufficient data,weak
pis_pin,xyl_spp,161,0.3363250003602539,2.0835999348728352e-4,DE,1,DE,0.3363250003602539,NA,0.3363250003602539,0.3363250003602539,1,NA,NA,FALSE,anomaly,insufficient data,moderate
pis_pin,zei_gri,23,-0.18584369347772084,0.6497800021350626,DE,1,DE,-0.18584369347772084,NA,-0.18584369347772084,-0.18584369347772084,1,NA,NA,FALSE,anomaly,insufficient data,weak
pit_bid,pit_cha,115,0.2604047633308429,0.028823793509081153,DE,1,DE,0.2604047633308429,NA,0.2604047633308429,0.2604047633308429,1,NA,NA,FALSE,anomaly,insufficient data,weak
pit_bid,pit_spp,23,-0.003939247990406962,0.9998689195248821,DE,1,DE,-0.003939247990406962,NA,-0.003939247990406962,-0.003939247990406962,1,NA,NA,FALSE,anomaly,insufficient data,negligible
pit_bid,pol_pol,0,NA,NA,,0,NA,NA,NA,NA,NA,NA,NA,NA,NA,anomaly,insufficient data,NA
pit_bid,pri_abi,115,-0.04582558613219691,0.8476841093189426,DE,1,DE,-0.04582558613219691,NA,-0.04582558613219691,-0.04582558613219691,1,NA,NA,FALSE,anomaly,insufficient data,negligible
pit_bid,sap_car,0,NA,NA,,0,NA,NA,NA,NA,NA,NA,NA,NA,NA,anomaly,insufficient data,NA
pit_bid,sco_int,115,0.31410930444899177,0.005220018991196339,DE,1,DE,0.31410930444899177,NA,0.31410930444899177,0.31410930444899177,1,NA,NA,FALSE,anomaly,insufficient data,moderate
pit_bid,sco_rat,69,0.45040139914867106,0.001271012702866845,DE,1,DE,0.45040139914867106,NA,0.45040139914867106,0.45040139914867106,1,NA,NA,FALSE,anomaly,insufficient data,moderate
pit_bid,sco_sco,92,0.18863090471231328,0.22335354461629472,DE,1,DE,0.18863090471231328,NA,0.18863090471231328,0.18863090471231328,1,NA,NA,FALSE,anomaly,insufficient data,weak
pit_bid,tet_gab,92,0.19646259945531436,0.19803308248892165,DE,1,DE,0.19646259945531436,NA,0.19646259945531436,0.19646259945531436,1,NA,NA,FALSE,anomaly,insufficient data,weak
pit_bid,tet_spp,69,-0.08713933816710205,0.7186464680306601,DE,1,DE,-0.08713933816710205,NA,-0.08713933816710205,-0.08713933816710205,1,NA,NA,FALSE,anomaly,insufficient data,negligible
pit_bid,tha_pit,23,0.327208816305554,0.33603994039522217,DE,1,DE,0.327208816305554,NA,0.327208816305554,0.327208816305554,1,NA,NA,FALSE,anomaly,insufficient data,moderate
pit_bid,tha_pro,92,0.09216933358129722,0.6450629468542302,DE,1,DE,0.09216933358129722,NA,0.09216933358129722,0.09216933358129722,1,NA,NA,FALSE,anomaly,insufficient data,negligible
pit_bid,tom_spp,115,0.3199314255854327,0.00437582268174196,DE,1,DE,0.3199314255854327,NA,0.3199314255854327,0.3199314255854327,1,NA,NA,FALSE,anomaly,insufficient data,moderate
pit_bid,tor_vir,115,0.23639711265600577,0.052782487854772825,DE,1,DE,0.23639711265600577,NA,0.23639711265600577,0.23639711265600577,1,NA,NA,FALSE,anomaly,insufficient data,weak
pit_bid,uro_sir_spp,46,-0.05228092970931647,0.9015459986437432,DE,1,DE,-0.05228092970931647,NA,-0.05228092970931647,-0.05228092970931647,1,NA,NA,FALSE,anomaly,insufficient data,negligible
pit_bid,xyl_lin,115,0.14942763582231902,0.3083774898060068,DE,1,DE,0.14942763582231902,NA,0.14942763582231902,0.14942763582231902,1,NA,NA,FALSE,anomaly,insufficient data,weak
pit_bid,xyl_spp,115,0.12984355328431135,0.39791242685986117,DE,1,DE,0.12984355328431135,NA,0.12984355328431135,0.12984355328431135,1,NA,NA,FALSE,anomaly,insufficient data,weak
pit_bid,zei_gri,23,-0.23677899725493032,0.53556236546755,DE,1,DE,-0.23677899725493032,NA,-0.23677899725493032,-0.23677899725493032,1,NA,NA,FALSE,anomaly,insufficient data,weak
pit_cha,pit_spp,262,0.2504761543318217,5.433282270213196e-4,"AT,DE,SI",3,"AT,DE,SI",0.15003295099564135,0.2471089669632908,-0.08173283508468746,0.4100557304503239,0.6666666666666666,0.18284520857049358,AT,FALSE,anomaly,inconsistent,weak
pit_cha,pol_pol,23,0.6835843118243207,0.003173142094193966,LT,1,LT,0.6835843118243207,NA,0.6835843118243207,0.6835843118243207,1,NA,NA,FALSE,anomaly,insufficient data,strong
pit_cha,pri_abi,184,0.004470514950403831,0.9868523568130416,DE,1,DE,0.004470514950403831,NA,0.004470514950403831,0.004470514950403831,1,NA,NA,FALSE,anomaly,insufficient data,negligible
pit_cha,sap_car,0,NA,NA,,0,NA,NA,NA,NA,NA,NA,NA,NA,NA,anomaly,insufficient data,NA
pit_cha,sco_int,184,0.16537467202664213,0.10022724502447282,DE,1,DE,0.16537467202664213,NA,0.16537467202664213,0.16537467202664213,1,NA,NA,FALSE,anomaly,insufficient data,weak
pit_cha,sco_rat,92,0.38874867409963465,0.001524742467409545,"DE,LT",2,"DE,LT",0.42003719061342326,0.1343444054998445,0.3250413504700079,0.5150330307568386,1,0.12628435665720394,DE,FALSE,anomaly,consistent,moderate
pit_cha,sco_sco,138,0.07125533999070773,0.6528292174399369,"DE,LT",2,"DE,LT",-0.0401808483368236,0.24949048372338326,-0.21659726121913986,0.13623556454549265,0.5,0.28785260120984757,DE,TRUE,anomaly,inconsistent,negligible
pit_cha,tet_gab,333,0.18652214016803562,0.005219544748400657,"AT,DE",2,"AT,DE",0.17033974537960545,0.08527553917513264,0.11004083335953005,0.2306386573996808,1,0.07648130680850557,DE,FALSE,anomaly,consistent,weak
pit_cha,tet_spp,184,0.0751785597562354,0.5754788559542924,DE,1,DE,0.0751785597562354,NA,0.0751785597562354,0.0751785597562354,1,NA,NA,FALSE,anomaly,insufficient data,negligible
pit_cha,tha_pit,23,0.6214259923138733,0.01088739943730204,DE,1,DE,0.6214259923138733,NA,0.6214259923138733,0.6214259923138733,1,NA,NA,FALSE,anomaly,insufficient data,strong
pit_cha,tha_pro,230,0.03167816473065048,0.8524656193805044,DE,1,DE,0.03167816473065048,NA,0.03167816473065048,0.03167816473065048,1,NA,NA,FALSE,anomaly,insufficient data,negligible
pit_cha,tom_spp,444,0.3226214386273922,2.09090624324142e-10,"AT,DE,LT",3,"AT,DE,LT",0.4689197697141629,0.29230938975850873,0.27867381101539257,0.8054959241101419,1,0.06082867903293743,DE,FALSE,anomaly,inconsistent,moderate
pit_cha,tor_vir,253,0.15762698057922836,0.05713108882091098,"DE,LT",2,"DE,LT",0.15632687213624183,0.002573639970763704,0.15450703386058207,0.1581467104119016,1,0.0031199467186462937,DE,FALSE,anomaly,consistent,weak
pit_cha,uro_sir_spp,92,0.20002435748762598,0.18742061505451302,DE,1,DE,0.20002435748762598,NA,0.20002435748762598,0.20002435748762598,1,NA,NA,FALSE,anomaly,insufficient data,weak
pit_cha,xyl_lin,230,0.09633960731364875,0.36107730220812073,DE,1,DE,0.09633960731364875,NA,0.09633960731364875,0.09633960731364875,1,NA,NA,FALSE,anomaly,insufficient data,negligible
pit_cha,xyl_spp,253,0.1924921729141541,0.014140871795259864,DE,1,DE,0.1924921729141541,NA,0.1924921729141541,0.1924921729141541,1,NA,NA,FALSE,anomaly,insufficient data,weak
pit_cha,zei_gri,23,-0.06099757689146905,0.9351312539761704,DE,1,DE,-0.06099757689146905,NA,-0.06099757689146905,-0.06099757689146905,1,NA,NA,FALSE,anomaly,insufficient data,negligible
pit_spp,pol_pol,184,0.07111359880492836,0.6067274048945162,CZ,1,CZ,0.07111359880492836,NA,0.07111359880492836,0.07111359880492836,1,NA,NA,FALSE,anomaly,insufficient data,negligible
pit_spp,pri_abi,230,-0.2477407517612625,0.0016639189244583975,"CZ,DE",2,"CZ,DE",-0.2504308558674774,0.0506977745468467,-0.2862795960406194,-0.21458211569433533,1,0.038538844279356915,CZ,FALSE,anomaly,consistent,weak
pit_spp,sap_car,0,NA,NA,,0,NA,NA,NA,NA,NA,NA,NA,NA,NA,anomaly,insufficient data,NA
pit_spp,sco_int,253,0.09554115262003851,0.3392333480494567,"CZ,DE",2,"CZ,DE",0.1006762712946834,0.01901240005412661,0.087232474289779,0.11412006829958782,1,0.018578915679549307,CZ,FALSE,anomaly,consistent,negligible
pit_spp,sco_rat,184,0.09385319505966273,0.45249362855961933,CZ,1,CZ,0.09385319505966273,NA,0.09385319505966273,0.09385319505966273,1,NA,NA,FALSE,anomaly,insufficient data,negligible
pit_spp,sco_sco,23,-0.2580021481343389,0.4938449676625156,DE,1,DE,-0.2580021481343389,NA,-0.2580021481343389,-0.2580021481343389,1,NA,NA,FALSE,anomaly,insufficient data,weak
pit_spp,tet_gab,220,-0.02191826175743695,0.908833127537375,"AT,CZ,DE",3,"AT,CZ,DE",-0.06771889514975515,0.17892230862732003,-0.27029609812984556,0.06871298662404275,0.6666666666666666,0.04664961696062439,CZ,TRUE,anomaly,inconsistent,negligible
pit_spp,tet_spp,92,0.14733140026291386,0.38931229118269445,DE,1,DE,0.14733140026291386,NA,0.14733140026291386,0.14733140026291386,1,NA,NA,FALSE,anomaly,insufficient data,weak
pit_spp,tha_pit,23,0.2594468771441311,0.4892259716765883,HR,1,HR,0.2594468771441311,NA,0.2594468771441311,0.2594468771441311,1,NA,NA,FALSE,anomaly,insufficient data,weak
pit_spp,tha_pro,92,-0.03992086242462603,0.8919196994032107,DE,1,DE,-0.03992086242462603,NA,-0.03992086242462603,-0.03992086242462603,1,NA,NA,FALSE,anomaly,insufficient data,negligible
pit_spp,tom_spp,402,0.2850345319761238,2.3835072580655456e-7,"AT,CZ,DE",3,"AT,CZ,DE",0.24631080407372474,0.21781073324531372,0.006841487395676405,0.43262136116126504,1,0.09848706077435457,CZ,FALSE,anomaly,inconsistent,weak
pit_spp,tor_vir,69,0.07462334969382783,0.7794468473208224,DE,1,DE,0.07462334969382783,NA,0.07462334969382783,0.07462334969382783,1,NA,NA,FALSE,anomaly,insufficient data,negligible
pit_spp,uro_sir_spp,46,0.21994217784367245,0.3545874994086328,DE,1,DE,0.21994217784367245,NA,0.21994217784367245,0.21994217784367245,1,NA,NA,FALSE,anomaly,insufficient data,weak
pit_spp,xyl_lin,92,0.004924338218378052,0.9917069884196136,DE,1,DE,0.004924338218378052,NA,0.004924338218378052,0.004924338218378052,1,NA,NA,FALSE,anomaly,insufficient data,negligible
pit_spp,xyl_spp,92,0.038333447450784534,0.8978209065317858,DE,1,DE,0.038333447450784534,NA,0.038333447450784534,0.038333447450784534,1,NA,NA,FALSE,anomaly,insufficient data,negligible
pit_spp,zei_gri,161,0.14600812189071463,0.2077966919882469,CZ,1,CZ,0.14600812189071463,NA,0.14600812189071463,0.14600812189071463,1,NA,NA,FALSE,anomaly,insufficient data,weak
pol_pol,pri_abi,161,-0.08207593246634141,0.5626783752267457,CZ,1,CZ,-0.08207593246634141,NA,-0.08207593246634141,-0.08207593246634141,1,NA,NA,FALSE,anomaly,insufficient data,negligible
pol_pol,sap_car,0,NA,NA,,0,NA,NA,NA,NA,NA,NA,NA,NA,NA,anomaly,insufficient data,NA
pol_pol,sco_int,184,0.1129597888271306,0.33602976577249694,CZ,1,CZ,0.1129597888271306,NA,0.1129597888271306,0.1129597888271306,1,NA,NA,FALSE,anomaly,insufficient data,weak
pol_pol,sco_rat,207,0.18827903733895304,0.03623512116779824,"CZ,LT",2,"CZ,LT",0.32352494143848337,0.27082252799175555,0.13202449539742944,0.5150253874795373,1,0.3267463501405843,CZ,FALSE,anomaly,inconsistent,weak
pol_pol,sco_sco,23,-0.017362066542345928,0.9861303675354863,LT,1,LT,-0.017362066542345928,NA,-0.017362066542345928,-0.017362066542345928,1,NA,NA,FALSE,anomaly,insufficient data,negligible
pol_pol,tet_gab,46,-0.24968008274338999,0.27063146203804456,CZ,1,CZ,-0.24968008274338999,NA,-0.24968008274338999,-0.24968008274338999,1,NA,NA,FALSE,anomaly,insufficient data,weak
pol_pol,tet_spp,0,NA,NA,,0,NA,NA,NA,NA,NA,NA,NA,NA,NA,anomaly,insufficient data,NA
pol_pol,tha_pit,0,NA,NA,,0,NA,NA,NA,NA,NA,NA,NA,NA,NA,anomaly,insufficient data,NA
pol_pol,tha_pro,0,NA,NA,,0,NA,NA,NA,NA,NA,NA,NA,NA,NA,anomaly,insufficient data,NA
pol_pol,tom_spp,207,0.14184315413276977,0.153978929145059,"CZ,LT",2,"CZ,LT",0.45816996945288435,0.5601939439254568,0.062053032923557266,0.8542869059822115,1,0.7124437518494418,CZ,FALSE,anomaly,inconsistent,weak
pol_pol,tor_vir,23,0.07106623960411135,0.908833127537375,LT,1,LT,0.07106623960411135,NA,0.07106623960411135,0.07106623960411135,1,NA,NA,FALSE,anomaly,insufficient data,negligible
pol_pol,uro_sir_spp,0,NA,NA,,0,NA,NA,NA,NA,NA,NA,NA,NA,NA,anomaly,insufficient data,NA
pol_pol,xyl_lin,0,NA,NA,,0,NA,NA,NA,NA,NA,NA,NA,NA,NA,anomaly,insufficient data,NA
pol_pol,xyl_spp,0,NA,NA,,0,NA,NA,NA,NA,NA,NA,NA,NA,NA,anomaly,insufficient data,NA
pol_pol,zei_gri,161,-0.09668356186642245,0.4819427386141494,CZ,1,CZ,-0.09668356186642245,NA,-0.09668356186642245,-0.09668356186642245,1,NA,NA,FALSE,anomaly,insufficient data,negligible
pri_abi,sap_car,0,NA,NA,,0,NA,NA,NA,NA,NA,NA,NA,NA,NA,anomaly,insufficient data,NA
pri_abi,sco_int,299,-0.08238645437412392,0.3801583761062724,"CZ,DE",2,"CZ,DE",-0.09218848483887557,0.07274779829728867,-0.14362894633127957,-0.040748023346471575,1,0.06124249195715564,DE,FALSE,anomaly,consistent,negligible
pri_abi,sco_rat,230,0.02357177031551123,0.89790449284574,"CZ,DE",2,"CZ,DE",0.05275550241355111,0.1976381144256835,-0.08699574851777252,0.19250675334487474,0.5,0.16893498302936352,CZ,TRUE,anomaly,inconsistent,negligible
pri_abi,sco_sco,92,0.17870780923668178,0.26018828523411264,DE,1,DE,0.17870780923668178,NA,0.17870780923668178,0.17870780923668178,1,NA,NA,FALSE,anomaly,insufficient data,weak
pri_abi,tet_gab,184,0.13403070552476481,0.2198266620211254,"CZ,DE",2,"CZ,DE",0.10315786660879368,0.06894793626321316,0.0544043133282578,0.15191141988932957,1,0.07962639219650702,DE,FALSE,anomaly,consistent,weak
pri_abi,tet_spp,115,-0.012974650546011945,0.9734668072557205,DE,1,DE,-0.012974650546011945,NA,-0.012974650546011945,-0.012974650546011945,1,NA,NA,FALSE,anomaly,insufficient data,negligible
pri_abi,tha_pit,23,0.19354219223891994,0.6388364901697581,DE,1,DE,0.19354219223891994,NA,0.19354219223891994,0.19354219223891994,1,NA,NA,FALSE,anomaly,insufficient data,weak
pri_abi,tha_pro,161,0.11699072932199246,0.3511013638509161,DE,1,DE,0.11699072932199246,NA,0.11699072932199246,0.11699072932199246,1,NA,NA,FALSE,anomaly,insufficient data,weak
pri_abi,tom_spp,345,-0.028494522286248235,0.8240031273982812,"CZ,DE",2,"CZ,DE",-0.06663383629753039,0.2328059451120411,-0.23125249878679785,0.09798482619173705,0.5,0.2027579765005496,DE,TRUE,anomaly,inconsistent,negligible
pri_abi,tor_vir,161,-0.07211212403382221,0.6263708398241348,DE,1,DE,-0.07211212403382221,NA,-0.07211212403382221,-0.07211212403382221,1,NA,NA,FALSE,anomaly,insufficient data,negligible
pri_abi,uro_sir_spp,69,0.05172262353337982,0.8728251117225265,DE,1,DE,0.05172262353337982,NA,0.05172262353337982,0.05172262353337982,1,NA,NA,FALSE,anomaly,insufficient data,negligible
pri_abi,xyl_lin,184,0.09858619927008211,0.4229619993169262,DE,1,DE,0.09858619927008211,NA,0.09858619927008211,0.09858619927008211,1,NA,NA,FALSE,anomaly,insufficient data,negligible
pri_abi,xyl_spp,184,0.0856587314684176,0.5111896654629552,DE,1,DE,0.0856587314684176,NA,0.0856587314684176,0.0856587314684176,1,NA,NA,FALSE,anomaly,insufficient data,negligible
pri_abi,zei_gri,161,0.029521248198493995,0.8964561333264398,"CZ,DE",2,"CZ,DE",0.027625040566748645,0.004625339887502667,0.024354431367002886,0.030895649766494403,1,0.00516681683149111,CZ,FALSE,anomaly,consistent,negligible
sap_car,sco_int,0,NA,NA,,0,NA,NA,NA,NA,NA,NA,NA,NA,NA,anomaly,insufficient data,NA
sap_car,sco_rat,0,NA,NA,,0,NA,NA,NA,NA,NA,NA,NA,NA,NA,anomaly,insufficient data,NA
sap_car,sco_sco,0,NA,NA,,0,NA,NA,NA,NA,NA,NA,NA,NA,NA,anomaly,insufficient data,NA
sap_car,tet_gab,0,NA,NA,,0,NA,NA,NA,NA,NA,NA,NA,NA,NA,anomaly,insufficient data,NA
sap_car,tet_spp,0,NA,NA,,0,NA,NA,NA,NA,NA,NA,NA,NA,NA,anomaly,insufficient data,NA
sap_car,tha_pit,0,NA,NA,,0,NA,NA,NA,NA,NA,NA,NA,NA,NA,anomaly,insufficient data,NA
sap_car,tha_pro,0,NA,NA,,0,NA,NA,NA,NA,NA,NA,NA,NA,NA,anomaly,insufficient data,NA
sap_car,tom_spp,0,NA,NA,,0,NA,NA,NA,NA,NA,NA,NA,NA,NA,anomaly,insufficient data,NA
sap_car,tor_vir,0,NA,NA,,0,NA,NA,NA,NA,NA,NA,NA,NA,NA,anomaly,insufficient data,NA
sap_car,uro_sir_spp,0,NA,NA,,0,NA,NA,NA,NA,NA,NA,NA,NA,NA,anomaly,insufficient data,NA
sap_car,xyl_lin,0,NA,NA,,0,NA,NA,NA,NA,NA,NA,NA,NA,NA,anomaly,insufficient data,NA
sap_car,xyl_spp,0,NA,NA,,0,NA,NA,NA,NA,NA,NA,NA,NA,NA,anomaly,insufficient data,NA
sap_car,zei_gri,0,NA,NA,,0,NA,NA,NA,NA,NA,NA,NA,NA,NA,anomaly,insufficient data,NA
sco_int,sco_rat,253,0.36068165608706193,1.5799453691598057e-7,"CZ,DE",2,"CZ,DE",0.36300057750448633,0.007772133988444132,0.35750484885696704,0.3684963061520056,1,0.007814650064943696,CZ,FALSE,anomaly,consistent,moderate
sco_int,sco_sco,115,0.08068081140395024,0.6497800021350626,DE,1,DE,0.08068081140395024,NA,0.08068081140395024,0.08068081140395024,1,NA,NA,FALSE,anomaly,insufficient data,negligible
sco_int,tet_gab,207,0.17903129403566262,0.049345375772444924,"CZ,DE",2,"CZ,DE",0.08506464576432438,0.23560628983075274,-0.081534159465204,0.25166345099385273,0.5,0.26056545350086663,DE,TRUE,anomaly,inconsistent,weak
sco_int,tet_spp,138,-0.09490380821594556,0.5254665046649689,DE,1,DE,-0.09490380821594556,NA,-0.09490380821594556,-0.09490380821594556,1,NA,NA,FALSE,anomaly,insufficient data,negligible
sco_int,tha_pit,23,0.03202068809375306,0.9734668072557205,DE,1,DE,0.03202068809375306,NA,0.03202068809375306,0.03202068809375306,1,NA,NA,FALSE,anomaly,insufficient data,negligible
sco_int,tha_pro,161,0.09555896620814047,0.4886432177793269,DE,1,DE,0.09555896620814047,NA,0.09555896620814047,0.09555896620814047,1,NA,NA,FALSE,anomaly,insufficient data,negligible
sco_int,tom_spp,368,0.1462334466317737,0.028823793509081153,"CZ,DE",2,"CZ,DE",0.14898932084810848,0.10223625670312803,0.07669737045019803,0.22128127124601893,1,0.07504782461424522,CZ,FALSE,anomaly,consistent,weak
sco_int,tor_vir,161,0.08946590722793364,0.5197134286831501,DE,1,DE,0.08946590722793364,NA,0.08946590722793364,0.08946590722793364,1,NA,NA,FALSE,anomaly,insufficient data,negligible
sco_int,uro_sir_spp,92,0.15224193899095648,0.36454137851891466,DE,1,DE,0.15224193899095648,NA,0.15224193899095648,0.15224193899095648,1,NA,NA,FALSE,anomaly,insufficient data,weak
sco_int,xyl_lin,184,0.05136828872515962,0.7276383121787108,DE,1,DE,0.05136828872515962,NA,0.05136828872515962,0.05136828872515962,1,NA,NA,FALSE,anomaly,insufficient data,negligible
sco_int,xyl_spp,184,0.22214850186215354,0.01606748477681294,DE,1,DE,0.22214850186215354,NA,0.22214850186215354,0.22214850186215354,1,NA,NA,FALSE,anomaly,insufficient data,weak
sco_int,zei_gri,184,0.05944061787492932,0.6734617027953563,"CZ,DE",2,"CZ,DE",0.04221854415040173,0.03360101771847577,0.01845903666689818,0.06597805163390529,1,0.04098158120803114,CZ,FALSE,anomaly,consistent,negligible
sco_rat,sco_sco,92,0.1170163668093828,0.5235769136592766,"DE,LT",2,"DE,LT",0.031154314370299835,0.2942496204046475,-0.17691158757939393,0.2392202163199936,0.5,0.2939279543887767,DE,TRUE,anomaly,inconsistent,weak
sco_rat,tet_gab,115,0.11291888348234914,0.4890709172766251,"CZ,DE",2,"CZ,DE",0.0957849884123649,0.142565410623786,-0.005023980202358848,0.19659395702708862,0.5,0.117942863684708,DE,TRUE,anomaly,inconsistent,weak
sco_rat,tet_spp,46,-0.1383979333348233,0.6234076604346449,DE,1,DE,-0.1383979333348233,NA,-0.1383979333348233,-0.1383979333348233,1,NA,NA,FALSE,anomaly,insufficient data,weak
sco_rat,tha_pit,23,0.014053567829270428,0.98638412535406,DE,1,DE,0.014053567829270428,NA,0.014053567829270428,0.014053567829270428,1,NA,NA,FALSE,anomaly,insufficient data,negligible
sco_rat,tha_pro,46,0.4074790077011401,0.028823793509081153,DE,1,DE,0.4074790077011401,NA,0.4074790077011401,0.4074790077011401,1,NA,NA,FALSE,anomaly,insufficient data,moderate
sco_rat,tom_spp,276,0.24202444980111146,6.294413224159569e-4,"CZ,DE,LT",3,"CZ,DE,LT",0.3458439222715879,0.28136173991582464,0.15189413645658817,0.668544398853595,1,0.05304684341839197,CZ,FALSE,anomaly,inconsistent,weak
sco_rat,tor_vir,92,0.3435367548316211,0.006208846452761803,"DE,LT",2,"DE,LT",0.30777859600508417,0.1232803760924686,0.2206062060828717,0.39495098592729666,1,0.1229305487487494,DE,FALSE,anomaly,consistent,moderate
sco_rat,uro_sir_spp,23,0.005377397377304708,0.9992699968552277,DE,1,DE,0.005377397377304708,NA,0.005377397377304708,0.005377397377304708,1,NA,NA,FALSE,anomaly,insufficient data,negligible
sco_rat,xyl_lin,69,0.41430980380627935,0.0037497547147563766,DE,1,DE,0.41430980380627935,NA,0.41430980380627935,0.41430980380627935,1,NA,NA,FALSE,anomaly,insufficient data,moderate
sco_rat,xyl_spp,69,0.4175743463872228,0.003436320733348623,DE,1,DE,0.4175743463872228,NA,0.4175743463872228,0.4175743463872228,1,NA,NA,FALSE,anomaly,insufficient data,moderate
sco_rat,zei_gri,184,0.03191887314071898,0.8718422141386646,"CZ,DE",2,"CZ,DE",-0.04268807194711856,0.14504689179918695,-0.14525171272835508,0.05987556883411795,0.5,0.17717058586907405,CZ,TRUE,anomaly,inconsistent,negligible
sco_sco,tet_gab,115,0.25511847216121686,0.03297352137618665,DE,1,DE,0.25511847216121686,NA,0.25511847216121686,0.25511847216121686,1,NA,NA,FALSE,anomaly,insufficient data,weak
sco_sco,tet_spp,92,0.029137784623419004,0.9351312539761704,DE,1,DE,0.029137784623419004,NA,0.029137784623419004,0.029137784623419004,1,NA,NA,FALSE,anomaly,insufficient data,negligible
sco_sco,tha_pit,23,0.010499821776314422,0.9917069884196136,DE,1,DE,0.010499821776314422,NA,0.010499821776314422,0.010499821776314422,1,NA,NA,FALSE,anomaly,insufficient data,negligible
sco_sco,tha_pro,92,0.4536777863646597,1.0319495280136788e-4,DE,1,DE,0.4536777863646597,NA,0.4536777863646597,0.4536777863646597,1,NA,NA,FALSE,anomaly,insufficient data,moderate
sco_sco,tom_spp,138,0.16889535833593242,0.16751626362251926,"DE,LT",2,"DE,LT",0.06449254757860433,0.21600178408056742,-0.08824377869315733,0.217228873850366,0.5,0.25713913702908975,DE,TRUE,anomaly,inconsistent,weak
sco_sco,tor_vir,138,0.021217224657640102,0.9408466255778167,"DE,LT",2,"DE,LT",-0.06361947297741868,0.17241881812949572,-0.18553798848095515,0.058299042526117784,0.5,0.20675521313859524,DE,TRUE,anomaly,inconsistent,negligible
sco_sco,uro_sir_spp,69,-0.1292880184994271,0.5504648219784192,DE,1,DE,-0.1292880184994271,NA,-0.1292880184994271,-0.1292880184994271,1,NA,NA,FALSE,anomaly,insufficient data,weak
sco_sco,xyl_lin,115,0.19237268515923875,0.14873729446077322,DE,1,DE,0.19237268515923875,NA,0.19237268515923875,0.19237268515923875,1,NA,NA,FALSE,anomaly,insufficient data,weak
sco_sco,xyl_spp,115,0.13170444478287668,0.38915663939830775,DE,1,DE,0.13170444478287668,NA,0.13170444478287668,0.13170444478287668,1,NA,NA,FALSE,anomaly,insufficient data,weak
sco_sco,zei_gri,23,-0.024871872632628987,0.9794019792061184,DE,1,DE,-0.024871872632628987,NA,-0.024871872632628987,-0.024871872632628987,1,NA,NA,FALSE,anomaly,insufficient data,negligible
tet_gab,tet_spp,161,0.3266389339965026,3.5302953293993246e-4,DE,1,DE,0.3266389339965026,NA,0.3266389339965026,0.3266389339965026,1,NA,NA,FALSE,anomaly,insufficient data,moderate
tet_gab,tha_pit,23,-0.18404147856819722,0.6497800021350626,DE,1,DE,-0.18404147856819722,NA,-0.18404147856819722,-0.18404147856819722,1,NA,NA,FALSE,anomaly,insufficient data,weak
tet_gab,tha_pro,184,0.21292318492112183,0.023321134093900693,DE,1,DE,0.21292318492112183,NA,0.21292318492112183,0.21292318492112183,1,NA,NA,FALSE,anomaly,insufficient data,weak
tet_gab,tom_spp,358,0.07170321934654918,0.4109388431241839,"AT,CZ,DE",3,"AT,CZ,DE",-0.02098445289665768,0.2026328043871651,-0.21921165333573042,0.18578385538700784,0.3333333333333333,0.16233105502974848,DE,TRUE,anomaly,inconsistent,negligible
tet_gab,tor_vir,184,0.1394379973224593,0.19471210467207092,DE,1,DE,0.1394379973224593,NA,0.1394379973224593,0.1394379973224593,1,NA,NA,FALSE,anomaly,insufficient data,weak
tet_gab,uro_sir_spp,92,0.20371872836363283,0.17674476100141273,DE,1,DE,0.20371872836363283,NA,0.20371872836363283,0.20371872836363283,1,NA,NA,FALSE,anomaly,insufficient data,weak
tet_gab,xyl_lin,184,0.1383666669189238,0.19908822253810174,DE,1,DE,0.1383666669189238,NA,0.1383666669189238,0.1383666669189238,1,NA,NA,FALSE,anomaly,insufficient data,weak
tet_gab,xyl_spp,207,0.17872756624794736,0.04946993777113684,DE,1,DE,0.17872756624794736,NA,0.17872756624794736,0.17872756624794736,1,NA,NA,FALSE,anomaly,insufficient data,weak
tet_gab,zei_gri,69,-0.19052989955152616,0.31663683981890023,"CZ,DE",2,"CZ,DE",-0.1868400156376297,0.02505649770635131,-0.20455763507857588,-0.1691223961966835,1,0.02140750335484265,CZ,FALSE,anomaly,consistent,weak
tet_spp,tha_pit,23,-0.1867735940426178,0.6497800021350626,DE,1,DE,-0.1867735940426178,NA,-0.1867735940426178,-0.1867735940426178,1,NA,NA,FALSE,anomaly,insufficient data,weak
tet_spp,tha_pro,161,0.23510667788400366,0.017309847662624594,DE,1,DE,0.23510667788400366,NA,0.23510667788400366,0.23510667788400366,1,NA,NA,FALSE,anomaly,insufficient data,weak
tet_spp,tom_spp,184,0.13087622947129934,0.2331662479512738,DE,1,DE,0.13087622947129934,NA,0.13087622947129934,0.13087622947129934,1,NA,NA,FALSE,anomaly,insufficient data,weak
tet_spp,tor_vir,161,0.03429696466801749,0.8718422141386646,DE,1,DE,0.03429696466801749,NA,0.03429696466801749,0.03429696466801749,1,NA,NA,FALSE,anomaly,insufficient data,negligible
tet_spp,uro_sir_spp,92,0.27687406357615607,0.03987601715619703,DE,1,DE,0.27687406357615607,NA,0.27687406357615607,0.27687406357615607,1,NA,NA,FALSE,anomaly,insufficient data,weak
tet_spp,xyl_lin,161,0.053712320136518124,0.7382725816654503,DE,1,DE,0.053712320136518124,NA,0.053712320136518124,0.053712320136518124,1,NA,NA,FALSE,anomaly,insufficient data,negligible
tet_spp,xyl_spp,184,-0.005778130158244033,0.9861303675354863,DE,1,DE,-0.005778130158244033,NA,-0.005778130158244033,-0.005778130158244033,1,NA,NA,FALSE,anomaly,insufficient data,negligible
tet_spp,zei_gri,23,-0.05460698777143614,0.9408466255778167,DE,1,DE,-0.05460698777143614,NA,-0.05460698777143614,-0.05460698777143614,1,NA,NA,FALSE,anomaly,insufficient data,negligible
tha_pit,tha_pro,23,-0.05847596677337101,0.9361415780133115,DE,1,DE,-0.05847596677337101,NA,-0.05847596677337101,-0.05847596677337101,1,NA,NA,FALSE,anomaly,insufficient data,negligible
tha_pit,tom_spp,23,0.5314571340678687,0.04573425942031184,DE,1,DE,0.5314571340678687,NA,0.5314571340678687,0.5314571340678687,1,NA,NA,FALSE,anomaly,insufficient data,strong
tha_pit,tor_vir,41,-0.4045274785437123,0.04479556208794754,"BG,DE",2,"BG,DE",-0.3647767958246668,0.403893363023991,-0.6503725316951708,-0.07918105995416283,1,0.3253464185895495,DE,FALSE,anomaly,inconsistent,moderate
tha_pit,uro_sir_spp,0,NA,NA,,0,NA,NA,NA,NA,NA,NA,NA,NA,NA,anomaly,insufficient data,NA
tha_pit,xyl_lin,23,-0.9127185595676303,6.176956738221199e-8,DE,1,DE,-0.9127185595676303,NA,-0.9127185595676303,-0.9127185595676303,1,NA,NA,FALSE,anomaly,insufficient data,strong
tha_pit,xyl_spp,23,-0.7834635769199595,1.6856304480570623e-4,DE,1,DE,-0.7834635769199595,NA,-0.7834635769199595,-0.7834635769199595,1,NA,NA,FALSE,anomaly,insufficient data,strong
tha_pit,zei_gri,0,NA,NA,,0,NA,NA,NA,NA,NA,NA,NA,NA,NA,anomaly,insufficient data,NA
tha_pro,tom_spp,230,0.04532325097389827,0.7345034624306706,DE,1,DE,0.04532325097389827,NA,0.04532325097389827,0.04532325097389827,1,NA,NA,FALSE,anomaly,insufficient data,negligible
tha_pro,tor_vir,207,0.12254083854316025,0.23621609450433734,DE,1,DE,0.12254083854316025,NA,0.12254083854316025,0.12254083854316025,1,NA,NA,FALSE,anomaly,insufficient data,weak
tha_pro,uro_sir_spp,69,-0.191827495996131,0.31334560050576354,DE,1,DE,-0.191827495996131,NA,-0.191827495996131,-0.191827495996131,1,NA,NA,FALSE,anomaly,insufficient data,weak
tha_pro,xyl_lin,207,0.25071841199144834,0.002692669441158257,DE,1,DE,0.25071841199144834,NA,0.25071841199144834,0.25071841199144834,1,NA,NA,FALSE,anomaly,insufficient data,weak
tha_pro,xyl_spp,230,0.23067489578325434,0.0038509656562526803,DE,1,DE,0.23067489578325434,NA,0.23067489578325434,0.23067489578325434,1,NA,NA,FALSE,anomaly,insufficient data,weak
tha_pro,zei_gri,0,NA,NA,,0,NA,NA,NA,NA,NA,NA,NA,NA,NA,anomaly,insufficient data,NA
tom_spp,tor_vir,533,0.036027833747087575,0.6528292174399369,"DE,LT,PL",3,"DE,LT,PL",0.025745064935130554,0.02393483846992382,0.0026017014180946007,0.05039975232767973,1,0.013613464023329663,DE,FALSE,anomaly,consistent,negligible
tom_spp,uro_sir_spp,92,0.08648463908642963,0.6600692107780393,DE,1,DE,0.08648463908642963,NA,0.08648463908642963,0.08648463908642963,1,NA,NA,FALSE,anomaly,insufficient data,negligible
tom_spp,xyl_lin,230,0.060113336286536374,0.6266475893058585,DE,1,DE,0.060113336286536374,NA,0.060113336286536374,0.060113336286536374,1,NA,NA,FALSE,anomaly,insufficient data,negligible
tom_spp,xyl_spp,253,0.15068023696111127,0.07399209973655275,DE,1,DE,0.15068023696111127,NA,0.15068023696111127,0.15068023696111127,1,NA,NA,FALSE,anomaly,insufficient data,weak
tom_spp,zei_gri,184,0.05425521200857946,0.7081414297115126,"CZ,DE",2,"CZ,DE",0.013181182997577711,0.08001883993114164,-0.04340068134041344,0.06976304733556886,0.5,0.0976558933489929,CZ,TRUE,anomaly,inconsistent,negligible
tor_vir,uro_sir_spp,69,-0.08488607515996287,0.7276383121787108,DE,1,DE,-0.08488607515996287,NA,-0.08488607515996287,-0.08488607515996287,1,NA,NA,FALSE,anomaly,insufficient data,negligible
tor_vir,xyl_lin,207,0.3152402476180027,7.153056934510885e-5,DE,1,DE,0.3152402476180027,NA,0.3152402476180027,0.3152402476180027,1,NA,NA,FALSE,anomaly,insufficient data,moderate
tor_vir,xyl_spp,230,0.11673582002636808,0.2337544578700417,DE,1,DE,0.11673582002636808,NA,0.11673582002636808,0.11673582002636808,1,NA,NA,FALSE,anomaly,insufficient data,weak
tor_vir,zei_gri,23,0.02107639669685038,0.9821494958694572,DE,1,DE,0.02107639669685038,NA,0.02107639669685038,0.02107639669685038,1,NA,NA,FALSE,anomaly,insufficient data,negligible
uro_sir_spp,xyl_lin,92,0.11953850226785791,0.5192516942347057,DE,1,DE,0.11953850226785791,NA,0.11953850226785791,0.11953850226785791,1,NA,NA,FALSE,anomaly,insufficient data,weak
uro_sir_spp,xyl_spp,92,-0.01411203464368005,0.9734668072557205,DE,1,DE,-0.01411203464368005,NA,-0.01411203464368005,-0.01411203464368005,1,NA,NA,FALSE,anomaly,insufficient data,negligible
uro_sir_spp,zei_gri,23,0.00352768763747443,0.9998689195248821,DE,1,DE,0.00352768763747443,NA,0.00352768763747443,0.00352768763747443,1,NA,NA,FALSE,anomaly,insufficient data,negligible
xyl_lin,xyl_spp,230,0.5659284814263518,2.279582450244212e-18,DE,1,DE,0.5659284814263518,NA,0.5659284814263518,0.5659284814263518,1,NA,NA,FALSE,anomaly,insufficient data,strong
xyl_lin,zei_gri,23,-0.1649289430327809,0.6994115444167665,DE,1,DE,-0.1649289430327809,NA,-0.1649289430327809,-0.1649289430327809,1,NA,NA,FALSE,anomaly,insufficient data,weak
xyl_spp,zei_gri,23,-0.3274957243546209,0.33602976577249694,DE,1,DE,-0.3274957243546209,NA,-0.3274957243546209,-0.3274957243546209,1,NA,NA,FALSE,anomaly,insufficient data,moderate
